backend,kind,name,op,quant,token,op_id,weight_id,ne0,ne1,ne2,ne3,bytes,ms,ok,extra
"CPU_Elastic","LOAD","blk.0.attn_k_norm.weight","","",-1,-1,9,0,0,0,0,8192,0.774000,1,"plan_stage"
"CPU_Elastic","PREPARE","blk.0.attn_k_norm.weight","","",-1,-1,9,0,0,0,0,8192,0.003000,1,"plan_stage"
"CPU_Elastic","LOAD","blk.0.attn_norm.weight","","",-1,-1,3,0,0,0,0,8192,0.232000,1,"plan_stage"
"CPU_Elastic","PREPARE","blk.0.attn_norm.weight","","",-1,-1,3,0,0,0,0,8192,0.002000,1,"plan_stage"
"CPU_Elastic","LOAD","blk.0.attn_q_norm.weight","","",-1,-1,8,0,0,0,0,8192,0.380000,1,"plan_stage"
"CPU_Elastic","PREPARE","blk.0.attn_q_norm.weight","","",-1,-1,8,0,0,0,0,8192,0.002000,1,"plan_stage"
"CPU_Elastic","LOAD","blk.0.ffn_norm.weight","","",-1,-1,10,0,0,0,0,8192,0.277000,1,"plan_stage"
"CPU_Elastic","PREPARE","blk.0.ffn_norm.weight","","",-1,-1,10,0,0,0,0,8192,0.002000,1,"plan_stage"
"CPU_Elastic","LOAD","blk.0.ffn_gate_inp.weight","","",-1,-1,11,0,0,0,0,524288,0.675000,1,"plan_stage"
"CPU_Elastic","PREPARE","blk.0.ffn_gate_inp.weight","","",-1,-1,11,0,0,0,0,524288,0.132000,1,"plan_stage"
"CPU_Elastic","LOAD","blk.1.ffn_gate_inp.weight","","",-1,-1,23,0,0,0,0,524288,0.596000,1,"plan_stage"
"CPU_Elastic","PREPARE","blk.1.ffn_gate_inp.weight","","",-1,-1,23,0,0,0,0,524288,0.124000,1,"plan_stage"
"CPU_Elastic","LOAD","blk.2.ffn_gate_inp.weight","","",-1,-1,35,0,0,0,0,524288,0.637000,1,"plan_stage"
"CPU_Elastic","PREPARE","blk.2.ffn_gate_inp.weight","","",-1,-1,35,0,0,0,0,524288,0.124000,1,"plan_stage"
"CPU_Elastic","LOAD","blk.3.ffn_gate_inp.weight","","",-1,-1,47,0,0,0,0,524288,0.588000,1,"plan_stage"
"CPU_Elastic","PREPARE","blk.3.ffn_gate_inp.weight","","",-1,-1,47,0,0,0,0,524288,0.124000,1,"plan_stage"
"CPU_Elastic","LOAD","blk.0.attn_k.weight","","",-1,-1,5,0,0,0,0,2359296,1.998000,1,"plan_stage"
"CPU_Elastic","PREPARE","blk.0.attn_k.weight","","",-1,-1,5,0,0,0,0,2359296,0.567000,1,"plan_stage"
"CPU_Elastic","LOAD","blk.0.attn_output.weight","","",-1,-1,7,0,0,0,0,2359296,1.387000,1,"plan_stage"
"CPU_Elastic","PREPARE","blk.0.attn_output.weight","","",-1,-1,7,0,0,0,0,2359296,0.622000,1,"plan_stage"
"CPU_Elastic","LOAD","blk.0.attn_q.weight","","",-1,-1,4,0,0,0,0,2359296,1.222000,1,"plan_stage"
"CPU_Elastic","PREPARE","blk.0.attn_q.weight","","",-1,-1,4,0,0,0,0,2359296,0.612000,1,"plan_stage"
"CPU_Elastic","LOAD","blk.1.attn_k.weight","","",-1,-1,17,0,0,0,0,2359296,1.678000,1,"plan_stage"
"CPU_Elastic","PREPARE","blk.1.attn_k.weight","","",-1,-1,17,0,0,0,0,2359296,0.618000,1,"plan_stage"
"CPU_Elastic","LOAD","blk.0.attn_v.weight","","",-1,-1,6,0,0,0,0,3440640,2.617000,1,"plan_stage"
"CPU_Elastic","PREPARE","blk.0.attn_v.weight","","",-1,-1,6,0,0,0,0,3440640,0.902000,1,"plan_stage"
"CPU_Elastic","LOAD","blk.1.attn_v.weight","","",-1,-1,18,0,0,0,0,3440640,2.122000,1,"plan_stage"
"CPU_Elastic","PREPARE","blk.1.attn_v.weight","","",-1,-1,18,0,0,0,0,3440640,0.895000,1,"plan_stage"
"CPU_Elastic","LOAD","blk.4.attn_v.weight","","",-1,-1,54,0,0,0,0,3440640,2.570000,1,"plan_stage"
"CPU_Elastic","PREPARE","blk.4.attn_v.weight","","",-1,-1,54,0,0,0,0,3440640,0.895000,1,"plan_stage"
"CPU_Elastic","LOAD","blk.7.attn_v.weight","","",-1,-1,90,0,0,0,0,3440640,2.598000,1,"plan_stage"
"CPU_Elastic","PREPARE","blk.7.attn_v.weight","","",-1,-1,90,0,0,0,0,3440640,2.041000,1,"plan_stage"
"CPU_Elastic","LOAD","token_embd.weight","","",-1,-1,0,0,0,0,0,57950208,44.564000,1,"plan_stage"
"CPU_Elastic","PREPARE","token_embd.weight","","",-1,-1,0,0,0,0,0,57950208,18.836000,1,"plan_stage"
"CPU_Elastic","LOAD","blk.0.ffn_gate_exps.weight","","",-1,-1,12,0,0,0,0,75497472,41.750000,1,"plan_stage"
"CPU_Elastic","PREPARE","blk.0.ffn_gate_exps.weight","","",-1,-1,12,0,0,0,0,75497472,18.489000,1,"plan_stage"
"CPU_Elastic","LOAD","blk.0.ffn_up_exps.weight","","",-1,-1,14,0,0,0,0,75497472,37.355000,1,"plan_stage"
"CPU_Elastic","PREPARE","blk.0.ffn_up_exps.weight","","",-1,-1,14,0,0,0,0,75497472,19.031000,1,"plan_stage"
"CPU_Elastic","LOAD","blk.1.ffn_gate_exps.weight","","",-1,-1,24,0,0,0,0,75497472,39.460000,1,"plan_stage"
"CPU_Elastic","PREPARE","blk.1.ffn_gate_exps.weight","","",-1,-1,24,0,0,0,0,75497472,18.059000,1,"plan_stage"
"CPU_Elastic","LOAD","blk.1.ffn_up_exps.weight","","",-1,-1,26,0,0,0,0,75497472,38.404000,1,"plan_stage"
"CPU_Elastic","PREPARE","blk.1.ffn_up_exps.weight","","",-1,-1,26,0,0,0,0,75497472,21.539000,1,"plan_stage"
"CPU_Elastic","LOAD","output.weight","","",-1,-1,2,0,0,0,0,84510720,37.154000,1,"plan_stage"
"CPU_Elastic","PREPARE","output.weight","","",-1,-1,2,0,0,0,0,84510720,20.610000,1,"plan_stage"
"CPU_Elastic","LOAD","blk.0.ffn_down_exps.weight","","",-1,-1,13,0,0,0,0,110100480,61.519000,1,"plan_stage"
"CPU_Elastic","PREPARE","blk.0.ffn_down_exps.weight","","",-1,-1,13,0,0,0,0,110100480,31.560000,1,"plan_stage"
"CPU_Elastic","LOAD","blk.1.ffn_down_exps.weight","","",-1,-1,25,0,0,0,0,110100480,54.601000,1,"plan_stage"
"CPU_Elastic","PREPARE","blk.1.ffn_down_exps.weight","","",-1,-1,25,0,0,0,0,110100480,28.138000,1,"plan_stage"
"CPU_Elastic","LOAD","blk.4.ffn_down_exps.weight","","",-1,-1,61,0,0,0,0,110100480,53.641000,1,"plan_stage"
"CPU_Elastic","PREPARE","blk.4.ffn_down_exps.weight","","",-1,-1,61,0,0,0,0,110100480,37.126000,1,"plan_stage"
"CPU_Elastic","LOAD","blk.7.ffn_down_exps.weight","","",-1,-1,97,0,0,0,0,110100480,53.394000,1,"plan_stage"
"CPU_Elastic","PREPARE","blk.7.ffn_down_exps.weight","","",-1,-1,97,0,0,0,0,110100480,28.185000,1,"plan_stage"
"CPU_Elastic","COMPUTE_GRAPH","ggml_cgraph","GRAPH","",-1,1,-1,0,0,0,0,0,0.358073,1,"delegate_cpu_graph"
"CPU_Elastic","COMPUTE_GRAPH","ggml_cgraph","GRAPH","",-1,1,-1,0,0,0,0,0,0.036562,1,"delegate_cpu_graph"
"CPU_Elastic","COMPUTE_GRAPH","ggml_cgraph","GRAPH","",-1,1,-1,0,0,0,0,0,0.035261,1,"delegate_cpu_graph"
"CPU_Elastic","COMPUTE_GRAPH","ggml_cgraph","GRAPH","",-1,1,-1,0,0,0,0,0,0.000521,1,"delegate_cpu_graph"
"CPU_Elastic","COMPUTE_GRAPH","ggml_cgraph","GRAPH","",-1,1,-1,0,0,0,0,0,0.048073,1,"delegate_cpu_graph"
"CPU_Elastic","COMPUTE_GRAPH","ggml_cgraph","GRAPH","",-1,1,-1,0,0,0,0,0,0.080364,1,"delegate_cpu_graph"
"CPU_Elastic","COMPUTE_GRAPH","ggml_cgraph","GRAPH","",-1,1,-1,0,0,0,0,0,0.000468,1,"delegate_cpu_graph"
"CPU_Elastic","COMPUTE_GRAPH","ggml_cgraph","GRAPH","",-1,1,-1,0,0,0,0,0,0.038646,1,"delegate_cpu_graph"
"CPU_Elastic","COMPUTE_GRAPH","ggml_cgraph","GRAPH","",-1,1,-1,0,0,0,0,0,0.010365,1,"delegate_cpu_graph"
"CPU_Elastic","COMPUTE_GRAPH","ggml_cgraph","GRAPH","",-1,1,-1,0,0,0,0,0,0.000469,1,"delegate_cpu_graph"
"CPU_Elastic","COMPUTE_GRAPH","ggml_cgraph","GRAPH","",-1,1,-1,0,0,0,0,0,0.009792,1,"delegate_cpu_graph"
"CPU_Elastic","COMPUTE_GRAPH","ggml_cgraph","GRAPH","",-1,1,-1,0,0,0,0,0,0.000313,1,"delegate_cpu_graph"
"CPU_Elastic","COMPUTE_GRAPH","ggml_cgraph","GRAPH","",-1,1,-1,0,0,0,0,0,0.000261,1,"delegate_cpu_graph"
"CPU_Elastic","COMPUTE_GRAPH","ggml_cgraph","GRAPH","",-1,1,-1,0,0,0,0,0,0.000313,1,"delegate_cpu_graph"
"CPU_Elastic","COMPUTE_GRAPH","ggml_cgraph","GRAPH","",-1,1,-1,0,0,0,0,0,2.908593,1,"delegate_cpu_graph"
"CPU_Elastic","COMPUTE_GRAPH","ggml_cgraph","GRAPH","",-1,1,-1,0,0,0,0,0,0.000573,1,"delegate_cpu_graph"
"CPU_Elastic","COMPUTE_GRAPH","ggml_cgraph","GRAPH","",-1,1,-1,0,0,0,0,0,0.000261,1,"delegate_cpu_graph"
"CPU_Elastic","COMPUTE_GRAPH","ggml_cgraph","GRAPH","",-1,1,-1,0,0,0,0,0,0.000313,1,"delegate_cpu_graph"
"CPU_Elastic","COMPUTE_GRAPH","ggml_cgraph","GRAPH","",-1,1,-1,0,0,0,0,0,0.000261,1,"delegate_cpu_graph"
"CPU_Elastic","COMPUTE_GRAPH","ggml_cgraph","GRAPH","",-1,1,-1,0,0,0,0,0,0.894166,1,"delegate_cpu_graph"
"CPU_Elastic","COMPUTE_GRAPH","ggml_cgraph","GRAPH","",-1,1,-1,0,0,0,0,0,0.238594,1,"delegate_cpu_graph"
"CPU_Elastic","COMPUTE_GRAPH","ggml_cgraph","GRAPH","",-1,1,-1,0,0,0,0,0,0.226770,1,"delegate_cpu_graph"
"CPU_Elastic","COMPUTE_GRAPH","ggml_cgraph","GRAPH","",-1,1,-1,0,0,0,0,0,0.000469,1,"delegate_cpu_graph"
"CPU_Elastic","COMPUTE_GRAPH","ggml_cgraph","GRAPH","",-1,1,-1,0,0,0,0,0,0.010468,1,"delegate_cpu_graph"
"CPU_Elastic","COMPUTE_GRAPH","ggml_cgraph","GRAPH","",-1,1,-1,0,0,0,0,0,2.867865,1,"delegate_cpu_graph"
"CPU_Elastic","COMPUTE_GRAPH","ggml_cgraph","GRAPH","",-1,1,-1,0,0,0,0,0,0.019427,1,"delegate_cpu_graph"
"CPU_Elastic","COMPUTE_GRAPH","ggml_cgraph","GRAPH","",-1,1,-1,0,0,0,0,0,0.023542,1,"delegate_cpu_graph"
"CPU_Elastic","COMPUTE_GRAPH","ggml_cgraph","GRAPH","",-1,1,-1,0,0,0,0,0,0.061146,1,"delegate_cpu_graph"
"CPU_Elastic","COMPUTE_GRAPH","ggml_cgraph","GRAPH","",-1,1,-1,0,0,0,0,0,0.000520,1,"delegate_cpu_graph"
"CPU_Elastic","COMPUTE_GRAPH","ggml_cgraph","GRAPH","",-1,1,-1,0,0,0,0,0,0.109844,1,"delegate_cpu_graph"
"CPU_Elastic","COMPUTE_GRAPH","ggml_cgraph","GRAPH","",-1,1,-1,0,0,0,0,0,0.000469,1,"delegate_cpu_graph"
"CPU_Elastic","COMPUTE_GRAPH","ggml_cgraph","GRAPH","",-1,1,-1,0,0,0,0,0,0.000990,1,"delegate_cpu_graph"
"CPU_Elastic","COMPUTE_GRAPH","ggml_cgraph","GRAPH","",-1,1,-1,0,0,0,0,0,0.000364,1,"delegate_cpu_graph"
"CPU_Elastic","COMPUTE_GRAPH","ggml_cgraph","GRAPH","",-1,1,-1,0,0,0,0,0,9.970208,1,"delegate_cpu_graph"
"CPU_Elastic","COMPUTE_GRAPH","ggml_cgraph","GRAPH","",-1,1,-1,0,0,0,0,0,9.120469,1,"delegate_cpu_graph"
"CPU_Elastic","COMPUTE_GRAPH","ggml_cgraph","GRAPH","",-1,1,-1,0,0,0,0,0,0.123333,1,"delegate_cpu_graph"
"CPU_Elastic","COMPUTE_GRAPH","ggml_cgraph","GRAPH","",-1,1,-1,0,0,0,0,0,6.197500,1,"delegate_cpu_graph"
"CPU_Elastic","COMPUTE_GRAPH","ggml_cgraph","GRAPH","",-1,1,-1,0,0,0,0,0,6.289688,1,"delegate_cpu_graph"
"CPU_Elastic","COMPUTE_GRAPH","ggml_cgraph","GRAPH","",-1,1,-1,0,0,0,0,0,0.000729,1,"delegate_cpu_graph"
"CPU_Elastic","COMPUTE_GRAPH","ggml_cgraph","GRAPH","",-1,1,-1,0,0,0,0,0,0.000313,1,"delegate_cpu_graph"
"CPU_Elastic","COMPUTE_GRAPH","ggml_cgraph","GRAPH","",-1,1,-1,0,0,0,0,0,0.000313,1,"delegate_cpu_graph"
"CPU_Elastic","COMPUTE_GRAPH","ggml_cgraph","GRAPH","",-1,1,-1,0,0,0,0,0,0.000312,1,"delegate_cpu_graph"
"CPU_Elastic","COMPUTE_GRAPH","ggml_cgraph","GRAPH","",-1,1,-1,0,0,0,0,0,0.000260,1,"delegate_cpu_graph"
"CPU_Elastic","COMPUTE_GRAPH","ggml_cgraph","GRAPH","",-1,1,-1,0,0,0,0,0,0.000260,1,"delegate_cpu_graph"
"CPU_Elastic","COMPUTE_GRAPH","ggml_cgraph","GRAPH","",-1,1,-1,0,0,0,0,0,0.000260,1,"delegate_cpu_graph"
"CPU_Elastic","COMPUTE_GRAPH","ggml_cgraph","GRAPH","",-1,1,-1,0,0,0,0,0,0.000260,1,"delegate_cpu_graph"
"CPU_Elastic","COMPUTE_GRAPH","ggml_cgraph","GRAPH","",-1,1,-1,0,0,0,0,0,0.125208,1,"delegate_cpu_graph"
"CPU_Elastic","COMPUTE_GRAPH","ggml_cgraph","GRAPH","",-1,1,-1,0,0,0,0,0,0.011302,1,"delegate_cpu_graph"
"CPU_Elastic","COMPUTE_GRAPH","ggml_cgraph","GRAPH","",-1,1,-1,0,0,0,0,0,0.010937,1,"delegate_cpu_graph"
"CPU_Elastic","COMPUTE_GRAPH","ggml_cgraph","GRAPH","",-1,1,-1,0,0,0,0,0,0.010885,1,"delegate_cpu_graph"
"CPU_Elastic","COMPUTE_GRAPH","ggml_cgraph","GRAPH","",-1,1,-1,0,0,0,0,0,0.079271,1,"delegate_cpu_graph"
"CPU_Elastic","COMPUTE_GRAPH","ggml_cgraph","GRAPH","",-1,1,-1,0,0,0,0,0,0.044011,1,"delegate_cpu_graph"
"CPU_Elastic","COMPUTE_GRAPH","ggml_cgraph","GRAPH","",-1,1,-1,0,0,0,0,0,0.030156,1,"delegate_cpu_graph"
"CPU_Elastic","COMPUTE_GRAPH","ggml_cgraph","GRAPH","",-1,1,-1,0,0,0,0,0,0.056250,1,"delegate_cpu_graph"
"CPU_Elastic","COMPUTE_GRAPH","ggml_cgraph","GRAPH","",-1,1,-1,0,0,0,0,0,0.028073,1,"delegate_cpu_graph"
"CPU_Elastic","COMPUTE_GRAPH","ggml_cgraph","GRAPH","",-1,1,-1,0,0,0,0,0,0.992552,1,"delegate_cpu_graph"
"CPU_Elastic","COMPUTE_GRAPH","ggml_cgraph","GRAPH","",-1,1,-1,0,0,0,0,0,0.011615,1,"delegate_cpu_graph"
"CPU_Elastic","COMPUTE_GRAPH","ggml_cgraph","GRAPH","",-1,1,-1,0,0,0,0,0,0.000469,1,"delegate_cpu_graph"
"CPU_Elastic","COMPUTE_GRAPH","ggml_cgraph","GRAPH","",-1,1,-1,0,0,0,0,0,0.033021,1,"delegate_cpu_graph"
"CPU_Elastic","COMPUTE_GRAPH","ggml_cgraph","GRAPH","",-1,1,-1,0,0,0,0,0,0.011406,1,"delegate_cpu_graph"
"CPU_Elastic","COMPUTE_GRAPH","ggml_cgraph","GRAPH","",-1,1,-1,0,0,0,0,0,0.000469,1,"delegate_cpu_graph"
"CPU_Elastic","COMPUTE_GRAPH","ggml_cgraph","GRAPH","",-1,1,-1,0,0,0,0,0,0.055156,1,"delegate_cpu_graph"
"CPU_Elastic","COMPUTE_GRAPH","ggml_cgraph","GRAPH","",-1,1,-1,0,0,0,0,0,0.010417,1,"delegate_cpu_graph"
"CPU_Elastic","COMPUTE_GRAPH","ggml_cgraph","GRAPH","",-1,1,-1,0,0,0,0,0,0.000312,1,"delegate_cpu_graph"
"CPU_Elastic","COMPUTE_GRAPH","ggml_cgraph","GRAPH","",-1,1,-1,0,0,0,0,0,0.009896,1,"delegate_cpu_graph"
"CPU_Elastic","COMPUTE_GRAPH","ggml_cgraph","GRAPH","",-1,1,-1,0,0,0,0,0,0.000312,1,"delegate_cpu_graph"
"CPU_Elastic","COMPUTE_GRAPH","ggml_cgraph","GRAPH","",-1,1,-1,0,0,0,0,0,0.000365,1,"delegate_cpu_graph"
"CPU_Elastic","COMPUTE_GRAPH","ggml_cgraph","GRAPH","",-1,1,-1,0,0,0,0,0,0.000260,1,"delegate_cpu_graph"
"CPU_Elastic","COMPUTE_GRAPH","ggml_cgraph","GRAPH","",-1,1,-1,0,0,0,0,0,0.589271,1,"delegate_cpu_graph"
"CPU_Elastic","COMPUTE_GRAPH","ggml_cgraph","GRAPH","",-1,1,-1,0,0,0,0,0,0.000416,1,"delegate_cpu_graph"
"CPU_Elastic","COMPUTE_GRAPH","ggml_cgraph","GRAPH","",-1,1,-1,0,0,0,0,0,0.000313,1,"delegate_cpu_graph"
"CPU_Elastic","COMPUTE_GRAPH","ggml_cgraph","GRAPH","",-1,1,-1,0,0,0,0,0,0.000313,1,"delegate_cpu_graph"
"CPU_Elastic","COMPUTE_GRAPH","ggml_cgraph","GRAPH","",-1,1,-1,0,0,0,0,0,0.000261,1,"delegate_cpu_graph"
"CPU_Elastic","COMPUTE_GRAPH","ggml_cgraph","GRAPH","",-1,1,-1,0,0,0,0,0,0.885625,1,"delegate_cpu_graph"
"CPU_Elastic","COMPUTE_GRAPH","ggml_cgraph","GRAPH","",-1,1,-1,0,0,0,0,0,0.427084,1,"delegate_cpu_graph"
"CPU_Elastic","COMPUTE_GRAPH","ggml_cgraph","GRAPH","",-1,1,-1,0,0,0,0,0,0.124479,1,"delegate_cpu_graph"
"CPU_Elastic","COMPUTE_GRAPH","ggml_cgraph","GRAPH","",-1,1,-1,0,0,0,0,0,0.000417,1,"delegate_cpu_graph"
"CPU_Elastic","COMPUTE_GRAPH","ggml_cgraph","GRAPH","",-1,1,-1,0,0,0,0,0,0.162343,1,"delegate_cpu_graph"
"CPU_Elastic","COMPUTE_GRAPH","ggml_cgraph","GRAPH","",-1,1,-1,0,0,0,0,0,1.848490,1,"delegate_cpu_graph"
"CPU_Elastic","COMPUTE_GRAPH","ggml_cgraph","GRAPH","",-1,1,-1,0,0,0,0,0,0.087552,1,"delegate_cpu_graph"
"CPU_Elastic","COMPUTE_GRAPH","ggml_cgraph","GRAPH","",-1,1,-1,0,0,0,0,0,0.028854,1,"delegate_cpu_graph"
"CPU_Elastic","COMPUTE_GRAPH","ggml_cgraph","GRAPH","",-1,1,-1,0,0,0,0,0,0.010312,1,"delegate_cpu_graph"
"CPU_Elastic","COMPUTE_GRAPH","ggml_cgraph","GRAPH","",-1,1,-1,0,0,0,0,0,0.000468,1,"delegate_cpu_graph"
"CPU_Elastic","COMPUTE_GRAPH","ggml_cgraph","GRAPH","",-1,1,-1,0,0,0,0,0,0.055885,1,"delegate_cpu_graph"
"CPU_Elastic","COMPUTE_GRAPH","ggml_cgraph","GRAPH","",-1,1,-1,0,0,0,0,0,0.000417,1,"delegate_cpu_graph"
"CPU_Elastic","COMPUTE_GRAPH","ggml_cgraph","GRAPH","",-1,1,-1,0,0,0,0,0,0.000885,1,"delegate_cpu_graph"
"CPU_Elastic","COMPUTE_GRAPH","ggml_cgraph","GRAPH","",-1,1,-1,0,0,0,0,0,0.000468,1,"delegate_cpu_graph"
"CPU_Elastic","COMPUTE_GRAPH","ggml_cgraph","GRAPH","",-1,1,-1,0,0,0,0,0,7.326979,1,"delegate_cpu_graph"
"CPU_Elastic","COMPUTE_GRAPH","ggml_cgraph","GRAPH","",-1,1,-1,0,0,0,0,0,3.512396,1,"delegate_cpu_graph"
"CPU_Elastic","COMPUTE_GRAPH","ggml_cgraph","GRAPH","",-1,1,-1,0,0,0,0,0,3.582032,1,"delegate_cpu_graph"
"CPU_Elastic","COMPUTE_GRAPH","ggml_cgraph","GRAPH","",-1,1,-1,0,0,0,0,0,4.788073,1,"delegate_cpu_graph"
"CPU_Elastic","COMPUTE_GRAPH","ggml_cgraph","GRAPH","",-1,1,-1,0,0,0,0,0,4.834115,1,"delegate_cpu_graph"
"CPU_Elastic","COMPUTE_GRAPH","ggml_cgraph","GRAPH","",-1,1,-1,0,0,0,0,0,0.000573,1,"delegate_cpu_graph"
"CPU_Elastic","COMPUTE_GRAPH","ggml_cgraph","GRAPH","",-1,1,-1,0,0,0,0,0,0.000261,1,"delegate_cpu_graph"
"CPU_Elastic","COMPUTE_GRAPH","ggml_cgraph","GRAPH","",-1,1,-1,0,0,0,0,0,0.000209,1,"delegate_cpu_graph"
"CPU_Elastic","COMPUTE_GRAPH","ggml_cgraph","GRAPH","",-1,1,-1,0,0,0,0,0,0.000261,1,"delegate_cpu_graph"
"CPU_Elastic","COMPUTE_GRAPH","ggml_cgraph","GRAPH","",-1,1,-1,0,0,0,0,0,0.000313,1,"delegate_cpu_graph"
"CPU_Elastic","COMPUTE_GRAPH","ggml_cgraph","GRAPH","",-1,1,-1,0,0,0,0,0,0.000260,1,"delegate_cpu_graph"
"CPU_Elastic","COMPUTE_GRAPH","ggml_cgraph","GRAPH","",-1,1,-1,0,0,0,0,0,0.000208,1,"delegate_cpu_graph"
"CPU_Elastic","COMPUTE_GRAPH","ggml_cgraph","GRAPH","",-1,1,-1,0,0,0,0,0,0.000260,1,"delegate_cpu_graph"
"CPU_Elastic","COMPUTE_GRAPH","ggml_cgraph","GRAPH","",-1,1,-1,0,0,0,0,0,0.008125,1,"delegate_cpu_graph"
"CPU_Elastic","COMPUTE_GRAPH","ggml_cgraph","GRAPH","",-1,1,-1,0,0,0,0,0,0.014531,1,"delegate_cpu_graph"
"CPU_Elastic","COMPUTE_GRAPH","ggml_cgraph","GRAPH","",-1,1,-1,0,0,0,0,0,0.011614,1,"delegate_cpu_graph"
"CPU_Elastic","COMPUTE_GRAPH","ggml_cgraph","GRAPH","",-1,1,-1,0,0,0,0,0,0.012500,1,"delegate_cpu_graph"
"CPU_Elastic","COMPUTE_GRAPH","ggml_cgraph","GRAPH","",-1,1,-1,0,0,0,0,0,0.011146,1,"delegate_cpu_graph"
"CPU_Elastic","COMPUTE_GRAPH","ggml_cgraph","GRAPH","",-1,1,-1,0,0,0,0,0,0.010365,1,"delegate_cpu_graph"
"CPU_Elastic","COMPUTE_GRAPH","ggml_cgraph","GRAPH","",-1,1,-1,0,0,0,0,0,0.011875,1,"delegate_cpu_graph"
"CPU_Elastic","COMPUTE_GRAPH","ggml_cgraph","GRAPH","",-1,1,-1,0,0,0,0,0,0.009896,1,"delegate_cpu_graph"
"CPU_Elastic","COMPUTE_GRAPH","ggml_cgraph","GRAPH","",-1,1,-1,0,0,0,0,0,0.012917,1,"delegate_cpu_graph"
"CPU_Elastic","COMPUTE_GRAPH","ggml_cgraph","GRAPH","",-1,1,-1,0,0,0,0,0,0.800261,1,"delegate_cpu_graph"
"CPU_Elastic","COMPUTE_GRAPH","ggml_cgraph","GRAPH","",-1,1,-1,0,0,0,0,0,0.012500,1,"delegate_cpu_graph"
"CPU_Elastic","COMPUTE_GRAPH","ggml_cgraph","GRAPH","",-1,1,-1,0,0,0,0,0,0.000469,1,"delegate_cpu_graph"
"CPU_Elastic","COMPUTE_GRAPH","ggml_cgraph","GRAPH","",-1,1,-1,0,0,0,0,0,0.014167,1,"delegate_cpu_graph"
"CPU_Elastic","COMPUTE_GRAPH","ggml_cgraph","GRAPH","",-1,1,-1,0,0,0,0,0,0.799375,1,"delegate_cpu_graph"
"CPU_Elastic","COMPUTE_GRAPH","ggml_cgraph","GRAPH","",-1,1,-1,0,0,0,0,0,0.012187,1,"delegate_cpu_graph"
"CPU_Elastic","COMPUTE_GRAPH","ggml_cgraph","GRAPH","",-1,1,-1,0,0,0,0,0,0.000417,1,"delegate_cpu_graph"
"CPU_Elastic","COMPUTE_GRAPH","ggml_cgraph","GRAPH","",-1,1,-1,0,0,0,0,0,0.013281,1,"delegate_cpu_graph"
"CPU_Elastic","COMPUTE_GRAPH","ggml_cgraph","GRAPH","",-1,1,-1,0,0,0,0,0,0.800937,1,"delegate_cpu_graph"
"CPU_Elastic","COMPUTE_GRAPH","ggml_cgraph","GRAPH","",-1,1,-1,0,0,0,0,0,0.000417,1,"delegate_cpu_graph"
"CPU_Elastic","COMPUTE_GRAPH","ggml_cgraph","GRAPH","",-1,1,-1,0,0,0,0,0,0.000261,1,"delegate_cpu_graph"
"CPU_Elastic","COMPUTE_GRAPH","ggml_cgraph","GRAPH","",-1,1,-1,0,0,0,0,0,0.010260,1,"delegate_cpu_graph"
"CPU_Elastic","COMPUTE_GRAPH","ggml_cgraph","GRAPH","",-1,1,-1,0,0,0,0,0,0.000312,1,"delegate_cpu_graph"
"CPU_Elastic","COMPUTE_GRAPH","ggml_cgraph","GRAPH","",-1,1,-1,0,0,0,0,0,0.009844,1,"delegate_cpu_graph"
"CPU_Elastic","COMPUTE_GRAPH","ggml_cgraph","GRAPH","",-1,1,-1,0,0,0,0,0,0.000312,1,"delegate_cpu_graph"
"CPU_Elastic","COMPUTE_GRAPH","ggml_cgraph","GRAPH","",-1,1,-1,0,0,0,0,0,0.000312,1,"delegate_cpu_graph"
"CPU_Elastic","COMPUTE_GRAPH","ggml_cgraph","GRAPH","",-1,1,-1,0,0,0,0,0,0.000260,1,"delegate_cpu_graph"
"CPU_Elastic","COMPUTE_GRAPH","ggml_cgraph","GRAPH","",-1,1,-1,0,0,0,0,0,0.440365,1,"delegate_cpu_graph"
"CPU_Elastic","COMPUTE_GRAPH","ggml_cgraph","GRAPH","",-1,1,-1,0,0,0,0,0,0.000469,1,"delegate_cpu_graph"
"CPU_Elastic","COMPUTE_GRAPH","ggml_cgraph","GRAPH","",-1,1,-1,0,0,0,0,0,0.000313,1,"delegate_cpu_graph"
"CPU_Elastic","COMPUTE_GRAPH","ggml_cgraph","GRAPH","",-1,1,-1,0,0,0,0,0,0.000469,1,"delegate_cpu_graph"
"CPU_Elastic","COMPUTE_GRAPH","ggml_cgraph","GRAPH","",-1,1,-1,0,0,0,0,0,0.000312,1,"delegate_cpu_graph"
"CPU_Elastic","COMPUTE_GRAPH","ggml_cgraph","GRAPH","",-1,1,-1,0,0,0,0,0,0.237656,1,"delegate_cpu_graph"
"CPU_Elastic","COMPUTE_GRAPH","ggml_cgraph","GRAPH","",-1,1,-1,0,0,0,0,0,0.052344,1,"delegate_cpu_graph"
"CPU_Elastic","COMPUTE_GRAPH","ggml_cgraph","GRAPH","",-1,1,-1,0,0,0,0,0,0.096615,1,"delegate_cpu_graph"
"CPU_Elastic","COMPUTE_GRAPH","ggml_cgraph","GRAPH","",-1,1,-1,0,0,0,0,0,0.000417,1,"delegate_cpu_graph"
"CPU_Elastic","COMPUTE_GRAPH","ggml_cgraph","GRAPH","",-1,1,-1,0,0,0,0,0,0.007656,1,"delegate_cpu_graph"
"CPU_Elastic","COMPUTE_GRAPH","ggml_cgraph","GRAPH","",-1,1,-1,0,0,0,0,0,0.799323,1,"delegate_cpu_graph"
"CPU_Elastic","COMPUTE_GRAPH","ggml_cgraph","GRAPH","",-1,1,-1,0,0,0,0,0,0.012552,1,"delegate_cpu_graph"
"CPU_Elastic","COMPUTE_GRAPH","ggml_cgraph","GRAPH","",-1,1,-1,0,0,0,0,0,0.010990,1,"delegate_cpu_graph"
"CPU_Elastic","COMPUTE_GRAPH","ggml_cgraph","GRAPH","",-1,1,-1,0,0,0,0,0,0.005209,1,"delegate_cpu_graph"
"CPU_Elastic","COMPUTE_GRAPH","ggml_cgraph","GRAPH","",-1,1,-1,0,0,0,0,0,0.000521,1,"delegate_cpu_graph"
"CPU_Elastic","COMPUTE_GRAPH","ggml_cgraph","GRAPH","",-1,1,-1,0,0,0,0,0,0.025469,1,"delegate_cpu_graph"
"CPU_Elastic","COMPUTE_GRAPH","ggml_cgraph","GRAPH","",-1,1,-1,0,0,0,0,0,0.000365,1,"delegate_cpu_graph"
"CPU_Elastic","COMPUTE_GRAPH","ggml_cgraph","GRAPH","",-1,1,-1,0,0,0,0,0,0.000729,1,"delegate_cpu_graph"
"CPU_Elastic","COMPUTE_GRAPH","ggml_cgraph","GRAPH","",-1,1,-1,0,0,0,0,0,0.000313,1,"delegate_cpu_graph"
"CPU_Elastic","COMPUTE_GRAPH","ggml_cgraph","GRAPH","",-1,1,-1,0,0,0,0,0,3.288437,1,"delegate_cpu_graph"
"CPU_Elastic","COMPUTE_GRAPH","ggml_cgraph","GRAPH","",-1,1,-1,0,0,0,0,0,3.257187,1,"delegate_cpu_graph"
"CPU_Elastic","COMPUTE_GRAPH","ggml_cgraph","GRAPH","",-1,1,-1,0,0,0,0,0,0.032500,1,"delegate_cpu_graph"
"CPU_Elastic","COMPUTE_GRAPH","ggml_cgraph","GRAPH","",-1,1,-1,0,0,0,0,0,3.531823,1,"delegate_cpu_graph"
"CPU_Elastic","COMPUTE_GRAPH","ggml_cgraph","GRAPH","",-1,1,-1,0,0,0,0,0,0.090990,1,"delegate_cpu_graph"
"CPU_Elastic","COMPUTE_GRAPH","ggml_cgraph","GRAPH","",-1,1,-1,0,0,0,0,0,0.000573,1,"delegate_cpu_graph"
"CPU_Elastic","COMPUTE_GRAPH","ggml_cgraph","GRAPH","",-1,1,-1,0,0,0,0,0,0.000313,1,"delegate_cpu_graph"
"CPU_Elastic","COMPUTE_GRAPH","ggml_cgraph","GRAPH","",-1,1,-1,0,0,0,0,0,0.000261,1,"delegate_cpu_graph"
"CPU_Elastic","COMPUTE_GRAPH","ggml_cgraph","GRAPH","",-1,1,-1,0,0,0,0,0,0.000469,1,"delegate_cpu_graph"
"CPU_Elastic","COMPUTE_GRAPH","ggml_cgraph","GRAPH","",-1,1,-1,0,0,0,0,0,0.000313,1,"delegate_cpu_graph"
"CPU_Elastic","COMPUTE_GRAPH","ggml_cgraph","GRAPH","",-1,1,-1,0,0,0,0,0,0.000313,1,"delegate_cpu_graph"
"CPU_Elastic","COMPUTE_GRAPH","ggml_cgraph","GRAPH","",-1,1,-1,0,0,0,0,0,0.000313,1,"delegate_cpu_graph"
"CPU_Elastic","COMPUTE_GRAPH","ggml_cgraph","GRAPH","",-1,1,-1,0,0,0,0,0,0.000261,1,"delegate_cpu_graph"
"CPU_Elastic","COMPUTE_GRAPH","ggml_cgraph","GRAPH","",-1,1,-1,0,0,0,0,0,0.007760,1,"delegate_cpu_graph"
"CPU_Elastic","COMPUTE_GRAPH","ggml_cgraph","GRAPH","",-1,1,-1,0,0,0,0,0,0.011615,1,"delegate_cpu_graph"
"CPU_Elastic","COMPUTE_GRAPH","ggml_cgraph","GRAPH","",-1,1,-1,0,0,0,0,0,0.011718,1,"delegate_cpu_graph"
"CPU_Elastic","COMPUTE_GRAPH","ggml_cgraph","GRAPH","",-1,1,-1,0,0,0,0,0,0.011093,1,"delegate_cpu_graph"
"CPU_Elastic","COMPUTE_GRAPH","ggml_cgraph","GRAPH","",-1,1,-1,0,0,0,0,0,0.011250,1,"delegate_cpu_graph"
"CPU_Elastic","COMPUTE_GRAPH","ggml_cgraph","GRAPH","",-1,1,-1,0,0,0,0,0,0.011718,1,"delegate_cpu_graph"
"CPU_Elastic","COMPUTE_GRAPH","ggml_cgraph","GRAPH","",-1,1,-1,0,0,0,0,0,0.010938,1,"delegate_cpu_graph"
"CPU_Elastic","COMPUTE_GRAPH","ggml_cgraph","GRAPH","",-1,1,-1,0,0,0,0,0,0.011250,1,"delegate_cpu_graph"
"CPU_Elastic","COMPUTE_GRAPH","ggml_cgraph","GRAPH","",-1,1,-1,0,0,0,0,0,0.015938,1,"delegate_cpu_graph"
"CPU_Elastic","COMPUTE_GRAPH","ggml_cgraph","GRAPH","",-1,1,-1,0,0,0,0,0,0.813021,1,"delegate_cpu_graph"
"CPU_Elastic","COMPUTE_GRAPH","ggml_cgraph","GRAPH","",-1,1,-1,0,0,0,0,0,0.011719,1,"delegate_cpu_graph"
"CPU_Elastic","COMPUTE_GRAPH","ggml_cgraph","GRAPH","",-1,1,-1,0,0,0,0,0,0.000469,1,"delegate_cpu_graph"
"CPU_Elastic","COMPUTE_GRAPH","ggml_cgraph","GRAPH","",-1,1,-1,0,0,0,0,0,0.014167,1,"delegate_cpu_graph"
"CPU_Elastic","COMPUTE_GRAPH","ggml_cgraph","GRAPH","",-1,1,-1,0,0,0,0,0,0.799062,1,"delegate_cpu_graph"
"CPU_Elastic","COMPUTE_GRAPH","ggml_cgraph","GRAPH","",-1,1,-1,0,0,0,0,0,0.011615,1,"delegate_cpu_graph"
"CPU_Elastic","COMPUTE_GRAPH","ggml_cgraph","GRAPH","",-1,1,-1,0,0,0,0,0,0.000469,1,"delegate_cpu_graph"
"CPU_Elastic","COMPUTE_GRAPH","ggml_cgraph","GRAPH","",-1,1,-1,0,0,0,0,0,0.012136,1,"delegate_cpu_graph"
"CPU_Elastic","COMPUTE_GRAPH","ggml_cgraph","GRAPH","",-1,1,-1,0,0,0,0,0,0.800521,1,"delegate_cpu_graph"
"CPU_Elastic","COMPUTE_GRAPH","ggml_cgraph","GRAPH","",-1,1,-1,0,0,0,0,0,0.000417,1,"delegate_cpu_graph"
"CPU_Elastic","COMPUTE_GRAPH","ggml_cgraph","GRAPH","",-1,1,-1,0,0,0,0,0,0.000261,1,"delegate_cpu_graph"
"CPU_Elastic","COMPUTE_GRAPH","ggml_cgraph","GRAPH","",-1,1,-1,0,0,0,0,0,0.010104,1,"delegate_cpu_graph"
"CPU_Elastic","COMPUTE_GRAPH","ggml_cgraph","GRAPH","",-1,1,-1,0,0,0,0,0,0.000312,1,"delegate_cpu_graph"
"CPU_Elastic","COMPUTE_GRAPH","ggml_cgraph","GRAPH","",-1,1,-1,0,0,0,0,0,0.010104,1,"delegate_cpu_graph"
"CPU_Elastic","COMPUTE_GRAPH","ggml_cgraph","GRAPH","",-1,1,-1,0,0,0,0,0,0.000313,1,"delegate_cpu_graph"
"CPU_Elastic","COMPUTE_GRAPH","ggml_cgraph","GRAPH","",-1,1,-1,0,0,0,0,0,0.000312,1,"delegate_cpu_graph"
"CPU_Elastic","COMPUTE_GRAPH","ggml_cgraph","GRAPH","",-1,1,-1,0,0,0,0,0,0.000312,1,"delegate_cpu_graph"
"CPU_Elastic","COMPUTE_GRAPH","ggml_cgraph","GRAPH","",-1,1,-1,0,0,0,0,0,0.434791,1,"delegate_cpu_graph"
"CPU_Elastic","COMPUTE_GRAPH","ggml_cgraph","GRAPH","",-1,1,-1,0,0,0,0,0,0.000468,1,"delegate_cpu_graph"
"CPU_Elastic","COMPUTE_GRAPH","ggml_cgraph","GRAPH","",-1,1,-1,0,0,0,0,0,0.000260,1,"delegate_cpu_graph"
"CPU_Elastic","COMPUTE_GRAPH","ggml_cgraph","GRAPH","",-1,1,-1,0,0,0,0,0,0.000260,1,"delegate_cpu_graph"
"CPU_Elastic","COMPUTE_GRAPH","ggml_cgraph","GRAPH","",-1,1,-1,0,0,0,0,0,0.000312,1,"delegate_cpu_graph"
"CPU_Elastic","COMPUTE_GRAPH","ggml_cgraph","GRAPH","",-1,1,-1,0,0,0,0,0,0.225052,1,"delegate_cpu_graph"
"CPU_Elastic","COMPUTE_GRAPH","ggml_cgraph","GRAPH","",-1,1,-1,0,0,0,0,0,0.051614,1,"delegate_cpu_graph"
"CPU_Elastic","COMPUTE_GRAPH","ggml_cgraph","GRAPH","",-1,1,-1,0,0,0,0,0,0.098698,1,"delegate_cpu_graph"
"CPU_Elastic","COMPUTE_GRAPH","ggml_cgraph","GRAPH","",-1,1,-1,0,0,0,0,0,0.000469,1,"delegate_cpu_graph"
"CPU_Elastic","COMPUTE_GRAPH","ggml_cgraph","GRAPH","",-1,1,-1,0,0,0,0,0,0.007239,1,"delegate_cpu_graph"
"CPU_Elastic","COMPUTE_GRAPH","ggml_cgraph","GRAPH","",-1,1,-1,0,0,0,0,0,0.799115,1,"delegate_cpu_graph"
"CPU_Elastic","COMPUTE_GRAPH","ggml_cgraph","GRAPH","",-1,1,-1,0,0,0,0,0,0.011198,1,"delegate_cpu_graph"
"CPU_Elastic","COMPUTE_GRAPH","ggml_cgraph","GRAPH","",-1,1,-1,0,0,0,0,0,0.013229,1,"delegate_cpu_graph"
"CPU_Elastic","COMPUTE_GRAPH","ggml_cgraph","GRAPH","",-1,1,-1,0,0,0,0,0,0.004896,1,"delegate_cpu_graph"
"CPU_Elastic","COMPUTE_GRAPH","ggml_cgraph","GRAPH","",-1,1,-1,0,0,0,0,0,0.000417,1,"delegate_cpu_graph"
"CPU_Elastic","COMPUTE_GRAPH","ggml_cgraph","GRAPH","",-1,1,-1,0,0,0,0,0,0.025573,1,"delegate_cpu_graph"
"CPU_Elastic","COMPUTE_GRAPH","ggml_cgraph","GRAPH","",-1,1,-1,0,0,0,0,0,0.000469,1,"delegate_cpu_graph"
"CPU_Elastic","COMPUTE_GRAPH","ggml_cgraph","GRAPH","",-1,1,-1,0,0,0,0,0,0.000782,1,"delegate_cpu_graph"
"CPU_Elastic","COMPUTE_GRAPH","ggml_cgraph","GRAPH","",-1,1,-1,0,0,0,0,0,0.000261,1,"delegate_cpu_graph"
"CPU_Elastic","COMPUTE_GRAPH","ggml_cgraph","GRAPH","",-1,1,-1,0,0,0,0,0,3.232865,1,"delegate_cpu_graph"
"CPU_Elastic","COMPUTE_GRAPH","ggml_cgraph","GRAPH","",-1,1,-1,0,0,0,0,0,3.248125,1,"delegate_cpu_graph"
"CPU_Elastic","COMPUTE_GRAPH","ggml_cgraph","GRAPH","",-1,1,-1,0,0,0,0,0,0.031875,1,"delegate_cpu_graph"
"CPU_Elastic","COMPUTE_GRAPH","ggml_cgraph","GRAPH","",-1,1,-1,0,0,0,0,0,3.476406,1,"delegate_cpu_graph"
"CPU_Elastic","COMPUTE_GRAPH","ggml_cgraph","GRAPH","",-1,1,-1,0,0,0,0,0,0.089218,1,"delegate_cpu_graph"
"CPU_Elastic","COMPUTE_GRAPH","ggml_cgraph","GRAPH","",-1,1,-1,0,0,0,0,0,0.000468,1,"delegate_cpu_graph"
"CPU_Elastic","COMPUTE_GRAPH","ggml_cgraph","GRAPH","",-1,1,-1,0,0,0,0,0,0.000208,1,"delegate_cpu_graph"
"CPU_Elastic","COMPUTE_GRAPH","ggml_cgraph","GRAPH","",-1,1,-1,0,0,0,0,0,0.000260,1,"delegate_cpu_graph"
"CPU_Elastic","COMPUTE_GRAPH","ggml_cgraph","GRAPH","",-1,1,-1,0,0,0,0,0,0.000260,1,"delegate_cpu_graph"
"CPU_Elastic","COMPUTE_GRAPH","ggml_cgraph","GRAPH","",-1,1,-1,0,0,0,0,0,0.000260,1,"delegate_cpu_graph"
"CPU_Elastic","COMPUTE_GRAPH","ggml_cgraph","GRAPH","",-1,1,-1,0,0,0,0,0,0.000261,1,"delegate_cpu_graph"
"CPU_Elastic","COMPUTE_GRAPH","ggml_cgraph","GRAPH","",-1,1,-1,0,0,0,0,0,0.000261,1,"delegate_cpu_graph"
"CPU_Elastic","COMPUTE_GRAPH","ggml_cgraph","GRAPH","",-1,1,-1,0,0,0,0,0,0.000260,1,"delegate_cpu_graph"
"CPU_Elastic","COMPUTE_GRAPH","ggml_cgraph","GRAPH","",-1,1,-1,0,0,0,0,0,0.006667,1,"delegate_cpu_graph"
"CPU_Elastic","COMPUTE_GRAPH","ggml_cgraph","GRAPH","",-1,1,-1,0,0,0,0,0,0.012031,1,"delegate_cpu_graph"
"CPU_Elastic","COMPUTE_GRAPH","ggml_cgraph","GRAPH","",-1,1,-1,0,0,0,0,0,0.011146,1,"delegate_cpu_graph"
"CPU_Elastic","COMPUTE_GRAPH","ggml_cgraph","GRAPH","",-1,1,-1,0,0,0,0,0,0.011458,1,"delegate_cpu_graph"
"CPU_Elastic","COMPUTE_GRAPH","ggml_cgraph","GRAPH","",-1,1,-1,0,0,0,0,0,0.011927,1,"delegate_cpu_graph"
"CPU_Elastic","COMPUTE_GRAPH","ggml_cgraph","GRAPH","",-1,1,-1,0,0,0,0,0,0.012239,1,"delegate_cpu_graph"
"CPU_Elastic","COMPUTE_GRAPH","ggml_cgraph","GRAPH","",-1,1,-1,0,0,0,0,0,0.011615,1,"delegate_cpu_graph"
"CPU_Elastic","COMPUTE_GRAPH","ggml_cgraph","GRAPH","",-1,1,-1,0,0,0,0,0,0.011406,1,"delegate_cpu_graph"
"CPU_Elastic","COMPUTE_GRAPH","ggml_cgraph","GRAPH","",-1,1,-1,0,0,0,0,0,0.011250,1,"delegate_cpu_graph"
"CPU_Elastic","COMPUTE_GRAPH","ggml_cgraph","GRAPH","",-1,1,-1,0,0,0,0,0,0.799427,1,"delegate_cpu_graph"
"CPU_Elastic","COMPUTE_GRAPH","ggml_cgraph","GRAPH","",-1,1,-1,0,0,0,0,0,0.012031,1,"delegate_cpu_graph"
"CPU_Elastic","COMPUTE_GRAPH","ggml_cgraph","GRAPH","",-1,1,-1,0,0,0,0,0,0.000417,1,"delegate_cpu_graph"
"CPU_Elastic","COMPUTE_GRAPH","ggml_cgraph","GRAPH","",-1,1,-1,0,0,0,0,0,0.022135,1,"delegate_cpu_graph"
"CPU_Elastic","COMPUTE_GRAPH","ggml_cgraph","GRAPH","",-1,1,-1,0,0,0,0,0,0.813177,1,"delegate_cpu_graph"
"CPU_Elastic","COMPUTE_GRAPH","ggml_cgraph","GRAPH","",-1,1,-1,0,0,0,0,0,0.010938,1,"delegate_cpu_graph"
"CPU_Elastic","COMPUTE_GRAPH","ggml_cgraph","GRAPH","",-1,1,-1,0,0,0,0,0,0.000417,1,"delegate_cpu_graph"
"CPU_Elastic","COMPUTE_GRAPH","ggml_cgraph","GRAPH","",-1,1,-1,0,0,0,0,0,0.013334,1,"delegate_cpu_graph"
"CPU_Elastic","COMPUTE_GRAPH","ggml_cgraph","GRAPH","",-1,1,-1,0,0,0,0,0,0.010209,1,"delegate_cpu_graph"
"CPU_Elastic","COMPUTE_GRAPH","ggml_cgraph","GRAPH","",-1,1,-1,0,0,0,0,0,0.000365,1,"delegate_cpu_graph"
"CPU_Elastic","COMPUTE_GRAPH","ggml_cgraph","GRAPH","",-1,1,-1,0,0,0,0,0,0.009895,1,"delegate_cpu_graph"
"CPU_Elastic","COMPUTE_GRAPH","ggml_cgraph","GRAPH","",-1,1,-1,0,0,0,0,0,0.000312,1,"delegate_cpu_graph"
"CPU_Elastic","COMPUTE_GRAPH","ggml_cgraph","GRAPH","",-1,1,-1,0,0,0,0,0,0.000260,1,"delegate_cpu_graph"
"CPU_Elastic","COMPUTE_GRAPH","ggml_cgraph","GRAPH","",-1,1,-1,0,0,0,0,0,0.000260,1,"delegate_cpu_graph"
"CPU_Elastic","COMPUTE_GRAPH","ggml_cgraph","GRAPH","",-1,1,-1,0,0,0,0,0,0.447969,1,"delegate_cpu_graph"
"CPU_Elastic","COMPUTE_GRAPH","ggml_cgraph","GRAPH","",-1,1,-1,0,0,0,0,0,0.000417,1,"delegate_cpu_graph"
"CPU_Elastic","COMPUTE_GRAPH","ggml_cgraph","GRAPH","",-1,1,-1,0,0,0,0,0,0.000313,1,"delegate_cpu_graph"
"CPU_Elastic","COMPUTE_GRAPH","ggml_cgraph","GRAPH","",-1,1,-1,0,0,0,0,0,0.000261,1,"delegate_cpu_graph"
"CPU_Elastic","COMPUTE_GRAPH","ggml_cgraph","GRAPH","",-1,1,-1,0,0,0,0,0,0.000261,1,"delegate_cpu_graph"
"CPU_Elastic","COMPUTE_GRAPH","ggml_cgraph","GRAPH","",-1,1,-1,0,0,0,0,0,0.228282,1,"delegate_cpu_graph"
"CPU_Elastic","COMPUTE_GRAPH","ggml_cgraph","GRAPH","",-1,1,-1,0,0,0,0,0,0.052760,1,"delegate_cpu_graph"
"CPU_Elastic","COMPUTE_GRAPH","ggml_cgraph","GRAPH","",-1,1,-1,0,0,0,0,0,0.100573,1,"delegate_cpu_graph"
"CPU_Elastic","COMPUTE_GRAPH","ggml_cgraph","GRAPH","",-1,1,-1,0,0,0,0,0,0.000416,1,"delegate_cpu_graph"
"CPU_Elastic","COMPUTE_GRAPH","ggml_cgraph","GRAPH","",-1,1,-1,0,0,0,0,0,0.007292,1,"delegate_cpu_graph"
"CPU_Elastic","COMPUTE_GRAPH","ggml_cgraph","GRAPH","",-1,1,-1,0,0,0,0,0,0.799687,1,"delegate_cpu_graph"
"CPU_Elastic","COMPUTE_GRAPH","ggml_cgraph","GRAPH","",-1,1,-1,0,0,0,0,0,0.009218,1,"delegate_cpu_graph"
"CPU_Elastic","COMPUTE_GRAPH","ggml_cgraph","GRAPH","",-1,1,-1,0,0,0,0,0,0.012917,1,"delegate_cpu_graph"
"CPU_Elastic","COMPUTE_GRAPH","ggml_cgraph","GRAPH","",-1,1,-1,0,0,0,0,0,0.026979,1,"delegate_cpu_graph"
"CPU_Elastic","COMPUTE_GRAPH","ggml_cgraph","GRAPH","",-1,1,-1,0,0,0,0,0,0.005313,1,"delegate_cpu_graph"
"CPU_Elastic","COMPUTE_GRAPH","ggml_cgraph","GRAPH","",-1,1,-1,0,0,0,0,0,0.000468,1,"delegate_cpu_graph"
"CPU_Elastic","COMPUTE_GRAPH","ggml_cgraph","GRAPH","",-1,1,-1,0,0,0,0,0,0.025469,1,"delegate_cpu_graph"
"CPU_Elastic","COMPUTE_GRAPH","ggml_cgraph","GRAPH","",-1,1,-1,0,0,0,0,0,0.000416,1,"delegate_cpu_graph"
"CPU_Elastic","COMPUTE_GRAPH","ggml_cgraph","GRAPH","",-1,1,-1,0,0,0,0,0,0.000781,1,"delegate_cpu_graph"
"CPU_Elastic","COMPUTE_GRAPH","ggml_cgraph","GRAPH","",-1,1,-1,0,0,0,0,0,0.000312,1,"delegate_cpu_graph"
"CPU_Elastic","COMPUTE_GRAPH","ggml_cgraph","GRAPH","",-1,1,-1,0,0,0,0,0,3.283020,1,"delegate_cpu_graph"
"CPU_Elastic","COMPUTE_GRAPH","ggml_cgraph","GRAPH","",-1,1,-1,0,0,0,0,0,3.275261,1,"delegate_cpu_graph"
"CPU_Elastic","COMPUTE_GRAPH","ggml_cgraph","GRAPH","",-1,1,-1,0,0,0,0,0,0.030625,1,"delegate_cpu_graph"
"CPU_Elastic","COMPUTE_GRAPH","ggml_cgraph","GRAPH","",-1,1,-1,0,0,0,0,0,4.680208,1,"delegate_cpu_graph"
"CPU_Elastic","COMPUTE_GRAPH","ggml_cgraph","GRAPH","",-1,1,-1,0,0,0,0,0,0.091354,1,"delegate_cpu_graph"
"CPU_Elastic","COMPUTE_GRAPH","ggml_cgraph","GRAPH","",-1,1,-1,0,0,0,0,0,0.000625,1,"delegate_cpu_graph"
"CPU_Elastic","COMPUTE_GRAPH","ggml_cgraph","GRAPH","",-1,1,-1,0,0,0,0,0,0.000260,1,"delegate_cpu_graph"
"CPU_Elastic","COMPUTE_GRAPH","ggml_cgraph","GRAPH","",-1,1,-1,0,0,0,0,0,0.000312,1,"delegate_cpu_graph"
"CPU_Elastic","COMPUTE_GRAPH","ggml_cgraph","GRAPH","",-1,1,-1,0,0,0,0,0,0.000260,1,"delegate_cpu_graph"
"CPU_Elastic","COMPUTE_GRAPH","ggml_cgraph","GRAPH","",-1,1,-1,0,0,0,0,0,0.000312,1,"delegate_cpu_graph"
"CPU_Elastic","COMPUTE_GRAPH","ggml_cgraph","GRAPH","",-1,1,-1,0,0,0,0,0,0.000260,1,"delegate_cpu_graph"
"CPU_Elastic","COMPUTE_GRAPH","ggml_cgraph","GRAPH","",-1,1,-1,0,0,0,0,0,0.000364,1,"delegate_cpu_graph"
"CPU_Elastic","COMPUTE_GRAPH","ggml_cgraph","GRAPH","",-1,1,-1,0,0,0,0,0,0.000261,1,"delegate_cpu_graph"
"CPU_Elastic","COMPUTE_GRAPH","ggml_cgraph","GRAPH","",-1,1,-1,0,0,0,0,0,0.007812,1,"delegate_cpu_graph"
"CPU_Elastic","COMPUTE_GRAPH","ggml_cgraph","GRAPH","",-1,1,-1,0,0,0,0,0,0.011511,1,"delegate_cpu_graph"
"CPU_Elastic","COMPUTE_GRAPH","ggml_cgraph","GRAPH","",-1,1,-1,0,0,0,0,0,0.011771,1,"delegate_cpu_graph"
"CPU_Elastic","COMPUTE_GRAPH","ggml_cgraph","GRAPH","",-1,1,-1,0,0,0,0,0,0.011250,1,"delegate_cpu_graph"
"CPU_Elastic","COMPUTE_GRAPH","ggml_cgraph","GRAPH","",-1,1,-1,0,0,0,0,0,0.011198,1,"delegate_cpu_graph"
"CPU_Elastic","COMPUTE_GRAPH","ggml_cgraph","GRAPH","",-1,1,-1,0,0,0,0,0,0.011719,1,"delegate_cpu_graph"
"CPU_Elastic","COMPUTE_GRAPH","ggml_cgraph","GRAPH","",-1,1,-1,0,0,0,0,0,0.011354,1,"delegate_cpu_graph"
"CPU_Elastic","COMPUTE_GRAPH","ggml_cgraph","GRAPH","",-1,1,-1,0,0,0,0,0,0.009740,1,"delegate_cpu_graph"
"CPU_Elastic","COMPUTE_GRAPH","ggml_cgraph","GRAPH","",-1,1,-1,0,0,0,0,0,0.011771,1,"delegate_cpu_graph"
"CPU_Elastic","COMPUTE_GRAPH","ggml_cgraph","GRAPH","",-1,1,-1,0,0,0,0,0,0.800000,1,"delegate_cpu_graph"
"CPU_Elastic","COMPUTE_GRAPH","ggml_cgraph","GRAPH","",-1,1,-1,0,0,0,0,0,0.012135,1,"delegate_cpu_graph"
"CPU_Elastic","COMPUTE_GRAPH","ggml_cgraph","GRAPH","",-1,1,-1,0,0,0,0,0,0.000469,1,"delegate_cpu_graph"
"CPU_Elastic","COMPUTE_GRAPH","ggml_cgraph","GRAPH","",-1,1,-1,0,0,0,0,0,0.014010,1,"delegate_cpu_graph"
"CPU_Elastic","COMPUTE_GRAPH","ggml_cgraph","GRAPH","",-1,1,-1,0,0,0,0,0,1.076979,1,"delegate_cpu_graph"
"CPU_Elastic","COMPUTE_GRAPH","ggml_cgraph","GRAPH","",-1,1,-1,0,0,0,0,0,0.011511,1,"delegate_cpu_graph"
"CPU_Elastic","COMPUTE_GRAPH","ggml_cgraph","GRAPH","",-1,1,-1,0,0,0,0,0,0.000469,1,"delegate_cpu_graph"
"CPU_Elastic","COMPUTE_GRAPH","ggml_cgraph","GRAPH","",-1,1,-1,0,0,0,0,0,0.013333,1,"delegate_cpu_graph"
"CPU_Elastic","COMPUTE_GRAPH","ggml_cgraph","GRAPH","",-1,1,-1,0,0,0,0,0,0.845625,1,"delegate_cpu_graph"
"CPU_Elastic","COMPUTE_GRAPH","ggml_cgraph","GRAPH","",-1,1,-1,0,0,0,0,0,0.000417,1,"delegate_cpu_graph"
"CPU_Elastic","COMPUTE_GRAPH","ggml_cgraph","GRAPH","",-1,1,-1,0,0,0,0,0,0.000312,1,"delegate_cpu_graph"
"CPU_Elastic","COMPUTE_GRAPH","ggml_cgraph","GRAPH","",-1,1,-1,0,0,0,0,0,0.010156,1,"delegate_cpu_graph"
"CPU_Elastic","COMPUTE_GRAPH","ggml_cgraph","GRAPH","",-1,1,-1,0,0,0,0,0,0.000312,1,"delegate_cpu_graph"
"CPU_Elastic","COMPUTE_GRAPH","ggml_cgraph","GRAPH","",-1,1,-1,0,0,0,0,0,0.010052,1,"delegate_cpu_graph"
"CPU_Elastic","COMPUTE_GRAPH","ggml_cgraph","GRAPH","",-1,1,-1,0,0,0,0,0,0.000313,1,"delegate_cpu_graph"
"CPU_Elastic","COMPUTE_GRAPH","ggml_cgraph","GRAPH","",-1,1,-1,0,0,0,0,0,0.000313,1,"delegate_cpu_graph"
"CPU_Elastic","COMPUTE_GRAPH","ggml_cgraph","GRAPH","",-1,1,-1,0,0,0,0,0,0.000261,1,"delegate_cpu_graph"
"CPU_Elastic","COMPUTE_GRAPH","ggml_cgraph","GRAPH","",-1,1,-1,0,0,0,0,0,0.479740,1,"delegate_cpu_graph"
"CPU_Elastic","COMPUTE_GRAPH","ggml_cgraph","GRAPH","",-1,1,-1,0,0,0,0,0,0.000468,1,"delegate_cpu_graph"
"CPU_Elastic","COMPUTE_GRAPH","ggml_cgraph","GRAPH","",-1,1,-1,0,0,0,0,0,0.000312,1,"delegate_cpu_graph"
"CPU_Elastic","COMPUTE_GRAPH","ggml_cgraph","GRAPH","",-1,1,-1,0,0,0,0,0,0.000260,1,"delegate_cpu_graph"
"CPU_Elastic","COMPUTE_GRAPH","ggml_cgraph","GRAPH","",-1,1,-1,0,0,0,0,0,0.000312,1,"delegate_cpu_graph"
"CPU_Elastic","COMPUTE_GRAPH","ggml_cgraph","GRAPH","",-1,1,-1,0,0,0,0,0,0.226302,1,"delegate_cpu_graph"
"CPU_Elastic","COMPUTE_GRAPH","ggml_cgraph","GRAPH","",-1,1,-1,0,0,0,0,0,0.049375,1,"delegate_cpu_graph"
"CPU_Elastic","COMPUTE_GRAPH","ggml_cgraph","GRAPH","",-1,1,-1,0,0,0,0,0,0.095625,1,"delegate_cpu_graph"
"CPU_Elastic","COMPUTE_GRAPH","ggml_cgraph","GRAPH","",-1,1,-1,0,0,0,0,0,0.000468,1,"delegate_cpu_graph"
"CPU_Elastic","COMPUTE_GRAPH","ggml_cgraph","GRAPH","",-1,1,-1,0,0,0,0,0,0.007604,1,"delegate_cpu_graph"
"CPU_Elastic","COMPUTE_GRAPH","ggml_cgraph","GRAPH","",-1,1,-1,0,0,0,0,0,0.799011,1,"delegate_cpu_graph"
"CPU_Elastic","COMPUTE_GRAPH","ggml_cgraph","GRAPH","",-1,1,-1,0,0,0,0,0,0.010885,1,"delegate_cpu_graph"
"CPU_Elastic","COMPUTE_GRAPH","ggml_cgraph","GRAPH","",-1,1,-1,0,0,0,0,0,0.011614,1,"delegate_cpu_graph"
"CPU_Elastic","COMPUTE_GRAPH","ggml_cgraph","GRAPH","",-1,1,-1,0,0,0,0,0,0.026927,1,"delegate_cpu_graph"
"CPU_Elastic","COMPUTE_GRAPH","ggml_cgraph","GRAPH","",-1,1,-1,0,0,0,0,0,0.005781,1,"delegate_cpu_graph"
"CPU_Elastic","COMPUTE_GRAPH","ggml_cgraph","GRAPH","",-1,1,-1,0,0,0,0,0,0.000416,1,"delegate_cpu_graph"
"CPU_Elastic","COMPUTE_GRAPH","ggml_cgraph","GRAPH","",-1,1,-1,0,0,0,0,0,0.026198,1,"delegate_cpu_graph"
"CPU_Elastic","COMPUTE_GRAPH","ggml_cgraph","GRAPH","",-1,1,-1,0,0,0,0,0,0.000416,1,"delegate_cpu_graph"
"CPU_Elastic","COMPUTE_GRAPH","ggml_cgraph","GRAPH","",-1,1,-1,0,0,0,0,0,0.000782,1,"delegate_cpu_graph"
"CPU_Elastic","COMPUTE_GRAPH","ggml_cgraph","GRAPH","",-1,1,-1,0,0,0,0,0,0.000313,1,"delegate_cpu_graph"
"CPU_Elastic","COMPUTE_GRAPH","ggml_cgraph","GRAPH","",-1,1,-1,0,0,0,0,0,3.250729,1,"delegate_cpu_graph"
"CPU_Elastic","COMPUTE_GRAPH","ggml_cgraph","GRAPH","",-1,1,-1,0,0,0,0,0,3.241302,1,"delegate_cpu_graph"
"CPU_Elastic","COMPUTE_GRAPH","ggml_cgraph","GRAPH","",-1,1,-1,0,0,0,0,0,0.031667,1,"delegate_cpu_graph"
"CPU_Elastic","COMPUTE_GRAPH","ggml_cgraph","GRAPH","",-1,1,-1,0,0,0,0,0,3.460625,1,"delegate_cpu_graph"
"CPU_Elastic","COMPUTE_GRAPH","ggml_cgraph","GRAPH","",-1,1,-1,0,0,0,0,0,0.089219,1,"delegate_cpu_graph"
"CPU_Elastic","COMPUTE_GRAPH","ggml_cgraph","GRAPH","",-1,1,-1,0,0,0,0,0,0.000521,1,"delegate_cpu_graph"
"CPU_Elastic","COMPUTE_GRAPH","ggml_cgraph","GRAPH","",-1,1,-1,0,0,0,0,0,0.000260,1,"delegate_cpu_graph"
"CPU_Elastic","COMPUTE_GRAPH","ggml_cgraph","GRAPH","",-1,1,-1,0,0,0,0,0,0.000312,1,"delegate_cpu_graph"
"CPU_Elastic","COMPUTE_GRAPH","ggml_cgraph","GRAPH","",-1,1,-1,0,0,0,0,0,0.000260,1,"delegate_cpu_graph"
"CPU_Elastic","COMPUTE_GRAPH","ggml_cgraph","GRAPH","",-1,1,-1,0,0,0,0,0,0.000312,1,"delegate_cpu_graph"
"CPU_Elastic","COMPUTE_GRAPH","ggml_cgraph","GRAPH","",-1,1,-1,0,0,0,0,0,0.000417,1,"delegate_cpu_graph"
"CPU_Elastic","COMPUTE_GRAPH","ggml_cgraph","GRAPH","",-1,1,-1,0,0,0,0,0,0.000313,1,"delegate_cpu_graph"
"CPU_Elastic","COMPUTE_GRAPH","ggml_cgraph","GRAPH","",-1,1,-1,0,0,0,0,0,0.000260,1,"delegate_cpu_graph"
"CPU_Elastic","COMPUTE_GRAPH","ggml_cgraph","GRAPH","",-1,1,-1,0,0,0,0,0,0.007813,1,"delegate_cpu_graph"
"CPU_Elastic","COMPUTE_GRAPH","ggml_cgraph","GRAPH","",-1,1,-1,0,0,0,0,0,0.012291,1,"delegate_cpu_graph"
"CPU_Elastic","COMPUTE_GRAPH","ggml_cgraph","GRAPH","",-1,1,-1,0,0,0,0,0,0.011250,1,"delegate_cpu_graph"
"CPU_Elastic","COMPUTE_GRAPH","ggml_cgraph","GRAPH","",-1,1,-1,0,0,0,0,0,0.011875,1,"delegate_cpu_graph"
"CPU_Elastic","COMPUTE_GRAPH","ggml_cgraph","GRAPH","",-1,1,-1,0,0,0,0,0,0.011355,1,"delegate_cpu_graph"
"CPU_Elastic","COMPUTE_GRAPH","ggml_cgraph","GRAPH","",-1,1,-1,0,0,0,0,0,0.011250,1,"delegate_cpu_graph"
"CPU_Elastic","COMPUTE_GRAPH","ggml_cgraph","GRAPH","",-1,1,-1,0,0,0,0,0,0.011250,1,"delegate_cpu_graph"
"CPU_Elastic","COMPUTE_GRAPH","ggml_cgraph","GRAPH","",-1,1,-1,0,0,0,0,0,0.011458,1,"delegate_cpu_graph"
"CPU_Elastic","COMPUTE_GRAPH","ggml_cgraph","GRAPH","",-1,1,-1,0,0,0,0,0,0.009791,1,"delegate_cpu_graph"
"CPU_Elastic","COMPUTE_GRAPH","ggml_cgraph","GRAPH","",-1,1,-1,0,0,0,0,0,0.800677,1,"delegate_cpu_graph"
"CPU_Elastic","COMPUTE_GRAPH","ggml_cgraph","GRAPH","",-1,1,-1,0,0,0,0,0,0.012916,1,"delegate_cpu_graph"
"CPU_Elastic","COMPUTE_GRAPH","ggml_cgraph","GRAPH","",-1,1,-1,0,0,0,0,0,0.000468,1,"delegate_cpu_graph"
"CPU_Elastic","COMPUTE_GRAPH","ggml_cgraph","GRAPH","",-1,1,-1,0,0,0,0,0,0.013542,1,"delegate_cpu_graph"
"CPU_Elastic","COMPUTE_GRAPH","ggml_cgraph","GRAPH","",-1,1,-1,0,0,0,0,0,0.801927,1,"delegate_cpu_graph"
"CPU_Elastic","COMPUTE_GRAPH","ggml_cgraph","GRAPH","",-1,1,-1,0,0,0,0,0,0.012709,1,"delegate_cpu_graph"
"CPU_Elastic","COMPUTE_GRAPH","ggml_cgraph","GRAPH","",-1,1,-1,0,0,0,0,0,0.000416,1,"delegate_cpu_graph"
"CPU_Elastic","COMPUTE_GRAPH","ggml_cgraph","GRAPH","",-1,1,-1,0,0,0,0,0,0.012656,1,"delegate_cpu_graph"
"CPU_Elastic","COMPUTE_GRAPH","ggml_cgraph","GRAPH","",-1,1,-1,0,0,0,0,0,0.799843,1,"delegate_cpu_graph"
"CPU_Elastic","COMPUTE_GRAPH","ggml_cgraph","GRAPH","",-1,1,-1,0,0,0,0,0,0.000468,1,"delegate_cpu_graph"
"CPU_Elastic","COMPUTE_GRAPH","ggml_cgraph","GRAPH","",-1,1,-1,0,0,0,0,0,0.000312,1,"delegate_cpu_graph"
"CPU_Elastic","COMPUTE_GRAPH","ggml_cgraph","GRAPH","",-1,1,-1,0,0,0,0,0,0.019167,1,"delegate_cpu_graph"
"CPU_Elastic","COMPUTE_GRAPH","ggml_cgraph","GRAPH","",-1,1,-1,0,0,0,0,0,0.000312,1,"delegate_cpu_graph"
"CPU_Elastic","COMPUTE_GRAPH","ggml_cgraph","GRAPH","",-1,1,-1,0,0,0,0,0,0.009948,1,"delegate_cpu_graph"
"CPU_Elastic","COMPUTE_GRAPH","ggml_cgraph","GRAPH","",-1,1,-1,0,0,0,0,0,0.000365,1,"delegate_cpu_graph"
"CPU_Elastic","COMPUTE_GRAPH","ggml_cgraph","GRAPH","",-1,1,-1,0,0,0,0,0,0.000261,1,"delegate_cpu_graph"
"CPU_Elastic","COMPUTE_GRAPH","ggml_cgraph","GRAPH","",-1,1,-1,0,0,0,0,0,0.000261,1,"delegate_cpu_graph"
"CPU_Elastic","COMPUTE_GRAPH","ggml_cgraph","GRAPH","",-1,1,-1,0,0,0,0,0,0.440625,1,"delegate_cpu_graph"
"CPU_Elastic","COMPUTE_GRAPH","ggml_cgraph","GRAPH","",-1,1,-1,0,0,0,0,0,0.000417,1,"delegate_cpu_graph"
"CPU_Elastic","COMPUTE_GRAPH","ggml_cgraph","GRAPH","",-1,1,-1,0,0,0,0,0,0.000261,1,"delegate_cpu_graph"
"CPU_Elastic","COMPUTE_GRAPH","ggml_cgraph","GRAPH","",-1,1,-1,0,0,0,0,0,0.000261,1,"delegate_cpu_graph"
"CPU_Elastic","COMPUTE_GRAPH","ggml_cgraph","GRAPH","",-1,1,-1,0,0,0,0,0,0.000261,1,"delegate_cpu_graph"
"CPU_Elastic","COMPUTE_GRAPH","ggml_cgraph","GRAPH","",-1,1,-1,0,0,0,0,0,0.223907,1,"delegate_cpu_graph"
"CPU_Elastic","COMPUTE_GRAPH","ggml_cgraph","GRAPH","",-1,1,-1,0,0,0,0,0,0.053438,1,"delegate_cpu_graph"
"CPU_Elastic","COMPUTE_GRAPH","ggml_cgraph","GRAPH","",-1,1,-1,0,0,0,0,0,0.097656,1,"delegate_cpu_graph"
"CPU_Elastic","COMPUTE_GRAPH","ggml_cgraph","GRAPH","",-1,1,-1,0,0,0,0,0,0.000364,1,"delegate_cpu_graph"
"CPU_Elastic","COMPUTE_GRAPH","ggml_cgraph","GRAPH","",-1,1,-1,0,0,0,0,0,0.006927,1,"delegate_cpu_graph"
"CPU_Elastic","COMPUTE_GRAPH","ggml_cgraph","GRAPH","",-1,1,-1,0,0,0,0,0,0.800833,1,"delegate_cpu_graph"
"CPU_Elastic","COMPUTE_GRAPH","ggml_cgraph","GRAPH","",-1,1,-1,0,0,0,0,0,0.010938,1,"delegate_cpu_graph"
"CPU_Elastic","COMPUTE_GRAPH","ggml_cgraph","GRAPH","",-1,1,-1,0,0,0,0,0,0.013281,1,"delegate_cpu_graph"
"CPU_Elastic","COMPUTE_GRAPH","ggml_cgraph","GRAPH","",-1,1,-1,0,0,0,0,0,0.027604,1,"delegate_cpu_graph"
"CPU_Elastic","COMPUTE_GRAPH","ggml_cgraph","GRAPH","",-1,1,-1,0,0,0,0,0,0.006146,1,"delegate_cpu_graph"
"CPU_Elastic","COMPUTE_GRAPH","ggml_cgraph","GRAPH","",-1,1,-1,0,0,0,0,0,0.000468,1,"delegate_cpu_graph"
"CPU_Elastic","COMPUTE_GRAPH","ggml_cgraph","GRAPH","",-1,1,-1,0,0,0,0,0,0.025677,1,"delegate_cpu_graph"
"CPU_Elastic","COMPUTE_GRAPH","ggml_cgraph","GRAPH","",-1,1,-1,0,0,0,0,0,0.000416,1,"delegate_cpu_graph"
"CPU_Elastic","COMPUTE_GRAPH","ggml_cgraph","GRAPH","",-1,1,-1,0,0,0,0,0,0.000834,1,"delegate_cpu_graph"
"CPU_Elastic","COMPUTE_GRAPH","ggml_cgraph","GRAPH","",-1,1,-1,0,0,0,0,0,0.000312,1,"delegate_cpu_graph"
"CPU_Elastic","COMPUTE_GRAPH","ggml_cgraph","GRAPH","",-1,1,-1,0,0,0,0,0,3.215729,1,"delegate_cpu_graph"
"CPU_Elastic","COMPUTE_GRAPH","ggml_cgraph","GRAPH","",-1,1,-1,0,0,0,0,0,3.218594,1,"delegate_cpu_graph"
"CPU_Elastic","COMPUTE_GRAPH","ggml_cgraph","GRAPH","",-1,1,-1,0,0,0,0,0,0.029792,1,"delegate_cpu_graph"
"CPU_Elastic","COMPUTE_GRAPH","ggml_cgraph","GRAPH","",-1,1,-1,0,0,0,0,0,3.402813,1,"delegate_cpu_graph"
"CPU_Elastic","COMPUTE_GRAPH","ggml_cgraph","GRAPH","",-1,1,-1,0,0,0,0,0,0.088750,1,"delegate_cpu_graph"
"CPU_Elastic","COMPUTE_GRAPH","ggml_cgraph","GRAPH","",-1,1,-1,0,0,0,0,0,0.000520,1,"delegate_cpu_graph"
"CPU_Elastic","COMPUTE_GRAPH","ggml_cgraph","GRAPH","",-1,1,-1,0,0,0,0,0,0.000260,1,"delegate_cpu_graph"
"CPU_Elastic","COMPUTE_GRAPH","ggml_cgraph","GRAPH","",-1,1,-1,0,0,0,0,0,0.000260,1,"delegate_cpu_graph"
"CPU_Elastic","COMPUTE_GRAPH","ggml_cgraph","GRAPH","",-1,1,-1,0,0,0,0,0,0.000312,1,"delegate_cpu_graph"
"CPU_Elastic","COMPUTE_GRAPH","ggml_cgraph","GRAPH","",-1,1,-1,0,0,0,0,0,0.000312,1,"delegate_cpu_graph"
"CPU_Elastic","COMPUTE_GRAPH","ggml_cgraph","GRAPH","",-1,1,-1,0,0,0,0,0,0.000260,1,"delegate_cpu_graph"
"CPU_Elastic","COMPUTE_GRAPH","ggml_cgraph","GRAPH","",-1,1,-1,0,0,0,0,0,0.000260,1,"delegate_cpu_graph"
"CPU_Elastic","COMPUTE_GRAPH","ggml_cgraph","GRAPH","",-1,1,-1,0,0,0,0,0,0.000208,1,"delegate_cpu_graph"
"CPU_Elastic","COMPUTE_GRAPH","ggml_cgraph","GRAPH","",-1,1,-1,0,0,0,0,0,0.005989,1,"delegate_cpu_graph"
"CPU_Elastic","COMPUTE_GRAPH","ggml_cgraph","GRAPH","",-1,1,-1,0,0,0,0,0,0.012031,1,"delegate_cpu_graph"
"CPU_Elastic","COMPUTE_GRAPH","ggml_cgraph","GRAPH","",-1,1,-1,0,0,0,0,0,0.011198,1,"delegate_cpu_graph"
"CPU_Elastic","COMPUTE_GRAPH","ggml_cgraph","GRAPH","",-1,1,-1,0,0,0,0,0,0.011146,1,"delegate_cpu_graph"
"CPU_Elastic","COMPUTE_GRAPH","ggml_cgraph","GRAPH","",-1,1,-1,0,0,0,0,0,0.011354,1,"delegate_cpu_graph"
"CPU_Elastic","COMPUTE_GRAPH","ggml_cgraph","GRAPH","",-1,1,-1,0,0,0,0,0,0.011771,1,"delegate_cpu_graph"
"CPU_Elastic","COMPUTE_GRAPH","ggml_cgraph","GRAPH","",-1,1,-1,0,0,0,0,0,0.011041,1,"delegate_cpu_graph"
"CPU_Elastic","COMPUTE_GRAPH","ggml_cgraph","GRAPH","",-1,1,-1,0,0,0,0,0,0.011198,1,"delegate_cpu_graph"
"CPU_Elastic","COMPUTE_GRAPH","ggml_cgraph","GRAPH","",-1,1,-1,0,0,0,0,0,0.011042,1,"delegate_cpu_graph"
"CPU_Elastic","COMPUTE_GRAPH","ggml_cgraph","GRAPH","",-1,1,-1,0,0,0,0,0,0.816146,1,"delegate_cpu_graph"
"CPU_Elastic","COMPUTE_GRAPH","ggml_cgraph","GRAPH","",-1,1,-1,0,0,0,0,0,0.011615,1,"delegate_cpu_graph"
"CPU_Elastic","COMPUTE_GRAPH","ggml_cgraph","GRAPH","",-1,1,-1,0,0,0,0,0,0.000417,1,"delegate_cpu_graph"
"CPU_Elastic","COMPUTE_GRAPH","ggml_cgraph","GRAPH","",-1,1,-1,0,0,0,0,0,0.014114,1,"delegate_cpu_graph"
"CPU_Elastic","COMPUTE_GRAPH","ggml_cgraph","GRAPH","",-1,1,-1,0,0,0,0,0,0.798855,1,"delegate_cpu_graph"
"CPU_Elastic","COMPUTE_GRAPH","ggml_cgraph","GRAPH","",-1,1,-1,0,0,0,0,0,0.012292,1,"delegate_cpu_graph"
"CPU_Elastic","COMPUTE_GRAPH","ggml_cgraph","GRAPH","",-1,1,-1,0,0,0,0,0,0.000468,1,"delegate_cpu_graph"
"CPU_Elastic","COMPUTE_GRAPH","ggml_cgraph","GRAPH","",-1,1,-1,0,0,0,0,0,0.013073,1,"delegate_cpu_graph"
"CPU_Elastic","COMPUTE_GRAPH","ggml_cgraph","GRAPH","",-1,1,-1,0,0,0,0,0,0.010209,1,"delegate_cpu_graph"
"CPU_Elastic","COMPUTE_GRAPH","ggml_cgraph","GRAPH","",-1,1,-1,0,0,0,0,0,0.000365,1,"delegate_cpu_graph"
"CPU_Elastic","COMPUTE_GRAPH","ggml_cgraph","GRAPH","",-1,1,-1,0,0,0,0,0,0.010104,1,"delegate_cpu_graph"
"CPU_Elastic","COMPUTE_GRAPH","ggml_cgraph","GRAPH","",-1,1,-1,0,0,0,0,0,0.000312,1,"delegate_cpu_graph"
"CPU_Elastic","COMPUTE_GRAPH","ggml_cgraph","GRAPH","",-1,1,-1,0,0,0,0,0,0.000260,1,"delegate_cpu_graph"
"CPU_Elastic","COMPUTE_GRAPH","ggml_cgraph","GRAPH","",-1,1,-1,0,0,0,0,0,0.000312,1,"delegate_cpu_graph"
"CPU_Elastic","COMPUTE_GRAPH","ggml_cgraph","GRAPH","",-1,1,-1,0,0,0,0,0,0.438698,1,"delegate_cpu_graph"
"CPU_Elastic","COMPUTE_GRAPH","ggml_cgraph","GRAPH","",-1,1,-1,0,0,0,0,0,0.000469,1,"delegate_cpu_graph"
"CPU_Elastic","COMPUTE_GRAPH","ggml_cgraph","GRAPH","",-1,1,-1,0,0,0,0,0,0.000312,1,"delegate_cpu_graph"
"CPU_Elastic","COMPUTE_GRAPH","ggml_cgraph","GRAPH","",-1,1,-1,0,0,0,0,0,0.000312,1,"delegate_cpu_graph"
"CPU_Elastic","COMPUTE_GRAPH","ggml_cgraph","GRAPH","",-1,1,-1,0,0,0,0,0,0.000364,1,"delegate_cpu_graph"
"CPU_Elastic","COMPUTE_GRAPH","ggml_cgraph","GRAPH","",-1,1,-1,0,0,0,0,0,0.224479,1,"delegate_cpu_graph"
"CPU_Elastic","COMPUTE_GRAPH","ggml_cgraph","GRAPH","",-1,1,-1,0,0,0,0,0,0.053386,1,"delegate_cpu_graph"
"CPU_Elastic","COMPUTE_GRAPH","ggml_cgraph","GRAPH","",-1,1,-1,0,0,0,0,0,0.096146,1,"delegate_cpu_graph"
"CPU_Elastic","COMPUTE_GRAPH","ggml_cgraph","GRAPH","",-1,1,-1,0,0,0,0,0,0.000417,1,"delegate_cpu_graph"
"CPU_Elastic","COMPUTE_GRAPH","ggml_cgraph","GRAPH","",-1,1,-1,0,0,0,0,0,0.007500,1,"delegate_cpu_graph"
"CPU_Elastic","COMPUTE_GRAPH","ggml_cgraph","GRAPH","",-1,1,-1,0,0,0,0,0,0.799791,1,"delegate_cpu_graph"
"CPU_Elastic","COMPUTE_GRAPH","ggml_cgraph","GRAPH","",-1,1,-1,0,0,0,0,0,0.009531,1,"delegate_cpu_graph"
"CPU_Elastic","COMPUTE_GRAPH","ggml_cgraph","GRAPH","",-1,1,-1,0,0,0,0,0,0.023021,1,"delegate_cpu_graph"
"CPU_Elastic","COMPUTE_GRAPH","ggml_cgraph","GRAPH","",-1,1,-1,0,0,0,0,0,0.040781,1,"delegate_cpu_graph"
"CPU_Elastic","COMPUTE_GRAPH","ggml_cgraph","GRAPH","",-1,1,-1,0,0,0,0,0,0.005521,1,"delegate_cpu_graph"
"CPU_Elastic","COMPUTE_GRAPH","ggml_cgraph","GRAPH","",-1,1,-1,0,0,0,0,0,0.000417,1,"delegate_cpu_graph"
"CPU_Elastic","COMPUTE_GRAPH","ggml_cgraph","GRAPH","",-1,1,-1,0,0,0,0,0,0.036511,1,"delegate_cpu_graph"
"CPU_Elastic","COMPUTE_GRAPH","ggml_cgraph","GRAPH","",-1,1,-1,0,0,0,0,0,0.000417,1,"delegate_cpu_graph"
"CPU_Elastic","COMPUTE_GRAPH","ggml_cgraph","GRAPH","",-1,1,-1,0,0,0,0,0,0.000781,1,"delegate_cpu_graph"
"CPU_Elastic","COMPUTE_GRAPH","ggml_cgraph","GRAPH","",-1,1,-1,0,0,0,0,0,0.000313,1,"delegate_cpu_graph"
"CPU_Elastic","COMPUTE_GRAPH","ggml_cgraph","GRAPH","",-1,1,-1,0,0,0,0,0,3.232187,1,"delegate_cpu_graph"
"CPU_Elastic","COMPUTE_GRAPH","ggml_cgraph","GRAPH","",-1,1,-1,0,0,0,0,0,3.248333,1,"delegate_cpu_graph"
"CPU_Elastic","COMPUTE_GRAPH","ggml_cgraph","GRAPH","",-1,1,-1,0,0,0,0,0,0.031615,1,"delegate_cpu_graph"
"CPU_Elastic","COMPUTE_GRAPH","ggml_cgraph","GRAPH","",-1,1,-1,0,0,0,0,0,4.651302,1,"delegate_cpu_graph"
"CPU_Elastic","COMPUTE_GRAPH","ggml_cgraph","GRAPH","",-1,1,-1,0,0,0,0,0,0.090625,1,"delegate_cpu_graph"
"CPU_Elastic","COMPUTE_GRAPH","ggml_cgraph","GRAPH","",-1,1,-1,0,0,0,0,0,0.000677,1,"delegate_cpu_graph"
"CPU_Elastic","COMPUTE_GRAPH","ggml_cgraph","GRAPH","",-1,1,-1,0,0,0,0,0,0.000312,1,"delegate_cpu_graph"
"CPU_Elastic","COMPUTE_GRAPH","ggml_cgraph","GRAPH","",-1,1,-1,0,0,0,0,0,0.000260,1,"delegate_cpu_graph"
"CPU_Elastic","COMPUTE_GRAPH","ggml_cgraph","GRAPH","",-1,1,-1,0,0,0,0,0,0.000260,1,"delegate_cpu_graph"
"CPU_Elastic","COMPUTE_GRAPH","ggml_cgraph","GRAPH","",-1,1,-1,0,0,0,0,0,0.000312,1,"delegate_cpu_graph"
"CPU_Elastic","COMPUTE_GRAPH","ggml_cgraph","GRAPH","",-1,1,-1,0,0,0,0,0,0.000312,1,"delegate_cpu_graph"
"CPU_Elastic","COMPUTE_GRAPH","ggml_cgraph","GRAPH","",-1,1,-1,0,0,0,0,0,0.000260,1,"delegate_cpu_graph"
"CPU_Elastic","COMPUTE_GRAPH","ggml_cgraph","GRAPH","",-1,1,-1,0,0,0,0,0,0.000260,1,"delegate_cpu_graph"
"CPU_Elastic","COMPUTE_GRAPH","ggml_cgraph","GRAPH","",-1,1,-1,0,0,0,0,0,0.005989,1,"delegate_cpu_graph"
"CPU_Elastic","COMPUTE_GRAPH","ggml_cgraph","GRAPH","",-1,1,-1,0,0,0,0,0,0.011511,1,"delegate_cpu_graph"
"CPU_Elastic","COMPUTE_GRAPH","ggml_cgraph","GRAPH","",-1,1,-1,0,0,0,0,0,0.011406,1,"delegate_cpu_graph"
"CPU_Elastic","COMPUTE_GRAPH","ggml_cgraph","GRAPH","",-1,1,-1,0,0,0,0,0,0.011146,1,"delegate_cpu_graph"
"CPU_Elastic","COMPUTE_GRAPH","ggml_cgraph","GRAPH","",-1,1,-1,0,0,0,0,0,0.011406,1,"delegate_cpu_graph"
"CPU_Elastic","COMPUTE_GRAPH","ggml_cgraph","GRAPH","",-1,1,-1,0,0,0,0,0,0.011823,1,"delegate_cpu_graph"
"CPU_Elastic","COMPUTE_GRAPH","ggml_cgraph","GRAPH","",-1,1,-1,0,0,0,0,0,0.012136,1,"delegate_cpu_graph"
"CPU_Elastic","COMPUTE_GRAPH","ggml_cgraph","GRAPH","",-1,1,-1,0,0,0,0,0,0.009479,1,"delegate_cpu_graph"
"CPU_Elastic","COMPUTE_GRAPH","ggml_cgraph","GRAPH","",-1,1,-1,0,0,0,0,0,0.011094,1,"delegate_cpu_graph"
"CPU_Elastic","COMPUTE_GRAPH","ggml_cgraph","GRAPH","",-1,1,-1,0,0,0,0,0,0.812448,1,"delegate_cpu_graph"
"CPU_Elastic","COMPUTE_GRAPH","ggml_cgraph","GRAPH","",-1,1,-1,0,0,0,0,0,0.012657,1,"delegate_cpu_graph"
"CPU_Elastic","COMPUTE_GRAPH","ggml_cgraph","GRAPH","",-1,1,-1,0,0,0,0,0,0.000468,1,"delegate_cpu_graph"
"CPU_Elastic","COMPUTE_GRAPH","ggml_cgraph","GRAPH","",-1,1,-1,0,0,0,0,0,0.014375,1,"delegate_cpu_graph"
"CPU_Elastic","COMPUTE_GRAPH","ggml_cgraph","GRAPH","",-1,1,-1,0,0,0,0,0,0.798958,1,"delegate_cpu_graph"
"CPU_Elastic","COMPUTE_GRAPH","ggml_cgraph","GRAPH","",-1,1,-1,0,0,0,0,0,0.011615,1,"delegate_cpu_graph"
"CPU_Elastic","COMPUTE_GRAPH","ggml_cgraph","GRAPH","",-1,1,-1,0,0,0,0,0,0.000416,1,"delegate_cpu_graph"
"CPU_Elastic","COMPUTE_GRAPH","ggml_cgraph","GRAPH","",-1,1,-1,0,0,0,0,0,0.011511,1,"delegate_cpu_graph"
"CPU_Elastic","COMPUTE_GRAPH","ggml_cgraph","GRAPH","",-1,1,-1,0,0,0,0,0,0.798906,1,"delegate_cpu_graph"
"CPU_Elastic","COMPUTE_GRAPH","ggml_cgraph","GRAPH","",-1,1,-1,0,0,0,0,0,0.000416,1,"delegate_cpu_graph"
"CPU_Elastic","COMPUTE_GRAPH","ggml_cgraph","GRAPH","",-1,1,-1,0,0,0,0,0,0.000260,1,"delegate_cpu_graph"
"CPU_Elastic","COMPUTE_GRAPH","ggml_cgraph","GRAPH","",-1,1,-1,0,0,0,0,0,0.010052,1,"delegate_cpu_graph"
"CPU_Elastic","COMPUTE_GRAPH","ggml_cgraph","GRAPH","",-1,1,-1,0,0,0,0,0,0.000365,1,"delegate_cpu_graph"
"CPU_Elastic","COMPUTE_GRAPH","ggml_cgraph","GRAPH","",-1,1,-1,0,0,0,0,0,0.010000,1,"delegate_cpu_graph"
"CPU_Elastic","COMPUTE_GRAPH","ggml_cgraph","GRAPH","",-1,1,-1,0,0,0,0,0,0.000364,1,"delegate_cpu_graph"
"CPU_Elastic","COMPUTE_GRAPH","ggml_cgraph","GRAPH","",-1,1,-1,0,0,0,0,0,0.000260,1,"delegate_cpu_graph"
"CPU_Elastic","COMPUTE_GRAPH","ggml_cgraph","GRAPH","",-1,1,-1,0,0,0,0,0,0.000312,1,"delegate_cpu_graph"
"CPU_Elastic","COMPUTE_GRAPH","ggml_cgraph","GRAPH","",-1,1,-1,0,0,0,0,0,0.441302,1,"delegate_cpu_graph"
"CPU_Elastic","COMPUTE_GRAPH","ggml_cgraph","GRAPH","",-1,1,-1,0,0,0,0,0,0.000469,1,"delegate_cpu_graph"
"CPU_Elastic","COMPUTE_GRAPH","ggml_cgraph","GRAPH","",-1,1,-1,0,0,0,0,0,0.000364,1,"delegate_cpu_graph"
"CPU_Elastic","COMPUTE_GRAPH","ggml_cgraph","GRAPH","",-1,1,-1,0,0,0,0,0,0.000312,1,"delegate_cpu_graph"
"CPU_Elastic","COMPUTE_GRAPH","ggml_cgraph","GRAPH","",-1,1,-1,0,0,0,0,0,0.000313,1,"delegate_cpu_graph"
"CPU_Elastic","COMPUTE_GRAPH","ggml_cgraph","GRAPH","",-1,1,-1,0,0,0,0,0,0.221980,1,"delegate_cpu_graph"
"CPU_Elastic","COMPUTE_GRAPH","ggml_cgraph","GRAPH","",-1,1,-1,0,0,0,0,0,0.050937,1,"delegate_cpu_graph"
"CPU_Elastic","COMPUTE_GRAPH","ggml_cgraph","GRAPH","",-1,1,-1,0,0,0,0,0,0.096093,1,"delegate_cpu_graph"
"CPU_Elastic","COMPUTE_GRAPH","ggml_cgraph","GRAPH","",-1,1,-1,0,0,0,0,0,0.000417,1,"delegate_cpu_graph"
"CPU_Elastic","COMPUTE_GRAPH","ggml_cgraph","GRAPH","",-1,1,-1,0,0,0,0,0,0.006823,1,"delegate_cpu_graph"
"CPU_Elastic","COMPUTE_GRAPH","ggml_cgraph","GRAPH","",-1,1,-1,0,0,0,0,0,0.801355,1,"delegate_cpu_graph"
"CPU_Elastic","COMPUTE_GRAPH","ggml_cgraph","GRAPH","",-1,1,-1,0,0,0,0,0,0.012135,1,"delegate_cpu_graph"
"CPU_Elastic","COMPUTE_GRAPH","ggml_cgraph","GRAPH","",-1,1,-1,0,0,0,0,0,0.011354,1,"delegate_cpu_graph"
"CPU_Elastic","COMPUTE_GRAPH","ggml_cgraph","GRAPH","",-1,1,-1,0,0,0,0,0,0.026875,1,"delegate_cpu_graph"
"CPU_Elastic","COMPUTE_GRAPH","ggml_cgraph","GRAPH","",-1,1,-1,0,0,0,0,0,0.005625,1,"delegate_cpu_graph"
"CPU_Elastic","COMPUTE_GRAPH","ggml_cgraph","GRAPH","",-1,1,-1,0,0,0,0,0,0.000417,1,"delegate_cpu_graph"
"CPU_Elastic","COMPUTE_GRAPH","ggml_cgraph","GRAPH","",-1,1,-1,0,0,0,0,0,0.024948,1,"delegate_cpu_graph"
"CPU_Elastic","COMPUTE_GRAPH","ggml_cgraph","GRAPH","",-1,1,-1,0,0,0,0,0,0.000469,1,"delegate_cpu_graph"
"CPU_Elastic","COMPUTE_GRAPH","ggml_cgraph","GRAPH","",-1,1,-1,0,0,0,0,0,0.000781,1,"delegate_cpu_graph"
"CPU_Elastic","COMPUTE_GRAPH","ggml_cgraph","GRAPH","",-1,1,-1,0,0,0,0,0,0.000364,1,"delegate_cpu_graph"
"CPU_Elastic","COMPUTE_GRAPH","ggml_cgraph","GRAPH","",-1,1,-1,0,0,0,0,0,3.282448,1,"delegate_cpu_graph"
"CPU_Elastic","COMPUTE_GRAPH","ggml_cgraph","GRAPH","",-1,1,-1,0,0,0,0,0,3.260312,1,"delegate_cpu_graph"
"CPU_Elastic","COMPUTE_GRAPH","ggml_cgraph","GRAPH","",-1,1,-1,0,0,0,0,0,0.032031,1,"delegate_cpu_graph"
"CPU_Elastic","COMPUTE_GRAPH","ggml_cgraph","GRAPH","",-1,1,-1,0,0,0,0,0,3.520573,1,"delegate_cpu_graph"
"CPU_Elastic","COMPUTE_GRAPH","ggml_cgraph","GRAPH","",-1,1,-1,0,0,0,0,0,0.090052,1,"delegate_cpu_graph"
"CPU_Elastic","COMPUTE_GRAPH","ggml_cgraph","GRAPH","",-1,1,-1,0,0,0,0,0,0.000781,1,"delegate_cpu_graph"
"CPU_Elastic","COMPUTE_GRAPH","ggml_cgraph","GRAPH","",-1,1,-1,0,0,0,0,0,0.000260,1,"delegate_cpu_graph"
"CPU_Elastic","COMPUTE_GRAPH","ggml_cgraph","GRAPH","",-1,1,-1,0,0,0,0,0,0.000260,1,"delegate_cpu_graph"
"CPU_Elastic","COMPUTE_GRAPH","ggml_cgraph","GRAPH","",-1,1,-1,0,0,0,0,0,0.000312,1,"delegate_cpu_graph"
"CPU_Elastic","COMPUTE_GRAPH","ggml_cgraph","GRAPH","",-1,1,-1,0,0,0,0,0,0.000260,1,"delegate_cpu_graph"
"CPU_Elastic","COMPUTE_GRAPH","ggml_cgraph","GRAPH","",-1,1,-1,0,0,0,0,0,0.000260,1,"delegate_cpu_graph"
"CPU_Elastic","COMPUTE_GRAPH","ggml_cgraph","GRAPH","",-1,1,-1,0,0,0,0,0,0.000312,1,"delegate_cpu_graph"
"CPU_Elastic","COMPUTE_GRAPH","ggml_cgraph","GRAPH","",-1,1,-1,0,0,0,0,0,0.000260,1,"delegate_cpu_graph"
"CPU_Elastic","COMPUTE_GRAPH","ggml_cgraph","GRAPH","",-1,1,-1,0,0,0,0,0,0.007188,1,"delegate_cpu_graph"
"CPU_Elastic","COMPUTE_GRAPH","ggml_cgraph","GRAPH","",-1,1,-1,0,0,0,0,0,0.012135,1,"delegate_cpu_graph"
"CPU_Elastic","COMPUTE_GRAPH","ggml_cgraph","GRAPH","",-1,1,-1,0,0,0,0,0,0.010938,1,"delegate_cpu_graph"
"CPU_Elastic","COMPUTE_GRAPH","ggml_cgraph","GRAPH","",-1,1,-1,0,0,0,0,0,0.011250,1,"delegate_cpu_graph"
"CPU_Elastic","COMPUTE_GRAPH","ggml_cgraph","GRAPH","",-1,1,-1,0,0,0,0,0,0.011719,1,"delegate_cpu_graph"
"CPU_Elastic","COMPUTE_GRAPH","ggml_cgraph","GRAPH","",-1,1,-1,0,0,0,0,0,0.011562,1,"delegate_cpu_graph"
"CPU_Elastic","COMPUTE_GRAPH","ggml_cgraph","GRAPH","",-1,1,-1,0,0,0,0,0,0.011250,1,"delegate_cpu_graph"
"CPU_Elastic","COMPUTE_GRAPH","ggml_cgraph","GRAPH","",-1,1,-1,0,0,0,0,0,0.011250,1,"delegate_cpu_graph"
"CPU_Elastic","COMPUTE_GRAPH","ggml_cgraph","GRAPH","",-1,1,-1,0,0,0,0,0,0.012240,1,"delegate_cpu_graph"
"CPU_Elastic","COMPUTE_GRAPH","ggml_cgraph","GRAPH","",-1,1,-1,0,0,0,0,0,0.797553,1,"delegate_cpu_graph"
"CPU_Elastic","COMPUTE_GRAPH","ggml_cgraph","GRAPH","",-1,1,-1,0,0,0,0,0,0.012084,1,"delegate_cpu_graph"
"CPU_Elastic","COMPUTE_GRAPH","ggml_cgraph","GRAPH","",-1,1,-1,0,0,0,0,0,0.000469,1,"delegate_cpu_graph"
"CPU_Elastic","COMPUTE_GRAPH","ggml_cgraph","GRAPH","",-1,1,-1,0,0,0,0,0,0.013282,1,"delegate_cpu_graph"
"CPU_Elastic","COMPUTE_GRAPH","ggml_cgraph","GRAPH","",-1,1,-1,0,0,0,0,0,0.799063,1,"delegate_cpu_graph"
"CPU_Elastic","COMPUTE_GRAPH","ggml_cgraph","GRAPH","",-1,1,-1,0,0,0,0,0,0.012448,1,"delegate_cpu_graph"
"CPU_Elastic","COMPUTE_GRAPH","ggml_cgraph","GRAPH","",-1,1,-1,0,0,0,0,0,0.000416,1,"delegate_cpu_graph"
"CPU_Elastic","COMPUTE_GRAPH","ggml_cgraph","GRAPH","",-1,1,-1,0,0,0,0,0,0.012813,1,"delegate_cpu_graph"
"CPU_Elastic","COMPUTE_GRAPH","ggml_cgraph","GRAPH","",-1,1,-1,0,0,0,0,0,0.816823,1,"delegate_cpu_graph"
"CPU_Elastic","COMPUTE_GRAPH","ggml_cgraph","GRAPH","",-1,1,-1,0,0,0,0,0,0.000417,1,"delegate_cpu_graph"
"CPU_Elastic","COMPUTE_GRAPH","ggml_cgraph","GRAPH","",-1,1,-1,0,0,0,0,0,0.000312,1,"delegate_cpu_graph"
"CPU_Elastic","COMPUTE_GRAPH","ggml_cgraph","GRAPH","",-1,1,-1,0,0,0,0,0,0.009948,1,"delegate_cpu_graph"
"CPU_Elastic","COMPUTE_GRAPH","ggml_cgraph","GRAPH","",-1,1,-1,0,0,0,0,0,0.000313,1,"delegate_cpu_graph"
"CPU_Elastic","COMPUTE_GRAPH","ggml_cgraph","GRAPH","",-1,1,-1,0,0,0,0,0,0.010052,1,"delegate_cpu_graph"
"CPU_Elastic","COMPUTE_GRAPH","ggml_cgraph","GRAPH","",-1,1,-1,0,0,0,0,0,0.000365,1,"delegate_cpu_graph"
"CPU_Elastic","COMPUTE_GRAPH","ggml_cgraph","GRAPH","",-1,1,-1,0,0,0,0,0,0.000364,1,"delegate_cpu_graph"
"CPU_Elastic","COMPUTE_GRAPH","ggml_cgraph","GRAPH","",-1,1,-1,0,0,0,0,0,0.000312,1,"delegate_cpu_graph"
"CPU_Elastic","COMPUTE_GRAPH","ggml_cgraph","GRAPH","",-1,1,-1,0,0,0,0,0,0.438854,1,"delegate_cpu_graph"
"CPU_Elastic","COMPUTE_GRAPH","ggml_cgraph","GRAPH","",-1,1,-1,0,0,0,0,0,0.000417,1,"delegate_cpu_graph"
"CPU_Elastic","COMPUTE_GRAPH","ggml_cgraph","GRAPH","",-1,1,-1,0,0,0,0,0,0.000260,1,"delegate_cpu_graph"
"CPU_Elastic","COMPUTE_GRAPH","ggml_cgraph","GRAPH","",-1,1,-1,0,0,0,0,0,0.000313,1,"delegate_cpu_graph"
"CPU_Elastic","COMPUTE_GRAPH","ggml_cgraph","GRAPH","",-1,1,-1,0,0,0,0,0,0.000261,1,"delegate_cpu_graph"
"CPU_Elastic","COMPUTE_GRAPH","ggml_cgraph","GRAPH","",-1,1,-1,0,0,0,0,0,0.224167,1,"delegate_cpu_graph"
"CPU_Elastic","COMPUTE_GRAPH","ggml_cgraph","GRAPH","",-1,1,-1,0,0,0,0,0,0.051459,1,"delegate_cpu_graph"
"CPU_Elastic","COMPUTE_GRAPH","ggml_cgraph","GRAPH","",-1,1,-1,0,0,0,0,0,0.095937,1,"delegate_cpu_graph"
"CPU_Elastic","COMPUTE_GRAPH","ggml_cgraph","GRAPH","",-1,1,-1,0,0,0,0,0,0.000364,1,"delegate_cpu_graph"
"CPU_Elastic","COMPUTE_GRAPH","ggml_cgraph","GRAPH","",-1,1,-1,0,0,0,0,0,0.006979,1,"delegate_cpu_graph"
"CPU_Elastic","COMPUTE_GRAPH","ggml_cgraph","GRAPH","",-1,1,-1,0,0,0,0,0,0.800000,1,"delegate_cpu_graph"
"CPU_Elastic","COMPUTE_GRAPH","ggml_cgraph","GRAPH","",-1,1,-1,0,0,0,0,0,0.012083,1,"delegate_cpu_graph"
"CPU_Elastic","COMPUTE_GRAPH","ggml_cgraph","GRAPH","",-1,1,-1,0,0,0,0,0,0.011562,1,"delegate_cpu_graph"
"CPU_Elastic","COMPUTE_GRAPH","ggml_cgraph","GRAPH","",-1,1,-1,0,0,0,0,0,0.026771,1,"delegate_cpu_graph"
"CPU_Elastic","COMPUTE_GRAPH","ggml_cgraph","GRAPH","",-1,1,-1,0,0,0,0,0,0.008489,1,"delegate_cpu_graph"
"CPU_Elastic","COMPUTE_GRAPH","ggml_cgraph","GRAPH","",-1,1,-1,0,0,0,0,0,0.000469,1,"delegate_cpu_graph"
"CPU_Elastic","COMPUTE_GRAPH","ggml_cgraph","GRAPH","",-1,1,-1,0,0,0,0,0,0.027031,1,"delegate_cpu_graph"
"CPU_Elastic","COMPUTE_GRAPH","ggml_cgraph","GRAPH","",-1,1,-1,0,0,0,0,0,0.000416,1,"delegate_cpu_graph"
"CPU_Elastic","COMPUTE_GRAPH","ggml_cgraph","GRAPH","",-1,1,-1,0,0,0,0,0,0.000781,1,"delegate_cpu_graph"
"CPU_Elastic","COMPUTE_GRAPH","ggml_cgraph","GRAPH","",-1,1,-1,0,0,0,0,0,0.000312,1,"delegate_cpu_graph"
"CPU_Elastic","COMPUTE_GRAPH","ggml_cgraph","GRAPH","",-1,1,-1,0,0,0,0,0,3.259062,1,"delegate_cpu_graph"
"CPU_Elastic","COMPUTE_GRAPH","ggml_cgraph","GRAPH","",-1,1,-1,0,0,0,0,0,3.276250,1,"delegate_cpu_graph"
"CPU_Elastic","COMPUTE_GRAPH","ggml_cgraph","GRAPH","",-1,1,-1,0,0,0,0,0,0.031198,1,"delegate_cpu_graph"
"CPU_Elastic","COMPUTE_GRAPH","ggml_cgraph","GRAPH","",-1,1,-1,0,0,0,0,0,3.493959,1,"delegate_cpu_graph"
"CPU_Elastic","COMPUTE_GRAPH","ggml_cgraph","GRAPH","",-1,1,-1,0,0,0,0,0,0.579270,1,"delegate_cpu_graph"
"CPU_Elastic","COMPUTE_GRAPH","ggml_cgraph","GRAPH","",-1,1,-1,0,0,0,0,0,0.000468,1,"delegate_cpu_graph"
"CPU_Elastic","COMPUTE_GRAPH","ggml_cgraph","GRAPH","",-1,1,-1,0,0,0,0,0,0.000260,1,"delegate_cpu_graph"
"CPU_Elastic","COMPUTE_GRAPH","ggml_cgraph","GRAPH","",-1,1,-1,0,0,0,0,0,0.000312,1,"delegate_cpu_graph"
"CPU_Elastic","COMPUTE_GRAPH","ggml_cgraph","GRAPH","",-1,1,-1,0,0,0,0,0,0.000312,1,"delegate_cpu_graph"
"CPU_Elastic","COMPUTE_GRAPH","ggml_cgraph","GRAPH","",-1,1,-1,0,0,0,0,0,0.000260,1,"delegate_cpu_graph"
"CPU_Elastic","COMPUTE_GRAPH","ggml_cgraph","GRAPH","",-1,1,-1,0,0,0,0,0,0.000260,1,"delegate_cpu_graph"
"CPU_Elastic","COMPUTE_GRAPH","ggml_cgraph","GRAPH","",-1,1,-1,0,0,0,0,0,0.000260,1,"delegate_cpu_graph"
"CPU_Elastic","COMPUTE_GRAPH","ggml_cgraph","GRAPH","",-1,1,-1,0,0,0,0,0,0.000261,1,"delegate_cpu_graph"
"CPU_Elastic","COMPUTE_GRAPH","ggml_cgraph","GRAPH","",-1,1,-1,0,0,0,0,0,0.006823,1,"delegate_cpu_graph"
"CPU_Elastic","COMPUTE_GRAPH","ggml_cgraph","GRAPH","",-1,1,-1,0,0,0,0,0,0.011875,1,"delegate_cpu_graph"
"CPU_Elastic","COMPUTE_GRAPH","ggml_cgraph","GRAPH","",-1,1,-1,0,0,0,0,0,0.011146,1,"delegate_cpu_graph"
"CPU_Elastic","COMPUTE_GRAPH","ggml_cgraph","GRAPH","",-1,1,-1,0,0,0,0,0,0.011771,1,"delegate_cpu_graph"
"CPU_Elastic","COMPUTE_GRAPH","ggml_cgraph","GRAPH","",-1,1,-1,0,0,0,0,0,0.012083,1,"delegate_cpu_graph"
"CPU_Elastic","COMPUTE_GRAPH","ggml_cgraph","GRAPH","",-1,1,-1,0,0,0,0,0,0.011094,1,"delegate_cpu_graph"
"CPU_Elastic","COMPUTE_GRAPH","ggml_cgraph","GRAPH","",-1,1,-1,0,0,0,0,0,0.011198,1,"delegate_cpu_graph"
"CPU_Elastic","COMPUTE_GRAPH","ggml_cgraph","GRAPH","",-1,1,-1,0,0,0,0,0,0.010000,1,"delegate_cpu_graph"
"CPU_Elastic","COMPUTE_GRAPH","ggml_cgraph","GRAPH","",-1,1,-1,0,0,0,0,0,0.010625,1,"delegate_cpu_graph"
"CPU_Elastic","COMPUTE_GRAPH","ggml_cgraph","GRAPH","",-1,1,-1,0,0,0,0,0,0.799636,1,"delegate_cpu_graph"
"CPU_Elastic","COMPUTE_GRAPH","ggml_cgraph","GRAPH","",-1,1,-1,0,0,0,0,0,0.012083,1,"delegate_cpu_graph"
"CPU_Elastic","COMPUTE_GRAPH","ggml_cgraph","GRAPH","",-1,1,-1,0,0,0,0,0,0.000468,1,"delegate_cpu_graph"
"CPU_Elastic","COMPUTE_GRAPH","ggml_cgraph","GRAPH","",-1,1,-1,0,0,0,0,0,0.014011,1,"delegate_cpu_graph"
"CPU_Elastic","COMPUTE_GRAPH","ggml_cgraph","GRAPH","",-1,1,-1,0,0,0,0,0,0.799479,1,"delegate_cpu_graph"
"CPU_Elastic","COMPUTE_GRAPH","ggml_cgraph","GRAPH","",-1,1,-1,0,0,0,0,0,0.012240,1,"delegate_cpu_graph"
"CPU_Elastic","COMPUTE_GRAPH","ggml_cgraph","GRAPH","",-1,1,-1,0,0,0,0,0,0.000468,1,"delegate_cpu_graph"
"CPU_Elastic","COMPUTE_GRAPH","ggml_cgraph","GRAPH","",-1,1,-1,0,0,0,0,0,0.013281,1,"delegate_cpu_graph"
"CPU_Elastic","COMPUTE_GRAPH","ggml_cgraph","GRAPH","",-1,1,-1,0,0,0,0,0,1.073854,1,"delegate_cpu_graph"
"CPU_Elastic","COMPUTE_GRAPH","ggml_cgraph","GRAPH","",-1,1,-1,0,0,0,0,0,0.000469,1,"delegate_cpu_graph"
"CPU_Elastic","COMPUTE_GRAPH","ggml_cgraph","GRAPH","",-1,1,-1,0,0,0,0,0,0.000260,1,"delegate_cpu_graph"
"CPU_Elastic","COMPUTE_GRAPH","ggml_cgraph","GRAPH","",-1,1,-1,0,0,0,0,0,0.010052,1,"delegate_cpu_graph"
"CPU_Elastic","COMPUTE_GRAPH","ggml_cgraph","GRAPH","",-1,1,-1,0,0,0,0,0,0.000313,1,"delegate_cpu_graph"
"CPU_Elastic","COMPUTE_GRAPH","ggml_cgraph","GRAPH","",-1,1,-1,0,0,0,0,0,0.009896,1,"delegate_cpu_graph"
"CPU_Elastic","COMPUTE_GRAPH","ggml_cgraph","GRAPH","",-1,1,-1,0,0,0,0,0,0.000312,1,"delegate_cpu_graph"
"CPU_Elastic","COMPUTE_GRAPH","ggml_cgraph","GRAPH","",-1,1,-1,0,0,0,0,0,0.000260,1,"delegate_cpu_graph"
"CPU_Elastic","COMPUTE_GRAPH","ggml_cgraph","GRAPH","",-1,1,-1,0,0,0,0,0,0.000260,1,"delegate_cpu_graph"
"CPU_Elastic","COMPUTE_GRAPH","ggml_cgraph","GRAPH","",-1,1,-1,0,0,0,0,0,0.436094,1,"delegate_cpu_graph"
"CPU_Elastic","COMPUTE_GRAPH","ggml_cgraph","GRAPH","",-1,1,-1,0,0,0,0,0,0.000417,1,"delegate_cpu_graph"
"CPU_Elastic","COMPUTE_GRAPH","ggml_cgraph","GRAPH","",-1,1,-1,0,0,0,0,0,0.000313,1,"delegate_cpu_graph"
"CPU_Elastic","COMPUTE_GRAPH","ggml_cgraph","GRAPH","",-1,1,-1,0,0,0,0,0,0.000313,1,"delegate_cpu_graph"
"CPU_Elastic","COMPUTE_GRAPH","ggml_cgraph","GRAPH","",-1,1,-1,0,0,0,0,0,0.000261,1,"delegate_cpu_graph"
"CPU_Elastic","COMPUTE_GRAPH","ggml_cgraph","GRAPH","",-1,1,-1,0,0,0,0,0,0.227656,1,"delegate_cpu_graph"
"CPU_Elastic","COMPUTE_GRAPH","ggml_cgraph","GRAPH","",-1,1,-1,0,0,0,0,0,0.049271,1,"delegate_cpu_graph"
"CPU_Elastic","COMPUTE_GRAPH","ggml_cgraph","GRAPH","",-1,1,-1,0,0,0,0,0,0.131198,1,"delegate_cpu_graph"
"CPU_Elastic","COMPUTE_GRAPH","ggml_cgraph","GRAPH","",-1,1,-1,0,0,0,0,0,0.000416,1,"delegate_cpu_graph"
"CPU_Elastic","COMPUTE_GRAPH","ggml_cgraph","GRAPH","",-1,1,-1,0,0,0,0,0,0.006979,1,"delegate_cpu_graph"
"CPU_Elastic","COMPUTE_GRAPH","ggml_cgraph","GRAPH","",-1,1,-1,0,0,0,0,0,0.799583,1,"delegate_cpu_graph"
"CPU_Elastic","COMPUTE_GRAPH","ggml_cgraph","GRAPH","",-1,1,-1,0,0,0,0,0,0.011041,1,"delegate_cpu_graph"
"CPU_Elastic","COMPUTE_GRAPH","ggml_cgraph","GRAPH","",-1,1,-1,0,0,0,0,0,0.012239,1,"delegate_cpu_graph"
"CPU_Elastic","COMPUTE_GRAPH","ggml_cgraph","GRAPH","",-1,1,-1,0,0,0,0,0,0.026771,1,"delegate_cpu_graph"
"CPU_Elastic","COMPUTE_GRAPH","ggml_cgraph","GRAPH","",-1,1,-1,0,0,0,0,0,0.005417,1,"delegate_cpu_graph"
"CPU_Elastic","COMPUTE_GRAPH","ggml_cgraph","GRAPH","",-1,1,-1,0,0,0,0,0,0.000468,1,"delegate_cpu_graph"
"CPU_Elastic","COMPUTE_GRAPH","ggml_cgraph","GRAPH","",-1,1,-1,0,0,0,0,0,0.026354,1,"delegate_cpu_graph"
"CPU_Elastic","COMPUTE_GRAPH","ggml_cgraph","GRAPH","",-1,1,-1,0,0,0,0,0,0.000417,1,"delegate_cpu_graph"
"CPU_Elastic","COMPUTE_GRAPH","ggml_cgraph","GRAPH","",-1,1,-1,0,0,0,0,0,0.000781,1,"delegate_cpu_graph"
"CPU_Elastic","COMPUTE_GRAPH","ggml_cgraph","GRAPH","",-1,1,-1,0,0,0,0,0,0.000313,1,"delegate_cpu_graph"
"CPU_Elastic","COMPUTE_GRAPH","ggml_cgraph","GRAPH","",-1,1,-1,0,0,0,0,0,3.276042,1,"delegate_cpu_graph"
"CPU_Elastic","COMPUTE_GRAPH","ggml_cgraph","GRAPH","",-1,1,-1,0,0,0,0,0,3.274896,1,"delegate_cpu_graph"
"CPU_Elastic","COMPUTE_GRAPH","ggml_cgraph","GRAPH","",-1,1,-1,0,0,0,0,0,0.031875,1,"delegate_cpu_graph"
"CPU_Elastic","COMPUTE_GRAPH","ggml_cgraph","GRAPH","",-1,1,-1,0,0,0,0,0,4.744063,1,"delegate_cpu_graph"
"CPU_Elastic","COMPUTE_GRAPH","ggml_cgraph","GRAPH","",-1,1,-1,0,0,0,0,0,0.089688,1,"delegate_cpu_graph"
"CPU_Elastic","COMPUTE_GRAPH","ggml_cgraph","GRAPH","",-1,1,-1,0,0,0,0,0,0.000573,1,"delegate_cpu_graph"
"CPU_Elastic","COMPUTE_GRAPH","ggml_cgraph","GRAPH","",-1,1,-1,0,0,0,0,0,0.000312,1,"delegate_cpu_graph"
"CPU_Elastic","COMPUTE_GRAPH","ggml_cgraph","GRAPH","",-1,1,-1,0,0,0,0,0,0.000312,1,"delegate_cpu_graph"
"CPU_Elastic","COMPUTE_GRAPH","ggml_cgraph","GRAPH","",-1,1,-1,0,0,0,0,0,0.000312,1,"delegate_cpu_graph"
"CPU_Elastic","COMPUTE_GRAPH","ggml_cgraph","GRAPH","",-1,1,-1,0,0,0,0,0,0.000260,1,"delegate_cpu_graph"
"CPU_Elastic","COMPUTE_GRAPH","ggml_cgraph","GRAPH","",-1,1,-1,0,0,0,0,0,0.000260,1,"delegate_cpu_graph"
"CPU_Elastic","COMPUTE_GRAPH","ggml_cgraph","GRAPH","",-1,1,-1,0,0,0,0,0,0.000312,1,"delegate_cpu_graph"
"CPU_Elastic","COMPUTE_GRAPH","ggml_cgraph","GRAPH","",-1,1,-1,0,0,0,0,0,0.000312,1,"delegate_cpu_graph"
"CPU_Elastic","COMPUTE_GRAPH","ggml_cgraph","GRAPH","",-1,1,-1,0,0,0,0,0,0.007552,1,"delegate_cpu_graph"
"CPU_Elastic","COMPUTE_GRAPH","ggml_cgraph","GRAPH","",-1,1,-1,0,0,0,0,0,0.011667,1,"delegate_cpu_graph"
"CPU_Elastic","COMPUTE_GRAPH","ggml_cgraph","GRAPH","",-1,1,-1,0,0,0,0,0,0.011614,1,"delegate_cpu_graph"
"CPU_Elastic","COMPUTE_GRAPH","ggml_cgraph","GRAPH","",-1,1,-1,0,0,0,0,0,0.011198,1,"delegate_cpu_graph"
"CPU_Elastic","COMPUTE_GRAPH","ggml_cgraph","GRAPH","",-1,1,-1,0,0,0,0,0,0.011406,1,"delegate_cpu_graph"
"CPU_Elastic","COMPUTE_GRAPH","ggml_cgraph","GRAPH","",-1,1,-1,0,0,0,0,0,0.011719,1,"delegate_cpu_graph"
"CPU_Elastic","COMPUTE_GRAPH","ggml_cgraph","GRAPH","",-1,1,-1,0,0,0,0,0,0.012292,1,"delegate_cpu_graph"
"CPU_Elastic","COMPUTE_GRAPH","ggml_cgraph","GRAPH","",-1,1,-1,0,0,0,0,0,0.011562,1,"delegate_cpu_graph"
"CPU_Elastic","COMPUTE_GRAPH","ggml_cgraph","GRAPH","",-1,1,-1,0,0,0,0,0,0.010260,1,"delegate_cpu_graph"
"CPU_Elastic","COMPUTE_GRAPH","ggml_cgraph","GRAPH","",-1,1,-1,0,0,0,0,0,0.800468,1,"delegate_cpu_graph"
"CPU_Elastic","COMPUTE_GRAPH","ggml_cgraph","GRAPH","",-1,1,-1,0,0,0,0,0,0.012343,1,"delegate_cpu_graph"
"CPU_Elastic","COMPUTE_GRAPH","ggml_cgraph","GRAPH","",-1,1,-1,0,0,0,0,0,0.000417,1,"delegate_cpu_graph"
"CPU_Elastic","COMPUTE_GRAPH","ggml_cgraph","GRAPH","",-1,1,-1,0,0,0,0,0,0.014011,1,"delegate_cpu_graph"
"CPU_Elastic","COMPUTE_GRAPH","ggml_cgraph","GRAPH","",-1,1,-1,0,0,0,0,0,0.799427,1,"delegate_cpu_graph"
"CPU_Elastic","COMPUTE_GRAPH","ggml_cgraph","GRAPH","",-1,1,-1,0,0,0,0,0,0.011979,1,"delegate_cpu_graph"
"CPU_Elastic","COMPUTE_GRAPH","ggml_cgraph","GRAPH","",-1,1,-1,0,0,0,0,0,0.000417,1,"delegate_cpu_graph"
"CPU_Elastic","COMPUTE_GRAPH","ggml_cgraph","GRAPH","",-1,1,-1,0,0,0,0,0,0.012605,1,"delegate_cpu_graph"
"CPU_Elastic","COMPUTE_GRAPH","ggml_cgraph","GRAPH","",-1,1,-1,0,0,0,0,0,0.812344,1,"delegate_cpu_graph"
"CPU_Elastic","COMPUTE_GRAPH","ggml_cgraph","GRAPH","",-1,1,-1,0,0,0,0,0,0.000417,1,"delegate_cpu_graph"
"CPU_Elastic","COMPUTE_GRAPH","ggml_cgraph","GRAPH","",-1,1,-1,0,0,0,0,0,0.000261,1,"delegate_cpu_graph"
"CPU_Elastic","COMPUTE_GRAPH","ggml_cgraph","GRAPH","",-1,1,-1,0,0,0,0,0,0.010104,1,"delegate_cpu_graph"
"CPU_Elastic","COMPUTE_GRAPH","ggml_cgraph","GRAPH","",-1,1,-1,0,0,0,0,0,0.000313,1,"delegate_cpu_graph"
"CPU_Elastic","COMPUTE_GRAPH","ggml_cgraph","GRAPH","",-1,1,-1,0,0,0,0,0,0.010156,1,"delegate_cpu_graph"
"CPU_Elastic","COMPUTE_GRAPH","ggml_cgraph","GRAPH","",-1,1,-1,0,0,0,0,0,0.000313,1,"delegate_cpu_graph"
"CPU_Elastic","COMPUTE_GRAPH","ggml_cgraph","GRAPH","",-1,1,-1,0,0,0,0,0,0.000261,1,"delegate_cpu_graph"
"CPU_Elastic","COMPUTE_GRAPH","ggml_cgraph","GRAPH","",-1,1,-1,0,0,0,0,0,0.000313,1,"delegate_cpu_graph"
"CPU_Elastic","COMPUTE_GRAPH","ggml_cgraph","GRAPH","",-1,1,-1,0,0,0,0,0,0.441771,1,"delegate_cpu_graph"
"CPU_Elastic","COMPUTE_GRAPH","ggml_cgraph","GRAPH","",-1,1,-1,0,0,0,0,0,0.000417,1,"delegate_cpu_graph"
"CPU_Elastic","COMPUTE_GRAPH","ggml_cgraph","GRAPH","",-1,1,-1,0,0,0,0,0,0.000365,1,"delegate_cpu_graph"
"CPU_Elastic","COMPUTE_GRAPH","ggml_cgraph","GRAPH","",-1,1,-1,0,0,0,0,0,0.000260,1,"delegate_cpu_graph"
"CPU_Elastic","COMPUTE_GRAPH","ggml_cgraph","GRAPH","",-1,1,-1,0,0,0,0,0,0.000312,1,"delegate_cpu_graph"
"CPU_Elastic","COMPUTE_GRAPH","ggml_cgraph","GRAPH","",-1,1,-1,0,0,0,0,0,0.225625,1,"delegate_cpu_graph"
"CPU_Elastic","COMPUTE_GRAPH","ggml_cgraph","GRAPH","",-1,1,-1,0,0,0,0,0,0.049375,1,"delegate_cpu_graph"
"CPU_Elastic","COMPUTE_GRAPH","ggml_cgraph","GRAPH","",-1,1,-1,0,0,0,0,0,0.099011,1,"delegate_cpu_graph"
"CPU_Elastic","COMPUTE_GRAPH","ggml_cgraph","GRAPH","",-1,1,-1,0,0,0,0,0,0.000469,1,"delegate_cpu_graph"
"CPU_Elastic","COMPUTE_GRAPH","ggml_cgraph","GRAPH","",-1,1,-1,0,0,0,0,0,0.006927,1,"delegate_cpu_graph"
"CPU_Elastic","COMPUTE_GRAPH","ggml_cgraph","GRAPH","",-1,1,-1,0,0,0,0,0,0.799271,1,"delegate_cpu_graph"
"CPU_Elastic","COMPUTE_GRAPH","ggml_cgraph","GRAPH","",-1,1,-1,0,0,0,0,0,0.011562,1,"delegate_cpu_graph"
"CPU_Elastic","COMPUTE_GRAPH","ggml_cgraph","GRAPH","",-1,1,-1,0,0,0,0,0,0.011614,1,"delegate_cpu_graph"
"CPU_Elastic","COMPUTE_GRAPH","ggml_cgraph","GRAPH","",-1,1,-1,0,0,0,0,0,0.026771,1,"delegate_cpu_graph"
"CPU_Elastic","COMPUTE_GRAPH","ggml_cgraph","GRAPH","",-1,1,-1,0,0,0,0,0,0.005729,1,"delegate_cpu_graph"
"CPU_Elastic","COMPUTE_GRAPH","ggml_cgraph","GRAPH","",-1,1,-1,0,0,0,0,0,0.000469,1,"delegate_cpu_graph"
"CPU_Elastic","COMPUTE_GRAPH","ggml_cgraph","GRAPH","",-1,1,-1,0,0,0,0,0,0.025886,1,"delegate_cpu_graph"
"CPU_Elastic","COMPUTE_GRAPH","ggml_cgraph","GRAPH","",-1,1,-1,0,0,0,0,0,0.000416,1,"delegate_cpu_graph"
"CPU_Elastic","COMPUTE_GRAPH","ggml_cgraph","GRAPH","",-1,1,-1,0,0,0,0,0,0.000625,1,"delegate_cpu_graph"
"CPU_Elastic","COMPUTE_GRAPH","ggml_cgraph","GRAPH","",-1,1,-1,0,0,0,0,0,0.000260,1,"delegate_cpu_graph"
"CPU_Elastic","COMPUTE_GRAPH","ggml_cgraph","GRAPH","",-1,1,-1,0,0,0,0,0,3.256406,1,"delegate_cpu_graph"
"CPU_Elastic","COMPUTE_GRAPH","ggml_cgraph","GRAPH","",-1,1,-1,0,0,0,0,0,3.256197,1,"delegate_cpu_graph"
"CPU_Elastic","COMPUTE_GRAPH","ggml_cgraph","GRAPH","",-1,1,-1,0,0,0,0,0,0.029323,1,"delegate_cpu_graph"
"CPU_Elastic","COMPUTE_GRAPH","ggml_cgraph","GRAPH","",-1,1,-1,0,0,0,0,0,3.490573,1,"delegate_cpu_graph"
"CPU_Elastic","COMPUTE_GRAPH","ggml_cgraph","GRAPH","",-1,1,-1,0,0,0,0,0,0.089010,1,"delegate_cpu_graph"
"CPU_Elastic","COMPUTE_GRAPH","ggml_cgraph","GRAPH","",-1,1,-1,0,0,0,0,0,0.000677,1,"delegate_cpu_graph"
"CPU_Elastic","COMPUTE_GRAPH","ggml_cgraph","GRAPH","",-1,1,-1,0,0,0,0,0,0.000260,1,"delegate_cpu_graph"
"CPU_Elastic","COMPUTE_GRAPH","ggml_cgraph","GRAPH","",-1,1,-1,0,0,0,0,0,0.000260,1,"delegate_cpu_graph"
"CPU_Elastic","COMPUTE_GRAPH","ggml_cgraph","GRAPH","",-1,1,-1,0,0,0,0,0,0.000312,1,"delegate_cpu_graph"
"CPU_Elastic","COMPUTE_GRAPH","ggml_cgraph","GRAPH","",-1,1,-1,0,0,0,0,0,0.000260,1,"delegate_cpu_graph"
"CPU_Elastic","COMPUTE_GRAPH","ggml_cgraph","GRAPH","",-1,1,-1,0,0,0,0,0,0.000312,1,"delegate_cpu_graph"
"CPU_Elastic","COMPUTE_GRAPH","ggml_cgraph","GRAPH","",-1,1,-1,0,0,0,0,0,0.000417,1,"delegate_cpu_graph"
"CPU_Elastic","COMPUTE_GRAPH","ggml_cgraph","GRAPH","",-1,1,-1,0,0,0,0,0,0.000260,1,"delegate_cpu_graph"
"CPU_Elastic","COMPUTE_GRAPH","ggml_cgraph","GRAPH","",-1,1,-1,0,0,0,0,0,0.006719,1,"delegate_cpu_graph"
"CPU_Elastic","COMPUTE_GRAPH","ggml_cgraph","GRAPH","",-1,1,-1,0,0,0,0,0,0.011146,1,"delegate_cpu_graph"
"CPU_Elastic","COMPUTE_GRAPH","ggml_cgraph","GRAPH","",-1,1,-1,0,0,0,0,0,0.011250,1,"delegate_cpu_graph"
"CPU_Elastic","COMPUTE_GRAPH","ggml_cgraph","GRAPH","",-1,1,-1,0,0,0,0,0,0.011615,1,"delegate_cpu_graph"
"CPU_Elastic","COMPUTE_GRAPH","ggml_cgraph","GRAPH","",-1,1,-1,0,0,0,0,0,0.011250,1,"delegate_cpu_graph"
"CPU_Elastic","COMPUTE_GRAPH","ggml_cgraph","GRAPH","",-1,1,-1,0,0,0,0,0,0.011250,1,"delegate_cpu_graph"
"CPU_Elastic","COMPUTE_GRAPH","ggml_cgraph","GRAPH","",-1,1,-1,0,0,0,0,0,0.011198,1,"delegate_cpu_graph"
"CPU_Elastic","COMPUTE_GRAPH","ggml_cgraph","GRAPH","",-1,1,-1,0,0,0,0,0,0.009636,1,"delegate_cpu_graph"
"CPU_Elastic","COMPUTE_GRAPH","ggml_cgraph","GRAPH","",-1,1,-1,0,0,0,0,0,0.011354,1,"delegate_cpu_graph"
"CPU_Elastic","COMPUTE_GRAPH","ggml_cgraph","GRAPH","",-1,1,-1,0,0,0,0,0,0.799531,1,"delegate_cpu_graph"
"CPU_Elastic","COMPUTE_GRAPH","ggml_cgraph","GRAPH","",-1,1,-1,0,0,0,0,0,0.012083,1,"delegate_cpu_graph"
"CPU_Elastic","COMPUTE_GRAPH","ggml_cgraph","GRAPH","",-1,1,-1,0,0,0,0,0,0.000417,1,"delegate_cpu_graph"
"CPU_Elastic","COMPUTE_GRAPH","ggml_cgraph","GRAPH","",-1,1,-1,0,0,0,0,0,0.013958,1,"delegate_cpu_graph"
"CPU_Elastic","COMPUTE_GRAPH","ggml_cgraph","GRAPH","",-1,1,-1,0,0,0,0,0,0.801250,1,"delegate_cpu_graph"
"CPU_Elastic","COMPUTE_GRAPH","ggml_cgraph","GRAPH","",-1,1,-1,0,0,0,0,0,0.011875,1,"delegate_cpu_graph"
"CPU_Elastic","COMPUTE_GRAPH","ggml_cgraph","GRAPH","",-1,1,-1,0,0,0,0,0,0.000417,1,"delegate_cpu_graph"
"CPU_Elastic","COMPUTE_GRAPH","ggml_cgraph","GRAPH","",-1,1,-1,0,0,0,0,0,0.012812,1,"delegate_cpu_graph"
"CPU_Elastic","COMPUTE_GRAPH","ggml_cgraph","GRAPH","",-1,1,-1,0,0,0,0,0,0.799791,1,"delegate_cpu_graph"
"CPU_Elastic","COMPUTE_GRAPH","ggml_cgraph","GRAPH","",-1,1,-1,0,0,0,0,0,0.000416,1,"delegate_cpu_graph"
"CPU_Elastic","COMPUTE_GRAPH","ggml_cgraph","GRAPH","",-1,1,-1,0,0,0,0,0,0.000260,1,"delegate_cpu_graph"
"CPU_Elastic","COMPUTE_GRAPH","ggml_cgraph","GRAPH","",-1,1,-1,0,0,0,0,0,0.010157,1,"delegate_cpu_graph"
"CPU_Elastic","COMPUTE_GRAPH","ggml_cgraph","GRAPH","",-1,1,-1,0,0,0,0,0,0.000312,1,"delegate_cpu_graph"
"CPU_Elastic","COMPUTE_GRAPH","ggml_cgraph","GRAPH","",-1,1,-1,0,0,0,0,0,0.009948,1,"delegate_cpu_graph"
"CPU_Elastic","COMPUTE_GRAPH","ggml_cgraph","GRAPH","",-1,1,-1,0,0,0,0,0,0.000313,1,"delegate_cpu_graph"
"CPU_Elastic","COMPUTE_GRAPH","ggml_cgraph","GRAPH","",-1,1,-1,0,0,0,0,0,0.000313,1,"delegate_cpu_graph"
"CPU_Elastic","COMPUTE_GRAPH","ggml_cgraph","GRAPH","",-1,1,-1,0,0,0,0,0,0.000260,1,"delegate_cpu_graph"
"CPU_Elastic","COMPUTE_GRAPH","ggml_cgraph","GRAPH","",-1,1,-1,0,0,0,0,0,0.441250,1,"delegate_cpu_graph"
"CPU_Elastic","COMPUTE_GRAPH","ggml_cgraph","GRAPH","",-1,1,-1,0,0,0,0,0,0.000417,1,"delegate_cpu_graph"
"CPU_Elastic","COMPUTE_GRAPH","ggml_cgraph","GRAPH","",-1,1,-1,0,0,0,0,0,0.000261,1,"delegate_cpu_graph"
"CPU_Elastic","COMPUTE_GRAPH","ggml_cgraph","GRAPH","",-1,1,-1,0,0,0,0,0,0.000261,1,"delegate_cpu_graph"
"CPU_Elastic","COMPUTE_GRAPH","ggml_cgraph","GRAPH","",-1,1,-1,0,0,0,0,0,0.000261,1,"delegate_cpu_graph"
"CPU_Elastic","COMPUTE_GRAPH","ggml_cgraph","GRAPH","",-1,1,-1,0,0,0,0,0,0.224011,1,"delegate_cpu_graph"
"CPU_Elastic","COMPUTE_GRAPH","ggml_cgraph","GRAPH","",-1,1,-1,0,0,0,0,0,0.051198,1,"delegate_cpu_graph"
"CPU_Elastic","COMPUTE_GRAPH","ggml_cgraph","GRAPH","",-1,1,-1,0,0,0,0,0,0.096823,1,"delegate_cpu_graph"
"CPU_Elastic","COMPUTE_GRAPH","ggml_cgraph","GRAPH","",-1,1,-1,0,0,0,0,0,0.000417,1,"delegate_cpu_graph"
"CPU_Elastic","COMPUTE_GRAPH","ggml_cgraph","GRAPH","",-1,1,-1,0,0,0,0,0,0.007136,1,"delegate_cpu_graph"
"CPU_Elastic","COMPUTE_GRAPH","ggml_cgraph","GRAPH","",-1,1,-1,0,0,0,0,0,0.833646,1,"delegate_cpu_graph"
"CPU_Elastic","COMPUTE_GRAPH","ggml_cgraph","GRAPH","",-1,1,-1,0,0,0,0,0,0.011302,1,"delegate_cpu_graph"
"CPU_Elastic","COMPUTE_GRAPH","ggml_cgraph","GRAPH","",-1,1,-1,0,0,0,0,0,0.011615,1,"delegate_cpu_graph"
"CPU_Elastic","COMPUTE_GRAPH","ggml_cgraph","GRAPH","",-1,1,-1,0,0,0,0,0,0.027448,1,"delegate_cpu_graph"
"CPU_Elastic","COMPUTE_GRAPH","ggml_cgraph","GRAPH","",-1,1,-1,0,0,0,0,0,0.005417,1,"delegate_cpu_graph"
"CPU_Elastic","COMPUTE_GRAPH","ggml_cgraph","GRAPH","",-1,1,-1,0,0,0,0,0,0.000417,1,"delegate_cpu_graph"
"CPU_Elastic","COMPUTE_GRAPH","ggml_cgraph","GRAPH","",-1,1,-1,0,0,0,0,0,0.025833,1,"delegate_cpu_graph"
"CPU_Elastic","COMPUTE_GRAPH","ggml_cgraph","GRAPH","",-1,1,-1,0,0,0,0,0,0.000417,1,"delegate_cpu_graph"
"CPU_Elastic","COMPUTE_GRAPH","ggml_cgraph","GRAPH","",-1,1,-1,0,0,0,0,0,0.000781,1,"delegate_cpu_graph"
"CPU_Elastic","COMPUTE_GRAPH","ggml_cgraph","GRAPH","",-1,1,-1,0,0,0,0,0,0.000312,1,"delegate_cpu_graph"
"CPU_Elastic","COMPUTE_GRAPH","ggml_cgraph","GRAPH","",-1,1,-1,0,0,0,0,0,3.247917,1,"delegate_cpu_graph"
"CPU_Elastic","COMPUTE_GRAPH","ggml_cgraph","GRAPH","",-1,1,-1,0,0,0,0,0,3.222760,1,"delegate_cpu_graph"
"CPU_Elastic","COMPUTE_GRAPH","ggml_cgraph","GRAPH","",-1,1,-1,0,0,0,0,0,0.030677,1,"delegate_cpu_graph"
"CPU_Elastic","COMPUTE_GRAPH","ggml_cgraph","GRAPH","",-1,1,-1,0,0,0,0,0,3.511614,1,"delegate_cpu_graph"
"CPU_Elastic","COMPUTE_GRAPH","ggml_cgraph","GRAPH","",-1,1,-1,0,0,0,0,0,0.090156,1,"delegate_cpu_graph"
"CPU_Elastic","COMPUTE_GRAPH","ggml_cgraph","GRAPH","",-1,1,-1,0,0,0,0,0,0.000625,1,"delegate_cpu_graph"
"CPU_Elastic","COMPUTE_GRAPH","ggml_cgraph","GRAPH","",-1,1,-1,0,0,0,0,0,0.000312,1,"delegate_cpu_graph"
"CPU_Elastic","COMPUTE_GRAPH","ggml_cgraph","GRAPH","",-1,1,-1,0,0,0,0,0,0.000260,1,"delegate_cpu_graph"
"CPU_Elastic","COMPUTE_GRAPH","ggml_cgraph","GRAPH","",-1,1,-1,0,0,0,0,0,0.000260,1,"delegate_cpu_graph"
"CPU_Elastic","COMPUTE_GRAPH","ggml_cgraph","GRAPH","",-1,1,-1,0,0,0,0,0,0.000209,1,"delegate_cpu_graph"
"CPU_Elastic","COMPUTE_GRAPH","ggml_cgraph","GRAPH","",-1,1,-1,0,0,0,0,0,0.000261,1,"delegate_cpu_graph"
"CPU_Elastic","COMPUTE_GRAPH","ggml_cgraph","GRAPH","",-1,1,-1,0,0,0,0,0,0.000260,1,"delegate_cpu_graph"
"CPU_Elastic","COMPUTE_GRAPH","ggml_cgraph","GRAPH","",-1,1,-1,0,0,0,0,0,0.000260,1,"delegate_cpu_graph"
"CPU_Elastic","COMPUTE_GRAPH","ggml_cgraph","GRAPH","",-1,1,-1,0,0,0,0,0,0.007864,1,"delegate_cpu_graph"
"CPU_Elastic","COMPUTE_GRAPH","ggml_cgraph","GRAPH","",-1,1,-1,0,0,0,0,0,0.014584,1,"delegate_cpu_graph"
"CPU_Elastic","COMPUTE_GRAPH","ggml_cgraph","GRAPH","",-1,1,-1,0,0,0,0,0,0.011823,1,"delegate_cpu_graph"
"CPU_Elastic","COMPUTE_GRAPH","ggml_cgraph","GRAPH","",-1,1,-1,0,0,0,0,0,0.011927,1,"delegate_cpu_graph"
"CPU_Elastic","COMPUTE_GRAPH","ggml_cgraph","GRAPH","",-1,1,-1,0,0,0,0,0,0.011927,1,"delegate_cpu_graph"
"CPU_Elastic","COMPUTE_GRAPH","ggml_cgraph","GRAPH","",-1,1,-1,0,0,0,0,0,0.012344,1,"delegate_cpu_graph"
"CPU_Elastic","COMPUTE_GRAPH","ggml_cgraph","GRAPH","",-1,1,-1,0,0,0,0,0,0.010677,1,"delegate_cpu_graph"
"CPU_Elastic","COMPUTE_GRAPH","ggml_cgraph","GRAPH","",-1,1,-1,0,0,0,0,0,0.011302,1,"delegate_cpu_graph"
"CPU_Elastic","COMPUTE_GRAPH","ggml_cgraph","GRAPH","",-1,1,-1,0,0,0,0,0,0.040886,1,"delegate_cpu_graph"
"CPU_Elastic","COMPUTE_GRAPH","ggml_cgraph","GRAPH","",-1,1,-1,0,0,0,0,0,0.810365,1,"delegate_cpu_graph"
"CPU_Elastic","COMPUTE_GRAPH","ggml_cgraph","GRAPH","",-1,1,-1,0,0,0,0,0,0.011614,1,"delegate_cpu_graph"
"CPU_Elastic","COMPUTE_GRAPH","ggml_cgraph","GRAPH","",-1,1,-1,0,0,0,0,0,0.000469,1,"delegate_cpu_graph"
"CPU_Elastic","COMPUTE_GRAPH","ggml_cgraph","GRAPH","",-1,1,-1,0,0,0,0,0,0.025573,1,"delegate_cpu_graph"
"CPU_Elastic","COMPUTE_GRAPH","ggml_cgraph","GRAPH","",-1,1,-1,0,0,0,0,0,0.821771,1,"delegate_cpu_graph"
"CPU_Elastic","COMPUTE_GRAPH","ggml_cgraph","GRAPH","",-1,1,-1,0,0,0,0,0,0.010677,1,"delegate_cpu_graph"
"CPU_Elastic","COMPUTE_GRAPH","ggml_cgraph","GRAPH","",-1,1,-1,0,0,0,0,0,0.000469,1,"delegate_cpu_graph"
"CPU_Elastic","COMPUTE_GRAPH","ggml_cgraph","GRAPH","",-1,1,-1,0,0,0,0,0,0.012708,1,"delegate_cpu_graph"
"CPU_Elastic","COMPUTE_GRAPH","ggml_cgraph","GRAPH","",-1,1,-1,0,0,0,0,0,1.063854,1,"delegate_cpu_graph"
"CPU_Elastic","COMPUTE_GRAPH","ggml_cgraph","GRAPH","",-1,1,-1,0,0,0,0,0,0.000625,1,"delegate_cpu_graph"
"CPU_Elastic","COMPUTE_GRAPH","ggml_cgraph","GRAPH","",-1,1,-1,0,0,0,0,0,0.000313,1,"delegate_cpu_graph"
"CPU_Elastic","COMPUTE_GRAPH","ggml_cgraph","GRAPH","",-1,1,-1,0,0,0,0,0,0.010052,1,"delegate_cpu_graph"
"CPU_Elastic","COMPUTE_GRAPH","ggml_cgraph","GRAPH","",-1,1,-1,0,0,0,0,0,0.000365,1,"delegate_cpu_graph"
"CPU_Elastic","COMPUTE_GRAPH","ggml_cgraph","GRAPH","",-1,1,-1,0,0,0,0,0,0.010052,1,"delegate_cpu_graph"
"CPU_Elastic","COMPUTE_GRAPH","ggml_cgraph","GRAPH","",-1,1,-1,0,0,0,0,0,0.000312,1,"delegate_cpu_graph"
"CPU_Elastic","COMPUTE_GRAPH","ggml_cgraph","GRAPH","",-1,1,-1,0,0,0,0,0,0.000364,1,"delegate_cpu_graph"
"CPU_Elastic","COMPUTE_GRAPH","ggml_cgraph","GRAPH","",-1,1,-1,0,0,0,0,0,0.000260,1,"delegate_cpu_graph"
"CPU_Elastic","COMPUTE_GRAPH","ggml_cgraph","GRAPH","",-1,1,-1,0,0,0,0,0,0.437135,1,"delegate_cpu_graph"
"CPU_Elastic","COMPUTE_GRAPH","ggml_cgraph","GRAPH","",-1,1,-1,0,0,0,0,0,0.000469,1,"delegate_cpu_graph"
"CPU_Elastic","COMPUTE_GRAPH","ggml_cgraph","GRAPH","",-1,1,-1,0,0,0,0,0,0.000312,1,"delegate_cpu_graph"
"CPU_Elastic","COMPUTE_GRAPH","ggml_cgraph","GRAPH","",-1,1,-1,0,0,0,0,0,0.000260,1,"delegate_cpu_graph"
"CPU_Elastic","COMPUTE_GRAPH","ggml_cgraph","GRAPH","",-1,1,-1,0,0,0,0,0,0.000260,1,"delegate_cpu_graph"
"CPU_Elastic","COMPUTE_GRAPH","ggml_cgraph","GRAPH","",-1,1,-1,0,0,0,0,0,0.225364,1,"delegate_cpu_graph"
"CPU_Elastic","COMPUTE_GRAPH","ggml_cgraph","GRAPH","",-1,1,-1,0,0,0,0,0,0.052344,1,"delegate_cpu_graph"
"CPU_Elastic","COMPUTE_GRAPH","ggml_cgraph","GRAPH","",-1,1,-1,0,0,0,0,0,0.096511,1,"delegate_cpu_graph"
"CPU_Elastic","COMPUTE_GRAPH","ggml_cgraph","GRAPH","",-1,1,-1,0,0,0,0,0,0.000417,1,"delegate_cpu_graph"
"CPU_Elastic","COMPUTE_GRAPH","ggml_cgraph","GRAPH","",-1,1,-1,0,0,0,0,0,0.007084,1,"delegate_cpu_graph"
"CPU_Elastic","COMPUTE_GRAPH","ggml_cgraph","GRAPH","",-1,1,-1,0,0,0,0,0,0.800313,1,"delegate_cpu_graph"
"CPU_Elastic","COMPUTE_GRAPH","ggml_cgraph","GRAPH","",-1,1,-1,0,0,0,0,0,0.011719,1,"delegate_cpu_graph"
"CPU_Elastic","COMPUTE_GRAPH","ggml_cgraph","GRAPH","",-1,1,-1,0,0,0,0,0,0.011666,1,"delegate_cpu_graph"
"CPU_Elastic","COMPUTE_GRAPH","ggml_cgraph","GRAPH","",-1,1,-1,0,0,0,0,0,0.027500,1,"delegate_cpu_graph"
"CPU_Elastic","COMPUTE_GRAPH","ggml_cgraph","GRAPH","",-1,1,-1,0,0,0,0,0,0.008542,1,"delegate_cpu_graph"
"CPU_Elastic","COMPUTE_GRAPH","ggml_cgraph","GRAPH","",-1,1,-1,0,0,0,0,0,0.000468,1,"delegate_cpu_graph"
"CPU_Elastic","COMPUTE_GRAPH","ggml_cgraph","GRAPH","",-1,1,-1,0,0,0,0,0,0.024687,1,"delegate_cpu_graph"
"CPU_Elastic","COMPUTE_GRAPH","ggml_cgraph","GRAPH","",-1,1,-1,0,0,0,0,0,0.000469,1,"delegate_cpu_graph"
"CPU_Elastic","COMPUTE_GRAPH","ggml_cgraph","GRAPH","",-1,1,-1,0,0,0,0,0,0.000729,1,"delegate_cpu_graph"
"CPU_Elastic","COMPUTE_GRAPH","ggml_cgraph","GRAPH","",-1,1,-1,0,0,0,0,0,0.000313,1,"delegate_cpu_graph"
"CPU_Elastic","COMPUTE_GRAPH","ggml_cgraph","GRAPH","",-1,1,-1,0,0,0,0,0,3.250625,1,"delegate_cpu_graph"
"CPU_Elastic","COMPUTE_GRAPH","ggml_cgraph","GRAPH","",-1,1,-1,0,0,0,0,0,3.270157,1,"delegate_cpu_graph"
"CPU_Elastic","COMPUTE_GRAPH","ggml_cgraph","GRAPH","",-1,1,-1,0,0,0,0,0,0.030261,1,"delegate_cpu_graph"
"CPU_Elastic","COMPUTE_GRAPH","ggml_cgraph","GRAPH","",-1,1,-1,0,0,0,0,0,4.653281,1,"delegate_cpu_graph"
"CPU_Elastic","COMPUTE_GRAPH","ggml_cgraph","GRAPH","",-1,1,-1,0,0,0,0,0,0.090573,1,"delegate_cpu_graph"
"CPU_Elastic","COMPUTE_GRAPH","ggml_cgraph","GRAPH","",-1,1,-1,0,0,0,0,0,0.000573,1,"delegate_cpu_graph"
"CPU_Elastic","COMPUTE_GRAPH","ggml_cgraph","GRAPH","",-1,1,-1,0,0,0,0,0,0.000313,1,"delegate_cpu_graph"
"CPU_Elastic","COMPUTE_GRAPH","ggml_cgraph","GRAPH","",-1,1,-1,0,0,0,0,0,0.000313,1,"delegate_cpu_graph"
"CPU_Elastic","COMPUTE_GRAPH","ggml_cgraph","GRAPH","",-1,1,-1,0,0,0,0,0,0.000313,1,"delegate_cpu_graph"
"CPU_Elastic","COMPUTE_GRAPH","ggml_cgraph","GRAPH","",-1,1,-1,0,0,0,0,0,0.000313,1,"delegate_cpu_graph"
"CPU_Elastic","COMPUTE_GRAPH","ggml_cgraph","GRAPH","",-1,1,-1,0,0,0,0,0,0.000313,1,"delegate_cpu_graph"
"CPU_Elastic","COMPUTE_GRAPH","ggml_cgraph","GRAPH","",-1,1,-1,0,0,0,0,0,0.000313,1,"delegate_cpu_graph"
"CPU_Elastic","COMPUTE_GRAPH","ggml_cgraph","GRAPH","",-1,1,-1,0,0,0,0,0,0.000261,1,"delegate_cpu_graph"
"CPU_Elastic","COMPUTE_GRAPH","ggml_cgraph","GRAPH","",-1,1,-1,0,0,0,0,0,0.006875,1,"delegate_cpu_graph"
"CPU_Elastic","COMPUTE_GRAPH","ggml_cgraph","GRAPH","",-1,1,-1,0,0,0,0,0,0.012032,1,"delegate_cpu_graph"
"CPU_Elastic","COMPUTE_GRAPH","ggml_cgraph","GRAPH","",-1,1,-1,0,0,0,0,0,0.012447,1,"delegate_cpu_graph"
"CPU_Elastic","COMPUTE_GRAPH","ggml_cgraph","GRAPH","",-1,1,-1,0,0,0,0,0,0.011094,1,"delegate_cpu_graph"
"CPU_Elastic","COMPUTE_GRAPH","ggml_cgraph","GRAPH","",-1,1,-1,0,0,0,0,0,0.011250,1,"delegate_cpu_graph"
"CPU_Elastic","COMPUTE_GRAPH","ggml_cgraph","GRAPH","",-1,1,-1,0,0,0,0,0,0.011875,1,"delegate_cpu_graph"
"CPU_Elastic","COMPUTE_GRAPH","ggml_cgraph","GRAPH","",-1,1,-1,0,0,0,0,0,0.011146,1,"delegate_cpu_graph"
"CPU_Elastic","COMPUTE_GRAPH","ggml_cgraph","GRAPH","",-1,1,-1,0,0,0,0,0,0.011406,1,"delegate_cpu_graph"
"CPU_Elastic","COMPUTE_GRAPH","ggml_cgraph","GRAPH","",-1,1,-1,0,0,0,0,0,0.010625,1,"delegate_cpu_graph"
"CPU_Elastic","COMPUTE_GRAPH","ggml_cgraph","GRAPH","",-1,1,-1,0,0,0,0,0,0.916459,1,"delegate_cpu_graph"
"CPU_Elastic","COMPUTE_GRAPH","ggml_cgraph","GRAPH","",-1,1,-1,0,0,0,0,0,0.012239,1,"delegate_cpu_graph"
"CPU_Elastic","COMPUTE_GRAPH","ggml_cgraph","GRAPH","",-1,1,-1,0,0,0,0,0,0.000417,1,"delegate_cpu_graph"
"CPU_Elastic","COMPUTE_GRAPH","ggml_cgraph","GRAPH","",-1,1,-1,0,0,0,0,0,0.012865,1,"delegate_cpu_graph"
"CPU_Elastic","COMPUTE_GRAPH","ggml_cgraph","GRAPH","",-1,1,-1,0,0,0,0,0,0.799219,1,"delegate_cpu_graph"
"CPU_Elastic","COMPUTE_GRAPH","ggml_cgraph","GRAPH","",-1,1,-1,0,0,0,0,0,0.011094,1,"delegate_cpu_graph"
"CPU_Elastic","COMPUTE_GRAPH","ggml_cgraph","GRAPH","",-1,1,-1,0,0,0,0,0,0.000469,1,"delegate_cpu_graph"
"CPU_Elastic","COMPUTE_GRAPH","ggml_cgraph","GRAPH","",-1,1,-1,0,0,0,0,0,0.012292,1,"delegate_cpu_graph"
"CPU_Elastic","COMPUTE_GRAPH","ggml_cgraph","GRAPH","",-1,1,-1,0,0,0,0,0,1.058281,1,"delegate_cpu_graph"
"CPU_Elastic","COMPUTE_GRAPH","ggml_cgraph","GRAPH","",-1,1,-1,0,0,0,0,0,0.000469,1,"delegate_cpu_graph"
"CPU_Elastic","COMPUTE_GRAPH","ggml_cgraph","GRAPH","",-1,1,-1,0,0,0,0,0,0.000312,1,"delegate_cpu_graph"
"CPU_Elastic","COMPUTE_GRAPH","ggml_cgraph","GRAPH","",-1,1,-1,0,0,0,0,0,0.010261,1,"delegate_cpu_graph"
"CPU_Elastic","COMPUTE_GRAPH","ggml_cgraph","GRAPH","",-1,1,-1,0,0,0,0,0,0.000365,1,"delegate_cpu_graph"
"CPU_Elastic","COMPUTE_GRAPH","ggml_cgraph","GRAPH","",-1,1,-1,0,0,0,0,0,0.009895,1,"delegate_cpu_graph"
"CPU_Elastic","COMPUTE_GRAPH","ggml_cgraph","GRAPH","",-1,1,-1,0,0,0,0,0,0.000364,1,"delegate_cpu_graph"
"CPU_Elastic","COMPUTE_GRAPH","ggml_cgraph","GRAPH","",-1,1,-1,0,0,0,0,0,0.000260,1,"delegate_cpu_graph"
"CPU_Elastic","COMPUTE_GRAPH","ggml_cgraph","GRAPH","",-1,1,-1,0,0,0,0,0,0.000261,1,"delegate_cpu_graph"
"CPU_Elastic","COMPUTE_GRAPH","ggml_cgraph","GRAPH","",-1,1,-1,0,0,0,0,0,0.437031,1,"delegate_cpu_graph"
"CPU_Elastic","COMPUTE_GRAPH","ggml_cgraph","GRAPH","",-1,1,-1,0,0,0,0,0,0.000468,1,"delegate_cpu_graph"
"CPU_Elastic","COMPUTE_GRAPH","ggml_cgraph","GRAPH","",-1,1,-1,0,0,0,0,0,0.000260,1,"delegate_cpu_graph"
"CPU_Elastic","COMPUTE_GRAPH","ggml_cgraph","GRAPH","",-1,1,-1,0,0,0,0,0,0.000260,1,"delegate_cpu_graph"
"CPU_Elastic","COMPUTE_GRAPH","ggml_cgraph","GRAPH","",-1,1,-1,0,0,0,0,0,0.000260,1,"delegate_cpu_graph"
"CPU_Elastic","COMPUTE_GRAPH","ggml_cgraph","GRAPH","",-1,1,-1,0,0,0,0,0,0.225833,1,"delegate_cpu_graph"
"CPU_Elastic","COMPUTE_GRAPH","ggml_cgraph","GRAPH","",-1,1,-1,0,0,0,0,0,0.051198,1,"delegate_cpu_graph"
"CPU_Elastic","COMPUTE_GRAPH","ggml_cgraph","GRAPH","",-1,1,-1,0,0,0,0,0,0.096459,1,"delegate_cpu_graph"
"CPU_Elastic","COMPUTE_GRAPH","ggml_cgraph","GRAPH","",-1,1,-1,0,0,0,0,0,0.000417,1,"delegate_cpu_graph"
"CPU_Elastic","COMPUTE_GRAPH","ggml_cgraph","GRAPH","",-1,1,-1,0,0,0,0,0,0.007188,1,"delegate_cpu_graph"
"CPU_Elastic","COMPUTE_GRAPH","ggml_cgraph","GRAPH","",-1,1,-1,0,0,0,0,0,0.800938,1,"delegate_cpu_graph"
"CPU_Elastic","COMPUTE_GRAPH","ggml_cgraph","GRAPH","",-1,1,-1,0,0,0,0,0,0.024584,1,"delegate_cpu_graph"
"CPU_Elastic","COMPUTE_GRAPH","ggml_cgraph","GRAPH","",-1,1,-1,0,0,0,0,0,0.009114,1,"delegate_cpu_graph"
"CPU_Elastic","COMPUTE_GRAPH","ggml_cgraph","GRAPH","",-1,1,-1,0,0,0,0,0,0.025937,1,"delegate_cpu_graph"
"CPU_Elastic","COMPUTE_GRAPH","ggml_cgraph","GRAPH","",-1,1,-1,0,0,0,0,0,0.005208,1,"delegate_cpu_graph"
"CPU_Elastic","COMPUTE_GRAPH","ggml_cgraph","GRAPH","",-1,1,-1,0,0,0,0,0,0.000469,1,"delegate_cpu_graph"
"CPU_Elastic","COMPUTE_GRAPH","ggml_cgraph","GRAPH","",-1,1,-1,0,0,0,0,0,0.025209,1,"delegate_cpu_graph"
"CPU_Elastic","COMPUTE_GRAPH","ggml_cgraph","GRAPH","",-1,1,-1,0,0,0,0,0,0.000416,1,"delegate_cpu_graph"
"CPU_Elastic","COMPUTE_GRAPH","ggml_cgraph","GRAPH","",-1,1,-1,0,0,0,0,0,0.000781,1,"delegate_cpu_graph"
"CPU_Elastic","COMPUTE_GRAPH","ggml_cgraph","GRAPH","",-1,1,-1,0,0,0,0,0,0.000260,1,"delegate_cpu_graph"
"CPU_Elastic","COMPUTE_GRAPH","ggml_cgraph","GRAPH","",-1,1,-1,0,0,0,0,0,3.258594,1,"delegate_cpu_graph"
"CPU_Elastic","COMPUTE_GRAPH","ggml_cgraph","GRAPH","",-1,1,-1,0,0,0,0,0,3.300000,1,"delegate_cpu_graph"
"CPU_Elastic","COMPUTE_GRAPH","ggml_cgraph","GRAPH","",-1,1,-1,0,0,0,0,0,0.030989,1,"delegate_cpu_graph"
"CPU_Elastic","COMPUTE_GRAPH","ggml_cgraph","GRAPH","",-1,1,-1,0,0,0,0,0,4.781614,1,"delegate_cpu_graph"
"CPU_Elastic","COMPUTE_GRAPH","ggml_cgraph","GRAPH","",-1,1,-1,0,0,0,0,0,0.150417,1,"delegate_cpu_graph"
"CPU_Elastic","COMPUTE_GRAPH","ggml_cgraph","GRAPH","",-1,1,-1,0,0,0,0,0,0.000573,1,"delegate_cpu_graph"
"CPU_Elastic","COMPUTE_GRAPH","ggml_cgraph","GRAPH","",-1,1,-1,0,0,0,0,0,0.000312,1,"delegate_cpu_graph"
"CPU_Elastic","COMPUTE_GRAPH","ggml_cgraph","GRAPH","",-1,1,-1,0,0,0,0,0,0.000312,1,"delegate_cpu_graph"
"CPU_Elastic","COMPUTE_GRAPH","ggml_cgraph","GRAPH","",-1,1,-1,0,0,0,0,0,0.000313,1,"delegate_cpu_graph"
"CPU_Elastic","COMPUTE_GRAPH","ggml_cgraph","GRAPH","",-1,1,-1,0,0,0,0,0,0.000313,1,"delegate_cpu_graph"
"CPU_Elastic","COMPUTE_GRAPH","ggml_cgraph","GRAPH","",-1,1,-1,0,0,0,0,0,0.000313,1,"delegate_cpu_graph"
"CPU_Elastic","COMPUTE_GRAPH","ggml_cgraph","GRAPH","",-1,1,-1,0,0,0,0,0,0.000521,1,"delegate_cpu_graph"
"CPU_Elastic","COMPUTE_GRAPH","ggml_cgraph","GRAPH","",-1,1,-1,0,0,0,0,0,0.000312,1,"delegate_cpu_graph"
"CPU_Elastic","COMPUTE_GRAPH","ggml_cgraph","GRAPH","",-1,1,-1,0,0,0,0,0,0.006510,1,"delegate_cpu_graph"
"CPU_Elastic","COMPUTE_GRAPH","ggml_cgraph","GRAPH","",-1,1,-1,0,0,0,0,0,0.011250,1,"delegate_cpu_graph"
"CPU_Elastic","COMPUTE_GRAPH","ggml_cgraph","GRAPH","",-1,1,-1,0,0,0,0,0,0.011458,1,"delegate_cpu_graph"
"CPU_Elastic","COMPUTE_GRAPH","ggml_cgraph","GRAPH","",-1,1,-1,0,0,0,0,0,0.011667,1,"delegate_cpu_graph"
"CPU_Elastic","COMPUTE_GRAPH","ggml_cgraph","GRAPH","",-1,1,-1,0,0,0,0,0,0.011927,1,"delegate_cpu_graph"
"CPU_Elastic","COMPUTE_GRAPH","ggml_cgraph","GRAPH","",-1,1,-1,0,0,0,0,0,0.011093,1,"delegate_cpu_graph"
"CPU_Elastic","COMPUTE_GRAPH","ggml_cgraph","GRAPH","",-1,1,-1,0,0,0,0,0,0.011355,1,"delegate_cpu_graph"
"CPU_Elastic","COMPUTE_GRAPH","ggml_cgraph","GRAPH","",-1,1,-1,0,0,0,0,0,0.009635,1,"delegate_cpu_graph"
"CPU_Elastic","COMPUTE_GRAPH","ggml_cgraph","GRAPH","",-1,1,-1,0,0,0,0,0,0.011823,1,"delegate_cpu_graph"
"CPU_Elastic","COMPUTE_GRAPH","ggml_cgraph","GRAPH","",-1,1,-1,0,0,0,0,0,0.864896,1,"delegate_cpu_graph"
"CPU_Elastic","COMPUTE_GRAPH","ggml_cgraph","GRAPH","",-1,1,-1,0,0,0,0,0,0.011979,1,"delegate_cpu_graph"
"CPU_Elastic","COMPUTE_GRAPH","ggml_cgraph","GRAPH","",-1,1,-1,0,0,0,0,0,0.000469,1,"delegate_cpu_graph"
"CPU_Elastic","COMPUTE_GRAPH","ggml_cgraph","GRAPH","",-1,1,-1,0,0,0,0,0,0.014167,1,"delegate_cpu_graph"
"CPU_Elastic","COMPUTE_GRAPH","ggml_cgraph","GRAPH","",-1,1,-1,0,0,0,0,0,0.800156,1,"delegate_cpu_graph"
"CPU_Elastic","COMPUTE_GRAPH","ggml_cgraph","GRAPH","",-1,1,-1,0,0,0,0,0,0.011407,1,"delegate_cpu_graph"
"CPU_Elastic","COMPUTE_GRAPH","ggml_cgraph","GRAPH","",-1,1,-1,0,0,0,0,0,0.000469,1,"delegate_cpu_graph"
"CPU_Elastic","COMPUTE_GRAPH","ggml_cgraph","GRAPH","",-1,1,-1,0,0,0,0,0,0.010886,1,"delegate_cpu_graph"
"CPU_Elastic","COMPUTE_GRAPH","ggml_cgraph","GRAPH","",-1,1,-1,0,0,0,0,0,1.061198,1,"delegate_cpu_graph"
"CPU_Elastic","COMPUTE_GRAPH","ggml_cgraph","GRAPH","",-1,1,-1,0,0,0,0,0,0.000417,1,"delegate_cpu_graph"
"CPU_Elastic","COMPUTE_GRAPH","ggml_cgraph","GRAPH","",-1,1,-1,0,0,0,0,0,0.000261,1,"delegate_cpu_graph"
"CPU_Elastic","COMPUTE_GRAPH","ggml_cgraph","GRAPH","",-1,1,-1,0,0,0,0,0,0.010417,1,"delegate_cpu_graph"
"CPU_Elastic","COMPUTE_GRAPH","ggml_cgraph","GRAPH","",-1,1,-1,0,0,0,0,0,0.000312,1,"delegate_cpu_graph"
"CPU_Elastic","COMPUTE_GRAPH","ggml_cgraph","GRAPH","",-1,1,-1,0,0,0,0,0,0.010000,1,"delegate_cpu_graph"
"CPU_Elastic","COMPUTE_GRAPH","ggml_cgraph","GRAPH","",-1,1,-1,0,0,0,0,0,0.000365,1,"delegate_cpu_graph"
"CPU_Elastic","COMPUTE_GRAPH","ggml_cgraph","GRAPH","",-1,1,-1,0,0,0,0,0,0.000312,1,"delegate_cpu_graph"
"CPU_Elastic","COMPUTE_GRAPH","ggml_cgraph","GRAPH","",-1,1,-1,0,0,0,0,0,0.000312,1,"delegate_cpu_graph"
"CPU_Elastic","COMPUTE_GRAPH","ggml_cgraph","GRAPH","",-1,1,-1,0,0,0,0,0,0.439323,1,"delegate_cpu_graph"
"CPU_Elastic","COMPUTE_GRAPH","ggml_cgraph","GRAPH","",-1,1,-1,0,0,0,0,0,0.000416,1,"delegate_cpu_graph"
"CPU_Elastic","COMPUTE_GRAPH","ggml_cgraph","GRAPH","",-1,1,-1,0,0,0,0,0,0.000261,1,"delegate_cpu_graph"
"CPU_Elastic","COMPUTE_GRAPH","ggml_cgraph","GRAPH","",-1,1,-1,0,0,0,0,0,0.000313,1,"delegate_cpu_graph"
"CPU_Elastic","COMPUTE_GRAPH","ggml_cgraph","GRAPH","",-1,1,-1,0,0,0,0,0,0.000260,1,"delegate_cpu_graph"
"CPU_Elastic","COMPUTE_GRAPH","ggml_cgraph","GRAPH","",-1,1,-1,0,0,0,0,0,0.226979,1,"delegate_cpu_graph"
"CPU_Elastic","COMPUTE_GRAPH","ggml_cgraph","GRAPH","",-1,1,-1,0,0,0,0,0,0.052604,1,"delegate_cpu_graph"
"CPU_Elastic","COMPUTE_GRAPH","ggml_cgraph","GRAPH","",-1,1,-1,0,0,0,0,0,0.098802,1,"delegate_cpu_graph"
"CPU_Elastic","COMPUTE_GRAPH","ggml_cgraph","GRAPH","",-1,1,-1,0,0,0,0,0,0.000417,1,"delegate_cpu_graph"
"CPU_Elastic","COMPUTE_GRAPH","ggml_cgraph","GRAPH","",-1,1,-1,0,0,0,0,0,0.007552,1,"delegate_cpu_graph"
"CPU_Elastic","COMPUTE_GRAPH","ggml_cgraph","GRAPH","",-1,1,-1,0,0,0,0,0,0.813438,1,"delegate_cpu_graph"
"CPU_Elastic","COMPUTE_GRAPH","ggml_cgraph","GRAPH","",-1,1,-1,0,0,0,0,0,0.001093,1,"delegate_cpu_graph"
"CPU_Elastic","COMPUTE_GRAPH","ggml_cgraph","GRAPH","",-1,1,-1,0,0,0,0,0,0.000781,1,"delegate_cpu_graph"
"CPU_Elastic","COMPUTE_GRAPH","ggml_cgraph","GRAPH","",-1,1,-1,0,0,0,0,0,0.004687,1,"delegate_cpu_graph"
"CPU_Elastic","COMPUTE_GRAPH","ggml_cgraph","GRAPH","",-1,1,-1,0,0,0,0,0,0.004167,1,"delegate_cpu_graph"
"CPU_Elastic","COMPUTE_GRAPH","ggml_cgraph","GRAPH","",-1,1,-1,0,0,0,0,0,0.015677,1,"delegate_cpu_graph"
"CPU_Elastic","COMPUTE_GRAPH","ggml_cgraph","GRAPH","",-1,1,-1,0,0,0,0,0,0.000833,1,"delegate_cpu_graph"
"CPU_Elastic","COMPUTE_GRAPH","ggml_cgraph","GRAPH","",-1,1,-1,0,0,0,0,0,0.000364,1,"delegate_cpu_graph"
"CPU_Elastic","COMPUTE_GRAPH","ggml_cgraph","GRAPH","",-1,1,-1,0,0,0,0,0,0.013594,1,"delegate_cpu_graph"
"CPU_Elastic","COMPUTE_GRAPH","ggml_cgraph","GRAPH","",-1,1,-1,0,0,0,0,0,0.000416,1,"delegate_cpu_graph"
"CPU_Elastic","COMPUTE_GRAPH","ggml_cgraph","GRAPH","",-1,1,-1,0,0,0,0,0,0.000365,1,"delegate_cpu_graph"
"CPU_Elastic","COMPUTE_GRAPH","ggml_cgraph","GRAPH","",-1,1,-1,0,0,0,0,0,0.000313,1,"delegate_cpu_graph"
"CPU_Elastic","COMPUTE_GRAPH","ggml_cgraph","GRAPH","",-1,1,-1,0,0,0,0,0,0.332709,1,"delegate_cpu_graph"
"CPU_Elastic","COMPUTE_GRAPH","ggml_cgraph","GRAPH","",-1,1,-1,0,0,0,0,0,0.336303,1,"delegate_cpu_graph"
"CPU_Elastic","COMPUTE_GRAPH","ggml_cgraph","GRAPH","",-1,1,-1,0,0,0,0,0,0.007761,1,"delegate_cpu_graph"
"CPU_Elastic","COMPUTE_GRAPH","ggml_cgraph","GRAPH","",-1,1,-1,0,0,0,0,0,0.478958,1,"delegate_cpu_graph"
"CPU_Elastic","COMPUTE_GRAPH","ggml_cgraph","GRAPH","",-1,1,-1,0,0,0,0,0,0.013907,1,"delegate_cpu_graph"
"CPU_Elastic","COMPUTE_GRAPH","ggml_cgraph","GRAPH","",-1,1,-1,0,0,0,0,0,0.000572,1,"delegate_cpu_graph"
"CPU_Elastic","COMPUTE_GRAPH","ggml_cgraph","GRAPH","",-1,1,-1,0,0,0,0,0,0.000313,1,"delegate_cpu_graph"
"CPU_Elastic","COMPUTE_GRAPH","ggml_cgraph","GRAPH","",-1,1,-1,0,0,0,0,0,0.000261,1,"delegate_cpu_graph"
"CPU_Elastic","COMPUTE_GRAPH","ggml_cgraph","GRAPH","",-1,1,-1,0,0,0,0,0,0.000313,1,"delegate_cpu_graph"
"CPU_Elastic","COMPUTE_GRAPH","ggml_cgraph","GRAPH","",-1,1,-1,0,0,0,0,0,0.000313,1,"delegate_cpu_graph"
"CPU_Elastic","COMPUTE_GRAPH","ggml_cgraph","GRAPH","",-1,1,-1,0,0,0,0,0,0.000313,1,"delegate_cpu_graph"
"CPU_Elastic","COMPUTE_GRAPH","ggml_cgraph","GRAPH","",-1,1,-1,0,0,0,0,0,0.000313,1,"delegate_cpu_graph"
"CPU_Elastic","COMPUTE_GRAPH","ggml_cgraph","GRAPH","",-1,1,-1,0,0,0,0,0,0.000261,1,"delegate_cpu_graph"
"CPU_Elastic","COMPUTE_GRAPH","ggml_cgraph","GRAPH","",-1,1,-1,0,0,0,0,0,0.005886,1,"delegate_cpu_graph"
"CPU_Elastic","COMPUTE_GRAPH","ggml_cgraph","GRAPH","",-1,1,-1,0,0,0,0,0,0.005156,1,"delegate_cpu_graph"
"CPU_Elastic","COMPUTE_GRAPH","ggml_cgraph","GRAPH","",-1,1,-1,0,0,0,0,0,0.005052,1,"delegate_cpu_graph"
"CPU_Elastic","COMPUTE_GRAPH","ggml_cgraph","GRAPH","",-1,1,-1,0,0,0,0,0,0.005573,1,"delegate_cpu_graph"
"CPU_Elastic","COMPUTE_GRAPH","ggml_cgraph","GRAPH","",-1,1,-1,0,0,0,0,0,0.005521,1,"delegate_cpu_graph"
"CPU_Elastic","COMPUTE_GRAPH","ggml_cgraph","GRAPH","",-1,1,-1,0,0,0,0,0,0.005416,1,"delegate_cpu_graph"
"CPU_Elastic","COMPUTE_GRAPH","ggml_cgraph","GRAPH","",-1,1,-1,0,0,0,0,0,0.005208,1,"delegate_cpu_graph"
"CPU_Elastic","COMPUTE_GRAPH","ggml_cgraph","GRAPH","",-1,1,-1,0,0,0,0,0,0.005052,1,"delegate_cpu_graph"
"CPU_Elastic","COMPUTE_GRAPH","ggml_cgraph","GRAPH","",-1,1,-1,0,0,0,0,0,0.007500,1,"delegate_cpu_graph"
"CPU_Elastic","COMPUTE_GRAPH","ggml_cgraph","GRAPH","",-1,1,-1,0,0,0,0,0,0.005000,1,"delegate_cpu_graph"
"CPU_Elastic","COMPUTE_GRAPH","ggml_cgraph","GRAPH","",-1,1,-1,0,0,0,0,0,0.001979,1,"delegate_cpu_graph"
"CPU_Elastic","COMPUTE_GRAPH","ggml_cgraph","GRAPH","",-1,1,-1,0,0,0,0,0,0.004584,1,"delegate_cpu_graph"
"CPU_Elastic","COMPUTE_GRAPH","ggml_cgraph","GRAPH","",-1,1,-1,0,0,0,0,0,0.004375,1,"delegate_cpu_graph"
"CPU_Elastic","COMPUTE_GRAPH","ggml_cgraph","GRAPH","",-1,1,-1,0,0,0,0,0,0.000469,1,"delegate_cpu_graph"
"CPU_Elastic","COMPUTE_GRAPH","ggml_cgraph","GRAPH","",-1,1,-1,0,0,0,0,0,0.005781,1,"delegate_cpu_graph"
"CPU_Elastic","COMPUTE_GRAPH","ggml_cgraph","GRAPH","",-1,1,-1,0,0,0,0,0,0.004167,1,"delegate_cpu_graph"
"CPU_Elastic","COMPUTE_GRAPH","ggml_cgraph","GRAPH","",-1,1,-1,0,0,0,0,0,0.000417,1,"delegate_cpu_graph"
"CPU_Elastic","COMPUTE_GRAPH","ggml_cgraph","GRAPH","",-1,1,-1,0,0,0,0,0,0.005364,1,"delegate_cpu_graph"
"CPU_Elastic","COMPUTE_GRAPH","ggml_cgraph","GRAPH","",-1,1,-1,0,0,0,0,0,0.001718,1,"delegate_cpu_graph"
"CPU_Elastic","COMPUTE_GRAPH","ggml_cgraph","GRAPH","",-1,1,-1,0,0,0,0,0,0.000260,1,"delegate_cpu_graph"
"CPU_Elastic","COMPUTE_GRAPH","ggml_cgraph","GRAPH","",-1,1,-1,0,0,0,0,0,0.001510,1,"delegate_cpu_graph"
"CPU_Elastic","COMPUTE_GRAPH","ggml_cgraph","GRAPH","",-1,1,-1,0,0,0,0,0,0.000260,1,"delegate_cpu_graph"
"CPU_Elastic","COMPUTE_GRAPH","ggml_cgraph","GRAPH","",-1,1,-1,0,0,0,0,0,0.000260,1,"delegate_cpu_graph"
"CPU_Elastic","COMPUTE_GRAPH","ggml_cgraph","GRAPH","",-1,1,-1,0,0,0,0,0,0.000261,1,"delegate_cpu_graph"
"CPU_Elastic","COMPUTE_GRAPH","ggml_cgraph","GRAPH","",-1,1,-1,0,0,0,0,0,0.446615,1,"delegate_cpu_graph"
"CPU_Elastic","COMPUTE_GRAPH","ggml_cgraph","GRAPH","",-1,1,-1,0,0,0,0,0,0.000417,1,"delegate_cpu_graph"
"CPU_Elastic","COMPUTE_GRAPH","ggml_cgraph","GRAPH","",-1,1,-1,0,0,0,0,0,0.000313,1,"delegate_cpu_graph"
"CPU_Elastic","COMPUTE_GRAPH","ggml_cgraph","GRAPH","",-1,1,-1,0,0,0,0,0,0.000261,1,"delegate_cpu_graph"
"CPU_Elastic","COMPUTE_GRAPH","ggml_cgraph","GRAPH","",-1,1,-1,0,0,0,0,0,0.000261,1,"delegate_cpu_graph"
"CPU_Elastic","COMPUTE_GRAPH","ggml_cgraph","GRAPH","",-1,1,-1,0,0,0,0,0,0.042813,1,"delegate_cpu_graph"
"CPU_Elastic","COMPUTE_GRAPH","ggml_cgraph","GRAPH","",-1,1,-1,0,0,0,0,0,0.017396,1,"delegate_cpu_graph"
"CPU_Elastic","COMPUTE_GRAPH","ggml_cgraph","GRAPH","",-1,1,-1,0,0,0,0,0,0.029323,1,"delegate_cpu_graph"
"CPU_Elastic","COMPUTE_GRAPH","ggml_cgraph","GRAPH","",-1,1,-1,0,0,0,0,0,0.000364,1,"delegate_cpu_graph"
"CPU_Elastic","COMPUTE_GRAPH","ggml_cgraph","GRAPH","",-1,1,-1,0,0,0,0,0,0.004896,1,"delegate_cpu_graph"
"CPU_Elastic","COMPUTE_GRAPH","ggml_cgraph","GRAPH","",-1,1,-1,0,0,0,0,0,0.088646,1,"delegate_cpu_graph"
"CPU_Elastic","COMPUTE_GRAPH","ggml_cgraph","GRAPH","",-1,1,-1,0,0,0,0,0,0.005417,1,"delegate_cpu_graph"
"CPU_Elastic","COMPUTE_GRAPH","ggml_cgraph","GRAPH","",-1,1,-1,0,0,0,0,0,0.004115,1,"delegate_cpu_graph"
"CPU_Elastic","COMPUTE_GRAPH","ggml_cgraph","GRAPH","",-1,1,-1,0,0,0,0,0,0.000781,1,"delegate_cpu_graph"
"CPU_Elastic","COMPUTE_GRAPH","ggml_cgraph","GRAPH","",-1,1,-1,0,0,0,0,0,0.000312,1,"delegate_cpu_graph"
"CPU_Elastic","COMPUTE_GRAPH","ggml_cgraph","GRAPH","",-1,1,-1,0,0,0,0,0,0.010521,1,"delegate_cpu_graph"
"CPU_Elastic","COMPUTE_GRAPH","ggml_cgraph","GRAPH","",-1,1,-1,0,0,0,0,0,0.000416,1,"delegate_cpu_graph"
"CPU_Elastic","COMPUTE_GRAPH","ggml_cgraph","GRAPH","",-1,1,-1,0,0,0,0,0,0.000365,1,"delegate_cpu_graph"
"CPU_Elastic","COMPUTE_GRAPH","ggml_cgraph","GRAPH","",-1,1,-1,0,0,0,0,0,0.000261,1,"delegate_cpu_graph"
"CPU_Elastic","COMPUTE_GRAPH","ggml_cgraph","GRAPH","",-1,1,-1,0,0,0,0,0,0.328646,1,"delegate_cpu_graph"
"CPU_Elastic","COMPUTE_GRAPH","ggml_cgraph","GRAPH","",-1,1,-1,0,0,0,0,0,0.328385,1,"delegate_cpu_graph"
"CPU_Elastic","COMPUTE_GRAPH","ggml_cgraph","GRAPH","",-1,1,-1,0,0,0,0,0,0.006510,1,"delegate_cpu_graph"
"CPU_Elastic","COMPUTE_GRAPH","ggml_cgraph","GRAPH","",-1,1,-1,0,0,0,0,0,0.480209,1,"delegate_cpu_graph"
"CPU_Elastic","COMPUTE_GRAPH","ggml_cgraph","GRAPH","",-1,1,-1,0,0,0,0,0,0.013646,1,"delegate_cpu_graph"
"CPU_Elastic","COMPUTE_GRAPH","ggml_cgraph","GRAPH","",-1,1,-1,0,0,0,0,0,0.000416,1,"delegate_cpu_graph"
"CPU_Elastic","COMPUTE_GRAPH","ggml_cgraph","GRAPH","",-1,1,-1,0,0,0,0,0,0.000312,1,"delegate_cpu_graph"
"CPU_Elastic","COMPUTE_GRAPH","ggml_cgraph","GRAPH","",-1,1,-1,0,0,0,0,0,0.000312,1,"delegate_cpu_graph"
"CPU_Elastic","COMPUTE_GRAPH","ggml_cgraph","GRAPH","",-1,1,-1,0,0,0,0,0,0.000260,1,"delegate_cpu_graph"
"CPU_Elastic","COMPUTE_GRAPH","ggml_cgraph","GRAPH","",-1,1,-1,0,0,0,0,0,0.000260,1,"delegate_cpu_graph"
"CPU_Elastic","COMPUTE_GRAPH","ggml_cgraph","GRAPH","",-1,1,-1,0,0,0,0,0,0.000260,1,"delegate_cpu_graph"
"CPU_Elastic","COMPUTE_GRAPH","ggml_cgraph","GRAPH","",-1,1,-1,0,0,0,0,0,0.000261,1,"delegate_cpu_graph"
"CPU_Elastic","COMPUTE_GRAPH","ggml_cgraph","GRAPH","",-1,1,-1,0,0,0,0,0,0.000261,1,"delegate_cpu_graph"
"CPU_Elastic","COMPUTE_GRAPH","ggml_cgraph","GRAPH","",-1,1,-1,0,0,0,0,0,0.005261,1,"delegate_cpu_graph"
"CPU_Elastic","COMPUTE_GRAPH","ggml_cgraph","GRAPH","",-1,1,-1,0,0,0,0,0,0.005729,1,"delegate_cpu_graph"
"CPU_Elastic","COMPUTE_GRAPH","ggml_cgraph","GRAPH","",-1,1,-1,0,0,0,0,0,0.004687,1,"delegate_cpu_graph"
"CPU_Elastic","COMPUTE_GRAPH","ggml_cgraph","GRAPH","",-1,1,-1,0,0,0,0,0,0.005261,1,"delegate_cpu_graph"
"CPU_Elastic","COMPUTE_GRAPH","ggml_cgraph","GRAPH","",-1,1,-1,0,0,0,0,0,0.005416,1,"delegate_cpu_graph"
"CPU_Elastic","COMPUTE_GRAPH","ggml_cgraph","GRAPH","",-1,1,-1,0,0,0,0,0,0.004896,1,"delegate_cpu_graph"
"CPU_Elastic","COMPUTE_GRAPH","ggml_cgraph","GRAPH","",-1,1,-1,0,0,0,0,0,0.005312,1,"delegate_cpu_graph"
"CPU_Elastic","COMPUTE_GRAPH","ggml_cgraph","GRAPH","",-1,1,-1,0,0,0,0,0,0.005573,1,"delegate_cpu_graph"
"CPU_Elastic","COMPUTE_GRAPH","ggml_cgraph","GRAPH","",-1,1,-1,0,0,0,0,0,0.004270,1,"delegate_cpu_graph"
"CPU_Elastic","COMPUTE_GRAPH","ggml_cgraph","GRAPH","",-1,1,-1,0,0,0,0,0,0.147656,1,"delegate_cpu_graph"
"CPU_Elastic","COMPUTE_GRAPH","ggml_cgraph","GRAPH","",-1,1,-1,0,0,0,0,0,0.005208,1,"delegate_cpu_graph"
"CPU_Elastic","COMPUTE_GRAPH","ggml_cgraph","GRAPH","",-1,1,-1,0,0,0,0,0,0.000416,1,"delegate_cpu_graph"
"CPU_Elastic","COMPUTE_GRAPH","ggml_cgraph","GRAPH","",-1,1,-1,0,0,0,0,0,0.005781,1,"delegate_cpu_graph"
"CPU_Elastic","COMPUTE_GRAPH","ggml_cgraph","GRAPH","",-1,1,-1,0,0,0,0,0,0.004271,1,"delegate_cpu_graph"
"CPU_Elastic","COMPUTE_GRAPH","ggml_cgraph","GRAPH","",-1,1,-1,0,0,0,0,0,0.000469,1,"delegate_cpu_graph"
"CPU_Elastic","COMPUTE_GRAPH","ggml_cgraph","GRAPH","",-1,1,-1,0,0,0,0,0,0.005625,1,"delegate_cpu_graph"
"CPU_Elastic","COMPUTE_GRAPH","ggml_cgraph","GRAPH","",-1,1,-1,0,0,0,0,0,0.001928,1,"delegate_cpu_graph"
"CPU_Elastic","COMPUTE_GRAPH","ggml_cgraph","GRAPH","",-1,1,-1,0,0,0,0,0,0.000208,1,"delegate_cpu_graph"
"CPU_Elastic","COMPUTE_GRAPH","ggml_cgraph","GRAPH","",-1,1,-1,0,0,0,0,0,0.001458,1,"delegate_cpu_graph"
"CPU_Elastic","COMPUTE_GRAPH","ggml_cgraph","GRAPH","",-1,1,-1,0,0,0,0,0,0.000208,1,"delegate_cpu_graph"
"CPU_Elastic","COMPUTE_GRAPH","ggml_cgraph","GRAPH","",-1,1,-1,0,0,0,0,0,0.000313,1,"delegate_cpu_graph"
"CPU_Elastic","COMPUTE_GRAPH","ggml_cgraph","GRAPH","",-1,1,-1,0,0,0,0,0,0.000261,1,"delegate_cpu_graph"
"CPU_Elastic","COMPUTE_GRAPH","ggml_cgraph","GRAPH","",-1,1,-1,0,0,0,0,0,0.435834,1,"delegate_cpu_graph"
"CPU_Elastic","COMPUTE_GRAPH","ggml_cgraph","GRAPH","",-1,1,-1,0,0,0,0,0,0.000416,1,"delegate_cpu_graph"
"CPU_Elastic","COMPUTE_GRAPH","ggml_cgraph","GRAPH","",-1,1,-1,0,0,0,0,0,0.000261,1,"delegate_cpu_graph"
"CPU_Elastic","COMPUTE_GRAPH","ggml_cgraph","GRAPH","",-1,1,-1,0,0,0,0,0,0.000261,1,"delegate_cpu_graph"
"CPU_Elastic","COMPUTE_GRAPH","ggml_cgraph","GRAPH","",-1,1,-1,0,0,0,0,0,0.000260,1,"delegate_cpu_graph"
"CPU_Elastic","COMPUTE_GRAPH","ggml_cgraph","GRAPH","",-1,1,-1,0,0,0,0,0,0.039635,1,"delegate_cpu_graph"
"CPU_Elastic","COMPUTE_GRAPH","ggml_cgraph","GRAPH","",-1,1,-1,0,0,0,0,0,0.017656,1,"delegate_cpu_graph"
"CPU_Elastic","COMPUTE_GRAPH","ggml_cgraph","GRAPH","",-1,1,-1,0,0,0,0,0,0.030885,1,"delegate_cpu_graph"
"CPU_Elastic","COMPUTE_GRAPH","ggml_cgraph","GRAPH","",-1,1,-1,0,0,0,0,0,0.000416,1,"delegate_cpu_graph"
"CPU_Elastic","COMPUTE_GRAPH","ggml_cgraph","GRAPH","",-1,1,-1,0,0,0,0,0,0.004531,1,"delegate_cpu_graph"
"CPU_Elastic","COMPUTE_GRAPH","ggml_cgraph","GRAPH","",-1,1,-1,0,0,0,0,0,0.090781,1,"delegate_cpu_graph"
"CPU_Elastic","COMPUTE_GRAPH","ggml_cgraph","GRAPH","",-1,1,-1,0,0,0,0,0,0.004375,1,"delegate_cpu_graph"
"CPU_Elastic","COMPUTE_GRAPH","ggml_cgraph","GRAPH","",-1,1,-1,0,0,0,0,0,0.004219,1,"delegate_cpu_graph"
"CPU_Elastic","COMPUTE_GRAPH","ggml_cgraph","GRAPH","",-1,1,-1,0,0,0,0,0,0.000729,1,"delegate_cpu_graph"
"CPU_Elastic","COMPUTE_GRAPH","ggml_cgraph","GRAPH","",-1,1,-1,0,0,0,0,0,0.000261,1,"delegate_cpu_graph"
"CPU_Elastic","COMPUTE_GRAPH","ggml_cgraph","GRAPH","",-1,1,-1,0,0,0,0,0,0.010052,1,"delegate_cpu_graph"
"CPU_Elastic","COMPUTE_GRAPH","ggml_cgraph","GRAPH","",-1,1,-1,0,0,0,0,0,0.000417,1,"delegate_cpu_graph"
"CPU_Elastic","COMPUTE_GRAPH","ggml_cgraph","GRAPH","",-1,1,-1,0,0,0,0,0,0.000364,1,"delegate_cpu_graph"
"CPU_Elastic","COMPUTE_GRAPH","ggml_cgraph","GRAPH","",-1,1,-1,0,0,0,0,0,0.000260,1,"delegate_cpu_graph"
"CPU_Elastic","COMPUTE_GRAPH","ggml_cgraph","GRAPH","",-1,1,-1,0,0,0,0,0,0.345521,1,"delegate_cpu_graph"
"CPU_Elastic","COMPUTE_GRAPH","ggml_cgraph","GRAPH","",-1,1,-1,0,0,0,0,0,0.328542,1,"delegate_cpu_graph"
"CPU_Elastic","COMPUTE_GRAPH","ggml_cgraph","GRAPH","",-1,1,-1,0,0,0,0,0,0.007604,1,"delegate_cpu_graph"
"CPU_Elastic","COMPUTE_GRAPH","ggml_cgraph","GRAPH","",-1,1,-1,0,0,0,0,0,0.468802,1,"delegate_cpu_graph"
"CPU_Elastic","COMPUTE_GRAPH","ggml_cgraph","GRAPH","",-1,1,-1,0,0,0,0,0,0.012916,1,"delegate_cpu_graph"
"CPU_Elastic","COMPUTE_GRAPH","ggml_cgraph","GRAPH","",-1,1,-1,0,0,0,0,0,0.000417,1,"delegate_cpu_graph"
"CPU_Elastic","COMPUTE_GRAPH","ggml_cgraph","GRAPH","",-1,1,-1,0,0,0,0,0,0.000261,1,"delegate_cpu_graph"
"CPU_Elastic","COMPUTE_GRAPH","ggml_cgraph","GRAPH","",-1,1,-1,0,0,0,0,0,0.000260,1,"delegate_cpu_graph"
"CPU_Elastic","COMPUTE_GRAPH","ggml_cgraph","GRAPH","",-1,1,-1,0,0,0,0,0,0.000260,1,"delegate_cpu_graph"
"CPU_Elastic","COMPUTE_GRAPH","ggml_cgraph","GRAPH","",-1,1,-1,0,0,0,0,0,0.000208,1,"delegate_cpu_graph"
"CPU_Elastic","COMPUTE_GRAPH","ggml_cgraph","GRAPH","",-1,1,-1,0,0,0,0,0,0.000260,1,"delegate_cpu_graph"
"CPU_Elastic","COMPUTE_GRAPH","ggml_cgraph","GRAPH","",-1,1,-1,0,0,0,0,0,0.000260,1,"delegate_cpu_graph"
"CPU_Elastic","COMPUTE_GRAPH","ggml_cgraph","GRAPH","",-1,1,-1,0,0,0,0,0,0.000260,1,"delegate_cpu_graph"
"CPU_Elastic","COMPUTE_GRAPH","ggml_cgraph","GRAPH","",-1,1,-1,0,0,0,0,0,0.005000,1,"delegate_cpu_graph"
"CPU_Elastic","COMPUTE_GRAPH","ggml_cgraph","GRAPH","",-1,1,-1,0,0,0,0,0,0.005573,1,"delegate_cpu_graph"
"CPU_Elastic","COMPUTE_GRAPH","ggml_cgraph","GRAPH","",-1,1,-1,0,0,0,0,0,0.004948,1,"delegate_cpu_graph"
"CPU_Elastic","COMPUTE_GRAPH","ggml_cgraph","GRAPH","",-1,1,-1,0,0,0,0,0,0.004948,1,"delegate_cpu_graph"
"CPU_Elastic","COMPUTE_GRAPH","ggml_cgraph","GRAPH","",-1,1,-1,0,0,0,0,0,0.005417,1,"delegate_cpu_graph"
"CPU_Elastic","COMPUTE_GRAPH","ggml_cgraph","GRAPH","",-1,1,-1,0,0,0,0,0,0.004948,1,"delegate_cpu_graph"
"CPU_Elastic","COMPUTE_GRAPH","ggml_cgraph","GRAPH","",-1,1,-1,0,0,0,0,0,0.005312,1,"delegate_cpu_graph"
"CPU_Elastic","COMPUTE_GRAPH","ggml_cgraph","GRAPH","",-1,1,-1,0,0,0,0,0,0.005677,1,"delegate_cpu_graph"
"CPU_Elastic","COMPUTE_GRAPH","ggml_cgraph","GRAPH","",-1,1,-1,0,0,0,0,0,0.004739,1,"delegate_cpu_graph"
"CPU_Elastic","COMPUTE_GRAPH","ggml_cgraph","GRAPH","",-1,1,-1,0,0,0,0,0,0.089635,1,"delegate_cpu_graph"
"CPU_Elastic","COMPUTE_GRAPH","ggml_cgraph","GRAPH","",-1,1,-1,0,0,0,0,0,0.004479,1,"delegate_cpu_graph"
"CPU_Elastic","COMPUTE_GRAPH","ggml_cgraph","GRAPH","",-1,1,-1,0,0,0,0,0,0.000469,1,"delegate_cpu_graph"
"CPU_Elastic","COMPUTE_GRAPH","ggml_cgraph","GRAPH","",-1,1,-1,0,0,0,0,0,0.006042,1,"delegate_cpu_graph"
"CPU_Elastic","COMPUTE_GRAPH","ggml_cgraph","GRAPH","",-1,1,-1,0,0,0,0,0,0.089948,1,"delegate_cpu_graph"
"CPU_Elastic","COMPUTE_GRAPH","ggml_cgraph","GRAPH","",-1,1,-1,0,0,0,0,0,0.004166,1,"delegate_cpu_graph"
"CPU_Elastic","COMPUTE_GRAPH","ggml_cgraph","GRAPH","",-1,1,-1,0,0,0,0,0,0.000417,1,"delegate_cpu_graph"
"CPU_Elastic","COMPUTE_GRAPH","ggml_cgraph","GRAPH","",-1,1,-1,0,0,0,0,0,0.006042,1,"delegate_cpu_graph"
"CPU_Elastic","COMPUTE_GRAPH","ggml_cgraph","GRAPH","",-1,1,-1,0,0,0,0,0,0.089739,1,"delegate_cpu_graph"
"CPU_Elastic","COMPUTE_GRAPH","ggml_cgraph","GRAPH","",-1,1,-1,0,0,0,0,0,0.000417,1,"delegate_cpu_graph"
"CPU_Elastic","COMPUTE_GRAPH","ggml_cgraph","GRAPH","",-1,1,-1,0,0,0,0,0,0.000261,1,"delegate_cpu_graph"
"CPU_Elastic","COMPUTE_GRAPH","ggml_cgraph","GRAPH","",-1,1,-1,0,0,0,0,0,0.001562,1,"delegate_cpu_graph"
"CPU_Elastic","COMPUTE_GRAPH","ggml_cgraph","GRAPH","",-1,1,-1,0,0,0,0,0,0.000312,1,"delegate_cpu_graph"
"CPU_Elastic","COMPUTE_GRAPH","ggml_cgraph","GRAPH","",-1,1,-1,0,0,0,0,0,0.001511,1,"delegate_cpu_graph"
"CPU_Elastic","COMPUTE_GRAPH","ggml_cgraph","GRAPH","",-1,1,-1,0,0,0,0,0,0.000313,1,"delegate_cpu_graph"
"CPU_Elastic","COMPUTE_GRAPH","ggml_cgraph","GRAPH","",-1,1,-1,0,0,0,0,0,0.000260,1,"delegate_cpu_graph"
"CPU_Elastic","COMPUTE_GRAPH","ggml_cgraph","GRAPH","",-1,1,-1,0,0,0,0,0,0.000520,1,"delegate_cpu_graph"
"CPU_Elastic","COMPUTE_GRAPH","ggml_cgraph","GRAPH","",-1,1,-1,0,0,0,0,0,0.430104,1,"delegate_cpu_graph"
"CPU_Elastic","COMPUTE_GRAPH","ggml_cgraph","GRAPH","",-1,1,-1,0,0,0,0,0,0.000416,1,"delegate_cpu_graph"
"CPU_Elastic","COMPUTE_GRAPH","ggml_cgraph","GRAPH","",-1,1,-1,0,0,0,0,0,0.000312,1,"delegate_cpu_graph"
"CPU_Elastic","COMPUTE_GRAPH","ggml_cgraph","GRAPH","",-1,1,-1,0,0,0,0,0,0.000312,1,"delegate_cpu_graph"
"CPU_Elastic","COMPUTE_GRAPH","ggml_cgraph","GRAPH","",-1,1,-1,0,0,0,0,0,0.000260,1,"delegate_cpu_graph"
"CPU_Elastic","COMPUTE_GRAPH","ggml_cgraph","GRAPH","",-1,1,-1,0,0,0,0,0,0.038645,1,"delegate_cpu_graph"
"CPU_Elastic","COMPUTE_GRAPH","ggml_cgraph","GRAPH","",-1,1,-1,0,0,0,0,0,0.017448,1,"delegate_cpu_graph"
"CPU_Elastic","COMPUTE_GRAPH","ggml_cgraph","GRAPH","",-1,1,-1,0,0,0,0,0,0.029896,1,"delegate_cpu_graph"
"CPU_Elastic","COMPUTE_GRAPH","ggml_cgraph","GRAPH","",-1,1,-1,0,0,0,0,0,0.000365,1,"delegate_cpu_graph"
"CPU_Elastic","COMPUTE_GRAPH","ggml_cgraph","GRAPH","",-1,1,-1,0,0,0,0,0,0.004636,1,"delegate_cpu_graph"
"CPU_Elastic","COMPUTE_GRAPH","ggml_cgraph","GRAPH","",-1,1,-1,0,0,0,0,0,0.090364,1,"delegate_cpu_graph"
"CPU_Elastic","COMPUTE_GRAPH","ggml_cgraph","GRAPH","",-1,1,-1,0,0,0,0,0,0.005312,1,"delegate_cpu_graph"
"CPU_Elastic","COMPUTE_GRAPH","ggml_cgraph","GRAPH","",-1,1,-1,0,0,0,0,0,0.004270,1,"delegate_cpu_graph"
"CPU_Elastic","COMPUTE_GRAPH","ggml_cgraph","GRAPH","",-1,1,-1,0,0,0,0,0,0.000781,1,"delegate_cpu_graph"
"CPU_Elastic","COMPUTE_GRAPH","ggml_cgraph","GRAPH","",-1,1,-1,0,0,0,0,0,0.000261,1,"delegate_cpu_graph"
"CPU_Elastic","COMPUTE_GRAPH","ggml_cgraph","GRAPH","",-1,1,-1,0,0,0,0,0,0.009948,1,"delegate_cpu_graph"
"CPU_Elastic","COMPUTE_GRAPH","ggml_cgraph","GRAPH","",-1,1,-1,0,0,0,0,0,0.000469,1,"delegate_cpu_graph"
"CPU_Elastic","COMPUTE_GRAPH","ggml_cgraph","GRAPH","",-1,1,-1,0,0,0,0,0,0.000364,1,"delegate_cpu_graph"
"CPU_Elastic","COMPUTE_GRAPH","ggml_cgraph","GRAPH","",-1,1,-1,0,0,0,0,0,0.000260,1,"delegate_cpu_graph"
"CPU_Elastic","COMPUTE_GRAPH","ggml_cgraph","GRAPH","",-1,1,-1,0,0,0,0,0,0.329480,1,"delegate_cpu_graph"
"CPU_Elastic","COMPUTE_GRAPH","ggml_cgraph","GRAPH","",-1,1,-1,0,0,0,0,0,0.328386,1,"delegate_cpu_graph"
"CPU_Elastic","COMPUTE_GRAPH","ggml_cgraph","GRAPH","",-1,1,-1,0,0,0,0,0,0.007448,1,"delegate_cpu_graph"
"CPU_Elastic","COMPUTE_GRAPH","ggml_cgraph","GRAPH","",-1,1,-1,0,0,0,0,0,0.348437,1,"delegate_cpu_graph"
"CPU_Elastic","COMPUTE_GRAPH","ggml_cgraph","GRAPH","",-1,1,-1,0,0,0,0,0,0.015209,1,"delegate_cpu_graph"
"CPU_Elastic","COMPUTE_GRAPH","ggml_cgraph","GRAPH","",-1,1,-1,0,0,0,0,0,0.000416,1,"delegate_cpu_graph"
"CPU_Elastic","COMPUTE_GRAPH","ggml_cgraph","GRAPH","",-1,1,-1,0,0,0,0,0,0.000260,1,"delegate_cpu_graph"
"CPU_Elastic","COMPUTE_GRAPH","ggml_cgraph","GRAPH","",-1,1,-1,0,0,0,0,0,0.000260,1,"delegate_cpu_graph"
"CPU_Elastic","COMPUTE_GRAPH","ggml_cgraph","GRAPH","",-1,1,-1,0,0,0,0,0,0.000208,1,"delegate_cpu_graph"
"CPU_Elastic","COMPUTE_GRAPH","ggml_cgraph","GRAPH","",-1,1,-1,0,0,0,0,0,0.000261,1,"delegate_cpu_graph"
"CPU_Elastic","COMPUTE_GRAPH","ggml_cgraph","GRAPH","",-1,1,-1,0,0,0,0,0,0.000261,1,"delegate_cpu_graph"
"CPU_Elastic","COMPUTE_GRAPH","ggml_cgraph","GRAPH","",-1,1,-1,0,0,0,0,0,0.000260,1,"delegate_cpu_graph"
"CPU_Elastic","COMPUTE_GRAPH","ggml_cgraph","GRAPH","",-1,1,-1,0,0,0,0,0,0.000260,1,"delegate_cpu_graph"
"CPU_Elastic","COMPUTE_GRAPH","ggml_cgraph","GRAPH","",-1,1,-1,0,0,0,0,0,0.003906,1,"delegate_cpu_graph"
"CPU_Elastic","COMPUTE_GRAPH","ggml_cgraph","GRAPH","",-1,1,-1,0,0,0,0,0,0.005469,1,"delegate_cpu_graph"
"CPU_Elastic","COMPUTE_GRAPH","ggml_cgraph","GRAPH","",-1,1,-1,0,0,0,0,0,0.005729,1,"delegate_cpu_graph"
"CPU_Elastic","COMPUTE_GRAPH","ggml_cgraph","GRAPH","",-1,1,-1,0,0,0,0,0,0.004948,1,"delegate_cpu_graph"
"CPU_Elastic","COMPUTE_GRAPH","ggml_cgraph","GRAPH","",-1,1,-1,0,0,0,0,0,0.016459,1,"delegate_cpu_graph"
"CPU_Elastic","COMPUTE_GRAPH","ggml_cgraph","GRAPH","",-1,1,-1,0,0,0,0,0,0.004479,1,"delegate_cpu_graph"
"CPU_Elastic","COMPUTE_GRAPH","ggml_cgraph","GRAPH","",-1,1,-1,0,0,0,0,0,0.005156,1,"delegate_cpu_graph"
"CPU_Elastic","COMPUTE_GRAPH","ggml_cgraph","GRAPH","",-1,1,-1,0,0,0,0,0,0.005416,1,"delegate_cpu_graph"
"CPU_Elastic","COMPUTE_GRAPH","ggml_cgraph","GRAPH","",-1,1,-1,0,0,0,0,0,0.004895,1,"delegate_cpu_graph"
"CPU_Elastic","COMPUTE_GRAPH","ggml_cgraph","GRAPH","",-1,1,-1,0,0,0,0,0,0.090312,1,"delegate_cpu_graph"
"CPU_Elastic","COMPUTE_GRAPH","ggml_cgraph","GRAPH","",-1,1,-1,0,0,0,0,0,0.004636,1,"delegate_cpu_graph"
"CPU_Elastic","COMPUTE_GRAPH","ggml_cgraph","GRAPH","",-1,1,-1,0,0,0,0,0,0.000416,1,"delegate_cpu_graph"
"CPU_Elastic","COMPUTE_GRAPH","ggml_cgraph","GRAPH","",-1,1,-1,0,0,0,0,0,0.005469,1,"delegate_cpu_graph"
"CPU_Elastic","COMPUTE_GRAPH","ggml_cgraph","GRAPH","",-1,1,-1,0,0,0,0,0,0.089948,1,"delegate_cpu_graph"
"CPU_Elastic","COMPUTE_GRAPH","ggml_cgraph","GRAPH","",-1,1,-1,0,0,0,0,0,0.004323,1,"delegate_cpu_graph"
"CPU_Elastic","COMPUTE_GRAPH","ggml_cgraph","GRAPH","",-1,1,-1,0,0,0,0,0,0.000416,1,"delegate_cpu_graph"
"CPU_Elastic","COMPUTE_GRAPH","ggml_cgraph","GRAPH","",-1,1,-1,0,0,0,0,0,0.006094,1,"delegate_cpu_graph"
"CPU_Elastic","COMPUTE_GRAPH","ggml_cgraph","GRAPH","",-1,1,-1,0,0,0,0,0,0.089740,1,"delegate_cpu_graph"
"CPU_Elastic","COMPUTE_GRAPH","ggml_cgraph","GRAPH","",-1,1,-1,0,0,0,0,0,0.000469,1,"delegate_cpu_graph"
"CPU_Elastic","COMPUTE_GRAPH","ggml_cgraph","GRAPH","",-1,1,-1,0,0,0,0,0,0.000313,1,"delegate_cpu_graph"
"CPU_Elastic","COMPUTE_GRAPH","ggml_cgraph","GRAPH","",-1,1,-1,0,0,0,0,0,0.001406,1,"delegate_cpu_graph"
"CPU_Elastic","COMPUTE_GRAPH","ggml_cgraph","GRAPH","",-1,1,-1,0,0,0,0,0,0.000261,1,"delegate_cpu_graph"
"CPU_Elastic","COMPUTE_GRAPH","ggml_cgraph","GRAPH","",-1,1,-1,0,0,0,0,0,0.001615,1,"delegate_cpu_graph"
"CPU_Elastic","COMPUTE_GRAPH","ggml_cgraph","GRAPH","",-1,1,-1,0,0,0,0,0,0.000313,1,"delegate_cpu_graph"
"CPU_Elastic","COMPUTE_GRAPH","ggml_cgraph","GRAPH","",-1,1,-1,0,0,0,0,0,0.000260,1,"delegate_cpu_graph"
"CPU_Elastic","COMPUTE_GRAPH","ggml_cgraph","GRAPH","",-1,1,-1,0,0,0,0,0,0.000312,1,"delegate_cpu_graph"
"CPU_Elastic","COMPUTE_GRAPH","ggml_cgraph","GRAPH","",-1,1,-1,0,0,0,0,0,0.438437,1,"delegate_cpu_graph"
"CPU_Elastic","COMPUTE_GRAPH","ggml_cgraph","GRAPH","",-1,1,-1,0,0,0,0,0,0.000417,1,"delegate_cpu_graph"
"CPU_Elastic","COMPUTE_GRAPH","ggml_cgraph","GRAPH","",-1,1,-1,0,0,0,0,0,0.000260,1,"delegate_cpu_graph"
"CPU_Elastic","COMPUTE_GRAPH","ggml_cgraph","GRAPH","",-1,1,-1,0,0,0,0,0,0.000260,1,"delegate_cpu_graph"
"CPU_Elastic","COMPUTE_GRAPH","ggml_cgraph","GRAPH","",-1,1,-1,0,0,0,0,0,0.000312,1,"delegate_cpu_graph"
"CPU_Elastic","COMPUTE_GRAPH","ggml_cgraph","GRAPH","",-1,1,-1,0,0,0,0,0,0.045104,1,"delegate_cpu_graph"
"CPU_Elastic","COMPUTE_GRAPH","ggml_cgraph","GRAPH","",-1,1,-1,0,0,0,0,0,0.016354,1,"delegate_cpu_graph"
"CPU_Elastic","COMPUTE_GRAPH","ggml_cgraph","GRAPH","",-1,1,-1,0,0,0,0,0,0.029792,1,"delegate_cpu_graph"
"CPU_Elastic","COMPUTE_GRAPH","ggml_cgraph","GRAPH","",-1,1,-1,0,0,0,0,0,0.000416,1,"delegate_cpu_graph"
"CPU_Elastic","COMPUTE_GRAPH","ggml_cgraph","GRAPH","",-1,1,-1,0,0,0,0,0,0.004635,1,"delegate_cpu_graph"
"CPU_Elastic","COMPUTE_GRAPH","ggml_cgraph","GRAPH","",-1,1,-1,0,0,0,0,0,0.090156,1,"delegate_cpu_graph"
"CPU_Elastic","COMPUTE_GRAPH","ggml_cgraph","GRAPH","",-1,1,-1,0,0,0,0,0,0.009167,1,"delegate_cpu_graph"
"CPU_Elastic","COMPUTE_GRAPH","ggml_cgraph","GRAPH","",-1,1,-1,0,0,0,0,0,0.004167,1,"delegate_cpu_graph"
"CPU_Elastic","COMPUTE_GRAPH","ggml_cgraph","GRAPH","",-1,1,-1,0,0,0,0,0,0.000782,1,"delegate_cpu_graph"
"CPU_Elastic","COMPUTE_GRAPH","ggml_cgraph","GRAPH","",-1,1,-1,0,0,0,0,0,0.000260,1,"delegate_cpu_graph"
"CPU_Elastic","COMPUTE_GRAPH","ggml_cgraph","GRAPH","",-1,1,-1,0,0,0,0,0,0.009844,1,"delegate_cpu_graph"
"CPU_Elastic","COMPUTE_GRAPH","ggml_cgraph","GRAPH","",-1,1,-1,0,0,0,0,0,0.000417,1,"delegate_cpu_graph"
"CPU_Elastic","COMPUTE_GRAPH","ggml_cgraph","GRAPH","",-1,1,-1,0,0,0,0,0,0.000364,1,"delegate_cpu_graph"
"CPU_Elastic","COMPUTE_GRAPH","ggml_cgraph","GRAPH","",-1,1,-1,0,0,0,0,0,0.000312,1,"delegate_cpu_graph"
"CPU_Elastic","COMPUTE_GRAPH","ggml_cgraph","GRAPH","",-1,1,-1,0,0,0,0,0,0.328803,1,"delegate_cpu_graph"
"CPU_Elastic","COMPUTE_GRAPH","ggml_cgraph","GRAPH","",-1,1,-1,0,0,0,0,0,0.328437,1,"delegate_cpu_graph"
"CPU_Elastic","COMPUTE_GRAPH","ggml_cgraph","GRAPH","",-1,1,-1,0,0,0,0,0,0.006667,1,"delegate_cpu_graph"
"CPU_Elastic","COMPUTE_GRAPH","ggml_cgraph","GRAPH","",-1,1,-1,0,0,0,0,0,0.348698,1,"delegate_cpu_graph"
"CPU_Elastic","COMPUTE_GRAPH","ggml_cgraph","GRAPH","",-1,1,-1,0,0,0,0,0,0.013229,1,"delegate_cpu_graph"
"CPU_Elastic","COMPUTE_GRAPH","ggml_cgraph","GRAPH","",-1,1,-1,0,0,0,0,0,0.000417,1,"delegate_cpu_graph"
"CPU_Elastic","COMPUTE_GRAPH","ggml_cgraph","GRAPH","",-1,1,-1,0,0,0,0,0,0.000261,1,"delegate_cpu_graph"
"CPU_Elastic","COMPUTE_GRAPH","ggml_cgraph","GRAPH","",-1,1,-1,0,0,0,0,0,0.000313,1,"delegate_cpu_graph"
"CPU_Elastic","COMPUTE_GRAPH","ggml_cgraph","GRAPH","",-1,1,-1,0,0,0,0,0,0.000261,1,"delegate_cpu_graph"
"CPU_Elastic","COMPUTE_GRAPH","ggml_cgraph","GRAPH","",-1,1,-1,0,0,0,0,0,0.000261,1,"delegate_cpu_graph"
"CPU_Elastic","COMPUTE_GRAPH","ggml_cgraph","GRAPH","",-1,1,-1,0,0,0,0,0,0.000312,1,"delegate_cpu_graph"
"CPU_Elastic","COMPUTE_GRAPH","ggml_cgraph","GRAPH","",-1,1,-1,0,0,0,0,0,0.000260,1,"delegate_cpu_graph"
"CPU_Elastic","COMPUTE_GRAPH","ggml_cgraph","GRAPH","",-1,1,-1,0,0,0,0,0,0.000208,1,"delegate_cpu_graph"
"CPU_Elastic","COMPUTE_GRAPH","ggml_cgraph","GRAPH","",-1,1,-1,0,0,0,0,0,0.005261,1,"delegate_cpu_graph"
"CPU_Elastic","COMPUTE_GRAPH","ggml_cgraph","GRAPH","",-1,1,-1,0,0,0,0,0,0.005677,1,"delegate_cpu_graph"
"CPU_Elastic","COMPUTE_GRAPH","ggml_cgraph","GRAPH","",-1,1,-1,0,0,0,0,0,0.004791,1,"delegate_cpu_graph"
"CPU_Elastic","COMPUTE_GRAPH","ggml_cgraph","GRAPH","",-1,1,-1,0,0,0,0,0,0.005313,1,"delegate_cpu_graph"
"CPU_Elastic","COMPUTE_GRAPH","ggml_cgraph","GRAPH","",-1,1,-1,0,0,0,0,0,0.005468,1,"delegate_cpu_graph"
"CPU_Elastic","COMPUTE_GRAPH","ggml_cgraph","GRAPH","",-1,1,-1,0,0,0,0,0,0.004896,1,"delegate_cpu_graph"
"CPU_Elastic","COMPUTE_GRAPH","ggml_cgraph","GRAPH","",-1,1,-1,0,0,0,0,0,0.005156,1,"delegate_cpu_graph"
"CPU_Elastic","COMPUTE_GRAPH","ggml_cgraph","GRAPH","",-1,1,-1,0,0,0,0,0,0.005521,1,"delegate_cpu_graph"
"CPU_Elastic","COMPUTE_GRAPH","ggml_cgraph","GRAPH","",-1,1,-1,0,0,0,0,0,0.004427,1,"delegate_cpu_graph"
"CPU_Elastic","COMPUTE_GRAPH","ggml_cgraph","GRAPH","",-1,1,-1,0,0,0,0,0,0.090208,1,"delegate_cpu_graph"
"CPU_Elastic","COMPUTE_GRAPH","ggml_cgraph","GRAPH","",-1,1,-1,0,0,0,0,0,0.004843,1,"delegate_cpu_graph"
"CPU_Elastic","COMPUTE_GRAPH","ggml_cgraph","GRAPH","",-1,1,-1,0,0,0,0,0,0.000469,1,"delegate_cpu_graph"
"CPU_Elastic","COMPUTE_GRAPH","ggml_cgraph","GRAPH","",-1,1,-1,0,0,0,0,0,0.006406,1,"delegate_cpu_graph"
"CPU_Elastic","COMPUTE_GRAPH","ggml_cgraph","GRAPH","",-1,1,-1,0,0,0,0,0,0.090886,1,"delegate_cpu_graph"
"CPU_Elastic","COMPUTE_GRAPH","ggml_cgraph","GRAPH","",-1,1,-1,0,0,0,0,0,0.004740,1,"delegate_cpu_graph"
"CPU_Elastic","COMPUTE_GRAPH","ggml_cgraph","GRAPH","",-1,1,-1,0,0,0,0,0,0.000469,1,"delegate_cpu_graph"
"CPU_Elastic","COMPUTE_GRAPH","ggml_cgraph","GRAPH","",-1,1,-1,0,0,0,0,0,0.005782,1,"delegate_cpu_graph"
"CPU_Elastic","COMPUTE_GRAPH","ggml_cgraph","GRAPH","",-1,1,-1,0,0,0,0,0,0.001875,1,"delegate_cpu_graph"
"CPU_Elastic","COMPUTE_GRAPH","ggml_cgraph","GRAPH","",-1,1,-1,0,0,0,0,0,0.000261,1,"delegate_cpu_graph"
"CPU_Elastic","COMPUTE_GRAPH","ggml_cgraph","GRAPH","",-1,1,-1,0,0,0,0,0,0.001510,1,"delegate_cpu_graph"
"CPU_Elastic","COMPUTE_GRAPH","ggml_cgraph","GRAPH","",-1,1,-1,0,0,0,0,0,0.000260,1,"delegate_cpu_graph"
"CPU_Elastic","COMPUTE_GRAPH","ggml_cgraph","GRAPH","",-1,1,-1,0,0,0,0,0,0.000260,1,"delegate_cpu_graph"
"CPU_Elastic","COMPUTE_GRAPH","ggml_cgraph","GRAPH","",-1,1,-1,0,0,0,0,0,0.000260,1,"delegate_cpu_graph"
"CPU_Elastic","COMPUTE_GRAPH","ggml_cgraph","GRAPH","",-1,1,-1,0,0,0,0,0,0.436563,1,"delegate_cpu_graph"
"CPU_Elastic","COMPUTE_GRAPH","ggml_cgraph","GRAPH","",-1,1,-1,0,0,0,0,0,0.000417,1,"delegate_cpu_graph"
"CPU_Elastic","COMPUTE_GRAPH","ggml_cgraph","GRAPH","",-1,1,-1,0,0,0,0,0,0.000313,1,"delegate_cpu_graph"
"CPU_Elastic","COMPUTE_GRAPH","ggml_cgraph","GRAPH","",-1,1,-1,0,0,0,0,0,0.000260,1,"delegate_cpu_graph"
"CPU_Elastic","COMPUTE_GRAPH","ggml_cgraph","GRAPH","",-1,1,-1,0,0,0,0,0,0.000261,1,"delegate_cpu_graph"
"CPU_Elastic","COMPUTE_GRAPH","ggml_cgraph","GRAPH","",-1,1,-1,0,0,0,0,0,0.037709,1,"delegate_cpu_graph"
"CPU_Elastic","COMPUTE_GRAPH","ggml_cgraph","GRAPH","",-1,1,-1,0,0,0,0,0,0.018385,1,"delegate_cpu_graph"
"CPU_Elastic","COMPUTE_GRAPH","ggml_cgraph","GRAPH","",-1,1,-1,0,0,0,0,0,0.033334,1,"delegate_cpu_graph"
"CPU_Elastic","COMPUTE_GRAPH","ggml_cgraph","GRAPH","",-1,1,-1,0,0,0,0,0,0.000417,1,"delegate_cpu_graph"
"CPU_Elastic","COMPUTE_GRAPH","ggml_cgraph","GRAPH","",-1,1,-1,0,0,0,0,0,0.005365,1,"delegate_cpu_graph"
"CPU_Elastic","COMPUTE_GRAPH","ggml_cgraph","GRAPH","",-1,1,-1,0,0,0,0,0,0.089635,1,"delegate_cpu_graph"
"CPU_Elastic","COMPUTE_GRAPH","ggml_cgraph","GRAPH","",-1,1,-1,0,0,0,0,0,0.005573,1,"delegate_cpu_graph"
"CPU_Elastic","COMPUTE_GRAPH","ggml_cgraph","GRAPH","",-1,1,-1,0,0,0,0,0,0.004583,1,"delegate_cpu_graph"
"CPU_Elastic","COMPUTE_GRAPH","ggml_cgraph","GRAPH","",-1,1,-1,0,0,0,0,0,0.014166,1,"delegate_cpu_graph"
"CPU_Elastic","COMPUTE_GRAPH","ggml_cgraph","GRAPH","",-1,1,-1,0,0,0,0,0,0.000730,1,"delegate_cpu_graph"
"CPU_Elastic","COMPUTE_GRAPH","ggml_cgraph","GRAPH","",-1,1,-1,0,0,0,0,0,0.000261,1,"delegate_cpu_graph"
"CPU_Elastic","COMPUTE_GRAPH","ggml_cgraph","GRAPH","",-1,1,-1,0,0,0,0,0,0.010573,1,"delegate_cpu_graph"
"CPU_Elastic","COMPUTE_GRAPH","ggml_cgraph","GRAPH","",-1,1,-1,0,0,0,0,0,0.000417,1,"delegate_cpu_graph"
"CPU_Elastic","COMPUTE_GRAPH","ggml_cgraph","GRAPH","",-1,1,-1,0,0,0,0,0,0.000364,1,"delegate_cpu_graph"
"CPU_Elastic","COMPUTE_GRAPH","ggml_cgraph","GRAPH","",-1,1,-1,0,0,0,0,0,0.000312,1,"delegate_cpu_graph"
"CPU_Elastic","COMPUTE_GRAPH","ggml_cgraph","GRAPH","",-1,1,-1,0,0,0,0,0,0.361980,1,"delegate_cpu_graph"
"CPU_Elastic","COMPUTE_GRAPH","ggml_cgraph","GRAPH","",-1,1,-1,0,0,0,0,0,0.327969,1,"delegate_cpu_graph"
"CPU_Elastic","COMPUTE_GRAPH","ggml_cgraph","GRAPH","",-1,1,-1,0,0,0,0,0,0.008177,1,"delegate_cpu_graph"
"CPU_Elastic","COMPUTE_GRAPH","ggml_cgraph","GRAPH","",-1,1,-1,0,0,0,0,0,0.467865,1,"delegate_cpu_graph"
"CPU_Elastic","COMPUTE_GRAPH","ggml_cgraph","GRAPH","",-1,1,-1,0,0,0,0,0,0.012395,1,"delegate_cpu_graph"
"CPU_Elastic","COMPUTE_GRAPH","ggml_cgraph","GRAPH","",-1,1,-1,0,0,0,0,0,0.000417,1,"delegate_cpu_graph"
"CPU_Elastic","COMPUTE_GRAPH","ggml_cgraph","GRAPH","",-1,1,-1,0,0,0,0,0,0.000260,1,"delegate_cpu_graph"
"CPU_Elastic","COMPUTE_GRAPH","ggml_cgraph","GRAPH","",-1,1,-1,0,0,0,0,0,0.000312,1,"delegate_cpu_graph"
"CPU_Elastic","COMPUTE_GRAPH","ggml_cgraph","GRAPH","",-1,1,-1,0,0,0,0,0,0.000312,1,"delegate_cpu_graph"
"CPU_Elastic","COMPUTE_GRAPH","ggml_cgraph","GRAPH","",-1,1,-1,0,0,0,0,0,0.000312,1,"delegate_cpu_graph"
"CPU_Elastic","COMPUTE_GRAPH","ggml_cgraph","GRAPH","",-1,1,-1,0,0,0,0,0,0.000313,1,"delegate_cpu_graph"
"CPU_Elastic","COMPUTE_GRAPH","ggml_cgraph","GRAPH","",-1,1,-1,0,0,0,0,0,0.000260,1,"delegate_cpu_graph"
"CPU_Elastic","COMPUTE_GRAPH","ggml_cgraph","GRAPH","",-1,1,-1,0,0,0,0,0,0.000312,1,"delegate_cpu_graph"
"CPU_Elastic","COMPUTE_GRAPH","ggml_cgraph","GRAPH","",-1,1,-1,0,0,0,0,0,0.005417,1,"delegate_cpu_graph"
"CPU_Elastic","COMPUTE_GRAPH","ggml_cgraph","GRAPH","",-1,1,-1,0,0,0,0,0,0.005573,1,"delegate_cpu_graph"
"CPU_Elastic","COMPUTE_GRAPH","ggml_cgraph","GRAPH","",-1,1,-1,0,0,0,0,0,0.004844,1,"delegate_cpu_graph"
"CPU_Elastic","COMPUTE_GRAPH","ggml_cgraph","GRAPH","",-1,1,-1,0,0,0,0,0,0.004948,1,"delegate_cpu_graph"
"CPU_Elastic","COMPUTE_GRAPH","ggml_cgraph","GRAPH","",-1,1,-1,0,0,0,0,0,0.005677,1,"delegate_cpu_graph"
"CPU_Elastic","COMPUTE_GRAPH","ggml_cgraph","GRAPH","",-1,1,-1,0,0,0,0,0,0.005000,1,"delegate_cpu_graph"
"CPU_Elastic","COMPUTE_GRAPH","ggml_cgraph","GRAPH","",-1,1,-1,0,0,0,0,0,0.005156,1,"delegate_cpu_graph"
"CPU_Elastic","COMPUTE_GRAPH","ggml_cgraph","GRAPH","",-1,1,-1,0,0,0,0,0,0.005625,1,"delegate_cpu_graph"
"CPU_Elastic","COMPUTE_GRAPH","ggml_cgraph","GRAPH","",-1,1,-1,0,0,0,0,0,0.004896,1,"delegate_cpu_graph"
"CPU_Elastic","COMPUTE_GRAPH","ggml_cgraph","GRAPH","",-1,1,-1,0,0,0,0,0,0.155417,1,"delegate_cpu_graph"
"CPU_Elastic","COMPUTE_GRAPH","ggml_cgraph","GRAPH","",-1,1,-1,0,0,0,0,0,0.004740,1,"delegate_cpu_graph"
"CPU_Elastic","COMPUTE_GRAPH","ggml_cgraph","GRAPH","",-1,1,-1,0,0,0,0,0,0.000416,1,"delegate_cpu_graph"
"CPU_Elastic","COMPUTE_GRAPH","ggml_cgraph","GRAPH","",-1,1,-1,0,0,0,0,0,0.005521,1,"delegate_cpu_graph"
"CPU_Elastic","COMPUTE_GRAPH","ggml_cgraph","GRAPH","",-1,1,-1,0,0,0,0,0,0.089948,1,"delegate_cpu_graph"
"CPU_Elastic","COMPUTE_GRAPH","ggml_cgraph","GRAPH","",-1,1,-1,0,0,0,0,0,0.004167,1,"delegate_cpu_graph"
"CPU_Elastic","COMPUTE_GRAPH","ggml_cgraph","GRAPH","",-1,1,-1,0,0,0,0,0,0.000469,1,"delegate_cpu_graph"
"CPU_Elastic","COMPUTE_GRAPH","ggml_cgraph","GRAPH","",-1,1,-1,0,0,0,0,0,0.005365,1,"delegate_cpu_graph"
"CPU_Elastic","COMPUTE_GRAPH","ggml_cgraph","GRAPH","",-1,1,-1,0,0,0,0,0,0.089844,1,"delegate_cpu_graph"
"CPU_Elastic","COMPUTE_GRAPH","ggml_cgraph","GRAPH","",-1,1,-1,0,0,0,0,0,0.000417,1,"delegate_cpu_graph"
"CPU_Elastic","COMPUTE_GRAPH","ggml_cgraph","GRAPH","",-1,1,-1,0,0,0,0,0,0.000261,1,"delegate_cpu_graph"
"CPU_Elastic","COMPUTE_GRAPH","ggml_cgraph","GRAPH","",-1,1,-1,0,0,0,0,0,0.001615,1,"delegate_cpu_graph"
"CPU_Elastic","COMPUTE_GRAPH","ggml_cgraph","GRAPH","",-1,1,-1,0,0,0,0,0,0.000313,1,"delegate_cpu_graph"
"CPU_Elastic","COMPUTE_GRAPH","ggml_cgraph","GRAPH","",-1,1,-1,0,0,0,0,0,0.001511,1,"delegate_cpu_graph"
"CPU_Elastic","COMPUTE_GRAPH","ggml_cgraph","GRAPH","",-1,1,-1,0,0,0,0,0,0.000313,1,"delegate_cpu_graph"
"CPU_Elastic","COMPUTE_GRAPH","ggml_cgraph","GRAPH","",-1,1,-1,0,0,0,0,0,0.000261,1,"delegate_cpu_graph"
"CPU_Elastic","COMPUTE_GRAPH","ggml_cgraph","GRAPH","",-1,1,-1,0,0,0,0,0,0.000261,1,"delegate_cpu_graph"
"CPU_Elastic","COMPUTE_GRAPH","ggml_cgraph","GRAPH","",-1,1,-1,0,0,0,0,0,0.575521,1,"delegate_cpu_graph"
"CPU_Elastic","COMPUTE_GRAPH","ggml_cgraph","GRAPH","",-1,1,-1,0,0,0,0,0,0.000417,1,"delegate_cpu_graph"
"CPU_Elastic","COMPUTE_GRAPH","ggml_cgraph","GRAPH","",-1,1,-1,0,0,0,0,0,0.000312,1,"delegate_cpu_graph"
"CPU_Elastic","COMPUTE_GRAPH","ggml_cgraph","GRAPH","",-1,1,-1,0,0,0,0,0,0.000260,1,"delegate_cpu_graph"
"CPU_Elastic","COMPUTE_GRAPH","ggml_cgraph","GRAPH","",-1,1,-1,0,0,0,0,0,0.000260,1,"delegate_cpu_graph"
"CPU_Elastic","COMPUTE_GRAPH","ggml_cgraph","GRAPH","",-1,1,-1,0,0,0,0,0,0.037500,1,"delegate_cpu_graph"
"CPU_Elastic","COMPUTE_GRAPH","ggml_cgraph","GRAPH","",-1,1,-1,0,0,0,0,0,0.017344,1,"delegate_cpu_graph"
"CPU_Elastic","COMPUTE_GRAPH","ggml_cgraph","GRAPH","",-1,1,-1,0,0,0,0,0,0.029792,1,"delegate_cpu_graph"
"CPU_Elastic","COMPUTE_GRAPH","ggml_cgraph","GRAPH","",-1,1,-1,0,0,0,0,0,0.000364,1,"delegate_cpu_graph"
"CPU_Elastic","COMPUTE_GRAPH","ggml_cgraph","GRAPH","",-1,1,-1,0,0,0,0,0,0.003646,1,"delegate_cpu_graph"
"CPU_Elastic","COMPUTE_GRAPH","ggml_cgraph","GRAPH","",-1,1,-1,0,0,0,0,0,0.090104,1,"delegate_cpu_graph"
"CPU_Elastic","COMPUTE_GRAPH","ggml_cgraph","GRAPH","",-1,1,-1,0,0,0,0,0,0.005730,1,"delegate_cpu_graph"
"CPU_Elastic","COMPUTE_GRAPH","ggml_cgraph","GRAPH","",-1,1,-1,0,0,0,0,0,0.004114,1,"delegate_cpu_graph"
"CPU_Elastic","COMPUTE_GRAPH","ggml_cgraph","GRAPH","",-1,1,-1,0,0,0,0,0,0.013177,1,"delegate_cpu_graph"
"CPU_Elastic","COMPUTE_GRAPH","ggml_cgraph","GRAPH","",-1,1,-1,0,0,0,0,0,0.000729,1,"delegate_cpu_graph"
"CPU_Elastic","COMPUTE_GRAPH","ggml_cgraph","GRAPH","",-1,1,-1,0,0,0,0,0,0.000312,1,"delegate_cpu_graph"
"CPU_Elastic","COMPUTE_GRAPH","ggml_cgraph","GRAPH","",-1,1,-1,0,0,0,0,0,0.010208,1,"delegate_cpu_graph"
"CPU_Elastic","COMPUTE_GRAPH","ggml_cgraph","GRAPH","",-1,1,-1,0,0,0,0,0,0.000364,1,"delegate_cpu_graph"
"CPU_Elastic","COMPUTE_GRAPH","ggml_cgraph","GRAPH","",-1,1,-1,0,0,0,0,0,0.000312,1,"delegate_cpu_graph"
"CPU_Elastic","COMPUTE_GRAPH","ggml_cgraph","GRAPH","",-1,1,-1,0,0,0,0,0,0.000260,1,"delegate_cpu_graph"
"CPU_Elastic","COMPUTE_GRAPH","ggml_cgraph","GRAPH","",-1,1,-1,0,0,0,0,0,0.328750,1,"delegate_cpu_graph"
"CPU_Elastic","COMPUTE_GRAPH","ggml_cgraph","GRAPH","",-1,1,-1,0,0,0,0,0,0.346198,1,"delegate_cpu_graph"
"CPU_Elastic","COMPUTE_GRAPH","ggml_cgraph","GRAPH","",-1,1,-1,0,0,0,0,0,0.007292,1,"delegate_cpu_graph"
"CPU_Elastic","COMPUTE_GRAPH","ggml_cgraph","GRAPH","",-1,1,-1,0,0,0,0,0,0.351250,1,"delegate_cpu_graph"
"CPU_Elastic","COMPUTE_GRAPH","ggml_cgraph","GRAPH","",-1,1,-1,0,0,0,0,0,0.012448,1,"delegate_cpu_graph"
"CPU_Elastic","COMPUTE_GRAPH","ggml_cgraph","GRAPH","",-1,1,-1,0,0,0,0,0,0.000937,1,"delegate_cpu_graph"
"CPU_Elastic","COMPUTE_GRAPH","ggml_cgraph","GRAPH","",-1,1,-1,0,0,0,0,0,0.000260,1,"delegate_cpu_graph"
"CPU_Elastic","COMPUTE_GRAPH","ggml_cgraph","GRAPH","",-1,1,-1,0,0,0,0,0,0.000312,1,"delegate_cpu_graph"
"CPU_Elastic","COMPUTE_GRAPH","ggml_cgraph","GRAPH","",-1,1,-1,0,0,0,0,0,0.000260,1,"delegate_cpu_graph"
"CPU_Elastic","COMPUTE_GRAPH","ggml_cgraph","GRAPH","",-1,1,-1,0,0,0,0,0,0.000261,1,"delegate_cpu_graph"
"CPU_Elastic","COMPUTE_GRAPH","ggml_cgraph","GRAPH","",-1,1,-1,0,0,0,0,0,0.000261,1,"delegate_cpu_graph"
"CPU_Elastic","COMPUTE_GRAPH","ggml_cgraph","GRAPH","",-1,1,-1,0,0,0,0,0,0.000261,1,"delegate_cpu_graph"
"CPU_Elastic","COMPUTE_GRAPH","ggml_cgraph","GRAPH","",-1,1,-1,0,0,0,0,0,0.000260,1,"delegate_cpu_graph"
"CPU_Elastic","COMPUTE_GRAPH","ggml_cgraph","GRAPH","",-1,1,-1,0,0,0,0,0,0.004427,1,"delegate_cpu_graph"
"CPU_Elastic","COMPUTE_GRAPH","ggml_cgraph","GRAPH","",-1,1,-1,0,0,0,0,0,0.005000,1,"delegate_cpu_graph"
"CPU_Elastic","COMPUTE_GRAPH","ggml_cgraph","GRAPH","",-1,1,-1,0,0,0,0,0,0.005260,1,"delegate_cpu_graph"
"CPU_Elastic","COMPUTE_GRAPH","ggml_cgraph","GRAPH","",-1,1,-1,0,0,0,0,0,0.005260,1,"delegate_cpu_graph"
"CPU_Elastic","COMPUTE_GRAPH","ggml_cgraph","GRAPH","",-1,1,-1,0,0,0,0,0,0.004948,1,"delegate_cpu_graph"
"CPU_Elastic","COMPUTE_GRAPH","ggml_cgraph","GRAPH","",-1,1,-1,0,0,0,0,0,0.005156,1,"delegate_cpu_graph"
"CPU_Elastic","COMPUTE_GRAPH","ggml_cgraph","GRAPH","",-1,1,-1,0,0,0,0,0,0.005521,1,"delegate_cpu_graph"
"CPU_Elastic","COMPUTE_GRAPH","ggml_cgraph","GRAPH","",-1,1,-1,0,0,0,0,0,0.004896,1,"delegate_cpu_graph"
"CPU_Elastic","COMPUTE_GRAPH","ggml_cgraph","GRAPH","",-1,1,-1,0,0,0,0,0,0.004844,1,"delegate_cpu_graph"
"CPU_Elastic","COMPUTE_GRAPH","ggml_cgraph","GRAPH","",-1,1,-1,0,0,0,0,0,0.090104,1,"delegate_cpu_graph"
"CPU_Elastic","COMPUTE_GRAPH","ggml_cgraph","GRAPH","",-1,1,-1,0,0,0,0,0,0.004062,1,"delegate_cpu_graph"
"CPU_Elastic","COMPUTE_GRAPH","ggml_cgraph","GRAPH","",-1,1,-1,0,0,0,0,0,0.000417,1,"delegate_cpu_graph"
"CPU_Elastic","COMPUTE_GRAPH","ggml_cgraph","GRAPH","",-1,1,-1,0,0,0,0,0,0.005729,1,"delegate_cpu_graph"
"CPU_Elastic","COMPUTE_GRAPH","ggml_cgraph","GRAPH","",-1,1,-1,0,0,0,0,0,0.091510,1,"delegate_cpu_graph"
"CPU_Elastic","COMPUTE_GRAPH","ggml_cgraph","GRAPH","",-1,1,-1,0,0,0,0,0,0.004271,1,"delegate_cpu_graph"
"CPU_Elastic","COMPUTE_GRAPH","ggml_cgraph","GRAPH","",-1,1,-1,0,0,0,0,0,0.000417,1,"delegate_cpu_graph"
"CPU_Elastic","COMPUTE_GRAPH","ggml_cgraph","GRAPH","",-1,1,-1,0,0,0,0,0,0.005730,1,"delegate_cpu_graph"
"CPU_Elastic","COMPUTE_GRAPH","ggml_cgraph","GRAPH","",-1,1,-1,0,0,0,0,0,0.089948,1,"delegate_cpu_graph"
"CPU_Elastic","COMPUTE_GRAPH","ggml_cgraph","GRAPH","",-1,1,-1,0,0,0,0,0,0.000416,1,"delegate_cpu_graph"
"CPU_Elastic","COMPUTE_GRAPH","ggml_cgraph","GRAPH","",-1,1,-1,0,0,0,0,0,0.000260,1,"delegate_cpu_graph"
"CPU_Elastic","COMPUTE_GRAPH","ggml_cgraph","GRAPH","",-1,1,-1,0,0,0,0,0,0.001719,1,"delegate_cpu_graph"
"CPU_Elastic","COMPUTE_GRAPH","ggml_cgraph","GRAPH","",-1,1,-1,0,0,0,0,0,0.000260,1,"delegate_cpu_graph"
"CPU_Elastic","COMPUTE_GRAPH","ggml_cgraph","GRAPH","",-1,1,-1,0,0,0,0,0,0.001458,1,"delegate_cpu_graph"
"CPU_Elastic","COMPUTE_GRAPH","ggml_cgraph","GRAPH","",-1,1,-1,0,0,0,0,0,0.000260,1,"delegate_cpu_graph"
"CPU_Elastic","COMPUTE_GRAPH","ggml_cgraph","GRAPH","",-1,1,-1,0,0,0,0,0,0.000312,1,"delegate_cpu_graph"
"CPU_Elastic","COMPUTE_GRAPH","ggml_cgraph","GRAPH","",-1,1,-1,0,0,0,0,0,0.000260,1,"delegate_cpu_graph"
"CPU_Elastic","COMPUTE_GRAPH","ggml_cgraph","GRAPH","",-1,1,-1,0,0,0,0,0,0.432396,1,"delegate_cpu_graph"
"CPU_Elastic","COMPUTE_GRAPH","ggml_cgraph","GRAPH","",-1,1,-1,0,0,0,0,0,0.000469,1,"delegate_cpu_graph"
"CPU_Elastic","COMPUTE_GRAPH","ggml_cgraph","GRAPH","",-1,1,-1,0,0,0,0,0,0.000261,1,"delegate_cpu_graph"
"CPU_Elastic","COMPUTE_GRAPH","ggml_cgraph","GRAPH","",-1,1,-1,0,0,0,0,0,0.000313,1,"delegate_cpu_graph"
"CPU_Elastic","COMPUTE_GRAPH","ggml_cgraph","GRAPH","",-1,1,-1,0,0,0,0,0,0.000260,1,"delegate_cpu_graph"
"CPU_Elastic","COMPUTE_GRAPH","ggml_cgraph","GRAPH","",-1,1,-1,0,0,0,0,0,0.038542,1,"delegate_cpu_graph"
"CPU_Elastic","COMPUTE_GRAPH","ggml_cgraph","GRAPH","",-1,1,-1,0,0,0,0,0,0.017187,1,"delegate_cpu_graph"
"CPU_Elastic","COMPUTE_GRAPH","ggml_cgraph","GRAPH","",-1,1,-1,0,0,0,0,0,0.031041,1,"delegate_cpu_graph"
"CPU_Elastic","COMPUTE_GRAPH","ggml_cgraph","GRAPH","",-1,1,-1,0,0,0,0,0,0.000365,1,"delegate_cpu_graph"
"CPU_Elastic","COMPUTE_GRAPH","ggml_cgraph","GRAPH","",-1,1,-1,0,0,0,0,0,0.007552,1,"delegate_cpu_graph"
"CPU_Elastic","COMPUTE_GRAPH","ggml_cgraph","GRAPH","",-1,1,-1,0,0,0,0,0,0.089740,1,"delegate_cpu_graph"
"CPU_Elastic","COMPUTE_GRAPH","ggml_cgraph","GRAPH","",-1,1,-1,0,0,0,0,0,0.005313,1,"delegate_cpu_graph"
"CPU_Elastic","COMPUTE_GRAPH","ggml_cgraph","GRAPH","",-1,1,-1,0,0,0,0,0,0.004270,1,"delegate_cpu_graph"
"CPU_Elastic","COMPUTE_GRAPH","ggml_cgraph","GRAPH","",-1,1,-1,0,0,0,0,0,0.013489,1,"delegate_cpu_graph"
"CPU_Elastic","COMPUTE_GRAPH","ggml_cgraph","GRAPH","",-1,1,-1,0,0,0,0,0,0.000677,1,"delegate_cpu_graph"
"CPU_Elastic","COMPUTE_GRAPH","ggml_cgraph","GRAPH","",-1,1,-1,0,0,0,0,0,0.000261,1,"delegate_cpu_graph"
"CPU_Elastic","COMPUTE_GRAPH","ggml_cgraph","GRAPH","",-1,1,-1,0,0,0,0,0,0.010834,1,"delegate_cpu_graph"
"CPU_Elastic","COMPUTE_GRAPH","ggml_cgraph","GRAPH","",-1,1,-1,0,0,0,0,0,0.000938,1,"delegate_cpu_graph"
"CPU_Elastic","COMPUTE_GRAPH","ggml_cgraph","GRAPH","",-1,1,-1,0,0,0,0,0,0.000364,1,"delegate_cpu_graph"
"CPU_Elastic","COMPUTE_GRAPH","ggml_cgraph","GRAPH","",-1,1,-1,0,0,0,0,0,0.000260,1,"delegate_cpu_graph"
"CPU_Elastic","COMPUTE_GRAPH","ggml_cgraph","GRAPH","",-1,1,-1,0,0,0,0,0,0.329792,1,"delegate_cpu_graph"
"CPU_Elastic","COMPUTE_GRAPH","ggml_cgraph","GRAPH","",-1,1,-1,0,0,0,0,0,0.348646,1,"delegate_cpu_graph"
"CPU_Elastic","COMPUTE_GRAPH","ggml_cgraph","GRAPH","",-1,1,-1,0,0,0,0,0,0.006563,1,"delegate_cpu_graph"
"CPU_Elastic","COMPUTE_GRAPH","ggml_cgraph","GRAPH","",-1,1,-1,0,0,0,0,0,0.354948,1,"delegate_cpu_graph"
"CPU_Elastic","COMPUTE_GRAPH","ggml_cgraph","GRAPH","",-1,1,-1,0,0,0,0,0,0.013125,1,"delegate_cpu_graph"
"CPU_Elastic","COMPUTE_GRAPH","ggml_cgraph","GRAPH","",-1,1,-1,0,0,0,0,0,0.000469,1,"delegate_cpu_graph"
"CPU_Elastic","COMPUTE_GRAPH","ggml_cgraph","GRAPH","",-1,1,-1,0,0,0,0,0,0.000313,1,"delegate_cpu_graph"
"CPU_Elastic","COMPUTE_GRAPH","ggml_cgraph","GRAPH","",-1,1,-1,0,0,0,0,0,0.000312,1,"delegate_cpu_graph"
"CPU_Elastic","COMPUTE_GRAPH","ggml_cgraph","GRAPH","",-1,1,-1,0,0,0,0,0,0.000260,1,"delegate_cpu_graph"
"CPU_Elastic","COMPUTE_GRAPH","ggml_cgraph","GRAPH","",-1,1,-1,0,0,0,0,0,0.000260,1,"delegate_cpu_graph"
"CPU_Elastic","COMPUTE_GRAPH","ggml_cgraph","GRAPH","",-1,1,-1,0,0,0,0,0,0.000261,1,"delegate_cpu_graph"
"CPU_Elastic","COMPUTE_GRAPH","ggml_cgraph","GRAPH","",-1,1,-1,0,0,0,0,0,0.000261,1,"delegate_cpu_graph"
"CPU_Elastic","COMPUTE_GRAPH","ggml_cgraph","GRAPH","",-1,1,-1,0,0,0,0,0,0.000261,1,"delegate_cpu_graph"
"CPU_Elastic","COMPUTE_GRAPH","ggml_cgraph","GRAPH","",-1,1,-1,0,0,0,0,0,0.004479,1,"delegate_cpu_graph"
"CPU_Elastic","COMPUTE_GRAPH","ggml_cgraph","GRAPH","",-1,1,-1,0,0,0,0,0,0.005313,1,"delegate_cpu_graph"
"CPU_Elastic","COMPUTE_GRAPH","ggml_cgraph","GRAPH","",-1,1,-1,0,0,0,0,0,0.005313,1,"delegate_cpu_graph"
"CPU_Elastic","COMPUTE_GRAPH","ggml_cgraph","GRAPH","",-1,1,-1,0,0,0,0,0,0.005052,1,"delegate_cpu_graph"
"CPU_Elastic","COMPUTE_GRAPH","ggml_cgraph","GRAPH","",-1,1,-1,0,0,0,0,0,0.005052,1,"delegate_cpu_graph"
"CPU_Elastic","COMPUTE_GRAPH","ggml_cgraph","GRAPH","",-1,1,-1,0,0,0,0,0,0.005521,1,"delegate_cpu_graph"
"CPU_Elastic","COMPUTE_GRAPH","ggml_cgraph","GRAPH","",-1,1,-1,0,0,0,0,0,0.004896,1,"delegate_cpu_graph"
"CPU_Elastic","COMPUTE_GRAPH","ggml_cgraph","GRAPH","",-1,1,-1,0,0,0,0,0,0.005208,1,"delegate_cpu_graph"
"CPU_Elastic","COMPUTE_GRAPH","ggml_cgraph","GRAPH","",-1,1,-1,0,0,0,0,0,0.004532,1,"delegate_cpu_graph"
"CPU_Elastic","COMPUTE_GRAPH","ggml_cgraph","GRAPH","",-1,1,-1,0,0,0,0,0,0.089583,1,"delegate_cpu_graph"
"CPU_Elastic","COMPUTE_GRAPH","ggml_cgraph","GRAPH","",-1,1,-1,0,0,0,0,0,0.004687,1,"delegate_cpu_graph"
"CPU_Elastic","COMPUTE_GRAPH","ggml_cgraph","GRAPH","",-1,1,-1,0,0,0,0,0,0.000417,1,"delegate_cpu_graph"
"CPU_Elastic","COMPUTE_GRAPH","ggml_cgraph","GRAPH","",-1,1,-1,0,0,0,0,0,0.005521,1,"delegate_cpu_graph"
"CPU_Elastic","COMPUTE_GRAPH","ggml_cgraph","GRAPH","",-1,1,-1,0,0,0,0,0,0.089948,1,"delegate_cpu_graph"
"CPU_Elastic","COMPUTE_GRAPH","ggml_cgraph","GRAPH","",-1,1,-1,0,0,0,0,0,0.004114,1,"delegate_cpu_graph"
"CPU_Elastic","COMPUTE_GRAPH","ggml_cgraph","GRAPH","",-1,1,-1,0,0,0,0,0,0.000417,1,"delegate_cpu_graph"
"CPU_Elastic","COMPUTE_GRAPH","ggml_cgraph","GRAPH","",-1,1,-1,0,0,0,0,0,0.005989,1,"delegate_cpu_graph"
"CPU_Elastic","COMPUTE_GRAPH","ggml_cgraph","GRAPH","",-1,1,-1,0,0,0,0,0,0.001719,1,"delegate_cpu_graph"
"CPU_Elastic","COMPUTE_GRAPH","ggml_cgraph","GRAPH","",-1,1,-1,0,0,0,0,0,0.000312,1,"delegate_cpu_graph"
"CPU_Elastic","COMPUTE_GRAPH","ggml_cgraph","GRAPH","",-1,1,-1,0,0,0,0,0,0.001302,1,"delegate_cpu_graph"
"CPU_Elastic","COMPUTE_GRAPH","ggml_cgraph","GRAPH","",-1,1,-1,0,0,0,0,0,0.000260,1,"delegate_cpu_graph"
"CPU_Elastic","COMPUTE_GRAPH","ggml_cgraph","GRAPH","",-1,1,-1,0,0,0,0,0,0.000312,1,"delegate_cpu_graph"
"CPU_Elastic","COMPUTE_GRAPH","ggml_cgraph","GRAPH","",-1,1,-1,0,0,0,0,0,0.000260,1,"delegate_cpu_graph"
"CPU_Elastic","COMPUTE_GRAPH","ggml_cgraph","GRAPH","",-1,1,-1,0,0,0,0,0,0.434584,1,"delegate_cpu_graph"
"CPU_Elastic","COMPUTE_GRAPH","ggml_cgraph","GRAPH","",-1,1,-1,0,0,0,0,0,0.000416,1,"delegate_cpu_graph"
"CPU_Elastic","COMPUTE_GRAPH","ggml_cgraph","GRAPH","",-1,1,-1,0,0,0,0,0,0.000260,1,"delegate_cpu_graph"
"CPU_Elastic","COMPUTE_GRAPH","ggml_cgraph","GRAPH","",-1,1,-1,0,0,0,0,0,0.000312,1,"delegate_cpu_graph"
"CPU_Elastic","COMPUTE_GRAPH","ggml_cgraph","GRAPH","",-1,1,-1,0,0,0,0,0,0.000312,1,"delegate_cpu_graph"
"CPU_Elastic","COMPUTE_GRAPH","ggml_cgraph","GRAPH","",-1,1,-1,0,0,0,0,0,0.037969,1,"delegate_cpu_graph"
"CPU_Elastic","COMPUTE_GRAPH","ggml_cgraph","GRAPH","",-1,1,-1,0,0,0,0,0,0.017500,1,"delegate_cpu_graph"
"CPU_Elastic","COMPUTE_GRAPH","ggml_cgraph","GRAPH","",-1,1,-1,0,0,0,0,0,0.032083,1,"delegate_cpu_graph"
"CPU_Elastic","COMPUTE_GRAPH","ggml_cgraph","GRAPH","",-1,1,-1,0,0,0,0,0,0.000416,1,"delegate_cpu_graph"
"CPU_Elastic","COMPUTE_GRAPH","ggml_cgraph","GRAPH","",-1,1,-1,0,0,0,0,0,0.005052,1,"delegate_cpu_graph"
"CPU_Elastic","COMPUTE_GRAPH","ggml_cgraph","GRAPH","",-1,1,-1,0,0,0,0,0,0.089687,1,"delegate_cpu_graph"
"CPU_Elastic","COMPUTE_GRAPH","ggml_cgraph","GRAPH","",-1,1,-1,0,0,0,0,0,0.005364,1,"delegate_cpu_graph"
"CPU_Elastic","COMPUTE_GRAPH","ggml_cgraph","GRAPH","",-1,1,-1,0,0,0,0,0,0.004896,1,"delegate_cpu_graph"
"CPU_Elastic","COMPUTE_GRAPH","ggml_cgraph","GRAPH","",-1,1,-1,0,0,0,0,0,0.013333,1,"delegate_cpu_graph"
"CPU_Elastic","COMPUTE_GRAPH","ggml_cgraph","GRAPH","",-1,1,-1,0,0,0,0,0,0.000729,1,"delegate_cpu_graph"
"CPU_Elastic","COMPUTE_GRAPH","ggml_cgraph","GRAPH","",-1,1,-1,0,0,0,0,0,0.000364,1,"delegate_cpu_graph"
"CPU_Elastic","COMPUTE_GRAPH","ggml_cgraph","GRAPH","",-1,1,-1,0,0,0,0,0,0.011042,1,"delegate_cpu_graph"
"CPU_Elastic","COMPUTE_GRAPH","ggml_cgraph","GRAPH","",-1,1,-1,0,0,0,0,0,0.000416,1,"delegate_cpu_graph"
"CPU_Elastic","COMPUTE_GRAPH","ggml_cgraph","GRAPH","",-1,1,-1,0,0,0,0,0,0.000312,1,"delegate_cpu_graph"
"CPU_Elastic","COMPUTE_GRAPH","ggml_cgraph","GRAPH","",-1,1,-1,0,0,0,0,0,0.000261,1,"delegate_cpu_graph"
"CPU_Elastic","COMPUTE_GRAPH","ggml_cgraph","GRAPH","",-1,1,-1,0,0,0,0,0,0.329635,1,"delegate_cpu_graph"
"CPU_Elastic","COMPUTE_GRAPH","ggml_cgraph","GRAPH","",-1,1,-1,0,0,0,0,0,0.327709,1,"delegate_cpu_graph"
"CPU_Elastic","COMPUTE_GRAPH","ggml_cgraph","GRAPH","",-1,1,-1,0,0,0,0,0,0.007656,1,"delegate_cpu_graph"
"CPU_Elastic","COMPUTE_GRAPH","ggml_cgraph","GRAPH","",-1,1,-1,0,0,0,0,0,0.458177,1,"delegate_cpu_graph"
"CPU_Elastic","COMPUTE_GRAPH","ggml_cgraph","GRAPH","",-1,1,-1,0,0,0,0,0,0.012395,1,"delegate_cpu_graph"
"CPU_Elastic","COMPUTE_GRAPH","ggml_cgraph","GRAPH","",-1,1,-1,0,0,0,0,0,0.000416,1,"delegate_cpu_graph"
"CPU_Elastic","COMPUTE_GRAPH","ggml_cgraph","GRAPH","",-1,1,-1,0,0,0,0,0,0.000312,1,"delegate_cpu_graph"
"CPU_Elastic","COMPUTE_GRAPH","ggml_cgraph","GRAPH","",-1,1,-1,0,0,0,0,0,0.000260,1,"delegate_cpu_graph"
"CPU_Elastic","COMPUTE_GRAPH","ggml_cgraph","GRAPH","",-1,1,-1,0,0,0,0,0,0.000260,1,"delegate_cpu_graph"
"CPU_Elastic","COMPUTE_GRAPH","ggml_cgraph","GRAPH","",-1,1,-1,0,0,0,0,0,0.000365,1,"delegate_cpu_graph"
"CPU_Elastic","COMPUTE_GRAPH","ggml_cgraph","GRAPH","",-1,1,-1,0,0,0,0,0,0.000261,1,"delegate_cpu_graph"
"CPU_Elastic","COMPUTE_GRAPH","ggml_cgraph","GRAPH","",-1,1,-1,0,0,0,0,0,0.000261,1,"delegate_cpu_graph"
"CPU_Elastic","COMPUTE_GRAPH","ggml_cgraph","GRAPH","",-1,1,-1,0,0,0,0,0,0.000208,1,"delegate_cpu_graph"
"CPU_Elastic","COMPUTE_GRAPH","ggml_cgraph","GRAPH","",-1,1,-1,0,0,0,0,0,0.005521,1,"delegate_cpu_graph"
"CPU_Elastic","COMPUTE_GRAPH","ggml_cgraph","GRAPH","",-1,1,-1,0,0,0,0,0,0.004792,1,"delegate_cpu_graph"
"CPU_Elastic","COMPUTE_GRAPH","ggml_cgraph","GRAPH","",-1,1,-1,0,0,0,0,0,0.005729,1,"delegate_cpu_graph"
"CPU_Elastic","COMPUTE_GRAPH","ggml_cgraph","GRAPH","",-1,1,-1,0,0,0,0,0,0.004844,1,"delegate_cpu_graph"
"CPU_Elastic","COMPUTE_GRAPH","ggml_cgraph","GRAPH","",-1,1,-1,0,0,0,0,0,0.004791,1,"delegate_cpu_graph"
"CPU_Elastic","COMPUTE_GRAPH","ggml_cgraph","GRAPH","",-1,1,-1,0,0,0,0,0,0.005521,1,"delegate_cpu_graph"
"CPU_Elastic","COMPUTE_GRAPH","ggml_cgraph","GRAPH","",-1,1,-1,0,0,0,0,0,0.004896,1,"delegate_cpu_graph"
"CPU_Elastic","COMPUTE_GRAPH","ggml_cgraph","GRAPH","",-1,1,-1,0,0,0,0,0,0.005156,1,"delegate_cpu_graph"
"CPU_Elastic","COMPUTE_GRAPH","ggml_cgraph","GRAPH","",-1,1,-1,0,0,0,0,0,0.004583,1,"delegate_cpu_graph"
"CPU_Elastic","COMPUTE_GRAPH","ggml_cgraph","GRAPH","",-1,1,-1,0,0,0,0,0,0.090312,1,"delegate_cpu_graph"
"CPU_Elastic","COMPUTE_GRAPH","ggml_cgraph","GRAPH","",-1,1,-1,0,0,0,0,0,0.004895,1,"delegate_cpu_graph"
"CPU_Elastic","COMPUTE_GRAPH","ggml_cgraph","GRAPH","",-1,1,-1,0,0,0,0,0,0.000468,1,"delegate_cpu_graph"
"CPU_Elastic","COMPUTE_GRAPH","ggml_cgraph","GRAPH","",-1,1,-1,0,0,0,0,0,0.005938,1,"delegate_cpu_graph"
"CPU_Elastic","COMPUTE_GRAPH","ggml_cgraph","GRAPH","",-1,1,-1,0,0,0,0,0,0.090156,1,"delegate_cpu_graph"
"CPU_Elastic","COMPUTE_GRAPH","ggml_cgraph","GRAPH","",-1,1,-1,0,0,0,0,0,0.004323,1,"delegate_cpu_graph"
"CPU_Elastic","COMPUTE_GRAPH","ggml_cgraph","GRAPH","",-1,1,-1,0,0,0,0,0,0.000521,1,"delegate_cpu_graph"
"CPU_Elastic","COMPUTE_GRAPH","ggml_cgraph","GRAPH","",-1,1,-1,0,0,0,0,0,0.004010,1,"delegate_cpu_graph"
"CPU_Elastic","COMPUTE_GRAPH","ggml_cgraph","GRAPH","",-1,1,-1,0,0,0,0,0,0.090521,1,"delegate_cpu_graph"
"CPU_Elastic","COMPUTE_GRAPH","ggml_cgraph","GRAPH","",-1,1,-1,0,0,0,0,0,0.000469,1,"delegate_cpu_graph"
"CPU_Elastic","COMPUTE_GRAPH","ggml_cgraph","GRAPH","",-1,1,-1,0,0,0,0,0,0.000260,1,"delegate_cpu_graph"
"CPU_Elastic","COMPUTE_GRAPH","ggml_cgraph","GRAPH","",-1,1,-1,0,0,0,0,0,0.001771,1,"delegate_cpu_graph"
"CPU_Elastic","COMPUTE_GRAPH","ggml_cgraph","GRAPH","",-1,1,-1,0,0,0,0,0,0.000312,1,"delegate_cpu_graph"
"CPU_Elastic","COMPUTE_GRAPH","ggml_cgraph","GRAPH","",-1,1,-1,0,0,0,0,0,0.001458,1,"delegate_cpu_graph"
"CPU_Elastic","COMPUTE_GRAPH","ggml_cgraph","GRAPH","",-1,1,-1,0,0,0,0,0,0.000208,1,"delegate_cpu_graph"
"CPU_Elastic","COMPUTE_GRAPH","ggml_cgraph","GRAPH","",-1,1,-1,0,0,0,0,0,0.000260,1,"delegate_cpu_graph"
"CPU_Elastic","COMPUTE_GRAPH","ggml_cgraph","GRAPH","",-1,1,-1,0,0,0,0,0,0.000260,1,"delegate_cpu_graph"
"CPU_Elastic","COMPUTE_GRAPH","ggml_cgraph","GRAPH","",-1,1,-1,0,0,0,0,0,0.429271,1,"delegate_cpu_graph"
"CPU_Elastic","COMPUTE_GRAPH","ggml_cgraph","GRAPH","",-1,1,-1,0,0,0,0,0,0.000469,1,"delegate_cpu_graph"
"CPU_Elastic","COMPUTE_GRAPH","ggml_cgraph","GRAPH","",-1,1,-1,0,0,0,0,0,0.000313,1,"delegate_cpu_graph"
"CPU_Elastic","COMPUTE_GRAPH","ggml_cgraph","GRAPH","",-1,1,-1,0,0,0,0,0,0.000261,1,"delegate_cpu_graph"
"CPU_Elastic","COMPUTE_GRAPH","ggml_cgraph","GRAPH","",-1,1,-1,0,0,0,0,0,0.000313,1,"delegate_cpu_graph"
"CPU_Elastic","COMPUTE_GRAPH","ggml_cgraph","GRAPH","",-1,1,-1,0,0,0,0,0,0.037240,1,"delegate_cpu_graph"
"CPU_Elastic","COMPUTE_GRAPH","ggml_cgraph","GRAPH","",-1,1,-1,0,0,0,0,0,0.017708,1,"delegate_cpu_graph"
"CPU_Elastic","COMPUTE_GRAPH","ggml_cgraph","GRAPH","",-1,1,-1,0,0,0,0,0,0.042240,1,"delegate_cpu_graph"
"CPU_Elastic","COMPUTE_GRAPH","ggml_cgraph","GRAPH","",-1,1,-1,0,0,0,0,0,0.000417,1,"delegate_cpu_graph"
"CPU_Elastic","COMPUTE_GRAPH","ggml_cgraph","GRAPH","",-1,1,-1,0,0,0,0,0,0.004531,1,"delegate_cpu_graph"
"CPU_Elastic","COMPUTE_GRAPH","ggml_cgraph","GRAPH","",-1,1,-1,0,0,0,0,0,0.089948,1,"delegate_cpu_graph"
"CPU_Elastic","COMPUTE_GRAPH","ggml_cgraph","GRAPH","",-1,1,-1,0,0,0,0,0,0.005365,1,"delegate_cpu_graph"
"CPU_Elastic","COMPUTE_GRAPH","ggml_cgraph","GRAPH","",-1,1,-1,0,0,0,0,0,0.004219,1,"delegate_cpu_graph"
"CPU_Elastic","COMPUTE_GRAPH","ggml_cgraph","GRAPH","",-1,1,-1,0,0,0,0,0,0.013593,1,"delegate_cpu_graph"
"CPU_Elastic","COMPUTE_GRAPH","ggml_cgraph","GRAPH","",-1,1,-1,0,0,0,0,0,0.000729,1,"delegate_cpu_graph"
"CPU_Elastic","COMPUTE_GRAPH","ggml_cgraph","GRAPH","",-1,1,-1,0,0,0,0,0,0.000313,1,"delegate_cpu_graph"
"CPU_Elastic","COMPUTE_GRAPH","ggml_cgraph","GRAPH","",-1,1,-1,0,0,0,0,0,0.010937,1,"delegate_cpu_graph"
"CPU_Elastic","COMPUTE_GRAPH","ggml_cgraph","GRAPH","",-1,1,-1,0,0,0,0,0,0.000417,1,"delegate_cpu_graph"
"CPU_Elastic","COMPUTE_GRAPH","ggml_cgraph","GRAPH","",-1,1,-1,0,0,0,0,0,0.000312,1,"delegate_cpu_graph"
"CPU_Elastic","COMPUTE_GRAPH","ggml_cgraph","GRAPH","",-1,1,-1,0,0,0,0,0,0.000312,1,"delegate_cpu_graph"
"CPU_Elastic","COMPUTE_GRAPH","ggml_cgraph","GRAPH","",-1,1,-1,0,0,0,0,0,0.328334,1,"delegate_cpu_graph"
"CPU_Elastic","COMPUTE_GRAPH","ggml_cgraph","GRAPH","",-1,1,-1,0,0,0,0,0,0.328490,1,"delegate_cpu_graph"
"CPU_Elastic","COMPUTE_GRAPH","ggml_cgraph","GRAPH","",-1,1,-1,0,0,0,0,0,0.006823,1,"delegate_cpu_graph"
"CPU_Elastic","COMPUTE_GRAPH","ggml_cgraph","GRAPH","",-1,1,-1,0,0,0,0,0,0.347917,1,"delegate_cpu_graph"
"CPU_Elastic","COMPUTE_GRAPH","ggml_cgraph","GRAPH","",-1,1,-1,0,0,0,0,0,0.015468,1,"delegate_cpu_graph"
"CPU_Elastic","COMPUTE_GRAPH","ggml_cgraph","GRAPH","",-1,1,-1,0,0,0,0,0,0.000417,1,"delegate_cpu_graph"
"CPU_Elastic","COMPUTE_GRAPH","ggml_cgraph","GRAPH","",-1,1,-1,0,0,0,0,0,0.000261,1,"delegate_cpu_graph"
"CPU_Elastic","COMPUTE_GRAPH","ggml_cgraph","GRAPH","",-1,1,-1,0,0,0,0,0,0.000313,1,"delegate_cpu_graph"
"CPU_Elastic","COMPUTE_GRAPH","ggml_cgraph","GRAPH","",-1,1,-1,0,0,0,0,0,0.000209,1,"delegate_cpu_graph"
"CPU_Elastic","COMPUTE_GRAPH","ggml_cgraph","GRAPH","",-1,1,-1,0,0,0,0,0,0.000313,1,"delegate_cpu_graph"
"CPU_Elastic","COMPUTE_GRAPH","ggml_cgraph","GRAPH","",-1,1,-1,0,0,0,0,0,0.000261,1,"delegate_cpu_graph"
"CPU_Elastic","COMPUTE_GRAPH","ggml_cgraph","GRAPH","",-1,1,-1,0,0,0,0,0,0.000261,1,"delegate_cpu_graph"
"CPU_Elastic","COMPUTE_GRAPH","ggml_cgraph","GRAPH","",-1,1,-1,0,0,0,0,0,0.000261,1,"delegate_cpu_graph"
"CPU_Elastic","COMPUTE_GRAPH","ggml_cgraph","GRAPH","",-1,1,-1,0,0,0,0,0,0.004167,1,"delegate_cpu_graph"
"CPU_Elastic","COMPUTE_GRAPH","ggml_cgraph","GRAPH","",-1,1,-1,0,0,0,0,0,0.005625,1,"delegate_cpu_graph"
"CPU_Elastic","COMPUTE_GRAPH","ggml_cgraph","GRAPH","",-1,1,-1,0,0,0,0,0,0.004844,1,"delegate_cpu_graph"
"CPU_Elastic","COMPUTE_GRAPH","ggml_cgraph","GRAPH","",-1,1,-1,0,0,0,0,0,0.005104,1,"delegate_cpu_graph"
"CPU_Elastic","COMPUTE_GRAPH","ggml_cgraph","GRAPH","",-1,1,-1,0,0,0,0,0,0.005312,1,"delegate_cpu_graph"
"CPU_Elastic","COMPUTE_GRAPH","ggml_cgraph","GRAPH","",-1,1,-1,0,0,0,0,0,0.004948,1,"delegate_cpu_graph"
"CPU_Elastic","COMPUTE_GRAPH","ggml_cgraph","GRAPH","",-1,1,-1,0,0,0,0,0,0.005052,1,"delegate_cpu_graph"
"CPU_Elastic","COMPUTE_GRAPH","ggml_cgraph","GRAPH","",-1,1,-1,0,0,0,0,0,0.005625,1,"delegate_cpu_graph"
"CPU_Elastic","COMPUTE_GRAPH","ggml_cgraph","GRAPH","",-1,1,-1,0,0,0,0,0,0.004688,1,"delegate_cpu_graph"
"CPU_Elastic","COMPUTE_GRAPH","ggml_cgraph","GRAPH","",-1,1,-1,0,0,0,0,0,0.090000,1,"delegate_cpu_graph"
"CPU_Elastic","COMPUTE_GRAPH","ggml_cgraph","GRAPH","",-1,1,-1,0,0,0,0,0,0.004427,1,"delegate_cpu_graph"
"CPU_Elastic","COMPUTE_GRAPH","ggml_cgraph","GRAPH","",-1,1,-1,0,0,0,0,0,0.000469,1,"delegate_cpu_graph"
"CPU_Elastic","COMPUTE_GRAPH","ggml_cgraph","GRAPH","",-1,1,-1,0,0,0,0,0,0.005729,1,"delegate_cpu_graph"
"CPU_Elastic","COMPUTE_GRAPH","ggml_cgraph","GRAPH","",-1,1,-1,0,0,0,0,0,0.090000,1,"delegate_cpu_graph"
"CPU_Elastic","COMPUTE_GRAPH","ggml_cgraph","GRAPH","",-1,1,-1,0,0,0,0,0,0.004427,1,"delegate_cpu_graph"
"CPU_Elastic","COMPUTE_GRAPH","ggml_cgraph","GRAPH","",-1,1,-1,0,0,0,0,0,0.000417,1,"delegate_cpu_graph"
"CPU_Elastic","COMPUTE_GRAPH","ggml_cgraph","GRAPH","",-1,1,-1,0,0,0,0,0,0.005938,1,"delegate_cpu_graph"
"CPU_Elastic","COMPUTE_GRAPH","ggml_cgraph","GRAPH","",-1,1,-1,0,0,0,0,0,0.090521,1,"delegate_cpu_graph"
"CPU_Elastic","COMPUTE_GRAPH","ggml_cgraph","GRAPH","",-1,1,-1,0,0,0,0,0,0.000469,1,"delegate_cpu_graph"
"CPU_Elastic","COMPUTE_GRAPH","ggml_cgraph","GRAPH","",-1,1,-1,0,0,0,0,0,0.000261,1,"delegate_cpu_graph"
"CPU_Elastic","COMPUTE_GRAPH","ggml_cgraph","GRAPH","",-1,1,-1,0,0,0,0,0,0.001406,1,"delegate_cpu_graph"
"CPU_Elastic","COMPUTE_GRAPH","ggml_cgraph","GRAPH","",-1,1,-1,0,0,0,0,0,0.000312,1,"delegate_cpu_graph"
"CPU_Elastic","COMPUTE_GRAPH","ggml_cgraph","GRAPH","",-1,1,-1,0,0,0,0,0,0.001510,1,"delegate_cpu_graph"
"CPU_Elastic","COMPUTE_GRAPH","ggml_cgraph","GRAPH","",-1,1,-1,0,0,0,0,0,0.000260,1,"delegate_cpu_graph"
"CPU_Elastic","COMPUTE_GRAPH","ggml_cgraph","GRAPH","",-1,1,-1,0,0,0,0,0,0.000260,1,"delegate_cpu_graph"
"CPU_Elastic","COMPUTE_GRAPH","ggml_cgraph","GRAPH","",-1,1,-1,0,0,0,0,0,0.000261,1,"delegate_cpu_graph"
"CPU_Elastic","COMPUTE_GRAPH","ggml_cgraph","GRAPH","",-1,1,-1,0,0,0,0,0,0.433230,1,"delegate_cpu_graph"
"CPU_Elastic","COMPUTE_GRAPH","ggml_cgraph","GRAPH","",-1,1,-1,0,0,0,0,0,0.000417,1,"delegate_cpu_graph"
"CPU_Elastic","COMPUTE_GRAPH","ggml_cgraph","GRAPH","",-1,1,-1,0,0,0,0,0,0.000261,1,"delegate_cpu_graph"
"CPU_Elastic","COMPUTE_GRAPH","ggml_cgraph","GRAPH","",-1,1,-1,0,0,0,0,0,0.000260,1,"delegate_cpu_graph"
"CPU_Elastic","COMPUTE_GRAPH","ggml_cgraph","GRAPH","",-1,1,-1,0,0,0,0,0,0.000312,1,"delegate_cpu_graph"
"CPU_Elastic","COMPUTE_GRAPH","ggml_cgraph","GRAPH","",-1,1,-1,0,0,0,0,0,0.038594,1,"delegate_cpu_graph"
"CPU_Elastic","COMPUTE_GRAPH","ggml_cgraph","GRAPH","",-1,1,-1,0,0,0,0,0,0.017187,1,"delegate_cpu_graph"
"CPU_Elastic","COMPUTE_GRAPH","ggml_cgraph","GRAPH","",-1,1,-1,0,0,0,0,0,0.029740,1,"delegate_cpu_graph"
"CPU_Elastic","COMPUTE_GRAPH","ggml_cgraph","GRAPH","",-1,1,-1,0,0,0,0,0,0.000365,1,"delegate_cpu_graph"
"CPU_Elastic","COMPUTE_GRAPH","ggml_cgraph","GRAPH","",-1,1,-1,0,0,0,0,0,0.003541,1,"delegate_cpu_graph"
"CPU_Elastic","COMPUTE_GRAPH","ggml_cgraph","GRAPH","",-1,1,-1,0,0,0,0,0,0.090364,1,"delegate_cpu_graph"
"CPU_Elastic","COMPUTE_GRAPH","ggml_cgraph","GRAPH","",-1,1,-1,0,0,0,0,0,0.005000,1,"delegate_cpu_graph"
"CPU_Elastic","COMPUTE_GRAPH","ggml_cgraph","GRAPH","",-1,1,-1,0,0,0,0,0,0.004479,1,"delegate_cpu_graph"
"CPU_Elastic","COMPUTE_GRAPH","ggml_cgraph","GRAPH","",-1,1,-1,0,0,0,0,0,0.013489,1,"delegate_cpu_graph"
"CPU_Elastic","COMPUTE_GRAPH","ggml_cgraph","GRAPH","",-1,1,-1,0,0,0,0,0,0.000677,1,"delegate_cpu_graph"
"CPU_Elastic","COMPUTE_GRAPH","ggml_cgraph","GRAPH","",-1,1,-1,0,0,0,0,0,0.000469,1,"delegate_cpu_graph"
"CPU_Elastic","COMPUTE_GRAPH","ggml_cgraph","GRAPH","",-1,1,-1,0,0,0,0,0,0.010886,1,"delegate_cpu_graph"
"CPU_Elastic","COMPUTE_GRAPH","ggml_cgraph","GRAPH","",-1,1,-1,0,0,0,0,0,0.000417,1,"delegate_cpu_graph"
"CPU_Elastic","COMPUTE_GRAPH","ggml_cgraph","GRAPH","",-1,1,-1,0,0,0,0,0,0.001042,1,"delegate_cpu_graph"
"CPU_Elastic","COMPUTE_GRAPH","ggml_cgraph","GRAPH","",-1,1,-1,0,0,0,0,0,0.000313,1,"delegate_cpu_graph"
"CPU_Elastic","COMPUTE_GRAPH","ggml_cgraph","GRAPH","",-1,1,-1,0,0,0,0,0,0.327812,1,"delegate_cpu_graph"
"CPU_Elastic","COMPUTE_GRAPH","ggml_cgraph","GRAPH","",-1,1,-1,0,0,0,0,0,0.327083,1,"delegate_cpu_graph"
"CPU_Elastic","COMPUTE_GRAPH","ggml_cgraph","GRAPH","",-1,1,-1,0,0,0,0,0,0.007657,1,"delegate_cpu_graph"
"CPU_Elastic","COMPUTE_GRAPH","ggml_cgraph","GRAPH","",-1,1,-1,0,0,0,0,0,0.349636,1,"delegate_cpu_graph"
"CPU_Elastic","COMPUTE_GRAPH","ggml_cgraph","GRAPH","",-1,1,-1,0,0,0,0,0,0.012865,1,"delegate_cpu_graph"
"CPU_Elastic","COMPUTE_GRAPH","ggml_cgraph","GRAPH","",-1,1,-1,0,0,0,0,0,0.000416,1,"delegate_cpu_graph"
"CPU_Elastic","COMPUTE_GRAPH","ggml_cgraph","GRAPH","",-1,1,-1,0,0,0,0,0,0.000260,1,"delegate_cpu_graph"
"CPU_Elastic","COMPUTE_GRAPH","ggml_cgraph","GRAPH","",-1,1,-1,0,0,0,0,0,0.000260,1,"delegate_cpu_graph"
"CPU_Elastic","COMPUTE_GRAPH","ggml_cgraph","GRAPH","",-1,1,-1,0,0,0,0,0,0.000260,1,"delegate_cpu_graph"
"CPU_Elastic","COMPUTE_GRAPH","ggml_cgraph","GRAPH","",-1,1,-1,0,0,0,0,0,0.000260,1,"delegate_cpu_graph"
"CPU_Elastic","COMPUTE_GRAPH","ggml_cgraph","GRAPH","",-1,1,-1,0,0,0,0,0,0.000261,1,"delegate_cpu_graph"
"CPU_Elastic","COMPUTE_GRAPH","ggml_cgraph","GRAPH","",-1,1,-1,0,0,0,0,0,0.000261,1,"delegate_cpu_graph"
"CPU_Elastic","COMPUTE_GRAPH","ggml_cgraph","GRAPH","",-1,1,-1,0,0,0,0,0,0.000260,1,"delegate_cpu_graph"
"CPU_Elastic","COMPUTE_GRAPH","ggml_cgraph","GRAPH","",-1,1,-1,0,0,0,0,0,0.005625,1,"delegate_cpu_graph"
"CPU_Elastic","COMPUTE_GRAPH","ggml_cgraph","GRAPH","",-1,1,-1,0,0,0,0,0,0.005729,1,"delegate_cpu_graph"
"CPU_Elastic","COMPUTE_GRAPH","ggml_cgraph","GRAPH","",-1,1,-1,0,0,0,0,0,0.005052,1,"delegate_cpu_graph"
"CPU_Elastic","COMPUTE_GRAPH","ggml_cgraph","GRAPH","",-1,1,-1,0,0,0,0,0,0.005157,1,"delegate_cpu_graph"
"CPU_Elastic","COMPUTE_GRAPH","ggml_cgraph","GRAPH","",-1,1,-1,0,0,0,0,0,0.005573,1,"delegate_cpu_graph"
"CPU_Elastic","COMPUTE_GRAPH","ggml_cgraph","GRAPH","",-1,1,-1,0,0,0,0,0,0.004896,1,"delegate_cpu_graph"
"CPU_Elastic","COMPUTE_GRAPH","ggml_cgraph","GRAPH","",-1,1,-1,0,0,0,0,0,0.005104,1,"delegate_cpu_graph"
"CPU_Elastic","COMPUTE_GRAPH","ggml_cgraph","GRAPH","",-1,1,-1,0,0,0,0,0,0.005729,1,"delegate_cpu_graph"
"CPU_Elastic","COMPUTE_GRAPH","ggml_cgraph","GRAPH","",-1,1,-1,0,0,0,0,0,0.004375,1,"delegate_cpu_graph"
"CPU_Elastic","COMPUTE_GRAPH","ggml_cgraph","GRAPH","",-1,1,-1,0,0,0,0,0,0.090156,1,"delegate_cpu_graph"
"CPU_Elastic","COMPUTE_GRAPH","ggml_cgraph","GRAPH","",-1,1,-1,0,0,0,0,0,0.004479,1,"delegate_cpu_graph"
"CPU_Elastic","COMPUTE_GRAPH","ggml_cgraph","GRAPH","",-1,1,-1,0,0,0,0,0,0.000833,1,"delegate_cpu_graph"
"CPU_Elastic","COMPUTE_GRAPH","ggml_cgraph","GRAPH","",-1,1,-1,0,0,0,0,0,0.005365,1,"delegate_cpu_graph"
"CPU_Elastic","COMPUTE_GRAPH","ggml_cgraph","GRAPH","",-1,1,-1,0,0,0,0,0,0.089948,1,"delegate_cpu_graph"
"CPU_Elastic","COMPUTE_GRAPH","ggml_cgraph","GRAPH","",-1,1,-1,0,0,0,0,0,0.004427,1,"delegate_cpu_graph"
"CPU_Elastic","COMPUTE_GRAPH","ggml_cgraph","GRAPH","",-1,1,-1,0,0,0,0,0,0.000417,1,"delegate_cpu_graph"
"CPU_Elastic","COMPUTE_GRAPH","ggml_cgraph","GRAPH","",-1,1,-1,0,0,0,0,0,0.004323,1,"delegate_cpu_graph"
"CPU_Elastic","COMPUTE_GRAPH","ggml_cgraph","GRAPH","",-1,1,-1,0,0,0,0,0,0.140625,1,"delegate_cpu_graph"
"CPU_Elastic","COMPUTE_GRAPH","ggml_cgraph","GRAPH","",-1,1,-1,0,0,0,0,0,0.000469,1,"delegate_cpu_graph"
"CPU_Elastic","COMPUTE_GRAPH","ggml_cgraph","GRAPH","",-1,1,-1,0,0,0,0,0,0.000261,1,"delegate_cpu_graph"
"CPU_Elastic","COMPUTE_GRAPH","ggml_cgraph","GRAPH","",-1,1,-1,0,0,0,0,0,0.001562,1,"delegate_cpu_graph"
"CPU_Elastic","COMPUTE_GRAPH","ggml_cgraph","GRAPH","",-1,1,-1,0,0,0,0,0,0.000312,1,"delegate_cpu_graph"
"CPU_Elastic","COMPUTE_GRAPH","ggml_cgraph","GRAPH","",-1,1,-1,0,0,0,0,0,0.001354,1,"delegate_cpu_graph"
"CPU_Elastic","COMPUTE_GRAPH","ggml_cgraph","GRAPH","",-1,1,-1,0,0,0,0,0,0.000313,1,"delegate_cpu_graph"
"CPU_Elastic","COMPUTE_GRAPH","ggml_cgraph","GRAPH","",-1,1,-1,0,0,0,0,0,0.000261,1,"delegate_cpu_graph"
"CPU_Elastic","COMPUTE_GRAPH","ggml_cgraph","GRAPH","",-1,1,-1,0,0,0,0,0,0.000313,1,"delegate_cpu_graph"
"CPU_Elastic","COMPUTE_GRAPH","ggml_cgraph","GRAPH","",-1,1,-1,0,0,0,0,0,0.433698,1,"delegate_cpu_graph"
"CPU_Elastic","COMPUTE_GRAPH","ggml_cgraph","GRAPH","",-1,1,-1,0,0,0,0,0,0.000468,1,"delegate_cpu_graph"
"CPU_Elastic","COMPUTE_GRAPH","ggml_cgraph","GRAPH","",-1,1,-1,0,0,0,0,0,0.000312,1,"delegate_cpu_graph"
"CPU_Elastic","COMPUTE_GRAPH","ggml_cgraph","GRAPH","",-1,1,-1,0,0,0,0,0,0.000261,1,"delegate_cpu_graph"
"CPU_Elastic","COMPUTE_GRAPH","ggml_cgraph","GRAPH","",-1,1,-1,0,0,0,0,0,0.000312,1,"delegate_cpu_graph"
"CPU_Elastic","COMPUTE_GRAPH","ggml_cgraph","GRAPH","",-1,1,-1,0,0,0,0,0,0.040052,1,"delegate_cpu_graph"
"CPU_Elastic","COMPUTE_GRAPH","ggml_cgraph","GRAPH","",-1,1,-1,0,0,0,0,0,0.017761,1,"delegate_cpu_graph"
"CPU_Elastic","COMPUTE_GRAPH","ggml_cgraph","GRAPH","",-1,1,-1,0,0,0,0,0,0.029687,1,"delegate_cpu_graph"
"CPU_Elastic","COMPUTE_GRAPH","ggml_cgraph","GRAPH","",-1,1,-1,0,0,0,0,0,0.000417,1,"delegate_cpu_graph"
"CPU_Elastic","COMPUTE_GRAPH","ggml_cgraph","GRAPH","",-1,1,-1,0,0,0,0,0,0.004636,1,"delegate_cpu_graph"
"CPU_Elastic","COMPUTE_GRAPH","ggml_cgraph","GRAPH","",-1,1,-1,0,0,0,0,0,0.090365,1,"delegate_cpu_graph"
"CPU_Elastic","COMPUTE_GRAPH","ggml_cgraph","GRAPH","",-1,1,-1,0,0,0,0,0,0.005677,1,"delegate_cpu_graph"
"CPU_Elastic","COMPUTE_GRAPH","ggml_cgraph","GRAPH","",-1,1,-1,0,0,0,0,0,0.004479,1,"delegate_cpu_graph"
"CPU_Elastic","COMPUTE_GRAPH","ggml_cgraph","GRAPH","",-1,1,-1,0,0,0,0,0,0.014063,1,"delegate_cpu_graph"
"CPU_Elastic","COMPUTE_GRAPH","ggml_cgraph","GRAPH","",-1,1,-1,0,0,0,0,0,0.000677,1,"delegate_cpu_graph"
"CPU_Elastic","COMPUTE_GRAPH","ggml_cgraph","GRAPH","",-1,1,-1,0,0,0,0,0,0.000312,1,"delegate_cpu_graph"
"CPU_Elastic","COMPUTE_GRAPH","ggml_cgraph","GRAPH","",-1,1,-1,0,0,0,0,0,0.010104,1,"delegate_cpu_graph"
"CPU_Elastic","COMPUTE_GRAPH","ggml_cgraph","GRAPH","",-1,1,-1,0,0,0,0,0,0.000416,1,"delegate_cpu_graph"
"CPU_Elastic","COMPUTE_GRAPH","ggml_cgraph","GRAPH","",-1,1,-1,0,0,0,0,0,0.000417,1,"delegate_cpu_graph"
"CPU_Elastic","COMPUTE_GRAPH","ggml_cgraph","GRAPH","",-1,1,-1,0,0,0,0,0,0.000261,1,"delegate_cpu_graph"
"CPU_Elastic","COMPUTE_GRAPH","ggml_cgraph","GRAPH","",-1,1,-1,0,0,0,0,0,0.328646,1,"delegate_cpu_graph"
"CPU_Elastic","COMPUTE_GRAPH","ggml_cgraph","GRAPH","",-1,1,-1,0,0,0,0,0,0.327968,1,"delegate_cpu_graph"
"CPU_Elastic","COMPUTE_GRAPH","ggml_cgraph","GRAPH","",-1,1,-1,0,0,0,0,0,0.006823,1,"delegate_cpu_graph"
"CPU_Elastic","COMPUTE_GRAPH","ggml_cgraph","GRAPH","",-1,1,-1,0,0,0,0,0,0.472916,1,"delegate_cpu_graph"
"CPU_Elastic","COMPUTE_GRAPH","ggml_cgraph","GRAPH","",-1,1,-1,0,0,0,0,0,0.013021,1,"delegate_cpu_graph"
"CPU_Elastic","COMPUTE_GRAPH","ggml_cgraph","GRAPH","",-1,1,-1,0,0,0,0,0,0.000521,1,"delegate_cpu_graph"
"CPU_Elastic","COMPUTE_GRAPH","ggml_cgraph","GRAPH","",-1,1,-1,0,0,0,0,0,0.000261,1,"delegate_cpu_graph"
"CPU_Elastic","COMPUTE_GRAPH","ggml_cgraph","GRAPH","",-1,1,-1,0,0,0,0,0,0.000261,1,"delegate_cpu_graph"
"CPU_Elastic","COMPUTE_GRAPH","ggml_cgraph","GRAPH","",-1,1,-1,0,0,0,0,0,0.000312,1,"delegate_cpu_graph"
"CPU_Elastic","COMPUTE_GRAPH","ggml_cgraph","GRAPH","",-1,1,-1,0,0,0,0,0,0.000260,1,"delegate_cpu_graph"
"CPU_Elastic","COMPUTE_GRAPH","ggml_cgraph","GRAPH","",-1,1,-1,0,0,0,0,0,0.000260,1,"delegate_cpu_graph"
"CPU_Elastic","COMPUTE_GRAPH","ggml_cgraph","GRAPH","",-1,1,-1,0,0,0,0,0,0.000260,1,"delegate_cpu_graph"
"CPU_Elastic","COMPUTE_GRAPH","ggml_cgraph","GRAPH","",-1,1,-1,0,0,0,0,0,0.000260,1,"delegate_cpu_graph"
"CPU_Elastic","COMPUTE_GRAPH","ggml_cgraph","GRAPH","",-1,1,-1,0,0,0,0,0,0.004062,1,"delegate_cpu_graph"
"CPU_Elastic","COMPUTE_GRAPH","ggml_cgraph","GRAPH","",-1,1,-1,0,0,0,0,0,0.005677,1,"delegate_cpu_graph"
"CPU_Elastic","COMPUTE_GRAPH","ggml_cgraph","GRAPH","",-1,1,-1,0,0,0,0,0,0.004636,1,"delegate_cpu_graph"
"CPU_Elastic","COMPUTE_GRAPH","ggml_cgraph","GRAPH","",-1,1,-1,0,0,0,0,0,0.005156,1,"delegate_cpu_graph"
"CPU_Elastic","COMPUTE_GRAPH","ggml_cgraph","GRAPH","",-1,1,-1,0,0,0,0,0,0.005416,1,"delegate_cpu_graph"
"CPU_Elastic","COMPUTE_GRAPH","ggml_cgraph","GRAPH","",-1,1,-1,0,0,0,0,0,0.004896,1,"delegate_cpu_graph"
"CPU_Elastic","COMPUTE_GRAPH","ggml_cgraph","GRAPH","",-1,1,-1,0,0,0,0,0,0.005104,1,"delegate_cpu_graph"
"CPU_Elastic","COMPUTE_GRAPH","ggml_cgraph","GRAPH","",-1,1,-1,0,0,0,0,0,0.005781,1,"delegate_cpu_graph"
"CPU_Elastic","COMPUTE_GRAPH","ggml_cgraph","GRAPH","",-1,1,-1,0,0,0,0,0,0.004219,1,"delegate_cpu_graph"
"CPU_Elastic","COMPUTE_GRAPH","ggml_cgraph","GRAPH","",-1,1,-1,0,0,0,0,0,0.089844,1,"delegate_cpu_graph"
"CPU_Elastic","COMPUTE_GRAPH","ggml_cgraph","GRAPH","",-1,1,-1,0,0,0,0,0,0.004531,1,"delegate_cpu_graph"
"CPU_Elastic","COMPUTE_GRAPH","ggml_cgraph","GRAPH","",-1,1,-1,0,0,0,0,0,0.000469,1,"delegate_cpu_graph"
"CPU_Elastic","COMPUTE_GRAPH","ggml_cgraph","GRAPH","",-1,1,-1,0,0,0,0,0,0.005677,1,"delegate_cpu_graph"
"CPU_Elastic","COMPUTE_GRAPH","ggml_cgraph","GRAPH","",-1,1,-1,0,0,0,0,0,0.089844,1,"delegate_cpu_graph"
"CPU_Elastic","COMPUTE_GRAPH","ggml_cgraph","GRAPH","",-1,1,-1,0,0,0,0,0,0.004115,1,"delegate_cpu_graph"
"CPU_Elastic","COMPUTE_GRAPH","ggml_cgraph","GRAPH","",-1,1,-1,0,0,0,0,0,0.000417,1,"delegate_cpu_graph"
"CPU_Elastic","COMPUTE_GRAPH","ggml_cgraph","GRAPH","",-1,1,-1,0,0,0,0,0,0.005625,1,"delegate_cpu_graph"
"CPU_Elastic","COMPUTE_GRAPH","ggml_cgraph","GRAPH","",-1,1,-1,0,0,0,0,0,0.089583,1,"delegate_cpu_graph"
"CPU_Elastic","COMPUTE_GRAPH","ggml_cgraph","GRAPH","",-1,1,-1,0,0,0,0,0,0.000521,1,"delegate_cpu_graph"
"CPU_Elastic","COMPUTE_GRAPH","ggml_cgraph","GRAPH","",-1,1,-1,0,0,0,0,0,0.000260,1,"delegate_cpu_graph"
"CPU_Elastic","COMPUTE_GRAPH","ggml_cgraph","GRAPH","",-1,1,-1,0,0,0,0,0,0.001615,1,"delegate_cpu_graph"
"CPU_Elastic","COMPUTE_GRAPH","ggml_cgraph","GRAPH","",-1,1,-1,0,0,0,0,0,0.000313,1,"delegate_cpu_graph"
"CPU_Elastic","COMPUTE_GRAPH","ggml_cgraph","GRAPH","",-1,1,-1,0,0,0,0,0,0.001354,1,"delegate_cpu_graph"
"CPU_Elastic","COMPUTE_GRAPH","ggml_cgraph","GRAPH","",-1,1,-1,0,0,0,0,0,0.000313,1,"delegate_cpu_graph"
"CPU_Elastic","COMPUTE_GRAPH","ggml_cgraph","GRAPH","",-1,1,-1,0,0,0,0,0,0.000364,1,"delegate_cpu_graph"
"CPU_Elastic","COMPUTE_GRAPH","ggml_cgraph","GRAPH","",-1,1,-1,0,0,0,0,0,0.000312,1,"delegate_cpu_graph"
"CPU_Elastic","COMPUTE_GRAPH","ggml_cgraph","GRAPH","",-1,1,-1,0,0,0,0,0,0.431563,1,"delegate_cpu_graph"
"CPU_Elastic","COMPUTE_GRAPH","ggml_cgraph","GRAPH","",-1,1,-1,0,0,0,0,0,0.000469,1,"delegate_cpu_graph"
"CPU_Elastic","COMPUTE_GRAPH","ggml_cgraph","GRAPH","",-1,1,-1,0,0,0,0,0,0.000625,1,"delegate_cpu_graph"
"CPU_Elastic","COMPUTE_GRAPH","ggml_cgraph","GRAPH","",-1,1,-1,0,0,0,0,0,0.000365,1,"delegate_cpu_graph"
"CPU_Elastic","COMPUTE_GRAPH","ggml_cgraph","GRAPH","",-1,1,-1,0,0,0,0,0,0.000261,1,"delegate_cpu_graph"
"CPU_Elastic","COMPUTE_GRAPH","ggml_cgraph","GRAPH","",-1,1,-1,0,0,0,0,0,0.038281,1,"delegate_cpu_graph"
"CPU_Elastic","COMPUTE_GRAPH","ggml_cgraph","GRAPH","",-1,1,-1,0,0,0,0,0,0.017187,1,"delegate_cpu_graph"
"CPU_Elastic","COMPUTE_GRAPH","ggml_cgraph","GRAPH","",-1,1,-1,0,0,0,0,0,0.029688,1,"delegate_cpu_graph"
"CPU_Elastic","COMPUTE_GRAPH","ggml_cgraph","GRAPH","",-1,1,-1,0,0,0,0,0,0.000469,1,"delegate_cpu_graph"
"CPU_Elastic","COMPUTE_GRAPH","ggml_cgraph","GRAPH","",-1,1,-1,0,0,0,0,0,0.004062,1,"delegate_cpu_graph"
"CPU_Elastic","COMPUTE_GRAPH","ggml_cgraph","GRAPH","",-1,1,-1,0,0,0,0,0,0.090313,1,"delegate_cpu_graph"
"CPU_Elastic","COMPUTE_GRAPH","ggml_cgraph","GRAPH","",-1,1,-1,0,0,0,0,0,0.004584,1,"delegate_cpu_graph"
"CPU_Elastic","COMPUTE_GRAPH","ggml_cgraph","GRAPH","",-1,1,-1,0,0,0,0,0,0.004532,1,"delegate_cpu_graph"
"CPU_Elastic","COMPUTE_GRAPH","ggml_cgraph","GRAPH","",-1,1,-1,0,0,0,0,0,0.013386,1,"delegate_cpu_graph"
"CPU_Elastic","COMPUTE_GRAPH","ggml_cgraph","GRAPH","",-1,1,-1,0,0,0,0,0,0.000833,1,"delegate_cpu_graph"
"CPU_Elastic","COMPUTE_GRAPH","ggml_cgraph","GRAPH","",-1,1,-1,0,0,0,0,0,0.000312,1,"delegate_cpu_graph"
"CPU_Elastic","COMPUTE_GRAPH","ggml_cgraph","GRAPH","",-1,1,-1,0,0,0,0,0,0.013229,1,"delegate_cpu_graph"
"CPU_Elastic","COMPUTE_GRAPH","ggml_cgraph","GRAPH","",-1,1,-1,0,0,0,0,0,0.000416,1,"delegate_cpu_graph"
"CPU_Elastic","COMPUTE_GRAPH","ggml_cgraph","GRAPH","",-1,1,-1,0,0,0,0,0,0.000364,1,"delegate_cpu_graph"
"CPU_Elastic","COMPUTE_GRAPH","ggml_cgraph","GRAPH","",-1,1,-1,0,0,0,0,0,0.000313,1,"delegate_cpu_graph"
"CPU_Elastic","COMPUTE_GRAPH","ggml_cgraph","GRAPH","",-1,1,-1,0,0,0,0,0,0.329636,1,"delegate_cpu_graph"
"CPU_Elastic","COMPUTE_GRAPH","ggml_cgraph","GRAPH","",-1,1,-1,0,0,0,0,0,0.334739,1,"delegate_cpu_graph"
"CPU_Elastic","COMPUTE_GRAPH","ggml_cgraph","GRAPH","",-1,1,-1,0,0,0,0,0,0.007135,1,"delegate_cpu_graph"
"CPU_Elastic","COMPUTE_GRAPH","ggml_cgraph","GRAPH","",-1,1,-1,0,0,0,0,0,0.360625,1,"delegate_cpu_graph"
"CPU_Elastic","COMPUTE_GRAPH","ggml_cgraph","GRAPH","",-1,1,-1,0,0,0,0,0,0.013125,1,"delegate_cpu_graph"
"CPU_Elastic","COMPUTE_GRAPH","ggml_cgraph","GRAPH","",-1,1,-1,0,0,0,0,0,0.000469,1,"delegate_cpu_graph"
"CPU_Elastic","COMPUTE_GRAPH","ggml_cgraph","GRAPH","",-1,1,-1,0,0,0,0,0,0.000260,1,"delegate_cpu_graph"
"CPU_Elastic","COMPUTE_GRAPH","ggml_cgraph","GRAPH","",-1,1,-1,0,0,0,0,0,0.000417,1,"delegate_cpu_graph"
"CPU_Elastic","COMPUTE_GRAPH","ggml_cgraph","GRAPH","",-1,1,-1,0,0,0,0,0,0.000312,1,"delegate_cpu_graph"
"CPU_Elastic","COMPUTE_GRAPH","ggml_cgraph","GRAPH","",-1,1,-1,0,0,0,0,0,0.000312,1,"delegate_cpu_graph"
"CPU_Elastic","COMPUTE_GRAPH","ggml_cgraph","GRAPH","",-1,1,-1,0,0,0,0,0,0.000260,1,"delegate_cpu_graph"
"CPU_Elastic","COMPUTE_GRAPH","ggml_cgraph","GRAPH","",-1,1,-1,0,0,0,0,0,0.000260,1,"delegate_cpu_graph"
"CPU_Elastic","COMPUTE_GRAPH","ggml_cgraph","GRAPH","",-1,1,-1,0,0,0,0,0,0.000313,1,"delegate_cpu_graph"
"CPU_Elastic","COMPUTE_GRAPH","ggml_cgraph","GRAPH","",-1,1,-1,0,0,0,0,0,0.005521,1,"delegate_cpu_graph"
"CPU_Elastic","COMPUTE_GRAPH","ggml_cgraph","GRAPH","",-1,1,-1,0,0,0,0,0,0.005052,1,"delegate_cpu_graph"
"CPU_Elastic","COMPUTE_GRAPH","ggml_cgraph","GRAPH","",-1,1,-1,0,0,0,0,0,0.005052,1,"delegate_cpu_graph"
"CPU_Elastic","COMPUTE_GRAPH","ggml_cgraph","GRAPH","",-1,1,-1,0,0,0,0,0,0.005521,1,"delegate_cpu_graph"
"CPU_Elastic","COMPUTE_GRAPH","ggml_cgraph","GRAPH","",-1,1,-1,0,0,0,0,0,0.004947,1,"delegate_cpu_graph"
"CPU_Elastic","COMPUTE_GRAPH","ggml_cgraph","GRAPH","",-1,1,-1,0,0,0,0,0,0.005105,1,"delegate_cpu_graph"
"CPU_Elastic","COMPUTE_GRAPH","ggml_cgraph","GRAPH","",-1,1,-1,0,0,0,0,0,0.005260,1,"delegate_cpu_graph"
"CPU_Elastic","COMPUTE_GRAPH","ggml_cgraph","GRAPH","",-1,1,-1,0,0,0,0,0,0.004844,1,"delegate_cpu_graph"
"CPU_Elastic","COMPUTE_GRAPH","ggml_cgraph","GRAPH","",-1,1,-1,0,0,0,0,0,0.004844,1,"delegate_cpu_graph"
"CPU_Elastic","COMPUTE_GRAPH","ggml_cgraph","GRAPH","",-1,1,-1,0,0,0,0,0,0.090364,1,"delegate_cpu_graph"
"CPU_Elastic","COMPUTE_GRAPH","ggml_cgraph","GRAPH","",-1,1,-1,0,0,0,0,0,0.004375,1,"delegate_cpu_graph"
"CPU_Elastic","COMPUTE_GRAPH","ggml_cgraph","GRAPH","",-1,1,-1,0,0,0,0,0,0.000469,1,"delegate_cpu_graph"
"CPU_Elastic","COMPUTE_GRAPH","ggml_cgraph","GRAPH","",-1,1,-1,0,0,0,0,0,0.005573,1,"delegate_cpu_graph"
"CPU_Elastic","COMPUTE_GRAPH","ggml_cgraph","GRAPH","",-1,1,-1,0,0,0,0,0,0.090781,1,"delegate_cpu_graph"
"CPU_Elastic","COMPUTE_GRAPH","ggml_cgraph","GRAPH","",-1,1,-1,0,0,0,0,0,0.004948,1,"delegate_cpu_graph"
"CPU_Elastic","COMPUTE_GRAPH","ggml_cgraph","GRAPH","",-1,1,-1,0,0,0,0,0,0.000469,1,"delegate_cpu_graph"
"CPU_Elastic","COMPUTE_GRAPH","ggml_cgraph","GRAPH","",-1,1,-1,0,0,0,0,0,0.005208,1,"delegate_cpu_graph"
"CPU_Elastic","COMPUTE_GRAPH","ggml_cgraph","GRAPH","",-1,1,-1,0,0,0,0,0,0.089583,1,"delegate_cpu_graph"
"CPU_Elastic","COMPUTE_GRAPH","ggml_cgraph","GRAPH","",-1,1,-1,0,0,0,0,0,0.000417,1,"delegate_cpu_graph"
"CPU_Elastic","COMPUTE_GRAPH","ggml_cgraph","GRAPH","",-1,1,-1,0,0,0,0,0,0.000312,1,"delegate_cpu_graph"
"CPU_Elastic","COMPUTE_GRAPH","ggml_cgraph","GRAPH","",-1,1,-1,0,0,0,0,0,0.001563,1,"delegate_cpu_graph"
"CPU_Elastic","COMPUTE_GRAPH","ggml_cgraph","GRAPH","",-1,1,-1,0,0,0,0,0,0.000312,1,"delegate_cpu_graph"
"CPU_Elastic","COMPUTE_GRAPH","ggml_cgraph","GRAPH","",-1,1,-1,0,0,0,0,0,0.001407,1,"delegate_cpu_graph"
"CPU_Elastic","COMPUTE_GRAPH","ggml_cgraph","GRAPH","",-1,1,-1,0,0,0,0,0,0.000313,1,"delegate_cpu_graph"
"CPU_Elastic","COMPUTE_GRAPH","ggml_cgraph","GRAPH","",-1,1,-1,0,0,0,0,0,0.000312,1,"delegate_cpu_graph"
"CPU_Elastic","COMPUTE_GRAPH","ggml_cgraph","GRAPH","",-1,1,-1,0,0,0,0,0,0.000260,1,"delegate_cpu_graph"
"CPU_Elastic","COMPUTE_GRAPH","ggml_cgraph","GRAPH","",-1,1,-1,0,0,0,0,0,0.433073,1,"delegate_cpu_graph"
"CPU_Elastic","COMPUTE_GRAPH","ggml_cgraph","GRAPH","",-1,1,-1,0,0,0,0,0,0.000417,1,"delegate_cpu_graph"
"CPU_Elastic","COMPUTE_GRAPH","ggml_cgraph","GRAPH","",-1,1,-1,0,0,0,0,0,0.000312,1,"delegate_cpu_graph"
"CPU_Elastic","COMPUTE_GRAPH","ggml_cgraph","GRAPH","",-1,1,-1,0,0,0,0,0,0.000312,1,"delegate_cpu_graph"
"CPU_Elastic","COMPUTE_GRAPH","ggml_cgraph","GRAPH","",-1,1,-1,0,0,0,0,0,0.000312,1,"delegate_cpu_graph"
"CPU_Elastic","COMPUTE_GRAPH","ggml_cgraph","GRAPH","",-1,1,-1,0,0,0,0,0,0.040730,1,"delegate_cpu_graph"
"CPU_Elastic","COMPUTE_GRAPH","ggml_cgraph","GRAPH","",-1,1,-1,0,0,0,0,0,0.017187,1,"delegate_cpu_graph"
"CPU_Elastic","COMPUTE_GRAPH","ggml_cgraph","GRAPH","",-1,1,-1,0,0,0,0,0,0.029740,1,"delegate_cpu_graph"
"CPU_Elastic","COMPUTE_GRAPH","ggml_cgraph","GRAPH","",-1,1,-1,0,0,0,0,0,0.000521,1,"delegate_cpu_graph"
"CPU_Elastic","COMPUTE_GRAPH","ggml_cgraph","GRAPH","",-1,1,-1,0,0,0,0,0,0.004636,1,"delegate_cpu_graph"
"CPU_Elastic","COMPUTE_GRAPH","ggml_cgraph","GRAPH","",-1,1,-1,0,0,0,0,0,0.090156,1,"delegate_cpu_graph"
"CPU_Elastic","COMPUTE_GRAPH","ggml_cgraph","GRAPH","",-1,1,-1,0,0,0,0,0,0.006562,1,"delegate_cpu_graph"
"CPU_Elastic","COMPUTE_GRAPH","ggml_cgraph","GRAPH","",-1,1,-1,0,0,0,0,0,0.004167,1,"delegate_cpu_graph"
"CPU_Elastic","COMPUTE_GRAPH","ggml_cgraph","GRAPH","",-1,1,-1,0,0,0,0,0,0.013333,1,"delegate_cpu_graph"
"CPU_Elastic","COMPUTE_GRAPH","ggml_cgraph","GRAPH","",-1,1,-1,0,0,0,0,0,0.000677,1,"delegate_cpu_graph"
"CPU_Elastic","COMPUTE_GRAPH","ggml_cgraph","GRAPH","",-1,1,-1,0,0,0,0,0,0.000364,1,"delegate_cpu_graph"
"CPU_Elastic","COMPUTE_GRAPH","ggml_cgraph","GRAPH","",-1,1,-1,0,0,0,0,0,0.010781,1,"delegate_cpu_graph"
"CPU_Elastic","COMPUTE_GRAPH","ggml_cgraph","GRAPH","",-1,1,-1,0,0,0,0,0,0.000417,1,"delegate_cpu_graph"
"CPU_Elastic","COMPUTE_GRAPH","ggml_cgraph","GRAPH","",-1,1,-1,0,0,0,0,0,0.011302,1,"delegate_cpu_graph"
"CPU_Elastic","COMPUTE_GRAPH","ggml_cgraph","GRAPH","",-1,1,-1,0,0,0,0,0,0.000313,1,"delegate_cpu_graph"
"CPU_Elastic","COMPUTE_GRAPH","ggml_cgraph","GRAPH","",-1,1,-1,0,0,0,0,0,0.332500,1,"delegate_cpu_graph"
"CPU_Elastic","COMPUTE_GRAPH","ggml_cgraph","GRAPH","",-1,1,-1,0,0,0,0,0,0.328958,1,"delegate_cpu_graph"
"CPU_Elastic","COMPUTE_GRAPH","ggml_cgraph","GRAPH","",-1,1,-1,0,0,0,0,0,0.008073,1,"delegate_cpu_graph"
"CPU_Elastic","COMPUTE_GRAPH","ggml_cgraph","GRAPH","",-1,1,-1,0,0,0,0,0,0.861302,1,"delegate_cpu_graph"
"CPU_Elastic","COMPUTE_GRAPH","ggml_cgraph","GRAPH","",-1,1,-1,0,0,0,0,0,0.013906,1,"delegate_cpu_graph"
"CPU_Elastic","COMPUTE_GRAPH","ggml_cgraph","GRAPH","",-1,1,-1,0,0,0,0,0,0.000365,1,"delegate_cpu_graph"
"CPU_Elastic","COMPUTE_GRAPH","ggml_cgraph","GRAPH","",-1,1,-1,0,0,0,0,0,0.000260,1,"delegate_cpu_graph"
"CPU_Elastic","COMPUTE_GRAPH","ggml_cgraph","GRAPH","",-1,1,-1,0,0,0,0,0,0.000312,1,"delegate_cpu_graph"
"CPU_Elastic","COMPUTE_GRAPH","ggml_cgraph","GRAPH","",-1,1,-1,0,0,0,0,0,0.000312,1,"delegate_cpu_graph"
"CPU_Elastic","COMPUTE_GRAPH","ggml_cgraph","GRAPH","",-1,1,-1,0,0,0,0,0,0.000260,1,"delegate_cpu_graph"
"CPU_Elastic","COMPUTE_GRAPH","ggml_cgraph","GRAPH","",-1,1,-1,0,0,0,0,0,0.000312,1,"delegate_cpu_graph"
"CPU_Elastic","COMPUTE_GRAPH","ggml_cgraph","GRAPH","",-1,1,-1,0,0,0,0,0,0.000312,1,"delegate_cpu_graph"
"CPU_Elastic","COMPUTE_GRAPH","ggml_cgraph","GRAPH","",-1,1,-1,0,0,0,0,0,0.000260,1,"delegate_cpu_graph"
"CPU_Elastic","COMPUTE_GRAPH","ggml_cgraph","GRAPH","",-1,1,-1,0,0,0,0,0,0.003698,1,"delegate_cpu_graph"
"CPU_Elastic","COMPUTE_GRAPH","ggml_cgraph","GRAPH","",-1,1,-1,0,0,0,0,0,0.005208,1,"delegate_cpu_graph"
"CPU_Elastic","COMPUTE_GRAPH","ggml_cgraph","GRAPH","",-1,1,-1,0,0,0,0,0,0.005052,1,"delegate_cpu_graph"
"CPU_Elastic","COMPUTE_GRAPH","ggml_cgraph","GRAPH","",-1,1,-1,0,0,0,0,0,0.005208,1,"delegate_cpu_graph"
"CPU_Elastic","COMPUTE_GRAPH","ggml_cgraph","GRAPH","",-1,1,-1,0,0,0,0,0,0.005260,1,"delegate_cpu_graph"
"CPU_Elastic","COMPUTE_GRAPH","ggml_cgraph","GRAPH","",-1,1,-1,0,0,0,0,0,0.004896,1,"delegate_cpu_graph"
"CPU_Elastic","COMPUTE_GRAPH","ggml_cgraph","GRAPH","",-1,1,-1,0,0,0,0,0,0.004948,1,"delegate_cpu_graph"
"CPU_Elastic","COMPUTE_GRAPH","ggml_cgraph","GRAPH","",-1,1,-1,0,0,0,0,0,0.005521,1,"delegate_cpu_graph"
"CPU_Elastic","COMPUTE_GRAPH","ggml_cgraph","GRAPH","",-1,1,-1,0,0,0,0,0,0.004531,1,"delegate_cpu_graph"
"CPU_Elastic","COMPUTE_GRAPH","ggml_cgraph","GRAPH","",-1,1,-1,0,0,0,0,0,0.090573,1,"delegate_cpu_graph"
"CPU_Elastic","COMPUTE_GRAPH","ggml_cgraph","GRAPH","",-1,1,-1,0,0,0,0,0,0.004584,1,"delegate_cpu_graph"
"CPU_Elastic","COMPUTE_GRAPH","ggml_cgraph","GRAPH","",-1,1,-1,0,0,0,0,0,0.001145,1,"delegate_cpu_graph"
"CPU_Elastic","COMPUTE_GRAPH","ggml_cgraph","GRAPH","",-1,1,-1,0,0,0,0,0,0.005729,1,"delegate_cpu_graph"
"CPU_Elastic","COMPUTE_GRAPH","ggml_cgraph","GRAPH","",-1,1,-1,0,0,0,0,0,0.089896,1,"delegate_cpu_graph"
"CPU_Elastic","COMPUTE_GRAPH","ggml_cgraph","GRAPH","",-1,1,-1,0,0,0,0,0,0.004323,1,"delegate_cpu_graph"
"CPU_Elastic","COMPUTE_GRAPH","ggml_cgraph","GRAPH","",-1,1,-1,0,0,0,0,0,0.000469,1,"delegate_cpu_graph"
"CPU_Elastic","COMPUTE_GRAPH","ggml_cgraph","GRAPH","",-1,1,-1,0,0,0,0,0,0.005625,1,"delegate_cpu_graph"
"CPU_Elastic","COMPUTE_GRAPH","ggml_cgraph","GRAPH","",-1,1,-1,0,0,0,0,0,0.126770,1,"delegate_cpu_graph"
"CPU_Elastic","COMPUTE_GRAPH","ggml_cgraph","GRAPH","",-1,1,-1,0,0,0,0,0,0.000417,1,"delegate_cpu_graph"
"CPU_Elastic","COMPUTE_GRAPH","ggml_cgraph","GRAPH","",-1,1,-1,0,0,0,0,0,0.000261,1,"delegate_cpu_graph"
"CPU_Elastic","COMPUTE_GRAPH","ggml_cgraph","GRAPH","",-1,1,-1,0,0,0,0,0,0.001615,1,"delegate_cpu_graph"
"CPU_Elastic","COMPUTE_GRAPH","ggml_cgraph","GRAPH","",-1,1,-1,0,0,0,0,0,0.000261,1,"delegate_cpu_graph"
"CPU_Elastic","COMPUTE_GRAPH","ggml_cgraph","GRAPH","",-1,1,-1,0,0,0,0,0,0.001562,1,"delegate_cpu_graph"
"CPU_Elastic","COMPUTE_GRAPH","ggml_cgraph","GRAPH","",-1,1,-1,0,0,0,0,0,0.000312,1,"delegate_cpu_graph"
"CPU_Elastic","COMPUTE_GRAPH","ggml_cgraph","GRAPH","",-1,1,-1,0,0,0,0,0,0.000312,1,"delegate_cpu_graph"
"CPU_Elastic","COMPUTE_GRAPH","ggml_cgraph","GRAPH","",-1,1,-1,0,0,0,0,0,0.000312,1,"delegate_cpu_graph"
"CPU_Elastic","COMPUTE_GRAPH","ggml_cgraph","GRAPH","",-1,1,-1,0,0,0,0,0,0.431771,1,"delegate_cpu_graph"
"CPU_Elastic","COMPUTE_GRAPH","ggml_cgraph","GRAPH","",-1,1,-1,0,0,0,0,0,0.000417,1,"delegate_cpu_graph"
"CPU_Elastic","COMPUTE_GRAPH","ggml_cgraph","GRAPH","",-1,1,-1,0,0,0,0,0,0.000364,1,"delegate_cpu_graph"
"CPU_Elastic","COMPUTE_GRAPH","ggml_cgraph","GRAPH","",-1,1,-1,0,0,0,0,0,0.000312,1,"delegate_cpu_graph"
"CPU_Elastic","COMPUTE_GRAPH","ggml_cgraph","GRAPH","",-1,1,-1,0,0,0,0,0,0.000260,1,"delegate_cpu_graph"
"CPU_Elastic","COMPUTE_GRAPH","ggml_cgraph","GRAPH","",-1,1,-1,0,0,0,0,0,0.049531,1,"delegate_cpu_graph"
"CPU_Elastic","COMPUTE_GRAPH","ggml_cgraph","GRAPH","",-1,1,-1,0,0,0,0,0,0.017239,1,"delegate_cpu_graph"
"CPU_Elastic","COMPUTE_GRAPH","ggml_cgraph","GRAPH","",-1,1,-1,0,0,0,0,0,0.030625,1,"delegate_cpu_graph"
"CPU_Elastic","COMPUTE_GRAPH","ggml_cgraph","GRAPH","",-1,1,-1,0,0,0,0,0,0.000573,1,"delegate_cpu_graph"
"CPU_Elastic","COMPUTE_GRAPH","ggml_cgraph","GRAPH","",-1,1,-1,0,0,0,0,0,0.008437,1,"delegate_cpu_graph"
"CPU_Elastic","COMPUTE_GRAPH","ggml_cgraph","GRAPH","",-1,1,-1,0,0,0,0,0,0.090364,1,"delegate_cpu_graph"
"CPU_Elastic","COMPUTE_GRAPH","ggml_cgraph","GRAPH","",-1,1,-1,0,0,0,0,0,0.004635,1,"delegate_cpu_graph"
"CPU_Elastic","COMPUTE_GRAPH","ggml_cgraph","GRAPH","",-1,1,-1,0,0,0,0,0,0.004532,1,"delegate_cpu_graph"
"CPU_Elastic","COMPUTE_GRAPH","ggml_cgraph","GRAPH","",-1,1,-1,0,0,0,0,0,0.013542,1,"delegate_cpu_graph"
"CPU_Elastic","COMPUTE_GRAPH","ggml_cgraph","GRAPH","",-1,1,-1,0,0,0,0,0,0.000729,1,"delegate_cpu_graph"
"CPU_Elastic","COMPUTE_GRAPH","ggml_cgraph","GRAPH","",-1,1,-1,0,0,0,0,0,0.000365,1,"delegate_cpu_graph"
"CPU_Elastic","COMPUTE_GRAPH","ggml_cgraph","GRAPH","",-1,1,-1,0,0,0,0,0,0.010781,1,"delegate_cpu_graph"
"CPU_Elastic","COMPUTE_GRAPH","ggml_cgraph","GRAPH","",-1,1,-1,0,0,0,0,0,0.000417,1,"delegate_cpu_graph"
"CPU_Elastic","COMPUTE_GRAPH","ggml_cgraph","GRAPH","",-1,1,-1,0,0,0,0,0,0.000417,1,"delegate_cpu_graph"
"CPU_Elastic","COMPUTE_GRAPH","ggml_cgraph","GRAPH","",-1,1,-1,0,0,0,0,0,0.000312,1,"delegate_cpu_graph"
"CPU_Elastic","COMPUTE_GRAPH","ggml_cgraph","GRAPH","",-1,1,-1,0,0,0,0,0,0.327969,1,"delegate_cpu_graph"
"CPU_Elastic","COMPUTE_GRAPH","ggml_cgraph","GRAPH","",-1,1,-1,0,0,0,0,0,0.327395,1,"delegate_cpu_graph"
"CPU_Elastic","COMPUTE_GRAPH","ggml_cgraph","GRAPH","",-1,1,-1,0,0,0,0,0,0.007187,1,"delegate_cpu_graph"
"CPU_Elastic","COMPUTE_GRAPH","ggml_cgraph","GRAPH","",-1,1,-1,0,0,0,0,0,0.464583,1,"delegate_cpu_graph"
"CPU_Elastic","COMPUTE_GRAPH","ggml_cgraph","GRAPH","",-1,1,-1,0,0,0,0,0,0.012812,1,"delegate_cpu_graph"
"CPU_Elastic","COMPUTE_GRAPH","ggml_cgraph","GRAPH","",-1,1,-1,0,0,0,0,0,0.000417,1,"delegate_cpu_graph"
"CPU_Elastic","COMPUTE_GRAPH","ggml_cgraph","GRAPH","",-1,1,-1,0,0,0,0,0,0.000261,1,"delegate_cpu_graph"
"CPU_Elastic","COMPUTE_GRAPH","ggml_cgraph","GRAPH","",-1,1,-1,0,0,0,0,0,0.000261,1,"delegate_cpu_graph"
"CPU_Elastic","COMPUTE_GRAPH","ggml_cgraph","GRAPH","",-1,1,-1,0,0,0,0,0,0.000312,1,"delegate_cpu_graph"
"CPU_Elastic","COMPUTE_GRAPH","ggml_cgraph","GRAPH","",-1,1,-1,0,0,0,0,0,0.000312,1,"delegate_cpu_graph"
"CPU_Elastic","COMPUTE_GRAPH","ggml_cgraph","GRAPH","",-1,1,-1,0,0,0,0,0,0.000260,1,"delegate_cpu_graph"
"CPU_Elastic","COMPUTE_GRAPH","ggml_cgraph","GRAPH","",-1,1,-1,0,0,0,0,0,0.000260,1,"delegate_cpu_graph"
"CPU_Elastic","COMPUTE_GRAPH","ggml_cgraph","GRAPH","",-1,1,-1,0,0,0,0,0,0.000313,1,"delegate_cpu_graph"
"CPU_Elastic","COMPUTE_GRAPH","ggml_cgraph","GRAPH","",-1,1,-1,0,0,0,0,0,0.005313,1,"delegate_cpu_graph"
"CPU_Elastic","COMPUTE_GRAPH","ggml_cgraph","GRAPH","",-1,1,-1,0,0,0,0,0,0.004896,1,"delegate_cpu_graph"
"CPU_Elastic","COMPUTE_GRAPH","ggml_cgraph","GRAPH","",-1,1,-1,0,0,0,0,0,0.005208,1,"delegate_cpu_graph"
"CPU_Elastic","COMPUTE_GRAPH","ggml_cgraph","GRAPH","",-1,1,-1,0,0,0,0,0,0.005573,1,"delegate_cpu_graph"
"CPU_Elastic","COMPUTE_GRAPH","ggml_cgraph","GRAPH","",-1,1,-1,0,0,0,0,0,0.005105,1,"delegate_cpu_graph"
"CPU_Elastic","COMPUTE_GRAPH","ggml_cgraph","GRAPH","",-1,1,-1,0,0,0,0,0,0.005000,1,"delegate_cpu_graph"
"CPU_Elastic","COMPUTE_GRAPH","ggml_cgraph","GRAPH","",-1,1,-1,0,0,0,0,0,0.005365,1,"delegate_cpu_graph"
"CPU_Elastic","COMPUTE_GRAPH","ggml_cgraph","GRAPH","",-1,1,-1,0,0,0,0,0,0.005104,1,"delegate_cpu_graph"
"CPU_Elastic","COMPUTE_GRAPH","ggml_cgraph","GRAPH","",-1,1,-1,0,0,0,0,0,0.004480,1,"delegate_cpu_graph"
"CPU_Elastic","COMPUTE_GRAPH","ggml_cgraph","GRAPH","",-1,1,-1,0,0,0,0,0,0.090104,1,"delegate_cpu_graph"
"CPU_Elastic","COMPUTE_GRAPH","ggml_cgraph","GRAPH","",-1,1,-1,0,0,0,0,0,0.004740,1,"delegate_cpu_graph"
"CPU_Elastic","COMPUTE_GRAPH","ggml_cgraph","GRAPH","",-1,1,-1,0,0,0,0,0,0.000416,1,"delegate_cpu_graph"
"CPU_Elastic","COMPUTE_GRAPH","ggml_cgraph","GRAPH","",-1,1,-1,0,0,0,0,0,0.006406,1,"delegate_cpu_graph"
"CPU_Elastic","COMPUTE_GRAPH","ggml_cgraph","GRAPH","",-1,1,-1,0,0,0,0,0,0.093073,1,"delegate_cpu_graph"
"CPU_Elastic","COMPUTE_GRAPH","ggml_cgraph","GRAPH","",-1,1,-1,0,0,0,0,0,0.004583,1,"delegate_cpu_graph"
"CPU_Elastic","COMPUTE_GRAPH","ggml_cgraph","GRAPH","",-1,1,-1,0,0,0,0,0,0.000469,1,"delegate_cpu_graph"
"CPU_Elastic","COMPUTE_GRAPH","ggml_cgraph","GRAPH","",-1,1,-1,0,0,0,0,0,0.005521,1,"delegate_cpu_graph"
"CPU_Elastic","COMPUTE_GRAPH","ggml_cgraph","GRAPH","",-1,1,-1,0,0,0,0,0,0.127031,1,"delegate_cpu_graph"
"CPU_Elastic","COMPUTE_GRAPH","ggml_cgraph","GRAPH","",-1,1,-1,0,0,0,0,0,0.000469,1,"delegate_cpu_graph"
"CPU_Elastic","COMPUTE_GRAPH","ggml_cgraph","GRAPH","",-1,1,-1,0,0,0,0,0,0.000364,1,"delegate_cpu_graph"
"CPU_Elastic","COMPUTE_GRAPH","ggml_cgraph","GRAPH","",-1,1,-1,0,0,0,0,0,0.001667,1,"delegate_cpu_graph"
"CPU_Elastic","COMPUTE_GRAPH","ggml_cgraph","GRAPH","",-1,1,-1,0,0,0,0,0,0.000313,1,"delegate_cpu_graph"
"CPU_Elastic","COMPUTE_GRAPH","ggml_cgraph","GRAPH","",-1,1,-1,0,0,0,0,0,0.001510,1,"delegate_cpu_graph"
"CPU_Elastic","COMPUTE_GRAPH","ggml_cgraph","GRAPH","",-1,1,-1,0,0,0,0,0,0.000312,1,"delegate_cpu_graph"
"CPU_Elastic","COMPUTE_GRAPH","ggml_cgraph","GRAPH","",-1,1,-1,0,0,0,0,0,0.000312,1,"delegate_cpu_graph"
"CPU_Elastic","COMPUTE_GRAPH","ggml_cgraph","GRAPH","",-1,1,-1,0,0,0,0,0,0.000260,1,"delegate_cpu_graph"
"CPU_Elastic","COMPUTE_GRAPH","ggml_cgraph","GRAPH","",-1,1,-1,0,0,0,0,0,0.430104,1,"delegate_cpu_graph"
"CPU_Elastic","COMPUTE_GRAPH","ggml_cgraph","GRAPH","",-1,1,-1,0,0,0,0,0,0.000625,1,"delegate_cpu_graph"
"CPU_Elastic","COMPUTE_GRAPH","ggml_cgraph","GRAPH","",-1,1,-1,0,0,0,0,0,0.000312,1,"delegate_cpu_graph"
"CPU_Elastic","COMPUTE_GRAPH","ggml_cgraph","GRAPH","",-1,1,-1,0,0,0,0,0,0.000260,1,"delegate_cpu_graph"
"CPU_Elastic","COMPUTE_GRAPH","ggml_cgraph","GRAPH","",-1,1,-1,0,0,0,0,0,0.000261,1,"delegate_cpu_graph"
"CPU_Elastic","COMPUTE_GRAPH","ggml_cgraph","GRAPH","",-1,1,-1,0,0,0,0,0,0.039114,1,"delegate_cpu_graph"
"CPU_Elastic","COMPUTE_GRAPH","ggml_cgraph","GRAPH","",-1,1,-1,0,0,0,0,0,0.017344,1,"delegate_cpu_graph"
"CPU_Elastic","COMPUTE_GRAPH","ggml_cgraph","GRAPH","",-1,1,-1,0,0,0,0,0,0.030729,1,"delegate_cpu_graph"
"CPU_Elastic","COMPUTE_GRAPH","ggml_cgraph","GRAPH","",-1,1,-1,0,0,0,0,0,0.000417,1,"delegate_cpu_graph"
"CPU_Elastic","COMPUTE_GRAPH","ggml_cgraph","GRAPH","",-1,1,-1,0,0,0,0,0,0.004948,1,"delegate_cpu_graph"
"CPU_Elastic","COMPUTE_GRAPH","ggml_cgraph","GRAPH","",-1,1,-1,0,0,0,0,0,0.090052,1,"delegate_cpu_graph"
"CPU_Elastic","COMPUTE_GRAPH","ggml_cgraph","GRAPH","",-1,1,-1,0,0,0,0,0,0.005521,1,"delegate_cpu_graph"
"CPU_Elastic","COMPUTE_GRAPH","ggml_cgraph","GRAPH","",-1,1,-1,0,0,0,0,0,0.004479,1,"delegate_cpu_graph"
"CPU_Elastic","COMPUTE_GRAPH","ggml_cgraph","GRAPH","",-1,1,-1,0,0,0,0,0,0.013177,1,"delegate_cpu_graph"
"CPU_Elastic","COMPUTE_GRAPH","ggml_cgraph","GRAPH","",-1,1,-1,0,0,0,0,0,0.000729,1,"delegate_cpu_graph"
"CPU_Elastic","COMPUTE_GRAPH","ggml_cgraph","GRAPH","",-1,1,-1,0,0,0,0,0,0.000365,1,"delegate_cpu_graph"
"CPU_Elastic","COMPUTE_GRAPH","ggml_cgraph","GRAPH","",-1,1,-1,0,0,0,0,0,0.010834,1,"delegate_cpu_graph"
"CPU_Elastic","COMPUTE_GRAPH","ggml_cgraph","GRAPH","",-1,1,-1,0,0,0,0,0,0.000417,1,"delegate_cpu_graph"
"CPU_Elastic","COMPUTE_GRAPH","ggml_cgraph","GRAPH","",-1,1,-1,0,0,0,0,0,0.000365,1,"delegate_cpu_graph"
"CPU_Elastic","COMPUTE_GRAPH","ggml_cgraph","GRAPH","",-1,1,-1,0,0,0,0,0,0.000313,1,"delegate_cpu_graph"
"CPU_Elastic","COMPUTE_GRAPH","ggml_cgraph","GRAPH","",-1,1,-1,0,0,0,0,0,0.329583,1,"delegate_cpu_graph"
"CPU_Elastic","COMPUTE_GRAPH","ggml_cgraph","GRAPH","",-1,1,-1,0,0,0,0,0,0.327604,1,"delegate_cpu_graph"
"CPU_Elastic","COMPUTE_GRAPH","ggml_cgraph","GRAPH","",-1,1,-1,0,0,0,0,0,0.007500,1,"delegate_cpu_graph"
"CPU_Elastic","COMPUTE_GRAPH","ggml_cgraph","GRAPH","",-1,1,-1,0,0,0,0,0,0.466823,1,"delegate_cpu_graph"
"CPU_Elastic","COMPUTE_GRAPH","ggml_cgraph","GRAPH","",-1,1,-1,0,0,0,0,0,0.013021,1,"delegate_cpu_graph"
"CPU_Elastic","COMPUTE_GRAPH","ggml_cgraph","GRAPH","",-1,1,-1,0,0,0,0,0,0.000416,1,"delegate_cpu_graph"
"CPU_Elastic","COMPUTE_GRAPH","ggml_cgraph","GRAPH","",-1,1,-1,0,0,0,0,0,0.000365,1,"delegate_cpu_graph"
"CPU_Elastic","COMPUTE_GRAPH","ggml_cgraph","GRAPH","",-1,1,-1,0,0,0,0,0,0.000364,1,"delegate_cpu_graph"
"CPU_Elastic","COMPUTE_GRAPH","ggml_cgraph","GRAPH","",-1,1,-1,0,0,0,0,0,0.000312,1,"delegate_cpu_graph"
"CPU_Elastic","COMPUTE_GRAPH","ggml_cgraph","GRAPH","",-1,1,-1,0,0,0,0,0,0.000312,1,"delegate_cpu_graph"
"CPU_Elastic","COMPUTE_GRAPH","ggml_cgraph","GRAPH","",-1,1,-1,0,0,0,0,0,0.000260,1,"delegate_cpu_graph"
"CPU_Elastic","COMPUTE_GRAPH","ggml_cgraph","GRAPH","",-1,1,-1,0,0,0,0,0,0.000364,1,"delegate_cpu_graph"
"CPU_Elastic","COMPUTE_GRAPH","ggml_cgraph","GRAPH","",-1,1,-1,0,0,0,0,0,0.000312,1,"delegate_cpu_graph"
"CPU_Elastic","COMPUTE_GRAPH","ggml_cgraph","GRAPH","",-1,1,-1,0,0,0,0,0,0.004114,1,"delegate_cpu_graph"
"CPU_Elastic","COMPUTE_GRAPH","ggml_cgraph","GRAPH","",-1,1,-1,0,0,0,0,0,0.005313,1,"delegate_cpu_graph"
"CPU_Elastic","COMPUTE_GRAPH","ggml_cgraph","GRAPH","",-1,1,-1,0,0,0,0,0,0.005260,1,"delegate_cpu_graph"
"CPU_Elastic","COMPUTE_GRAPH","ggml_cgraph","GRAPH","",-1,1,-1,0,0,0,0,0,0.005469,1,"delegate_cpu_graph"
"CPU_Elastic","COMPUTE_GRAPH","ggml_cgraph","GRAPH","",-1,1,-1,0,0,0,0,0,0.004896,1,"delegate_cpu_graph"
"CPU_Elastic","COMPUTE_GRAPH","ggml_cgraph","GRAPH","",-1,1,-1,0,0,0,0,0,0.005520,1,"delegate_cpu_graph"
"CPU_Elastic","COMPUTE_GRAPH","ggml_cgraph","GRAPH","",-1,1,-1,0,0,0,0,0,0.005365,1,"delegate_cpu_graph"
"CPU_Elastic","COMPUTE_GRAPH","ggml_cgraph","GRAPH","",-1,1,-1,0,0,0,0,0,0.005364,1,"delegate_cpu_graph"
"CPU_Elastic","COMPUTE_GRAPH","ggml_cgraph","GRAPH","",-1,1,-1,0,0,0,0,0,0.004948,1,"delegate_cpu_graph"
"CPU_Elastic","COMPUTE_GRAPH","ggml_cgraph","GRAPH","",-1,1,-1,0,0,0,0,0,0.102031,1,"delegate_cpu_graph"
"CPU_Elastic","COMPUTE_GRAPH","ggml_cgraph","GRAPH","",-1,1,-1,0,0,0,0,0,0.005000,1,"delegate_cpu_graph"
"CPU_Elastic","COMPUTE_GRAPH","ggml_cgraph","GRAPH","",-1,1,-1,0,0,0,0,0,0.000469,1,"delegate_cpu_graph"
"CPU_Elastic","COMPUTE_GRAPH","ggml_cgraph","GRAPH","",-1,1,-1,0,0,0,0,0,0.005313,1,"delegate_cpu_graph"
"CPU_Elastic","COMPUTE_GRAPH","ggml_cgraph","GRAPH","",-1,1,-1,0,0,0,0,0,0.090364,1,"delegate_cpu_graph"
"CPU_Elastic","COMPUTE_GRAPH","ggml_cgraph","GRAPH","",-1,1,-1,0,0,0,0,0,0.004063,1,"delegate_cpu_graph"
"CPU_Elastic","COMPUTE_GRAPH","ggml_cgraph","GRAPH","",-1,1,-1,0,0,0,0,0,0.000469,1,"delegate_cpu_graph"
"CPU_Elastic","COMPUTE_GRAPH","ggml_cgraph","GRAPH","",-1,1,-1,0,0,0,0,0,0.005834,1,"delegate_cpu_graph"
"CPU_Elastic","COMPUTE_GRAPH","ggml_cgraph","GRAPH","",-1,1,-1,0,0,0,0,0,0.127135,1,"delegate_cpu_graph"
"CPU_Elastic","COMPUTE_GRAPH","ggml_cgraph","GRAPH","",-1,1,-1,0,0,0,0,0,0.000521,1,"delegate_cpu_graph"
"CPU_Elastic","COMPUTE_GRAPH","ggml_cgraph","GRAPH","",-1,1,-1,0,0,0,0,0,0.000312,1,"delegate_cpu_graph"
"CPU_Elastic","COMPUTE_GRAPH","ggml_cgraph","GRAPH","",-1,1,-1,0,0,0,0,0,0.001511,1,"delegate_cpu_graph"
"CPU_Elastic","COMPUTE_GRAPH","ggml_cgraph","GRAPH","",-1,1,-1,0,0,0,0,0,0.000261,1,"delegate_cpu_graph"
"CPU_Elastic","COMPUTE_GRAPH","ggml_cgraph","GRAPH","",-1,1,-1,0,0,0,0,0,0.001615,1,"delegate_cpu_graph"
"CPU_Elastic","COMPUTE_GRAPH","ggml_cgraph","GRAPH","",-1,1,-1,0,0,0,0,0,0.000260,1,"delegate_cpu_graph"
"CPU_Elastic","COMPUTE_GRAPH","ggml_cgraph","GRAPH","",-1,1,-1,0,0,0,0,0,0.000365,1,"delegate_cpu_graph"
"CPU_Elastic","COMPUTE_GRAPH","ggml_cgraph","GRAPH","",-1,1,-1,0,0,0,0,0,0.000313,1,"delegate_cpu_graph"
"CPU_Elastic","COMPUTE_GRAPH","ggml_cgraph","GRAPH","",-1,1,-1,0,0,0,0,0,0.432032,1,"delegate_cpu_graph"
"CPU_Elastic","COMPUTE_GRAPH","ggml_cgraph","GRAPH","",-1,1,-1,0,0,0,0,0,0.000417,1,"delegate_cpu_graph"
"CPU_Elastic","COMPUTE_GRAPH","ggml_cgraph","GRAPH","",-1,1,-1,0,0,0,0,0,0.000313,1,"delegate_cpu_graph"
"CPU_Elastic","COMPUTE_GRAPH","ggml_cgraph","GRAPH","",-1,1,-1,0,0,0,0,0,0.000313,1,"delegate_cpu_graph"
"CPU_Elastic","COMPUTE_GRAPH","ggml_cgraph","GRAPH","",-1,1,-1,0,0,0,0,0,0.000313,1,"delegate_cpu_graph"
"CPU_Elastic","COMPUTE_GRAPH","ggml_cgraph","GRAPH","",-1,1,-1,0,0,0,0,0,0.038334,1,"delegate_cpu_graph"
"CPU_Elastic","COMPUTE_GRAPH","ggml_cgraph","GRAPH","",-1,1,-1,0,0,0,0,0,0.017916,1,"delegate_cpu_graph"
"CPU_Elastic","COMPUTE_GRAPH","ggml_cgraph","GRAPH","",-1,1,-1,0,0,0,0,0,0.029428,1,"delegate_cpu_graph"
"CPU_Elastic","COMPUTE_GRAPH","ggml_cgraph","GRAPH","",-1,1,-1,0,0,0,0,0,0.000416,1,"delegate_cpu_graph"
"CPU_Elastic","COMPUTE_GRAPH","ggml_cgraph","GRAPH","",-1,1,-1,0,0,0,0,0,0.004531,1,"delegate_cpu_graph"
"CPU_Elastic","COMPUTE_GRAPH","ggml_cgraph","GRAPH","",-1,1,-1,0,0,0,0,0,0.090468,1,"delegate_cpu_graph"
"CPU_Elastic","COMPUTE_GRAPH","ggml_cgraph","GRAPH","",-1,1,-1,0,0,0,0,0,0.000938,1,"delegate_cpu_graph"
"CPU_Elastic","COMPUTE_GRAPH","ggml_cgraph","GRAPH","",-1,1,-1,0,0,0,0,0,0.001041,1,"delegate_cpu_graph"
"CPU_Elastic","COMPUTE_GRAPH","ggml_cgraph","GRAPH","",-1,1,-1,0,0,0,0,0,0.003698,1,"delegate_cpu_graph"
"CPU_Elastic","COMPUTE_GRAPH","ggml_cgraph","GRAPH","",-1,1,-1,0,0,0,0,0,0.004219,1,"delegate_cpu_graph"
"CPU_Elastic","COMPUTE_GRAPH","ggml_cgraph","GRAPH","",-1,1,-1,0,0,0,0,0,0.012917,1,"delegate_cpu_graph"
"CPU_Elastic","COMPUTE_GRAPH","ggml_cgraph","GRAPH","",-1,1,-1,0,0,0,0,0,0.000729,1,"delegate_cpu_graph"
"CPU_Elastic","COMPUTE_GRAPH","ggml_cgraph","GRAPH","",-1,1,-1,0,0,0,0,0,0.000312,1,"delegate_cpu_graph"
"CPU_Elastic","COMPUTE_GRAPH","ggml_cgraph","GRAPH","",-1,1,-1,0,0,0,0,0,0.010417,1,"delegate_cpu_graph"
"CPU_Elastic","COMPUTE_GRAPH","ggml_cgraph","GRAPH","",-1,1,-1,0,0,0,0,0,0.000468,1,"delegate_cpu_graph"
"CPU_Elastic","COMPUTE_GRAPH","ggml_cgraph","GRAPH","",-1,1,-1,0,0,0,0,0,0.000365,1,"delegate_cpu_graph"
"CPU_Elastic","COMPUTE_GRAPH","ggml_cgraph","GRAPH","",-1,1,-1,0,0,0,0,0,0.000313,1,"delegate_cpu_graph"
"CPU_Elastic","COMPUTE_GRAPH","ggml_cgraph","GRAPH","",-1,1,-1,0,0,0,0,0,0.329271,1,"delegate_cpu_graph"
"CPU_Elastic","COMPUTE_GRAPH","ggml_cgraph","GRAPH","",-1,1,-1,0,0,0,0,0,0.327344,1,"delegate_cpu_graph"
"CPU_Elastic","COMPUTE_GRAPH","ggml_cgraph","GRAPH","",-1,1,-1,0,0,0,0,0,0.007240,1,"delegate_cpu_graph"
"CPU_Elastic","COMPUTE_GRAPH","ggml_cgraph","GRAPH","",-1,1,-1,0,0,0,0,0,0.472031,1,"delegate_cpu_graph"
"CPU_Elastic","COMPUTE_GRAPH","ggml_cgraph","GRAPH","",-1,1,-1,0,0,0,0,0,0.012812,1,"delegate_cpu_graph"
"CPU_Elastic","COMPUTE_GRAPH","ggml_cgraph","GRAPH","",-1,1,-1,0,0,0,0,0,0.000417,1,"delegate_cpu_graph"
"CPU_Elastic","COMPUTE_GRAPH","ggml_cgraph","GRAPH","",-1,1,-1,0,0,0,0,0,0.000312,1,"delegate_cpu_graph"
"CPU_Elastic","COMPUTE_GRAPH","ggml_cgraph","GRAPH","",-1,1,-1,0,0,0,0,0,0.000312,1,"delegate_cpu_graph"
"CPU_Elastic","COMPUTE_GRAPH","ggml_cgraph","GRAPH","",-1,1,-1,0,0,0,0,0,0.000313,1,"delegate_cpu_graph"
"CPU_Elastic","COMPUTE_GRAPH","ggml_cgraph","GRAPH","",-1,1,-1,0,0,0,0,0,0.000313,1,"delegate_cpu_graph"
"CPU_Elastic","COMPUTE_GRAPH","ggml_cgraph","GRAPH","",-1,1,-1,0,0,0,0,0,0.000313,1,"delegate_cpu_graph"
"CPU_Elastic","COMPUTE_GRAPH","ggml_cgraph","GRAPH","",-1,1,-1,0,0,0,0,0,0.000261,1,"delegate_cpu_graph"
"CPU_Elastic","COMPUTE_GRAPH","ggml_cgraph","GRAPH","",-1,1,-1,0,0,0,0,0,0.000261,1,"delegate_cpu_graph"
"CPU_Elastic","COMPUTE_GRAPH","ggml_cgraph","GRAPH","",-1,1,-1,0,0,0,0,0,0.005313,1,"delegate_cpu_graph"
"CPU_Elastic","COMPUTE_GRAPH","ggml_cgraph","GRAPH","",-1,1,-1,0,0,0,0,0,0.004948,1,"delegate_cpu_graph"
"CPU_Elastic","COMPUTE_GRAPH","ggml_cgraph","GRAPH","",-1,1,-1,0,0,0,0,0,0.005209,1,"delegate_cpu_graph"
"CPU_Elastic","COMPUTE_GRAPH","ggml_cgraph","GRAPH","",-1,1,-1,0,0,0,0,0,0.005312,1,"delegate_cpu_graph"
"CPU_Elastic","COMPUTE_GRAPH","ggml_cgraph","GRAPH","",-1,1,-1,0,0,0,0,0,0.005104,1,"delegate_cpu_graph"
"CPU_Elastic","COMPUTE_GRAPH","ggml_cgraph","GRAPH","",-1,1,-1,0,0,0,0,0,0.005469,1,"delegate_cpu_graph"
"CPU_Elastic","COMPUTE_GRAPH","ggml_cgraph","GRAPH","",-1,1,-1,0,0,0,0,0,0.004896,1,"delegate_cpu_graph"
"CPU_Elastic","COMPUTE_GRAPH","ggml_cgraph","GRAPH","",-1,1,-1,0,0,0,0,0,0.005625,1,"delegate_cpu_graph"
"CPU_Elastic","COMPUTE_GRAPH","ggml_cgraph","GRAPH","",-1,1,-1,0,0,0,0,0,0.006875,1,"delegate_cpu_graph"
"CPU_Elastic","COMPUTE_GRAPH","ggml_cgraph","GRAPH","",-1,1,-1,0,0,0,0,0,0.004948,1,"delegate_cpu_graph"
"CPU_Elastic","COMPUTE_GRAPH","ggml_cgraph","GRAPH","",-1,1,-1,0,0,0,0,0,0.002083,1,"delegate_cpu_graph"
"CPU_Elastic","COMPUTE_GRAPH","ggml_cgraph","GRAPH","",-1,1,-1,0,0,0,0,0,0.004427,1,"delegate_cpu_graph"
"CPU_Elastic","COMPUTE_GRAPH","ggml_cgraph","GRAPH","",-1,1,-1,0,0,0,0,0,0.004375,1,"delegate_cpu_graph"
"CPU_Elastic","COMPUTE_GRAPH","ggml_cgraph","GRAPH","",-1,1,-1,0,0,0,0,0,0.000520,1,"delegate_cpu_graph"
"CPU_Elastic","COMPUTE_GRAPH","ggml_cgraph","GRAPH","",-1,1,-1,0,0,0,0,0,0.010886,1,"delegate_cpu_graph"
"CPU_Elastic","COMPUTE_GRAPH","ggml_cgraph","GRAPH","",-1,1,-1,0,0,0,0,0,0.004427,1,"delegate_cpu_graph"
"CPU_Elastic","COMPUTE_GRAPH","ggml_cgraph","GRAPH","",-1,1,-1,0,0,0,0,0,0.000469,1,"delegate_cpu_graph"
"CPU_Elastic","COMPUTE_GRAPH","ggml_cgraph","GRAPH","",-1,1,-1,0,0,0,0,0,0.005677,1,"delegate_cpu_graph"
"CPU_Elastic","COMPUTE_GRAPH","ggml_cgraph","GRAPH","",-1,1,-1,0,0,0,0,0,0.001823,1,"delegate_cpu_graph"
"CPU_Elastic","COMPUTE_GRAPH","ggml_cgraph","GRAPH","",-1,1,-1,0,0,0,0,0,0.000312,1,"delegate_cpu_graph"
"CPU_Elastic","COMPUTE_GRAPH","ggml_cgraph","GRAPH","",-1,1,-1,0,0,0,0,0,0.001458,1,"delegate_cpu_graph"
"CPU_Elastic","COMPUTE_GRAPH","ggml_cgraph","GRAPH","",-1,1,-1,0,0,0,0,0,0.000312,1,"delegate_cpu_graph"
"CPU_Elastic","COMPUTE_GRAPH","ggml_cgraph","GRAPH","",-1,1,-1,0,0,0,0,0,0.000260,1,"delegate_cpu_graph"
"CPU_Elastic","COMPUTE_GRAPH","ggml_cgraph","GRAPH","",-1,1,-1,0,0,0,0,0,0.000260,1,"delegate_cpu_graph"
"CPU_Elastic","COMPUTE_GRAPH","ggml_cgraph","GRAPH","",-1,1,-1,0,0,0,0,0,0.446771,1,"delegate_cpu_graph"
"CPU_Elastic","COMPUTE_GRAPH","ggml_cgraph","GRAPH","",-1,1,-1,0,0,0,0,0,0.000417,1,"delegate_cpu_graph"
"CPU_Elastic","COMPUTE_GRAPH","ggml_cgraph","GRAPH","",-1,1,-1,0,0,0,0,0,0.000261,1,"delegate_cpu_graph"
"CPU_Elastic","COMPUTE_GRAPH","ggml_cgraph","GRAPH","",-1,1,-1,0,0,0,0,0,0.000261,1,"delegate_cpu_graph"
"CPU_Elastic","COMPUTE_GRAPH","ggml_cgraph","GRAPH","",-1,1,-1,0,0,0,0,0,0.000313,1,"delegate_cpu_graph"
"CPU_Elastic","COMPUTE_GRAPH","ggml_cgraph","GRAPH","",-1,1,-1,0,0,0,0,0,0.040833,1,"delegate_cpu_graph"
"CPU_Elastic","COMPUTE_GRAPH","ggml_cgraph","GRAPH","",-1,1,-1,0,0,0,0,0,0.018073,1,"delegate_cpu_graph"
"CPU_Elastic","COMPUTE_GRAPH","ggml_cgraph","GRAPH","",-1,1,-1,0,0,0,0,0,0.030834,1,"delegate_cpu_graph"
"CPU_Elastic","COMPUTE_GRAPH","ggml_cgraph","GRAPH","",-1,1,-1,0,0,0,0,0,0.000416,1,"delegate_cpu_graph"
"CPU_Elastic","COMPUTE_GRAPH","ggml_cgraph","GRAPH","",-1,1,-1,0,0,0,0,0,0.004583,1,"delegate_cpu_graph"
"CPU_Elastic","COMPUTE_GRAPH","ggml_cgraph","GRAPH","",-1,1,-1,0,0,0,0,0,0.090885,1,"delegate_cpu_graph"
"CPU_Elastic","COMPUTE_GRAPH","ggml_cgraph","GRAPH","",-1,1,-1,0,0,0,0,0,0.004896,1,"delegate_cpu_graph"
"CPU_Elastic","COMPUTE_GRAPH","ggml_cgraph","GRAPH","",-1,1,-1,0,0,0,0,0,0.004427,1,"delegate_cpu_graph"
"CPU_Elastic","COMPUTE_GRAPH","ggml_cgraph","GRAPH","",-1,1,-1,0,0,0,0,0,0.000730,1,"delegate_cpu_graph"
"CPU_Elastic","COMPUTE_GRAPH","ggml_cgraph","GRAPH","",-1,1,-1,0,0,0,0,0,0.000312,1,"delegate_cpu_graph"
"CPU_Elastic","COMPUTE_GRAPH","ggml_cgraph","GRAPH","",-1,1,-1,0,0,0,0,0,0.010104,1,"delegate_cpu_graph"
"CPU_Elastic","COMPUTE_GRAPH","ggml_cgraph","GRAPH","",-1,1,-1,0,0,0,0,0,0.000416,1,"delegate_cpu_graph"
"CPU_Elastic","COMPUTE_GRAPH","ggml_cgraph","GRAPH","",-1,1,-1,0,0,0,0,0,0.000365,1,"delegate_cpu_graph"
"CPU_Elastic","COMPUTE_GRAPH","ggml_cgraph","GRAPH","",-1,1,-1,0,0,0,0,0,0.000261,1,"delegate_cpu_graph"
"CPU_Elastic","COMPUTE_GRAPH","ggml_cgraph","GRAPH","",-1,1,-1,0,0,0,0,0,0.329167,1,"delegate_cpu_graph"
"CPU_Elastic","COMPUTE_GRAPH","ggml_cgraph","GRAPH","",-1,1,-1,0,0,0,0,0,0.328750,1,"delegate_cpu_graph"
"CPU_Elastic","COMPUTE_GRAPH","ggml_cgraph","GRAPH","",-1,1,-1,0,0,0,0,0,0.006875,1,"delegate_cpu_graph"
"CPU_Elastic","COMPUTE_GRAPH","ggml_cgraph","GRAPH","",-1,1,-1,0,0,0,0,0,0.468333,1,"delegate_cpu_graph"
"CPU_Elastic","COMPUTE_GRAPH","ggml_cgraph","GRAPH","",-1,1,-1,0,0,0,0,0,0.012865,1,"delegate_cpu_graph"
"CPU_Elastic","COMPUTE_GRAPH","ggml_cgraph","GRAPH","",-1,1,-1,0,0,0,0,0,0.000417,1,"delegate_cpu_graph"
"CPU_Elastic","COMPUTE_GRAPH","ggml_cgraph","GRAPH","",-1,1,-1,0,0,0,0,0,0.000312,1,"delegate_cpu_graph"
"CPU_Elastic","COMPUTE_GRAPH","ggml_cgraph","GRAPH","",-1,1,-1,0,0,0,0,0,0.000312,1,"delegate_cpu_graph"
"CPU_Elastic","COMPUTE_GRAPH","ggml_cgraph","GRAPH","",-1,1,-1,0,0,0,0,0,0.000312,1,"delegate_cpu_graph"
"CPU_Elastic","COMPUTE_GRAPH","ggml_cgraph","GRAPH","",-1,1,-1,0,0,0,0,0,0.000260,1,"delegate_cpu_graph"
"CPU_Elastic","COMPUTE_GRAPH","ggml_cgraph","GRAPH","",-1,1,-1,0,0,0,0,0,0.000313,1,"delegate_cpu_graph"
"CPU_Elastic","COMPUTE_GRAPH","ggml_cgraph","GRAPH","",-1,1,-1,0,0,0,0,0,0.000261,1,"delegate_cpu_graph"
"CPU_Elastic","COMPUTE_GRAPH","ggml_cgraph","GRAPH","",-1,1,-1,0,0,0,0,0,0.000313,1,"delegate_cpu_graph"
"CPU_Elastic","COMPUTE_GRAPH","ggml_cgraph","GRAPH","",-1,1,-1,0,0,0,0,0,0.003177,1,"delegate_cpu_graph"
"CPU_Elastic","COMPUTE_GRAPH","ggml_cgraph","GRAPH","",-1,1,-1,0,0,0,0,0,0.005520,1,"delegate_cpu_graph"
"CPU_Elastic","COMPUTE_GRAPH","ggml_cgraph","GRAPH","",-1,1,-1,0,0,0,0,0,0.004844,1,"delegate_cpu_graph"
"CPU_Elastic","COMPUTE_GRAPH","ggml_cgraph","GRAPH","",-1,1,-1,0,0,0,0,0,0.005156,1,"delegate_cpu_graph"
"CPU_Elastic","COMPUTE_GRAPH","ggml_cgraph","GRAPH","",-1,1,-1,0,0,0,0,0,0.160573,1,"delegate_cpu_graph"
"CPU_Elastic","COMPUTE_GRAPH","ggml_cgraph","GRAPH","",-1,1,-1,0,0,0,0,0,0.004687,1,"delegate_cpu_graph"
"CPU_Elastic","COMPUTE_GRAPH","ggml_cgraph","GRAPH","",-1,1,-1,0,0,0,0,0,0.005417,1,"delegate_cpu_graph"
"CPU_Elastic","COMPUTE_GRAPH","ggml_cgraph","GRAPH","",-1,1,-1,0,0,0,0,0,0.005313,1,"delegate_cpu_graph"
"CPU_Elastic","COMPUTE_GRAPH","ggml_cgraph","GRAPH","",-1,1,-1,0,0,0,0,0,0.004844,1,"delegate_cpu_graph"
"CPU_Elastic","COMPUTE_GRAPH","ggml_cgraph","GRAPH","",-1,1,-1,0,0,0,0,0,0.090625,1,"delegate_cpu_graph"
"CPU_Elastic","COMPUTE_GRAPH","ggml_cgraph","GRAPH","",-1,1,-1,0,0,0,0,0,0.004479,1,"delegate_cpu_graph"
"CPU_Elastic","COMPUTE_GRAPH","ggml_cgraph","GRAPH","",-1,1,-1,0,0,0,0,0,0.000469,1,"delegate_cpu_graph"
"CPU_Elastic","COMPUTE_GRAPH","ggml_cgraph","GRAPH","",-1,1,-1,0,0,0,0,0,0.005781,1,"delegate_cpu_graph"
"CPU_Elastic","COMPUTE_GRAPH","ggml_cgraph","GRAPH","",-1,1,-1,0,0,0,0,0,0.004375,1,"delegate_cpu_graph"
"CPU_Elastic","COMPUTE_GRAPH","ggml_cgraph","GRAPH","",-1,1,-1,0,0,0,0,0,0.000417,1,"delegate_cpu_graph"
"CPU_Elastic","COMPUTE_GRAPH","ggml_cgraph","GRAPH","",-1,1,-1,0,0,0,0,0,0.005417,1,"delegate_cpu_graph"
"CPU_Elastic","COMPUTE_GRAPH","ggml_cgraph","GRAPH","",-1,1,-1,0,0,0,0,0,0.001510,1,"delegate_cpu_graph"
"CPU_Elastic","COMPUTE_GRAPH","ggml_cgraph","GRAPH","",-1,1,-1,0,0,0,0,0,0.000313,1,"delegate_cpu_graph"
"CPU_Elastic","COMPUTE_GRAPH","ggml_cgraph","GRAPH","",-1,1,-1,0,0,0,0,0,0.001458,1,"delegate_cpu_graph"
"CPU_Elastic","COMPUTE_GRAPH","ggml_cgraph","GRAPH","",-1,1,-1,0,0,0,0,0,0.000261,1,"delegate_cpu_graph"
"CPU_Elastic","COMPUTE_GRAPH","ggml_cgraph","GRAPH","",-1,1,-1,0,0,0,0,0,0.000261,1,"delegate_cpu_graph"
"CPU_Elastic","COMPUTE_GRAPH","ggml_cgraph","GRAPH","",-1,1,-1,0,0,0,0,0,0.000261,1,"delegate_cpu_graph"
"CPU_Elastic","COMPUTE_GRAPH","ggml_cgraph","GRAPH","",-1,1,-1,0,0,0,0,0,0.438334,1,"delegate_cpu_graph"
"CPU_Elastic","COMPUTE_GRAPH","ggml_cgraph","GRAPH","",-1,1,-1,0,0,0,0,0,0.000416,1,"delegate_cpu_graph"
"CPU_Elastic","COMPUTE_GRAPH","ggml_cgraph","GRAPH","",-1,1,-1,0,0,0,0,0,0.000261,1,"delegate_cpu_graph"
"CPU_Elastic","COMPUTE_GRAPH","ggml_cgraph","GRAPH","",-1,1,-1,0,0,0,0,0,0.000260,1,"delegate_cpu_graph"
"CPU_Elastic","COMPUTE_GRAPH","ggml_cgraph","GRAPH","",-1,1,-1,0,0,0,0,0,0.000312,1,"delegate_cpu_graph"
"CPU_Elastic","COMPUTE_GRAPH","ggml_cgraph","GRAPH","",-1,1,-1,0,0,0,0,0,0.042344,1,"delegate_cpu_graph"
"CPU_Elastic","COMPUTE_GRAPH","ggml_cgraph","GRAPH","",-1,1,-1,0,0,0,0,0,0.017240,1,"delegate_cpu_graph"
"CPU_Elastic","COMPUTE_GRAPH","ggml_cgraph","GRAPH","",-1,1,-1,0,0,0,0,0,0.031146,1,"delegate_cpu_graph"
"CPU_Elastic","COMPUTE_GRAPH","ggml_cgraph","GRAPH","",-1,1,-1,0,0,0,0,0,0.000416,1,"delegate_cpu_graph"
"CPU_Elastic","COMPUTE_GRAPH","ggml_cgraph","GRAPH","",-1,1,-1,0,0,0,0,0,0.004844,1,"delegate_cpu_graph"
"CPU_Elastic","COMPUTE_GRAPH","ggml_cgraph","GRAPH","",-1,1,-1,0,0,0,0,0,0.091198,1,"delegate_cpu_graph"
"CPU_Elastic","COMPUTE_GRAPH","ggml_cgraph","GRAPH","",-1,1,-1,0,0,0,0,0,0.005312,1,"delegate_cpu_graph"
"CPU_Elastic","COMPUTE_GRAPH","ggml_cgraph","GRAPH","",-1,1,-1,0,0,0,0,0,0.004166,1,"delegate_cpu_graph"
"CPU_Elastic","COMPUTE_GRAPH","ggml_cgraph","GRAPH","",-1,1,-1,0,0,0,0,0,0.000729,1,"delegate_cpu_graph"
"CPU_Elastic","COMPUTE_GRAPH","ggml_cgraph","GRAPH","",-1,1,-1,0,0,0,0,0,0.000313,1,"delegate_cpu_graph"
"CPU_Elastic","COMPUTE_GRAPH","ggml_cgraph","GRAPH","",-1,1,-1,0,0,0,0,0,0.010104,1,"delegate_cpu_graph"
"CPU_Elastic","COMPUTE_GRAPH","ggml_cgraph","GRAPH","",-1,1,-1,0,0,0,0,0,0.000520,1,"delegate_cpu_graph"
"CPU_Elastic","COMPUTE_GRAPH","ggml_cgraph","GRAPH","",-1,1,-1,0,0,0,0,0,0.000365,1,"delegate_cpu_graph"
"CPU_Elastic","COMPUTE_GRAPH","ggml_cgraph","GRAPH","",-1,1,-1,0,0,0,0,0,0.000313,1,"delegate_cpu_graph"
"CPU_Elastic","COMPUTE_GRAPH","ggml_cgraph","GRAPH","",-1,1,-1,0,0,0,0,0,0.341927,1,"delegate_cpu_graph"
"CPU_Elastic","COMPUTE_GRAPH","ggml_cgraph","GRAPH","",-1,1,-1,0,0,0,0,0,0.326198,1,"delegate_cpu_graph"
"CPU_Elastic","COMPUTE_GRAPH","ggml_cgraph","GRAPH","",-1,1,-1,0,0,0,0,0,0.007605,1,"delegate_cpu_graph"
"CPU_Elastic","COMPUTE_GRAPH","ggml_cgraph","GRAPH","",-1,1,-1,0,0,0,0,0,0.470885,1,"delegate_cpu_graph"
"CPU_Elastic","COMPUTE_GRAPH","ggml_cgraph","GRAPH","",-1,1,-1,0,0,0,0,0,0.012656,1,"delegate_cpu_graph"
"CPU_Elastic","COMPUTE_GRAPH","ggml_cgraph","GRAPH","",-1,1,-1,0,0,0,0,0,0.000417,1,"delegate_cpu_graph"
"CPU_Elastic","COMPUTE_GRAPH","ggml_cgraph","GRAPH","",-1,1,-1,0,0,0,0,0,0.000313,1,"delegate_cpu_graph"
"CPU_Elastic","COMPUTE_GRAPH","ggml_cgraph","GRAPH","",-1,1,-1,0,0,0,0,0,0.000260,1,"delegate_cpu_graph"
"CPU_Elastic","COMPUTE_GRAPH","ggml_cgraph","GRAPH","",-1,1,-1,0,0,0,0,0,0.000260,1,"delegate_cpu_graph"
"CPU_Elastic","COMPUTE_GRAPH","ggml_cgraph","GRAPH","",-1,1,-1,0,0,0,0,0,0.000312,1,"delegate_cpu_graph"
"CPU_Elastic","COMPUTE_GRAPH","ggml_cgraph","GRAPH","",-1,1,-1,0,0,0,0,0,0.000260,1,"delegate_cpu_graph"
"CPU_Elastic","COMPUTE_GRAPH","ggml_cgraph","GRAPH","",-1,1,-1,0,0,0,0,0,0.000312,1,"delegate_cpu_graph"
"CPU_Elastic","COMPUTE_GRAPH","ggml_cgraph","GRAPH","",-1,1,-1,0,0,0,0,0,0.000260,1,"delegate_cpu_graph"
"CPU_Elastic","COMPUTE_GRAPH","ggml_cgraph","GRAPH","",-1,1,-1,0,0,0,0,0,0.005104,1,"delegate_cpu_graph"
"CPU_Elastic","COMPUTE_GRAPH","ggml_cgraph","GRAPH","",-1,1,-1,0,0,0,0,0,0.005208,1,"delegate_cpu_graph"
"CPU_Elastic","COMPUTE_GRAPH","ggml_cgraph","GRAPH","",-1,1,-1,0,0,0,0,0,0.005053,1,"delegate_cpu_graph"
"CPU_Elastic","COMPUTE_GRAPH","ggml_cgraph","GRAPH","",-1,1,-1,0,0,0,0,0,0.005469,1,"delegate_cpu_graph"
"CPU_Elastic","COMPUTE_GRAPH","ggml_cgraph","GRAPH","",-1,1,-1,0,0,0,0,0,0.005052,1,"delegate_cpu_graph"
"CPU_Elastic","COMPUTE_GRAPH","ggml_cgraph","GRAPH","",-1,1,-1,0,0,0,0,0,0.005208,1,"delegate_cpu_graph"
"CPU_Elastic","COMPUTE_GRAPH","ggml_cgraph","GRAPH","",-1,1,-1,0,0,0,0,0,0.005521,1,"delegate_cpu_graph"
"CPU_Elastic","COMPUTE_GRAPH","ggml_cgraph","GRAPH","",-1,1,-1,0,0,0,0,0,0.005104,1,"delegate_cpu_graph"
"CPU_Elastic","COMPUTE_GRAPH","ggml_cgraph","GRAPH","",-1,1,-1,0,0,0,0,0,0.004375,1,"delegate_cpu_graph"
"CPU_Elastic","COMPUTE_GRAPH","ggml_cgraph","GRAPH","",-1,1,-1,0,0,0,0,0,0.091094,1,"delegate_cpu_graph"
"CPU_Elastic","COMPUTE_GRAPH","ggml_cgraph","GRAPH","",-1,1,-1,0,0,0,0,0,0.004479,1,"delegate_cpu_graph"
"CPU_Elastic","COMPUTE_GRAPH","ggml_cgraph","GRAPH","",-1,1,-1,0,0,0,0,0,0.000469,1,"delegate_cpu_graph"
"CPU_Elastic","COMPUTE_GRAPH","ggml_cgraph","GRAPH","",-1,1,-1,0,0,0,0,0,0.006041,1,"delegate_cpu_graph"
"CPU_Elastic","COMPUTE_GRAPH","ggml_cgraph","GRAPH","",-1,1,-1,0,0,0,0,0,0.089739,1,"delegate_cpu_graph"
"CPU_Elastic","COMPUTE_GRAPH","ggml_cgraph","GRAPH","",-1,1,-1,0,0,0,0,0,0.004271,1,"delegate_cpu_graph"
"CPU_Elastic","COMPUTE_GRAPH","ggml_cgraph","GRAPH","",-1,1,-1,0,0,0,0,0,0.000469,1,"delegate_cpu_graph"
"CPU_Elastic","COMPUTE_GRAPH","ggml_cgraph","GRAPH","",-1,1,-1,0,0,0,0,0,0.006093,1,"delegate_cpu_graph"
"CPU_Elastic","COMPUTE_GRAPH","ggml_cgraph","GRAPH","",-1,1,-1,0,0,0,0,0,0.089791,1,"delegate_cpu_graph"
"CPU_Elastic","COMPUTE_GRAPH","ggml_cgraph","GRAPH","",-1,1,-1,0,0,0,0,0,0.000417,1,"delegate_cpu_graph"
"CPU_Elastic","COMPUTE_GRAPH","ggml_cgraph","GRAPH","",-1,1,-1,0,0,0,0,0,0.000260,1,"delegate_cpu_graph"
"CPU_Elastic","COMPUTE_GRAPH","ggml_cgraph","GRAPH","",-1,1,-1,0,0,0,0,0,0.001666,1,"delegate_cpu_graph"
"CPU_Elastic","COMPUTE_GRAPH","ggml_cgraph","GRAPH","",-1,1,-1,0,0,0,0,0,0.000261,1,"delegate_cpu_graph"
"CPU_Elastic","COMPUTE_GRAPH","ggml_cgraph","GRAPH","",-1,1,-1,0,0,0,0,0,0.001771,1,"delegate_cpu_graph"
"CPU_Elastic","COMPUTE_GRAPH","ggml_cgraph","GRAPH","",-1,1,-1,0,0,0,0,0,0.000312,1,"delegate_cpu_graph"
"CPU_Elastic","COMPUTE_GRAPH","ggml_cgraph","GRAPH","",-1,1,-1,0,0,0,0,0,0.000260,1,"delegate_cpu_graph"
"CPU_Elastic","COMPUTE_GRAPH","ggml_cgraph","GRAPH","",-1,1,-1,0,0,0,0,0,0.000312,1,"delegate_cpu_graph"
"CPU_Elastic","COMPUTE_GRAPH","ggml_cgraph","GRAPH","",-1,1,-1,0,0,0,0,0,0.438073,1,"delegate_cpu_graph"
"CPU_Elastic","COMPUTE_GRAPH","ggml_cgraph","GRAPH","",-1,1,-1,0,0,0,0,0,0.000417,1,"delegate_cpu_graph"
"CPU_Elastic","COMPUTE_GRAPH","ggml_cgraph","GRAPH","",-1,1,-1,0,0,0,0,0,0.000313,1,"delegate_cpu_graph"
"CPU_Elastic","COMPUTE_GRAPH","ggml_cgraph","GRAPH","",-1,1,-1,0,0,0,0,0,0.000261,1,"delegate_cpu_graph"
"CPU_Elastic","COMPUTE_GRAPH","ggml_cgraph","GRAPH","",-1,1,-1,0,0,0,0,0,0.000261,1,"delegate_cpu_graph"
"CPU_Elastic","COMPUTE_GRAPH","ggml_cgraph","GRAPH","",-1,1,-1,0,0,0,0,0,0.038438,1,"delegate_cpu_graph"
"CPU_Elastic","COMPUTE_GRAPH","ggml_cgraph","GRAPH","",-1,1,-1,0,0,0,0,0,0.018229,1,"delegate_cpu_graph"
"CPU_Elastic","COMPUTE_GRAPH","ggml_cgraph","GRAPH","",-1,1,-1,0,0,0,0,0,0.030990,1,"delegate_cpu_graph"
"CPU_Elastic","COMPUTE_GRAPH","ggml_cgraph","GRAPH","",-1,1,-1,0,0,0,0,0,0.000364,1,"delegate_cpu_graph"
"CPU_Elastic","COMPUTE_GRAPH","ggml_cgraph","GRAPH","",-1,1,-1,0,0,0,0,0,0.004896,1,"delegate_cpu_graph"
"CPU_Elastic","COMPUTE_GRAPH","ggml_cgraph","GRAPH","",-1,1,-1,0,0,0,0,0,0.090104,1,"delegate_cpu_graph"
"CPU_Elastic","COMPUTE_GRAPH","ggml_cgraph","GRAPH","",-1,1,-1,0,0,0,0,0,0.009584,1,"delegate_cpu_graph"
"CPU_Elastic","COMPUTE_GRAPH","ggml_cgraph","GRAPH","",-1,1,-1,0,0,0,0,0,0.004635,1,"delegate_cpu_graph"
"CPU_Elastic","COMPUTE_GRAPH","ggml_cgraph","GRAPH","",-1,1,-1,0,0,0,0,0,0.000781,1,"delegate_cpu_graph"
"CPU_Elastic","COMPUTE_GRAPH","ggml_cgraph","GRAPH","",-1,1,-1,0,0,0,0,0,0.000261,1,"delegate_cpu_graph"
"CPU_Elastic","COMPUTE_GRAPH","ggml_cgraph","GRAPH","",-1,1,-1,0,0,0,0,0,0.010052,1,"delegate_cpu_graph"
"CPU_Elastic","COMPUTE_GRAPH","ggml_cgraph","GRAPH","",-1,1,-1,0,0,0,0,0,0.000417,1,"delegate_cpu_graph"
"CPU_Elastic","COMPUTE_GRAPH","ggml_cgraph","GRAPH","",-1,1,-1,0,0,0,0,0,0.000364,1,"delegate_cpu_graph"
"CPU_Elastic","COMPUTE_GRAPH","ggml_cgraph","GRAPH","",-1,1,-1,0,0,0,0,0,0.000260,1,"delegate_cpu_graph"
"CPU_Elastic","COMPUTE_GRAPH","ggml_cgraph","GRAPH","",-1,1,-1,0,0,0,0,0,0.328542,1,"delegate_cpu_graph"
"CPU_Elastic","COMPUTE_GRAPH","ggml_cgraph","GRAPH","",-1,1,-1,0,0,0,0,0,0.327604,1,"delegate_cpu_graph"
"CPU_Elastic","COMPUTE_GRAPH","ggml_cgraph","GRAPH","",-1,1,-1,0,0,0,0,0,0.006719,1,"delegate_cpu_graph"
"CPU_Elastic","COMPUTE_GRAPH","ggml_cgraph","GRAPH","",-1,1,-1,0,0,0,0,0,0.350156,1,"delegate_cpu_graph"
"CPU_Elastic","COMPUTE_GRAPH","ggml_cgraph","GRAPH","",-1,1,-1,0,0,0,0,0,0.013854,1,"delegate_cpu_graph"
"CPU_Elastic","COMPUTE_GRAPH","ggml_cgraph","GRAPH","",-1,1,-1,0,0,0,0,0,0.000573,1,"delegate_cpu_graph"
"CPU_Elastic","COMPUTE_GRAPH","ggml_cgraph","GRAPH","",-1,1,-1,0,0,0,0,0,0.000261,1,"delegate_cpu_graph"
"CPU_Elastic","COMPUTE_GRAPH","ggml_cgraph","GRAPH","",-1,1,-1,0,0,0,0,0,0.000261,1,"delegate_cpu_graph"
"CPU_Elastic","COMPUTE_GRAPH","ggml_cgraph","GRAPH","",-1,1,-1,0,0,0,0,0,0.000313,1,"delegate_cpu_graph"
"CPU_Elastic","COMPUTE_GRAPH","ggml_cgraph","GRAPH","",-1,1,-1,0,0,0,0,0,0.000313,1,"delegate_cpu_graph"
"CPU_Elastic","COMPUTE_GRAPH","ggml_cgraph","GRAPH","",-1,1,-1,0,0,0,0,0,0.000261,1,"delegate_cpu_graph"
"CPU_Elastic","COMPUTE_GRAPH","ggml_cgraph","GRAPH","",-1,1,-1,0,0,0,0,0,0.000312,1,"delegate_cpu_graph"
"CPU_Elastic","COMPUTE_GRAPH","ggml_cgraph","GRAPH","",-1,1,-1,0,0,0,0,0,0.000260,1,"delegate_cpu_graph"
"CPU_Elastic","COMPUTE_GRAPH","ggml_cgraph","GRAPH","",-1,1,-1,0,0,0,0,0,0.004583,1,"delegate_cpu_graph"
"CPU_Elastic","COMPUTE_GRAPH","ggml_cgraph","GRAPH","",-1,1,-1,0,0,0,0,0,0.005365,1,"delegate_cpu_graph"
"CPU_Elastic","COMPUTE_GRAPH","ggml_cgraph","GRAPH","",-1,1,-1,0,0,0,0,0,0.005677,1,"delegate_cpu_graph"
"CPU_Elastic","COMPUTE_GRAPH","ggml_cgraph","GRAPH","",-1,1,-1,0,0,0,0,0,0.005625,1,"delegate_cpu_graph"
"CPU_Elastic","COMPUTE_GRAPH","ggml_cgraph","GRAPH","",-1,1,-1,0,0,0,0,0,0.005729,1,"delegate_cpu_graph"
"CPU_Elastic","COMPUTE_GRAPH","ggml_cgraph","GRAPH","",-1,1,-1,0,0,0,0,0,0.005000,1,"delegate_cpu_graph"
"CPU_Elastic","COMPUTE_GRAPH","ggml_cgraph","GRAPH","",-1,1,-1,0,0,0,0,0,0.005313,1,"delegate_cpu_graph"
"CPU_Elastic","COMPUTE_GRAPH","ggml_cgraph","GRAPH","",-1,1,-1,0,0,0,0,0,0.005208,1,"delegate_cpu_graph"
"CPU_Elastic","COMPUTE_GRAPH","ggml_cgraph","GRAPH","",-1,1,-1,0,0,0,0,0,0.004636,1,"delegate_cpu_graph"
"CPU_Elastic","COMPUTE_GRAPH","ggml_cgraph","GRAPH","",-1,1,-1,0,0,0,0,0,0.090834,1,"delegate_cpu_graph"
"CPU_Elastic","COMPUTE_GRAPH","ggml_cgraph","GRAPH","",-1,1,-1,0,0,0,0,0,0.004844,1,"delegate_cpu_graph"
"CPU_Elastic","COMPUTE_GRAPH","ggml_cgraph","GRAPH","",-1,1,-1,0,0,0,0,0,0.000573,1,"delegate_cpu_graph"
"CPU_Elastic","COMPUTE_GRAPH","ggml_cgraph","GRAPH","",-1,1,-1,0,0,0,0,0,0.005625,1,"delegate_cpu_graph"
"CPU_Elastic","COMPUTE_GRAPH","ggml_cgraph","GRAPH","",-1,1,-1,0,0,0,0,0,0.089531,1,"delegate_cpu_graph"
"CPU_Elastic","COMPUTE_GRAPH","ggml_cgraph","GRAPH","",-1,1,-1,0,0,0,0,0,0.004427,1,"delegate_cpu_graph"
"CPU_Elastic","COMPUTE_GRAPH","ggml_cgraph","GRAPH","",-1,1,-1,0,0,0,0,0,0.000469,1,"delegate_cpu_graph"
"CPU_Elastic","COMPUTE_GRAPH","ggml_cgraph","GRAPH","",-1,1,-1,0,0,0,0,0,0.005625,1,"delegate_cpu_graph"
"CPU_Elastic","COMPUTE_GRAPH","ggml_cgraph","GRAPH","",-1,1,-1,0,0,0,0,0,0.089896,1,"delegate_cpu_graph"
"CPU_Elastic","COMPUTE_GRAPH","ggml_cgraph","GRAPH","",-1,1,-1,0,0,0,0,0,0.000417,1,"delegate_cpu_graph"
"CPU_Elastic","COMPUTE_GRAPH","ggml_cgraph","GRAPH","",-1,1,-1,0,0,0,0,0,0.000313,1,"delegate_cpu_graph"
"CPU_Elastic","COMPUTE_GRAPH","ggml_cgraph","GRAPH","",-1,1,-1,0,0,0,0,0,0.001407,1,"delegate_cpu_graph"
"CPU_Elastic","COMPUTE_GRAPH","ggml_cgraph","GRAPH","",-1,1,-1,0,0,0,0,0,0.000312,1,"delegate_cpu_graph"
"CPU_Elastic","COMPUTE_GRAPH","ggml_cgraph","GRAPH","",-1,1,-1,0,0,0,0,0,0.001510,1,"delegate_cpu_graph"
"CPU_Elastic","COMPUTE_GRAPH","ggml_cgraph","GRAPH","",-1,1,-1,0,0,0,0,0,0.000312,1,"delegate_cpu_graph"
"CPU_Elastic","COMPUTE_GRAPH","ggml_cgraph","GRAPH","",-1,1,-1,0,0,0,0,0,0.000312,1,"delegate_cpu_graph"
"CPU_Elastic","COMPUTE_GRAPH","ggml_cgraph","GRAPH","",-1,1,-1,0,0,0,0,0,0.000260,1,"delegate_cpu_graph"
"CPU_Elastic","COMPUTE_GRAPH","ggml_cgraph","GRAPH","",-1,1,-1,0,0,0,0,0,0.449948,1,"delegate_cpu_graph"
"CPU_Elastic","COMPUTE_GRAPH","ggml_cgraph","GRAPH","",-1,1,-1,0,0,0,0,0,0.000469,1,"delegate_cpu_graph"
"CPU_Elastic","COMPUTE_GRAPH","ggml_cgraph","GRAPH","",-1,1,-1,0,0,0,0,0,0.000312,1,"delegate_cpu_graph"
"CPU_Elastic","COMPUTE_GRAPH","ggml_cgraph","GRAPH","",-1,1,-1,0,0,0,0,0,0.000260,1,"delegate_cpu_graph"
"CPU_Elastic","COMPUTE_GRAPH","ggml_cgraph","GRAPH","",-1,1,-1,0,0,0,0,0,0.000260,1,"delegate_cpu_graph"
"CPU_Elastic","COMPUTE_GRAPH","ggml_cgraph","GRAPH","",-1,1,-1,0,0,0,0,0,0.039218,1,"delegate_cpu_graph"
"CPU_Elastic","COMPUTE_GRAPH","ggml_cgraph","GRAPH","",-1,1,-1,0,0,0,0,0,0.017709,1,"delegate_cpu_graph"
"CPU_Elastic","COMPUTE_GRAPH","ggml_cgraph","GRAPH","",-1,1,-1,0,0,0,0,0,0.030000,1,"delegate_cpu_graph"
"CPU_Elastic","COMPUTE_GRAPH","ggml_cgraph","GRAPH","",-1,1,-1,0,0,0,0,0,0.000417,1,"delegate_cpu_graph"
"CPU_Elastic","COMPUTE_GRAPH","ggml_cgraph","GRAPH","",-1,1,-1,0,0,0,0,0,0.005261,1,"delegate_cpu_graph"
"CPU_Elastic","COMPUTE_GRAPH","ggml_cgraph","GRAPH","",-1,1,-1,0,0,0,0,0,0.089479,1,"delegate_cpu_graph"
"CPU_Elastic","COMPUTE_GRAPH","ggml_cgraph","GRAPH","",-1,1,-1,0,0,0,0,0,0.003646,1,"delegate_cpu_graph"
"CPU_Elastic","COMPUTE_GRAPH","ggml_cgraph","GRAPH","",-1,1,-1,0,0,0,0,0,0.004531,1,"delegate_cpu_graph"
"CPU_Elastic","COMPUTE_GRAPH","ggml_cgraph","GRAPH","",-1,1,-1,0,0,0,0,0,0.000938,1,"delegate_cpu_graph"
"CPU_Elastic","COMPUTE_GRAPH","ggml_cgraph","GRAPH","",-1,1,-1,0,0,0,0,0,0.000364,1,"delegate_cpu_graph"
"CPU_Elastic","COMPUTE_GRAPH","ggml_cgraph","GRAPH","",-1,1,-1,0,0,0,0,0,0.010208,1,"delegate_cpu_graph"
"CPU_Elastic","COMPUTE_GRAPH","ggml_cgraph","GRAPH","",-1,1,-1,0,0,0,0,0,0.000417,1,"delegate_cpu_graph"
"CPU_Elastic","COMPUTE_GRAPH","ggml_cgraph","GRAPH","",-1,1,-1,0,0,0,0,0,0.000365,1,"delegate_cpu_graph"
"CPU_Elastic","COMPUTE_GRAPH","ggml_cgraph","GRAPH","",-1,1,-1,0,0,0,0,0,0.000260,1,"delegate_cpu_graph"
"CPU_Elastic","COMPUTE_GRAPH","ggml_cgraph","GRAPH","",-1,1,-1,0,0,0,0,0,0.328750,1,"delegate_cpu_graph"
"CPU_Elastic","COMPUTE_GRAPH","ggml_cgraph","GRAPH","",-1,1,-1,0,0,0,0,0,0.328385,1,"delegate_cpu_graph"
"CPU_Elastic","COMPUTE_GRAPH","ggml_cgraph","GRAPH","",-1,1,-1,0,0,0,0,0,0.007448,1,"delegate_cpu_graph"
"CPU_Elastic","COMPUTE_GRAPH","ggml_cgraph","GRAPH","",-1,1,-1,0,0,0,0,0,0.347812,1,"delegate_cpu_graph"
"CPU_Elastic","COMPUTE_GRAPH","ggml_cgraph","GRAPH","",-1,1,-1,0,0,0,0,0,0.012552,1,"delegate_cpu_graph"
"CPU_Elastic","COMPUTE_GRAPH","ggml_cgraph","GRAPH","",-1,1,-1,0,0,0,0,0,0.000417,1,"delegate_cpu_graph"
"CPU_Elastic","COMPUTE_GRAPH","ggml_cgraph","GRAPH","",-1,1,-1,0,0,0,0,0,0.000261,1,"delegate_cpu_graph"
"CPU_Elastic","COMPUTE_GRAPH","ggml_cgraph","GRAPH","",-1,1,-1,0,0,0,0,0,0.000261,1,"delegate_cpu_graph"
"CPU_Elastic","COMPUTE_GRAPH","ggml_cgraph","GRAPH","",-1,1,-1,0,0,0,0,0,0.000313,1,"delegate_cpu_graph"
"CPU_Elastic","COMPUTE_GRAPH","ggml_cgraph","GRAPH","",-1,1,-1,0,0,0,0,0,0.000312,1,"delegate_cpu_graph"
"CPU_Elastic","COMPUTE_GRAPH","ggml_cgraph","GRAPH","",-1,1,-1,0,0,0,0,0,0.000260,1,"delegate_cpu_graph"
"CPU_Elastic","COMPUTE_GRAPH","ggml_cgraph","GRAPH","",-1,1,-1,0,0,0,0,0,0.000260,1,"delegate_cpu_graph"
"CPU_Elastic","COMPUTE_GRAPH","ggml_cgraph","GRAPH","",-1,1,-1,0,0,0,0,0,0.000261,1,"delegate_cpu_graph"
"CPU_Elastic","COMPUTE_GRAPH","ggml_cgraph","GRAPH","",-1,1,-1,0,0,0,0,0,0.005156,1,"delegate_cpu_graph"
"CPU_Elastic","COMPUTE_GRAPH","ggml_cgraph","GRAPH","",-1,1,-1,0,0,0,0,0,0.005104,1,"delegate_cpu_graph"
"CPU_Elastic","COMPUTE_GRAPH","ggml_cgraph","GRAPH","",-1,1,-1,0,0,0,0,0,0.005052,1,"delegate_cpu_graph"
"CPU_Elastic","COMPUTE_GRAPH","ggml_cgraph","GRAPH","",-1,1,-1,0,0,0,0,0,0.005573,1,"delegate_cpu_graph"
"CPU_Elastic","COMPUTE_GRAPH","ggml_cgraph","GRAPH","",-1,1,-1,0,0,0,0,0,0.004687,1,"delegate_cpu_graph"
"CPU_Elastic","COMPUTE_GRAPH","ggml_cgraph","GRAPH","",-1,1,-1,0,0,0,0,0,0.005208,1,"delegate_cpu_graph"
"CPU_Elastic","COMPUTE_GRAPH","ggml_cgraph","GRAPH","",-1,1,-1,0,0,0,0,0,0.005469,1,"delegate_cpu_graph"
"CPU_Elastic","COMPUTE_GRAPH","ggml_cgraph","GRAPH","",-1,1,-1,0,0,0,0,0,0.005052,1,"delegate_cpu_graph"
"CPU_Elastic","COMPUTE_GRAPH","ggml_cgraph","GRAPH","",-1,1,-1,0,0,0,0,0,0.004792,1,"delegate_cpu_graph"
"CPU_Elastic","COMPUTE_GRAPH","ggml_cgraph","GRAPH","",-1,1,-1,0,0,0,0,0,0.089844,1,"delegate_cpu_graph"
"CPU_Elastic","COMPUTE_GRAPH","ggml_cgraph","GRAPH","",-1,1,-1,0,0,0,0,0,0.004636,1,"delegate_cpu_graph"
"CPU_Elastic","COMPUTE_GRAPH","ggml_cgraph","GRAPH","",-1,1,-1,0,0,0,0,0,0.000469,1,"delegate_cpu_graph"
"CPU_Elastic","COMPUTE_GRAPH","ggml_cgraph","GRAPH","",-1,1,-1,0,0,0,0,0,0.005885,1,"delegate_cpu_graph"
"CPU_Elastic","COMPUTE_GRAPH","ggml_cgraph","GRAPH","",-1,1,-1,0,0,0,0,0,0.090313,1,"delegate_cpu_graph"
"CPU_Elastic","COMPUTE_GRAPH","ggml_cgraph","GRAPH","",-1,1,-1,0,0,0,0,0,0.004115,1,"delegate_cpu_graph"
"CPU_Elastic","COMPUTE_GRAPH","ggml_cgraph","GRAPH","",-1,1,-1,0,0,0,0,0,0.000416,1,"delegate_cpu_graph"
"CPU_Elastic","COMPUTE_GRAPH","ggml_cgraph","GRAPH","",-1,1,-1,0,0,0,0,0,0.005625,1,"delegate_cpu_graph"
"CPU_Elastic","COMPUTE_GRAPH","ggml_cgraph","GRAPH","",-1,1,-1,0,0,0,0,0,0.001875,1,"delegate_cpu_graph"
"CPU_Elastic","COMPUTE_GRAPH","ggml_cgraph","GRAPH","",-1,1,-1,0,0,0,0,0,0.000313,1,"delegate_cpu_graph"
"CPU_Elastic","COMPUTE_GRAPH","ggml_cgraph","GRAPH","",-1,1,-1,0,0,0,0,0,0.001563,1,"delegate_cpu_graph"
"CPU_Elastic","COMPUTE_GRAPH","ggml_cgraph","GRAPH","",-1,1,-1,0,0,0,0,0,0.000261,1,"delegate_cpu_graph"
"CPU_Elastic","COMPUTE_GRAPH","ggml_cgraph","GRAPH","",-1,1,-1,0,0,0,0,0,0.000313,1,"delegate_cpu_graph"
"CPU_Elastic","COMPUTE_GRAPH","ggml_cgraph","GRAPH","",-1,1,-1,0,0,0,0,0,0.000261,1,"delegate_cpu_graph"
"CPU_Elastic","COMPUTE_GRAPH","ggml_cgraph","GRAPH","",-1,1,-1,0,0,0,0,0,0.437395,1,"delegate_cpu_graph"
"CPU_Elastic","COMPUTE_GRAPH","ggml_cgraph","GRAPH","",-1,1,-1,0,0,0,0,0,0.000416,1,"delegate_cpu_graph"
"CPU_Elastic","COMPUTE_GRAPH","ggml_cgraph","GRAPH","",-1,1,-1,0,0,0,0,0,0.000313,1,"delegate_cpu_graph"
"CPU_Elastic","COMPUTE_GRAPH","ggml_cgraph","GRAPH","",-1,1,-1,0,0,0,0,0,0.000261,1,"delegate_cpu_graph"
"CPU_Elastic","COMPUTE_GRAPH","ggml_cgraph","GRAPH","",-1,1,-1,0,0,0,0,0,0.000261,1,"delegate_cpu_graph"
"CPU_Elastic","COMPUTE_GRAPH","ggml_cgraph","GRAPH","",-1,1,-1,0,0,0,0,0,0.037969,1,"delegate_cpu_graph"
"CPU_Elastic","COMPUTE_GRAPH","ggml_cgraph","GRAPH","",-1,1,-1,0,0,0,0,0,0.017448,1,"delegate_cpu_graph"
"CPU_Elastic","COMPUTE_GRAPH","ggml_cgraph","GRAPH","",-1,1,-1,0,0,0,0,0,0.029480,1,"delegate_cpu_graph"
"CPU_Elastic","COMPUTE_GRAPH","ggml_cgraph","GRAPH","",-1,1,-1,0,0,0,0,0,0.000364,1,"delegate_cpu_graph"
"CPU_Elastic","COMPUTE_GRAPH","ggml_cgraph","GRAPH","",-1,1,-1,0,0,0,0,0,0.004114,1,"delegate_cpu_graph"
"CPU_Elastic","COMPUTE_GRAPH","ggml_cgraph","GRAPH","",-1,1,-1,0,0,0,0,0,0.090104,1,"delegate_cpu_graph"
"CPU_Elastic","COMPUTE_GRAPH","ggml_cgraph","GRAPH","",-1,1,-1,0,0,0,0,0,0.005052,1,"delegate_cpu_graph"
"CPU_Elastic","COMPUTE_GRAPH","ggml_cgraph","GRAPH","",-1,1,-1,0,0,0,0,0,0.004218,1,"delegate_cpu_graph"
"CPU_Elastic","COMPUTE_GRAPH","ggml_cgraph","GRAPH","",-1,1,-1,0,0,0,0,0,0.014010,1,"delegate_cpu_graph"
"CPU_Elastic","COMPUTE_GRAPH","ggml_cgraph","GRAPH","",-1,1,-1,0,0,0,0,0,0.000729,1,"delegate_cpu_graph"
"CPU_Elastic","COMPUTE_GRAPH","ggml_cgraph","GRAPH","",-1,1,-1,0,0,0,0,0,0.000260,1,"delegate_cpu_graph"
"CPU_Elastic","COMPUTE_GRAPH","ggml_cgraph","GRAPH","",-1,1,-1,0,0,0,0,0,0.010781,1,"delegate_cpu_graph"
"CPU_Elastic","COMPUTE_GRAPH","ggml_cgraph","GRAPH","",-1,1,-1,0,0,0,0,0,0.000417,1,"delegate_cpu_graph"
"CPU_Elastic","COMPUTE_GRAPH","ggml_cgraph","GRAPH","",-1,1,-1,0,0,0,0,0,0.000417,1,"delegate_cpu_graph"
"CPU_Elastic","COMPUTE_GRAPH","ggml_cgraph","GRAPH","",-1,1,-1,0,0,0,0,0,0.000312,1,"delegate_cpu_graph"
"CPU_Elastic","COMPUTE_GRAPH","ggml_cgraph","GRAPH","",-1,1,-1,0,0,0,0,0,0.328542,1,"delegate_cpu_graph"
"CPU_Elastic","COMPUTE_GRAPH","ggml_cgraph","GRAPH","",-1,1,-1,0,0,0,0,0,0.326823,1,"delegate_cpu_graph"
"CPU_Elastic","COMPUTE_GRAPH","ggml_cgraph","GRAPH","",-1,1,-1,0,0,0,0,0,0.007448,1,"delegate_cpu_graph"
"CPU_Elastic","COMPUTE_GRAPH","ggml_cgraph","GRAPH","",-1,1,-1,0,0,0,0,0,0.466041,1,"delegate_cpu_graph"
"CPU_Elastic","COMPUTE_GRAPH","ggml_cgraph","GRAPH","",-1,1,-1,0,0,0,0,0,0.013334,1,"delegate_cpu_graph"
"CPU_Elastic","COMPUTE_GRAPH","ggml_cgraph","GRAPH","",-1,1,-1,0,0,0,0,0,0.000416,1,"delegate_cpu_graph"
"CPU_Elastic","COMPUTE_GRAPH","ggml_cgraph","GRAPH","",-1,1,-1,0,0,0,0,0,0.000260,1,"delegate_cpu_graph"
"CPU_Elastic","COMPUTE_GRAPH","ggml_cgraph","GRAPH","",-1,1,-1,0,0,0,0,0,0.000312,1,"delegate_cpu_graph"
"CPU_Elastic","COMPUTE_GRAPH","ggml_cgraph","GRAPH","",-1,1,-1,0,0,0,0,0,0.000260,1,"delegate_cpu_graph"
"CPU_Elastic","COMPUTE_GRAPH","ggml_cgraph","GRAPH","",-1,1,-1,0,0,0,0,0,0.000260,1,"delegate_cpu_graph"
"CPU_Elastic","COMPUTE_GRAPH","ggml_cgraph","GRAPH","",-1,1,-1,0,0,0,0,0,0.000260,1,"delegate_cpu_graph"
"CPU_Elastic","COMPUTE_GRAPH","ggml_cgraph","GRAPH","",-1,1,-1,0,0,0,0,0,0.000260,1,"delegate_cpu_graph"
"CPU_Elastic","COMPUTE_GRAPH","ggml_cgraph","GRAPH","",-1,1,-1,0,0,0,0,0,0.000312,1,"delegate_cpu_graph"
"CPU_Elastic","COMPUTE_GRAPH","ggml_cgraph","GRAPH","",-1,1,-1,0,0,0,0,0,0.216406,1,"delegate_cpu_graph"
"CPU_Elastic","COMPUTE_GRAPH","ggml_cgraph","GRAPH","",-1,1,-1,0,0,0,0,0,0.005156,1,"delegate_cpu_graph"
"CPU_Elastic","COMPUTE_GRAPH","ggml_cgraph","GRAPH","",-1,1,-1,0,0,0,0,0,0.005261,1,"delegate_cpu_graph"
"CPU_Elastic","COMPUTE_GRAPH","ggml_cgraph","GRAPH","",-1,1,-1,0,0,0,0,0,0.004948,1,"delegate_cpu_graph"
"CPU_Elastic","COMPUTE_GRAPH","ggml_cgraph","GRAPH","",-1,1,-1,0,0,0,0,0,0.004844,1,"delegate_cpu_graph"
"CPU_Elastic","COMPUTE_GRAPH","ggml_cgraph","GRAPH","",-1,1,-1,0,0,0,0,0,0.005573,1,"delegate_cpu_graph"
"CPU_Elastic","COMPUTE_GRAPH","ggml_cgraph","GRAPH","",-1,1,-1,0,0,0,0,0,0.004740,1,"delegate_cpu_graph"
"CPU_Elastic","COMPUTE_GRAPH","ggml_cgraph","GRAPH","",-1,1,-1,0,0,0,0,0,0.005000,1,"delegate_cpu_graph"
"CPU_Elastic","COMPUTE_GRAPH","ggml_cgraph","GRAPH","",-1,1,-1,0,0,0,0,0,0.004583,1,"delegate_cpu_graph"
"CPU_Elastic","COMPUTE_GRAPH","ggml_cgraph","GRAPH","",-1,1,-1,0,0,0,0,0,0.090937,1,"delegate_cpu_graph"
"CPU_Elastic","COMPUTE_GRAPH","ggml_cgraph","GRAPH","",-1,1,-1,0,0,0,0,0,0.005104,1,"delegate_cpu_graph"
"CPU_Elastic","COMPUTE_GRAPH","ggml_cgraph","GRAPH","",-1,1,-1,0,0,0,0,0,0.000469,1,"delegate_cpu_graph"
"CPU_Elastic","COMPUTE_GRAPH","ggml_cgraph","GRAPH","",-1,1,-1,0,0,0,0,0,0.006563,1,"delegate_cpu_graph"
"CPU_Elastic","COMPUTE_GRAPH","ggml_cgraph","GRAPH","",-1,1,-1,0,0,0,0,0,0.089531,1,"delegate_cpu_graph"
"CPU_Elastic","COMPUTE_GRAPH","ggml_cgraph","GRAPH","",-1,1,-1,0,0,0,0,0,0.004063,1,"delegate_cpu_graph"
"CPU_Elastic","COMPUTE_GRAPH","ggml_cgraph","GRAPH","",-1,1,-1,0,0,0,0,0,0.000468,1,"delegate_cpu_graph"
"CPU_Elastic","COMPUTE_GRAPH","ggml_cgraph","GRAPH","",-1,1,-1,0,0,0,0,0,0.005730,1,"delegate_cpu_graph"
"CPU_Elastic","COMPUTE_GRAPH","ggml_cgraph","GRAPH","",-1,1,-1,0,0,0,0,0,0.090104,1,"delegate_cpu_graph"
"CPU_Elastic","COMPUTE_GRAPH","ggml_cgraph","GRAPH","",-1,1,-1,0,0,0,0,0,0.000417,1,"delegate_cpu_graph"
"CPU_Elastic","COMPUTE_GRAPH","ggml_cgraph","GRAPH","",-1,1,-1,0,0,0,0,0,0.000313,1,"delegate_cpu_graph"
"CPU_Elastic","COMPUTE_GRAPH","ggml_cgraph","GRAPH","",-1,1,-1,0,0,0,0,0,0.001771,1,"delegate_cpu_graph"
"CPU_Elastic","COMPUTE_GRAPH","ggml_cgraph","GRAPH","",-1,1,-1,0,0,0,0,0,0.000312,1,"delegate_cpu_graph"
"CPU_Elastic","COMPUTE_GRAPH","ggml_cgraph","GRAPH","",-1,1,-1,0,0,0,0,0,0.001511,1,"delegate_cpu_graph"
"CPU_Elastic","COMPUTE_GRAPH","ggml_cgraph","GRAPH","",-1,1,-1,0,0,0,0,0,0.000313,1,"delegate_cpu_graph"
"CPU_Elastic","COMPUTE_GRAPH","ggml_cgraph","GRAPH","",-1,1,-1,0,0,0,0,0,0.000313,1,"delegate_cpu_graph"
"CPU_Elastic","COMPUTE_GRAPH","ggml_cgraph","GRAPH","",-1,1,-1,0,0,0,0,0,0.000261,1,"delegate_cpu_graph"
"CPU_Elastic","COMPUTE_GRAPH","ggml_cgraph","GRAPH","",-1,1,-1,0,0,0,0,0,0.433281,1,"delegate_cpu_graph"
"CPU_Elastic","COMPUTE_GRAPH","ggml_cgraph","GRAPH","",-1,1,-1,0,0,0,0,0,0.000416,1,"delegate_cpu_graph"
"CPU_Elastic","COMPUTE_GRAPH","ggml_cgraph","GRAPH","",-1,1,-1,0,0,0,0,0,0.000260,1,"delegate_cpu_graph"
"CPU_Elastic","COMPUTE_GRAPH","ggml_cgraph","GRAPH","",-1,1,-1,0,0,0,0,0,0.000260,1,"delegate_cpu_graph"
"CPU_Elastic","COMPUTE_GRAPH","ggml_cgraph","GRAPH","",-1,1,-1,0,0,0,0,0,0.000260,1,"delegate_cpu_graph"
"CPU_Elastic","COMPUTE_GRAPH","ggml_cgraph","GRAPH","",-1,1,-1,0,0,0,0,0,0.036562,1,"delegate_cpu_graph"
"CPU_Elastic","COMPUTE_GRAPH","ggml_cgraph","GRAPH","",-1,1,-1,0,0,0,0,0,0.017813,1,"delegate_cpu_graph"
"CPU_Elastic","COMPUTE_GRAPH","ggml_cgraph","GRAPH","",-1,1,-1,0,0,0,0,0,0.032239,1,"delegate_cpu_graph"
"CPU_Elastic","COMPUTE_GRAPH","ggml_cgraph","GRAPH","",-1,1,-1,0,0,0,0,0,0.000364,1,"delegate_cpu_graph"
"CPU_Elastic","COMPUTE_GRAPH","ggml_cgraph","GRAPH","",-1,1,-1,0,0,0,0,0,0.004948,1,"delegate_cpu_graph"
"CPU_Elastic","COMPUTE_GRAPH","ggml_cgraph","GRAPH","",-1,1,-1,0,0,0,0,0,0.090781,1,"delegate_cpu_graph"
"CPU_Elastic","COMPUTE_GRAPH","ggml_cgraph","GRAPH","",-1,1,-1,0,0,0,0,0,0.005157,1,"delegate_cpu_graph"
"CPU_Elastic","COMPUTE_GRAPH","ggml_cgraph","GRAPH","",-1,1,-1,0,0,0,0,0,0.004427,1,"delegate_cpu_graph"
"CPU_Elastic","COMPUTE_GRAPH","ggml_cgraph","GRAPH","",-1,1,-1,0,0,0,0,0,0.013594,1,"delegate_cpu_graph"
"CPU_Elastic","COMPUTE_GRAPH","ggml_cgraph","GRAPH","",-1,1,-1,0,0,0,0,0,0.000782,1,"delegate_cpu_graph"
"CPU_Elastic","COMPUTE_GRAPH","ggml_cgraph","GRAPH","",-1,1,-1,0,0,0,0,0,0.000365,1,"delegate_cpu_graph"
"CPU_Elastic","COMPUTE_GRAPH","ggml_cgraph","GRAPH","",-1,1,-1,0,0,0,0,0,0.009895,1,"delegate_cpu_graph"
"CPU_Elastic","COMPUTE_GRAPH","ggml_cgraph","GRAPH","",-1,1,-1,0,0,0,0,0,0.000365,1,"delegate_cpu_graph"
"CPU_Elastic","COMPUTE_GRAPH","ggml_cgraph","GRAPH","",-1,1,-1,0,0,0,0,0,0.000364,1,"delegate_cpu_graph"
"CPU_Elastic","COMPUTE_GRAPH","ggml_cgraph","GRAPH","",-1,1,-1,0,0,0,0,0,0.000312,1,"delegate_cpu_graph"
"CPU_Elastic","COMPUTE_GRAPH","ggml_cgraph","GRAPH","",-1,1,-1,0,0,0,0,0,0.328125,1,"delegate_cpu_graph"
"CPU_Elastic","COMPUTE_GRAPH","ggml_cgraph","GRAPH","",-1,1,-1,0,0,0,0,0,0.328021,1,"delegate_cpu_graph"
"CPU_Elastic","COMPUTE_GRAPH","ggml_cgraph","GRAPH","",-1,1,-1,0,0,0,0,0,0.007292,1,"delegate_cpu_graph"
"CPU_Elastic","COMPUTE_GRAPH","ggml_cgraph","GRAPH","",-1,1,-1,0,0,0,0,0,0.347916,1,"delegate_cpu_graph"
"CPU_Elastic","COMPUTE_GRAPH","ggml_cgraph","GRAPH","",-1,1,-1,0,0,0,0,0,0.013281,1,"delegate_cpu_graph"
"CPU_Elastic","COMPUTE_GRAPH","ggml_cgraph","GRAPH","",-1,1,-1,0,0,0,0,0,0.000417,1,"delegate_cpu_graph"
"CPU_Elastic","COMPUTE_GRAPH","ggml_cgraph","GRAPH","",-1,1,-1,0,0,0,0,0,0.000260,1,"delegate_cpu_graph"
"CPU_Elastic","COMPUTE_GRAPH","ggml_cgraph","GRAPH","",-1,1,-1,0,0,0,0,0,0.000260,1,"delegate_cpu_graph"
"CPU_Elastic","COMPUTE_GRAPH","ggml_cgraph","GRAPH","",-1,1,-1,0,0,0,0,0,0.000261,1,"delegate_cpu_graph"
"CPU_Elastic","COMPUTE_GRAPH","ggml_cgraph","GRAPH","",-1,1,-1,0,0,0,0,0,0.000209,1,"delegate_cpu_graph"
"CPU_Elastic","COMPUTE_GRAPH","ggml_cgraph","GRAPH","",-1,1,-1,0,0,0,0,0,0.000261,1,"delegate_cpu_graph"
"CPU_Elastic","COMPUTE_GRAPH","ggml_cgraph","GRAPH","",-1,1,-1,0,0,0,0,0,0.000261,1,"delegate_cpu_graph"
"CPU_Elastic","COMPUTE_GRAPH","ggml_cgraph","GRAPH","",-1,1,-1,0,0,0,0,0,0.000260,1,"delegate_cpu_graph"
"CPU_Elastic","COMPUTE_GRAPH","ggml_cgraph","GRAPH","",-1,1,-1,0,0,0,0,0,0.005052,1,"delegate_cpu_graph"
"CPU_Elastic","COMPUTE_GRAPH","ggml_cgraph","GRAPH","",-1,1,-1,0,0,0,0,0,0.005052,1,"delegate_cpu_graph"
"CPU_Elastic","COMPUTE_GRAPH","ggml_cgraph","GRAPH","",-1,1,-1,0,0,0,0,0,0.005052,1,"delegate_cpu_graph"
"CPU_Elastic","COMPUTE_GRAPH","ggml_cgraph","GRAPH","",-1,1,-1,0,0,0,0,0,0.005572,1,"delegate_cpu_graph"
"CPU_Elastic","COMPUTE_GRAPH","ggml_cgraph","GRAPH","",-1,1,-1,0,0,0,0,0,0.004792,1,"delegate_cpu_graph"
"CPU_Elastic","COMPUTE_GRAPH","ggml_cgraph","GRAPH","",-1,1,-1,0,0,0,0,0,0.005208,1,"delegate_cpu_graph"
"CPU_Elastic","COMPUTE_GRAPH","ggml_cgraph","GRAPH","",-1,1,-1,0,0,0,0,0,0.005469,1,"delegate_cpu_graph"
"CPU_Elastic","COMPUTE_GRAPH","ggml_cgraph","GRAPH","",-1,1,-1,0,0,0,0,0,0.004948,1,"delegate_cpu_graph"
"CPU_Elastic","COMPUTE_GRAPH","ggml_cgraph","GRAPH","",-1,1,-1,0,0,0,0,0,0.004480,1,"delegate_cpu_graph"
"CPU_Elastic","COMPUTE_GRAPH","ggml_cgraph","GRAPH","",-1,1,-1,0,0,0,0,0,0.089948,1,"delegate_cpu_graph"
"CPU_Elastic","COMPUTE_GRAPH","ggml_cgraph","GRAPH","",-1,1,-1,0,0,0,0,0,0.005105,1,"delegate_cpu_graph"
"CPU_Elastic","COMPUTE_GRAPH","ggml_cgraph","GRAPH","",-1,1,-1,0,0,0,0,0,0.000468,1,"delegate_cpu_graph"
"CPU_Elastic","COMPUTE_GRAPH","ggml_cgraph","GRAPH","",-1,1,-1,0,0,0,0,0,0.005990,1,"delegate_cpu_graph"
"CPU_Elastic","COMPUTE_GRAPH","ggml_cgraph","GRAPH","",-1,1,-1,0,0,0,0,0,0.090104,1,"delegate_cpu_graph"
"CPU_Elastic","COMPUTE_GRAPH","ggml_cgraph","GRAPH","",-1,1,-1,0,0,0,0,0,0.004323,1,"delegate_cpu_graph"
"CPU_Elastic","COMPUTE_GRAPH","ggml_cgraph","GRAPH","",-1,1,-1,0,0,0,0,0,0.000468,1,"delegate_cpu_graph"
"CPU_Elastic","COMPUTE_GRAPH","ggml_cgraph","GRAPH","",-1,1,-1,0,0,0,0,0,0.005886,1,"delegate_cpu_graph"
"CPU_Elastic","COMPUTE_GRAPH","ggml_cgraph","GRAPH","",-1,1,-1,0,0,0,0,0,0.090104,1,"delegate_cpu_graph"
"CPU_Elastic","COMPUTE_GRAPH","ggml_cgraph","GRAPH","",-1,1,-1,0,0,0,0,0,0.000417,1,"delegate_cpu_graph"
"CPU_Elastic","COMPUTE_GRAPH","ggml_cgraph","GRAPH","",-1,1,-1,0,0,0,0,0,0.000260,1,"delegate_cpu_graph"
"CPU_Elastic","COMPUTE_GRAPH","ggml_cgraph","GRAPH","",-1,1,-1,0,0,0,0,0,0.001563,1,"delegate_cpu_graph"
"CPU_Elastic","COMPUTE_GRAPH","ggml_cgraph","GRAPH","",-1,1,-1,0,0,0,0,0,0.000312,1,"delegate_cpu_graph"
"CPU_Elastic","COMPUTE_GRAPH","ggml_cgraph","GRAPH","",-1,1,-1,0,0,0,0,0,0.001354,1,"delegate_cpu_graph"
"CPU_Elastic","COMPUTE_GRAPH","ggml_cgraph","GRAPH","",-1,1,-1,0,0,0,0,0,0.000312,1,"delegate_cpu_graph"
"CPU_Elastic","COMPUTE_GRAPH","ggml_cgraph","GRAPH","",-1,1,-1,0,0,0,0,0,0.000260,1,"delegate_cpu_graph"
"CPU_Elastic","COMPUTE_GRAPH","ggml_cgraph","GRAPH","",-1,1,-1,0,0,0,0,0,0.000260,1,"delegate_cpu_graph"
"CPU_Elastic","COMPUTE_GRAPH","ggml_cgraph","GRAPH","",-1,1,-1,0,0,0,0,0,0.433906,1,"delegate_cpu_graph"
"CPU_Elastic","COMPUTE_GRAPH","ggml_cgraph","GRAPH","",-1,1,-1,0,0,0,0,0,0.000469,1,"delegate_cpu_graph"
"CPU_Elastic","COMPUTE_GRAPH","ggml_cgraph","GRAPH","",-1,1,-1,0,0,0,0,0,0.000312,1,"delegate_cpu_graph"
"CPU_Elastic","COMPUTE_GRAPH","ggml_cgraph","GRAPH","",-1,1,-1,0,0,0,0,0,0.000260,1,"delegate_cpu_graph"
"CPU_Elastic","COMPUTE_GRAPH","ggml_cgraph","GRAPH","",-1,1,-1,0,0,0,0,0,0.000312,1,"delegate_cpu_graph"
"CPU_Elastic","COMPUTE_GRAPH","ggml_cgraph","GRAPH","",-1,1,-1,0,0,0,0,0,0.040260,1,"delegate_cpu_graph"
"CPU_Elastic","COMPUTE_GRAPH","ggml_cgraph","GRAPH","",-1,1,-1,0,0,0,0,0,0.017552,1,"delegate_cpu_graph"
"CPU_Elastic","COMPUTE_GRAPH","ggml_cgraph","GRAPH","",-1,1,-1,0,0,0,0,0,0.030000,1,"delegate_cpu_graph"
"CPU_Elastic","COMPUTE_GRAPH","ggml_cgraph","GRAPH","",-1,1,-1,0,0,0,0,0,0.000365,1,"delegate_cpu_graph"
"CPU_Elastic","COMPUTE_GRAPH","ggml_cgraph","GRAPH","",-1,1,-1,0,0,0,0,0,0.005209,1,"delegate_cpu_graph"
"CPU_Elastic","COMPUTE_GRAPH","ggml_cgraph","GRAPH","",-1,1,-1,0,0,0,0,0,0.089531,1,"delegate_cpu_graph"
"CPU_Elastic","COMPUTE_GRAPH","ggml_cgraph","GRAPH","",-1,1,-1,0,0,0,0,0,0.005416,1,"delegate_cpu_graph"
"CPU_Elastic","COMPUTE_GRAPH","ggml_cgraph","GRAPH","",-1,1,-1,0,0,0,0,0,0.004219,1,"delegate_cpu_graph"
"CPU_Elastic","COMPUTE_GRAPH","ggml_cgraph","GRAPH","",-1,1,-1,0,0,0,0,0,0.014323,1,"delegate_cpu_graph"
"CPU_Elastic","COMPUTE_GRAPH","ggml_cgraph","GRAPH","",-1,1,-1,0,0,0,0,0,0.001094,1,"delegate_cpu_graph"
"CPU_Elastic","COMPUTE_GRAPH","ggml_cgraph","GRAPH","",-1,1,-1,0,0,0,0,0,0.000312,1,"delegate_cpu_graph"
"CPU_Elastic","COMPUTE_GRAPH","ggml_cgraph","GRAPH","",-1,1,-1,0,0,0,0,0,0.012552,1,"delegate_cpu_graph"
"CPU_Elastic","COMPUTE_GRAPH","ggml_cgraph","GRAPH","",-1,1,-1,0,0,0,0,0,0.000416,1,"delegate_cpu_graph"
"CPU_Elastic","COMPUTE_GRAPH","ggml_cgraph","GRAPH","",-1,1,-1,0,0,0,0,0,0.000313,1,"delegate_cpu_graph"
"CPU_Elastic","COMPUTE_GRAPH","ggml_cgraph","GRAPH","",-1,1,-1,0,0,0,0,0,0.000313,1,"delegate_cpu_graph"
"CPU_Elastic","COMPUTE_GRAPH","ggml_cgraph","GRAPH","",-1,1,-1,0,0,0,0,0,0.355208,1,"delegate_cpu_graph"
"CPU_Elastic","COMPUTE_GRAPH","ggml_cgraph","GRAPH","",-1,1,-1,0,0,0,0,0,0.338177,1,"delegate_cpu_graph"
"CPU_Elastic","COMPUTE_GRAPH","ggml_cgraph","GRAPH","",-1,1,-1,0,0,0,0,0,0.007188,1,"delegate_cpu_graph"
"CPU_Elastic","COMPUTE_GRAPH","ggml_cgraph","GRAPH","",-1,1,-1,0,0,0,0,0,0.347760,1,"delegate_cpu_graph"
"CPU_Elastic","COMPUTE_GRAPH","ggml_cgraph","GRAPH","",-1,1,-1,0,0,0,0,0,0.012604,1,"delegate_cpu_graph"
"CPU_Elastic","COMPUTE_GRAPH","ggml_cgraph","GRAPH","",-1,1,-1,0,0,0,0,0,0.000469,1,"delegate_cpu_graph"
"CPU_Elastic","COMPUTE_GRAPH","ggml_cgraph","GRAPH","",-1,1,-1,0,0,0,0,0,0.000261,1,"delegate_cpu_graph"
"CPU_Elastic","COMPUTE_GRAPH","ggml_cgraph","GRAPH","",-1,1,-1,0,0,0,0,0,0.000313,1,"delegate_cpu_graph"
"CPU_Elastic","COMPUTE_GRAPH","ggml_cgraph","GRAPH","",-1,1,-1,0,0,0,0,0,0.000261,1,"delegate_cpu_graph"
"CPU_Elastic","COMPUTE_GRAPH","ggml_cgraph","GRAPH","",-1,1,-1,0,0,0,0,0,0.000312,1,"delegate_cpu_graph"
"CPU_Elastic","COMPUTE_GRAPH","ggml_cgraph","GRAPH","",-1,1,-1,0,0,0,0,0,0.000260,1,"delegate_cpu_graph"
"CPU_Elastic","COMPUTE_GRAPH","ggml_cgraph","GRAPH","",-1,1,-1,0,0,0,0,0,0.000261,1,"delegate_cpu_graph"
"CPU_Elastic","COMPUTE_GRAPH","ggml_cgraph","GRAPH","",-1,1,-1,0,0,0,0,0,0.000261,1,"delegate_cpu_graph"
"CPU_Elastic","COMPUTE_GRAPH","ggml_cgraph","GRAPH","",-1,1,-1,0,0,0,0,0,0.003802,1,"delegate_cpu_graph"
"CPU_Elastic","COMPUTE_GRAPH","ggml_cgraph","GRAPH","",-1,1,-1,0,0,0,0,0,0.005156,1,"delegate_cpu_graph"
"CPU_Elastic","COMPUTE_GRAPH","ggml_cgraph","GRAPH","",-1,1,-1,0,0,0,0,0,0.005469,1,"delegate_cpu_graph"
"CPU_Elastic","COMPUTE_GRAPH","ggml_cgraph","GRAPH","",-1,1,-1,0,0,0,0,0,0.005000,1,"delegate_cpu_graph"
"CPU_Elastic","COMPUTE_GRAPH","ggml_cgraph","GRAPH","",-1,1,-1,0,0,0,0,0,0.005365,1,"delegate_cpu_graph"
"CPU_Elastic","COMPUTE_GRAPH","ggml_cgraph","GRAPH","",-1,1,-1,0,0,0,0,0,0.005000,1,"delegate_cpu_graph"
"CPU_Elastic","COMPUTE_GRAPH","ggml_cgraph","GRAPH","",-1,1,-1,0,0,0,0,0,0.005000,1,"delegate_cpu_graph"
"CPU_Elastic","COMPUTE_GRAPH","ggml_cgraph","GRAPH","",-1,1,-1,0,0,0,0,0,0.005416,1,"delegate_cpu_graph"
"CPU_Elastic","COMPUTE_GRAPH","ggml_cgraph","GRAPH","",-1,1,-1,0,0,0,0,0,0.004479,1,"delegate_cpu_graph"
"CPU_Elastic","COMPUTE_GRAPH","ggml_cgraph","GRAPH","",-1,1,-1,0,0,0,0,0,0.090521,1,"delegate_cpu_graph"
"CPU_Elastic","COMPUTE_GRAPH","ggml_cgraph","GRAPH","",-1,1,-1,0,0,0,0,0,0.004792,1,"delegate_cpu_graph"
"CPU_Elastic","COMPUTE_GRAPH","ggml_cgraph","GRAPH","",-1,1,-1,0,0,0,0,0,0.000417,1,"delegate_cpu_graph"
"CPU_Elastic","COMPUTE_GRAPH","ggml_cgraph","GRAPH","",-1,1,-1,0,0,0,0,0,0.005573,1,"delegate_cpu_graph"
"CPU_Elastic","COMPUTE_GRAPH","ggml_cgraph","GRAPH","",-1,1,-1,0,0,0,0,0,0.089948,1,"delegate_cpu_graph"
"CPU_Elastic","COMPUTE_GRAPH","ggml_cgraph","GRAPH","",-1,1,-1,0,0,0,0,0,0.004479,1,"delegate_cpu_graph"
"CPU_Elastic","COMPUTE_GRAPH","ggml_cgraph","GRAPH","",-1,1,-1,0,0,0,0,0,0.000469,1,"delegate_cpu_graph"
"CPU_Elastic","COMPUTE_GRAPH","ggml_cgraph","GRAPH","",-1,1,-1,0,0,0,0,0,0.005730,1,"delegate_cpu_graph"
"CPU_Elastic","COMPUTE_GRAPH","ggml_cgraph","GRAPH","",-1,1,-1,0,0,0,0,0,0.001615,1,"delegate_cpu_graph"
"CPU_Elastic","COMPUTE_GRAPH","ggml_cgraph","GRAPH","",-1,1,-1,0,0,0,0,0,0.000313,1,"delegate_cpu_graph"
"CPU_Elastic","COMPUTE_GRAPH","ggml_cgraph","GRAPH","",-1,1,-1,0,0,0,0,0,0.001355,1,"delegate_cpu_graph"
"CPU_Elastic","COMPUTE_GRAPH","ggml_cgraph","GRAPH","",-1,1,-1,0,0,0,0,0,0.000260,1,"delegate_cpu_graph"
"CPU_Elastic","COMPUTE_GRAPH","ggml_cgraph","GRAPH","",-1,1,-1,0,0,0,0,0,0.000260,1,"delegate_cpu_graph"
"CPU_Elastic","COMPUTE_GRAPH","ggml_cgraph","GRAPH","",-1,1,-1,0,0,0,0,0,0.000261,1,"delegate_cpu_graph"
"CPU_Elastic","COMPUTE_GRAPH","ggml_cgraph","GRAPH","",-1,1,-1,0,0,0,0,0,0.434948,1,"delegate_cpu_graph"
"CPU_Elastic","COMPUTE_GRAPH","ggml_cgraph","GRAPH","",-1,1,-1,0,0,0,0,0,0.000469,1,"delegate_cpu_graph"
"CPU_Elastic","COMPUTE_GRAPH","ggml_cgraph","GRAPH","",-1,1,-1,0,0,0,0,0,0.000260,1,"delegate_cpu_graph"
"CPU_Elastic","COMPUTE_GRAPH","ggml_cgraph","GRAPH","",-1,1,-1,0,0,0,0,0,0.000260,1,"delegate_cpu_graph"
"CPU_Elastic","COMPUTE_GRAPH","ggml_cgraph","GRAPH","",-1,1,-1,0,0,0,0,0,0.000313,1,"delegate_cpu_graph"
"CPU_Elastic","COMPUTE_GRAPH","ggml_cgraph","GRAPH","",-1,1,-1,0,0,0,0,0,0.036198,1,"delegate_cpu_graph"
"CPU_Elastic","COMPUTE_GRAPH","ggml_cgraph","GRAPH","",-1,1,-1,0,0,0,0,0,0.018021,1,"delegate_cpu_graph"
"CPU_Elastic","COMPUTE_GRAPH","ggml_cgraph","GRAPH","",-1,1,-1,0,0,0,0,0,0.030937,1,"delegate_cpu_graph"
"CPU_Elastic","COMPUTE_GRAPH","ggml_cgraph","GRAPH","",-1,1,-1,0,0,0,0,0,0.000417,1,"delegate_cpu_graph"
"CPU_Elastic","COMPUTE_GRAPH","ggml_cgraph","GRAPH","",-1,1,-1,0,0,0,0,0,0.007500,1,"delegate_cpu_graph"
"CPU_Elastic","COMPUTE_GRAPH","ggml_cgraph","GRAPH","",-1,1,-1,0,0,0,0,0,0.089636,1,"delegate_cpu_graph"
"CPU_Elastic","COMPUTE_GRAPH","ggml_cgraph","GRAPH","",-1,1,-1,0,0,0,0,0,0.005261,1,"delegate_cpu_graph"
"CPU_Elastic","COMPUTE_GRAPH","ggml_cgraph","GRAPH","",-1,1,-1,0,0,0,0,0,0.004896,1,"delegate_cpu_graph"
"CPU_Elastic","COMPUTE_GRAPH","ggml_cgraph","GRAPH","",-1,1,-1,0,0,0,0,0,0.014427,1,"delegate_cpu_graph"
"CPU_Elastic","COMPUTE_GRAPH","ggml_cgraph","GRAPH","",-1,1,-1,0,0,0,0,0,0.000729,1,"delegate_cpu_graph"
"CPU_Elastic","COMPUTE_GRAPH","ggml_cgraph","GRAPH","",-1,1,-1,0,0,0,0,0,0.000312,1,"delegate_cpu_graph"
"CPU_Elastic","COMPUTE_GRAPH","ggml_cgraph","GRAPH","",-1,1,-1,0,0,0,0,0,0.010469,1,"delegate_cpu_graph"
"CPU_Elastic","COMPUTE_GRAPH","ggml_cgraph","GRAPH","",-1,1,-1,0,0,0,0,0,0.000417,1,"delegate_cpu_graph"
"CPU_Elastic","COMPUTE_GRAPH","ggml_cgraph","GRAPH","",-1,1,-1,0,0,0,0,0,0.000417,1,"delegate_cpu_graph"
"CPU_Elastic","COMPUTE_GRAPH","ggml_cgraph","GRAPH","",-1,1,-1,0,0,0,0,0,0.000261,1,"delegate_cpu_graph"
"CPU_Elastic","COMPUTE_GRAPH","ggml_cgraph","GRAPH","",-1,1,-1,0,0,0,0,0,0.330573,1,"delegate_cpu_graph"
"CPU_Elastic","COMPUTE_GRAPH","ggml_cgraph","GRAPH","",-1,1,-1,0,0,0,0,0,0.328593,1,"delegate_cpu_graph"
"CPU_Elastic","COMPUTE_GRAPH","ggml_cgraph","GRAPH","",-1,1,-1,0,0,0,0,0,0.007864,1,"delegate_cpu_graph"
"CPU_Elastic","COMPUTE_GRAPH","ggml_cgraph","GRAPH","",-1,1,-1,0,0,0,0,0,0.463854,1,"delegate_cpu_graph"
"CPU_Elastic","COMPUTE_GRAPH","ggml_cgraph","GRAPH","",-1,1,-1,0,0,0,0,0,0.013542,1,"delegate_cpu_graph"
"CPU_Elastic","COMPUTE_GRAPH","ggml_cgraph","GRAPH","",-1,1,-1,0,0,0,0,0,0.000416,1,"delegate_cpu_graph"
"CPU_Elastic","COMPUTE_GRAPH","ggml_cgraph","GRAPH","",-1,1,-1,0,0,0,0,0,0.000261,1,"delegate_cpu_graph"
"CPU_Elastic","COMPUTE_GRAPH","ggml_cgraph","GRAPH","",-1,1,-1,0,0,0,0,0,0.000260,1,"delegate_cpu_graph"
"CPU_Elastic","COMPUTE_GRAPH","ggml_cgraph","GRAPH","",-1,1,-1,0,0,0,0,0,0.000260,1,"delegate_cpu_graph"
"CPU_Elastic","COMPUTE_GRAPH","ggml_cgraph","GRAPH","",-1,1,-1,0,0,0,0,0,0.000312,1,"delegate_cpu_graph"
"CPU_Elastic","COMPUTE_GRAPH","ggml_cgraph","GRAPH","",-1,1,-1,0,0,0,0,0,0.000261,1,"delegate_cpu_graph"
"CPU_Elastic","COMPUTE_GRAPH","ggml_cgraph","GRAPH","",-1,1,-1,0,0,0,0,0,0.000261,1,"delegate_cpu_graph"
"CPU_Elastic","COMPUTE_GRAPH","ggml_cgraph","GRAPH","",-1,1,-1,0,0,0,0,0,0.000261,1,"delegate_cpu_graph"
"CPU_Elastic","COMPUTE_GRAPH","ggml_cgraph","GRAPH","",-1,1,-1,0,0,0,0,0,0.005521,1,"delegate_cpu_graph"
"CPU_Elastic","COMPUTE_GRAPH","ggml_cgraph","GRAPH","",-1,1,-1,0,0,0,0,0,0.004948,1,"delegate_cpu_graph"
"CPU_Elastic","COMPUTE_GRAPH","ggml_cgraph","GRAPH","",-1,1,-1,0,0,0,0,0,0.005156,1,"delegate_cpu_graph"
"CPU_Elastic","COMPUTE_GRAPH","ggml_cgraph","GRAPH","",-1,1,-1,0,0,0,0,0,0.005781,1,"delegate_cpu_graph"
"CPU_Elastic","COMPUTE_GRAPH","ggml_cgraph","GRAPH","",-1,1,-1,0,0,0,0,0,0.004844,1,"delegate_cpu_graph"
"CPU_Elastic","COMPUTE_GRAPH","ggml_cgraph","GRAPH","",-1,1,-1,0,0,0,0,0,0.005209,1,"delegate_cpu_graph"
"CPU_Elastic","COMPUTE_GRAPH","ggml_cgraph","GRAPH","",-1,1,-1,0,0,0,0,0,0.005416,1,"delegate_cpu_graph"
"CPU_Elastic","COMPUTE_GRAPH","ggml_cgraph","GRAPH","",-1,1,-1,0,0,0,0,0,0.005052,1,"delegate_cpu_graph"
"CPU_Elastic","COMPUTE_GRAPH","ggml_cgraph","GRAPH","",-1,1,-1,0,0,0,0,0,0.004583,1,"delegate_cpu_graph"
"CPU_Elastic","COMPUTE_GRAPH","ggml_cgraph","GRAPH","",-1,1,-1,0,0,0,0,0,0.090729,1,"delegate_cpu_graph"
"CPU_Elastic","COMPUTE_GRAPH","ggml_cgraph","GRAPH","",-1,1,-1,0,0,0,0,0,0.004531,1,"delegate_cpu_graph"
"CPU_Elastic","COMPUTE_GRAPH","ggml_cgraph","GRAPH","",-1,1,-1,0,0,0,0,0,0.000469,1,"delegate_cpu_graph"
"CPU_Elastic","COMPUTE_GRAPH","ggml_cgraph","GRAPH","",-1,1,-1,0,0,0,0,0,0.005833,1,"delegate_cpu_graph"
"CPU_Elastic","COMPUTE_GRAPH","ggml_cgraph","GRAPH","",-1,1,-1,0,0,0,0,0,0.090261,1,"delegate_cpu_graph"
"CPU_Elastic","COMPUTE_GRAPH","ggml_cgraph","GRAPH","",-1,1,-1,0,0,0,0,0,0.004062,1,"delegate_cpu_graph"
"CPU_Elastic","COMPUTE_GRAPH","ggml_cgraph","GRAPH","",-1,1,-1,0,0,0,0,0,0.000468,1,"delegate_cpu_graph"
"CPU_Elastic","COMPUTE_GRAPH","ggml_cgraph","GRAPH","",-1,1,-1,0,0,0,0,0,0.005104,1,"delegate_cpu_graph"
"CPU_Elastic","COMPUTE_GRAPH","ggml_cgraph","GRAPH","",-1,1,-1,0,0,0,0,0,0.090261,1,"delegate_cpu_graph"
"CPU_Elastic","COMPUTE_GRAPH","ggml_cgraph","GRAPH","",-1,1,-1,0,0,0,0,0,0.000468,1,"delegate_cpu_graph"
"CPU_Elastic","COMPUTE_GRAPH","ggml_cgraph","GRAPH","",-1,1,-1,0,0,0,0,0,0.000260,1,"delegate_cpu_graph"
"CPU_Elastic","COMPUTE_GRAPH","ggml_cgraph","GRAPH","",-1,1,-1,0,0,0,0,0,0.001459,1,"delegate_cpu_graph"
"CPU_Elastic","COMPUTE_GRAPH","ggml_cgraph","GRAPH","",-1,1,-1,0,0,0,0,0,0.000313,1,"delegate_cpu_graph"
"CPU_Elastic","COMPUTE_GRAPH","ggml_cgraph","GRAPH","",-1,1,-1,0,0,0,0,0,0.001458,1,"delegate_cpu_graph"
"CPU_Elastic","COMPUTE_GRAPH","ggml_cgraph","GRAPH","",-1,1,-1,0,0,0,0,0,0.000260,1,"delegate_cpu_graph"
"CPU_Elastic","COMPUTE_GRAPH","ggml_cgraph","GRAPH","",-1,1,-1,0,0,0,0,0,0.000312,1,"delegate_cpu_graph"
"CPU_Elastic","COMPUTE_GRAPH","ggml_cgraph","GRAPH","",-1,1,-1,0,0,0,0,0,0.000312,1,"delegate_cpu_graph"
"CPU_Elastic","COMPUTE_GRAPH","ggml_cgraph","GRAPH","",-1,1,-1,0,0,0,0,0,0.445417,1,"delegate_cpu_graph"
"CPU_Elastic","COMPUTE_GRAPH","ggml_cgraph","GRAPH","",-1,1,-1,0,0,0,0,0,0.000417,1,"delegate_cpu_graph"
"CPU_Elastic","COMPUTE_GRAPH","ggml_cgraph","GRAPH","",-1,1,-1,0,0,0,0,0,0.000312,1,"delegate_cpu_graph"
"CPU_Elastic","COMPUTE_GRAPH","ggml_cgraph","GRAPH","",-1,1,-1,0,0,0,0,0,0.000312,1,"delegate_cpu_graph"
"CPU_Elastic","COMPUTE_GRAPH","ggml_cgraph","GRAPH","",-1,1,-1,0,0,0,0,0,0.000364,1,"delegate_cpu_graph"
"CPU_Elastic","COMPUTE_GRAPH","ggml_cgraph","GRAPH","",-1,1,-1,0,0,0,0,0,0.042083,1,"delegate_cpu_graph"
"CPU_Elastic","COMPUTE_GRAPH","ggml_cgraph","GRAPH","",-1,1,-1,0,0,0,0,0,0.017344,1,"delegate_cpu_graph"
"CPU_Elastic","COMPUTE_GRAPH","ggml_cgraph","GRAPH","",-1,1,-1,0,0,0,0,0,0.029531,1,"delegate_cpu_graph"
"CPU_Elastic","COMPUTE_GRAPH","ggml_cgraph","GRAPH","",-1,1,-1,0,0,0,0,0,0.000417,1,"delegate_cpu_graph"
"CPU_Elastic","COMPUTE_GRAPH","ggml_cgraph","GRAPH","",-1,1,-1,0,0,0,0,0,0.004739,1,"delegate_cpu_graph"
"CPU_Elastic","COMPUTE_GRAPH","ggml_cgraph","GRAPH","",-1,1,-1,0,0,0,0,0,0.090052,1,"delegate_cpu_graph"
"CPU_Elastic","COMPUTE_GRAPH","ggml_cgraph","GRAPH","",-1,1,-1,0,0,0,0,0,0.005521,1,"delegate_cpu_graph"
"CPU_Elastic","COMPUTE_GRAPH","ggml_cgraph","GRAPH","",-1,1,-1,0,0,0,0,0,0.004740,1,"delegate_cpu_graph"
"CPU_Elastic","COMPUTE_GRAPH","ggml_cgraph","GRAPH","",-1,1,-1,0,0,0,0,0,0.014115,1,"delegate_cpu_graph"
"CPU_Elastic","COMPUTE_GRAPH","ggml_cgraph","GRAPH","",-1,1,-1,0,0,0,0,0,0.000729,1,"delegate_cpu_graph"
"CPU_Elastic","COMPUTE_GRAPH","ggml_cgraph","GRAPH","",-1,1,-1,0,0,0,0,0,0.000312,1,"delegate_cpu_graph"
"CPU_Elastic","COMPUTE_GRAPH","ggml_cgraph","GRAPH","",-1,1,-1,0,0,0,0,0,0.012344,1,"delegate_cpu_graph"
"CPU_Elastic","COMPUTE_GRAPH","ggml_cgraph","GRAPH","",-1,1,-1,0,0,0,0,0,0.000417,1,"delegate_cpu_graph"
"CPU_Elastic","COMPUTE_GRAPH","ggml_cgraph","GRAPH","",-1,1,-1,0,0,0,0,0,0.000364,1,"delegate_cpu_graph"
"CPU_Elastic","COMPUTE_GRAPH","ggml_cgraph","GRAPH","",-1,1,-1,0,0,0,0,0,0.000312,1,"delegate_cpu_graph"
"CPU_Elastic","COMPUTE_GRAPH","ggml_cgraph","GRAPH","",-1,1,-1,0,0,0,0,0,0.329270,1,"delegate_cpu_graph"
"CPU_Elastic","COMPUTE_GRAPH","ggml_cgraph","GRAPH","",-1,1,-1,0,0,0,0,0,0.327031,1,"delegate_cpu_graph"
"CPU_Elastic","COMPUTE_GRAPH","ggml_cgraph","GRAPH","",-1,1,-1,0,0,0,0,0,0.006718,1,"delegate_cpu_graph"
"CPU_Elastic","COMPUTE_GRAPH","ggml_cgraph","GRAPH","",-1,1,-1,0,0,0,0,0,0.347969,1,"delegate_cpu_graph"
"CPU_Elastic","COMPUTE_GRAPH","ggml_cgraph","GRAPH","",-1,1,-1,0,0,0,0,0,0.012761,1,"delegate_cpu_graph"
"CPU_Elastic","COMPUTE_GRAPH","ggml_cgraph","GRAPH","",-1,1,-1,0,0,0,0,0,0.000416,1,"delegate_cpu_graph"
"CPU_Elastic","COMPUTE_GRAPH","ggml_cgraph","GRAPH","",-1,1,-1,0,0,0,0,0,0.000260,1,"delegate_cpu_graph"
"CPU_Elastic","COMPUTE_GRAPH","ggml_cgraph","GRAPH","",-1,1,-1,0,0,0,0,0,0.000260,1,"delegate_cpu_graph"
"CPU_Elastic","COMPUTE_GRAPH","ggml_cgraph","GRAPH","",-1,1,-1,0,0,0,0,0,0.000260,1,"delegate_cpu_graph"
"CPU_Elastic","COMPUTE_GRAPH","ggml_cgraph","GRAPH","",-1,1,-1,0,0,0,0,0,0.000313,1,"delegate_cpu_graph"
"CPU_Elastic","COMPUTE_GRAPH","ggml_cgraph","GRAPH","",-1,1,-1,0,0,0,0,0,0.000261,1,"delegate_cpu_graph"
"CPU_Elastic","COMPUTE_GRAPH","ggml_cgraph","GRAPH","",-1,1,-1,0,0,0,0,0,0.000260,1,"delegate_cpu_graph"
"CPU_Elastic","COMPUTE_GRAPH","ggml_cgraph","GRAPH","",-1,1,-1,0,0,0,0,0,0.000260,1,"delegate_cpu_graph"
"CPU_Elastic","COMPUTE_GRAPH","ggml_cgraph","GRAPH","",-1,1,-1,0,0,0,0,0,0.005416,1,"delegate_cpu_graph"
"CPU_Elastic","COMPUTE_GRAPH","ggml_cgraph","GRAPH","",-1,1,-1,0,0,0,0,0,0.004948,1,"delegate_cpu_graph"
"CPU_Elastic","COMPUTE_GRAPH","ggml_cgraph","GRAPH","",-1,1,-1,0,0,0,0,0,0.003854,1,"delegate_cpu_graph"
"CPU_Elastic","COMPUTE_GRAPH","ggml_cgraph","GRAPH","",-1,1,-1,0,0,0,0,0,0.005417,1,"delegate_cpu_graph"
"CPU_Elastic","COMPUTE_GRAPH","ggml_cgraph","GRAPH","",-1,1,-1,0,0,0,0,0,0.005052,1,"delegate_cpu_graph"
"CPU_Elastic","COMPUTE_GRAPH","ggml_cgraph","GRAPH","",-1,1,-1,0,0,0,0,0,0.005729,1,"delegate_cpu_graph"
"CPU_Elastic","COMPUTE_GRAPH","ggml_cgraph","GRAPH","",-1,1,-1,0,0,0,0,0,0.005052,1,"delegate_cpu_graph"
"CPU_Elastic","COMPUTE_GRAPH","ggml_cgraph","GRAPH","",-1,1,-1,0,0,0,0,0,0.005156,1,"delegate_cpu_graph"
"CPU_Elastic","COMPUTE_GRAPH","ggml_cgraph","GRAPH","",-1,1,-1,0,0,0,0,0,0.004844,1,"delegate_cpu_graph"
"CPU_Elastic","COMPUTE_GRAPH","ggml_cgraph","GRAPH","",-1,1,-1,0,0,0,0,0,0.089688,1,"delegate_cpu_graph"
"CPU_Elastic","COMPUTE_GRAPH","ggml_cgraph","GRAPH","",-1,1,-1,0,0,0,0,0,0.005000,1,"delegate_cpu_graph"
"CPU_Elastic","COMPUTE_GRAPH","ggml_cgraph","GRAPH","",-1,1,-1,0,0,0,0,0,0.000416,1,"delegate_cpu_graph"
"CPU_Elastic","COMPUTE_GRAPH","ggml_cgraph","GRAPH","",-1,1,-1,0,0,0,0,0,0.005938,1,"delegate_cpu_graph"
"CPU_Elastic","COMPUTE_GRAPH","ggml_cgraph","GRAPH","",-1,1,-1,0,0,0,0,0,0.089843,1,"delegate_cpu_graph"
"CPU_Elastic","COMPUTE_GRAPH","ggml_cgraph","GRAPH","",-1,1,-1,0,0,0,0,0,0.004531,1,"delegate_cpu_graph"
"CPU_Elastic","COMPUTE_GRAPH","ggml_cgraph","GRAPH","",-1,1,-1,0,0,0,0,0,0.000469,1,"delegate_cpu_graph"
"CPU_Elastic","COMPUTE_GRAPH","ggml_cgraph","GRAPH","",-1,1,-1,0,0,0,0,0,0.006093,1,"delegate_cpu_graph"
"CPU_Elastic","COMPUTE_GRAPH","ggml_cgraph","GRAPH","",-1,1,-1,0,0,0,0,0,0.089843,1,"delegate_cpu_graph"
"CPU_Elastic","COMPUTE_GRAPH","ggml_cgraph","GRAPH","",-1,1,-1,0,0,0,0,0,0.000469,1,"delegate_cpu_graph"
"CPU_Elastic","COMPUTE_GRAPH","ggml_cgraph","GRAPH","",-1,1,-1,0,0,0,0,0,0.000312,1,"delegate_cpu_graph"
"CPU_Elastic","COMPUTE_GRAPH","ggml_cgraph","GRAPH","",-1,1,-1,0,0,0,0,0,0.001562,1,"delegate_cpu_graph"
"CPU_Elastic","COMPUTE_GRAPH","ggml_cgraph","GRAPH","",-1,1,-1,0,0,0,0,0,0.000312,1,"delegate_cpu_graph"
"CPU_Elastic","COMPUTE_GRAPH","ggml_cgraph","GRAPH","",-1,1,-1,0,0,0,0,0,0.001510,1,"delegate_cpu_graph"
"CPU_Elastic","COMPUTE_GRAPH","ggml_cgraph","GRAPH","",-1,1,-1,0,0,0,0,0,0.000260,1,"delegate_cpu_graph"
"CPU_Elastic","COMPUTE_GRAPH","ggml_cgraph","GRAPH","",-1,1,-1,0,0,0,0,0,0.000260,1,"delegate_cpu_graph"
"CPU_Elastic","COMPUTE_GRAPH","ggml_cgraph","GRAPH","",-1,1,-1,0,0,0,0,0,0.000260,1,"delegate_cpu_graph"
"CPU_Elastic","COMPUTE_GRAPH","ggml_cgraph","GRAPH","",-1,1,-1,0,0,0,0,0,0.434166,1,"delegate_cpu_graph"
"CPU_Elastic","COMPUTE_GRAPH","ggml_cgraph","GRAPH","",-1,1,-1,0,0,0,0,0,0.000469,1,"delegate_cpu_graph"
"CPU_Elastic","COMPUTE_GRAPH","ggml_cgraph","GRAPH","",-1,1,-1,0,0,0,0,0,0.000260,1,"delegate_cpu_graph"
"CPU_Elastic","COMPUTE_GRAPH","ggml_cgraph","GRAPH","",-1,1,-1,0,0,0,0,0,0.000260,1,"delegate_cpu_graph"
"CPU_Elastic","COMPUTE_GRAPH","ggml_cgraph","GRAPH","",-1,1,-1,0,0,0,0,0,0.000312,1,"delegate_cpu_graph"
"CPU_Elastic","COMPUTE_GRAPH","ggml_cgraph","GRAPH","",-1,1,-1,0,0,0,0,0,0.038594,1,"delegate_cpu_graph"
"CPU_Elastic","COMPUTE_GRAPH","ggml_cgraph","GRAPH","",-1,1,-1,0,0,0,0,0,0.017135,1,"delegate_cpu_graph"
"CPU_Elastic","COMPUTE_GRAPH","ggml_cgraph","GRAPH","",-1,1,-1,0,0,0,0,0,0.030729,1,"delegate_cpu_graph"
"CPU_Elastic","COMPUTE_GRAPH","ggml_cgraph","GRAPH","",-1,1,-1,0,0,0,0,0,0.000417,1,"delegate_cpu_graph"
"CPU_Elastic","COMPUTE_GRAPH","ggml_cgraph","GRAPH","",-1,1,-1,0,0,0,0,0,0.004791,1,"delegate_cpu_graph"
"CPU_Elastic","COMPUTE_GRAPH","ggml_cgraph","GRAPH","",-1,1,-1,0,0,0,0,0,0.089323,1,"delegate_cpu_graph"
"CPU_Elastic","COMPUTE_GRAPH","ggml_cgraph","GRAPH","",-1,1,-1,0,0,0,0,0,0.005260,1,"delegate_cpu_graph"
"CPU_Elastic","COMPUTE_GRAPH","ggml_cgraph","GRAPH","",-1,1,-1,0,0,0,0,0,0.004063,1,"delegate_cpu_graph"
"CPU_Elastic","COMPUTE_GRAPH","ggml_cgraph","GRAPH","",-1,1,-1,0,0,0,0,0,0.014114,1,"delegate_cpu_graph"
"CPU_Elastic","COMPUTE_GRAPH","ggml_cgraph","GRAPH","",-1,1,-1,0,0,0,0,0,0.000678,1,"delegate_cpu_graph"
"CPU_Elastic","COMPUTE_GRAPH","ggml_cgraph","GRAPH","",-1,1,-1,0,0,0,0,0,0.000364,1,"delegate_cpu_graph"
"CPU_Elastic","COMPUTE_GRAPH","ggml_cgraph","GRAPH","",-1,1,-1,0,0,0,0,0,0.010521,1,"delegate_cpu_graph"
"CPU_Elastic","COMPUTE_GRAPH","ggml_cgraph","GRAPH","",-1,1,-1,0,0,0,0,0,0.000364,1,"delegate_cpu_graph"
"CPU_Elastic","COMPUTE_GRAPH","ggml_cgraph","GRAPH","",-1,1,-1,0,0,0,0,0,0.000364,1,"delegate_cpu_graph"
"CPU_Elastic","COMPUTE_GRAPH","ggml_cgraph","GRAPH","",-1,1,-1,0,0,0,0,0,0.000313,1,"delegate_cpu_graph"
"CPU_Elastic","COMPUTE_GRAPH","ggml_cgraph","GRAPH","",-1,1,-1,0,0,0,0,0,0.330834,1,"delegate_cpu_graph"
"CPU_Elastic","COMPUTE_GRAPH","ggml_cgraph","GRAPH","",-1,1,-1,0,0,0,0,0,0.326823,1,"delegate_cpu_graph"
"CPU_Elastic","COMPUTE_GRAPH","ggml_cgraph","GRAPH","",-1,1,-1,0,0,0,0,0,0.007447,1,"delegate_cpu_graph"
"CPU_Elastic","COMPUTE_GRAPH","ggml_cgraph","GRAPH","",-1,1,-1,0,0,0,0,0,0.348438,1,"delegate_cpu_graph"
"CPU_Elastic","COMPUTE_GRAPH","ggml_cgraph","GRAPH","",-1,1,-1,0,0,0,0,0,0.014166,1,"delegate_cpu_graph"
"CPU_Elastic","COMPUTE_GRAPH","ggml_cgraph","GRAPH","",-1,1,-1,0,0,0,0,0,0.000469,1,"delegate_cpu_graph"
"CPU_Elastic","COMPUTE_GRAPH","ggml_cgraph","GRAPH","",-1,1,-1,0,0,0,0,0,0.000260,1,"delegate_cpu_graph"
"CPU_Elastic","COMPUTE_GRAPH","ggml_cgraph","GRAPH","",-1,1,-1,0,0,0,0,0,0.000313,1,"delegate_cpu_graph"
"CPU_Elastic","COMPUTE_GRAPH","ggml_cgraph","GRAPH","",-1,1,-1,0,0,0,0,0,0.000261,1,"delegate_cpu_graph"
"CPU_Elastic","COMPUTE_GRAPH","ggml_cgraph","GRAPH","",-1,1,-1,0,0,0,0,0,0.000261,1,"delegate_cpu_graph"
"CPU_Elastic","COMPUTE_GRAPH","ggml_cgraph","GRAPH","",-1,1,-1,0,0,0,0,0,0.000312,1,"delegate_cpu_graph"
"CPU_Elastic","COMPUTE_GRAPH","ggml_cgraph","GRAPH","",-1,1,-1,0,0,0,0,0,0.000312,1,"delegate_cpu_graph"
"CPU_Elastic","COMPUTE_GRAPH","ggml_cgraph","GRAPH","",-1,1,-1,0,0,0,0,0,0.000260,1,"delegate_cpu_graph"
"CPU_Elastic","COMPUTE_GRAPH","ggml_cgraph","GRAPH","",-1,1,-1,0,0,0,0,0,0.005729,1,"delegate_cpu_graph"
"CPU_Elastic","COMPUTE_GRAPH","ggml_cgraph","GRAPH","",-1,1,-1,0,0,0,0,0,0.005417,1,"delegate_cpu_graph"
"CPU_Elastic","COMPUTE_GRAPH","ggml_cgraph","GRAPH","",-1,1,-1,0,0,0,0,0,0.004948,1,"delegate_cpu_graph"
"CPU_Elastic","COMPUTE_GRAPH","ggml_cgraph","GRAPH","",-1,1,-1,0,0,0,0,0,0.005157,1,"delegate_cpu_graph"
"CPU_Elastic","COMPUTE_GRAPH","ggml_cgraph","GRAPH","",-1,1,-1,0,0,0,0,0,0.005678,1,"delegate_cpu_graph"
"CPU_Elastic","COMPUTE_GRAPH","ggml_cgraph","GRAPH","",-1,1,-1,0,0,0,0,0,0.004896,1,"delegate_cpu_graph"
"CPU_Elastic","COMPUTE_GRAPH","ggml_cgraph","GRAPH","",-1,1,-1,0,0,0,0,0,0.005312,1,"delegate_cpu_graph"
"CPU_Elastic","COMPUTE_GRAPH","ggml_cgraph","GRAPH","",-1,1,-1,0,0,0,0,0,0.005365,1,"delegate_cpu_graph"
"CPU_Elastic","COMPUTE_GRAPH","ggml_cgraph","GRAPH","",-1,1,-1,0,0,0,0,0,0.004531,1,"delegate_cpu_graph"
"CPU_Elastic","COMPUTE_GRAPH","ggml_cgraph","GRAPH","",-1,1,-1,0,0,0,0,0,0.089636,1,"delegate_cpu_graph"
"CPU_Elastic","COMPUTE_GRAPH","ggml_cgraph","GRAPH","",-1,1,-1,0,0,0,0,0,0.004688,1,"delegate_cpu_graph"
"CPU_Elastic","COMPUTE_GRAPH","ggml_cgraph","GRAPH","",-1,1,-1,0,0,0,0,0,0.000469,1,"delegate_cpu_graph"
"CPU_Elastic","COMPUTE_GRAPH","ggml_cgraph","GRAPH","",-1,1,-1,0,0,0,0,0,0.005886,1,"delegate_cpu_graph"
"CPU_Elastic","COMPUTE_GRAPH","ggml_cgraph","GRAPH","",-1,1,-1,0,0,0,0,0,0.089687,1,"delegate_cpu_graph"
"CPU_Elastic","COMPUTE_GRAPH","ggml_cgraph","GRAPH","",-1,1,-1,0,0,0,0,0,0.004791,1,"delegate_cpu_graph"
"CPU_Elastic","COMPUTE_GRAPH","ggml_cgraph","GRAPH","",-1,1,-1,0,0,0,0,0,0.000469,1,"delegate_cpu_graph"
"CPU_Elastic","COMPUTE_GRAPH","ggml_cgraph","GRAPH","",-1,1,-1,0,0,0,0,0,0.005677,1,"delegate_cpu_graph"
"CPU_Elastic","COMPUTE_GRAPH","ggml_cgraph","GRAPH","",-1,1,-1,0,0,0,0,0,0.137031,1,"delegate_cpu_graph"
"CPU_Elastic","COMPUTE_GRAPH","ggml_cgraph","GRAPH","",-1,1,-1,0,0,0,0,0,0.000469,1,"delegate_cpu_graph"
"CPU_Elastic","COMPUTE_GRAPH","ggml_cgraph","GRAPH","",-1,1,-1,0,0,0,0,0,0.000312,1,"delegate_cpu_graph"
"CPU_Elastic","COMPUTE_GRAPH","ggml_cgraph","GRAPH","",-1,1,-1,0,0,0,0,0,0.001458,1,"delegate_cpu_graph"
"CPU_Elastic","COMPUTE_GRAPH","ggml_cgraph","GRAPH","",-1,1,-1,0,0,0,0,0,0.000261,1,"delegate_cpu_graph"
"CPU_Elastic","COMPUTE_GRAPH","ggml_cgraph","GRAPH","",-1,1,-1,0,0,0,0,0,0.001406,1,"delegate_cpu_graph"
"CPU_Elastic","COMPUTE_GRAPH","ggml_cgraph","GRAPH","",-1,1,-1,0,0,0,0,0,0.000260,1,"delegate_cpu_graph"
"CPU_Elastic","COMPUTE_GRAPH","ggml_cgraph","GRAPH","",-1,1,-1,0,0,0,0,0,0.000312,1,"delegate_cpu_graph"
"CPU_Elastic","COMPUTE_GRAPH","ggml_cgraph","GRAPH","",-1,1,-1,0,0,0,0,0,0.000260,1,"delegate_cpu_graph"
"CPU_Elastic","COMPUTE_GRAPH","ggml_cgraph","GRAPH","",-1,1,-1,0,0,0,0,0,0.432917,1,"delegate_cpu_graph"
"CPU_Elastic","COMPUTE_GRAPH","ggml_cgraph","GRAPH","",-1,1,-1,0,0,0,0,0,0.000468,1,"delegate_cpu_graph"
"CPU_Elastic","COMPUTE_GRAPH","ggml_cgraph","GRAPH","",-1,1,-1,0,0,0,0,0,0.000312,1,"delegate_cpu_graph"
"CPU_Elastic","COMPUTE_GRAPH","ggml_cgraph","GRAPH","",-1,1,-1,0,0,0,0,0,0.000261,1,"delegate_cpu_graph"
"CPU_Elastic","COMPUTE_GRAPH","ggml_cgraph","GRAPH","",-1,1,-1,0,0,0,0,0,0.000260,1,"delegate_cpu_graph"
"CPU_Elastic","COMPUTE_GRAPH","ggml_cgraph","GRAPH","",-1,1,-1,0,0,0,0,0,0.040469,1,"delegate_cpu_graph"
"CPU_Elastic","COMPUTE_GRAPH","ggml_cgraph","GRAPH","",-1,1,-1,0,0,0,0,0,0.017344,1,"delegate_cpu_graph"
"CPU_Elastic","COMPUTE_GRAPH","ggml_cgraph","GRAPH","",-1,1,-1,0,0,0,0,0,0.030104,1,"delegate_cpu_graph"
"CPU_Elastic","COMPUTE_GRAPH","ggml_cgraph","GRAPH","",-1,1,-1,0,0,0,0,0,0.000469,1,"delegate_cpu_graph"
"CPU_Elastic","COMPUTE_GRAPH","ggml_cgraph","GRAPH","",-1,1,-1,0,0,0,0,0,0.004896,1,"delegate_cpu_graph"
"CPU_Elastic","COMPUTE_GRAPH","ggml_cgraph","GRAPH","",-1,1,-1,0,0,0,0,0,0.089427,1,"delegate_cpu_graph"
"CPU_Elastic","COMPUTE_GRAPH","ggml_cgraph","GRAPH","",-1,1,-1,0,0,0,0,0,0.007760,1,"delegate_cpu_graph"
"CPU_Elastic","COMPUTE_GRAPH","ggml_cgraph","GRAPH","",-1,1,-1,0,0,0,0,0,0.004167,1,"delegate_cpu_graph"
"CPU_Elastic","COMPUTE_GRAPH","ggml_cgraph","GRAPH","",-1,1,-1,0,0,0,0,0,0.013386,1,"delegate_cpu_graph"
"CPU_Elastic","COMPUTE_GRAPH","ggml_cgraph","GRAPH","",-1,1,-1,0,0,0,0,0,0.000677,1,"delegate_cpu_graph"
"CPU_Elastic","COMPUTE_GRAPH","ggml_cgraph","GRAPH","",-1,1,-1,0,0,0,0,0,0.000312,1,"delegate_cpu_graph"
"CPU_Elastic","COMPUTE_GRAPH","ggml_cgraph","GRAPH","",-1,1,-1,0,0,0,0,0,0.010729,1,"delegate_cpu_graph"
"CPU_Elastic","COMPUTE_GRAPH","ggml_cgraph","GRAPH","",-1,1,-1,0,0,0,0,0,0.000416,1,"delegate_cpu_graph"
"CPU_Elastic","COMPUTE_GRAPH","ggml_cgraph","GRAPH","",-1,1,-1,0,0,0,0,0,0.000365,1,"delegate_cpu_graph"
"CPU_Elastic","COMPUTE_GRAPH","ggml_cgraph","GRAPH","",-1,1,-1,0,0,0,0,0,0.000365,1,"delegate_cpu_graph"
"CPU_Elastic","COMPUTE_GRAPH","ggml_cgraph","GRAPH","",-1,1,-1,0,0,0,0,0,0.329896,1,"delegate_cpu_graph"
"CPU_Elastic","COMPUTE_GRAPH","ggml_cgraph","GRAPH","",-1,1,-1,0,0,0,0,0,0.327656,1,"delegate_cpu_graph"
"CPU_Elastic","COMPUTE_GRAPH","ggml_cgraph","GRAPH","",-1,1,-1,0,0,0,0,0,0.007239,1,"delegate_cpu_graph"
"CPU_Elastic","COMPUTE_GRAPH","ggml_cgraph","GRAPH","",-1,1,-1,0,0,0,0,0,0.466823,1,"delegate_cpu_graph"
"CPU_Elastic","COMPUTE_GRAPH","ggml_cgraph","GRAPH","",-1,1,-1,0,0,0,0,0,0.013125,1,"delegate_cpu_graph"
"CPU_Elastic","COMPUTE_GRAPH","ggml_cgraph","GRAPH","",-1,1,-1,0,0,0,0,0,0.000729,1,"delegate_cpu_graph"
"CPU_Elastic","COMPUTE_GRAPH","ggml_cgraph","GRAPH","",-1,1,-1,0,0,0,0,0,0.000261,1,"delegate_cpu_graph"
"CPU_Elastic","COMPUTE_GRAPH","ggml_cgraph","GRAPH","",-1,1,-1,0,0,0,0,0,0.000261,1,"delegate_cpu_graph"
"CPU_Elastic","COMPUTE_GRAPH","ggml_cgraph","GRAPH","",-1,1,-1,0,0,0,0,0,0.000313,1,"delegate_cpu_graph"
"CPU_Elastic","COMPUTE_GRAPH","ggml_cgraph","GRAPH","",-1,1,-1,0,0,0,0,0,0.000261,1,"delegate_cpu_graph"
"CPU_Elastic","COMPUTE_GRAPH","ggml_cgraph","GRAPH","",-1,1,-1,0,0,0,0,0,0.000208,1,"delegate_cpu_graph"
"CPU_Elastic","COMPUTE_GRAPH","ggml_cgraph","GRAPH","",-1,1,-1,0,0,0,0,0,0.000260,1,"delegate_cpu_graph"
"CPU_Elastic","COMPUTE_GRAPH","ggml_cgraph","GRAPH","",-1,1,-1,0,0,0,0,0,0.000260,1,"delegate_cpu_graph"
"CPU_Elastic","COMPUTE_GRAPH","ggml_cgraph","GRAPH","",-1,1,-1,0,0,0,0,0,0.005052,1,"delegate_cpu_graph"
"CPU_Elastic","COMPUTE_GRAPH","ggml_cgraph","GRAPH","",-1,1,-1,0,0,0,0,0,0.004063,1,"delegate_cpu_graph"
"CPU_Elastic","COMPUTE_GRAPH","ggml_cgraph","GRAPH","",-1,1,-1,0,0,0,0,0,0.005052,1,"delegate_cpu_graph"
"CPU_Elastic","COMPUTE_GRAPH","ggml_cgraph","GRAPH","",-1,1,-1,0,0,0,0,0,0.004948,1,"delegate_cpu_graph"
"CPU_Elastic","COMPUTE_GRAPH","ggml_cgraph","GRAPH","",-1,1,-1,0,0,0,0,0,0.005416,1,"delegate_cpu_graph"
"CPU_Elastic","COMPUTE_GRAPH","ggml_cgraph","GRAPH","",-1,1,-1,0,0,0,0,0,0.004948,1,"delegate_cpu_graph"
"CPU_Elastic","COMPUTE_GRAPH","ggml_cgraph","GRAPH","",-1,1,-1,0,0,0,0,0,0.005000,1,"delegate_cpu_graph"
"CPU_Elastic","COMPUTE_GRAPH","ggml_cgraph","GRAPH","",-1,1,-1,0,0,0,0,0,0.005469,1,"delegate_cpu_graph"
"CPU_Elastic","COMPUTE_GRAPH","ggml_cgraph","GRAPH","",-1,1,-1,0,0,0,0,0,0.004479,1,"delegate_cpu_graph"
"CPU_Elastic","COMPUTE_GRAPH","ggml_cgraph","GRAPH","",-1,1,-1,0,0,0,0,0,0.090885,1,"delegate_cpu_graph"
"CPU_Elastic","COMPUTE_GRAPH","ggml_cgraph","GRAPH","",-1,1,-1,0,0,0,0,0,0.004792,1,"delegate_cpu_graph"
"CPU_Elastic","COMPUTE_GRAPH","ggml_cgraph","GRAPH","",-1,1,-1,0,0,0,0,0,0.000417,1,"delegate_cpu_graph"
"CPU_Elastic","COMPUTE_GRAPH","ggml_cgraph","GRAPH","",-1,1,-1,0,0,0,0,0,0.005521,1,"delegate_cpu_graph"
"CPU_Elastic","COMPUTE_GRAPH","ggml_cgraph","GRAPH","",-1,1,-1,0,0,0,0,0,0.090260,1,"delegate_cpu_graph"
"CPU_Elastic","COMPUTE_GRAPH","ggml_cgraph","GRAPH","",-1,1,-1,0,0,0,0,0,0.004115,1,"delegate_cpu_graph"
"CPU_Elastic","COMPUTE_GRAPH","ggml_cgraph","GRAPH","",-1,1,-1,0,0,0,0,0,0.000521,1,"delegate_cpu_graph"
"CPU_Elastic","COMPUTE_GRAPH","ggml_cgraph","GRAPH","",-1,1,-1,0,0,0,0,0,0.005365,1,"delegate_cpu_graph"
"CPU_Elastic","COMPUTE_GRAPH","ggml_cgraph","GRAPH","",-1,1,-1,0,0,0,0,0,0.089688,1,"delegate_cpu_graph"
"CPU_Elastic","COMPUTE_GRAPH","ggml_cgraph","GRAPH","",-1,1,-1,0,0,0,0,0,0.000417,1,"delegate_cpu_graph"
"CPU_Elastic","COMPUTE_GRAPH","ggml_cgraph","GRAPH","",-1,1,-1,0,0,0,0,0,0.000313,1,"delegate_cpu_graph"
"CPU_Elastic","COMPUTE_GRAPH","ggml_cgraph","GRAPH","",-1,1,-1,0,0,0,0,0,0.001614,1,"delegate_cpu_graph"
"CPU_Elastic","COMPUTE_GRAPH","ggml_cgraph","GRAPH","",-1,1,-1,0,0,0,0,0,0.000312,1,"delegate_cpu_graph"
"CPU_Elastic","COMPUTE_GRAPH","ggml_cgraph","GRAPH","",-1,1,-1,0,0,0,0,0,0.001406,1,"delegate_cpu_graph"
"CPU_Elastic","COMPUTE_GRAPH","ggml_cgraph","GRAPH","",-1,1,-1,0,0,0,0,0,0.000416,1,"delegate_cpu_graph"
"CPU_Elastic","COMPUTE_GRAPH","ggml_cgraph","GRAPH","",-1,1,-1,0,0,0,0,0,0.000260,1,"delegate_cpu_graph"
"CPU_Elastic","COMPUTE_GRAPH","ggml_cgraph","GRAPH","",-1,1,-1,0,0,0,0,0,0.000313,1,"delegate_cpu_graph"
"CPU_Elastic","COMPUTE_GRAPH","ggml_cgraph","GRAPH","",-1,1,-1,0,0,0,0,0,0.431823,1,"delegate_cpu_graph"
"CPU_Elastic","COMPUTE_GRAPH","ggml_cgraph","GRAPH","",-1,1,-1,0,0,0,0,0,0.000416,1,"delegate_cpu_graph"
"CPU_Elastic","COMPUTE_GRAPH","ggml_cgraph","GRAPH","",-1,1,-1,0,0,0,0,0,0.000313,1,"delegate_cpu_graph"
"CPU_Elastic","COMPUTE_GRAPH","ggml_cgraph","GRAPH","",-1,1,-1,0,0,0,0,0,0.000260,1,"delegate_cpu_graph"
"CPU_Elastic","COMPUTE_GRAPH","ggml_cgraph","GRAPH","",-1,1,-1,0,0,0,0,0,0.000365,1,"delegate_cpu_graph"
"CPU_Elastic","COMPUTE_GRAPH","ggml_cgraph","GRAPH","",-1,1,-1,0,0,0,0,0,0.037708,1,"delegate_cpu_graph"
"CPU_Elastic","COMPUTE_GRAPH","ggml_cgraph","GRAPH","",-1,1,-1,0,0,0,0,0,0.018021,1,"delegate_cpu_graph"
"CPU_Elastic","COMPUTE_GRAPH","ggml_cgraph","GRAPH","",-1,1,-1,0,0,0,0,0,0.030000,1,"delegate_cpu_graph"
"CPU_Elastic","COMPUTE_GRAPH","ggml_cgraph","GRAPH","",-1,1,-1,0,0,0,0,0,0.000365,1,"delegate_cpu_graph"
"CPU_Elastic","COMPUTE_GRAPH","ggml_cgraph","GRAPH","",-1,1,-1,0,0,0,0,0,0.005313,1,"delegate_cpu_graph"
"CPU_Elastic","COMPUTE_GRAPH","ggml_cgraph","GRAPH","",-1,1,-1,0,0,0,0,0,0.090000,1,"delegate_cpu_graph"
"CPU_Elastic","COMPUTE_GRAPH","ggml_cgraph","GRAPH","",-1,1,-1,0,0,0,0,0,0.007448,1,"delegate_cpu_graph"
"CPU_Elastic","COMPUTE_GRAPH","ggml_cgraph","GRAPH","",-1,1,-1,0,0,0,0,0,0.004166,1,"delegate_cpu_graph"
"CPU_Elastic","COMPUTE_GRAPH","ggml_cgraph","GRAPH","",-1,1,-1,0,0,0,0,0,0.013073,1,"delegate_cpu_graph"
"CPU_Elastic","COMPUTE_GRAPH","ggml_cgraph","GRAPH","",-1,1,-1,0,0,0,0,0,0.000730,1,"delegate_cpu_graph"
"CPU_Elastic","COMPUTE_GRAPH","ggml_cgraph","GRAPH","",-1,1,-1,0,0,0,0,0,0.000261,1,"delegate_cpu_graph"
"CPU_Elastic","COMPUTE_GRAPH","ggml_cgraph","GRAPH","",-1,1,-1,0,0,0,0,0,0.009584,1,"delegate_cpu_graph"
"CPU_Elastic","COMPUTE_GRAPH","ggml_cgraph","GRAPH","",-1,1,-1,0,0,0,0,0,0.000416,1,"delegate_cpu_graph"
"CPU_Elastic","COMPUTE_GRAPH","ggml_cgraph","GRAPH","",-1,1,-1,0,0,0,0,0,0.000469,1,"delegate_cpu_graph"
"CPU_Elastic","COMPUTE_GRAPH","ggml_cgraph","GRAPH","",-1,1,-1,0,0,0,0,0,0.000313,1,"delegate_cpu_graph"
"CPU_Elastic","COMPUTE_GRAPH","ggml_cgraph","GRAPH","",-1,1,-1,0,0,0,0,0,0.327968,1,"delegate_cpu_graph"
"CPU_Elastic","COMPUTE_GRAPH","ggml_cgraph","GRAPH","",-1,1,-1,0,0,0,0,0,0.340469,1,"delegate_cpu_graph"
"CPU_Elastic","COMPUTE_GRAPH","ggml_cgraph","GRAPH","",-1,1,-1,0,0,0,0,0,0.007344,1,"delegate_cpu_graph"
"CPU_Elastic","COMPUTE_GRAPH","ggml_cgraph","GRAPH","",-1,1,-1,0,0,0,0,0,0.347188,1,"delegate_cpu_graph"
"CPU_Elastic","COMPUTE_GRAPH","ggml_cgraph","GRAPH","",-1,1,-1,0,0,0,0,0,0.013437,1,"delegate_cpu_graph"
"CPU_Elastic","COMPUTE_GRAPH","ggml_cgraph","GRAPH","",-1,1,-1,0,0,0,0,0,0.000417,1,"delegate_cpu_graph"
"CPU_Elastic","COMPUTE_GRAPH","ggml_cgraph","GRAPH","",-1,1,-1,0,0,0,0,0,0.000260,1,"delegate_cpu_graph"
"CPU_Elastic","COMPUTE_GRAPH","ggml_cgraph","GRAPH","",-1,1,-1,0,0,0,0,0,0.000261,1,"delegate_cpu_graph"
"CPU_Elastic","COMPUTE_GRAPH","ggml_cgraph","GRAPH","",-1,1,-1,0,0,0,0,0,0.000261,1,"delegate_cpu_graph"
"CPU_Elastic","COMPUTE_GRAPH","ggml_cgraph","GRAPH","",-1,1,-1,0,0,0,0,0,0.000260,1,"delegate_cpu_graph"
"CPU_Elastic","COMPUTE_GRAPH","ggml_cgraph","GRAPH","",-1,1,-1,0,0,0,0,0,0.000260,1,"delegate_cpu_graph"
"CPU_Elastic","COMPUTE_GRAPH","ggml_cgraph","GRAPH","",-1,1,-1,0,0,0,0,0,0.000260,1,"delegate_cpu_graph"
"CPU_Elastic","COMPUTE_GRAPH","ggml_cgraph","GRAPH","",-1,1,-1,0,0,0,0,0,0.000260,1,"delegate_cpu_graph"
"CPU_Elastic","COMPUTE_GRAPH","ggml_cgraph","GRAPH","",-1,1,-1,0,0,0,0,0,0.005781,1,"delegate_cpu_graph"
"CPU_Elastic","COMPUTE_GRAPH","ggml_cgraph","GRAPH","",-1,1,-1,0,0,0,0,0,0.005260,1,"delegate_cpu_graph"
"CPU_Elastic","COMPUTE_GRAPH","ggml_cgraph","GRAPH","",-1,1,-1,0,0,0,0,0,0.004896,1,"delegate_cpu_graph"
"CPU_Elastic","COMPUTE_GRAPH","ggml_cgraph","GRAPH","",-1,1,-1,0,0,0,0,0,0.005416,1,"delegate_cpu_graph"
"CPU_Elastic","COMPUTE_GRAPH","ggml_cgraph","GRAPH","",-1,1,-1,0,0,0,0,0,0.005052,1,"delegate_cpu_graph"
"CPU_Elastic","COMPUTE_GRAPH","ggml_cgraph","GRAPH","",-1,1,-1,0,0,0,0,0,0.005104,1,"delegate_cpu_graph"
"CPU_Elastic","COMPUTE_GRAPH","ggml_cgraph","GRAPH","",-1,1,-1,0,0,0,0,0,0.005573,1,"delegate_cpu_graph"
"CPU_Elastic","COMPUTE_GRAPH","ggml_cgraph","GRAPH","",-1,1,-1,0,0,0,0,0,0.004896,1,"delegate_cpu_graph"
"CPU_Elastic","COMPUTE_GRAPH","ggml_cgraph","GRAPH","",-1,1,-1,0,0,0,0,0,0.004531,1,"delegate_cpu_graph"
"CPU_Elastic","COMPUTE_GRAPH","ggml_cgraph","GRAPH","",-1,1,-1,0,0,0,0,0,0.090052,1,"delegate_cpu_graph"
"CPU_Elastic","COMPUTE_GRAPH","ggml_cgraph","GRAPH","",-1,1,-1,0,0,0,0,0,0.004739,1,"delegate_cpu_graph"
"CPU_Elastic","COMPUTE_GRAPH","ggml_cgraph","GRAPH","",-1,1,-1,0,0,0,0,0,0.000417,1,"delegate_cpu_graph"
"CPU_Elastic","COMPUTE_GRAPH","ggml_cgraph","GRAPH","",-1,1,-1,0,0,0,0,0,0.005573,1,"delegate_cpu_graph"
"CPU_Elastic","COMPUTE_GRAPH","ggml_cgraph","GRAPH","",-1,1,-1,0,0,0,0,0,0.090417,1,"delegate_cpu_graph"
"CPU_Elastic","COMPUTE_GRAPH","ggml_cgraph","GRAPH","",-1,1,-1,0,0,0,0,0,0.004115,1,"delegate_cpu_graph"
"CPU_Elastic","COMPUTE_GRAPH","ggml_cgraph","GRAPH","",-1,1,-1,0,0,0,0,0,0.000469,1,"delegate_cpu_graph"
"CPU_Elastic","COMPUTE_GRAPH","ggml_cgraph","GRAPH","",-1,1,-1,0,0,0,0,0,0.005886,1,"delegate_cpu_graph"
"CPU_Elastic","COMPUTE_GRAPH","ggml_cgraph","GRAPH","",-1,1,-1,0,0,0,0,0,0.089583,1,"delegate_cpu_graph"
"CPU_Elastic","COMPUTE_GRAPH","ggml_cgraph","GRAPH","",-1,1,-1,0,0,0,0,0,0.000417,1,"delegate_cpu_graph"
"CPU_Elastic","COMPUTE_GRAPH","ggml_cgraph","GRAPH","",-1,1,-1,0,0,0,0,0,0.000260,1,"delegate_cpu_graph"
"CPU_Elastic","COMPUTE_GRAPH","ggml_cgraph","GRAPH","",-1,1,-1,0,0,0,0,0,0.001510,1,"delegate_cpu_graph"
"CPU_Elastic","COMPUTE_GRAPH","ggml_cgraph","GRAPH","",-1,1,-1,0,0,0,0,0,0.000261,1,"delegate_cpu_graph"
"CPU_Elastic","COMPUTE_GRAPH","ggml_cgraph","GRAPH","",-1,1,-1,0,0,0,0,0,0.001354,1,"delegate_cpu_graph"
"CPU_Elastic","COMPUTE_GRAPH","ggml_cgraph","GRAPH","",-1,1,-1,0,0,0,0,0,0.000260,1,"delegate_cpu_graph"
"CPU_Elastic","COMPUTE_GRAPH","ggml_cgraph","GRAPH","",-1,1,-1,0,0,0,0,0,0.000364,1,"delegate_cpu_graph"
"CPU_Elastic","COMPUTE_GRAPH","ggml_cgraph","GRAPH","",-1,1,-1,0,0,0,0,0,0.000261,1,"delegate_cpu_graph"
"CPU_Elastic","COMPUTE_GRAPH","ggml_cgraph","GRAPH","",-1,1,-1,0,0,0,0,0,0.432656,1,"delegate_cpu_graph"
"CPU_Elastic","COMPUTE_GRAPH","ggml_cgraph","GRAPH","",-1,1,-1,0,0,0,0,0,0.000365,1,"delegate_cpu_graph"
"CPU_Elastic","COMPUTE_GRAPH","ggml_cgraph","GRAPH","",-1,1,-1,0,0,0,0,0,0.000313,1,"delegate_cpu_graph"
"CPU_Elastic","COMPUTE_GRAPH","ggml_cgraph","GRAPH","",-1,1,-1,0,0,0,0,0,0.000261,1,"delegate_cpu_graph"
"CPU_Elastic","COMPUTE_GRAPH","ggml_cgraph","GRAPH","",-1,1,-1,0,0,0,0,0,0.000260,1,"delegate_cpu_graph"
"CPU_Elastic","COMPUTE_GRAPH","ggml_cgraph","GRAPH","",-1,1,-1,0,0,0,0,0,0.039167,1,"delegate_cpu_graph"
"CPU_Elastic","COMPUTE_GRAPH","ggml_cgraph","GRAPH","",-1,1,-1,0,0,0,0,0,0.017240,1,"delegate_cpu_graph"
"CPU_Elastic","COMPUTE_GRAPH","ggml_cgraph","GRAPH","",-1,1,-1,0,0,0,0,0,0.030208,1,"delegate_cpu_graph"
"CPU_Elastic","COMPUTE_GRAPH","ggml_cgraph","GRAPH","",-1,1,-1,0,0,0,0,0,0.000365,1,"delegate_cpu_graph"
"CPU_Elastic","COMPUTE_GRAPH","ggml_cgraph","GRAPH","",-1,1,-1,0,0,0,0,0,0.004896,1,"delegate_cpu_graph"
"CPU_Elastic","COMPUTE_GRAPH","ggml_cgraph","GRAPH","",-1,1,-1,0,0,0,0,0,0.090209,1,"delegate_cpu_graph"
"CPU_Elastic","COMPUTE_GRAPH","ggml_cgraph","GRAPH","",-1,1,-1,0,0,0,0,0,0.005416,1,"delegate_cpu_graph"
"CPU_Elastic","COMPUTE_GRAPH","ggml_cgraph","GRAPH","",-1,1,-1,0,0,0,0,0,0.004427,1,"delegate_cpu_graph"
"CPU_Elastic","COMPUTE_GRAPH","ggml_cgraph","GRAPH","",-1,1,-1,0,0,0,0,0,0.013959,1,"delegate_cpu_graph"
"CPU_Elastic","COMPUTE_GRAPH","ggml_cgraph","GRAPH","",-1,1,-1,0,0,0,0,0,0.000729,1,"delegate_cpu_graph"
"CPU_Elastic","COMPUTE_GRAPH","ggml_cgraph","GRAPH","",-1,1,-1,0,0,0,0,0,0.000260,1,"delegate_cpu_graph"
"CPU_Elastic","COMPUTE_GRAPH","ggml_cgraph","GRAPH","",-1,1,-1,0,0,0,0,0,0.010573,1,"delegate_cpu_graph"
"CPU_Elastic","COMPUTE_GRAPH","ggml_cgraph","GRAPH","",-1,1,-1,0,0,0,0,0,0.000417,1,"delegate_cpu_graph"
"CPU_Elastic","COMPUTE_GRAPH","ggml_cgraph","GRAPH","",-1,1,-1,0,0,0,0,0,0.000364,1,"delegate_cpu_graph"
"CPU_Elastic","COMPUTE_GRAPH","ggml_cgraph","GRAPH","",-1,1,-1,0,0,0,0,0,0.000312,1,"delegate_cpu_graph"
"CPU_Elastic","COMPUTE_GRAPH","ggml_cgraph","GRAPH","",-1,1,-1,0,0,0,0,0,0.332031,1,"delegate_cpu_graph"
"CPU_Elastic","COMPUTE_GRAPH","ggml_cgraph","GRAPH","",-1,1,-1,0,0,0,0,0,0.327448,1,"delegate_cpu_graph"
"CPU_Elastic","COMPUTE_GRAPH","ggml_cgraph","GRAPH","",-1,1,-1,0,0,0,0,0,0.007709,1,"delegate_cpu_graph"
"CPU_Elastic","COMPUTE_GRAPH","ggml_cgraph","GRAPH","",-1,1,-1,0,0,0,0,0,0.348854,1,"delegate_cpu_graph"
"CPU_Elastic","COMPUTE_GRAPH","ggml_cgraph","GRAPH","",-1,1,-1,0,0,0,0,0,0.012812,1,"delegate_cpu_graph"
"CPU_Elastic","COMPUTE_GRAPH","ggml_cgraph","GRAPH","",-1,1,-1,0,0,0,0,0,0.000417,1,"delegate_cpu_graph"
"CPU_Elastic","COMPUTE_GRAPH","ggml_cgraph","GRAPH","",-1,1,-1,0,0,0,0,0,0.000313,1,"delegate_cpu_graph"
"CPU_Elastic","COMPUTE_GRAPH","ggml_cgraph","GRAPH","",-1,1,-1,0,0,0,0,0,0.000261,1,"delegate_cpu_graph"
"CPU_Elastic","COMPUTE_GRAPH","ggml_cgraph","GRAPH","",-1,1,-1,0,0,0,0,0,0.000312,1,"delegate_cpu_graph"
"CPU_Elastic","COMPUTE_GRAPH","ggml_cgraph","GRAPH","",-1,1,-1,0,0,0,0,0,0.000260,1,"delegate_cpu_graph"
"CPU_Elastic","COMPUTE_GRAPH","ggml_cgraph","GRAPH","",-1,1,-1,0,0,0,0,0,0.000261,1,"delegate_cpu_graph"
"CPU_Elastic","COMPUTE_GRAPH","ggml_cgraph","GRAPH","",-1,1,-1,0,0,0,0,0,0.000261,1,"delegate_cpu_graph"
"CPU_Elastic","COMPUTE_GRAPH","ggml_cgraph","GRAPH","",-1,1,-1,0,0,0,0,0,0.000208,1,"delegate_cpu_graph"
"CPU_Elastic","COMPUTE_GRAPH","ggml_cgraph","GRAPH","",-1,1,-1,0,0,0,0,0,0.003542,1,"delegate_cpu_graph"
"CPU_Elastic","COMPUTE_GRAPH","ggml_cgraph","GRAPH","",-1,1,-1,0,0,0,0,0,0.004531,1,"delegate_cpu_graph"
"CPU_Elastic","COMPUTE_GRAPH","ggml_cgraph","GRAPH","",-1,1,-1,0,0,0,0,0,0.005052,1,"delegate_cpu_graph"
"CPU_Elastic","COMPUTE_GRAPH","ggml_cgraph","GRAPH","",-1,1,-1,0,0,0,0,0,0.005521,1,"delegate_cpu_graph"
"CPU_Elastic","COMPUTE_GRAPH","ggml_cgraph","GRAPH","",-1,1,-1,0,0,0,0,0,0.004947,1,"delegate_cpu_graph"
"CPU_Elastic","COMPUTE_GRAPH","ggml_cgraph","GRAPH","",-1,1,-1,0,0,0,0,0,0.005052,1,"delegate_cpu_graph"
"CPU_Elastic","COMPUTE_GRAPH","ggml_cgraph","GRAPH","",-1,1,-1,0,0,0,0,0,0.005521,1,"delegate_cpu_graph"
"CPU_Elastic","COMPUTE_GRAPH","ggml_cgraph","GRAPH","",-1,1,-1,0,0,0,0,0,0.004792,1,"delegate_cpu_graph"
"CPU_Elastic","COMPUTE_GRAPH","ggml_cgraph","GRAPH","",-1,1,-1,0,0,0,0,0,0.004792,1,"delegate_cpu_graph"
"CPU_Elastic","COMPUTE_GRAPH","ggml_cgraph","GRAPH","",-1,1,-1,0,0,0,0,0,0.090625,1,"delegate_cpu_graph"
"CPU_Elastic","COMPUTE_GRAPH","ggml_cgraph","GRAPH","",-1,1,-1,0,0,0,0,0,0.004479,1,"delegate_cpu_graph"
"CPU_Elastic","COMPUTE_GRAPH","ggml_cgraph","GRAPH","",-1,1,-1,0,0,0,0,0,0.000469,1,"delegate_cpu_graph"
"CPU_Elastic","COMPUTE_GRAPH","ggml_cgraph","GRAPH","",-1,1,-1,0,0,0,0,0,0.005521,1,"delegate_cpu_graph"
"CPU_Elastic","COMPUTE_GRAPH","ggml_cgraph","GRAPH","",-1,1,-1,0,0,0,0,0,0.090260,1,"delegate_cpu_graph"
"CPU_Elastic","COMPUTE_GRAPH","ggml_cgraph","GRAPH","",-1,1,-1,0,0,0,0,0,0.004271,1,"delegate_cpu_graph"
"CPU_Elastic","COMPUTE_GRAPH","ggml_cgraph","GRAPH","",-1,1,-1,0,0,0,0,0,0.000469,1,"delegate_cpu_graph"
"CPU_Elastic","COMPUTE_GRAPH","ggml_cgraph","GRAPH","",-1,1,-1,0,0,0,0,0,0.005885,1,"delegate_cpu_graph"
"CPU_Elastic","COMPUTE_GRAPH","ggml_cgraph","GRAPH","",-1,1,-1,0,0,0,0,0,0.127448,1,"delegate_cpu_graph"
"CPU_Elastic","COMPUTE_GRAPH","ggml_cgraph","GRAPH","",-1,1,-1,0,0,0,0,0,0.000469,1,"delegate_cpu_graph"
"CPU_Elastic","COMPUTE_GRAPH","ggml_cgraph","GRAPH","",-1,1,-1,0,0,0,0,0,0.000312,1,"delegate_cpu_graph"
"CPU_Elastic","COMPUTE_GRAPH","ggml_cgraph","GRAPH","",-1,1,-1,0,0,0,0,0,0.001458,1,"delegate_cpu_graph"
"CPU_Elastic","COMPUTE_GRAPH","ggml_cgraph","GRAPH","",-1,1,-1,0,0,0,0,0,0.000260,1,"delegate_cpu_graph"
"CPU_Elastic","COMPUTE_GRAPH","ggml_cgraph","GRAPH","",-1,1,-1,0,0,0,0,0,0.001458,1,"delegate_cpu_graph"
"CPU_Elastic","COMPUTE_GRAPH","ggml_cgraph","GRAPH","",-1,1,-1,0,0,0,0,0,0.000312,1,"delegate_cpu_graph"
"CPU_Elastic","COMPUTE_GRAPH","ggml_cgraph","GRAPH","",-1,1,-1,0,0,0,0,0,0.000312,1,"delegate_cpu_graph"
"CPU_Elastic","COMPUTE_GRAPH","ggml_cgraph","GRAPH","",-1,1,-1,0,0,0,0,0,0.000260,1,"delegate_cpu_graph"
"CPU_Elastic","COMPUTE_GRAPH","ggml_cgraph","GRAPH","",-1,1,-1,0,0,0,0,0,0.438333,1,"delegate_cpu_graph"
"CPU_Elastic","COMPUTE_GRAPH","ggml_cgraph","GRAPH","",-1,1,-1,0,0,0,0,0,0.000416,1,"delegate_cpu_graph"
"CPU_Elastic","COMPUTE_GRAPH","ggml_cgraph","GRAPH","",-1,1,-1,0,0,0,0,0,0.000260,1,"delegate_cpu_graph"
"CPU_Elastic","COMPUTE_GRAPH","ggml_cgraph","GRAPH","",-1,1,-1,0,0,0,0,0,0.000261,1,"delegate_cpu_graph"
"CPU_Elastic","COMPUTE_GRAPH","ggml_cgraph","GRAPH","",-1,1,-1,0,0,0,0,0,0.000313,1,"delegate_cpu_graph"
"CPU_Elastic","COMPUTE_GRAPH","ggml_cgraph","GRAPH","",-1,1,-1,0,0,0,0,0,0.040833,1,"delegate_cpu_graph"
"CPU_Elastic","COMPUTE_GRAPH","ggml_cgraph","GRAPH","",-1,1,-1,0,0,0,0,0,0.017500,1,"delegate_cpu_graph"
"CPU_Elastic","COMPUTE_GRAPH","ggml_cgraph","GRAPH","",-1,1,-1,0,0,0,0,0,0.029948,1,"delegate_cpu_graph"
"CPU_Elastic","COMPUTE_GRAPH","ggml_cgraph","GRAPH","",-1,1,-1,0,0,0,0,0,0.000417,1,"delegate_cpu_graph"
"CPU_Elastic","COMPUTE_GRAPH","ggml_cgraph","GRAPH","",-1,1,-1,0,0,0,0,0,0.005000,1,"delegate_cpu_graph"
"CPU_Elastic","COMPUTE_GRAPH","ggml_cgraph","GRAPH","",-1,1,-1,0,0,0,0,0,0.089792,1,"delegate_cpu_graph"
"CPU_Elastic","COMPUTE_GRAPH","ggml_cgraph","GRAPH","",-1,1,-1,0,0,0,0,0,0.007969,1,"delegate_cpu_graph"
"CPU_Elastic","COMPUTE_GRAPH","ggml_cgraph","GRAPH","",-1,1,-1,0,0,0,0,0,0.004584,1,"delegate_cpu_graph"
"CPU_Elastic","COMPUTE_GRAPH","ggml_cgraph","GRAPH","",-1,1,-1,0,0,0,0,0,0.014166,1,"delegate_cpu_graph"
"CPU_Elastic","COMPUTE_GRAPH","ggml_cgraph","GRAPH","",-1,1,-1,0,0,0,0,0,0.000729,1,"delegate_cpu_graph"
"CPU_Elastic","COMPUTE_GRAPH","ggml_cgraph","GRAPH","",-1,1,-1,0,0,0,0,0,0.000260,1,"delegate_cpu_graph"
"CPU_Elastic","COMPUTE_GRAPH","ggml_cgraph","GRAPH","",-1,1,-1,0,0,0,0,0,0.010625,1,"delegate_cpu_graph"
"CPU_Elastic","COMPUTE_GRAPH","ggml_cgraph","GRAPH","",-1,1,-1,0,0,0,0,0,0.000469,1,"delegate_cpu_graph"
"CPU_Elastic","COMPUTE_GRAPH","ggml_cgraph","GRAPH","",-1,1,-1,0,0,0,0,0,0.000364,1,"delegate_cpu_graph"
"CPU_Elastic","COMPUTE_GRAPH","ggml_cgraph","GRAPH","",-1,1,-1,0,0,0,0,0,0.000260,1,"delegate_cpu_graph"
"CPU_Elastic","COMPUTE_GRAPH","ggml_cgraph","GRAPH","",-1,1,-1,0,0,0,0,0,0.363334,1,"delegate_cpu_graph"
"CPU_Elastic","COMPUTE_GRAPH","ggml_cgraph","GRAPH","",-1,1,-1,0,0,0,0,0,0.327032,1,"delegate_cpu_graph"
"CPU_Elastic","COMPUTE_GRAPH","ggml_cgraph","GRAPH","",-1,1,-1,0,0,0,0,0,0.010365,1,"delegate_cpu_graph"
"CPU_Elastic","COMPUTE_GRAPH","ggml_cgraph","GRAPH","",-1,1,-1,0,0,0,0,0,0.494531,1,"delegate_cpu_graph"
"CPU_Elastic","COMPUTE_GRAPH","ggml_cgraph","GRAPH","",-1,1,-1,0,0,0,0,0,0.012343,1,"delegate_cpu_graph"
"CPU_Elastic","COMPUTE_GRAPH","ggml_cgraph","GRAPH","",-1,1,-1,0,0,0,0,0,0.000417,1,"delegate_cpu_graph"
"CPU_Elastic","COMPUTE_GRAPH","ggml_cgraph","GRAPH","",-1,1,-1,0,0,0,0,0,0.000260,1,"delegate_cpu_graph"
"CPU_Elastic","COMPUTE_GRAPH","ggml_cgraph","GRAPH","",-1,1,-1,0,0,0,0,0,0.000312,1,"delegate_cpu_graph"
"CPU_Elastic","COMPUTE_GRAPH","ggml_cgraph","GRAPH","",-1,1,-1,0,0,0,0,0,0.000209,1,"delegate_cpu_graph"
"CPU_Elastic","COMPUTE_GRAPH","ggml_cgraph","GRAPH","",-1,1,-1,0,0,0,0,0,0.000261,1,"delegate_cpu_graph"
"CPU_Elastic","COMPUTE_GRAPH","ggml_cgraph","GRAPH","",-1,1,-1,0,0,0,0,0,0.000261,1,"delegate_cpu_graph"
"CPU_Elastic","COMPUTE_GRAPH","ggml_cgraph","GRAPH","",-1,1,-1,0,0,0,0,0,0.000260,1,"delegate_cpu_graph"
"CPU_Elastic","COMPUTE_GRAPH","ggml_cgraph","GRAPH","",-1,1,-1,0,0,0,0,0,0.000260,1,"delegate_cpu_graph"
"CPU_Elastic","COMPUTE_GRAPH","ggml_cgraph","GRAPH","",-1,1,-1,0,0,0,0,0,0.005312,1,"delegate_cpu_graph"
"CPU_Elastic","COMPUTE_GRAPH","ggml_cgraph","GRAPH","",-1,1,-1,0,0,0,0,0,0.004896,1,"delegate_cpu_graph"
"CPU_Elastic","COMPUTE_GRAPH","ggml_cgraph","GRAPH","",-1,1,-1,0,0,0,0,0,0.005468,1,"delegate_cpu_graph"
"CPU_Elastic","COMPUTE_GRAPH","ggml_cgraph","GRAPH","",-1,1,-1,0,0,0,0,0,0.005729,1,"delegate_cpu_graph"
"CPU_Elastic","COMPUTE_GRAPH","ggml_cgraph","GRAPH","",-1,1,-1,0,0,0,0,0,0.005417,1,"delegate_cpu_graph"
"CPU_Elastic","COMPUTE_GRAPH","ggml_cgraph","GRAPH","",-1,1,-1,0,0,0,0,0,0.005885,1,"delegate_cpu_graph"
"CPU_Elastic","COMPUTE_GRAPH","ggml_cgraph","GRAPH","",-1,1,-1,0,0,0,0,0,0.005417,1,"delegate_cpu_graph"
"CPU_Elastic","COMPUTE_GRAPH","ggml_cgraph","GRAPH","",-1,1,-1,0,0,0,0,0,0.005886,1,"delegate_cpu_graph"
"CPU_Elastic","COMPUTE_GRAPH","ggml_cgraph","GRAPH","",-1,1,-1,0,0,0,0,0,0.005000,1,"delegate_cpu_graph"
"CPU_Elastic","COMPUTE_GRAPH","ggml_cgraph","GRAPH","",-1,1,-1,0,0,0,0,0,0.091094,1,"delegate_cpu_graph"
"CPU_Elastic","COMPUTE_GRAPH","ggml_cgraph","GRAPH","",-1,1,-1,0,0,0,0,0,0.004479,1,"delegate_cpu_graph"
"CPU_Elastic","COMPUTE_GRAPH","ggml_cgraph","GRAPH","",-1,1,-1,0,0,0,0,0,0.000417,1,"delegate_cpu_graph"
"CPU_Elastic","COMPUTE_GRAPH","ggml_cgraph","GRAPH","",-1,1,-1,0,0,0,0,0,0.005833,1,"delegate_cpu_graph"
"CPU_Elastic","COMPUTE_GRAPH","ggml_cgraph","GRAPH","",-1,1,-1,0,0,0,0,0,0.136875,1,"delegate_cpu_graph"
"CPU_Elastic","COMPUTE_GRAPH","ggml_cgraph","GRAPH","",-1,1,-1,0,0,0,0,0,0.004635,1,"delegate_cpu_graph"
"CPU_Elastic","COMPUTE_GRAPH","ggml_cgraph","GRAPH","",-1,1,-1,0,0,0,0,0,0.000469,1,"delegate_cpu_graph"
"CPU_Elastic","COMPUTE_GRAPH","ggml_cgraph","GRAPH","",-1,1,-1,0,0,0,0,0,0.005730,1,"delegate_cpu_graph"
"CPU_Elastic","COMPUTE_GRAPH","ggml_cgraph","GRAPH","",-1,1,-1,0,0,0,0,0,0.127812,1,"delegate_cpu_graph"
"CPU_Elastic","COMPUTE_GRAPH","ggml_cgraph","GRAPH","",-1,1,-1,0,0,0,0,0,0.000417,1,"delegate_cpu_graph"
"CPU_Elastic","COMPUTE_GRAPH","ggml_cgraph","GRAPH","",-1,1,-1,0,0,0,0,0,0.000313,1,"delegate_cpu_graph"
"CPU_Elastic","COMPUTE_GRAPH","ggml_cgraph","GRAPH","",-1,1,-1,0,0,0,0,0,0.001562,1,"delegate_cpu_graph"
"CPU_Elastic","COMPUTE_GRAPH","ggml_cgraph","GRAPH","",-1,1,-1,0,0,0,0,0,0.000260,1,"delegate_cpu_graph"
"CPU_Elastic","COMPUTE_GRAPH","ggml_cgraph","GRAPH","",-1,1,-1,0,0,0,0,0,0.001458,1,"delegate_cpu_graph"
"CPU_Elastic","COMPUTE_GRAPH","ggml_cgraph","GRAPH","",-1,1,-1,0,0,0,0,0,0.000312,1,"delegate_cpu_graph"
"CPU_Elastic","COMPUTE_GRAPH","ggml_cgraph","GRAPH","",-1,1,-1,0,0,0,0,0,0.000260,1,"delegate_cpu_graph"
"CPU_Elastic","COMPUTE_GRAPH","ggml_cgraph","GRAPH","",-1,1,-1,0,0,0,0,0,0.000312,1,"delegate_cpu_graph"
"CPU_Elastic","COMPUTE_GRAPH","ggml_cgraph","GRAPH","",-1,1,-1,0,0,0,0,0,0.431198,1,"delegate_cpu_graph"
"CPU_Elastic","COMPUTE_GRAPH","ggml_cgraph","GRAPH","",-1,1,-1,0,0,0,0,0,0.000521,1,"delegate_cpu_graph"
"CPU_Elastic","COMPUTE_GRAPH","ggml_cgraph","GRAPH","",-1,1,-1,0,0,0,0,0,0.000312,1,"delegate_cpu_graph"
"CPU_Elastic","COMPUTE_GRAPH","ggml_cgraph","GRAPH","",-1,1,-1,0,0,0,0,0,0.000261,1,"delegate_cpu_graph"
"CPU_Elastic","COMPUTE_GRAPH","ggml_cgraph","GRAPH","",-1,1,-1,0,0,0,0,0,0.000261,1,"delegate_cpu_graph"
"CPU_Elastic","COMPUTE_GRAPH","ggml_cgraph","GRAPH","",-1,1,-1,0,0,0,0,0,0.040208,1,"delegate_cpu_graph"
"CPU_Elastic","COMPUTE_GRAPH","ggml_cgraph","GRAPH","",-1,1,-1,0,0,0,0,0,0.017240,1,"delegate_cpu_graph"
"CPU_Elastic","COMPUTE_GRAPH","ggml_cgraph","GRAPH","",-1,1,-1,0,0,0,0,0,0.032187,1,"delegate_cpu_graph"
"CPU_Elastic","COMPUTE_GRAPH","ggml_cgraph","GRAPH","",-1,1,-1,0,0,0,0,0,0.000417,1,"delegate_cpu_graph"
"CPU_Elastic","COMPUTE_GRAPH","ggml_cgraph","GRAPH","",-1,1,-1,0,0,0,0,0,0.005052,1,"delegate_cpu_graph"
"CPU_Elastic","COMPUTE_GRAPH","ggml_cgraph","GRAPH","",-1,1,-1,0,0,0,0,0,0.094532,1,"delegate_cpu_graph"
"CPU_Elastic","COMPUTE_GRAPH","ggml_cgraph","GRAPH","",-1,1,-1,0,0,0,0,0,0.004844,1,"delegate_cpu_graph"
"CPU_Elastic","COMPUTE_GRAPH","ggml_cgraph","GRAPH","",-1,1,-1,0,0,0,0,0,0.004010,1,"delegate_cpu_graph"
"CPU_Elastic","COMPUTE_GRAPH","ggml_cgraph","GRAPH","",-1,1,-1,0,0,0,0,0,0.014062,1,"delegate_cpu_graph"
"CPU_Elastic","COMPUTE_GRAPH","ggml_cgraph","GRAPH","",-1,1,-1,0,0,0,0,0,0.000677,1,"delegate_cpu_graph"
"CPU_Elastic","COMPUTE_GRAPH","ggml_cgraph","GRAPH","",-1,1,-1,0,0,0,0,0,0.000365,1,"delegate_cpu_graph"
"CPU_Elastic","COMPUTE_GRAPH","ggml_cgraph","GRAPH","",-1,1,-1,0,0,0,0,0,0.010312,1,"delegate_cpu_graph"
"CPU_Elastic","COMPUTE_GRAPH","ggml_cgraph","GRAPH","",-1,1,-1,0,0,0,0,0,0.000417,1,"delegate_cpu_graph"
"CPU_Elastic","COMPUTE_GRAPH","ggml_cgraph","GRAPH","",-1,1,-1,0,0,0,0,0,0.000365,1,"delegate_cpu_graph"
"CPU_Elastic","COMPUTE_GRAPH","ggml_cgraph","GRAPH","",-1,1,-1,0,0,0,0,0,0.000312,1,"delegate_cpu_graph"
"CPU_Elastic","COMPUTE_GRAPH","ggml_cgraph","GRAPH","",-1,1,-1,0,0,0,0,0,0.328541,1,"delegate_cpu_graph"
"CPU_Elastic","COMPUTE_GRAPH","ggml_cgraph","GRAPH","",-1,1,-1,0,0,0,0,0,0.329011,1,"delegate_cpu_graph"
"CPU_Elastic","COMPUTE_GRAPH","ggml_cgraph","GRAPH","",-1,1,-1,0,0,0,0,0,0.007605,1,"delegate_cpu_graph"
"CPU_Elastic","COMPUTE_GRAPH","ggml_cgraph","GRAPH","",-1,1,-1,0,0,0,0,0,0.472916,1,"delegate_cpu_graph"
"CPU_Elastic","COMPUTE_GRAPH","ggml_cgraph","GRAPH","",-1,1,-1,0,0,0,0,0,0.012969,1,"delegate_cpu_graph"
"CPU_Elastic","COMPUTE_GRAPH","ggml_cgraph","GRAPH","",-1,1,-1,0,0,0,0,0,0.000469,1,"delegate_cpu_graph"
"CPU_Elastic","COMPUTE_GRAPH","ggml_cgraph","GRAPH","",-1,1,-1,0,0,0,0,0,0.000312,1,"delegate_cpu_graph"
"CPU_Elastic","COMPUTE_GRAPH","ggml_cgraph","GRAPH","",-1,1,-1,0,0,0,0,0,0.000312,1,"delegate_cpu_graph"
"CPU_Elastic","COMPUTE_GRAPH","ggml_cgraph","GRAPH","",-1,1,-1,0,0,0,0,0,0.000312,1,"delegate_cpu_graph"
"CPU_Elastic","COMPUTE_GRAPH","ggml_cgraph","GRAPH","",-1,1,-1,0,0,0,0,0,0.000312,1,"delegate_cpu_graph"
"CPU_Elastic","COMPUTE_GRAPH","ggml_cgraph","GRAPH","",-1,1,-1,0,0,0,0,0,0.000313,1,"delegate_cpu_graph"
"CPU_Elastic","COMPUTE_GRAPH","ggml_cgraph","GRAPH","",-1,1,-1,0,0,0,0,0,0.000261,1,"delegate_cpu_graph"
"CPU_Elastic","COMPUTE_GRAPH","ggml_cgraph","GRAPH","",-1,1,-1,0,0,0,0,0,0.000365,1,"delegate_cpu_graph"
"CPU_Elastic","COMPUTE_GRAPH","ggml_cgraph","GRAPH","",-1,1,-1,0,0,0,0,0,0.003802,1,"delegate_cpu_graph"
"CPU_Elastic","COMPUTE_GRAPH","ggml_cgraph","GRAPH","",-1,1,-1,0,0,0,0,0,0.005625,1,"delegate_cpu_graph"
"CPU_Elastic","COMPUTE_GRAPH","ggml_cgraph","GRAPH","",-1,1,-1,0,0,0,0,0,0.005104,1,"delegate_cpu_graph"
"CPU_Elastic","COMPUTE_GRAPH","ggml_cgraph","GRAPH","",-1,1,-1,0,0,0,0,0,0.004896,1,"delegate_cpu_graph"
"CPU_Elastic","COMPUTE_GRAPH","ggml_cgraph","GRAPH","",-1,1,-1,0,0,0,0,0,0.005365,1,"delegate_cpu_graph"
"CPU_Elastic","COMPUTE_GRAPH","ggml_cgraph","GRAPH","",-1,1,-1,0,0,0,0,0,0.005000,1,"delegate_cpu_graph"
"CPU_Elastic","COMPUTE_GRAPH","ggml_cgraph","GRAPH","",-1,1,-1,0,0,0,0,0,0.005052,1,"delegate_cpu_graph"
"CPU_Elastic","COMPUTE_GRAPH","ggml_cgraph","GRAPH","",-1,1,-1,0,0,0,0,0,0.005469,1,"delegate_cpu_graph"
"CPU_Elastic","COMPUTE_GRAPH","ggml_cgraph","GRAPH","",-1,1,-1,0,0,0,0,0,0.004844,1,"delegate_cpu_graph"
"CPU_Elastic","COMPUTE_GRAPH","ggml_cgraph","GRAPH","",-1,1,-1,0,0,0,0,0,0.090781,1,"delegate_cpu_graph"
"CPU_Elastic","COMPUTE_GRAPH","ggml_cgraph","GRAPH","",-1,1,-1,0,0,0,0,0,0.005156,1,"delegate_cpu_graph"
"CPU_Elastic","COMPUTE_GRAPH","ggml_cgraph","GRAPH","",-1,1,-1,0,0,0,0,0,0.000469,1,"delegate_cpu_graph"
"CPU_Elastic","COMPUTE_GRAPH","ggml_cgraph","GRAPH","",-1,1,-1,0,0,0,0,0,0.005937,1,"delegate_cpu_graph"
"CPU_Elastic","COMPUTE_GRAPH","ggml_cgraph","GRAPH","",-1,1,-1,0,0,0,0,0,0.089948,1,"delegate_cpu_graph"
"CPU_Elastic","COMPUTE_GRAPH","ggml_cgraph","GRAPH","",-1,1,-1,0,0,0,0,0,0.004219,1,"delegate_cpu_graph"
"CPU_Elastic","COMPUTE_GRAPH","ggml_cgraph","GRAPH","",-1,1,-1,0,0,0,0,0,0.000469,1,"delegate_cpu_graph"
"CPU_Elastic","COMPUTE_GRAPH","ggml_cgraph","GRAPH","",-1,1,-1,0,0,0,0,0,0.005677,1,"delegate_cpu_graph"
"CPU_Elastic","COMPUTE_GRAPH","ggml_cgraph","GRAPH","",-1,1,-1,0,0,0,0,0,0.126510,1,"delegate_cpu_graph"
"CPU_Elastic","COMPUTE_GRAPH","ggml_cgraph","GRAPH","",-1,1,-1,0,0,0,0,0,0.000469,1,"delegate_cpu_graph"
"CPU_Elastic","COMPUTE_GRAPH","ggml_cgraph","GRAPH","",-1,1,-1,0,0,0,0,0,0.000312,1,"delegate_cpu_graph"
"CPU_Elastic","COMPUTE_GRAPH","ggml_cgraph","GRAPH","",-1,1,-1,0,0,0,0,0,0.001719,1,"delegate_cpu_graph"
"CPU_Elastic","COMPUTE_GRAPH","ggml_cgraph","GRAPH","",-1,1,-1,0,0,0,0,0,0.000261,1,"delegate_cpu_graph"
"CPU_Elastic","COMPUTE_GRAPH","ggml_cgraph","GRAPH","",-1,1,-1,0,0,0,0,0,0.001354,1,"delegate_cpu_graph"
"CPU_Elastic","COMPUTE_GRAPH","ggml_cgraph","GRAPH","",-1,1,-1,0,0,0,0,0,0.000312,1,"delegate_cpu_graph"
"CPU_Elastic","COMPUTE_GRAPH","ggml_cgraph","GRAPH","",-1,1,-1,0,0,0,0,0,0.000260,1,"delegate_cpu_graph"
"CPU_Elastic","COMPUTE_GRAPH","ggml_cgraph","GRAPH","",-1,1,-1,0,0,0,0,0,0.000313,1,"delegate_cpu_graph"
"CPU_Elastic","COMPUTE_GRAPH","ggml_cgraph","GRAPH","",-1,1,-1,0,0,0,0,0,0.448438,1,"delegate_cpu_graph"
"CPU_Elastic","COMPUTE_GRAPH","ggml_cgraph","GRAPH","",-1,1,-1,0,0,0,0,0,0.000417,1,"delegate_cpu_graph"
"CPU_Elastic","COMPUTE_GRAPH","ggml_cgraph","GRAPH","",-1,1,-1,0,0,0,0,0,0.000260,1,"delegate_cpu_graph"
"CPU_Elastic","COMPUTE_GRAPH","ggml_cgraph","GRAPH","",-1,1,-1,0,0,0,0,0,0.000260,1,"delegate_cpu_graph"
"CPU_Elastic","COMPUTE_GRAPH","ggml_cgraph","GRAPH","",-1,1,-1,0,0,0,0,0,0.000260,1,"delegate_cpu_graph"
"CPU_Elastic","COMPUTE_GRAPH","ggml_cgraph","GRAPH","",-1,1,-1,0,0,0,0,0,0.039323,1,"delegate_cpu_graph"
"CPU_Elastic","COMPUTE_GRAPH","ggml_cgraph","GRAPH","",-1,1,-1,0,0,0,0,0,0.017136,1,"delegate_cpu_graph"
"CPU_Elastic","COMPUTE_GRAPH","ggml_cgraph","GRAPH","",-1,1,-1,0,0,0,0,0,0.030260,1,"delegate_cpu_graph"
"CPU_Elastic","COMPUTE_GRAPH","ggml_cgraph","GRAPH","",-1,1,-1,0,0,0,0,0,0.000417,1,"delegate_cpu_graph"
"CPU_Elastic","COMPUTE_GRAPH","ggml_cgraph","GRAPH","",-1,1,-1,0,0,0,0,0,0.004687,1,"delegate_cpu_graph"
"CPU_Elastic","COMPUTE_GRAPH","ggml_cgraph","GRAPH","",-1,1,-1,0,0,0,0,0,0.089843,1,"delegate_cpu_graph"
"CPU_Elastic","COMPUTE_GRAPH","ggml_cgraph","GRAPH","",-1,1,-1,0,0,0,0,0,0.000938,1,"delegate_cpu_graph"
"CPU_Elastic","COMPUTE_GRAPH","ggml_cgraph","GRAPH","",-1,1,-1,0,0,0,0,0,0.001041,1,"delegate_cpu_graph"
"CPU_Elastic","COMPUTE_GRAPH","ggml_cgraph","GRAPH","",-1,1,-1,0,0,0,0,0,0.004740,1,"delegate_cpu_graph"
"CPU_Elastic","COMPUTE_GRAPH","ggml_cgraph","GRAPH","",-1,1,-1,0,0,0,0,0,0.004218,1,"delegate_cpu_graph"
"CPU_Elastic","COMPUTE_GRAPH","ggml_cgraph","GRAPH","",-1,1,-1,0,0,0,0,0,0.013073,1,"delegate_cpu_graph"
"CPU_Elastic","COMPUTE_GRAPH","ggml_cgraph","GRAPH","",-1,1,-1,0,0,0,0,0,0.000729,1,"delegate_cpu_graph"
"CPU_Elastic","COMPUTE_GRAPH","ggml_cgraph","GRAPH","",-1,1,-1,0,0,0,0,0,0.000312,1,"delegate_cpu_graph"
"CPU_Elastic","COMPUTE_GRAPH","ggml_cgraph","GRAPH","",-1,1,-1,0,0,0,0,0,0.010938,1,"delegate_cpu_graph"
"CPU_Elastic","COMPUTE_GRAPH","ggml_cgraph","GRAPH","",-1,1,-1,0,0,0,0,0,0.000417,1,"delegate_cpu_graph"
"CPU_Elastic","COMPUTE_GRAPH","ggml_cgraph","GRAPH","",-1,1,-1,0,0,0,0,0,0.000417,1,"delegate_cpu_graph"
"CPU_Elastic","COMPUTE_GRAPH","ggml_cgraph","GRAPH","",-1,1,-1,0,0,0,0,0,0.000313,1,"delegate_cpu_graph"
"CPU_Elastic","COMPUTE_GRAPH","ggml_cgraph","GRAPH","",-1,1,-1,0,0,0,0,0,0.328698,1,"delegate_cpu_graph"
"CPU_Elastic","COMPUTE_GRAPH","ggml_cgraph","GRAPH","",-1,1,-1,0,0,0,0,0,0.327813,1,"delegate_cpu_graph"
"CPU_Elastic","COMPUTE_GRAPH","ggml_cgraph","GRAPH","",-1,1,-1,0,0,0,0,0,0.007604,1,"delegate_cpu_graph"
"CPU_Elastic","COMPUTE_GRAPH","ggml_cgraph","GRAPH","",-1,1,-1,0,0,0,0,0,0.464427,1,"delegate_cpu_graph"
"CPU_Elastic","COMPUTE_GRAPH","ggml_cgraph","GRAPH","",-1,1,-1,0,0,0,0,0,0.013646,1,"delegate_cpu_graph"
"CPU_Elastic","COMPUTE_GRAPH","ggml_cgraph","GRAPH","",-1,1,-1,0,0,0,0,0,0.000469,1,"delegate_cpu_graph"
"CPU_Elastic","COMPUTE_GRAPH","ggml_cgraph","GRAPH","",-1,1,-1,0,0,0,0,0,0.000313,1,"delegate_cpu_graph"
"CPU_Elastic","COMPUTE_GRAPH","ggml_cgraph","GRAPH","",-1,1,-1,0,0,0,0,0,0.000313,1,"delegate_cpu_graph"
"CPU_Elastic","COMPUTE_GRAPH","ggml_cgraph","GRAPH","",-1,1,-1,0,0,0,0,0,0.000261,1,"delegate_cpu_graph"
"CPU_Elastic","COMPUTE_GRAPH","ggml_cgraph","GRAPH","",-1,1,-1,0,0,0,0,0,0.000261,1,"delegate_cpu_graph"
"CPU_Elastic","COMPUTE_GRAPH","ggml_cgraph","GRAPH","",-1,1,-1,0,0,0,0,0,0.000261,1,"delegate_cpu_graph"
"CPU_Elastic","COMPUTE_GRAPH","ggml_cgraph","GRAPH","",-1,1,-1,0,0,0,0,0,0.000260,1,"delegate_cpu_graph"
"CPU_Elastic","COMPUTE_GRAPH","ggml_cgraph","GRAPH","",-1,1,-1,0,0,0,0,0,0.000260,1,"delegate_cpu_graph"
"CPU_Elastic","COMPUTE_GRAPH","ggml_cgraph","GRAPH","",-1,1,-1,0,0,0,0,0,0.005521,1,"delegate_cpu_graph"
"CPU_Elastic","COMPUTE_GRAPH","ggml_cgraph","GRAPH","",-1,1,-1,0,0,0,0,0,0.005261,1,"delegate_cpu_graph"
"CPU_Elastic","COMPUTE_GRAPH","ggml_cgraph","GRAPH","",-1,1,-1,0,0,0,0,0,0.004948,1,"delegate_cpu_graph"
"CPU_Elastic","COMPUTE_GRAPH","ggml_cgraph","GRAPH","",-1,1,-1,0,0,0,0,0,0.005209,1,"delegate_cpu_graph"
"CPU_Elastic","COMPUTE_GRAPH","ggml_cgraph","GRAPH","",-1,1,-1,0,0,0,0,0,0.005625,1,"delegate_cpu_graph"
"CPU_Elastic","COMPUTE_GRAPH","ggml_cgraph","GRAPH","",-1,1,-1,0,0,0,0,0,0.005313,1,"delegate_cpu_graph"
"CPU_Elastic","COMPUTE_GRAPH","ggml_cgraph","GRAPH","",-1,1,-1,0,0,0,0,0,0.005520,1,"delegate_cpu_graph"
"CPU_Elastic","COMPUTE_GRAPH","ggml_cgraph","GRAPH","",-1,1,-1,0,0,0,0,0,0.005000,1,"delegate_cpu_graph"
"CPU_Elastic","COMPUTE_GRAPH","ggml_cgraph","GRAPH","",-1,1,-1,0,0,0,0,0,0.006875,1,"delegate_cpu_graph"
"CPU_Elastic","COMPUTE_GRAPH","ggml_cgraph","GRAPH","",-1,1,-1,0,0,0,0,0,0.004427,1,"delegate_cpu_graph"
"CPU_Elastic","COMPUTE_GRAPH","ggml_cgraph","GRAPH","",-1,1,-1,0,0,0,0,0,0.001719,1,"delegate_cpu_graph"
"CPU_Elastic","COMPUTE_GRAPH","ggml_cgraph","GRAPH","",-1,1,-1,0,0,0,0,0,0.073125,1,"delegate_cpu_graph"
"CPU_Elastic","COMPUTE_GRAPH","ggml_cgraph","GRAPH","",-1,1,-1,0,0,0,0,0,0.004375,1,"delegate_cpu_graph"
"CPU_Elastic","COMPUTE_GRAPH","ggml_cgraph","GRAPH","",-1,1,-1,0,0,0,0,0,0.000416,1,"delegate_cpu_graph"
"CPU_Elastic","COMPUTE_GRAPH","ggml_cgraph","GRAPH","",-1,1,-1,0,0,0,0,0,0.005990,1,"delegate_cpu_graph"
"CPU_Elastic","COMPUTE_GRAPH","ggml_cgraph","GRAPH","",-1,1,-1,0,0,0,0,0,0.004375,1,"delegate_cpu_graph"
"CPU_Elastic","COMPUTE_GRAPH","ggml_cgraph","GRAPH","",-1,1,-1,0,0,0,0,0,0.000417,1,"delegate_cpu_graph"
"CPU_Elastic","COMPUTE_GRAPH","ggml_cgraph","GRAPH","",-1,1,-1,0,0,0,0,0,0.005261,1,"delegate_cpu_graph"
"CPU_Elastic","COMPUTE_GRAPH","ggml_cgraph","GRAPH","",-1,1,-1,0,0,0,0,0,0.001667,1,"delegate_cpu_graph"
"CPU_Elastic","COMPUTE_GRAPH","ggml_cgraph","GRAPH","",-1,1,-1,0,0,0,0,0,0.000365,1,"delegate_cpu_graph"
"CPU_Elastic","COMPUTE_GRAPH","ggml_cgraph","GRAPH","",-1,1,-1,0,0,0,0,0,0.001511,1,"delegate_cpu_graph"
"CPU_Elastic","COMPUTE_GRAPH","ggml_cgraph","GRAPH","",-1,1,-1,0,0,0,0,0,0.000313,1,"delegate_cpu_graph"
"CPU_Elastic","COMPUTE_GRAPH","ggml_cgraph","GRAPH","",-1,1,-1,0,0,0,0,0,0.000313,1,"delegate_cpu_graph"
"CPU_Elastic","COMPUTE_GRAPH","ggml_cgraph","GRAPH","",-1,1,-1,0,0,0,0,0,0.000261,1,"delegate_cpu_graph"
"CPU_Elastic","COMPUTE_GRAPH","ggml_cgraph","GRAPH","",-1,1,-1,0,0,0,0,0,0.467969,1,"delegate_cpu_graph"
"CPU_Elastic","COMPUTE_GRAPH","ggml_cgraph","GRAPH","",-1,1,-1,0,0,0,0,0,0.000417,1,"delegate_cpu_graph"
"CPU_Elastic","COMPUTE_GRAPH","ggml_cgraph","GRAPH","",-1,1,-1,0,0,0,0,0,0.000312,1,"delegate_cpu_graph"
"CPU_Elastic","COMPUTE_GRAPH","ggml_cgraph","GRAPH","",-1,1,-1,0,0,0,0,0,0.000312,1,"delegate_cpu_graph"
"CPU_Elastic","COMPUTE_GRAPH","ggml_cgraph","GRAPH","",-1,1,-1,0,0,0,0,0,0.000260,1,"delegate_cpu_graph"
"CPU_Elastic","COMPUTE_GRAPH","ggml_cgraph","GRAPH","",-1,1,-1,0,0,0,0,0,0.040938,1,"delegate_cpu_graph"
"CPU_Elastic","COMPUTE_GRAPH","ggml_cgraph","GRAPH","",-1,1,-1,0,0,0,0,0,0.016458,1,"delegate_cpu_graph"
"CPU_Elastic","COMPUTE_GRAPH","ggml_cgraph","GRAPH","",-1,1,-1,0,0,0,0,0,0.029948,1,"delegate_cpu_graph"
"CPU_Elastic","COMPUTE_GRAPH","ggml_cgraph","GRAPH","",-1,1,-1,0,0,0,0,0,0.000365,1,"delegate_cpu_graph"
"CPU_Elastic","COMPUTE_GRAPH","ggml_cgraph","GRAPH","",-1,1,-1,0,0,0,0,0,0.004896,1,"delegate_cpu_graph"
"CPU_Elastic","COMPUTE_GRAPH","ggml_cgraph","GRAPH","",-1,1,-1,0,0,0,0,0,0.089115,1,"delegate_cpu_graph"
"CPU_Elastic","COMPUTE_GRAPH","ggml_cgraph","GRAPH","",-1,1,-1,0,0,0,0,0,0.005625,1,"delegate_cpu_graph"
"CPU_Elastic","COMPUTE_GRAPH","ggml_cgraph","GRAPH","",-1,1,-1,0,0,0,0,0,0.004635,1,"delegate_cpu_graph"
"CPU_Elastic","COMPUTE_GRAPH","ggml_cgraph","GRAPH","",-1,1,-1,0,0,0,0,0,0.000729,1,"delegate_cpu_graph"
"CPU_Elastic","COMPUTE_GRAPH","ggml_cgraph","GRAPH","",-1,1,-1,0,0,0,0,0,0.000260,1,"delegate_cpu_graph"
"CPU_Elastic","COMPUTE_GRAPH","ggml_cgraph","GRAPH","",-1,1,-1,0,0,0,0,0,0.010677,1,"delegate_cpu_graph"
"CPU_Elastic","COMPUTE_GRAPH","ggml_cgraph","GRAPH","",-1,1,-1,0,0,0,0,0,0.000417,1,"delegate_cpu_graph"
"CPU_Elastic","COMPUTE_GRAPH","ggml_cgraph","GRAPH","",-1,1,-1,0,0,0,0,0,0.000365,1,"delegate_cpu_graph"
"CPU_Elastic","COMPUTE_GRAPH","ggml_cgraph","GRAPH","",-1,1,-1,0,0,0,0,0,0.000260,1,"delegate_cpu_graph"
"CPU_Elastic","COMPUTE_GRAPH","ggml_cgraph","GRAPH","",-1,1,-1,0,0,0,0,0,0.329062,1,"delegate_cpu_graph"
"CPU_Elastic","COMPUTE_GRAPH","ggml_cgraph","GRAPH","",-1,1,-1,0,0,0,0,0,0.328593,1,"delegate_cpu_graph"
"CPU_Elastic","COMPUTE_GRAPH","ggml_cgraph","GRAPH","",-1,1,-1,0,0,0,0,0,0.007709,1,"delegate_cpu_graph"
"CPU_Elastic","COMPUTE_GRAPH","ggml_cgraph","GRAPH","",-1,1,-1,0,0,0,0,0,0.476771,1,"delegate_cpu_graph"
"CPU_Elastic","COMPUTE_GRAPH","ggml_cgraph","GRAPH","",-1,1,-1,0,0,0,0,0,0.012761,1,"delegate_cpu_graph"
"CPU_Elastic","COMPUTE_GRAPH","ggml_cgraph","GRAPH","",-1,1,-1,0,0,0,0,0,0.000469,1,"delegate_cpu_graph"
"CPU_Elastic","COMPUTE_GRAPH","ggml_cgraph","GRAPH","",-1,1,-1,0,0,0,0,0,0.000365,1,"delegate_cpu_graph"
"CPU_Elastic","COMPUTE_GRAPH","ggml_cgraph","GRAPH","",-1,1,-1,0,0,0,0,0,0.000261,1,"delegate_cpu_graph"
"CPU_Elastic","COMPUTE_GRAPH","ggml_cgraph","GRAPH","",-1,1,-1,0,0,0,0,0,0.000260,1,"delegate_cpu_graph"
"CPU_Elastic","COMPUTE_GRAPH","ggml_cgraph","GRAPH","",-1,1,-1,0,0,0,0,0,0.000260,1,"delegate_cpu_graph"
"CPU_Elastic","COMPUTE_GRAPH","ggml_cgraph","GRAPH","",-1,1,-1,0,0,0,0,0,0.000312,1,"delegate_cpu_graph"
"CPU_Elastic","COMPUTE_GRAPH","ggml_cgraph","GRAPH","",-1,1,-1,0,0,0,0,0,0.000261,1,"delegate_cpu_graph"
"CPU_Elastic","COMPUTE_GRAPH","ggml_cgraph","GRAPH","",-1,1,-1,0,0,0,0,0,0.000313,1,"delegate_cpu_graph"
"CPU_Elastic","COMPUTE_GRAPH","ggml_cgraph","GRAPH","",-1,1,-1,0,0,0,0,0,0.004947,1,"delegate_cpu_graph"
"CPU_Elastic","COMPUTE_GRAPH","ggml_cgraph","GRAPH","",-1,1,-1,0,0,0,0,0,0.004948,1,"delegate_cpu_graph"
"CPU_Elastic","COMPUTE_GRAPH","ggml_cgraph","GRAPH","",-1,1,-1,0,0,0,0,0,0.005834,1,"delegate_cpu_graph"
"CPU_Elastic","COMPUTE_GRAPH","ggml_cgraph","GRAPH","",-1,1,-1,0,0,0,0,0,0.004740,1,"delegate_cpu_graph"
"CPU_Elastic","COMPUTE_GRAPH","ggml_cgraph","GRAPH","",-1,1,-1,0,0,0,0,0,0.005208,1,"delegate_cpu_graph"
"CPU_Elastic","COMPUTE_GRAPH","ggml_cgraph","GRAPH","",-1,1,-1,0,0,0,0,0,0.005781,1,"delegate_cpu_graph"
"CPU_Elastic","COMPUTE_GRAPH","ggml_cgraph","GRAPH","",-1,1,-1,0,0,0,0,0,0.005052,1,"delegate_cpu_graph"
"CPU_Elastic","COMPUTE_GRAPH","ggml_cgraph","GRAPH","",-1,1,-1,0,0,0,0,0,0.005052,1,"delegate_cpu_graph"
"CPU_Elastic","COMPUTE_GRAPH","ggml_cgraph","GRAPH","",-1,1,-1,0,0,0,0,0,0.004583,1,"delegate_cpu_graph"
"CPU_Elastic","COMPUTE_GRAPH","ggml_cgraph","GRAPH","",-1,1,-1,0,0,0,0,0,0.090989,1,"delegate_cpu_graph"
"CPU_Elastic","COMPUTE_GRAPH","ggml_cgraph","GRAPH","",-1,1,-1,0,0,0,0,0,0.004687,1,"delegate_cpu_graph"
"CPU_Elastic","COMPUTE_GRAPH","ggml_cgraph","GRAPH","",-1,1,-1,0,0,0,0,0,0.000469,1,"delegate_cpu_graph"
"CPU_Elastic","COMPUTE_GRAPH","ggml_cgraph","GRAPH","",-1,1,-1,0,0,0,0,0,0.006041,1,"delegate_cpu_graph"
"CPU_Elastic","COMPUTE_GRAPH","ggml_cgraph","GRAPH","",-1,1,-1,0,0,0,0,0,0.003958,1,"delegate_cpu_graph"
"CPU_Elastic","COMPUTE_GRAPH","ggml_cgraph","GRAPH","",-1,1,-1,0,0,0,0,0,0.000468,1,"delegate_cpu_graph"
"CPU_Elastic","COMPUTE_GRAPH","ggml_cgraph","GRAPH","",-1,1,-1,0,0,0,0,0,0.005625,1,"delegate_cpu_graph"
"CPU_Elastic","COMPUTE_GRAPH","ggml_cgraph","GRAPH","",-1,1,-1,0,0,0,0,0,0.001563,1,"delegate_cpu_graph"
"CPU_Elastic","COMPUTE_GRAPH","ggml_cgraph","GRAPH","",-1,1,-1,0,0,0,0,0,0.000312,1,"delegate_cpu_graph"
"CPU_Elastic","COMPUTE_GRAPH","ggml_cgraph","GRAPH","",-1,1,-1,0,0,0,0,0,0.001458,1,"delegate_cpu_graph"
"CPU_Elastic","COMPUTE_GRAPH","ggml_cgraph","GRAPH","",-1,1,-1,0,0,0,0,0,0.000313,1,"delegate_cpu_graph"
"CPU_Elastic","COMPUTE_GRAPH","ggml_cgraph","GRAPH","",-1,1,-1,0,0,0,0,0,0.000313,1,"delegate_cpu_graph"
"CPU_Elastic","COMPUTE_GRAPH","ggml_cgraph","GRAPH","",-1,1,-1,0,0,0,0,0,0.000313,1,"delegate_cpu_graph"
"CPU_Elastic","COMPUTE_GRAPH","ggml_cgraph","GRAPH","",-1,1,-1,0,0,0,0,0,0.437135,1,"delegate_cpu_graph"
"CPU_Elastic","COMPUTE_GRAPH","ggml_cgraph","GRAPH","",-1,1,-1,0,0,0,0,0,0.000468,1,"delegate_cpu_graph"
"CPU_Elastic","COMPUTE_GRAPH","ggml_cgraph","GRAPH","",-1,1,-1,0,0,0,0,0,0.000313,1,"delegate_cpu_graph"
"CPU_Elastic","COMPUTE_GRAPH","ggml_cgraph","GRAPH","",-1,1,-1,0,0,0,0,0,0.000313,1,"delegate_cpu_graph"
"CPU_Elastic","COMPUTE_GRAPH","ggml_cgraph","GRAPH","",-1,1,-1,0,0,0,0,0,0.000313,1,"delegate_cpu_graph"
"CPU_Elastic","COMPUTE_GRAPH","ggml_cgraph","GRAPH","",-1,1,-1,0,0,0,0,0,0.039063,1,"delegate_cpu_graph"
"CPU_Elastic","COMPUTE_GRAPH","ggml_cgraph","GRAPH","",-1,1,-1,0,0,0,0,0,0.017552,1,"delegate_cpu_graph"
"CPU_Elastic","COMPUTE_GRAPH","ggml_cgraph","GRAPH","",-1,1,-1,0,0,0,0,0,0.029948,1,"delegate_cpu_graph"
"CPU_Elastic","COMPUTE_GRAPH","ggml_cgraph","GRAPH","",-1,1,-1,0,0,0,0,0,0.000417,1,"delegate_cpu_graph"
"CPU_Elastic","COMPUTE_GRAPH","ggml_cgraph","GRAPH","",-1,1,-1,0,0,0,0,0,0.004792,1,"delegate_cpu_graph"
"CPU_Elastic","COMPUTE_GRAPH","ggml_cgraph","GRAPH","",-1,1,-1,0,0,0,0,0,0.090365,1,"delegate_cpu_graph"
"CPU_Elastic","COMPUTE_GRAPH","ggml_cgraph","GRAPH","",-1,1,-1,0,0,0,0,0,0.005052,1,"delegate_cpu_graph"
"CPU_Elastic","COMPUTE_GRAPH","ggml_cgraph","GRAPH","",-1,1,-1,0,0,0,0,0,0.004636,1,"delegate_cpu_graph"
"CPU_Elastic","COMPUTE_GRAPH","ggml_cgraph","GRAPH","",-1,1,-1,0,0,0,0,0,0.000781,1,"delegate_cpu_graph"
"CPU_Elastic","COMPUTE_GRAPH","ggml_cgraph","GRAPH","",-1,1,-1,0,0,0,0,0,0.000260,1,"delegate_cpu_graph"
"CPU_Elastic","COMPUTE_GRAPH","ggml_cgraph","GRAPH","",-1,1,-1,0,0,0,0,0,0.010937,1,"delegate_cpu_graph"
"CPU_Elastic","COMPUTE_GRAPH","ggml_cgraph","GRAPH","",-1,1,-1,0,0,0,0,0,0.000469,1,"delegate_cpu_graph"
"CPU_Elastic","COMPUTE_GRAPH","ggml_cgraph","GRAPH","",-1,1,-1,0,0,0,0,0,0.000417,1,"delegate_cpu_graph"
"CPU_Elastic","COMPUTE_GRAPH","ggml_cgraph","GRAPH","",-1,1,-1,0,0,0,0,0,0.000312,1,"delegate_cpu_graph"
"CPU_Elastic","COMPUTE_GRAPH","ggml_cgraph","GRAPH","",-1,1,-1,0,0,0,0,0,0.327188,1,"delegate_cpu_graph"
"CPU_Elastic","COMPUTE_GRAPH","ggml_cgraph","GRAPH","",-1,1,-1,0,0,0,0,0,0.355000,1,"delegate_cpu_graph"
"CPU_Elastic","COMPUTE_GRAPH","ggml_cgraph","GRAPH","",-1,1,-1,0,0,0,0,0,0.006510,1,"delegate_cpu_graph"
"CPU_Elastic","COMPUTE_GRAPH","ggml_cgraph","GRAPH","",-1,1,-1,0,0,0,0,0,0.469271,1,"delegate_cpu_graph"
"CPU_Elastic","COMPUTE_GRAPH","ggml_cgraph","GRAPH","",-1,1,-1,0,0,0,0,0,0.012604,1,"delegate_cpu_graph"
"CPU_Elastic","COMPUTE_GRAPH","ggml_cgraph","GRAPH","",-1,1,-1,0,0,0,0,0,0.000417,1,"delegate_cpu_graph"
"CPU_Elastic","COMPUTE_GRAPH","ggml_cgraph","GRAPH","",-1,1,-1,0,0,0,0,0,0.000313,1,"delegate_cpu_graph"
"CPU_Elastic","COMPUTE_GRAPH","ggml_cgraph","GRAPH","",-1,1,-1,0,0,0,0,0,0.000313,1,"delegate_cpu_graph"
"CPU_Elastic","COMPUTE_GRAPH","ggml_cgraph","GRAPH","",-1,1,-1,0,0,0,0,0,0.000313,1,"delegate_cpu_graph"
"CPU_Elastic","COMPUTE_GRAPH","ggml_cgraph","GRAPH","",-1,1,-1,0,0,0,0,0,0.000313,1,"delegate_cpu_graph"
"CPU_Elastic","COMPUTE_GRAPH","ggml_cgraph","GRAPH","",-1,1,-1,0,0,0,0,0,0.000260,1,"delegate_cpu_graph"
"CPU_Elastic","COMPUTE_GRAPH","ggml_cgraph","GRAPH","",-1,1,-1,0,0,0,0,0,0.000261,1,"delegate_cpu_graph"
"CPU_Elastic","COMPUTE_GRAPH","ggml_cgraph","GRAPH","",-1,1,-1,0,0,0,0,0,0.000260,1,"delegate_cpu_graph"
"CPU_Elastic","COMPUTE_GRAPH","ggml_cgraph","GRAPH","",-1,1,-1,0,0,0,0,0,0.005313,1,"delegate_cpu_graph"
"CPU_Elastic","COMPUTE_GRAPH","ggml_cgraph","GRAPH","",-1,1,-1,0,0,0,0,0,0.005209,1,"delegate_cpu_graph"
"CPU_Elastic","COMPUTE_GRAPH","ggml_cgraph","GRAPH","",-1,1,-1,0,0,0,0,0,0.004895,1,"delegate_cpu_graph"
"CPU_Elastic","COMPUTE_GRAPH","ggml_cgraph","GRAPH","",-1,1,-1,0,0,0,0,0,0.005000,1,"delegate_cpu_graph"
"CPU_Elastic","COMPUTE_GRAPH","ggml_cgraph","GRAPH","",-1,1,-1,0,0,0,0,0,0.005312,1,"delegate_cpu_graph"
"CPU_Elastic","COMPUTE_GRAPH","ggml_cgraph","GRAPH","",-1,1,-1,0,0,0,0,0,0.005000,1,"delegate_cpu_graph"
"CPU_Elastic","COMPUTE_GRAPH","ggml_cgraph","GRAPH","",-1,1,-1,0,0,0,0,0,0.005573,1,"delegate_cpu_graph"
"CPU_Elastic","COMPUTE_GRAPH","ggml_cgraph","GRAPH","",-1,1,-1,0,0,0,0,0,0.005677,1,"delegate_cpu_graph"
"CPU_Elastic","COMPUTE_GRAPH","ggml_cgraph","GRAPH","",-1,1,-1,0,0,0,0,0,0.005104,1,"delegate_cpu_graph"
"CPU_Elastic","COMPUTE_GRAPH","ggml_cgraph","GRAPH","",-1,1,-1,0,0,0,0,0,0.090990,1,"delegate_cpu_graph"
"CPU_Elastic","COMPUTE_GRAPH","ggml_cgraph","GRAPH","",-1,1,-1,0,0,0,0,0,0.004688,1,"delegate_cpu_graph"
"CPU_Elastic","COMPUTE_GRAPH","ggml_cgraph","GRAPH","",-1,1,-1,0,0,0,0,0,0.000469,1,"delegate_cpu_graph"
"CPU_Elastic","COMPUTE_GRAPH","ggml_cgraph","GRAPH","",-1,1,-1,0,0,0,0,0,0.005365,1,"delegate_cpu_graph"
"CPU_Elastic","COMPUTE_GRAPH","ggml_cgraph","GRAPH","",-1,1,-1,0,0,0,0,0,0.090104,1,"delegate_cpu_graph"
"CPU_Elastic","COMPUTE_GRAPH","ggml_cgraph","GRAPH","",-1,1,-1,0,0,0,0,0,0.004688,1,"delegate_cpu_graph"
"CPU_Elastic","COMPUTE_GRAPH","ggml_cgraph","GRAPH","",-1,1,-1,0,0,0,0,0,0.000468,1,"delegate_cpu_graph"
"CPU_Elastic","COMPUTE_GRAPH","ggml_cgraph","GRAPH","",-1,1,-1,0,0,0,0,0,0.005625,1,"delegate_cpu_graph"
"CPU_Elastic","COMPUTE_GRAPH","ggml_cgraph","GRAPH","",-1,1,-1,0,0,0,0,0,0.089739,1,"delegate_cpu_graph"
"CPU_Elastic","COMPUTE_GRAPH","ggml_cgraph","GRAPH","",-1,1,-1,0,0,0,0,0,0.000469,1,"delegate_cpu_graph"
"CPU_Elastic","COMPUTE_GRAPH","ggml_cgraph","GRAPH","",-1,1,-1,0,0,0,0,0,0.000312,1,"delegate_cpu_graph"
"CPU_Elastic","COMPUTE_GRAPH","ggml_cgraph","GRAPH","",-1,1,-1,0,0,0,0,0,0.001406,1,"delegate_cpu_graph"
"CPU_Elastic","COMPUTE_GRAPH","ggml_cgraph","GRAPH","",-1,1,-1,0,0,0,0,0,0.000260,1,"delegate_cpu_graph"
"CPU_Elastic","COMPUTE_GRAPH","ggml_cgraph","GRAPH","",-1,1,-1,0,0,0,0,0,0.001510,1,"delegate_cpu_graph"
"CPU_Elastic","COMPUTE_GRAPH","ggml_cgraph","GRAPH","",-1,1,-1,0,0,0,0,0,0.000260,1,"delegate_cpu_graph"
"CPU_Elastic","COMPUTE_GRAPH","ggml_cgraph","GRAPH","",-1,1,-1,0,0,0,0,0,0.000312,1,"delegate_cpu_graph"
"CPU_Elastic","COMPUTE_GRAPH","ggml_cgraph","GRAPH","",-1,1,-1,0,0,0,0,0,0.000312,1,"delegate_cpu_graph"
"CPU_Elastic","COMPUTE_GRAPH","ggml_cgraph","GRAPH","",-1,1,-1,0,0,0,0,0,0.433281,1,"delegate_cpu_graph"
"CPU_Elastic","COMPUTE_GRAPH","ggml_cgraph","GRAPH","",-1,1,-1,0,0,0,0,0,0.000417,1,"delegate_cpu_graph"
"CPU_Elastic","COMPUTE_GRAPH","ggml_cgraph","GRAPH","",-1,1,-1,0,0,0,0,0,0.000312,1,"delegate_cpu_graph"
"CPU_Elastic","COMPUTE_GRAPH","ggml_cgraph","GRAPH","",-1,1,-1,0,0,0,0,0,0.000260,1,"delegate_cpu_graph"
"CPU_Elastic","COMPUTE_GRAPH","ggml_cgraph","GRAPH","",-1,1,-1,0,0,0,0,0,0.000312,1,"delegate_cpu_graph"
"CPU_Elastic","COMPUTE_GRAPH","ggml_cgraph","GRAPH","",-1,1,-1,0,0,0,0,0,0.038697,1,"delegate_cpu_graph"
"CPU_Elastic","COMPUTE_GRAPH","ggml_cgraph","GRAPH","",-1,1,-1,0,0,0,0,0,0.017187,1,"delegate_cpu_graph"
"CPU_Elastic","COMPUTE_GRAPH","ggml_cgraph","GRAPH","",-1,1,-1,0,0,0,0,0,0.030834,1,"delegate_cpu_graph"
"CPU_Elastic","COMPUTE_GRAPH","ggml_cgraph","GRAPH","",-1,1,-1,0,0,0,0,0,0.000416,1,"delegate_cpu_graph"
"CPU_Elastic","COMPUTE_GRAPH","ggml_cgraph","GRAPH","",-1,1,-1,0,0,0,0,0,0.004792,1,"delegate_cpu_graph"
"CPU_Elastic","COMPUTE_GRAPH","ggml_cgraph","GRAPH","",-1,1,-1,0,0,0,0,0,0.090885,1,"delegate_cpu_graph"
"CPU_Elastic","COMPUTE_GRAPH","ggml_cgraph","GRAPH","",-1,1,-1,0,0,0,0,0,0.005365,1,"delegate_cpu_graph"
"CPU_Elastic","COMPUTE_GRAPH","ggml_cgraph","GRAPH","",-1,1,-1,0,0,0,0,0,0.004896,1,"delegate_cpu_graph"
"CPU_Elastic","COMPUTE_GRAPH","ggml_cgraph","GRAPH","",-1,1,-1,0,0,0,0,0,0.000781,1,"delegate_cpu_graph"
"CPU_Elastic","COMPUTE_GRAPH","ggml_cgraph","GRAPH","",-1,1,-1,0,0,0,0,0,0.000260,1,"delegate_cpu_graph"
"CPU_Elastic","COMPUTE_GRAPH","ggml_cgraph","GRAPH","",-1,1,-1,0,0,0,0,0,0.012917,1,"delegate_cpu_graph"
"CPU_Elastic","COMPUTE_GRAPH","ggml_cgraph","GRAPH","",-1,1,-1,0,0,0,0,0,0.000416,1,"delegate_cpu_graph"
"CPU_Elastic","COMPUTE_GRAPH","ggml_cgraph","GRAPH","",-1,1,-1,0,0,0,0,0,0.000417,1,"delegate_cpu_graph"
"CPU_Elastic","COMPUTE_GRAPH","ggml_cgraph","GRAPH","",-1,1,-1,0,0,0,0,0,0.000313,1,"delegate_cpu_graph"
"CPU_Elastic","COMPUTE_GRAPH","ggml_cgraph","GRAPH","",-1,1,-1,0,0,0,0,0,0.329688,1,"delegate_cpu_graph"
"CPU_Elastic","COMPUTE_GRAPH","ggml_cgraph","GRAPH","",-1,1,-1,0,0,0,0,0,0.328177,1,"delegate_cpu_graph"
"CPU_Elastic","COMPUTE_GRAPH","ggml_cgraph","GRAPH","",-1,1,-1,0,0,0,0,0,0.007656,1,"delegate_cpu_graph"
"CPU_Elastic","COMPUTE_GRAPH","ggml_cgraph","GRAPH","",-1,1,-1,0,0,0,0,0,0.347865,1,"delegate_cpu_graph"
"CPU_Elastic","COMPUTE_GRAPH","ggml_cgraph","GRAPH","",-1,1,-1,0,0,0,0,0,0.014636,1,"delegate_cpu_graph"
"CPU_Elastic","COMPUTE_GRAPH","ggml_cgraph","GRAPH","",-1,1,-1,0,0,0,0,0,0.000469,1,"delegate_cpu_graph"
"CPU_Elastic","COMPUTE_GRAPH","ggml_cgraph","GRAPH","",-1,1,-1,0,0,0,0,0,0.000261,1,"delegate_cpu_graph"
"CPU_Elastic","COMPUTE_GRAPH","ggml_cgraph","GRAPH","",-1,1,-1,0,0,0,0,0,0.000260,1,"delegate_cpu_graph"
"CPU_Elastic","COMPUTE_GRAPH","ggml_cgraph","GRAPH","",-1,1,-1,0,0,0,0,0,0.000261,1,"delegate_cpu_graph"
"CPU_Elastic","COMPUTE_GRAPH","ggml_cgraph","GRAPH","",-1,1,-1,0,0,0,0,0,0.000260,1,"delegate_cpu_graph"
"CPU_Elastic","COMPUTE_GRAPH","ggml_cgraph","GRAPH","",-1,1,-1,0,0,0,0,0,0.000260,1,"delegate_cpu_graph"
"CPU_Elastic","COMPUTE_GRAPH","ggml_cgraph","GRAPH","",-1,1,-1,0,0,0,0,0,0.000260,1,"delegate_cpu_graph"
"CPU_Elastic","COMPUTE_GRAPH","ggml_cgraph","GRAPH","",-1,1,-1,0,0,0,0,0,0.000312,1,"delegate_cpu_graph"
"CPU_Elastic","COMPUTE_GRAPH","ggml_cgraph","GRAPH","",-1,1,-1,0,0,0,0,0,0.004896,1,"delegate_cpu_graph"
"CPU_Elastic","COMPUTE_GRAPH","ggml_cgraph","GRAPH","",-1,1,-1,0,0,0,0,0,0.004635,1,"delegate_cpu_graph"
"CPU_Elastic","COMPUTE_GRAPH","ggml_cgraph","GRAPH","",-1,1,-1,0,0,0,0,0,0.004792,1,"delegate_cpu_graph"
"CPU_Elastic","COMPUTE_GRAPH","ggml_cgraph","GRAPH","",-1,1,-1,0,0,0,0,0,0.005052,1,"delegate_cpu_graph"
"CPU_Elastic","COMPUTE_GRAPH","ggml_cgraph","GRAPH","",-1,1,-1,0,0,0,0,0,0.005834,1,"delegate_cpu_graph"
"CPU_Elastic","COMPUTE_GRAPH","ggml_cgraph","GRAPH","",-1,1,-1,0,0,0,0,0,0.005885,1,"delegate_cpu_graph"
"CPU_Elastic","COMPUTE_GRAPH","ggml_cgraph","GRAPH","",-1,1,-1,0,0,0,0,0,0.005365,1,"delegate_cpu_graph"
"CPU_Elastic","COMPUTE_GRAPH","ggml_cgraph","GRAPH","",-1,1,-1,0,0,0,0,0,0.004947,1,"delegate_cpu_graph"
"CPU_Elastic","COMPUTE_GRAPH","ggml_cgraph","GRAPH","",-1,1,-1,0,0,0,0,0,0.006458,1,"delegate_cpu_graph"
"CPU_Elastic","COMPUTE_GRAPH","ggml_cgraph","GRAPH","",-1,1,-1,0,0,0,0,0,0.114062,1,"delegate_cpu_graph"
"CPU_Elastic","COMPUTE_GRAPH","ggml_cgraph","GRAPH","",-1,1,-1,0,0,0,0,0,0.004687,1,"delegate_cpu_graph"
"CPU_Elastic","COMPUTE_GRAPH","ggml_cgraph","GRAPH","",-1,1,-1,0,0,0,0,0,0.000469,1,"delegate_cpu_graph"
"CPU_Elastic","COMPUTE_GRAPH","ggml_cgraph","GRAPH","",-1,1,-1,0,0,0,0,0,0.005365,1,"delegate_cpu_graph"
"CPU_Elastic","COMPUTE_GRAPH","ggml_cgraph","GRAPH","",-1,1,-1,0,0,0,0,0,0.089896,1,"delegate_cpu_graph"
"CPU_Elastic","COMPUTE_GRAPH","ggml_cgraph","GRAPH","",-1,1,-1,0,0,0,0,0,0.004843,1,"delegate_cpu_graph"
"CPU_Elastic","COMPUTE_GRAPH","ggml_cgraph","GRAPH","",-1,1,-1,0,0,0,0,0,0.000469,1,"delegate_cpu_graph"
"CPU_Elastic","COMPUTE_GRAPH","ggml_cgraph","GRAPH","",-1,1,-1,0,0,0,0,0,0.005990,1,"delegate_cpu_graph"
"CPU_Elastic","COMPUTE_GRAPH","ggml_cgraph","GRAPH","",-1,1,-1,0,0,0,0,0,0.089896,1,"delegate_cpu_graph"
"CPU_Elastic","COMPUTE_GRAPH","ggml_cgraph","GRAPH","",-1,1,-1,0,0,0,0,0,0.000521,1,"delegate_cpu_graph"
"CPU_Elastic","COMPUTE_GRAPH","ggml_cgraph","GRAPH","",-1,1,-1,0,0,0,0,0,0.000261,1,"delegate_cpu_graph"
"CPU_Elastic","COMPUTE_GRAPH","ggml_cgraph","GRAPH","",-1,1,-1,0,0,0,0,0,0.001458,1,"delegate_cpu_graph"
"CPU_Elastic","COMPUTE_GRAPH","ggml_cgraph","GRAPH","",-1,1,-1,0,0,0,0,0,0.000312,1,"delegate_cpu_graph"
"CPU_Elastic","COMPUTE_GRAPH","ggml_cgraph","GRAPH","",-1,1,-1,0,0,0,0,0,0.001354,1,"delegate_cpu_graph"
"CPU_Elastic","COMPUTE_GRAPH","ggml_cgraph","GRAPH","",-1,1,-1,0,0,0,0,0,0.000313,1,"delegate_cpu_graph"
"CPU_Elastic","COMPUTE_GRAPH","ggml_cgraph","GRAPH","",-1,1,-1,0,0,0,0,0,0.000312,1,"delegate_cpu_graph"
"CPU_Elastic","COMPUTE_GRAPH","ggml_cgraph","GRAPH","",-1,1,-1,0,0,0,0,0,0.000260,1,"delegate_cpu_graph"
"CPU_Elastic","COMPUTE_GRAPH","ggml_cgraph","GRAPH","",-1,1,-1,0,0,0,0,0,1.197552,1,"delegate_cpu_graph"
"CPU_Elastic","COMPUTE_GRAPH","ggml_cgraph","GRAPH","",-1,1,-1,0,0,0,0,0,0.000781,1,"delegate_cpu_graph"
"CPU_Elastic","COMPUTE_GRAPH","ggml_cgraph","GRAPH","",-1,1,-1,0,0,0,0,0,0.000312,1,"delegate_cpu_graph"
"CPU_Elastic","COMPUTE_GRAPH","ggml_cgraph","GRAPH","",-1,1,-1,0,0,0,0,0,0.000312,1,"delegate_cpu_graph"
"CPU_Elastic","COMPUTE_GRAPH","ggml_cgraph","GRAPH","",-1,1,-1,0,0,0,0,0,0.000365,1,"delegate_cpu_graph"
"CPU_Elastic","COMPUTE_GRAPH","ggml_cgraph","GRAPH","",-1,1,-1,0,0,0,0,0,0.039896,1,"delegate_cpu_graph"
"CPU_Elastic","COMPUTE_GRAPH","ggml_cgraph","GRAPH","",-1,1,-1,0,0,0,0,0,0.017135,1,"delegate_cpu_graph"
"CPU_Elastic","COMPUTE_GRAPH","ggml_cgraph","GRAPH","",-1,1,-1,0,0,0,0,0,0.029844,1,"delegate_cpu_graph"
"CPU_Elastic","COMPUTE_GRAPH","ggml_cgraph","GRAPH","",-1,1,-1,0,0,0,0,0,0.000416,1,"delegate_cpu_graph"
"CPU_Elastic","COMPUTE_GRAPH","ggml_cgraph","GRAPH","",-1,1,-1,0,0,0,0,0,0.035208,1,"delegate_cpu_graph"
"CPU_Elastic","COMPUTE_GRAPH","ggml_cgraph","GRAPH","",-1,1,-1,0,0,0,0,0,0.089635,1,"delegate_cpu_graph"
"CPU_Elastic","COMPUTE_GRAPH","ggml_cgraph","GRAPH","",-1,1,-1,0,0,0,0,0,0.005521,1,"delegate_cpu_graph"
"CPU_Elastic","COMPUTE_GRAPH","ggml_cgraph","GRAPH","",-1,1,-1,0,0,0,0,0,0.004479,1,"delegate_cpu_graph"
"CPU_Elastic","COMPUTE_GRAPH","ggml_cgraph","GRAPH","",-1,1,-1,0,0,0,0,0,0.000730,1,"delegate_cpu_graph"
"CPU_Elastic","COMPUTE_GRAPH","ggml_cgraph","GRAPH","",-1,1,-1,0,0,0,0,0,0.000364,1,"delegate_cpu_graph"
"CPU_Elastic","COMPUTE_GRAPH","ggml_cgraph","GRAPH","",-1,1,-1,0,0,0,0,0,0.010000,1,"delegate_cpu_graph"
"CPU_Elastic","COMPUTE_GRAPH","ggml_cgraph","GRAPH","",-1,1,-1,0,0,0,0,0,0.000417,1,"delegate_cpu_graph"
"CPU_Elastic","COMPUTE_GRAPH","ggml_cgraph","GRAPH","",-1,1,-1,0,0,0,0,0,0.000365,1,"delegate_cpu_graph"
"CPU_Elastic","COMPUTE_GRAPH","ggml_cgraph","GRAPH","",-1,1,-1,0,0,0,0,0,0.000364,1,"delegate_cpu_graph"
"CPU_Elastic","COMPUTE_GRAPH","ggml_cgraph","GRAPH","",-1,1,-1,0,0,0,0,0,0.327291,1,"delegate_cpu_graph"
"CPU_Elastic","COMPUTE_GRAPH","ggml_cgraph","GRAPH","",-1,1,-1,0,0,0,0,0,0.328593,1,"delegate_cpu_graph"
"CPU_Elastic","COMPUTE_GRAPH","ggml_cgraph","GRAPH","",-1,1,-1,0,0,0,0,0,0.007344,1,"delegate_cpu_graph"
"CPU_Elastic","COMPUTE_GRAPH","ggml_cgraph","GRAPH","",-1,1,-1,0,0,0,0,0,0.349167,1,"delegate_cpu_graph"
"CPU_Elastic","COMPUTE_GRAPH","ggml_cgraph","GRAPH","",-1,1,-1,0,0,0,0,0,0.014948,1,"delegate_cpu_graph"
"CPU_Elastic","COMPUTE_GRAPH","ggml_cgraph","GRAPH","",-1,1,-1,0,0,0,0,0,0.000417,1,"delegate_cpu_graph"
"CPU_Elastic","COMPUTE_GRAPH","ggml_cgraph","GRAPH","",-1,1,-1,0,0,0,0,0,0.000312,1,"delegate_cpu_graph"
"CPU_Elastic","COMPUTE_GRAPH","ggml_cgraph","GRAPH","",-1,1,-1,0,0,0,0,0,0.000261,1,"delegate_cpu_graph"
"CPU_Elastic","COMPUTE_GRAPH","ggml_cgraph","GRAPH","",-1,1,-1,0,0,0,0,0,0.000261,1,"delegate_cpu_graph"
"CPU_Elastic","COMPUTE_GRAPH","ggml_cgraph","GRAPH","",-1,1,-1,0,0,0,0,0,0.000261,1,"delegate_cpu_graph"
"CPU_Elastic","COMPUTE_GRAPH","ggml_cgraph","GRAPH","",-1,1,-1,0,0,0,0,0,0.000261,1,"delegate_cpu_graph"
"CPU_Elastic","COMPUTE_GRAPH","ggml_cgraph","GRAPH","",-1,1,-1,0,0,0,0,0,0.000313,1,"delegate_cpu_graph"
"CPU_Elastic","COMPUTE_GRAPH","ggml_cgraph","GRAPH","",-1,1,-1,0,0,0,0,0,0.000260,1,"delegate_cpu_graph"
"CPU_Elastic","COMPUTE_GRAPH","ggml_cgraph","GRAPH","",-1,1,-1,0,0,0,0,0,0.005990,1,"delegate_cpu_graph"
"CPU_Elastic","COMPUTE_GRAPH","ggml_cgraph","GRAPH","",-1,1,-1,0,0,0,0,0,0.005156,1,"delegate_cpu_graph"
"CPU_Elastic","COMPUTE_GRAPH","ggml_cgraph","GRAPH","",-1,1,-1,0,0,0,0,0,0.005312,1,"delegate_cpu_graph"
"CPU_Elastic","COMPUTE_GRAPH","ggml_cgraph","GRAPH","",-1,1,-1,0,0,0,0,0,0.005260,1,"delegate_cpu_graph"
"CPU_Elastic","COMPUTE_GRAPH","ggml_cgraph","GRAPH","",-1,1,-1,0,0,0,0,0,0.004948,1,"delegate_cpu_graph"
"CPU_Elastic","COMPUTE_GRAPH","ggml_cgraph","GRAPH","",-1,1,-1,0,0,0,0,0,0.004896,1,"delegate_cpu_graph"
"CPU_Elastic","COMPUTE_GRAPH","ggml_cgraph","GRAPH","",-1,1,-1,0,0,0,0,0,0.005313,1,"delegate_cpu_graph"
"CPU_Elastic","COMPUTE_GRAPH","ggml_cgraph","GRAPH","",-1,1,-1,0,0,0,0,0,0.004947,1,"delegate_cpu_graph"
"CPU_Elastic","COMPUTE_GRAPH","ggml_cgraph","GRAPH","",-1,1,-1,0,0,0,0,0,0.004323,1,"delegate_cpu_graph"
"CPU_Elastic","COMPUTE_GRAPH","ggml_cgraph","GRAPH","",-1,1,-1,0,0,0,0,0,0.090625,1,"delegate_cpu_graph"
"CPU_Elastic","COMPUTE_GRAPH","ggml_cgraph","GRAPH","",-1,1,-1,0,0,0,0,0,0.004687,1,"delegate_cpu_graph"
"CPU_Elastic","COMPUTE_GRAPH","ggml_cgraph","GRAPH","",-1,1,-1,0,0,0,0,0,0.000468,1,"delegate_cpu_graph"
"CPU_Elastic","COMPUTE_GRAPH","ggml_cgraph","GRAPH","",-1,1,-1,0,0,0,0,0,0.006459,1,"delegate_cpu_graph"
"CPU_Elastic","COMPUTE_GRAPH","ggml_cgraph","GRAPH","",-1,1,-1,0,0,0,0,0,0.090156,1,"delegate_cpu_graph"
"CPU_Elastic","COMPUTE_GRAPH","ggml_cgraph","GRAPH","",-1,1,-1,0,0,0,0,0,0.004687,1,"delegate_cpu_graph"
"CPU_Elastic","COMPUTE_GRAPH","ggml_cgraph","GRAPH","",-1,1,-1,0,0,0,0,0,0.000417,1,"delegate_cpu_graph"
"CPU_Elastic","COMPUTE_GRAPH","ggml_cgraph","GRAPH","",-1,1,-1,0,0,0,0,0,0.005729,1,"delegate_cpu_graph"
"CPU_Elastic","COMPUTE_GRAPH","ggml_cgraph","GRAPH","",-1,1,-1,0,0,0,0,0,0.001563,1,"delegate_cpu_graph"
"CPU_Elastic","COMPUTE_GRAPH","ggml_cgraph","GRAPH","",-1,1,-1,0,0,0,0,0,0.000312,1,"delegate_cpu_graph"
"CPU_Elastic","COMPUTE_GRAPH","ggml_cgraph","GRAPH","",-1,1,-1,0,0,0,0,0,0.001510,1,"delegate_cpu_graph"
"CPU_Elastic","COMPUTE_GRAPH","ggml_cgraph","GRAPH","",-1,1,-1,0,0,0,0,0,0.000312,1,"delegate_cpu_graph"
"CPU_Elastic","COMPUTE_GRAPH","ggml_cgraph","GRAPH","",-1,1,-1,0,0,0,0,0,0.000364,1,"delegate_cpu_graph"
"CPU_Elastic","COMPUTE_GRAPH","ggml_cgraph","GRAPH","",-1,1,-1,0,0,0,0,0,0.000312,1,"delegate_cpu_graph"
"CPU_Elastic","COMPUTE_GRAPH","ggml_cgraph","GRAPH","",-1,1,-1,0,0,0,0,0,0.433229,1,"delegate_cpu_graph"
"CPU_Elastic","COMPUTE_GRAPH","ggml_cgraph","GRAPH","",-1,1,-1,0,0,0,0,0,0.000365,1,"delegate_cpu_graph"
"CPU_Elastic","COMPUTE_GRAPH","ggml_cgraph","GRAPH","",-1,1,-1,0,0,0,0,0,0.000313,1,"delegate_cpu_graph"
"CPU_Elastic","COMPUTE_GRAPH","ggml_cgraph","GRAPH","",-1,1,-1,0,0,0,0,0,0.000261,1,"delegate_cpu_graph"
"CPU_Elastic","COMPUTE_GRAPH","ggml_cgraph","GRAPH","",-1,1,-1,0,0,0,0,0,0.000313,1,"delegate_cpu_graph"
"CPU_Elastic","COMPUTE_GRAPH","ggml_cgraph","GRAPH","",-1,1,-1,0,0,0,0,0,0.039428,1,"delegate_cpu_graph"
"CPU_Elastic","COMPUTE_GRAPH","ggml_cgraph","GRAPH","",-1,1,-1,0,0,0,0,0,0.017396,1,"delegate_cpu_graph"
"CPU_Elastic","COMPUTE_GRAPH","ggml_cgraph","GRAPH","",-1,1,-1,0,0,0,0,0,0.029948,1,"delegate_cpu_graph"
"CPU_Elastic","COMPUTE_GRAPH","ggml_cgraph","GRAPH","",-1,1,-1,0,0,0,0,0,0.000365,1,"delegate_cpu_graph"
"CPU_Elastic","COMPUTE_GRAPH","ggml_cgraph","GRAPH","",-1,1,-1,0,0,0,0,0,0.005052,1,"delegate_cpu_graph"
"CPU_Elastic","COMPUTE_GRAPH","ggml_cgraph","GRAPH","",-1,1,-1,0,0,0,0,0,0.089375,1,"delegate_cpu_graph"
"CPU_Elastic","COMPUTE_GRAPH","ggml_cgraph","GRAPH","",-1,1,-1,0,0,0,0,0,0.005208,1,"delegate_cpu_graph"
"CPU_Elastic","COMPUTE_GRAPH","ggml_cgraph","GRAPH","",-1,1,-1,0,0,0,0,0,0.004114,1,"delegate_cpu_graph"
"CPU_Elastic","COMPUTE_GRAPH","ggml_cgraph","GRAPH","",-1,1,-1,0,0,0,0,0,0.014010,1,"delegate_cpu_graph"
"CPU_Elastic","COMPUTE_GRAPH","ggml_cgraph","GRAPH","",-1,1,-1,0,0,0,0,0,0.000729,1,"delegate_cpu_graph"
"CPU_Elastic","COMPUTE_GRAPH","ggml_cgraph","GRAPH","",-1,1,-1,0,0,0,0,0,0.000313,1,"delegate_cpu_graph"
"CPU_Elastic","COMPUTE_GRAPH","ggml_cgraph","GRAPH","",-1,1,-1,0,0,0,0,0,0.012552,1,"delegate_cpu_graph"
"CPU_Elastic","COMPUTE_GRAPH","ggml_cgraph","GRAPH","",-1,1,-1,0,0,0,0,0,0.000417,1,"delegate_cpu_graph"
"CPU_Elastic","COMPUTE_GRAPH","ggml_cgraph","GRAPH","",-1,1,-1,0,0,0,0,0,0.000364,1,"delegate_cpu_graph"
"CPU_Elastic","COMPUTE_GRAPH","ggml_cgraph","GRAPH","",-1,1,-1,0,0,0,0,0,0.000260,1,"delegate_cpu_graph"
"CPU_Elastic","COMPUTE_GRAPH","ggml_cgraph","GRAPH","",-1,1,-1,0,0,0,0,0,0.327188,1,"delegate_cpu_graph"
"CPU_Elastic","COMPUTE_GRAPH","ggml_cgraph","GRAPH","",-1,1,-1,0,0,0,0,0,0.353333,1,"delegate_cpu_graph"
"CPU_Elastic","COMPUTE_GRAPH","ggml_cgraph","GRAPH","",-1,1,-1,0,0,0,0,0,0.006979,1,"delegate_cpu_graph"
"CPU_Elastic","COMPUTE_GRAPH","ggml_cgraph","GRAPH","",-1,1,-1,0,0,0,0,0,0.458854,1,"delegate_cpu_graph"
"CPU_Elastic","COMPUTE_GRAPH","ggml_cgraph","GRAPH","",-1,1,-1,0,0,0,0,0,0.013229,1,"delegate_cpu_graph"
"CPU_Elastic","COMPUTE_GRAPH","ggml_cgraph","GRAPH","",-1,1,-1,0,0,0,0,0,0.000469,1,"delegate_cpu_graph"
"CPU_Elastic","COMPUTE_GRAPH","ggml_cgraph","GRAPH","",-1,1,-1,0,0,0,0,0,0.000312,1,"delegate_cpu_graph"
"CPU_Elastic","COMPUTE_GRAPH","ggml_cgraph","GRAPH","",-1,1,-1,0,0,0,0,0,0.000313,1,"delegate_cpu_graph"
"CPU_Elastic","COMPUTE_GRAPH","ggml_cgraph","GRAPH","",-1,1,-1,0,0,0,0,0,0.000313,1,"delegate_cpu_graph"
"CPU_Elastic","COMPUTE_GRAPH","ggml_cgraph","GRAPH","",-1,1,-1,0,0,0,0,0,0.000417,1,"delegate_cpu_graph"
"CPU_Elastic","COMPUTE_GRAPH","ggml_cgraph","GRAPH","",-1,1,-1,0,0,0,0,0,0.000312,1,"delegate_cpu_graph"
"CPU_Elastic","COMPUTE_GRAPH","ggml_cgraph","GRAPH","",-1,1,-1,0,0,0,0,0,0.000313,1,"delegate_cpu_graph"
"CPU_Elastic","COMPUTE_GRAPH","ggml_cgraph","GRAPH","",-1,1,-1,0,0,0,0,0,0.000261,1,"delegate_cpu_graph"
"CPU_Elastic","COMPUTE_GRAPH","ggml_cgraph","GRAPH","",-1,1,-1,0,0,0,0,0,0.004895,1,"delegate_cpu_graph"
"CPU_Elastic","COMPUTE_GRAPH","ggml_cgraph","GRAPH","",-1,1,-1,0,0,0,0,0,0.005157,1,"delegate_cpu_graph"
"CPU_Elastic","COMPUTE_GRAPH","ggml_cgraph","GRAPH","",-1,1,-1,0,0,0,0,0,0.005468,1,"delegate_cpu_graph"
"CPU_Elastic","COMPUTE_GRAPH","ggml_cgraph","GRAPH","",-1,1,-1,0,0,0,0,0,0.004896,1,"delegate_cpu_graph"
"CPU_Elastic","COMPUTE_GRAPH","ggml_cgraph","GRAPH","",-1,1,-1,0,0,0,0,0,0.005208,1,"delegate_cpu_graph"
"CPU_Elastic","COMPUTE_GRAPH","ggml_cgraph","GRAPH","",-1,1,-1,0,0,0,0,0,0.005209,1,"delegate_cpu_graph"
"CPU_Elastic","COMPUTE_GRAPH","ggml_cgraph","GRAPH","",-1,1,-1,0,0,0,0,0,0.005105,1,"delegate_cpu_graph"
"CPU_Elastic","COMPUTE_GRAPH","ggml_cgraph","GRAPH","",-1,1,-1,0,0,0,0,0,0.005052,1,"delegate_cpu_graph"
"CPU_Elastic","COMPUTE_GRAPH","ggml_cgraph","GRAPH","",-1,1,-1,0,0,0,0,0,0.004688,1,"delegate_cpu_graph"
"CPU_Elastic","COMPUTE_GRAPH","ggml_cgraph","GRAPH","",-1,1,-1,0,0,0,0,0,0.090053,1,"delegate_cpu_graph"
"CPU_Elastic","COMPUTE_GRAPH","ggml_cgraph","GRAPH","",-1,1,-1,0,0,0,0,0,0.004948,1,"delegate_cpu_graph"
"CPU_Elastic","COMPUTE_GRAPH","ggml_cgraph","GRAPH","",-1,1,-1,0,0,0,0,0,0.000417,1,"delegate_cpu_graph"
"CPU_Elastic","COMPUTE_GRAPH","ggml_cgraph","GRAPH","",-1,1,-1,0,0,0,0,0,0.006250,1,"delegate_cpu_graph"
"CPU_Elastic","COMPUTE_GRAPH","ggml_cgraph","GRAPH","",-1,1,-1,0,0,0,0,0,0.089792,1,"delegate_cpu_graph"
"CPU_Elastic","COMPUTE_GRAPH","ggml_cgraph","GRAPH","",-1,1,-1,0,0,0,0,0,0.004219,1,"delegate_cpu_graph"
"CPU_Elastic","COMPUTE_GRAPH","ggml_cgraph","GRAPH","",-1,1,-1,0,0,0,0,0,0.000417,1,"delegate_cpu_graph"
"CPU_Elastic","COMPUTE_GRAPH","ggml_cgraph","GRAPH","",-1,1,-1,0,0,0,0,0,0.005885,1,"delegate_cpu_graph"
"CPU_Elastic","COMPUTE_GRAPH","ggml_cgraph","GRAPH","",-1,1,-1,0,0,0,0,0,0.089479,1,"delegate_cpu_graph"
"CPU_Elastic","COMPUTE_GRAPH","ggml_cgraph","GRAPH","",-1,1,-1,0,0,0,0,0,0.000364,1,"delegate_cpu_graph"
"CPU_Elastic","COMPUTE_GRAPH","ggml_cgraph","GRAPH","",-1,1,-1,0,0,0,0,0,0.000260,1,"delegate_cpu_graph"
"CPU_Elastic","COMPUTE_GRAPH","ggml_cgraph","GRAPH","",-1,1,-1,0,0,0,0,0,0.001667,1,"delegate_cpu_graph"
"CPU_Elastic","COMPUTE_GRAPH","ggml_cgraph","GRAPH","",-1,1,-1,0,0,0,0,0,0.000313,1,"delegate_cpu_graph"
"CPU_Elastic","COMPUTE_GRAPH","ggml_cgraph","GRAPH","",-1,1,-1,0,0,0,0,0,0.001511,1,"delegate_cpu_graph"
"CPU_Elastic","COMPUTE_GRAPH","ggml_cgraph","GRAPH","",-1,1,-1,0,0,0,0,0,0.000313,1,"delegate_cpu_graph"
"CPU_Elastic","COMPUTE_GRAPH","ggml_cgraph","GRAPH","",-1,1,-1,0,0,0,0,0,0.000261,1,"delegate_cpu_graph"
"CPU_Elastic","COMPUTE_GRAPH","ggml_cgraph","GRAPH","",-1,1,-1,0,0,0,0,0,0.000313,1,"delegate_cpu_graph"
"CPU_Elastic","COMPUTE_GRAPH","ggml_cgraph","GRAPH","",-1,1,-1,0,0,0,0,0,0.432448,1,"delegate_cpu_graph"
"CPU_Elastic","COMPUTE_GRAPH","ggml_cgraph","GRAPH","",-1,1,-1,0,0,0,0,0,0.000417,1,"delegate_cpu_graph"
"CPU_Elastic","COMPUTE_GRAPH","ggml_cgraph","GRAPH","",-1,1,-1,0,0,0,0,0,0.000312,1,"delegate_cpu_graph"
"CPU_Elastic","COMPUTE_GRAPH","ggml_cgraph","GRAPH","",-1,1,-1,0,0,0,0,0,0.000260,1,"delegate_cpu_graph"
"CPU_Elastic","COMPUTE_GRAPH","ggml_cgraph","GRAPH","",-1,1,-1,0,0,0,0,0,0.000260,1,"delegate_cpu_graph"
"CPU_Elastic","COMPUTE_GRAPH","ggml_cgraph","GRAPH","",-1,1,-1,0,0,0,0,0,0.039010,1,"delegate_cpu_graph"
"CPU_Elastic","COMPUTE_GRAPH","ggml_cgraph","GRAPH","",-1,1,-1,0,0,0,0,0,0.017084,1,"delegate_cpu_graph"
"CPU_Elastic","COMPUTE_GRAPH","ggml_cgraph","GRAPH","",-1,1,-1,0,0,0,0,0,0.029739,1,"delegate_cpu_graph"
"CPU_Elastic","COMPUTE_GRAPH","ggml_cgraph","GRAPH","",-1,1,-1,0,0,0,0,0,0.000365,1,"delegate_cpu_graph"
"CPU_Elastic","COMPUTE_GRAPH","ggml_cgraph","GRAPH","",-1,1,-1,0,0,0,0,0,0.004583,1,"delegate_cpu_graph"
"CPU_Elastic","COMPUTE_GRAPH","ggml_cgraph","GRAPH","",-1,1,-1,0,0,0,0,0,0.090365,1,"delegate_cpu_graph"
"CPU_Elastic","COMPUTE_GRAPH","ggml_cgraph","GRAPH","",-1,1,-1,0,0,0,0,0,0.005260,1,"delegate_cpu_graph"
"CPU_Elastic","COMPUTE_GRAPH","ggml_cgraph","GRAPH","",-1,1,-1,0,0,0,0,0,0.004271,1,"delegate_cpu_graph"
"CPU_Elastic","COMPUTE_GRAPH","ggml_cgraph","GRAPH","",-1,1,-1,0,0,0,0,0,0.013750,1,"delegate_cpu_graph"
"CPU_Elastic","COMPUTE_GRAPH","ggml_cgraph","GRAPH","",-1,1,-1,0,0,0,0,0,0.000729,1,"delegate_cpu_graph"
"CPU_Elastic","COMPUTE_GRAPH","ggml_cgraph","GRAPH","",-1,1,-1,0,0,0,0,0,0.000313,1,"delegate_cpu_graph"
"CPU_Elastic","COMPUTE_GRAPH","ggml_cgraph","GRAPH","",-1,1,-1,0,0,0,0,0,0.010104,1,"delegate_cpu_graph"
"CPU_Elastic","COMPUTE_GRAPH","ggml_cgraph","GRAPH","",-1,1,-1,0,0,0,0,0,0.000417,1,"delegate_cpu_graph"
"CPU_Elastic","COMPUTE_GRAPH","ggml_cgraph","GRAPH","",-1,1,-1,0,0,0,0,0,0.000416,1,"delegate_cpu_graph"
"CPU_Elastic","COMPUTE_GRAPH","ggml_cgraph","GRAPH","",-1,1,-1,0,0,0,0,0,0.000312,1,"delegate_cpu_graph"
"CPU_Elastic","COMPUTE_GRAPH","ggml_cgraph","GRAPH","",-1,1,-1,0,0,0,0,0,0.327605,1,"delegate_cpu_graph"
"CPU_Elastic","COMPUTE_GRAPH","ggml_cgraph","GRAPH","",-1,1,-1,0,0,0,0,0,0.327917,1,"delegate_cpu_graph"
"CPU_Elastic","COMPUTE_GRAPH","ggml_cgraph","GRAPH","",-1,1,-1,0,0,0,0,0,0.008282,1,"delegate_cpu_graph"
"CPU_Elastic","COMPUTE_GRAPH","ggml_cgraph","GRAPH","",-1,1,-1,0,0,0,0,0,0.347917,1,"delegate_cpu_graph"
"CPU_Elastic","COMPUTE_GRAPH","ggml_cgraph","GRAPH","",-1,1,-1,0,0,0,0,0,0.013282,1,"delegate_cpu_graph"
"CPU_Elastic","COMPUTE_GRAPH","ggml_cgraph","GRAPH","",-1,1,-1,0,0,0,0,0,0.000364,1,"delegate_cpu_graph"
"CPU_Elastic","COMPUTE_GRAPH","ggml_cgraph","GRAPH","",-1,1,-1,0,0,0,0,0,0.000364,1,"delegate_cpu_graph"
"CPU_Elastic","COMPUTE_GRAPH","ggml_cgraph","GRAPH","",-1,1,-1,0,0,0,0,0,0.000260,1,"delegate_cpu_graph"
"CPU_Elastic","COMPUTE_GRAPH","ggml_cgraph","GRAPH","",-1,1,-1,0,0,0,0,0,0.000312,1,"delegate_cpu_graph"
"CPU_Elastic","COMPUTE_GRAPH","ggml_cgraph","GRAPH","",-1,1,-1,0,0,0,0,0,0.000260,1,"delegate_cpu_graph"
"CPU_Elastic","COMPUTE_GRAPH","ggml_cgraph","GRAPH","",-1,1,-1,0,0,0,0,0,0.000261,1,"delegate_cpu_graph"
"CPU_Elastic","COMPUTE_GRAPH","ggml_cgraph","GRAPH","",-1,1,-1,0,0,0,0,0,0.000313,1,"delegate_cpu_graph"
"CPU_Elastic","COMPUTE_GRAPH","ggml_cgraph","GRAPH","",-1,1,-1,0,0,0,0,0,0.000260,1,"delegate_cpu_graph"
"CPU_Elastic","COMPUTE_GRAPH","ggml_cgraph","GRAPH","",-1,1,-1,0,0,0,0,0,0.004844,1,"delegate_cpu_graph"
"CPU_Elastic","COMPUTE_GRAPH","ggml_cgraph","GRAPH","",-1,1,-1,0,0,0,0,0,0.004948,1,"delegate_cpu_graph"
"CPU_Elastic","COMPUTE_GRAPH","ggml_cgraph","GRAPH","",-1,1,-1,0,0,0,0,0,0.005053,1,"delegate_cpu_graph"
"CPU_Elastic","COMPUTE_GRAPH","ggml_cgraph","GRAPH","",-1,1,-1,0,0,0,0,0,0.005573,1,"delegate_cpu_graph"
"CPU_Elastic","COMPUTE_GRAPH","ggml_cgraph","GRAPH","",-1,1,-1,0,0,0,0,0,0.004948,1,"delegate_cpu_graph"
"CPU_Elastic","COMPUTE_GRAPH","ggml_cgraph","GRAPH","",-1,1,-1,0,0,0,0,0,0.005156,1,"delegate_cpu_graph"
"CPU_Elastic","COMPUTE_GRAPH","ggml_cgraph","GRAPH","",-1,1,-1,0,0,0,0,0,0.005416,1,"delegate_cpu_graph"
"CPU_Elastic","COMPUTE_GRAPH","ggml_cgraph","GRAPH","",-1,1,-1,0,0,0,0,0,0.005000,1,"delegate_cpu_graph"
"CPU_Elastic","COMPUTE_GRAPH","ggml_cgraph","GRAPH","",-1,1,-1,0,0,0,0,0,0.004427,1,"delegate_cpu_graph"
"CPU_Elastic","COMPUTE_GRAPH","ggml_cgraph","GRAPH","",-1,1,-1,0,0,0,0,0,0.090052,1,"delegate_cpu_graph"
"CPU_Elastic","COMPUTE_GRAPH","ggml_cgraph","GRAPH","",-1,1,-1,0,0,0,0,0,0.004480,1,"delegate_cpu_graph"
"CPU_Elastic","COMPUTE_GRAPH","ggml_cgraph","GRAPH","",-1,1,-1,0,0,0,0,0,0.000469,1,"delegate_cpu_graph"
"CPU_Elastic","COMPUTE_GRAPH","ggml_cgraph","GRAPH","",-1,1,-1,0,0,0,0,0,0.005573,1,"delegate_cpu_graph"
"CPU_Elastic","COMPUTE_GRAPH","ggml_cgraph","GRAPH","",-1,1,-1,0,0,0,0,0,0.089323,1,"delegate_cpu_graph"
"CPU_Elastic","COMPUTE_GRAPH","ggml_cgraph","GRAPH","",-1,1,-1,0,0,0,0,0,0.004375,1,"delegate_cpu_graph"
"CPU_Elastic","COMPUTE_GRAPH","ggml_cgraph","GRAPH","",-1,1,-1,0,0,0,0,0,0.000469,1,"delegate_cpu_graph"
"CPU_Elastic","COMPUTE_GRAPH","ggml_cgraph","GRAPH","",-1,1,-1,0,0,0,0,0,0.005573,1,"delegate_cpu_graph"
"CPU_Elastic","COMPUTE_GRAPH","ggml_cgraph","GRAPH","",-1,1,-1,0,0,0,0,0,0.090313,1,"delegate_cpu_graph"
"CPU_Elastic","COMPUTE_GRAPH","ggml_cgraph","GRAPH","",-1,1,-1,0,0,0,0,0,0.000469,1,"delegate_cpu_graph"
"CPU_Elastic","COMPUTE_GRAPH","ggml_cgraph","GRAPH","",-1,1,-1,0,0,0,0,0,0.000313,1,"delegate_cpu_graph"
"CPU_Elastic","COMPUTE_GRAPH","ggml_cgraph","GRAPH","",-1,1,-1,0,0,0,0,0,0.001563,1,"delegate_cpu_graph"
"CPU_Elastic","COMPUTE_GRAPH","ggml_cgraph","GRAPH","",-1,1,-1,0,0,0,0,0,0.000313,1,"delegate_cpu_graph"
"CPU_Elastic","COMPUTE_GRAPH","ggml_cgraph","GRAPH","",-1,1,-1,0,0,0,0,0,0.001354,1,"delegate_cpu_graph"
"CPU_Elastic","COMPUTE_GRAPH","ggml_cgraph","GRAPH","",-1,1,-1,0,0,0,0,0,0.000261,1,"delegate_cpu_graph"
"CPU_Elastic","COMPUTE_GRAPH","ggml_cgraph","GRAPH","",-1,1,-1,0,0,0,0,0,0.000365,1,"delegate_cpu_graph"
"CPU_Elastic","COMPUTE_GRAPH","ggml_cgraph","GRAPH","",-1,1,-1,0,0,0,0,0,0.000261,1,"delegate_cpu_graph"
"CPU_Elastic","COMPUTE_GRAPH","ggml_cgraph","GRAPH","",-1,1,-1,0,0,0,0,0,0.433230,1,"delegate_cpu_graph"
"CPU_Elastic","COMPUTE_GRAPH","ggml_cgraph","GRAPH","",-1,1,-1,0,0,0,0,0,0.000416,1,"delegate_cpu_graph"
"CPU_Elastic","COMPUTE_GRAPH","ggml_cgraph","GRAPH","",-1,1,-1,0,0,0,0,0,0.000261,1,"delegate_cpu_graph"
"CPU_Elastic","COMPUTE_GRAPH","ggml_cgraph","GRAPH","",-1,1,-1,0,0,0,0,0,0.000313,1,"delegate_cpu_graph"
"CPU_Elastic","COMPUTE_GRAPH","ggml_cgraph","GRAPH","",-1,1,-1,0,0,0,0,0,0.000313,1,"delegate_cpu_graph"
"CPU_Elastic","COMPUTE_GRAPH","ggml_cgraph","GRAPH","",-1,1,-1,0,0,0,0,0,0.040053,1,"delegate_cpu_graph"
"CPU_Elastic","COMPUTE_GRAPH","ggml_cgraph","GRAPH","",-1,1,-1,0,0,0,0,0,0.016458,1,"delegate_cpu_graph"
"CPU_Elastic","COMPUTE_GRAPH","ggml_cgraph","GRAPH","",-1,1,-1,0,0,0,0,0,0.029792,1,"delegate_cpu_graph"
"CPU_Elastic","COMPUTE_GRAPH","ggml_cgraph","GRAPH","",-1,1,-1,0,0,0,0,0,0.000417,1,"delegate_cpu_graph"
"CPU_Elastic","COMPUTE_GRAPH","ggml_cgraph","GRAPH","",-1,1,-1,0,0,0,0,0,0.004844,1,"delegate_cpu_graph"
"CPU_Elastic","COMPUTE_GRAPH","ggml_cgraph","GRAPH","",-1,1,-1,0,0,0,0,0,0.089688,1,"delegate_cpu_graph"
"CPU_Elastic","COMPUTE_GRAPH","ggml_cgraph","GRAPH","",-1,1,-1,0,0,0,0,0,0.005781,1,"delegate_cpu_graph"
"CPU_Elastic","COMPUTE_GRAPH","ggml_cgraph","GRAPH","",-1,1,-1,0,0,0,0,0,0.004688,1,"delegate_cpu_graph"
"CPU_Elastic","COMPUTE_GRAPH","ggml_cgraph","GRAPH","",-1,1,-1,0,0,0,0,0,0.013281,1,"delegate_cpu_graph"
"CPU_Elastic","COMPUTE_GRAPH","ggml_cgraph","GRAPH","",-1,1,-1,0,0,0,0,0,0.000678,1,"delegate_cpu_graph"
"CPU_Elastic","COMPUTE_GRAPH","ggml_cgraph","GRAPH","",-1,1,-1,0,0,0,0,0,0.000261,1,"delegate_cpu_graph"
"CPU_Elastic","COMPUTE_GRAPH","ggml_cgraph","GRAPH","",-1,1,-1,0,0,0,0,0,0.037187,1,"delegate_cpu_graph"
"CPU_Elastic","COMPUTE_GRAPH","ggml_cgraph","GRAPH","",-1,1,-1,0,0,0,0,0,0.000417,1,"delegate_cpu_graph"
"CPU_Elastic","COMPUTE_GRAPH","ggml_cgraph","GRAPH","",-1,1,-1,0,0,0,0,0,0.000365,1,"delegate_cpu_graph"
"CPU_Elastic","COMPUTE_GRAPH","ggml_cgraph","GRAPH","",-1,1,-1,0,0,0,0,0,0.000312,1,"delegate_cpu_graph"
"CPU_Elastic","COMPUTE_GRAPH","ggml_cgraph","GRAPH","",-1,1,-1,0,0,0,0,0,0.338542,1,"delegate_cpu_graph"
"CPU_Elastic","COMPUTE_GRAPH","ggml_cgraph","GRAPH","",-1,1,-1,0,0,0,0,0,0.327865,1,"delegate_cpu_graph"
"CPU_Elastic","COMPUTE_GRAPH","ggml_cgraph","GRAPH","",-1,1,-1,0,0,0,0,0,0.006980,1,"delegate_cpu_graph"
"CPU_Elastic","COMPUTE_GRAPH","ggml_cgraph","GRAPH","",-1,1,-1,0,0,0,0,0,0.346979,1,"delegate_cpu_graph"
"CPU_Elastic","COMPUTE_GRAPH","ggml_cgraph","GRAPH","",-1,1,-1,0,0,0,0,0,0.015938,1,"delegate_cpu_graph"
"CPU_Elastic","COMPUTE_GRAPH","ggml_cgraph","GRAPH","",-1,1,-1,0,0,0,0,0,0.000417,1,"delegate_cpu_graph"
"CPU_Elastic","COMPUTE_GRAPH","ggml_cgraph","GRAPH","",-1,1,-1,0,0,0,0,0,0.000313,1,"delegate_cpu_graph"
"CPU_Elastic","COMPUTE_GRAPH","ggml_cgraph","GRAPH","",-1,1,-1,0,0,0,0,0,0.000261,1,"delegate_cpu_graph"
"CPU_Elastic","COMPUTE_GRAPH","ggml_cgraph","GRAPH","",-1,1,-1,0,0,0,0,0,0.000261,1,"delegate_cpu_graph"
"CPU_Elastic","COMPUTE_GRAPH","ggml_cgraph","GRAPH","",-1,1,-1,0,0,0,0,0,0.000261,1,"delegate_cpu_graph"
"CPU_Elastic","COMPUTE_GRAPH","ggml_cgraph","GRAPH","",-1,1,-1,0,0,0,0,0,0.000261,1,"delegate_cpu_graph"
"CPU_Elastic","COMPUTE_GRAPH","ggml_cgraph","GRAPH","",-1,1,-1,0,0,0,0,0,0.000261,1,"delegate_cpu_graph"
"CPU_Elastic","COMPUTE_GRAPH","ggml_cgraph","GRAPH","",-1,1,-1,0,0,0,0,0,0.000261,1,"delegate_cpu_graph"
"CPU_Elastic","COMPUTE_GRAPH","ggml_cgraph","GRAPH","",-1,1,-1,0,0,0,0,0,0.005260,1,"delegate_cpu_graph"
"CPU_Elastic","COMPUTE_GRAPH","ggml_cgraph","GRAPH","",-1,1,-1,0,0,0,0,0,0.005209,1,"delegate_cpu_graph"
"CPU_Elastic","COMPUTE_GRAPH","ggml_cgraph","GRAPH","",-1,1,-1,0,0,0,0,0,0.005052,1,"delegate_cpu_graph"
"CPU_Elastic","COMPUTE_GRAPH","ggml_cgraph","GRAPH","",-1,1,-1,0,0,0,0,0,0.005729,1,"delegate_cpu_graph"
"CPU_Elastic","COMPUTE_GRAPH","ggml_cgraph","GRAPH","",-1,1,-1,0,0,0,0,0,0.005000,1,"delegate_cpu_graph"
"CPU_Elastic","COMPUTE_GRAPH","ggml_cgraph","GRAPH","",-1,1,-1,0,0,0,0,0,0.005000,1,"delegate_cpu_graph"
"CPU_Elastic","COMPUTE_GRAPH","ggml_cgraph","GRAPH","",-1,1,-1,0,0,0,0,0,0.005625,1,"delegate_cpu_graph"
"CPU_Elastic","COMPUTE_GRAPH","ggml_cgraph","GRAPH","",-1,1,-1,0,0,0,0,0,0.005938,1,"delegate_cpu_graph"
"CPU_Elastic","COMPUTE_GRAPH","ggml_cgraph","GRAPH","",-1,1,-1,0,0,0,0,0,0.004479,1,"delegate_cpu_graph"
"CPU_Elastic","COMPUTE_GRAPH","ggml_cgraph","GRAPH","",-1,1,-1,0,0,0,0,0,0.090104,1,"delegate_cpu_graph"
"CPU_Elastic","COMPUTE_GRAPH","ggml_cgraph","GRAPH","",-1,1,-1,0,0,0,0,0,0.004479,1,"delegate_cpu_graph"
"CPU_Elastic","COMPUTE_GRAPH","ggml_cgraph","GRAPH","",-1,1,-1,0,0,0,0,0,0.000417,1,"delegate_cpu_graph"
"CPU_Elastic","COMPUTE_GRAPH","ggml_cgraph","GRAPH","",-1,1,-1,0,0,0,0,0,0.006094,1,"delegate_cpu_graph"
"CPU_Elastic","COMPUTE_GRAPH","ggml_cgraph","GRAPH","",-1,1,-1,0,0,0,0,0,0.090677,1,"delegate_cpu_graph"
"CPU_Elastic","COMPUTE_GRAPH","ggml_cgraph","GRAPH","",-1,1,-1,0,0,0,0,0,0.004010,1,"delegate_cpu_graph"
"CPU_Elastic","COMPUTE_GRAPH","ggml_cgraph","GRAPH","",-1,1,-1,0,0,0,0,0,0.000469,1,"delegate_cpu_graph"
"CPU_Elastic","COMPUTE_GRAPH","ggml_cgraph","GRAPH","",-1,1,-1,0,0,0,0,0,0.005156,1,"delegate_cpu_graph"
"CPU_Elastic","COMPUTE_GRAPH","ggml_cgraph","GRAPH","",-1,1,-1,0,0,0,0,0,0.001563,1,"delegate_cpu_graph"
"CPU_Elastic","COMPUTE_GRAPH","ggml_cgraph","GRAPH","",-1,1,-1,0,0,0,0,0,0.000312,1,"delegate_cpu_graph"
"CPU_Elastic","COMPUTE_GRAPH","ggml_cgraph","GRAPH","",-1,1,-1,0,0,0,0,0,0.001354,1,"delegate_cpu_graph"
"CPU_Elastic","COMPUTE_GRAPH","ggml_cgraph","GRAPH","",-1,1,-1,0,0,0,0,0,0.000312,1,"delegate_cpu_graph"
"CPU_Elastic","COMPUTE_GRAPH","ggml_cgraph","GRAPH","",-1,1,-1,0,0,0,0,0,0.000312,1,"delegate_cpu_graph"
"CPU_Elastic","COMPUTE_GRAPH","ggml_cgraph","GRAPH","",-1,1,-1,0,0,0,0,0,0.000260,1,"delegate_cpu_graph"
"CPU_Elastic","COMPUTE_GRAPH","ggml_cgraph","GRAPH","",-1,1,-1,0,0,0,0,0,0.432239,1,"delegate_cpu_graph"
"CPU_Elastic","COMPUTE_GRAPH","ggml_cgraph","GRAPH","",-1,1,-1,0,0,0,0,0,0.000417,1,"delegate_cpu_graph"
"CPU_Elastic","COMPUTE_GRAPH","ggml_cgraph","GRAPH","",-1,1,-1,0,0,0,0,0,0.000261,1,"delegate_cpu_graph"
"CPU_Elastic","COMPUTE_GRAPH","ggml_cgraph","GRAPH","",-1,1,-1,0,0,0,0,0,0.000261,1,"delegate_cpu_graph"
"CPU_Elastic","COMPUTE_GRAPH","ggml_cgraph","GRAPH","",-1,1,-1,0,0,0,0,0,0.000312,1,"delegate_cpu_graph"
"CPU_Elastic","COMPUTE_GRAPH","ggml_cgraph","GRAPH","",-1,1,-1,0,0,0,0,0,0.038646,1,"delegate_cpu_graph"
"CPU_Elastic","COMPUTE_GRAPH","ggml_cgraph","GRAPH","",-1,1,-1,0,0,0,0,0,0.016927,1,"delegate_cpu_graph"
"CPU_Elastic","COMPUTE_GRAPH","ggml_cgraph","GRAPH","",-1,1,-1,0,0,0,0,0,0.030000,1,"delegate_cpu_graph"
"CPU_Elastic","COMPUTE_GRAPH","ggml_cgraph","GRAPH","",-1,1,-1,0,0,0,0,0,0.000365,1,"delegate_cpu_graph"
"CPU_Elastic","COMPUTE_GRAPH","ggml_cgraph","GRAPH","",-1,1,-1,0,0,0,0,0,0.004583,1,"delegate_cpu_graph"
"CPU_Elastic","COMPUTE_GRAPH","ggml_cgraph","GRAPH","",-1,1,-1,0,0,0,0,0,0.090678,1,"delegate_cpu_graph"
"CPU_Elastic","COMPUTE_GRAPH","ggml_cgraph","GRAPH","",-1,1,-1,0,0,0,0,0,0.005000,1,"delegate_cpu_graph"
"CPU_Elastic","COMPUTE_GRAPH","ggml_cgraph","GRAPH","",-1,1,-1,0,0,0,0,0,0.004479,1,"delegate_cpu_graph"
"CPU_Elastic","COMPUTE_GRAPH","ggml_cgraph","GRAPH","",-1,1,-1,0,0,0,0,0,0.013125,1,"delegate_cpu_graph"
"CPU_Elastic","COMPUTE_GRAPH","ggml_cgraph","GRAPH","",-1,1,-1,0,0,0,0,0,0.000729,1,"delegate_cpu_graph"
"CPU_Elastic","COMPUTE_GRAPH","ggml_cgraph","GRAPH","",-1,1,-1,0,0,0,0,0,0.000313,1,"delegate_cpu_graph"
"CPU_Elastic","COMPUTE_GRAPH","ggml_cgraph","GRAPH","",-1,1,-1,0,0,0,0,0,0.010313,1,"delegate_cpu_graph"
"CPU_Elastic","COMPUTE_GRAPH","ggml_cgraph","GRAPH","",-1,1,-1,0,0,0,0,0,0.000364,1,"delegate_cpu_graph"
"CPU_Elastic","COMPUTE_GRAPH","ggml_cgraph","GRAPH","",-1,1,-1,0,0,0,0,0,0.000312,1,"delegate_cpu_graph"
"CPU_Elastic","COMPUTE_GRAPH","ggml_cgraph","GRAPH","",-1,1,-1,0,0,0,0,0,0.000260,1,"delegate_cpu_graph"
"CPU_Elastic","COMPUTE_GRAPH","ggml_cgraph","GRAPH","",-1,1,-1,0,0,0,0,0,0.328489,1,"delegate_cpu_graph"
"CPU_Elastic","COMPUTE_GRAPH","ggml_cgraph","GRAPH","",-1,1,-1,0,0,0,0,0,0.328125,1,"delegate_cpu_graph"
"CPU_Elastic","COMPUTE_GRAPH","ggml_cgraph","GRAPH","",-1,1,-1,0,0,0,0,0,0.007552,1,"delegate_cpu_graph"
"CPU_Elastic","COMPUTE_GRAPH","ggml_cgraph","GRAPH","",-1,1,-1,0,0,0,0,0,0.461563,1,"delegate_cpu_graph"
"CPU_Elastic","COMPUTE_GRAPH","ggml_cgraph","GRAPH","",-1,1,-1,0,0,0,0,0,0.013386,1,"delegate_cpu_graph"
"CPU_Elastic","COMPUTE_GRAPH","ggml_cgraph","GRAPH","",-1,1,-1,0,0,0,0,0,0.000416,1,"delegate_cpu_graph"
"CPU_Elastic","COMPUTE_GRAPH","ggml_cgraph","GRAPH","",-1,1,-1,0,0,0,0,0,0.000312,1,"delegate_cpu_graph"
"CPU_Elastic","COMPUTE_GRAPH","ggml_cgraph","GRAPH","",-1,1,-1,0,0,0,0,0,0.000260,1,"delegate_cpu_graph"
"CPU_Elastic","COMPUTE_GRAPH","ggml_cgraph","GRAPH","",-1,1,-1,0,0,0,0,0,0.000312,1,"delegate_cpu_graph"
"CPU_Elastic","COMPUTE_GRAPH","ggml_cgraph","GRAPH","",-1,1,-1,0,0,0,0,0,0.000312,1,"delegate_cpu_graph"
"CPU_Elastic","COMPUTE_GRAPH","ggml_cgraph","GRAPH","",-1,1,-1,0,0,0,0,0,0.000260,1,"delegate_cpu_graph"
"CPU_Elastic","COMPUTE_GRAPH","ggml_cgraph","GRAPH","",-1,1,-1,0,0,0,0,0,0.000260,1,"delegate_cpu_graph"
"CPU_Elastic","COMPUTE_GRAPH","ggml_cgraph","GRAPH","",-1,1,-1,0,0,0,0,0,0.000313,1,"delegate_cpu_graph"
"CPU_Elastic","COMPUTE_GRAPH","ggml_cgraph","GRAPH","",-1,1,-1,0,0,0,0,0,0.005052,1,"delegate_cpu_graph"
"CPU_Elastic","COMPUTE_GRAPH","ggml_cgraph","GRAPH","",-1,1,-1,0,0,0,0,0,0.005000,1,"delegate_cpu_graph"
"CPU_Elastic","COMPUTE_GRAPH","ggml_cgraph","GRAPH","",-1,1,-1,0,0,0,0,0,0.005416,1,"delegate_cpu_graph"
"CPU_Elastic","COMPUTE_GRAPH","ggml_cgraph","GRAPH","",-1,1,-1,0,0,0,0,0,0.005000,1,"delegate_cpu_graph"
"CPU_Elastic","COMPUTE_GRAPH","ggml_cgraph","GRAPH","",-1,1,-1,0,0,0,0,0,0.004896,1,"delegate_cpu_graph"
"CPU_Elastic","COMPUTE_GRAPH","ggml_cgraph","GRAPH","",-1,1,-1,0,0,0,0,0,0.005573,1,"delegate_cpu_graph"
"CPU_Elastic","COMPUTE_GRAPH","ggml_cgraph","GRAPH","",-1,1,-1,0,0,0,0,0,0.005000,1,"delegate_cpu_graph"
"CPU_Elastic","COMPUTE_GRAPH","ggml_cgraph","GRAPH","",-1,1,-1,0,0,0,0,0,0.004844,1,"delegate_cpu_graph"
"CPU_Elastic","COMPUTE_GRAPH","ggml_cgraph","GRAPH","",-1,1,-1,0,0,0,0,0,0.004687,1,"delegate_cpu_graph"
"CPU_Elastic","COMPUTE_GRAPH","ggml_cgraph","GRAPH","",-1,1,-1,0,0,0,0,0,0.090209,1,"delegate_cpu_graph"
"CPU_Elastic","COMPUTE_GRAPH","ggml_cgraph","GRAPH","",-1,1,-1,0,0,0,0,0,0.005052,1,"delegate_cpu_graph"
"CPU_Elastic","COMPUTE_GRAPH","ggml_cgraph","GRAPH","",-1,1,-1,0,0,0,0,0,0.000469,1,"delegate_cpu_graph"
"CPU_Elastic","COMPUTE_GRAPH","ggml_cgraph","GRAPH","",-1,1,-1,0,0,0,0,0,0.005625,1,"delegate_cpu_graph"
"CPU_Elastic","COMPUTE_GRAPH","ggml_cgraph","GRAPH","",-1,1,-1,0,0,0,0,0,0.089635,1,"delegate_cpu_graph"
"CPU_Elastic","COMPUTE_GRAPH","ggml_cgraph","GRAPH","",-1,1,-1,0,0,0,0,0,0.004114,1,"delegate_cpu_graph"
"CPU_Elastic","COMPUTE_GRAPH","ggml_cgraph","GRAPH","",-1,1,-1,0,0,0,0,0,0.000417,1,"delegate_cpu_graph"
"CPU_Elastic","COMPUTE_GRAPH","ggml_cgraph","GRAPH","",-1,1,-1,0,0,0,0,0,0.005989,1,"delegate_cpu_graph"
"CPU_Elastic","COMPUTE_GRAPH","ggml_cgraph","GRAPH","",-1,1,-1,0,0,0,0,0,0.089427,1,"delegate_cpu_graph"
"CPU_Elastic","COMPUTE_GRAPH","ggml_cgraph","GRAPH","",-1,1,-1,0,0,0,0,0,0.000417,1,"delegate_cpu_graph"
"CPU_Elastic","COMPUTE_GRAPH","ggml_cgraph","GRAPH","",-1,1,-1,0,0,0,0,0,0.000313,1,"delegate_cpu_graph"
"CPU_Elastic","COMPUTE_GRAPH","ggml_cgraph","GRAPH","",-1,1,-1,0,0,0,0,0,0.001458,1,"delegate_cpu_graph"
"CPU_Elastic","COMPUTE_GRAPH","ggml_cgraph","GRAPH","",-1,1,-1,0,0,0,0,0,0.000312,1,"delegate_cpu_graph"
"CPU_Elastic","COMPUTE_GRAPH","ggml_cgraph","GRAPH","",-1,1,-1,0,0,0,0,0,0.001458,1,"delegate_cpu_graph"
"CPU_Elastic","COMPUTE_GRAPH","ggml_cgraph","GRAPH","",-1,1,-1,0,0,0,0,0,0.000261,1,"delegate_cpu_graph"
"CPU_Elastic","COMPUTE_GRAPH","ggml_cgraph","GRAPH","",-1,1,-1,0,0,0,0,0,0.000261,1,"delegate_cpu_graph"
"CPU_Elastic","COMPUTE_GRAPH","ggml_cgraph","GRAPH","",-1,1,-1,0,0,0,0,0,0.000260,1,"delegate_cpu_graph"
"CPU_Elastic","COMPUTE_GRAPH","ggml_cgraph","GRAPH","",-1,1,-1,0,0,0,0,0,0.447968,1,"delegate_cpu_graph"
"CPU_Elastic","COMPUTE_GRAPH","ggml_cgraph","GRAPH","",-1,1,-1,0,0,0,0,0,0.000417,1,"delegate_cpu_graph"
"CPU_Elastic","COMPUTE_GRAPH","ggml_cgraph","GRAPH","",-1,1,-1,0,0,0,0,0,0.000312,1,"delegate_cpu_graph"
"CPU_Elastic","COMPUTE_GRAPH","ggml_cgraph","GRAPH","",-1,1,-1,0,0,0,0,0,0.000312,1,"delegate_cpu_graph"
"CPU_Elastic","COMPUTE_GRAPH","ggml_cgraph","GRAPH","",-1,1,-1,0,0,0,0,0,0.000312,1,"delegate_cpu_graph"
"CPU_Elastic","COMPUTE_GRAPH","ggml_cgraph","GRAPH","",-1,1,-1,0,0,0,0,0,0.037136,1,"delegate_cpu_graph"
"CPU_Elastic","COMPUTE_GRAPH","ggml_cgraph","GRAPH","",-1,1,-1,0,0,0,0,0,0.016979,1,"delegate_cpu_graph"
"CPU_Elastic","COMPUTE_GRAPH","ggml_cgraph","GRAPH","",-1,1,-1,0,0,0,0,0,0.030781,1,"delegate_cpu_graph"
"CPU_Elastic","COMPUTE_GRAPH","ggml_cgraph","GRAPH","",-1,1,-1,0,0,0,0,0,0.000416,1,"delegate_cpu_graph"
"CPU_Elastic","COMPUTE_GRAPH","ggml_cgraph","GRAPH","",-1,1,-1,0,0,0,0,0,0.004792,1,"delegate_cpu_graph"
"CPU_Elastic","COMPUTE_GRAPH","ggml_cgraph","GRAPH","",-1,1,-1,0,0,0,0,0,0.090052,1,"delegate_cpu_graph"
"CPU_Elastic","COMPUTE_GRAPH","ggml_cgraph","GRAPH","",-1,1,-1,0,0,0,0,0,0.005521,1,"delegate_cpu_graph"
"CPU_Elastic","COMPUTE_GRAPH","ggml_cgraph","GRAPH","",-1,1,-1,0,0,0,0,0,0.004323,1,"delegate_cpu_graph"
"CPU_Elastic","COMPUTE_GRAPH","ggml_cgraph","GRAPH","",-1,1,-1,0,0,0,0,0,0.014010,1,"delegate_cpu_graph"
"CPU_Elastic","COMPUTE_GRAPH","ggml_cgraph","GRAPH","",-1,1,-1,0,0,0,0,0,0.000729,1,"delegate_cpu_graph"
"CPU_Elastic","COMPUTE_GRAPH","ggml_cgraph","GRAPH","",-1,1,-1,0,0,0,0,0,0.000365,1,"delegate_cpu_graph"
"CPU_Elastic","COMPUTE_GRAPH","ggml_cgraph","GRAPH","",-1,1,-1,0,0,0,0,0,0.010729,1,"delegate_cpu_graph"
"CPU_Elastic","COMPUTE_GRAPH","ggml_cgraph","GRAPH","",-1,1,-1,0,0,0,0,0,0.000417,1,"delegate_cpu_graph"
"CPU_Elastic","COMPUTE_GRAPH","ggml_cgraph","GRAPH","",-1,1,-1,0,0,0,0,0,0.000312,1,"delegate_cpu_graph"
"CPU_Elastic","COMPUTE_GRAPH","ggml_cgraph","GRAPH","",-1,1,-1,0,0,0,0,0,0.000312,1,"delegate_cpu_graph"
"CPU_Elastic","COMPUTE_GRAPH","ggml_cgraph","GRAPH","",-1,1,-1,0,0,0,0,0,0.329948,1,"delegate_cpu_graph"
"CPU_Elastic","COMPUTE_GRAPH","ggml_cgraph","GRAPH","",-1,1,-1,0,0,0,0,0,0.327240,1,"delegate_cpu_graph"
"CPU_Elastic","COMPUTE_GRAPH","ggml_cgraph","GRAPH","",-1,1,-1,0,0,0,0,0,0.006198,1,"delegate_cpu_graph"
"CPU_Elastic","COMPUTE_GRAPH","ggml_cgraph","GRAPH","",-1,1,-1,0,0,0,0,0,0.347865,1,"delegate_cpu_graph"
"CPU_Elastic","COMPUTE_GRAPH","ggml_cgraph","GRAPH","",-1,1,-1,0,0,0,0,0,0.013854,1,"delegate_cpu_graph"
"CPU_Elastic","COMPUTE_GRAPH","ggml_cgraph","GRAPH","",-1,1,-1,0,0,0,0,0,0.000417,1,"delegate_cpu_graph"
"CPU_Elastic","COMPUTE_GRAPH","ggml_cgraph","GRAPH","",-1,1,-1,0,0,0,0,0,0.000261,1,"delegate_cpu_graph"
"CPU_Elastic","COMPUTE_GRAPH","ggml_cgraph","GRAPH","",-1,1,-1,0,0,0,0,0,0.000261,1,"delegate_cpu_graph"
"CPU_Elastic","COMPUTE_GRAPH","ggml_cgraph","GRAPH","",-1,1,-1,0,0,0,0,0,0.000260,1,"delegate_cpu_graph"
"CPU_Elastic","COMPUTE_GRAPH","ggml_cgraph","GRAPH","",-1,1,-1,0,0,0,0,0,0.000260,1,"delegate_cpu_graph"
"CPU_Elastic","COMPUTE_GRAPH","ggml_cgraph","GRAPH","",-1,1,-1,0,0,0,0,0,0.000312,1,"delegate_cpu_graph"
"CPU_Elastic","COMPUTE_GRAPH","ggml_cgraph","GRAPH","",-1,1,-1,0,0,0,0,0,0.000261,1,"delegate_cpu_graph"
"CPU_Elastic","COMPUTE_GRAPH","ggml_cgraph","GRAPH","",-1,1,-1,0,0,0,0,0,0.000261,1,"delegate_cpu_graph"
"CPU_Elastic","COMPUTE_GRAPH","ggml_cgraph","GRAPH","",-1,1,-1,0,0,0,0,0,0.005521,1,"delegate_cpu_graph"
"CPU_Elastic","COMPUTE_GRAPH","ggml_cgraph","GRAPH","",-1,1,-1,0,0,0,0,0,0.005625,1,"delegate_cpu_graph"
"CPU_Elastic","COMPUTE_GRAPH","ggml_cgraph","GRAPH","",-1,1,-1,0,0,0,0,0,0.004844,1,"delegate_cpu_graph"
"CPU_Elastic","COMPUTE_GRAPH","ggml_cgraph","GRAPH","",-1,1,-1,0,0,0,0,0,0.005000,1,"delegate_cpu_graph"
"CPU_Elastic","COMPUTE_GRAPH","ggml_cgraph","GRAPH","",-1,1,-1,0,0,0,0,0,0.005364,1,"delegate_cpu_graph"
"CPU_Elastic","COMPUTE_GRAPH","ggml_cgraph","GRAPH","",-1,1,-1,0,0,0,0,0,0.005104,1,"delegate_cpu_graph"
"CPU_Elastic","COMPUTE_GRAPH","ggml_cgraph","GRAPH","",-1,1,-1,0,0,0,0,0,0.005104,1,"delegate_cpu_graph"
"CPU_Elastic","COMPUTE_GRAPH","ggml_cgraph","GRAPH","",-1,1,-1,0,0,0,0,0,0.005469,1,"delegate_cpu_graph"
"CPU_Elastic","COMPUTE_GRAPH","ggml_cgraph","GRAPH","",-1,1,-1,0,0,0,0,0,0.004479,1,"delegate_cpu_graph"
"CPU_Elastic","COMPUTE_GRAPH","ggml_cgraph","GRAPH","",-1,1,-1,0,0,0,0,0,0.091302,1,"delegate_cpu_graph"
"CPU_Elastic","COMPUTE_GRAPH","ggml_cgraph","GRAPH","",-1,1,-1,0,0,0,0,0,0.004584,1,"delegate_cpu_graph"
"CPU_Elastic","COMPUTE_GRAPH","ggml_cgraph","GRAPH","",-1,1,-1,0,0,0,0,0,0.000417,1,"delegate_cpu_graph"
"CPU_Elastic","COMPUTE_GRAPH","ggml_cgraph","GRAPH","",-1,1,-1,0,0,0,0,0,0.005834,1,"delegate_cpu_graph"
"CPU_Elastic","COMPUTE_GRAPH","ggml_cgraph","GRAPH","",-1,1,-1,0,0,0,0,0,0.089844,1,"delegate_cpu_graph"
"CPU_Elastic","COMPUTE_GRAPH","ggml_cgraph","GRAPH","",-1,1,-1,0,0,0,0,0,0.003906,1,"delegate_cpu_graph"
"CPU_Elastic","COMPUTE_GRAPH","ggml_cgraph","GRAPH","",-1,1,-1,0,0,0,0,0,0.000469,1,"delegate_cpu_graph"
"CPU_Elastic","COMPUTE_GRAPH","ggml_cgraph","GRAPH","",-1,1,-1,0,0,0,0,0,0.005521,1,"delegate_cpu_graph"
"CPU_Elastic","COMPUTE_GRAPH","ggml_cgraph","GRAPH","",-1,1,-1,0,0,0,0,0,0.090000,1,"delegate_cpu_graph"
"CPU_Elastic","COMPUTE_GRAPH","ggml_cgraph","GRAPH","",-1,1,-1,0,0,0,0,0,0.000417,1,"delegate_cpu_graph"
"CPU_Elastic","COMPUTE_GRAPH","ggml_cgraph","GRAPH","",-1,1,-1,0,0,0,0,0,0.000261,1,"delegate_cpu_graph"
"CPU_Elastic","COMPUTE_GRAPH","ggml_cgraph","GRAPH","",-1,1,-1,0,0,0,0,0,0.001563,1,"delegate_cpu_graph"
"CPU_Elastic","COMPUTE_GRAPH","ggml_cgraph","GRAPH","",-1,1,-1,0,0,0,0,0,0.000312,1,"delegate_cpu_graph"
"CPU_Elastic","COMPUTE_GRAPH","ggml_cgraph","GRAPH","",-1,1,-1,0,0,0,0,0,0.001354,1,"delegate_cpu_graph"
"CPU_Elastic","COMPUTE_GRAPH","ggml_cgraph","GRAPH","",-1,1,-1,0,0,0,0,0,0.000313,1,"delegate_cpu_graph"
"CPU_Elastic","COMPUTE_GRAPH","ggml_cgraph","GRAPH","",-1,1,-1,0,0,0,0,0,0.000313,1,"delegate_cpu_graph"
"CPU_Elastic","COMPUTE_GRAPH","ggml_cgraph","GRAPH","",-1,1,-1,0,0,0,0,0,0.000313,1,"delegate_cpu_graph"
"CPU_Elastic","COMPUTE_GRAPH","ggml_cgraph","GRAPH","",-1,1,-1,0,0,0,0,0,0.434583,1,"delegate_cpu_graph"
"CPU_Elastic","COMPUTE_GRAPH","ggml_cgraph","GRAPH","",-1,1,-1,0,0,0,0,0,0.000417,1,"delegate_cpu_graph"
"CPU_Elastic","COMPUTE_GRAPH","ggml_cgraph","GRAPH","",-1,1,-1,0,0,0,0,0,0.000313,1,"delegate_cpu_graph"
"CPU_Elastic","COMPUTE_GRAPH","ggml_cgraph","GRAPH","",-1,1,-1,0,0,0,0,0,0.000261,1,"delegate_cpu_graph"
"CPU_Elastic","COMPUTE_GRAPH","ggml_cgraph","GRAPH","",-1,1,-1,0,0,0,0,0,0.000261,1,"delegate_cpu_graph"
"CPU_Elastic","COMPUTE_GRAPH","ggml_cgraph","GRAPH","",-1,1,-1,0,0,0,0,0,0.037656,1,"delegate_cpu_graph"
"CPU_Elastic","COMPUTE_GRAPH","ggml_cgraph","GRAPH","",-1,1,-1,0,0,0,0,0,0.017136,1,"delegate_cpu_graph"
"CPU_Elastic","COMPUTE_GRAPH","ggml_cgraph","GRAPH","",-1,1,-1,0,0,0,0,0,0.029010,1,"delegate_cpu_graph"
"CPU_Elastic","COMPUTE_GRAPH","ggml_cgraph","GRAPH","",-1,1,-1,0,0,0,0,0,0.000365,1,"delegate_cpu_graph"
"CPU_Elastic","COMPUTE_GRAPH","ggml_cgraph","GRAPH","",-1,1,-1,0,0,0,0,0,0.004844,1,"delegate_cpu_graph"
"CPU_Elastic","COMPUTE_GRAPH","ggml_cgraph","GRAPH","",-1,1,-1,0,0,0,0,0,0.090000,1,"delegate_cpu_graph"
"CPU_Elastic","COMPUTE_GRAPH","ggml_cgraph","GRAPH","",-1,1,-1,0,0,0,0,0,0.004740,1,"delegate_cpu_graph"
"CPU_Elastic","COMPUTE_GRAPH","ggml_cgraph","GRAPH","",-1,1,-1,0,0,0,0,0,0.004218,1,"delegate_cpu_graph"
"CPU_Elastic","COMPUTE_GRAPH","ggml_cgraph","GRAPH","",-1,1,-1,0,0,0,0,0,0.014114,1,"delegate_cpu_graph"
"CPU_Elastic","COMPUTE_GRAPH","ggml_cgraph","GRAPH","",-1,1,-1,0,0,0,0,0,0.000730,1,"delegate_cpu_graph"
"CPU_Elastic","COMPUTE_GRAPH","ggml_cgraph","GRAPH","",-1,1,-1,0,0,0,0,0,0.000261,1,"delegate_cpu_graph"
"CPU_Elastic","COMPUTE_GRAPH","ggml_cgraph","GRAPH","",-1,1,-1,0,0,0,0,0,0.010625,1,"delegate_cpu_graph"
"CPU_Elastic","COMPUTE_GRAPH","ggml_cgraph","GRAPH","",-1,1,-1,0,0,0,0,0,0.000365,1,"delegate_cpu_graph"
"CPU_Elastic","COMPUTE_GRAPH","ggml_cgraph","GRAPH","",-1,1,-1,0,0,0,0,0,0.000312,1,"delegate_cpu_graph"
"CPU_Elastic","COMPUTE_GRAPH","ggml_cgraph","GRAPH","",-1,1,-1,0,0,0,0,0,0.000312,1,"delegate_cpu_graph"
"CPU_Elastic","COMPUTE_GRAPH","ggml_cgraph","GRAPH","",-1,1,-1,0,0,0,0,0,0.330208,1,"delegate_cpu_graph"
"CPU_Elastic","COMPUTE_GRAPH","ggml_cgraph","GRAPH","",-1,1,-1,0,0,0,0,0,0.327813,1,"delegate_cpu_graph"
"CPU_Elastic","COMPUTE_GRAPH","ggml_cgraph","GRAPH","",-1,1,-1,0,0,0,0,0,0.006875,1,"delegate_cpu_graph"
"CPU_Elastic","COMPUTE_GRAPH","ggml_cgraph","GRAPH","",-1,1,-1,0,0,0,0,0,0.347657,1,"delegate_cpu_graph"
"CPU_Elastic","COMPUTE_GRAPH","ggml_cgraph","GRAPH","",-1,1,-1,0,0,0,0,0,0.027291,1,"delegate_cpu_graph"
"CPU_Elastic","COMPUTE_GRAPH","ggml_cgraph","GRAPH","",-1,1,-1,0,0,0,0,0,0.000469,1,"delegate_cpu_graph"
"CPU_Elastic","COMPUTE_GRAPH","ggml_cgraph","GRAPH","",-1,1,-1,0,0,0,0,0,0.000313,1,"delegate_cpu_graph"
"CPU_Elastic","COMPUTE_GRAPH","ggml_cgraph","GRAPH","",-1,1,-1,0,0,0,0,0,0.000313,1,"delegate_cpu_graph"
"CPU_Elastic","COMPUTE_GRAPH","ggml_cgraph","GRAPH","",-1,1,-1,0,0,0,0,0,0.000260,1,"delegate_cpu_graph"
"CPU_Elastic","COMPUTE_GRAPH","ggml_cgraph","GRAPH","",-1,1,-1,0,0,0,0,0,0.000260,1,"delegate_cpu_graph"
"CPU_Elastic","COMPUTE_GRAPH","ggml_cgraph","GRAPH","",-1,1,-1,0,0,0,0,0,0.000312,1,"delegate_cpu_graph"
"CPU_Elastic","COMPUTE_GRAPH","ggml_cgraph","GRAPH","",-1,1,-1,0,0,0,0,0,0.000312,1,"delegate_cpu_graph"
"CPU_Elastic","COMPUTE_GRAPH","ggml_cgraph","GRAPH","",-1,1,-1,0,0,0,0,0,0.000261,1,"delegate_cpu_graph"
"CPU_Elastic","COMPUTE_GRAPH","ggml_cgraph","GRAPH","",-1,1,-1,0,0,0,0,0,0.009479,1,"delegate_cpu_graph"
"CPU_Elastic","COMPUTE_GRAPH","ggml_cgraph","GRAPH","",-1,1,-1,0,0,0,0,0,0.005677,1,"delegate_cpu_graph"
"CPU_Elastic","COMPUTE_GRAPH","ggml_cgraph","GRAPH","",-1,1,-1,0,0,0,0,0,0.005625,1,"delegate_cpu_graph"
"CPU_Elastic","COMPUTE_GRAPH","ggml_cgraph","GRAPH","",-1,1,-1,0,0,0,0,0,0.005000,1,"delegate_cpu_graph"
"CPU_Elastic","COMPUTE_GRAPH","ggml_cgraph","GRAPH","",-1,1,-1,0,0,0,0,0,0.013645,1,"delegate_cpu_graph"
"CPU_Elastic","COMPUTE_GRAPH","ggml_cgraph","GRAPH","",-1,1,-1,0,0,0,0,0,0.005000,1,"delegate_cpu_graph"
"CPU_Elastic","COMPUTE_GRAPH","ggml_cgraph","GRAPH","",-1,1,-1,0,0,0,0,0,0.004844,1,"delegate_cpu_graph"
"CPU_Elastic","COMPUTE_GRAPH","ggml_cgraph","GRAPH","",-1,1,-1,0,0,0,0,0,0.004740,1,"delegate_cpu_graph"
"CPU_Elastic","COMPUTE_GRAPH","ggml_cgraph","GRAPH","",-1,1,-1,0,0,0,0,0,0.004219,1,"delegate_cpu_graph"
"CPU_Elastic","COMPUTE_GRAPH","ggml_cgraph","GRAPH","",-1,1,-1,0,0,0,0,0,0.090573,1,"delegate_cpu_graph"
"CPU_Elastic","COMPUTE_GRAPH","ggml_cgraph","GRAPH","",-1,1,-1,0,0,0,0,0,0.004948,1,"delegate_cpu_graph"
"CPU_Elastic","COMPUTE_GRAPH","ggml_cgraph","GRAPH","",-1,1,-1,0,0,0,0,0,0.000573,1,"delegate_cpu_graph"
"CPU_Elastic","COMPUTE_GRAPH","ggml_cgraph","GRAPH","",-1,1,-1,0,0,0,0,0,0.005989,1,"delegate_cpu_graph"
"CPU_Elastic","COMPUTE_GRAPH","ggml_cgraph","GRAPH","",-1,1,-1,0,0,0,0,0,0.089896,1,"delegate_cpu_graph"
"CPU_Elastic","COMPUTE_GRAPH","ggml_cgraph","GRAPH","",-1,1,-1,0,0,0,0,0,0.004427,1,"delegate_cpu_graph"
"CPU_Elastic","COMPUTE_GRAPH","ggml_cgraph","GRAPH","",-1,1,-1,0,0,0,0,0,0.000417,1,"delegate_cpu_graph"
"CPU_Elastic","COMPUTE_GRAPH","ggml_cgraph","GRAPH","",-1,1,-1,0,0,0,0,0,0.005833,1,"delegate_cpu_graph"
"CPU_Elastic","COMPUTE_GRAPH","ggml_cgraph","GRAPH","",-1,1,-1,0,0,0,0,0,0.126667,1,"delegate_cpu_graph"
"CPU_Elastic","COMPUTE_GRAPH","ggml_cgraph","GRAPH","",-1,1,-1,0,0,0,0,0,0.000521,1,"delegate_cpu_graph"
"CPU_Elastic","COMPUTE_GRAPH","ggml_cgraph","GRAPH","",-1,1,-1,0,0,0,0,0,0.000260,1,"delegate_cpu_graph"
"CPU_Elastic","COMPUTE_GRAPH","ggml_cgraph","GRAPH","",-1,1,-1,0,0,0,0,0,0.001667,1,"delegate_cpu_graph"
"CPU_Elastic","COMPUTE_GRAPH","ggml_cgraph","GRAPH","",-1,1,-1,0,0,0,0,0,0.000365,1,"delegate_cpu_graph"
"CPU_Elastic","COMPUTE_GRAPH","ggml_cgraph","GRAPH","",-1,1,-1,0,0,0,0,0,0.001406,1,"delegate_cpu_graph"
"CPU_Elastic","COMPUTE_GRAPH","ggml_cgraph","GRAPH","",-1,1,-1,0,0,0,0,0,0.000312,1,"delegate_cpu_graph"
"CPU_Elastic","COMPUTE_GRAPH","ggml_cgraph","GRAPH","",-1,1,-1,0,0,0,0,0,0.000260,1,"delegate_cpu_graph"
"CPU_Elastic","COMPUTE_GRAPH","ggml_cgraph","GRAPH","",-1,1,-1,0,0,0,0,0,0.000260,1,"delegate_cpu_graph"
"CPU_Elastic","COMPUTE_GRAPH","ggml_cgraph","GRAPH","",-1,1,-1,0,0,0,0,0,0.430364,1,"delegate_cpu_graph"
"CPU_Elastic","COMPUTE_GRAPH","ggml_cgraph","GRAPH","",-1,1,-1,0,0,0,0,0,0.000417,1,"delegate_cpu_graph"
"CPU_Elastic","COMPUTE_GRAPH","ggml_cgraph","GRAPH","",-1,1,-1,0,0,0,0,0,0.000312,1,"delegate_cpu_graph"
"CPU_Elastic","COMPUTE_GRAPH","ggml_cgraph","GRAPH","",-1,1,-1,0,0,0,0,0,0.000260,1,"delegate_cpu_graph"
"CPU_Elastic","COMPUTE_GRAPH","ggml_cgraph","GRAPH","",-1,1,-1,0,0,0,0,0,0.000313,1,"delegate_cpu_graph"
"CPU_Elastic","COMPUTE_GRAPH","ggml_cgraph","GRAPH","",-1,1,-1,0,0,0,0,0,0.037656,1,"delegate_cpu_graph"
"CPU_Elastic","COMPUTE_GRAPH","ggml_cgraph","GRAPH","",-1,1,-1,0,0,0,0,0,0.017656,1,"delegate_cpu_graph"
"CPU_Elastic","COMPUTE_GRAPH","ggml_cgraph","GRAPH","",-1,1,-1,0,0,0,0,0,0.029375,1,"delegate_cpu_graph"
"CPU_Elastic","COMPUTE_GRAPH","ggml_cgraph","GRAPH","",-1,1,-1,0,0,0,0,0,0.000417,1,"delegate_cpu_graph"
"CPU_Elastic","COMPUTE_GRAPH","ggml_cgraph","GRAPH","",-1,1,-1,0,0,0,0,0,0.005000,1,"delegate_cpu_graph"
"CPU_Elastic","COMPUTE_GRAPH","ggml_cgraph","GRAPH","",-1,1,-1,0,0,0,0,0,0.089948,1,"delegate_cpu_graph"
"CPU_Elastic","COMPUTE_GRAPH","ggml_cgraph","GRAPH","",-1,1,-1,0,0,0,0,0,0.005365,1,"delegate_cpu_graph"
"CPU_Elastic","COMPUTE_GRAPH","ggml_cgraph","GRAPH","",-1,1,-1,0,0,0,0,0,0.005312,1,"delegate_cpu_graph"
"CPU_Elastic","COMPUTE_GRAPH","ggml_cgraph","GRAPH","",-1,1,-1,0,0,0,0,0,0.013073,1,"delegate_cpu_graph"
"CPU_Elastic","COMPUTE_GRAPH","ggml_cgraph","GRAPH","",-1,1,-1,0,0,0,0,0,0.000729,1,"delegate_cpu_graph"
"CPU_Elastic","COMPUTE_GRAPH","ggml_cgraph","GRAPH","",-1,1,-1,0,0,0,0,0,0.000312,1,"delegate_cpu_graph"
"CPU_Elastic","COMPUTE_GRAPH","ggml_cgraph","GRAPH","",-1,1,-1,0,0,0,0,0,0.010260,1,"delegate_cpu_graph"
"CPU_Elastic","COMPUTE_GRAPH","ggml_cgraph","GRAPH","",-1,1,-1,0,0,0,0,0,0.000417,1,"delegate_cpu_graph"
"CPU_Elastic","COMPUTE_GRAPH","ggml_cgraph","GRAPH","",-1,1,-1,0,0,0,0,0,0.000468,1,"delegate_cpu_graph"
"CPU_Elastic","COMPUTE_GRAPH","ggml_cgraph","GRAPH","",-1,1,-1,0,0,0,0,0,0.000313,1,"delegate_cpu_graph"
"CPU_Elastic","COMPUTE_GRAPH","ggml_cgraph","GRAPH","",-1,1,-1,0,0,0,0,0,0.328437,1,"delegate_cpu_graph"
"CPU_Elastic","COMPUTE_GRAPH","ggml_cgraph","GRAPH","",-1,1,-1,0,0,0,0,0,0.327604,1,"delegate_cpu_graph"
"CPU_Elastic","COMPUTE_GRAPH","ggml_cgraph","GRAPH","",-1,1,-1,0,0,0,0,0,0.007708,1,"delegate_cpu_graph"
"CPU_Elastic","COMPUTE_GRAPH","ggml_cgraph","GRAPH","",-1,1,-1,0,0,0,0,0,0.465729,1,"delegate_cpu_graph"
"CPU_Elastic","COMPUTE_GRAPH","ggml_cgraph","GRAPH","",-1,1,-1,0,0,0,0,0,0.013386,1,"delegate_cpu_graph"
"CPU_Elastic","COMPUTE_GRAPH","ggml_cgraph","GRAPH","",-1,1,-1,0,0,0,0,0,0.000417,1,"delegate_cpu_graph"
"CPU_Elastic","COMPUTE_GRAPH","ggml_cgraph","GRAPH","",-1,1,-1,0,0,0,0,0,0.000260,1,"delegate_cpu_graph"
"CPU_Elastic","COMPUTE_GRAPH","ggml_cgraph","GRAPH","",-1,1,-1,0,0,0,0,0,0.000260,1,"delegate_cpu_graph"
"CPU_Elastic","COMPUTE_GRAPH","ggml_cgraph","GRAPH","",-1,1,-1,0,0,0,0,0,0.000313,1,"delegate_cpu_graph"
"CPU_Elastic","COMPUTE_GRAPH","ggml_cgraph","GRAPH","",-1,1,-1,0,0,0,0,0,0.000260,1,"delegate_cpu_graph"
"CPU_Elastic","COMPUTE_GRAPH","ggml_cgraph","GRAPH","",-1,1,-1,0,0,0,0,0,0.000261,1,"delegate_cpu_graph"
"CPU_Elastic","COMPUTE_GRAPH","ggml_cgraph","GRAPH","",-1,1,-1,0,0,0,0,0,0.000313,1,"delegate_cpu_graph"
"CPU_Elastic","COMPUTE_GRAPH","ggml_cgraph","GRAPH","",-1,1,-1,0,0,0,0,0,0.000260,1,"delegate_cpu_graph"
"CPU_Elastic","COMPUTE_GRAPH","ggml_cgraph","GRAPH","",-1,1,-1,0,0,0,0,0,0.004896,1,"delegate_cpu_graph"
"CPU_Elastic","COMPUTE_GRAPH","ggml_cgraph","GRAPH","",-1,1,-1,0,0,0,0,0,0.005521,1,"delegate_cpu_graph"
"CPU_Elastic","COMPUTE_GRAPH","ggml_cgraph","GRAPH","",-1,1,-1,0,0,0,0,0,0.005104,1,"delegate_cpu_graph"
"CPU_Elastic","COMPUTE_GRAPH","ggml_cgraph","GRAPH","",-1,1,-1,0,0,0,0,0,0.005625,1,"delegate_cpu_graph"
"CPU_Elastic","COMPUTE_GRAPH","ggml_cgraph","GRAPH","",-1,1,-1,0,0,0,0,0,0.005261,1,"delegate_cpu_graph"
"CPU_Elastic","COMPUTE_GRAPH","ggml_cgraph","GRAPH","",-1,1,-1,0,0,0,0,0,0.005521,1,"delegate_cpu_graph"
"CPU_Elastic","COMPUTE_GRAPH","ggml_cgraph","GRAPH","",-1,1,-1,0,0,0,0,0,0.005208,1,"delegate_cpu_graph"
"CPU_Elastic","COMPUTE_GRAPH","ggml_cgraph","GRAPH","",-1,1,-1,0,0,0,0,0,0.005677,1,"delegate_cpu_graph"
"CPU_Elastic","COMPUTE_GRAPH","ggml_cgraph","GRAPH","",-1,1,-1,0,0,0,0,0,0.004739,1,"delegate_cpu_graph"
"CPU_Elastic","COMPUTE_GRAPH","ggml_cgraph","GRAPH","",-1,1,-1,0,0,0,0,0,0.090573,1,"delegate_cpu_graph"
"CPU_Elastic","COMPUTE_GRAPH","ggml_cgraph","GRAPH","",-1,1,-1,0,0,0,0,0,0.004427,1,"delegate_cpu_graph"
"CPU_Elastic","COMPUTE_GRAPH","ggml_cgraph","GRAPH","",-1,1,-1,0,0,0,0,0,0.000468,1,"delegate_cpu_graph"
"CPU_Elastic","COMPUTE_GRAPH","ggml_cgraph","GRAPH","",-1,1,-1,0,0,0,0,0,0.006042,1,"delegate_cpu_graph"
"CPU_Elastic","COMPUTE_GRAPH","ggml_cgraph","GRAPH","",-1,1,-1,0,0,0,0,0,0.089844,1,"delegate_cpu_graph"
"CPU_Elastic","COMPUTE_GRAPH","ggml_cgraph","GRAPH","",-1,1,-1,0,0,0,0,0,0.004218,1,"delegate_cpu_graph"
"CPU_Elastic","COMPUTE_GRAPH","ggml_cgraph","GRAPH","",-1,1,-1,0,0,0,0,0,0.000417,1,"delegate_cpu_graph"
"CPU_Elastic","COMPUTE_GRAPH","ggml_cgraph","GRAPH","",-1,1,-1,0,0,0,0,0,0.005573,1,"delegate_cpu_graph"
"CPU_Elastic","COMPUTE_GRAPH","ggml_cgraph","GRAPH","",-1,1,-1,0,0,0,0,0,0.089427,1,"delegate_cpu_graph"
"CPU_Elastic","COMPUTE_GRAPH","ggml_cgraph","GRAPH","",-1,1,-1,0,0,0,0,0,0.000521,1,"delegate_cpu_graph"
"CPU_Elastic","COMPUTE_GRAPH","ggml_cgraph","GRAPH","",-1,1,-1,0,0,0,0,0,0.000260,1,"delegate_cpu_graph"
"CPU_Elastic","COMPUTE_GRAPH","ggml_cgraph","GRAPH","",-1,1,-1,0,0,0,0,0,0.001511,1,"delegate_cpu_graph"
"CPU_Elastic","COMPUTE_GRAPH","ggml_cgraph","GRAPH","",-1,1,-1,0,0,0,0,0,0.000261,1,"delegate_cpu_graph"
"CPU_Elastic","COMPUTE_GRAPH","ggml_cgraph","GRAPH","",-1,1,-1,0,0,0,0,0,0.001615,1,"delegate_cpu_graph"
"CPU_Elastic","COMPUTE_GRAPH","ggml_cgraph","GRAPH","",-1,1,-1,0,0,0,0,0,0.000261,1,"delegate_cpu_graph"
"CPU_Elastic","COMPUTE_GRAPH","ggml_cgraph","GRAPH","",-1,1,-1,0,0,0,0,0,0.000312,1,"delegate_cpu_graph"
"CPU_Elastic","COMPUTE_GRAPH","ggml_cgraph","GRAPH","",-1,1,-1,0,0,0,0,0,0.000261,1,"delegate_cpu_graph"
"CPU_Elastic","COMPUTE_GRAPH","ggml_cgraph","GRAPH","",-1,1,-1,0,0,0,0,0,0.432864,1,"delegate_cpu_graph"
"CPU_Elastic","COMPUTE_GRAPH","ggml_cgraph","GRAPH","",-1,1,-1,0,0,0,0,0,0.000417,1,"delegate_cpu_graph"
"CPU_Elastic","COMPUTE_GRAPH","ggml_cgraph","GRAPH","",-1,1,-1,0,0,0,0,0,0.000313,1,"delegate_cpu_graph"
"CPU_Elastic","COMPUTE_GRAPH","ggml_cgraph","GRAPH","",-1,1,-1,0,0,0,0,0,0.000313,1,"delegate_cpu_graph"
"CPU_Elastic","COMPUTE_GRAPH","ggml_cgraph","GRAPH","",-1,1,-1,0,0,0,0,0,0.000313,1,"delegate_cpu_graph"
"CPU_Elastic","COMPUTE_GRAPH","ggml_cgraph","GRAPH","",-1,1,-1,0,0,0,0,0,0.038177,1,"delegate_cpu_graph"
"CPU_Elastic","COMPUTE_GRAPH","ggml_cgraph","GRAPH","",-1,1,-1,0,0,0,0,0,0.017188,1,"delegate_cpu_graph"
"CPU_Elastic","COMPUTE_GRAPH","ggml_cgraph","GRAPH","",-1,1,-1,0,0,0,0,0,0.030885,1,"delegate_cpu_graph"
"CPU_Elastic","COMPUTE_GRAPH","ggml_cgraph","GRAPH","",-1,1,-1,0,0,0,0,0,0.000417,1,"delegate_cpu_graph"
"CPU_Elastic","COMPUTE_GRAPH","ggml_cgraph","GRAPH","",-1,1,-1,0,0,0,0,0,0.005157,1,"delegate_cpu_graph"
"CPU_Elastic","COMPUTE_GRAPH","ggml_cgraph","GRAPH","",-1,1,-1,0,0,0,0,0,0.089896,1,"delegate_cpu_graph"
"CPU_Elastic","COMPUTE_GRAPH","ggml_cgraph","GRAPH","",-1,1,-1,0,0,0,0,0,0.008281,1,"delegate_cpu_graph"
"CPU_Elastic","COMPUTE_GRAPH","ggml_cgraph","GRAPH","",-1,1,-1,0,0,0,0,0,0.004739,1,"delegate_cpu_graph"
"CPU_Elastic","COMPUTE_GRAPH","ggml_cgraph","GRAPH","",-1,1,-1,0,0,0,0,0,0.013333,1,"delegate_cpu_graph"
"CPU_Elastic","COMPUTE_GRAPH","ggml_cgraph","GRAPH","",-1,1,-1,0,0,0,0,0,0.000729,1,"delegate_cpu_graph"
"CPU_Elastic","COMPUTE_GRAPH","ggml_cgraph","GRAPH","",-1,1,-1,0,0,0,0,0,0.000313,1,"delegate_cpu_graph"
"CPU_Elastic","COMPUTE_GRAPH","ggml_cgraph","GRAPH","",-1,1,-1,0,0,0,0,0,0.010677,1,"delegate_cpu_graph"
"CPU_Elastic","COMPUTE_GRAPH","ggml_cgraph","GRAPH","",-1,1,-1,0,0,0,0,0,0.000417,1,"delegate_cpu_graph"
"CPU_Elastic","COMPUTE_GRAPH","ggml_cgraph","GRAPH","",-1,1,-1,0,0,0,0,0,0.000312,1,"delegate_cpu_graph"
"CPU_Elastic","COMPUTE_GRAPH","ggml_cgraph","GRAPH","",-1,1,-1,0,0,0,0,0,0.000312,1,"delegate_cpu_graph"
"CPU_Elastic","COMPUTE_GRAPH","ggml_cgraph","GRAPH","",-1,1,-1,0,0,0,0,0,0.342344,1,"delegate_cpu_graph"
"CPU_Elastic","COMPUTE_GRAPH","ggml_cgraph","GRAPH","",-1,1,-1,0,0,0,0,0,0.329166,1,"delegate_cpu_graph"
"CPU_Elastic","COMPUTE_GRAPH","ggml_cgraph","GRAPH","",-1,1,-1,0,0,0,0,0,0.007708,1,"delegate_cpu_graph"
"CPU_Elastic","COMPUTE_GRAPH","ggml_cgraph","GRAPH","",-1,1,-1,0,0,0,0,0,0.352656,1,"delegate_cpu_graph"
"CPU_Elastic","COMPUTE_GRAPH","ggml_cgraph","GRAPH","",-1,1,-1,0,0,0,0,0,0.013802,1,"delegate_cpu_graph"
"CPU_Elastic","COMPUTE_GRAPH","ggml_cgraph","GRAPH","",-1,1,-1,0,0,0,0,0,0.000521,1,"delegate_cpu_graph"
"CPU_Elastic","COMPUTE_GRAPH","ggml_cgraph","GRAPH","",-1,1,-1,0,0,0,0,0,0.000312,1,"delegate_cpu_graph"
"CPU_Elastic","COMPUTE_GRAPH","ggml_cgraph","GRAPH","",-1,1,-1,0,0,0,0,0,0.000312,1,"delegate_cpu_graph"
"CPU_Elastic","COMPUTE_GRAPH","ggml_cgraph","GRAPH","",-1,1,-1,0,0,0,0,0,0.000260,1,"delegate_cpu_graph"
"CPU_Elastic","COMPUTE_GRAPH","ggml_cgraph","GRAPH","",-1,1,-1,0,0,0,0,0,0.000260,1,"delegate_cpu_graph"
"CPU_Elastic","COMPUTE_GRAPH","ggml_cgraph","GRAPH","",-1,1,-1,0,0,0,0,0,0.000260,1,"delegate_cpu_graph"
"CPU_Elastic","COMPUTE_GRAPH","ggml_cgraph","GRAPH","",-1,1,-1,0,0,0,0,0,0.000260,1,"delegate_cpu_graph"
"CPU_Elastic","COMPUTE_GRAPH","ggml_cgraph","GRAPH","",-1,1,-1,0,0,0,0,0,0.000208,1,"delegate_cpu_graph"
"CPU_Elastic","COMPUTE_GRAPH","ggml_cgraph","GRAPH","",-1,1,-1,0,0,0,0,0,0.005000,1,"delegate_cpu_graph"
"CPU_Elastic","COMPUTE_GRAPH","ggml_cgraph","GRAPH","",-1,1,-1,0,0,0,0,0,0.005312,1,"delegate_cpu_graph"
"CPU_Elastic","COMPUTE_GRAPH","ggml_cgraph","GRAPH","",-1,1,-1,0,0,0,0,0,0.004896,1,"delegate_cpu_graph"
"CPU_Elastic","COMPUTE_GRAPH","ggml_cgraph","GRAPH","",-1,1,-1,0,0,0,0,0,0.004948,1,"delegate_cpu_graph"
"CPU_Elastic","COMPUTE_GRAPH","ggml_cgraph","GRAPH","",-1,1,-1,0,0,0,0,0,0.005469,1,"delegate_cpu_graph"
"CPU_Elastic","COMPUTE_GRAPH","ggml_cgraph","GRAPH","",-1,1,-1,0,0,0,0,0,0.004739,1,"delegate_cpu_graph"
"CPU_Elastic","COMPUTE_GRAPH","ggml_cgraph","GRAPH","",-1,1,-1,0,0,0,0,0,0.005052,1,"delegate_cpu_graph"
"CPU_Elastic","COMPUTE_GRAPH","ggml_cgraph","GRAPH","",-1,1,-1,0,0,0,0,0,0.005365,1,"delegate_cpu_graph"
"CPU_Elastic","COMPUTE_GRAPH","ggml_cgraph","GRAPH","",-1,1,-1,0,0,0,0,0,0.004688,1,"delegate_cpu_graph"
"CPU_Elastic","COMPUTE_GRAPH","ggml_cgraph","GRAPH","",-1,1,-1,0,0,0,0,0,0.089427,1,"delegate_cpu_graph"
"CPU_Elastic","COMPUTE_GRAPH","ggml_cgraph","GRAPH","",-1,1,-1,0,0,0,0,0,0.004844,1,"delegate_cpu_graph"
"CPU_Elastic","COMPUTE_GRAPH","ggml_cgraph","GRAPH","",-1,1,-1,0,0,0,0,0,0.000469,1,"delegate_cpu_graph"
"CPU_Elastic","COMPUTE_GRAPH","ggml_cgraph","GRAPH","",-1,1,-1,0,0,0,0,0,0.006093,1,"delegate_cpu_graph"
"CPU_Elastic","COMPUTE_GRAPH","ggml_cgraph","GRAPH","",-1,1,-1,0,0,0,0,0,0.089479,1,"delegate_cpu_graph"
"CPU_Elastic","COMPUTE_GRAPH","ggml_cgraph","GRAPH","",-1,1,-1,0,0,0,0,0,0.004480,1,"delegate_cpu_graph"
"CPU_Elastic","COMPUTE_GRAPH","ggml_cgraph","GRAPH","",-1,1,-1,0,0,0,0,0,0.000417,1,"delegate_cpu_graph"
"CPU_Elastic","COMPUTE_GRAPH","ggml_cgraph","GRAPH","",-1,1,-1,0,0,0,0,0,0.005260,1,"delegate_cpu_graph"
"CPU_Elastic","COMPUTE_GRAPH","ggml_cgraph","GRAPH","",-1,1,-1,0,0,0,0,0,0.089688,1,"delegate_cpu_graph"
"CPU_Elastic","COMPUTE_GRAPH","ggml_cgraph","GRAPH","",-1,1,-1,0,0,0,0,0,0.000416,1,"delegate_cpu_graph"
"CPU_Elastic","COMPUTE_GRAPH","ggml_cgraph","GRAPH","",-1,1,-1,0,0,0,0,0,0.000313,1,"delegate_cpu_graph"
"CPU_Elastic","COMPUTE_GRAPH","ggml_cgraph","GRAPH","",-1,1,-1,0,0,0,0,0,0.001355,1,"delegate_cpu_graph"
"CPU_Elastic","COMPUTE_GRAPH","ggml_cgraph","GRAPH","",-1,1,-1,0,0,0,0,0,0.000261,1,"delegate_cpu_graph"
"CPU_Elastic","COMPUTE_GRAPH","ggml_cgraph","GRAPH","",-1,1,-1,0,0,0,0,0,0.001355,1,"delegate_cpu_graph"
"CPU_Elastic","COMPUTE_GRAPH","ggml_cgraph","GRAPH","",-1,1,-1,0,0,0,0,0,0.000313,1,"delegate_cpu_graph"
"CPU_Elastic","COMPUTE_GRAPH","ggml_cgraph","GRAPH","",-1,1,-1,0,0,0,0,0,0.000312,1,"delegate_cpu_graph"
"CPU_Elastic","COMPUTE_GRAPH","ggml_cgraph","GRAPH","",-1,1,-1,0,0,0,0,0,0.000417,1,"delegate_cpu_graph"
"CPU_Elastic","COMPUTE_GRAPH","ggml_cgraph","GRAPH","",-1,1,-1,0,0,0,0,0,0.430782,1,"delegate_cpu_graph"
"CPU_Elastic","COMPUTE_GRAPH","ggml_cgraph","GRAPH","",-1,1,-1,0,0,0,0,0,0.000416,1,"delegate_cpu_graph"
"CPU_Elastic","COMPUTE_GRAPH","ggml_cgraph","GRAPH","",-1,1,-1,0,0,0,0,0,0.000312,1,"delegate_cpu_graph"
"CPU_Elastic","COMPUTE_GRAPH","ggml_cgraph","GRAPH","",-1,1,-1,0,0,0,0,0,0.000312,1,"delegate_cpu_graph"
"CPU_Elastic","COMPUTE_GRAPH","ggml_cgraph","GRAPH","",-1,1,-1,0,0,0,0,0,0.000313,1,"delegate_cpu_graph"
"CPU_Elastic","COMPUTE_GRAPH","ggml_cgraph","GRAPH","",-1,1,-1,0,0,0,0,0,0.039427,1,"delegate_cpu_graph"
"CPU_Elastic","COMPUTE_GRAPH","ggml_cgraph","GRAPH","",-1,1,-1,0,0,0,0,0,0.017656,1,"delegate_cpu_graph"
"CPU_Elastic","COMPUTE_GRAPH","ggml_cgraph","GRAPH","",-1,1,-1,0,0,0,0,0,0.029740,1,"delegate_cpu_graph"
"CPU_Elastic","COMPUTE_GRAPH","ggml_cgraph","GRAPH","",-1,1,-1,0,0,0,0,0,0.000416,1,"delegate_cpu_graph"
"CPU_Elastic","COMPUTE_GRAPH","ggml_cgraph","GRAPH","",-1,1,-1,0,0,0,0,0,0.004739,1,"delegate_cpu_graph"
"CPU_Elastic","COMPUTE_GRAPH","ggml_cgraph","GRAPH","",-1,1,-1,0,0,0,0,0,0.089635,1,"delegate_cpu_graph"
"CPU_Elastic","COMPUTE_GRAPH","ggml_cgraph","GRAPH","",-1,1,-1,0,0,0,0,0,0.005313,1,"delegate_cpu_graph"
"CPU_Elastic","COMPUTE_GRAPH","ggml_cgraph","GRAPH","",-1,1,-1,0,0,0,0,0,0.004375,1,"delegate_cpu_graph"
"CPU_Elastic","COMPUTE_GRAPH","ggml_cgraph","GRAPH","",-1,1,-1,0,0,0,0,0,0.013594,1,"delegate_cpu_graph"
"CPU_Elastic","COMPUTE_GRAPH","ggml_cgraph","GRAPH","",-1,1,-1,0,0,0,0,0,0.000729,1,"delegate_cpu_graph"
"CPU_Elastic","COMPUTE_GRAPH","ggml_cgraph","GRAPH","",-1,1,-1,0,0,0,0,0,0.000312,1,"delegate_cpu_graph"
"CPU_Elastic","COMPUTE_GRAPH","ggml_cgraph","GRAPH","",-1,1,-1,0,0,0,0,0,0.012916,1,"delegate_cpu_graph"
"CPU_Elastic","COMPUTE_GRAPH","ggml_cgraph","GRAPH","",-1,1,-1,0,0,0,0,0,0.000469,1,"delegate_cpu_graph"
"CPU_Elastic","COMPUTE_GRAPH","ggml_cgraph","GRAPH","",-1,1,-1,0,0,0,0,0,0.000312,1,"delegate_cpu_graph"
"CPU_Elastic","COMPUTE_GRAPH","ggml_cgraph","GRAPH","",-1,1,-1,0,0,0,0,0,0.000312,1,"delegate_cpu_graph"
"CPU_Elastic","COMPUTE_GRAPH","ggml_cgraph","GRAPH","",-1,1,-1,0,0,0,0,0,0.329063,1,"delegate_cpu_graph"
"CPU_Elastic","COMPUTE_GRAPH","ggml_cgraph","GRAPH","",-1,1,-1,0,0,0,0,0,0.328229,1,"delegate_cpu_graph"
"CPU_Elastic","COMPUTE_GRAPH","ggml_cgraph","GRAPH","",-1,1,-1,0,0,0,0,0,0.007604,1,"delegate_cpu_graph"
"CPU_Elastic","COMPUTE_GRAPH","ggml_cgraph","GRAPH","",-1,1,-1,0,0,0,0,0,0.348698,1,"delegate_cpu_graph"
"CPU_Elastic","COMPUTE_GRAPH","ggml_cgraph","GRAPH","",-1,1,-1,0,0,0,0,0,0.013229,1,"delegate_cpu_graph"
"CPU_Elastic","COMPUTE_GRAPH","ggml_cgraph","GRAPH","",-1,1,-1,0,0,0,0,0,0.000416,1,"delegate_cpu_graph"
"CPU_Elastic","COMPUTE_GRAPH","ggml_cgraph","GRAPH","",-1,1,-1,0,0,0,0,0,0.000260,1,"delegate_cpu_graph"
"CPU_Elastic","COMPUTE_GRAPH","ggml_cgraph","GRAPH","",-1,1,-1,0,0,0,0,0,0.000261,1,"delegate_cpu_graph"
"CPU_Elastic","COMPUTE_GRAPH","ggml_cgraph","GRAPH","",-1,1,-1,0,0,0,0,0,0.000313,1,"delegate_cpu_graph"
"CPU_Elastic","COMPUTE_GRAPH","ggml_cgraph","GRAPH","",-1,1,-1,0,0,0,0,0,0.000261,1,"delegate_cpu_graph"
"CPU_Elastic","COMPUTE_GRAPH","ggml_cgraph","GRAPH","",-1,1,-1,0,0,0,0,0,0.000312,1,"delegate_cpu_graph"
"CPU_Elastic","COMPUTE_GRAPH","ggml_cgraph","GRAPH","",-1,1,-1,0,0,0,0,0,0.000260,1,"delegate_cpu_graph"
"CPU_Elastic","COMPUTE_GRAPH","ggml_cgraph","GRAPH","",-1,1,-1,0,0,0,0,0,0.000313,1,"delegate_cpu_graph"
"CPU_Elastic","COMPUTE_GRAPH","ggml_cgraph","GRAPH","",-1,1,-1,0,0,0,0,0,0.005730,1,"delegate_cpu_graph"
"CPU_Elastic","COMPUTE_GRAPH","ggml_cgraph","GRAPH","",-1,1,-1,0,0,0,0,0,0.005417,1,"delegate_cpu_graph"
"CPU_Elastic","COMPUTE_GRAPH","ggml_cgraph","GRAPH","",-1,1,-1,0,0,0,0,0,0.004792,1,"delegate_cpu_graph"
"CPU_Elastic","COMPUTE_GRAPH","ggml_cgraph","GRAPH","",-1,1,-1,0,0,0,0,0,0.005156,1,"delegate_cpu_graph"
"CPU_Elastic","COMPUTE_GRAPH","ggml_cgraph","GRAPH","",-1,1,-1,0,0,0,0,0,0.005521,1,"delegate_cpu_graph"
"CPU_Elastic","COMPUTE_GRAPH","ggml_cgraph","GRAPH","",-1,1,-1,0,0,0,0,0,0.004896,1,"delegate_cpu_graph"
"CPU_Elastic","COMPUTE_GRAPH","ggml_cgraph","GRAPH","",-1,1,-1,0,0,0,0,0,0.005208,1,"delegate_cpu_graph"
"CPU_Elastic","COMPUTE_GRAPH","ggml_cgraph","GRAPH","",-1,1,-1,0,0,0,0,0,0.004010,1,"delegate_cpu_graph"
"CPU_Elastic","COMPUTE_GRAPH","ggml_cgraph","GRAPH","",-1,1,-1,0,0,0,0,0,0.004583,1,"delegate_cpu_graph"
"CPU_Elastic","COMPUTE_GRAPH","ggml_cgraph","GRAPH","",-1,1,-1,0,0,0,0,0,0.089479,1,"delegate_cpu_graph"
"CPU_Elastic","COMPUTE_GRAPH","ggml_cgraph","GRAPH","",-1,1,-1,0,0,0,0,0,0.004687,1,"delegate_cpu_graph"
"CPU_Elastic","COMPUTE_GRAPH","ggml_cgraph","GRAPH","",-1,1,-1,0,0,0,0,0,0.000521,1,"delegate_cpu_graph"
"CPU_Elastic","COMPUTE_GRAPH","ggml_cgraph","GRAPH","",-1,1,-1,0,0,0,0,0,0.006458,1,"delegate_cpu_graph"
"CPU_Elastic","COMPUTE_GRAPH","ggml_cgraph","GRAPH","",-1,1,-1,0,0,0,0,0,0.089792,1,"delegate_cpu_graph"
"CPU_Elastic","COMPUTE_GRAPH","ggml_cgraph","GRAPH","",-1,1,-1,0,0,0,0,0,0.004323,1,"delegate_cpu_graph"
"CPU_Elastic","COMPUTE_GRAPH","ggml_cgraph","GRAPH","",-1,1,-1,0,0,0,0,0,0.000469,1,"delegate_cpu_graph"
"CPU_Elastic","COMPUTE_GRAPH","ggml_cgraph","GRAPH","",-1,1,-1,0,0,0,0,0,0.005261,1,"delegate_cpu_graph"
"CPU_Elastic","COMPUTE_GRAPH","ggml_cgraph","GRAPH","",-1,1,-1,0,0,0,0,0,0.126354,1,"delegate_cpu_graph"
"CPU_Elastic","COMPUTE_GRAPH","ggml_cgraph","GRAPH","",-1,1,-1,0,0,0,0,0,0.000521,1,"delegate_cpu_graph"
"CPU_Elastic","COMPUTE_GRAPH","ggml_cgraph","GRAPH","",-1,1,-1,0,0,0,0,0,0.000312,1,"delegate_cpu_graph"
"CPU_Elastic","COMPUTE_GRAPH","ggml_cgraph","GRAPH","",-1,1,-1,0,0,0,0,0,0.001615,1,"delegate_cpu_graph"
"CPU_Elastic","COMPUTE_GRAPH","ggml_cgraph","GRAPH","",-1,1,-1,0,0,0,0,0,0.000313,1,"delegate_cpu_graph"
"CPU_Elastic","COMPUTE_GRAPH","ggml_cgraph","GRAPH","",-1,1,-1,0,0,0,0,0,0.001459,1,"delegate_cpu_graph"
"CPU_Elastic","COMPUTE_GRAPH","ggml_cgraph","GRAPH","",-1,1,-1,0,0,0,0,0,0.000313,1,"delegate_cpu_graph"
"CPU_Elastic","COMPUTE_GRAPH","ggml_cgraph","GRAPH","",-1,1,-1,0,0,0,0,0,0.000312,1,"delegate_cpu_graph"
"CPU_Elastic","COMPUTE_GRAPH","ggml_cgraph","GRAPH","",-1,1,-1,0,0,0,0,0,0.000312,1,"delegate_cpu_graph"
"CPU_Elastic","COMPUTE_GRAPH","ggml_cgraph","GRAPH","",-1,1,-1,0,0,0,0,0,0.429219,1,"delegate_cpu_graph"
"CPU_Elastic","COMPUTE_GRAPH","ggml_cgraph","GRAPH","",-1,1,-1,0,0,0,0,0,0.000417,1,"delegate_cpu_graph"
"CPU_Elastic","COMPUTE_GRAPH","ggml_cgraph","GRAPH","",-1,1,-1,0,0,0,0,0,0.000312,1,"delegate_cpu_graph"
"CPU_Elastic","COMPUTE_GRAPH","ggml_cgraph","GRAPH","",-1,1,-1,0,0,0,0,0,0.009844,1,"delegate_cpu_graph"
"CPU_Elastic","COMPUTE_GRAPH","ggml_cgraph","GRAPH","",-1,1,-1,0,0,0,0,0,0.000260,1,"delegate_cpu_graph"
"CPU_Elastic","COMPUTE_GRAPH","ggml_cgraph","GRAPH","",-1,1,-1,0,0,0,0,0,0.040261,1,"delegate_cpu_graph"
"CPU_Elastic","COMPUTE_GRAPH","ggml_cgraph","GRAPH","",-1,1,-1,0,0,0,0,0,0.018229,1,"delegate_cpu_graph"
"CPU_Elastic","COMPUTE_GRAPH","ggml_cgraph","GRAPH","",-1,1,-1,0,0,0,0,0,0.042083,1,"delegate_cpu_graph"
"CPU_Elastic","COMPUTE_GRAPH","ggml_cgraph","GRAPH","",-1,1,-1,0,0,0,0,0,0.000416,1,"delegate_cpu_graph"
"CPU_Elastic","COMPUTE_GRAPH","ggml_cgraph","GRAPH","",-1,1,-1,0,0,0,0,0,0.004844,1,"delegate_cpu_graph"
"CPU_Elastic","COMPUTE_GRAPH","ggml_cgraph","GRAPH","",-1,1,-1,0,0,0,0,0,0.089427,1,"delegate_cpu_graph"
"CPU_Elastic","COMPUTE_GRAPH","ggml_cgraph","GRAPH","",-1,1,-1,0,0,0,0,0,0.004688,1,"delegate_cpu_graph"
"CPU_Elastic","COMPUTE_GRAPH","ggml_cgraph","GRAPH","",-1,1,-1,0,0,0,0,0,0.004427,1,"delegate_cpu_graph"
"CPU_Elastic","COMPUTE_GRAPH","ggml_cgraph","GRAPH","",-1,1,-1,0,0,0,0,0,0.012760,1,"delegate_cpu_graph"
"CPU_Elastic","COMPUTE_GRAPH","ggml_cgraph","GRAPH","",-1,1,-1,0,0,0,0,0,0.000678,1,"delegate_cpu_graph"
"CPU_Elastic","COMPUTE_GRAPH","ggml_cgraph","GRAPH","",-1,1,-1,0,0,0,0,0,0.000313,1,"delegate_cpu_graph"
"CPU_Elastic","COMPUTE_GRAPH","ggml_cgraph","GRAPH","",-1,1,-1,0,0,0,0,0,0.010677,1,"delegate_cpu_graph"
"CPU_Elastic","COMPUTE_GRAPH","ggml_cgraph","GRAPH","",-1,1,-1,0,0,0,0,0,0.000417,1,"delegate_cpu_graph"
"CPU_Elastic","COMPUTE_GRAPH","ggml_cgraph","GRAPH","",-1,1,-1,0,0,0,0,0,0.000417,1,"delegate_cpu_graph"
"CPU_Elastic","COMPUTE_GRAPH","ggml_cgraph","GRAPH","",-1,1,-1,0,0,0,0,0,0.000312,1,"delegate_cpu_graph"
"CPU_Elastic","COMPUTE_GRAPH","ggml_cgraph","GRAPH","",-1,1,-1,0,0,0,0,0,0.327500,1,"delegate_cpu_graph"
"CPU_Elastic","COMPUTE_GRAPH","ggml_cgraph","GRAPH","",-1,1,-1,0,0,0,0,0,0.328177,1,"delegate_cpu_graph"
"CPU_Elastic","COMPUTE_GRAPH","ggml_cgraph","GRAPH","",-1,1,-1,0,0,0,0,0,0.007604,1,"delegate_cpu_graph"
"CPU_Elastic","COMPUTE_GRAPH","ggml_cgraph","GRAPH","",-1,1,-1,0,0,0,0,0,0.465730,1,"delegate_cpu_graph"
"CPU_Elastic","COMPUTE_GRAPH","ggml_cgraph","GRAPH","",-1,1,-1,0,0,0,0,0,0.012813,1,"delegate_cpu_graph"
"CPU_Elastic","COMPUTE_GRAPH","ggml_cgraph","GRAPH","",-1,1,-1,0,0,0,0,0,0.000416,1,"delegate_cpu_graph"
"CPU_Elastic","COMPUTE_GRAPH","ggml_cgraph","GRAPH","",-1,1,-1,0,0,0,0,0,0.000261,1,"delegate_cpu_graph"
"CPU_Elastic","COMPUTE_GRAPH","ggml_cgraph","GRAPH","",-1,1,-1,0,0,0,0,0,0.000261,1,"delegate_cpu_graph"
"CPU_Elastic","COMPUTE_GRAPH","ggml_cgraph","GRAPH","",-1,1,-1,0,0,0,0,0,0.000260,1,"delegate_cpu_graph"
"CPU_Elastic","COMPUTE_GRAPH","ggml_cgraph","GRAPH","",-1,1,-1,0,0,0,0,0,0.000260,1,"delegate_cpu_graph"
"CPU_Elastic","COMPUTE_GRAPH","ggml_cgraph","GRAPH","",-1,1,-1,0,0,0,0,0,0.000260,1,"delegate_cpu_graph"
"CPU_Elastic","COMPUTE_GRAPH","ggml_cgraph","GRAPH","",-1,1,-1,0,0,0,0,0,0.000312,1,"delegate_cpu_graph"
"CPU_Elastic","COMPUTE_GRAPH","ggml_cgraph","GRAPH","",-1,1,-1,0,0,0,0,0,0.000260,1,"delegate_cpu_graph"
"CPU_Elastic","COMPUTE_GRAPH","ggml_cgraph","GRAPH","",-1,1,-1,0,0,0,0,0,0.005469,1,"delegate_cpu_graph"
"CPU_Elastic","COMPUTE_GRAPH","ggml_cgraph","GRAPH","",-1,1,-1,0,0,0,0,0,0.004636,1,"delegate_cpu_graph"
"CPU_Elastic","COMPUTE_GRAPH","ggml_cgraph","GRAPH","",-1,1,-1,0,0,0,0,0,0.005156,1,"delegate_cpu_graph"
"CPU_Elastic","COMPUTE_GRAPH","ggml_cgraph","GRAPH","",-1,1,-1,0,0,0,0,0,0.005416,1,"delegate_cpu_graph"
"CPU_Elastic","COMPUTE_GRAPH","ggml_cgraph","GRAPH","",-1,1,-1,0,0,0,0,0,0.004948,1,"delegate_cpu_graph"
"CPU_Elastic","COMPUTE_GRAPH","ggml_cgraph","GRAPH","",-1,1,-1,0,0,0,0,0,0.005312,1,"delegate_cpu_graph"
"CPU_Elastic","COMPUTE_GRAPH","ggml_cgraph","GRAPH","",-1,1,-1,0,0,0,0,0,0.005261,1,"delegate_cpu_graph"
"CPU_Elastic","COMPUTE_GRAPH","ggml_cgraph","GRAPH","",-1,1,-1,0,0,0,0,0,0.005000,1,"delegate_cpu_graph"
"CPU_Elastic","COMPUTE_GRAPH","ggml_cgraph","GRAPH","",-1,1,-1,0,0,0,0,0,0.005052,1,"delegate_cpu_graph"
"CPU_Elastic","COMPUTE_GRAPH","ggml_cgraph","GRAPH","",-1,1,-1,0,0,0,0,0,0.090052,1,"delegate_cpu_graph"
"CPU_Elastic","COMPUTE_GRAPH","ggml_cgraph","GRAPH","",-1,1,-1,0,0,0,0,0,0.004740,1,"delegate_cpu_graph"
"CPU_Elastic","COMPUTE_GRAPH","ggml_cgraph","GRAPH","",-1,1,-1,0,0,0,0,0,0.000469,1,"delegate_cpu_graph"
"CPU_Elastic","COMPUTE_GRAPH","ggml_cgraph","GRAPH","",-1,1,-1,0,0,0,0,0,0.005625,1,"delegate_cpu_graph"
"CPU_Elastic","COMPUTE_GRAPH","ggml_cgraph","GRAPH","",-1,1,-1,0,0,0,0,0,0.089948,1,"delegate_cpu_graph"
"CPU_Elastic","COMPUTE_GRAPH","ggml_cgraph","GRAPH","",-1,1,-1,0,0,0,0,0,0.004271,1,"delegate_cpu_graph"
"CPU_Elastic","COMPUTE_GRAPH","ggml_cgraph","GRAPH","",-1,1,-1,0,0,0,0,0,0.000469,1,"delegate_cpu_graph"
"CPU_Elastic","COMPUTE_GRAPH","ggml_cgraph","GRAPH","",-1,1,-1,0,0,0,0,0,0.005521,1,"delegate_cpu_graph"
"CPU_Elastic","COMPUTE_GRAPH","ggml_cgraph","GRAPH","",-1,1,-1,0,0,0,0,0,0.126614,1,"delegate_cpu_graph"
"CPU_Elastic","COMPUTE_GRAPH","ggml_cgraph","GRAPH","",-1,1,-1,0,0,0,0,0,0.000417,1,"delegate_cpu_graph"
"CPU_Elastic","COMPUTE_GRAPH","ggml_cgraph","GRAPH","",-1,1,-1,0,0,0,0,0,0.000312,1,"delegate_cpu_graph"
"CPU_Elastic","COMPUTE_GRAPH","ggml_cgraph","GRAPH","",-1,1,-1,0,0,0,0,0,0.001667,1,"delegate_cpu_graph"
"CPU_Elastic","COMPUTE_GRAPH","ggml_cgraph","GRAPH","",-1,1,-1,0,0,0,0,0,0.000313,1,"delegate_cpu_graph"
"CPU_Elastic","COMPUTE_GRAPH","ggml_cgraph","GRAPH","",-1,1,-1,0,0,0,0,0,0.001510,1,"delegate_cpu_graph"
"CPU_Elastic","COMPUTE_GRAPH","ggml_cgraph","GRAPH","",-1,1,-1,0,0,0,0,0,0.000364,1,"delegate_cpu_graph"
"CPU_Elastic","COMPUTE_GRAPH","ggml_cgraph","GRAPH","",-1,1,-1,0,0,0,0,0,0.000260,1,"delegate_cpu_graph"
"CPU_Elastic","COMPUTE_GRAPH","ggml_cgraph","GRAPH","",-1,1,-1,0,0,0,0,0,0.000312,1,"delegate_cpu_graph"
"CPU_Elastic","COMPUTE_GRAPH","ggml_cgraph","GRAPH","",-1,1,-1,0,0,0,0,0,0.431302,1,"delegate_cpu_graph"
"CPU_Elastic","COMPUTE_GRAPH","ggml_cgraph","GRAPH","",-1,1,-1,0,0,0,0,0,0.000416,1,"delegate_cpu_graph"
"CPU_Elastic","COMPUTE_GRAPH","ggml_cgraph","GRAPH","",-1,1,-1,0,0,0,0,0,0.000260,1,"delegate_cpu_graph"
"CPU_Elastic","COMPUTE_GRAPH","ggml_cgraph","GRAPH","",-1,1,-1,0,0,0,0,0,0.000260,1,"delegate_cpu_graph"
"CPU_Elastic","COMPUTE_GRAPH","ggml_cgraph","GRAPH","",-1,1,-1,0,0,0,0,0,0.000313,1,"delegate_cpu_graph"
"CPU_Elastic","COMPUTE_GRAPH","ggml_cgraph","GRAPH","",-1,1,-1,0,0,0,0,0,0.036875,1,"delegate_cpu_graph"
"CPU_Elastic","COMPUTE_GRAPH","ggml_cgraph","GRAPH","",-1,1,-1,0,0,0,0,0,0.018282,1,"delegate_cpu_graph"
"CPU_Elastic","COMPUTE_GRAPH","ggml_cgraph","GRAPH","",-1,1,-1,0,0,0,0,0,0.031979,1,"delegate_cpu_graph"
"CPU_Elastic","COMPUTE_GRAPH","ggml_cgraph","GRAPH","",-1,1,-1,0,0,0,0,0,0.000469,1,"delegate_cpu_graph"
"CPU_Elastic","COMPUTE_GRAPH","ggml_cgraph","GRAPH","",-1,1,-1,0,0,0,0,0,0.005209,1,"delegate_cpu_graph"
"CPU_Elastic","COMPUTE_GRAPH","ggml_cgraph","GRAPH","",-1,1,-1,0,0,0,0,0,0.090000,1,"delegate_cpu_graph"
"CPU_Elastic","COMPUTE_GRAPH","ggml_cgraph","GRAPH","",-1,1,-1,0,0,0,0,0,0.005364,1,"delegate_cpu_graph"
"CPU_Elastic","COMPUTE_GRAPH","ggml_cgraph","GRAPH","",-1,1,-1,0,0,0,0,0,0.004115,1,"delegate_cpu_graph"
"CPU_Elastic","COMPUTE_GRAPH","ggml_cgraph","GRAPH","",-1,1,-1,0,0,0,0,0,0.013438,1,"delegate_cpu_graph"
"CPU_Elastic","COMPUTE_GRAPH","ggml_cgraph","GRAPH","",-1,1,-1,0,0,0,0,0,0.000729,1,"delegate_cpu_graph"
"CPU_Elastic","COMPUTE_GRAPH","ggml_cgraph","GRAPH","",-1,1,-1,0,0,0,0,0,0.000313,1,"delegate_cpu_graph"
"CPU_Elastic","COMPUTE_GRAPH","ggml_cgraph","GRAPH","",-1,1,-1,0,0,0,0,0,0.010156,1,"delegate_cpu_graph"
"CPU_Elastic","COMPUTE_GRAPH","ggml_cgraph","GRAPH","",-1,1,-1,0,0,0,0,0,0.000416,1,"delegate_cpu_graph"
"CPU_Elastic","COMPUTE_GRAPH","ggml_cgraph","GRAPH","",-1,1,-1,0,0,0,0,0,0.000365,1,"delegate_cpu_graph"
"CPU_Elastic","COMPUTE_GRAPH","ggml_cgraph","GRAPH","",-1,1,-1,0,0,0,0,0,0.000313,1,"delegate_cpu_graph"
"CPU_Elastic","COMPUTE_GRAPH","ggml_cgraph","GRAPH","",-1,1,-1,0,0,0,0,0,0.328229,1,"delegate_cpu_graph"
"CPU_Elastic","COMPUTE_GRAPH","ggml_cgraph","GRAPH","",-1,1,-1,0,0,0,0,0,0.326979,1,"delegate_cpu_graph"
"CPU_Elastic","COMPUTE_GRAPH","ggml_cgraph","GRAPH","",-1,1,-1,0,0,0,0,0,0.006875,1,"delegate_cpu_graph"
"CPU_Elastic","COMPUTE_GRAPH","ggml_cgraph","GRAPH","",-1,1,-1,0,0,0,0,0,0.460990,1,"delegate_cpu_graph"
"CPU_Elastic","COMPUTE_GRAPH","ggml_cgraph","GRAPH","",-1,1,-1,0,0,0,0,0,0.013489,1,"delegate_cpu_graph"
"CPU_Elastic","COMPUTE_GRAPH","ggml_cgraph","GRAPH","",-1,1,-1,0,0,0,0,0,0.000468,1,"delegate_cpu_graph"
"CPU_Elastic","COMPUTE_GRAPH","ggml_cgraph","GRAPH","",-1,1,-1,0,0,0,0,0,0.000313,1,"delegate_cpu_graph"
"CPU_Elastic","COMPUTE_GRAPH","ggml_cgraph","GRAPH","",-1,1,-1,0,0,0,0,0,0.000313,1,"delegate_cpu_graph"
"CPU_Elastic","COMPUTE_GRAPH","ggml_cgraph","GRAPH","",-1,1,-1,0,0,0,0,0,0.000312,1,"delegate_cpu_graph"
"CPU_Elastic","COMPUTE_GRAPH","ggml_cgraph","GRAPH","",-1,1,-1,0,0,0,0,0,0.000312,1,"delegate_cpu_graph"
"CPU_Elastic","COMPUTE_GRAPH","ggml_cgraph","GRAPH","",-1,1,-1,0,0,0,0,0,0.000312,1,"delegate_cpu_graph"
"CPU_Elastic","COMPUTE_GRAPH","ggml_cgraph","GRAPH","",-1,1,-1,0,0,0,0,0,0.000260,1,"delegate_cpu_graph"
"CPU_Elastic","COMPUTE_GRAPH","ggml_cgraph","GRAPH","",-1,1,-1,0,0,0,0,0,0.000260,1,"delegate_cpu_graph"
"CPU_Elastic","COMPUTE_GRAPH","ggml_cgraph","GRAPH","",-1,1,-1,0,0,0,0,0,0.005104,1,"delegate_cpu_graph"
"CPU_Elastic","COMPUTE_GRAPH","ggml_cgraph","GRAPH","",-1,1,-1,0,0,0,0,0,0.005417,1,"delegate_cpu_graph"
"CPU_Elastic","COMPUTE_GRAPH","ggml_cgraph","GRAPH","",-1,1,-1,0,0,0,0,0,0.004895,1,"delegate_cpu_graph"
"CPU_Elastic","COMPUTE_GRAPH","ggml_cgraph","GRAPH","",-1,1,-1,0,0,0,0,0,0.005209,1,"delegate_cpu_graph"
"CPU_Elastic","COMPUTE_GRAPH","ggml_cgraph","GRAPH","",-1,1,-1,0,0,0,0,0,0.005469,1,"delegate_cpu_graph"
"CPU_Elastic","COMPUTE_GRAPH","ggml_cgraph","GRAPH","",-1,1,-1,0,0,0,0,0,0.004948,1,"delegate_cpu_graph"
"CPU_Elastic","COMPUTE_GRAPH","ggml_cgraph","GRAPH","",-1,1,-1,0,0,0,0,0,0.003906,1,"delegate_cpu_graph"
"CPU_Elastic","COMPUTE_GRAPH","ggml_cgraph","GRAPH","",-1,1,-1,0,0,0,0,0,0.005521,1,"delegate_cpu_graph"
"CPU_Elastic","COMPUTE_GRAPH","ggml_cgraph","GRAPH","",-1,1,-1,0,0,0,0,0,0.004687,1,"delegate_cpu_graph"
"CPU_Elastic","COMPUTE_GRAPH","ggml_cgraph","GRAPH","",-1,1,-1,0,0,0,0,0,0.102916,1,"delegate_cpu_graph"
"CPU_Elastic","COMPUTE_GRAPH","ggml_cgraph","GRAPH","",-1,1,-1,0,0,0,0,0,0.004844,1,"delegate_cpu_graph"
"CPU_Elastic","COMPUTE_GRAPH","ggml_cgraph","GRAPH","",-1,1,-1,0,0,0,0,0,0.000417,1,"delegate_cpu_graph"
"CPU_Elastic","COMPUTE_GRAPH","ggml_cgraph","GRAPH","",-1,1,-1,0,0,0,0,0,0.006510,1,"delegate_cpu_graph"
"CPU_Elastic","COMPUTE_GRAPH","ggml_cgraph","GRAPH","",-1,1,-1,0,0,0,0,0,0.089740,1,"delegate_cpu_graph"
"CPU_Elastic","COMPUTE_GRAPH","ggml_cgraph","GRAPH","",-1,1,-1,0,0,0,0,0,0.004427,1,"delegate_cpu_graph"
"CPU_Elastic","COMPUTE_GRAPH","ggml_cgraph","GRAPH","",-1,1,-1,0,0,0,0,0,0.000417,1,"delegate_cpu_graph"
"CPU_Elastic","COMPUTE_GRAPH","ggml_cgraph","GRAPH","",-1,1,-1,0,0,0,0,0,0.006198,1,"delegate_cpu_graph"
"CPU_Elastic","COMPUTE_GRAPH","ggml_cgraph","GRAPH","",-1,1,-1,0,0,0,0,0,0.126458,1,"delegate_cpu_graph"
"CPU_Elastic","COMPUTE_GRAPH","ggml_cgraph","GRAPH","",-1,1,-1,0,0,0,0,0,0.000469,1,"delegate_cpu_graph"
"CPU_Elastic","COMPUTE_GRAPH","ggml_cgraph","GRAPH","",-1,1,-1,0,0,0,0,0,0.000313,1,"delegate_cpu_graph"
"CPU_Elastic","COMPUTE_GRAPH","ggml_cgraph","GRAPH","",-1,1,-1,0,0,0,0,0,0.001667,1,"delegate_cpu_graph"
"CPU_Elastic","COMPUTE_GRAPH","ggml_cgraph","GRAPH","",-1,1,-1,0,0,0,0,0,0.000313,1,"delegate_cpu_graph"
"CPU_Elastic","COMPUTE_GRAPH","ggml_cgraph","GRAPH","",-1,1,-1,0,0,0,0,0,0.001614,1,"delegate_cpu_graph"
"CPU_Elastic","COMPUTE_GRAPH","ggml_cgraph","GRAPH","",-1,1,-1,0,0,0,0,0,0.000260,1,"delegate_cpu_graph"
"CPU_Elastic","COMPUTE_GRAPH","ggml_cgraph","GRAPH","",-1,1,-1,0,0,0,0,0,0.000313,1,"delegate_cpu_graph"
"CPU_Elastic","COMPUTE_GRAPH","ggml_cgraph","GRAPH","",-1,1,-1,0,0,0,0,0,0.000365,1,"delegate_cpu_graph"
"CPU_Elastic","COMPUTE_GRAPH","ggml_cgraph","GRAPH","",-1,1,-1,0,0,0,0,0,0.434896,1,"delegate_cpu_graph"
"CPU_Elastic","COMPUTE_GRAPH","ggml_cgraph","GRAPH","",-1,1,-1,0,0,0,0,0,0.000417,1,"delegate_cpu_graph"
"CPU_Elastic","COMPUTE_GRAPH","ggml_cgraph","GRAPH","",-1,1,-1,0,0,0,0,0,0.000313,1,"delegate_cpu_graph"
"CPU_Elastic","COMPUTE_GRAPH","ggml_cgraph","GRAPH","",-1,1,-1,0,0,0,0,0,0.000261,1,"delegate_cpu_graph"
"CPU_Elastic","COMPUTE_GRAPH","ggml_cgraph","GRAPH","",-1,1,-1,0,0,0,0,0,0.000261,1,"delegate_cpu_graph"
"CPU_Elastic","COMPUTE_GRAPH","ggml_cgraph","GRAPH","",-1,1,-1,0,0,0,0,0,0.039895,1,"delegate_cpu_graph"
"CPU_Elastic","COMPUTE_GRAPH","ggml_cgraph","GRAPH","",-1,1,-1,0,0,0,0,0,0.017135,1,"delegate_cpu_graph"
"CPU_Elastic","COMPUTE_GRAPH","ggml_cgraph","GRAPH","",-1,1,-1,0,0,0,0,0,0.029740,1,"delegate_cpu_graph"
"CPU_Elastic","COMPUTE_GRAPH","ggml_cgraph","GRAPH","",-1,1,-1,0,0,0,0,0,0.000364,1,"delegate_cpu_graph"
"CPU_Elastic","COMPUTE_GRAPH","ggml_cgraph","GRAPH","",-1,1,-1,0,0,0,0,0,0.004531,1,"delegate_cpu_graph"
"CPU_Elastic","COMPUTE_GRAPH","ggml_cgraph","GRAPH","",-1,1,-1,0,0,0,0,0,0.090261,1,"delegate_cpu_graph"
"CPU_Elastic","COMPUTE_GRAPH","ggml_cgraph","GRAPH","",-1,1,-1,0,0,0,0,0,0.001042,1,"delegate_cpu_graph"
"CPU_Elastic","COMPUTE_GRAPH","ggml_cgraph","GRAPH","",-1,1,-1,0,0,0,0,0,0.001041,1,"delegate_cpu_graph"
"CPU_Elastic","COMPUTE_GRAPH","ggml_cgraph","GRAPH","",-1,1,-1,0,0,0,0,0,0.004688,1,"delegate_cpu_graph"
"CPU_Elastic","COMPUTE_GRAPH","ggml_cgraph","GRAPH","",-1,1,-1,0,0,0,0,0,0.004375,1,"delegate_cpu_graph"
"CPU_Elastic","COMPUTE_GRAPH","ggml_cgraph","GRAPH","",-1,1,-1,0,0,0,0,0,0.012813,1,"delegate_cpu_graph"
"CPU_Elastic","COMPUTE_GRAPH","ggml_cgraph","GRAPH","",-1,1,-1,0,0,0,0,0,0.000781,1,"delegate_cpu_graph"
"CPU_Elastic","COMPUTE_GRAPH","ggml_cgraph","GRAPH","",-1,1,-1,0,0,0,0,0,0.000312,1,"delegate_cpu_graph"
"CPU_Elastic","COMPUTE_GRAPH","ggml_cgraph","GRAPH","",-1,1,-1,0,0,0,0,0,0.011041,1,"delegate_cpu_graph"
"CPU_Elastic","COMPUTE_GRAPH","ggml_cgraph","GRAPH","",-1,1,-1,0,0,0,0,0,0.000416,1,"delegate_cpu_graph"
"CPU_Elastic","COMPUTE_GRAPH","ggml_cgraph","GRAPH","",-1,1,-1,0,0,0,0,0,0.000365,1,"delegate_cpu_graph"
"CPU_Elastic","COMPUTE_GRAPH","ggml_cgraph","GRAPH","",-1,1,-1,0,0,0,0,0,0.000365,1,"delegate_cpu_graph"
"CPU_Elastic","COMPUTE_GRAPH","ggml_cgraph","GRAPH","",-1,1,-1,0,0,0,0,0,0.327083,1,"delegate_cpu_graph"
"CPU_Elastic","COMPUTE_GRAPH","ggml_cgraph","GRAPH","",-1,1,-1,0,0,0,0,0,0.326719,1,"delegate_cpu_graph"
"CPU_Elastic","COMPUTE_GRAPH","ggml_cgraph","GRAPH","",-1,1,-1,0,0,0,0,0,0.010520,1,"delegate_cpu_graph"
"CPU_Elastic","COMPUTE_GRAPH","ggml_cgraph","GRAPH","",-1,1,-1,0,0,0,0,0,0.467968,1,"delegate_cpu_graph"
"CPU_Elastic","COMPUTE_GRAPH","ggml_cgraph","GRAPH","",-1,1,-1,0,0,0,0,0,0.013229,1,"delegate_cpu_graph"
"CPU_Elastic","COMPUTE_GRAPH","ggml_cgraph","GRAPH","",-1,1,-1,0,0,0,0,0,0.000521,1,"delegate_cpu_graph"
"CPU_Elastic","COMPUTE_GRAPH","ggml_cgraph","GRAPH","",-1,1,-1,0,0,0,0,0,0.000261,1,"delegate_cpu_graph"
"CPU_Elastic","COMPUTE_GRAPH","ggml_cgraph","GRAPH","",-1,1,-1,0,0,0,0,0,0.000261,1,"delegate_cpu_graph"
"CPU_Elastic","COMPUTE_GRAPH","ggml_cgraph","GRAPH","",-1,1,-1,0,0,0,0,0,0.000260,1,"delegate_cpu_graph"
"CPU_Elastic","COMPUTE_GRAPH","ggml_cgraph","GRAPH","",-1,1,-1,0,0,0,0,0,0.000261,1,"delegate_cpu_graph"
"CPU_Elastic","COMPUTE_GRAPH","ggml_cgraph","GRAPH","",-1,1,-1,0,0,0,0,0,0.000260,1,"delegate_cpu_graph"
"CPU_Elastic","COMPUTE_GRAPH","ggml_cgraph","GRAPH","",-1,1,-1,0,0,0,0,0,0.000260,1,"delegate_cpu_graph"
"CPU_Elastic","COMPUTE_GRAPH","ggml_cgraph","GRAPH","",-1,1,-1,0,0,0,0,0,0.000208,1,"delegate_cpu_graph"
"CPU_Elastic","COMPUTE_GRAPH","ggml_cgraph","GRAPH","",-1,1,-1,0,0,0,0,0,0.005208,1,"delegate_cpu_graph"
"CPU_Elastic","COMPUTE_GRAPH","ggml_cgraph","GRAPH","",-1,1,-1,0,0,0,0,0,0.005260,1,"delegate_cpu_graph"
"CPU_Elastic","COMPUTE_GRAPH","ggml_cgraph","GRAPH","",-1,1,-1,0,0,0,0,0,0.005000,1,"delegate_cpu_graph"
"CPU_Elastic","COMPUTE_GRAPH","ggml_cgraph","GRAPH","",-1,1,-1,0,0,0,0,0,0.005208,1,"delegate_cpu_graph"
"CPU_Elastic","COMPUTE_GRAPH","ggml_cgraph","GRAPH","",-1,1,-1,0,0,0,0,0,0.005417,1,"delegate_cpu_graph"
"CPU_Elastic","COMPUTE_GRAPH","ggml_cgraph","GRAPH","",-1,1,-1,0,0,0,0,0,0.005052,1,"delegate_cpu_graph"
"CPU_Elastic","COMPUTE_GRAPH","ggml_cgraph","GRAPH","",-1,1,-1,0,0,0,0,0,0.005105,1,"delegate_cpu_graph"
"CPU_Elastic","COMPUTE_GRAPH","ggml_cgraph","GRAPH","",-1,1,-1,0,0,0,0,0,0.005834,1,"delegate_cpu_graph"
"CPU_Elastic","COMPUTE_GRAPH","ggml_cgraph","GRAPH","",-1,1,-1,0,0,0,0,0,0.007136,1,"delegate_cpu_graph"
"CPU_Elastic","COMPUTE_GRAPH","ggml_cgraph","GRAPH","",-1,1,-1,0,0,0,0,0,0.004636,1,"delegate_cpu_graph"
