backend,kind,name,op,quant,token,op_id,weight_id,ne0,ne1,ne2,ne3,bytes,ms,ok,extra
"CPU_Elastic","COMPUTE","inp_embd","GET_ROWS","",-1,0,-1,2048,10,1,1,81920,0.358854,1,"chunk_size_1"
"CPU_Elastic","COMPUTE_GRAPH","ggml_cgraph","GRAPH","",-1,1,-1,0,0,0,0,0,0.358854,1,"delegate_cpu_graph"
"CPU_Elastic","COMPUTE","attn_norm-0","MUL","",-1,0,-1,2048,10,1,1,81920,0.107032,1,"chunk_size_1"
"CPU_Elastic","COMPUTE","Qcur-0","MUL_MAT","",-1,1,-1,2048,10,1,1,81920,3.642865,1,"chunk_size_1"
"CPU_Elastic","COMPUTE_GRAPH","ggml_cgraph","GRAPH","",-1,2,-1,0,0,0,0,0,3.749897,1,"delegate_cpu_graph"
"CPU_Elastic","COMPUTE","Qcur_normed-0","MUL","",-1,0,-1,2048,10,1,1,81920,0.124114,1,"chunk_size_1"
"CPU_Elastic","COMPUTE","Qcur_normed-0 (reshaped)","RESHAPE","",-1,1,-1,128,16,10,1,81920,0.000729,1,"chunk_size_1"
"CPU_Elastic","COMPUTE","Qcur-0","ROPE","",-1,2,-1,128,16,10,1,81920,0.160208,1,"chunk_size_1"
"CPU_Elastic","COMPUTE","Kcur-0","MUL_MAT","",-1,3,-1,2048,10,1,1,81920,1.185052,1,"chunk_size_1"
"CPU_Elastic","COMPUTE_GRAPH","ggml_cgraph","GRAPH","",-1,4,-1,0,0,0,0,0,1.470103,1,"delegate_cpu_graph"
"CPU_Elastic","COMPUTE","Kcur_normed-0","MUL","",-1,0,-1,2048,10,1,1,81920,0.111875,1,"chunk_size_1"
"CPU_Elastic","COMPUTE","Kcur_normed-0 (reshaped)","RESHAPE","",-1,1,-1,128,16,10,1,81920,0.000573,1,"chunk_size_1"
"CPU_Elastic","COMPUTE","Kcur-0","ROPE","",-1,2,-1,128,16,10,1,81920,0.150260,1,"chunk_size_1"
"CPU_Elastic","COMPUTE","Vcur-0","MUL_MAT","",-1,3,-1,2048,10,1,1,81920,1.577448,1,"chunk_size_1"
"CPU_Elastic","COMPUTE","Vcur-0","RESHAPE","",-1,4,-1,128,16,10,1,81920,0.000781,1,"chunk_size_1"
"CPU_Elastic","COMPUTE","Kcur-0 (view)","VIEW","",-1,5,-1,2048,10,1,1,81920,0.000573,1,"chunk_size_1"
"CPU_Elastic","COMPUTE","cache_k_l0 (view)","SET_ROWS","",-1,6,-1,2048,512,1,1,2097152,0.010208,1,"chunk_size_1"
"CPU_Elastic","COMPUTE","Vcur-0 (view)","VIEW","",-1,7,-1,2048,10,1,1,81920,0.000521,1,"chunk_size_1"
"CPU_Elastic","COMPUTE","cache_v_l0 (view)","SET_ROWS","",-1,8,-1,2048,512,1,1,2097152,0.010260,1,"chunk_size_1"
"CPU_Elastic","COMPUTE","cache_v_l0 (view)","VIEW","",-1,9,-1,128,16,256,1,1048576,0.000573,1,"chunk_size_1"
"CPU_Elastic","COMPUTE","cache_v_l0 (view) (permuted)","PERMUTE","",-1,10,-1,128,256,16,1,1048576,0.000417,1,"chunk_size_1"
"CPU_Elastic","COMPUTE","cache_v_l0 (view) (permuted) (transposed)","TRANSPOSE","",-1,11,-1,256,128,16,1,1048576,0.000468,1,"chunk_size_1"
"CPU_Elastic","COMPUTE","v_cont-0","CONT","",-1,12,-1,256,128,16,1,1048576,2.851146,1,"chunk_size_1"
"CPU_Elastic","COMPUTE","cache_k_l0 (view)","VIEW","",-1,13,-1,128,16,256,1,1048576,0.000729,1,"chunk_size_1"
"CPU_Elastic","COMPUTE","cache_k_l0 (view) (permuted)","PERMUTE","",-1,14,-1,128,256,16,1,1048576,0.000417,1,"chunk_size_1"
"CPU_Elastic","COMPUTE","Qcur-0 (view)","VIEW","",-1,15,-1,128,16,10,1,81920,0.000520,1,"chunk_size_1"
"CPU_Elastic","COMPUTE","Qcur-0 (view) (permuted)","PERMUTE","",-1,16,-1,128,10,16,1,81920,0.000625,1,"chunk_size_1"
"CPU_Elastic","COMPUTE","kq-0","MUL_MAT","",-1,17,-1,256,10,16,1,163840,0.360000,1,"chunk_size_1"
"CPU_Elastic","COMPUTE","kq_soft_max-0","SOFT_MAX","",-1,18,-1,256,10,16,1,163840,0.448698,1,"chunk_size_1"
"CPU_Elastic","COMPUTE","kqv-0","MUL_MAT","",-1,19,-1,128,10,16,1,81920,0.198333,1,"chunk_size_1"
"CPU_Elastic","COMPUTE","kqv-0 (permuted)","PERMUTE","",-1,20,-1,128,16,10,1,81920,0.000834,1,"chunk_size_1"
"CPU_Elastic","COMPUTE","kqv_out-0","CONT","",-1,21,-1,2048,10,1,1,81920,0.103906,1,"chunk_size_1"
"CPU_Elastic","COMPUTE","node_32","MUL_MAT","",-1,22,-1,2048,10,1,1,81920,2.187083,1,"chunk_size_1"
"CPU_Elastic","COMPUTE","ffn_inp-0","ADD","",-1,23,-1,2048,10,1,1,81920,0.050000,1,"chunk_size_1"
"CPU_Elastic","COMPUTE_GRAPH","ggml_cgraph","GRAPH","",-1,24,-1,0,0,0,0,0,8.066248,1,"delegate_cpu_graph"
"CPU_Elastic","COMPUTE","ffn_norm-0","MUL","",-1,0,-1,2048,10,1,1,81920,0.050834,1,"chunk_size_1"
"CPU_Elastic","COMPUTE","ffn_moe_logits-0","MUL_MAT","",-1,1,-1,64,10,1,1,2560,0.075208,1,"chunk_size_1"
"CPU_Elastic","COMPUTE","ffn_moe_probs-0","SOFT_MAX","",-1,2,-1,64,10,1,1,2560,0.063750,1,"chunk_size_1"
"CPU_Elastic","COMPUTE","ffn_moe_probs-0 (reshaped)","RESHAPE","",-1,3,-1,1,64,10,1,2560,0.000573,1,"chunk_size_1"
"CPU_Elastic","COMPUTE","ffn_moe_argsort-0","ARGSORT","",-1,4,-1,64,10,1,1,2560,0.093594,1,"chunk_size_1"
"CPU_Elastic","COMPUTE","ffn_moe_topk-0","VIEW","",-1,5,-1,8,10,1,1,2336,0.000886,1,"chunk_size_1"
"CPU_Elastic","COMPUTE","ffn_moe_weights-0","GET_ROWS","",-1,6,-1,1,8,10,1,320,0.001094,1,"chunk_size_1"
"CPU_Elastic","COMPUTE","ffn_norm-0 (reshaped)","RESHAPE","",-1,7,-1,2048,1,10,1,81920,0.000469,1,"chunk_size_1"
"CPU_Elastic","COMPUTE","ffn_moe_gate-0","MUL_MAT_ID","",-1,8,-1,1024,8,10,1,327680,8.245989,1,"chunk_size_1"
"CPU_Elastic","COMPUTE","ffn_moe_up-0","MUL_MAT_ID","",-1,9,-1,1024,8,10,1,327680,7.704167,1,"chunk_size_1"
"CPU_Elastic","COMPUTE","ffn_moe_weighted-0","GLU","",-1,10,-1,1024,8,10,1,327680,0.081302,1,"chunk_size_1"
"CPU_Elastic","COMPUTE","ffn_moe_down-0","MUL_MAT_ID","",-1,11,-1,2048,8,10,1,655360,5.258385,1,"chunk_size_1"
"CPU_Elastic","COMPUTE","node_47","MUL","",-1,12,-1,2048,8,10,1,655360,5.121459,1,"chunk_size_1"
"CPU_Elastic","COMPUTE"," (view)","VIEW","",-1,13,-1,2048,10,1,1,598016,0.001458,1,"chunk_size_1"
"CPU_Elastic","COMPUTE","node_47 (view)","VIEW","",-1,14,-1,2048,10,1,1,598016,0.000469,1,"chunk_size_1"
"CPU_Elastic","COMPUTE","node_47 (view)","VIEW","",-1,15,-1,2048,10,1,1,598016,0.000416,1,"chunk_size_1"
"CPU_Elastic","COMPUTE","node_47 (view)","VIEW","",-1,16,-1,2048,10,1,1,598016,0.000365,1,"chunk_size_1"
"CPU_Elastic","COMPUTE","node_47 (view)","VIEW","",-1,17,-1,2048,10,1,1,598016,0.000729,1,"chunk_size_1"
"CPU_Elastic","COMPUTE","node_47 (view)","VIEW","",-1,18,-1,2048,10,1,1,598016,0.000521,1,"chunk_size_1"
"CPU_Elastic","COMPUTE","node_47 (view)","VIEW","",-1,19,-1,2048,10,1,1,598016,0.000521,1,"chunk_size_1"
"CPU_Elastic","COMPUTE","node_47 (view)","VIEW","",-1,20,-1,2048,10,1,1,598016,0.000469,1,"chunk_size_1"
"CPU_Elastic","COMPUTE","node_56","ADD","",-1,21,-1,2048,10,1,1,81920,0.032291,1,"chunk_size_1"
"CPU_Elastic","COMPUTE","node_57","ADD","",-1,22,-1,2048,10,1,1,81920,0.036458,1,"chunk_size_1"
"CPU_Elastic","COMPUTE","node_58","ADD","",-1,23,-1,2048,10,1,1,81920,0.032083,1,"chunk_size_1"
"CPU_Elastic","COMPUTE","node_59","ADD","",-1,24,-1,2048,10,1,1,81920,0.033125,1,"chunk_size_1"
"CPU_Elastic","COMPUTE","node_60","ADD","",-1,25,-1,2048,10,1,1,81920,0.035625,1,"chunk_size_1"
"CPU_Elastic","COMPUTE","node_61","ADD","",-1,26,-1,2048,10,1,1,81920,0.038073,1,"chunk_size_1"
"CPU_Elastic","COMPUTE","ffn_moe_out-0","ADD","",-1,27,-1,2048,10,1,1,81920,0.033438,1,"chunk_size_1"
"CPU_Elastic","COMPUTE","l_out-0","ADD","",-1,28,-1,2048,10,1,1,81920,0.016823,1,"chunk_size_1"
"CPU_Elastic","COMPUTE_GRAPH","ggml_cgraph","GRAPH","",-1,29,-1,0,0,0,0,0,26.960574,1,"delegate_cpu_graph"
"CPU_Elastic","COMPUTE","attn_norm-1","MUL","",-1,0,-1,2048,10,1,1,81920,0.043229,1,"chunk_size_1"
"CPU_Elastic","COMPUTE","Qcur-1","MUL_MAT","",-1,1,-1,2048,10,1,1,81920,1.637240,1,"chunk_size_1"
"CPU_Elastic","COMPUTE_GRAPH","ggml_cgraph","GRAPH","",-1,2,-1,0,0,0,0,0,1.680469,1,"delegate_cpu_graph"
"CPU_Elastic","COMPUTE","Qcur_normed-1","MUL","",-1,0,-1,2048,10,1,1,81920,0.035417,1,"chunk_size_1"
"CPU_Elastic","COMPUTE","Qcur_normed-1 (reshaped)","RESHAPE","",-1,1,-1,128,16,10,1,81920,0.000572,1,"chunk_size_1"
"CPU_Elastic","COMPUTE","Qcur-1","ROPE","",-1,2,-1,128,16,10,1,81920,0.036719,1,"chunk_size_1"
"CPU_Elastic","COMPUTE","Kcur-1","MUL_MAT","",-1,3,-1,2048,10,1,1,81920,1.638802,1,"chunk_size_1"
"CPU_Elastic","COMPUTE_GRAPH","ggml_cgraph","GRAPH","",-1,4,-1,0,0,0,0,0,1.711510,1,"delegate_cpu_graph"
"CPU_Elastic","COMPUTE","Kcur_normed-1","MUL","",-1,0,-1,2048,10,1,1,81920,0.034948,1,"chunk_size_1"
"CPU_Elastic","COMPUTE","Kcur_normed-1 (reshaped)","RESHAPE","",-1,1,-1,128,16,10,1,81920,0.000781,1,"chunk_size_1"
"CPU_Elastic","COMPUTE","Kcur-1","ROPE","",-1,2,-1,128,16,10,1,81920,0.041354,1,"chunk_size_1"
"CPU_Elastic","COMPUTE","Vcur-1","MUL_MAT","",-1,3,-1,2048,10,1,1,81920,1.127657,1,"chunk_size_1"
"CPU_Elastic","COMPUTE","Vcur-1","RESHAPE","",-1,4,-1,128,16,10,1,81920,0.000625,1,"chunk_size_1"
"CPU_Elastic","COMPUTE","Kcur-1 (view)","VIEW","",-1,5,-1,2048,10,1,1,81920,0.000729,1,"chunk_size_1"
"CPU_Elastic","COMPUTE","cache_k_l1 (view)","SET_ROWS","",-1,6,-1,2048,512,1,1,2097152,0.010365,1,"chunk_size_1"
"CPU_Elastic","COMPUTE","Vcur-1 (view)","VIEW","",-1,7,-1,2048,10,1,1,81920,0.000469,1,"chunk_size_1"
"CPU_Elastic","COMPUTE","cache_v_l1 (view)","SET_ROWS","",-1,8,-1,2048,512,1,1,2097152,0.011563,1,"chunk_size_1"
"CPU_Elastic","COMPUTE","cache_v_l1 (view)","VIEW","",-1,9,-1,128,16,256,1,1048576,0.000730,1,"chunk_size_1"
"CPU_Elastic","COMPUTE","cache_v_l1 (view) (permuted)","PERMUTE","",-1,10,-1,128,256,16,1,1048576,0.000625,1,"chunk_size_1"
"CPU_Elastic","COMPUTE","cache_v_l1 (view) (permuted) (transposed)","TRANSPOSE","",-1,11,-1,256,128,16,1,1048576,0.000573,1,"chunk_size_1"
"CPU_Elastic","COMPUTE","v_cont-1","CONT","",-1,12,-1,256,128,16,1,1048576,1.563854,1,"chunk_size_1"
"CPU_Elastic","COMPUTE","cache_k_l1 (view)","VIEW","",-1,13,-1,128,16,256,1,1048576,0.001146,1,"chunk_size_1"
"CPU_Elastic","COMPUTE","cache_k_l1 (view) (permuted)","PERMUTE","",-1,14,-1,128,256,16,1,1048576,0.000521,1,"chunk_size_1"
"CPU_Elastic","COMPUTE","Qcur-1 (view)","VIEW","",-1,15,-1,128,16,10,1,81920,0.000417,1,"chunk_size_1"
"CPU_Elastic","COMPUTE","Qcur-1 (view) (permuted)","PERMUTE","",-1,16,-1,128,10,16,1,81920,0.000521,1,"chunk_size_1"
"CPU_Elastic","COMPUTE","kq-1","MUL_MAT","",-1,17,-1,256,10,16,1,163840,0.503802,1,"chunk_size_1"
"CPU_Elastic","COMPUTE","kq_soft_max-1","SOFT_MAX","",-1,18,-1,256,10,16,1,163840,0.072969,1,"chunk_size_1"
"CPU_Elastic","COMPUTE","kqv-1","MUL_MAT","",-1,19,-1,128,10,16,1,81920,0.142188,1,"chunk_size_1"
"CPU_Elastic","COMPUTE","kqv-1 (permuted)","PERMUTE","",-1,20,-1,128,16,10,1,81920,0.000572,1,"chunk_size_1"
"CPU_Elastic","COMPUTE","kqv_out-1","CONT","",-1,21,-1,2048,10,1,1,81920,0.029167,1,"chunk_size_1"
"CPU_Elastic","COMPUTE","node_95","MUL_MAT","",-1,22,-1,2048,10,1,1,81920,0.821875,1,"chunk_size_1"
"CPU_Elastic","COMPUTE","ffn_inp-1","ADD","",-1,23,-1,2048,10,1,1,81920,0.804479,1,"chunk_size_1"
"CPU_Elastic","COMPUTE_GRAPH","ggml_cgraph","GRAPH","",-1,24,-1,0,0,0,0,0,5.171930,1,"delegate_cpu_graph"
"CPU_Elastic","COMPUTE","ffn_norm-1","MUL","",-1,0,-1,2048,10,1,1,81920,0.035989,1,"chunk_size_1"
"CPU_Elastic","COMPUTE","ffn_moe_logits-1","MUL_MAT","",-1,1,-1,64,10,1,1,2560,0.054895,1,"chunk_size_1"
"CPU_Elastic","COMPUTE","ffn_moe_probs-1","SOFT_MAX","",-1,2,-1,64,10,1,1,2560,0.029479,1,"chunk_size_1"
"CPU_Elastic","COMPUTE","ffn_moe_probs-1 (reshaped)","RESHAPE","",-1,3,-1,1,64,10,1,2560,0.000625,1,"chunk_size_1"
"CPU_Elastic","COMPUTE","ffn_moe_argsort-1","ARGSORT","",-1,4,-1,64,10,1,1,2560,0.059583,1,"chunk_size_1"
"CPU_Elastic","COMPUTE","ffn_moe_topk-1","VIEW","",-1,5,-1,8,10,1,1,2336,0.000573,1,"chunk_size_1"
"CPU_Elastic","COMPUTE","ffn_moe_weights-1","GET_ROWS","",-1,6,-1,1,8,10,1,320,0.000937,1,"chunk_size_1"
"CPU_Elastic","COMPUTE","ffn_norm-1 (reshaped)","RESHAPE","",-1,7,-1,2048,1,10,1,81920,0.000625,1,"chunk_size_1"
"CPU_Elastic","COMPUTE","ffn_moe_gate-1","MUL_MAT_ID","",-1,8,-1,1024,8,10,1,327680,3.523542,1,"chunk_size_1"
"CPU_Elastic","COMPUTE","ffn_moe_up-1","MUL_MAT_ID","",-1,9,-1,1024,8,10,1,327680,6.735782,1,"chunk_size_1"
"CPU_Elastic","COMPUTE","ffn_moe_weighted-1","GLU","",-1,10,-1,1024,8,10,1,327680,3.254948,1,"chunk_size_1"
"CPU_Elastic","COMPUTE","ffn_moe_down-1","MUL_MAT_ID","",-1,11,-1,2048,8,10,1,655360,9.568438,1,"chunk_size_1"
"CPU_Elastic","COMPUTE","node_110","MUL","",-1,12,-1,2048,8,10,1,655360,0.092761,1,"chunk_size_1"
"CPU_Elastic","COMPUTE"," (view)","VIEW","",-1,13,-1,2048,10,1,1,598016,0.000729,1,"chunk_size_1"
"CPU_Elastic","COMPUTE","node_110 (view)","VIEW","",-1,14,-1,2048,10,1,1,598016,0.000729,1,"chunk_size_1"
"CPU_Elastic","COMPUTE","node_110 (view)","VIEW","",-1,15,-1,2048,10,1,1,598016,0.000417,1,"chunk_size_1"
"CPU_Elastic","COMPUTE","node_110 (view)","VIEW","",-1,16,-1,2048,10,1,1,598016,0.000469,1,"chunk_size_1"
"CPU_Elastic","COMPUTE","node_110 (view)","VIEW","",-1,17,-1,2048,10,1,1,598016,0.000416,1,"chunk_size_1"
"CPU_Elastic","COMPUTE","node_110 (view)","VIEW","",-1,18,-1,2048,10,1,1,598016,0.000573,1,"chunk_size_1"
"CPU_Elastic","COMPUTE","node_110 (view)","VIEW","",-1,19,-1,2048,10,1,1,598016,0.000417,1,"chunk_size_1"
"CPU_Elastic","COMPUTE","node_110 (view)","VIEW","",-1,20,-1,2048,10,1,1,598016,0.000521,1,"chunk_size_1"
"CPU_Elastic","COMPUTE","node_119","ADD","",-1,21,-1,2048,10,1,1,81920,0.036198,1,"chunk_size_1"
"CPU_Elastic","COMPUTE","node_120","ADD","",-1,22,-1,2048,10,1,1,81920,0.040990,1,"chunk_size_1"
"CPU_Elastic","COMPUTE","node_121","ADD","",-1,23,-1,2048,10,1,1,81920,0.039739,1,"chunk_size_1"
"CPU_Elastic","COMPUTE","node_122","ADD","",-1,24,-1,2048,10,1,1,81920,0.039063,1,"chunk_size_1"
"CPU_Elastic","COMPUTE","node_123","ADD","",-1,25,-1,2048,10,1,1,81920,0.008229,1,"chunk_size_1"
"CPU_Elastic","COMPUTE","node_124","ADD","",-1,26,-1,2048,10,1,1,81920,0.013437,1,"chunk_size_1"
"CPU_Elastic","COMPUTE","ffn_moe_out-1","ADD","",-1,27,-1,2048,10,1,1,81920,0.039896,1,"chunk_size_1"
"CPU_Elastic","COMPUTE","l_out-1","ADD","",-1,28,-1,2048,10,1,1,81920,0.012604,1,"chunk_size_1"
"CPU_Elastic","COMPUTE_GRAPH","ggml_cgraph","GRAPH","",-1,29,-1,0,0,0,0,0,23.592604,1,"delegate_cpu_graph"
"CPU_Elastic","COMPUTE","attn_norm-2","MUL","",-1,0,-1,2048,10,1,1,81920,0.044011,1,"chunk_size_1"
"CPU_Elastic","COMPUTE","Qcur-2","MUL_MAT","",-1,1,-1,2048,10,1,1,81920,1.667969,1,"chunk_size_1"
"CPU_Elastic","COMPUTE_GRAPH","ggml_cgraph","GRAPH","",-1,2,-1,0,0,0,0,0,1.711980,1,"delegate_cpu_graph"
"CPU_Elastic","COMPUTE","Qcur_normed-2","MUL","",-1,0,-1,2048,10,1,1,81920,0.011614,1,"chunk_size_1"
"CPU_Elastic","COMPUTE","Qcur_normed-2 (reshaped)","RESHAPE","",-1,1,-1,128,16,10,1,81920,0.000834,1,"chunk_size_1"
"CPU_Elastic","COMPUTE","Qcur-2","ROPE","",-1,2,-1,128,16,10,1,81920,0.048073,1,"chunk_size_1"
"CPU_Elastic","COMPUTE","Kcur-2","MUL_MAT","",-1,3,-1,2048,10,1,1,81920,0.820469,1,"chunk_size_1"
"CPU_Elastic","COMPUTE_GRAPH","ggml_cgraph","GRAPH","",-1,4,-1,0,0,0,0,0,0.880990,1,"delegate_cpu_graph"
"CPU_Elastic","COMPUTE","Kcur_normed-2","MUL","",-1,0,-1,2048,10,1,1,81920,0.009062,1,"chunk_size_1"
"CPU_Elastic","COMPUTE","Kcur_normed-2 (reshaped)","RESHAPE","",-1,1,-1,128,16,10,1,81920,0.000625,1,"chunk_size_1"
"CPU_Elastic","COMPUTE","Kcur-2","ROPE","",-1,2,-1,128,16,10,1,81920,0.036667,1,"chunk_size_1"
"CPU_Elastic","COMPUTE","Vcur-2","MUL_MAT","",-1,3,-1,2048,10,1,1,81920,0.923542,1,"chunk_size_1"
"CPU_Elastic","COMPUTE","Vcur-2","RESHAPE","",-1,4,-1,128,16,10,1,81920,0.000573,1,"chunk_size_1"
"CPU_Elastic","COMPUTE","Kcur-2 (view)","VIEW","",-1,5,-1,2048,10,1,1,81920,0.000573,1,"chunk_size_1"
"CPU_Elastic","COMPUTE","cache_k_l2 (view)","SET_ROWS","",-1,6,-1,2048,512,1,1,2097152,0.011354,1,"chunk_size_1"
"CPU_Elastic","COMPUTE","Vcur-2 (view)","VIEW","",-1,7,-1,2048,10,1,1,81920,0.000469,1,"chunk_size_1"
"CPU_Elastic","COMPUTE","cache_v_l2 (view)","SET_ROWS","",-1,8,-1,2048,512,1,1,2097152,0.010104,1,"chunk_size_1"
"CPU_Elastic","COMPUTE","cache_v_l2 (view)","VIEW","",-1,9,-1,128,16,256,1,1048576,0.000469,1,"chunk_size_1"
"CPU_Elastic","COMPUTE","cache_v_l2 (view) (permuted)","PERMUTE","",-1,10,-1,128,256,16,1,1048576,0.000521,1,"chunk_size_1"
"CPU_Elastic","COMPUTE","cache_v_l2 (view) (permuted) (transposed)","TRANSPOSE","",-1,11,-1,256,128,16,1,1048576,0.000521,1,"chunk_size_1"
"CPU_Elastic","COMPUTE","v_cont-2","CONT","",-1,12,-1,256,128,16,1,1048576,1.334688,1,"chunk_size_1"
"CPU_Elastic","COMPUTE","cache_k_l2 (view)","VIEW","",-1,13,-1,128,16,256,1,1048576,0.000521,1,"chunk_size_1"
"CPU_Elastic","COMPUTE","cache_k_l2 (view) (permuted)","PERMUTE","",-1,14,-1,128,256,16,1,1048576,0.000729,1,"chunk_size_1"
"CPU_Elastic","COMPUTE","Qcur-2 (view)","VIEW","",-1,15,-1,128,16,10,1,81920,0.000469,1,"chunk_size_1"
"CPU_Elastic","COMPUTE","Qcur-2 (view) (permuted)","PERMUTE","",-1,16,-1,128,10,16,1,81920,0.000468,1,"chunk_size_1"
"CPU_Elastic","COMPUTE","kq-2","MUL_MAT","",-1,17,-1,256,10,16,1,163840,0.275677,1,"chunk_size_1"
"CPU_Elastic","COMPUTE","kq_soft_max-2","SOFT_MAX","",-1,18,-1,256,10,16,1,163840,0.274687,1,"chunk_size_1"
"CPU_Elastic","COMPUTE","kqv-2","MUL_MAT","",-1,19,-1,128,10,16,1,81920,0.145729,1,"chunk_size_1"
"CPU_Elastic","COMPUTE","kqv-2 (permuted)","PERMUTE","",-1,20,-1,128,16,10,1,81920,0.000469,1,"chunk_size_1"
"CPU_Elastic","COMPUTE","kqv_out-2","CONT","",-1,21,-1,2048,10,1,1,81920,0.016719,1,"chunk_size_1"
"CPU_Elastic","COMPUTE","node_158","MUL_MAT","",-1,22,-1,2048,10,1,1,81920,2.122083,1,"chunk_size_1"
"CPU_Elastic","COMPUTE","ffn_inp-2","ADD","",-1,23,-1,2048,10,1,1,81920,0.013281,1,"chunk_size_1"
"CPU_Elastic","COMPUTE_GRAPH","ggml_cgraph","GRAPH","",-1,24,-1,0,0,0,0,0,5.180000,1,"delegate_cpu_graph"
"CPU_Elastic","COMPUTE","ffn_norm-2","MUL","",-1,0,-1,2048,10,1,1,81920,0.033073,1,"chunk_size_1"
"CPU_Elastic","COMPUTE","ffn_moe_logits-2","MUL_MAT","",-1,1,-1,64,10,1,1,2560,0.067500,1,"chunk_size_1"
"CPU_Elastic","COMPUTE","ffn_moe_probs-2","SOFT_MAX","",-1,2,-1,64,10,1,1,2560,0.025677,1,"chunk_size_1"
"CPU_Elastic","COMPUTE","ffn_moe_probs-2 (reshaped)","RESHAPE","",-1,3,-1,1,64,10,1,2560,0.000625,1,"chunk_size_1"
"CPU_Elastic","COMPUTE","ffn_moe_argsort-2","ARGSORT","",-1,4,-1,64,10,1,1,2560,0.023125,1,"chunk_size_1"
"CPU_Elastic","COMPUTE","ffn_moe_topk-2","VIEW","",-1,5,-1,8,10,1,1,2336,0.000521,1,"chunk_size_1"
"CPU_Elastic","COMPUTE","ffn_moe_weights-2","GET_ROWS","",-1,6,-1,1,8,10,1,320,0.000937,1,"chunk_size_1"
"CPU_Elastic","COMPUTE","ffn_norm-2 (reshaped)","RESHAPE","",-1,7,-1,2048,1,10,1,81920,0.000573,1,"chunk_size_1"
"CPU_Elastic","COMPUTE","ffn_moe_gate-2","MUL_MAT_ID","",-1,8,-1,1024,8,10,1,327680,4.748334,1,"chunk_size_1"
"CPU_Elastic","COMPUTE","ffn_moe_up-2","MUL_MAT_ID","",-1,9,-1,1024,8,10,1,327680,6.686146,1,"chunk_size_1"
"CPU_Elastic","COMPUTE","ffn_moe_weighted-2","GLU","",-1,10,-1,1024,8,10,1,327680,0.070208,1,"chunk_size_1"
"CPU_Elastic","COMPUTE","ffn_moe_down-2","MUL_MAT_ID","",-1,11,-1,2048,8,10,1,655360,3.534323,1,"chunk_size_1"
"CPU_Elastic","COMPUTE","node_173","MUL","",-1,12,-1,2048,8,10,1,655360,3.611770,1,"chunk_size_1"
"CPU_Elastic","COMPUTE"," (view)","VIEW","",-1,13,-1,2048,10,1,1,598016,0.000781,1,"chunk_size_1"
"CPU_Elastic","COMPUTE","node_173 (view)","VIEW","",-1,14,-1,2048,10,1,1,598016,0.000520,1,"chunk_size_1"
"CPU_Elastic","COMPUTE","node_173 (view)","VIEW","",-1,15,-1,2048,10,1,1,598016,0.000521,1,"chunk_size_1"
"CPU_Elastic","COMPUTE","node_173 (view)","VIEW","",-1,16,-1,2048,10,1,1,598016,0.000469,1,"chunk_size_1"
"CPU_Elastic","COMPUTE","node_173 (view)","VIEW","",-1,17,-1,2048,10,1,1,598016,0.000417,1,"chunk_size_1"
"CPU_Elastic","COMPUTE","node_173 (view)","VIEW","",-1,18,-1,2048,10,1,1,598016,0.000469,1,"chunk_size_1"
"CPU_Elastic","COMPUTE","node_173 (view)","VIEW","",-1,19,-1,2048,10,1,1,598016,0.000469,1,"chunk_size_1"
"CPU_Elastic","COMPUTE","node_173 (view)","VIEW","",-1,20,-1,2048,10,1,1,598016,0.000417,1,"chunk_size_1"
"CPU_Elastic","COMPUTE","node_182","ADD","",-1,21,-1,2048,10,1,1,81920,0.028125,1,"chunk_size_1"
"CPU_Elastic","COMPUTE","node_183","ADD","",-1,22,-1,2048,10,1,1,81920,0.030677,1,"chunk_size_1"
"CPU_Elastic","COMPUTE","node_184","ADD","",-1,23,-1,2048,10,1,1,81920,0.034114,1,"chunk_size_1"
"CPU_Elastic","COMPUTE","node_185","ADD","",-1,24,-1,2048,10,1,1,81920,0.029218,1,"chunk_size_1"
"CPU_Elastic","COMPUTE","node_186","ADD","",-1,25,-1,2048,10,1,1,81920,0.029740,1,"chunk_size_1"
"CPU_Elastic","COMPUTE","node_187","ADD","",-1,26,-1,2048,10,1,1,81920,0.030365,1,"chunk_size_1"
"CPU_Elastic","COMPUTE","ffn_moe_out-2","ADD","",-1,27,-1,2048,10,1,1,81920,0.027968,1,"chunk_size_1"
"CPU_Elastic","COMPUTE","l_out-2","ADD","",-1,28,-1,2048,10,1,1,81920,0.015260,1,"chunk_size_1"
"CPU_Elastic","COMPUTE_GRAPH","ggml_cgraph","GRAPH","",-1,29,-1,0,0,0,0,0,19.032342,1,"delegate_cpu_graph"
"CPU_Elastic","COMPUTE","attn_norm-3","MUL","",-1,0,-1,2048,10,1,1,81920,0.033072,1,"chunk_size_1"
"CPU_Elastic","COMPUTE","Qcur-3","MUL_MAT","",-1,1,-1,2048,10,1,1,81920,0.817605,1,"chunk_size_1"
"CPU_Elastic","COMPUTE_GRAPH","ggml_cgraph","GRAPH","",-1,2,-1,0,0,0,0,0,0.850677,1,"delegate_cpu_graph"
"CPU_Elastic","COMPUTE","Qcur_normed-3","MUL","",-1,0,-1,2048,10,1,1,81920,0.032448,1,"chunk_size_1"
"CPU_Elastic","COMPUTE","Qcur_normed-3 (reshaped)","RESHAPE","",-1,1,-1,128,16,10,1,81920,0.000625,1,"chunk_size_1"
"CPU_Elastic","COMPUTE","Qcur-3","ROPE","",-1,2,-1,128,16,10,1,81920,0.019688,1,"chunk_size_1"
"CPU_Elastic","COMPUTE","Kcur-3","MUL_MAT","",-1,3,-1,2048,10,1,1,81920,1.638541,1,"chunk_size_1"
"CPU_Elastic","COMPUTE_GRAPH","ggml_cgraph","GRAPH","",-1,4,-1,0,0,0,0,0,1.691302,1,"delegate_cpu_graph"
"CPU_Elastic","COMPUTE","Kcur_normed-3","MUL","",-1,0,-1,2048,10,1,1,81920,0.035625,1,"chunk_size_1"
"CPU_Elastic","COMPUTE","Kcur_normed-3 (reshaped)","RESHAPE","",-1,1,-1,128,16,10,1,81920,0.000521,1,"chunk_size_1"
"CPU_Elastic","COMPUTE","Kcur-3","ROPE","",-1,2,-1,128,16,10,1,81920,0.012396,1,"chunk_size_1"
"CPU_Elastic","COMPUTE","Vcur-3","MUL_MAT","",-1,3,-1,2048,10,1,1,81920,1.612395,1,"chunk_size_1"
"CPU_Elastic","COMPUTE","Vcur-3","RESHAPE","",-1,4,-1,128,16,10,1,81920,0.000573,1,"chunk_size_1"
"CPU_Elastic","COMPUTE","Kcur-3 (view)","VIEW","",-1,5,-1,2048,10,1,1,81920,0.000417,1,"chunk_size_1"
"CPU_Elastic","COMPUTE","cache_k_l3 (view)","SET_ROWS","",-1,6,-1,2048,512,1,1,2097152,0.010416,1,"chunk_size_1"
"CPU_Elastic","COMPUTE","Vcur-3 (view)","VIEW","",-1,7,-1,2048,10,1,1,81920,0.000573,1,"chunk_size_1"
"CPU_Elastic","COMPUTE","cache_v_l3 (view)","SET_ROWS","",-1,8,-1,2048,512,1,1,2097152,0.010156,1,"chunk_size_1"
"CPU_Elastic","COMPUTE","cache_v_l3 (view)","VIEW","",-1,9,-1,128,16,256,1,1048576,0.000469,1,"chunk_size_1"
"CPU_Elastic","COMPUTE","cache_v_l3 (view) (permuted)","PERMUTE","",-1,10,-1,128,256,16,1,1048576,0.001302,1,"chunk_size_1"
"CPU_Elastic","COMPUTE","cache_v_l3 (view) (permuted) (transposed)","TRANSPOSE","",-1,11,-1,256,128,16,1,1048576,0.000521,1,"chunk_size_1"
"CPU_Elastic","COMPUTE","v_cont-3","CONT","",-1,12,-1,256,128,16,1,1048576,0.875833,1,"chunk_size_1"
"CPU_Elastic","COMPUTE","cache_k_l3 (view)","VIEW","",-1,13,-1,128,16,256,1,1048576,0.000521,1,"chunk_size_1"
"CPU_Elastic","COMPUTE","cache_k_l3 (view) (permuted)","PERMUTE","",-1,14,-1,128,256,16,1,1048576,0.000521,1,"chunk_size_1"
"CPU_Elastic","COMPUTE","Qcur-3 (view)","VIEW","",-1,15,-1,128,16,10,1,81920,0.000521,1,"chunk_size_1"
"CPU_Elastic","COMPUTE","Qcur-3 (view) (permuted)","PERMUTE","",-1,16,-1,128,10,16,1,81920,0.000469,1,"chunk_size_1"
"CPU_Elastic","COMPUTE","kq-3","MUL_MAT","",-1,17,-1,256,10,16,1,163840,0.247239,1,"chunk_size_1"
"CPU_Elastic","COMPUTE","kq_soft_max-3","SOFT_MAX","",-1,18,-1,256,10,16,1,163840,0.256250,1,"chunk_size_1"
"CPU_Elastic","COMPUTE","kqv-3","MUL_MAT","",-1,19,-1,128,10,16,1,81920,0.137500,1,"chunk_size_1"
"CPU_Elastic","COMPUTE","kqv-3 (permuted)","PERMUTE","",-1,20,-1,128,16,10,1,81920,0.000521,1,"chunk_size_1"
"CPU_Elastic","COMPUTE","kqv_out-3","CONT","",-1,21,-1,2048,10,1,1,81920,0.029219,1,"chunk_size_1"
"CPU_Elastic","COMPUTE","node_221","MUL_MAT","",-1,22,-1,2048,10,1,1,81920,0.821250,1,"chunk_size_1"
"CPU_Elastic","COMPUTE","ffn_inp-3","ADD","",-1,23,-1,2048,10,1,1,81920,0.817396,1,"chunk_size_1"
"CPU_Elastic","COMPUTE_GRAPH","ggml_cgraph","GRAPH","",-1,24,-1,0,0,0,0,0,4.872604,1,"delegate_cpu_graph"
"CPU_Elastic","COMPUTE","ffn_norm-3","MUL","",-1,0,-1,2048,10,1,1,81920,0.040781,1,"chunk_size_1"
"CPU_Elastic","COMPUTE","ffn_moe_logits-3","MUL_MAT","",-1,1,-1,64,10,1,1,2560,0.053229,1,"chunk_size_1"
"CPU_Elastic","COMPUTE","ffn_moe_probs-3","SOFT_MAX","",-1,2,-1,64,10,1,1,2560,0.035208,1,"chunk_size_1"
"CPU_Elastic","COMPUTE","ffn_moe_probs-3 (reshaped)","RESHAPE","",-1,3,-1,1,64,10,1,2560,0.000469,1,"chunk_size_1"
"CPU_Elastic","COMPUTE","ffn_moe_argsort-3","ARGSORT","",-1,4,-1,64,10,1,1,2560,0.027447,1,"chunk_size_1"
"CPU_Elastic","COMPUTE","ffn_moe_topk-3","VIEW","",-1,5,-1,8,10,1,1,2336,0.000573,1,"chunk_size_1"
"CPU_Elastic","COMPUTE","ffn_moe_weights-3","GET_ROWS","",-1,6,-1,1,8,10,1,320,0.000938,1,"chunk_size_1"
"CPU_Elastic","COMPUTE","ffn_norm-3 (reshaped)","RESHAPE","",-1,7,-1,2048,1,10,1,81920,0.000521,1,"chunk_size_1"
"CPU_Elastic","COMPUTE","ffn_moe_gate-3","MUL_MAT_ID","",-1,8,-1,1024,8,10,1,327680,6.718385,1,"chunk_size_1"
"CPU_Elastic","COMPUTE","ffn_moe_up-3","MUL_MAT_ID","",-1,9,-1,1024,8,10,1,327680,7.022865,1,"chunk_size_1"
"CPU_Elastic","COMPUTE","ffn_moe_weighted-3","GLU","",-1,10,-1,1024,8,10,1,327680,0.073438,1,"chunk_size_1"
"CPU_Elastic","COMPUTE","ffn_moe_down-3","MUL_MAT_ID","",-1,11,-1,2048,8,10,1,655360,3.900625,1,"chunk_size_1"
"CPU_Elastic","COMPUTE","node_236","MUL","",-1,12,-1,2048,8,10,1,655360,3.972656,1,"chunk_size_1"
"CPU_Elastic","COMPUTE"," (view)","VIEW","",-1,13,-1,2048,10,1,1,598016,0.000677,1,"chunk_size_1"
"CPU_Elastic","COMPUTE","node_236 (view)","VIEW","",-1,14,-1,2048,10,1,1,598016,0.000625,1,"chunk_size_1"
"CPU_Elastic","COMPUTE","node_236 (view)","VIEW","",-1,15,-1,2048,10,1,1,598016,0.000521,1,"chunk_size_1"
"CPU_Elastic","COMPUTE","node_236 (view)","VIEW","",-1,16,-1,2048,10,1,1,598016,0.000573,1,"chunk_size_1"
"CPU_Elastic","COMPUTE","node_236 (view)","VIEW","",-1,17,-1,2048,10,1,1,598016,0.000468,1,"chunk_size_1"
"CPU_Elastic","COMPUTE","node_236 (view)","VIEW","",-1,18,-1,2048,10,1,1,598016,0.000573,1,"chunk_size_1"
"CPU_Elastic","COMPUTE","node_236 (view)","VIEW","",-1,19,-1,2048,10,1,1,598016,0.000417,1,"chunk_size_1"
"CPU_Elastic","COMPUTE","node_236 (view)","VIEW","",-1,20,-1,2048,10,1,1,598016,0.000520,1,"chunk_size_1"
"CPU_Elastic","COMPUTE","node_245","ADD","",-1,21,-1,2048,10,1,1,81920,0.007083,1,"chunk_size_1"
"CPU_Elastic","COMPUTE","node_246","ADD","",-1,22,-1,2048,10,1,1,81920,0.015468,1,"chunk_size_1"
"CPU_Elastic","COMPUTE","node_247","ADD","",-1,23,-1,2048,10,1,1,81920,0.041302,1,"chunk_size_1"
"CPU_Elastic","COMPUTE","node_248","ADD","",-1,24,-1,2048,10,1,1,81920,0.044323,1,"chunk_size_1"
"CPU_Elastic","COMPUTE","node_249","ADD","",-1,25,-1,2048,10,1,1,81920,0.041666,1,"chunk_size_1"
"CPU_Elastic","COMPUTE","node_250","ADD","",-1,26,-1,2048,10,1,1,81920,0.035365,1,"chunk_size_1"
"CPU_Elastic","COMPUTE","ffn_moe_out-3","ADD","",-1,27,-1,2048,10,1,1,81920,0.038229,1,"chunk_size_1"
"CPU_Elastic","COMPUTE","l_out-3","ADD","",-1,28,-1,2048,10,1,1,81920,0.025521,1,"chunk_size_1"
"CPU_Elastic","COMPUTE_GRAPH","ggml_cgraph","GRAPH","",-1,29,-1,0,0,0,0,0,22.100466,1,"delegate_cpu_graph"
"CPU_Elastic","COMPUTE","attn_norm-4","MUL","",-1,0,-1,2048,10,1,1,81920,0.037812,1,"chunk_size_1"
"CPU_Elastic","COMPUTE","Qcur-4","MUL_MAT","",-1,1,-1,2048,10,1,1,81920,2.087292,1,"chunk_size_1"
"CPU_Elastic","COMPUTE_GRAPH","ggml_cgraph","GRAPH","",-1,2,-1,0,0,0,0,0,2.125104,1,"delegate_cpu_graph"
"CPU_Elastic","COMPUTE","Qcur_normed-4","MUL","",-1,0,-1,2048,10,1,1,81920,0.030573,1,"chunk_size_1"
"CPU_Elastic","COMPUTE","Qcur_normed-4 (reshaped)","RESHAPE","",-1,1,-1,128,16,10,1,81920,0.000573,1,"chunk_size_1"
"CPU_Elastic","COMPUTE","Qcur-4","ROPE","",-1,2,-1,128,16,10,1,81920,0.012552,1,"chunk_size_1"
"CPU_Elastic","COMPUTE","Kcur-4","MUL_MAT","",-1,3,-1,2048,10,1,1,81920,0.816510,1,"chunk_size_1"
"CPU_Elastic","COMPUTE_GRAPH","ggml_cgraph","GRAPH","",-1,4,-1,0,0,0,0,0,0.860208,1,"delegate_cpu_graph"
"CPU_Elastic","COMPUTE","Kcur_normed-4","MUL","",-1,0,-1,2048,10,1,1,81920,0.033177,1,"chunk_size_1"
"CPU_Elastic","COMPUTE","Kcur_normed-4 (reshaped)","RESHAPE","",-1,1,-1,128,16,10,1,81920,0.000573,1,"chunk_size_1"
"CPU_Elastic","COMPUTE","Kcur-4","ROPE","",-1,2,-1,128,16,10,1,81920,0.013334,1,"chunk_size_1"
"CPU_Elastic","COMPUTE","Vcur-4","MUL_MAT","",-1,3,-1,2048,10,1,1,81920,2.160729,1,"chunk_size_1"
"CPU_Elastic","COMPUTE","Vcur-4","RESHAPE","",-1,4,-1,128,16,10,1,81920,0.000625,1,"chunk_size_1"
"CPU_Elastic","COMPUTE","Kcur-4 (view)","VIEW","",-1,5,-1,2048,10,1,1,81920,0.000469,1,"chunk_size_1"
"CPU_Elastic","COMPUTE","cache_k_l4 (view)","SET_ROWS","",-1,6,-1,2048,512,1,1,2097152,0.010625,1,"chunk_size_1"
"CPU_Elastic","COMPUTE","Vcur-4 (view)","VIEW","",-1,7,-1,2048,10,1,1,81920,0.000469,1,"chunk_size_1"
"CPU_Elastic","COMPUTE","cache_v_l4 (view)","SET_ROWS","",-1,8,-1,2048,512,1,1,2097152,0.010208,1,"chunk_size_1"
"CPU_Elastic","COMPUTE","cache_v_l4 (view)","VIEW","",-1,9,-1,128,16,256,1,1048576,0.000417,1,"chunk_size_1"
"CPU_Elastic","COMPUTE","cache_v_l4 (view) (permuted)","PERMUTE","",-1,10,-1,128,256,16,1,1048576,0.000417,1,"chunk_size_1"
"CPU_Elastic","COMPUTE","cache_v_l4 (view) (permuted) (transposed)","TRANSPOSE","",-1,11,-1,256,128,16,1,1048576,0.000417,1,"chunk_size_1"
"CPU_Elastic","COMPUTE","v_cont-4","CONT","",-1,12,-1,256,128,16,1,1048576,0.865625,1,"chunk_size_1"
"CPU_Elastic","COMPUTE","cache_k_l4 (view)","VIEW","",-1,13,-1,128,16,256,1,1048576,0.000521,1,"chunk_size_1"
"CPU_Elastic","COMPUTE","cache_k_l4 (view) (permuted)","PERMUTE","",-1,14,-1,128,256,16,1,1048576,0.000469,1,"chunk_size_1"
"CPU_Elastic","COMPUTE","Qcur-4 (view)","VIEW","",-1,15,-1,128,16,10,1,81920,0.000417,1,"chunk_size_1"
"CPU_Elastic","COMPUTE","Qcur-4 (view) (permuted)","PERMUTE","",-1,16,-1,128,10,16,1,81920,0.000572,1,"chunk_size_1"
"CPU_Elastic","COMPUTE","kq-4","MUL_MAT","",-1,17,-1,256,10,16,1,163840,0.252448,1,"chunk_size_1"
"CPU_Elastic","COMPUTE","kq_soft_max-4","SOFT_MAX","",-1,18,-1,256,10,16,1,163840,0.272448,1,"chunk_size_1"
"CPU_Elastic","COMPUTE","kqv-4","MUL_MAT","",-1,19,-1,128,10,16,1,81920,0.141667,1,"chunk_size_1"
"CPU_Elastic","COMPUTE","kqv-4 (permuted)","PERMUTE","",-1,20,-1,128,16,10,1,81920,0.000572,1,"chunk_size_1"
"CPU_Elastic","COMPUTE","kqv_out-4","CONT","",-1,21,-1,2048,10,1,1,81920,0.036614,1,"chunk_size_1"
"CPU_Elastic","COMPUTE","node_284","MUL_MAT","",-1,22,-1,2048,10,1,1,81920,1.561823,1,"chunk_size_1"
"CPU_Elastic","COMPUTE","ffn_inp-4","ADD","",-1,23,-1,2048,10,1,1,81920,0.098490,1,"chunk_size_1"
"CPU_Elastic","COMPUTE_GRAPH","ggml_cgraph","GRAPH","",-1,24,-1,0,0,0,0,0,5.463126,1,"delegate_cpu_graph"
"CPU_Elastic","COMPUTE","ffn_norm-4","MUL","",-1,0,-1,2048,10,1,1,81920,0.033073,1,"chunk_size_1"
"CPU_Elastic","COMPUTE","ffn_moe_logits-4","MUL_MAT","",-1,1,-1,64,10,1,1,2560,0.065729,1,"chunk_size_1"
"CPU_Elastic","COMPUTE","ffn_moe_probs-4","SOFT_MAX","",-1,2,-1,64,10,1,1,2560,0.004948,1,"chunk_size_1"
"CPU_Elastic","COMPUTE","ffn_moe_probs-4 (reshaped)","RESHAPE","",-1,3,-1,1,64,10,1,2560,0.000625,1,"chunk_size_1"
"CPU_Elastic","COMPUTE","ffn_moe_argsort-4","ARGSORT","",-1,4,-1,64,10,1,1,2560,0.044115,1,"chunk_size_1"
"CPU_Elastic","COMPUTE","ffn_moe_topk-4","VIEW","",-1,5,-1,8,10,1,1,2336,0.000677,1,"chunk_size_1"
"CPU_Elastic","COMPUTE","ffn_moe_weights-4","GET_ROWS","",-1,6,-1,1,8,10,1,320,0.000989,1,"chunk_size_1"
"CPU_Elastic","COMPUTE","ffn_norm-4 (reshaped)","RESHAPE","",-1,7,-1,2048,1,10,1,81920,0.000417,1,"chunk_size_1"
"CPU_Elastic","COMPUTE","ffn_moe_gate-4","MUL_MAT_ID","",-1,8,-1,1024,8,10,1,327680,3.302708,1,"chunk_size_1"
"CPU_Elastic","COMPUTE","ffn_moe_up-4","MUL_MAT_ID","",-1,9,-1,1024,8,10,1,327680,6.556563,1,"chunk_size_1"
"CPU_Elastic","COMPUTE","ffn_moe_weighted-4","GLU","",-1,10,-1,1024,8,10,1,327680,3.305365,1,"chunk_size_1"
"CPU_Elastic","COMPUTE","ffn_moe_down-4","MUL_MAT_ID","",-1,11,-1,2048,8,10,1,655360,4.830885,1,"chunk_size_1"
"CPU_Elastic","COMPUTE","node_299","MUL","",-1,12,-1,2048,8,10,1,655360,4.857605,1,"chunk_size_1"
"CPU_Elastic","COMPUTE"," (view)","VIEW","",-1,13,-1,2048,10,1,1,598016,0.000833,1,"chunk_size_1"
"CPU_Elastic","COMPUTE","node_299 (view)","VIEW","",-1,14,-1,2048,10,1,1,598016,0.000416,1,"chunk_size_1"
"CPU_Elastic","COMPUTE","node_299 (view)","VIEW","",-1,15,-1,2048,10,1,1,598016,0.000468,1,"chunk_size_1"
"CPU_Elastic","COMPUTE","node_299 (view)","VIEW","",-1,16,-1,2048,10,1,1,598016,0.000469,1,"chunk_size_1"
"CPU_Elastic","COMPUTE","node_299 (view)","VIEW","",-1,17,-1,2048,10,1,1,598016,0.000469,1,"chunk_size_1"
"CPU_Elastic","COMPUTE","node_299 (view)","VIEW","",-1,18,-1,2048,10,1,1,598016,0.000469,1,"chunk_size_1"
"CPU_Elastic","COMPUTE","node_299 (view)","VIEW","",-1,19,-1,2048,10,1,1,598016,0.000468,1,"chunk_size_1"
"CPU_Elastic","COMPUTE","node_299 (view)","VIEW","",-1,20,-1,2048,10,1,1,598016,0.000468,1,"chunk_size_1"
"CPU_Elastic","COMPUTE","node_308","ADD","",-1,21,-1,2048,10,1,1,81920,0.010885,1,"chunk_size_1"
"CPU_Elastic","COMPUTE","node_309","ADD","",-1,22,-1,2048,10,1,1,81920,0.029219,1,"chunk_size_1"
"CPU_Elastic","COMPUTE","node_310","ADD","",-1,23,-1,2048,10,1,1,81920,0.029948,1,"chunk_size_1"
"CPU_Elastic","COMPUTE","node_311","ADD","",-1,24,-1,2048,10,1,1,81920,0.028021,1,"chunk_size_1"
"CPU_Elastic","COMPUTE","node_312","ADD","",-1,25,-1,2048,10,1,1,81920,0.031146,1,"chunk_size_1"
"CPU_Elastic","COMPUTE","node_313","ADD","",-1,26,-1,2048,10,1,1,81920,0.030677,1,"chunk_size_1"
"CPU_Elastic","COMPUTE","ffn_moe_out-4","ADD","",-1,27,-1,2048,10,1,1,81920,0.027187,1,"chunk_size_1"
"CPU_Elastic","COMPUTE","l_out-4","ADD","",-1,28,-1,2048,10,1,1,81920,0.013333,1,"chunk_size_1"
"CPU_Elastic","COMPUTE_GRAPH","ggml_cgraph","GRAPH","",-1,29,-1,0,0,0,0,0,23.208175,1,"delegate_cpu_graph"
"CPU_Elastic","COMPUTE","attn_norm-5","MUL","",-1,0,-1,2048,10,1,1,81920,0.032760,1,"chunk_size_1"
"CPU_Elastic","COMPUTE","Qcur-5","MUL_MAT","",-1,1,-1,2048,10,1,1,81920,0.816563,1,"chunk_size_1"
"CPU_Elastic","COMPUTE_GRAPH","ggml_cgraph","GRAPH","",-1,2,-1,0,0,0,0,0,0.849323,1,"delegate_cpu_graph"
"CPU_Elastic","COMPUTE","Qcur_normed-5","MUL","",-1,0,-1,2048,10,1,1,81920,0.017032,1,"chunk_size_1"
"CPU_Elastic","COMPUTE","Qcur_normed-5 (reshaped)","RESHAPE","",-1,1,-1,128,16,10,1,81920,0.000625,1,"chunk_size_1"
"CPU_Elastic","COMPUTE","Qcur-5","ROPE","",-1,2,-1,128,16,10,1,81920,0.016667,1,"chunk_size_1"
"CPU_Elastic","COMPUTE","Kcur-5","MUL_MAT","",-1,3,-1,2048,10,1,1,81920,0.815678,1,"chunk_size_1"
"CPU_Elastic","COMPUTE_GRAPH","ggml_cgraph","GRAPH","",-1,4,-1,0,0,0,0,0,0.850002,1,"delegate_cpu_graph"
"CPU_Elastic","COMPUTE","Kcur_normed-5","MUL","",-1,0,-1,2048,10,1,1,81920,0.036146,1,"chunk_size_1"
"CPU_Elastic","COMPUTE","Kcur_normed-5 (reshaped)","RESHAPE","",-1,1,-1,128,16,10,1,81920,0.000625,1,"chunk_size_1"
"CPU_Elastic","COMPUTE","Kcur-5","ROPE","",-1,2,-1,128,16,10,1,81920,0.015416,1,"chunk_size_1"
"CPU_Elastic","COMPUTE","Vcur-5","MUL_MAT","",-1,3,-1,2048,10,1,1,81920,0.821823,1,"chunk_size_1"
"CPU_Elastic","COMPUTE","Vcur-5","RESHAPE","",-1,4,-1,128,16,10,1,81920,0.000573,1,"chunk_size_1"
"CPU_Elastic","COMPUTE","Kcur-5 (view)","VIEW","",-1,5,-1,2048,10,1,1,81920,0.000573,1,"chunk_size_1"
"CPU_Elastic","COMPUTE","cache_k_l5 (view)","SET_ROWS","",-1,6,-1,2048,512,1,1,2097152,0.010520,1,"chunk_size_1"
"CPU_Elastic","COMPUTE","Vcur-5 (view)","VIEW","",-1,7,-1,2048,10,1,1,81920,0.000468,1,"chunk_size_1"
"CPU_Elastic","COMPUTE","cache_v_l5 (view)","SET_ROWS","",-1,8,-1,2048,512,1,1,2097152,0.010104,1,"chunk_size_1"
"CPU_Elastic","COMPUTE","cache_v_l5 (view)","VIEW","",-1,9,-1,128,16,256,1,1048576,0.000521,1,"chunk_size_1"
"CPU_Elastic","COMPUTE","cache_v_l5 (view) (permuted)","PERMUTE","",-1,10,-1,128,256,16,1,1048576,0.000469,1,"chunk_size_1"
"CPU_Elastic","COMPUTE","cache_v_l5 (view) (permuted) (transposed)","TRANSPOSE","",-1,11,-1,256,128,16,1,1048576,0.000469,1,"chunk_size_1"
"CPU_Elastic","COMPUTE","v_cont-5","CONT","",-1,12,-1,256,128,16,1,1048576,1.291875,1,"chunk_size_1"
"CPU_Elastic","COMPUTE","cache_k_l5 (view)","VIEW","",-1,13,-1,128,16,256,1,1048576,0.000521,1,"chunk_size_1"
"CPU_Elastic","COMPUTE","cache_k_l5 (view) (permuted)","PERMUTE","",-1,14,-1,128,256,16,1,1048576,0.000468,1,"chunk_size_1"
"CPU_Elastic","COMPUTE","Qcur-5 (view)","VIEW","",-1,15,-1,128,16,10,1,81920,0.000417,1,"chunk_size_1"
"CPU_Elastic","COMPUTE","Qcur-5 (view) (permuted)","PERMUTE","",-1,16,-1,128,10,16,1,81920,0.000417,1,"chunk_size_1"
"CPU_Elastic","COMPUTE","kq-5","MUL_MAT","",-1,17,-1,256,10,16,1,163840,0.251406,1,"chunk_size_1"
"CPU_Elastic","COMPUTE","kq_soft_max-5","SOFT_MAX","",-1,18,-1,256,10,16,1,163840,0.271042,1,"chunk_size_1"
"CPU_Elastic","COMPUTE","kqv-5","MUL_MAT","",-1,19,-1,128,10,16,1,81920,0.140677,1,"chunk_size_1"
"CPU_Elastic","COMPUTE","kqv-5 (permuted)","PERMUTE","",-1,20,-1,128,16,10,1,81920,0.000469,1,"chunk_size_1"
"CPU_Elastic","COMPUTE","kqv_out-5","CONT","",-1,21,-1,2048,10,1,1,81920,0.043021,1,"chunk_size_1"
"CPU_Elastic","COMPUTE","node_347","MUL_MAT","",-1,22,-1,2048,10,1,1,81920,0.833489,1,"chunk_size_1"
"CPU_Elastic","COMPUTE","ffn_inp-5","ADD","",-1,23,-1,2048,10,1,1,81920,0.815000,1,"chunk_size_1"
"CPU_Elastic","COMPUTE_GRAPH","ggml_cgraph","GRAPH","",-1,24,-1,0,0,0,0,0,4.546509,1,"delegate_cpu_graph"
"CPU_Elastic","COMPUTE","ffn_norm-5","MUL","",-1,0,-1,2048,10,1,1,81920,0.034167,1,"chunk_size_1"
"CPU_Elastic","COMPUTE","ffn_moe_logits-5","MUL_MAT","",-1,1,-1,64,10,1,1,2560,0.051511,1,"chunk_size_1"
"CPU_Elastic","COMPUTE","ffn_moe_probs-5","SOFT_MAX","",-1,2,-1,64,10,1,1,2560,0.031406,1,"chunk_size_1"
"CPU_Elastic","COMPUTE","ffn_moe_probs-5 (reshaped)","RESHAPE","",-1,3,-1,1,64,10,1,2560,0.000573,1,"chunk_size_1"
"CPU_Elastic","COMPUTE","ffn_moe_argsort-5","ARGSORT","",-1,4,-1,64,10,1,1,2560,0.030989,1,"chunk_size_1"
"CPU_Elastic","COMPUTE","ffn_moe_topk-5","VIEW","",-1,5,-1,8,10,1,1,2336,0.000521,1,"chunk_size_1"
"CPU_Elastic","COMPUTE","ffn_moe_weights-5","GET_ROWS","",-1,6,-1,1,8,10,1,320,0.001042,1,"chunk_size_1"
"CPU_Elastic","COMPUTE","ffn_norm-5 (reshaped)","RESHAPE","",-1,7,-1,2048,1,10,1,81920,0.000469,1,"chunk_size_1"
"CPU_Elastic","COMPUTE","ffn_moe_gate-5","MUL_MAT_ID","",-1,8,-1,1024,8,10,1,327680,6.519115,1,"chunk_size_1"
"CPU_Elastic","COMPUTE","ffn_moe_up-5","MUL_MAT_ID","",-1,9,-1,1024,8,10,1,327680,6.500313,1,"chunk_size_1"
"CPU_Elastic","COMPUTE","ffn_moe_weighted-5","GLU","",-1,10,-1,1024,8,10,1,327680,0.074479,1,"chunk_size_1"
"CPU_Elastic","COMPUTE","ffn_moe_down-5","MUL_MAT_ID","",-1,11,-1,2048,8,10,1,655360,3.490989,1,"chunk_size_1"
"CPU_Elastic","COMPUTE","node_362","MUL","",-1,12,-1,2048,8,10,1,655360,0.089948,1,"chunk_size_1"
"CPU_Elastic","COMPUTE"," (view)","VIEW","",-1,13,-1,2048,10,1,1,598016,0.000729,1,"chunk_size_1"
"CPU_Elastic","COMPUTE","node_362 (view)","VIEW","",-1,14,-1,2048,10,1,1,598016,0.000573,1,"chunk_size_1"
"CPU_Elastic","COMPUTE","node_362 (view)","VIEW","",-1,15,-1,2048,10,1,1,598016,0.000417,1,"chunk_size_1"
"CPU_Elastic","COMPUTE","node_362 (view)","VIEW","",-1,16,-1,2048,10,1,1,598016,0.000468,1,"chunk_size_1"
"CPU_Elastic","COMPUTE","node_362 (view)","VIEW","",-1,17,-1,2048,10,1,1,598016,0.000417,1,"chunk_size_1"
"CPU_Elastic","COMPUTE","node_362 (view)","VIEW","",-1,18,-1,2048,10,1,1,598016,0.000521,1,"chunk_size_1"
"CPU_Elastic","COMPUTE","node_362 (view)","VIEW","",-1,19,-1,2048,10,1,1,598016,0.000416,1,"chunk_size_1"
"CPU_Elastic","COMPUTE","node_362 (view)","VIEW","",-1,20,-1,2048,10,1,1,598016,0.000417,1,"chunk_size_1"
"CPU_Elastic","COMPUTE","node_371","ADD","",-1,21,-1,2048,10,1,1,81920,0.026667,1,"chunk_size_1"
"CPU_Elastic","COMPUTE","node_372","ADD","",-1,22,-1,2048,10,1,1,81920,0.030208,1,"chunk_size_1"
"CPU_Elastic","COMPUTE","node_373","ADD","",-1,23,-1,2048,10,1,1,81920,0.034167,1,"chunk_size_1"
"CPU_Elastic","COMPUTE","node_374","ADD","",-1,24,-1,2048,10,1,1,81920,0.026771,1,"chunk_size_1"
"CPU_Elastic","COMPUTE","node_375","ADD","",-1,25,-1,2048,10,1,1,81920,0.026980,1,"chunk_size_1"
"CPU_Elastic","COMPUTE","node_376","ADD","",-1,26,-1,2048,10,1,1,81920,0.029011,1,"chunk_size_1"
"CPU_Elastic","COMPUTE","ffn_moe_out-5","ADD","",-1,27,-1,2048,10,1,1,81920,0.026667,1,"chunk_size_1"
"CPU_Elastic","COMPUTE","l_out-5","ADD","",-1,28,-1,2048,10,1,1,81920,0.012552,1,"chunk_size_1"
"CPU_Elastic","COMPUTE_GRAPH","ggml_cgraph","GRAPH","",-1,29,-1,0,0,0,0,0,17.042503,1,"delegate_cpu_graph"
"CPU_Elastic","COMPUTE","attn_norm-6","MUL","",-1,0,-1,2048,10,1,1,81920,0.027500,1,"chunk_size_1"
"CPU_Elastic","COMPUTE","Qcur-6","MUL_MAT","",-1,1,-1,2048,10,1,1,81920,0.815469,1,"chunk_size_1"
"CPU_Elastic","COMPUTE_GRAPH","ggml_cgraph","GRAPH","",-1,2,-1,0,0,0,0,0,0.842969,1,"delegate_cpu_graph"
"CPU_Elastic","COMPUTE","Qcur_normed-6","MUL","",-1,0,-1,2048,10,1,1,81920,0.028489,1,"chunk_size_1"
"CPU_Elastic","COMPUTE","Qcur_normed-6 (reshaped)","RESHAPE","",-1,1,-1,128,16,10,1,81920,0.000677,1,"chunk_size_1"
"CPU_Elastic","COMPUTE","Qcur-6","ROPE","",-1,2,-1,128,16,10,1,81920,0.012448,1,"chunk_size_1"
"CPU_Elastic","COMPUTE","Kcur-6","MUL_MAT","",-1,3,-1,2048,10,1,1,81920,0.799531,1,"chunk_size_1"
"CPU_Elastic","COMPUTE_GRAPH","ggml_cgraph","GRAPH","",-1,4,-1,0,0,0,0,0,0.841145,1,"delegate_cpu_graph"
"CPU_Elastic","COMPUTE","Kcur_normed-6","MUL","",-1,0,-1,2048,10,1,1,81920,0.027709,1,"chunk_size_1"
"CPU_Elastic","COMPUTE","Kcur_normed-6 (reshaped)","RESHAPE","",-1,1,-1,128,16,10,1,81920,0.000520,1,"chunk_size_1"
"CPU_Elastic","COMPUTE","Kcur-6","ROPE","",-1,2,-1,128,16,10,1,81920,0.013125,1,"chunk_size_1"
"CPU_Elastic","COMPUTE","Vcur-6","MUL_MAT","",-1,3,-1,2048,10,1,1,81920,0.806666,1,"chunk_size_1"
"CPU_Elastic","COMPUTE","Vcur-6","RESHAPE","",-1,4,-1,128,16,10,1,81920,0.000521,1,"chunk_size_1"
"CPU_Elastic","COMPUTE","Kcur-6 (view)","VIEW","",-1,5,-1,2048,10,1,1,81920,0.000468,1,"chunk_size_1"
"CPU_Elastic","COMPUTE","cache_k_l6 (view)","SET_ROWS","",-1,6,-1,2048,512,1,1,2097152,0.010416,1,"chunk_size_1"
"CPU_Elastic","COMPUTE","Vcur-6 (view)","VIEW","",-1,7,-1,2048,10,1,1,81920,0.000469,1,"chunk_size_1"
"CPU_Elastic","COMPUTE","cache_v_l6 (view)","SET_ROWS","",-1,8,-1,2048,512,1,1,2097152,0.010156,1,"chunk_size_1"
"CPU_Elastic","COMPUTE","cache_v_l6 (view)","VIEW","",-1,9,-1,128,16,256,1,1048576,0.000417,1,"chunk_size_1"
"CPU_Elastic","COMPUTE","cache_v_l6 (view) (permuted)","PERMUTE","",-1,10,-1,128,256,16,1,1048576,0.000521,1,"chunk_size_1"
"CPU_Elastic","COMPUTE","cache_v_l6 (view) (permuted) (transposed)","TRANSPOSE","",-1,11,-1,256,128,16,1,1048576,0.000365,1,"chunk_size_1"
"CPU_Elastic","COMPUTE","v_cont-6","CONT","",-1,12,-1,256,128,16,1,1048576,0.440573,1,"chunk_size_1"
"CPU_Elastic","COMPUTE","cache_k_l6 (view)","VIEW","",-1,13,-1,128,16,256,1,1048576,0.000468,1,"chunk_size_1"
"CPU_Elastic","COMPUTE","cache_k_l6 (view) (permuted)","PERMUTE","",-1,14,-1,128,256,16,1,1048576,0.000573,1,"chunk_size_1"
"CPU_Elastic","COMPUTE","Qcur-6 (view)","VIEW","",-1,15,-1,128,16,10,1,81920,0.000521,1,"chunk_size_1"
"CPU_Elastic","COMPUTE","Qcur-6 (view) (permuted)","PERMUTE","",-1,16,-1,128,10,16,1,81920,0.000468,1,"chunk_size_1"
"CPU_Elastic","COMPUTE","kq-6","MUL_MAT","",-1,17,-1,256,10,16,1,163840,0.242761,1,"chunk_size_1"
"CPU_Elastic","COMPUTE","kq_soft_max-6","SOFT_MAX","",-1,18,-1,256,10,16,1,163840,0.065937,1,"chunk_size_1"
"CPU_Elastic","COMPUTE","kqv-6","MUL_MAT","",-1,19,-1,128,10,16,1,81920,0.096094,1,"chunk_size_1"
"CPU_Elastic","COMPUTE","kqv-6 (permuted)","PERMUTE","",-1,20,-1,128,16,10,1,81920,0.000573,1,"chunk_size_1"
"CPU_Elastic","COMPUTE","kqv_out-6","CONT","",-1,21,-1,2048,10,1,1,81920,0.005989,1,"chunk_size_1"
"CPU_Elastic","COMPUTE","node_410","MUL_MAT","",-1,22,-1,2048,10,1,1,81920,0.816458,1,"chunk_size_1"
"CPU_Elastic","COMPUTE","ffn_inp-6","ADD","",-1,23,-1,2048,10,1,1,81920,0.012240,1,"chunk_size_1"
"CPU_Elastic","COMPUTE_GRAPH","ggml_cgraph","GRAPH","",-1,24,-1,0,0,0,0,0,2.554008,1,"delegate_cpu_graph"
"CPU_Elastic","COMPUTE","ffn_norm-6","MUL","",-1,0,-1,2048,10,1,1,81920,0.029740,1,"chunk_size_1"
"CPU_Elastic","COMPUTE","ffn_moe_logits-6","MUL_MAT","",-1,1,-1,64,10,1,1,2560,0.038073,1,"chunk_size_1"
"CPU_Elastic","COMPUTE","ffn_moe_probs-6","SOFT_MAX","",-1,2,-1,64,10,1,1,2560,0.004948,1,"chunk_size_1"
"CPU_Elastic","COMPUTE","ffn_moe_probs-6 (reshaped)","RESHAPE","",-1,3,-1,1,64,10,1,2560,0.000625,1,"chunk_size_1"
"CPU_Elastic","COMPUTE","ffn_moe_argsort-6","ARGSORT","",-1,4,-1,64,10,1,1,2560,0.024531,1,"chunk_size_1"
"CPU_Elastic","COMPUTE","ffn_moe_topk-6","VIEW","",-1,5,-1,8,10,1,1,2336,0.000573,1,"chunk_size_1"
"CPU_Elastic","COMPUTE","ffn_moe_weights-6","GET_ROWS","",-1,6,-1,1,8,10,1,320,0.000937,1,"chunk_size_1"
"CPU_Elastic","COMPUTE","ffn_norm-6 (reshaped)","RESHAPE","",-1,7,-1,2048,1,10,1,81920,0.000521,1,"chunk_size_1"
"CPU_Elastic","COMPUTE","ffn_moe_gate-6","MUL_MAT_ID","",-1,8,-1,1024,8,10,1,327680,3.220938,1,"chunk_size_1"
"CPU_Elastic","COMPUTE","ffn_moe_up-6","MUL_MAT_ID","",-1,9,-1,1024,8,10,1,327680,3.233333,1,"chunk_size_1"
"CPU_Elastic","COMPUTE","ffn_moe_weighted-6","GLU","",-1,10,-1,1024,8,10,1,327680,0.041614,1,"chunk_size_1"
"CPU_Elastic","COMPUTE","ffn_moe_down-6","MUL_MAT_ID","",-1,11,-1,2048,8,10,1,655360,3.437969,1,"chunk_size_1"
"CPU_Elastic","COMPUTE","node_425","MUL","",-1,12,-1,2048,8,10,1,655360,0.092344,1,"chunk_size_1"
"CPU_Elastic","COMPUTE"," (view)","VIEW","",-1,13,-1,2048,10,1,1,598016,0.000677,1,"chunk_size_1"
"CPU_Elastic","COMPUTE","node_425 (view)","VIEW","",-1,14,-1,2048,10,1,1,598016,0.000469,1,"chunk_size_1"
"CPU_Elastic","COMPUTE","node_425 (view)","VIEW","",-1,15,-1,2048,10,1,1,598016,0.000521,1,"chunk_size_1"
"CPU_Elastic","COMPUTE","node_425 (view)","VIEW","",-1,16,-1,2048,10,1,1,598016,0.000469,1,"chunk_size_1"
"CPU_Elastic","COMPUTE","node_425 (view)","VIEW","",-1,17,-1,2048,10,1,1,598016,0.000417,1,"chunk_size_1"
"CPU_Elastic","COMPUTE","node_425 (view)","VIEW","",-1,18,-1,2048,10,1,1,598016,0.000416,1,"chunk_size_1"
"CPU_Elastic","COMPUTE","node_425 (view)","VIEW","",-1,19,-1,2048,10,1,1,598016,0.000521,1,"chunk_size_1"
"CPU_Elastic","COMPUTE","node_425 (view)","VIEW","",-1,20,-1,2048,10,1,1,598016,0.000416,1,"chunk_size_1"
"CPU_Elastic","COMPUTE","node_434","ADD","",-1,21,-1,2048,10,1,1,81920,0.008177,1,"chunk_size_1"
"CPU_Elastic","COMPUTE","node_435","ADD","",-1,22,-1,2048,10,1,1,81920,0.010729,1,"chunk_size_1"
"CPU_Elastic","COMPUTE","node_436","ADD","",-1,23,-1,2048,10,1,1,81920,0.026458,1,"chunk_size_1"
"CPU_Elastic","COMPUTE","node_437","ADD","",-1,24,-1,2048,10,1,1,81920,0.030156,1,"chunk_size_1"
"CPU_Elastic","COMPUTE","node_438","ADD","",-1,25,-1,2048,10,1,1,81920,0.027083,1,"chunk_size_1"
"CPU_Elastic","COMPUTE","node_439","ADD","",-1,26,-1,2048,10,1,1,81920,0.026459,1,"chunk_size_1"
"CPU_Elastic","COMPUTE","ffn_moe_out-6","ADD","",-1,27,-1,2048,10,1,1,81920,0.029740,1,"chunk_size_1"
"CPU_Elastic","COMPUTE","l_out-6","ADD","",-1,28,-1,2048,10,1,1,81920,0.011458,1,"chunk_size_1"
"CPU_Elastic","COMPUTE_GRAPH","ggml_cgraph","GRAPH","",-1,29,-1,0,0,0,0,0,10.300312,1,"delegate_cpu_graph"
"CPU_Elastic","COMPUTE","attn_norm-7","MUL","",-1,0,-1,2048,10,1,1,81920,0.027969,1,"chunk_size_1"
"CPU_Elastic","COMPUTE","Qcur-7","MUL_MAT","",-1,1,-1,2048,10,1,1,81920,0.816041,1,"chunk_size_1"
"CPU_Elastic","COMPUTE_GRAPH","ggml_cgraph","GRAPH","",-1,2,-1,0,0,0,0,0,0.844010,1,"delegate_cpu_graph"
"CPU_Elastic","COMPUTE","Qcur_normed-7","MUL","",-1,0,-1,2048,10,1,1,81920,0.028854,1,"chunk_size_1"
"CPU_Elastic","COMPUTE","Qcur_normed-7 (reshaped)","RESHAPE","",-1,1,-1,128,16,10,1,81920,0.000573,1,"chunk_size_1"
"CPU_Elastic","COMPUTE","Qcur-7","ROPE","",-1,2,-1,128,16,10,1,81920,0.012604,1,"chunk_size_1"
"CPU_Elastic","COMPUTE","Kcur-7","MUL_MAT","",-1,3,-1,2048,10,1,1,81920,0.801042,1,"chunk_size_1"
"CPU_Elastic","COMPUTE_GRAPH","ggml_cgraph","GRAPH","",-1,4,-1,0,0,0,0,0,0.843073,1,"delegate_cpu_graph"
"CPU_Elastic","COMPUTE","Kcur_normed-7","MUL","",-1,0,-1,2048,10,1,1,81920,0.030729,1,"chunk_size_1"
"CPU_Elastic","COMPUTE","Kcur_normed-7 (reshaped)","RESHAPE","",-1,1,-1,128,16,10,1,81920,0.000469,1,"chunk_size_1"
"CPU_Elastic","COMPUTE","Kcur-7","ROPE","",-1,2,-1,128,16,10,1,81920,0.012917,1,"chunk_size_1"
"CPU_Elastic","COMPUTE","Vcur-7","MUL_MAT","",-1,3,-1,2048,10,1,1,81920,1.066979,1,"chunk_size_1"
"CPU_Elastic","COMPUTE","Vcur-7","RESHAPE","",-1,4,-1,128,16,10,1,81920,0.000468,1,"chunk_size_1"
"CPU_Elastic","COMPUTE","Kcur-7 (view)","VIEW","",-1,5,-1,2048,10,1,1,81920,0.000469,1,"chunk_size_1"
"CPU_Elastic","COMPUTE","cache_k_l7 (view)","SET_ROWS","",-1,6,-1,2048,512,1,1,2097152,0.010260,1,"chunk_size_1"
"CPU_Elastic","COMPUTE","Vcur-7 (view)","VIEW","",-1,7,-1,2048,10,1,1,81920,0.000573,1,"chunk_size_1"
"CPU_Elastic","COMPUTE","cache_v_l7 (view)","SET_ROWS","",-1,8,-1,2048,512,1,1,2097152,0.009948,1,"chunk_size_1"
"CPU_Elastic","COMPUTE","cache_v_l7 (view)","VIEW","",-1,9,-1,128,16,256,1,1048576,0.000521,1,"chunk_size_1"
"CPU_Elastic","COMPUTE","cache_v_l7 (view) (permuted)","PERMUTE","",-1,10,-1,128,256,16,1,1048576,0.000417,1,"chunk_size_1"
"CPU_Elastic","COMPUTE","cache_v_l7 (view) (permuted) (transposed)","TRANSPOSE","",-1,11,-1,256,128,16,1,1048576,0.000573,1,"chunk_size_1"
"CPU_Elastic","COMPUTE","v_cont-7","CONT","",-1,12,-1,256,128,16,1,1048576,0.441667,1,"chunk_size_1"
"CPU_Elastic","COMPUTE","cache_k_l7 (view)","VIEW","",-1,13,-1,128,16,256,1,1048576,0.000469,1,"chunk_size_1"
"CPU_Elastic","COMPUTE","cache_k_l7 (view) (permuted)","PERMUTE","",-1,14,-1,128,256,16,1,1048576,0.000417,1,"chunk_size_1"
"CPU_Elastic","COMPUTE","Qcur-7 (view)","VIEW","",-1,15,-1,128,16,10,1,81920,0.000469,1,"chunk_size_1"
"CPU_Elastic","COMPUTE","Qcur-7 (view) (permuted)","PERMUTE","",-1,16,-1,128,10,16,1,81920,0.000469,1,"chunk_size_1"
"CPU_Elastic","COMPUTE","kq-7","MUL_MAT","",-1,17,-1,256,10,16,1,163840,0.257136,1,"chunk_size_1"
"CPU_Elastic","COMPUTE","kq_soft_max-7","SOFT_MAX","",-1,18,-1,256,10,16,1,163840,0.068282,1,"chunk_size_1"
"CPU_Elastic","COMPUTE","kqv-7","MUL_MAT","",-1,19,-1,128,10,16,1,81920,0.096771,1,"chunk_size_1"
"CPU_Elastic","COMPUTE","kqv-7 (permuted)","PERMUTE","",-1,20,-1,128,16,10,1,81920,0.000520,1,"chunk_size_1"
"CPU_Elastic","COMPUTE","kqv_out-7","CONT","",-1,21,-1,2048,10,1,1,81920,0.007500,1,"chunk_size_1"
"CPU_Elastic","COMPUTE","node_473","MUL_MAT","",-1,22,-1,2048,10,1,1,81920,0.800625,1,"chunk_size_1"
"CPU_Elastic","COMPUTE","ffn_inp-7","ADD","",-1,23,-1,2048,10,1,1,81920,0.011250,1,"chunk_size_1"
"CPU_Elastic","COMPUTE_GRAPH","ggml_cgraph","GRAPH","",-1,24,-1,0,0,0,0,0,2.819898,1,"delegate_cpu_graph"
"CPU_Elastic","COMPUTE","ffn_norm-7","MUL","",-1,0,-1,2048,10,1,1,81920,0.029687,1,"chunk_size_1"
"CPU_Elastic","COMPUTE","ffn_moe_logits-7","MUL_MAT","",-1,1,-1,64,10,1,1,2560,0.038854,1,"chunk_size_1"
"CPU_Elastic","COMPUTE","ffn_moe_probs-7","SOFT_MAX","",-1,2,-1,64,10,1,1,2560,0.005625,1,"chunk_size_1"
"CPU_Elastic","COMPUTE","ffn_moe_probs-7 (reshaped)","RESHAPE","",-1,3,-1,1,64,10,1,2560,0.000573,1,"chunk_size_1"
"CPU_Elastic","COMPUTE","ffn_moe_argsort-7","ARGSORT","",-1,4,-1,64,10,1,1,2560,0.025157,1,"chunk_size_1"
"CPU_Elastic","COMPUTE","ffn_moe_topk-7","VIEW","",-1,5,-1,8,10,1,1,2336,0.000521,1,"chunk_size_1"
"CPU_Elastic","COMPUTE","ffn_moe_weights-7","GET_ROWS","",-1,6,-1,1,8,10,1,320,0.000937,1,"chunk_size_1"
"CPU_Elastic","COMPUTE","ffn_norm-7 (reshaped)","RESHAPE","",-1,7,-1,2048,1,10,1,81920,0.000521,1,"chunk_size_1"
"CPU_Elastic","COMPUTE","ffn_moe_gate-7","MUL_MAT_ID","",-1,8,-1,1024,8,10,1,327680,3.248229,1,"chunk_size_1"
"CPU_Elastic","COMPUTE","ffn_moe_up-7","MUL_MAT_ID","",-1,9,-1,1024,8,10,1,327680,3.269115,1,"chunk_size_1"
"CPU_Elastic","COMPUTE","ffn_moe_weighted-7","GLU","",-1,10,-1,1024,8,10,1,327680,0.042500,1,"chunk_size_1"
"CPU_Elastic","COMPUTE","ffn_moe_down-7","MUL_MAT_ID","",-1,11,-1,2048,8,10,1,655360,4.777656,1,"chunk_size_1"
"CPU_Elastic","COMPUTE","node_488","MUL","",-1,12,-1,2048,8,10,1,655360,0.092708,1,"chunk_size_1"
"CPU_Elastic","COMPUTE"," (view)","VIEW","",-1,13,-1,2048,10,1,1,598016,0.000885,1,"chunk_size_1"
"CPU_Elastic","COMPUTE","node_488 (view)","VIEW","",-1,14,-1,2048,10,1,1,598016,0.000469,1,"chunk_size_1"
"CPU_Elastic","COMPUTE","node_488 (view)","VIEW","",-1,15,-1,2048,10,1,1,598016,0.000416,1,"chunk_size_1"
"CPU_Elastic","COMPUTE","node_488 (view)","VIEW","",-1,16,-1,2048,10,1,1,598016,0.000573,1,"chunk_size_1"
"CPU_Elastic","COMPUTE","node_488 (view)","VIEW","",-1,17,-1,2048,10,1,1,598016,0.000469,1,"chunk_size_1"
"CPU_Elastic","COMPUTE","node_488 (view)","VIEW","",-1,18,-1,2048,10,1,1,598016,0.000416,1,"chunk_size_1"
"CPU_Elastic","COMPUTE","node_488 (view)","VIEW","",-1,19,-1,2048,10,1,1,598016,0.000365,1,"chunk_size_1"
"CPU_Elastic","COMPUTE","node_488 (view)","VIEW","",-1,20,-1,2048,10,1,1,598016,0.000469,1,"chunk_size_1"
"CPU_Elastic","COMPUTE","node_497","ADD","",-1,21,-1,2048,10,1,1,81920,0.007604,1,"chunk_size_1"
"CPU_Elastic","COMPUTE","node_498","ADD","",-1,22,-1,2048,10,1,1,81920,0.011927,1,"chunk_size_1"
"CPU_Elastic","COMPUTE","node_499","ADD","",-1,23,-1,2048,10,1,1,81920,0.028854,1,"chunk_size_1"
"CPU_Elastic","COMPUTE","node_500","ADD","",-1,24,-1,2048,10,1,1,81920,0.029740,1,"chunk_size_1"
"CPU_Elastic","COMPUTE","node_501","ADD","",-1,25,-1,2048,10,1,1,81920,0.026459,1,"chunk_size_1"
"CPU_Elastic","COMPUTE","node_502","ADD","",-1,26,-1,2048,10,1,1,81920,0.025677,1,"chunk_size_1"
"CPU_Elastic","COMPUTE","ffn_moe_out-7","ADD","",-1,27,-1,2048,10,1,1,81920,0.026042,1,"chunk_size_1"
"CPU_Elastic","COMPUTE","l_out-7","ADD","",-1,28,-1,2048,10,1,1,81920,0.011563,1,"chunk_size_1"
"CPU_Elastic","COMPUTE_GRAPH","ggml_cgraph","GRAPH","",-1,29,-1,0,0,0,0,0,11.704011,1,"delegate_cpu_graph"
"CPU_Elastic","COMPUTE","attn_norm-8","MUL","",-1,0,-1,2048,10,1,1,81920,0.031250,1,"chunk_size_1"
"CPU_Elastic","COMPUTE","Qcur-8","MUL_MAT","",-1,1,-1,2048,10,1,1,81920,0.799792,1,"chunk_size_1"
"CPU_Elastic","COMPUTE_GRAPH","ggml_cgraph","GRAPH","",-1,2,-1,0,0,0,0,0,0.831042,1,"delegate_cpu_graph"
"CPU_Elastic","COMPUTE","Qcur_normed-8","MUL","",-1,0,-1,2048,10,1,1,81920,0.027396,1,"chunk_size_1"
"CPU_Elastic","COMPUTE","Qcur_normed-8 (reshaped)","RESHAPE","",-1,1,-1,128,16,10,1,81920,0.000573,1,"chunk_size_1"
"CPU_Elastic","COMPUTE","Qcur-8","ROPE","",-1,2,-1,128,16,10,1,81920,0.014427,1,"chunk_size_1"
"CPU_Elastic","COMPUTE","Kcur-8","MUL_MAT","",-1,3,-1,2048,10,1,1,81920,0.800677,1,"chunk_size_1"
"CPU_Elastic","COMPUTE_GRAPH","ggml_cgraph","GRAPH","",-1,4,-1,0,0,0,0,0,0.843073,1,"delegate_cpu_graph"
"CPU_Elastic","COMPUTE","Kcur_normed-8","MUL","",-1,0,-1,2048,10,1,1,81920,0.027708,1,"chunk_size_1"
"CPU_Elastic","COMPUTE","Kcur_normed-8 (reshaped)","RESHAPE","",-1,1,-1,128,16,10,1,81920,0.000573,1,"chunk_size_1"
"CPU_Elastic","COMPUTE","Kcur-8","ROPE","",-1,2,-1,128,16,10,1,81920,0.012604,1,"chunk_size_1"
"CPU_Elastic","COMPUTE","Vcur-8","MUL_MAT","",-1,3,-1,2048,10,1,1,81920,0.817917,1,"chunk_size_1"
"CPU_Elastic","COMPUTE","Vcur-8","RESHAPE","",-1,4,-1,128,16,10,1,81920,0.000625,1,"chunk_size_1"
"CPU_Elastic","COMPUTE","Kcur-8 (view)","VIEW","",-1,5,-1,2048,10,1,1,81920,0.000468,1,"chunk_size_1"
"CPU_Elastic","COMPUTE","cache_k_l8 (view)","SET_ROWS","",-1,6,-1,2048,512,1,1,2097152,0.010468,1,"chunk_size_1"
"CPU_Elastic","COMPUTE","Vcur-8 (view)","VIEW","",-1,7,-1,2048,10,1,1,81920,0.000469,1,"chunk_size_1"
"CPU_Elastic","COMPUTE","cache_v_l8 (view)","SET_ROWS","",-1,8,-1,2048,512,1,1,2097152,0.010209,1,"chunk_size_1"
"CPU_Elastic","COMPUTE","cache_v_l8 (view)","VIEW","",-1,9,-1,128,16,256,1,1048576,0.000416,1,"chunk_size_1"
"CPU_Elastic","COMPUTE","cache_v_l8 (view) (permuted)","PERMUTE","",-1,10,-1,128,256,16,1,1048576,0.000417,1,"chunk_size_1"
"CPU_Elastic","COMPUTE","cache_v_l8 (view) (permuted) (transposed)","TRANSPOSE","",-1,11,-1,256,128,16,1,1048576,0.000468,1,"chunk_size_1"
"CPU_Elastic","COMPUTE","v_cont-8","CONT","",-1,12,-1,256,128,16,1,1048576,0.439531,1,"chunk_size_1"
"CPU_Elastic","COMPUTE","cache_k_l8 (view)","VIEW","",-1,13,-1,128,16,256,1,1048576,0.000521,1,"chunk_size_1"
"CPU_Elastic","COMPUTE","cache_k_l8 (view) (permuted)","PERMUTE","",-1,14,-1,128,256,16,1,1048576,0.000521,1,"chunk_size_1"
"CPU_Elastic","COMPUTE","Qcur-8 (view)","VIEW","",-1,15,-1,128,16,10,1,81920,0.000417,1,"chunk_size_1"
"CPU_Elastic","COMPUTE","Qcur-8 (view) (permuted)","PERMUTE","",-1,16,-1,128,10,16,1,81920,0.000520,1,"chunk_size_1"
"CPU_Elastic","COMPUTE","kq-8","MUL_MAT","",-1,17,-1,256,10,16,1,163840,0.243386,1,"chunk_size_1"
"CPU_Elastic","COMPUTE","kq_soft_max-8","SOFT_MAX","",-1,18,-1,256,10,16,1,163840,0.067709,1,"chunk_size_1"
"CPU_Elastic","COMPUTE","kqv-8","MUL_MAT","",-1,19,-1,128,10,16,1,81920,0.096563,1,"chunk_size_1"
"CPU_Elastic","COMPUTE","kqv-8 (permuted)","PERMUTE","",-1,20,-1,128,16,10,1,81920,0.000625,1,"chunk_size_1"
"CPU_Elastic","COMPUTE","kqv_out-8","CONT","",-1,21,-1,2048,10,1,1,81920,0.007552,1,"chunk_size_1"
"CPU_Elastic","COMPUTE","node_536","MUL_MAT","",-1,22,-1,2048,10,1,1,81920,0.820104,1,"chunk_size_1"
"CPU_Elastic","COMPUTE","ffn_inp-8","ADD","",-1,23,-1,2048,10,1,1,81920,0.011875,1,"chunk_size_1"
"CPU_Elastic","COMPUTE_GRAPH","ggml_cgraph","GRAPH","",-1,24,-1,0,0,0,0,0,2.571666,1,"delegate_cpu_graph"
"CPU_Elastic","COMPUTE","ffn_norm-8","MUL","",-1,0,-1,2048,10,1,1,81920,0.030729,1,"chunk_size_1"
"CPU_Elastic","COMPUTE","ffn_moe_logits-8","MUL_MAT","",-1,1,-1,64,10,1,1,2560,0.038697,1,"chunk_size_1"
"CPU_Elastic","COMPUTE","ffn_moe_probs-8","SOFT_MAX","",-1,2,-1,64,10,1,1,2560,0.004323,1,"chunk_size_1"
"CPU_Elastic","COMPUTE","ffn_moe_probs-8 (reshaped)","RESHAPE","",-1,3,-1,1,64,10,1,2560,0.000573,1,"chunk_size_1"
"CPU_Elastic","COMPUTE","ffn_moe_argsort-8","ARGSORT","",-1,4,-1,64,10,1,1,2560,0.025209,1,"chunk_size_1"
"CPU_Elastic","COMPUTE","ffn_moe_topk-8","VIEW","",-1,5,-1,8,10,1,1,2336,0.000573,1,"chunk_size_1"
"CPU_Elastic","COMPUTE","ffn_moe_weights-8","GET_ROWS","",-1,6,-1,1,8,10,1,320,0.000885,1,"chunk_size_1"
"CPU_Elastic","COMPUTE","ffn_norm-8 (reshaped)","RESHAPE","",-1,7,-1,2048,1,10,1,81920,0.000417,1,"chunk_size_1"
"CPU_Elastic","COMPUTE","ffn_moe_gate-8","MUL_MAT_ID","",-1,8,-1,1024,8,10,1,327680,3.254218,1,"chunk_size_1"
"CPU_Elastic","COMPUTE","ffn_moe_up-8","MUL_MAT_ID","",-1,9,-1,1024,8,10,1,327680,3.264635,1,"chunk_size_1"
"CPU_Elastic","COMPUTE","ffn_moe_weighted-8","GLU","",-1,10,-1,1024,8,10,1,327680,0.044219,1,"chunk_size_1"
"CPU_Elastic","COMPUTE","ffn_moe_down-8","MUL_MAT_ID","",-1,11,-1,2048,8,10,1,655360,3.476250,1,"chunk_size_1"
"CPU_Elastic","COMPUTE","node_551","MUL","",-1,12,-1,2048,8,10,1,655360,0.089427,1,"chunk_size_1"
"CPU_Elastic","COMPUTE"," (view)","VIEW","",-1,13,-1,2048,10,1,1,598016,0.000677,1,"chunk_size_1"
"CPU_Elastic","COMPUTE","node_551 (view)","VIEW","",-1,14,-1,2048,10,1,1,598016,0.000625,1,"chunk_size_1"
"CPU_Elastic","COMPUTE","node_551 (view)","VIEW","",-1,15,-1,2048,10,1,1,598016,0.000417,1,"chunk_size_1"
"CPU_Elastic","COMPUTE","node_551 (view)","VIEW","",-1,16,-1,2048,10,1,1,598016,0.000417,1,"chunk_size_1"
"CPU_Elastic","COMPUTE","node_551 (view)","VIEW","",-1,17,-1,2048,10,1,1,598016,0.000469,1,"chunk_size_1"
"CPU_Elastic","COMPUTE","node_551 (view)","VIEW","",-1,18,-1,2048,10,1,1,598016,0.000468,1,"chunk_size_1"
"CPU_Elastic","COMPUTE","node_551 (view)","VIEW","",-1,19,-1,2048,10,1,1,598016,0.000417,1,"chunk_size_1"
"CPU_Elastic","COMPUTE","node_551 (view)","VIEW","",-1,20,-1,2048,10,1,1,598016,0.000468,1,"chunk_size_1"
"CPU_Elastic","COMPUTE","node_560","ADD","",-1,21,-1,2048,10,1,1,81920,0.006614,1,"chunk_size_1"
"CPU_Elastic","COMPUTE","node_561","ADD","",-1,22,-1,2048,10,1,1,81920,0.011302,1,"chunk_size_1"
"CPU_Elastic","COMPUTE","node_562","ADD","",-1,23,-1,2048,10,1,1,81920,0.026510,1,"chunk_size_1"
"CPU_Elastic","COMPUTE","node_563","ADD","",-1,24,-1,2048,10,1,1,81920,0.025468,1,"chunk_size_1"
"CPU_Elastic","COMPUTE","node_564","ADD","",-1,25,-1,2048,10,1,1,81920,0.029062,1,"chunk_size_1"
"CPU_Elastic","COMPUTE","node_565","ADD","",-1,26,-1,2048,10,1,1,81920,0.029635,1,"chunk_size_1"
"CPU_Elastic","COMPUTE","ffn_moe_out-8","ADD","",-1,27,-1,2048,10,1,1,81920,0.026927,1,"chunk_size_1"
"CPU_Elastic","COMPUTE","l_out-8","ADD","",-1,28,-1,2048,10,1,1,81920,0.012083,1,"chunk_size_1"
"CPU_Elastic","COMPUTE_GRAPH","ggml_cgraph","GRAPH","",-1,29,-1,0,0,0,0,0,10.401714,1,"delegate_cpu_graph"
"CPU_Elastic","COMPUTE","attn_norm-9","MUL","",-1,0,-1,2048,10,1,1,81920,0.027500,1,"chunk_size_1"
"CPU_Elastic","COMPUTE","Qcur-9","MUL_MAT","",-1,1,-1,2048,10,1,1,81920,0.800156,1,"chunk_size_1"
"CPU_Elastic","COMPUTE_GRAPH","ggml_cgraph","GRAPH","",-1,2,-1,0,0,0,0,0,0.827656,1,"delegate_cpu_graph"
"CPU_Elastic","COMPUTE","Qcur_normed-9","MUL","",-1,0,-1,2048,10,1,1,81920,0.028698,1,"chunk_size_1"
"CPU_Elastic","COMPUTE","Qcur_normed-9 (reshaped)","RESHAPE","",-1,1,-1,128,16,10,1,81920,0.000521,1,"chunk_size_1"
"CPU_Elastic","COMPUTE","Qcur-9","ROPE","",-1,2,-1,128,16,10,1,81920,0.012917,1,"chunk_size_1"
"CPU_Elastic","COMPUTE","Kcur-9","MUL_MAT","",-1,3,-1,2048,10,1,1,81920,0.869687,1,"chunk_size_1"
"CPU_Elastic","COMPUTE_GRAPH","ggml_cgraph","GRAPH","",-1,4,-1,0,0,0,0,0,0.911823,1,"delegate_cpu_graph"
"CPU_Elastic","COMPUTE","Kcur_normed-9","MUL","",-1,0,-1,2048,10,1,1,81920,0.009896,1,"chunk_size_1"
"CPU_Elastic","COMPUTE","Kcur_normed-9 (reshaped)","RESHAPE","",-1,1,-1,128,16,10,1,81920,0.000625,1,"chunk_size_1"
"CPU_Elastic","COMPUTE","Kcur-9","ROPE","",-1,2,-1,128,16,10,1,81920,0.012135,1,"chunk_size_1"
"CPU_Elastic","COMPUTE","Vcur-9","MUL_MAT","",-1,3,-1,2048,10,1,1,81920,0.808593,1,"chunk_size_1"
"CPU_Elastic","COMPUTE","Vcur-9","RESHAPE","",-1,4,-1,128,16,10,1,81920,0.000573,1,"chunk_size_1"
"CPU_Elastic","COMPUTE","Kcur-9 (view)","VIEW","",-1,5,-1,2048,10,1,1,81920,0.000573,1,"chunk_size_1"
"CPU_Elastic","COMPUTE","cache_k_l9 (view)","SET_ROWS","",-1,6,-1,2048,512,1,1,2097152,0.010469,1,"chunk_size_1"
"CPU_Elastic","COMPUTE","Vcur-9 (view)","VIEW","",-1,7,-1,2048,10,1,1,81920,0.000416,1,"chunk_size_1"
"CPU_Elastic","COMPUTE","cache_v_l9 (view)","SET_ROWS","",-1,8,-1,2048,512,1,1,2097152,0.010104,1,"chunk_size_1"
"CPU_Elastic","COMPUTE","cache_v_l9 (view)","VIEW","",-1,9,-1,128,16,256,1,1048576,0.000677,1,"chunk_size_1"
"CPU_Elastic","COMPUTE","cache_v_l9 (view) (permuted)","PERMUTE","",-1,10,-1,128,256,16,1,1048576,0.000521,1,"chunk_size_1"
"CPU_Elastic","COMPUTE","cache_v_l9 (view) (permuted) (transposed)","TRANSPOSE","",-1,11,-1,256,128,16,1,1048576,0.000416,1,"chunk_size_1"
"CPU_Elastic","COMPUTE","v_cont-9","CONT","",-1,12,-1,256,128,16,1,1048576,0.438385,1,"chunk_size_1"
"CPU_Elastic","COMPUTE","cache_k_l9 (view)","VIEW","",-1,13,-1,128,16,256,1,1048576,0.000625,1,"chunk_size_1"
"CPU_Elastic","COMPUTE","cache_k_l9 (view) (permuted)","PERMUTE","",-1,14,-1,128,256,16,1,1048576,0.000468,1,"chunk_size_1"
"CPU_Elastic","COMPUTE","Qcur-9 (view)","VIEW","",-1,15,-1,128,16,10,1,81920,0.000468,1,"chunk_size_1"
"CPU_Elastic","COMPUTE","Qcur-9 (view) (permuted)","PERMUTE","",-1,16,-1,128,10,16,1,81920,0.000416,1,"chunk_size_1"
"CPU_Elastic","COMPUTE","kq-9","MUL_MAT","",-1,17,-1,256,10,16,1,163840,0.245104,1,"chunk_size_1"
"CPU_Elastic","COMPUTE","kq_soft_max-9","SOFT_MAX","",-1,18,-1,256,10,16,1,163840,0.069635,1,"chunk_size_1"
"CPU_Elastic","COMPUTE","kqv-9","MUL_MAT","",-1,19,-1,128,10,16,1,81920,0.098854,1,"chunk_size_1"
"CPU_Elastic","COMPUTE","kqv-9 (permuted)","PERMUTE","",-1,20,-1,128,16,10,1,81920,0.000521,1,"chunk_size_1"
"CPU_Elastic","COMPUTE","kqv_out-9","CONT","",-1,21,-1,2048,10,1,1,81920,0.007395,1,"chunk_size_1"
"CPU_Elastic","COMPUTE","node_599","MUL_MAT","",-1,22,-1,2048,10,1,1,81920,0.800416,1,"chunk_size_1"
"CPU_Elastic","COMPUTE","ffn_inp-9","ADD","",-1,23,-1,2048,10,1,1,81920,0.011094,1,"chunk_size_1"
"CPU_Elastic","COMPUTE_GRAPH","ggml_cgraph","GRAPH","",-1,24,-1,0,0,0,0,0,2.528379,1,"delegate_cpu_graph"
"CPU_Elastic","COMPUTE","ffn_norm-9","MUL","",-1,0,-1,2048,10,1,1,81920,0.027656,1,"chunk_size_1"
"CPU_Elastic","COMPUTE","ffn_moe_logits-9","MUL_MAT","",-1,1,-1,64,10,1,1,2560,0.037968,1,"chunk_size_1"
"CPU_Elastic","COMPUTE","ffn_moe_probs-9","SOFT_MAX","",-1,2,-1,64,10,1,1,2560,0.005729,1,"chunk_size_1"
"CPU_Elastic","COMPUTE","ffn_moe_probs-9 (reshaped)","RESHAPE","",-1,3,-1,1,64,10,1,2560,0.000573,1,"chunk_size_1"
"CPU_Elastic","COMPUTE","ffn_moe_argsort-9","ARGSORT","",-1,4,-1,64,10,1,1,2560,0.024792,1,"chunk_size_1"
"CPU_Elastic","COMPUTE","ffn_moe_topk-9","VIEW","",-1,5,-1,8,10,1,1,2336,0.000521,1,"chunk_size_1"
"CPU_Elastic","COMPUTE","ffn_moe_weights-9","GET_ROWS","",-1,6,-1,1,8,10,1,320,0.000989,1,"chunk_size_1"
"CPU_Elastic","COMPUTE","ffn_norm-9 (reshaped)","RESHAPE","",-1,7,-1,2048,1,10,1,81920,0.000468,1,"chunk_size_1"
"CPU_Elastic","COMPUTE","ffn_moe_gate-9","MUL_MAT_ID","",-1,8,-1,1024,8,10,1,327680,3.276145,1,"chunk_size_1"
"CPU_Elastic","COMPUTE","ffn_moe_up-9","MUL_MAT_ID","",-1,9,-1,1024,8,10,1,327680,3.267760,1,"chunk_size_1"
"CPU_Elastic","COMPUTE","ffn_moe_weighted-9","GLU","",-1,10,-1,1024,8,10,1,327680,0.042395,1,"chunk_size_1"
"CPU_Elastic","COMPUTE","ffn_moe_down-9","MUL_MAT_ID","",-1,11,-1,2048,8,10,1,655360,3.503385,1,"chunk_size_1"
"CPU_Elastic","COMPUTE","node_614","MUL","",-1,12,-1,2048,8,10,1,655360,0.092083,1,"chunk_size_1"
"CPU_Elastic","COMPUTE"," (view)","VIEW","",-1,13,-1,2048,10,1,1,598016,0.000729,1,"chunk_size_1"
"CPU_Elastic","COMPUTE","node_614 (view)","VIEW","",-1,14,-1,2048,10,1,1,598016,0.000573,1,"chunk_size_1"
"CPU_Elastic","COMPUTE","node_614 (view)","VIEW","",-1,15,-1,2048,10,1,1,598016,0.000469,1,"chunk_size_1"
"CPU_Elastic","COMPUTE","node_614 (view)","VIEW","",-1,16,-1,2048,10,1,1,598016,0.000625,1,"chunk_size_1"
"CPU_Elastic","COMPUTE","node_614 (view)","VIEW","",-1,17,-1,2048,10,1,1,598016,0.000468,1,"chunk_size_1"
"CPU_Elastic","COMPUTE","node_614 (view)","VIEW","",-1,18,-1,2048,10,1,1,598016,0.000521,1,"chunk_size_1"
"CPU_Elastic","COMPUTE","node_614 (view)","VIEW","",-1,19,-1,2048,10,1,1,598016,0.000417,1,"chunk_size_1"
"CPU_Elastic","COMPUTE","node_614 (view)","VIEW","",-1,20,-1,2048,10,1,1,598016,0.000469,1,"chunk_size_1"
"CPU_Elastic","COMPUTE","node_623","ADD","",-1,21,-1,2048,10,1,1,81920,0.006146,1,"chunk_size_1"
"CPU_Elastic","COMPUTE","node_624","ADD","",-1,22,-1,2048,10,1,1,81920,0.028437,1,"chunk_size_1"
"CPU_Elastic","COMPUTE","node_625","ADD","",-1,23,-1,2048,10,1,1,81920,0.027240,1,"chunk_size_1"
"CPU_Elastic","COMPUTE","node_626","ADD","",-1,24,-1,2048,10,1,1,81920,0.038802,1,"chunk_size_1"
"CPU_Elastic","COMPUTE","node_627","ADD","",-1,25,-1,2048,10,1,1,81920,0.026354,1,"chunk_size_1"
"CPU_Elastic","COMPUTE","node_628","ADD","",-1,26,-1,2048,10,1,1,81920,0.029740,1,"chunk_size_1"
"CPU_Elastic","COMPUTE","ffn_moe_out-9","ADD","",-1,27,-1,2048,10,1,1,81920,0.029375,1,"chunk_size_1"
"CPU_Elastic","COMPUTE","l_out-9","ADD","",-1,28,-1,2048,10,1,1,81920,0.011562,1,"chunk_size_1"
"CPU_Elastic","COMPUTE_GRAPH","ggml_cgraph","GRAPH","",-1,29,-1,0,0,0,0,0,10.482391,1,"delegate_cpu_graph"
"CPU_Elastic","COMPUTE","attn_norm-10","MUL","",-1,0,-1,2048,10,1,1,81920,0.027708,1,"chunk_size_1"
"CPU_Elastic","COMPUTE","Qcur-10","MUL_MAT","",-1,1,-1,2048,10,1,1,81920,0.799271,1,"chunk_size_1"
"CPU_Elastic","COMPUTE_GRAPH","ggml_cgraph","GRAPH","",-1,2,-1,0,0,0,0,0,0.826979,1,"delegate_cpu_graph"
"CPU_Elastic","COMPUTE","Qcur_normed-10","MUL","",-1,0,-1,2048,10,1,1,81920,0.028230,1,"chunk_size_1"
"CPU_Elastic","COMPUTE","Qcur_normed-10 (reshaped)","RESHAPE","",-1,1,-1,128,16,10,1,81920,0.000729,1,"chunk_size_1"
"CPU_Elastic","COMPUTE","Qcur-10","ROPE","",-1,2,-1,128,16,10,1,81920,0.012812,1,"chunk_size_1"
"CPU_Elastic","COMPUTE","Kcur-10","MUL_MAT","",-1,3,-1,2048,10,1,1,81920,0.808802,1,"chunk_size_1"
"CPU_Elastic","COMPUTE_GRAPH","ggml_cgraph","GRAPH","",-1,4,-1,0,0,0,0,0,0.850573,1,"delegate_cpu_graph"
"CPU_Elastic","COMPUTE","Kcur_normed-10","MUL","",-1,0,-1,2048,10,1,1,81920,0.027812,1,"chunk_size_1"
"CPU_Elastic","COMPUTE","Kcur_normed-10 (reshaped)","RESHAPE","",-1,1,-1,128,16,10,1,81920,0.000573,1,"chunk_size_1"
"CPU_Elastic","COMPUTE","Kcur-10","ROPE","",-1,2,-1,128,16,10,1,81920,0.013229,1,"chunk_size_1"
"CPU_Elastic","COMPUTE","Vcur-10","MUL_MAT","",-1,3,-1,2048,10,1,1,81920,1.069323,1,"chunk_size_1"
"CPU_Elastic","COMPUTE","Vcur-10","RESHAPE","",-1,4,-1,128,16,10,1,81920,0.000521,1,"chunk_size_1"
"CPU_Elastic","COMPUTE","Kcur-10 (view)","VIEW","",-1,5,-1,2048,10,1,1,81920,0.000469,1,"chunk_size_1"
"CPU_Elastic","COMPUTE","cache_k_l10 (view)","SET_ROWS","",-1,6,-1,2048,512,1,1,2097152,0.010625,1,"chunk_size_1"
"CPU_Elastic","COMPUTE","Vcur-10 (view)","VIEW","",-1,7,-1,2048,10,1,1,81920,0.000417,1,"chunk_size_1"
"CPU_Elastic","COMPUTE","cache_v_l10 (view)","SET_ROWS","",-1,8,-1,2048,512,1,1,2097152,0.010000,1,"chunk_size_1"
"CPU_Elastic","COMPUTE","cache_v_l10 (view)","VIEW","",-1,9,-1,128,16,256,1,1048576,0.000364,1,"chunk_size_1"
"CPU_Elastic","COMPUTE","cache_v_l10 (view) (permuted)","PERMUTE","",-1,10,-1,128,256,16,1,1048576,0.000468,1,"chunk_size_1"
"CPU_Elastic","COMPUTE","cache_v_l10 (view) (permuted) (transposed)","TRANSPOSE","",-1,11,-1,256,128,16,1,1048576,0.000521,1,"chunk_size_1"
"CPU_Elastic","COMPUTE","v_cont-10","CONT","",-1,12,-1,256,128,16,1,1048576,0.439428,1,"chunk_size_1"
"CPU_Elastic","COMPUTE","cache_k_l10 (view)","VIEW","",-1,13,-1,128,16,256,1,1048576,0.000572,1,"chunk_size_1"
"CPU_Elastic","COMPUTE","cache_k_l10 (view) (permuted)","PERMUTE","",-1,14,-1,128,256,16,1,1048576,0.000625,1,"chunk_size_1"
"CPU_Elastic","COMPUTE","Qcur-10 (view)","VIEW","",-1,15,-1,128,16,10,1,81920,0.000416,1,"chunk_size_1"
"CPU_Elastic","COMPUTE","Qcur-10 (view) (permuted)","PERMUTE","",-1,16,-1,128,10,16,1,81920,0.000468,1,"chunk_size_1"
"CPU_Elastic","COMPUTE","kq-10","MUL_MAT","",-1,17,-1,256,10,16,1,163840,0.241719,1,"chunk_size_1"
"CPU_Elastic","COMPUTE","kq_soft_max-10","SOFT_MAX","",-1,18,-1,256,10,16,1,163840,0.067032,1,"chunk_size_1"
"CPU_Elastic","COMPUTE","kqv-10","MUL_MAT","",-1,19,-1,128,10,16,1,81920,0.096667,1,"chunk_size_1"
"CPU_Elastic","COMPUTE","kqv-10 (permuted)","PERMUTE","",-1,20,-1,128,16,10,1,81920,0.000573,1,"chunk_size_1"
"CPU_Elastic","COMPUTE","kqv_out-10","CONT","",-1,21,-1,2048,10,1,1,81920,0.008177,1,"chunk_size_1"
"CPU_Elastic","COMPUTE","node_662","MUL_MAT","",-1,22,-1,2048,10,1,1,81920,0.870000,1,"chunk_size_1"
"CPU_Elastic","COMPUTE","ffn_inp-10","ADD","",-1,23,-1,2048,10,1,1,81920,0.011354,1,"chunk_size_1"
"CPU_Elastic","COMPUTE_GRAPH","ggml_cgraph","GRAPH","",-1,24,-1,0,0,0,0,0,2.871353,1,"delegate_cpu_graph"
"CPU_Elastic","COMPUTE","ffn_norm-10","MUL","",-1,0,-1,2048,10,1,1,81920,0.029895,1,"chunk_size_1"
"CPU_Elastic","COMPUTE","ffn_moe_logits-10","MUL_MAT","",-1,1,-1,64,10,1,1,2560,0.039271,1,"chunk_size_1"
"CPU_Elastic","COMPUTE","ffn_moe_probs-10","SOFT_MAX","",-1,2,-1,64,10,1,1,2560,0.005729,1,"chunk_size_1"
"CPU_Elastic","COMPUTE","ffn_moe_probs-10 (reshaped)","RESHAPE","",-1,3,-1,1,64,10,1,2560,0.000729,1,"chunk_size_1"
"CPU_Elastic","COMPUTE","ffn_moe_argsort-10","ARGSORT","",-1,4,-1,64,10,1,1,2560,0.024635,1,"chunk_size_1"
"CPU_Elastic","COMPUTE","ffn_moe_topk-10","VIEW","",-1,5,-1,8,10,1,1,2336,0.000469,1,"chunk_size_1"
"CPU_Elastic","COMPUTE","ffn_moe_weights-10","GET_ROWS","",-1,6,-1,1,8,10,1,320,0.000833,1,"chunk_size_1"
"CPU_Elastic","COMPUTE","ffn_norm-10 (reshaped)","RESHAPE","",-1,7,-1,2048,1,10,1,81920,0.000469,1,"chunk_size_1"
"CPU_Elastic","COMPUTE","ffn_moe_gate-10","MUL_MAT_ID","",-1,8,-1,1024,8,10,1,327680,3.271666,1,"chunk_size_1"
"CPU_Elastic","COMPUTE","ffn_moe_up-10","MUL_MAT_ID","",-1,9,-1,1024,8,10,1,327680,3.273750,1,"chunk_size_1"
"CPU_Elastic","COMPUTE","ffn_moe_weighted-10","GLU","",-1,10,-1,1024,8,10,1,327680,0.042344,1,"chunk_size_1"
"CPU_Elastic","COMPUTE","ffn_moe_down-10","MUL_MAT_ID","",-1,11,-1,2048,8,10,1,655360,4.721875,1,"chunk_size_1"
"CPU_Elastic","COMPUTE","node_677","MUL","",-1,12,-1,2048,8,10,1,655360,0.091719,1,"chunk_size_1"
"CPU_Elastic","COMPUTE"," (view)","VIEW","",-1,13,-1,2048,10,1,1,598016,0.000677,1,"chunk_size_1"
"CPU_Elastic","COMPUTE","node_677 (view)","VIEW","",-1,14,-1,2048,10,1,1,598016,0.000469,1,"chunk_size_1"
"CPU_Elastic","COMPUTE","node_677 (view)","VIEW","",-1,15,-1,2048,10,1,1,598016,0.000573,1,"chunk_size_1"
"CPU_Elastic","COMPUTE","node_677 (view)","VIEW","",-1,16,-1,2048,10,1,1,598016,0.000469,1,"chunk_size_1"
"CPU_Elastic","COMPUTE","node_677 (view)","VIEW","",-1,17,-1,2048,10,1,1,598016,0.000416,1,"chunk_size_1"
"CPU_Elastic","COMPUTE","node_677 (view)","VIEW","",-1,18,-1,2048,10,1,1,598016,0.000416,1,"chunk_size_1"
"CPU_Elastic","COMPUTE","node_677 (view)","VIEW","",-1,19,-1,2048,10,1,1,598016,0.000469,1,"chunk_size_1"
"CPU_Elastic","COMPUTE","node_677 (view)","VIEW","",-1,20,-1,2048,10,1,1,598016,0.000469,1,"chunk_size_1"
"CPU_Elastic","COMPUTE","node_686","ADD","",-1,21,-1,2048,10,1,1,81920,0.007812,1,"chunk_size_1"
"CPU_Elastic","COMPUTE","node_687","ADD","",-1,22,-1,2048,10,1,1,81920,0.012344,1,"chunk_size_1"
"CPU_Elastic","COMPUTE","node_688","ADD","",-1,23,-1,2048,10,1,1,81920,0.029791,1,"chunk_size_1"
"CPU_Elastic","COMPUTE","node_689","ADD","",-1,24,-1,2048,10,1,1,81920,0.032344,1,"chunk_size_1"
"CPU_Elastic","COMPUTE","node_690","ADD","",-1,25,-1,2048,10,1,1,81920,0.029688,1,"chunk_size_1"
"CPU_Elastic","COMPUTE","node_691","ADD","",-1,26,-1,2048,10,1,1,81920,0.029218,1,"chunk_size_1"
"CPU_Elastic","COMPUTE","ffn_moe_out-10","ADD","",-1,27,-1,2048,10,1,1,81920,0.025781,1,"chunk_size_1"
"CPU_Elastic","COMPUTE","l_out-10","ADD","",-1,28,-1,2048,10,1,1,81920,0.014063,1,"chunk_size_1"
"CPU_Elastic","COMPUTE_GRAPH","ggml_cgraph","GRAPH","",-1,29,-1,0,0,0,0,0,11.688383,1,"delegate_cpu_graph"
"CPU_Elastic","COMPUTE","attn_norm-11","MUL","",-1,0,-1,2048,10,1,1,81920,0.029271,1,"chunk_size_1"
"CPU_Elastic","COMPUTE","Qcur-11","MUL_MAT","",-1,1,-1,2048,10,1,1,81920,0.800989,1,"chunk_size_1"
"CPU_Elastic","COMPUTE_GRAPH","ggml_cgraph","GRAPH","",-1,2,-1,0,0,0,0,0,0.830260,1,"delegate_cpu_graph"
"CPU_Elastic","COMPUTE","Qcur_normed-11","MUL","",-1,0,-1,2048,10,1,1,81920,0.028178,1,"chunk_size_1"
"CPU_Elastic","COMPUTE","Qcur_normed-11 (reshaped)","RESHAPE","",-1,1,-1,128,16,10,1,81920,0.000521,1,"chunk_size_1"
"CPU_Elastic","COMPUTE","Qcur-11","ROPE","",-1,2,-1,128,16,10,1,81920,0.014896,1,"chunk_size_1"
"CPU_Elastic","COMPUTE","Kcur-11","MUL_MAT","",-1,3,-1,2048,10,1,1,81920,0.802187,1,"chunk_size_1"
"CPU_Elastic","COMPUTE_GRAPH","ggml_cgraph","GRAPH","",-1,4,-1,0,0,0,0,0,0.845782,1,"delegate_cpu_graph"
"CPU_Elastic","COMPUTE","Kcur_normed-11","MUL","",-1,0,-1,2048,10,1,1,81920,0.030625,1,"chunk_size_1"
"CPU_Elastic","COMPUTE","Kcur_normed-11 (reshaped)","RESHAPE","",-1,1,-1,128,16,10,1,81920,0.000469,1,"chunk_size_1"
"CPU_Elastic","COMPUTE","Kcur-11","ROPE","",-1,2,-1,128,16,10,1,81920,0.012344,1,"chunk_size_1"
"CPU_Elastic","COMPUTE","Vcur-11","MUL_MAT","",-1,3,-1,2048,10,1,1,81920,0.813646,1,"chunk_size_1"
"CPU_Elastic","COMPUTE","Vcur-11","RESHAPE","",-1,4,-1,128,16,10,1,81920,0.000521,1,"chunk_size_1"
"CPU_Elastic","COMPUTE","Kcur-11 (view)","VIEW","",-1,5,-1,2048,10,1,1,81920,0.000521,1,"chunk_size_1"
"CPU_Elastic","COMPUTE","cache_k_l11 (view)","SET_ROWS","",-1,6,-1,2048,512,1,1,2097152,0.010364,1,"chunk_size_1"
"CPU_Elastic","COMPUTE","Vcur-11 (view)","VIEW","",-1,7,-1,2048,10,1,1,81920,0.000521,1,"chunk_size_1"
"CPU_Elastic","COMPUTE","cache_v_l11 (view)","SET_ROWS","",-1,8,-1,2048,512,1,1,2097152,0.010156,1,"chunk_size_1"
"CPU_Elastic","COMPUTE","cache_v_l11 (view)","VIEW","",-1,9,-1,128,16,256,1,1048576,0.000417,1,"chunk_size_1"
"CPU_Elastic","COMPUTE","cache_v_l11 (view) (permuted)","PERMUTE","",-1,10,-1,128,256,16,1,1048576,0.000521,1,"chunk_size_1"
"CPU_Elastic","COMPUTE","cache_v_l11 (view) (permuted) (transposed)","TRANSPOSE","",-1,11,-1,256,128,16,1,1048576,0.000469,1,"chunk_size_1"
"CPU_Elastic","COMPUTE","v_cont-11","CONT","",-1,12,-1,256,128,16,1,1048576,0.439948,1,"chunk_size_1"
"CPU_Elastic","COMPUTE","cache_k_l11 (view)","VIEW","",-1,13,-1,128,16,256,1,1048576,0.000520,1,"chunk_size_1"
"CPU_Elastic","COMPUTE","cache_k_l11 (view) (permuted)","PERMUTE","",-1,14,-1,128,256,16,1,1048576,0.000417,1,"chunk_size_1"
"CPU_Elastic","COMPUTE","Qcur-11 (view)","VIEW","",-1,15,-1,128,16,10,1,81920,0.000469,1,"chunk_size_1"
"CPU_Elastic","COMPUTE","Qcur-11 (view) (permuted)","PERMUTE","",-1,16,-1,128,10,16,1,81920,0.000417,1,"chunk_size_1"
"CPU_Elastic","COMPUTE","kq-11","MUL_MAT","",-1,17,-1,256,10,16,1,163840,0.238698,1,"chunk_size_1"
"CPU_Elastic","COMPUTE","kq_soft_max-11","SOFT_MAX","",-1,18,-1,256,10,16,1,163840,0.069219,1,"chunk_size_1"
"CPU_Elastic","COMPUTE","kqv-11","MUL_MAT","",-1,19,-1,128,10,16,1,81920,0.095989,1,"chunk_size_1"
"CPU_Elastic","COMPUTE","kqv-11 (permuted)","PERMUTE","",-1,20,-1,128,16,10,1,81920,0.000573,1,"chunk_size_1"
"CPU_Elastic","COMPUTE","kqv_out-11","CONT","",-1,21,-1,2048,10,1,1,81920,0.006771,1,"chunk_size_1"
"CPU_Elastic","COMPUTE","node_725","MUL_MAT","",-1,22,-1,2048,10,1,1,81920,0.806875,1,"chunk_size_1"
"CPU_Elastic","COMPUTE","ffn_inp-11","ADD","",-1,23,-1,2048,10,1,1,81920,0.009115,1,"chunk_size_1"
"CPU_Elastic","COMPUTE_GRAPH","ggml_cgraph","GRAPH","",-1,24,-1,0,0,0,0,0,2.549585,1,"delegate_cpu_graph"
"CPU_Elastic","COMPUTE","ffn_norm-11","MUL","",-1,0,-1,2048,10,1,1,81920,0.028489,1,"chunk_size_1"
"CPU_Elastic","COMPUTE","ffn_moe_logits-11","MUL_MAT","",-1,1,-1,64,10,1,1,2560,0.037813,1,"chunk_size_1"
"CPU_Elastic","COMPUTE","ffn_moe_probs-11","SOFT_MAX","",-1,2,-1,64,10,1,1,2560,0.005417,1,"chunk_size_1"
"CPU_Elastic","COMPUTE","ffn_moe_probs-11 (reshaped)","RESHAPE","",-1,3,-1,1,64,10,1,2560,0.000521,1,"chunk_size_1"
"CPU_Elastic","COMPUTE","ffn_moe_argsort-11","ARGSORT","",-1,4,-1,64,10,1,1,2560,0.023177,1,"chunk_size_1"
"CPU_Elastic","COMPUTE","ffn_moe_topk-11","VIEW","",-1,5,-1,8,10,1,1,2336,0.000573,1,"chunk_size_1"
"CPU_Elastic","COMPUTE","ffn_moe_weights-11","GET_ROWS","",-1,6,-1,1,8,10,1,320,0.000937,1,"chunk_size_1"
"CPU_Elastic","COMPUTE","ffn_norm-11 (reshaped)","RESHAPE","",-1,7,-1,2048,1,10,1,81920,0.000520,1,"chunk_size_1"
"CPU_Elastic","COMPUTE","ffn_moe_gate-11","MUL_MAT_ID","",-1,8,-1,1024,8,10,1,327680,3.309843,1,"chunk_size_1"
"CPU_Elastic","COMPUTE","ffn_moe_up-11","MUL_MAT_ID","",-1,9,-1,1024,8,10,1,327680,3.267865,1,"chunk_size_1"
"CPU_Elastic","COMPUTE","ffn_moe_weighted-11","GLU","",-1,10,-1,1024,8,10,1,327680,0.047084,1,"chunk_size_1"
"CPU_Elastic","COMPUTE","ffn_moe_down-11","MUL_MAT_ID","",-1,11,-1,2048,8,10,1,655360,3.486875,1,"chunk_size_1"
"CPU_Elastic","COMPUTE","node_740","MUL","",-1,12,-1,2048,8,10,1,655360,0.091302,1,"chunk_size_1"
"CPU_Elastic","COMPUTE"," (view)","VIEW","",-1,13,-1,2048,10,1,1,598016,0.000625,1,"chunk_size_1"
"CPU_Elastic","COMPUTE","node_740 (view)","VIEW","",-1,14,-1,2048,10,1,1,598016,0.000469,1,"chunk_size_1"
"CPU_Elastic","COMPUTE","node_740 (view)","VIEW","",-1,15,-1,2048,10,1,1,598016,0.000417,1,"chunk_size_1"
"CPU_Elastic","COMPUTE","node_740 (view)","VIEW","",-1,16,-1,2048,10,1,1,598016,0.000520,1,"chunk_size_1"
"CPU_Elastic","COMPUTE","node_740 (view)","VIEW","",-1,17,-1,2048,10,1,1,598016,0.000416,1,"chunk_size_1"
"CPU_Elastic","COMPUTE","node_740 (view)","VIEW","",-1,18,-1,2048,10,1,1,598016,0.000417,1,"chunk_size_1"
"CPU_Elastic","COMPUTE","node_740 (view)","VIEW","",-1,19,-1,2048,10,1,1,598016,0.000468,1,"chunk_size_1"
"CPU_Elastic","COMPUTE","node_740 (view)","VIEW","",-1,20,-1,2048,10,1,1,598016,0.000468,1,"chunk_size_1"
"CPU_Elastic","COMPUTE","node_749","ADD","",-1,21,-1,2048,10,1,1,81920,0.007865,1,"chunk_size_1"
"CPU_Elastic","COMPUTE","node_750","ADD","",-1,22,-1,2048,10,1,1,81920,0.011823,1,"chunk_size_1"
"CPU_Elastic","COMPUTE","node_751","ADD","",-1,23,-1,2048,10,1,1,81920,0.030052,1,"chunk_size_1"
"CPU_Elastic","COMPUTE","node_752","ADD","",-1,24,-1,2048,10,1,1,81920,0.025990,1,"chunk_size_1"
"CPU_Elastic","COMPUTE","node_753","ADD","",-1,25,-1,2048,10,1,1,81920,0.025625,1,"chunk_size_1"
"CPU_Elastic","COMPUTE","node_754","ADD","",-1,26,-1,2048,10,1,1,81920,0.029688,1,"chunk_size_1"
"CPU_Elastic","COMPUTE","ffn_moe_out-11","ADD","",-1,27,-1,2048,10,1,1,81920,0.025469,1,"chunk_size_1"
"CPU_Elastic","COMPUTE","l_out-11","ADD","",-1,28,-1,2048,10,1,1,81920,0.014427,1,"chunk_size_1"
"CPU_Elastic","COMPUTE_GRAPH","ggml_cgraph","GRAPH","",-1,29,-1,0,0,0,0,0,10.475155,1,"delegate_cpu_graph"
"CPU_Elastic","COMPUTE","attn_norm-12","MUL","",-1,0,-1,2048,10,1,1,81920,0.027760,1,"chunk_size_1"
"CPU_Elastic","COMPUTE","Qcur-12","MUL_MAT","",-1,1,-1,2048,10,1,1,81920,0.799583,1,"chunk_size_1"
"CPU_Elastic","COMPUTE_GRAPH","ggml_cgraph","GRAPH","",-1,2,-1,0,0,0,0,0,0.827343,1,"delegate_cpu_graph"
"CPU_Elastic","COMPUTE","Qcur_normed-12","MUL","",-1,0,-1,2048,10,1,1,81920,0.031197,1,"chunk_size_1"
"CPU_Elastic","COMPUTE","Qcur_normed-12 (reshaped)","RESHAPE","",-1,1,-1,128,16,10,1,81920,0.000521,1,"chunk_size_1"
"CPU_Elastic","COMPUTE","Qcur-12","ROPE","",-1,2,-1,128,16,10,1,81920,0.011771,1,"chunk_size_1"
"CPU_Elastic","COMPUTE","Kcur-12","MUL_MAT","",-1,3,-1,2048,10,1,1,81920,0.798750,1,"chunk_size_1"
"CPU_Elastic","COMPUTE_GRAPH","ggml_cgraph","GRAPH","",-1,4,-1,0,0,0,0,0,0.842239,1,"delegate_cpu_graph"
"CPU_Elastic","COMPUTE","Kcur_normed-12","MUL","",-1,0,-1,2048,10,1,1,81920,0.030781,1,"chunk_size_1"
"CPU_Elastic","COMPUTE","Kcur_normed-12 (reshaped)","RESHAPE","",-1,1,-1,128,16,10,1,81920,0.000521,1,"chunk_size_1"
"CPU_Elastic","COMPUTE","Kcur-12","ROPE","",-1,2,-1,128,16,10,1,81920,0.013073,1,"chunk_size_1"
"CPU_Elastic","COMPUTE","Vcur-12","MUL_MAT","",-1,3,-1,2048,10,1,1,81920,0.811146,1,"chunk_size_1"
"CPU_Elastic","COMPUTE","Vcur-12","RESHAPE","",-1,4,-1,128,16,10,1,81920,0.000625,1,"chunk_size_1"
"CPU_Elastic","COMPUTE","Kcur-12 (view)","VIEW","",-1,5,-1,2048,10,1,1,81920,0.000469,1,"chunk_size_1"
"CPU_Elastic","COMPUTE","cache_k_l12 (view)","SET_ROWS","",-1,6,-1,2048,512,1,1,2097152,0.010260,1,"chunk_size_1"
"CPU_Elastic","COMPUTE","Vcur-12 (view)","VIEW","",-1,7,-1,2048,10,1,1,81920,0.000469,1,"chunk_size_1"
"CPU_Elastic","COMPUTE","cache_v_l12 (view)","SET_ROWS","",-1,8,-1,2048,512,1,1,2097152,0.010000,1,"chunk_size_1"
"CPU_Elastic","COMPUTE","cache_v_l12 (view)","VIEW","",-1,9,-1,128,16,256,1,1048576,0.000417,1,"chunk_size_1"
"CPU_Elastic","COMPUTE","cache_v_l12 (view) (permuted)","PERMUTE","",-1,10,-1,128,256,16,1,1048576,0.000521,1,"chunk_size_1"
"CPU_Elastic","COMPUTE","cache_v_l12 (view) (permuted) (transposed)","TRANSPOSE","",-1,11,-1,256,128,16,1,1048576,0.000417,1,"chunk_size_1"
"CPU_Elastic","COMPUTE","v_cont-12","CONT","",-1,12,-1,256,128,16,1,1048576,0.441145,1,"chunk_size_1"
"CPU_Elastic","COMPUTE","cache_k_l12 (view)","VIEW","",-1,13,-1,128,16,256,1,1048576,0.000417,1,"chunk_size_1"
"CPU_Elastic","COMPUTE","cache_k_l12 (view) (permuted)","PERMUTE","",-1,14,-1,128,256,16,1,1048576,0.000416,1,"chunk_size_1"
"CPU_Elastic","COMPUTE","Qcur-12 (view)","VIEW","",-1,15,-1,128,16,10,1,81920,0.000417,1,"chunk_size_1"
"CPU_Elastic","COMPUTE","Qcur-12 (view) (permuted)","PERMUTE","",-1,16,-1,128,10,16,1,81920,0.000469,1,"chunk_size_1"
"CPU_Elastic","COMPUTE","kq-12","MUL_MAT","",-1,17,-1,256,10,16,1,163840,0.242813,1,"chunk_size_1"
"CPU_Elastic","COMPUTE","kq_soft_max-12","SOFT_MAX","",-1,18,-1,256,10,16,1,163840,0.066667,1,"chunk_size_1"
"CPU_Elastic","COMPUTE","kqv-12","MUL_MAT","",-1,19,-1,128,10,16,1,81920,0.094948,1,"chunk_size_1"
"CPU_Elastic","COMPUTE","kqv-12 (permuted)","PERMUTE","",-1,20,-1,128,16,10,1,81920,0.000677,1,"chunk_size_1"
"CPU_Elastic","COMPUTE","kqv_out-12","CONT","",-1,21,-1,2048,10,1,1,81920,0.007969,1,"chunk_size_1"
"CPU_Elastic","COMPUTE","node_788","MUL_MAT","",-1,22,-1,2048,10,1,1,81920,0.800625,1,"chunk_size_1"
"CPU_Elastic","COMPUTE","ffn_inp-12","ADD","",-1,23,-1,2048,10,1,1,81920,0.009740,1,"chunk_size_1"
"CPU_Elastic","COMPUTE_GRAPH","ggml_cgraph","GRAPH","",-1,24,-1,0,0,0,0,0,2.545002,1,"delegate_cpu_graph"
"CPU_Elastic","COMPUTE","ffn_norm-12","MUL","",-1,0,-1,2048,10,1,1,81920,0.027708,1,"chunk_size_1"
"CPU_Elastic","COMPUTE","ffn_moe_logits-12","MUL_MAT","",-1,1,-1,64,10,1,1,2560,0.037969,1,"chunk_size_1"
"CPU_Elastic","COMPUTE","ffn_moe_probs-12","SOFT_MAX","",-1,2,-1,64,10,1,1,2560,0.005729,1,"chunk_size_1"
"CPU_Elastic","COMPUTE","ffn_moe_probs-12 (reshaped)","RESHAPE","",-1,3,-1,1,64,10,1,2560,0.000521,1,"chunk_size_1"
"CPU_Elastic","COMPUTE","ffn_moe_argsort-12","ARGSORT","",-1,4,-1,64,10,1,1,2560,0.026093,1,"chunk_size_1"
"CPU_Elastic","COMPUTE","ffn_moe_topk-12","VIEW","",-1,5,-1,8,10,1,1,2336,0.000625,1,"chunk_size_1"
"CPU_Elastic","COMPUTE","ffn_moe_weights-12","GET_ROWS","",-1,6,-1,1,8,10,1,320,0.000833,1,"chunk_size_1"
"CPU_Elastic","COMPUTE","ffn_norm-12 (reshaped)","RESHAPE","",-1,7,-1,2048,1,10,1,81920,0.000416,1,"chunk_size_1"
"CPU_Elastic","COMPUTE","ffn_moe_gate-12","MUL_MAT_ID","",-1,8,-1,1024,8,10,1,327680,3.261354,1,"chunk_size_1"
"CPU_Elastic","COMPUTE","ffn_moe_up-12","MUL_MAT_ID","",-1,9,-1,1024,8,10,1,327680,3.276146,1,"chunk_size_1"
"CPU_Elastic","COMPUTE","ffn_moe_weighted-12","GLU","",-1,10,-1,1024,8,10,1,327680,0.044427,1,"chunk_size_1"
"CPU_Elastic","COMPUTE","ffn_moe_down-12","MUL_MAT_ID","",-1,11,-1,2048,8,10,1,655360,3.466719,1,"chunk_size_1"
"CPU_Elastic","COMPUTE","node_803","MUL","",-1,12,-1,2048,8,10,1,655360,0.091718,1,"chunk_size_1"
"CPU_Elastic","COMPUTE"," (view)","VIEW","",-1,13,-1,2048,10,1,1,598016,0.000885,1,"chunk_size_1"
"CPU_Elastic","COMPUTE","node_803 (view)","VIEW","",-1,14,-1,2048,10,1,1,598016,0.000469,1,"chunk_size_1"
"CPU_Elastic","COMPUTE","node_803 (view)","VIEW","",-1,15,-1,2048,10,1,1,598016,0.000469,1,"chunk_size_1"
"CPU_Elastic","COMPUTE","node_803 (view)","VIEW","",-1,16,-1,2048,10,1,1,598016,0.000469,1,"chunk_size_1"
"CPU_Elastic","COMPUTE","node_803 (view)","VIEW","",-1,17,-1,2048,10,1,1,598016,0.000469,1,"chunk_size_1"
"CPU_Elastic","COMPUTE","node_803 (view)","VIEW","",-1,18,-1,2048,10,1,1,598016,0.000469,1,"chunk_size_1"
"CPU_Elastic","COMPUTE","node_803 (view)","VIEW","",-1,19,-1,2048,10,1,1,598016,0.000417,1,"chunk_size_1"
"CPU_Elastic","COMPUTE","node_803 (view)","VIEW","",-1,20,-1,2048,10,1,1,598016,0.000468,1,"chunk_size_1"
"CPU_Elastic","COMPUTE","node_812","ADD","",-1,21,-1,2048,10,1,1,81920,0.006406,1,"chunk_size_1"
"CPU_Elastic","COMPUTE","node_813","ADD","",-1,22,-1,2048,10,1,1,81920,0.011927,1,"chunk_size_1"
"CPU_Elastic","COMPUTE","node_814","ADD","",-1,23,-1,2048,10,1,1,81920,0.008906,1,"chunk_size_1"
"CPU_Elastic","COMPUTE","node_815","ADD","",-1,24,-1,2048,10,1,1,81920,0.025781,1,"chunk_size_1"
"CPU_Elastic","COMPUTE","node_816","ADD","",-1,25,-1,2048,10,1,1,81920,0.030260,1,"chunk_size_1"
"CPU_Elastic","COMPUTE","node_817","ADD","",-1,26,-1,2048,10,1,1,81920,0.029792,1,"chunk_size_1"
"CPU_Elastic","COMPUTE","ffn_moe_out-12","ADD","",-1,27,-1,2048,10,1,1,81920,0.026303,1,"chunk_size_1"
"CPU_Elastic","COMPUTE","l_out-12","ADD","",-1,28,-1,2048,10,1,1,81920,0.012239,1,"chunk_size_1"
"CPU_Elastic","COMPUTE_GRAPH","ggml_cgraph","GRAPH","",-1,29,-1,0,0,0,0,0,10.395987,1,"delegate_cpu_graph"
"CPU_Elastic","COMPUTE","attn_norm-13","MUL","",-1,0,-1,2048,10,1,1,81920,0.027917,1,"chunk_size_1"
"CPU_Elastic","COMPUTE","Qcur-13","MUL_MAT","",-1,1,-1,2048,10,1,1,81920,0.800312,1,"chunk_size_1"
"CPU_Elastic","COMPUTE_GRAPH","ggml_cgraph","GRAPH","",-1,2,-1,0,0,0,0,0,0.828229,1,"delegate_cpu_graph"
"CPU_Elastic","COMPUTE","Qcur_normed-13","MUL","",-1,0,-1,2048,10,1,1,81920,0.034375,1,"chunk_size_1"
"CPU_Elastic","COMPUTE","Qcur_normed-13 (reshaped)","RESHAPE","",-1,1,-1,128,16,10,1,81920,0.000521,1,"chunk_size_1"
"CPU_Elastic","COMPUTE","Qcur-13","ROPE","",-1,2,-1,128,16,10,1,81920,0.012292,1,"chunk_size_1"
"CPU_Elastic","COMPUTE","Kcur-13","MUL_MAT","",-1,3,-1,2048,10,1,1,81920,0.813490,1,"chunk_size_1"
"CPU_Elastic","COMPUTE_GRAPH","ggml_cgraph","GRAPH","",-1,4,-1,0,0,0,0,0,0.860678,1,"delegate_cpu_graph"
"CPU_Elastic","COMPUTE","Kcur_normed-13","MUL","",-1,0,-1,2048,10,1,1,81920,0.030729,1,"chunk_size_1"
"CPU_Elastic","COMPUTE","Kcur_normed-13 (reshaped)","RESHAPE","",-1,1,-1,128,16,10,1,81920,0.000521,1,"chunk_size_1"
"CPU_Elastic","COMPUTE","Kcur-13","ROPE","",-1,2,-1,128,16,10,1,81920,0.012188,1,"chunk_size_1"
"CPU_Elastic","COMPUTE","Vcur-13","MUL_MAT","",-1,3,-1,2048,10,1,1,81920,1.067604,1,"chunk_size_1"
"CPU_Elastic","COMPUTE","Vcur-13","RESHAPE","",-1,4,-1,128,16,10,1,81920,0.000625,1,"chunk_size_1"
"CPU_Elastic","COMPUTE","Kcur-13 (view)","VIEW","",-1,5,-1,2048,10,1,1,81920,0.000572,1,"chunk_size_1"
"CPU_Elastic","COMPUTE","cache_k_l13 (view)","SET_ROWS","",-1,6,-1,2048,512,1,1,2097152,0.010365,1,"chunk_size_1"
"CPU_Elastic","COMPUTE","Vcur-13 (view)","VIEW","",-1,7,-1,2048,10,1,1,81920,0.000416,1,"chunk_size_1"
"CPU_Elastic","COMPUTE","cache_v_l13 (view)","SET_ROWS","",-1,8,-1,2048,512,1,1,2097152,0.010104,1,"chunk_size_1"
"CPU_Elastic","COMPUTE","cache_v_l13 (view)","VIEW","",-1,9,-1,128,16,256,1,1048576,0.000468,1,"chunk_size_1"
"CPU_Elastic","COMPUTE","cache_v_l13 (view) (permuted)","PERMUTE","",-1,10,-1,128,256,16,1,1048576,0.000469,1,"chunk_size_1"
"CPU_Elastic","COMPUTE","cache_v_l13 (view) (permuted) (transposed)","TRANSPOSE","",-1,11,-1,256,128,16,1,1048576,0.000469,1,"chunk_size_1"
"CPU_Elastic","COMPUTE","v_cont-13","CONT","",-1,12,-1,256,128,16,1,1048576,0.440729,1,"chunk_size_1"
"CPU_Elastic","COMPUTE","cache_k_l13 (view)","VIEW","",-1,13,-1,128,16,256,1,1048576,0.000625,1,"chunk_size_1"
"CPU_Elastic","COMPUTE","cache_k_l13 (view) (permuted)","PERMUTE","",-1,14,-1,128,256,16,1,1048576,0.000417,1,"chunk_size_1"
"CPU_Elastic","COMPUTE","Qcur-13 (view)","VIEW","",-1,15,-1,128,16,10,1,81920,0.000417,1,"chunk_size_1"
"CPU_Elastic","COMPUTE","Qcur-13 (view) (permuted)","PERMUTE","",-1,16,-1,128,10,16,1,81920,0.000417,1,"chunk_size_1"
"CPU_Elastic","COMPUTE","kq-13","MUL_MAT","",-1,17,-1,256,10,16,1,163840,0.243698,1,"chunk_size_1"
"CPU_Elastic","COMPUTE","kq_soft_max-13","SOFT_MAX","",-1,18,-1,256,10,16,1,163840,0.066875,1,"chunk_size_1"
"CPU_Elastic","COMPUTE","kqv-13","MUL_MAT","",-1,19,-1,128,10,16,1,81920,0.094844,1,"chunk_size_1"
"CPU_Elastic","COMPUTE","kqv-13 (permuted)","PERMUTE","",-1,20,-1,128,16,10,1,81920,0.000521,1,"chunk_size_1"
"CPU_Elastic","COMPUTE","kqv_out-13","CONT","",-1,21,-1,2048,10,1,1,81920,0.005833,1,"chunk_size_1"
"CPU_Elastic","COMPUTE","node_851","MUL_MAT","",-1,22,-1,2048,10,1,1,81920,0.800052,1,"chunk_size_1"
"CPU_Elastic","COMPUTE","ffn_inp-13","ADD","",-1,23,-1,2048,10,1,1,81920,0.011771,1,"chunk_size_1"
"CPU_Elastic","COMPUTE_GRAPH","ggml_cgraph","GRAPH","",-1,24,-1,0,0,0,0,0,2.800729,1,"delegate_cpu_graph"
"CPU_Elastic","COMPUTE","ffn_norm-13","MUL","",-1,0,-1,2048,10,1,1,81920,0.030261,1,"chunk_size_1"
"CPU_Elastic","COMPUTE","ffn_moe_logits-13","MUL_MAT","",-1,1,-1,64,10,1,1,2560,0.037969,1,"chunk_size_1"
"CPU_Elastic","COMPUTE","ffn_moe_probs-13","SOFT_MAX","",-1,2,-1,64,10,1,1,2560,0.005937,1,"chunk_size_1"
"CPU_Elastic","COMPUTE","ffn_moe_probs-13 (reshaped)","RESHAPE","",-1,3,-1,1,64,10,1,2560,0.000573,1,"chunk_size_1"
"CPU_Elastic","COMPUTE","ffn_moe_argsort-13","ARGSORT","",-1,4,-1,64,10,1,1,2560,0.049583,1,"chunk_size_1"
"CPU_Elastic","COMPUTE","ffn_moe_topk-13","VIEW","",-1,5,-1,8,10,1,1,2336,0.000521,1,"chunk_size_1"
"CPU_Elastic","COMPUTE","ffn_moe_weights-13","GET_ROWS","",-1,6,-1,1,8,10,1,320,0.001042,1,"chunk_size_1"
"CPU_Elastic","COMPUTE","ffn_norm-13 (reshaped)","RESHAPE","",-1,7,-1,2048,1,10,1,81920,0.000468,1,"chunk_size_1"
"CPU_Elastic","COMPUTE","ffn_moe_gate-13","MUL_MAT_ID","",-1,8,-1,1024,8,10,1,327680,3.257761,1,"chunk_size_1"
"CPU_Elastic","COMPUTE","ffn_moe_up-13","MUL_MAT_ID","",-1,9,-1,1024,8,10,1,327680,3.270260,1,"chunk_size_1"
"CPU_Elastic","COMPUTE","ffn_moe_weighted-13","GLU","",-1,10,-1,1024,8,10,1,327680,0.044479,1,"chunk_size_1"
"CPU_Elastic","COMPUTE","ffn_moe_down-13","MUL_MAT_ID","",-1,11,-1,2048,8,10,1,655360,4.695052,1,"chunk_size_1"
"CPU_Elastic","COMPUTE","node_866","MUL","",-1,12,-1,2048,8,10,1,655360,0.091458,1,"chunk_size_1"
"CPU_Elastic","COMPUTE"," (view)","VIEW","",-1,13,-1,2048,10,1,1,598016,0.000781,1,"chunk_size_1"
"CPU_Elastic","COMPUTE","node_866 (view)","VIEW","",-1,14,-1,2048,10,1,1,598016,0.000729,1,"chunk_size_1"
"CPU_Elastic","COMPUTE","node_866 (view)","VIEW","",-1,15,-1,2048,10,1,1,598016,0.000417,1,"chunk_size_1"
"CPU_Elastic","COMPUTE","node_866 (view)","VIEW","",-1,16,-1,2048,10,1,1,598016,0.000468,1,"chunk_size_1"
"CPU_Elastic","COMPUTE","node_866 (view)","VIEW","",-1,17,-1,2048,10,1,1,598016,0.000417,1,"chunk_size_1"
"CPU_Elastic","COMPUTE","node_866 (view)","VIEW","",-1,18,-1,2048,10,1,1,598016,0.000521,1,"chunk_size_1"
"CPU_Elastic","COMPUTE","node_866 (view)","VIEW","",-1,19,-1,2048,10,1,1,598016,0.000417,1,"chunk_size_1"
"CPU_Elastic","COMPUTE","node_866 (view)","VIEW","",-1,20,-1,2048,10,1,1,598016,0.000468,1,"chunk_size_1"
"CPU_Elastic","COMPUTE","node_875","ADD","",-1,21,-1,2048,10,1,1,81920,0.005677,1,"chunk_size_1"
"CPU_Elastic","COMPUTE","node_876","ADD","",-1,22,-1,2048,10,1,1,81920,0.030156,1,"chunk_size_1"
"CPU_Elastic","COMPUTE","node_877","ADD","",-1,23,-1,2048,10,1,1,81920,0.029844,1,"chunk_size_1"
"CPU_Elastic","COMPUTE","node_878","ADD","",-1,24,-1,2048,10,1,1,81920,0.027031,1,"chunk_size_1"
"CPU_Elastic","COMPUTE","node_879","ADD","",-1,25,-1,2048,10,1,1,81920,0.027240,1,"chunk_size_1"
"CPU_Elastic","COMPUTE","node_880","ADD","",-1,26,-1,2048,10,1,1,81920,0.029687,1,"chunk_size_1"
"CPU_Elastic","COMPUTE","ffn_moe_out-13","ADD","",-1,27,-1,2048,10,1,1,81920,0.026406,1,"chunk_size_1"
"CPU_Elastic","COMPUTE","l_out-13","ADD","",-1,28,-1,2048,10,1,1,81920,0.011771,1,"chunk_size_1"
"CPU_Elastic","COMPUTE_GRAPH","ggml_cgraph","GRAPH","",-1,29,-1,0,0,0,0,0,11.677394,1,"delegate_cpu_graph"
"CPU_Elastic","COMPUTE","attn_norm-14","MUL","",-1,0,-1,2048,10,1,1,81920,0.031354,1,"chunk_size_1"
"CPU_Elastic","COMPUTE","Qcur-14","MUL_MAT","",-1,1,-1,2048,10,1,1,81920,0.797917,1,"chunk_size_1"
"CPU_Elastic","COMPUTE_GRAPH","ggml_cgraph","GRAPH","",-1,2,-1,0,0,0,0,0,0.829271,1,"delegate_cpu_graph"
"CPU_Elastic","COMPUTE","Qcur_normed-14","MUL","",-1,0,-1,2048,10,1,1,81920,0.027813,1,"chunk_size_1"
"CPU_Elastic","COMPUTE","Qcur_normed-14 (reshaped)","RESHAPE","",-1,1,-1,128,16,10,1,81920,0.000678,1,"chunk_size_1"
"CPU_Elastic","COMPUTE","Qcur-14","ROPE","",-1,2,-1,128,16,10,1,81920,0.013907,1,"chunk_size_1"
"CPU_Elastic","COMPUTE","Kcur-14","MUL_MAT","",-1,3,-1,2048,10,1,1,81920,0.798906,1,"chunk_size_1"
"CPU_Elastic","COMPUTE_GRAPH","ggml_cgraph","GRAPH","",-1,4,-1,0,0,0,0,0,0.841304,1,"delegate_cpu_graph"
"CPU_Elastic","COMPUTE","Kcur_normed-14","MUL","",-1,0,-1,2048,10,1,1,81920,0.028593,1,"chunk_size_1"
"CPU_Elastic","COMPUTE","Kcur_normed-14 (reshaped)","RESHAPE","",-1,1,-1,128,16,10,1,81920,0.000521,1,"chunk_size_1"
"CPU_Elastic","COMPUTE","Kcur-14","ROPE","",-1,2,-1,128,16,10,1,81920,0.012604,1,"chunk_size_1"
"CPU_Elastic","COMPUTE","Vcur-14","MUL_MAT","",-1,3,-1,2048,10,1,1,81920,1.069792,1,"chunk_size_1"
"CPU_Elastic","COMPUTE","Vcur-14","RESHAPE","",-1,4,-1,128,16,10,1,81920,0.000521,1,"chunk_size_1"
"CPU_Elastic","COMPUTE","Kcur-14 (view)","VIEW","",-1,5,-1,2048,10,1,1,81920,0.000469,1,"chunk_size_1"
"CPU_Elastic","COMPUTE","cache_k_l14 (view)","SET_ROWS","",-1,6,-1,2048,512,1,1,2097152,0.010417,1,"chunk_size_1"
"CPU_Elastic","COMPUTE","Vcur-14 (view)","VIEW","",-1,7,-1,2048,10,1,1,81920,0.000521,1,"chunk_size_1"
"CPU_Elastic","COMPUTE","cache_v_l14 (view)","SET_ROWS","",-1,8,-1,2048,512,1,1,2097152,0.010052,1,"chunk_size_1"
"CPU_Elastic","COMPUTE","cache_v_l14 (view)","VIEW","",-1,9,-1,128,16,256,1,1048576,0.000469,1,"chunk_size_1"
"CPU_Elastic","COMPUTE","cache_v_l14 (view) (permuted)","PERMUTE","",-1,10,-1,128,256,16,1,1048576,0.000521,1,"chunk_size_1"
"CPU_Elastic","COMPUTE","cache_v_l14 (view) (permuted) (transposed)","TRANSPOSE","",-1,11,-1,256,128,16,1,1048576,0.000520,1,"chunk_size_1"
"CPU_Elastic","COMPUTE","v_cont-14","CONT","",-1,12,-1,256,128,16,1,1048576,1.729427,1,"chunk_size_1"
"CPU_Elastic","COMPUTE","cache_k_l14 (view)","VIEW","",-1,13,-1,128,16,256,1,1048576,0.000521,1,"chunk_size_1"
"CPU_Elastic","COMPUTE","cache_k_l14 (view) (permuted)","PERMUTE","",-1,14,-1,128,256,16,1,1048576,0.000573,1,"chunk_size_1"
"CPU_Elastic","COMPUTE","Qcur-14 (view)","VIEW","",-1,15,-1,128,16,10,1,81920,0.000468,1,"chunk_size_1"
"CPU_Elastic","COMPUTE","Qcur-14 (view) (permuted)","PERMUTE","",-1,16,-1,128,10,16,1,81920,0.000417,1,"chunk_size_1"
"CPU_Elastic","COMPUTE","kq-14","MUL_MAT","",-1,17,-1,256,10,16,1,163840,0.247187,1,"chunk_size_1"
"CPU_Elastic","COMPUTE","kq_soft_max-14","SOFT_MAX","",-1,18,-1,256,10,16,1,163840,0.068125,1,"chunk_size_1"
"CPU_Elastic","COMPUTE","kqv-14","MUL_MAT","",-1,19,-1,128,10,16,1,81920,0.099636,1,"chunk_size_1"
"CPU_Elastic","COMPUTE","kqv-14 (permuted)","PERMUTE","",-1,20,-1,128,16,10,1,81920,0.000625,1,"chunk_size_1"
"CPU_Elastic","COMPUTE","kqv_out-14","CONT","",-1,21,-1,2048,10,1,1,81920,0.007344,1,"chunk_size_1"
"CPU_Elastic","COMPUTE","node_914","MUL_MAT","",-1,22,-1,2048,10,1,1,81920,0.809479,1,"chunk_size_1"
"CPU_Elastic","COMPUTE","ffn_inp-14","ADD","",-1,23,-1,2048,10,1,1,81920,0.009427,1,"chunk_size_1"
"CPU_Elastic","COMPUTE_GRAPH","ggml_cgraph","GRAPH","",-1,24,-1,0,0,0,0,0,4.108229,1,"delegate_cpu_graph"
"CPU_Elastic","COMPUTE","ffn_norm-14","MUL","",-1,0,-1,2048,10,1,1,81920,0.030937,1,"chunk_size_1"
"CPU_Elastic","COMPUTE","ffn_moe_logits-14","MUL_MAT","",-1,1,-1,64,10,1,1,2560,0.040000,1,"chunk_size_1"
"CPU_Elastic","COMPUTE","ffn_moe_probs-14","SOFT_MAX","",-1,2,-1,64,10,1,1,2560,0.026355,1,"chunk_size_1"
"CPU_Elastic","COMPUTE","ffn_moe_probs-14 (reshaped)","RESHAPE","",-1,3,-1,1,64,10,1,2560,0.001094,1,"chunk_size_1"
"CPU_Elastic","COMPUTE","ffn_moe_argsort-14","ARGSORT","",-1,4,-1,64,10,1,1,2560,0.023541,1,"chunk_size_1"
"CPU_Elastic","COMPUTE","ffn_moe_topk-14","VIEW","",-1,5,-1,8,10,1,1,2336,0.000520,1,"chunk_size_1"
"CPU_Elastic","COMPUTE","ffn_moe_weights-14","GET_ROWS","",-1,6,-1,1,8,10,1,320,0.000938,1,"chunk_size_1"
"CPU_Elastic","COMPUTE","ffn_norm-14 (reshaped)","RESHAPE","",-1,7,-1,2048,1,10,1,81920,0.000521,1,"chunk_size_1"
"CPU_Elastic","COMPUTE","ffn_moe_gate-14","MUL_MAT_ID","",-1,8,-1,1024,8,10,1,327680,3.264687,1,"chunk_size_1"
"CPU_Elastic","COMPUTE","ffn_moe_up-14","MUL_MAT_ID","",-1,9,-1,1024,8,10,1,327680,3.292604,1,"chunk_size_1"
"CPU_Elastic","COMPUTE","ffn_moe_weighted-14","GLU","",-1,10,-1,1024,8,10,1,327680,0.045365,1,"chunk_size_1"
"CPU_Elastic","COMPUTE","ffn_moe_down-14","MUL_MAT_ID","",-1,11,-1,2048,8,10,1,655360,4.723854,1,"chunk_size_1"
"CPU_Elastic","COMPUTE","node_929","MUL","",-1,12,-1,2048,8,10,1,655360,0.091145,1,"chunk_size_1"
"CPU_Elastic","COMPUTE"," (view)","VIEW","",-1,13,-1,2048,10,1,1,598016,0.000729,1,"chunk_size_1"
"CPU_Elastic","COMPUTE","node_929 (view)","VIEW","",-1,14,-1,2048,10,1,1,598016,0.000417,1,"chunk_size_1"
"CPU_Elastic","COMPUTE","node_929 (view)","VIEW","",-1,15,-1,2048,10,1,1,598016,0.000520,1,"chunk_size_1"
"CPU_Elastic","COMPUTE","node_929 (view)","VIEW","",-1,16,-1,2048,10,1,1,598016,0.000469,1,"chunk_size_1"
"CPU_Elastic","COMPUTE","node_929 (view)","VIEW","",-1,17,-1,2048,10,1,1,598016,0.000417,1,"chunk_size_1"
"CPU_Elastic","COMPUTE","node_929 (view)","VIEW","",-1,18,-1,2048,10,1,1,598016,0.000417,1,"chunk_size_1"
"CPU_Elastic","COMPUTE","node_929 (view)","VIEW","",-1,19,-1,2048,10,1,1,598016,0.000417,1,"chunk_size_1"
"CPU_Elastic","COMPUTE","node_929 (view)","VIEW","",-1,20,-1,2048,10,1,1,598016,0.000469,1,"chunk_size_1"
"CPU_Elastic","COMPUTE","node_938","ADD","",-1,21,-1,2048,10,1,1,81920,0.007813,1,"chunk_size_1"
"CPU_Elastic","COMPUTE","node_939","ADD","",-1,22,-1,2048,10,1,1,81920,0.012188,1,"chunk_size_1"
"CPU_Elastic","COMPUTE","node_940","ADD","",-1,23,-1,2048,10,1,1,81920,0.030417,1,"chunk_size_1"
"CPU_Elastic","COMPUTE","node_941","ADD","",-1,24,-1,2048,10,1,1,81920,0.029688,1,"chunk_size_1"
"CPU_Elastic","COMPUTE","node_942","ADD","",-1,25,-1,2048,10,1,1,81920,0.026302,1,"chunk_size_1"
"CPU_Elastic","COMPUTE","node_943","ADD","",-1,26,-1,2048,10,1,1,81920,0.025261,1,"chunk_size_1"
"CPU_Elastic","COMPUTE","ffn_moe_out-14","ADD","",-1,27,-1,2048,10,1,1,81920,0.029115,1,"chunk_size_1"
"CPU_Elastic","COMPUTE","l_out-14","ADD","",-1,28,-1,2048,10,1,1,81920,0.012136,1,"chunk_size_1"
"CPU_Elastic","COMPUTE_GRAPH","ggml_cgraph","GRAPH","",-1,29,-1,0,0,0,0,0,11.718336,1,"delegate_cpu_graph"
"CPU_Elastic","COMPUTE","attn_norm-15","MUL","",-1,0,-1,2048,10,1,1,81920,0.030729,1,"chunk_size_1"
"CPU_Elastic","COMPUTE","Qcur-15","MUL_MAT","",-1,1,-1,2048,10,1,1,81920,0.817708,1,"chunk_size_1"
"CPU_Elastic","COMPUTE_GRAPH","ggml_cgraph","GRAPH","",-1,2,-1,0,0,0,0,0,0.848437,1,"delegate_cpu_graph"
"CPU_Elastic","COMPUTE","Qcur_normed-15","MUL","",-1,0,-1,2048,10,1,1,81920,0.028177,1,"chunk_size_1"
"CPU_Elastic","COMPUTE","Qcur_normed-15 (reshaped)","RESHAPE","",-1,1,-1,128,16,10,1,81920,0.000573,1,"chunk_size_1"
"CPU_Elastic","COMPUTE","Qcur-15","ROPE","",-1,2,-1,128,16,10,1,81920,0.014739,1,"chunk_size_1"
"CPU_Elastic","COMPUTE","Kcur-15","MUL_MAT","",-1,3,-1,2048,10,1,1,81920,0.799375,1,"chunk_size_1"
"CPU_Elastic","COMPUTE_GRAPH","ggml_cgraph","GRAPH","",-1,4,-1,0,0,0,0,0,0.842864,1,"delegate_cpu_graph"
"CPU_Elastic","COMPUTE","Kcur_normed-15","MUL","",-1,0,-1,2048,10,1,1,81920,0.030468,1,"chunk_size_1"
"CPU_Elastic","COMPUTE","Kcur_normed-15 (reshaped)","RESHAPE","",-1,1,-1,128,16,10,1,81920,0.000573,1,"chunk_size_1"
"CPU_Elastic","COMPUTE","Kcur-15","ROPE","",-1,2,-1,128,16,10,1,81920,0.013281,1,"chunk_size_1"
"CPU_Elastic","COMPUTE","Vcur-15","MUL_MAT","",-1,3,-1,2048,10,1,1,81920,1.066250,1,"chunk_size_1"
"CPU_Elastic","COMPUTE","Vcur-15","RESHAPE","",-1,4,-1,128,16,10,1,81920,0.000520,1,"chunk_size_1"
"CPU_Elastic","COMPUTE","Kcur-15 (view)","VIEW","",-1,5,-1,2048,10,1,1,81920,0.000417,1,"chunk_size_1"
"CPU_Elastic","COMPUTE","cache_k_l15 (view)","SET_ROWS","",-1,6,-1,2048,512,1,1,2097152,0.010364,1,"chunk_size_1"
"CPU_Elastic","COMPUTE","Vcur-15 (view)","VIEW","",-1,7,-1,2048,10,1,1,81920,0.000572,1,"chunk_size_1"
"CPU_Elastic","COMPUTE","cache_v_l15 (view)","SET_ROWS","",-1,8,-1,2048,512,1,1,2097152,0.010157,1,"chunk_size_1"
"CPU_Elastic","COMPUTE","cache_v_l15 (view)","VIEW","",-1,9,-1,128,16,256,1,1048576,0.000364,1,"chunk_size_1"
"CPU_Elastic","COMPUTE","cache_v_l15 (view) (permuted)","PERMUTE","",-1,10,-1,128,256,16,1,1048576,0.000416,1,"chunk_size_1"
"CPU_Elastic","COMPUTE","cache_v_l15 (view) (permuted) (transposed)","TRANSPOSE","",-1,11,-1,256,128,16,1,1048576,0.000521,1,"chunk_size_1"
"CPU_Elastic","COMPUTE","v_cont-15","CONT","",-1,12,-1,256,128,16,1,1048576,0.456510,1,"chunk_size_1"
"CPU_Elastic","COMPUTE","cache_k_l15 (view)","VIEW","",-1,13,-1,128,16,256,1,1048576,0.000521,1,"chunk_size_1"
"CPU_Elastic","COMPUTE","cache_k_l15 (view) (permuted)","PERMUTE","",-1,14,-1,128,256,16,1,1048576,0.000416,1,"chunk_size_1"
"CPU_Elastic","COMPUTE","Qcur-15 (view)","VIEW","",-1,15,-1,128,16,10,1,81920,0.000469,1,"chunk_size_1"
"CPU_Elastic","COMPUTE","Qcur-15 (view) (permuted)","PERMUTE","",-1,16,-1,128,10,16,1,81920,0.000417,1,"chunk_size_1"
"CPU_Elastic","COMPUTE","kq-15","MUL_MAT","",-1,17,-1,256,10,16,1,163840,0.247552,1,"chunk_size_1"
"CPU_Elastic","COMPUTE","kq_soft_max-15","SOFT_MAX","",-1,18,-1,256,10,16,1,163840,0.066354,1,"chunk_size_1"
"CPU_Elastic","COMPUTE","kqv-15","MUL_MAT","",-1,19,-1,128,10,16,1,81920,0.099219,1,"chunk_size_1"
"CPU_Elastic","COMPUTE","kqv-15 (permuted)","PERMUTE","",-1,20,-1,128,16,10,1,81920,0.000521,1,"chunk_size_1"
"CPU_Elastic","COMPUTE","kqv_out-15","CONT","",-1,21,-1,2048,10,1,1,81920,0.005833,1,"chunk_size_1"
"CPU_Elastic","COMPUTE","node_977","MUL_MAT","",-1,22,-1,2048,10,1,1,81920,0.821145,1,"chunk_size_1"
"CPU_Elastic","COMPUTE","node_978","GET_ROWS","",-1,23,-1,2048,1,1,1,8192,0.001198,1,"chunk_size_1"
"CPU_Elastic","COMPUTE","node_979","GET_ROWS","",-1,24,-1,2048,1,1,1,8192,0.000886,1,"chunk_size_1"
"CPU_Elastic","COMPUTE","ffn_inp-15","ADD","",-1,25,-1,2048,1,1,1,8192,0.003698,1,"chunk_size_1"
"CPU_Elastic","COMPUTE_GRAPH","ggml_cgraph","GRAPH","",-1,26,-1,0,0,0,0,0,2.838642,1,"delegate_cpu_graph"
"CPU_Elastic","COMPUTE","ffn_norm-15","MUL","",-1,0,-1,2048,1,1,1,8192,0.005208,1,"chunk_size_1"
"CPU_Elastic","COMPUTE","ffn_moe_logits-15","MUL_MAT","",-1,1,-1,64,1,1,1,256,0.017187,1,"chunk_size_1"
"CPU_Elastic","COMPUTE","ffn_moe_probs-15","SOFT_MAX","",-1,2,-1,64,1,1,1,256,0.001094,1,"chunk_size_1"
"CPU_Elastic","COMPUTE","ffn_moe_probs-15 (reshaped)","RESHAPE","",-1,3,-1,1,64,1,1,256,0.000520,1,"chunk_size_1"
"CPU_Elastic","COMPUTE","ffn_moe_argsort-15","ARGSORT","",-1,4,-1,64,1,1,1,256,0.013594,1,"chunk_size_1"
"CPU_Elastic","COMPUTE","ffn_moe_topk-15","VIEW","",-1,5,-1,8,1,1,1,32,0.000521,1,"chunk_size_1"
"CPU_Elastic","COMPUTE","ffn_moe_weights-15","GET_ROWS","",-1,6,-1,1,8,1,1,32,0.000677,1,"chunk_size_1"
"CPU_Elastic","COMPUTE","ffn_norm-15 (reshaped)","RESHAPE","",-1,7,-1,2048,1,1,1,8192,0.000417,1,"chunk_size_1"
"CPU_Elastic","COMPUTE","ffn_moe_gate-15","MUL_MAT_ID","",-1,8,-1,1024,8,1,1,32768,0.347448,1,"chunk_size_1"
"CPU_Elastic","COMPUTE","ffn_moe_up-15","MUL_MAT_ID","",-1,9,-1,1024,8,1,1,32768,0.363334,1,"chunk_size_1"
"CPU_Elastic","COMPUTE","ffn_moe_weighted-15","GLU","",-1,10,-1,1024,8,1,1,32768,0.007396,1,"chunk_size_1"
"CPU_Elastic","COMPUTE","ffn_moe_down-15","MUL_MAT_ID","",-1,11,-1,2048,8,1,1,65536,0.506719,1,"chunk_size_1"
"CPU_Elastic","COMPUTE","node_994","MUL","",-1,12,-1,2048,8,1,1,65536,0.030833,1,"chunk_size_1"
"CPU_Elastic","COMPUTE"," (view)","VIEW","",-1,13,-1,2048,1,1,1,8192,0.000573,1,"chunk_size_1"
"CPU_Elastic","COMPUTE","node_994 (view)","VIEW","",-1,14,-1,2048,1,1,1,8192,0.000521,1,"chunk_size_1"
"CPU_Elastic","COMPUTE","node_994 (view)","VIEW","",-1,15,-1,2048,1,1,1,8192,0.000417,1,"chunk_size_1"
"CPU_Elastic","COMPUTE","node_994 (view)","VIEW","",-1,16,-1,2048,1,1,1,8192,0.000417,1,"chunk_size_1"
"CPU_Elastic","COMPUTE","node_994 (view)","VIEW","",-1,17,-1,2048,1,1,1,8192,0.000365,1,"chunk_size_1"
"CPU_Elastic","COMPUTE","node_994 (view)","VIEW","",-1,18,-1,2048,1,1,1,8192,0.000521,1,"chunk_size_1"
"CPU_Elastic","COMPUTE","node_994 (view)","VIEW","",-1,19,-1,2048,1,1,1,8192,0.000365,1,"chunk_size_1"
"CPU_Elastic","COMPUTE","node_994 (view)","VIEW","",-1,20,-1,2048,1,1,1,8192,0.000364,1,"chunk_size_1"
"CPU_Elastic","COMPUTE","node_1003","ADD","",-1,21,-1,2048,1,1,1,8192,0.005313,1,"chunk_size_1"
"CPU_Elastic","COMPUTE","node_1004","ADD","",-1,22,-1,2048,1,1,1,8192,0.005260,1,"chunk_size_1"
"CPU_Elastic","COMPUTE","node_1005","ADD","",-1,23,-1,2048,1,1,1,8192,0.004479,1,"chunk_size_1"
"CPU_Elastic","COMPUTE","node_1006","ADD","",-1,24,-1,2048,1,1,1,8192,0.004896,1,"chunk_size_1"
"CPU_Elastic","COMPUTE","node_1007","ADD","",-1,25,-1,2048,1,1,1,8192,0.005781,1,"chunk_size_1"
"CPU_Elastic","COMPUTE","node_1008","ADD","",-1,26,-1,2048,1,1,1,8192,0.003855,1,"chunk_size_1"
"CPU_Elastic","COMPUTE","ffn_moe_out-15","ADD","",-1,27,-1,2048,1,1,1,8192,0.004427,1,"chunk_size_1"
"CPU_Elastic","COMPUTE","l_out-15","ADD","",-1,28,-1,2048,1,1,1,8192,0.005417,1,"chunk_size_1"
"CPU_Elastic","COMPUTE","norm","RMS_NORM","",-1,29,-1,2048,1,1,1,8192,0.007448,1,"chunk_size_1"
"CPU_Elastic","COMPUTE","result_norm","MUL","",-1,30,-1,2048,1,1,1,8192,0.006563,1,"chunk_size_1"
"CPU_Elastic","COMPUTE","result_output","MUL_MAT","",-1,31,-1,50304,1,1,1,201216,3.078646,1,"chunk_size_1"
"CPU_Elastic","COMPUTE_GRAPH","ggml_cgraph","GRAPH","",-1,32,-1,0,0,0,0,0,4.430576,1,"delegate_cpu_graph"
"CPU_Elastic","COMPUTE","inp_embd","GET_ROWS","",-1,0,-1,2048,1,1,1,8192,0.001980,1,"chunk_size_1"
"CPU_Elastic","COMPUTE_GRAPH","ggml_cgraph","GRAPH","",-1,1,-1,0,0,0,0,0,0.001980,1,"delegate_cpu_graph"
"CPU_Elastic","COMPUTE","attn_norm-0","MUL","",-1,0,-1,2048,1,1,1,8192,0.005834,1,"chunk_size_1"
"CPU_Elastic","COMPUTE","Qcur-0","MUL_MAT","",-1,1,-1,2048,1,1,1,8192,0.107240,1,"chunk_size_1"
"CPU_Elastic","COMPUTE_GRAPH","ggml_cgraph","GRAPH","",-1,2,-1,0,0,0,0,0,0.113074,1,"delegate_cpu_graph"
"CPU_Elastic","COMPUTE","Qcur_normed-0","MUL","",-1,0,-1,2048,1,1,1,8192,0.006302,1,"chunk_size_1"
"CPU_Elastic","COMPUTE","Qcur_normed-0 (reshaped)","RESHAPE","",-1,1,-1,128,16,1,1,8192,0.000677,1,"chunk_size_1"
"CPU_Elastic","COMPUTE","Qcur-0","ROPE","",-1,2,-1,128,16,1,1,8192,0.006927,1,"chunk_size_1"
"CPU_Elastic","COMPUTE","Kcur-0","MUL_MAT","",-1,3,-1,2048,1,1,1,8192,0.244531,1,"chunk_size_1"
"CPU_Elastic","COMPUTE_GRAPH","ggml_cgraph","GRAPH","",-1,4,-1,0,0,0,0,0,0.258437,1,"delegate_cpu_graph"
"CPU_Elastic","COMPUTE","Kcur_normed-0","MUL","",-1,0,-1,2048,1,1,1,8192,0.005625,1,"chunk_size_1"
"CPU_Elastic","COMPUTE","Kcur_normed-0 (reshaped)","RESHAPE","",-1,1,-1,128,16,1,1,8192,0.000625,1,"chunk_size_1"
"CPU_Elastic","COMPUTE","Kcur-0","ROPE","",-1,2,-1,128,16,1,1,8192,0.005312,1,"chunk_size_1"
"CPU_Elastic","COMPUTE","Vcur-0","MUL_MAT","",-1,3,-1,2048,1,1,1,8192,0.118021,1,"chunk_size_1"
"CPU_Elastic","COMPUTE","Vcur-0","RESHAPE","",-1,4,-1,128,16,1,1,8192,0.000573,1,"chunk_size_1"
"CPU_Elastic","COMPUTE","Kcur-0 (view)","VIEW","",-1,5,-1,2048,1,1,1,8192,0.000469,1,"chunk_size_1"
"CPU_Elastic","COMPUTE","cache_k_l0 (view)","SET_ROWS","",-1,6,-1,2048,512,1,1,2097152,0.002032,1,"chunk_size_1"
"CPU_Elastic","COMPUTE","Vcur-0 (view)","VIEW","",-1,7,-1,2048,1,1,1,8192,0.000469,1,"chunk_size_1"
"CPU_Elastic","COMPUTE","cache_v_l0 (view)","SET_ROWS","",-1,8,-1,2048,512,1,1,2097152,0.001562,1,"chunk_size_1"
"CPU_Elastic","COMPUTE","cache_v_l0 (view)","VIEW","",-1,9,-1,128,16,256,1,1048576,0.000417,1,"chunk_size_1"
"CPU_Elastic","COMPUTE","cache_v_l0 (view) (permuted)","PERMUTE","",-1,10,-1,128,256,16,1,1048576,0.000520,1,"chunk_size_1"
"CPU_Elastic","COMPUTE","cache_v_l0 (view) (permuted) (transposed)","TRANSPOSE","",-1,11,-1,256,128,16,1,1048576,0.000521,1,"chunk_size_1"
"CPU_Elastic","COMPUTE","v_cont-0","CONT","",-1,12,-1,256,128,16,1,1048576,0.457396,1,"chunk_size_1"
"CPU_Elastic","COMPUTE","cache_k_l0 (view)","VIEW","",-1,13,-1,128,16,256,1,1048576,0.000521,1,"chunk_size_1"
"CPU_Elastic","COMPUTE","cache_k_l0 (view) (permuted)","PERMUTE","",-1,14,-1,128,256,16,1,1048576,0.000625,1,"chunk_size_1"
"CPU_Elastic","COMPUTE","Qcur-0 (view)","VIEW","",-1,15,-1,128,16,1,1,8192,0.000416,1,"chunk_size_1"
"CPU_Elastic","COMPUTE","Qcur-0 (view) (permuted)","PERMUTE","",-1,16,-1,128,1,16,1,8192,0.000417,1,"chunk_size_1"
"CPU_Elastic","COMPUTE","kq-0","MUL_MAT","",-1,17,-1,256,1,16,1,16384,0.063646,1,"chunk_size_1"
"CPU_Elastic","COMPUTE","kq_soft_max-0","SOFT_MAX","",-1,18,-1,256,1,16,1,16384,0.036250,1,"chunk_size_1"
"CPU_Elastic","COMPUTE","kqv-0","MUL_MAT","",-1,19,-1,128,1,16,1,8192,0.042136,1,"chunk_size_1"
"CPU_Elastic","COMPUTE","kqv-0 (permuted)","PERMUTE","",-1,20,-1,128,16,1,1,8192,0.000417,1,"chunk_size_1"
"CPU_Elastic","COMPUTE","kqv_out-0","CONT","",-1,21,-1,2048,1,1,1,8192,0.005209,1,"chunk_size_1"
"CPU_Elastic","COMPUTE","node_32","MUL_MAT","",-1,22,-1,2048,1,1,1,8192,0.110261,1,"chunk_size_1"
"CPU_Elastic","COMPUTE","ffn_inp-0","ADD","",-1,23,-1,2048,1,1,1,8192,0.003594,1,"chunk_size_1"
"CPU_Elastic","COMPUTE_GRAPH","ggml_cgraph","GRAPH","",-1,24,-1,0,0,0,0,0,0.857034,1,"delegate_cpu_graph"
"CPU_Elastic","COMPUTE","ffn_norm-0","MUL","",-1,0,-1,2048,1,1,1,8192,0.005573,1,"chunk_size_1"
"CPU_Elastic","COMPUTE","ffn_moe_logits-0","MUL_MAT","",-1,1,-1,64,1,1,1,256,0.013333,1,"chunk_size_1"
"CPU_Elastic","COMPUTE","ffn_moe_probs-0","SOFT_MAX","",-1,2,-1,64,1,1,1,256,0.001094,1,"chunk_size_1"
"CPU_Elastic","COMPUTE","ffn_moe_probs-0 (reshaped)","RESHAPE","",-1,3,-1,1,64,1,1,256,0.000573,1,"chunk_size_1"
"CPU_Elastic","COMPUTE","ffn_moe_argsort-0","ARGSORT","",-1,4,-1,64,1,1,1,256,0.011615,1,"chunk_size_1"
"CPU_Elastic","COMPUTE","ffn_moe_topk-0","VIEW","",-1,5,-1,8,1,1,1,32,0.000573,1,"chunk_size_1"
"CPU_Elastic","COMPUTE","ffn_moe_weights-0","GET_ROWS","",-1,6,-1,1,8,1,1,32,0.000521,1,"chunk_size_1"
"CPU_Elastic","COMPUTE","ffn_norm-0 (reshaped)","RESHAPE","",-1,7,-1,2048,1,1,1,8192,0.000520,1,"chunk_size_1"
"CPU_Elastic","COMPUTE","ffn_moe_gate-0","MUL_MAT_ID","",-1,8,-1,1024,8,1,1,32768,0.340833,1,"chunk_size_1"
"CPU_Elastic","COMPUTE","ffn_moe_up-0","MUL_MAT_ID","",-1,9,-1,1024,8,1,1,32768,0.359584,1,"chunk_size_1"
"CPU_Elastic","COMPUTE","ffn_moe_weighted-0","GLU","",-1,10,-1,1024,8,1,1,32768,0.007500,1,"chunk_size_1"
"CPU_Elastic","COMPUTE","ffn_moe_down-0","MUL_MAT_ID","",-1,11,-1,2048,8,1,1,65536,0.493854,1,"chunk_size_1"
"CPU_Elastic","COMPUTE","node_47","MUL","",-1,12,-1,2048,8,1,1,65536,0.031771,1,"chunk_size_1"
"CPU_Elastic","COMPUTE"," (view)","VIEW","",-1,13,-1,2048,1,1,1,8192,0.000521,1,"chunk_size_1"
"CPU_Elastic","COMPUTE","node_47 (view)","VIEW","",-1,14,-1,2048,1,1,1,8192,0.000469,1,"chunk_size_1"
"CPU_Elastic","COMPUTE","node_47 (view)","VIEW","",-1,15,-1,2048,1,1,1,8192,0.000521,1,"chunk_size_1"
"CPU_Elastic","COMPUTE","node_47 (view)","VIEW","",-1,16,-1,2048,1,1,1,8192,0.000417,1,"chunk_size_1"
"CPU_Elastic","COMPUTE","node_47 (view)","VIEW","",-1,17,-1,2048,1,1,1,8192,0.000417,1,"chunk_size_1"
"CPU_Elastic","COMPUTE","node_47 (view)","VIEW","",-1,18,-1,2048,1,1,1,8192,0.000469,1,"chunk_size_1"
"CPU_Elastic","COMPUTE","node_47 (view)","VIEW","",-1,19,-1,2048,1,1,1,8192,0.000520,1,"chunk_size_1"
"CPU_Elastic","COMPUTE","node_47 (view)","VIEW","",-1,20,-1,2048,1,1,1,8192,0.000469,1,"chunk_size_1"
"CPU_Elastic","COMPUTE","node_56","ADD","",-1,21,-1,2048,1,1,1,8192,0.003802,1,"chunk_size_1"
"CPU_Elastic","COMPUTE","node_57","ADD","",-1,22,-1,2048,1,1,1,8192,0.005157,1,"chunk_size_1"
"CPU_Elastic","COMPUTE","node_58","ADD","",-1,23,-1,2048,1,1,1,8192,0.003802,1,"chunk_size_1"
"CPU_Elastic","COMPUTE","node_59","ADD","",-1,24,-1,2048,1,1,1,8192,0.004323,1,"chunk_size_1"
"CPU_Elastic","COMPUTE","node_60","ADD","",-1,25,-1,2048,1,1,1,8192,0.005104,1,"chunk_size_1"
"CPU_Elastic","COMPUTE","node_61","ADD","",-1,26,-1,2048,1,1,1,8192,0.004479,1,"chunk_size_1"
"CPU_Elastic","COMPUTE","ffn_moe_out-0","ADD","",-1,27,-1,2048,1,1,1,8192,0.004896,1,"chunk_size_1"
"CPU_Elastic","COMPUTE","l_out-0","ADD","",-1,28,-1,2048,1,1,1,8192,0.005260,1,"chunk_size_1"
"CPU_Elastic","COMPUTE_GRAPH","ggml_cgraph","GRAPH","",-1,29,-1,0,0,0,0,0,1.307970,1,"delegate_cpu_graph"
"CPU_Elastic","COMPUTE","attn_norm-1","MUL","",-1,0,-1,2048,1,1,1,8192,0.005521,1,"chunk_size_1"
"CPU_Elastic","COMPUTE","Qcur-1","MUL_MAT","",-1,1,-1,2048,1,1,1,8192,0.106927,1,"chunk_size_1"
"CPU_Elastic","COMPUTE_GRAPH","ggml_cgraph","GRAPH","",-1,2,-1,0,0,0,0,0,0.112448,1,"delegate_cpu_graph"
"CPU_Elastic","COMPUTE","Qcur_normed-1","MUL","",-1,0,-1,2048,1,1,1,8192,0.005156,1,"chunk_size_1"
"CPU_Elastic","COMPUTE","Qcur_normed-1 (reshaped)","RESHAPE","",-1,1,-1,128,16,1,1,8192,0.000521,1,"chunk_size_1"
"CPU_Elastic","COMPUTE","Qcur-1","ROPE","",-1,2,-1,128,16,1,1,8192,0.006719,1,"chunk_size_1"
"CPU_Elastic","COMPUTE","Kcur-1","MUL_MAT","",-1,3,-1,2048,1,1,1,8192,0.094583,1,"chunk_size_1"
"CPU_Elastic","COMPUTE_GRAPH","ggml_cgraph","GRAPH","",-1,4,-1,0,0,0,0,0,0.106979,1,"delegate_cpu_graph"
"CPU_Elastic","COMPUTE","Kcur_normed-1","MUL","",-1,0,-1,2048,1,1,1,8192,0.005469,1,"chunk_size_1"
"CPU_Elastic","COMPUTE","Kcur_normed-1 (reshaped)","RESHAPE","",-1,1,-1,128,16,1,1,8192,0.000625,1,"chunk_size_1"
"CPU_Elastic","COMPUTE","Kcur-1","ROPE","",-1,2,-1,128,16,1,1,8192,0.005521,1,"chunk_size_1"
"CPU_Elastic","COMPUTE","Vcur-1","MUL_MAT","",-1,3,-1,2048,1,1,1,8192,0.133698,1,"chunk_size_1"
"CPU_Elastic","COMPUTE","Vcur-1","RESHAPE","",-1,4,-1,128,16,1,1,8192,0.000521,1,"chunk_size_1"
"CPU_Elastic","COMPUTE","Kcur-1 (view)","VIEW","",-1,5,-1,2048,1,1,1,8192,0.000469,1,"chunk_size_1"
"CPU_Elastic","COMPUTE","cache_k_l1 (view)","SET_ROWS","",-1,6,-1,2048,512,1,1,2097152,0.002188,1,"chunk_size_1"
"CPU_Elastic","COMPUTE","Vcur-1 (view)","VIEW","",-1,7,-1,2048,1,1,1,8192,0.000469,1,"chunk_size_1"
"CPU_Elastic","COMPUTE","cache_v_l1 (view)","SET_ROWS","",-1,8,-1,2048,512,1,1,2097152,0.001614,1,"chunk_size_1"
"CPU_Elastic","COMPUTE","cache_v_l1 (view)","VIEW","",-1,9,-1,128,16,256,1,1048576,0.000469,1,"chunk_size_1"
"CPU_Elastic","COMPUTE","cache_v_l1 (view) (permuted)","PERMUTE","",-1,10,-1,128,256,16,1,1048576,0.000416,1,"chunk_size_1"
"CPU_Elastic","COMPUTE","cache_v_l1 (view) (permuted) (transposed)","TRANSPOSE","",-1,11,-1,256,128,16,1,1048576,0.000521,1,"chunk_size_1"
"CPU_Elastic","COMPUTE","v_cont-1","CONT","",-1,12,-1,256,128,16,1,1048576,0.458282,1,"chunk_size_1"
"CPU_Elastic","COMPUTE","cache_k_l1 (view)","VIEW","",-1,13,-1,128,16,256,1,1048576,0.000573,1,"chunk_size_1"
"CPU_Elastic","COMPUTE","cache_k_l1 (view) (permuted)","PERMUTE","",-1,14,-1,128,256,16,1,1048576,0.000469,1,"chunk_size_1"
"CPU_Elastic","COMPUTE","Qcur-1 (view)","VIEW","",-1,15,-1,128,16,1,1,8192,0.000521,1,"chunk_size_1"
"CPU_Elastic","COMPUTE","Qcur-1 (view) (permuted)","PERMUTE","",-1,16,-1,128,1,16,1,8192,0.000416,1,"chunk_size_1"
"CPU_Elastic","COMPUTE","kq-1","MUL_MAT","",-1,17,-1,256,1,16,1,16384,0.059428,1,"chunk_size_1"
"CPU_Elastic","COMPUTE","kq_soft_max-1","SOFT_MAX","",-1,18,-1,256,1,16,1,16384,0.017500,1,"chunk_size_1"
"CPU_Elastic","COMPUTE","kqv-1","MUL_MAT","",-1,19,-1,128,1,16,1,8192,0.040938,1,"chunk_size_1"
"CPU_Elastic","COMPUTE","kqv-1 (permuted)","PERMUTE","",-1,20,-1,128,16,1,1,8192,0.000468,1,"chunk_size_1"
"CPU_Elastic","COMPUTE","kqv_out-1","CONT","",-1,21,-1,2048,1,1,1,8192,0.005156,1,"chunk_size_1"
"CPU_Elastic","COMPUTE","node_95","MUL_MAT","",-1,22,-1,2048,1,1,1,8192,0.104583,1,"chunk_size_1"
"CPU_Elastic","COMPUTE","ffn_inp-1","ADD","",-1,23,-1,2048,1,1,1,8192,0.005208,1,"chunk_size_1"
"CPU_Elastic","COMPUTE_GRAPH","ggml_cgraph","GRAPH","",-1,24,-1,0,0,0,0,0,0.845522,1,"delegate_cpu_graph"
"CPU_Elastic","COMPUTE","ffn_norm-1","MUL","",-1,0,-1,2048,1,1,1,8192,0.006042,1,"chunk_size_1"
"CPU_Elastic","COMPUTE","ffn_moe_logits-1","MUL_MAT","",-1,1,-1,64,1,1,1,256,0.014739,1,"chunk_size_1"
"CPU_Elastic","COMPUTE","ffn_moe_probs-1","SOFT_MAX","",-1,2,-1,64,1,1,1,256,0.000937,1,"chunk_size_1"
"CPU_Elastic","COMPUTE","ffn_moe_probs-1 (reshaped)","RESHAPE","",-1,3,-1,1,64,1,1,256,0.000520,1,"chunk_size_1"
"CPU_Elastic","COMPUTE","ffn_moe_argsort-1","ARGSORT","",-1,4,-1,64,1,1,1,256,0.011458,1,"chunk_size_1"
"CPU_Elastic","COMPUTE","ffn_moe_topk-1","VIEW","",-1,5,-1,8,1,1,1,32,0.000469,1,"chunk_size_1"
"CPU_Elastic","COMPUTE","ffn_moe_weights-1","GET_ROWS","",-1,6,-1,1,8,1,1,32,0.000572,1,"chunk_size_1"
"CPU_Elastic","COMPUTE","ffn_norm-1 (reshaped)","RESHAPE","",-1,7,-1,2048,1,1,1,8192,0.000416,1,"chunk_size_1"
"CPU_Elastic","COMPUTE","ffn_moe_gate-1","MUL_MAT_ID","",-1,8,-1,1024,8,1,1,32768,0.340937,1,"chunk_size_1"
"CPU_Elastic","COMPUTE","ffn_moe_up-1","MUL_MAT_ID","",-1,9,-1,1024,8,1,1,32768,0.359635,1,"chunk_size_1"
"CPU_Elastic","COMPUTE","ffn_moe_weighted-1","GLU","",-1,10,-1,1024,8,1,1,32768,0.007812,1,"chunk_size_1"
"CPU_Elastic","COMPUTE","ffn_moe_down-1","MUL_MAT_ID","",-1,11,-1,2048,8,1,1,65536,0.490989,1,"chunk_size_1"
"CPU_Elastic","COMPUTE","node_110","MUL","",-1,12,-1,2048,8,1,1,65536,0.031406,1,"chunk_size_1"
"CPU_Elastic","COMPUTE"," (view)","VIEW","",-1,13,-1,2048,1,1,1,8192,0.000573,1,"chunk_size_1"
"CPU_Elastic","COMPUTE","node_110 (view)","VIEW","",-1,14,-1,2048,1,1,1,8192,0.000469,1,"chunk_size_1"
"CPU_Elastic","COMPUTE","node_110 (view)","VIEW","",-1,15,-1,2048,1,1,1,8192,0.000938,1,"chunk_size_1"
"CPU_Elastic","COMPUTE","node_110 (view)","VIEW","",-1,16,-1,2048,1,1,1,8192,0.000469,1,"chunk_size_1"
"CPU_Elastic","COMPUTE","node_110 (view)","VIEW","",-1,17,-1,2048,1,1,1,8192,0.000416,1,"chunk_size_1"
"CPU_Elastic","COMPUTE","node_110 (view)","VIEW","",-1,18,-1,2048,1,1,1,8192,0.000417,1,"chunk_size_1"
"CPU_Elastic","COMPUTE","node_110 (view)","VIEW","",-1,19,-1,2048,1,1,1,8192,0.000416,1,"chunk_size_1"
"CPU_Elastic","COMPUTE","node_110 (view)","VIEW","",-1,20,-1,2048,1,1,1,8192,0.000521,1,"chunk_size_1"
"CPU_Elastic","COMPUTE","node_119","ADD","",-1,21,-1,2048,1,1,1,8192,0.005157,1,"chunk_size_1"
"CPU_Elastic","COMPUTE","node_120","ADD","",-1,22,-1,2048,1,1,1,8192,0.004479,1,"chunk_size_1"
"CPU_Elastic","COMPUTE","node_121","ADD","",-1,23,-1,2048,1,1,1,8192,0.003490,1,"chunk_size_1"
"CPU_Elastic","COMPUTE","node_122","ADD","",-1,24,-1,2048,1,1,1,8192,0.005156,1,"chunk_size_1"
"CPU_Elastic","COMPUTE","node_123","ADD","",-1,25,-1,2048,1,1,1,8192,0.004479,1,"chunk_size_1"
"CPU_Elastic","COMPUTE","node_124","ADD","",-1,26,-1,2048,1,1,1,8192,0.004687,1,"chunk_size_1"
"CPU_Elastic","COMPUTE","ffn_moe_out-1","ADD","",-1,27,-1,2048,1,1,1,8192,0.005729,1,"chunk_size_1"
"CPU_Elastic","COMPUTE","l_out-1","ADD","",-1,28,-1,2048,1,1,1,8192,0.003698,1,"chunk_size_1"
"CPU_Elastic","COMPUTE_GRAPH","ggml_cgraph","GRAPH","",-1,29,-1,0,0,0,0,0,1.307026,1,"delegate_cpu_graph"
"CPU_Elastic","COMPUTE","attn_norm-2","MUL","",-1,0,-1,2048,1,1,1,8192,0.005261,1,"chunk_size_1"
"CPU_Elastic","COMPUTE","Qcur-2","MUL_MAT","",-1,1,-1,2048,1,1,1,8192,0.094531,1,"chunk_size_1"
"CPU_Elastic","COMPUTE_GRAPH","ggml_cgraph","GRAPH","",-1,2,-1,0,0,0,0,0,0.099792,1,"delegate_cpu_graph"
"CPU_Elastic","COMPUTE","Qcur_normed-2","MUL","",-1,0,-1,2048,1,1,1,8192,0.006510,1,"chunk_size_1"
"CPU_Elastic","COMPUTE","Qcur_normed-2 (reshaped)","RESHAPE","",-1,1,-1,128,16,1,1,8192,0.000573,1,"chunk_size_1"
"CPU_Elastic","COMPUTE","Qcur-2","ROPE","",-1,2,-1,128,16,1,1,8192,0.004843,1,"chunk_size_1"
"CPU_Elastic","COMPUTE","Kcur-2","MUL_MAT","",-1,3,-1,2048,1,1,1,8192,0.095000,1,"chunk_size_1"
"CPU_Elastic","COMPUTE_GRAPH","ggml_cgraph","GRAPH","",-1,4,-1,0,0,0,0,0,0.106926,1,"delegate_cpu_graph"
"CPU_Elastic","COMPUTE","Kcur_normed-2","MUL","",-1,0,-1,2048,1,1,1,8192,0.004740,1,"chunk_size_1"
"CPU_Elastic","COMPUTE","Kcur_normed-2 (reshaped)","RESHAPE","",-1,1,-1,128,16,1,1,8192,0.000521,1,"chunk_size_1"
"CPU_Elastic","COMPUTE","Kcur-2","ROPE","",-1,2,-1,128,16,1,1,8192,0.004532,1,"chunk_size_1"
"CPU_Elastic","COMPUTE","Vcur-2","MUL_MAT","",-1,3,-1,2048,1,1,1,8192,0.092396,1,"chunk_size_1"
"CPU_Elastic","COMPUTE","Vcur-2","RESHAPE","",-1,4,-1,128,16,1,1,8192,0.000573,1,"chunk_size_1"
"CPU_Elastic","COMPUTE","Kcur-2 (view)","VIEW","",-1,5,-1,2048,1,1,1,8192,0.000364,1,"chunk_size_1"
"CPU_Elastic","COMPUTE","cache_k_l2 (view)","SET_ROWS","",-1,6,-1,2048,512,1,1,2097152,0.001667,1,"chunk_size_1"
"CPU_Elastic","COMPUTE","Vcur-2 (view)","VIEW","",-1,7,-1,2048,1,1,1,8192,0.000416,1,"chunk_size_1"
"CPU_Elastic","COMPUTE","cache_v_l2 (view)","SET_ROWS","",-1,8,-1,2048,512,1,1,2097152,0.001771,1,"chunk_size_1"
"CPU_Elastic","COMPUTE","cache_v_l2 (view)","VIEW","",-1,9,-1,128,16,256,1,1048576,0.000469,1,"chunk_size_1"
"CPU_Elastic","COMPUTE","cache_v_l2 (view) (permuted)","PERMUTE","",-1,10,-1,128,256,16,1,1048576,0.000417,1,"chunk_size_1"
"CPU_Elastic","COMPUTE","cache_v_l2 (view) (permuted) (transposed)","TRANSPOSE","",-1,11,-1,256,128,16,1,1048576,0.000417,1,"chunk_size_1"
"CPU_Elastic","COMPUTE","v_cont-2","CONT","",-1,12,-1,256,128,16,1,1048576,0.454218,1,"chunk_size_1"
"CPU_Elastic","COMPUTE","cache_k_l2 (view)","VIEW","",-1,13,-1,128,16,256,1,1048576,0.000469,1,"chunk_size_1"
"CPU_Elastic","COMPUTE","cache_k_l2 (view) (permuted)","PERMUTE","",-1,14,-1,128,256,16,1,1048576,0.000417,1,"chunk_size_1"
"CPU_Elastic","COMPUTE","Qcur-2 (view)","VIEW","",-1,15,-1,128,16,1,1,8192,0.000416,1,"chunk_size_1"
"CPU_Elastic","COMPUTE","Qcur-2 (view) (permuted)","PERMUTE","",-1,16,-1,128,1,16,1,8192,0.000469,1,"chunk_size_1"
"CPU_Elastic","COMPUTE","kq-2","MUL_MAT","",-1,17,-1,256,1,16,1,16384,0.119635,1,"chunk_size_1"
"CPU_Elastic","COMPUTE","kq_soft_max-2","SOFT_MAX","",-1,18,-1,256,1,16,1,16384,0.018437,1,"chunk_size_1"
"CPU_Elastic","COMPUTE","kqv-2","MUL_MAT","",-1,19,-1,128,1,16,1,8192,0.041042,1,"chunk_size_1"
"CPU_Elastic","COMPUTE","kqv-2 (permuted)","PERMUTE","",-1,20,-1,128,16,1,1,8192,0.001145,1,"chunk_size_1"
"CPU_Elastic","COMPUTE","kqv_out-2","CONT","",-1,21,-1,2048,1,1,1,8192,0.004427,1,"chunk_size_1"
"CPU_Elastic","COMPUTE","node_158","MUL_MAT","",-1,22,-1,2048,1,1,1,8192,0.103281,1,"chunk_size_1"
"CPU_Elastic","COMPUTE","ffn_inp-2","ADD","",-1,23,-1,2048,1,1,1,8192,0.004375,1,"chunk_size_1"
"CPU_Elastic","COMPUTE_GRAPH","ggml_cgraph","GRAPH","",-1,24,-1,0,0,0,0,0,0.856614,1,"delegate_cpu_graph"
"CPU_Elastic","COMPUTE","ffn_norm-2","MUL","",-1,0,-1,2048,1,1,1,8192,0.004948,1,"chunk_size_1"
"CPU_Elastic","COMPUTE","ffn_moe_logits-2","MUL_MAT","",-1,1,-1,64,1,1,1,256,0.013803,1,"chunk_size_1"
"CPU_Elastic","COMPUTE","ffn_moe_probs-2","SOFT_MAX","",-1,2,-1,64,1,1,1,256,0.000938,1,"chunk_size_1"
"CPU_Elastic","COMPUTE","ffn_moe_probs-2 (reshaped)","RESHAPE","",-1,3,-1,1,64,1,1,256,0.000469,1,"chunk_size_1"
"CPU_Elastic","COMPUTE","ffn_moe_argsort-2","ARGSORT","",-1,4,-1,64,1,1,1,256,0.010677,1,"chunk_size_1"
"CPU_Elastic","COMPUTE","ffn_moe_topk-2","VIEW","",-1,5,-1,8,1,1,1,32,0.000625,1,"chunk_size_1"
"CPU_Elastic","COMPUTE","ffn_moe_weights-2","GET_ROWS","",-1,6,-1,1,8,1,1,32,0.000468,1,"chunk_size_1"
"CPU_Elastic","COMPUTE","ffn_norm-2 (reshaped)","RESHAPE","",-1,7,-1,2048,1,1,1,8192,0.000417,1,"chunk_size_1"
"CPU_Elastic","COMPUTE","ffn_moe_gate-2","MUL_MAT_ID","",-1,8,-1,1024,8,1,1,32768,0.343854,1,"chunk_size_1"
"CPU_Elastic","COMPUTE","ffn_moe_up-2","MUL_MAT_ID","",-1,9,-1,1024,8,1,1,32768,0.356719,1,"chunk_size_1"
"CPU_Elastic","COMPUTE","ffn_moe_weighted-2","GLU","",-1,10,-1,1024,8,1,1,32768,0.006823,1,"chunk_size_1"
"CPU_Elastic","COMPUTE","ffn_moe_down-2","MUL_MAT_ID","",-1,11,-1,2048,8,1,1,65536,2.223073,1,"chunk_size_1"
"CPU_Elastic","COMPUTE","node_173","MUL","",-1,12,-1,2048,8,1,1,65536,0.031094,1,"chunk_size_1"
"CPU_Elastic","COMPUTE"," (view)","VIEW","",-1,13,-1,2048,1,1,1,8192,0.000677,1,"chunk_size_1"
"CPU_Elastic","COMPUTE","node_173 (view)","VIEW","",-1,14,-1,2048,1,1,1,8192,0.000469,1,"chunk_size_1"
"CPU_Elastic","COMPUTE","node_173 (view)","VIEW","",-1,15,-1,2048,1,1,1,8192,0.000417,1,"chunk_size_1"
"CPU_Elastic","COMPUTE","node_173 (view)","VIEW","",-1,16,-1,2048,1,1,1,8192,0.000677,1,"chunk_size_1"
"CPU_Elastic","COMPUTE","node_173 (view)","VIEW","",-1,17,-1,2048,1,1,1,8192,0.000416,1,"chunk_size_1"
"CPU_Elastic","COMPUTE","node_173 (view)","VIEW","",-1,18,-1,2048,1,1,1,8192,0.000416,1,"chunk_size_1"
"CPU_Elastic","COMPUTE","node_173 (view)","VIEW","",-1,19,-1,2048,1,1,1,8192,0.000365,1,"chunk_size_1"
"CPU_Elastic","COMPUTE","node_173 (view)","VIEW","",-1,20,-1,2048,1,1,1,8192,0.000365,1,"chunk_size_1"
"CPU_Elastic","COMPUTE","node_182","ADD","",-1,21,-1,2048,1,1,1,8192,0.003854,1,"chunk_size_1"
"CPU_Elastic","COMPUTE","node_183","ADD","",-1,22,-1,2048,1,1,1,8192,0.003698,1,"chunk_size_1"
"CPU_Elastic","COMPUTE","node_184","ADD","",-1,23,-1,2048,1,1,1,8192,0.004375,1,"chunk_size_1"
"CPU_Elastic","COMPUTE","node_185","ADD","",-1,24,-1,2048,1,1,1,8192,0.003750,1,"chunk_size_1"
"CPU_Elastic","COMPUTE","node_186","ADD","",-1,25,-1,2048,1,1,1,8192,0.005677,1,"chunk_size_1"
"CPU_Elastic","COMPUTE","node_187","ADD","",-1,26,-1,2048,1,1,1,8192,0.004844,1,"chunk_size_1"
"CPU_Elastic","COMPUTE","ffn_moe_out-2","ADD","",-1,27,-1,2048,1,1,1,8192,0.003698,1,"chunk_size_1"
"CPU_Elastic","COMPUTE","l_out-2","ADD","",-1,28,-1,2048,1,1,1,8192,0.005104,1,"chunk_size_1"
"CPU_Elastic","COMPUTE_GRAPH","ggml_cgraph","GRAPH","",-1,29,-1,0,0,0,0,0,3.032710,1,"delegate_cpu_graph"
"CPU_Elastic","COMPUTE","attn_norm-3","MUL","",-1,0,-1,2048,1,1,1,8192,0.005989,1,"chunk_size_1"
"CPU_Elastic","COMPUTE","Qcur-3","MUL_MAT","",-1,1,-1,2048,1,1,1,8192,0.096979,1,"chunk_size_1"
"CPU_Elastic","COMPUTE_GRAPH","ggml_cgraph","GRAPH","",-1,2,-1,0,0,0,0,0,0.102968,1,"delegate_cpu_graph"
"CPU_Elastic","COMPUTE","Qcur_normed-3","MUL","",-1,0,-1,2048,1,1,1,8192,0.005886,1,"chunk_size_1"
"CPU_Elastic","COMPUTE","Qcur_normed-3 (reshaped)","RESHAPE","",-1,1,-1,128,16,1,1,8192,0.000625,1,"chunk_size_1"
"CPU_Elastic","COMPUTE","Qcur-3","ROPE","",-1,2,-1,128,16,1,1,8192,0.005677,1,"chunk_size_1"
"CPU_Elastic","COMPUTE","Kcur-3","MUL_MAT","",-1,3,-1,2048,1,1,1,8192,0.092812,1,"chunk_size_1"
"CPU_Elastic","COMPUTE_GRAPH","ggml_cgraph","GRAPH","",-1,4,-1,0,0,0,0,0,0.105000,1,"delegate_cpu_graph"
"CPU_Elastic","COMPUTE","Kcur_normed-3","MUL","",-1,0,-1,2048,1,1,1,8192,0.004792,1,"chunk_size_1"
"CPU_Elastic","COMPUTE","Kcur_normed-3 (reshaped)","RESHAPE","",-1,1,-1,128,16,1,1,8192,0.000573,1,"chunk_size_1"
"CPU_Elastic","COMPUTE","Kcur-3","ROPE","",-1,2,-1,128,16,1,1,8192,0.005000,1,"chunk_size_1"
"CPU_Elastic","COMPUTE","Vcur-3","MUL_MAT","",-1,3,-1,2048,1,1,1,8192,0.095000,1,"chunk_size_1"
"CPU_Elastic","COMPUTE","Vcur-3","RESHAPE","",-1,4,-1,128,16,1,1,8192,0.000521,1,"chunk_size_1"
"CPU_Elastic","COMPUTE","Kcur-3 (view)","VIEW","",-1,5,-1,2048,1,1,1,8192,0.000521,1,"chunk_size_1"
"CPU_Elastic","COMPUTE","cache_k_l3 (view)","SET_ROWS","",-1,6,-1,2048,512,1,1,2097152,0.001719,1,"chunk_size_1"
"CPU_Elastic","COMPUTE","Vcur-3 (view)","VIEW","",-1,7,-1,2048,1,1,1,8192,0.000416,1,"chunk_size_1"
"CPU_Elastic","COMPUTE","cache_v_l3 (view)","SET_ROWS","",-1,8,-1,2048,512,1,1,2097152,0.001667,1,"chunk_size_1"
"CPU_Elastic","COMPUTE","cache_v_l3 (view)","VIEW","",-1,9,-1,128,16,256,1,1048576,0.000573,1,"chunk_size_1"
"CPU_Elastic","COMPUTE","cache_v_l3 (view) (permuted)","PERMUTE","",-1,10,-1,128,256,16,1,1048576,0.000521,1,"chunk_size_1"
"CPU_Elastic","COMPUTE","cache_v_l3 (view) (permuted) (transposed)","TRANSPOSE","",-1,11,-1,256,128,16,1,1048576,0.000416,1,"chunk_size_1"
"CPU_Elastic","COMPUTE","v_cont-3","CONT","",-1,12,-1,256,128,16,1,1048576,0.472031,1,"chunk_size_1"
"CPU_Elastic","COMPUTE","cache_k_l3 (view)","VIEW","",-1,13,-1,128,16,256,1,1048576,0.000625,1,"chunk_size_1"
"CPU_Elastic","COMPUTE","cache_k_l3 (view) (permuted)","PERMUTE","",-1,14,-1,128,256,16,1,1048576,0.000469,1,"chunk_size_1"
"CPU_Elastic","COMPUTE","Qcur-3 (view)","VIEW","",-1,15,-1,128,16,1,1,8192,0.000364,1,"chunk_size_1"
"CPU_Elastic","COMPUTE","Qcur-3 (view) (permuted)","PERMUTE","",-1,16,-1,128,1,16,1,8192,0.000417,1,"chunk_size_1"
"CPU_Elastic","COMPUTE","kq-3","MUL_MAT","",-1,17,-1,256,1,16,1,16384,0.057813,1,"chunk_size_1"
"CPU_Elastic","COMPUTE","kq_soft_max-3","SOFT_MAX","",-1,18,-1,256,1,16,1,16384,0.017344,1,"chunk_size_1"
"CPU_Elastic","COMPUTE","kqv-3","MUL_MAT","",-1,19,-1,128,1,16,1,8192,0.040521,1,"chunk_size_1"
"CPU_Elastic","COMPUTE","kqv-3 (permuted)","PERMUTE","",-1,20,-1,128,16,1,1,8192,0.000521,1,"chunk_size_1"
"CPU_Elastic","COMPUTE","kqv_out-3","CONT","",-1,21,-1,2048,1,1,1,8192,0.005885,1,"chunk_size_1"
"CPU_Elastic","COMPUTE","node_221","MUL_MAT","",-1,22,-1,2048,1,1,1,8192,0.107239,1,"chunk_size_1"
"CPU_Elastic","COMPUTE","ffn_inp-3","ADD","",-1,23,-1,2048,1,1,1,8192,0.005208,1,"chunk_size_1"
"CPU_Elastic","COMPUTE_GRAPH","ggml_cgraph","GRAPH","",-1,24,-1,0,0,0,0,0,0.820156,1,"delegate_cpu_graph"
"CPU_Elastic","COMPUTE","ffn_norm-3","MUL","",-1,0,-1,2048,1,1,1,8192,0.005416,1,"chunk_size_1"
"CPU_Elastic","COMPUTE","ffn_moe_logits-3","MUL_MAT","",-1,1,-1,64,1,1,1,256,0.014792,1,"chunk_size_1"
"CPU_Elastic","COMPUTE","ffn_moe_probs-3","SOFT_MAX","",-1,2,-1,64,1,1,1,256,0.000937,1,"chunk_size_1"
"CPU_Elastic","COMPUTE","ffn_moe_probs-3 (reshaped)","RESHAPE","",-1,3,-1,1,64,1,1,256,0.000521,1,"chunk_size_1"
"CPU_Elastic","COMPUTE","ffn_moe_argsort-3","ARGSORT","",-1,4,-1,64,1,1,1,256,0.010000,1,"chunk_size_1"
"CPU_Elastic","COMPUTE","ffn_moe_topk-3","VIEW","",-1,5,-1,8,1,1,1,32,0.000520,1,"chunk_size_1"
"CPU_Elastic","COMPUTE","ffn_moe_weights-3","GET_ROWS","",-1,6,-1,1,8,1,1,32,0.000573,1,"chunk_size_1"
"CPU_Elastic","COMPUTE","ffn_norm-3 (reshaped)","RESHAPE","",-1,7,-1,2048,1,1,1,8192,0.000416,1,"chunk_size_1"
"CPU_Elastic","COMPUTE","ffn_moe_gate-3","MUL_MAT_ID","",-1,8,-1,1024,8,1,1,32768,0.342083,1,"chunk_size_1"
"CPU_Elastic","COMPUTE","ffn_moe_up-3","MUL_MAT_ID","",-1,9,-1,1024,8,1,1,32768,0.355729,1,"chunk_size_1"
"CPU_Elastic","COMPUTE","ffn_moe_weighted-3","GLU","",-1,10,-1,1024,8,1,1,32768,0.007344,1,"chunk_size_1"
"CPU_Elastic","COMPUTE","ffn_moe_down-3","MUL_MAT_ID","",-1,11,-1,2048,8,1,1,65536,0.358698,1,"chunk_size_1"
"CPU_Elastic","COMPUTE","node_236","MUL","",-1,12,-1,2048,8,1,1,65536,0.031875,1,"chunk_size_1"
"CPU_Elastic","COMPUTE"," (view)","VIEW","",-1,13,-1,2048,1,1,1,8192,0.000521,1,"chunk_size_1"
"CPU_Elastic","COMPUTE","node_236 (view)","VIEW","",-1,14,-1,2048,1,1,1,8192,0.000521,1,"chunk_size_1"
"CPU_Elastic","COMPUTE","node_236 (view)","VIEW","",-1,15,-1,2048,1,1,1,8192,0.000365,1,"chunk_size_1"
"CPU_Elastic","COMPUTE","node_236 (view)","VIEW","",-1,16,-1,2048,1,1,1,8192,0.000365,1,"chunk_size_1"
"CPU_Elastic","COMPUTE","node_236 (view)","VIEW","",-1,17,-1,2048,1,1,1,8192,0.000417,1,"chunk_size_1"
"CPU_Elastic","COMPUTE","node_236 (view)","VIEW","",-1,18,-1,2048,1,1,1,8192,0.000573,1,"chunk_size_1"
"CPU_Elastic","COMPUTE","node_236 (view)","VIEW","",-1,19,-1,2048,1,1,1,8192,0.000416,1,"chunk_size_1"
"CPU_Elastic","COMPUTE","node_236 (view)","VIEW","",-1,20,-1,2048,1,1,1,8192,0.000469,1,"chunk_size_1"
"CPU_Elastic","COMPUTE","node_245","ADD","",-1,21,-1,2048,1,1,1,8192,0.004375,1,"chunk_size_1"
"CPU_Elastic","COMPUTE","node_246","ADD","",-1,22,-1,2048,1,1,1,8192,0.005104,1,"chunk_size_1"
"CPU_Elastic","COMPUTE","node_247","ADD","",-1,23,-1,2048,1,1,1,8192,0.003750,1,"chunk_size_1"
"CPU_Elastic","COMPUTE","node_248","ADD","",-1,24,-1,2048,1,1,1,8192,0.003698,1,"chunk_size_1"
"CPU_Elastic","COMPUTE","node_249","ADD","",-1,25,-1,2048,1,1,1,8192,0.004948,1,"chunk_size_1"
"CPU_Elastic","COMPUTE","node_250","ADD","",-1,26,-1,2048,1,1,1,8192,0.003698,1,"chunk_size_1"
"CPU_Elastic","COMPUTE","ffn_moe_out-3","ADD","",-1,27,-1,2048,1,1,1,8192,0.004219,1,"chunk_size_1"
"CPU_Elastic","COMPUTE","l_out-3","ADD","",-1,28,-1,2048,1,1,1,8192,0.004427,1,"chunk_size_1"
"CPU_Elastic","COMPUTE_GRAPH","ggml_cgraph","GRAPH","",-1,29,-1,0,0,0,0,0,1.166770,1,"delegate_cpu_graph"
"CPU_Elastic","COMPUTE","attn_norm-4","MUL","",-1,0,-1,2048,1,1,1,8192,0.005572,1,"chunk_size_1"
"CPU_Elastic","COMPUTE","Qcur-4","MUL_MAT","",-1,1,-1,2048,1,1,1,8192,0.095625,1,"chunk_size_1"
"CPU_Elastic","COMPUTE_GRAPH","ggml_cgraph","GRAPH","",-1,2,-1,0,0,0,0,0,0.101197,1,"delegate_cpu_graph"
"CPU_Elastic","COMPUTE","Qcur_normed-4","MUL","",-1,0,-1,2048,1,1,1,8192,0.006042,1,"chunk_size_1"
"CPU_Elastic","COMPUTE","Qcur_normed-4 (reshaped)","RESHAPE","",-1,1,-1,128,16,1,1,8192,0.000677,1,"chunk_size_1"
"CPU_Elastic","COMPUTE","Qcur-4","ROPE","",-1,2,-1,128,16,1,1,8192,0.004844,1,"chunk_size_1"
"CPU_Elastic","COMPUTE","Kcur-4","MUL_MAT","",-1,3,-1,2048,1,1,1,8192,0.095417,1,"chunk_size_1"
"CPU_Elastic","COMPUTE_GRAPH","ggml_cgraph","GRAPH","",-1,4,-1,0,0,0,0,0,0.106980,1,"delegate_cpu_graph"
"CPU_Elastic","COMPUTE","Kcur_normed-4","MUL","",-1,0,-1,2048,1,1,1,8192,0.004480,1,"chunk_size_1"
"CPU_Elastic","COMPUTE","Kcur_normed-4 (reshaped)","RESHAPE","",-1,1,-1,128,16,1,1,8192,0.000469,1,"chunk_size_1"
"CPU_Elastic","COMPUTE","Kcur-4","ROPE","",-1,2,-1,128,16,1,1,8192,0.004739,1,"chunk_size_1"
"CPU_Elastic","COMPUTE","Vcur-4","MUL_MAT","",-1,3,-1,2048,1,1,1,8192,0.132916,1,"chunk_size_1"
"CPU_Elastic","COMPUTE","Vcur-4","RESHAPE","",-1,4,-1,128,16,1,1,8192,0.000469,1,"chunk_size_1"
"CPU_Elastic","COMPUTE","Kcur-4 (view)","VIEW","",-1,5,-1,2048,1,1,1,8192,0.000469,1,"chunk_size_1"
"CPU_Elastic","COMPUTE","cache_k_l4 (view)","SET_ROWS","",-1,6,-1,2048,512,1,1,2097152,0.001979,1,"chunk_size_1"
"CPU_Elastic","COMPUTE","Vcur-4 (view)","VIEW","",-1,7,-1,2048,1,1,1,8192,0.000469,1,"chunk_size_1"
"CPU_Elastic","COMPUTE","cache_v_l4 (view)","SET_ROWS","",-1,8,-1,2048,512,1,1,2097152,0.001614,1,"chunk_size_1"
"CPU_Elastic","COMPUTE","cache_v_l4 (view)","VIEW","",-1,9,-1,128,16,256,1,1048576,0.000417,1,"chunk_size_1"
"CPU_Elastic","COMPUTE","cache_v_l4 (view) (permuted)","PERMUTE","",-1,10,-1,128,256,16,1,1048576,0.000573,1,"chunk_size_1"
"CPU_Elastic","COMPUTE","cache_v_l4 (view) (permuted) (transposed)","TRANSPOSE","",-1,11,-1,256,128,16,1,1048576,0.000365,1,"chunk_size_1"
"CPU_Elastic","COMPUTE","v_cont-4","CONT","",-1,12,-1,256,128,16,1,1048576,0.456563,1,"chunk_size_1"
"CPU_Elastic","COMPUTE","cache_k_l4 (view)","VIEW","",-1,13,-1,128,16,256,1,1048576,0.000469,1,"chunk_size_1"
"CPU_Elastic","COMPUTE","cache_k_l4 (view) (permuted)","PERMUTE","",-1,14,-1,128,256,16,1,1048576,0.000521,1,"chunk_size_1"
"CPU_Elastic","COMPUTE","Qcur-4 (view)","VIEW","",-1,15,-1,128,16,1,1,8192,0.000468,1,"chunk_size_1"
"CPU_Elastic","COMPUTE","Qcur-4 (view) (permuted)","PERMUTE","",-1,16,-1,128,1,16,1,8192,0.000365,1,"chunk_size_1"
"CPU_Elastic","COMPUTE","kq-4","MUL_MAT","",-1,17,-1,256,1,16,1,16384,0.057761,1,"chunk_size_1"
"CPU_Elastic","COMPUTE","kq_soft_max-4","SOFT_MAX","",-1,18,-1,256,1,16,1,16384,0.017083,1,"chunk_size_1"
"CPU_Elastic","COMPUTE","kqv-4","MUL_MAT","",-1,19,-1,128,1,16,1,8192,0.043333,1,"chunk_size_1"
"CPU_Elastic","COMPUTE","kqv-4 (permuted)","PERMUTE","",-1,20,-1,128,16,1,1,8192,0.000469,1,"chunk_size_1"
"CPU_Elastic","COMPUTE","kqv_out-4","CONT","",-1,21,-1,2048,1,1,1,8192,0.004636,1,"chunk_size_1"
"CPU_Elastic","COMPUTE","node_284","MUL_MAT","",-1,22,-1,2048,1,1,1,8192,0.108854,1,"chunk_size_1"
"CPU_Elastic","COMPUTE","ffn_inp-4","ADD","",-1,23,-1,2048,1,1,1,8192,0.004896,1,"chunk_size_1"
"CPU_Elastic","COMPUTE_GRAPH","ggml_cgraph","GRAPH","",-1,24,-1,0,0,0,0,0,0.844377,1,"delegate_cpu_graph"
"CPU_Elastic","COMPUTE","ffn_norm-4","MUL","",-1,0,-1,2048,1,1,1,8192,0.005729,1,"chunk_size_1"
"CPU_Elastic","COMPUTE","ffn_moe_logits-4","MUL_MAT","",-1,1,-1,64,1,1,1,256,0.014740,1,"chunk_size_1"
"CPU_Elastic","COMPUTE","ffn_moe_probs-4","SOFT_MAX","",-1,2,-1,64,1,1,1,256,0.001042,1,"chunk_size_1"
"CPU_Elastic","COMPUTE","ffn_moe_probs-4 (reshaped)","RESHAPE","",-1,3,-1,1,64,1,1,256,0.000573,1,"chunk_size_1"
"CPU_Elastic","COMPUTE","ffn_moe_argsort-4","ARGSORT","",-1,4,-1,64,1,1,1,256,0.011302,1,"chunk_size_1"
"CPU_Elastic","COMPUTE","ffn_moe_topk-4","VIEW","",-1,5,-1,8,1,1,1,32,0.000573,1,"chunk_size_1"
"CPU_Elastic","COMPUTE","ffn_moe_weights-4","GET_ROWS","",-1,6,-1,1,8,1,1,32,0.000520,1,"chunk_size_1"
"CPU_Elastic","COMPUTE","ffn_norm-4 (reshaped)","RESHAPE","",-1,7,-1,2048,1,1,1,8192,0.000469,1,"chunk_size_1"
"CPU_Elastic","COMPUTE","ffn_moe_gate-4","MUL_MAT_ID","",-1,8,-1,1024,8,1,1,32768,0.344427,1,"chunk_size_1"
"CPU_Elastic","COMPUTE","ffn_moe_up-4","MUL_MAT_ID","",-1,9,-1,1024,8,1,1,32768,0.358281,1,"chunk_size_1"
"CPU_Elastic","COMPUTE","ffn_moe_weighted-4","GLU","",-1,10,-1,1024,8,1,1,32768,0.007708,1,"chunk_size_1"
"CPU_Elastic","COMPUTE","ffn_moe_down-4","MUL_MAT_ID","",-1,11,-1,2048,8,1,1,65536,0.489063,1,"chunk_size_1"
"CPU_Elastic","COMPUTE","node_299","MUL","",-1,12,-1,2048,8,1,1,65536,0.032032,1,"chunk_size_1"
"CPU_Elastic","COMPUTE"," (view)","VIEW","",-1,13,-1,2048,1,1,1,8192,0.000469,1,"chunk_size_1"
"CPU_Elastic","COMPUTE","node_299 (view)","VIEW","",-1,14,-1,2048,1,1,1,8192,0.000469,1,"chunk_size_1"
"CPU_Elastic","COMPUTE","node_299 (view)","VIEW","",-1,15,-1,2048,1,1,1,8192,0.000521,1,"chunk_size_1"
"CPU_Elastic","COMPUTE","node_299 (view)","VIEW","",-1,16,-1,2048,1,1,1,8192,0.000469,1,"chunk_size_1"
"CPU_Elastic","COMPUTE","node_299 (view)","VIEW","",-1,17,-1,2048,1,1,1,8192,0.000365,1,"chunk_size_1"
"CPU_Elastic","COMPUTE","node_299 (view)","VIEW","",-1,18,-1,2048,1,1,1,8192,0.000416,1,"chunk_size_1"
"CPU_Elastic","COMPUTE","node_299 (view)","VIEW","",-1,19,-1,2048,1,1,1,8192,0.000521,1,"chunk_size_1"
"CPU_Elastic","COMPUTE","node_299 (view)","VIEW","",-1,20,-1,2048,1,1,1,8192,0.000469,1,"chunk_size_1"
"CPU_Elastic","COMPUTE","node_308","ADD","",-1,21,-1,2048,1,1,1,8192,0.004323,1,"chunk_size_1"
"CPU_Elastic","COMPUTE","node_309","ADD","",-1,22,-1,2048,1,1,1,8192,0.004010,1,"chunk_size_1"
"CPU_Elastic","COMPUTE","node_310","ADD","",-1,23,-1,2048,1,1,1,8192,0.004115,1,"chunk_size_1"
"CPU_Elastic","COMPUTE","node_311","ADD","",-1,24,-1,2048,1,1,1,8192,0.004843,1,"chunk_size_1"
"CPU_Elastic","COMPUTE","node_312","ADD","",-1,25,-1,2048,1,1,1,8192,0.005156,1,"chunk_size_1"
"CPU_Elastic","COMPUTE","node_313","ADD","",-1,26,-1,2048,1,1,1,8192,0.003541,1,"chunk_size_1"
"CPU_Elastic","COMPUTE","ffn_moe_out-4","ADD","",-1,27,-1,2048,1,1,1,8192,0.004584,1,"chunk_size_1"
"CPU_Elastic","COMPUTE","l_out-4","ADD","",-1,28,-1,2048,1,1,1,8192,0.004167,1,"chunk_size_1"
"CPU_Elastic","COMPUTE_GRAPH","ggml_cgraph","GRAPH","",-1,29,-1,0,0,0,0,0,1.304897,1,"delegate_cpu_graph"
"CPU_Elastic","COMPUTE","attn_norm-5","MUL","",-1,0,-1,2048,1,1,1,8192,0.005625,1,"chunk_size_1"
"CPU_Elastic","COMPUTE","Qcur-5","MUL_MAT","",-1,1,-1,2048,1,1,1,8192,0.095885,1,"chunk_size_1"
"CPU_Elastic","COMPUTE_GRAPH","ggml_cgraph","GRAPH","",-1,2,-1,0,0,0,0,0,0.101510,1,"delegate_cpu_graph"
"CPU_Elastic","COMPUTE","Qcur_normed-5","MUL","",-1,0,-1,2048,1,1,1,8192,0.005364,1,"chunk_size_1"
"CPU_Elastic","COMPUTE","Qcur_normed-5 (reshaped)","RESHAPE","",-1,1,-1,128,16,1,1,8192,0.000521,1,"chunk_size_1"
"CPU_Elastic","COMPUTE","Qcur-5","ROPE","",-1,2,-1,128,16,1,1,8192,0.005938,1,"chunk_size_1"
"CPU_Elastic","COMPUTE","Kcur-5","MUL_MAT","",-1,3,-1,2048,1,1,1,8192,0.093385,1,"chunk_size_1"
"CPU_Elastic","COMPUTE_GRAPH","ggml_cgraph","GRAPH","",-1,4,-1,0,0,0,0,0,0.105208,1,"delegate_cpu_graph"
"CPU_Elastic","COMPUTE","Kcur_normed-5","MUL","",-1,0,-1,2048,1,1,1,8192,0.004948,1,"chunk_size_1"
"CPU_Elastic","COMPUTE","Kcur_normed-5 (reshaped)","RESHAPE","",-1,1,-1,128,16,1,1,8192,0.000573,1,"chunk_size_1"
"CPU_Elastic","COMPUTE","Kcur-5","ROPE","",-1,2,-1,128,16,1,1,8192,0.004688,1,"chunk_size_1"
"CPU_Elastic","COMPUTE","Vcur-5","MUL_MAT","",-1,3,-1,2048,1,1,1,8192,0.153855,1,"chunk_size_1"
"CPU_Elastic","COMPUTE","Vcur-5","RESHAPE","",-1,4,-1,128,16,1,1,8192,0.000520,1,"chunk_size_1"
"CPU_Elastic","COMPUTE","Kcur-5 (view)","VIEW","",-1,5,-1,2048,1,1,1,8192,0.000469,1,"chunk_size_1"
"CPU_Elastic","COMPUTE","cache_k_l5 (view)","SET_ROWS","",-1,6,-1,2048,512,1,1,2097152,0.001927,1,"chunk_size_1"
"CPU_Elastic","COMPUTE","Vcur-5 (view)","VIEW","",-1,7,-1,2048,1,1,1,8192,0.000520,1,"chunk_size_1"
"CPU_Elastic","COMPUTE","cache_v_l5 (view)","SET_ROWS","",-1,8,-1,2048,512,1,1,2097152,0.001615,1,"chunk_size_1"
"CPU_Elastic","COMPUTE","cache_v_l5 (view)","VIEW","",-1,9,-1,128,16,256,1,1048576,0.000469,1,"chunk_size_1"
"CPU_Elastic","COMPUTE","cache_v_l5 (view) (permuted)","PERMUTE","",-1,10,-1,128,256,16,1,1048576,0.000417,1,"chunk_size_1"
"CPU_Elastic","COMPUTE","cache_v_l5 (view) (permuted) (transposed)","TRANSPOSE","",-1,11,-1,256,128,16,1,1048576,0.000521,1,"chunk_size_1"
"CPU_Elastic","COMPUTE","v_cont-5","CONT","",-1,12,-1,256,128,16,1,1048576,0.453854,1,"chunk_size_1"
"CPU_Elastic","COMPUTE","cache_k_l5 (view)","VIEW","",-1,13,-1,128,16,256,1,1048576,0.000469,1,"chunk_size_1"
"CPU_Elastic","COMPUTE","cache_k_l5 (view) (permuted)","PERMUTE","",-1,14,-1,128,256,16,1,1048576,0.000416,1,"chunk_size_1"
"CPU_Elastic","COMPUTE","Qcur-5 (view)","VIEW","",-1,15,-1,128,16,1,1,8192,0.000520,1,"chunk_size_1"
"CPU_Elastic","COMPUTE","Qcur-5 (view) (permuted)","PERMUTE","",-1,16,-1,128,1,16,1,8192,0.000469,1,"chunk_size_1"
"CPU_Elastic","COMPUTE","kq-5","MUL_MAT","",-1,17,-1,256,1,16,1,16384,0.052448,1,"chunk_size_1"
"CPU_Elastic","COMPUTE","kq_soft_max-5","SOFT_MAX","",-1,18,-1,256,1,16,1,16384,0.016770,1,"chunk_size_1"
"CPU_Elastic","COMPUTE","kqv-5","MUL_MAT","",-1,19,-1,128,1,16,1,8192,0.041042,1,"chunk_size_1"
"CPU_Elastic","COMPUTE","kqv-5 (permuted)","PERMUTE","",-1,20,-1,128,16,1,1,8192,0.000469,1,"chunk_size_1"
"CPU_Elastic","COMPUTE","kqv_out-5","CONT","",-1,21,-1,2048,1,1,1,8192,0.004323,1,"chunk_size_1"
"CPU_Elastic","COMPUTE","node_347","MUL_MAT","",-1,22,-1,2048,1,1,1,8192,0.106094,1,"chunk_size_1"
"CPU_Elastic","COMPUTE","ffn_inp-5","ADD","",-1,23,-1,2048,1,1,1,8192,0.004584,1,"chunk_size_1"
"CPU_Elastic","COMPUTE_GRAPH","ggml_cgraph","GRAPH","",-1,24,-1,0,0,0,0,0,0.851980,1,"delegate_cpu_graph"
"CPU_Elastic","COMPUTE","ffn_norm-5","MUL","",-1,0,-1,2048,1,1,1,8192,0.005886,1,"chunk_size_1"
"CPU_Elastic","COMPUTE","ffn_moe_logits-5","MUL_MAT","",-1,1,-1,64,1,1,1,256,0.013229,1,"chunk_size_1"
"CPU_Elastic","COMPUTE","ffn_moe_probs-5","SOFT_MAX","",-1,2,-1,64,1,1,1,256,0.000833,1,"chunk_size_1"
"CPU_Elastic","COMPUTE","ffn_moe_probs-5 (reshaped)","RESHAPE","",-1,3,-1,1,64,1,1,256,0.000468,1,"chunk_size_1"
"CPU_Elastic","COMPUTE","ffn_moe_argsort-5","ARGSORT","",-1,4,-1,64,1,1,1,256,0.009740,1,"chunk_size_1"
"CPU_Elastic","COMPUTE","ffn_moe_topk-5","VIEW","",-1,5,-1,8,1,1,1,32,0.000521,1,"chunk_size_1"
"CPU_Elastic","COMPUTE","ffn_moe_weights-5","GET_ROWS","",-1,6,-1,1,8,1,1,32,0.000573,1,"chunk_size_1"
"CPU_Elastic","COMPUTE","ffn_norm-5 (reshaped)","RESHAPE","",-1,7,-1,2048,1,1,1,8192,0.000417,1,"chunk_size_1"
"CPU_Elastic","COMPUTE","ffn_moe_gate-5","MUL_MAT_ID","",-1,8,-1,1024,8,1,1,32768,0.342240,1,"chunk_size_1"
"CPU_Elastic","COMPUTE","ffn_moe_up-5","MUL_MAT_ID","",-1,9,-1,1024,8,1,1,32768,0.358854,1,"chunk_size_1"
"CPU_Elastic","COMPUTE","ffn_moe_weighted-5","GLU","",-1,10,-1,1024,8,1,1,32768,0.006094,1,"chunk_size_1"
"CPU_Elastic","COMPUTE","ffn_moe_down-5","MUL_MAT_ID","",-1,11,-1,2048,8,1,1,65536,0.356927,1,"chunk_size_1"
"CPU_Elastic","COMPUTE","node_362","MUL","",-1,12,-1,2048,8,1,1,65536,0.030520,1,"chunk_size_1"
"CPU_Elastic","COMPUTE"," (view)","VIEW","",-1,13,-1,2048,1,1,1,8192,0.000469,1,"chunk_size_1"
"CPU_Elastic","COMPUTE","node_362 (view)","VIEW","",-1,14,-1,2048,1,1,1,8192,0.000469,1,"chunk_size_1"
"CPU_Elastic","COMPUTE","node_362 (view)","VIEW","",-1,15,-1,2048,1,1,1,8192,0.000364,1,"chunk_size_1"
"CPU_Elastic","COMPUTE","node_362 (view)","VIEW","",-1,16,-1,2048,1,1,1,8192,0.000573,1,"chunk_size_1"
"CPU_Elastic","COMPUTE","node_362 (view)","VIEW","",-1,17,-1,2048,1,1,1,8192,0.000365,1,"chunk_size_1"
"CPU_Elastic","COMPUTE","node_362 (view)","VIEW","",-1,18,-1,2048,1,1,1,8192,0.000417,1,"chunk_size_1"
"CPU_Elastic","COMPUTE","node_362 (view)","VIEW","",-1,19,-1,2048,1,1,1,8192,0.000469,1,"chunk_size_1"
"CPU_Elastic","COMPUTE","node_362 (view)","VIEW","",-1,20,-1,2048,1,1,1,8192,0.000521,1,"chunk_size_1"
"CPU_Elastic","COMPUTE","node_371","ADD","",-1,21,-1,2048,1,1,1,8192,0.004375,1,"chunk_size_1"
"CPU_Elastic","COMPUTE","node_372","ADD","",-1,22,-1,2048,1,1,1,8192,0.004947,1,"chunk_size_1"
"CPU_Elastic","COMPUTE","node_373","ADD","",-1,23,-1,2048,1,1,1,8192,0.003542,1,"chunk_size_1"
"CPU_Elastic","COMPUTE","node_374","ADD","",-1,24,-1,2048,1,1,1,8192,0.005000,1,"chunk_size_1"
"CPU_Elastic","COMPUTE","node_375","ADD","",-1,25,-1,2048,1,1,1,8192,0.005573,1,"chunk_size_1"
"CPU_Elastic","COMPUTE","node_376","ADD","",-1,26,-1,2048,1,1,1,8192,0.004427,1,"chunk_size_1"
"CPU_Elastic","COMPUTE","ffn_moe_out-5","ADD","",-1,27,-1,2048,1,1,1,8192,0.004011,1,"chunk_size_1"
"CPU_Elastic","COMPUTE","l_out-5","ADD","",-1,28,-1,2048,1,1,1,8192,0.005260,1,"chunk_size_1"
"CPU_Elastic","COMPUTE_GRAPH","ggml_cgraph","GRAPH","",-1,29,-1,0,0,0,0,0,1.167084,1,"delegate_cpu_graph"
"CPU_Elastic","COMPUTE","attn_norm-6","MUL","",-1,0,-1,2048,1,1,1,8192,0.005364,1,"chunk_size_1"
"CPU_Elastic","COMPUTE","Qcur-6","MUL_MAT","",-1,1,-1,2048,1,1,1,8192,0.094792,1,"chunk_size_1"
"CPU_Elastic","COMPUTE_GRAPH","ggml_cgraph","GRAPH","",-1,2,-1,0,0,0,0,0,0.100156,1,"delegate_cpu_graph"
"CPU_Elastic","COMPUTE","Qcur_normed-6","MUL","",-1,0,-1,2048,1,1,1,8192,0.006145,1,"chunk_size_1"
"CPU_Elastic","COMPUTE","Qcur_normed-6 (reshaped)","RESHAPE","",-1,1,-1,128,16,1,1,8192,0.000572,1,"chunk_size_1"
"CPU_Elastic","COMPUTE","Qcur-6","ROPE","",-1,2,-1,128,16,1,1,8192,0.005364,1,"chunk_size_1"
"CPU_Elastic","COMPUTE","Kcur-6","MUL_MAT","",-1,3,-1,2048,1,1,1,8192,0.101823,1,"chunk_size_1"
"CPU_Elastic","COMPUTE_GRAPH","ggml_cgraph","GRAPH","",-1,4,-1,0,0,0,0,0,0.113904,1,"delegate_cpu_graph"
"CPU_Elastic","COMPUTE","Kcur_normed-6","MUL","",-1,0,-1,2048,1,1,1,8192,0.005260,1,"chunk_size_1"
"CPU_Elastic","COMPUTE","Kcur_normed-6 (reshaped)","RESHAPE","",-1,1,-1,128,16,1,1,8192,0.000521,1,"chunk_size_1"
"CPU_Elastic","COMPUTE","Kcur-6","ROPE","",-1,2,-1,128,16,1,1,8192,0.005834,1,"chunk_size_1"
"CPU_Elastic","COMPUTE","Vcur-6","MUL_MAT","",-1,3,-1,2048,1,1,1,8192,0.093854,1,"chunk_size_1"
"CPU_Elastic","COMPUTE","Vcur-6","RESHAPE","",-1,4,-1,128,16,1,1,8192,0.000573,1,"chunk_size_1"
"CPU_Elastic","COMPUTE","Kcur-6 (view)","VIEW","",-1,5,-1,2048,1,1,1,8192,0.000417,1,"chunk_size_1"
"CPU_Elastic","COMPUTE","cache_k_l6 (view)","SET_ROWS","",-1,6,-1,2048,512,1,1,2097152,0.001771,1,"chunk_size_1"
"CPU_Elastic","COMPUTE","Vcur-6 (view)","VIEW","",-1,7,-1,2048,1,1,1,8192,0.000416,1,"chunk_size_1"
"CPU_Elastic","COMPUTE","cache_v_l6 (view)","SET_ROWS","",-1,8,-1,2048,512,1,1,2097152,0.001770,1,"chunk_size_1"
"CPU_Elastic","COMPUTE","cache_v_l6 (view)","VIEW","",-1,9,-1,128,16,256,1,1048576,0.000417,1,"chunk_size_1"
"CPU_Elastic","COMPUTE","cache_v_l6 (view) (permuted)","PERMUTE","",-1,10,-1,128,256,16,1,1048576,0.000469,1,"chunk_size_1"
"CPU_Elastic","COMPUTE","cache_v_l6 (view) (permuted) (transposed)","TRANSPOSE","",-1,11,-1,256,128,16,1,1048576,0.000468,1,"chunk_size_1"
"CPU_Elastic","COMPUTE","v_cont-6","CONT","",-1,12,-1,256,128,16,1,1048576,0.454948,1,"chunk_size_1"
"CPU_Elastic","COMPUTE","cache_k_l6 (view)","VIEW","",-1,13,-1,128,16,256,1,1048576,0.000521,1,"chunk_size_1"
"CPU_Elastic","COMPUTE","cache_k_l6 (view) (permuted)","PERMUTE","",-1,14,-1,128,256,16,1,1048576,0.000416,1,"chunk_size_1"
"CPU_Elastic","COMPUTE","Qcur-6 (view)","VIEW","",-1,15,-1,128,16,1,1,8192,0.000364,1,"chunk_size_1"
"CPU_Elastic","COMPUTE","Qcur-6 (view) (permuted)","PERMUTE","",-1,16,-1,128,1,16,1,8192,0.000521,1,"chunk_size_1"
"CPU_Elastic","COMPUTE","kq-6","MUL_MAT","",-1,17,-1,256,1,16,1,16384,0.053750,1,"chunk_size_1"
"CPU_Elastic","COMPUTE","kq_soft_max-6","SOFT_MAX","",-1,18,-1,256,1,16,1,16384,0.017448,1,"chunk_size_1"
"CPU_Elastic","COMPUTE","kqv-6","MUL_MAT","",-1,19,-1,128,1,16,1,8192,0.040104,1,"chunk_size_1"
"CPU_Elastic","COMPUTE","kqv-6 (permuted)","PERMUTE","",-1,20,-1,128,16,1,1,8192,0.000469,1,"chunk_size_1"
"CPU_Elastic","COMPUTE","kqv_out-6","CONT","",-1,21,-1,2048,1,1,1,8192,0.005625,1,"chunk_size_1"
"CPU_Elastic","COMPUTE","node_410","MUL_MAT","",-1,22,-1,2048,1,1,1,8192,0.106771,1,"chunk_size_1"
"CPU_Elastic","COMPUTE","ffn_inp-6","ADD","",-1,23,-1,2048,1,1,1,8192,0.005104,1,"chunk_size_1"
"CPU_Elastic","COMPUTE_GRAPH","ggml_cgraph","GRAPH","",-1,24,-1,0,0,0,0,0,0.797811,1,"delegate_cpu_graph"
"CPU_Elastic","COMPUTE","ffn_norm-6","MUL","",-1,0,-1,2048,1,1,1,8192,0.005261,1,"chunk_size_1"
"CPU_Elastic","COMPUTE","ffn_moe_logits-6","MUL_MAT","",-1,1,-1,64,1,1,1,256,0.014687,1,"chunk_size_1"
"CPU_Elastic","COMPUTE","ffn_moe_probs-6","SOFT_MAX","",-1,2,-1,64,1,1,1,256,0.007500,1,"chunk_size_1"
"CPU_Elastic","COMPUTE","ffn_moe_probs-6 (reshaped)","RESHAPE","",-1,3,-1,1,64,1,1,256,0.000417,1,"chunk_size_1"
"CPU_Elastic","COMPUTE","ffn_moe_argsort-6","ARGSORT","",-1,4,-1,64,1,1,1,256,0.011302,1,"chunk_size_1"
"CPU_Elastic","COMPUTE","ffn_moe_topk-6","VIEW","",-1,5,-1,8,1,1,1,32,0.000521,1,"chunk_size_1"
"CPU_Elastic","COMPUTE","ffn_moe_weights-6","GET_ROWS","",-1,6,-1,1,8,1,1,32,0.000521,1,"chunk_size_1"
"CPU_Elastic","COMPUTE","ffn_norm-6 (reshaped)","RESHAPE","",-1,7,-1,2048,1,1,1,8192,0.000469,1,"chunk_size_1"
"CPU_Elastic","COMPUTE","ffn_moe_gate-6","MUL_MAT_ID","",-1,8,-1,1024,8,1,1,32768,0.341094,1,"chunk_size_1"
"CPU_Elastic","COMPUTE","ffn_moe_up-6","MUL_MAT_ID","",-1,9,-1,1024,8,1,1,32768,0.354635,1,"chunk_size_1"
"CPU_Elastic","COMPUTE","ffn_moe_weighted-6","GLU","",-1,10,-1,1024,8,1,1,32768,0.008021,1,"chunk_size_1"
"CPU_Elastic","COMPUTE","ffn_moe_down-6","MUL_MAT_ID","",-1,11,-1,2048,8,1,1,65536,0.374688,1,"chunk_size_1"
"CPU_Elastic","COMPUTE","node_425","MUL","",-1,12,-1,2048,8,1,1,65536,0.029479,1,"chunk_size_1"
"CPU_Elastic","COMPUTE"," (view)","VIEW","",-1,13,-1,2048,1,1,1,8192,0.000573,1,"chunk_size_1"
"CPU_Elastic","COMPUTE","node_425 (view)","VIEW","",-1,14,-1,2048,1,1,1,8192,0.000417,1,"chunk_size_1"
"CPU_Elastic","COMPUTE","node_425 (view)","VIEW","",-1,15,-1,2048,1,1,1,8192,0.000364,1,"chunk_size_1"
"CPU_Elastic","COMPUTE","node_425 (view)","VIEW","",-1,16,-1,2048,1,1,1,8192,0.000417,1,"chunk_size_1"
"CPU_Elastic","COMPUTE","node_425 (view)","VIEW","",-1,17,-1,2048,1,1,1,8192,0.000469,1,"chunk_size_1"
"CPU_Elastic","COMPUTE","node_425 (view)","VIEW","",-1,18,-1,2048,1,1,1,8192,0.000417,1,"chunk_size_1"
"CPU_Elastic","COMPUTE","node_425 (view)","VIEW","",-1,19,-1,2048,1,1,1,8192,0.000417,1,"chunk_size_1"
"CPU_Elastic","COMPUTE","node_425 (view)","VIEW","",-1,20,-1,2048,1,1,1,8192,0.000469,1,"chunk_size_1"
"CPU_Elastic","COMPUTE","node_434","ADD","",-1,21,-1,2048,1,1,1,8192,0.004114,1,"chunk_size_1"
"CPU_Elastic","COMPUTE","node_435","ADD","",-1,22,-1,2048,1,1,1,8192,0.005157,1,"chunk_size_1"
"CPU_Elastic","COMPUTE","node_436","ADD","",-1,23,-1,2048,1,1,1,8192,0.006719,1,"chunk_size_1"
"CPU_Elastic","COMPUTE","node_437","ADD","",-1,24,-1,2048,1,1,1,8192,0.005052,1,"chunk_size_1"
"CPU_Elastic","COMPUTE","node_438","ADD","",-1,25,-1,2048,1,1,1,8192,0.005573,1,"chunk_size_1"
"CPU_Elastic","COMPUTE","node_439","ADD","",-1,26,-1,2048,1,1,1,8192,0.004271,1,"chunk_size_1"
"CPU_Elastic","COMPUTE","ffn_moe_out-6","ADD","",-1,27,-1,2048,1,1,1,8192,0.004114,1,"chunk_size_1"
"CPU_Elastic","COMPUTE","l_out-6","ADD","",-1,28,-1,2048,1,1,1,8192,0.005313,1,"chunk_size_1"
"CPU_Elastic","COMPUTE_GRAPH","ggml_cgraph","GRAPH","",-1,29,-1,0,0,0,0,0,1.192451,1,"delegate_cpu_graph"
"CPU_Elastic","COMPUTE","attn_norm-7","MUL","",-1,0,-1,2048,1,1,1,8192,0.005104,1,"chunk_size_1"
"CPU_Elastic","COMPUTE","Qcur-7","MUL_MAT","",-1,1,-1,2048,1,1,1,8192,0.093333,1,"chunk_size_1"
"CPU_Elastic","COMPUTE_GRAPH","ggml_cgraph","GRAPH","",-1,2,-1,0,0,0,0,0,0.098437,1,"delegate_cpu_graph"
"CPU_Elastic","COMPUTE","Qcur_normed-7","MUL","",-1,0,-1,2048,1,1,1,8192,0.005053,1,"chunk_size_1"
"CPU_Elastic","COMPUTE","Qcur_normed-7 (reshaped)","RESHAPE","",-1,1,-1,128,16,1,1,8192,0.000625,1,"chunk_size_1"
"CPU_Elastic","COMPUTE","Qcur-7","ROPE","",-1,2,-1,128,16,1,1,8192,0.005364,1,"chunk_size_1"
"CPU_Elastic","COMPUTE","Kcur-7","MUL_MAT","",-1,3,-1,2048,1,1,1,8192,0.092343,1,"chunk_size_1"
"CPU_Elastic","COMPUTE_GRAPH","ggml_cgraph","GRAPH","",-1,4,-1,0,0,0,0,0,0.103385,1,"delegate_cpu_graph"
"CPU_Elastic","COMPUTE","Kcur_normed-7","MUL","",-1,0,-1,2048,1,1,1,8192,0.005885,1,"chunk_size_1"
"CPU_Elastic","COMPUTE","Kcur_normed-7 (reshaped)","RESHAPE","",-1,1,-1,128,16,1,1,8192,0.000677,1,"chunk_size_1"
"CPU_Elastic","COMPUTE","Kcur-7","ROPE","",-1,2,-1,128,16,1,1,8192,0.005573,1,"chunk_size_1"
"CPU_Elastic","COMPUTE","Vcur-7","MUL_MAT","",-1,3,-1,2048,1,1,1,8192,0.131302,1,"chunk_size_1"
"CPU_Elastic","COMPUTE","Vcur-7","RESHAPE","",-1,4,-1,128,16,1,1,8192,0.000468,1,"chunk_size_1"
"CPU_Elastic","COMPUTE","Kcur-7 (view)","VIEW","",-1,5,-1,2048,1,1,1,8192,0.000625,1,"chunk_size_1"
"CPU_Elastic","COMPUTE","cache_k_l7 (view)","SET_ROWS","",-1,6,-1,2048,512,1,1,2097152,0.001927,1,"chunk_size_1"
"CPU_Elastic","COMPUTE","Vcur-7 (view)","VIEW","",-1,7,-1,2048,1,1,1,8192,0.000521,1,"chunk_size_1"
"CPU_Elastic","COMPUTE","cache_v_l7 (view)","SET_ROWS","",-1,8,-1,2048,512,1,1,2097152,0.001615,1,"chunk_size_1"
"CPU_Elastic","COMPUTE","cache_v_l7 (view)","VIEW","",-1,9,-1,128,16,256,1,1048576,0.000469,1,"chunk_size_1"
"CPU_Elastic","COMPUTE","cache_v_l7 (view) (permuted)","PERMUTE","",-1,10,-1,128,256,16,1,1048576,0.000417,1,"chunk_size_1"
"CPU_Elastic","COMPUTE","cache_v_l7 (view) (permuted) (transposed)","TRANSPOSE","",-1,11,-1,256,128,16,1,1048576,0.000469,1,"chunk_size_1"
"CPU_Elastic","COMPUTE","v_cont-7","CONT","",-1,12,-1,256,128,16,1,1048576,0.453334,1,"chunk_size_1"
"CPU_Elastic","COMPUTE","cache_k_l7 (view)","VIEW","",-1,13,-1,128,16,256,1,1048576,0.000677,1,"chunk_size_1"
"CPU_Elastic","COMPUTE","cache_k_l7 (view) (permuted)","PERMUTE","",-1,14,-1,128,256,16,1,1048576,0.000469,1,"chunk_size_1"
"CPU_Elastic","COMPUTE","Qcur-7 (view)","VIEW","",-1,15,-1,128,16,1,1,8192,0.000365,1,"chunk_size_1"
"CPU_Elastic","COMPUTE","Qcur-7 (view) (permuted)","PERMUTE","",-1,16,-1,128,1,16,1,8192,0.000416,1,"chunk_size_1"
"CPU_Elastic","COMPUTE","kq-7","MUL_MAT","",-1,17,-1,256,1,16,1,16384,0.055104,1,"chunk_size_1"
"CPU_Elastic","COMPUTE","kq_soft_max-7","SOFT_MAX","",-1,18,-1,256,1,16,1,16384,0.018177,1,"chunk_size_1"
"CPU_Elastic","COMPUTE","kqv-7","MUL_MAT","",-1,19,-1,128,1,16,1,8192,0.040000,1,"chunk_size_1"
"CPU_Elastic","COMPUTE","kqv-7 (permuted)","PERMUTE","",-1,20,-1,128,16,1,1,8192,0.000521,1,"chunk_size_1"
"CPU_Elastic","COMPUTE","kqv_out-7","CONT","",-1,21,-1,2048,1,1,1,8192,0.004688,1,"chunk_size_1"
"CPU_Elastic","COMPUTE","node_473","MUL_MAT","",-1,22,-1,2048,1,1,1,8192,0.106771,1,"chunk_size_1"
"CPU_Elastic","COMPUTE","ffn_inp-7","ADD","",-1,23,-1,2048,1,1,1,8192,0.005365,1,"chunk_size_1"
"CPU_Elastic","COMPUTE_GRAPH","ggml_cgraph","GRAPH","",-1,24,-1,0,0,0,0,0,0.835835,1,"delegate_cpu_graph"
"CPU_Elastic","COMPUTE","ffn_norm-7","MUL","",-1,0,-1,2048,1,1,1,8192,0.005834,1,"chunk_size_1"
"CPU_Elastic","COMPUTE","ffn_moe_logits-7","MUL_MAT","",-1,1,-1,64,1,1,1,256,0.012552,1,"chunk_size_1"
"CPU_Elastic","COMPUTE","ffn_moe_probs-7","SOFT_MAX","",-1,2,-1,64,1,1,1,256,0.001042,1,"chunk_size_1"
"CPU_Elastic","COMPUTE","ffn_moe_probs-7 (reshaped)","RESHAPE","",-1,3,-1,1,64,1,1,256,0.000469,1,"chunk_size_1"
"CPU_Elastic","COMPUTE","ffn_moe_argsort-7","ARGSORT","",-1,4,-1,64,1,1,1,256,0.010312,1,"chunk_size_1"
"CPU_Elastic","COMPUTE","ffn_moe_topk-7","VIEW","",-1,5,-1,8,1,1,1,32,0.000625,1,"chunk_size_1"
"CPU_Elastic","COMPUTE","ffn_moe_weights-7","GET_ROWS","",-1,6,-1,1,8,1,1,32,0.000573,1,"chunk_size_1"
"CPU_Elastic","COMPUTE","ffn_norm-7 (reshaped)","RESHAPE","",-1,7,-1,2048,1,1,1,8192,0.000364,1,"chunk_size_1"
"CPU_Elastic","COMPUTE","ffn_moe_gate-7","MUL_MAT_ID","",-1,8,-1,1024,8,1,1,32768,0.341250,1,"chunk_size_1"
"CPU_Elastic","COMPUTE","ffn_moe_up-7","MUL_MAT_ID","",-1,9,-1,1024,8,1,1,32768,0.355938,1,"chunk_size_1"
"CPU_Elastic","COMPUTE","ffn_moe_weighted-7","GLU","",-1,10,-1,1024,8,1,1,32768,0.006719,1,"chunk_size_1"
"CPU_Elastic","COMPUTE","ffn_moe_down-7","MUL_MAT_ID","",-1,11,-1,2048,8,1,1,65536,0.480990,1,"chunk_size_1"
"CPU_Elastic","COMPUTE","node_488","MUL","",-1,12,-1,2048,8,1,1,65536,0.031459,1,"chunk_size_1"
"CPU_Elastic","COMPUTE"," (view)","VIEW","",-1,13,-1,2048,1,1,1,8192,0.000521,1,"chunk_size_1"
"CPU_Elastic","COMPUTE","node_488 (view)","VIEW","",-1,14,-1,2048,1,1,1,8192,0.000573,1,"chunk_size_1"
"CPU_Elastic","COMPUTE","node_488 (view)","VIEW","",-1,15,-1,2048,1,1,1,8192,0.000417,1,"chunk_size_1"
"CPU_Elastic","COMPUTE","node_488 (view)","VIEW","",-1,16,-1,2048,1,1,1,8192,0.000469,1,"chunk_size_1"
"CPU_Elastic","COMPUTE","node_488 (view)","VIEW","",-1,17,-1,2048,1,1,1,8192,0.000417,1,"chunk_size_1"
"CPU_Elastic","COMPUTE","node_488 (view)","VIEW","",-1,18,-1,2048,1,1,1,8192,0.000417,1,"chunk_size_1"
"CPU_Elastic","COMPUTE","node_488 (view)","VIEW","",-1,19,-1,2048,1,1,1,8192,0.000417,1,"chunk_size_1"
"CPU_Elastic","COMPUTE","node_488 (view)","VIEW","",-1,20,-1,2048,1,1,1,8192,0.000417,1,"chunk_size_1"
"CPU_Elastic","COMPUTE","node_497","ADD","",-1,21,-1,2048,1,1,1,8192,0.004844,1,"chunk_size_1"
"CPU_Elastic","COMPUTE","node_498","ADD","",-1,22,-1,2048,1,1,1,8192,0.003698,1,"chunk_size_1"
"CPU_Elastic","COMPUTE","node_499","ADD","",-1,23,-1,2048,1,1,1,8192,0.004896,1,"chunk_size_1"
"CPU_Elastic","COMPUTE","node_500","ADD","",-1,24,-1,2048,1,1,1,8192,0.004687,1,"chunk_size_1"
"CPU_Elastic","COMPUTE","node_501","ADD","",-1,25,-1,2048,1,1,1,8192,0.005052,1,"chunk_size_1"
"CPU_Elastic","COMPUTE","node_502","ADD","",-1,26,-1,2048,1,1,1,8192,0.003750,1,"chunk_size_1"
"CPU_Elastic","COMPUTE","ffn_moe_out-7","ADD","",-1,27,-1,2048,1,1,1,8192,0.004896,1,"chunk_size_1"
"CPU_Elastic","COMPUTE","l_out-7","ADD","",-1,28,-1,2048,1,1,1,8192,0.005938,1,"chunk_size_1"
"CPU_Elastic","COMPUTE_GRAPH","ggml_cgraph","GRAPH","",-1,29,-1,0,0,0,0,0,1.289536,1,"delegate_cpu_graph"
"CPU_Elastic","COMPUTE","attn_norm-8","MUL","",-1,0,-1,2048,1,1,1,8192,0.006250,1,"chunk_size_1"
"CPU_Elastic","COMPUTE","Qcur-8","MUL_MAT","",-1,1,-1,2048,1,1,1,8192,0.095208,1,"chunk_size_1"
"CPU_Elastic","COMPUTE_GRAPH","ggml_cgraph","GRAPH","",-1,2,-1,0,0,0,0,0,0.101458,1,"delegate_cpu_graph"
"CPU_Elastic","COMPUTE","Qcur_normed-8","MUL","",-1,0,-1,2048,1,1,1,8192,0.005677,1,"chunk_size_1"
"CPU_Elastic","COMPUTE","Qcur_normed-8 (reshaped)","RESHAPE","",-1,1,-1,128,16,1,1,8192,0.000677,1,"chunk_size_1"
"CPU_Elastic","COMPUTE","Qcur-8","ROPE","",-1,2,-1,128,16,1,1,8192,0.004011,1,"chunk_size_1"
"CPU_Elastic","COMPUTE","Kcur-8","MUL_MAT","",-1,3,-1,2048,1,1,1,8192,0.095261,1,"chunk_size_1"
"CPU_Elastic","COMPUTE_GRAPH","ggml_cgraph","GRAPH","",-1,4,-1,0,0,0,0,0,0.105626,1,"delegate_cpu_graph"
"CPU_Elastic","COMPUTE","Kcur_normed-8","MUL","",-1,0,-1,2048,1,1,1,8192,0.005000,1,"chunk_size_1"
"CPU_Elastic","COMPUTE","Kcur_normed-8 (reshaped)","RESHAPE","",-1,1,-1,128,16,1,1,8192,0.000573,1,"chunk_size_1"
"CPU_Elastic","COMPUTE","Kcur-8","ROPE","",-1,2,-1,128,16,1,1,8192,0.005573,1,"chunk_size_1"
"CPU_Elastic","COMPUTE","Vcur-8","MUL_MAT","",-1,3,-1,2048,1,1,1,8192,0.093959,1,"chunk_size_1"
"CPU_Elastic","COMPUTE","Vcur-8","RESHAPE","",-1,4,-1,128,16,1,1,8192,0.000520,1,"chunk_size_1"
"CPU_Elastic","COMPUTE","Kcur-8 (view)","VIEW","",-1,5,-1,2048,1,1,1,8192,0.000417,1,"chunk_size_1"
"CPU_Elastic","COMPUTE","cache_k_l8 (view)","SET_ROWS","",-1,6,-1,2048,512,1,1,2097152,0.001875,1,"chunk_size_1"
"CPU_Elastic","COMPUTE","Vcur-8 (view)","VIEW","",-1,7,-1,2048,1,1,1,8192,0.000417,1,"chunk_size_1"
"CPU_Elastic","COMPUTE","cache_v_l8 (view)","SET_ROWS","",-1,8,-1,2048,512,1,1,2097152,0.001614,1,"chunk_size_1"
"CPU_Elastic","COMPUTE","cache_v_l8 (view)","VIEW","",-1,9,-1,128,16,256,1,1048576,0.000468,1,"chunk_size_1"
"CPU_Elastic","COMPUTE","cache_v_l8 (view) (permuted)","PERMUTE","",-1,10,-1,128,256,16,1,1048576,0.000573,1,"chunk_size_1"
"CPU_Elastic","COMPUTE","cache_v_l8 (view) (permuted) (transposed)","TRANSPOSE","",-1,11,-1,256,128,16,1,1048576,0.000468,1,"chunk_size_1"
"CPU_Elastic","COMPUTE","v_cont-8","CONT","",-1,12,-1,256,128,16,1,1048576,0.455938,1,"chunk_size_1"
"CPU_Elastic","COMPUTE","cache_k_l8 (view)","VIEW","",-1,13,-1,128,16,256,1,1048576,0.000417,1,"chunk_size_1"
"CPU_Elastic","COMPUTE","cache_k_l8 (view) (permuted)","PERMUTE","",-1,14,-1,128,256,16,1,1048576,0.000521,1,"chunk_size_1"
"CPU_Elastic","COMPUTE","Qcur-8 (view)","VIEW","",-1,15,-1,128,16,1,1,8192,0.000417,1,"chunk_size_1"
"CPU_Elastic","COMPUTE","Qcur-8 (view) (permuted)","PERMUTE","",-1,16,-1,128,1,16,1,8192,0.000469,1,"chunk_size_1"
"CPU_Elastic","COMPUTE","kq-8","MUL_MAT","",-1,17,-1,256,1,16,1,16384,0.055521,1,"chunk_size_1"
"CPU_Elastic","COMPUTE","kq_soft_max-8","SOFT_MAX","",-1,18,-1,256,1,16,1,16384,0.017395,1,"chunk_size_1"
"CPU_Elastic","COMPUTE","kqv-8","MUL_MAT","",-1,19,-1,128,1,16,1,8192,0.062708,1,"chunk_size_1"
"CPU_Elastic","COMPUTE","kqv-8 (permuted)","PERMUTE","",-1,20,-1,128,16,1,1,8192,0.000521,1,"chunk_size_1"
"CPU_Elastic","COMPUTE","kqv_out-8","CONT","",-1,21,-1,2048,1,1,1,8192,0.004479,1,"chunk_size_1"
"CPU_Elastic","COMPUTE","node_536","MUL_MAT","",-1,22,-1,2048,1,1,1,8192,0.106615,1,"chunk_size_1"
"CPU_Elastic","COMPUTE","ffn_inp-8","ADD","",-1,23,-1,2048,1,1,1,8192,0.005313,1,"chunk_size_1"
"CPU_Elastic","COMPUTE_GRAPH","ggml_cgraph","GRAPH","",-1,24,-1,0,0,0,0,0,0.821771,1,"delegate_cpu_graph"
"CPU_Elastic","COMPUTE","ffn_norm-8","MUL","",-1,0,-1,2048,1,1,1,8192,0.004531,1,"chunk_size_1"
"CPU_Elastic","COMPUTE","ffn_moe_logits-8","MUL_MAT","",-1,1,-1,64,1,1,1,256,0.012969,1,"chunk_size_1"
"CPU_Elastic","COMPUTE","ffn_moe_probs-8","SOFT_MAX","",-1,2,-1,64,1,1,1,256,0.000885,1,"chunk_size_1"
"CPU_Elastic","COMPUTE","ffn_moe_probs-8 (reshaped)","RESHAPE","",-1,3,-1,1,64,1,1,256,0.000521,1,"chunk_size_1"
"CPU_Elastic","COMPUTE","ffn_moe_argsort-8","ARGSORT","",-1,4,-1,64,1,1,1,256,0.009531,1,"chunk_size_1"
"CPU_Elastic","COMPUTE","ffn_moe_topk-8","VIEW","",-1,5,-1,8,1,1,1,32,0.000521,1,"chunk_size_1"
"CPU_Elastic","COMPUTE","ffn_moe_weights-8","GET_ROWS","",-1,6,-1,1,8,1,1,32,0.000521,1,"chunk_size_1"
"CPU_Elastic","COMPUTE","ffn_norm-8 (reshaped)","RESHAPE","",-1,7,-1,2048,1,1,1,8192,0.000416,1,"chunk_size_1"
"CPU_Elastic","COMPUTE","ffn_moe_gate-8","MUL_MAT_ID","",-1,8,-1,1024,8,1,1,32768,0.342864,1,"chunk_size_1"
"CPU_Elastic","COMPUTE","ffn_moe_up-8","MUL_MAT_ID","",-1,9,-1,1024,8,1,1,32768,0.356042,1,"chunk_size_1"
"CPU_Elastic","COMPUTE","ffn_moe_weighted-8","GLU","",-1,10,-1,1024,8,1,1,32768,0.007031,1,"chunk_size_1"
"CPU_Elastic","COMPUTE","ffn_moe_down-8","MUL_MAT_ID","",-1,11,-1,2048,8,1,1,65536,0.357500,1,"chunk_size_1"
"CPU_Elastic","COMPUTE","node_551","MUL","",-1,12,-1,2048,8,1,1,65536,0.109948,1,"chunk_size_1"
"CPU_Elastic","COMPUTE"," (view)","VIEW","",-1,13,-1,2048,1,1,1,8192,0.000625,1,"chunk_size_1"
"CPU_Elastic","COMPUTE","node_551 (view)","VIEW","",-1,14,-1,2048,1,1,1,8192,0.000469,1,"chunk_size_1"
"CPU_Elastic","COMPUTE","node_551 (view)","VIEW","",-1,15,-1,2048,1,1,1,8192,0.000521,1,"chunk_size_1"
"CPU_Elastic","COMPUTE","node_551 (view)","VIEW","",-1,16,-1,2048,1,1,1,8192,0.000468,1,"chunk_size_1"
"CPU_Elastic","COMPUTE","node_551 (view)","VIEW","",-1,17,-1,2048,1,1,1,8192,0.000417,1,"chunk_size_1"
"CPU_Elastic","COMPUTE","node_551 (view)","VIEW","",-1,18,-1,2048,1,1,1,8192,0.000417,1,"chunk_size_1"
"CPU_Elastic","COMPUTE","node_551 (view)","VIEW","",-1,19,-1,2048,1,1,1,8192,0.000469,1,"chunk_size_1"
"CPU_Elastic","COMPUTE","node_551 (view)","VIEW","",-1,20,-1,2048,1,1,1,8192,0.000417,1,"chunk_size_1"
"CPU_Elastic","COMPUTE","node_560","ADD","",-1,21,-1,2048,1,1,1,8192,0.004844,1,"chunk_size_1"
"CPU_Elastic","COMPUTE","node_561","ADD","",-1,22,-1,2048,1,1,1,8192,0.005053,1,"chunk_size_1"
"CPU_Elastic","COMPUTE","node_562","ADD","",-1,23,-1,2048,1,1,1,8192,0.003594,1,"chunk_size_1"
"CPU_Elastic","COMPUTE","node_563","ADD","",-1,24,-1,2048,1,1,1,8192,0.004948,1,"chunk_size_1"
"CPU_Elastic","COMPUTE","node_564","ADD","",-1,25,-1,2048,1,1,1,8192,0.005104,1,"chunk_size_1"
"CPU_Elastic","COMPUTE","node_565","ADD","",-1,26,-1,2048,1,1,1,8192,0.003854,1,"chunk_size_1"
"CPU_Elastic","COMPUTE","ffn_moe_out-8","ADD","",-1,27,-1,2048,1,1,1,8192,0.003594,1,"chunk_size_1"
"CPU_Elastic","COMPUTE","l_out-8","ADD","",-1,28,-1,2048,1,1,1,8192,0.005156,1,"chunk_size_1"
"CPU_Elastic","COMPUTE_GRAPH","ggml_cgraph","GRAPH","",-1,29,-1,0,0,0,0,0,1.243230,1,"delegate_cpu_graph"
"CPU_Elastic","COMPUTE","attn_norm-9","MUL","",-1,0,-1,2048,1,1,1,8192,0.006615,1,"chunk_size_1"
"CPU_Elastic","COMPUTE","Qcur-9","MUL_MAT","",-1,1,-1,2048,1,1,1,8192,0.095157,1,"chunk_size_1"
"CPU_Elastic","COMPUTE_GRAPH","ggml_cgraph","GRAPH","",-1,2,-1,0,0,0,0,0,0.101772,1,"delegate_cpu_graph"
"CPU_Elastic","COMPUTE","Qcur_normed-9","MUL","",-1,0,-1,2048,1,1,1,8192,0.005469,1,"chunk_size_1"
"CPU_Elastic","COMPUTE","Qcur_normed-9 (reshaped)","RESHAPE","",-1,1,-1,128,16,1,1,8192,0.000573,1,"chunk_size_1"
"CPU_Elastic","COMPUTE","Qcur-9","ROPE","",-1,2,-1,128,16,1,1,8192,0.004740,1,"chunk_size_1"
"CPU_Elastic","COMPUTE","Kcur-9","MUL_MAT","",-1,3,-1,2048,1,1,1,8192,0.095468,1,"chunk_size_1"
"CPU_Elastic","COMPUTE_GRAPH","ggml_cgraph","GRAPH","",-1,4,-1,0,0,0,0,0,0.106250,1,"delegate_cpu_graph"
"CPU_Elastic","COMPUTE","Kcur_normed-9","MUL","",-1,0,-1,2048,1,1,1,8192,0.005730,1,"chunk_size_1"
"CPU_Elastic","COMPUTE","Kcur_normed-9 (reshaped)","RESHAPE","",-1,1,-1,128,16,1,1,8192,0.000573,1,"chunk_size_1"
"CPU_Elastic","COMPUTE","Kcur-9","ROPE","",-1,2,-1,128,16,1,1,8192,0.005833,1,"chunk_size_1"
"CPU_Elastic","COMPUTE","Vcur-9","MUL_MAT","",-1,3,-1,2048,1,1,1,8192,0.095365,1,"chunk_size_1"
"CPU_Elastic","COMPUTE","Vcur-9","RESHAPE","",-1,4,-1,128,16,1,1,8192,0.000573,1,"chunk_size_1"
"CPU_Elastic","COMPUTE","Kcur-9 (view)","VIEW","",-1,5,-1,2048,1,1,1,8192,0.000468,1,"chunk_size_1"
"CPU_Elastic","COMPUTE","cache_k_l9 (view)","SET_ROWS","",-1,6,-1,2048,512,1,1,2097152,0.001875,1,"chunk_size_1"
"CPU_Elastic","COMPUTE","Vcur-9 (view)","VIEW","",-1,7,-1,2048,1,1,1,8192,0.000521,1,"chunk_size_1"
"CPU_Elastic","COMPUTE","cache_v_l9 (view)","SET_ROWS","",-1,8,-1,2048,512,1,1,2097152,0.001614,1,"chunk_size_1"
"CPU_Elastic","COMPUTE","cache_v_l9 (view)","VIEW","",-1,9,-1,128,16,256,1,1048576,0.000365,1,"chunk_size_1"
"CPU_Elastic","COMPUTE","cache_v_l9 (view) (permuted)","PERMUTE","",-1,10,-1,128,256,16,1,1048576,0.000521,1,"chunk_size_1"
"CPU_Elastic","COMPUTE","cache_v_l9 (view) (permuted) (transposed)","TRANSPOSE","",-1,11,-1,256,128,16,1,1048576,0.000573,1,"chunk_size_1"
"CPU_Elastic","COMPUTE","v_cont-9","CONT","",-1,12,-1,256,128,16,1,1048576,0.452656,1,"chunk_size_1"
"CPU_Elastic","COMPUTE","cache_k_l9 (view)","VIEW","",-1,13,-1,128,16,256,1,1048576,0.000521,1,"chunk_size_1"
"CPU_Elastic","COMPUTE","cache_k_l9 (view) (permuted)","PERMUTE","",-1,14,-1,128,256,16,1,1048576,0.000469,1,"chunk_size_1"
"CPU_Elastic","COMPUTE","Qcur-9 (view)","VIEW","",-1,15,-1,128,16,1,1,8192,0.000468,1,"chunk_size_1"
"CPU_Elastic","COMPUTE","Qcur-9 (view) (permuted)","PERMUTE","",-1,16,-1,128,1,16,1,8192,0.000417,1,"chunk_size_1"
"CPU_Elastic","COMPUTE","kq-9","MUL_MAT","",-1,17,-1,256,1,16,1,16384,0.054791,1,"chunk_size_1"
"CPU_Elastic","COMPUTE","kq_soft_max-9","SOFT_MAX","",-1,18,-1,256,1,16,1,16384,0.018281,1,"chunk_size_1"
"CPU_Elastic","COMPUTE","kqv-9","MUL_MAT","",-1,19,-1,128,1,16,1,8192,0.041458,1,"chunk_size_1"
"CPU_Elastic","COMPUTE","kqv-9 (permuted)","PERMUTE","",-1,20,-1,128,16,1,1,8192,0.000521,1,"chunk_size_1"
"CPU_Elastic","COMPUTE","kqv_out-9","CONT","",-1,21,-1,2048,1,1,1,8192,0.004531,1,"chunk_size_1"
"CPU_Elastic","COMPUTE","node_599","MUL_MAT","",-1,22,-1,2048,1,1,1,8192,0.106198,1,"chunk_size_1"
"CPU_Elastic","COMPUTE","ffn_inp-9","ADD","",-1,23,-1,2048,1,1,1,8192,0.004948,1,"chunk_size_1"
"CPU_Elastic","COMPUTE_GRAPH","ggml_cgraph","GRAPH","",-1,24,-1,0,0,0,0,0,0.799270,1,"delegate_cpu_graph"
"CPU_Elastic","COMPUTE","ffn_norm-9","MUL","",-1,0,-1,2048,1,1,1,8192,0.005989,1,"chunk_size_1"
"CPU_Elastic","COMPUTE","ffn_moe_logits-9","MUL_MAT","",-1,1,-1,64,1,1,1,256,0.014219,1,"chunk_size_1"
"CPU_Elastic","COMPUTE","ffn_moe_probs-9","SOFT_MAX","",-1,2,-1,64,1,1,1,256,0.000990,1,"chunk_size_1"
"CPU_Elastic","COMPUTE","ffn_moe_probs-9 (reshaped)","RESHAPE","",-1,3,-1,1,64,1,1,256,0.000468,1,"chunk_size_1"
"CPU_Elastic","COMPUTE","ffn_moe_argsort-9","ARGSORT","",-1,4,-1,64,1,1,1,256,0.009479,1,"chunk_size_1"
"CPU_Elastic","COMPUTE","ffn_moe_topk-9","VIEW","",-1,5,-1,8,1,1,1,32,0.000573,1,"chunk_size_1"
"CPU_Elastic","COMPUTE","ffn_moe_weights-9","GET_ROWS","",-1,6,-1,1,8,1,1,32,0.000521,1,"chunk_size_1"
"CPU_Elastic","COMPUTE","ffn_norm-9 (reshaped)","RESHAPE","",-1,7,-1,2048,1,1,1,8192,0.000469,1,"chunk_size_1"
"CPU_Elastic","COMPUTE","ffn_moe_gate-9","MUL_MAT_ID","",-1,8,-1,1024,8,1,1,32768,0.340729,1,"chunk_size_1"
"CPU_Elastic","COMPUTE","ffn_moe_up-9","MUL_MAT_ID","",-1,9,-1,1024,8,1,1,32768,0.359583,1,"chunk_size_1"
"CPU_Elastic","COMPUTE","ffn_moe_weighted-9","GLU","",-1,10,-1,1024,8,1,1,32768,0.006145,1,"chunk_size_1"
"CPU_Elastic","COMPUTE","ffn_moe_down-9","MUL_MAT_ID","",-1,11,-1,2048,8,1,1,65536,0.378282,1,"chunk_size_1"
"CPU_Elastic","COMPUTE","node_614","MUL","",-1,12,-1,2048,8,1,1,65536,0.031355,1,"chunk_size_1"
"CPU_Elastic","COMPUTE"," (view)","VIEW","",-1,13,-1,2048,1,1,1,8192,0.000521,1,"chunk_size_1"
"CPU_Elastic","COMPUTE","node_614 (view)","VIEW","",-1,14,-1,2048,1,1,1,8192,0.000416,1,"chunk_size_1"
"CPU_Elastic","COMPUTE","node_614 (view)","VIEW","",-1,15,-1,2048,1,1,1,8192,0.000365,1,"chunk_size_1"
"CPU_Elastic","COMPUTE","node_614 (view)","VIEW","",-1,16,-1,2048,1,1,1,8192,0.000521,1,"chunk_size_1"
"CPU_Elastic","COMPUTE","node_614 (view)","VIEW","",-1,17,-1,2048,1,1,1,8192,0.000416,1,"chunk_size_1"
"CPU_Elastic","COMPUTE","node_614 (view)","VIEW","",-1,18,-1,2048,1,1,1,8192,0.000417,1,"chunk_size_1"
"CPU_Elastic","COMPUTE","node_614 (view)","VIEW","",-1,19,-1,2048,1,1,1,8192,0.000417,1,"chunk_size_1"
"CPU_Elastic","COMPUTE","node_614 (view)","VIEW","",-1,20,-1,2048,1,1,1,8192,0.000469,1,"chunk_size_1"
"CPU_Elastic","COMPUTE","node_623","ADD","",-1,21,-1,2048,1,1,1,8192,0.004635,1,"chunk_size_1"
"CPU_Elastic","COMPUTE","node_624","ADD","",-1,22,-1,2048,1,1,1,8192,0.003906,1,"chunk_size_1"
"CPU_Elastic","COMPUTE","node_625","ADD","",-1,23,-1,2048,1,1,1,8192,0.003959,1,"chunk_size_1"
"CPU_Elastic","COMPUTE","node_626","ADD","",-1,24,-1,2048,1,1,1,8192,0.004375,1,"chunk_size_1"
"CPU_Elastic","COMPUTE","node_627","ADD","",-1,25,-1,2048,1,1,1,8192,0.003854,1,"chunk_size_1"
"CPU_Elastic","COMPUTE","node_628","ADD","",-1,26,-1,2048,1,1,1,8192,0.004427,1,"chunk_size_1"
"CPU_Elastic","COMPUTE","ffn_moe_out-9","ADD","",-1,27,-1,2048,1,1,1,8192,0.003698,1,"chunk_size_1"
"CPU_Elastic","COMPUTE","l_out-9","ADD","",-1,28,-1,2048,1,1,1,8192,0.013281,1,"chunk_size_1"
"CPU_Elastic","COMPUTE_GRAPH","ggml_cgraph","GRAPH","",-1,29,-1,0,0,0,0,0,1.194479,1,"delegate_cpu_graph"
"CPU_Elastic","COMPUTE","attn_norm-10","MUL","",-1,0,-1,2048,1,1,1,8192,0.005834,1,"chunk_size_1"
"CPU_Elastic","COMPUTE","Qcur-10","MUL_MAT","",-1,1,-1,2048,1,1,1,8192,0.094531,1,"chunk_size_1"
"CPU_Elastic","COMPUTE_GRAPH","ggml_cgraph","GRAPH","",-1,2,-1,0,0,0,0,0,0.100365,1,"delegate_cpu_graph"
"CPU_Elastic","COMPUTE","Qcur_normed-10","MUL","",-1,0,-1,2048,1,1,1,8192,0.005989,1,"chunk_size_1"
"CPU_Elastic","COMPUTE","Qcur_normed-10 (reshaped)","RESHAPE","",-1,1,-1,128,16,1,1,8192,0.000521,1,"chunk_size_1"
"CPU_Elastic","COMPUTE","Qcur-10","ROPE","",-1,2,-1,128,16,1,1,8192,0.005938,1,"chunk_size_1"
"CPU_Elastic","COMPUTE","Kcur-10","MUL_MAT","",-1,3,-1,2048,1,1,1,8192,0.096250,1,"chunk_size_1"
"CPU_Elastic","COMPUTE_GRAPH","ggml_cgraph","GRAPH","",-1,4,-1,0,0,0,0,0,0.108698,1,"delegate_cpu_graph"
"CPU_Elastic","COMPUTE","Kcur_normed-10","MUL","",-1,0,-1,2048,1,1,1,8192,0.005521,1,"chunk_size_1"
"CPU_Elastic","COMPUTE","Kcur_normed-10 (reshaped)","RESHAPE","",-1,1,-1,128,16,1,1,8192,0.000521,1,"chunk_size_1"
"CPU_Elastic","COMPUTE","Kcur-10","ROPE","",-1,2,-1,128,16,1,1,8192,0.005833,1,"chunk_size_1"
"CPU_Elastic","COMPUTE","Vcur-10","MUL_MAT","",-1,3,-1,2048,1,1,1,8192,0.131094,1,"chunk_size_1"
"CPU_Elastic","COMPUTE","Vcur-10","RESHAPE","",-1,4,-1,128,16,1,1,8192,0.000625,1,"chunk_size_1"
"CPU_Elastic","COMPUTE","Kcur-10 (view)","VIEW","",-1,5,-1,2048,1,1,1,8192,0.000416,1,"chunk_size_1"
"CPU_Elastic","COMPUTE","cache_k_l10 (view)","SET_ROWS","",-1,6,-1,2048,512,1,1,2097152,0.001875,1,"chunk_size_1"
"CPU_Elastic","COMPUTE","Vcur-10 (view)","VIEW","",-1,7,-1,2048,1,1,1,8192,0.000417,1,"chunk_size_1"
"CPU_Elastic","COMPUTE","cache_v_l10 (view)","SET_ROWS","",-1,8,-1,2048,512,1,1,2097152,0.001719,1,"chunk_size_1"
"CPU_Elastic","COMPUTE","cache_v_l10 (view)","VIEW","",-1,9,-1,128,16,256,1,1048576,0.000417,1,"chunk_size_1"
"CPU_Elastic","COMPUTE","cache_v_l10 (view) (permuted)","PERMUTE","",-1,10,-1,128,256,16,1,1048576,0.000521,1,"chunk_size_1"
"CPU_Elastic","COMPUTE","cache_v_l10 (view) (permuted) (transposed)","TRANSPOSE","",-1,11,-1,256,128,16,1,1048576,0.000469,1,"chunk_size_1"
"CPU_Elastic","COMPUTE","v_cont-10","CONT","",-1,12,-1,256,128,16,1,1048576,0.454427,1,"chunk_size_1"
"CPU_Elastic","COMPUTE","cache_k_l10 (view)","VIEW","",-1,13,-1,128,16,256,1,1048576,0.000521,1,"chunk_size_1"
"CPU_Elastic","COMPUTE","cache_k_l10 (view) (permuted)","PERMUTE","",-1,14,-1,128,256,16,1,1048576,0.000417,1,"chunk_size_1"
"CPU_Elastic","COMPUTE","Qcur-10 (view)","VIEW","",-1,15,-1,128,16,1,1,8192,0.000469,1,"chunk_size_1"
"CPU_Elastic","COMPUTE","Qcur-10 (view) (permuted)","PERMUTE","",-1,16,-1,128,1,16,1,8192,0.000521,1,"chunk_size_1"
"CPU_Elastic","COMPUTE","kq-10","MUL_MAT","",-1,17,-1,256,1,16,1,16384,0.056563,1,"chunk_size_1"
"CPU_Elastic","COMPUTE","kq_soft_max-10","SOFT_MAX","",-1,18,-1,256,1,16,1,16384,0.017604,1,"chunk_size_1"
"CPU_Elastic","COMPUTE","kqv-10","MUL_MAT","",-1,19,-1,128,1,16,1,8192,0.041563,1,"chunk_size_1"
"CPU_Elastic","COMPUTE","kqv-10 (permuted)","PERMUTE","",-1,20,-1,128,16,1,1,8192,0.000625,1,"chunk_size_1"
"CPU_Elastic","COMPUTE","kqv_out-10","CONT","",-1,21,-1,2048,1,1,1,8192,0.005208,1,"chunk_size_1"
"CPU_Elastic","COMPUTE","node_662","MUL_MAT","",-1,22,-1,2048,1,1,1,8192,0.106406,1,"chunk_size_1"
"CPU_Elastic","COMPUTE","ffn_inp-10","ADD","",-1,23,-1,2048,1,1,1,8192,0.004271,1,"chunk_size_1"
"CPU_Elastic","COMPUTE_GRAPH","ggml_cgraph","GRAPH","",-1,24,-1,0,0,0,0,0,0.838023,1,"delegate_cpu_graph"
"CPU_Elastic","COMPUTE","ffn_norm-10","MUL","",-1,0,-1,2048,1,1,1,8192,0.005000,1,"chunk_size_1"
"CPU_Elastic","COMPUTE","ffn_moe_logits-10","MUL_MAT","",-1,1,-1,64,1,1,1,256,0.015313,1,"chunk_size_1"
"CPU_Elastic","COMPUTE","ffn_moe_probs-10","SOFT_MAX","",-1,2,-1,64,1,1,1,256,0.000990,1,"chunk_size_1"
"CPU_Elastic","COMPUTE","ffn_moe_probs-10 (reshaped)","RESHAPE","",-1,3,-1,1,64,1,1,256,0.000469,1,"chunk_size_1"
"CPU_Elastic","COMPUTE","ffn_moe_argsort-10","ARGSORT","",-1,4,-1,64,1,1,1,256,0.010000,1,"chunk_size_1"
"CPU_Elastic","COMPUTE","ffn_moe_topk-10","VIEW","",-1,5,-1,8,1,1,1,32,0.000625,1,"chunk_size_1"
"CPU_Elastic","COMPUTE","ffn_moe_weights-10","GET_ROWS","",-1,6,-1,1,8,1,1,32,0.000573,1,"chunk_size_1"
"CPU_Elastic","COMPUTE","ffn_norm-10 (reshaped)","RESHAPE","",-1,7,-1,2048,1,1,1,8192,0.000417,1,"chunk_size_1"
"CPU_Elastic","COMPUTE","ffn_moe_gate-10","MUL_MAT_ID","",-1,8,-1,1024,8,1,1,32768,0.347448,1,"chunk_size_1"
"CPU_Elastic","COMPUTE","ffn_moe_up-10","MUL_MAT_ID","",-1,9,-1,1024,8,1,1,32768,0.375573,1,"chunk_size_1"
"CPU_Elastic","COMPUTE","ffn_moe_weighted-10","GLU","",-1,10,-1,1024,8,1,1,32768,0.008541,1,"chunk_size_1"
"CPU_Elastic","COMPUTE","ffn_moe_down-10","MUL_MAT_ID","",-1,11,-1,2048,8,1,1,65536,0.501041,1,"chunk_size_1"
"CPU_Elastic","COMPUTE","node_677","MUL","",-1,12,-1,2048,8,1,1,65536,0.031458,1,"chunk_size_1"
"CPU_Elastic","COMPUTE"," (view)","VIEW","",-1,13,-1,2048,1,1,1,8192,0.000573,1,"chunk_size_1"
"CPU_Elastic","COMPUTE","node_677 (view)","VIEW","",-1,14,-1,2048,1,1,1,8192,0.000417,1,"chunk_size_1"
"CPU_Elastic","COMPUTE","node_677 (view)","VIEW","",-1,15,-1,2048,1,1,1,8192,0.000468,1,"chunk_size_1"
"CPU_Elastic","COMPUTE","node_677 (view)","VIEW","",-1,16,-1,2048,1,1,1,8192,0.000469,1,"chunk_size_1"
"CPU_Elastic","COMPUTE","node_677 (view)","VIEW","",-1,17,-1,2048,1,1,1,8192,0.000521,1,"chunk_size_1"
"CPU_Elastic","COMPUTE","node_677 (view)","VIEW","",-1,18,-1,2048,1,1,1,8192,0.000417,1,"chunk_size_1"
"CPU_Elastic","COMPUTE","node_677 (view)","VIEW","",-1,19,-1,2048,1,1,1,8192,0.000417,1,"chunk_size_1"
"CPU_Elastic","COMPUTE","node_677 (view)","VIEW","",-1,20,-1,2048,1,1,1,8192,0.000417,1,"chunk_size_1"
"CPU_Elastic","COMPUTE","node_686","ADD","",-1,21,-1,2048,1,1,1,8192,0.004583,1,"chunk_size_1"
"CPU_Elastic","COMPUTE","node_687","ADD","",-1,22,-1,2048,1,1,1,8192,0.005313,1,"chunk_size_1"
"CPU_Elastic","COMPUTE","node_688","ADD","",-1,23,-1,2048,1,1,1,8192,0.004375,1,"chunk_size_1"
"CPU_Elastic","COMPUTE","node_689","ADD","",-1,24,-1,2048,1,1,1,8192,0.005573,1,"chunk_size_1"
"CPU_Elastic","COMPUTE","node_690","ADD","",-1,25,-1,2048,1,1,1,8192,0.005781,1,"chunk_size_1"
"CPU_Elastic","COMPUTE","node_691","ADD","",-1,26,-1,2048,1,1,1,8192,0.005209,1,"chunk_size_1"
"CPU_Elastic","COMPUTE","ffn_moe_out-10","ADD","",-1,27,-1,2048,1,1,1,8192,0.003854,1,"chunk_size_1"
"CPU_Elastic","COMPUTE","l_out-10","ADD","",-1,28,-1,2048,1,1,1,8192,0.005000,1,"chunk_size_1"
"CPU_Elastic","COMPUTE_GRAPH","ggml_cgraph","GRAPH","",-1,29,-1,0,0,0,0,0,1.340835,1,"delegate_cpu_graph"
"CPU_Elastic","COMPUTE","attn_norm-11","MUL","",-1,0,-1,2048,1,1,1,8192,0.006406,1,"chunk_size_1"
"CPU_Elastic","COMPUTE","Qcur-11","MUL_MAT","",-1,1,-1,2048,1,1,1,8192,0.100521,1,"chunk_size_1"
"CPU_Elastic","COMPUTE_GRAPH","ggml_cgraph","GRAPH","",-1,2,-1,0,0,0,0,0,0.106927,1,"delegate_cpu_graph"
"CPU_Elastic","COMPUTE","Qcur_normed-11","MUL","",-1,0,-1,2048,1,1,1,8192,0.005886,1,"chunk_size_1"
"CPU_Elastic","COMPUTE","Qcur_normed-11 (reshaped)","RESHAPE","",-1,1,-1,128,16,1,1,8192,0.000573,1,"chunk_size_1"
"CPU_Elastic","COMPUTE","Qcur-11","ROPE","",-1,2,-1,128,16,1,1,8192,0.004479,1,"chunk_size_1"
"CPU_Elastic","COMPUTE","Kcur-11","MUL_MAT","",-1,3,-1,2048,1,1,1,8192,0.097448,1,"chunk_size_1"
"CPU_Elastic","COMPUTE_GRAPH","ggml_cgraph","GRAPH","",-1,4,-1,0,0,0,0,0,0.108386,1,"delegate_cpu_graph"
"CPU_Elastic","COMPUTE","Kcur_normed-11","MUL","",-1,0,-1,2048,1,1,1,8192,0.005417,1,"chunk_size_1"
"CPU_Elastic","COMPUTE","Kcur_normed-11 (reshaped)","RESHAPE","",-1,1,-1,128,16,1,1,8192,0.000625,1,"chunk_size_1"
"CPU_Elastic","COMPUTE","Kcur-11","ROPE","",-1,2,-1,128,16,1,1,8192,0.005052,1,"chunk_size_1"
"CPU_Elastic","COMPUTE","Vcur-11","MUL_MAT","",-1,3,-1,2048,1,1,1,8192,0.100521,1,"chunk_size_1"
"CPU_Elastic","COMPUTE","Vcur-11","RESHAPE","",-1,4,-1,128,16,1,1,8192,0.000573,1,"chunk_size_1"
"CPU_Elastic","COMPUTE","Kcur-11 (view)","VIEW","",-1,5,-1,2048,1,1,1,8192,0.000573,1,"chunk_size_1"
"CPU_Elastic","COMPUTE","cache_k_l11 (view)","SET_ROWS","",-1,6,-1,2048,512,1,1,2097152,0.001771,1,"chunk_size_1"
"CPU_Elastic","COMPUTE","Vcur-11 (view)","VIEW","",-1,7,-1,2048,1,1,1,8192,0.000417,1,"chunk_size_1"
"CPU_Elastic","COMPUTE","cache_v_l11 (view)","SET_ROWS","",-1,8,-1,2048,512,1,1,2097152,0.001614,1,"chunk_size_1"
"CPU_Elastic","COMPUTE","cache_v_l11 (view)","VIEW","",-1,9,-1,128,16,256,1,1048576,0.000521,1,"chunk_size_1"
"CPU_Elastic","COMPUTE","cache_v_l11 (view) (permuted)","PERMUTE","",-1,10,-1,128,256,16,1,1048576,0.000469,1,"chunk_size_1"
"CPU_Elastic","COMPUTE","cache_v_l11 (view) (permuted) (transposed)","TRANSPOSE","",-1,11,-1,256,128,16,1,1048576,0.000417,1,"chunk_size_1"
"CPU_Elastic","COMPUTE","v_cont-11","CONT","",-1,12,-1,256,128,16,1,1048576,0.475469,1,"chunk_size_1"
"CPU_Elastic","COMPUTE","cache_k_l11 (view)","VIEW","",-1,13,-1,128,16,256,1,1048576,0.000677,1,"chunk_size_1"
"CPU_Elastic","COMPUTE","cache_k_l11 (view) (permuted)","PERMUTE","",-1,14,-1,128,256,16,1,1048576,0.000625,1,"chunk_size_1"
"CPU_Elastic","COMPUTE","Qcur-11 (view)","VIEW","",-1,15,-1,128,16,1,1,8192,0.000417,1,"chunk_size_1"
"CPU_Elastic","COMPUTE","Qcur-11 (view) (permuted)","PERMUTE","",-1,16,-1,128,1,16,1,8192,0.000416,1,"chunk_size_1"
"CPU_Elastic","COMPUTE","kq-11","MUL_MAT","",-1,17,-1,256,1,16,1,16384,0.038125,1,"chunk_size_1"
"CPU_Elastic","COMPUTE","kq_soft_max-11","SOFT_MAX","",-1,18,-1,256,1,16,1,16384,0.016719,1,"chunk_size_1"
"CPU_Elastic","COMPUTE","kqv-11","MUL_MAT","",-1,19,-1,128,1,16,1,8192,0.042187,1,"chunk_size_1"
"CPU_Elastic","COMPUTE","kqv-11 (permuted)","PERMUTE","",-1,20,-1,128,16,1,1,8192,0.000521,1,"chunk_size_1"
"CPU_Elastic","COMPUTE","kqv_out-11","CONT","",-1,21,-1,2048,1,1,1,8192,0.005157,1,"chunk_size_1"
"CPU_Elastic","COMPUTE","node_725","MUL_MAT","",-1,22,-1,2048,1,1,1,8192,0.108281,1,"chunk_size_1"
"CPU_Elastic","COMPUTE","ffn_inp-11","ADD","",-1,23,-1,2048,1,1,1,8192,0.005104,1,"chunk_size_1"
"CPU_Elastic","COMPUTE_GRAPH","ggml_cgraph","GRAPH","",-1,24,-1,0,0,0,0,0,0.811668,1,"delegate_cpu_graph"
"CPU_Elastic","COMPUTE","ffn_norm-11","MUL","",-1,0,-1,2048,1,1,1,8192,0.005521,1,"chunk_size_1"
"CPU_Elastic","COMPUTE","ffn_moe_logits-11","MUL_MAT","",-1,1,-1,64,1,1,1,256,0.016250,1,"chunk_size_1"
"CPU_Elastic","COMPUTE","ffn_moe_probs-11","SOFT_MAX","",-1,2,-1,64,1,1,1,256,0.001093,1,"chunk_size_1"
"CPU_Elastic","COMPUTE","ffn_moe_probs-11 (reshaped)","RESHAPE","",-1,3,-1,1,64,1,1,256,0.000521,1,"chunk_size_1"
"CPU_Elastic","COMPUTE","ffn_moe_argsort-11","ARGSORT","",-1,4,-1,64,1,1,1,256,0.011042,1,"chunk_size_1"
"CPU_Elastic","COMPUTE","ffn_moe_topk-11","VIEW","",-1,5,-1,8,1,1,1,32,0.000521,1,"chunk_size_1"
"CPU_Elastic","COMPUTE","ffn_moe_weights-11","GET_ROWS","",-1,6,-1,1,8,1,1,32,0.000521,1,"chunk_size_1"
"CPU_Elastic","COMPUTE","ffn_norm-11 (reshaped)","RESHAPE","",-1,7,-1,2048,1,1,1,8192,0.000468,1,"chunk_size_1"
"CPU_Elastic","COMPUTE","ffn_moe_gate-11","MUL_MAT_ID","",-1,8,-1,1024,8,1,1,32768,0.490573,1,"chunk_size_1"
"CPU_Elastic","COMPUTE","ffn_moe_up-11","MUL_MAT_ID","",-1,9,-1,1024,8,1,1,32768,0.347656,1,"chunk_size_1"
"CPU_Elastic","COMPUTE","ffn_moe_weighted-11","GLU","",-1,10,-1,1024,8,1,1,32768,0.025833,1,"chunk_size_1"
"CPU_Elastic","COMPUTE","ffn_moe_down-11","MUL_MAT_ID","",-1,11,-1,2048,8,1,1,65536,0.383385,1,"chunk_size_1"
"CPU_Elastic","COMPUTE","node_740","MUL","",-1,12,-1,2048,8,1,1,65536,0.029323,1,"chunk_size_1"
"CPU_Elastic","COMPUTE"," (view)","VIEW","",-1,13,-1,2048,1,1,1,8192,0.000520,1,"chunk_size_1"
"CPU_Elastic","COMPUTE","node_740 (view)","VIEW","",-1,14,-1,2048,1,1,1,8192,0.000521,1,"chunk_size_1"
"CPU_Elastic","COMPUTE","node_740 (view)","VIEW","",-1,15,-1,2048,1,1,1,8192,0.000365,1,"chunk_size_1"
"CPU_Elastic","COMPUTE","node_740 (view)","VIEW","",-1,16,-1,2048,1,1,1,8192,0.000417,1,"chunk_size_1"
"CPU_Elastic","COMPUTE","node_740 (view)","VIEW","",-1,17,-1,2048,1,1,1,8192,0.000416,1,"chunk_size_1"
"CPU_Elastic","COMPUTE","node_740 (view)","VIEW","",-1,18,-1,2048,1,1,1,8192,0.000469,1,"chunk_size_1"
"CPU_Elastic","COMPUTE","node_740 (view)","VIEW","",-1,19,-1,2048,1,1,1,8192,0.000417,1,"chunk_size_1"
"CPU_Elastic","COMPUTE","node_740 (view)","VIEW","",-1,20,-1,2048,1,1,1,8192,0.000417,1,"chunk_size_1"
"CPU_Elastic","COMPUTE","node_749","ADD","",-1,21,-1,2048,1,1,1,8192,0.003542,1,"chunk_size_1"
"CPU_Elastic","COMPUTE","node_750","ADD","",-1,22,-1,2048,1,1,1,8192,0.003698,1,"chunk_size_1"
"CPU_Elastic","COMPUTE","node_751","ADD","",-1,23,-1,2048,1,1,1,8192,0.004948,1,"chunk_size_1"
"CPU_Elastic","COMPUTE","node_752","ADD","",-1,24,-1,2048,1,1,1,8192,0.005417,1,"chunk_size_1"
"CPU_Elastic","COMPUTE","node_753","ADD","",-1,25,-1,2048,1,1,1,8192,0.005156,1,"chunk_size_1"
"CPU_Elastic","COMPUTE","node_754","ADD","",-1,26,-1,2048,1,1,1,8192,0.003542,1,"chunk_size_1"
"CPU_Elastic","COMPUTE","ffn_moe_out-11","ADD","",-1,27,-1,2048,1,1,1,8192,0.003750,1,"chunk_size_1"
"CPU_Elastic","COMPUTE","l_out-11","ADD","",-1,28,-1,2048,1,1,1,8192,0.005313,1,"chunk_size_1"
"CPU_Elastic","COMPUTE_GRAPH","ggml_cgraph","GRAPH","",-1,29,-1,0,0,0,0,0,1.351615,1,"delegate_cpu_graph"
"CPU_Elastic","COMPUTE","attn_norm-12","MUL","",-1,0,-1,2048,1,1,1,8192,0.005729,1,"chunk_size_1"
"CPU_Elastic","COMPUTE","Qcur-12","MUL_MAT","",-1,1,-1,2048,1,1,1,8192,0.100833,1,"chunk_size_1"
"CPU_Elastic","COMPUTE_GRAPH","ggml_cgraph","GRAPH","",-1,2,-1,0,0,0,0,0,0.106562,1,"delegate_cpu_graph"
"CPU_Elastic","COMPUTE","Qcur_normed-12","MUL","",-1,0,-1,2048,1,1,1,8192,0.006302,1,"chunk_size_1"
"CPU_Elastic","COMPUTE","Qcur_normed-12 (reshaped)","RESHAPE","",-1,1,-1,128,16,1,1,8192,0.000573,1,"chunk_size_1"
"CPU_Elastic","COMPUTE","Qcur-12","ROPE","",-1,2,-1,128,16,1,1,8192,0.005729,1,"chunk_size_1"
"CPU_Elastic","COMPUTE","Kcur-12","MUL_MAT","",-1,3,-1,2048,1,1,1,8192,0.100937,1,"chunk_size_1"
"CPU_Elastic","COMPUTE_GRAPH","ggml_cgraph","GRAPH","",-1,4,-1,0,0,0,0,0,0.113541,1,"delegate_cpu_graph"
"CPU_Elastic","COMPUTE","Kcur_normed-12","MUL","",-1,0,-1,2048,1,1,1,8192,0.004792,1,"chunk_size_1"
"CPU_Elastic","COMPUTE","Kcur_normed-12 (reshaped)","RESHAPE","",-1,1,-1,128,16,1,1,8192,0.000521,1,"chunk_size_1"
"CPU_Elastic","COMPUTE","Kcur-12","ROPE","",-1,2,-1,128,16,1,1,8192,0.005209,1,"chunk_size_1"
"CPU_Elastic","COMPUTE","Vcur-12","MUL_MAT","",-1,3,-1,2048,1,1,1,8192,0.100989,1,"chunk_size_1"
"CPU_Elastic","COMPUTE","Vcur-12","RESHAPE","",-1,4,-1,128,16,1,1,8192,0.000521,1,"chunk_size_1"
"CPU_Elastic","COMPUTE","Kcur-12 (view)","VIEW","",-1,5,-1,2048,1,1,1,8192,0.000416,1,"chunk_size_1"
"CPU_Elastic","COMPUTE","cache_k_l12 (view)","SET_ROWS","",-1,6,-1,2048,512,1,1,2097152,0.001980,1,"chunk_size_1"
"CPU_Elastic","COMPUTE","Vcur-12 (view)","VIEW","",-1,7,-1,2048,1,1,1,8192,0.000469,1,"chunk_size_1"
"CPU_Elastic","COMPUTE","cache_v_l12 (view)","SET_ROWS","",-1,8,-1,2048,512,1,1,2097152,0.001667,1,"chunk_size_1"
"CPU_Elastic","COMPUTE","cache_v_l12 (view)","VIEW","",-1,9,-1,128,16,256,1,1048576,0.000417,1,"chunk_size_1"
"CPU_Elastic","COMPUTE","cache_v_l12 (view) (permuted)","PERMUTE","",-1,10,-1,128,256,16,1,1048576,0.000573,1,"chunk_size_1"
"CPU_Elastic","COMPUTE","cache_v_l12 (view) (permuted) (transposed)","TRANSPOSE","",-1,11,-1,256,128,16,1,1048576,0.000417,1,"chunk_size_1"
"CPU_Elastic","COMPUTE","v_cont-12","CONT","",-1,12,-1,256,128,16,1,1048576,0.476563,1,"chunk_size_1"
"CPU_Elastic","COMPUTE","cache_k_l12 (view)","VIEW","",-1,13,-1,128,16,256,1,1048576,0.000625,1,"chunk_size_1"
"CPU_Elastic","COMPUTE","cache_k_l12 (view) (permuted)","PERMUTE","",-1,14,-1,128,256,16,1,1048576,0.000625,1,"chunk_size_1"
"CPU_Elastic","COMPUTE","Qcur-12 (view)","VIEW","",-1,15,-1,128,16,1,1,8192,0.000417,1,"chunk_size_1"
"CPU_Elastic","COMPUTE","Qcur-12 (view) (permuted)","PERMUTE","",-1,16,-1,128,1,16,1,8192,0.000416,1,"chunk_size_1"
"CPU_Elastic","COMPUTE","kq-12","MUL_MAT","",-1,17,-1,256,1,16,1,16384,0.053906,1,"chunk_size_1"
"CPU_Elastic","COMPUTE","kq_soft_max-12","SOFT_MAX","",-1,18,-1,256,1,16,1,16384,0.017031,1,"chunk_size_1"
"CPU_Elastic","COMPUTE","kqv-12","MUL_MAT","",-1,19,-1,128,1,16,1,8192,0.040989,1,"chunk_size_1"
"CPU_Elastic","COMPUTE","kqv-12 (permuted)","PERMUTE","",-1,20,-1,128,16,1,1,8192,0.000521,1,"chunk_size_1"
"CPU_Elastic","COMPUTE","kqv_out-12","CONT","",-1,21,-1,2048,1,1,1,8192,0.005156,1,"chunk_size_1"
"CPU_Elastic","COMPUTE","node_788","MUL_MAT","",-1,22,-1,2048,1,1,1,8192,0.114687,1,"chunk_size_1"
"CPU_Elastic","COMPUTE","ffn_inp-12","ADD","",-1,23,-1,2048,1,1,1,8192,0.005105,1,"chunk_size_1"
"CPU_Elastic","COMPUTE_GRAPH","ggml_cgraph","GRAPH","",-1,24,-1,0,0,0,0,0,0.834012,1,"delegate_cpu_graph"
"CPU_Elastic","COMPUTE","ffn_norm-12","MUL","",-1,0,-1,2048,1,1,1,8192,0.005468,1,"chunk_size_1"
"CPU_Elastic","COMPUTE","ffn_moe_logits-12","MUL_MAT","",-1,1,-1,64,1,1,1,256,0.014688,1,"chunk_size_1"
"CPU_Elastic","COMPUTE","ffn_moe_probs-12","SOFT_MAX","",-1,2,-1,64,1,1,1,256,0.000938,1,"chunk_size_1"
"CPU_Elastic","COMPUTE","ffn_moe_probs-12 (reshaped)","RESHAPE","",-1,3,-1,1,64,1,1,256,0.000572,1,"chunk_size_1"
"CPU_Elastic","COMPUTE","ffn_moe_argsort-12","ARGSORT","",-1,4,-1,64,1,1,1,256,0.009843,1,"chunk_size_1"
"CPU_Elastic","COMPUTE","ffn_moe_topk-12","VIEW","",-1,5,-1,8,1,1,1,32,0.000521,1,"chunk_size_1"
"CPU_Elastic","COMPUTE","ffn_moe_weights-12","GET_ROWS","",-1,6,-1,1,8,1,1,32,0.000521,1,"chunk_size_1"
"CPU_Elastic","COMPUTE","ffn_norm-12 (reshaped)","RESHAPE","",-1,7,-1,2048,1,1,1,8192,0.000521,1,"chunk_size_1"
"CPU_Elastic","COMPUTE","ffn_moe_gate-12","MUL_MAT_ID","",-1,8,-1,1024,8,1,1,32768,0.347916,1,"chunk_size_1"
"CPU_Elastic","COMPUTE","ffn_moe_up-12","MUL_MAT_ID","",-1,9,-1,1024,8,1,1,32768,0.372708,1,"chunk_size_1"
"CPU_Elastic","COMPUTE","ffn_moe_weighted-12","GLU","",-1,10,-1,1024,8,1,1,32768,0.007031,1,"chunk_size_1"
"CPU_Elastic","COMPUTE","ffn_moe_down-12","MUL_MAT_ID","",-1,11,-1,2048,8,1,1,65536,0.368386,1,"chunk_size_1"
"CPU_Elastic","COMPUTE","node_803","MUL","",-1,12,-1,2048,8,1,1,65536,0.032969,1,"chunk_size_1"
"CPU_Elastic","COMPUTE"," (view)","VIEW","",-1,13,-1,2048,1,1,1,8192,0.000625,1,"chunk_size_1"
"CPU_Elastic","COMPUTE","node_803 (view)","VIEW","",-1,14,-1,2048,1,1,1,8192,0.000417,1,"chunk_size_1"
"CPU_Elastic","COMPUTE","node_803 (view)","VIEW","",-1,15,-1,2048,1,1,1,8192,0.000468,1,"chunk_size_1"
"CPU_Elastic","COMPUTE","node_803 (view)","VIEW","",-1,16,-1,2048,1,1,1,8192,0.000469,1,"chunk_size_1"
"CPU_Elastic","COMPUTE","node_803 (view)","VIEW","",-1,17,-1,2048,1,1,1,8192,0.000416,1,"chunk_size_1"
"CPU_Elastic","COMPUTE","node_803 (view)","VIEW","",-1,18,-1,2048,1,1,1,8192,0.000417,1,"chunk_size_1"
"CPU_Elastic","COMPUTE","node_803 (view)","VIEW","",-1,19,-1,2048,1,1,1,8192,0.000469,1,"chunk_size_1"
"CPU_Elastic","COMPUTE","node_803 (view)","VIEW","",-1,20,-1,2048,1,1,1,8192,0.000417,1,"chunk_size_1"
"CPU_Elastic","COMPUTE","node_812","ADD","",-1,21,-1,2048,1,1,1,8192,0.004843,1,"chunk_size_1"
"CPU_Elastic","COMPUTE","node_813","ADD","",-1,22,-1,2048,1,1,1,8192,0.005312,1,"chunk_size_1"
"CPU_Elastic","COMPUTE","node_814","ADD","",-1,23,-1,2048,1,1,1,8192,0.004011,1,"chunk_size_1"
"CPU_Elastic","COMPUTE","node_815","ADD","",-1,24,-1,2048,1,1,1,8192,0.003750,1,"chunk_size_1"
"CPU_Elastic","COMPUTE","node_816","ADD","",-1,25,-1,2048,1,1,1,8192,0.004635,1,"chunk_size_1"
"CPU_Elastic","COMPUTE","node_817","ADD","",-1,26,-1,2048,1,1,1,8192,0.003594,1,"chunk_size_1"
"CPU_Elastic","COMPUTE","ffn_moe_out-12","ADD","",-1,27,-1,2048,1,1,1,8192,0.003750,1,"chunk_size_1"
"CPU_Elastic","COMPUTE","l_out-12","ADD","",-1,28,-1,2048,1,1,1,8192,0.005261,1,"chunk_size_1"
"CPU_Elastic","COMPUTE_GRAPH","ggml_cgraph","GRAPH","",-1,29,-1,0,0,0,0,0,1.200936,1,"delegate_cpu_graph"
"CPU_Elastic","COMPUTE","attn_norm-13","MUL","",-1,0,-1,2048,1,1,1,8192,0.005261,1,"chunk_size_1"
"CPU_Elastic","COMPUTE","Qcur-13","MUL_MAT","",-1,1,-1,2048,1,1,1,8192,0.100000,1,"chunk_size_1"
"CPU_Elastic","COMPUTE_GRAPH","ggml_cgraph","GRAPH","",-1,2,-1,0,0,0,0,0,0.105261,1,"delegate_cpu_graph"
"CPU_Elastic","COMPUTE","Qcur_normed-13","MUL","",-1,0,-1,2048,1,1,1,8192,0.005157,1,"chunk_size_1"
"CPU_Elastic","COMPUTE","Qcur_normed-13 (reshaped)","RESHAPE","",-1,1,-1,128,16,1,1,8192,0.000573,1,"chunk_size_1"
"CPU_Elastic","COMPUTE","Qcur-13","ROPE","",-1,2,-1,128,16,1,1,8192,0.005417,1,"chunk_size_1"
"CPU_Elastic","COMPUTE","Kcur-13","MUL_MAT","",-1,3,-1,2048,1,1,1,8192,0.098750,1,"chunk_size_1"
"CPU_Elastic","COMPUTE_GRAPH","ggml_cgraph","GRAPH","",-1,4,-1,0,0,0,0,0,0.109897,1,"delegate_cpu_graph"
"CPU_Elastic","COMPUTE","Kcur_normed-13","MUL","",-1,0,-1,2048,1,1,1,8192,0.005312,1,"chunk_size_1"
"CPU_Elastic","COMPUTE","Kcur_normed-13 (reshaped)","RESHAPE","",-1,1,-1,128,16,1,1,8192,0.000521,1,"chunk_size_1"
"CPU_Elastic","COMPUTE","Kcur-13","ROPE","",-1,2,-1,128,16,1,1,8192,0.005729,1,"chunk_size_1"
"CPU_Elastic","COMPUTE","Vcur-13","MUL_MAT","",-1,3,-1,2048,1,1,1,8192,0.138073,1,"chunk_size_1"
"CPU_Elastic","COMPUTE","Vcur-13","RESHAPE","",-1,4,-1,128,16,1,1,8192,0.000573,1,"chunk_size_1"
"CPU_Elastic","COMPUTE","Kcur-13 (view)","VIEW","",-1,5,-1,2048,1,1,1,8192,0.000469,1,"chunk_size_1"
"CPU_Elastic","COMPUTE","cache_k_l13 (view)","SET_ROWS","",-1,6,-1,2048,512,1,1,2097152,0.001979,1,"chunk_size_1"
"CPU_Elastic","COMPUTE","Vcur-13 (view)","VIEW","",-1,7,-1,2048,1,1,1,8192,0.000469,1,"chunk_size_1"
"CPU_Elastic","COMPUTE","cache_v_l13 (view)","SET_ROWS","",-1,8,-1,2048,512,1,1,2097152,0.001667,1,"chunk_size_1"
"CPU_Elastic","COMPUTE","cache_v_l13 (view)","VIEW","",-1,9,-1,128,16,256,1,1048576,0.000417,1,"chunk_size_1"
"CPU_Elastic","COMPUTE","cache_v_l13 (view) (permuted)","PERMUTE","",-1,10,-1,128,256,16,1,1048576,0.000417,1,"chunk_size_1"
"CPU_Elastic","COMPUTE","cache_v_l13 (view) (permuted) (transposed)","TRANSPOSE","",-1,11,-1,256,128,16,1,1048576,0.000469,1,"chunk_size_1"
"CPU_Elastic","COMPUTE","v_cont-13","CONT","",-1,12,-1,256,128,16,1,1048576,0.477657,1,"chunk_size_1"
"CPU_Elastic","COMPUTE","cache_k_l13 (view)","VIEW","",-1,13,-1,128,16,256,1,1048576,0.000625,1,"chunk_size_1"
"CPU_Elastic","COMPUTE","cache_k_l13 (view) (permuted)","PERMUTE","",-1,14,-1,128,256,16,1,1048576,0.000469,1,"chunk_size_1"
"CPU_Elastic","COMPUTE","Qcur-13 (view)","VIEW","",-1,15,-1,128,16,1,1,8192,0.000573,1,"chunk_size_1"
"CPU_Elastic","COMPUTE","Qcur-13 (view) (permuted)","PERMUTE","",-1,16,-1,128,1,16,1,8192,0.000417,1,"chunk_size_1"
"CPU_Elastic","COMPUTE","kq-13","MUL_MAT","",-1,17,-1,256,1,16,1,16384,0.041615,1,"chunk_size_1"
"CPU_Elastic","COMPUTE","kq_soft_max-13","SOFT_MAX","",-1,18,-1,256,1,16,1,16384,0.016667,1,"chunk_size_1"
"CPU_Elastic","COMPUTE","kqv-13","MUL_MAT","",-1,19,-1,128,1,16,1,8192,0.042344,1,"chunk_size_1"
"CPU_Elastic","COMPUTE","kqv-13 (permuted)","PERMUTE","",-1,20,-1,128,16,1,1,8192,0.000468,1,"chunk_size_1"
"CPU_Elastic","COMPUTE","kqv_out-13","CONT","",-1,21,-1,2048,1,1,1,8192,0.005365,1,"chunk_size_1"
"CPU_Elastic","COMPUTE","node_851","MUL_MAT","",-1,22,-1,2048,1,1,1,8192,0.108802,1,"chunk_size_1"
"CPU_Elastic","COMPUTE","ffn_inp-13","ADD","",-1,23,-1,2048,1,1,1,8192,0.005260,1,"chunk_size_1"
"CPU_Elastic","COMPUTE_GRAPH","ggml_cgraph","GRAPH","",-1,24,-1,0,0,0,0,0,0.856357,1,"delegate_cpu_graph"
"CPU_Elastic","COMPUTE","ffn_norm-13","MUL","",-1,0,-1,2048,1,1,1,8192,0.005573,1,"chunk_size_1"
"CPU_Elastic","COMPUTE","ffn_moe_logits-13","MUL_MAT","",-1,1,-1,64,1,1,1,256,0.014792,1,"chunk_size_1"
"CPU_Elastic","COMPUTE","ffn_moe_probs-13","SOFT_MAX","",-1,2,-1,64,1,1,1,256,0.000990,1,"chunk_size_1"
"CPU_Elastic","COMPUTE","ffn_moe_probs-13 (reshaped)","RESHAPE","",-1,3,-1,1,64,1,1,256,0.000417,1,"chunk_size_1"
"CPU_Elastic","COMPUTE","ffn_moe_argsort-13","ARGSORT","",-1,4,-1,64,1,1,1,256,0.011666,1,"chunk_size_1"
"CPU_Elastic","COMPUTE","ffn_moe_topk-13","VIEW","",-1,5,-1,8,1,1,1,32,0.000521,1,"chunk_size_1"
"CPU_Elastic","COMPUTE","ffn_moe_weights-13","GET_ROWS","",-1,6,-1,1,8,1,1,32,0.000521,1,"chunk_size_1"
"CPU_Elastic","COMPUTE","ffn_norm-13 (reshaped)","RESHAPE","",-1,7,-1,2048,1,1,1,8192,0.000469,1,"chunk_size_1"
"CPU_Elastic","COMPUTE","ffn_moe_gate-13","MUL_MAT_ID","",-1,8,-1,1024,8,1,1,32768,0.349062,1,"chunk_size_1"
"CPU_Elastic","COMPUTE","ffn_moe_up-13","MUL_MAT_ID","",-1,9,-1,1024,8,1,1,32768,0.347031,1,"chunk_size_1"
"CPU_Elastic","COMPUTE","ffn_moe_weighted-13","GLU","",-1,10,-1,1024,8,1,1,32768,0.007396,1,"chunk_size_1"
"CPU_Elastic","COMPUTE","ffn_moe_down-13","MUL_MAT_ID","",-1,11,-1,2048,8,1,1,65536,0.492709,1,"chunk_size_1"
"CPU_Elastic","COMPUTE","node_866","MUL","",-1,12,-1,2048,8,1,1,65536,0.032239,1,"chunk_size_1"
"CPU_Elastic","COMPUTE"," (view)","VIEW","",-1,13,-1,2048,1,1,1,8192,0.000573,1,"chunk_size_1"
"CPU_Elastic","COMPUTE","node_866 (view)","VIEW","",-1,14,-1,2048,1,1,1,8192,0.000417,1,"chunk_size_1"
"CPU_Elastic","COMPUTE","node_866 (view)","VIEW","",-1,15,-1,2048,1,1,1,8192,0.000365,1,"chunk_size_1"
"CPU_Elastic","COMPUTE","node_866 (view)","VIEW","",-1,16,-1,2048,1,1,1,8192,0.000521,1,"chunk_size_1"
"CPU_Elastic","COMPUTE","node_866 (view)","VIEW","",-1,17,-1,2048,1,1,1,8192,0.000417,1,"chunk_size_1"
"CPU_Elastic","COMPUTE","node_866 (view)","VIEW","",-1,18,-1,2048,1,1,1,8192,0.000469,1,"chunk_size_1"
"CPU_Elastic","COMPUTE","node_866 (view)","VIEW","",-1,19,-1,2048,1,1,1,8192,0.000469,1,"chunk_size_1"
"CPU_Elastic","COMPUTE","node_866 (view)","VIEW","",-1,20,-1,2048,1,1,1,8192,0.000521,1,"chunk_size_1"
"CPU_Elastic","COMPUTE","node_875","ADD","",-1,21,-1,2048,1,1,1,8192,0.005209,1,"chunk_size_1"
"CPU_Elastic","COMPUTE","node_876","ADD","",-1,22,-1,2048,1,1,1,8192,0.005052,1,"chunk_size_1"
"CPU_Elastic","COMPUTE","node_877","ADD","",-1,23,-1,2048,1,1,1,8192,0.004062,1,"chunk_size_1"
"CPU_Elastic","COMPUTE","node_878","ADD","",-1,24,-1,2048,1,1,1,8192,0.005209,1,"chunk_size_1"
"CPU_Elastic","COMPUTE","node_879","ADD","",-1,25,-1,2048,1,1,1,8192,0.004427,1,"chunk_size_1"
"CPU_Elastic","COMPUTE","node_880","ADD","",-1,26,-1,2048,1,1,1,8192,0.003698,1,"chunk_size_1"
"CPU_Elastic","COMPUTE","ffn_moe_out-13","ADD","",-1,27,-1,2048,1,1,1,8192,0.004271,1,"chunk_size_1"
"CPU_Elastic","COMPUTE","l_out-13","ADD","",-1,28,-1,2048,1,1,1,8192,0.004843,1,"chunk_size_1"
"CPU_Elastic","COMPUTE_GRAPH","ggml_cgraph","GRAPH","",-1,29,-1,0,0,0,0,0,1.303909,1,"delegate_cpu_graph"
"CPU_Elastic","COMPUTE","attn_norm-14","MUL","",-1,0,-1,2048,1,1,1,8192,0.006042,1,"chunk_size_1"
"CPU_Elastic","COMPUTE","Qcur-14","MUL_MAT","",-1,1,-1,2048,1,1,1,8192,0.101146,1,"chunk_size_1"
"CPU_Elastic","COMPUTE_GRAPH","ggml_cgraph","GRAPH","",-1,2,-1,0,0,0,0,0,0.107188,1,"delegate_cpu_graph"
"CPU_Elastic","COMPUTE","Qcur_normed-14","MUL","",-1,0,-1,2048,1,1,1,8192,0.005365,1,"chunk_size_1"
"CPU_Elastic","COMPUTE","Qcur_normed-14 (reshaped)","RESHAPE","",-1,1,-1,128,16,1,1,8192,0.000521,1,"chunk_size_1"
"CPU_Elastic","COMPUTE","Qcur-14","ROPE","",-1,2,-1,128,16,1,1,8192,0.006198,1,"chunk_size_1"
"CPU_Elastic","COMPUTE","Kcur-14","MUL_MAT","",-1,3,-1,2048,1,1,1,8192,0.097344,1,"chunk_size_1"
"CPU_Elastic","COMPUTE_GRAPH","ggml_cgraph","GRAPH","",-1,4,-1,0,0,0,0,0,0.109428,1,"delegate_cpu_graph"
"CPU_Elastic","COMPUTE","Kcur_normed-14","MUL","",-1,0,-1,2048,1,1,1,8192,0.005469,1,"chunk_size_1"
"CPU_Elastic","COMPUTE","Kcur_normed-14 (reshaped)","RESHAPE","",-1,1,-1,128,16,1,1,8192,0.000573,1,"chunk_size_1"
"CPU_Elastic","COMPUTE","Kcur-14","ROPE","",-1,2,-1,128,16,1,1,8192,0.004583,1,"chunk_size_1"
"CPU_Elastic","COMPUTE","Vcur-14","MUL_MAT","",-1,3,-1,2048,1,1,1,8192,0.138490,1,"chunk_size_1"
"CPU_Elastic","COMPUTE","Vcur-14","RESHAPE","",-1,4,-1,128,16,1,1,8192,0.000625,1,"chunk_size_1"
"CPU_Elastic","COMPUTE","Kcur-14 (view)","VIEW","",-1,5,-1,2048,1,1,1,8192,0.000417,1,"chunk_size_1"
"CPU_Elastic","COMPUTE","cache_k_l14 (view)","SET_ROWS","",-1,6,-1,2048,512,1,1,2097152,0.001771,1,"chunk_size_1"
"CPU_Elastic","COMPUTE","Vcur-14 (view)","VIEW","",-1,7,-1,2048,1,1,1,8192,0.000469,1,"chunk_size_1"
"CPU_Elastic","COMPUTE","cache_v_l14 (view)","SET_ROWS","",-1,8,-1,2048,512,1,1,2097152,0.001719,1,"chunk_size_1"
"CPU_Elastic","COMPUTE","cache_v_l14 (view)","VIEW","",-1,9,-1,128,16,256,1,1048576,0.000416,1,"chunk_size_1"
"CPU_Elastic","COMPUTE","cache_v_l14 (view) (permuted)","PERMUTE","",-1,10,-1,128,256,16,1,1048576,0.000521,1,"chunk_size_1"
"CPU_Elastic","COMPUTE","cache_v_l14 (view) (permuted) (transposed)","TRANSPOSE","",-1,11,-1,256,128,16,1,1048576,0.000469,1,"chunk_size_1"
"CPU_Elastic","COMPUTE","v_cont-14","CONT","",-1,12,-1,256,128,16,1,1048576,0.491042,1,"chunk_size_1"
"CPU_Elastic","COMPUTE","cache_k_l14 (view)","VIEW","",-1,13,-1,128,16,256,1,1048576,0.000573,1,"chunk_size_1"
"CPU_Elastic","COMPUTE","cache_k_l14 (view) (permuted)","PERMUTE","",-1,14,-1,128,256,16,1,1048576,0.000417,1,"chunk_size_1"
"CPU_Elastic","COMPUTE","Qcur-14 (view)","VIEW","",-1,15,-1,128,16,1,1,8192,0.000469,1,"chunk_size_1"
"CPU_Elastic","COMPUTE","Qcur-14 (view) (permuted)","PERMUTE","",-1,16,-1,128,1,16,1,8192,0.000520,1,"chunk_size_1"
"CPU_Elastic","COMPUTE","kq-14","MUL_MAT","",-1,17,-1,256,1,16,1,16384,0.056042,1,"chunk_size_1"
"CPU_Elastic","COMPUTE","kq_soft_max-14","SOFT_MAX","",-1,18,-1,256,1,16,1,16384,0.017917,1,"chunk_size_1"
"CPU_Elastic","COMPUTE","kqv-14","MUL_MAT","",-1,19,-1,128,1,16,1,8192,0.041198,1,"chunk_size_1"
"CPU_Elastic","COMPUTE","kqv-14 (permuted)","PERMUTE","",-1,20,-1,128,16,1,1,8192,0.000625,1,"chunk_size_1"
"CPU_Elastic","COMPUTE","kqv_out-14","CONT","",-1,21,-1,2048,1,1,1,8192,0.005208,1,"chunk_size_1"
"CPU_Elastic","COMPUTE","node_914","MUL_MAT","",-1,22,-1,2048,1,1,1,8192,0.109532,1,"chunk_size_1"
"CPU_Elastic","COMPUTE","ffn_inp-14","ADD","",-1,23,-1,2048,1,1,1,8192,0.004635,1,"chunk_size_1"
"CPU_Elastic","COMPUTE_GRAPH","ggml_cgraph","GRAPH","",-1,24,-1,0,0,0,0,0,0.883700,1,"delegate_cpu_graph"
"CPU_Elastic","COMPUTE","ffn_norm-14","MUL","",-1,0,-1,2048,1,1,1,8192,0.005208,1,"chunk_size_1"
"CPU_Elastic","COMPUTE","ffn_moe_logits-14","MUL_MAT","",-1,1,-1,64,1,1,1,256,0.015313,1,"chunk_size_1"
"CPU_Elastic","COMPUTE","ffn_moe_probs-14","SOFT_MAX","",-1,2,-1,64,1,1,1,256,0.000989,1,"chunk_size_1"
"CPU_Elastic","COMPUTE","ffn_moe_probs-14 (reshaped)","RESHAPE","",-1,3,-1,1,64,1,1,256,0.000417,1,"chunk_size_1"
"CPU_Elastic","COMPUTE","ffn_moe_argsort-14","ARGSORT","",-1,4,-1,64,1,1,1,256,0.011927,1,"chunk_size_1"
"CPU_Elastic","COMPUTE","ffn_moe_topk-14","VIEW","",-1,5,-1,8,1,1,1,32,0.000625,1,"chunk_size_1"
"CPU_Elastic","COMPUTE","ffn_moe_weights-14","GET_ROWS","",-1,6,-1,1,8,1,1,32,0.000573,1,"chunk_size_1"
"CPU_Elastic","COMPUTE","ffn_norm-14 (reshaped)","RESHAPE","",-1,7,-1,2048,1,1,1,8192,0.000364,1,"chunk_size_1"
"CPU_Elastic","COMPUTE","ffn_moe_gate-14","MUL_MAT_ID","",-1,8,-1,1024,8,1,1,32768,0.349479,1,"chunk_size_1"
"CPU_Elastic","COMPUTE","ffn_moe_up-14","MUL_MAT_ID","",-1,9,-1,1024,8,1,1,32768,0.366980,1,"chunk_size_1"
"CPU_Elastic","COMPUTE","ffn_moe_weighted-14","GLU","",-1,10,-1,1024,8,1,1,32768,0.006875,1,"chunk_size_1"
"CPU_Elastic","COMPUTE","ffn_moe_down-14","MUL_MAT_ID","",-1,11,-1,2048,8,1,1,65536,0.501302,1,"chunk_size_1"
"CPU_Elastic","COMPUTE","node_929","MUL","",-1,12,-1,2048,8,1,1,65536,0.031823,1,"chunk_size_1"
"CPU_Elastic","COMPUTE"," (view)","VIEW","",-1,13,-1,2048,1,1,1,8192,0.000625,1,"chunk_size_1"
"CPU_Elastic","COMPUTE","node_929 (view)","VIEW","",-1,14,-1,2048,1,1,1,8192,0.000417,1,"chunk_size_1"
"CPU_Elastic","COMPUTE","node_929 (view)","VIEW","",-1,15,-1,2048,1,1,1,8192,0.000729,1,"chunk_size_1"
"CPU_Elastic","COMPUTE","node_929 (view)","VIEW","",-1,16,-1,2048,1,1,1,8192,0.000417,1,"chunk_size_1"
"CPU_Elastic","COMPUTE","node_929 (view)","VIEW","",-1,17,-1,2048,1,1,1,8192,0.000521,1,"chunk_size_1"
"CPU_Elastic","COMPUTE","node_929 (view)","VIEW","",-1,18,-1,2048,1,1,1,8192,0.000469,1,"chunk_size_1"
"CPU_Elastic","COMPUTE","node_929 (view)","VIEW","",-1,19,-1,2048,1,1,1,8192,0.000416,1,"chunk_size_1"
"CPU_Elastic","COMPUTE","node_929 (view)","VIEW","",-1,20,-1,2048,1,1,1,8192,0.000417,1,"chunk_size_1"
"CPU_Elastic","COMPUTE","node_938","ADD","",-1,21,-1,2048,1,1,1,8192,0.005312,1,"chunk_size_1"
"CPU_Elastic","COMPUTE","node_939","ADD","",-1,22,-1,2048,1,1,1,8192,0.005000,1,"chunk_size_1"
"CPU_Elastic","COMPUTE","node_940","ADD","",-1,23,-1,2048,1,1,1,8192,0.005364,1,"chunk_size_1"
"CPU_Elastic","COMPUTE","node_941","ADD","",-1,24,-1,2048,1,1,1,8192,0.003958,1,"chunk_size_1"
"CPU_Elastic","COMPUTE","node_942","ADD","",-1,25,-1,2048,1,1,1,8192,0.003646,1,"chunk_size_1"
"CPU_Elastic","COMPUTE","node_943","ADD","",-1,26,-1,2048,1,1,1,8192,0.005260,1,"chunk_size_1"
"CPU_Elastic","COMPUTE","ffn_moe_out-14","ADD","",-1,27,-1,2048,1,1,1,8192,0.004948,1,"chunk_size_1"
"CPU_Elastic","COMPUTE","l_out-14","ADD","",-1,28,-1,2048,1,1,1,8192,0.004636,1,"chunk_size_1"
"CPU_Elastic","COMPUTE_GRAPH","ggml_cgraph","GRAPH","",-1,29,-1,0,0,0,0,0,1.334010,1,"delegate_cpu_graph"
"CPU_Elastic","COMPUTE","attn_norm-15","MUL","",-1,0,-1,2048,1,1,1,8192,0.005573,1,"chunk_size_1"
"CPU_Elastic","COMPUTE","Qcur-15","MUL_MAT","",-1,1,-1,2048,1,1,1,8192,0.099583,1,"chunk_size_1"
"CPU_Elastic","COMPUTE_GRAPH","ggml_cgraph","GRAPH","",-1,2,-1,0,0,0,0,0,0.105156,1,"delegate_cpu_graph"
"CPU_Elastic","COMPUTE","Qcur_normed-15","MUL","",-1,0,-1,2048,1,1,1,8192,0.005417,1,"chunk_size_1"
"CPU_Elastic","COMPUTE","Qcur_normed-15 (reshaped)","RESHAPE","",-1,1,-1,128,16,1,1,8192,0.000573,1,"chunk_size_1"
"CPU_Elastic","COMPUTE","Qcur-15","ROPE","",-1,2,-1,128,16,1,1,8192,0.005000,1,"chunk_size_1"
"CPU_Elastic","COMPUTE","Kcur-15","MUL_MAT","",-1,3,-1,2048,1,1,1,8192,0.098958,1,"chunk_size_1"
"CPU_Elastic","COMPUTE_GRAPH","ggml_cgraph","GRAPH","",-1,4,-1,0,0,0,0,0,0.109948,1,"delegate_cpu_graph"
"CPU_Elastic","COMPUTE","Kcur_normed-15","MUL","",-1,0,-1,2048,1,1,1,8192,0.005521,1,"chunk_size_1"
"CPU_Elastic","COMPUTE","Kcur_normed-15 (reshaped)","RESHAPE","",-1,1,-1,128,16,1,1,8192,0.000625,1,"chunk_size_1"
"CPU_Elastic","COMPUTE","Kcur-15","ROPE","",-1,2,-1,128,16,1,1,8192,0.006146,1,"chunk_size_1"
"CPU_Elastic","COMPUTE","Vcur-15","MUL_MAT","",-1,3,-1,2048,1,1,1,8192,0.150729,1,"chunk_size_1"
"CPU_Elastic","COMPUTE","Vcur-15","RESHAPE","",-1,4,-1,128,16,1,1,8192,0.000573,1,"chunk_size_1"
"CPU_Elastic","COMPUTE","Kcur-15 (view)","VIEW","",-1,5,-1,2048,1,1,1,8192,0.000625,1,"chunk_size_1"
"CPU_Elastic","COMPUTE","cache_k_l15 (view)","SET_ROWS","",-1,6,-1,2048,512,1,1,2097152,0.001927,1,"chunk_size_1"
"CPU_Elastic","COMPUTE","Vcur-15 (view)","VIEW","",-1,7,-1,2048,1,1,1,8192,0.000469,1,"chunk_size_1"
"CPU_Elastic","COMPUTE","cache_v_l15 (view)","SET_ROWS","",-1,8,-1,2048,512,1,1,2097152,0.001667,1,"chunk_size_1"
"CPU_Elastic","COMPUTE","cache_v_l15 (view)","VIEW","",-1,9,-1,128,16,256,1,1048576,0.000521,1,"chunk_size_1"
"CPU_Elastic","COMPUTE","cache_v_l15 (view) (permuted)","PERMUTE","",-1,10,-1,128,256,16,1,1048576,0.000468,1,"chunk_size_1"
"CPU_Elastic","COMPUTE","cache_v_l15 (view) (permuted) (transposed)","TRANSPOSE","",-1,11,-1,256,128,16,1,1048576,0.000417,1,"chunk_size_1"
"CPU_Elastic","COMPUTE","v_cont-15","CONT","",-1,12,-1,256,128,16,1,1048576,0.475052,1,"chunk_size_1"
"CPU_Elastic","COMPUTE","cache_k_l15 (view)","VIEW","",-1,13,-1,128,16,256,1,1048576,0.000573,1,"chunk_size_1"
"CPU_Elastic","COMPUTE","cache_k_l15 (view) (permuted)","PERMUTE","",-1,14,-1,128,256,16,1,1048576,0.000417,1,"chunk_size_1"
"CPU_Elastic","COMPUTE","Qcur-15 (view)","VIEW","",-1,15,-1,128,16,1,1,8192,0.000417,1,"chunk_size_1"
"CPU_Elastic","COMPUTE","Qcur-15 (view) (permuted)","PERMUTE","",-1,16,-1,128,1,16,1,8192,0.000469,1,"chunk_size_1"
"CPU_Elastic","COMPUTE","kq-15","MUL_MAT","",-1,17,-1,256,1,16,1,16384,0.055885,1,"chunk_size_1"
"CPU_Elastic","COMPUTE","kq_soft_max-15","SOFT_MAX","",-1,18,-1,256,1,16,1,16384,0.018073,1,"chunk_size_1"
"CPU_Elastic","COMPUTE","kqv-15","MUL_MAT","",-1,19,-1,128,1,16,1,8192,0.040468,1,"chunk_size_1"
"CPU_Elastic","COMPUTE","kqv-15 (permuted)","PERMUTE","",-1,20,-1,128,16,1,1,8192,0.000521,1,"chunk_size_1"
"CPU_Elastic","COMPUTE","kqv_out-15","CONT","",-1,21,-1,2048,1,1,1,8192,0.005312,1,"chunk_size_1"
"CPU_Elastic","COMPUTE","node_977","MUL_MAT","",-1,22,-1,2048,1,1,1,8192,0.107448,1,"chunk_size_1"
"CPU_Elastic","COMPUTE","node_978","GET_ROWS","",-1,23,-1,2048,1,1,1,8192,0.000990,1,"chunk_size_1"
"CPU_Elastic","COMPUTE","node_979","GET_ROWS","",-1,24,-1,2048,1,1,1,8192,0.001094,1,"chunk_size_1"
"CPU_Elastic","COMPUTE","ffn_inp-15","ADD","",-1,25,-1,2048,1,1,1,8192,0.003958,1,"chunk_size_1"
"CPU_Elastic","COMPUTE_GRAPH","ggml_cgraph","GRAPH","",-1,26,-1,0,0,0,0,0,0.880365,1,"delegate_cpu_graph"
"CPU_Elastic","COMPUTE","ffn_norm-15","MUL","",-1,0,-1,2048,1,1,1,8192,0.005208,1,"chunk_size_1"
"CPU_Elastic","COMPUTE","ffn_moe_logits-15","MUL_MAT","",-1,1,-1,64,1,1,1,256,0.014270,1,"chunk_size_1"
"CPU_Elastic","COMPUTE","ffn_moe_probs-15","SOFT_MAX","",-1,2,-1,64,1,1,1,256,0.000990,1,"chunk_size_1"
"CPU_Elastic","COMPUTE","ffn_moe_probs-15 (reshaped)","RESHAPE","",-1,3,-1,1,64,1,1,256,0.000417,1,"chunk_size_1"
"CPU_Elastic","COMPUTE","ffn_moe_argsort-15","ARGSORT","",-1,4,-1,64,1,1,1,256,0.010157,1,"chunk_size_1"
"CPU_Elastic","COMPUTE","ffn_moe_topk-15","VIEW","",-1,5,-1,8,1,1,1,32,0.000573,1,"chunk_size_1"
"CPU_Elastic","COMPUTE","ffn_moe_weights-15","GET_ROWS","",-1,6,-1,1,8,1,1,32,0.000521,1,"chunk_size_1"
"CPU_Elastic","COMPUTE","ffn_norm-15 (reshaped)","RESHAPE","",-1,7,-1,2048,1,1,1,8192,0.000417,1,"chunk_size_1"
"CPU_Elastic","COMPUTE","ffn_moe_gate-15","MUL_MAT_ID","",-1,8,-1,1024,8,1,1,32768,0.348073,1,"chunk_size_1"
"CPU_Elastic","COMPUTE","ffn_moe_up-15","MUL_MAT_ID","",-1,9,-1,1024,8,1,1,32768,0.367292,1,"chunk_size_1"
"CPU_Elastic","COMPUTE","ffn_moe_weighted-15","GLU","",-1,10,-1,1024,8,1,1,32768,0.007969,1,"chunk_size_1"
"CPU_Elastic","COMPUTE","ffn_moe_down-15","MUL_MAT_ID","",-1,11,-1,2048,8,1,1,65536,0.503125,1,"chunk_size_1"
"CPU_Elastic","COMPUTE","node_994","MUL","",-1,12,-1,2048,8,1,1,65536,0.031198,1,"chunk_size_1"
"CPU_Elastic","COMPUTE"," (view)","VIEW","",-1,13,-1,2048,1,1,1,8192,0.000521,1,"chunk_size_1"
"CPU_Elastic","COMPUTE","node_994 (view)","VIEW","",-1,14,-1,2048,1,1,1,8192,0.000469,1,"chunk_size_1"
"CPU_Elastic","COMPUTE","node_994 (view)","VIEW","",-1,15,-1,2048,1,1,1,8192,0.000469,1,"chunk_size_1"
"CPU_Elastic","COMPUTE","node_994 (view)","VIEW","",-1,16,-1,2048,1,1,1,8192,0.000469,1,"chunk_size_1"
"CPU_Elastic","COMPUTE","node_994 (view)","VIEW","",-1,17,-1,2048,1,1,1,8192,0.000416,1,"chunk_size_1"
"CPU_Elastic","COMPUTE","node_994 (view)","VIEW","",-1,18,-1,2048,1,1,1,8192,0.000417,1,"chunk_size_1"
"CPU_Elastic","COMPUTE","node_994 (view)","VIEW","",-1,19,-1,2048,1,1,1,8192,0.000417,1,"chunk_size_1"
"CPU_Elastic","COMPUTE","node_994 (view)","VIEW","",-1,20,-1,2048,1,1,1,8192,0.000469,1,"chunk_size_1"
"CPU_Elastic","COMPUTE","node_1003","ADD","",-1,21,-1,2048,1,1,1,8192,0.004896,1,"chunk_size_1"
"CPU_Elastic","COMPUTE","node_1004","ADD","",-1,22,-1,2048,1,1,1,8192,0.005208,1,"chunk_size_1"
"CPU_Elastic","COMPUTE","node_1005","ADD","",-1,23,-1,2048,1,1,1,8192,0.004948,1,"chunk_size_1"
"CPU_Elastic","COMPUTE","node_1006","ADD","",-1,24,-1,2048,1,1,1,8192,0.004948,1,"chunk_size_1"
"CPU_Elastic","COMPUTE","node_1007","ADD","",-1,25,-1,2048,1,1,1,8192,0.005885,1,"chunk_size_1"
"CPU_Elastic","COMPUTE","node_1008","ADD","",-1,26,-1,2048,1,1,1,8192,0.005104,1,"chunk_size_1"
"CPU_Elastic","COMPUTE","ffn_moe_out-15","ADD","",-1,27,-1,2048,1,1,1,8192,0.003698,1,"chunk_size_1"
"CPU_Elastic","COMPUTE","l_out-15","ADD","",-1,28,-1,2048,1,1,1,8192,0.026406,1,"chunk_size_1"
"CPU_Elastic","COMPUTE","norm","RMS_NORM","",-1,29,-1,2048,1,1,1,8192,0.006407,1,"chunk_size_1"
"CPU_Elastic","COMPUTE","result_norm","MUL","",-1,30,-1,2048,1,1,1,8192,0.005625,1,"chunk_size_1"
"CPU_Elastic","COMPUTE","result_output","MUL_MAT","",-1,31,-1,50304,1,1,1,201216,3.088750,1,"chunk_size_1"
"CPU_Elastic","COMPUTE_GRAPH","ggml_cgraph","GRAPH","",-1,32,-1,0,0,0,0,0,4.455732,1,"delegate_cpu_graph"
"CPU_Elastic","COMPUTE","inp_embd","GET_ROWS","",-1,0,-1,2048,1,1,1,8192,0.001927,1,"chunk_size_1"
"CPU_Elastic","COMPUTE_GRAPH","ggml_cgraph","GRAPH","",-1,1,-1,0,0,0,0,0,0.001927,1,"delegate_cpu_graph"
"CPU_Elastic","COMPUTE","attn_norm-0","MUL","",-1,0,-1,2048,1,1,1,8192,0.050261,1,"chunk_size_1"
"CPU_Elastic","COMPUTE","Qcur-0","MUL_MAT","",-1,1,-1,2048,1,1,1,8192,0.100730,1,"chunk_size_1"
"CPU_Elastic","COMPUTE_GRAPH","ggml_cgraph","GRAPH","",-1,2,-1,0,0,0,0,0,0.150991,1,"delegate_cpu_graph"
"CPU_Elastic","COMPUTE","Qcur_normed-0","MUL","",-1,0,-1,2048,1,1,1,8192,0.005469,1,"chunk_size_1"
"CPU_Elastic","COMPUTE","Qcur_normed-0 (reshaped)","RESHAPE","",-1,1,-1,128,16,1,1,8192,0.000625,1,"chunk_size_1"
"CPU_Elastic","COMPUTE","Qcur-0","ROPE","",-1,2,-1,128,16,1,1,8192,0.004948,1,"chunk_size_1"
"CPU_Elastic","COMPUTE","Kcur-0","MUL_MAT","",-1,3,-1,2048,1,1,1,8192,0.098802,1,"chunk_size_1"
"CPU_Elastic","COMPUTE_GRAPH","ggml_cgraph","GRAPH","",-1,4,-1,0,0,0,0,0,0.109844,1,"delegate_cpu_graph"
"CPU_Elastic","COMPUTE","Kcur_normed-0","MUL","",-1,0,-1,2048,1,1,1,8192,0.005417,1,"chunk_size_1"
"CPU_Elastic","COMPUTE","Kcur_normed-0 (reshaped)","RESHAPE","",-1,1,-1,128,16,1,1,8192,0.000573,1,"chunk_size_1"
"CPU_Elastic","COMPUTE","Kcur-0","ROPE","",-1,2,-1,128,16,1,1,8192,0.005937,1,"chunk_size_1"
"CPU_Elastic","COMPUTE","Vcur-0","MUL_MAT","",-1,3,-1,2048,1,1,1,8192,0.148229,1,"chunk_size_1"
"CPU_Elastic","COMPUTE","Vcur-0","RESHAPE","",-1,4,-1,128,16,1,1,8192,0.000781,1,"chunk_size_1"
"CPU_Elastic","COMPUTE","Kcur-0 (view)","VIEW","",-1,5,-1,2048,1,1,1,8192,0.000416,1,"chunk_size_1"
"CPU_Elastic","COMPUTE","cache_k_l0 (view)","SET_ROWS","",-1,6,-1,2048,512,1,1,2097152,0.002344,1,"chunk_size_1"
"CPU_Elastic","COMPUTE","Vcur-0 (view)","VIEW","",-1,7,-1,2048,1,1,1,8192,0.000468,1,"chunk_size_1"
"CPU_Elastic","COMPUTE","cache_v_l0 (view)","SET_ROWS","",-1,8,-1,2048,512,1,1,2097152,0.001771,1,"chunk_size_1"
"CPU_Elastic","COMPUTE","cache_v_l0 (view)","VIEW","",-1,9,-1,128,16,256,1,1048576,0.000416,1,"chunk_size_1"
"CPU_Elastic","COMPUTE","cache_v_l0 (view) (permuted)","PERMUTE","",-1,10,-1,128,256,16,1,1048576,0.000521,1,"chunk_size_1"
"CPU_Elastic","COMPUTE","cache_v_l0 (view) (permuted) (transposed)","TRANSPOSE","",-1,11,-1,256,128,16,1,1048576,0.000469,1,"chunk_size_1"
"CPU_Elastic","COMPUTE","v_cont-0","CONT","",-1,12,-1,256,128,16,1,1048576,0.481615,1,"chunk_size_1"
"CPU_Elastic","COMPUTE","cache_k_l0 (view)","VIEW","",-1,13,-1,128,16,256,1,1048576,0.000521,1,"chunk_size_1"
"CPU_Elastic","COMPUTE","cache_k_l0 (view) (permuted)","PERMUTE","",-1,14,-1,128,256,16,1,1048576,0.000521,1,"chunk_size_1"
"CPU_Elastic","COMPUTE","Qcur-0 (view)","VIEW","",-1,15,-1,128,16,1,1,8192,0.000417,1,"chunk_size_1"
"CPU_Elastic","COMPUTE","Qcur-0 (view) (permuted)","PERMUTE","",-1,16,-1,128,1,16,1,8192,0.000521,1,"chunk_size_1"
"CPU_Elastic","COMPUTE","kq-0","MUL_MAT","",-1,17,-1,256,1,16,1,16384,0.064427,1,"chunk_size_1"
"CPU_Elastic","COMPUTE","kq_soft_max-0","SOFT_MAX","",-1,18,-1,256,1,16,1,16384,0.017709,1,"chunk_size_1"
"CPU_Elastic","COMPUTE","kqv-0","MUL_MAT","",-1,19,-1,128,1,16,1,8192,0.040834,1,"chunk_size_1"
"CPU_Elastic","COMPUTE","kqv-0 (permuted)","PERMUTE","",-1,20,-1,128,16,1,1,8192,0.000573,1,"chunk_size_1"
"CPU_Elastic","COMPUTE","kqv_out-0","CONT","",-1,21,-1,2048,1,1,1,8192,0.004427,1,"chunk_size_1"
"CPU_Elastic","COMPUTE","node_32","MUL_MAT","",-1,22,-1,2048,1,1,1,8192,0.109687,1,"chunk_size_1"
"CPU_Elastic","COMPUTE","ffn_inp-0","ADD","",-1,23,-1,2048,1,1,1,8192,0.005157,1,"chunk_size_1"
"CPU_Elastic","COMPUTE_GRAPH","ggml_cgraph","GRAPH","",-1,24,-1,0,0,0,0,0,0.893751,1,"delegate_cpu_graph"
"CPU_Elastic","COMPUTE","ffn_norm-0","MUL","",-1,0,-1,2048,1,1,1,8192,0.006094,1,"chunk_size_1"
"CPU_Elastic","COMPUTE","ffn_moe_logits-0","MUL_MAT","",-1,1,-1,64,1,1,1,256,0.015000,1,"chunk_size_1"
"CPU_Elastic","COMPUTE","ffn_moe_probs-0","SOFT_MAX","",-1,2,-1,64,1,1,1,256,0.000938,1,"chunk_size_1"
"CPU_Elastic","COMPUTE","ffn_moe_probs-0 (reshaped)","RESHAPE","",-1,3,-1,1,64,1,1,256,0.000469,1,"chunk_size_1"
"CPU_Elastic","COMPUTE","ffn_moe_argsort-0","ARGSORT","",-1,4,-1,64,1,1,1,256,0.011770,1,"chunk_size_1"
"CPU_Elastic","COMPUTE","ffn_moe_topk-0","VIEW","",-1,5,-1,8,1,1,1,32,0.000677,1,"chunk_size_1"
"CPU_Elastic","COMPUTE","ffn_moe_weights-0","GET_ROWS","",-1,6,-1,1,8,1,1,32,0.000573,1,"chunk_size_1"
"CPU_Elastic","COMPUTE","ffn_norm-0 (reshaped)","RESHAPE","",-1,7,-1,2048,1,1,1,8192,0.000521,1,"chunk_size_1"
"CPU_Elastic","COMPUTE","ffn_moe_gate-0","MUL_MAT_ID","",-1,8,-1,1024,8,1,1,32768,0.381563,1,"chunk_size_1"
"CPU_Elastic","COMPUTE","ffn_moe_up-0","MUL_MAT_ID","",-1,9,-1,1024,8,1,1,32768,0.347812,1,"chunk_size_1"
"CPU_Elastic","COMPUTE","ffn_moe_weighted-0","GLU","",-1,10,-1,1024,8,1,1,32768,0.006719,1,"chunk_size_1"
"CPU_Elastic","COMPUTE","ffn_moe_down-0","MUL_MAT_ID","",-1,11,-1,2048,8,1,1,65536,0.501198,1,"chunk_size_1"
"CPU_Elastic","COMPUTE","node_47","MUL","",-1,12,-1,2048,8,1,1,65536,0.030885,1,"chunk_size_1"
"CPU_Elastic","COMPUTE"," (view)","VIEW","",-1,13,-1,2048,1,1,1,8192,0.000573,1,"chunk_size_1"
"CPU_Elastic","COMPUTE","node_47 (view)","VIEW","",-1,14,-1,2048,1,1,1,8192,0.000521,1,"chunk_size_1"
"CPU_Elastic","COMPUTE","node_47 (view)","VIEW","",-1,15,-1,2048,1,1,1,8192,0.000469,1,"chunk_size_1"
"CPU_Elastic","COMPUTE","node_47 (view)","VIEW","",-1,16,-1,2048,1,1,1,8192,0.000417,1,"chunk_size_1"
"CPU_Elastic","COMPUTE","node_47 (view)","VIEW","",-1,17,-1,2048,1,1,1,8192,0.000469,1,"chunk_size_1"
"CPU_Elastic","COMPUTE","node_47 (view)","VIEW","",-1,18,-1,2048,1,1,1,8192,0.000417,1,"chunk_size_1"
"CPU_Elastic","COMPUTE","node_47 (view)","VIEW","",-1,19,-1,2048,1,1,1,8192,0.000417,1,"chunk_size_1"
"CPU_Elastic","COMPUTE","node_47 (view)","VIEW","",-1,20,-1,2048,1,1,1,8192,0.000417,1,"chunk_size_1"
"CPU_Elastic","COMPUTE","node_56","ADD","",-1,21,-1,2048,1,1,1,8192,0.003385,1,"chunk_size_1"
"CPU_Elastic","COMPUTE","node_57","ADD","",-1,22,-1,2048,1,1,1,8192,0.004688,1,"chunk_size_1"
"CPU_Elastic","COMPUTE","node_58","ADD","",-1,23,-1,2048,1,1,1,8192,0.005417,1,"chunk_size_1"
"CPU_Elastic","COMPUTE","node_59","ADD","",-1,24,-1,2048,1,1,1,8192,0.005312,1,"chunk_size_1"
"CPU_Elastic","COMPUTE","node_60","ADD","",-1,25,-1,2048,1,1,1,8192,0.004271,1,"chunk_size_1"
"CPU_Elastic","COMPUTE","node_61","ADD","",-1,26,-1,2048,1,1,1,8192,0.005573,1,"chunk_size_1"
"CPU_Elastic","COMPUTE","ffn_moe_out-0","ADD","",-1,27,-1,2048,1,1,1,8192,0.004114,1,"chunk_size_1"
"CPU_Elastic","COMPUTE","l_out-0","ADD","",-1,28,-1,2048,1,1,1,8192,0.005365,1,"chunk_size_1"
"CPU_Elastic","COMPUTE_GRAPH","ggml_cgraph","GRAPH","",-1,29,-1,0,0,0,0,0,1.346044,1,"delegate_cpu_graph"
"CPU_Elastic","COMPUTE","attn_norm-1","MUL","",-1,0,-1,2048,1,1,1,8192,0.005000,1,"chunk_size_1"
"CPU_Elastic","COMPUTE","Qcur-1","MUL_MAT","",-1,1,-1,2048,1,1,1,8192,0.099531,1,"chunk_size_1"
"CPU_Elastic","COMPUTE_GRAPH","ggml_cgraph","GRAPH","",-1,2,-1,0,0,0,0,0,0.104531,1,"delegate_cpu_graph"
"CPU_Elastic","COMPUTE","Qcur_normed-1","MUL","",-1,0,-1,2048,1,1,1,8192,0.004895,1,"chunk_size_1"
"CPU_Elastic","COMPUTE","Qcur_normed-1 (reshaped)","RESHAPE","",-1,1,-1,128,16,1,1,8192,0.000625,1,"chunk_size_1"
"CPU_Elastic","COMPUTE","Qcur-1","ROPE","",-1,2,-1,128,16,1,1,8192,0.005625,1,"chunk_size_1"
"CPU_Elastic","COMPUTE","Kcur-1","MUL_MAT","",-1,3,-1,2048,1,1,1,8192,0.100156,1,"chunk_size_1"
"CPU_Elastic","COMPUTE_GRAPH","ggml_cgraph","GRAPH","",-1,4,-1,0,0,0,0,0,0.111301,1,"delegate_cpu_graph"
"CPU_Elastic","COMPUTE","Kcur_normed-1","MUL","",-1,0,-1,2048,1,1,1,8192,0.005730,1,"chunk_size_1"
"CPU_Elastic","COMPUTE","Kcur_normed-1 (reshaped)","RESHAPE","",-1,1,-1,128,16,1,1,8192,0.000678,1,"chunk_size_1"
"CPU_Elastic","COMPUTE","Kcur-1","ROPE","",-1,2,-1,128,16,1,1,8192,0.004896,1,"chunk_size_1"
"CPU_Elastic","COMPUTE","Vcur-1","MUL_MAT","",-1,3,-1,2048,1,1,1,8192,0.137969,1,"chunk_size_1"
"CPU_Elastic","COMPUTE","Vcur-1","RESHAPE","",-1,4,-1,128,16,1,1,8192,0.000469,1,"chunk_size_1"
"CPU_Elastic","COMPUTE","Kcur-1 (view)","VIEW","",-1,5,-1,2048,1,1,1,8192,0.000521,1,"chunk_size_1"
"CPU_Elastic","COMPUTE","cache_k_l1 (view)","SET_ROWS","",-1,6,-1,2048,512,1,1,2097152,0.001980,1,"chunk_size_1"
"CPU_Elastic","COMPUTE","Vcur-1 (view)","VIEW","",-1,7,-1,2048,1,1,1,8192,0.000417,1,"chunk_size_1"
"CPU_Elastic","COMPUTE","cache_v_l1 (view)","SET_ROWS","",-1,8,-1,2048,512,1,1,2097152,0.001666,1,"chunk_size_1"
"CPU_Elastic","COMPUTE","cache_v_l1 (view)","VIEW","",-1,9,-1,128,16,256,1,1048576,0.000469,1,"chunk_size_1"
"CPU_Elastic","COMPUTE","cache_v_l1 (view) (permuted)","PERMUTE","",-1,10,-1,128,256,16,1,1048576,0.000521,1,"chunk_size_1"
"CPU_Elastic","COMPUTE","cache_v_l1 (view) (permuted) (transposed)","TRANSPOSE","",-1,11,-1,256,128,16,1,1048576,0.000417,1,"chunk_size_1"
"CPU_Elastic","COMPUTE","v_cont-1","CONT","",-1,12,-1,256,128,16,1,1048576,0.478542,1,"chunk_size_1"
"CPU_Elastic","COMPUTE","cache_k_l1 (view)","VIEW","",-1,13,-1,128,16,256,1,1048576,0.000573,1,"chunk_size_1"
"CPU_Elastic","COMPUTE","cache_k_l1 (view) (permuted)","PERMUTE","",-1,14,-1,128,256,16,1,1048576,0.000417,1,"chunk_size_1"
"CPU_Elastic","COMPUTE","Qcur-1 (view)","VIEW","",-1,15,-1,128,16,1,1,8192,0.000364,1,"chunk_size_1"
"CPU_Elastic","COMPUTE","Qcur-1 (view) (permuted)","PERMUTE","",-1,16,-1,128,1,16,1,8192,0.000365,1,"chunk_size_1"
"CPU_Elastic","COMPUTE","kq-1","MUL_MAT","",-1,17,-1,256,1,16,1,16384,0.059114,1,"chunk_size_1"
"CPU_Elastic","COMPUTE","kq_soft_max-1","SOFT_MAX","",-1,18,-1,256,1,16,1,16384,0.017865,1,"chunk_size_1"
"CPU_Elastic","COMPUTE","kqv-1","MUL_MAT","",-1,19,-1,128,1,16,1,8192,0.040365,1,"chunk_size_1"
"CPU_Elastic","COMPUTE","kqv-1 (permuted)","PERMUTE","",-1,20,-1,128,16,1,1,8192,0.000521,1,"chunk_size_1"
"CPU_Elastic","COMPUTE","kqv_out-1","CONT","",-1,21,-1,2048,1,1,1,8192,0.003958,1,"chunk_size_1"
"CPU_Elastic","COMPUTE","node_95","MUL_MAT","",-1,22,-1,2048,1,1,1,8192,0.123594,1,"chunk_size_1"
"CPU_Elastic","COMPUTE","ffn_inp-1","ADD","",-1,23,-1,2048,1,1,1,8192,0.004479,1,"chunk_size_1"
"CPU_Elastic","COMPUTE_GRAPH","ggml_cgraph","GRAPH","",-1,24,-1,0,0,0,0,0,0.885890,1,"delegate_cpu_graph"
"CPU_Elastic","COMPUTE","ffn_norm-1","MUL","",-1,0,-1,2048,1,1,1,8192,0.005834,1,"chunk_size_1"
"CPU_Elastic","COMPUTE","ffn_moe_logits-1","MUL_MAT","",-1,1,-1,64,1,1,1,256,0.030364,1,"chunk_size_1"
"CPU_Elastic","COMPUTE","ffn_moe_probs-1","SOFT_MAX","",-1,2,-1,64,1,1,1,256,0.001094,1,"chunk_size_1"
"CPU_Elastic","COMPUTE","ffn_moe_probs-1 (reshaped)","RESHAPE","",-1,3,-1,1,64,1,1,256,0.000468,1,"chunk_size_1"
"CPU_Elastic","COMPUTE","ffn_moe_argsort-1","ARGSORT","",-1,4,-1,64,1,1,1,256,0.011875,1,"chunk_size_1"
"CPU_Elastic","COMPUTE","ffn_moe_topk-1","VIEW","",-1,5,-1,8,1,1,1,32,0.000521,1,"chunk_size_1"
"CPU_Elastic","COMPUTE","ffn_moe_weights-1","GET_ROWS","",-1,6,-1,1,8,1,1,32,0.000677,1,"chunk_size_1"
"CPU_Elastic","COMPUTE","ffn_norm-1 (reshaped)","RESHAPE","",-1,7,-1,2048,1,1,1,8192,0.000417,1,"chunk_size_1"
"CPU_Elastic","COMPUTE","ffn_moe_gate-1","MUL_MAT_ID","",-1,8,-1,1024,8,1,1,32768,0.346458,1,"chunk_size_1"
"CPU_Elastic","COMPUTE","ffn_moe_up-1","MUL_MAT_ID","",-1,9,-1,1024,8,1,1,32768,0.349532,1,"chunk_size_1"
"CPU_Elastic","COMPUTE","ffn_moe_weighted-1","GLU","",-1,10,-1,1024,8,1,1,32768,0.008178,1,"chunk_size_1"
"CPU_Elastic","COMPUTE","ffn_moe_down-1","MUL_MAT_ID","",-1,11,-1,2048,8,1,1,65536,0.495260,1,"chunk_size_1"
"CPU_Elastic","COMPUTE","node_110","MUL","",-1,12,-1,2048,8,1,1,65536,0.027969,1,"chunk_size_1"
"CPU_Elastic","COMPUTE"," (view)","VIEW","",-1,13,-1,2048,1,1,1,8192,0.000469,1,"chunk_size_1"
"CPU_Elastic","COMPUTE","node_110 (view)","VIEW","",-1,14,-1,2048,1,1,1,8192,0.000469,1,"chunk_size_1"
"CPU_Elastic","COMPUTE","node_110 (view)","VIEW","",-1,15,-1,2048,1,1,1,8192,0.000417,1,"chunk_size_1"
"CPU_Elastic","COMPUTE","node_110 (view)","VIEW","",-1,16,-1,2048,1,1,1,8192,0.000417,1,"chunk_size_1"
"CPU_Elastic","COMPUTE","node_110 (view)","VIEW","",-1,17,-1,2048,1,1,1,8192,0.000416,1,"chunk_size_1"
"CPU_Elastic","COMPUTE","node_110 (view)","VIEW","",-1,18,-1,2048,1,1,1,8192,0.000521,1,"chunk_size_1"
"CPU_Elastic","COMPUTE","node_110 (view)","VIEW","",-1,19,-1,2048,1,1,1,8192,0.000417,1,"chunk_size_1"
"CPU_Elastic","COMPUTE","node_110 (view)","VIEW","",-1,20,-1,2048,1,1,1,8192,0.000417,1,"chunk_size_1"
"CPU_Elastic","COMPUTE","node_119","ADD","",-1,21,-1,2048,1,1,1,8192,0.005052,1,"chunk_size_1"
"CPU_Elastic","COMPUTE","node_120","ADD","",-1,22,-1,2048,1,1,1,8192,0.005365,1,"chunk_size_1"
"CPU_Elastic","COMPUTE","node_121","ADD","",-1,23,-1,2048,1,1,1,8192,0.004323,1,"chunk_size_1"
"CPU_Elastic","COMPUTE","node_122","ADD","",-1,24,-1,2048,1,1,1,8192,0.004063,1,"chunk_size_1"
"CPU_Elastic","COMPUTE","node_123","ADD","",-1,25,-1,2048,1,1,1,8192,0.003906,1,"chunk_size_1"
"CPU_Elastic","COMPUTE","node_124","ADD","",-1,26,-1,2048,1,1,1,8192,0.005469,1,"chunk_size_1"
"CPU_Elastic","COMPUTE","ffn_moe_out-1","ADD","",-1,27,-1,2048,1,1,1,8192,0.004011,1,"chunk_size_1"
"CPU_Elastic","COMPUTE","l_out-1","ADD","",-1,28,-1,2048,1,1,1,8192,0.005208,1,"chunk_size_1"
"CPU_Elastic","COMPUTE_GRAPH","ggml_cgraph","GRAPH","",-1,29,-1,0,0,0,0,0,1.319587,1,"delegate_cpu_graph"
"CPU_Elastic","COMPUTE","attn_norm-2","MUL","",-1,0,-1,2048,1,1,1,8192,0.005885,1,"chunk_size_1"
"CPU_Elastic","COMPUTE","Qcur-2","MUL_MAT","",-1,1,-1,2048,1,1,1,8192,0.100052,1,"chunk_size_1"
"CPU_Elastic","COMPUTE_GRAPH","ggml_cgraph","GRAPH","",-1,2,-1,0,0,0,0,0,0.105937,1,"delegate_cpu_graph"
"CPU_Elastic","COMPUTE","Qcur_normed-2","MUL","",-1,0,-1,2048,1,1,1,8192,0.006146,1,"chunk_size_1"
"CPU_Elastic","COMPUTE","Qcur_normed-2 (reshaped)","RESHAPE","",-1,1,-1,128,16,1,1,8192,0.000677,1,"chunk_size_1"
"CPU_Elastic","COMPUTE","Qcur-2","ROPE","",-1,2,-1,128,16,1,1,8192,0.005365,1,"chunk_size_1"
"CPU_Elastic","COMPUTE","Kcur-2","MUL_MAT","",-1,3,-1,2048,1,1,1,8192,0.098854,1,"chunk_size_1"
"CPU_Elastic","COMPUTE_GRAPH","ggml_cgraph","GRAPH","",-1,4,-1,0,0,0,0,0,0.111042,1,"delegate_cpu_graph"
"CPU_Elastic","COMPUTE","Kcur_normed-2","MUL","",-1,0,-1,2048,1,1,1,8192,0.005000,1,"chunk_size_1"
"CPU_Elastic","COMPUTE","Kcur_normed-2 (reshaped)","RESHAPE","",-1,1,-1,128,16,1,1,8192,0.000469,1,"chunk_size_1"
"CPU_Elastic","COMPUTE","Kcur-2","ROPE","",-1,2,-1,128,16,1,1,8192,0.005156,1,"chunk_size_1"
"CPU_Elastic","COMPUTE","Vcur-2","MUL_MAT","",-1,3,-1,2048,1,1,1,8192,0.098698,1,"chunk_size_1"
"CPU_Elastic","COMPUTE","Vcur-2","RESHAPE","",-1,4,-1,128,16,1,1,8192,0.000521,1,"chunk_size_1"
"CPU_Elastic","COMPUTE","Kcur-2 (view)","VIEW","",-1,5,-1,2048,1,1,1,8192,0.000417,1,"chunk_size_1"
"CPU_Elastic","COMPUTE","cache_k_l2 (view)","SET_ROWS","",-1,6,-1,2048,512,1,1,2097152,0.001771,1,"chunk_size_1"
"CPU_Elastic","COMPUTE","Vcur-2 (view)","VIEW","",-1,7,-1,2048,1,1,1,8192,0.000417,1,"chunk_size_1"
"CPU_Elastic","COMPUTE","cache_v_l2 (view)","SET_ROWS","",-1,8,-1,2048,512,1,1,2097152,0.001667,1,"chunk_size_1"
"CPU_Elastic","COMPUTE","cache_v_l2 (view)","VIEW","",-1,9,-1,128,16,256,1,1048576,0.000416,1,"chunk_size_1"
"CPU_Elastic","COMPUTE","cache_v_l2 (view) (permuted)","PERMUTE","",-1,10,-1,128,256,16,1,1048576,0.000468,1,"chunk_size_1"
"CPU_Elastic","COMPUTE","cache_v_l2 (view) (permuted) (transposed)","TRANSPOSE","",-1,11,-1,256,128,16,1,1048576,0.000416,1,"chunk_size_1"
"CPU_Elastic","COMPUTE","v_cont-2","CONT","",-1,12,-1,256,128,16,1,1048576,0.475729,1,"chunk_size_1"
"CPU_Elastic","COMPUTE","cache_k_l2 (view)","VIEW","",-1,13,-1,128,16,256,1,1048576,0.000469,1,"chunk_size_1"
"CPU_Elastic","COMPUTE","cache_k_l2 (view) (permuted)","PERMUTE","",-1,14,-1,128,256,16,1,1048576,0.000521,1,"chunk_size_1"
"CPU_Elastic","COMPUTE","Qcur-2 (view)","VIEW","",-1,15,-1,128,16,1,1,8192,0.000469,1,"chunk_size_1"
"CPU_Elastic","COMPUTE","Qcur-2 (view) (permuted)","PERMUTE","",-1,16,-1,128,1,16,1,8192,0.000468,1,"chunk_size_1"
"CPU_Elastic","COMPUTE","kq-2","MUL_MAT","",-1,17,-1,256,1,16,1,16384,0.056562,1,"chunk_size_1"
"CPU_Elastic","COMPUTE","kq_soft_max-2","SOFT_MAX","",-1,18,-1,256,1,16,1,16384,0.017291,1,"chunk_size_1"
"CPU_Elastic","COMPUTE","kqv-2","MUL_MAT","",-1,19,-1,128,1,16,1,8192,0.041771,1,"chunk_size_1"
"CPU_Elastic","COMPUTE","kqv-2 (permuted)","PERMUTE","",-1,20,-1,128,16,1,1,8192,0.000469,1,"chunk_size_1"
"CPU_Elastic","COMPUTE","kqv_out-2","CONT","",-1,21,-1,2048,1,1,1,8192,0.004323,1,"chunk_size_1"
"CPU_Elastic","COMPUTE","node_158","MUL_MAT","",-1,22,-1,2048,1,1,1,8192,0.108438,1,"chunk_size_1"
"CPU_Elastic","COMPUTE","ffn_inp-2","ADD","",-1,23,-1,2048,1,1,1,8192,0.004844,1,"chunk_size_1"
"CPU_Elastic","COMPUTE_GRAPH","ggml_cgraph","GRAPH","",-1,24,-1,0,0,0,0,0,0.826770,1,"delegate_cpu_graph"
"CPU_Elastic","COMPUTE","ffn_norm-2","MUL","",-1,0,-1,2048,1,1,1,8192,0.005469,1,"chunk_size_1"
"CPU_Elastic","COMPUTE","ffn_moe_logits-2","MUL_MAT","",-1,1,-1,64,1,1,1,256,0.015364,1,"chunk_size_1"
"CPU_Elastic","COMPUTE","ffn_moe_probs-2","SOFT_MAX","",-1,2,-1,64,1,1,1,256,0.001042,1,"chunk_size_1"
"CPU_Elastic","COMPUTE","ffn_moe_probs-2 (reshaped)","RESHAPE","",-1,3,-1,1,64,1,1,256,0.000521,1,"chunk_size_1"
"CPU_Elastic","COMPUTE","ffn_moe_argsort-2","ARGSORT","",-1,4,-1,64,1,1,1,256,0.011771,1,"chunk_size_1"
"CPU_Elastic","COMPUTE","ffn_moe_topk-2","VIEW","",-1,5,-1,8,1,1,1,32,0.000521,1,"chunk_size_1"
"CPU_Elastic","COMPUTE","ffn_moe_weights-2","GET_ROWS","",-1,6,-1,1,8,1,1,32,0.000573,1,"chunk_size_1"
"CPU_Elastic","COMPUTE","ffn_norm-2 (reshaped)","RESHAPE","",-1,7,-1,2048,1,1,1,8192,0.000469,1,"chunk_size_1"
"CPU_Elastic","COMPUTE","ffn_moe_gate-2","MUL_MAT_ID","",-1,8,-1,1024,8,1,1,32768,0.349792,1,"chunk_size_1"
"CPU_Elastic","COMPUTE","ffn_moe_up-2","MUL_MAT_ID","",-1,9,-1,1024,8,1,1,32768,0.348541,1,"chunk_size_1"
"CPU_Elastic","COMPUTE","ffn_moe_weighted-2","GLU","",-1,10,-1,1024,8,1,1,32768,0.007136,1,"chunk_size_1"
"CPU_Elastic","COMPUTE","ffn_moe_down-2","MUL_MAT_ID","",-1,11,-1,2048,8,1,1,65536,0.371146,1,"chunk_size_1"
"CPU_Elastic","COMPUTE","node_173","MUL","",-1,12,-1,2048,8,1,1,65536,0.031458,1,"chunk_size_1"
"CPU_Elastic","COMPUTE"," (view)","VIEW","",-1,13,-1,2048,1,1,1,8192,0.000521,1,"chunk_size_1"
"CPU_Elastic","COMPUTE","node_173 (view)","VIEW","",-1,14,-1,2048,1,1,1,8192,0.000573,1,"chunk_size_1"
"CPU_Elastic","COMPUTE","node_173 (view)","VIEW","",-1,15,-1,2048,1,1,1,8192,0.000469,1,"chunk_size_1"
"CPU_Elastic","COMPUTE","node_173 (view)","VIEW","",-1,16,-1,2048,1,1,1,8192,0.000417,1,"chunk_size_1"
"CPU_Elastic","COMPUTE","node_173 (view)","VIEW","",-1,17,-1,2048,1,1,1,8192,0.000417,1,"chunk_size_1"
"CPU_Elastic","COMPUTE","node_173 (view)","VIEW","",-1,18,-1,2048,1,1,1,8192,0.000417,1,"chunk_size_1"
"CPU_Elastic","COMPUTE","node_173 (view)","VIEW","",-1,19,-1,2048,1,1,1,8192,0.000469,1,"chunk_size_1"
"CPU_Elastic","COMPUTE","node_173 (view)","VIEW","",-1,20,-1,2048,1,1,1,8192,0.000416,1,"chunk_size_1"
"CPU_Elastic","COMPUTE","node_182","ADD","",-1,21,-1,2048,1,1,1,8192,0.004480,1,"chunk_size_1"
"CPU_Elastic","COMPUTE","node_183","ADD","",-1,22,-1,2048,1,1,1,8192,0.005156,1,"chunk_size_1"
"CPU_Elastic","COMPUTE","node_184","ADD","",-1,23,-1,2048,1,1,1,8192,0.003750,1,"chunk_size_1"
"CPU_Elastic","COMPUTE","node_185","ADD","",-1,24,-1,2048,1,1,1,8192,0.004792,1,"chunk_size_1"
"CPU_Elastic","COMPUTE","node_186","ADD","",-1,25,-1,2048,1,1,1,8192,0.005052,1,"chunk_size_1"
"CPU_Elastic","COMPUTE","node_187","ADD","",-1,26,-1,2048,1,1,1,8192,0.004323,1,"chunk_size_1"
"CPU_Elastic","COMPUTE","ffn_moe_out-2","ADD","",-1,27,-1,2048,1,1,1,8192,0.003854,1,"chunk_size_1"
"CPU_Elastic","COMPUTE","l_out-2","ADD","",-1,28,-1,2048,1,1,1,8192,0.005052,1,"chunk_size_1"
"CPU_Elastic","COMPUTE_GRAPH","ggml_cgraph","GRAPH","",-1,29,-1,0,0,0,0,0,1.183961,1,"delegate_cpu_graph"
"CPU_Elastic","COMPUTE","attn_norm-3","MUL","",-1,0,-1,2048,1,1,1,8192,0.004792,1,"chunk_size_1"
"CPU_Elastic","COMPUTE","Qcur-3","MUL_MAT","",-1,1,-1,2048,1,1,1,8192,0.101145,1,"chunk_size_1"
"CPU_Elastic","COMPUTE_GRAPH","ggml_cgraph","GRAPH","",-1,2,-1,0,0,0,0,0,0.105937,1,"delegate_cpu_graph"
"CPU_Elastic","COMPUTE","Qcur_normed-3","MUL","",-1,0,-1,2048,1,1,1,8192,0.005417,1,"chunk_size_1"
"CPU_Elastic","COMPUTE","Qcur_normed-3 (reshaped)","RESHAPE","",-1,1,-1,128,16,1,1,8192,0.000521,1,"chunk_size_1"
"CPU_Elastic","COMPUTE","Qcur-3","ROPE","",-1,2,-1,128,16,1,1,8192,0.005573,1,"chunk_size_1"
"CPU_Elastic","COMPUTE","Kcur-3","MUL_MAT","",-1,3,-1,2048,1,1,1,8192,0.100104,1,"chunk_size_1"
"CPU_Elastic","COMPUTE_GRAPH","ggml_cgraph","GRAPH","",-1,4,-1,0,0,0,0,0,0.111615,1,"delegate_cpu_graph"
"CPU_Elastic","COMPUTE","Kcur_normed-3","MUL","",-1,0,-1,2048,1,1,1,8192,0.005417,1,"chunk_size_1"
"CPU_Elastic","COMPUTE","Kcur_normed-3 (reshaped)","RESHAPE","",-1,1,-1,128,16,1,1,8192,0.000520,1,"chunk_size_1"
"CPU_Elastic","COMPUTE","Kcur-3","ROPE","",-1,2,-1,128,16,1,1,8192,0.004635,1,"chunk_size_1"
"CPU_Elastic","COMPUTE","Vcur-3","MUL_MAT","",-1,3,-1,2048,1,1,1,8192,0.100625,1,"chunk_size_1"
"CPU_Elastic","COMPUTE","Vcur-3","RESHAPE","",-1,4,-1,128,16,1,1,8192,0.000573,1,"chunk_size_1"
"CPU_Elastic","COMPUTE","Kcur-3 (view)","VIEW","",-1,5,-1,2048,1,1,1,8192,0.000417,1,"chunk_size_1"
"CPU_Elastic","COMPUTE","cache_k_l3 (view)","SET_ROWS","",-1,6,-1,2048,512,1,1,2097152,0.001667,1,"chunk_size_1"
"CPU_Elastic","COMPUTE","Vcur-3 (view)","VIEW","",-1,7,-1,2048,1,1,1,8192,0.000469,1,"chunk_size_1"
"CPU_Elastic","COMPUTE","cache_v_l3 (view)","SET_ROWS","",-1,8,-1,2048,512,1,1,2097152,0.001666,1,"chunk_size_1"
"CPU_Elastic","COMPUTE","cache_v_l3 (view)","VIEW","",-1,9,-1,128,16,256,1,1048576,0.000364,1,"chunk_size_1"
"CPU_Elastic","COMPUTE","cache_v_l3 (view) (permuted)","PERMUTE","",-1,10,-1,128,256,16,1,1048576,0.000469,1,"chunk_size_1"
"CPU_Elastic","COMPUTE","cache_v_l3 (view) (permuted) (transposed)","TRANSPOSE","",-1,11,-1,256,128,16,1,1048576,0.000521,1,"chunk_size_1"
"CPU_Elastic","COMPUTE","v_cont-3","CONT","",-1,12,-1,256,128,16,1,1048576,0.499739,1,"chunk_size_1"
"CPU_Elastic","COMPUTE","cache_k_l3 (view)","VIEW","",-1,13,-1,128,16,256,1,1048576,0.000521,1,"chunk_size_1"
"CPU_Elastic","COMPUTE","cache_k_l3 (view) (permuted)","PERMUTE","",-1,14,-1,128,256,16,1,1048576,0.000521,1,"chunk_size_1"
"CPU_Elastic","COMPUTE","Qcur-3 (view)","VIEW","",-1,15,-1,128,16,1,1,8192,0.000521,1,"chunk_size_1"
"CPU_Elastic","COMPUTE","Qcur-3 (view) (permuted)","PERMUTE","",-1,16,-1,128,1,16,1,8192,0.000468,1,"chunk_size_1"
"CPU_Elastic","COMPUTE","kq-3","MUL_MAT","",-1,17,-1,256,1,16,1,16384,0.055469,1,"chunk_size_1"
"CPU_Elastic","COMPUTE","kq_soft_max-3","SOFT_MAX","",-1,18,-1,256,1,16,1,16384,0.016979,1,"chunk_size_1"
"CPU_Elastic","COMPUTE","kqv-3","MUL_MAT","",-1,19,-1,128,1,16,1,8192,0.040156,1,"chunk_size_1"
"CPU_Elastic","COMPUTE","kqv-3 (permuted)","PERMUTE","",-1,20,-1,128,16,1,1,8192,0.000521,1,"chunk_size_1"
"CPU_Elastic","COMPUTE","kqv_out-3","CONT","",-1,21,-1,2048,1,1,1,8192,0.005208,1,"chunk_size_1"
"CPU_Elastic","COMPUTE","node_221","MUL_MAT","",-1,22,-1,2048,1,1,1,8192,0.108541,1,"chunk_size_1"
"CPU_Elastic","COMPUTE","ffn_inp-3","ADD","",-1,23,-1,2048,1,1,1,8192,0.003646,1,"chunk_size_1"
"CPU_Elastic","COMPUTE_GRAPH","ggml_cgraph","GRAPH","",-1,24,-1,0,0,0,0,0,0.849633,1,"delegate_cpu_graph"
"CPU_Elastic","COMPUTE","ffn_norm-3","MUL","",-1,0,-1,2048,1,1,1,8192,0.004948,1,"chunk_size_1"
"CPU_Elastic","COMPUTE","ffn_moe_logits-3","MUL_MAT","",-1,1,-1,64,1,1,1,256,0.014323,1,"chunk_size_1"
"CPU_Elastic","COMPUTE","ffn_moe_probs-3","SOFT_MAX","",-1,2,-1,64,1,1,1,256,0.000990,1,"chunk_size_1"
"CPU_Elastic","COMPUTE","ffn_moe_probs-3 (reshaped)","RESHAPE","",-1,3,-1,1,64,1,1,256,0.000573,1,"chunk_size_1"
"CPU_Elastic","COMPUTE","ffn_moe_argsort-3","ARGSORT","",-1,4,-1,64,1,1,1,256,0.011094,1,"chunk_size_1"
"CPU_Elastic","COMPUTE","ffn_moe_topk-3","VIEW","",-1,5,-1,8,1,1,1,32,0.000521,1,"chunk_size_1"
"CPU_Elastic","COMPUTE","ffn_moe_weights-3","GET_ROWS","",-1,6,-1,1,8,1,1,32,0.000573,1,"chunk_size_1"
"CPU_Elastic","COMPUTE","ffn_norm-3 (reshaped)","RESHAPE","",-1,7,-1,2048,1,1,1,8192,0.000417,1,"chunk_size_1"
"CPU_Elastic","COMPUTE","ffn_moe_gate-3","MUL_MAT_ID","",-1,8,-1,1024,8,1,1,32768,0.346980,1,"chunk_size_1"
"CPU_Elastic","COMPUTE","ffn_moe_up-3","MUL_MAT_ID","",-1,9,-1,1024,8,1,1,32768,0.367032,1,"chunk_size_1"
"CPU_Elastic","COMPUTE","ffn_moe_weighted-3","GLU","",-1,10,-1,1024,8,1,1,32768,0.007084,1,"chunk_size_1"
"CPU_Elastic","COMPUTE","ffn_moe_down-3","MUL_MAT_ID","",-1,11,-1,2048,8,1,1,65536,0.368541,1,"chunk_size_1"
"CPU_Elastic","COMPUTE","node_236","MUL","",-1,12,-1,2048,8,1,1,65536,0.031407,1,"chunk_size_1"
"CPU_Elastic","COMPUTE"," (view)","VIEW","",-1,13,-1,2048,1,1,1,8192,0.000521,1,"chunk_size_1"
"CPU_Elastic","COMPUTE","node_236 (view)","VIEW","",-1,14,-1,2048,1,1,1,8192,0.000469,1,"chunk_size_1"
"CPU_Elastic","COMPUTE","node_236 (view)","VIEW","",-1,15,-1,2048,1,1,1,8192,0.000365,1,"chunk_size_1"
"CPU_Elastic","COMPUTE","node_236 (view)","VIEW","",-1,16,-1,2048,1,1,1,8192,0.000468,1,"chunk_size_1"
"CPU_Elastic","COMPUTE","node_236 (view)","VIEW","",-1,17,-1,2048,1,1,1,8192,0.000417,1,"chunk_size_1"
"CPU_Elastic","COMPUTE","node_236 (view)","VIEW","",-1,18,-1,2048,1,1,1,8192,0.000365,1,"chunk_size_1"
"CPU_Elastic","COMPUTE","node_236 (view)","VIEW","",-1,19,-1,2048,1,1,1,8192,0.000469,1,"chunk_size_1"
"CPU_Elastic","COMPUTE","node_236 (view)","VIEW","",-1,20,-1,2048,1,1,1,8192,0.000469,1,"chunk_size_1"
"CPU_Elastic","COMPUTE","node_245","ADD","",-1,21,-1,2048,1,1,1,8192,0.004323,1,"chunk_size_1"
"CPU_Elastic","COMPUTE","node_246","ADD","",-1,22,-1,2048,1,1,1,8192,0.005573,1,"chunk_size_1"
"CPU_Elastic","COMPUTE","node_247","ADD","",-1,23,-1,2048,1,1,1,8192,0.005781,1,"chunk_size_1"
"CPU_Elastic","COMPUTE","node_248","ADD","",-1,24,-1,2048,1,1,1,8192,0.003906,1,"chunk_size_1"
"CPU_Elastic","COMPUTE","node_249","ADD","",-1,25,-1,2048,1,1,1,8192,0.005834,1,"chunk_size_1"
"CPU_Elastic","COMPUTE","node_250","ADD","",-1,26,-1,2048,1,1,1,8192,0.004895,1,"chunk_size_1"
"CPU_Elastic","COMPUTE","ffn_moe_out-3","ADD","",-1,27,-1,2048,1,1,1,8192,0.003750,1,"chunk_size_1"
"CPU_Elastic","COMPUTE","l_out-3","ADD","",-1,28,-1,2048,1,1,1,8192,0.005052,1,"chunk_size_1"
"CPU_Elastic","COMPUTE_GRAPH","ggml_cgraph","GRAPH","",-1,29,-1,0,0,0,0,0,1.197140,1,"delegate_cpu_graph"
"CPU_Elastic","COMPUTE","attn_norm-4","MUL","",-1,0,-1,2048,1,1,1,8192,0.004740,1,"chunk_size_1"
"CPU_Elastic","COMPUTE","Qcur-4","MUL_MAT","",-1,1,-1,2048,1,1,1,8192,0.100000,1,"chunk_size_1"
"CPU_Elastic","COMPUTE_GRAPH","ggml_cgraph","GRAPH","",-1,2,-1,0,0,0,0,0,0.104740,1,"delegate_cpu_graph"
"CPU_Elastic","COMPUTE","Qcur_normed-4","MUL","",-1,0,-1,2048,1,1,1,8192,0.006354,1,"chunk_size_1"
"CPU_Elastic","COMPUTE","Qcur_normed-4 (reshaped)","RESHAPE","",-1,1,-1,128,16,1,1,8192,0.000625,1,"chunk_size_1"
"CPU_Elastic","COMPUTE","Qcur-4","ROPE","",-1,2,-1,128,16,1,1,8192,0.005364,1,"chunk_size_1"
"CPU_Elastic","COMPUTE","Kcur-4","MUL_MAT","",-1,3,-1,2048,1,1,1,8192,0.100782,1,"chunk_size_1"
"CPU_Elastic","COMPUTE_GRAPH","ggml_cgraph","GRAPH","",-1,4,-1,0,0,0,0,0,0.113125,1,"delegate_cpu_graph"
"CPU_Elastic","COMPUTE","Kcur_normed-4","MUL","",-1,0,-1,2048,1,1,1,8192,0.005886,1,"chunk_size_1"
"CPU_Elastic","COMPUTE","Kcur_normed-4 (reshaped)","RESHAPE","",-1,1,-1,128,16,1,1,8192,0.000573,1,"chunk_size_1"
"CPU_Elastic","COMPUTE","Kcur-4","ROPE","",-1,2,-1,128,16,1,1,8192,0.004843,1,"chunk_size_1"
"CPU_Elastic","COMPUTE","Vcur-4","MUL_MAT","",-1,3,-1,2048,1,1,1,8192,0.137396,1,"chunk_size_1"
"CPU_Elastic","COMPUTE","Vcur-4","RESHAPE","",-1,4,-1,128,16,1,1,8192,0.000573,1,"chunk_size_1"
"CPU_Elastic","COMPUTE","Kcur-4 (view)","VIEW","",-1,5,-1,2048,1,1,1,8192,0.000521,1,"chunk_size_1"
"CPU_Elastic","COMPUTE","cache_k_l4 (view)","SET_ROWS","",-1,6,-1,2048,512,1,1,2097152,0.001771,1,"chunk_size_1"
"CPU_Elastic","COMPUTE","Vcur-4 (view)","VIEW","",-1,7,-1,2048,1,1,1,8192,0.000416,1,"chunk_size_1"
"CPU_Elastic","COMPUTE","cache_v_l4 (view)","SET_ROWS","",-1,8,-1,2048,512,1,1,2097152,0.001667,1,"chunk_size_1"
"CPU_Elastic","COMPUTE","cache_v_l4 (view)","VIEW","",-1,9,-1,128,16,256,1,1048576,0.000417,1,"chunk_size_1"
"CPU_Elastic","COMPUTE","cache_v_l4 (view) (permuted)","PERMUTE","",-1,10,-1,128,256,16,1,1048576,0.000469,1,"chunk_size_1"
"CPU_Elastic","COMPUTE","cache_v_l4 (view) (permuted) (transposed)","TRANSPOSE","",-1,11,-1,256,128,16,1,1048576,0.000521,1,"chunk_size_1"
"CPU_Elastic","COMPUTE","v_cont-4","CONT","",-1,12,-1,256,128,16,1,1048576,0.475000,1,"chunk_size_1"
"CPU_Elastic","COMPUTE","cache_k_l4 (view)","VIEW","",-1,13,-1,128,16,256,1,1048576,0.000468,1,"chunk_size_1"
"CPU_Elastic","COMPUTE","cache_k_l4 (view) (permuted)","PERMUTE","",-1,14,-1,128,256,16,1,1048576,0.000417,1,"chunk_size_1"
"CPU_Elastic","COMPUTE","Qcur-4 (view)","VIEW","",-1,15,-1,128,16,1,1,8192,0.000469,1,"chunk_size_1"
"CPU_Elastic","COMPUTE","Qcur-4 (view) (permuted)","PERMUTE","",-1,16,-1,128,1,16,1,8192,0.000469,1,"chunk_size_1"
"CPU_Elastic","COMPUTE","kq-4","MUL_MAT","",-1,17,-1,256,1,16,1,16384,0.053750,1,"chunk_size_1"
"CPU_Elastic","COMPUTE","kq_soft_max-4","SOFT_MAX","",-1,18,-1,256,1,16,1,16384,0.018073,1,"chunk_size_1"
"CPU_Elastic","COMPUTE","kqv-4","MUL_MAT","",-1,19,-1,128,1,16,1,8192,0.041562,1,"chunk_size_1"
"CPU_Elastic","COMPUTE","kqv-4 (permuted)","PERMUTE","",-1,20,-1,128,16,1,1,8192,0.000573,1,"chunk_size_1"
"CPU_Elastic","COMPUTE","kqv_out-4","CONT","",-1,21,-1,2048,1,1,1,8192,0.003646,1,"chunk_size_1"
"CPU_Elastic","COMPUTE","node_284","MUL_MAT","",-1,22,-1,2048,1,1,1,8192,0.108490,1,"chunk_size_1"
"CPU_Elastic","COMPUTE","ffn_inp-4","ADD","",-1,23,-1,2048,1,1,1,8192,0.004948,1,"chunk_size_1"
"CPU_Elastic","COMPUTE_GRAPH","ggml_cgraph","GRAPH","",-1,24,-1,0,0,0,0,0,0.862918,1,"delegate_cpu_graph"
"CPU_Elastic","COMPUTE","ffn_norm-4","MUL","",-1,0,-1,2048,1,1,1,8192,0.005521,1,"chunk_size_1"
"CPU_Elastic","COMPUTE","ffn_moe_logits-4","MUL_MAT","",-1,1,-1,64,1,1,1,256,0.013229,1,"chunk_size_1"
"CPU_Elastic","COMPUTE","ffn_moe_probs-4","SOFT_MAX","",-1,2,-1,64,1,1,1,256,0.000937,1,"chunk_size_1"
"CPU_Elastic","COMPUTE","ffn_moe_probs-4 (reshaped)","RESHAPE","",-1,3,-1,1,64,1,1,256,0.000469,1,"chunk_size_1"
"CPU_Elastic","COMPUTE","ffn_moe_argsort-4","ARGSORT","",-1,4,-1,64,1,1,1,256,0.011927,1,"chunk_size_1"
"CPU_Elastic","COMPUTE","ffn_moe_topk-4","VIEW","",-1,5,-1,8,1,1,1,32,0.000573,1,"chunk_size_1"
"CPU_Elastic","COMPUTE","ffn_moe_weights-4","GET_ROWS","",-1,6,-1,1,8,1,1,32,0.000521,1,"chunk_size_1"
"CPU_Elastic","COMPUTE","ffn_norm-4 (reshaped)","RESHAPE","",-1,7,-1,2048,1,1,1,8192,0.000365,1,"chunk_size_1"
"CPU_Elastic","COMPUTE","ffn_moe_gate-4","MUL_MAT_ID","",-1,8,-1,1024,8,1,1,32768,0.347135,1,"chunk_size_1"
"CPU_Elastic","COMPUTE","ffn_moe_up-4","MUL_MAT_ID","",-1,9,-1,1024,8,1,1,32768,0.367448,1,"chunk_size_1"
"CPU_Elastic","COMPUTE","ffn_moe_weighted-4","GLU","",-1,10,-1,1024,8,1,1,32768,0.024948,1,"chunk_size_1"
"CPU_Elastic","COMPUTE","ffn_moe_down-4","MUL_MAT_ID","",-1,11,-1,2048,8,1,1,65536,0.512187,1,"chunk_size_1"
"CPU_Elastic","COMPUTE","node_299","MUL","",-1,12,-1,2048,8,1,1,65536,0.032187,1,"chunk_size_1"
"CPU_Elastic","COMPUTE"," (view)","VIEW","",-1,13,-1,2048,1,1,1,8192,0.000677,1,"chunk_size_1"
"CPU_Elastic","COMPUTE","node_299 (view)","VIEW","",-1,14,-1,2048,1,1,1,8192,0.000417,1,"chunk_size_1"
"CPU_Elastic","COMPUTE","node_299 (view)","VIEW","",-1,15,-1,2048,1,1,1,8192,0.000417,1,"chunk_size_1"
"CPU_Elastic","COMPUTE","node_299 (view)","VIEW","",-1,16,-1,2048,1,1,1,8192,0.000469,1,"chunk_size_1"
"CPU_Elastic","COMPUTE","node_299 (view)","VIEW","",-1,17,-1,2048,1,1,1,8192,0.000468,1,"chunk_size_1"
"CPU_Elastic","COMPUTE","node_299 (view)","VIEW","",-1,18,-1,2048,1,1,1,8192,0.000468,1,"chunk_size_1"
"CPU_Elastic","COMPUTE","node_299 (view)","VIEW","",-1,19,-1,2048,1,1,1,8192,0.000365,1,"chunk_size_1"
"CPU_Elastic","COMPUTE","node_299 (view)","VIEW","",-1,20,-1,2048,1,1,1,8192,0.000417,1,"chunk_size_1"
"CPU_Elastic","COMPUTE","node_308","ADD","",-1,21,-1,2048,1,1,1,8192,0.005573,1,"chunk_size_1"
"CPU_Elastic","COMPUTE","node_309","ADD","",-1,22,-1,2048,1,1,1,8192,0.005261,1,"chunk_size_1"
"CPU_Elastic","COMPUTE","node_310","ADD","",-1,23,-1,2048,1,1,1,8192,0.004375,1,"chunk_size_1"
"CPU_Elastic","COMPUTE","node_311","ADD","",-1,24,-1,2048,1,1,1,8192,0.004479,1,"chunk_size_1"
"CPU_Elastic","COMPUTE","node_312","ADD","",-1,25,-1,2048,1,1,1,8192,0.003698,1,"chunk_size_1"
"CPU_Elastic","COMPUTE","node_313","ADD","",-1,26,-1,2048,1,1,1,8192,0.003646,1,"chunk_size_1"
"CPU_Elastic","COMPUTE","ffn_moe_out-4","ADD","",-1,27,-1,2048,1,1,1,8192,0.003594,1,"chunk_size_1"
"CPU_Elastic","COMPUTE","l_out-4","ADD","",-1,28,-1,2048,1,1,1,8192,0.005157,1,"chunk_size_1"
"CPU_Elastic","COMPUTE_GRAPH","ggml_cgraph","GRAPH","",-1,29,-1,0,0,0,0,0,1.356928,1,"delegate_cpu_graph"
"CPU_Elastic","COMPUTE","attn_norm-5","MUL","",-1,0,-1,2048,1,1,1,8192,0.005000,1,"chunk_size_1"
"CPU_Elastic","COMPUTE","Qcur-5","MUL_MAT","",-1,1,-1,2048,1,1,1,8192,0.099532,1,"chunk_size_1"
"CPU_Elastic","COMPUTE_GRAPH","ggml_cgraph","GRAPH","",-1,2,-1,0,0,0,0,0,0.104532,1,"delegate_cpu_graph"
"CPU_Elastic","COMPUTE","Qcur_normed-5","MUL","",-1,0,-1,2048,1,1,1,8192,0.005938,1,"chunk_size_1"
"CPU_Elastic","COMPUTE","Qcur_normed-5 (reshaped)","RESHAPE","",-1,1,-1,128,16,1,1,8192,0.000625,1,"chunk_size_1"
"CPU_Elastic","COMPUTE","Qcur-5","ROPE","",-1,2,-1,128,16,1,1,8192,0.006302,1,"chunk_size_1"
"CPU_Elastic","COMPUTE","Kcur-5","MUL_MAT","",-1,3,-1,2048,1,1,1,8192,0.098750,1,"chunk_size_1"
"CPU_Elastic","COMPUTE_GRAPH","ggml_cgraph","GRAPH","",-1,4,-1,0,0,0,0,0,0.111615,1,"delegate_cpu_graph"
"CPU_Elastic","COMPUTE","Kcur_normed-5","MUL","",-1,0,-1,2048,1,1,1,8192,0.004583,1,"chunk_size_1"
"CPU_Elastic","COMPUTE","Kcur_normed-5 (reshaped)","RESHAPE","",-1,1,-1,128,16,1,1,8192,0.000625,1,"chunk_size_1"
"CPU_Elastic","COMPUTE","Kcur-5","ROPE","",-1,2,-1,128,16,1,1,8192,0.006146,1,"chunk_size_1"
"CPU_Elastic","COMPUTE","Vcur-5","MUL_MAT","",-1,3,-1,2048,1,1,1,8192,0.106927,1,"chunk_size_1"
"CPU_Elastic","COMPUTE","Vcur-5","RESHAPE","",-1,4,-1,128,16,1,1,8192,0.000573,1,"chunk_size_1"
"CPU_Elastic","COMPUTE","Kcur-5 (view)","VIEW","",-1,5,-1,2048,1,1,1,8192,0.000521,1,"chunk_size_1"
"CPU_Elastic","COMPUTE","cache_k_l5 (view)","SET_ROWS","",-1,6,-1,2048,512,1,1,2097152,0.001823,1,"chunk_size_1"
"CPU_Elastic","COMPUTE","Vcur-5 (view)","VIEW","",-1,7,-1,2048,1,1,1,8192,0.000417,1,"chunk_size_1"
"CPU_Elastic","COMPUTE","cache_v_l5 (view)","SET_ROWS","",-1,8,-1,2048,512,1,1,2097152,0.001615,1,"chunk_size_1"
"CPU_Elastic","COMPUTE","cache_v_l5 (view)","VIEW","",-1,9,-1,128,16,256,1,1048576,0.000417,1,"chunk_size_1"
"CPU_Elastic","COMPUTE","cache_v_l5 (view) (permuted)","PERMUTE","",-1,10,-1,128,256,16,1,1048576,0.000417,1,"chunk_size_1"
"CPU_Elastic","COMPUTE","cache_v_l5 (view) (permuted) (transposed)","TRANSPOSE","",-1,11,-1,256,128,16,1,1048576,0.000417,1,"chunk_size_1"
"CPU_Elastic","COMPUTE","v_cont-5","CONT","",-1,12,-1,256,128,16,1,1048576,0.475104,1,"chunk_size_1"
"CPU_Elastic","COMPUTE","cache_k_l5 (view)","VIEW","",-1,13,-1,128,16,256,1,1048576,0.000573,1,"chunk_size_1"
"CPU_Elastic","COMPUTE","cache_k_l5 (view) (permuted)","PERMUTE","",-1,14,-1,128,256,16,1,1048576,0.000468,1,"chunk_size_1"
"CPU_Elastic","COMPUTE","Qcur-5 (view)","VIEW","",-1,15,-1,128,16,1,1,8192,0.000417,1,"chunk_size_1"
"CPU_Elastic","COMPUTE","Qcur-5 (view) (permuted)","PERMUTE","",-1,16,-1,128,1,16,1,8192,0.000416,1,"chunk_size_1"
"CPU_Elastic","COMPUTE","kq-5","MUL_MAT","",-1,17,-1,256,1,16,1,16384,0.055938,1,"chunk_size_1"
"CPU_Elastic","COMPUTE","kq_soft_max-5","SOFT_MAX","",-1,18,-1,256,1,16,1,16384,0.017708,1,"chunk_size_1"
"CPU_Elastic","COMPUTE","kqv-5","MUL_MAT","",-1,19,-1,128,1,16,1,8192,0.041302,1,"chunk_size_1"
"CPU_Elastic","COMPUTE","kqv-5 (permuted)","PERMUTE","",-1,20,-1,128,16,1,1,8192,0.000469,1,"chunk_size_1"
"CPU_Elastic","COMPUTE","kqv_out-5","CONT","",-1,21,-1,2048,1,1,1,8192,0.004063,1,"chunk_size_1"
"CPU_Elastic","COMPUTE","node_347","MUL_MAT","",-1,22,-1,2048,1,1,1,8192,0.107656,1,"chunk_size_1"
"CPU_Elastic","COMPUTE","ffn_inp-5","ADD","",-1,23,-1,2048,1,1,1,8192,0.005573,1,"chunk_size_1"
"CPU_Elastic","COMPUTE_GRAPH","ggml_cgraph","GRAPH","",-1,24,-1,0,0,0,0,0,0.834168,1,"delegate_cpu_graph"
"CPU_Elastic","COMPUTE","ffn_norm-5","MUL","",-1,0,-1,2048,1,1,1,8192,0.004688,1,"chunk_size_1"
"CPU_Elastic","COMPUTE","ffn_moe_logits-5","MUL_MAT","",-1,1,-1,64,1,1,1,256,0.013073,1,"chunk_size_1"
"CPU_Elastic","COMPUTE","ffn_moe_probs-5","SOFT_MAX","",-1,2,-1,64,1,1,1,256,0.001094,1,"chunk_size_1"
"CPU_Elastic","COMPUTE","ffn_moe_probs-5 (reshaped)","RESHAPE","",-1,3,-1,1,64,1,1,256,0.000468,1,"chunk_size_1"
"CPU_Elastic","COMPUTE","ffn_moe_argsort-5","ARGSORT","",-1,4,-1,64,1,1,1,256,0.011197,1,"chunk_size_1"
"CPU_Elastic","COMPUTE","ffn_moe_topk-5","VIEW","",-1,5,-1,8,1,1,1,32,0.000469,1,"chunk_size_1"
"CPU_Elastic","COMPUTE","ffn_moe_weights-5","GET_ROWS","",-1,6,-1,1,8,1,1,32,0.000573,1,"chunk_size_1"
"CPU_Elastic","COMPUTE","ffn_norm-5 (reshaped)","RESHAPE","",-1,7,-1,2048,1,1,1,8192,0.000417,1,"chunk_size_1"
"CPU_Elastic","COMPUTE","ffn_moe_gate-5","MUL_MAT_ID","",-1,8,-1,1024,8,1,1,32768,0.346875,1,"chunk_size_1"
"CPU_Elastic","COMPUTE","ffn_moe_up-5","MUL_MAT_ID","",-1,9,-1,1024,8,1,1,32768,0.349375,1,"chunk_size_1"
"CPU_Elastic","COMPUTE","ffn_moe_weighted-5","GLU","",-1,10,-1,1024,8,1,1,32768,0.006719,1,"chunk_size_1"
"CPU_Elastic","COMPUTE","ffn_moe_down-5","MUL_MAT_ID","",-1,11,-1,2048,8,1,1,65536,0.367865,1,"chunk_size_1"
"CPU_Elastic","COMPUTE","node_362","MUL","",-1,12,-1,2048,8,1,1,65536,0.092708,1,"chunk_size_1"
"CPU_Elastic","COMPUTE"," (view)","VIEW","",-1,13,-1,2048,1,1,1,8192,0.000521,1,"chunk_size_1"
"CPU_Elastic","COMPUTE","node_362 (view)","VIEW","",-1,14,-1,2048,1,1,1,8192,0.000521,1,"chunk_size_1"
"CPU_Elastic","COMPUTE","node_362 (view)","VIEW","",-1,15,-1,2048,1,1,1,8192,0.000364,1,"chunk_size_1"
"CPU_Elastic","COMPUTE","node_362 (view)","VIEW","",-1,16,-1,2048,1,1,1,8192,0.000416,1,"chunk_size_1"
"CPU_Elastic","COMPUTE","node_362 (view)","VIEW","",-1,17,-1,2048,1,1,1,8192,0.000364,1,"chunk_size_1"
"CPU_Elastic","COMPUTE","node_362 (view)","VIEW","",-1,18,-1,2048,1,1,1,8192,0.000521,1,"chunk_size_1"
"CPU_Elastic","COMPUTE","node_362 (view)","VIEW","",-1,19,-1,2048,1,1,1,8192,0.000469,1,"chunk_size_1"
"CPU_Elastic","COMPUTE","node_362 (view)","VIEW","",-1,20,-1,2048,1,1,1,8192,0.000417,1,"chunk_size_1"
"CPU_Elastic","COMPUTE","node_371","ADD","",-1,21,-1,2048,1,1,1,8192,0.004896,1,"chunk_size_1"
"CPU_Elastic","COMPUTE","node_372","ADD","",-1,22,-1,2048,1,1,1,8192,0.005625,1,"chunk_size_1"
"CPU_Elastic","COMPUTE","node_373","ADD","",-1,23,-1,2048,1,1,1,8192,0.004427,1,"chunk_size_1"
"CPU_Elastic","COMPUTE","node_374","ADD","",-1,24,-1,2048,1,1,1,8192,0.005260,1,"chunk_size_1"
"CPU_Elastic","COMPUTE","node_375","ADD","",-1,25,-1,2048,1,1,1,8192,0.004583,1,"chunk_size_1"
"CPU_Elastic","COMPUTE","node_376","ADD","",-1,26,-1,2048,1,1,1,8192,0.005260,1,"chunk_size_1"
"CPU_Elastic","COMPUTE","ffn_moe_out-5","ADD","",-1,27,-1,2048,1,1,1,8192,0.003907,1,"chunk_size_1"
"CPU_Elastic","COMPUTE","l_out-5","ADD","",-1,28,-1,2048,1,1,1,8192,0.005000,1,"chunk_size_1"
"CPU_Elastic","COMPUTE_GRAPH","ggml_cgraph","GRAPH","",-1,29,-1,0,0,0,0,0,1.238072,1,"delegate_cpu_graph"
"CPU_Elastic","COMPUTE","attn_norm-6","MUL","",-1,0,-1,2048,1,1,1,8192,0.005261,1,"chunk_size_1"
"CPU_Elastic","COMPUTE","Qcur-6","MUL_MAT","",-1,1,-1,2048,1,1,1,8192,0.121458,1,"chunk_size_1"
"CPU_Elastic","COMPUTE_GRAPH","ggml_cgraph","GRAPH","",-1,2,-1,0,0,0,0,0,0.126719,1,"delegate_cpu_graph"
"CPU_Elastic","COMPUTE","Qcur_normed-6","MUL","",-1,0,-1,2048,1,1,1,8192,0.005469,1,"chunk_size_1"
"CPU_Elastic","COMPUTE","Qcur_normed-6 (reshaped)","RESHAPE","",-1,1,-1,128,16,1,1,8192,0.000677,1,"chunk_size_1"
"CPU_Elastic","COMPUTE","Qcur-6","ROPE","",-1,2,-1,128,16,1,1,8192,0.006094,1,"chunk_size_1"
"CPU_Elastic","COMPUTE","Kcur-6","MUL_MAT","",-1,3,-1,2048,1,1,1,8192,0.106614,1,"chunk_size_1"
"CPU_Elastic","COMPUTE_GRAPH","ggml_cgraph","GRAPH","",-1,4,-1,0,0,0,0,0,0.118854,1,"delegate_cpu_graph"
"CPU_Elastic","COMPUTE","Kcur_normed-6","MUL","",-1,0,-1,2048,1,1,1,8192,0.004792,1,"chunk_size_1"
"CPU_Elastic","COMPUTE","Kcur_normed-6 (reshaped)","RESHAPE","",-1,1,-1,128,16,1,1,8192,0.000521,1,"chunk_size_1"
"CPU_Elastic","COMPUTE","Kcur-6","ROPE","",-1,2,-1,128,16,1,1,8192,0.005833,1,"chunk_size_1"
"CPU_Elastic","COMPUTE","Vcur-6","MUL_MAT","",-1,3,-1,2048,1,1,1,8192,0.102291,1,"chunk_size_1"
"CPU_Elastic","COMPUTE","Vcur-6","RESHAPE","",-1,4,-1,128,16,1,1,8192,0.000573,1,"chunk_size_1"
"CPU_Elastic","COMPUTE","Kcur-6 (view)","VIEW","",-1,5,-1,2048,1,1,1,8192,0.000521,1,"chunk_size_1"
"CPU_Elastic","COMPUTE","cache_k_l6 (view)","SET_ROWS","",-1,6,-1,2048,512,1,1,2097152,0.001823,1,"chunk_size_1"
"CPU_Elastic","COMPUTE","Vcur-6 (view)","VIEW","",-1,7,-1,2048,1,1,1,8192,0.000416,1,"chunk_size_1"
"CPU_Elastic","COMPUTE","cache_v_l6 (view)","SET_ROWS","",-1,8,-1,2048,512,1,1,2097152,0.001666,1,"chunk_size_1"
"CPU_Elastic","COMPUTE","cache_v_l6 (view)","VIEW","",-1,9,-1,128,16,256,1,1048576,0.000468,1,"chunk_size_1"
"CPU_Elastic","COMPUTE","cache_v_l6 (view) (permuted)","PERMUTE","",-1,10,-1,128,256,16,1,1048576,0.000573,1,"chunk_size_1"
"CPU_Elastic","COMPUTE","cache_v_l6 (view) (permuted) (transposed)","TRANSPOSE","",-1,11,-1,256,128,16,1,1048576,0.000416,1,"chunk_size_1"
"CPU_Elastic","COMPUTE","v_cont-6","CONT","",-1,12,-1,256,128,16,1,1048576,0.500104,1,"chunk_size_1"
"CPU_Elastic","COMPUTE","cache_k_l6 (view)","VIEW","",-1,13,-1,128,16,256,1,1048576,0.000521,1,"chunk_size_1"
"CPU_Elastic","COMPUTE","cache_k_l6 (view) (permuted)","PERMUTE","",-1,14,-1,128,256,16,1,1048576,0.000573,1,"chunk_size_1"
"CPU_Elastic","COMPUTE","Qcur-6 (view)","VIEW","",-1,15,-1,128,16,1,1,8192,0.000417,1,"chunk_size_1"
"CPU_Elastic","COMPUTE","Qcur-6 (view) (permuted)","PERMUTE","",-1,16,-1,128,1,16,1,8192,0.000416,1,"chunk_size_1"
"CPU_Elastic","COMPUTE","kq-6","MUL_MAT","",-1,17,-1,256,1,16,1,16384,0.038073,1,"chunk_size_1"
"CPU_Elastic","COMPUTE","kq_soft_max-6","SOFT_MAX","",-1,18,-1,256,1,16,1,16384,0.016614,1,"chunk_size_1"
"CPU_Elastic","COMPUTE","kqv-6","MUL_MAT","",-1,19,-1,128,1,16,1,8192,0.043177,1,"chunk_size_1"
"CPU_Elastic","COMPUTE","kqv-6 (permuted)","PERMUTE","",-1,20,-1,128,16,1,1,8192,0.000521,1,"chunk_size_1"
"CPU_Elastic","COMPUTE","kqv_out-6","CONT","",-1,21,-1,2048,1,1,1,8192,0.004636,1,"chunk_size_1"
"CPU_Elastic","COMPUTE","node_410","MUL_MAT","",-1,22,-1,2048,1,1,1,8192,0.116666,1,"chunk_size_1"
"CPU_Elastic","COMPUTE","ffn_inp-6","ADD","",-1,23,-1,2048,1,1,1,8192,0.003854,1,"chunk_size_1"
"CPU_Elastic","COMPUTE_GRAPH","ggml_cgraph","GRAPH","",-1,24,-1,0,0,0,0,0,0.845465,1,"delegate_cpu_graph"
"CPU_Elastic","COMPUTE","ffn_norm-6","MUL","",-1,0,-1,2048,1,1,1,8192,0.005937,1,"chunk_size_1"
"CPU_Elastic","COMPUTE","ffn_moe_logits-6","MUL_MAT","",-1,1,-1,64,1,1,1,256,0.014687,1,"chunk_size_1"
"CPU_Elastic","COMPUTE","ffn_moe_probs-6","SOFT_MAX","",-1,2,-1,64,1,1,1,256,0.000989,1,"chunk_size_1"
"CPU_Elastic","COMPUTE","ffn_moe_probs-6 (reshaped)","RESHAPE","",-1,3,-1,1,64,1,1,256,0.000469,1,"chunk_size_1"
"CPU_Elastic","COMPUTE","ffn_moe_argsort-6","ARGSORT","",-1,4,-1,64,1,1,1,256,0.011875,1,"chunk_size_1"
"CPU_Elastic","COMPUTE","ffn_moe_topk-6","VIEW","",-1,5,-1,8,1,1,1,32,0.000521,1,"chunk_size_1"
"CPU_Elastic","COMPUTE","ffn_moe_weights-6","GET_ROWS","",-1,6,-1,1,8,1,1,32,0.000520,1,"chunk_size_1"
"CPU_Elastic","COMPUTE","ffn_norm-6 (reshaped)","RESHAPE","",-1,7,-1,2048,1,1,1,8192,0.000521,1,"chunk_size_1"
"CPU_Elastic","COMPUTE","ffn_moe_gate-6","MUL_MAT_ID","",-1,8,-1,1024,8,1,1,32768,0.365312,1,"chunk_size_1"
"CPU_Elastic","COMPUTE","ffn_moe_up-6","MUL_MAT_ID","",-1,9,-1,1024,8,1,1,32768,0.375677,1,"chunk_size_1"
"CPU_Elastic","COMPUTE","ffn_moe_weighted-6","GLU","",-1,10,-1,1024,8,1,1,32768,0.026666,1,"chunk_size_1"
"CPU_Elastic","COMPUTE","ffn_moe_down-6","MUL_MAT_ID","",-1,11,-1,2048,8,1,1,65536,0.393854,1,"chunk_size_1"
"CPU_Elastic","COMPUTE","node_425","MUL","",-1,12,-1,2048,8,1,1,65536,0.030208,1,"chunk_size_1"
"CPU_Elastic","COMPUTE"," (view)","VIEW","",-1,13,-1,2048,1,1,1,8192,0.000573,1,"chunk_size_1"
"CPU_Elastic","COMPUTE","node_425 (view)","VIEW","",-1,14,-1,2048,1,1,1,8192,0.000469,1,"chunk_size_1"
"CPU_Elastic","COMPUTE","node_425 (view)","VIEW","",-1,15,-1,2048,1,1,1,8192,0.000520,1,"chunk_size_1"
"CPU_Elastic","COMPUTE","node_425 (view)","VIEW","",-1,16,-1,2048,1,1,1,8192,0.000468,1,"chunk_size_1"
"CPU_Elastic","COMPUTE","node_425 (view)","VIEW","",-1,17,-1,2048,1,1,1,8192,0.000468,1,"chunk_size_1"
"CPU_Elastic","COMPUTE","node_425 (view)","VIEW","",-1,18,-1,2048,1,1,1,8192,0.000469,1,"chunk_size_1"
"CPU_Elastic","COMPUTE","node_425 (view)","VIEW","",-1,19,-1,2048,1,1,1,8192,0.000521,1,"chunk_size_1"
"CPU_Elastic","COMPUTE","node_425 (view)","VIEW","",-1,20,-1,2048,1,1,1,8192,0.000469,1,"chunk_size_1"
"CPU_Elastic","COMPUTE","node_434","ADD","",-1,21,-1,2048,1,1,1,8192,0.003281,1,"chunk_size_1"
"CPU_Elastic","COMPUTE","node_435","ADD","",-1,22,-1,2048,1,1,1,8192,0.004479,1,"chunk_size_1"
"CPU_Elastic","COMPUTE","node_436","ADD","",-1,23,-1,2048,1,1,1,8192,0.003959,1,"chunk_size_1"
"CPU_Elastic","COMPUTE","node_437","ADD","",-1,24,-1,2048,1,1,1,8192,0.005364,1,"chunk_size_1"
"CPU_Elastic","COMPUTE","node_438","ADD","",-1,25,-1,2048,1,1,1,8192,0.005156,1,"chunk_size_1"
"CPU_Elastic","COMPUTE","node_439","ADD","",-1,26,-1,2048,1,1,1,8192,0.005156,1,"chunk_size_1"
"CPU_Elastic","COMPUTE","ffn_moe_out-6","ADD","",-1,27,-1,2048,1,1,1,8192,0.004271,1,"chunk_size_1"
"CPU_Elastic","COMPUTE","l_out-6","ADD","",-1,28,-1,2048,1,1,1,8192,0.004167,1,"chunk_size_1"
"CPU_Elastic","COMPUTE_GRAPH","ggml_cgraph","GRAPH","",-1,29,-1,0,0,0,0,0,1.267026,1,"delegate_cpu_graph"
"CPU_Elastic","COMPUTE","attn_norm-7","MUL","",-1,0,-1,2048,1,1,1,8192,0.004948,1,"chunk_size_1"
"CPU_Elastic","COMPUTE","Qcur-7","MUL_MAT","",-1,1,-1,2048,1,1,1,8192,0.106146,1,"chunk_size_1"
"CPU_Elastic","COMPUTE_GRAPH","ggml_cgraph","GRAPH","",-1,2,-1,0,0,0,0,0,0.111094,1,"delegate_cpu_graph"
"CPU_Elastic","COMPUTE","Qcur_normed-7","MUL","",-1,0,-1,2048,1,1,1,8192,0.005573,1,"chunk_size_1"
"CPU_Elastic","COMPUTE","Qcur_normed-7 (reshaped)","RESHAPE","",-1,1,-1,128,16,1,1,8192,0.000625,1,"chunk_size_1"
"CPU_Elastic","COMPUTE","Qcur-7","ROPE","",-1,2,-1,128,16,1,1,8192,0.004635,1,"chunk_size_1"
"CPU_Elastic","COMPUTE","Kcur-7","MUL_MAT","",-1,3,-1,2048,1,1,1,8192,0.105260,1,"chunk_size_1"
"CPU_Elastic","COMPUTE_GRAPH","ggml_cgraph","GRAPH","",-1,4,-1,0,0,0,0,0,0.116093,1,"delegate_cpu_graph"
"CPU_Elastic","COMPUTE","Kcur_normed-7","MUL","",-1,0,-1,2048,1,1,1,8192,0.005261,1,"chunk_size_1"
"CPU_Elastic","COMPUTE","Kcur_normed-7 (reshaped)","RESHAPE","",-1,1,-1,128,16,1,1,8192,0.000572,1,"chunk_size_1"
"CPU_Elastic","COMPUTE","Kcur-7","ROPE","",-1,2,-1,128,16,1,1,8192,0.005000,1,"chunk_size_1"
"CPU_Elastic","COMPUTE","Vcur-7","MUL_MAT","",-1,3,-1,2048,1,1,1,8192,0.142916,1,"chunk_size_1"
"CPU_Elastic","COMPUTE","Vcur-7","RESHAPE","",-1,4,-1,128,16,1,1,8192,0.000573,1,"chunk_size_1"
"CPU_Elastic","COMPUTE","Kcur-7 (view)","VIEW","",-1,5,-1,2048,1,1,1,8192,0.000417,1,"chunk_size_1"
"CPU_Elastic","COMPUTE","cache_k_l7 (view)","SET_ROWS","",-1,6,-1,2048,512,1,1,2097152,0.001927,1,"chunk_size_1"
"CPU_Elastic","COMPUTE","Vcur-7 (view)","VIEW","",-1,7,-1,2048,1,1,1,8192,0.000520,1,"chunk_size_1"
"CPU_Elastic","COMPUTE","cache_v_l7 (view)","SET_ROWS","",-1,8,-1,2048,512,1,1,2097152,0.001667,1,"chunk_size_1"
"CPU_Elastic","COMPUTE","cache_v_l7 (view)","VIEW","",-1,9,-1,128,16,256,1,1048576,0.000417,1,"chunk_size_1"
"CPU_Elastic","COMPUTE","cache_v_l7 (view) (permuted)","PERMUTE","",-1,10,-1,128,256,16,1,1048576,0.000364,1,"chunk_size_1"
"CPU_Elastic","COMPUTE","cache_v_l7 (view) (permuted) (transposed)","TRANSPOSE","",-1,11,-1,256,128,16,1,1048576,0.000469,1,"chunk_size_1"
"CPU_Elastic","COMPUTE","v_cont-7","CONT","",-1,12,-1,256,128,16,1,1048576,0.499635,1,"chunk_size_1"
"CPU_Elastic","COMPUTE","cache_k_l7 (view)","VIEW","",-1,13,-1,128,16,256,1,1048576,0.000573,1,"chunk_size_1"
"CPU_Elastic","COMPUTE","cache_k_l7 (view) (permuted)","PERMUTE","",-1,14,-1,128,256,16,1,1048576,0.000469,1,"chunk_size_1"
"CPU_Elastic","COMPUTE","Qcur-7 (view)","VIEW","",-1,15,-1,128,16,1,1,8192,0.000469,1,"chunk_size_1"
"CPU_Elastic","COMPUTE","Qcur-7 (view) (permuted)","PERMUTE","",-1,16,-1,128,1,16,1,8192,0.000417,1,"chunk_size_1"
"CPU_Elastic","COMPUTE","kq-7","MUL_MAT","",-1,17,-1,256,1,16,1,16384,0.056458,1,"chunk_size_1"
"CPU_Elastic","COMPUTE","kq_soft_max-7","SOFT_MAX","",-1,18,-1,256,1,16,1,16384,0.016146,1,"chunk_size_1"
"CPU_Elastic","COMPUTE","kqv-7","MUL_MAT","",-1,19,-1,128,1,16,1,8192,0.039375,1,"chunk_size_1"
"CPU_Elastic","COMPUTE","kqv-7 (permuted)","PERMUTE","",-1,20,-1,128,16,1,1,8192,0.000625,1,"chunk_size_1"
"CPU_Elastic","COMPUTE","kqv_out-7","CONT","",-1,21,-1,2048,1,1,1,8192,0.003854,1,"chunk_size_1"
"CPU_Elastic","COMPUTE","node_473","MUL_MAT","",-1,22,-1,2048,1,1,1,8192,0.117084,1,"chunk_size_1"
"CPU_Elastic","COMPUTE","ffn_inp-7","ADD","",-1,23,-1,2048,1,1,1,8192,0.003802,1,"chunk_size_1"
"CPU_Elastic","COMPUTE_GRAPH","ggml_cgraph","GRAPH","",-1,24,-1,0,0,0,0,0,0.899010,1,"delegate_cpu_graph"
"CPU_Elastic","COMPUTE","ffn_norm-7","MUL","",-1,0,-1,2048,1,1,1,8192,0.005364,1,"chunk_size_1"
"CPU_Elastic","COMPUTE","ffn_moe_logits-7","MUL_MAT","",-1,1,-1,64,1,1,1,256,0.015000,1,"chunk_size_1"
"CPU_Elastic","COMPUTE","ffn_moe_probs-7","SOFT_MAX","",-1,2,-1,64,1,1,1,256,0.000938,1,"chunk_size_1"
"CPU_Elastic","COMPUTE","ffn_moe_probs-7 (reshaped)","RESHAPE","",-1,3,-1,1,64,1,1,256,0.000572,1,"chunk_size_1"
"CPU_Elastic","COMPUTE","ffn_moe_argsort-7","ARGSORT","",-1,4,-1,64,1,1,1,256,0.010885,1,"chunk_size_1"
"CPU_Elastic","COMPUTE","ffn_moe_topk-7","VIEW","",-1,5,-1,8,1,1,1,32,0.000469,1,"chunk_size_1"
"CPU_Elastic","COMPUTE","ffn_moe_weights-7","GET_ROWS","",-1,6,-1,1,8,1,1,32,0.000625,1,"chunk_size_1"
"CPU_Elastic","COMPUTE","ffn_norm-7 (reshaped)","RESHAPE","",-1,7,-1,2048,1,1,1,8192,0.000417,1,"chunk_size_1"
"CPU_Elastic","COMPUTE","ffn_moe_gate-7","MUL_MAT_ID","",-1,8,-1,1024,8,1,1,32768,0.364896,1,"chunk_size_1"
"CPU_Elastic","COMPUTE","ffn_moe_up-7","MUL_MAT_ID","",-1,9,-1,1024,8,1,1,32768,0.379948,1,"chunk_size_1"
"CPU_Elastic","COMPUTE","ffn_moe_weighted-7","GLU","",-1,10,-1,1024,8,1,1,32768,0.026718,1,"chunk_size_1"
"CPU_Elastic","COMPUTE","ffn_moe_down-7","MUL_MAT_ID","",-1,11,-1,2048,8,1,1,65536,0.539323,1,"chunk_size_1"
"CPU_Elastic","COMPUTE","node_488","MUL","",-1,12,-1,2048,8,1,1,65536,0.029687,1,"chunk_size_1"
"CPU_Elastic","COMPUTE"," (view)","VIEW","",-1,13,-1,2048,1,1,1,8192,0.000625,1,"chunk_size_1"
"CPU_Elastic","COMPUTE","node_488 (view)","VIEW","",-1,14,-1,2048,1,1,1,8192,0.000469,1,"chunk_size_1"
"CPU_Elastic","COMPUTE","node_488 (view)","VIEW","",-1,15,-1,2048,1,1,1,8192,0.000417,1,"chunk_size_1"
"CPU_Elastic","COMPUTE","node_488 (view)","VIEW","",-1,16,-1,2048,1,1,1,8192,0.000521,1,"chunk_size_1"
"CPU_Elastic","COMPUTE","node_488 (view)","VIEW","",-1,17,-1,2048,1,1,1,8192,0.000416,1,"chunk_size_1"
"CPU_Elastic","COMPUTE","node_488 (view)","VIEW","",-1,18,-1,2048,1,1,1,8192,0.000469,1,"chunk_size_1"
"CPU_Elastic","COMPUTE","node_488 (view)","VIEW","",-1,19,-1,2048,1,1,1,8192,0.000365,1,"chunk_size_1"
"CPU_Elastic","COMPUTE","node_488 (view)","VIEW","",-1,20,-1,2048,1,1,1,8192,0.000521,1,"chunk_size_1"
"CPU_Elastic","COMPUTE","node_497","ADD","",-1,21,-1,2048,1,1,1,8192,0.005260,1,"chunk_size_1"
"CPU_Elastic","COMPUTE","node_498","ADD","",-1,22,-1,2048,1,1,1,8192,0.004218,1,"chunk_size_1"
"CPU_Elastic","COMPUTE","node_499","ADD","",-1,23,-1,2048,1,1,1,8192,0.004062,1,"chunk_size_1"
"CPU_Elastic","COMPUTE","node_500","ADD","",-1,24,-1,2048,1,1,1,8192,0.005052,1,"chunk_size_1"
"CPU_Elastic","COMPUTE","node_501","ADD","",-1,25,-1,2048,1,1,1,8192,0.003907,1,"chunk_size_1"
"CPU_Elastic","COMPUTE","node_502","ADD","",-1,26,-1,2048,1,1,1,8192,0.004375,1,"chunk_size_1"
"CPU_Elastic","COMPUTE","ffn_moe_out-7","ADD","",-1,27,-1,2048,1,1,1,8192,0.005886,1,"chunk_size_1"
"CPU_Elastic","COMPUTE","l_out-7","ADD","",-1,28,-1,2048,1,1,1,8192,0.004896,1,"chunk_size_1"
"CPU_Elastic","COMPUTE_GRAPH","ggml_cgraph","GRAPH","",-1,29,-1,0,0,0,0,0,1.416301,1,"delegate_cpu_graph"
"CPU_Elastic","COMPUTE","attn_norm-8","MUL","",-1,0,-1,2048,1,1,1,8192,0.005781,1,"chunk_size_1"
"CPU_Elastic","COMPUTE","Qcur-8","MUL_MAT","",-1,1,-1,2048,1,1,1,8192,0.103490,1,"chunk_size_1"
"CPU_Elastic","COMPUTE_GRAPH","ggml_cgraph","GRAPH","",-1,2,-1,0,0,0,0,0,0.109271,1,"delegate_cpu_graph"
"CPU_Elastic","COMPUTE","Qcur_normed-8","MUL","",-1,0,-1,2048,1,1,1,8192,0.006406,1,"chunk_size_1"
"CPU_Elastic","COMPUTE","Qcur_normed-8 (reshaped)","RESHAPE","",-1,1,-1,128,16,1,1,8192,0.000521,1,"chunk_size_1"
"CPU_Elastic","COMPUTE","Qcur-8","ROPE","",-1,2,-1,128,16,1,1,8192,0.006250,1,"chunk_size_1"
"CPU_Elastic","COMPUTE","Kcur-8","MUL_MAT","",-1,3,-1,2048,1,1,1,8192,0.103802,1,"chunk_size_1"
"CPU_Elastic","COMPUTE_GRAPH","ggml_cgraph","GRAPH","",-1,4,-1,0,0,0,0,0,0.116979,1,"delegate_cpu_graph"
"CPU_Elastic","COMPUTE","Kcur_normed-8","MUL","",-1,0,-1,2048,1,1,1,8192,0.005157,1,"chunk_size_1"
"CPU_Elastic","COMPUTE","Kcur_normed-8 (reshaped)","RESHAPE","",-1,1,-1,128,16,1,1,8192,0.000468,1,"chunk_size_1"
"CPU_Elastic","COMPUTE","Kcur-8","ROPE","",-1,2,-1,128,16,1,1,8192,0.005365,1,"chunk_size_1"
"CPU_Elastic","COMPUTE","Vcur-8","MUL_MAT","",-1,3,-1,2048,1,1,1,8192,0.103750,1,"chunk_size_1"
"CPU_Elastic","COMPUTE","Vcur-8","RESHAPE","",-1,4,-1,128,16,1,1,8192,0.000625,1,"chunk_size_1"
"CPU_Elastic","COMPUTE","Kcur-8 (view)","VIEW","",-1,5,-1,2048,1,1,1,8192,0.000417,1,"chunk_size_1"
"CPU_Elastic","COMPUTE","cache_k_l8 (view)","SET_ROWS","",-1,6,-1,2048,512,1,1,2097152,0.001771,1,"chunk_size_1"
"CPU_Elastic","COMPUTE","Vcur-8 (view)","VIEW","",-1,7,-1,2048,1,1,1,8192,0.000468,1,"chunk_size_1"
"CPU_Elastic","COMPUTE","cache_v_l8 (view)","SET_ROWS","",-1,8,-1,2048,512,1,1,2097152,0.001875,1,"chunk_size_1"
"CPU_Elastic","COMPUTE","cache_v_l8 (view)","VIEW","",-1,9,-1,128,16,256,1,1048576,0.000416,1,"chunk_size_1"
"CPU_Elastic","COMPUTE","cache_v_l8 (view) (permuted)","PERMUTE","",-1,10,-1,128,256,16,1,1048576,0.000417,1,"chunk_size_1"
"CPU_Elastic","COMPUTE","cache_v_l8 (view) (permuted) (transposed)","TRANSPOSE","",-1,11,-1,256,128,16,1,1048576,0.000416,1,"chunk_size_1"
"CPU_Elastic","COMPUTE","v_cont-8","CONT","",-1,12,-1,256,128,16,1,1048576,0.500312,1,"chunk_size_1"
"CPU_Elastic","COMPUTE","cache_k_l8 (view)","VIEW","",-1,13,-1,128,16,256,1,1048576,0.000469,1,"chunk_size_1"
"CPU_Elastic","COMPUTE","cache_k_l8 (view) (permuted)","PERMUTE","",-1,14,-1,128,256,16,1,1048576,0.000469,1,"chunk_size_1"
"CPU_Elastic","COMPUTE","Qcur-8 (view)","VIEW","",-1,15,-1,128,16,1,1,8192,0.000469,1,"chunk_size_1"
"CPU_Elastic","COMPUTE","Qcur-8 (view) (permuted)","PERMUTE","",-1,16,-1,128,1,16,1,8192,0.000521,1,"chunk_size_1"
"CPU_Elastic","COMPUTE","kq-8","MUL_MAT","",-1,17,-1,256,1,16,1,16384,0.056302,1,"chunk_size_1"
"CPU_Elastic","COMPUTE","kq_soft_max-8","SOFT_MAX","",-1,18,-1,256,1,16,1,16384,0.016302,1,"chunk_size_1"
"CPU_Elastic","COMPUTE","kqv-8","MUL_MAT","",-1,19,-1,128,1,16,1,8192,0.040885,1,"chunk_size_1"
"CPU_Elastic","COMPUTE","kqv-8 (permuted)","PERMUTE","",-1,20,-1,128,16,1,1,8192,0.000625,1,"chunk_size_1"
"CPU_Elastic","COMPUTE","kqv_out-8","CONT","",-1,21,-1,2048,1,1,1,8192,0.004791,1,"chunk_size_1"
"CPU_Elastic","COMPUTE","node_536","MUL_MAT","",-1,22,-1,2048,1,1,1,8192,0.112448,1,"chunk_size_1"
"CPU_Elastic","COMPUTE","ffn_inp-8","ADD","",-1,23,-1,2048,1,1,1,8192,0.005208,1,"chunk_size_1"
"CPU_Elastic","COMPUTE_GRAPH","ggml_cgraph","GRAPH","",-1,24,-1,0,0,0,0,0,0.859946,1,"delegate_cpu_graph"
"CPU_Elastic","COMPUTE","ffn_norm-8","MUL","",-1,0,-1,2048,1,1,1,8192,0.004688,1,"chunk_size_1"
"CPU_Elastic","COMPUTE","ffn_moe_logits-8","MUL_MAT","",-1,1,-1,64,1,1,1,256,0.013959,1,"chunk_size_1"
"CPU_Elastic","COMPUTE","ffn_moe_probs-8","SOFT_MAX","",-1,2,-1,64,1,1,1,256,0.001041,1,"chunk_size_1"
"CPU_Elastic","COMPUTE","ffn_moe_probs-8 (reshaped)","RESHAPE","",-1,3,-1,1,64,1,1,256,0.000469,1,"chunk_size_1"
"CPU_Elastic","COMPUTE","ffn_moe_argsort-8","ARGSORT","",-1,4,-1,64,1,1,1,256,0.010416,1,"chunk_size_1"
"CPU_Elastic","COMPUTE","ffn_moe_topk-8","VIEW","",-1,5,-1,8,1,1,1,32,0.000625,1,"chunk_size_1"
"CPU_Elastic","COMPUTE","ffn_moe_weights-8","GET_ROWS","",-1,6,-1,1,8,1,1,32,0.000520,1,"chunk_size_1"
"CPU_Elastic","COMPUTE","ffn_norm-8 (reshaped)","RESHAPE","",-1,7,-1,2048,1,1,1,8192,0.000417,1,"chunk_size_1"
"CPU_Elastic","COMPUTE","ffn_moe_gate-8","MUL_MAT_ID","",-1,8,-1,1024,8,1,1,32768,0.366302,1,"chunk_size_1"
"CPU_Elastic","COMPUTE","ffn_moe_up-8","MUL_MAT_ID","",-1,9,-1,1024,8,1,1,32768,0.406302,1,"chunk_size_1"
"CPU_Elastic","COMPUTE","ffn_moe_weighted-8","GLU","",-1,10,-1,1024,8,1,1,32768,0.027031,1,"chunk_size_1"
"CPU_Elastic","COMPUTE","ffn_moe_down-8","MUL_MAT_ID","",-1,11,-1,2048,8,1,1,65536,0.410937,1,"chunk_size_1"
"CPU_Elastic","COMPUTE","node_551","MUL","",-1,12,-1,2048,8,1,1,65536,0.037031,1,"chunk_size_1"
"CPU_Elastic","COMPUTE"," (view)","VIEW","",-1,13,-1,2048,1,1,1,8192,0.000625,1,"chunk_size_1"
"CPU_Elastic","COMPUTE","node_551 (view)","VIEW","",-1,14,-1,2048,1,1,1,8192,0.000469,1,"chunk_size_1"
"CPU_Elastic","COMPUTE","node_551 (view)","VIEW","",-1,15,-1,2048,1,1,1,8192,0.000364,1,"chunk_size_1"
"CPU_Elastic","COMPUTE","node_551 (view)","VIEW","",-1,16,-1,2048,1,1,1,8192,0.000417,1,"chunk_size_1"
"CPU_Elastic","COMPUTE","node_551 (view)","VIEW","",-1,17,-1,2048,1,1,1,8192,0.000521,1,"chunk_size_1"
"CPU_Elastic","COMPUTE","node_551 (view)","VIEW","",-1,18,-1,2048,1,1,1,8192,0.000365,1,"chunk_size_1"
"CPU_Elastic","COMPUTE","node_551 (view)","VIEW","",-1,19,-1,2048,1,1,1,8192,0.000417,1,"chunk_size_1"
"CPU_Elastic","COMPUTE","node_551 (view)","VIEW","",-1,20,-1,2048,1,1,1,8192,0.000469,1,"chunk_size_1"
"CPU_Elastic","COMPUTE","node_560","ADD","",-1,21,-1,2048,1,1,1,8192,0.004583,1,"chunk_size_1"
"CPU_Elastic","COMPUTE","node_561","ADD","",-1,22,-1,2048,1,1,1,8192,0.004427,1,"chunk_size_1"
"CPU_Elastic","COMPUTE","node_562","ADD","",-1,23,-1,2048,1,1,1,8192,0.003906,1,"chunk_size_1"
"CPU_Elastic","COMPUTE","node_563","ADD","",-1,24,-1,2048,1,1,1,8192,0.005312,1,"chunk_size_1"
"CPU_Elastic","COMPUTE","node_564","ADD","",-1,25,-1,2048,1,1,1,8192,0.005781,1,"chunk_size_1"
"CPU_Elastic","COMPUTE","node_565","ADD","",-1,26,-1,2048,1,1,1,8192,0.003594,1,"chunk_size_1"
"CPU_Elastic","COMPUTE","ffn_moe_out-8","ADD","",-1,27,-1,2048,1,1,1,8192,0.003594,1,"chunk_size_1"
"CPU_Elastic","COMPUTE","l_out-8","ADD","",-1,28,-1,2048,1,1,1,8192,0.004323,1,"chunk_size_1"
"CPU_Elastic","COMPUTE_GRAPH","ggml_cgraph","GRAPH","",-1,29,-1,0,0,0,0,0,1.318905,1,"delegate_cpu_graph"
"CPU_Elastic","COMPUTE","attn_norm-9","MUL","",-1,0,-1,2048,1,1,1,8192,0.006823,1,"chunk_size_1"
"CPU_Elastic","COMPUTE","Qcur-9","MUL_MAT","",-1,1,-1,2048,1,1,1,8192,0.106719,1,"chunk_size_1"
"CPU_Elastic","COMPUTE_GRAPH","ggml_cgraph","GRAPH","",-1,2,-1,0,0,0,0,0,0.113542,1,"delegate_cpu_graph"
"CPU_Elastic","COMPUTE","Qcur_normed-9","MUL","",-1,0,-1,2048,1,1,1,8192,0.005782,1,"chunk_size_1"
"CPU_Elastic","COMPUTE","Qcur_normed-9 (reshaped)","RESHAPE","",-1,1,-1,128,16,1,1,8192,0.000573,1,"chunk_size_1"
"CPU_Elastic","COMPUTE","Qcur-9","ROPE","",-1,2,-1,128,16,1,1,8192,0.006250,1,"chunk_size_1"
"CPU_Elastic","COMPUTE","Kcur-9","MUL_MAT","",-1,3,-1,2048,1,1,1,8192,0.103802,1,"chunk_size_1"
"CPU_Elastic","COMPUTE_GRAPH","ggml_cgraph","GRAPH","",-1,4,-1,0,0,0,0,0,0.116407,1,"delegate_cpu_graph"
"CPU_Elastic","COMPUTE","Kcur_normed-9","MUL","",-1,0,-1,2048,1,1,1,8192,0.005052,1,"chunk_size_1"
"CPU_Elastic","COMPUTE","Kcur_normed-9 (reshaped)","RESHAPE","",-1,1,-1,128,16,1,1,8192,0.000573,1,"chunk_size_1"
"CPU_Elastic","COMPUTE","Kcur-9","ROPE","",-1,2,-1,128,16,1,1,8192,0.005208,1,"chunk_size_1"
"CPU_Elastic","COMPUTE","Vcur-9","MUL_MAT","",-1,3,-1,2048,1,1,1,8192,0.103958,1,"chunk_size_1"
"CPU_Elastic","COMPUTE","Vcur-9","RESHAPE","",-1,4,-1,128,16,1,1,8192,0.000520,1,"chunk_size_1"
"CPU_Elastic","COMPUTE","Kcur-9 (view)","VIEW","",-1,5,-1,2048,1,1,1,8192,0.000469,1,"chunk_size_1"
"CPU_Elastic","COMPUTE","cache_k_l9 (view)","SET_ROWS","",-1,6,-1,2048,512,1,1,2097152,0.001927,1,"chunk_size_1"
"CPU_Elastic","COMPUTE","Vcur-9 (view)","VIEW","",-1,7,-1,2048,1,1,1,8192,0.000469,1,"chunk_size_1"
"CPU_Elastic","COMPUTE","cache_v_l9 (view)","SET_ROWS","",-1,8,-1,2048,512,1,1,2097152,0.001666,1,"chunk_size_1"
"CPU_Elastic","COMPUTE","cache_v_l9 (view)","VIEW","",-1,9,-1,128,16,256,1,1048576,0.000521,1,"chunk_size_1"
"CPU_Elastic","COMPUTE","cache_v_l9 (view) (permuted)","PERMUTE","",-1,10,-1,128,256,16,1,1048576,0.000416,1,"chunk_size_1"
"CPU_Elastic","COMPUTE","cache_v_l9 (view) (permuted) (transposed)","TRANSPOSE","",-1,11,-1,256,128,16,1,1048576,0.000417,1,"chunk_size_1"
"CPU_Elastic","COMPUTE","v_cont-9","CONT","",-1,12,-1,256,128,16,1,1048576,0.491562,1,"chunk_size_1"
"CPU_Elastic","COMPUTE","cache_k_l9 (view)","VIEW","",-1,13,-1,128,16,256,1,1048576,0.000625,1,"chunk_size_1"
"CPU_Elastic","COMPUTE","cache_k_l9 (view) (permuted)","PERMUTE","",-1,14,-1,128,256,16,1,1048576,0.000573,1,"chunk_size_1"
"CPU_Elastic","COMPUTE","Qcur-9 (view)","VIEW","",-1,15,-1,128,16,1,1,8192,0.000469,1,"chunk_size_1"
"CPU_Elastic","COMPUTE","Qcur-9 (view) (permuted)","PERMUTE","",-1,16,-1,128,1,16,1,8192,0.000417,1,"chunk_size_1"
"CPU_Elastic","COMPUTE","kq-9","MUL_MAT","",-1,17,-1,256,1,16,1,16384,0.037604,1,"chunk_size_1"
"CPU_Elastic","COMPUTE","kq_soft_max-9","SOFT_MAX","",-1,18,-1,256,1,16,1,16384,0.015937,1,"chunk_size_1"
"CPU_Elastic","COMPUTE","kqv-9","MUL_MAT","",-1,19,-1,128,1,16,1,8192,0.046719,1,"chunk_size_1"
"CPU_Elastic","COMPUTE","kqv-9 (permuted)","PERMUTE","",-1,20,-1,128,16,1,1,8192,0.000468,1,"chunk_size_1"
"CPU_Elastic","COMPUTE","kqv_out-9","CONT","",-1,21,-1,2048,1,1,1,8192,0.005729,1,"chunk_size_1"
"CPU_Elastic","COMPUTE","node_599","MUL_MAT","",-1,22,-1,2048,1,1,1,8192,0.113177,1,"chunk_size_1"
"CPU_Elastic","COMPUTE","ffn_inp-9","ADD","",-1,23,-1,2048,1,1,1,8192,0.005833,1,"chunk_size_1"
"CPU_Elastic","COMPUTE_GRAPH","ggml_cgraph","GRAPH","",-1,24,-1,0,0,0,0,0,0.840309,1,"delegate_cpu_graph"
"CPU_Elastic","COMPUTE","ffn_norm-9","MUL","",-1,0,-1,2048,1,1,1,8192,0.005729,1,"chunk_size_1"
"CPU_Elastic","COMPUTE","ffn_moe_logits-9","MUL_MAT","",-1,1,-1,64,1,1,1,256,0.013177,1,"chunk_size_1"
"CPU_Elastic","COMPUTE","ffn_moe_probs-9","SOFT_MAX","",-1,2,-1,64,1,1,1,256,0.001198,1,"chunk_size_1"
"CPU_Elastic","COMPUTE","ffn_moe_probs-9 (reshaped)","RESHAPE","",-1,3,-1,1,64,1,1,256,0.000521,1,"chunk_size_1"
"CPU_Elastic","COMPUTE","ffn_moe_argsort-9","ARGSORT","",-1,4,-1,64,1,1,1,256,0.010729,1,"chunk_size_1"
"CPU_Elastic","COMPUTE","ffn_moe_topk-9","VIEW","",-1,5,-1,8,1,1,1,32,0.000521,1,"chunk_size_1"
"CPU_Elastic","COMPUTE","ffn_moe_weights-9","GET_ROWS","",-1,6,-1,1,8,1,1,32,0.000625,1,"chunk_size_1"
"CPU_Elastic","COMPUTE","ffn_norm-9 (reshaped)","RESHAPE","",-1,7,-1,2048,1,1,1,8192,0.000416,1,"chunk_size_1"
"CPU_Elastic","COMPUTE","ffn_moe_gate-9","MUL_MAT_ID","",-1,8,-1,1024,8,1,1,32768,0.410520,1,"chunk_size_1"
"CPU_Elastic","COMPUTE","ffn_moe_up-9","MUL_MAT_ID","",-1,9,-1,1024,8,1,1,32768,0.364792,1,"chunk_size_1"
"CPU_Elastic","COMPUTE","ffn_moe_weighted-9","GLU","",-1,10,-1,1024,8,1,1,32768,0.008073,1,"chunk_size_1"
"CPU_Elastic","COMPUTE","ffn_moe_down-9","MUL_MAT_ID","",-1,11,-1,2048,8,1,1,65536,0.381406,1,"chunk_size_1"
"CPU_Elastic","COMPUTE","node_614","MUL","",-1,12,-1,2048,8,1,1,65536,0.030417,1,"chunk_size_1"
"CPU_Elastic","COMPUTE"," (view)","VIEW","",-1,13,-1,2048,1,1,1,8192,0.000468,1,"chunk_size_1"
"CPU_Elastic","COMPUTE","node_614 (view)","VIEW","",-1,14,-1,2048,1,1,1,8192,0.000573,1,"chunk_size_1"
"CPU_Elastic","COMPUTE","node_614 (view)","VIEW","",-1,15,-1,2048,1,1,1,8192,0.000364,1,"chunk_size_1"
"CPU_Elastic","COMPUTE","node_614 (view)","VIEW","",-1,16,-1,2048,1,1,1,8192,0.000416,1,"chunk_size_1"
"CPU_Elastic","COMPUTE","node_614 (view)","VIEW","",-1,17,-1,2048,1,1,1,8192,0.000365,1,"chunk_size_1"
"CPU_Elastic","COMPUTE","node_614 (view)","VIEW","",-1,18,-1,2048,1,1,1,8192,0.000469,1,"chunk_size_1"
"CPU_Elastic","COMPUTE","node_614 (view)","VIEW","",-1,19,-1,2048,1,1,1,8192,0.000365,1,"chunk_size_1"
"CPU_Elastic","COMPUTE","node_614 (view)","VIEW","",-1,20,-1,2048,1,1,1,8192,0.000417,1,"chunk_size_1"
"CPU_Elastic","COMPUTE","node_623","ADD","",-1,21,-1,2048,1,1,1,8192,0.004271,1,"chunk_size_1"
"CPU_Elastic","COMPUTE","node_624","ADD","",-1,22,-1,2048,1,1,1,8192,0.004427,1,"chunk_size_1"
"CPU_Elastic","COMPUTE","node_625","ADD","",-1,23,-1,2048,1,1,1,8192,0.005156,1,"chunk_size_1"
"CPU_Elastic","COMPUTE","node_626","ADD","",-1,24,-1,2048,1,1,1,8192,0.005261,1,"chunk_size_1"
"CPU_Elastic","COMPUTE","node_627","ADD","",-1,25,-1,2048,1,1,1,8192,0.004375,1,"chunk_size_1"
"CPU_Elastic","COMPUTE","node_628","ADD","",-1,26,-1,2048,1,1,1,8192,0.004375,1,"chunk_size_1"
"CPU_Elastic","COMPUTE","ffn_moe_out-9","ADD","",-1,27,-1,2048,1,1,1,8192,0.003959,1,"chunk_size_1"
"CPU_Elastic","COMPUTE","l_out-9","ADD","",-1,28,-1,2048,1,1,1,8192,0.004114,1,"chunk_size_1"
"CPU_Elastic","COMPUTE_GRAPH","ggml_cgraph","GRAPH","",-1,29,-1,0,0,0,0,0,1.267499,1,"delegate_cpu_graph"
"CPU_Elastic","COMPUTE","attn_norm-10","MUL","",-1,0,-1,2048,1,1,1,8192,0.005052,1,"chunk_size_1"
"CPU_Elastic","COMPUTE","Qcur-10","MUL_MAT","",-1,1,-1,2048,1,1,1,8192,0.104167,1,"chunk_size_1"
"CPU_Elastic","COMPUTE_GRAPH","ggml_cgraph","GRAPH","",-1,2,-1,0,0,0,0,0,0.109219,1,"delegate_cpu_graph"
"CPU_Elastic","COMPUTE","Qcur_normed-10","MUL","",-1,0,-1,2048,1,1,1,8192,0.005469,1,"chunk_size_1"
"CPU_Elastic","COMPUTE","Qcur_normed-10 (reshaped)","RESHAPE","",-1,1,-1,128,16,1,1,8192,0.000573,1,"chunk_size_1"
"CPU_Elastic","COMPUTE","Qcur-10","ROPE","",-1,2,-1,128,16,1,1,8192,0.005781,1,"chunk_size_1"
"CPU_Elastic","COMPUTE","Kcur-10","MUL_MAT","",-1,3,-1,2048,1,1,1,8192,0.105885,1,"chunk_size_1"
"CPU_Elastic","COMPUTE_GRAPH","ggml_cgraph","GRAPH","",-1,4,-1,0,0,0,0,0,0.117708,1,"delegate_cpu_graph"
"CPU_Elastic","COMPUTE","Kcur_normed-10","MUL","",-1,0,-1,2048,1,1,1,8192,0.004948,1,"chunk_size_1"
"CPU_Elastic","COMPUTE","Kcur_normed-10 (reshaped)","RESHAPE","",-1,1,-1,128,16,1,1,8192,0.000573,1,"chunk_size_1"
"CPU_Elastic","COMPUTE","Kcur-10","ROPE","",-1,2,-1,128,16,1,1,8192,0.006458,1,"chunk_size_1"
"CPU_Elastic","COMPUTE","Vcur-10","MUL_MAT","",-1,3,-1,2048,1,1,1,8192,0.145937,1,"chunk_size_1"
"CPU_Elastic","COMPUTE","Vcur-10","RESHAPE","",-1,4,-1,128,16,1,1,8192,0.000573,1,"chunk_size_1"
"CPU_Elastic","COMPUTE","Kcur-10 (view)","VIEW","",-1,5,-1,2048,1,1,1,8192,0.000469,1,"chunk_size_1"
"CPU_Elastic","COMPUTE","cache_k_l10 (view)","SET_ROWS","",-1,6,-1,2048,512,1,1,2097152,0.002605,1,"chunk_size_1"
"CPU_Elastic","COMPUTE","Vcur-10 (view)","VIEW","",-1,7,-1,2048,1,1,1,8192,0.000469,1,"chunk_size_1"
"CPU_Elastic","COMPUTE","cache_v_l10 (view)","SET_ROWS","",-1,8,-1,2048,512,1,1,2097152,0.001562,1,"chunk_size_1"
"CPU_Elastic","COMPUTE","cache_v_l10 (view)","VIEW","",-1,9,-1,128,16,256,1,1048576,0.000468,1,"chunk_size_1"
"CPU_Elastic","COMPUTE","cache_v_l10 (view) (permuted)","PERMUTE","",-1,10,-1,128,256,16,1,1048576,0.000573,1,"chunk_size_1"
"CPU_Elastic","COMPUTE","cache_v_l10 (view) (permuted) (transposed)","TRANSPOSE","",-1,11,-1,256,128,16,1,1048576,0.000469,1,"chunk_size_1"
"CPU_Elastic","COMPUTE","v_cont-10","CONT","",-1,12,-1,256,128,16,1,1048576,0.497500,1,"chunk_size_1"
"CPU_Elastic","COMPUTE","cache_k_l10 (view)","VIEW","",-1,13,-1,128,16,256,1,1048576,0.000521,1,"chunk_size_1"
"CPU_Elastic","COMPUTE","cache_k_l10 (view) (permuted)","PERMUTE","",-1,14,-1,128,256,16,1,1048576,0.000469,1,"chunk_size_1"
"CPU_Elastic","COMPUTE","Qcur-10 (view)","VIEW","",-1,15,-1,128,16,1,1,8192,0.000417,1,"chunk_size_1"
"CPU_Elastic","COMPUTE","Qcur-10 (view) (permuted)","PERMUTE","",-1,16,-1,128,1,16,1,8192,0.000417,1,"chunk_size_1"
"CPU_Elastic","COMPUTE","kq-10","MUL_MAT","",-1,17,-1,256,1,16,1,16384,0.055157,1,"chunk_size_1"
"CPU_Elastic","COMPUTE","kq_soft_max-10","SOFT_MAX","",-1,18,-1,256,1,16,1,16384,0.017865,1,"chunk_size_1"
"CPU_Elastic","COMPUTE","kqv-10","MUL_MAT","",-1,19,-1,128,1,16,1,8192,0.040468,1,"chunk_size_1"
"CPU_Elastic","COMPUTE","kqv-10 (permuted)","PERMUTE","",-1,20,-1,128,16,1,1,8192,0.000469,1,"chunk_size_1"
"CPU_Elastic","COMPUTE","kqv_out-10","CONT","",-1,21,-1,2048,1,1,1,8192,0.005469,1,"chunk_size_1"
"CPU_Elastic","COMPUTE","node_662","MUL_MAT","",-1,22,-1,2048,1,1,1,8192,0.115990,1,"chunk_size_1"
"CPU_Elastic","COMPUTE","ffn_inp-10","ADD","",-1,23,-1,2048,1,1,1,8192,0.003907,1,"chunk_size_1"
"CPU_Elastic","COMPUTE_GRAPH","ggml_cgraph","GRAPH","",-1,24,-1,0,0,0,0,0,0.903753,1,"delegate_cpu_graph"
"CPU_Elastic","COMPUTE","ffn_norm-10","MUL","",-1,0,-1,2048,1,1,1,8192,0.005261,1,"chunk_size_1"
"CPU_Elastic","COMPUTE","ffn_moe_logits-10","MUL_MAT","",-1,1,-1,64,1,1,1,256,0.023855,1,"chunk_size_1"
"CPU_Elastic","COMPUTE","ffn_moe_probs-10","SOFT_MAX","",-1,2,-1,64,1,1,1,256,0.000886,1,"chunk_size_1"
"CPU_Elastic","COMPUTE","ffn_moe_probs-10 (reshaped)","RESHAPE","",-1,3,-1,1,64,1,1,256,0.000573,1,"chunk_size_1"
"CPU_Elastic","COMPUTE","ffn_moe_argsort-10","ARGSORT","",-1,4,-1,64,1,1,1,256,0.010729,1,"chunk_size_1"
"CPU_Elastic","COMPUTE","ffn_moe_topk-10","VIEW","",-1,5,-1,8,1,1,1,32,0.000520,1,"chunk_size_1"
"CPU_Elastic","COMPUTE","ffn_moe_weights-10","GET_ROWS","",-1,6,-1,1,8,1,1,32,0.000573,1,"chunk_size_1"
"CPU_Elastic","COMPUTE","ffn_norm-10 (reshaped)","RESHAPE","",-1,7,-1,2048,1,1,1,8192,0.000572,1,"chunk_size_1"
"CPU_Elastic","COMPUTE","ffn_moe_gate-10","MUL_MAT_ID","",-1,8,-1,1024,8,1,1,32768,0.365000,1,"chunk_size_1"
"CPU_Elastic","COMPUTE","ffn_moe_up-10","MUL_MAT_ID","",-1,9,-1,1024,8,1,1,32768,0.380417,1,"chunk_size_1"
"CPU_Elastic","COMPUTE","ffn_moe_weighted-10","GLU","",-1,10,-1,1024,8,1,1,32768,0.007292,1,"chunk_size_1"
"CPU_Elastic","COMPUTE","ffn_moe_down-10","MUL_MAT_ID","",-1,11,-1,2048,8,1,1,65536,0.509375,1,"chunk_size_1"
"CPU_Elastic","COMPUTE","node_677","MUL","",-1,12,-1,2048,8,1,1,65536,0.030052,1,"chunk_size_1"
"CPU_Elastic","COMPUTE"," (view)","VIEW","",-1,13,-1,2048,1,1,1,8192,0.000521,1,"chunk_size_1"
"CPU_Elastic","COMPUTE","node_677 (view)","VIEW","",-1,14,-1,2048,1,1,1,8192,0.000469,1,"chunk_size_1"
"CPU_Elastic","COMPUTE","node_677 (view)","VIEW","",-1,15,-1,2048,1,1,1,8192,0.000521,1,"chunk_size_1"
"CPU_Elastic","COMPUTE","node_677 (view)","VIEW","",-1,16,-1,2048,1,1,1,8192,0.000365,1,"chunk_size_1"
"CPU_Elastic","COMPUTE","node_677 (view)","VIEW","",-1,17,-1,2048,1,1,1,8192,0.000416,1,"chunk_size_1"
"CPU_Elastic","COMPUTE","node_677 (view)","VIEW","",-1,18,-1,2048,1,1,1,8192,0.000469,1,"chunk_size_1"
"CPU_Elastic","COMPUTE","node_677 (view)","VIEW","",-1,19,-1,2048,1,1,1,8192,0.000416,1,"chunk_size_1"
"CPU_Elastic","COMPUTE","node_677 (view)","VIEW","",-1,20,-1,2048,1,1,1,8192,0.000417,1,"chunk_size_1"
"CPU_Elastic","COMPUTE","node_686","ADD","",-1,21,-1,2048,1,1,1,8192,0.005000,1,"chunk_size_1"
"CPU_Elastic","COMPUTE","node_687","ADD","",-1,22,-1,2048,1,1,1,8192,0.004375,1,"chunk_size_1"
"CPU_Elastic","COMPUTE","node_688","ADD","",-1,23,-1,2048,1,1,1,8192,0.004219,1,"chunk_size_1"
"CPU_Elastic","COMPUTE","node_689","ADD","",-1,24,-1,2048,1,1,1,8192,0.005260,1,"chunk_size_1"
"CPU_Elastic","COMPUTE","node_690","ADD","",-1,25,-1,2048,1,1,1,8192,0.003959,1,"chunk_size_1"
"CPU_Elastic","COMPUTE","node_691","ADD","",-1,26,-1,2048,1,1,1,8192,0.004531,1,"chunk_size_1"
"CPU_Elastic","COMPUTE","ffn_moe_out-10","ADD","",-1,27,-1,2048,1,1,1,8192,0.004480,1,"chunk_size_1"
"CPU_Elastic","COMPUTE","l_out-10","ADD","",-1,28,-1,2048,1,1,1,8192,0.004323,1,"chunk_size_1"
"CPU_Elastic","COMPUTE_GRAPH","ggml_cgraph","GRAPH","",-1,29,-1,0,0,0,0,0,1.374846,1,"delegate_cpu_graph"
"CPU_Elastic","COMPUTE","attn_norm-11","MUL","",-1,0,-1,2048,1,1,1,8192,0.005886,1,"chunk_size_1"
"CPU_Elastic","COMPUTE","Qcur-11","MUL_MAT","",-1,1,-1,2048,1,1,1,8192,0.104740,1,"chunk_size_1"
"CPU_Elastic","COMPUTE_GRAPH","ggml_cgraph","GRAPH","",-1,2,-1,0,0,0,0,0,0.110626,1,"delegate_cpu_graph"
"CPU_Elastic","COMPUTE","Qcur_normed-11","MUL","",-1,0,-1,2048,1,1,1,8192,0.006302,1,"chunk_size_1"
"CPU_Elastic","COMPUTE","Qcur_normed-11 (reshaped)","RESHAPE","",-1,1,-1,128,16,1,1,8192,0.000520,1,"chunk_size_1"
"CPU_Elastic","COMPUTE","Qcur-11","ROPE","",-1,2,-1,128,16,1,1,8192,0.004948,1,"chunk_size_1"
"CPU_Elastic","COMPUTE","Kcur-11","MUL_MAT","",-1,3,-1,2048,1,1,1,8192,0.104896,1,"chunk_size_1"
"CPU_Elastic","COMPUTE_GRAPH","ggml_cgraph","GRAPH","",-1,4,-1,0,0,0,0,0,0.116666,1,"delegate_cpu_graph"
"CPU_Elastic","COMPUTE","Kcur_normed-11","MUL","",-1,0,-1,2048,1,1,1,8192,0.005833,1,"chunk_size_1"
"CPU_Elastic","COMPUTE","Kcur_normed-11 (reshaped)","RESHAPE","",-1,1,-1,128,16,1,1,8192,0.000573,1,"chunk_size_1"
"CPU_Elastic","COMPUTE","Kcur-11","ROPE","",-1,2,-1,128,16,1,1,8192,0.006094,1,"chunk_size_1"
"CPU_Elastic","COMPUTE","Vcur-11","MUL_MAT","",-1,3,-1,2048,1,1,1,8192,0.105313,1,"chunk_size_1"
"CPU_Elastic","COMPUTE","Vcur-11","RESHAPE","",-1,4,-1,128,16,1,1,8192,0.000468,1,"chunk_size_1"
"CPU_Elastic","COMPUTE","Kcur-11 (view)","VIEW","",-1,5,-1,2048,1,1,1,8192,0.000417,1,"chunk_size_1"
"CPU_Elastic","COMPUTE","cache_k_l11 (view)","SET_ROWS","",-1,6,-1,2048,512,1,1,2097152,0.001927,1,"chunk_size_1"
"CPU_Elastic","COMPUTE","Vcur-11 (view)","VIEW","",-1,7,-1,2048,1,1,1,8192,0.000468,1,"chunk_size_1"
"CPU_Elastic","COMPUTE","cache_v_l11 (view)","SET_ROWS","",-1,8,-1,2048,512,1,1,2097152,0.001719,1,"chunk_size_1"
"CPU_Elastic","COMPUTE","cache_v_l11 (view)","VIEW","",-1,9,-1,128,16,256,1,1048576,0.000417,1,"chunk_size_1"
"CPU_Elastic","COMPUTE","cache_v_l11 (view) (permuted)","PERMUTE","",-1,10,-1,128,256,16,1,1048576,0.000364,1,"chunk_size_1"
"CPU_Elastic","COMPUTE","cache_v_l11 (view) (permuted) (transposed)","TRANSPOSE","",-1,11,-1,256,128,16,1,1048576,0.000625,1,"chunk_size_1"
"CPU_Elastic","COMPUTE","v_cont-11","CONT","",-1,12,-1,256,128,16,1,1048576,0.500782,1,"chunk_size_1"
"CPU_Elastic","COMPUTE","cache_k_l11 (view)","VIEW","",-1,13,-1,128,16,256,1,1048576,0.000521,1,"chunk_size_1"
"CPU_Elastic","COMPUTE","cache_k_l11 (view) (permuted)","PERMUTE","",-1,14,-1,128,256,16,1,1048576,0.000416,1,"chunk_size_1"
"CPU_Elastic","COMPUTE","Qcur-11 (view)","VIEW","",-1,15,-1,128,16,1,1,8192,0.000469,1,"chunk_size_1"
"CPU_Elastic","COMPUTE","Qcur-11 (view) (permuted)","PERMUTE","",-1,16,-1,128,1,16,1,8192,0.000417,1,"chunk_size_1"
"CPU_Elastic","COMPUTE","kq-11","MUL_MAT","",-1,17,-1,256,1,16,1,16384,0.055885,1,"chunk_size_1"
"CPU_Elastic","COMPUTE","kq_soft_max-11","SOFT_MAX","",-1,18,-1,256,1,16,1,16384,0.015573,1,"chunk_size_1"
"CPU_Elastic","COMPUTE","kqv-11","MUL_MAT","",-1,19,-1,128,1,16,1,8192,0.041875,1,"chunk_size_1"
"CPU_Elastic","COMPUTE","kqv-11 (permuted)","PERMUTE","",-1,20,-1,128,16,1,1,8192,0.000521,1,"chunk_size_1"
"CPU_Elastic","COMPUTE","kqv_out-11","CONT","",-1,21,-1,2048,1,1,1,8192,0.005156,1,"chunk_size_1"
"CPU_Elastic","COMPUTE","node_725","MUL_MAT","",-1,22,-1,2048,1,1,1,8192,0.112500,1,"chunk_size_1"
"CPU_Elastic","COMPUTE","ffn_inp-11","ADD","",-1,23,-1,2048,1,1,1,8192,0.004739,1,"chunk_size_1"
"CPU_Elastic","COMPUTE_GRAPH","ggml_cgraph","GRAPH","",-1,24,-1,0,0,0,0,0,0.863072,1,"delegate_cpu_graph"
"CPU_Elastic","COMPUTE","ffn_norm-11","MUL","",-1,0,-1,2048,1,1,1,8192,0.005886,1,"chunk_size_1"
"CPU_Elastic","COMPUTE","ffn_moe_logits-11","MUL_MAT","",-1,1,-1,64,1,1,1,256,0.032136,1,"chunk_size_1"
"CPU_Elastic","COMPUTE","ffn_moe_probs-11","SOFT_MAX","",-1,2,-1,64,1,1,1,256,0.000937,1,"chunk_size_1"
"CPU_Elastic","COMPUTE","ffn_moe_probs-11 (reshaped)","RESHAPE","",-1,3,-1,1,64,1,1,256,0.000416,1,"chunk_size_1"
"CPU_Elastic","COMPUTE","ffn_moe_argsort-11","ARGSORT","",-1,4,-1,64,1,1,1,256,0.012083,1,"chunk_size_1"
"CPU_Elastic","COMPUTE","ffn_moe_topk-11","VIEW","",-1,5,-1,8,1,1,1,32,0.000521,1,"chunk_size_1"
"CPU_Elastic","COMPUTE","ffn_moe_weights-11","GET_ROWS","",-1,6,-1,1,8,1,1,32,0.000521,1,"chunk_size_1"
"CPU_Elastic","COMPUTE","ffn_norm-11 (reshaped)","RESHAPE","",-1,7,-1,2048,1,1,1,8192,0.000416,1,"chunk_size_1"
"CPU_Elastic","COMPUTE","ffn_moe_gate-11","MUL_MAT_ID","",-1,8,-1,1024,8,1,1,32768,0.367291,1,"chunk_size_1"
"CPU_Elastic","COMPUTE","ffn_moe_up-11","MUL_MAT_ID","",-1,9,-1,1024,8,1,1,32768,0.374062,1,"chunk_size_1"
"CPU_Elastic","COMPUTE","ffn_moe_weighted-11","GLU","",-1,10,-1,1024,8,1,1,32768,0.007292,1,"chunk_size_1"
"CPU_Elastic","COMPUTE","ffn_moe_down-11","MUL_MAT_ID","",-1,11,-1,2048,8,1,1,65536,0.384010,1,"chunk_size_1"
"CPU_Elastic","COMPUTE","node_740","MUL","",-1,12,-1,2048,8,1,1,65536,0.029687,1,"chunk_size_1"
"CPU_Elastic","COMPUTE"," (view)","VIEW","",-1,13,-1,2048,1,1,1,8192,0.000520,1,"chunk_size_1"
"CPU_Elastic","COMPUTE","node_740 (view)","VIEW","",-1,14,-1,2048,1,1,1,8192,0.000417,1,"chunk_size_1"
"CPU_Elastic","COMPUTE","node_740 (view)","VIEW","",-1,15,-1,2048,1,1,1,8192,0.000416,1,"chunk_size_1"
"CPU_Elastic","COMPUTE","node_740 (view)","VIEW","",-1,16,-1,2048,1,1,1,8192,0.000469,1,"chunk_size_1"
"CPU_Elastic","COMPUTE","node_740 (view)","VIEW","",-1,17,-1,2048,1,1,1,8192,0.000416,1,"chunk_size_1"
"CPU_Elastic","COMPUTE","node_740 (view)","VIEW","",-1,18,-1,2048,1,1,1,8192,0.000365,1,"chunk_size_1"
"CPU_Elastic","COMPUTE","node_740 (view)","VIEW","",-1,19,-1,2048,1,1,1,8192,0.000365,1,"chunk_size_1"
"CPU_Elastic","COMPUTE","node_740 (view)","VIEW","",-1,20,-1,2048,1,1,1,8192,0.000469,1,"chunk_size_1"
"CPU_Elastic","COMPUTE","node_749","ADD","",-1,21,-1,2048,1,1,1,8192,0.005000,1,"chunk_size_1"
"CPU_Elastic","COMPUTE","node_750","ADD","",-1,22,-1,2048,1,1,1,8192,0.003750,1,"chunk_size_1"
"CPU_Elastic","COMPUTE","node_751","ADD","",-1,23,-1,2048,1,1,1,8192,0.004479,1,"chunk_size_1"
"CPU_Elastic","COMPUTE","node_752","ADD","",-1,24,-1,2048,1,1,1,8192,0.004531,1,"chunk_size_1"
"CPU_Elastic","COMPUTE","node_753","ADD","",-1,25,-1,2048,1,1,1,8192,0.003906,1,"chunk_size_1"
"CPU_Elastic","COMPUTE","node_754","ADD","",-1,26,-1,2048,1,1,1,8192,0.004636,1,"chunk_size_1"
"CPU_Elastic","COMPUTE","ffn_moe_out-11","ADD","",-1,27,-1,2048,1,1,1,8192,0.004427,1,"chunk_size_1"
"CPU_Elastic","COMPUTE","l_out-11","ADD","",-1,28,-1,2048,1,1,1,8192,0.004323,1,"chunk_size_1"
"CPU_Elastic","COMPUTE_GRAPH","ggml_cgraph","GRAPH","",-1,29,-1,0,0,0,0,0,1.253747,1,"delegate_cpu_graph"
"CPU_Elastic","COMPUTE","attn_norm-12","MUL","",-1,0,-1,2048,1,1,1,8192,0.006511,1,"chunk_size_1"
"CPU_Elastic","COMPUTE","Qcur-12","MUL_MAT","",-1,1,-1,2048,1,1,1,8192,0.103802,1,"chunk_size_1"
"CPU_Elastic","COMPUTE_GRAPH","ggml_cgraph","GRAPH","",-1,2,-1,0,0,0,0,0,0.110313,1,"delegate_cpu_graph"
"CPU_Elastic","COMPUTE","Qcur_normed-12","MUL","",-1,0,-1,2048,1,1,1,8192,0.006354,1,"chunk_size_1"
"CPU_Elastic","COMPUTE","Qcur_normed-12 (reshaped)","RESHAPE","",-1,1,-1,128,16,1,1,8192,0.000573,1,"chunk_size_1"
"CPU_Elastic","COMPUTE","Qcur-12","ROPE","",-1,2,-1,128,16,1,1,8192,0.006250,1,"chunk_size_1"
"CPU_Elastic","COMPUTE","Kcur-12","MUL_MAT","",-1,3,-1,2048,1,1,1,8192,0.106614,1,"chunk_size_1"
"CPU_Elastic","COMPUTE_GRAPH","ggml_cgraph","GRAPH","",-1,4,-1,0,0,0,0,0,0.119791,1,"delegate_cpu_graph"
"CPU_Elastic","COMPUTE","Kcur_normed-12","MUL","",-1,0,-1,2048,1,1,1,8192,0.004844,1,"chunk_size_1"
"CPU_Elastic","COMPUTE","Kcur_normed-12 (reshaped)","RESHAPE","",-1,1,-1,128,16,1,1,8192,0.000521,1,"chunk_size_1"
"CPU_Elastic","COMPUTE","Kcur-12","ROPE","",-1,2,-1,128,16,1,1,8192,0.005885,1,"chunk_size_1"
"CPU_Elastic","COMPUTE","Vcur-12","MUL_MAT","",-1,3,-1,2048,1,1,1,8192,0.102865,1,"chunk_size_1"
"CPU_Elastic","COMPUTE","Vcur-12","RESHAPE","",-1,4,-1,128,16,1,1,8192,0.000573,1,"chunk_size_1"
"CPU_Elastic","COMPUTE","Kcur-12 (view)","VIEW","",-1,5,-1,2048,1,1,1,8192,0.000417,1,"chunk_size_1"
"CPU_Elastic","COMPUTE","cache_k_l12 (view)","SET_ROWS","",-1,6,-1,2048,512,1,1,2097152,0.001823,1,"chunk_size_1"
"CPU_Elastic","COMPUTE","Vcur-12 (view)","VIEW","",-1,7,-1,2048,1,1,1,8192,0.000417,1,"chunk_size_1"
"CPU_Elastic","COMPUTE","cache_v_l12 (view)","SET_ROWS","",-1,8,-1,2048,512,1,1,2097152,0.001614,1,"chunk_size_1"
"CPU_Elastic","COMPUTE","cache_v_l12 (view)","VIEW","",-1,9,-1,128,16,256,1,1048576,0.000416,1,"chunk_size_1"
"CPU_Elastic","COMPUTE","cache_v_l12 (view) (permuted)","PERMUTE","",-1,10,-1,128,256,16,1,1048576,0.000469,1,"chunk_size_1"
"CPU_Elastic","COMPUTE","cache_v_l12 (view) (permuted) (transposed)","TRANSPOSE","",-1,11,-1,256,128,16,1,1048576,0.000469,1,"chunk_size_1"
"CPU_Elastic","COMPUTE","v_cont-12","CONT","",-1,12,-1,256,128,16,1,1048576,0.519948,1,"chunk_size_1"
"CPU_Elastic","COMPUTE","cache_k_l12 (view)","VIEW","",-1,13,-1,128,16,256,1,1048576,0.000468,1,"chunk_size_1"
"CPU_Elastic","COMPUTE","cache_k_l12 (view) (permuted)","PERMUTE","",-1,14,-1,128,256,16,1,1048576,0.000416,1,"chunk_size_1"
"CPU_Elastic","COMPUTE","Qcur-12 (view)","VIEW","",-1,15,-1,128,16,1,1,8192,0.000416,1,"chunk_size_1"
"CPU_Elastic","COMPUTE","Qcur-12 (view) (permuted)","PERMUTE","",-1,16,-1,128,1,16,1,8192,0.000521,1,"chunk_size_1"
"CPU_Elastic","COMPUTE","kq-12","MUL_MAT","",-1,17,-1,256,1,16,1,16384,0.038541,1,"chunk_size_1"
"CPU_Elastic","COMPUTE","kq_soft_max-12","SOFT_MAX","",-1,18,-1,256,1,16,1,16384,0.017917,1,"chunk_size_1"
"CPU_Elastic","COMPUTE","kqv-12","MUL_MAT","",-1,19,-1,128,1,16,1,8192,0.039635,1,"chunk_size_1"
"CPU_Elastic","COMPUTE","kqv-12 (permuted)","PERMUTE","",-1,20,-1,128,16,1,1,8192,0.000625,1,"chunk_size_1"
"CPU_Elastic","COMPUTE","kqv_out-12","CONT","",-1,21,-1,2048,1,1,1,8192,0.004323,1,"chunk_size_1"
"CPU_Elastic","COMPUTE","node_788","MUL_MAT","",-1,22,-1,2048,1,1,1,8192,0.112917,1,"chunk_size_1"
"CPU_Elastic","COMPUTE","ffn_inp-12","ADD","",-1,23,-1,2048,1,1,1,8192,0.005261,1,"chunk_size_1"
"CPU_Elastic","COMPUTE_GRAPH","ggml_cgraph","GRAPH","",-1,24,-1,0,0,0,0,0,0.861301,1,"delegate_cpu_graph"
"CPU_Elastic","COMPUTE","ffn_norm-12","MUL","",-1,0,-1,2048,1,1,1,8192,0.005782,1,"chunk_size_1"
"CPU_Elastic","COMPUTE","ffn_moe_logits-12","MUL_MAT","",-1,1,-1,64,1,1,1,256,0.013698,1,"chunk_size_1"
"CPU_Elastic","COMPUTE","ffn_moe_probs-12","SOFT_MAX","",-1,2,-1,64,1,1,1,256,0.000885,1,"chunk_size_1"
"CPU_Elastic","COMPUTE","ffn_moe_probs-12 (reshaped)","RESHAPE","",-1,3,-1,1,64,1,1,256,0.000416,1,"chunk_size_1"
"CPU_Elastic","COMPUTE","ffn_moe_argsort-12","ARGSORT","",-1,4,-1,64,1,1,1,256,0.011667,1,"chunk_size_1"
"CPU_Elastic","COMPUTE","ffn_moe_topk-12","VIEW","",-1,5,-1,8,1,1,1,32,0.000677,1,"chunk_size_1"
"CPU_Elastic","COMPUTE","ffn_moe_weights-12","GET_ROWS","",-1,6,-1,1,8,1,1,32,0.000573,1,"chunk_size_1"
"CPU_Elastic","COMPUTE","ffn_norm-12 (reshaped)","RESHAPE","",-1,7,-1,2048,1,1,1,8192,0.000417,1,"chunk_size_1"
"CPU_Elastic","COMPUTE","ffn_moe_gate-12","MUL_MAT_ID","",-1,8,-1,1024,8,1,1,32768,0.364063,1,"chunk_size_1"
"CPU_Elastic","COMPUTE","ffn_moe_up-12","MUL_MAT_ID","",-1,9,-1,1024,8,1,1,32768,0.374635,1,"chunk_size_1"
"CPU_Elastic","COMPUTE","ffn_moe_weighted-12","GLU","",-1,10,-1,1024,8,1,1,32768,0.026146,1,"chunk_size_1"
"CPU_Elastic","COMPUTE","ffn_moe_down-12","MUL_MAT_ID","",-1,11,-1,2048,8,1,1,65536,0.398646,1,"chunk_size_1"
"CPU_Elastic","COMPUTE","node_803","MUL","",-1,12,-1,2048,8,1,1,65536,0.032344,1,"chunk_size_1"
"CPU_Elastic","COMPUTE"," (view)","VIEW","",-1,13,-1,2048,1,1,1,8192,0.000573,1,"chunk_size_1"
"CPU_Elastic","COMPUTE","node_803 (view)","VIEW","",-1,14,-1,2048,1,1,1,8192,0.000469,1,"chunk_size_1"
"CPU_Elastic","COMPUTE","node_803 (view)","VIEW","",-1,15,-1,2048,1,1,1,8192,0.000417,1,"chunk_size_1"
"CPU_Elastic","COMPUTE","node_803 (view)","VIEW","",-1,16,-1,2048,1,1,1,8192,0.000469,1,"chunk_size_1"
"CPU_Elastic","COMPUTE","node_803 (view)","VIEW","",-1,17,-1,2048,1,1,1,8192,0.000416,1,"chunk_size_1"
"CPU_Elastic","COMPUTE","node_803 (view)","VIEW","",-1,18,-1,2048,1,1,1,8192,0.000469,1,"chunk_size_1"
"CPU_Elastic","COMPUTE","node_803 (view)","VIEW","",-1,19,-1,2048,1,1,1,8192,0.000365,1,"chunk_size_1"
"CPU_Elastic","COMPUTE","node_803 (view)","VIEW","",-1,20,-1,2048,1,1,1,8192,0.000416,1,"chunk_size_1"
"CPU_Elastic","COMPUTE","node_812","ADD","",-1,21,-1,2048,1,1,1,8192,0.004271,1,"chunk_size_1"
"CPU_Elastic","COMPUTE","node_813","ADD","",-1,22,-1,2048,1,1,1,8192,0.005469,1,"chunk_size_1"
"CPU_Elastic","COMPUTE","node_814","ADD","",-1,23,-1,2048,1,1,1,8192,0.004323,1,"chunk_size_1"
"CPU_Elastic","COMPUTE","node_815","ADD","",-1,24,-1,2048,1,1,1,8192,0.004375,1,"chunk_size_1"
"CPU_Elastic","COMPUTE","node_816","ADD","",-1,25,-1,2048,1,1,1,8192,0.005209,1,"chunk_size_1"
"CPU_Elastic","COMPUTE","node_817","ADD","",-1,26,-1,2048,1,1,1,8192,0.005416,1,"chunk_size_1"
"CPU_Elastic","COMPUTE","ffn_moe_out-12","ADD","",-1,27,-1,2048,1,1,1,8192,0.005156,1,"chunk_size_1"
"CPU_Elastic","COMPUTE","l_out-12","ADD","",-1,28,-1,2048,1,1,1,8192,0.003594,1,"chunk_size_1"
"CPU_Elastic","COMPUTE_GRAPH","ggml_cgraph","GRAPH","",-1,29,-1,0,0,0,0,0,1.271356,1,"delegate_cpu_graph"
"CPU_Elastic","COMPUTE","attn_norm-13","MUL","",-1,0,-1,2048,1,1,1,8192,0.006146,1,"chunk_size_1"
"CPU_Elastic","COMPUTE","Qcur-13","MUL_MAT","",-1,1,-1,2048,1,1,1,8192,0.105520,1,"chunk_size_1"
"CPU_Elastic","COMPUTE_GRAPH","ggml_cgraph","GRAPH","",-1,2,-1,0,0,0,0,0,0.111666,1,"delegate_cpu_graph"
"CPU_Elastic","COMPUTE","Qcur_normed-13","MUL","",-1,0,-1,2048,1,1,1,8192,0.005469,1,"chunk_size_1"
"CPU_Elastic","COMPUTE","Qcur_normed-13 (reshaped)","RESHAPE","",-1,1,-1,128,16,1,1,8192,0.000573,1,"chunk_size_1"
"CPU_Elastic","COMPUTE","Qcur-13","ROPE","",-1,2,-1,128,16,1,1,8192,0.004583,1,"chunk_size_1"
"CPU_Elastic","COMPUTE","Kcur-13","MUL_MAT","",-1,3,-1,2048,1,1,1,8192,0.103594,1,"chunk_size_1"
"CPU_Elastic","COMPUTE_GRAPH","ggml_cgraph","GRAPH","",-1,4,-1,0,0,0,0,0,0.114219,1,"delegate_cpu_graph"
"CPU_Elastic","COMPUTE","Kcur_normed-13","MUL","",-1,0,-1,2048,1,1,1,8192,0.005937,1,"chunk_size_1"
"CPU_Elastic","COMPUTE","Kcur_normed-13 (reshaped)","RESHAPE","",-1,1,-1,128,16,1,1,8192,0.000677,1,"chunk_size_1"
"CPU_Elastic","COMPUTE","Kcur-13","ROPE","",-1,2,-1,128,16,1,1,8192,0.006145,1,"chunk_size_1"
"CPU_Elastic","COMPUTE","Vcur-13","MUL_MAT","",-1,3,-1,2048,1,1,1,8192,0.143698,1,"chunk_size_1"
"CPU_Elastic","COMPUTE","Vcur-13","RESHAPE","",-1,4,-1,128,16,1,1,8192,0.000469,1,"chunk_size_1"
"CPU_Elastic","COMPUTE","Kcur-13 (view)","VIEW","",-1,5,-1,2048,1,1,1,8192,0.000573,1,"chunk_size_1"
"CPU_Elastic","COMPUTE","cache_k_l13 (view)","SET_ROWS","",-1,6,-1,2048,512,1,1,2097152,0.001823,1,"chunk_size_1"
"CPU_Elastic","COMPUTE","Vcur-13 (view)","VIEW","",-1,7,-1,2048,1,1,1,8192,0.000364,1,"chunk_size_1"
"CPU_Elastic","COMPUTE","cache_v_l13 (view)","SET_ROWS","",-1,8,-1,2048,512,1,1,2097152,0.001667,1,"chunk_size_1"
"CPU_Elastic","COMPUTE","cache_v_l13 (view)","VIEW","",-1,9,-1,128,16,256,1,1048576,0.000521,1,"chunk_size_1"
"CPU_Elastic","COMPUTE","cache_v_l13 (view) (permuted)","PERMUTE","",-1,10,-1,128,256,16,1,1048576,0.000469,1,"chunk_size_1"
"CPU_Elastic","COMPUTE","cache_v_l13 (view) (permuted) (transposed)","TRANSPOSE","",-1,11,-1,256,128,16,1,1048576,0.000521,1,"chunk_size_1"
"CPU_Elastic","COMPUTE","v_cont-13","CONT","",-1,12,-1,256,128,16,1,1048576,0.499114,1,"chunk_size_1"
"CPU_Elastic","COMPUTE","cache_k_l13 (view)","VIEW","",-1,13,-1,128,16,256,1,1048576,0.000520,1,"chunk_size_1"
"CPU_Elastic","COMPUTE","cache_k_l13 (view) (permuted)","PERMUTE","",-1,14,-1,128,256,16,1,1048576,0.000417,1,"chunk_size_1"
"CPU_Elastic","COMPUTE","Qcur-13 (view)","VIEW","",-1,15,-1,128,16,1,1,8192,0.000364,1,"chunk_size_1"
"CPU_Elastic","COMPUTE","Qcur-13 (view) (permuted)","PERMUTE","",-1,16,-1,128,1,16,1,8192,0.000417,1,"chunk_size_1"
"CPU_Elastic","COMPUTE","kq-13","MUL_MAT","",-1,17,-1,256,1,16,1,16384,0.056667,1,"chunk_size_1"
"CPU_Elastic","COMPUTE","kq_soft_max-13","SOFT_MAX","",-1,18,-1,256,1,16,1,16384,0.017239,1,"chunk_size_1"
"CPU_Elastic","COMPUTE","kqv-13","MUL_MAT","",-1,19,-1,128,1,16,1,8192,0.043854,1,"chunk_size_1"
"CPU_Elastic","COMPUTE","kqv-13 (permuted)","PERMUTE","",-1,20,-1,128,16,1,1,8192,0.000521,1,"chunk_size_1"
"CPU_Elastic","COMPUTE","kqv_out-13","CONT","",-1,21,-1,2048,1,1,1,8192,0.004479,1,"chunk_size_1"
"CPU_Elastic","COMPUTE","node_851","MUL_MAT","",-1,22,-1,2048,1,1,1,8192,0.112448,1,"chunk_size_1"
"CPU_Elastic","COMPUTE","ffn_inp-13","ADD","",-1,23,-1,2048,1,1,1,8192,0.005312,1,"chunk_size_1"
"CPU_Elastic","COMPUTE_GRAPH","ggml_cgraph","GRAPH","",-1,24,-1,0,0,0,0,0,0.904216,1,"delegate_cpu_graph"
"CPU_Elastic","COMPUTE","ffn_norm-13","MUL","",-1,0,-1,2048,1,1,1,8192,0.005104,1,"chunk_size_1"
"CPU_Elastic","COMPUTE","ffn_moe_logits-13","MUL_MAT","",-1,1,-1,64,1,1,1,256,0.013281,1,"chunk_size_1"
"CPU_Elastic","COMPUTE","ffn_moe_probs-13","SOFT_MAX","",-1,2,-1,64,1,1,1,256,0.001250,1,"chunk_size_1"
"CPU_Elastic","COMPUTE","ffn_moe_probs-13 (reshaped)","RESHAPE","",-1,3,-1,1,64,1,1,256,0.000468,1,"chunk_size_1"
"CPU_Elastic","COMPUTE","ffn_moe_argsort-13","ARGSORT","",-1,4,-1,64,1,1,1,256,0.012083,1,"chunk_size_1"
"CPU_Elastic","COMPUTE","ffn_moe_topk-13","VIEW","",-1,5,-1,8,1,1,1,32,0.000521,1,"chunk_size_1"
"CPU_Elastic","COMPUTE","ffn_moe_weights-13","GET_ROWS","",-1,6,-1,1,8,1,1,32,0.000625,1,"chunk_size_1"
"CPU_Elastic","COMPUTE","ffn_norm-13 (reshaped)","RESHAPE","",-1,7,-1,2048,1,1,1,8192,0.000417,1,"chunk_size_1"
"CPU_Elastic","COMPUTE","ffn_moe_gate-13","MUL_MAT_ID","",-1,8,-1,1024,8,1,1,32768,0.366145,1,"chunk_size_1"
"CPU_Elastic","COMPUTE","ffn_moe_up-13","MUL_MAT_ID","",-1,9,-1,1024,8,1,1,32768,0.374584,1,"chunk_size_1"
"CPU_Elastic","COMPUTE","ffn_moe_weighted-13","GLU","",-1,10,-1,1024,8,1,1,32768,0.007136,1,"chunk_size_1"
"CPU_Elastic","COMPUTE","ffn_moe_down-13","MUL_MAT_ID","",-1,11,-1,2048,8,1,1,65536,0.508593,1,"chunk_size_1"
"CPU_Elastic","COMPUTE","node_866","MUL","",-1,12,-1,2048,8,1,1,65536,0.030417,1,"chunk_size_1"
"CPU_Elastic","COMPUTE"," (view)","VIEW","",-1,13,-1,2048,1,1,1,8192,0.000521,1,"chunk_size_1"
"CPU_Elastic","COMPUTE","node_866 (view)","VIEW","",-1,14,-1,2048,1,1,1,8192,0.000521,1,"chunk_size_1"
"CPU_Elastic","COMPUTE","node_866 (view)","VIEW","",-1,15,-1,2048,1,1,1,8192,0.000416,1,"chunk_size_1"
"CPU_Elastic","COMPUTE","node_866 (view)","VIEW","",-1,16,-1,2048,1,1,1,8192,0.000417,1,"chunk_size_1"
"CPU_Elastic","COMPUTE","node_866 (view)","VIEW","",-1,17,-1,2048,1,1,1,8192,0.000417,1,"chunk_size_1"
"CPU_Elastic","COMPUTE","node_866 (view)","VIEW","",-1,18,-1,2048,1,1,1,8192,0.000520,1,"chunk_size_1"
"CPU_Elastic","COMPUTE","node_866 (view)","VIEW","",-1,19,-1,2048,1,1,1,8192,0.000417,1,"chunk_size_1"
"CPU_Elastic","COMPUTE","node_866 (view)","VIEW","",-1,20,-1,2048,1,1,1,8192,0.000469,1,"chunk_size_1"
"CPU_Elastic","COMPUTE","node_875","ADD","",-1,21,-1,2048,1,1,1,8192,0.003594,1,"chunk_size_1"
"CPU_Elastic","COMPUTE","node_876","ADD","",-1,22,-1,2048,1,1,1,8192,0.005417,1,"chunk_size_1"
"CPU_Elastic","COMPUTE","node_877","ADD","",-1,23,-1,2048,1,1,1,8192,0.004479,1,"chunk_size_1"
"CPU_Elastic","COMPUTE","node_878","ADD","",-1,24,-1,2048,1,1,1,8192,0.005208,1,"chunk_size_1"
"CPU_Elastic","COMPUTE","node_879","ADD","",-1,25,-1,2048,1,1,1,8192,0.004323,1,"chunk_size_1"
"CPU_Elastic","COMPUTE","node_880","ADD","",-1,26,-1,2048,1,1,1,8192,0.005208,1,"chunk_size_1"
"CPU_Elastic","COMPUTE","ffn_moe_out-13","ADD","",-1,27,-1,2048,1,1,1,8192,0.005052,1,"chunk_size_1"
"CPU_Elastic","COMPUTE","l_out-13","ADD","",-1,28,-1,2048,1,1,1,8192,0.003646,1,"chunk_size_1"
"CPU_Elastic","COMPUTE_GRAPH","ggml_cgraph","GRAPH","",-1,29,-1,0,0,0,0,0,1.361249,1,"delegate_cpu_graph"
"CPU_Elastic","COMPUTE","attn_norm-14","MUL","",-1,0,-1,2048,1,1,1,8192,0.006563,1,"chunk_size_1"
"CPU_Elastic","COMPUTE","Qcur-14","MUL_MAT","",-1,1,-1,2048,1,1,1,8192,0.105156,1,"chunk_size_1"
"CPU_Elastic","COMPUTE_GRAPH","ggml_cgraph","GRAPH","",-1,2,-1,0,0,0,0,0,0.111719,1,"delegate_cpu_graph"
"CPU_Elastic","COMPUTE","Qcur_normed-14","MUL","",-1,0,-1,2048,1,1,1,8192,0.005729,1,"chunk_size_1"
"CPU_Elastic","COMPUTE","Qcur_normed-14 (reshaped)","RESHAPE","",-1,1,-1,128,16,1,1,8192,0.000729,1,"chunk_size_1"
"CPU_Elastic","COMPUTE","Qcur-14","ROPE","",-1,2,-1,128,16,1,1,8192,0.005521,1,"chunk_size_1"
"CPU_Elastic","COMPUTE","Kcur-14","MUL_MAT","",-1,3,-1,2048,1,1,1,8192,0.104114,1,"chunk_size_1"
"CPU_Elastic","COMPUTE_GRAPH","ggml_cgraph","GRAPH","",-1,4,-1,0,0,0,0,0,0.116093,1,"delegate_cpu_graph"
"CPU_Elastic","COMPUTE","Kcur_normed-14","MUL","",-1,0,-1,2048,1,1,1,8192,0.004792,1,"chunk_size_1"
"CPU_Elastic","COMPUTE","Kcur_normed-14 (reshaped)","RESHAPE","",-1,1,-1,128,16,1,1,8192,0.000572,1,"chunk_size_1"
"CPU_Elastic","COMPUTE","Kcur-14","ROPE","",-1,2,-1,128,16,1,1,8192,0.005938,1,"chunk_size_1"
"CPU_Elastic","COMPUTE","Vcur-14","MUL_MAT","",-1,3,-1,2048,1,1,1,8192,0.140261,1,"chunk_size_1"
"CPU_Elastic","COMPUTE","Vcur-14","RESHAPE","",-1,4,-1,128,16,1,1,8192,0.000521,1,"chunk_size_1"
"CPU_Elastic","COMPUTE","Kcur-14 (view)","VIEW","",-1,5,-1,2048,1,1,1,8192,0.000417,1,"chunk_size_1"
"CPU_Elastic","COMPUTE","cache_k_l14 (view)","SET_ROWS","",-1,6,-1,2048,512,1,1,2097152,0.001928,1,"chunk_size_1"
"CPU_Elastic","COMPUTE","Vcur-14 (view)","VIEW","",-1,7,-1,2048,1,1,1,8192,0.000417,1,"chunk_size_1"
"CPU_Elastic","COMPUTE","cache_v_l14 (view)","SET_ROWS","",-1,8,-1,2048,512,1,1,2097152,0.001563,1,"chunk_size_1"
"CPU_Elastic","COMPUTE","cache_v_l14 (view)","VIEW","",-1,9,-1,128,16,256,1,1048576,0.000416,1,"chunk_size_1"
"CPU_Elastic","COMPUTE","cache_v_l14 (view) (permuted)","PERMUTE","",-1,10,-1,128,256,16,1,1048576,0.000573,1,"chunk_size_1"
"CPU_Elastic","COMPUTE","cache_v_l14 (view) (permuted) (transposed)","TRANSPOSE","",-1,11,-1,256,128,16,1,1048576,0.000469,1,"chunk_size_1"
"CPU_Elastic","COMPUTE","v_cont-14","CONT","",-1,12,-1,256,128,16,1,1048576,0.500520,1,"chunk_size_1"
"CPU_Elastic","COMPUTE","cache_k_l14 (view)","VIEW","",-1,13,-1,128,16,256,1,1048576,0.000521,1,"chunk_size_1"
"CPU_Elastic","COMPUTE","cache_k_l14 (view) (permuted)","PERMUTE","",-1,14,-1,128,256,16,1,1048576,0.000521,1,"chunk_size_1"
"CPU_Elastic","COMPUTE","Qcur-14 (view)","VIEW","",-1,15,-1,128,16,1,1,8192,0.000416,1,"chunk_size_1"
"CPU_Elastic","COMPUTE","Qcur-14 (view) (permuted)","PERMUTE","",-1,16,-1,128,1,16,1,8192,0.000468,1,"chunk_size_1"
"CPU_Elastic","COMPUTE","kq-14","MUL_MAT","",-1,17,-1,256,1,16,1,16384,0.055990,1,"chunk_size_1"
"CPU_Elastic","COMPUTE","kq_soft_max-14","SOFT_MAX","",-1,18,-1,256,1,16,1,16384,0.018073,1,"chunk_size_1"
"CPU_Elastic","COMPUTE","kqv-14","MUL_MAT","",-1,19,-1,128,1,16,1,8192,0.041406,1,"chunk_size_1"
"CPU_Elastic","COMPUTE","kqv-14 (permuted)","PERMUTE","",-1,20,-1,128,16,1,1,8192,0.000521,1,"chunk_size_1"
"CPU_Elastic","COMPUTE","kqv_out-14","CONT","",-1,21,-1,2048,1,1,1,8192,0.003594,1,"chunk_size_1"
"CPU_Elastic","COMPUTE","node_914","MUL_MAT","",-1,22,-1,2048,1,1,1,8192,0.116511,1,"chunk_size_1"
"CPU_Elastic","COMPUTE","ffn_inp-14","ADD","",-1,23,-1,2048,1,1,1,8192,0.003802,1,"chunk_size_1"
"CPU_Elastic","COMPUTE_GRAPH","ggml_cgraph","GRAPH","",-1,24,-1,0,0,0,0,0,0.900210,1,"delegate_cpu_graph"
"CPU_Elastic","COMPUTE","ffn_norm-14","MUL","",-1,0,-1,2048,1,1,1,8192,0.005781,1,"chunk_size_1"
"CPU_Elastic","COMPUTE","ffn_moe_logits-14","MUL_MAT","",-1,1,-1,64,1,1,1,256,0.014479,1,"chunk_size_1"
"CPU_Elastic","COMPUTE","ffn_moe_probs-14","SOFT_MAX","",-1,2,-1,64,1,1,1,256,0.000990,1,"chunk_size_1"
"CPU_Elastic","COMPUTE","ffn_moe_probs-14 (reshaped)","RESHAPE","",-1,3,-1,1,64,1,1,256,0.000521,1,"chunk_size_1"
"CPU_Elastic","COMPUTE","ffn_moe_argsort-14","ARGSORT","",-1,4,-1,64,1,1,1,256,0.011875,1,"chunk_size_1"
"CPU_Elastic","COMPUTE","ffn_moe_topk-14","VIEW","",-1,5,-1,8,1,1,1,32,0.000573,1,"chunk_size_1"
"CPU_Elastic","COMPUTE","ffn_moe_weights-14","GET_ROWS","",-1,6,-1,1,8,1,1,32,0.000521,1,"chunk_size_1"
"CPU_Elastic","COMPUTE","ffn_norm-14 (reshaped)","RESHAPE","",-1,7,-1,2048,1,1,1,8192,0.000521,1,"chunk_size_1"
"CPU_Elastic","COMPUTE","ffn_moe_gate-14","MUL_MAT_ID","",-1,8,-1,1024,8,1,1,32768,0.363906,1,"chunk_size_1"
"CPU_Elastic","COMPUTE","ffn_moe_up-14","MUL_MAT_ID","",-1,9,-1,1024,8,1,1,32768,0.380000,1,"chunk_size_1"
"CPU_Elastic","COMPUTE","ffn_moe_weighted-14","GLU","",-1,10,-1,1024,8,1,1,32768,0.007344,1,"chunk_size_1"
"CPU_Elastic","COMPUTE","ffn_moe_down-14","MUL_MAT_ID","",-1,11,-1,2048,8,1,1,65536,0.538542,1,"chunk_size_1"
"CPU_Elastic","COMPUTE","node_929","MUL","",-1,12,-1,2048,8,1,1,65536,0.029532,1,"chunk_size_1"
"CPU_Elastic","COMPUTE"," (view)","VIEW","",-1,13,-1,2048,1,1,1,8192,0.000521,1,"chunk_size_1"
"CPU_Elastic","COMPUTE","node_929 (view)","VIEW","",-1,14,-1,2048,1,1,1,8192,0.000416,1,"chunk_size_1"
"CPU_Elastic","COMPUTE","node_929 (view)","VIEW","",-1,15,-1,2048,1,1,1,8192,0.000521,1,"chunk_size_1"
"CPU_Elastic","COMPUTE","node_929 (view)","VIEW","",-1,16,-1,2048,1,1,1,8192,0.000417,1,"chunk_size_1"
"CPU_Elastic","COMPUTE","node_929 (view)","VIEW","",-1,17,-1,2048,1,1,1,8192,0.000417,1,"chunk_size_1"
"CPU_Elastic","COMPUTE","node_929 (view)","VIEW","",-1,18,-1,2048,1,1,1,8192,0.000469,1,"chunk_size_1"
"CPU_Elastic","COMPUTE","node_929 (view)","VIEW","",-1,19,-1,2048,1,1,1,8192,0.000781,1,"chunk_size_1"
"CPU_Elastic","COMPUTE","node_929 (view)","VIEW","",-1,20,-1,2048,1,1,1,8192,0.000469,1,"chunk_size_1"
"CPU_Elastic","COMPUTE","node_938","ADD","",-1,21,-1,2048,1,1,1,8192,0.005156,1,"chunk_size_1"
"CPU_Elastic","COMPUTE","node_939","ADD","",-1,22,-1,2048,1,1,1,8192,0.003698,1,"chunk_size_1"
"CPU_Elastic","COMPUTE","node_940","ADD","",-1,23,-1,2048,1,1,1,8192,0.005052,1,"chunk_size_1"
"CPU_Elastic","COMPUTE","node_941","ADD","",-1,24,-1,2048,1,1,1,8192,0.005313,1,"chunk_size_1"
"CPU_Elastic","COMPUTE","node_942","ADD","",-1,25,-1,2048,1,1,1,8192,0.004948,1,"chunk_size_1"
"CPU_Elastic","COMPUTE","node_943","ADD","",-1,26,-1,2048,1,1,1,8192,0.005260,1,"chunk_size_1"
"CPU_Elastic","COMPUTE","ffn_moe_out-14","ADD","",-1,27,-1,2048,1,1,1,8192,0.005104,1,"chunk_size_1"
"CPU_Elastic","COMPUTE","l_out-14","ADD","",-1,28,-1,2048,1,1,1,8192,0.003542,1,"chunk_size_1"
"CPU_Elastic","COMPUTE_GRAPH","ggml_cgraph","GRAPH","",-1,29,-1,0,0,0,0,0,1.396669,1,"delegate_cpu_graph"
"CPU_Elastic","COMPUTE","attn_norm-15","MUL","",-1,0,-1,2048,1,1,1,8192,0.006302,1,"chunk_size_1"
"CPU_Elastic","COMPUTE","Qcur-15","MUL_MAT","",-1,1,-1,2048,1,1,1,8192,0.110573,1,"chunk_size_1"
"CPU_Elastic","COMPUTE_GRAPH","ggml_cgraph","GRAPH","",-1,2,-1,0,0,0,0,0,0.116875,1,"delegate_cpu_graph"
"CPU_Elastic","COMPUTE","Qcur_normed-15","MUL","",-1,0,-1,2048,1,1,1,8192,0.005104,1,"chunk_size_1"
"CPU_Elastic","COMPUTE","Qcur_normed-15 (reshaped)","RESHAPE","",-1,1,-1,128,16,1,1,8192,0.000572,1,"chunk_size_1"
"CPU_Elastic","COMPUTE","Qcur-15","ROPE","",-1,2,-1,128,16,1,1,8192,0.006407,1,"chunk_size_1"
"CPU_Elastic","COMPUTE","Kcur-15","MUL_MAT","",-1,3,-1,2048,1,1,1,8192,0.104218,1,"chunk_size_1"
"CPU_Elastic","COMPUTE_GRAPH","ggml_cgraph","GRAPH","",-1,4,-1,0,0,0,0,0,0.116301,1,"delegate_cpu_graph"
"CPU_Elastic","COMPUTE","Kcur_normed-15","MUL","",-1,0,-1,2048,1,1,1,8192,0.005521,1,"chunk_size_1"
"CPU_Elastic","COMPUTE","Kcur_normed-15 (reshaped)","RESHAPE","",-1,1,-1,128,16,1,1,8192,0.000521,1,"chunk_size_1"
"CPU_Elastic","COMPUTE","Kcur-15","ROPE","",-1,2,-1,128,16,1,1,8192,0.006146,1,"chunk_size_1"
"CPU_Elastic","COMPUTE","Vcur-15","MUL_MAT","",-1,3,-1,2048,1,1,1,8192,0.158438,1,"chunk_size_1"
"CPU_Elastic","COMPUTE","Vcur-15","RESHAPE","",-1,4,-1,128,16,1,1,8192,0.000520,1,"chunk_size_1"
"CPU_Elastic","COMPUTE","Kcur-15 (view)","VIEW","",-1,5,-1,2048,1,1,1,8192,0.000416,1,"chunk_size_1"
"CPU_Elastic","COMPUTE","cache_k_l15 (view)","SET_ROWS","",-1,6,-1,2048,512,1,1,2097152,0.002031,1,"chunk_size_1"
"CPU_Elastic","COMPUTE","Vcur-15 (view)","VIEW","",-1,7,-1,2048,1,1,1,8192,0.000521,1,"chunk_size_1"
"CPU_Elastic","COMPUTE","cache_v_l15 (view)","SET_ROWS","",-1,8,-1,2048,512,1,1,2097152,0.001718,1,"chunk_size_1"
"CPU_Elastic","COMPUTE","cache_v_l15 (view)","VIEW","",-1,9,-1,128,16,256,1,1048576,0.000417,1,"chunk_size_1"
"CPU_Elastic","COMPUTE","cache_v_l15 (view) (permuted)","PERMUTE","",-1,10,-1,128,256,16,1,1048576,0.000521,1,"chunk_size_1"
"CPU_Elastic","COMPUTE","cache_v_l15 (view) (permuted) (transposed)","TRANSPOSE","",-1,11,-1,256,128,16,1,1048576,0.000521,1,"chunk_size_1"
"CPU_Elastic","COMPUTE","v_cont-15","CONT","",-1,12,-1,256,128,16,1,1048576,0.493698,1,"chunk_size_1"
"CPU_Elastic","COMPUTE","cache_k_l15 (view)","VIEW","",-1,13,-1,128,16,256,1,1048576,0.000573,1,"chunk_size_1"
"CPU_Elastic","COMPUTE","cache_k_l15 (view) (permuted)","PERMUTE","",-1,14,-1,128,256,16,1,1048576,0.000521,1,"chunk_size_1"
"CPU_Elastic","COMPUTE","Qcur-15 (view)","VIEW","",-1,15,-1,128,16,1,1,8192,0.000521,1,"chunk_size_1"
"CPU_Elastic","COMPUTE","Qcur-15 (view) (permuted)","PERMUTE","",-1,16,-1,128,1,16,1,8192,0.000416,1,"chunk_size_1"
"CPU_Elastic","COMPUTE","kq-15","MUL_MAT","",-1,17,-1,256,1,16,1,16384,0.042709,1,"chunk_size_1"
"CPU_Elastic","COMPUTE","kq_soft_max-15","SOFT_MAX","",-1,18,-1,256,1,16,1,16384,0.018594,1,"chunk_size_1"
"CPU_Elastic","COMPUTE","kqv-15","MUL_MAT","",-1,19,-1,128,1,16,1,8192,0.049583,1,"chunk_size_1"
"CPU_Elastic","COMPUTE","kqv-15 (permuted)","PERMUTE","",-1,20,-1,128,16,1,1,8192,0.000469,1,"chunk_size_1"
"CPU_Elastic","COMPUTE","kqv_out-15","CONT","",-1,21,-1,2048,1,1,1,8192,0.004948,1,"chunk_size_1"
"CPU_Elastic","COMPUTE","node_977","MUL_MAT","",-1,22,-1,2048,1,1,1,8192,0.117761,1,"chunk_size_1"
"CPU_Elastic","COMPUTE","node_978","GET_ROWS","",-1,23,-1,2048,1,1,1,8192,0.001145,1,"chunk_size_1"
"CPU_Elastic","COMPUTE","node_979","GET_ROWS","",-1,24,-1,2048,1,1,1,8192,0.001042,1,"chunk_size_1"
"CPU_Elastic","COMPUTE","ffn_inp-15","ADD","",-1,25,-1,2048,1,1,1,8192,0.004636,1,"chunk_size_1"
"CPU_Elastic","COMPUTE_GRAPH","ggml_cgraph","GRAPH","",-1,26,-1,0,0,0,0,0,0.913907,1,"delegate_cpu_graph"
"CPU_Elastic","COMPUTE","ffn_norm-15","MUL","",-1,0,-1,2048,1,1,1,8192,0.005000,1,"chunk_size_1"
"CPU_Elastic","COMPUTE","ffn_moe_logits-15","MUL_MAT","",-1,1,-1,64,1,1,1,256,0.014531,1,"chunk_size_1"
"CPU_Elastic","COMPUTE","ffn_moe_probs-15","SOFT_MAX","",-1,2,-1,64,1,1,1,256,0.000990,1,"chunk_size_1"
"CPU_Elastic","COMPUTE","ffn_moe_probs-15 (reshaped)","RESHAPE","",-1,3,-1,1,64,1,1,256,0.000468,1,"chunk_size_1"
"CPU_Elastic","COMPUTE","ffn_moe_argsort-15","ARGSORT","",-1,4,-1,64,1,1,1,256,0.010313,1,"chunk_size_1"
"CPU_Elastic","COMPUTE","ffn_moe_topk-15","VIEW","",-1,5,-1,8,1,1,1,32,0.000521,1,"chunk_size_1"
"CPU_Elastic","COMPUTE","ffn_moe_weights-15","GET_ROWS","",-1,6,-1,1,8,1,1,32,0.000625,1,"chunk_size_1"
"CPU_Elastic","COMPUTE","ffn_norm-15 (reshaped)","RESHAPE","",-1,7,-1,2048,1,1,1,8192,0.000417,1,"chunk_size_1"
"CPU_Elastic","COMPUTE","ffn_moe_gate-15","MUL_MAT_ID","",-1,8,-1,1024,8,1,1,32768,0.366875,1,"chunk_size_1"
"CPU_Elastic","COMPUTE","ffn_moe_up-15","MUL_MAT_ID","",-1,9,-1,1024,8,1,1,32768,0.378802,1,"chunk_size_1"
"CPU_Elastic","COMPUTE","ffn_moe_weighted-15","GLU","",-1,10,-1,1024,8,1,1,32768,0.007032,1,"chunk_size_1"
"CPU_Elastic","COMPUTE","ffn_moe_down-15","MUL_MAT_ID","",-1,11,-1,2048,8,1,1,65536,0.505677,1,"chunk_size_1"
"CPU_Elastic","COMPUTE","node_994","MUL","",-1,12,-1,2048,8,1,1,65536,0.030260,1,"chunk_size_1"
"CPU_Elastic","COMPUTE"," (view)","VIEW","",-1,13,-1,2048,1,1,1,8192,0.000573,1,"chunk_size_1"
"CPU_Elastic","COMPUTE","node_994 (view)","VIEW","",-1,14,-1,2048,1,1,1,8192,0.000573,1,"chunk_size_1"
"CPU_Elastic","COMPUTE","node_994 (view)","VIEW","",-1,15,-1,2048,1,1,1,8192,0.000364,1,"chunk_size_1"
"CPU_Elastic","COMPUTE","node_994 (view)","VIEW","",-1,16,-1,2048,1,1,1,8192,0.000417,1,"chunk_size_1"
"CPU_Elastic","COMPUTE","node_994 (view)","VIEW","",-1,17,-1,2048,1,1,1,8192,0.000364,1,"chunk_size_1"
"CPU_Elastic","COMPUTE","node_994 (view)","VIEW","",-1,18,-1,2048,1,1,1,8192,0.000521,1,"chunk_size_1"
"CPU_Elastic","COMPUTE","node_994 (view)","VIEW","",-1,19,-1,2048,1,1,1,8192,0.000417,1,"chunk_size_1"
"CPU_Elastic","COMPUTE","node_994 (view)","VIEW","",-1,20,-1,2048,1,1,1,8192,0.000416,1,"chunk_size_1"
"CPU_Elastic","COMPUTE","node_1003","ADD","",-1,21,-1,2048,1,1,1,8192,0.004166,1,"chunk_size_1"
"CPU_Elastic","COMPUTE","node_1004","ADD","",-1,22,-1,2048,1,1,1,8192,0.004843,1,"chunk_size_1"
"CPU_Elastic","COMPUTE","node_1005","ADD","",-1,23,-1,2048,1,1,1,8192,0.005104,1,"chunk_size_1"
"CPU_Elastic","COMPUTE","node_1006","ADD","",-1,24,-1,2048,1,1,1,8192,0.003802,1,"chunk_size_1"
"CPU_Elastic","COMPUTE","node_1007","ADD","",-1,25,-1,2048,1,1,1,8192,0.003698,1,"chunk_size_1"
"CPU_Elastic","COMPUTE","node_1008","ADD","",-1,26,-1,2048,1,1,1,8192,0.005313,1,"chunk_size_1"
"CPU_Elastic","COMPUTE","ffn_moe_out-15","ADD","",-1,27,-1,2048,1,1,1,8192,0.003958,1,"chunk_size_1"
"CPU_Elastic","COMPUTE","l_out-15","ADD","",-1,28,-1,2048,1,1,1,8192,0.004010,1,"chunk_size_1"
"CPU_Elastic","COMPUTE","norm","RMS_NORM","",-1,29,-1,2048,1,1,1,8192,0.005781,1,"chunk_size_1"
"CPU_Elastic","COMPUTE","result_norm","MUL","",-1,30,-1,2048,1,1,1,8192,0.005677,1,"chunk_size_1"
"CPU_Elastic","COMPUTE","result_output","MUL_MAT","",-1,31,-1,50304,1,1,1,201216,3.211458,1,"chunk_size_1"
"CPU_Elastic","COMPUTE_GRAPH","ggml_cgraph","GRAPH","",-1,32,-1,0,0,0,0,0,4.582966,1,"delegate_cpu_graph"
"CPU_Elastic","COMPUTE","inp_embd","GET_ROWS","",-1,0,-1,2048,1,1,1,8192,0.002135,1,"chunk_size_1"
"CPU_Elastic","COMPUTE_GRAPH","ggml_cgraph","GRAPH","",-1,1,-1,0,0,0,0,0,0.002135,1,"delegate_cpu_graph"
"CPU_Elastic","COMPUTE","attn_norm-0","MUL","",-1,0,-1,2048,1,1,1,8192,0.005208,1,"chunk_size_1"
"CPU_Elastic","COMPUTE","Qcur-0","MUL_MAT","",-1,1,-1,2048,1,1,1,8192,0.110052,1,"chunk_size_1"
"CPU_Elastic","COMPUTE_GRAPH","ggml_cgraph","GRAPH","",-1,2,-1,0,0,0,0,0,0.115260,1,"delegate_cpu_graph"
"CPU_Elastic","COMPUTE","Qcur_normed-0","MUL","",-1,0,-1,2048,1,1,1,8192,0.005209,1,"chunk_size_1"
"CPU_Elastic","COMPUTE","Qcur_normed-0 (reshaped)","RESHAPE","",-1,1,-1,128,16,1,1,8192,0.000729,1,"chunk_size_1"
"CPU_Elastic","COMPUTE","Qcur-0","ROPE","",-1,2,-1,128,16,1,1,8192,0.004739,1,"chunk_size_1"
"CPU_Elastic","COMPUTE","Kcur-0","MUL_MAT","",-1,3,-1,2048,1,1,1,8192,0.107031,1,"chunk_size_1"
"CPU_Elastic","COMPUTE_GRAPH","ggml_cgraph","GRAPH","",-1,4,-1,0,0,0,0,0,0.117708,1,"delegate_cpu_graph"
"CPU_Elastic","COMPUTE","Kcur_normed-0","MUL","",-1,0,-1,2048,1,1,1,8192,0.005104,1,"chunk_size_1"
"CPU_Elastic","COMPUTE","Kcur_normed-0 (reshaped)","RESHAPE","",-1,1,-1,128,16,1,1,8192,0.000625,1,"chunk_size_1"
"CPU_Elastic","COMPUTE","Kcur-0","ROPE","",-1,2,-1,128,16,1,1,8192,0.005885,1,"chunk_size_1"
"CPU_Elastic","COMPUTE","Vcur-0","MUL_MAT","",-1,3,-1,2048,1,1,1,8192,0.141718,1,"chunk_size_1"
"CPU_Elastic","COMPUTE","Vcur-0","RESHAPE","",-1,4,-1,128,16,1,1,8192,0.000521,1,"chunk_size_1"
"CPU_Elastic","COMPUTE","Kcur-0 (view)","VIEW","",-1,5,-1,2048,1,1,1,8192,0.000521,1,"chunk_size_1"
"CPU_Elastic","COMPUTE","cache_k_l0 (view)","SET_ROWS","",-1,6,-1,2048,512,1,1,2097152,0.001979,1,"chunk_size_1"
"CPU_Elastic","COMPUTE","Vcur-0 (view)","VIEW","",-1,7,-1,2048,1,1,1,8192,0.000468,1,"chunk_size_1"
"CPU_Elastic","COMPUTE","cache_v_l0 (view)","SET_ROWS","",-1,8,-1,2048,512,1,1,2097152,0.001667,1,"chunk_size_1"
"CPU_Elastic","COMPUTE","cache_v_l0 (view)","VIEW","",-1,9,-1,128,16,256,1,1048576,0.000573,1,"chunk_size_1"
"CPU_Elastic","COMPUTE","cache_v_l0 (view) (permuted)","PERMUTE","",-1,10,-1,128,256,16,1,1048576,0.000625,1,"chunk_size_1"
"CPU_Elastic","COMPUTE","cache_v_l0 (view) (permuted) (transposed)","TRANSPOSE","",-1,11,-1,256,128,16,1,1048576,0.000520,1,"chunk_size_1"
"CPU_Elastic","COMPUTE","v_cont-0","CONT","",-1,12,-1,256,128,16,1,1048576,0.573959,1,"chunk_size_1"
"CPU_Elastic","COMPUTE","cache_k_l0 (view)","VIEW","",-1,13,-1,128,16,256,1,1048576,0.000521,1,"chunk_size_1"
"CPU_Elastic","COMPUTE","cache_k_l0 (view) (permuted)","PERMUTE","",-1,14,-1,128,256,16,1,1048576,0.000625,1,"chunk_size_1"
"CPU_Elastic","COMPUTE","Qcur-0 (view)","VIEW","",-1,15,-1,128,16,1,1,8192,0.000469,1,"chunk_size_1"
"CPU_Elastic","COMPUTE","Qcur-0 (view) (permuted)","PERMUTE","",-1,16,-1,128,1,16,1,8192,0.000469,1,"chunk_size_1"
"CPU_Elastic","COMPUTE","kq-0","MUL_MAT","",-1,17,-1,256,1,16,1,16384,0.038907,1,"chunk_size_1"
"CPU_Elastic","COMPUTE","kq_soft_max-0","SOFT_MAX","",-1,18,-1,256,1,16,1,16384,0.016354,1,"chunk_size_1"
"CPU_Elastic","COMPUTE","kqv-0","MUL_MAT","",-1,19,-1,128,1,16,1,8192,0.040834,1,"chunk_size_1"
"CPU_Elastic","COMPUTE","kqv-0 (permuted)","PERMUTE","",-1,20,-1,128,16,1,1,8192,0.000521,1,"chunk_size_1"
"CPU_Elastic","COMPUTE","kqv_out-0","CONT","",-1,21,-1,2048,1,1,1,8192,0.004375,1,"chunk_size_1"
"CPU_Elastic","COMPUTE","node_32","MUL_MAT","",-1,22,-1,2048,1,1,1,8192,0.099062,1,"chunk_size_1"
"CPU_Elastic","COMPUTE","ffn_inp-0","ADD","",-1,23,-1,2048,1,1,1,8192,0.003958,1,"chunk_size_1"
"CPU_Elastic","COMPUTE_GRAPH","ggml_cgraph","GRAPH","",-1,24,-1,0,0,0,0,0,0.940260,1,"delegate_cpu_graph"
"CPU_Elastic","COMPUTE","ffn_norm-0","MUL","",-1,0,-1,2048,1,1,1,8192,0.005469,1,"chunk_size_1"
"CPU_Elastic","COMPUTE","ffn_moe_logits-0","MUL_MAT","",-1,1,-1,64,1,1,1,256,0.014739,1,"chunk_size_1"
"CPU_Elastic","COMPUTE","ffn_moe_probs-0","SOFT_MAX","",-1,2,-1,64,1,1,1,256,0.000937,1,"chunk_size_1"
"CPU_Elastic","COMPUTE","ffn_moe_probs-0 (reshaped)","RESHAPE","",-1,3,-1,1,64,1,1,256,0.000573,1,"chunk_size_1"
"CPU_Elastic","COMPUTE","ffn_moe_argsort-0","ARGSORT","",-1,4,-1,64,1,1,1,256,0.011667,1,"chunk_size_1"
"CPU_Elastic","COMPUTE","ffn_moe_topk-0","VIEW","",-1,5,-1,8,1,1,1,32,0.000573,1,"chunk_size_1"
"CPU_Elastic","COMPUTE","ffn_moe_weights-0","GET_ROWS","",-1,6,-1,1,8,1,1,32,0.000573,1,"chunk_size_1"
"CPU_Elastic","COMPUTE","ffn_norm-0 (reshaped)","RESHAPE","",-1,7,-1,2048,1,1,1,8192,0.000521,1,"chunk_size_1"
"CPU_Elastic","COMPUTE","ffn_moe_gate-0","MUL_MAT_ID","",-1,8,-1,1024,8,1,1,32768,0.366510,1,"chunk_size_1"
"CPU_Elastic","COMPUTE","ffn_moe_up-0","MUL_MAT_ID","",-1,9,-1,1024,8,1,1,32768,0.387031,1,"chunk_size_1"
"CPU_Elastic","COMPUTE","ffn_moe_weighted-0","GLU","",-1,10,-1,1024,8,1,1,32768,0.008021,1,"chunk_size_1"
"CPU_Elastic","COMPUTE","ffn_moe_down-0","MUL_MAT_ID","",-1,11,-1,2048,8,1,1,65536,0.510000,1,"chunk_size_1"
"CPU_Elastic","COMPUTE","node_47","MUL","",-1,12,-1,2048,8,1,1,65536,0.031771,1,"chunk_size_1"
"CPU_Elastic","COMPUTE"," (view)","VIEW","",-1,13,-1,2048,1,1,1,8192,0.000521,1,"chunk_size_1"
"CPU_Elastic","COMPUTE","node_47 (view)","VIEW","",-1,14,-1,2048,1,1,1,8192,0.000417,1,"chunk_size_1"
"CPU_Elastic","COMPUTE","node_47 (view)","VIEW","",-1,15,-1,2048,1,1,1,8192,0.000521,1,"chunk_size_1"
"CPU_Elastic","COMPUTE","node_47 (view)","VIEW","",-1,16,-1,2048,1,1,1,8192,0.000417,1,"chunk_size_1"
"CPU_Elastic","COMPUTE","node_47 (view)","VIEW","",-1,17,-1,2048,1,1,1,8192,0.000417,1,"chunk_size_1"
"CPU_Elastic","COMPUTE","node_47 (view)","VIEW","",-1,18,-1,2048,1,1,1,8192,0.000416,1,"chunk_size_1"
"CPU_Elastic","COMPUTE","node_47 (view)","VIEW","",-1,19,-1,2048,1,1,1,8192,0.000521,1,"chunk_size_1"
"CPU_Elastic","COMPUTE","node_47 (view)","VIEW","",-1,20,-1,2048,1,1,1,8192,0.000469,1,"chunk_size_1"
"CPU_Elastic","COMPUTE","node_56","ADD","",-1,21,-1,2048,1,1,1,8192,0.003594,1,"chunk_size_1"
"CPU_Elastic","COMPUTE","node_57","ADD","",-1,22,-1,2048,1,1,1,8192,0.003802,1,"chunk_size_1"
"CPU_Elastic","COMPUTE","node_58","ADD","",-1,23,-1,2048,1,1,1,8192,0.003854,1,"chunk_size_1"
"CPU_Elastic","COMPUTE","node_59","ADD","",-1,24,-1,2048,1,1,1,8192,0.005260,1,"chunk_size_1"
"CPU_Elastic","COMPUTE","node_60","ADD","",-1,25,-1,2048,1,1,1,8192,0.004687,1,"chunk_size_1"
"CPU_Elastic","COMPUTE","node_61","ADD","",-1,26,-1,2048,1,1,1,8192,0.004323,1,"chunk_size_1"
"CPU_Elastic","COMPUTE","ffn_moe_out-0","ADD","",-1,27,-1,2048,1,1,1,8192,0.004063,1,"chunk_size_1"
"CPU_Elastic","COMPUTE","l_out-0","ADD","",-1,28,-1,2048,1,1,1,8192,0.005364,1,"chunk_size_1"
"CPU_Elastic","COMPUTE_GRAPH","ggml_cgraph","GRAPH","",-1,29,-1,0,0,0,0,0,1.377031,1,"delegate_cpu_graph"
"CPU_Elastic","COMPUTE","attn_norm-1","MUL","",-1,0,-1,2048,1,1,1,8192,0.005313,1,"chunk_size_1"
"CPU_Elastic","COMPUTE","Qcur-1","MUL_MAT","",-1,1,-1,2048,1,1,1,8192,0.107344,1,"chunk_size_1"
"CPU_Elastic","COMPUTE_GRAPH","ggml_cgraph","GRAPH","",-1,2,-1,0,0,0,0,0,0.112657,1,"delegate_cpu_graph"
"CPU_Elastic","COMPUTE","Qcur_normed-1","MUL","",-1,0,-1,2048,1,1,1,8192,0.005521,1,"chunk_size_1"
"CPU_Elastic","COMPUTE","Qcur_normed-1 (reshaped)","RESHAPE","",-1,1,-1,128,16,1,1,8192,0.000521,1,"chunk_size_1"
"CPU_Elastic","COMPUTE","Qcur-1","ROPE","",-1,2,-1,128,16,1,1,8192,0.005989,1,"chunk_size_1"
"CPU_Elastic","COMPUTE","Kcur-1","MUL_MAT","",-1,3,-1,2048,1,1,1,8192,0.108281,1,"chunk_size_1"
"CPU_Elastic","COMPUTE_GRAPH","ggml_cgraph","GRAPH","",-1,4,-1,0,0,0,0,0,0.120312,1,"delegate_cpu_graph"
"CPU_Elastic","COMPUTE","Kcur_normed-1","MUL","",-1,0,-1,2048,1,1,1,8192,0.004687,1,"chunk_size_1"
"CPU_Elastic","COMPUTE","Kcur_normed-1 (reshaped)","RESHAPE","",-1,1,-1,128,16,1,1,8192,0.000521,1,"chunk_size_1"
"CPU_Elastic","COMPUTE","Kcur-1","ROPE","",-1,2,-1,128,16,1,1,8192,0.004792,1,"chunk_size_1"
"CPU_Elastic","COMPUTE","Vcur-1","MUL_MAT","",-1,3,-1,2048,1,1,1,8192,0.166719,1,"chunk_size_1"
"CPU_Elastic","COMPUTE","Vcur-1","RESHAPE","",-1,4,-1,128,16,1,1,8192,0.000573,1,"chunk_size_1"
"CPU_Elastic","COMPUTE","Kcur-1 (view)","VIEW","",-1,5,-1,2048,1,1,1,8192,0.000521,1,"chunk_size_1"
"CPU_Elastic","COMPUTE","cache_k_l1 (view)","SET_ROWS","",-1,6,-1,2048,512,1,1,2097152,0.001979,1,"chunk_size_1"
"CPU_Elastic","COMPUTE","Vcur-1 (view)","VIEW","",-1,7,-1,2048,1,1,1,8192,0.000573,1,"chunk_size_1"
"CPU_Elastic","COMPUTE","cache_v_l1 (view)","SET_ROWS","",-1,8,-1,2048,512,1,1,2097152,0.001511,1,"chunk_size_1"
"CPU_Elastic","COMPUTE","cache_v_l1 (view)","VIEW","",-1,9,-1,128,16,256,1,1048576,0.000417,1,"chunk_size_1"
"CPU_Elastic","COMPUTE","cache_v_l1 (view) (permuted)","PERMUTE","",-1,10,-1,128,256,16,1,1048576,0.000468,1,"chunk_size_1"
"CPU_Elastic","COMPUTE","cache_v_l1 (view) (permuted) (transposed)","TRANSPOSE","",-1,11,-1,256,128,16,1,1048576,0.000520,1,"chunk_size_1"
"CPU_Elastic","COMPUTE","v_cont-1","CONT","",-1,12,-1,256,128,16,1,1048576,0.522969,1,"chunk_size_1"
"CPU_Elastic","COMPUTE","cache_k_l1 (view)","VIEW","",-1,13,-1,128,16,256,1,1048576,0.000469,1,"chunk_size_1"
"CPU_Elastic","COMPUTE","cache_k_l1 (view) (permuted)","PERMUTE","",-1,14,-1,128,256,16,1,1048576,0.000469,1,"chunk_size_1"
"CPU_Elastic","COMPUTE","Qcur-1 (view)","VIEW","",-1,15,-1,128,16,1,1,8192,0.000469,1,"chunk_size_1"
"CPU_Elastic","COMPUTE","Qcur-1 (view) (permuted)","PERMUTE","",-1,16,-1,128,1,16,1,8192,0.000469,1,"chunk_size_1"
"CPU_Elastic","COMPUTE","kq-1","MUL_MAT","",-1,17,-1,256,1,16,1,16384,0.056510,1,"chunk_size_1"
"CPU_Elastic","COMPUTE","kq_soft_max-1","SOFT_MAX","",-1,18,-1,256,1,16,1,16384,0.017604,1,"chunk_size_1"
"CPU_Elastic","COMPUTE","kqv-1","MUL_MAT","",-1,19,-1,128,1,16,1,8192,0.041354,1,"chunk_size_1"
"CPU_Elastic","COMPUTE","kqv-1 (permuted)","PERMUTE","",-1,20,-1,128,16,1,1,8192,0.000469,1,"chunk_size_1"
"CPU_Elastic","COMPUTE","kqv_out-1","CONT","",-1,21,-1,2048,1,1,1,8192,0.004323,1,"chunk_size_1"
"CPU_Elastic","COMPUTE","node_95","MUL_MAT","",-1,22,-1,2048,1,1,1,8192,0.099011,1,"chunk_size_1"
"CPU_Elastic","COMPUTE","ffn_inp-1","ADD","",-1,23,-1,2048,1,1,1,8192,0.004687,1,"chunk_size_1"
"CPU_Elastic","COMPUTE_GRAPH","ggml_cgraph","GRAPH","",-1,24,-1,0,0,0,0,0,0.932084,1,"delegate_cpu_graph"
"CPU_Elastic","COMPUTE","ffn_norm-1","MUL","",-1,0,-1,2048,1,1,1,8192,0.005313,1,"chunk_size_1"
"CPU_Elastic","COMPUTE","ffn_moe_logits-1","MUL_MAT","",-1,1,-1,64,1,1,1,256,0.013229,1,"chunk_size_1"
"CPU_Elastic","COMPUTE","ffn_moe_probs-1","SOFT_MAX","",-1,2,-1,64,1,1,1,256,0.000885,1,"chunk_size_1"
"CPU_Elastic","COMPUTE","ffn_moe_probs-1 (reshaped)","RESHAPE","",-1,3,-1,1,64,1,1,256,0.000417,1,"chunk_size_1"
"CPU_Elastic","COMPUTE","ffn_moe_argsort-1","ARGSORT","",-1,4,-1,64,1,1,1,256,0.010885,1,"chunk_size_1"
"CPU_Elastic","COMPUTE","ffn_moe_topk-1","VIEW","",-1,5,-1,8,1,1,1,32,0.000469,1,"chunk_size_1"
"CPU_Elastic","COMPUTE","ffn_moe_weights-1","GET_ROWS","",-1,6,-1,1,8,1,1,32,0.000573,1,"chunk_size_1"
"CPU_Elastic","COMPUTE","ffn_norm-1 (reshaped)","RESHAPE","",-1,7,-1,2048,1,1,1,8192,0.000416,1,"chunk_size_1"
"CPU_Elastic","COMPUTE","ffn_moe_gate-1","MUL_MAT_ID","",-1,8,-1,1024,8,1,1,32768,0.365312,1,"chunk_size_1"
"CPU_Elastic","COMPUTE","ffn_moe_up-1","MUL_MAT_ID","",-1,9,-1,1024,8,1,1,32768,0.364271,1,"chunk_size_1"
"CPU_Elastic","COMPUTE","ffn_moe_weighted-1","GLU","",-1,10,-1,1024,8,1,1,32768,0.008177,1,"chunk_size_1"
"CPU_Elastic","COMPUTE","ffn_moe_down-1","MUL_MAT_ID","",-1,11,-1,2048,8,1,1,65536,0.535260,1,"chunk_size_1"
"CPU_Elastic","COMPUTE","node_110","MUL","",-1,12,-1,2048,8,1,1,65536,0.030416,1,"chunk_size_1"
"CPU_Elastic","COMPUTE"," (view)","VIEW","",-1,13,-1,2048,1,1,1,8192,0.000521,1,"chunk_size_1"
"CPU_Elastic","COMPUTE","node_110 (view)","VIEW","",-1,14,-1,2048,1,1,1,8192,0.000416,1,"chunk_size_1"
"CPU_Elastic","COMPUTE","node_110 (view)","VIEW","",-1,15,-1,2048,1,1,1,8192,0.000417,1,"chunk_size_1"
"CPU_Elastic","COMPUTE","node_110 (view)","VIEW","",-1,16,-1,2048,1,1,1,8192,0.000521,1,"chunk_size_1"
"CPU_Elastic","COMPUTE","node_110 (view)","VIEW","",-1,17,-1,2048,1,1,1,8192,0.000416,1,"chunk_size_1"
"CPU_Elastic","COMPUTE","node_110 (view)","VIEW","",-1,18,-1,2048,1,1,1,8192,0.000416,1,"chunk_size_1"
"CPU_Elastic","COMPUTE","node_110 (view)","VIEW","",-1,19,-1,2048,1,1,1,8192,0.000416,1,"chunk_size_1"
"CPU_Elastic","COMPUTE","node_110 (view)","VIEW","",-1,20,-1,2048,1,1,1,8192,0.000521,1,"chunk_size_1"
"CPU_Elastic","COMPUTE","node_119","ADD","",-1,21,-1,2048,1,1,1,8192,0.004844,1,"chunk_size_1"
"CPU_Elastic","COMPUTE","node_120","ADD","",-1,22,-1,2048,1,1,1,8192,0.005157,1,"chunk_size_1"
"CPU_Elastic","COMPUTE","node_121","ADD","",-1,23,-1,2048,1,1,1,8192,0.004323,1,"chunk_size_1"
"CPU_Elastic","COMPUTE","node_122","ADD","",-1,24,-1,2048,1,1,1,8192,0.004947,1,"chunk_size_1"
"CPU_Elastic","COMPUTE","node_123","ADD","",-1,25,-1,2048,1,1,1,8192,0.004114,1,"chunk_size_1"
"CPU_Elastic","COMPUTE","node_124","ADD","",-1,26,-1,2048,1,1,1,8192,0.005312,1,"chunk_size_1"
"CPU_Elastic","COMPUTE","ffn_moe_out-1","ADD","",-1,27,-1,2048,1,1,1,8192,0.004323,1,"chunk_size_1"
"CPU_Elastic","COMPUTE","l_out-1","ADD","",-1,28,-1,2048,1,1,1,8192,0.005260,1,"chunk_size_1"
"CPU_Elastic","COMPUTE_GRAPH","ggml_cgraph","GRAPH","",-1,29,-1,0,0,0,0,0,1.377547,1,"delegate_cpu_graph"
"CPU_Elastic","COMPUTE","attn_norm-2","MUL","",-1,0,-1,2048,1,1,1,8192,0.005625,1,"chunk_size_1"
"CPU_Elastic","COMPUTE","Qcur-2","MUL_MAT","",-1,1,-1,2048,1,1,1,8192,0.111302,1,"chunk_size_1"
"CPU_Elastic","COMPUTE_GRAPH","ggml_cgraph","GRAPH","",-1,2,-1,0,0,0,0,0,0.116927,1,"delegate_cpu_graph"
"CPU_Elastic","COMPUTE","Qcur_normed-2","MUL","",-1,0,-1,2048,1,1,1,8192,0.005938,1,"chunk_size_1"
"CPU_Elastic","COMPUTE","Qcur_normed-2 (reshaped)","RESHAPE","",-1,1,-1,128,16,1,1,8192,0.000625,1,"chunk_size_1"
"CPU_Elastic","COMPUTE","Qcur-2","ROPE","",-1,2,-1,128,16,1,1,8192,0.006354,1,"chunk_size_1"
"CPU_Elastic","COMPUTE","Kcur-2","MUL_MAT","",-1,3,-1,2048,1,1,1,8192,0.099531,1,"chunk_size_1"
"CPU_Elastic","COMPUTE_GRAPH","ggml_cgraph","GRAPH","",-1,4,-1,0,0,0,0,0,0.112448,1,"delegate_cpu_graph"
"CPU_Elastic","COMPUTE","Kcur_normed-2","MUL","",-1,0,-1,2048,1,1,1,8192,0.005261,1,"chunk_size_1"
"CPU_Elastic","COMPUTE","Kcur_normed-2 (reshaped)","RESHAPE","",-1,1,-1,128,16,1,1,8192,0.000625,1,"chunk_size_1"
"CPU_Elastic","COMPUTE","Kcur-2","ROPE","",-1,2,-1,128,16,1,1,8192,0.005157,1,"chunk_size_1"
"CPU_Elastic","COMPUTE","Vcur-2","MUL_MAT","",-1,3,-1,2048,1,1,1,8192,0.112917,1,"chunk_size_1"
"CPU_Elastic","COMPUTE","Vcur-2","RESHAPE","",-1,4,-1,128,16,1,1,8192,0.000625,1,"chunk_size_1"
"CPU_Elastic","COMPUTE","Kcur-2 (view)","VIEW","",-1,5,-1,2048,1,1,1,8192,0.000416,1,"chunk_size_1"
"CPU_Elastic","COMPUTE","cache_k_l2 (view)","SET_ROWS","",-1,6,-1,2048,512,1,1,2097152,0.001823,1,"chunk_size_1"
"CPU_Elastic","COMPUTE","Vcur-2 (view)","VIEW","",-1,7,-1,2048,1,1,1,8192,0.000469,1,"chunk_size_1"
"CPU_Elastic","COMPUTE","cache_v_l2 (view)","SET_ROWS","",-1,8,-1,2048,512,1,1,2097152,0.001771,1,"chunk_size_1"
"CPU_Elastic","COMPUTE","cache_v_l2 (view)","VIEW","",-1,9,-1,128,16,256,1,1048576,0.000417,1,"chunk_size_1"
"CPU_Elastic","COMPUTE","cache_v_l2 (view) (permuted)","PERMUTE","",-1,10,-1,128,256,16,1,1048576,0.000521,1,"chunk_size_1"
"CPU_Elastic","COMPUTE","cache_v_l2 (view) (permuted) (transposed)","TRANSPOSE","",-1,11,-1,256,128,16,1,1048576,0.000417,1,"chunk_size_1"
"CPU_Elastic","COMPUTE","v_cont-2","CONT","",-1,12,-1,256,128,16,1,1048576,0.519948,1,"chunk_size_1"
"CPU_Elastic","COMPUTE","cache_k_l2 (view)","VIEW","",-1,13,-1,128,16,256,1,1048576,0.000573,1,"chunk_size_1"
"CPU_Elastic","COMPUTE","cache_k_l2 (view) (permuted)","PERMUTE","",-1,14,-1,128,256,16,1,1048576,0.000416,1,"chunk_size_1"
"CPU_Elastic","COMPUTE","Qcur-2 (view)","VIEW","",-1,15,-1,128,16,1,1,8192,0.000417,1,"chunk_size_1"
"CPU_Elastic","COMPUTE","Qcur-2 (view) (permuted)","PERMUTE","",-1,16,-1,128,1,16,1,8192,0.000521,1,"chunk_size_1"
"CPU_Elastic","COMPUTE","kq-2","MUL_MAT","",-1,17,-1,256,1,16,1,16384,0.039219,1,"chunk_size_1"
"CPU_Elastic","COMPUTE","kq_soft_max-2","SOFT_MAX","",-1,18,-1,256,1,16,1,16384,0.017552,1,"chunk_size_1"
"CPU_Elastic","COMPUTE","kqv-2","MUL_MAT","",-1,19,-1,128,1,16,1,8192,0.040886,1,"chunk_size_1"
"CPU_Elastic","COMPUTE","kqv-2 (permuted)","PERMUTE","",-1,20,-1,128,16,1,1,8192,0.000625,1,"chunk_size_1"
"CPU_Elastic","COMPUTE","kqv_out-2","CONT","",-1,21,-1,2048,1,1,1,8192,0.005469,1,"chunk_size_1"
"CPU_Elastic","COMPUTE","node_158","MUL_MAT","",-1,22,-1,2048,1,1,1,8192,0.116458,1,"chunk_size_1"
"CPU_Elastic","COMPUTE","ffn_inp-2","ADD","",-1,23,-1,2048,1,1,1,8192,0.005000,1,"chunk_size_1"
"CPU_Elastic","COMPUTE_GRAPH","ggml_cgraph","GRAPH","",-1,24,-1,0,0,0,0,0,0.877503,1,"delegate_cpu_graph"
"CPU_Elastic","COMPUTE","ffn_norm-2","MUL","",-1,0,-1,2048,1,1,1,8192,0.005364,1,"chunk_size_1"
"CPU_Elastic","COMPUTE","ffn_moe_logits-2","MUL_MAT","",-1,1,-1,64,1,1,1,256,0.014271,1,"chunk_size_1"
"CPU_Elastic","COMPUTE","ffn_moe_probs-2","SOFT_MAX","",-1,2,-1,64,1,1,1,256,0.000885,1,"chunk_size_1"
"CPU_Elastic","COMPUTE","ffn_moe_probs-2 (reshaped)","RESHAPE","",-1,3,-1,1,64,1,1,256,0.000469,1,"chunk_size_1"
"CPU_Elastic","COMPUTE","ffn_moe_argsort-2","ARGSORT","",-1,4,-1,64,1,1,1,256,0.011302,1,"chunk_size_1"
"CPU_Elastic","COMPUTE","ffn_moe_topk-2","VIEW","",-1,5,-1,8,1,1,1,32,0.000625,1,"chunk_size_1"
"CPU_Elastic","COMPUTE","ffn_moe_weights-2","GET_ROWS","",-1,6,-1,1,8,1,1,32,0.000572,1,"chunk_size_1"
"CPU_Elastic","COMPUTE","ffn_norm-2 (reshaped)","RESHAPE","",-1,7,-1,2048,1,1,1,8192,0.000417,1,"chunk_size_1"
"CPU_Elastic","COMPUTE","ffn_moe_gate-2","MUL_MAT_ID","",-1,8,-1,1024,8,1,1,32768,0.367187,1,"chunk_size_1"
"CPU_Elastic","COMPUTE","ffn_moe_up-2","MUL_MAT_ID","",-1,9,-1,1024,8,1,1,32768,0.386406,1,"chunk_size_1"
"CPU_Elastic","COMPUTE","ffn_moe_weighted-2","GLU","",-1,10,-1,1024,8,1,1,32768,0.007604,1,"chunk_size_1"
"CPU_Elastic","COMPUTE","ffn_moe_down-2","MUL_MAT_ID","",-1,11,-1,2048,8,1,1,65536,0.388073,1,"chunk_size_1"
"CPU_Elastic","COMPUTE","node_173","MUL","",-1,12,-1,2048,8,1,1,65536,0.029895,1,"chunk_size_1"
"CPU_Elastic","COMPUTE"," (view)","VIEW","",-1,13,-1,2048,1,1,1,8192,0.000625,1,"chunk_size_1"
"CPU_Elastic","COMPUTE","node_173 (view)","VIEW","",-1,14,-1,2048,1,1,1,8192,0.000417,1,"chunk_size_1"
"CPU_Elastic","COMPUTE","node_173 (view)","VIEW","",-1,15,-1,2048,1,1,1,8192,0.000417,1,"chunk_size_1"
"CPU_Elastic","COMPUTE","node_173 (view)","VIEW","",-1,16,-1,2048,1,1,1,8192,0.000416,1,"chunk_size_1"
"CPU_Elastic","COMPUTE","node_173 (view)","VIEW","",-1,17,-1,2048,1,1,1,8192,0.000416,1,"chunk_size_1"
"CPU_Elastic","COMPUTE","node_173 (view)","VIEW","",-1,18,-1,2048,1,1,1,8192,0.000416,1,"chunk_size_1"
"CPU_Elastic","COMPUTE","node_173 (view)","VIEW","",-1,19,-1,2048,1,1,1,8192,0.000365,1,"chunk_size_1"
"CPU_Elastic","COMPUTE","node_173 (view)","VIEW","",-1,20,-1,2048,1,1,1,8192,0.000416,1,"chunk_size_1"
"CPU_Elastic","COMPUTE","node_182","ADD","",-1,21,-1,2048,1,1,1,8192,0.004219,1,"chunk_size_1"
"CPU_Elastic","COMPUTE","node_183","ADD","",-1,22,-1,2048,1,1,1,8192,0.005104,1,"chunk_size_1"
"CPU_Elastic","COMPUTE","node_184","ADD","",-1,23,-1,2048,1,1,1,8192,0.004375,1,"chunk_size_1"
"CPU_Elastic","COMPUTE","node_185","ADD","",-1,24,-1,2048,1,1,1,8192,0.005313,1,"chunk_size_1"
"CPU_Elastic","COMPUTE","node_186","ADD","",-1,25,-1,2048,1,1,1,8192,0.004427,1,"chunk_size_1"
"CPU_Elastic","COMPUTE","node_187","ADD","",-1,26,-1,2048,1,1,1,8192,0.004948,1,"chunk_size_1"
"CPU_Elastic","COMPUTE","ffn_moe_out-2","ADD","",-1,27,-1,2048,1,1,1,8192,0.004427,1,"chunk_size_1"
"CPU_Elastic","COMPUTE","l_out-2","ADD","",-1,28,-1,2048,1,1,1,8192,0.003697,1,"chunk_size_1"
"CPU_Elastic","COMPUTE_GRAPH","ggml_cgraph","GRAPH","",-1,29,-1,0,0,0,0,0,1.253068,1,"delegate_cpu_graph"
"CPU_Elastic","COMPUTE","attn_norm-3","MUL","",-1,0,-1,2048,1,1,1,8192,0.006406,1,"chunk_size_1"
"CPU_Elastic","COMPUTE","Qcur-3","MUL_MAT","",-1,1,-1,2048,1,1,1,8192,0.100781,1,"chunk_size_1"
"CPU_Elastic","COMPUTE_GRAPH","ggml_cgraph","GRAPH","",-1,2,-1,0,0,0,0,0,0.107187,1,"delegate_cpu_graph"
"CPU_Elastic","COMPUTE","Qcur_normed-3","MUL","",-1,0,-1,2048,1,1,1,8192,0.006406,1,"chunk_size_1"
"CPU_Elastic","COMPUTE","Qcur_normed-3 (reshaped)","RESHAPE","",-1,1,-1,128,16,1,1,8192,0.000625,1,"chunk_size_1"
"CPU_Elastic","COMPUTE","Qcur-3","ROPE","",-1,2,-1,128,16,1,1,8192,0.005833,1,"chunk_size_1"
"CPU_Elastic","COMPUTE","Kcur-3","MUL_MAT","",-1,3,-1,2048,1,1,1,8192,0.109375,1,"chunk_size_1"
"CPU_Elastic","COMPUTE_GRAPH","ggml_cgraph","GRAPH","",-1,4,-1,0,0,0,0,0,0.122239,1,"delegate_cpu_graph"
"CPU_Elastic","COMPUTE","Kcur_normed-3","MUL","",-1,0,-1,2048,1,1,1,8192,0.005364,1,"chunk_size_1"
"CPU_Elastic","COMPUTE","Kcur_normed-3 (reshaped)","RESHAPE","",-1,1,-1,128,16,1,1,8192,0.000573,1,"chunk_size_1"
"CPU_Elastic","COMPUTE","Kcur-3","ROPE","",-1,2,-1,128,16,1,1,8192,0.004479,1,"chunk_size_1"
"CPU_Elastic","COMPUTE","Vcur-3","MUL_MAT","",-1,3,-1,2048,1,1,1,8192,0.107552,1,"chunk_size_1"
"CPU_Elastic","COMPUTE","Vcur-3","RESHAPE","",-1,4,-1,128,16,1,1,8192,0.000521,1,"chunk_size_1"
"CPU_Elastic","COMPUTE","Kcur-3 (view)","VIEW","",-1,5,-1,2048,1,1,1,8192,0.000521,1,"chunk_size_1"
"CPU_Elastic","COMPUTE","cache_k_l3 (view)","SET_ROWS","",-1,6,-1,2048,512,1,1,2097152,0.001615,1,"chunk_size_1"
"CPU_Elastic","COMPUTE","Vcur-3 (view)","VIEW","",-1,7,-1,2048,1,1,1,8192,0.000469,1,"chunk_size_1"
"CPU_Elastic","COMPUTE","cache_v_l3 (view)","SET_ROWS","",-1,8,-1,2048,512,1,1,2097152,0.001667,1,"chunk_size_1"
"CPU_Elastic","COMPUTE","cache_v_l3 (view)","VIEW","",-1,9,-1,128,16,256,1,1048576,0.000469,1,"chunk_size_1"
"CPU_Elastic","COMPUTE","cache_v_l3 (view) (permuted)","PERMUTE","",-1,10,-1,128,256,16,1,1048576,0.000520,1,"chunk_size_1"
"CPU_Elastic","COMPUTE","cache_v_l3 (view) (permuted) (transposed)","TRANSPOSE","",-1,11,-1,256,128,16,1,1048576,0.000469,1,"chunk_size_1"
"CPU_Elastic","COMPUTE","v_cont-3","CONT","",-1,12,-1,256,128,16,1,1048576,0.523281,1,"chunk_size_1"
"CPU_Elastic","COMPUTE","cache_k_l3 (view)","VIEW","",-1,13,-1,128,16,256,1,1048576,0.000625,1,"chunk_size_1"
"CPU_Elastic","COMPUTE","cache_k_l3 (view) (permuted)","PERMUTE","",-1,14,-1,128,256,16,1,1048576,0.000469,1,"chunk_size_1"
"CPU_Elastic","COMPUTE","Qcur-3 (view)","VIEW","",-1,15,-1,128,16,1,1,8192,0.000417,1,"chunk_size_1"
"CPU_Elastic","COMPUTE","Qcur-3 (view) (permuted)","PERMUTE","",-1,16,-1,128,1,16,1,8192,0.000417,1,"chunk_size_1"
"CPU_Elastic","COMPUTE","kq-3","MUL_MAT","",-1,17,-1,256,1,16,1,16384,0.055365,1,"chunk_size_1"
"CPU_Elastic","COMPUTE","kq_soft_max-3","SOFT_MAX","",-1,18,-1,256,1,16,1,16384,0.017761,1,"chunk_size_1"
"CPU_Elastic","COMPUTE","kqv-3","MUL_MAT","",-1,19,-1,128,1,16,1,8192,0.040313,1,"chunk_size_1"
"CPU_Elastic","COMPUTE","kqv-3 (permuted)","PERMUTE","",-1,20,-1,128,16,1,1,8192,0.000521,1,"chunk_size_1"
"CPU_Elastic","COMPUTE","kqv_out-3","CONT","",-1,21,-1,2048,1,1,1,8192,0.004114,1,"chunk_size_1"
"CPU_Elastic","COMPUTE","node_221","MUL_MAT","",-1,22,-1,2048,1,1,1,8192,0.100677,1,"chunk_size_1"
"CPU_Elastic","COMPUTE","ffn_inp-3","ADD","",-1,23,-1,2048,1,1,1,8192,0.004427,1,"chunk_size_1"
"CPU_Elastic","COMPUTE_GRAPH","ggml_cgraph","GRAPH","",-1,24,-1,0,0,0,0,0,0.872606,1,"delegate_cpu_graph"
"CPU_Elastic","COMPUTE","ffn_norm-3","MUL","",-1,0,-1,2048,1,1,1,8192,0.004895,1,"chunk_size_1"
"CPU_Elastic","COMPUTE","ffn_moe_logits-3","MUL_MAT","",-1,1,-1,64,1,1,1,256,0.013020,1,"chunk_size_1"
"CPU_Elastic","COMPUTE","ffn_moe_probs-3","SOFT_MAX","",-1,2,-1,64,1,1,1,256,0.001041,1,"chunk_size_1"
"CPU_Elastic","COMPUTE","ffn_moe_probs-3 (reshaped)","RESHAPE","",-1,3,-1,1,64,1,1,256,0.000469,1,"chunk_size_1"
"CPU_Elastic","COMPUTE","ffn_moe_argsort-3","ARGSORT","",-1,4,-1,64,1,1,1,256,0.012188,1,"chunk_size_1"
"CPU_Elastic","COMPUTE","ffn_moe_topk-3","VIEW","",-1,5,-1,8,1,1,1,32,0.000469,1,"chunk_size_1"
"CPU_Elastic","COMPUTE","ffn_moe_weights-3","GET_ROWS","",-1,6,-1,1,8,1,1,32,0.000573,1,"chunk_size_1"
"CPU_Elastic","COMPUTE","ffn_norm-3 (reshaped)","RESHAPE","",-1,7,-1,2048,1,1,1,8192,0.000417,1,"chunk_size_1"
"CPU_Elastic","COMPUTE","ffn_moe_gate-3","MUL_MAT_ID","",-1,8,-1,1024,8,1,1,32768,0.366146,1,"chunk_size_1"
"CPU_Elastic","COMPUTE","ffn_moe_up-3","MUL_MAT_ID","",-1,9,-1,1024,8,1,1,32768,0.383229,1,"chunk_size_1"
"CPU_Elastic","COMPUTE","ffn_moe_weighted-3","GLU","",-1,10,-1,1024,8,1,1,32768,0.008072,1,"chunk_size_1"
"CPU_Elastic","COMPUTE","ffn_moe_down-3","MUL_MAT_ID","",-1,11,-1,2048,8,1,1,65536,0.407656,1,"chunk_size_1"
"CPU_Elastic","COMPUTE","node_236","MUL","",-1,12,-1,2048,8,1,1,65536,0.029271,1,"chunk_size_1"
"CPU_Elastic","COMPUTE"," (view)","VIEW","",-1,13,-1,2048,1,1,1,8192,0.000520,1,"chunk_size_1"
"CPU_Elastic","COMPUTE","node_236 (view)","VIEW","",-1,14,-1,2048,1,1,1,8192,0.000469,1,"chunk_size_1"
"CPU_Elastic","COMPUTE","node_236 (view)","VIEW","",-1,15,-1,2048,1,1,1,8192,0.000417,1,"chunk_size_1"
"CPU_Elastic","COMPUTE","node_236 (view)","VIEW","",-1,16,-1,2048,1,1,1,8192,0.000469,1,"chunk_size_1"
"CPU_Elastic","COMPUTE","node_236 (view)","VIEW","",-1,17,-1,2048,1,1,1,8192,0.000364,1,"chunk_size_1"
"CPU_Elastic","COMPUTE","node_236 (view)","VIEW","",-1,18,-1,2048,1,1,1,8192,0.000572,1,"chunk_size_1"
"CPU_Elastic","COMPUTE","node_236 (view)","VIEW","",-1,19,-1,2048,1,1,1,8192,0.000364,1,"chunk_size_1"
"CPU_Elastic","COMPUTE","node_236 (view)","VIEW","",-1,20,-1,2048,1,1,1,8192,0.000417,1,"chunk_size_1"
"CPU_Elastic","COMPUTE","node_245","ADD","",-1,21,-1,2048,1,1,1,8192,0.005104,1,"chunk_size_1"
"CPU_Elastic","COMPUTE","node_246","ADD","",-1,22,-1,2048,1,1,1,8192,0.005261,1,"chunk_size_1"
"CPU_Elastic","COMPUTE","node_247","ADD","",-1,23,-1,2048,1,1,1,8192,0.005156,1,"chunk_size_1"
"CPU_Elastic","COMPUTE","node_248","ADD","",-1,24,-1,2048,1,1,1,8192,0.012969,1,"chunk_size_1"
"CPU_Elastic","COMPUTE","node_249","ADD","",-1,25,-1,2048,1,1,1,8192,0.003958,1,"chunk_size_1"
"CPU_Elastic","COMPUTE","node_250","ADD","",-1,26,-1,2048,1,1,1,8192,0.005156,1,"chunk_size_1"
"CPU_Elastic","COMPUTE","ffn_moe_out-3","ADD","",-1,27,-1,2048,1,1,1,8192,0.004271,1,"chunk_size_1"
"CPU_Elastic","COMPUTE","l_out-3","ADD","",-1,28,-1,2048,1,1,1,8192,0.004636,1,"chunk_size_1"
"CPU_Elastic","COMPUTE_GRAPH","ggml_cgraph","GRAPH","",-1,29,-1,0,0,0,0,0,1.277549,1,"delegate_cpu_graph"
"CPU_Elastic","COMPUTE","attn_norm-4","MUL","",-1,0,-1,2048,1,1,1,8192,0.004635,1,"chunk_size_1"
"CPU_Elastic","COMPUTE","Qcur-4","MUL_MAT","",-1,1,-1,2048,1,1,1,8192,0.108541,1,"chunk_size_1"
"CPU_Elastic","COMPUTE_GRAPH","ggml_cgraph","GRAPH","",-1,2,-1,0,0,0,0,0,0.113176,1,"delegate_cpu_graph"
"CPU_Elastic","COMPUTE","Qcur_normed-4","MUL","",-1,0,-1,2048,1,1,1,8192,0.004792,1,"chunk_size_1"
"CPU_Elastic","COMPUTE","Qcur_normed-4 (reshaped)","RESHAPE","",-1,1,-1,128,16,1,1,8192,0.000677,1,"chunk_size_1"
"CPU_Elastic","COMPUTE","Qcur-4","ROPE","",-1,2,-1,128,16,1,1,8192,0.004739,1,"chunk_size_1"
"CPU_Elastic","COMPUTE","Kcur-4","MUL_MAT","",-1,3,-1,2048,1,1,1,8192,0.098697,1,"chunk_size_1"
"CPU_Elastic","COMPUTE_GRAPH","ggml_cgraph","GRAPH","",-1,4,-1,0,0,0,0,0,0.108905,1,"delegate_cpu_graph"
"CPU_Elastic","COMPUTE","Kcur_normed-4","MUL","",-1,0,-1,2048,1,1,1,8192,0.004688,1,"chunk_size_1"
"CPU_Elastic","COMPUTE","Kcur_normed-4 (reshaped)","RESHAPE","",-1,1,-1,128,16,1,1,8192,0.000573,1,"chunk_size_1"
"CPU_Elastic","COMPUTE","Kcur-4","ROPE","",-1,2,-1,128,16,1,1,8192,0.004948,1,"chunk_size_1"
"CPU_Elastic","COMPUTE","Vcur-4","MUL_MAT","",-1,3,-1,2048,1,1,1,8192,0.199687,1,"chunk_size_1"
"CPU_Elastic","COMPUTE","Vcur-4","RESHAPE","",-1,4,-1,128,16,1,1,8192,0.000521,1,"chunk_size_1"
"CPU_Elastic","COMPUTE","Kcur-4 (view)","VIEW","",-1,5,-1,2048,1,1,1,8192,0.000469,1,"chunk_size_1"
"CPU_Elastic","COMPUTE","cache_k_l4 (view)","SET_ROWS","",-1,6,-1,2048,512,1,1,2097152,0.001719,1,"chunk_size_1"
"CPU_Elastic","COMPUTE","Vcur-4 (view)","VIEW","",-1,7,-1,2048,1,1,1,8192,0.000469,1,"chunk_size_1"
"CPU_Elastic","COMPUTE","cache_v_l4 (view)","SET_ROWS","",-1,8,-1,2048,512,1,1,2097152,0.001615,1,"chunk_size_1"
"CPU_Elastic","COMPUTE","cache_v_l4 (view)","VIEW","",-1,9,-1,128,16,256,1,1048576,0.000417,1,"chunk_size_1"
"CPU_Elastic","COMPUTE","cache_v_l4 (view) (permuted)","PERMUTE","",-1,10,-1,128,256,16,1,1048576,0.000573,1,"chunk_size_1"
"CPU_Elastic","COMPUTE","cache_v_l4 (view) (permuted) (transposed)","TRANSPOSE","",-1,11,-1,256,128,16,1,1048576,0.000469,1,"chunk_size_1"
"CPU_Elastic","COMPUTE","v_cont-4","CONT","",-1,12,-1,256,128,16,1,1048576,0.516354,1,"chunk_size_1"
"CPU_Elastic","COMPUTE","cache_k_l4 (view)","VIEW","",-1,13,-1,128,16,256,1,1048576,0.000573,1,"chunk_size_1"
"CPU_Elastic","COMPUTE","cache_k_l4 (view) (permuted)","PERMUTE","",-1,14,-1,128,256,16,1,1048576,0.000521,1,"chunk_size_1"
"CPU_Elastic","COMPUTE","Qcur-4 (view)","VIEW","",-1,15,-1,128,16,1,1,8192,0.000416,1,"chunk_size_1"
"CPU_Elastic","COMPUTE","Qcur-4 (view) (permuted)","PERMUTE","",-1,16,-1,128,1,16,1,8192,0.000417,1,"chunk_size_1"
"CPU_Elastic","COMPUTE","kq-4","MUL_MAT","",-1,17,-1,256,1,16,1,16384,0.039271,1,"chunk_size_1"
"CPU_Elastic","COMPUTE","kq_soft_max-4","SOFT_MAX","",-1,18,-1,256,1,16,1,16384,0.016563,1,"chunk_size_1"
"CPU_Elastic","COMPUTE","kqv-4","MUL_MAT","",-1,19,-1,128,1,16,1,8192,0.040834,1,"chunk_size_1"
"CPU_Elastic","COMPUTE","kqv-4 (permuted)","PERMUTE","",-1,20,-1,128,16,1,1,8192,0.000573,1,"chunk_size_1"
"CPU_Elastic","COMPUTE","kqv_out-4","CONT","",-1,21,-1,2048,1,1,1,8192,0.004375,1,"chunk_size_1"
"CPU_Elastic","COMPUTE","node_284","MUL_MAT","",-1,22,-1,2048,1,1,1,8192,0.115625,1,"chunk_size_1"
"CPU_Elastic","COMPUTE","ffn_inp-4","ADD","",-1,23,-1,2048,1,1,1,8192,0.003854,1,"chunk_size_1"
"CPU_Elastic","COMPUTE_GRAPH","ggml_cgraph","GRAPH","",-1,24,-1,0,0,0,0,0,0.955524,1,"delegate_cpu_graph"
"CPU_Elastic","COMPUTE","ffn_norm-4","MUL","",-1,0,-1,2048,1,1,1,8192,0.005157,1,"chunk_size_1"
"CPU_Elastic","COMPUTE","ffn_moe_logits-4","MUL_MAT","",-1,1,-1,64,1,1,1,256,0.029584,1,"chunk_size_1"
"CPU_Elastic","COMPUTE","ffn_moe_probs-4","SOFT_MAX","",-1,2,-1,64,1,1,1,256,0.000990,1,"chunk_size_1"
"CPU_Elastic","COMPUTE","ffn_moe_probs-4 (reshaped)","RESHAPE","",-1,3,-1,1,64,1,1,256,0.000625,1,"chunk_size_1"
"CPU_Elastic","COMPUTE","ffn_moe_argsort-4","ARGSORT","",-1,4,-1,64,1,1,1,256,0.011979,1,"chunk_size_1"
"CPU_Elastic","COMPUTE","ffn_moe_topk-4","VIEW","",-1,5,-1,8,1,1,1,32,0.000469,1,"chunk_size_1"
"CPU_Elastic","COMPUTE","ffn_moe_weights-4","GET_ROWS","",-1,6,-1,1,8,1,1,32,0.000625,1,"chunk_size_1"
"CPU_Elastic","COMPUTE","ffn_norm-4 (reshaped)","RESHAPE","",-1,7,-1,2048,1,1,1,8192,0.000521,1,"chunk_size_1"
"CPU_Elastic","COMPUTE","ffn_moe_gate-4","MUL_MAT_ID","",-1,8,-1,1024,8,1,1,32768,0.366875,1,"chunk_size_1"
"CPU_Elastic","COMPUTE","ffn_moe_up-4","MUL_MAT_ID","",-1,9,-1,1024,8,1,1,32768,0.389375,1,"chunk_size_1"
"CPU_Elastic","COMPUTE","ffn_moe_weighted-4","GLU","",-1,10,-1,1024,8,1,1,32768,0.007396,1,"chunk_size_1"
"CPU_Elastic","COMPUTE","ffn_moe_down-4","MUL_MAT_ID","",-1,11,-1,2048,8,1,1,65536,0.542292,1,"chunk_size_1"
"CPU_Elastic","COMPUTE","node_299","MUL","",-1,12,-1,2048,8,1,1,65536,0.033854,1,"chunk_size_1"
"CPU_Elastic","COMPUTE"," (view)","VIEW","",-1,13,-1,2048,1,1,1,8192,0.000469,1,"chunk_size_1"
"CPU_Elastic","COMPUTE","node_299 (view)","VIEW","",-1,14,-1,2048,1,1,1,8192,0.000469,1,"chunk_size_1"
"CPU_Elastic","COMPUTE","node_299 (view)","VIEW","",-1,15,-1,2048,1,1,1,8192,0.000521,1,"chunk_size_1"
"CPU_Elastic","COMPUTE","node_299 (view)","VIEW","",-1,16,-1,2048,1,1,1,8192,0.000416,1,"chunk_size_1"
"CPU_Elastic","COMPUTE","node_299 (view)","VIEW","",-1,17,-1,2048,1,1,1,8192,0.000417,1,"chunk_size_1"
"CPU_Elastic","COMPUTE","node_299 (view)","VIEW","",-1,18,-1,2048,1,1,1,8192,0.000416,1,"chunk_size_1"
"CPU_Elastic","COMPUTE","node_299 (view)","VIEW","",-1,19,-1,2048,1,1,1,8192,0.000469,1,"chunk_size_1"
"CPU_Elastic","COMPUTE","node_299 (view)","VIEW","",-1,20,-1,2048,1,1,1,8192,0.000365,1,"chunk_size_1"
"CPU_Elastic","COMPUTE","node_308","ADD","",-1,21,-1,2048,1,1,1,8192,0.004531,1,"chunk_size_1"
"CPU_Elastic","COMPUTE","node_309","ADD","",-1,22,-1,2048,1,1,1,8192,0.005469,1,"chunk_size_1"
"CPU_Elastic","COMPUTE","node_310","ADD","",-1,23,-1,2048,1,1,1,8192,0.004271,1,"chunk_size_1"
"CPU_Elastic","COMPUTE","node_311","ADD","",-1,24,-1,2048,1,1,1,8192,0.004896,1,"chunk_size_1"
"CPU_Elastic","COMPUTE","node_312","ADD","",-1,25,-1,2048,1,1,1,8192,0.004531,1,"chunk_size_1"
"CPU_Elastic","COMPUTE","node_313","ADD","",-1,26,-1,2048,1,1,1,8192,0.005313,1,"chunk_size_1"
"CPU_Elastic","COMPUTE","ffn_moe_out-4","ADD","",-1,27,-1,2048,1,1,1,8192,0.005261,1,"chunk_size_1"
"CPU_Elastic","COMPUTE","l_out-4","ADD","",-1,28,-1,2048,1,1,1,8192,0.004636,1,"chunk_size_1"
"CPU_Elastic","COMPUTE_GRAPH","ggml_cgraph","GRAPH","",-1,29,-1,0,0,0,0,0,1.432192,1,"delegate_cpu_graph"
"CPU_Elastic","COMPUTE","attn_norm-5","MUL","",-1,0,-1,2048,1,1,1,8192,0.005989,1,"chunk_size_1"
"CPU_Elastic","COMPUTE","Qcur-5","MUL_MAT","",-1,1,-1,2048,1,1,1,8192,0.101041,1,"chunk_size_1"
"CPU_Elastic","COMPUTE_GRAPH","ggml_cgraph","GRAPH","",-1,2,-1,0,0,0,0,0,0.107030,1,"delegate_cpu_graph"
"CPU_Elastic","COMPUTE","Qcur_normed-5","MUL","",-1,0,-1,2048,1,1,1,8192,0.005469,1,"chunk_size_1"
"CPU_Elastic","COMPUTE","Qcur_normed-5 (reshaped)","RESHAPE","",-1,1,-1,128,16,1,1,8192,0.000572,1,"chunk_size_1"
"CPU_Elastic","COMPUTE","Qcur-5","ROPE","",-1,2,-1,128,16,1,1,8192,0.005989,1,"chunk_size_1"
"CPU_Elastic","COMPUTE","Kcur-5","MUL_MAT","",-1,3,-1,2048,1,1,1,8192,0.107344,1,"chunk_size_1"
"CPU_Elastic","COMPUTE_GRAPH","ggml_cgraph","GRAPH","",-1,4,-1,0,0,0,0,0,0.119374,1,"delegate_cpu_graph"
"CPU_Elastic","COMPUTE","Kcur_normed-5","MUL","",-1,0,-1,2048,1,1,1,8192,0.004636,1,"chunk_size_1"
"CPU_Elastic","COMPUTE","Kcur_normed-5 (reshaped)","RESHAPE","",-1,1,-1,128,16,1,1,8192,0.000573,1,"chunk_size_1"
"CPU_Elastic","COMPUTE","Kcur-5","ROPE","",-1,2,-1,128,16,1,1,8192,0.004375,1,"chunk_size_1"
"CPU_Elastic","COMPUTE","Vcur-5","MUL_MAT","",-1,3,-1,2048,1,1,1,8192,0.108073,1,"chunk_size_1"
"CPU_Elastic","COMPUTE","Vcur-5","RESHAPE","",-1,4,-1,128,16,1,1,8192,0.000625,1,"chunk_size_1"
"CPU_Elastic","COMPUTE","Kcur-5 (view)","VIEW","",-1,5,-1,2048,1,1,1,8192,0.000416,1,"chunk_size_1"
"CPU_Elastic","COMPUTE","cache_k_l5 (view)","SET_ROWS","",-1,6,-1,2048,512,1,1,2097152,0.001823,1,"chunk_size_1"
"CPU_Elastic","COMPUTE","Vcur-5 (view)","VIEW","",-1,7,-1,2048,1,1,1,8192,0.000521,1,"chunk_size_1"
"CPU_Elastic","COMPUTE","cache_v_l5 (view)","SET_ROWS","",-1,8,-1,2048,512,1,1,2097152,0.001667,1,"chunk_size_1"
"CPU_Elastic","COMPUTE","cache_v_l5 (view)","VIEW","",-1,9,-1,128,16,256,1,1048576,0.000416,1,"chunk_size_1"
"CPU_Elastic","COMPUTE","cache_v_l5 (view) (permuted)","PERMUTE","",-1,10,-1,128,256,16,1,1048576,0.000416,1,"chunk_size_1"
"CPU_Elastic","COMPUTE","cache_v_l5 (view) (permuted) (transposed)","TRANSPOSE","",-1,11,-1,256,128,16,1,1048576,0.000521,1,"chunk_size_1"
"CPU_Elastic","COMPUTE","v_cont-5","CONT","",-1,12,-1,256,128,16,1,1048576,0.522187,1,"chunk_size_1"
"CPU_Elastic","COMPUTE","cache_k_l5 (view)","VIEW","",-1,13,-1,128,16,256,1,1048576,0.000521,1,"chunk_size_1"
"CPU_Elastic","COMPUTE","cache_k_l5 (view) (permuted)","PERMUTE","",-1,14,-1,128,256,16,1,1048576,0.000417,1,"chunk_size_1"
"CPU_Elastic","COMPUTE","Qcur-5 (view)","VIEW","",-1,15,-1,128,16,1,1,8192,0.000469,1,"chunk_size_1"
"CPU_Elastic","COMPUTE","Qcur-5 (view) (permuted)","PERMUTE","",-1,16,-1,128,1,16,1,8192,0.000417,1,"chunk_size_1"
"CPU_Elastic","COMPUTE","kq-5","MUL_MAT","",-1,17,-1,256,1,16,1,16384,0.037553,1,"chunk_size_1"
"CPU_Elastic","COMPUTE","kq_soft_max-5","SOFT_MAX","",-1,18,-1,256,1,16,1,16384,0.016510,1,"chunk_size_1"
"CPU_Elastic","COMPUTE","kqv-5","MUL_MAT","",-1,19,-1,128,1,16,1,8192,0.041615,1,"chunk_size_1"
"CPU_Elastic","COMPUTE","kqv-5 (permuted)","PERMUTE","",-1,20,-1,128,16,1,1,8192,0.000520,1,"chunk_size_1"
"CPU_Elastic","COMPUTE","kqv_out-5","CONT","",-1,21,-1,2048,1,1,1,8192,0.004948,1,"chunk_size_1"
"CPU_Elastic","COMPUTE","node_347","MUL_MAT","",-1,22,-1,2048,1,1,1,8192,0.116197,1,"chunk_size_1"
"CPU_Elastic","COMPUTE","ffn_inp-5","ADD","",-1,23,-1,2048,1,1,1,8192,0.004322,1,"chunk_size_1"
"CPU_Elastic","COMPUTE_GRAPH","ggml_cgraph","GRAPH","",-1,24,-1,0,0,0,0,0,0.869738,1,"delegate_cpu_graph"
"CPU_Elastic","COMPUTE","ffn_norm-5","MUL","",-1,0,-1,2048,1,1,1,8192,0.004948,1,"chunk_size_1"
"CPU_Elastic","COMPUTE","ffn_moe_logits-5","MUL_MAT","",-1,1,-1,64,1,1,1,256,0.013698,1,"chunk_size_1"
"CPU_Elastic","COMPUTE","ffn_moe_probs-5","SOFT_MAX","",-1,2,-1,64,1,1,1,256,0.000885,1,"chunk_size_1"
"CPU_Elastic","COMPUTE","ffn_moe_probs-5 (reshaped)","RESHAPE","",-1,3,-1,1,64,1,1,256,0.000469,1,"chunk_size_1"
"CPU_Elastic","COMPUTE","ffn_moe_argsort-5","ARGSORT","",-1,4,-1,64,1,1,1,256,0.010781,1,"chunk_size_1"
"CPU_Elastic","COMPUTE","ffn_moe_topk-5","VIEW","",-1,5,-1,8,1,1,1,32,0.000521,1,"chunk_size_1"
"CPU_Elastic","COMPUTE","ffn_moe_weights-5","GET_ROWS","",-1,6,-1,1,8,1,1,32,0.000521,1,"chunk_size_1"
"CPU_Elastic","COMPUTE","ffn_norm-5 (reshaped)","RESHAPE","",-1,7,-1,2048,1,1,1,8192,0.000469,1,"chunk_size_1"
"CPU_Elastic","COMPUTE","ffn_moe_gate-5","MUL_MAT_ID","",-1,8,-1,1024,8,1,1,32768,0.366042,1,"chunk_size_1"
"CPU_Elastic","COMPUTE","ffn_moe_up-5","MUL_MAT_ID","",-1,9,-1,1024,8,1,1,32768,0.365938,1,"chunk_size_1"
"CPU_Elastic","COMPUTE","ffn_moe_weighted-5","GLU","",-1,10,-1,1024,8,1,1,32768,0.006614,1,"chunk_size_1"
"CPU_Elastic","COMPUTE","ffn_moe_down-5","MUL_MAT_ID","",-1,11,-1,2048,8,1,1,65536,0.410677,1,"chunk_size_1"
"CPU_Elastic","COMPUTE","node_362","MUL","",-1,12,-1,2048,8,1,1,65536,0.029843,1,"chunk_size_1"
"CPU_Elastic","COMPUTE"," (view)","VIEW","",-1,13,-1,2048,1,1,1,8192,0.000573,1,"chunk_size_1"
"CPU_Elastic","COMPUTE","node_362 (view)","VIEW","",-1,14,-1,2048,1,1,1,8192,0.000469,1,"chunk_size_1"
"CPU_Elastic","COMPUTE","node_362 (view)","VIEW","",-1,15,-1,2048,1,1,1,8192,0.000416,1,"chunk_size_1"
"CPU_Elastic","COMPUTE","node_362 (view)","VIEW","",-1,16,-1,2048,1,1,1,8192,0.000572,1,"chunk_size_1"
"CPU_Elastic","COMPUTE","node_362 (view)","VIEW","",-1,17,-1,2048,1,1,1,8192,0.000468,1,"chunk_size_1"
"CPU_Elastic","COMPUTE","node_362 (view)","VIEW","",-1,18,-1,2048,1,1,1,8192,0.000468,1,"chunk_size_1"
"CPU_Elastic","COMPUTE","node_362 (view)","VIEW","",-1,19,-1,2048,1,1,1,8192,0.000417,1,"chunk_size_1"
"CPU_Elastic","COMPUTE","node_362 (view)","VIEW","",-1,20,-1,2048,1,1,1,8192,0.000521,1,"chunk_size_1"
"CPU_Elastic","COMPUTE","node_371","ADD","",-1,21,-1,2048,1,1,1,8192,0.004792,1,"chunk_size_1"
"CPU_Elastic","COMPUTE","node_372","ADD","",-1,22,-1,2048,1,1,1,8192,0.005000,1,"chunk_size_1"
"CPU_Elastic","COMPUTE","node_373","ADD","",-1,23,-1,2048,1,1,1,8192,0.004479,1,"chunk_size_1"
"CPU_Elastic","COMPUTE","node_374","ADD","",-1,24,-1,2048,1,1,1,8192,0.003906,1,"chunk_size_1"
"CPU_Elastic","COMPUTE","node_375","ADD","",-1,25,-1,2048,1,1,1,8192,0.004427,1,"chunk_size_1"
"CPU_Elastic","COMPUTE","node_376","ADD","",-1,26,-1,2048,1,1,1,8192,0.005468,1,"chunk_size_1"
"CPU_Elastic","COMPUTE","ffn_moe_out-5","ADD","",-1,27,-1,2048,1,1,1,8192,0.004479,1,"chunk_size_1"
"CPU_Elastic","COMPUTE","l_out-5","ADD","",-1,28,-1,2048,1,1,1,8192,0.005156,1,"chunk_size_1"
"CPU_Elastic","COMPUTE_GRAPH","ggml_cgraph","GRAPH","",-1,29,-1,0,0,0,0,0,1.253017,1,"delegate_cpu_graph"
"CPU_Elastic","COMPUTE","attn_norm-6","MUL","",-1,0,-1,2048,1,1,1,8192,0.005469,1,"chunk_size_1"
"CPU_Elastic","COMPUTE","Qcur-6","MUL_MAT","",-1,1,-1,2048,1,1,1,8192,0.107813,1,"chunk_size_1"
"CPU_Elastic","COMPUTE_GRAPH","ggml_cgraph","GRAPH","",-1,2,-1,0,0,0,0,0,0.113282,1,"delegate_cpu_graph"
"CPU_Elastic","COMPUTE","Qcur_normed-6","MUL","",-1,0,-1,2048,1,1,1,8192,0.004896,1,"chunk_size_1"
"CPU_Elastic","COMPUTE","Qcur_normed-6 (reshaped)","RESHAPE","",-1,1,-1,128,16,1,1,8192,0.000573,1,"chunk_size_1"
"CPU_Elastic","COMPUTE","Qcur-6","ROPE","",-1,2,-1,128,16,1,1,8192,0.005625,1,"chunk_size_1"
"CPU_Elastic","COMPUTE","Kcur-6","MUL_MAT","",-1,3,-1,2048,1,1,1,8192,0.107031,1,"chunk_size_1"
"CPU_Elastic","COMPUTE_GRAPH","ggml_cgraph","GRAPH","",-1,4,-1,0,0,0,0,0,0.118125,1,"delegate_cpu_graph"
"CPU_Elastic","COMPUTE","Kcur_normed-6","MUL","",-1,0,-1,2048,1,1,1,8192,0.004948,1,"chunk_size_1"
"CPU_Elastic","COMPUTE","Kcur_normed-6 (reshaped)","RESHAPE","",-1,1,-1,128,16,1,1,8192,0.000573,1,"chunk_size_1"
"CPU_Elastic","COMPUTE","Kcur-6","ROPE","",-1,2,-1,128,16,1,1,8192,0.005521,1,"chunk_size_1"
"CPU_Elastic","COMPUTE","Vcur-6","MUL_MAT","",-1,3,-1,2048,1,1,1,8192,0.107135,1,"chunk_size_1"
"CPU_Elastic","COMPUTE","Vcur-6","RESHAPE","",-1,4,-1,128,16,1,1,8192,0.000573,1,"chunk_size_1"
"CPU_Elastic","COMPUTE","Kcur-6 (view)","VIEW","",-1,5,-1,2048,1,1,1,8192,0.000469,1,"chunk_size_1"
"CPU_Elastic","COMPUTE","cache_k_l6 (view)","SET_ROWS","",-1,6,-1,2048,512,1,1,2097152,0.001719,1,"chunk_size_1"
"CPU_Elastic","COMPUTE","Vcur-6 (view)","VIEW","",-1,7,-1,2048,1,1,1,8192,0.000365,1,"chunk_size_1"
"CPU_Elastic","COMPUTE","cache_v_l6 (view)","SET_ROWS","",-1,8,-1,2048,512,1,1,2097152,0.001719,1,"chunk_size_1"
"CPU_Elastic","COMPUTE","cache_v_l6 (view)","VIEW","",-1,9,-1,128,16,256,1,1048576,0.000416,1,"chunk_size_1"
"CPU_Elastic","COMPUTE","cache_v_l6 (view) (permuted)","PERMUTE","",-1,10,-1,128,256,16,1,1048576,0.000469,1,"chunk_size_1"
"CPU_Elastic","COMPUTE","cache_v_l6 (view) (permuted) (transposed)","TRANSPOSE","",-1,11,-1,256,128,16,1,1048576,0.000469,1,"chunk_size_1"
"CPU_Elastic","COMPUTE","v_cont-6","CONT","",-1,12,-1,256,128,16,1,1048576,0.520208,1,"chunk_size_1"
"CPU_Elastic","COMPUTE","cache_k_l6 (view)","VIEW","",-1,13,-1,128,16,256,1,1048576,0.000521,1,"chunk_size_1"
"CPU_Elastic","COMPUTE","cache_k_l6 (view) (permuted)","PERMUTE","",-1,14,-1,128,256,16,1,1048576,0.000469,1,"chunk_size_1"
"CPU_Elastic","COMPUTE","Qcur-6 (view)","VIEW","",-1,15,-1,128,16,1,1,8192,0.000417,1,"chunk_size_1"
"CPU_Elastic","COMPUTE","Qcur-6 (view) (permuted)","PERMUTE","",-1,16,-1,128,1,16,1,8192,0.000469,1,"chunk_size_1"
"CPU_Elastic","COMPUTE","kq-6","MUL_MAT","",-1,17,-1,256,1,16,1,16384,0.059896,1,"chunk_size_1"
"CPU_Elastic","COMPUTE","kq_soft_max-6","SOFT_MAX","",-1,18,-1,256,1,16,1,16384,0.016354,1,"chunk_size_1"
"CPU_Elastic","COMPUTE","kqv-6","MUL_MAT","",-1,19,-1,128,1,16,1,8192,0.040937,1,"chunk_size_1"
"CPU_Elastic","COMPUTE","kqv-6 (permuted)","PERMUTE","",-1,20,-1,128,16,1,1,8192,0.000573,1,"chunk_size_1"
"CPU_Elastic","COMPUTE","kqv_out-6","CONT","",-1,21,-1,2048,1,1,1,8192,0.003594,1,"chunk_size_1"
"CPU_Elastic","COMPUTE","node_410","MUL_MAT","",-1,22,-1,2048,1,1,1,8192,0.099323,1,"chunk_size_1"
"CPU_Elastic","COMPUTE","ffn_inp-6","ADD","",-1,23,-1,2048,1,1,1,8192,0.005104,1,"chunk_size_1"
"CPU_Elastic","COMPUTE_GRAPH","ggml_cgraph","GRAPH","",-1,24,-1,0,0,0,0,0,0.872241,1,"delegate_cpu_graph"
"CPU_Elastic","COMPUTE","ffn_norm-6","MUL","",-1,0,-1,2048,1,1,1,8192,0.005781,1,"chunk_size_1"
"CPU_Elastic","COMPUTE","ffn_moe_logits-6","MUL_MAT","",-1,1,-1,64,1,1,1,256,0.013541,1,"chunk_size_1"
"CPU_Elastic","COMPUTE","ffn_moe_probs-6","SOFT_MAX","",-1,2,-1,64,1,1,1,256,0.000937,1,"chunk_size_1"
"CPU_Elastic","COMPUTE","ffn_moe_probs-6 (reshaped)","RESHAPE","",-1,3,-1,1,64,1,1,256,0.000469,1,"chunk_size_1"
"CPU_Elastic","COMPUTE","ffn_moe_argsort-6","ARGSORT","",-1,4,-1,64,1,1,1,256,0.011667,1,"chunk_size_1"
"CPU_Elastic","COMPUTE","ffn_moe_topk-6","VIEW","",-1,5,-1,8,1,1,1,32,0.000625,1,"chunk_size_1"
"CPU_Elastic","COMPUTE","ffn_moe_weights-6","GET_ROWS","",-1,6,-1,1,8,1,1,32,0.000520,1,"chunk_size_1"
"CPU_Elastic","COMPUTE","ffn_norm-6 (reshaped)","RESHAPE","",-1,7,-1,2048,1,1,1,8192,0.000469,1,"chunk_size_1"
"CPU_Elastic","COMPUTE","ffn_moe_gate-6","MUL_MAT_ID","",-1,8,-1,1024,8,1,1,32768,0.366041,1,"chunk_size_1"
"CPU_Elastic","COMPUTE","ffn_moe_up-6","MUL_MAT_ID","",-1,9,-1,1024,8,1,1,32768,0.365417,1,"chunk_size_1"
"CPU_Elastic","COMPUTE","ffn_moe_weighted-6","GLU","",-1,10,-1,1024,8,1,1,32768,0.026562,1,"chunk_size_1"
"CPU_Elastic","COMPUTE","ffn_moe_down-6","MUL_MAT_ID","",-1,11,-1,2048,8,1,1,65536,0.407917,1,"chunk_size_1"
"CPU_Elastic","COMPUTE","node_425","MUL","",-1,12,-1,2048,8,1,1,65536,0.029896,1,"chunk_size_1"
"CPU_Elastic","COMPUTE"," (view)","VIEW","",-1,13,-1,2048,1,1,1,8192,0.000782,1,"chunk_size_1"
"CPU_Elastic","COMPUTE","node_425 (view)","VIEW","",-1,14,-1,2048,1,1,1,8192,0.000521,1,"chunk_size_1"
"CPU_Elastic","COMPUTE","node_425 (view)","VIEW","",-1,15,-1,2048,1,1,1,8192,0.000365,1,"chunk_size_1"
"CPU_Elastic","COMPUTE","node_425 (view)","VIEW","",-1,16,-1,2048,1,1,1,8192,0.000364,1,"chunk_size_1"
"CPU_Elastic","COMPUTE","node_425 (view)","VIEW","",-1,17,-1,2048,1,1,1,8192,0.000468,1,"chunk_size_1"
"CPU_Elastic","COMPUTE","node_425 (view)","VIEW","",-1,18,-1,2048,1,1,1,8192,0.000417,1,"chunk_size_1"
"CPU_Elastic","COMPUTE","node_425 (view)","VIEW","",-1,19,-1,2048,1,1,1,8192,0.000469,1,"chunk_size_1"
"CPU_Elastic","COMPUTE","node_425 (view)","VIEW","",-1,20,-1,2048,1,1,1,8192,0.000469,1,"chunk_size_1"
"CPU_Elastic","COMPUTE","node_434","ADD","",-1,21,-1,2048,1,1,1,8192,0.003854,1,"chunk_size_1"
"CPU_Elastic","COMPUTE","node_435","ADD","",-1,22,-1,2048,1,1,1,8192,0.004896,1,"chunk_size_1"
"CPU_Elastic","COMPUTE","node_436","ADD","",-1,23,-1,2048,1,1,1,8192,0.003906,1,"chunk_size_1"
"CPU_Elastic","COMPUTE","node_437","ADD","",-1,24,-1,2048,1,1,1,8192,0.003802,1,"chunk_size_1"
"CPU_Elastic","COMPUTE","node_438","ADD","",-1,25,-1,2048,1,1,1,8192,0.004218,1,"chunk_size_1"
"CPU_Elastic","COMPUTE","node_439","ADD","",-1,26,-1,2048,1,1,1,8192,0.004895,1,"chunk_size_1"
"CPU_Elastic","COMPUTE","ffn_moe_out-6","ADD","",-1,27,-1,2048,1,1,1,8192,0.004375,1,"chunk_size_1"
"CPU_Elastic","COMPUTE","l_out-6","ADD","",-1,28,-1,2048,1,1,1,8192,0.005417,1,"chunk_size_1"
"CPU_Elastic","COMPUTE_GRAPH","ggml_cgraph","GRAPH","",-1,29,-1,0,0,0,0,0,1.269060,1,"delegate_cpu_graph"
"CPU_Elastic","COMPUTE","attn_norm-7","MUL","",-1,0,-1,2048,1,1,1,8192,0.006146,1,"chunk_size_1"
"CPU_Elastic","COMPUTE","Qcur-7","MUL_MAT","",-1,1,-1,2048,1,1,1,8192,0.108698,1,"chunk_size_1"
"CPU_Elastic","COMPUTE_GRAPH","ggml_cgraph","GRAPH","",-1,2,-1,0,0,0,0,0,0.114844,1,"delegate_cpu_graph"
"CPU_Elastic","COMPUTE","Qcur_normed-7","MUL","",-1,0,-1,2048,1,1,1,8192,0.005156,1,"chunk_size_1"
"CPU_Elastic","COMPUTE","Qcur_normed-7 (reshaped)","RESHAPE","",-1,1,-1,128,16,1,1,8192,0.000521,1,"chunk_size_1"
"CPU_Elastic","COMPUTE","Qcur-7","ROPE","",-1,2,-1,128,16,1,1,8192,0.006510,1,"chunk_size_1"
"CPU_Elastic","COMPUTE","Kcur-7","MUL_MAT","",-1,3,-1,2048,1,1,1,8192,0.107812,1,"chunk_size_1"
"CPU_Elastic","COMPUTE_GRAPH","ggml_cgraph","GRAPH","",-1,4,-1,0,0,0,0,0,0.119999,1,"delegate_cpu_graph"
"CPU_Elastic","COMPUTE","Kcur_normed-7","MUL","",-1,0,-1,2048,1,1,1,8192,0.005156,1,"chunk_size_1"
"CPU_Elastic","COMPUTE","Kcur_normed-7 (reshaped)","RESHAPE","",-1,1,-1,128,16,1,1,8192,0.000521,1,"chunk_size_1"
"CPU_Elastic","COMPUTE","Kcur-7","ROPE","",-1,2,-1,128,16,1,1,8192,0.006094,1,"chunk_size_1"
"CPU_Elastic","COMPUTE","Vcur-7","MUL_MAT","",-1,3,-1,2048,1,1,1,8192,0.146875,1,"chunk_size_1"
"CPU_Elastic","COMPUTE","Vcur-7","RESHAPE","",-1,4,-1,128,16,1,1,8192,0.000469,1,"chunk_size_1"
"CPU_Elastic","COMPUTE","Kcur-7 (view)","VIEW","",-1,5,-1,2048,1,1,1,8192,0.000521,1,"chunk_size_1"
"CPU_Elastic","COMPUTE","cache_k_l7 (view)","SET_ROWS","",-1,6,-1,2048,512,1,1,2097152,0.001719,1,"chunk_size_1"
"CPU_Elastic","COMPUTE","Vcur-7 (view)","VIEW","",-1,7,-1,2048,1,1,1,8192,0.000416,1,"chunk_size_1"
"CPU_Elastic","COMPUTE","cache_v_l7 (view)","SET_ROWS","",-1,8,-1,2048,512,1,1,2097152,0.001615,1,"chunk_size_1"
"CPU_Elastic","COMPUTE","cache_v_l7 (view)","VIEW","",-1,9,-1,128,16,256,1,1048576,0.000521,1,"chunk_size_1"
"CPU_Elastic","COMPUTE","cache_v_l7 (view) (permuted)","PERMUTE","",-1,10,-1,128,256,16,1,1048576,0.000417,1,"chunk_size_1"
"CPU_Elastic","COMPUTE","cache_v_l7 (view) (permuted) (transposed)","TRANSPOSE","",-1,11,-1,256,128,16,1,1048576,0.000521,1,"chunk_size_1"
"CPU_Elastic","COMPUTE","v_cont-7","CONT","",-1,12,-1,256,128,16,1,1048576,0.541667,1,"chunk_size_1"
"CPU_Elastic","COMPUTE","cache_k_l7 (view)","VIEW","",-1,13,-1,128,16,256,1,1048576,0.000573,1,"chunk_size_1"
"CPU_Elastic","COMPUTE","cache_k_l7 (view) (permuted)","PERMUTE","",-1,14,-1,128,256,16,1,1048576,0.000417,1,"chunk_size_1"
"CPU_Elastic","COMPUTE","Qcur-7 (view)","VIEW","",-1,15,-1,128,16,1,1,8192,0.000521,1,"chunk_size_1"
"CPU_Elastic","COMPUTE","Qcur-7 (view) (permuted)","PERMUTE","",-1,16,-1,128,1,16,1,8192,0.000521,1,"chunk_size_1"
"CPU_Elastic","COMPUTE","kq-7","MUL_MAT","",-1,17,-1,256,1,16,1,16384,0.038438,1,"chunk_size_1"
"CPU_Elastic","COMPUTE","kq_soft_max-7","SOFT_MAX","",-1,18,-1,256,1,16,1,16384,0.018282,1,"chunk_size_1"
"CPU_Elastic","COMPUTE","kqv-7","MUL_MAT","",-1,19,-1,128,1,16,1,8192,0.040104,1,"chunk_size_1"
"CPU_Elastic","COMPUTE","kqv-7 (permuted)","PERMUTE","",-1,20,-1,128,16,1,1,8192,0.000573,1,"chunk_size_1"
"CPU_Elastic","COMPUTE","kqv_out-7","CONT","",-1,21,-1,2048,1,1,1,8192,0.005364,1,"chunk_size_1"
"CPU_Elastic","COMPUTE","node_473","MUL_MAT","",-1,22,-1,2048,1,1,1,8192,0.098907,1,"chunk_size_1"
"CPU_Elastic","COMPUTE","ffn_inp-7","ADD","",-1,23,-1,2048,1,1,1,8192,0.004323,1,"chunk_size_1"
"CPU_Elastic","COMPUTE_GRAPH","ggml_cgraph","GRAPH","",-1,24,-1,0,0,0,0,0,0.914535,1,"delegate_cpu_graph"
"CPU_Elastic","COMPUTE","ffn_norm-7","MUL","",-1,0,-1,2048,1,1,1,8192,0.004896,1,"chunk_size_1"
"CPU_Elastic","COMPUTE","ffn_moe_logits-7","MUL_MAT","",-1,1,-1,64,1,1,1,256,0.013958,1,"chunk_size_1"
"CPU_Elastic","COMPUTE","ffn_moe_probs-7","SOFT_MAX","",-1,2,-1,64,1,1,1,256,0.000989,1,"chunk_size_1"
"CPU_Elastic","COMPUTE","ffn_moe_probs-7 (reshaped)","RESHAPE","",-1,3,-1,1,64,1,1,256,0.000521,1,"chunk_size_1"
"CPU_Elastic","COMPUTE","ffn_moe_argsort-7","ARGSORT","",-1,4,-1,64,1,1,1,256,0.012344,1,"chunk_size_1"
"CPU_Elastic","COMPUTE","ffn_moe_topk-7","VIEW","",-1,5,-1,8,1,1,1,32,0.000521,1,"chunk_size_1"
"CPU_Elastic","COMPUTE","ffn_moe_weights-7","GET_ROWS","",-1,6,-1,1,8,1,1,32,0.000625,1,"chunk_size_1"
"CPU_Elastic","COMPUTE","ffn_norm-7 (reshaped)","RESHAPE","",-1,7,-1,2048,1,1,1,8192,0.000416,1,"chunk_size_1"
"CPU_Elastic","COMPUTE","ffn_moe_gate-7","MUL_MAT_ID","",-1,8,-1,1024,8,1,1,32768,0.365677,1,"chunk_size_1"
"CPU_Elastic","COMPUTE","ffn_moe_up-7","MUL_MAT_ID","",-1,9,-1,1024,8,1,1,32768,0.384323,1,"chunk_size_1"
"CPU_Elastic","COMPUTE","ffn_moe_weighted-7","GLU","",-1,10,-1,1024,8,1,1,32768,0.007448,1,"chunk_size_1"
"CPU_Elastic","COMPUTE","ffn_moe_down-7","MUL_MAT_ID","",-1,11,-1,2048,8,1,1,65536,0.520938,1,"chunk_size_1"
"CPU_Elastic","COMPUTE","node_488","MUL","",-1,12,-1,2048,8,1,1,65536,0.029791,1,"chunk_size_1"
"CPU_Elastic","COMPUTE"," (view)","VIEW","",-1,13,-1,2048,1,1,1,8192,0.000677,1,"chunk_size_1"
"CPU_Elastic","COMPUTE","node_488 (view)","VIEW","",-1,14,-1,2048,1,1,1,8192,0.000521,1,"chunk_size_1"
"CPU_Elastic","COMPUTE","node_488 (view)","VIEW","",-1,15,-1,2048,1,1,1,8192,0.000469,1,"chunk_size_1"
"CPU_Elastic","COMPUTE","node_488 (view)","VIEW","",-1,16,-1,2048,1,1,1,8192,0.000417,1,"chunk_size_1"
"CPU_Elastic","COMPUTE","node_488 (view)","VIEW","",-1,17,-1,2048,1,1,1,8192,0.000416,1,"chunk_size_1"
"CPU_Elastic","COMPUTE","node_488 (view)","VIEW","",-1,18,-1,2048,1,1,1,8192,0.000469,1,"chunk_size_1"
"CPU_Elastic","COMPUTE","node_488 (view)","VIEW","",-1,19,-1,2048,1,1,1,8192,0.000365,1,"chunk_size_1"
"CPU_Elastic","COMPUTE","node_488 (view)","VIEW","",-1,20,-1,2048,1,1,1,8192,0.000364,1,"chunk_size_1"
"CPU_Elastic","COMPUTE","node_497","ADD","",-1,21,-1,2048,1,1,1,8192,0.004479,1,"chunk_size_1"
"CPU_Elastic","COMPUTE","node_498","ADD","",-1,22,-1,2048,1,1,1,8192,0.004635,1,"chunk_size_1"
"CPU_Elastic","COMPUTE","node_499","ADD","",-1,23,-1,2048,1,1,1,8192,0.004531,1,"chunk_size_1"
"CPU_Elastic","COMPUTE","node_500","ADD","",-1,24,-1,2048,1,1,1,8192,0.004323,1,"chunk_size_1"
"CPU_Elastic","COMPUTE","node_501","ADD","",-1,25,-1,2048,1,1,1,8192,0.004584,1,"chunk_size_1"
"CPU_Elastic","COMPUTE","node_502","ADD","",-1,26,-1,2048,1,1,1,8192,0.005000,1,"chunk_size_1"
"CPU_Elastic","COMPUTE","ffn_moe_out-7","ADD","",-1,27,-1,2048,1,1,1,8192,0.005209,1,"chunk_size_1"
"CPU_Elastic","COMPUTE","l_out-7","ADD","",-1,28,-1,2048,1,1,1,8192,0.005260,1,"chunk_size_1"
"CPU_Elastic","COMPUTE_GRAPH","ggml_cgraph","GRAPH","",-1,29,-1,0,0,0,0,0,1.384166,1,"delegate_cpu_graph"
"CPU_Elastic","COMPUTE","attn_norm-8","MUL","",-1,0,-1,2048,1,1,1,8192,0.005677,1,"chunk_size_1"
"CPU_Elastic","COMPUTE","Qcur-8","MUL_MAT","",-1,1,-1,2048,1,1,1,8192,0.099062,1,"chunk_size_1"
"CPU_Elastic","COMPUTE_GRAPH","ggml_cgraph","GRAPH","",-1,2,-1,0,0,0,0,0,0.104739,1,"delegate_cpu_graph"
"CPU_Elastic","COMPUTE","Qcur_normed-8","MUL","",-1,0,-1,2048,1,1,1,8192,0.005208,1,"chunk_size_1"
"CPU_Elastic","COMPUTE","Qcur_normed-8 (reshaped)","RESHAPE","",-1,1,-1,128,16,1,1,8192,0.000677,1,"chunk_size_1"
"CPU_Elastic","COMPUTE","Qcur-8","ROPE","",-1,2,-1,128,16,1,1,8192,0.006094,1,"chunk_size_1"
"CPU_Elastic","COMPUTE","Kcur-8","MUL_MAT","",-1,3,-1,2048,1,1,1,8192,0.099948,1,"chunk_size_1"
"CPU_Elastic","COMPUTE_GRAPH","ggml_cgraph","GRAPH","",-1,4,-1,0,0,0,0,0,0.111927,1,"delegate_cpu_graph"
"CPU_Elastic","COMPUTE","Kcur_normed-8","MUL","",-1,0,-1,2048,1,1,1,8192,0.005469,1,"chunk_size_1"
"CPU_Elastic","COMPUTE","Kcur_normed-8 (reshaped)","RESHAPE","",-1,1,-1,128,16,1,1,8192,0.000521,1,"chunk_size_1"
"CPU_Elastic","COMPUTE","Kcur-8","ROPE","",-1,2,-1,128,16,1,1,8192,0.006458,1,"chunk_size_1"
"CPU_Elastic","COMPUTE","Vcur-8","MUL_MAT","",-1,3,-1,2048,1,1,1,8192,0.112656,1,"chunk_size_1"
"CPU_Elastic","COMPUTE","Vcur-8","RESHAPE","",-1,4,-1,128,16,1,1,8192,0.056927,1,"chunk_size_1"
"CPU_Elastic","COMPUTE","Kcur-8 (view)","VIEW","",-1,5,-1,2048,1,1,1,8192,0.000417,1,"chunk_size_1"
"CPU_Elastic","COMPUTE","cache_k_l8 (view)","SET_ROWS","",-1,6,-1,2048,512,1,1,2097152,0.001927,1,"chunk_size_1"
"CPU_Elastic","COMPUTE","Vcur-8 (view)","VIEW","",-1,7,-1,2048,1,1,1,8192,0.000416,1,"chunk_size_1"
"CPU_Elastic","COMPUTE","cache_v_l8 (view)","SET_ROWS","",-1,8,-1,2048,512,1,1,2097152,0.001771,1,"chunk_size_1"
"CPU_Elastic","COMPUTE","cache_v_l8 (view)","VIEW","",-1,9,-1,128,16,256,1,1048576,0.000416,1,"chunk_size_1"
"CPU_Elastic","COMPUTE","cache_v_l8 (view) (permuted)","PERMUTE","",-1,10,-1,128,256,16,1,1048576,0.000573,1,"chunk_size_1"
"CPU_Elastic","COMPUTE","cache_v_l8 (view) (permuted) (transposed)","TRANSPOSE","",-1,11,-1,256,128,16,1,1048576,0.000417,1,"chunk_size_1"
"CPU_Elastic","COMPUTE","v_cont-8","CONT","",-1,12,-1,256,128,16,1,1048576,0.518802,1,"chunk_size_1"
"CPU_Elastic","COMPUTE","cache_k_l8 (view)","VIEW","",-1,13,-1,128,16,256,1,1048576,0.000521,1,"chunk_size_1"
"CPU_Elastic","COMPUTE","cache_k_l8 (view) (permuted)","PERMUTE","",-1,14,-1,128,256,16,1,1048576,0.000573,1,"chunk_size_1"
"CPU_Elastic","COMPUTE","Qcur-8 (view)","VIEW","",-1,15,-1,128,16,1,1,8192,0.000417,1,"chunk_size_1"
"CPU_Elastic","COMPUTE","Qcur-8 (view) (permuted)","PERMUTE","",-1,16,-1,128,1,16,1,8192,0.000417,1,"chunk_size_1"
"CPU_Elastic","COMPUTE","kq-8","MUL_MAT","",-1,17,-1,256,1,16,1,16384,0.038333,1,"chunk_size_1"
"CPU_Elastic","COMPUTE","kq_soft_max-8","SOFT_MAX","",-1,18,-1,256,1,16,1,16384,0.016562,1,"chunk_size_1"
"CPU_Elastic","COMPUTE","kqv-8","MUL_MAT","",-1,19,-1,128,1,16,1,8192,0.040417,1,"chunk_size_1"
"CPU_Elastic","COMPUTE","kqv-8 (permuted)","PERMUTE","",-1,20,-1,128,16,1,1,8192,0.000468,1,"chunk_size_1"
"CPU_Elastic","COMPUTE","kqv_out-8","CONT","",-1,21,-1,2048,1,1,1,8192,0.005416,1,"chunk_size_1"
"CPU_Elastic","COMPUTE","node_536","MUL_MAT","",-1,22,-1,2048,1,1,1,8192,0.115156,1,"chunk_size_1"
"CPU_Elastic","COMPUTE","ffn_inp-8","ADD","",-1,23,-1,2048,1,1,1,8192,0.004583,1,"chunk_size_1"
"CPU_Elastic","COMPUTE_GRAPH","ggml_cgraph","GRAPH","",-1,24,-1,0,0,0,0,0,0.929633,1,"delegate_cpu_graph"
"CPU_Elastic","COMPUTE","ffn_norm-8","MUL","",-1,0,-1,2048,1,1,1,8192,0.004792,1,"chunk_size_1"
"CPU_Elastic","COMPUTE","ffn_moe_logits-8","MUL_MAT","",-1,1,-1,64,1,1,1,256,0.012656,1,"chunk_size_1"
"CPU_Elastic","COMPUTE","ffn_moe_probs-8","SOFT_MAX","",-1,2,-1,64,1,1,1,256,0.000937,1,"chunk_size_1"
"CPU_Elastic","COMPUTE","ffn_moe_probs-8 (reshaped)","RESHAPE","",-1,3,-1,1,64,1,1,256,0.000625,1,"chunk_size_1"
"CPU_Elastic","COMPUTE","ffn_moe_argsort-8","ARGSORT","",-1,4,-1,64,1,1,1,256,0.012135,1,"chunk_size_1"
"CPU_Elastic","COMPUTE","ffn_moe_topk-8","VIEW","",-1,5,-1,8,1,1,1,32,0.000521,1,"chunk_size_1"
"CPU_Elastic","COMPUTE","ffn_moe_weights-8","GET_ROWS","",-1,6,-1,1,8,1,1,32,0.000573,1,"chunk_size_1"
"CPU_Elastic","COMPUTE","ffn_norm-8 (reshaped)","RESHAPE","",-1,7,-1,2048,1,1,1,8192,0.000469,1,"chunk_size_1"
"CPU_Elastic","COMPUTE","ffn_moe_gate-8","MUL_MAT_ID","",-1,8,-1,1024,8,1,1,32768,0.367657,1,"chunk_size_1"
"CPU_Elastic","COMPUTE","ffn_moe_up-8","MUL_MAT_ID","",-1,9,-1,1024,8,1,1,32768,0.383802,1,"chunk_size_1"
"CPU_Elastic","COMPUTE","ffn_moe_weighted-8","GLU","",-1,10,-1,1024,8,1,1,32768,0.007865,1,"chunk_size_1"
"CPU_Elastic","COMPUTE","ffn_moe_down-8","MUL_MAT_ID","",-1,11,-1,2048,8,1,1,65536,0.403489,1,"chunk_size_1"
"CPU_Elastic","COMPUTE","node_551","MUL","",-1,12,-1,2048,8,1,1,65536,0.030052,1,"chunk_size_1"
"CPU_Elastic","COMPUTE"," (view)","VIEW","",-1,13,-1,2048,1,1,1,8192,0.000469,1,"chunk_size_1"
"CPU_Elastic","COMPUTE","node_551 (view)","VIEW","",-1,14,-1,2048,1,1,1,8192,0.000364,1,"chunk_size_1"
"CPU_Elastic","COMPUTE","node_551 (view)","VIEW","",-1,15,-1,2048,1,1,1,8192,0.000469,1,"chunk_size_1"
"CPU_Elastic","COMPUTE","node_551 (view)","VIEW","",-1,16,-1,2048,1,1,1,8192,0.000417,1,"chunk_size_1"
"CPU_Elastic","COMPUTE","node_551 (view)","VIEW","",-1,17,-1,2048,1,1,1,8192,0.000469,1,"chunk_size_1"
"CPU_Elastic","COMPUTE","node_551 (view)","VIEW","",-1,18,-1,2048,1,1,1,8192,0.000416,1,"chunk_size_1"
"CPU_Elastic","COMPUTE","node_551 (view)","VIEW","",-1,19,-1,2048,1,1,1,8192,0.000521,1,"chunk_size_1"
"CPU_Elastic","COMPUTE","node_551 (view)","VIEW","",-1,20,-1,2048,1,1,1,8192,0.000469,1,"chunk_size_1"
"CPU_Elastic","COMPUTE","node_560","ADD","",-1,21,-1,2048,1,1,1,8192,0.004271,1,"chunk_size_1"
"CPU_Elastic","COMPUTE","node_561","ADD","",-1,22,-1,2048,1,1,1,8192,0.003697,1,"chunk_size_1"
"CPU_Elastic","COMPUTE","node_562","ADD","",-1,23,-1,2048,1,1,1,8192,0.005469,1,"chunk_size_1"
"CPU_Elastic","COMPUTE","node_563","ADD","",-1,24,-1,2048,1,1,1,8192,0.004896,1,"chunk_size_1"
"CPU_Elastic","COMPUTE","node_564","ADD","",-1,25,-1,2048,1,1,1,8192,0.004218,1,"chunk_size_1"
"CPU_Elastic","COMPUTE","node_565","ADD","",-1,26,-1,2048,1,1,1,8192,0.003646,1,"chunk_size_1"
"CPU_Elastic","COMPUTE","ffn_moe_out-8","ADD","",-1,27,-1,2048,1,1,1,8192,0.004479,1,"chunk_size_1"
"CPU_Elastic","COMPUTE","l_out-8","ADD","",-1,28,-1,2048,1,1,1,8192,0.005104,1,"chunk_size_1"
"CPU_Elastic","COMPUTE_GRAPH","ggml_cgraph","GRAPH","",-1,29,-1,0,0,0,0,0,1.264947,1,"delegate_cpu_graph"
"CPU_Elastic","COMPUTE","attn_norm-9","MUL","",-1,0,-1,2048,1,1,1,8192,0.006302,1,"chunk_size_1"
"CPU_Elastic","COMPUTE","Qcur-9","MUL_MAT","",-1,1,-1,2048,1,1,1,8192,0.108385,1,"chunk_size_1"
"CPU_Elastic","COMPUTE_GRAPH","ggml_cgraph","GRAPH","",-1,2,-1,0,0,0,0,0,0.114687,1,"delegate_cpu_graph"
"CPU_Elastic","COMPUTE","Qcur_normed-9","MUL","",-1,0,-1,2048,1,1,1,8192,0.004844,1,"chunk_size_1"
"CPU_Elastic","COMPUTE","Qcur_normed-9 (reshaped)","RESHAPE","",-1,1,-1,128,16,1,1,8192,0.000573,1,"chunk_size_1"
"CPU_Elastic","COMPUTE","Qcur-9","ROPE","",-1,2,-1,128,16,1,1,8192,0.005313,1,"chunk_size_1"
"CPU_Elastic","COMPUTE","Kcur-9","MUL_MAT","",-1,3,-1,2048,1,1,1,8192,0.107865,1,"chunk_size_1"
"CPU_Elastic","COMPUTE_GRAPH","ggml_cgraph","GRAPH","",-1,4,-1,0,0,0,0,0,0.118595,1,"delegate_cpu_graph"
"CPU_Elastic","COMPUTE","Kcur_normed-9","MUL","",-1,0,-1,2048,1,1,1,8192,0.004948,1,"chunk_size_1"
"CPU_Elastic","COMPUTE","Kcur_normed-9 (reshaped)","RESHAPE","",-1,1,-1,128,16,1,1,8192,0.000521,1,"chunk_size_1"
"CPU_Elastic","COMPUTE","Kcur-9","ROPE","",-1,2,-1,128,16,1,1,8192,0.005937,1,"chunk_size_1"
"CPU_Elastic","COMPUTE","Vcur-9","MUL_MAT","",-1,3,-1,2048,1,1,1,8192,0.108594,1,"chunk_size_1"
"CPU_Elastic","COMPUTE","Vcur-9","RESHAPE","",-1,4,-1,128,16,1,1,8192,0.000521,1,"chunk_size_1"
"CPU_Elastic","COMPUTE","Kcur-9 (view)","VIEW","",-1,5,-1,2048,1,1,1,8192,0.000469,1,"chunk_size_1"
"CPU_Elastic","COMPUTE","cache_k_l9 (view)","SET_ROWS","",-1,6,-1,2048,512,1,1,2097152,0.001823,1,"chunk_size_1"
"CPU_Elastic","COMPUTE","Vcur-9 (view)","VIEW","",-1,7,-1,2048,1,1,1,8192,0.000521,1,"chunk_size_1"
"CPU_Elastic","COMPUTE","cache_v_l9 (view)","SET_ROWS","",-1,8,-1,2048,512,1,1,2097152,0.001666,1,"chunk_size_1"
"CPU_Elastic","COMPUTE","cache_v_l9 (view)","VIEW","",-1,9,-1,128,16,256,1,1048576,0.000469,1,"chunk_size_1"
"CPU_Elastic","COMPUTE","cache_v_l9 (view) (permuted)","PERMUTE","",-1,10,-1,128,256,16,1,1048576,0.000469,1,"chunk_size_1"
"CPU_Elastic","COMPUTE","cache_v_l9 (view) (permuted) (transposed)","TRANSPOSE","",-1,11,-1,256,128,16,1,1048576,0.000573,1,"chunk_size_1"
"CPU_Elastic","COMPUTE","v_cont-9","CONT","",-1,12,-1,256,128,16,1,1048576,0.514427,1,"chunk_size_1"
"CPU_Elastic","COMPUTE","cache_k_l9 (view)","VIEW","",-1,13,-1,128,16,256,1,1048576,0.000573,1,"chunk_size_1"
"CPU_Elastic","COMPUTE","cache_k_l9 (view) (permuted)","PERMUTE","",-1,14,-1,128,256,16,1,1048576,0.000417,1,"chunk_size_1"
"CPU_Elastic","COMPUTE","Qcur-9 (view)","VIEW","",-1,15,-1,128,16,1,1,8192,0.000521,1,"chunk_size_1"
"CPU_Elastic","COMPUTE","Qcur-9 (view) (permuted)","PERMUTE","",-1,16,-1,128,1,16,1,8192,0.000468,1,"chunk_size_1"
"CPU_Elastic","COMPUTE","kq-9","MUL_MAT","",-1,17,-1,256,1,16,1,16384,0.056927,1,"chunk_size_1"
"CPU_Elastic","COMPUTE","kq_soft_max-9","SOFT_MAX","",-1,18,-1,256,1,16,1,16384,0.015886,1,"chunk_size_1"
"CPU_Elastic","COMPUTE","kqv-9","MUL_MAT","",-1,19,-1,128,1,16,1,8192,0.040886,1,"chunk_size_1"
"CPU_Elastic","COMPUTE","kqv-9 (permuted)","PERMUTE","",-1,20,-1,128,16,1,1,8192,0.000521,1,"chunk_size_1"
"CPU_Elastic","COMPUTE","kqv_out-9","CONT","",-1,21,-1,2048,1,1,1,8192,0.004063,1,"chunk_size_1"
"CPU_Elastic","COMPUTE","node_599","MUL_MAT","",-1,22,-1,2048,1,1,1,8192,0.113906,1,"chunk_size_1"
"CPU_Elastic","COMPUTE","ffn_inp-9","ADD","",-1,23,-1,2048,1,1,1,8192,0.005312,1,"chunk_size_1"
"CPU_Elastic","COMPUTE_GRAPH","ggml_cgraph","GRAPH","",-1,24,-1,0,0,0,0,0,0.880418,1,"delegate_cpu_graph"
"CPU_Elastic","COMPUTE","ffn_norm-9","MUL","",-1,0,-1,2048,1,1,1,8192,0.005052,1,"chunk_size_1"
"CPU_Elastic","COMPUTE","ffn_moe_logits-9","MUL_MAT","",-1,1,-1,64,1,1,1,256,0.014062,1,"chunk_size_1"
"CPU_Elastic","COMPUTE","ffn_moe_probs-9","SOFT_MAX","",-1,2,-1,64,1,1,1,256,0.000937,1,"chunk_size_1"
"CPU_Elastic","COMPUTE","ffn_moe_probs-9 (reshaped)","RESHAPE","",-1,3,-1,1,64,1,1,256,0.000417,1,"chunk_size_1"
"CPU_Elastic","COMPUTE","ffn_moe_argsort-9","ARGSORT","",-1,4,-1,64,1,1,1,256,0.011250,1,"chunk_size_1"
"CPU_Elastic","COMPUTE","ffn_moe_topk-9","VIEW","",-1,5,-1,8,1,1,1,32,0.000521,1,"chunk_size_1"
"CPU_Elastic","COMPUTE","ffn_moe_weights-9","GET_ROWS","",-1,6,-1,1,8,1,1,32,0.000521,1,"chunk_size_1"
"CPU_Elastic","COMPUTE","ffn_norm-9 (reshaped)","RESHAPE","",-1,7,-1,2048,1,1,1,8192,0.000469,1,"chunk_size_1"
"CPU_Elastic","COMPUTE","ffn_moe_gate-9","MUL_MAT_ID","",-1,8,-1,1024,8,1,1,32768,0.367969,1,"chunk_size_1"
"CPU_Elastic","COMPUTE","ffn_moe_up-9","MUL_MAT_ID","",-1,9,-1,1024,8,1,1,32768,0.388281,1,"chunk_size_1"
"CPU_Elastic","COMPUTE","ffn_moe_weighted-9","GLU","",-1,10,-1,1024,8,1,1,32768,0.027083,1,"chunk_size_1"
"CPU_Elastic","COMPUTE","ffn_moe_down-9","MUL_MAT_ID","",-1,11,-1,2048,8,1,1,65536,0.404532,1,"chunk_size_1"
"CPU_Elastic","COMPUTE","node_614","MUL","",-1,12,-1,2048,8,1,1,65536,0.030208,1,"chunk_size_1"
"CPU_Elastic","COMPUTE"," (view)","VIEW","",-1,13,-1,2048,1,1,1,8192,0.000573,1,"chunk_size_1"
"CPU_Elastic","COMPUTE","node_614 (view)","VIEW","",-1,14,-1,2048,1,1,1,8192,0.000416,1,"chunk_size_1"
"CPU_Elastic","COMPUTE","node_614 (view)","VIEW","",-1,15,-1,2048,1,1,1,8192,0.000469,1,"chunk_size_1"
"CPU_Elastic","COMPUTE","node_614 (view)","VIEW","",-1,16,-1,2048,1,1,1,8192,0.000521,1,"chunk_size_1"
"CPU_Elastic","COMPUTE","node_614 (view)","VIEW","",-1,17,-1,2048,1,1,1,8192,0.000365,1,"chunk_size_1"
"CPU_Elastic","COMPUTE","node_614 (view)","VIEW","",-1,18,-1,2048,1,1,1,8192,0.000365,1,"chunk_size_1"
"CPU_Elastic","COMPUTE","node_614 (view)","VIEW","",-1,19,-1,2048,1,1,1,8192,0.000417,1,"chunk_size_1"
"CPU_Elastic","COMPUTE","node_614 (view)","VIEW","",-1,20,-1,2048,1,1,1,8192,0.000521,1,"chunk_size_1"
"CPU_Elastic","COMPUTE","node_623","ADD","",-1,21,-1,2048,1,1,1,8192,0.004322,1,"chunk_size_1"
"CPU_Elastic","COMPUTE","node_624","ADD","",-1,22,-1,2048,1,1,1,8192,0.004635,1,"chunk_size_1"
"CPU_Elastic","COMPUTE","node_625","ADD","",-1,23,-1,2048,1,1,1,8192,0.003959,1,"chunk_size_1"
"CPU_Elastic","COMPUTE","node_626","ADD","",-1,24,-1,2048,1,1,1,8192,0.004323,1,"chunk_size_1"
"CPU_Elastic","COMPUTE","node_627","ADD","",-1,25,-1,2048,1,1,1,8192,0.003802,1,"chunk_size_1"
"CPU_Elastic","COMPUTE","node_628","ADD","",-1,26,-1,2048,1,1,1,8192,0.004479,1,"chunk_size_1"
"CPU_Elastic","COMPUTE","ffn_moe_out-9","ADD","",-1,27,-1,2048,1,1,1,8192,0.004115,1,"chunk_size_1"
"CPU_Elastic","COMPUTE","l_out-9","ADD","",-1,28,-1,2048,1,1,1,8192,0.004896,1,"chunk_size_1"
"CPU_Elastic","COMPUTE_GRAPH","ggml_cgraph","GRAPH","",-1,29,-1,0,0,0,0,0,1.289480,1,"delegate_cpu_graph"
"CPU_Elastic","COMPUTE","attn_norm-10","MUL","",-1,0,-1,2048,1,1,1,8192,0.006302,1,"chunk_size_1"
"CPU_Elastic","COMPUTE","Qcur-10","MUL_MAT","",-1,1,-1,2048,1,1,1,8192,0.101250,1,"chunk_size_1"
"CPU_Elastic","COMPUTE_GRAPH","ggml_cgraph","GRAPH","",-1,2,-1,0,0,0,0,0,0.107552,1,"delegate_cpu_graph"
"CPU_Elastic","COMPUTE","Qcur_normed-10","MUL","",-1,0,-1,2048,1,1,1,8192,0.005416,1,"chunk_size_1"
"CPU_Elastic","COMPUTE","Qcur_normed-10 (reshaped)","RESHAPE","",-1,1,-1,128,16,1,1,8192,0.000521,1,"chunk_size_1"
"CPU_Elastic","COMPUTE","Qcur-10","ROPE","",-1,2,-1,128,16,1,1,8192,0.005886,1,"chunk_size_1"
"CPU_Elastic","COMPUTE","Kcur-10","MUL_MAT","",-1,3,-1,2048,1,1,1,8192,0.107291,1,"chunk_size_1"
"CPU_Elastic","COMPUTE_GRAPH","ggml_cgraph","GRAPH","",-1,4,-1,0,0,0,0,0,0.119114,1,"delegate_cpu_graph"
"CPU_Elastic","COMPUTE","Kcur_normed-10","MUL","",-1,0,-1,2048,1,1,1,8192,0.004948,1,"chunk_size_1"
"CPU_Elastic","COMPUTE","Kcur_normed-10 (reshaped)","RESHAPE","",-1,1,-1,128,16,1,1,8192,0.000521,1,"chunk_size_1"
"CPU_Elastic","COMPUTE","Kcur-10","ROPE","",-1,2,-1,128,16,1,1,8192,0.005782,1,"chunk_size_1"
"CPU_Elastic","COMPUTE","Vcur-10","MUL_MAT","",-1,3,-1,2048,1,1,1,8192,0.147136,1,"chunk_size_1"
"CPU_Elastic","COMPUTE","Vcur-10","RESHAPE","",-1,4,-1,128,16,1,1,8192,0.000625,1,"chunk_size_1"
"CPU_Elastic","COMPUTE","Kcur-10 (view)","VIEW","",-1,5,-1,2048,1,1,1,8192,0.000416,1,"chunk_size_1"
"CPU_Elastic","COMPUTE","cache_k_l10 (view)","SET_ROWS","",-1,6,-1,2048,512,1,1,2097152,0.001771,1,"chunk_size_1"
"CPU_Elastic","COMPUTE","Vcur-10 (view)","VIEW","",-1,7,-1,2048,1,1,1,8192,0.000417,1,"chunk_size_1"
"CPU_Elastic","COMPUTE","cache_v_l10 (view)","SET_ROWS","",-1,8,-1,2048,512,1,1,2097152,0.001615,1,"chunk_size_1"
"CPU_Elastic","COMPUTE","cache_v_l10 (view)","VIEW","",-1,9,-1,128,16,256,1,1048576,0.000416,1,"chunk_size_1"
"CPU_Elastic","COMPUTE","cache_v_l10 (view) (permuted)","PERMUTE","",-1,10,-1,128,256,16,1,1048576,0.000416,1,"chunk_size_1"
"CPU_Elastic","COMPUTE","cache_v_l10 (view) (permuted) (transposed)","TRANSPOSE","",-1,11,-1,256,128,16,1,1048576,0.000469,1,"chunk_size_1"
"CPU_Elastic","COMPUTE","v_cont-10","CONT","",-1,12,-1,256,128,16,1,1048576,0.518959,1,"chunk_size_1"
"CPU_Elastic","COMPUTE","cache_k_l10 (view)","VIEW","",-1,13,-1,128,16,256,1,1048576,0.000521,1,"chunk_size_1"
"CPU_Elastic","COMPUTE","cache_k_l10 (view) (permuted)","PERMUTE","",-1,14,-1,128,256,16,1,1048576,0.000417,1,"chunk_size_1"
"CPU_Elastic","COMPUTE","Qcur-10 (view)","VIEW","",-1,15,-1,128,16,1,1,8192,0.000365,1,"chunk_size_1"
"CPU_Elastic","COMPUTE","Qcur-10 (view) (permuted)","PERMUTE","",-1,16,-1,128,1,16,1,8192,0.000521,1,"chunk_size_1"
"CPU_Elastic","COMPUTE","kq-10","MUL_MAT","",-1,17,-1,256,1,16,1,16384,0.037552,1,"chunk_size_1"
"CPU_Elastic","COMPUTE","kq_soft_max-10","SOFT_MAX","",-1,18,-1,256,1,16,1,16384,0.016146,1,"chunk_size_1"
"CPU_Elastic","COMPUTE","kqv-10","MUL_MAT","",-1,19,-1,128,1,16,1,8192,0.041042,1,"chunk_size_1"
"CPU_Elastic","COMPUTE","kqv-10 (permuted)","PERMUTE","",-1,20,-1,128,16,1,1,8192,0.000885,1,"chunk_size_1"
"CPU_Elastic","COMPUTE","kqv_out-10","CONT","",-1,21,-1,2048,1,1,1,8192,0.005000,1,"chunk_size_1"
"CPU_Elastic","COMPUTE","node_662","MUL_MAT","",-1,22,-1,2048,1,1,1,8192,0.098854,1,"chunk_size_1"
"CPU_Elastic","COMPUTE","ffn_inp-10","ADD","",-1,23,-1,2048,1,1,1,8192,0.005208,1,"chunk_size_1"
"CPU_Elastic","COMPUTE_GRAPH","ggml_cgraph","GRAPH","",-1,24,-1,0,0,0,0,0,0.890002,1,"delegate_cpu_graph"
"CPU_Elastic","COMPUTE","ffn_norm-10","MUL","",-1,0,-1,2048,1,1,1,8192,0.004636,1,"chunk_size_1"
"CPU_Elastic","COMPUTE","ffn_moe_logits-10","MUL_MAT","",-1,1,-1,64,1,1,1,256,0.028698,1,"chunk_size_1"
"CPU_Elastic","COMPUTE","ffn_moe_probs-10","SOFT_MAX","",-1,2,-1,64,1,1,1,256,0.000937,1,"chunk_size_1"
"CPU_Elastic","COMPUTE","ffn_moe_probs-10 (reshaped)","RESHAPE","",-1,3,-1,1,64,1,1,256,0.000468,1,"chunk_size_1"
"CPU_Elastic","COMPUTE","ffn_moe_argsort-10","ARGSORT","",-1,4,-1,64,1,1,1,256,0.011407,1,"chunk_size_1"
"CPU_Elastic","COMPUTE","ffn_moe_topk-10","VIEW","",-1,5,-1,8,1,1,1,32,0.000521,1,"chunk_size_1"
"CPU_Elastic","COMPUTE","ffn_moe_weights-10","GET_ROWS","",-1,6,-1,1,8,1,1,32,0.000573,1,"chunk_size_1"
"CPU_Elastic","COMPUTE","ffn_norm-10 (reshaped)","RESHAPE","",-1,7,-1,2048,1,1,1,8192,0.000469,1,"chunk_size_1"
"CPU_Elastic","COMPUTE","ffn_moe_gate-10","MUL_MAT_ID","",-1,8,-1,1024,8,1,1,32768,0.371250,1,"chunk_size_1"
"CPU_Elastic","COMPUTE","ffn_moe_up-10","MUL_MAT_ID","",-1,9,-1,1024,8,1,1,32768,0.384323,1,"chunk_size_1"
"CPU_Elastic","COMPUTE","ffn_moe_weighted-10","GLU","",-1,10,-1,1024,8,1,1,32768,0.007812,1,"chunk_size_1"
"CPU_Elastic","COMPUTE","ffn_moe_down-10","MUL_MAT_ID","",-1,11,-1,2048,8,1,1,65536,0.538020,1,"chunk_size_1"
"CPU_Elastic","COMPUTE","node_677","MUL","",-1,12,-1,2048,8,1,1,65536,0.030573,1,"chunk_size_1"
"CPU_Elastic","COMPUTE"," (view)","VIEW","",-1,13,-1,2048,1,1,1,8192,0.000625,1,"chunk_size_1"
"CPU_Elastic","COMPUTE","node_677 (view)","VIEW","",-1,14,-1,2048,1,1,1,8192,0.000417,1,"chunk_size_1"
"CPU_Elastic","COMPUTE","node_677 (view)","VIEW","",-1,15,-1,2048,1,1,1,8192,0.000417,1,"chunk_size_1"
"CPU_Elastic","COMPUTE","node_677 (view)","VIEW","",-1,16,-1,2048,1,1,1,8192,0.000469,1,"chunk_size_1"
"CPU_Elastic","COMPUTE","node_677 (view)","VIEW","",-1,17,-1,2048,1,1,1,8192,0.000469,1,"chunk_size_1"
"CPU_Elastic","COMPUTE","node_677 (view)","VIEW","",-1,18,-1,2048,1,1,1,8192,0.000417,1,"chunk_size_1"
"CPU_Elastic","COMPUTE","node_677 (view)","VIEW","",-1,19,-1,2048,1,1,1,8192,0.000417,1,"chunk_size_1"
"CPU_Elastic","COMPUTE","node_677 (view)","VIEW","",-1,20,-1,2048,1,1,1,8192,0.000416,1,"chunk_size_1"
"CPU_Elastic","COMPUTE","node_686","ADD","",-1,21,-1,2048,1,1,1,8192,0.004323,1,"chunk_size_1"
"CPU_Elastic","COMPUTE","node_687","ADD","",-1,22,-1,2048,1,1,1,8192,0.005000,1,"chunk_size_1"
"CPU_Elastic","COMPUTE","node_688","ADD","",-1,23,-1,2048,1,1,1,8192,0.005209,1,"chunk_size_1"
"CPU_Elastic","COMPUTE","node_689","ADD","",-1,24,-1,2048,1,1,1,8192,0.004375,1,"chunk_size_1"
"CPU_Elastic","COMPUTE","node_690","ADD","",-1,25,-1,2048,1,1,1,8192,0.005261,1,"chunk_size_1"
"CPU_Elastic","COMPUTE","node_691","ADD","",-1,26,-1,2048,1,1,1,8192,0.004480,1,"chunk_size_1"
"CPU_Elastic","COMPUTE","ffn_moe_out-10","ADD","",-1,27,-1,2048,1,1,1,8192,0.004687,1,"chunk_size_1"
"CPU_Elastic","COMPUTE","l_out-10","ADD","",-1,28,-1,2048,1,1,1,8192,0.005156,1,"chunk_size_1"
"CPU_Elastic","COMPUTE_GRAPH","ggml_cgraph","GRAPH","",-1,29,-1,0,0,0,0,0,1.421825,1,"delegate_cpu_graph"
"CPU_Elastic","COMPUTE","attn_norm-11","MUL","",-1,0,-1,2048,1,1,1,8192,0.005625,1,"chunk_size_1"
"CPU_Elastic","COMPUTE","Qcur-11","MUL_MAT","",-1,1,-1,2048,1,1,1,8192,0.100677,1,"chunk_size_1"
"CPU_Elastic","COMPUTE_GRAPH","ggml_cgraph","GRAPH","",-1,2,-1,0,0,0,0,0,0.106302,1,"delegate_cpu_graph"
"CPU_Elastic","COMPUTE","Qcur_normed-11","MUL","",-1,0,-1,2048,1,1,1,8192,0.005573,1,"chunk_size_1"
"CPU_Elastic","COMPUTE","Qcur_normed-11 (reshaped)","RESHAPE","",-1,1,-1,128,16,1,1,8192,0.000573,1,"chunk_size_1"
"CPU_Elastic","COMPUTE","Qcur-11","ROPE","",-1,2,-1,128,16,1,1,8192,0.006094,1,"chunk_size_1"
"CPU_Elastic","COMPUTE","Kcur-11","MUL_MAT","",-1,3,-1,2048,1,1,1,8192,0.100364,1,"chunk_size_1"
"CPU_Elastic","COMPUTE_GRAPH","ggml_cgraph","GRAPH","",-1,4,-1,0,0,0,0,0,0.112604,1,"delegate_cpu_graph"
"CPU_Elastic","COMPUTE","Kcur_normed-11","MUL","",-1,0,-1,2048,1,1,1,8192,0.005052,1,"chunk_size_1"
"CPU_Elastic","COMPUTE","Kcur_normed-11 (reshaped)","RESHAPE","",-1,1,-1,128,16,1,1,8192,0.000730,1,"chunk_size_1"
"CPU_Elastic","COMPUTE","Kcur-11","ROPE","",-1,2,-1,128,16,1,1,8192,0.004479,1,"chunk_size_1"
"CPU_Elastic","COMPUTE","Vcur-11","MUL_MAT","",-1,3,-1,2048,1,1,1,8192,0.099011,1,"chunk_size_1"
"CPU_Elastic","COMPUTE","Vcur-11","RESHAPE","",-1,4,-1,128,16,1,1,8192,0.000573,1,"chunk_size_1"
"CPU_Elastic","COMPUTE","Kcur-11 (view)","VIEW","",-1,5,-1,2048,1,1,1,8192,0.000521,1,"chunk_size_1"
"CPU_Elastic","COMPUTE","cache_k_l11 (view)","SET_ROWS","",-1,6,-1,2048,512,1,1,2097152,0.001823,1,"chunk_size_1"
"CPU_Elastic","COMPUTE","Vcur-11 (view)","VIEW","",-1,7,-1,2048,1,1,1,8192,0.000469,1,"chunk_size_1"
"CPU_Elastic","COMPUTE","cache_v_l11 (view)","SET_ROWS","",-1,8,-1,2048,512,1,1,2097152,0.001667,1,"chunk_size_1"
"CPU_Elastic","COMPUTE","cache_v_l11 (view)","VIEW","",-1,9,-1,128,16,256,1,1048576,0.000469,1,"chunk_size_1"
"CPU_Elastic","COMPUTE","cache_v_l11 (view) (permuted)","PERMUTE","",-1,10,-1,128,256,16,1,1048576,0.000417,1,"chunk_size_1"
"CPU_Elastic","COMPUTE","cache_v_l11 (view) (permuted) (transposed)","TRANSPOSE","",-1,11,-1,256,128,16,1,1048576,0.000469,1,"chunk_size_1"
"CPU_Elastic","COMPUTE","v_cont-11","CONT","",-1,12,-1,256,128,16,1,1048576,0.519532,1,"chunk_size_1"
"CPU_Elastic","COMPUTE","cache_k_l11 (view)","VIEW","",-1,13,-1,128,16,256,1,1048576,0.000573,1,"chunk_size_1"
"CPU_Elastic","COMPUTE","cache_k_l11 (view) (permuted)","PERMUTE","",-1,14,-1,128,256,16,1,1048576,0.000469,1,"chunk_size_1"
"CPU_Elastic","COMPUTE","Qcur-11 (view)","VIEW","",-1,15,-1,128,16,1,1,8192,0.000417,1,"chunk_size_1"
"CPU_Elastic","COMPUTE","Qcur-11 (view) (permuted)","PERMUTE","",-1,16,-1,128,1,16,1,8192,0.000468,1,"chunk_size_1"
"CPU_Elastic","COMPUTE","kq-11","MUL_MAT","",-1,17,-1,256,1,16,1,16384,0.057136,1,"chunk_size_1"
"CPU_Elastic","COMPUTE","kq_soft_max-11","SOFT_MAX","",-1,18,-1,256,1,16,1,16384,0.017135,1,"chunk_size_1"
"CPU_Elastic","COMPUTE","kqv-11","MUL_MAT","",-1,19,-1,128,1,16,1,8192,0.040781,1,"chunk_size_1"
"CPU_Elastic","COMPUTE","kqv-11 (permuted)","PERMUTE","",-1,20,-1,128,16,1,1,8192,0.000417,1,"chunk_size_1"
"CPU_Elastic","COMPUTE","kqv_out-11","CONT","",-1,21,-1,2048,1,1,1,8192,0.005104,1,"chunk_size_1"
"CPU_Elastic","COMPUTE","node_725","MUL_MAT","",-1,22,-1,2048,1,1,1,8192,0.099062,1,"chunk_size_1"
"CPU_Elastic","COMPUTE","ffn_inp-11","ADD","",-1,23,-1,2048,1,1,1,8192,0.005416,1,"chunk_size_1"
"CPU_Elastic","COMPUTE_GRAPH","ggml_cgraph","GRAPH","",-1,24,-1,0,0,0,0,0,0.862190,1,"delegate_cpu_graph"
"CPU_Elastic","COMPUTE","ffn_norm-11","MUL","",-1,0,-1,2048,1,1,1,8192,0.005729,1,"chunk_size_1"
"CPU_Elastic","COMPUTE","ffn_moe_logits-11","MUL_MAT","",-1,1,-1,64,1,1,1,256,0.081771,1,"chunk_size_1"
"CPU_Elastic","COMPUTE","ffn_moe_probs-11","SOFT_MAX","",-1,2,-1,64,1,1,1,256,0.000990,1,"chunk_size_1"
"CPU_Elastic","COMPUTE","ffn_moe_probs-11 (reshaped)","RESHAPE","",-1,3,-1,1,64,1,1,256,0.000417,1,"chunk_size_1"
"CPU_Elastic","COMPUTE","ffn_moe_argsort-11","ARGSORT","",-1,4,-1,64,1,1,1,256,0.010833,1,"chunk_size_1"
"CPU_Elastic","COMPUTE","ffn_moe_topk-11","VIEW","",-1,5,-1,8,1,1,1,32,0.000521,1,"chunk_size_1"
"CPU_Elastic","COMPUTE","ffn_moe_weights-11","GET_ROWS","",-1,6,-1,1,8,1,1,32,0.000625,1,"chunk_size_1"
"CPU_Elastic","COMPUTE","ffn_norm-11 (reshaped)","RESHAPE","",-1,7,-1,2048,1,1,1,8192,0.000417,1,"chunk_size_1"
"CPU_Elastic","COMPUTE","ffn_moe_gate-11","MUL_MAT_ID","",-1,8,-1,1024,8,1,1,32768,0.385833,1,"chunk_size_1"
"CPU_Elastic","COMPUTE","ffn_moe_up-11","MUL_MAT_ID","",-1,9,-1,1024,8,1,1,32768,1.576303,1,"chunk_size_1"
"CPU_Elastic","COMPUTE","ffn_moe_weighted-11","GLU","",-1,10,-1,1024,8,1,1,32768,0.029843,1,"chunk_size_1"
"CPU_Elastic","COMPUTE","ffn_moe_down-11","MUL_MAT_ID","",-1,11,-1,2048,8,1,1,65536,0.420573,1,"chunk_size_1"
"CPU_Elastic","COMPUTE","node_740","MUL","",-1,12,-1,2048,8,1,1,65536,0.031146,1,"chunk_size_1"
"CPU_Elastic","COMPUTE"," (view)","VIEW","",-1,13,-1,2048,1,1,1,8192,0.000573,1,"chunk_size_1"
"CPU_Elastic","COMPUTE","node_740 (view)","VIEW","",-1,14,-1,2048,1,1,1,8192,0.000521,1,"chunk_size_1"
"CPU_Elastic","COMPUTE","node_740 (view)","VIEW","",-1,15,-1,2048,1,1,1,8192,0.000417,1,"chunk_size_1"
"CPU_Elastic","COMPUTE","node_740 (view)","VIEW","",-1,16,-1,2048,1,1,1,8192,0.000417,1,"chunk_size_1"
"CPU_Elastic","COMPUTE","node_740 (view)","VIEW","",-1,17,-1,2048,1,1,1,8192,0.000469,1,"chunk_size_1"
"CPU_Elastic","COMPUTE","node_740 (view)","VIEW","",-1,18,-1,2048,1,1,1,8192,0.000573,1,"chunk_size_1"
"CPU_Elastic","COMPUTE","node_740 (view)","VIEW","",-1,19,-1,2048,1,1,1,8192,0.000365,1,"chunk_size_1"
"CPU_Elastic","COMPUTE","node_740 (view)","VIEW","",-1,20,-1,2048,1,1,1,8192,0.000469,1,"chunk_size_1"
"CPU_Elastic","COMPUTE","node_749","ADD","",-1,21,-1,2048,1,1,1,8192,0.005312,1,"chunk_size_1"
"CPU_Elastic","COMPUTE","node_750","ADD","",-1,22,-1,2048,1,1,1,8192,0.005209,1,"chunk_size_1"
"CPU_Elastic","COMPUTE","node_751","ADD","",-1,23,-1,2048,1,1,1,8192,0.004479,1,"chunk_size_1"
"CPU_Elastic","COMPUTE","node_752","ADD","",-1,24,-1,2048,1,1,1,8192,0.005312,1,"chunk_size_1"
"CPU_Elastic","COMPUTE","node_753","ADD","",-1,25,-1,2048,1,1,1,8192,0.003959,1,"chunk_size_1"
"CPU_Elastic","COMPUTE","node_754","ADD","",-1,26,-1,2048,1,1,1,8192,0.004063,1,"chunk_size_1"
"CPU_Elastic","COMPUTE","ffn_moe_out-11","ADD","",-1,27,-1,2048,1,1,1,8192,0.005677,1,"chunk_size_1"
"CPU_Elastic","COMPUTE","l_out-11","ADD","",-1,28,-1,2048,1,1,1,8192,0.004479,1,"chunk_size_1"
"CPU_Elastic","COMPUTE_GRAPH","ggml_cgraph","GRAPH","",-1,29,-1,0,0,0,0,0,2.587295,1,"delegate_cpu_graph"
"CPU_Elastic","COMPUTE","attn_norm-12","MUL","",-1,0,-1,2048,1,1,1,8192,0.005157,1,"chunk_size_1"
"CPU_Elastic","COMPUTE","Qcur-12","MUL_MAT","",-1,1,-1,2048,1,1,1,8192,0.100625,1,"chunk_size_1"
"CPU_Elastic","COMPUTE_GRAPH","ggml_cgraph","GRAPH","",-1,2,-1,0,0,0,0,0,0.105782,1,"delegate_cpu_graph"
"CPU_Elastic","COMPUTE","Qcur_normed-12","MUL","",-1,0,-1,2048,1,1,1,8192,0.004948,1,"chunk_size_1"
"CPU_Elastic","COMPUTE","Qcur_normed-12 (reshaped)","RESHAPE","",-1,1,-1,128,16,1,1,8192,0.000625,1,"chunk_size_1"
"CPU_Elastic","COMPUTE","Qcur-12","ROPE","",-1,2,-1,128,16,1,1,8192,0.006146,1,"chunk_size_1"
"CPU_Elastic","COMPUTE","Kcur-12","MUL_MAT","",-1,3,-1,2048,1,1,1,8192,0.098542,1,"chunk_size_1"
"CPU_Elastic","COMPUTE_GRAPH","ggml_cgraph","GRAPH","",-1,4,-1,0,0,0,0,0,0.110261,1,"delegate_cpu_graph"
"CPU_Elastic","COMPUTE","Kcur_normed-12","MUL","",-1,0,-1,2048,1,1,1,8192,0.005104,1,"chunk_size_1"
"CPU_Elastic","COMPUTE","Kcur_normed-12 (reshaped)","RESHAPE","",-1,1,-1,128,16,1,1,8192,0.000521,1,"chunk_size_1"
"CPU_Elastic","COMPUTE","Kcur-12","ROPE","",-1,2,-1,128,16,1,1,8192,0.005937,1,"chunk_size_1"
"CPU_Elastic","COMPUTE","Vcur-12","MUL_MAT","",-1,3,-1,2048,1,1,1,8192,0.099948,1,"chunk_size_1"
"CPU_Elastic","COMPUTE","Vcur-12","RESHAPE","",-1,4,-1,128,16,1,1,8192,0.000573,1,"chunk_size_1"
"CPU_Elastic","COMPUTE","Kcur-12 (view)","VIEW","",-1,5,-1,2048,1,1,1,8192,0.000417,1,"chunk_size_1"
"CPU_Elastic","COMPUTE","cache_k_l12 (view)","SET_ROWS","",-1,6,-1,2048,512,1,1,2097152,0.001979,1,"chunk_size_1"
"CPU_Elastic","COMPUTE","Vcur-12 (view)","VIEW","",-1,7,-1,2048,1,1,1,8192,0.000417,1,"chunk_size_1"
"CPU_Elastic","COMPUTE","cache_v_l12 (view)","SET_ROWS","",-1,8,-1,2048,512,1,1,2097152,0.001718,1,"chunk_size_1"
"CPU_Elastic","COMPUTE","cache_v_l12 (view)","VIEW","",-1,9,-1,128,16,256,1,1048576,0.000469,1,"chunk_size_1"
"CPU_Elastic","COMPUTE","cache_v_l12 (view) (permuted)","PERMUTE","",-1,10,-1,128,256,16,1,1048576,0.000573,1,"chunk_size_1"
"CPU_Elastic","COMPUTE","cache_v_l12 (view) (permuted) (transposed)","TRANSPOSE","",-1,11,-1,256,128,16,1,1048576,0.000416,1,"chunk_size_1"
"CPU_Elastic","COMPUTE","v_cont-12","CONT","",-1,12,-1,256,128,16,1,1048576,0.550677,1,"chunk_size_1"
"CPU_Elastic","COMPUTE","cache_k_l12 (view)","VIEW","",-1,13,-1,128,16,256,1,1048576,0.000521,1,"chunk_size_1"
"CPU_Elastic","COMPUTE","cache_k_l12 (view) (permuted)","PERMUTE","",-1,14,-1,128,256,16,1,1048576,0.000521,1,"chunk_size_1"
"CPU_Elastic","COMPUTE","Qcur-12 (view)","VIEW","",-1,15,-1,128,16,1,1,8192,0.000417,1,"chunk_size_1"
"CPU_Elastic","COMPUTE","Qcur-12 (view) (permuted)","PERMUTE","",-1,16,-1,128,1,16,1,8192,0.000417,1,"chunk_size_1"
"CPU_Elastic","COMPUTE","kq-12","MUL_MAT","",-1,17,-1,256,1,16,1,16384,0.039271,1,"chunk_size_1"
"CPU_Elastic","COMPUTE","kq_soft_max-12","SOFT_MAX","",-1,18,-1,256,1,16,1,16384,0.017031,1,"chunk_size_1"
"CPU_Elastic","COMPUTE","kqv-12","MUL_MAT","",-1,19,-1,128,1,16,1,8192,0.044375,1,"chunk_size_1"
"CPU_Elastic","COMPUTE","kqv-12 (permuted)","PERMUTE","",-1,20,-1,128,16,1,1,8192,0.000417,1,"chunk_size_1"
"CPU_Elastic","COMPUTE","kqv_out-12","CONT","",-1,21,-1,2048,1,1,1,8192,0.004010,1,"chunk_size_1"
"CPU_Elastic","COMPUTE","node_788","MUL_MAT","",-1,22,-1,2048,1,1,1,8192,0.101094,1,"chunk_size_1"
"CPU_Elastic","COMPUTE","ffn_inp-12","ADD","",-1,23,-1,2048,1,1,1,8192,0.004219,1,"chunk_size_1"
"CPU_Elastic","COMPUTE_GRAPH","ggml_cgraph","GRAPH","",-1,24,-1,0,0,0,0,0,0.881042,1,"delegate_cpu_graph"
"CPU_Elastic","COMPUTE","ffn_norm-12","MUL","",-1,0,-1,2048,1,1,1,8192,0.004792,1,"chunk_size_1"
"CPU_Elastic","COMPUTE","ffn_moe_logits-12","MUL_MAT","",-1,1,-1,64,1,1,1,256,0.014583,1,"chunk_size_1"
"CPU_Elastic","COMPUTE","ffn_moe_probs-12","SOFT_MAX","",-1,2,-1,64,1,1,1,256,0.000937,1,"chunk_size_1"
"CPU_Elastic","COMPUTE","ffn_moe_probs-12 (reshaped)","RESHAPE","",-1,3,-1,1,64,1,1,256,0.000521,1,"chunk_size_1"
"CPU_Elastic","COMPUTE","ffn_moe_argsort-12","ARGSORT","",-1,4,-1,64,1,1,1,256,0.012344,1,"chunk_size_1"
"CPU_Elastic","COMPUTE","ffn_moe_topk-12","VIEW","",-1,5,-1,8,1,1,1,32,0.000573,1,"chunk_size_1"
"CPU_Elastic","COMPUTE","ffn_moe_weights-12","GET_ROWS","",-1,6,-1,1,8,1,1,32,0.000573,1,"chunk_size_1"
"CPU_Elastic","COMPUTE","ffn_norm-12 (reshaped)","RESHAPE","",-1,7,-1,2048,1,1,1,8192,0.000469,1,"chunk_size_1"
"CPU_Elastic","COMPUTE","ffn_moe_gate-12","MUL_MAT_ID","",-1,8,-1,1024,8,1,1,32768,0.386042,1,"chunk_size_1"
"CPU_Elastic","COMPUTE","ffn_moe_up-12","MUL_MAT_ID","",-1,9,-1,1024,8,1,1,32768,0.395677,1,"chunk_size_1"
"CPU_Elastic","COMPUTE","ffn_moe_weighted-12","GLU","",-1,10,-1,1024,8,1,1,32768,0.006927,1,"chunk_size_1"
"CPU_Elastic","COMPUTE","ffn_moe_down-12","MUL_MAT_ID","",-1,11,-1,2048,8,1,1,65536,0.400417,1,"chunk_size_1"
"CPU_Elastic","COMPUTE","node_803","MUL","",-1,12,-1,2048,8,1,1,65536,0.031771,1,"chunk_size_1"
"CPU_Elastic","COMPUTE"," (view)","VIEW","",-1,13,-1,2048,1,1,1,8192,0.000521,1,"chunk_size_1"
"CPU_Elastic","COMPUTE","node_803 (view)","VIEW","",-1,14,-1,2048,1,1,1,8192,0.000417,1,"chunk_size_1"
"CPU_Elastic","COMPUTE","node_803 (view)","VIEW","",-1,15,-1,2048,1,1,1,8192,0.000469,1,"chunk_size_1"
"CPU_Elastic","COMPUTE","node_803 (view)","VIEW","",-1,16,-1,2048,1,1,1,8192,0.000417,1,"chunk_size_1"
"CPU_Elastic","COMPUTE","node_803 (view)","VIEW","",-1,17,-1,2048,1,1,1,8192,0.000416,1,"chunk_size_1"
"CPU_Elastic","COMPUTE","node_803 (view)","VIEW","",-1,18,-1,2048,1,1,1,8192,0.000417,1,"chunk_size_1"
"CPU_Elastic","COMPUTE","node_803 (view)","VIEW","",-1,19,-1,2048,1,1,1,8192,0.000469,1,"chunk_size_1"
"CPU_Elastic","COMPUTE","node_803 (view)","VIEW","",-1,20,-1,2048,1,1,1,8192,0.000416,1,"chunk_size_1"
"CPU_Elastic","COMPUTE","node_812","ADD","",-1,21,-1,2048,1,1,1,8192,0.004583,1,"chunk_size_1"
"CPU_Elastic","COMPUTE","node_813","ADD","",-1,22,-1,2048,1,1,1,8192,0.005313,1,"chunk_size_1"
"CPU_Elastic","COMPUTE","node_814","ADD","",-1,23,-1,2048,1,1,1,8192,0.004219,1,"chunk_size_1"
"CPU_Elastic","COMPUTE","node_815","ADD","",-1,24,-1,2048,1,1,1,8192,0.003959,1,"chunk_size_1"
"CPU_Elastic","COMPUTE","node_816","ADD","",-1,25,-1,2048,1,1,1,8192,0.005052,1,"chunk_size_1"
"CPU_Elastic","COMPUTE","node_817","ADD","",-1,26,-1,2048,1,1,1,8192,0.003750,1,"chunk_size_1"
"CPU_Elastic","COMPUTE","ffn_moe_out-12","ADD","",-1,27,-1,2048,1,1,1,8192,0.004688,1,"chunk_size_1"
"CPU_Elastic","COMPUTE","l_out-12","ADD","",-1,28,-1,2048,1,1,1,8192,0.004948,1,"chunk_size_1"
"CPU_Elastic","COMPUTE_GRAPH","ggml_cgraph","GRAPH","",-1,29,-1,0,0,0,0,0,1.295680,1,"delegate_cpu_graph"
"CPU_Elastic","COMPUTE","attn_norm-13","MUL","",-1,0,-1,2048,1,1,1,8192,0.005312,1,"chunk_size_1"
"CPU_Elastic","COMPUTE","Qcur-13","MUL_MAT","",-1,1,-1,2048,1,1,1,8192,0.100833,1,"chunk_size_1"
"CPU_Elastic","COMPUTE_GRAPH","ggml_cgraph","GRAPH","",-1,2,-1,0,0,0,0,0,0.106145,1,"delegate_cpu_graph"
"CPU_Elastic","COMPUTE","Qcur_normed-13","MUL","",-1,0,-1,2048,1,1,1,8192,0.005156,1,"chunk_size_1"
"CPU_Elastic","COMPUTE","Qcur_normed-13 (reshaped)","RESHAPE","",-1,1,-1,128,16,1,1,8192,0.000573,1,"chunk_size_1"
"CPU_Elastic","COMPUTE","Qcur-13","ROPE","",-1,2,-1,128,16,1,1,8192,0.006094,1,"chunk_size_1"
"CPU_Elastic","COMPUTE","Kcur-13","MUL_MAT","",-1,3,-1,2048,1,1,1,8192,0.109167,1,"chunk_size_1"
"CPU_Elastic","COMPUTE_GRAPH","ggml_cgraph","GRAPH","",-1,4,-1,0,0,0,0,0,0.120990,1,"delegate_cpu_graph"
"CPU_Elastic","COMPUTE","Kcur_normed-13","MUL","",-1,0,-1,2048,1,1,1,8192,0.004792,1,"chunk_size_1"
"CPU_Elastic","COMPUTE","Kcur_normed-13 (reshaped)","RESHAPE","",-1,1,-1,128,16,1,1,8192,0.000521,1,"chunk_size_1"
"CPU_Elastic","COMPUTE","Kcur-13","ROPE","",-1,2,-1,128,16,1,1,8192,0.005989,1,"chunk_size_1"
"CPU_Elastic","COMPUTE","Vcur-13","MUL_MAT","",-1,3,-1,2048,1,1,1,8192,0.154948,1,"chunk_size_1"
"CPU_Elastic","COMPUTE","Vcur-13","RESHAPE","",-1,4,-1,128,16,1,1,8192,0.000468,1,"chunk_size_1"
"CPU_Elastic","COMPUTE","Kcur-13 (view)","VIEW","",-1,5,-1,2048,1,1,1,8192,0.000365,1,"chunk_size_1"
"CPU_Elastic","COMPUTE","cache_k_l13 (view)","SET_ROWS","",-1,6,-1,2048,512,1,1,2097152,0.001927,1,"chunk_size_1"
"CPU_Elastic","COMPUTE","Vcur-13 (view)","VIEW","",-1,7,-1,2048,1,1,1,8192,0.000469,1,"chunk_size_1"
"CPU_Elastic","COMPUTE","cache_v_l13 (view)","SET_ROWS","",-1,8,-1,2048,512,1,1,2097152,0.001667,1,"chunk_size_1"
"CPU_Elastic","COMPUTE","cache_v_l13 (view)","VIEW","",-1,9,-1,128,16,256,1,1048576,0.000417,1,"chunk_size_1"
"CPU_Elastic","COMPUTE","cache_v_l13 (view) (permuted)","PERMUTE","",-1,10,-1,128,256,16,1,1048576,0.000365,1,"chunk_size_1"
"CPU_Elastic","COMPUTE","cache_v_l13 (view) (permuted) (transposed)","TRANSPOSE","",-1,11,-1,256,128,16,1,1048576,0.000521,1,"chunk_size_1"
"CPU_Elastic","COMPUTE","v_cont-13","CONT","",-1,12,-1,256,128,16,1,1048576,0.549219,1,"chunk_size_1"
"CPU_Elastic","COMPUTE","cache_k_l13 (view)","VIEW","",-1,13,-1,128,16,256,1,1048576,0.000625,1,"chunk_size_1"
"CPU_Elastic","COMPUTE","cache_k_l13 (view) (permuted)","PERMUTE","",-1,14,-1,128,256,16,1,1048576,0.000417,1,"chunk_size_1"
"CPU_Elastic","COMPUTE","Qcur-13 (view)","VIEW","",-1,15,-1,128,16,1,1,8192,0.000469,1,"chunk_size_1"
"CPU_Elastic","COMPUTE","Qcur-13 (view) (permuted)","PERMUTE","",-1,16,-1,128,1,16,1,8192,0.000417,1,"chunk_size_1"
"CPU_Elastic","COMPUTE","kq-13","MUL_MAT","",-1,17,-1,256,1,16,1,16384,0.037917,1,"chunk_size_1"
"CPU_Elastic","COMPUTE","kq_soft_max-13","SOFT_MAX","",-1,18,-1,256,1,16,1,16384,0.016823,1,"chunk_size_1"
"CPU_Elastic","COMPUTE","kqv-13","MUL_MAT","",-1,19,-1,128,1,16,1,8192,0.037969,1,"chunk_size_1"
"CPU_Elastic","COMPUTE","kqv-13 (permuted)","PERMUTE","",-1,20,-1,128,16,1,1,8192,0.000469,1,"chunk_size_1"
"CPU_Elastic","COMPUTE","kqv_out-13","CONT","",-1,21,-1,2048,1,1,1,8192,0.005468,1,"chunk_size_1"
"CPU_Elastic","COMPUTE","node_851","MUL_MAT","",-1,22,-1,2048,1,1,1,8192,0.099687,1,"chunk_size_1"
"CPU_Elastic","COMPUTE","ffn_inp-13","ADD","",-1,23,-1,2048,1,1,1,8192,0.004115,1,"chunk_size_1"
"CPU_Elastic","COMPUTE_GRAPH","ggml_cgraph","GRAPH","",-1,24,-1,0,0,0,0,0,0.926044,1,"delegate_cpu_graph"
"CPU_Elastic","COMPUTE","ffn_norm-13","MUL","",-1,0,-1,2048,1,1,1,8192,0.004792,1,"chunk_size_1"
"CPU_Elastic","COMPUTE","ffn_moe_logits-13","MUL_MAT","",-1,1,-1,64,1,1,1,256,0.013281,1,"chunk_size_1"
"CPU_Elastic","COMPUTE","ffn_moe_probs-13","SOFT_MAX","",-1,2,-1,64,1,1,1,256,0.000938,1,"chunk_size_1"
"CPU_Elastic","COMPUTE","ffn_moe_probs-13 (reshaped)","RESHAPE","",-1,3,-1,1,64,1,1,256,0.000469,1,"chunk_size_1"
"CPU_Elastic","COMPUTE","ffn_moe_argsort-13","ARGSORT","",-1,4,-1,64,1,1,1,256,0.011458,1,"chunk_size_1"
"CPU_Elastic","COMPUTE","ffn_moe_topk-13","VIEW","",-1,5,-1,8,1,1,1,32,0.000573,1,"chunk_size_1"
"CPU_Elastic","COMPUTE","ffn_moe_weights-13","GET_ROWS","",-1,6,-1,1,8,1,1,32,0.000521,1,"chunk_size_1"
"CPU_Elastic","COMPUTE","ffn_norm-13 (reshaped)","RESHAPE","",-1,7,-1,2048,1,1,1,8192,0.000469,1,"chunk_size_1"
"CPU_Elastic","COMPUTE","ffn_moe_gate-13","MUL_MAT_ID","",-1,8,-1,1024,8,1,1,32768,0.384948,1,"chunk_size_1"
"CPU_Elastic","COMPUTE","ffn_moe_up-13","MUL_MAT_ID","",-1,9,-1,1024,8,1,1,32768,0.396511,1,"chunk_size_1"
"CPU_Elastic","COMPUTE","ffn_moe_weighted-13","GLU","",-1,10,-1,1024,8,1,1,32768,0.027031,1,"chunk_size_1"
"CPU_Elastic","COMPUTE","ffn_moe_down-13","MUL_MAT_ID","",-1,11,-1,2048,8,1,1,65536,0.544271,1,"chunk_size_1"
"CPU_Elastic","COMPUTE","node_866","MUL","",-1,12,-1,2048,8,1,1,65536,0.028855,1,"chunk_size_1"
"CPU_Elastic","COMPUTE"," (view)","VIEW","",-1,13,-1,2048,1,1,1,8192,0.000468,1,"chunk_size_1"
"CPU_Elastic","COMPUTE","node_866 (view)","VIEW","",-1,14,-1,2048,1,1,1,8192,0.000469,1,"chunk_size_1"
"CPU_Elastic","COMPUTE","node_866 (view)","VIEW","",-1,15,-1,2048,1,1,1,8192,0.000417,1,"chunk_size_1"
"CPU_Elastic","COMPUTE","node_866 (view)","VIEW","",-1,16,-1,2048,1,1,1,8192,0.000469,1,"chunk_size_1"
"CPU_Elastic","COMPUTE","node_866 (view)","VIEW","",-1,17,-1,2048,1,1,1,8192,0.000416,1,"chunk_size_1"
"CPU_Elastic","COMPUTE","node_866 (view)","VIEW","",-1,18,-1,2048,1,1,1,8192,0.000468,1,"chunk_size_1"
"CPU_Elastic","COMPUTE","node_866 (view)","VIEW","",-1,19,-1,2048,1,1,1,8192,0.000365,1,"chunk_size_1"
"CPU_Elastic","COMPUTE","node_866 (view)","VIEW","",-1,20,-1,2048,1,1,1,8192,0.000469,1,"chunk_size_1"
"CPU_Elastic","COMPUTE","node_875","ADD","",-1,21,-1,2048,1,1,1,8192,0.005000,1,"chunk_size_1"
"CPU_Elastic","COMPUTE","node_876","ADD","",-1,22,-1,2048,1,1,1,8192,0.004115,1,"chunk_size_1"
"CPU_Elastic","COMPUTE","node_877","ADD","",-1,23,-1,2048,1,1,1,8192,0.004375,1,"chunk_size_1"
"CPU_Elastic","COMPUTE","node_878","ADD","",-1,24,-1,2048,1,1,1,8192,0.005313,1,"chunk_size_1"
"CPU_Elastic","COMPUTE","node_879","ADD","",-1,25,-1,2048,1,1,1,8192,0.004375,1,"chunk_size_1"
"CPU_Elastic","COMPUTE","node_880","ADD","",-1,26,-1,2048,1,1,1,8192,0.004531,1,"chunk_size_1"
"CPU_Elastic","COMPUTE","ffn_moe_out-13","ADD","",-1,27,-1,2048,1,1,1,8192,0.004375,1,"chunk_size_1"
"CPU_Elastic","COMPUTE","l_out-13","ADD","",-1,28,-1,2048,1,1,1,8192,0.005209,1,"chunk_size_1"
"CPU_Elastic","COMPUTE_GRAPH","ggml_cgraph","GRAPH","",-1,29,-1,0,0,0,0,0,1.454951,1,"delegate_cpu_graph"
"CPU_Elastic","COMPUTE","attn_norm-14","MUL","",-1,0,-1,2048,1,1,1,8192,0.005625,1,"chunk_size_1"
"CPU_Elastic","COMPUTE","Qcur-14","MUL_MAT","",-1,1,-1,2048,1,1,1,8192,0.100729,1,"chunk_size_1"
"CPU_Elastic","COMPUTE_GRAPH","ggml_cgraph","GRAPH","",-1,2,-1,0,0,0,0,0,0.106354,1,"delegate_cpu_graph"
"CPU_Elastic","COMPUTE","Qcur_normed-14","MUL","",-1,0,-1,2048,1,1,1,8192,0.005000,1,"chunk_size_1"
"CPU_Elastic","COMPUTE","Qcur_normed-14 (reshaped)","RESHAPE","",-1,1,-1,128,16,1,1,8192,0.000573,1,"chunk_size_1"
"CPU_Elastic","COMPUTE","Qcur-14","ROPE","",-1,2,-1,128,16,1,1,8192,0.004583,1,"chunk_size_1"
"CPU_Elastic","COMPUTE","Kcur-14","MUL_MAT","",-1,3,-1,2048,1,1,1,8192,0.098125,1,"chunk_size_1"
"CPU_Elastic","COMPUTE_GRAPH","ggml_cgraph","GRAPH","",-1,4,-1,0,0,0,0,0,0.108281,1,"delegate_cpu_graph"
"CPU_Elastic","COMPUTE","Kcur_normed-14","MUL","",-1,0,-1,2048,1,1,1,8192,0.006667,1,"chunk_size_1"
"CPU_Elastic","COMPUTE","Kcur_normed-14 (reshaped)","RESHAPE","",-1,1,-1,128,16,1,1,8192,0.000521,1,"chunk_size_1"
"CPU_Elastic","COMPUTE","Kcur-14","ROPE","",-1,2,-1,128,16,1,1,8192,0.005729,1,"chunk_size_1"
"CPU_Elastic","COMPUTE","Vcur-14","MUL_MAT","",-1,3,-1,2048,1,1,1,8192,0.162083,1,"chunk_size_1"
"CPU_Elastic","COMPUTE","Vcur-14","RESHAPE","",-1,4,-1,128,16,1,1,8192,0.000625,1,"chunk_size_1"
"CPU_Elastic","COMPUTE","Kcur-14 (view)","VIEW","",-1,5,-1,2048,1,1,1,8192,0.000469,1,"chunk_size_1"
"CPU_Elastic","COMPUTE","cache_k_l14 (view)","SET_ROWS","",-1,6,-1,2048,512,1,1,2097152,0.001718,1,"chunk_size_1"
"CPU_Elastic","COMPUTE","Vcur-14 (view)","VIEW","",-1,7,-1,2048,1,1,1,8192,0.000365,1,"chunk_size_1"
"CPU_Elastic","COMPUTE","cache_v_l14 (view)","SET_ROWS","",-1,8,-1,2048,512,1,1,2097152,0.001614,1,"chunk_size_1"
"CPU_Elastic","COMPUTE","cache_v_l14 (view)","VIEW","",-1,9,-1,128,16,256,1,1048576,0.000469,1,"chunk_size_1"
"CPU_Elastic","COMPUTE","cache_v_l14 (view) (permuted)","PERMUTE","",-1,10,-1,128,256,16,1,1048576,0.000417,1,"chunk_size_1"
"CPU_Elastic","COMPUTE","cache_v_l14 (view) (permuted) (transposed)","TRANSPOSE","",-1,11,-1,256,128,16,1,1048576,0.000468,1,"chunk_size_1"
"CPU_Elastic","COMPUTE","v_cont-14","CONT","",-1,12,-1,256,128,16,1,1048576,0.548229,1,"chunk_size_1"
"CPU_Elastic","COMPUTE","cache_k_l14 (view)","VIEW","",-1,13,-1,128,16,256,1,1048576,0.000468,1,"chunk_size_1"
"CPU_Elastic","COMPUTE","cache_k_l14 (view) (permuted)","PERMUTE","",-1,14,-1,128,256,16,1,1048576,0.000468,1,"chunk_size_1"
"CPU_Elastic","COMPUTE","Qcur-14 (view)","VIEW","",-1,15,-1,128,16,1,1,8192,0.000469,1,"chunk_size_1"
"CPU_Elastic","COMPUTE","Qcur-14 (view) (permuted)","PERMUTE","",-1,16,-1,128,1,16,1,8192,0.000521,1,"chunk_size_1"
"CPU_Elastic","COMPUTE","kq-14","MUL_MAT","",-1,17,-1,256,1,16,1,16384,0.037813,1,"chunk_size_1"
"CPU_Elastic","COMPUTE","kq_soft_max-14","SOFT_MAX","",-1,18,-1,256,1,16,1,16384,0.015990,1,"chunk_size_1"
"CPU_Elastic","COMPUTE","kqv-14","MUL_MAT","",-1,19,-1,128,1,16,1,8192,0.042135,1,"chunk_size_1"
"CPU_Elastic","COMPUTE","kqv-14 (permuted)","PERMUTE","",-1,20,-1,128,16,1,1,8192,0.000573,1,"chunk_size_1"
"CPU_Elastic","COMPUTE","kqv_out-14","CONT","",-1,21,-1,2048,1,1,1,8192,0.005052,1,"chunk_size_1"
"CPU_Elastic","COMPUTE","node_914","MUL_MAT","",-1,22,-1,2048,1,1,1,8192,0.098177,1,"chunk_size_1"
"CPU_Elastic","COMPUTE","ffn_inp-14","ADD","",-1,23,-1,2048,1,1,1,8192,0.003646,1,"chunk_size_1"
"CPU_Elastic","COMPUTE_GRAPH","ggml_cgraph","GRAPH","",-1,24,-1,0,0,0,0,0,0.934686,1,"delegate_cpu_graph"
"CPU_Elastic","COMPUTE","ffn_norm-14","MUL","",-1,0,-1,2048,1,1,1,8192,0.004948,1,"chunk_size_1"
"CPU_Elastic","COMPUTE","ffn_moe_logits-14","MUL_MAT","",-1,1,-1,64,1,1,1,256,0.015156,1,"chunk_size_1"
"CPU_Elastic","COMPUTE","ffn_moe_probs-14","SOFT_MAX","",-1,2,-1,64,1,1,1,256,0.000886,1,"chunk_size_1"
"CPU_Elastic","COMPUTE","ffn_moe_probs-14 (reshaped)","RESHAPE","",-1,3,-1,1,64,1,1,256,0.000468,1,"chunk_size_1"
"CPU_Elastic","COMPUTE","ffn_moe_argsort-14","ARGSORT","",-1,4,-1,64,1,1,1,256,0.011718,1,"chunk_size_1"
"CPU_Elastic","COMPUTE","ffn_moe_topk-14","VIEW","",-1,5,-1,8,1,1,1,32,0.000625,1,"chunk_size_1"
"CPU_Elastic","COMPUTE","ffn_moe_weights-14","GET_ROWS","",-1,6,-1,1,8,1,1,32,0.000521,1,"chunk_size_1"
"CPU_Elastic","COMPUTE","ffn_norm-14 (reshaped)","RESHAPE","",-1,7,-1,2048,1,1,1,8192,0.000417,1,"chunk_size_1"
"CPU_Elastic","COMPUTE","ffn_moe_gate-14","MUL_MAT_ID","",-1,8,-1,1024,8,1,1,32768,0.387604,1,"chunk_size_1"
"CPU_Elastic","COMPUTE","ffn_moe_up-14","MUL_MAT_ID","",-1,9,-1,1024,8,1,1,32768,0.400521,1,"chunk_size_1"
"CPU_Elastic","COMPUTE","ffn_moe_weighted-14","GLU","",-1,10,-1,1024,8,1,1,32768,0.025729,1,"chunk_size_1"
"CPU_Elastic","COMPUTE","ffn_moe_down-14","MUL_MAT_ID","",-1,11,-1,2048,8,1,1,65536,0.559635,1,"chunk_size_1"
"CPU_Elastic","COMPUTE","node_929","MUL","",-1,12,-1,2048,8,1,1,65536,0.031771,1,"chunk_size_1"
"CPU_Elastic","COMPUTE"," (view)","VIEW","",-1,13,-1,2048,1,1,1,8192,0.000625,1,"chunk_size_1"
"CPU_Elastic","COMPUTE","node_929 (view)","VIEW","",-1,14,-1,2048,1,1,1,8192,0.000417,1,"chunk_size_1"
"CPU_Elastic","COMPUTE","node_929 (view)","VIEW","",-1,15,-1,2048,1,1,1,8192,0.000417,1,"chunk_size_1"
"CPU_Elastic","COMPUTE","node_929 (view)","VIEW","",-1,16,-1,2048,1,1,1,8192,0.000416,1,"chunk_size_1"
"CPU_Elastic","COMPUTE","node_929 (view)","VIEW","",-1,17,-1,2048,1,1,1,8192,0.000521,1,"chunk_size_1"
"CPU_Elastic","COMPUTE","node_929 (view)","VIEW","",-1,18,-1,2048,1,1,1,8192,0.000365,1,"chunk_size_1"
"CPU_Elastic","COMPUTE","node_929 (view)","VIEW","",-1,19,-1,2048,1,1,1,8192,0.000416,1,"chunk_size_1"
"CPU_Elastic","COMPUTE","node_929 (view)","VIEW","",-1,20,-1,2048,1,1,1,8192,0.000469,1,"chunk_size_1"
"CPU_Elastic","COMPUTE","node_938","ADD","",-1,21,-1,2048,1,1,1,8192,0.003698,1,"chunk_size_1"
"CPU_Elastic","COMPUTE","node_939","ADD","",-1,22,-1,2048,1,1,1,8192,0.005573,1,"chunk_size_1"
"CPU_Elastic","COMPUTE","node_940","ADD","",-1,23,-1,2048,1,1,1,8192,0.005052,1,"chunk_size_1"
"CPU_Elastic","COMPUTE","node_941","ADD","",-1,24,-1,2048,1,1,1,8192,0.005417,1,"chunk_size_1"
"CPU_Elastic","COMPUTE","node_942","ADD","",-1,25,-1,2048,1,1,1,8192,0.003958,1,"chunk_size_1"
"CPU_Elastic","COMPUTE","node_943","ADD","",-1,26,-1,2048,1,1,1,8192,0.004427,1,"chunk_size_1"
"CPU_Elastic","COMPUTE","ffn_moe_out-14","ADD","",-1,27,-1,2048,1,1,1,8192,0.005156,1,"chunk_size_1"
"CPU_Elastic","COMPUTE","l_out-14","ADD","",-1,28,-1,2048,1,1,1,8192,0.004843,1,"chunk_size_1"
"CPU_Elastic","COMPUTE_GRAPH","ggml_cgraph","GRAPH","",-1,29,-1,0,0,0,0,0,1.481769,1,"delegate_cpu_graph"
"CPU_Elastic","COMPUTE","attn_norm-15","MUL","",-1,0,-1,2048,1,1,1,8192,0.005052,1,"chunk_size_1"
"CPU_Elastic","COMPUTE","Qcur-15","MUL_MAT","",-1,1,-1,2048,1,1,1,8192,0.099791,1,"chunk_size_1"
"CPU_Elastic","COMPUTE_GRAPH","ggml_cgraph","GRAPH","",-1,2,-1,0,0,0,0,0,0.104843,1,"delegate_cpu_graph"
"CPU_Elastic","COMPUTE","Qcur_normed-15","MUL","",-1,0,-1,2048,1,1,1,8192,0.005052,1,"chunk_size_1"
"CPU_Elastic","COMPUTE","Qcur_normed-15 (reshaped)","RESHAPE","",-1,1,-1,128,16,1,1,8192,0.000573,1,"chunk_size_1"
"CPU_Elastic","COMPUTE","Qcur-15","ROPE","",-1,2,-1,128,16,1,1,8192,0.005000,1,"chunk_size_1"
"CPU_Elastic","COMPUTE","Kcur-15","MUL_MAT","",-1,3,-1,2048,1,1,1,8192,0.100104,1,"chunk_size_1"
"CPU_Elastic","COMPUTE_GRAPH","ggml_cgraph","GRAPH","",-1,4,-1,0,0,0,0,0,0.110729,1,"delegate_cpu_graph"
"CPU_Elastic","COMPUTE","Kcur_normed-15","MUL","",-1,0,-1,2048,1,1,1,8192,0.006250,1,"chunk_size_1"
"CPU_Elastic","COMPUTE","Kcur_normed-15 (reshaped)","RESHAPE","",-1,1,-1,128,16,1,1,8192,0.000573,1,"chunk_size_1"
"CPU_Elastic","COMPUTE","Kcur-15","ROPE","",-1,2,-1,128,16,1,1,8192,0.006198,1,"chunk_size_1"
"CPU_Elastic","COMPUTE","Vcur-15","MUL_MAT","",-1,3,-1,2048,1,1,1,8192,0.162083,1,"chunk_size_1"
"CPU_Elastic","COMPUTE","Vcur-15","RESHAPE","",-1,4,-1,128,16,1,1,8192,0.000521,1,"chunk_size_1"
"CPU_Elastic","COMPUTE","Kcur-15 (view)","VIEW","",-1,5,-1,2048,1,1,1,8192,0.000573,1,"chunk_size_1"
"CPU_Elastic","COMPUTE","cache_k_l15 (view)","SET_ROWS","",-1,6,-1,2048,512,1,1,2097152,0.001771,1,"chunk_size_1"
"CPU_Elastic","COMPUTE","Vcur-15 (view)","VIEW","",-1,7,-1,2048,1,1,1,8192,0.000416,1,"chunk_size_1"
"CPU_Elastic","COMPUTE","cache_v_l15 (view)","SET_ROWS","",-1,8,-1,2048,512,1,1,2097152,0.001667,1,"chunk_size_1"
"CPU_Elastic","COMPUTE","cache_v_l15 (view)","VIEW","",-1,9,-1,128,16,256,1,1048576,0.000520,1,"chunk_size_1"
"CPU_Elastic","COMPUTE","cache_v_l15 (view) (permuted)","PERMUTE","",-1,10,-1,128,256,16,1,1048576,0.000469,1,"chunk_size_1"
"CPU_Elastic","COMPUTE","cache_v_l15 (view) (permuted) (transposed)","TRANSPOSE","",-1,11,-1,256,128,16,1,1048576,0.000468,1,"chunk_size_1"
"CPU_Elastic","COMPUTE","v_cont-15","CONT","",-1,12,-1,256,128,16,1,1048576,0.547968,1,"chunk_size_1"
"CPU_Elastic","COMPUTE","cache_k_l15 (view)","VIEW","",-1,13,-1,128,16,256,1,1048576,0.000573,1,"chunk_size_1"
"CPU_Elastic","COMPUTE","cache_k_l15 (view) (permuted)","PERMUTE","",-1,14,-1,128,256,16,1,1048576,0.000417,1,"chunk_size_1"
"CPU_Elastic","COMPUTE","Qcur-15 (view)","VIEW","",-1,15,-1,128,16,1,1,8192,0.000417,1,"chunk_size_1"
"CPU_Elastic","COMPUTE","Qcur-15 (view) (permuted)","PERMUTE","",-1,16,-1,128,1,16,1,8192,0.000469,1,"chunk_size_1"
"CPU_Elastic","COMPUTE","kq-15","MUL_MAT","",-1,17,-1,256,1,16,1,16384,0.055469,1,"chunk_size_1"
"CPU_Elastic","COMPUTE","kq_soft_max-15","SOFT_MAX","",-1,18,-1,256,1,16,1,16384,0.017083,1,"chunk_size_1"
"CPU_Elastic","COMPUTE","kqv-15","MUL_MAT","",-1,19,-1,128,1,16,1,8192,0.043958,1,"chunk_size_1"
"CPU_Elastic","COMPUTE","kqv-15 (permuted)","PERMUTE","",-1,20,-1,128,16,1,1,8192,0.000468,1,"chunk_size_1"
"CPU_Elastic","COMPUTE","kqv_out-15","CONT","",-1,21,-1,2048,1,1,1,8192,0.005313,1,"chunk_size_1"
"CPU_Elastic","COMPUTE","node_977","MUL_MAT","",-1,22,-1,2048,1,1,1,8192,0.100521,1,"chunk_size_1"
"CPU_Elastic","COMPUTE","node_978","GET_ROWS","",-1,23,-1,2048,1,1,1,8192,0.000990,1,"chunk_size_1"
"CPU_Elastic","COMPUTE","node_979","GET_ROWS","",-1,24,-1,2048,1,1,1,8192,0.000938,1,"chunk_size_1"
"CPU_Elastic","COMPUTE","ffn_inp-15","ADD","",-1,25,-1,2048,1,1,1,8192,0.003906,1,"chunk_size_1"
"CPU_Elastic","COMPUTE_GRAPH","ggml_cgraph","GRAPH","",-1,26,-1,0,0,0,0,0,0.959999,1,"delegate_cpu_graph"
"CPU_Elastic","COMPUTE","ffn_norm-15","MUL","",-1,0,-1,2048,1,1,1,8192,0.005521,1,"chunk_size_1"
"CPU_Elastic","COMPUTE","ffn_moe_logits-15","MUL_MAT","",-1,1,-1,64,1,1,1,256,0.012917,1,"chunk_size_1"
"CPU_Elastic","COMPUTE","ffn_moe_probs-15","SOFT_MAX","",-1,2,-1,64,1,1,1,256,0.001042,1,"chunk_size_1"
"CPU_Elastic","COMPUTE","ffn_moe_probs-15 (reshaped)","RESHAPE","",-1,3,-1,1,64,1,1,256,0.000469,1,"chunk_size_1"
"CPU_Elastic","COMPUTE","ffn_moe_argsort-15","ARGSORT","",-1,4,-1,64,1,1,1,256,0.010677,1,"chunk_size_1"
"CPU_Elastic","COMPUTE","ffn_moe_topk-15","VIEW","",-1,5,-1,8,1,1,1,32,0.000625,1,"chunk_size_1"
"CPU_Elastic","COMPUTE","ffn_moe_weights-15","GET_ROWS","",-1,6,-1,1,8,1,1,32,0.000521,1,"chunk_size_1"
"CPU_Elastic","COMPUTE","ffn_norm-15 (reshaped)","RESHAPE","",-1,7,-1,2048,1,1,1,8192,0.000417,1,"chunk_size_1"
"CPU_Elastic","COMPUTE","ffn_moe_gate-15","MUL_MAT_ID","",-1,8,-1,1024,8,1,1,32768,0.471198,1,"chunk_size_1"
"CPU_Elastic","COMPUTE","ffn_moe_up-15","MUL_MAT_ID","",-1,9,-1,1024,8,1,1,32768,0.394427,1,"chunk_size_1"
"CPU_Elastic","COMPUTE","ffn_moe_weighted-15","GLU","",-1,10,-1,1024,8,1,1,32768,0.027135,1,"chunk_size_1"
"CPU_Elastic","COMPUTE","ffn_moe_down-15","MUL_MAT_ID","",-1,11,-1,2048,8,1,1,65536,0.605000,1,"chunk_size_1"
"CPU_Elastic","COMPUTE","node_994","MUL","",-1,12,-1,2048,8,1,1,65536,0.029791,1,"chunk_size_1"
"CPU_Elastic","COMPUTE"," (view)","VIEW","",-1,13,-1,2048,1,1,1,8192,0.000625,1,"chunk_size_1"
"CPU_Elastic","COMPUTE","node_994 (view)","VIEW","",-1,14,-1,2048,1,1,1,8192,0.000469,1,"chunk_size_1"
"CPU_Elastic","COMPUTE","node_994 (view)","VIEW","",-1,15,-1,2048,1,1,1,8192,0.000417,1,"chunk_size_1"
"CPU_Elastic","COMPUTE","node_994 (view)","VIEW","",-1,16,-1,2048,1,1,1,8192,0.000521,1,"chunk_size_1"
"CPU_Elastic","COMPUTE","node_994 (view)","VIEW","",-1,17,-1,2048,1,1,1,8192,0.000417,1,"chunk_size_1"
"CPU_Elastic","COMPUTE","node_994 (view)","VIEW","",-1,18,-1,2048,1,1,1,8192,0.000417,1,"chunk_size_1"
"CPU_Elastic","COMPUTE","node_994 (view)","VIEW","",-1,19,-1,2048,1,1,1,8192,0.000417,1,"chunk_size_1"
"CPU_Elastic","COMPUTE","node_994 (view)","VIEW","",-1,20,-1,2048,1,1,1,8192,0.000573,1,"chunk_size_1"
"CPU_Elastic","COMPUTE","node_1003","ADD","",-1,21,-1,2048,1,1,1,8192,0.005156,1,"chunk_size_1"
"CPU_Elastic","COMPUTE","node_1004","ADD","",-1,22,-1,2048,1,1,1,8192,0.004896,1,"chunk_size_1"
"CPU_Elastic","COMPUTE","node_1005","ADD","",-1,23,-1,2048,1,1,1,8192,0.005729,1,"chunk_size_1"
"CPU_Elastic","COMPUTE","node_1006","ADD","",-1,24,-1,2048,1,1,1,8192,0.004531,1,"chunk_size_1"
"CPU_Elastic","COMPUTE","node_1007","ADD","",-1,25,-1,2048,1,1,1,8192,0.004844,1,"chunk_size_1"
"CPU_Elastic","COMPUTE","node_1008","ADD","",-1,26,-1,2048,1,1,1,8192,0.003750,1,"chunk_size_1"
"CPU_Elastic","COMPUTE","ffn_moe_out-15","ADD","",-1,27,-1,2048,1,1,1,8192,0.004428,1,"chunk_size_1"
"CPU_Elastic","COMPUTE","l_out-15","ADD","",-1,28,-1,2048,1,1,1,8192,0.004479,1,"chunk_size_1"
"CPU_Elastic","COMPUTE","norm","RMS_NORM","",-1,29,-1,2048,1,1,1,8192,0.006771,1,"chunk_size_1"
"CPU_Elastic","COMPUTE","result_norm","MUL","",-1,30,-1,2048,1,1,1,8192,0.004427,1,"chunk_size_1"
"CPU_Elastic","COMPUTE","result_output","MUL_MAT","",-1,31,-1,50304,1,1,1,201216,3.364010,1,"chunk_size_1"
"CPU_Elastic","COMPUTE_GRAPH","ggml_cgraph","GRAPH","",-1,32,-1,0,0,0,0,0,4.976617,1,"delegate_cpu_graph"
