backend,kind,name,op,quant,token,op_id,weight_id,ne0,ne1,ne2,ne3,bytes,ms,ok,extra
"CPU_Elastic","COMPUTE_GRAPH","ggml_cgraph","GRAPH","",-1,1,-1,0,0,0,0,0,1.074635,1,"delegate_cpu_graph"
"CPU_Elastic","COMPUTE_GRAPH","ggml_cgraph","GRAPH","",-1,1,-1,0,0,0,0,0,3.242917,1,"delegate_cpu_graph"
"OpenCL","RELOAD_ENSURE","blk.0.attn_q_norm.weight","","",-1,-1,4,0,0,0,0,8192,2.604583,1,"decode_ensure"
"OpenCL","COMPUTE","Qcur-0","ROPE","f32",-1,3,-1,128,16,10,1,81920,0.503281,1,"clFinish_profiled"
"CPU_Elastic","COMPUTE_GRAPH","ggml_cgraph","GRAPH","",-1,1,-1,0,0,0,0,0,2.619219,1,"delegate_cpu_graph"
"OpenCL","RELOAD_ENSURE","blk.0.attn_k_norm.weight","","",-1,-1,5,0,0,0,0,8192,0.359115,1,"decode_ensure"
"OpenCL","COMPUTE","Kcur-0","ROPE","f32",-1,3,-1,128,16,10,1,81920,0.457239,1,"clFinish_profiled"
"OpenCL","COMPUTE","Vcur-0","MUL_MAT","f32",-1,4,-1,2048,10,1,1,81920,1.531927,1,"clFinish_profiled"
"OpenCL","COMPUTE","cache_k_l0 (view)","SET_ROWS","f16",-1,7,-1,2048,512,1,1,2097152,0.168542,1,"clFinish_profiled"
"OpenCL","COMPUTE","cache_v_l0 (view)","SET_ROWS","f16",-1,9,-1,2048,512,1,1,2097152,0.160261,1,"clFinish_profiled"
"OpenCL","COMPUTE"," (copy)","CPY","f16",-1,16,-1,256,64,1,1,32768,0.162396,1,"clFinish_profiled"
"OpenCL","COMPUTE","__fattn__-0","FLASH_ATTN_EXT","f32",-1,17,-1,128,16,10,1,81920,1.190833,1,"clFinish_profiled"
"CPU_Elastic","COMPUTE_GRAPH","ggml_cgraph","GRAPH","",-1,2,-1,0,0,0,0,0,2.497083,1,"delegate_cpu_graph"
"OpenCL","RELOAD_ENSURE","blk.0.ffn_gate_inp.weight","","",-1,-1,7,0,0,0,0,524288,2.006927,1,"decode_ensure"
"OpenCL","COMPUTE","ffn_moe_logits-0","MUL_MAT","f32",-1,2,-1,64,10,1,1,2560,0.627135,1,"clFinish_profiled"
"OpenCL","COMPUTE","ffn_moe_probs-0","SOFT_MAX","f32",-1,3,-1,64,10,1,1,2560,0.160990,1,"clFinish_profiled"
"OpenCL","COMPUTE","ffn_moe_argsort-0","ARGSORT","i32",-1,5,-1,64,10,1,1,2560,0.173542,1,"clFinish_profiled"
"OpenCL","COMPUTE","ffn_moe_weights-0","GET_ROWS","f32",-1,7,-1,1,8,10,1,320,0.143334,1,"clFinish_profiled"
"CPU_Elastic","COMPUTE_GRAPH","ggml_cgraph","GRAPH","",-1,21,-1,0,0,0,0,0,29.562917,1,"delegate_cpu_graph"
"CPU_Elastic","COMPUTE_GRAPH","ggml_cgraph","GRAPH","",-1,1,-1,0,0,0,0,0,3.016042,1,"delegate_cpu_graph"
"OpenCL","RELOAD_ENSURE","blk.1.attn_q_norm.weight","","",-1,-1,10,0,0,0,0,8192,0.759896,1,"decode_ensure"
"OpenCL","COMPUTE","Qcur-1","ROPE","f32",-1,3,-1,128,16,10,1,81920,0.398125,1,"clFinish_profiled"
"CPU_Elastic","COMPUTE_GRAPH","ggml_cgraph","GRAPH","",-1,1,-1,0,0,0,0,0,4.452916,1,"delegate_cpu_graph"
"OpenCL","RELOAD_ENSURE","blk.1.attn_k_norm.weight","","",-1,-1,11,0,0,0,0,8192,0.357812,1,"decode_ensure"
"OpenCL","COMPUTE","Kcur-1","ROPE","f32",-1,3,-1,128,16,10,1,81920,0.530313,1,"clFinish_profiled"
"OpenCL","COMPUTE","Vcur-1","MUL_MAT","f32",-1,4,-1,2048,10,1,1,81920,1.651511,1,"clFinish_profiled"
"OpenCL","COMPUTE","cache_k_l1 (view)","SET_ROWS","f16",-1,7,-1,2048,512,1,1,2097152,0.516875,1,"clFinish_profiled"
"OpenCL","COMPUTE","cache_v_l1 (view)","SET_ROWS","f16",-1,9,-1,2048,512,1,1,2097152,0.204531,1,"clFinish_profiled"
"OpenCL","COMPUTE","__fattn__-1","FLASH_ATTN_EXT","f32",-1,16,-1,128,16,10,1,81920,1.232136,1,"clFinish_profiled"
"CPU_Elastic","COMPUTE_GRAPH","ggml_cgraph","GRAPH","",-1,2,-1,0,0,0,0,0,5.024791,1,"delegate_cpu_graph"
"OpenCL","RELOAD_ENSURE","blk.1.ffn_gate_inp.weight","","",-1,-1,13,0,0,0,0,524288,1.776980,1,"decode_ensure"
"OpenCL","COMPUTE","ffn_moe_logits-1","MUL_MAT","f32",-1,2,-1,64,10,1,1,2560,0.714792,1,"clFinish_profiled"
"OpenCL","COMPUTE","ffn_moe_probs-1","SOFT_MAX","f32",-1,3,-1,64,10,1,1,2560,0.206042,1,"clFinish_profiled"
"OpenCL","COMPUTE","ffn_moe_argsort-1","ARGSORT","i32",-1,5,-1,64,10,1,1,2560,0.206458,1,"clFinish_profiled"
"OpenCL","COMPUTE","ffn_moe_weights-1","GET_ROWS","f32",-1,7,-1,1,8,10,1,320,0.195834,1,"clFinish_profiled"
"CPU_Elastic","COMPUTE_GRAPH","ggml_cgraph","GRAPH","",-1,21,-1,0,0,0,0,0,45.026615,1,"delegate_cpu_graph"
"CPU_Elastic","COMPUTE_GRAPH","ggml_cgraph","GRAPH","",-1,1,-1,0,0,0,0,0,3.307292,1,"delegate_cpu_graph"
"OpenCL","RELOAD_ENSURE","blk.2.attn_q_norm.weight","","",-1,-1,15,0,0,0,0,8192,0.832136,1,"decode_ensure"
"OpenCL","COMPUTE","Qcur-2","ROPE","f32",-1,3,-1,128,16,10,1,81920,0.472552,1,"clFinish_profiled"
"CPU_Elastic","COMPUTE_GRAPH","ggml_cgraph","GRAPH","",-1,1,-1,0,0,0,0,0,4.817396,1,"delegate_cpu_graph"
"OpenCL","RELOAD_ENSURE","blk.2.attn_k_norm.weight","","",-1,-1,16,0,0,0,0,8192,0.791823,1,"decode_ensure"
"OpenCL","COMPUTE","Kcur-2","ROPE","f32",-1,3,-1,128,16,10,1,81920,0.964636,1,"clFinish_profiled"
"CPU_Elastic","COMPUTE_GRAPH","ggml_cgraph","GRAPH","",-1,3,-1,0,0,0,0,0,5.397552,1,"delegate_cpu_graph"
"OpenCL","COMPUTE","cache_k_l2 (view)","SET_ROWS","f16",-1,0,-1,2048,512,1,1,2097152,0.545521,1,"clFinish_profiled"
"OpenCL","COMPUTE","cache_v_l2 (view)","SET_ROWS","f16",-1,2,-1,2048,512,1,1,2097152,0.356771,1,"clFinish_profiled"
"OpenCL","COMPUTE","__fattn__-2","FLASH_ATTN_EXT","f32",-1,9,-1,128,16,10,1,81920,1.548437,1,"clFinish_profiled"
"CPU_Elastic","COMPUTE_GRAPH","ggml_cgraph","GRAPH","",-1,2,-1,0,0,0,0,0,4.934635,1,"delegate_cpu_graph"
"OpenCL","RELOAD_ENSURE","blk.2.ffn_gate_inp.weight","","",-1,-1,18,0,0,0,0,524288,1.811458,1,"decode_ensure"
"OpenCL","COMPUTE","ffn_moe_logits-2","MUL_MAT","f32",-1,2,-1,64,10,1,1,2560,0.686510,1,"clFinish_profiled"
"OpenCL","COMPUTE","ffn_moe_probs-2","SOFT_MAX","f32",-1,3,-1,64,10,1,1,2560,0.208021,1,"clFinish_profiled"
"OpenCL","COMPUTE","ffn_moe_argsort-2","ARGSORT","i32",-1,5,-1,64,10,1,1,2560,0.206250,1,"clFinish_profiled"
"OpenCL","COMPUTE","ffn_moe_weights-2","GET_ROWS","f32",-1,7,-1,1,8,10,1,320,0.199375,1,"clFinish_profiled"
"CPU_Elastic","COMPUTE_GRAPH","ggml_cgraph","GRAPH","",-1,21,-1,0,0,0,0,0,42.295000,1,"delegate_cpu_graph"
"CPU_Elastic","COMPUTE_GRAPH","ggml_cgraph","GRAPH","",-1,1,-1,0,0,0,0,0,3.492864,1,"delegate_cpu_graph"
"OpenCL","RELOAD_ENSURE","blk.3.attn_q_norm.weight","","",-1,-1,20,0,0,0,0,8192,0.818438,1,"decode_ensure"
"OpenCL","COMPUTE","Qcur-3","ROPE","f32",-1,3,-1,128,16,10,1,81920,0.479062,1,"clFinish_profiled"
"CPU_Elastic","COMPUTE_GRAPH","ggml_cgraph","GRAPH","",-1,1,-1,0,0,0,0,0,4.839010,1,"delegate_cpu_graph"
"OpenCL","RELOAD_ENSURE","blk.3.attn_k_norm.weight","","",-1,-1,21,0,0,0,0,8192,0.778802,1,"decode_ensure"
"OpenCL","COMPUTE","Kcur-3","ROPE","f32",-1,3,-1,128,16,10,1,81920,0.496041,1,"clFinish_profiled"
"CPU_Elastic","COMPUTE_GRAPH","ggml_cgraph","GRAPH","",-1,3,-1,0,0,0,0,0,4.775365,1,"delegate_cpu_graph"
"OpenCL","COMPUTE","cache_k_l3 (view)","SET_ROWS","f16",-1,0,-1,2048,512,1,1,2097152,0.470000,1,"clFinish_profiled"
"OpenCL","COMPUTE","cache_v_l3 (view)","SET_ROWS","f16",-1,2,-1,2048,512,1,1,2097152,0.206302,1,"clFinish_profiled"
"OpenCL","COMPUTE","__fattn__-3","FLASH_ATTN_EXT","f32",-1,9,-1,128,16,10,1,81920,1.304167,1,"clFinish_profiled"
"CPU_Elastic","COMPUTE_GRAPH","ggml_cgraph","GRAPH","",-1,2,-1,0,0,0,0,0,4.650625,1,"delegate_cpu_graph"
"OpenCL","RELOAD_ENSURE","blk.3.ffn_gate_inp.weight","","",-1,-1,23,0,0,0,0,524288,1.711146,1,"decode_ensure"
"OpenCL","COMPUTE","ffn_moe_logits-3","MUL_MAT","f32",-1,2,-1,64,10,1,1,2560,0.682761,1,"clFinish_profiled"
"OpenCL","COMPUTE","ffn_moe_probs-3","SOFT_MAX","f32",-1,3,-1,64,10,1,1,2560,0.211354,1,"clFinish_profiled"
"OpenCL","COMPUTE","ffn_moe_argsort-3","ARGSORT","i32",-1,5,-1,64,10,1,1,2560,0.205104,1,"clFinish_profiled"
"OpenCL","COMPUTE","ffn_moe_weights-3","GET_ROWS","f32",-1,7,-1,1,8,10,1,320,0.200521,1,"clFinish_profiled"
"CPU_Elastic","COMPUTE_GRAPH","ggml_cgraph","GRAPH","",-1,21,-1,0,0,0,0,0,35.676146,1,"delegate_cpu_graph"
"CPU_Elastic","COMPUTE_GRAPH","ggml_cgraph","GRAPH","",-1,1,-1,0,0,0,0,0,2.017135,1,"delegate_cpu_graph"
"OpenCL","RELOAD_ENSURE","blk.4.attn_q_norm.weight","","",-1,-1,26,0,0,0,0,8192,0.708750,1,"decode_ensure"
"OpenCL","COMPUTE","Qcur-4","ROPE","f32",-1,3,-1,128,16,10,1,81920,0.414063,1,"clFinish_profiled"
"CPU_Elastic","COMPUTE_GRAPH","ggml_cgraph","GRAPH","",-1,1,-1,0,0,0,0,0,3.177500,1,"delegate_cpu_graph"
"OpenCL","RELOAD_ENSURE","blk.4.attn_k_norm.weight","","",-1,-1,27,0,0,0,0,8192,0.317708,1,"decode_ensure"
"OpenCL","COMPUTE","Kcur-4","ROPE","f32",-1,3,-1,128,16,10,1,81920,0.413854,1,"clFinish_profiled"
"OpenCL","COMPUTE","Vcur-4","MUL_MAT","f32",-1,4,-1,2048,10,1,1,81920,1.497969,1,"clFinish_profiled"
"OpenCL","COMPUTE","cache_k_l4 (view)","SET_ROWS","f16",-1,7,-1,2048,512,1,1,2097152,0.158333,1,"clFinish_profiled"
"OpenCL","COMPUTE","cache_v_l4 (view)","SET_ROWS","f16",-1,9,-1,2048,512,1,1,2097152,0.148906,1,"clFinish_profiled"
"OpenCL","COMPUTE","__fattn__-4","FLASH_ATTN_EXT","f32",-1,16,-1,128,16,10,1,81920,1.177396,1,"clFinish_profiled"
"CPU_Elastic","COMPUTE_GRAPH","ggml_cgraph","GRAPH","",-1,2,-1,0,0,0,0,0,3.480677,1,"delegate_cpu_graph"
"OpenCL","RELOAD_ENSURE","blk.4.ffn_gate_inp.weight","","",-1,-1,29,0,0,0,0,524288,1.657604,1,"decode_ensure"
"OpenCL","COMPUTE","ffn_moe_logits-4","MUL_MAT","f32",-1,2,-1,64,10,1,1,2560,0.672396,1,"clFinish_profiled"
"OpenCL","COMPUTE","ffn_moe_probs-4","SOFT_MAX","f32",-1,3,-1,64,10,1,1,2560,0.205729,1,"clFinish_profiled"
"OpenCL","COMPUTE","ffn_moe_argsort-4","ARGSORT","i32",-1,5,-1,64,10,1,1,2560,0.204115,1,"clFinish_profiled"
"OpenCL","COMPUTE","ffn_moe_weights-4","GET_ROWS","f32",-1,7,-1,1,8,10,1,320,0.207812,1,"clFinish_profiled"
"CPU_Elastic","COMPUTE_GRAPH","ggml_cgraph","GRAPH","",-1,21,-1,0,0,0,0,0,40.505000,1,"delegate_cpu_graph"
"CPU_Elastic","COMPUTE_GRAPH","ggml_cgraph","GRAPH","",-1,1,-1,0,0,0,0,0,2.585677,1,"delegate_cpu_graph"
"OpenCL","RELOAD_ENSURE","blk.5.attn_q_norm.weight","","",-1,-1,31,0,0,0,0,8192,0.770781,1,"decode_ensure"
"OpenCL","COMPUTE","Qcur-5","ROPE","f32",-1,3,-1,128,16,10,1,81920,0.439375,1,"clFinish_profiled"
"CPU_Elastic","COMPUTE_GRAPH","ggml_cgraph","GRAPH","",-1,1,-1,0,0,0,0,0,3.430625,1,"delegate_cpu_graph"
"OpenCL","RELOAD_ENSURE","blk.5.attn_k_norm.weight","","",-1,-1,32,0,0,0,0,8192,0.327083,1,"decode_ensure"
"OpenCL","COMPUTE","Kcur-5","ROPE","f32",-1,3,-1,128,16,10,1,81920,0.418020,1,"clFinish_profiled"
"CPU_Elastic","COMPUTE_GRAPH","ggml_cgraph","GRAPH","",-1,3,-1,0,0,0,0,0,4.013803,1,"delegate_cpu_graph"
"OpenCL","COMPUTE","cache_k_l5 (view)","SET_ROWS","f16",-1,0,-1,2048,512,1,1,2097152,0.495469,1,"clFinish_profiled"
"OpenCL","COMPUTE","cache_v_l5 (view)","SET_ROWS","f16",-1,2,-1,2048,512,1,1,2097152,0.212604,1,"clFinish_profiled"
"OpenCL","COMPUTE","__fattn__-5","FLASH_ATTN_EXT","f32",-1,9,-1,128,16,10,1,81920,1.198021,1,"clFinish_profiled"
"CPU_Elastic","COMPUTE_GRAPH","ggml_cgraph","GRAPH","",-1,2,-1,0,0,0,0,0,4.020364,1,"delegate_cpu_graph"
"OpenCL","RELOAD_ENSURE","blk.5.ffn_gate_inp.weight","","",-1,-1,34,0,0,0,0,524288,1.711875,1,"decode_ensure"
"OpenCL","COMPUTE","ffn_moe_logits-5","MUL_MAT","f32",-1,2,-1,64,10,1,1,2560,0.685990,1,"clFinish_profiled"
"OpenCL","COMPUTE","ffn_moe_probs-5","SOFT_MAX","f32",-1,3,-1,64,10,1,1,2560,0.209583,1,"clFinish_profiled"
"OpenCL","COMPUTE","ffn_moe_argsort-5","ARGSORT","i32",-1,5,-1,64,10,1,1,2560,0.207709,1,"clFinish_profiled"
"OpenCL","COMPUTE","ffn_moe_weights-5","GET_ROWS","f32",-1,7,-1,1,8,10,1,320,0.196667,1,"clFinish_profiled"
"CPU_Elastic","COMPUTE_GRAPH","ggml_cgraph","GRAPH","",-1,21,-1,0,0,0,0,0,42.743854,1,"delegate_cpu_graph"
"CPU_Elastic","COMPUTE_GRAPH","ggml_cgraph","GRAPH","",-1,1,-1,0,0,0,0,0,3.490469,1,"delegate_cpu_graph"
"OpenCL","RELOAD_ENSURE","blk.6.attn_q_norm.weight","","",-1,-1,36,0,0,0,0,8192,0.804479,1,"decode_ensure"
"OpenCL","COMPUTE","Qcur-6","ROPE","f32",-1,3,-1,128,16,10,1,81920,0.486459,1,"clFinish_profiled"
"CPU_Elastic","COMPUTE_GRAPH","ggml_cgraph","GRAPH","",-1,1,-1,0,0,0,0,0,4.973594,1,"delegate_cpu_graph"
"OpenCL","RELOAD_ENSURE","blk.6.attn_k_norm.weight","","",-1,-1,37,0,0,0,0,8192,0.770938,1,"decode_ensure"
"OpenCL","COMPUTE","Kcur-6","ROPE","f32",-1,3,-1,128,16,10,1,81920,0.538855,1,"clFinish_profiled"
"CPU_Elastic","COMPUTE_GRAPH","ggml_cgraph","GRAPH","",-1,3,-1,0,0,0,0,0,5.343177,1,"delegate_cpu_graph"
"OpenCL","COMPUTE","cache_k_l6 (view)","SET_ROWS","f16",-1,0,-1,2048,512,1,1,2097152,0.492552,1,"clFinish_profiled"
"OpenCL","COMPUTE","cache_v_l6 (view)","SET_ROWS","f16",-1,2,-1,2048,512,1,1,2097152,0.209427,1,"clFinish_profiled"
"OpenCL","COMPUTE","__fattn__-6","FLASH_ATTN_EXT","f32",-1,9,-1,128,16,10,1,81920,1.242344,1,"clFinish_profiled"
"CPU_Elastic","COMPUTE_GRAPH","ggml_cgraph","GRAPH","",-1,2,-1,0,0,0,0,0,4.929375,1,"delegate_cpu_graph"
"OpenCL","RELOAD_ENSURE","blk.6.ffn_gate_inp.weight","","",-1,-1,39,0,0,0,0,524288,1.673438,1,"decode_ensure"
"OpenCL","COMPUTE","ffn_moe_logits-6","MUL_MAT","f32",-1,2,-1,64,10,1,1,2560,0.687031,1,"clFinish_profiled"
"OpenCL","COMPUTE","ffn_moe_probs-6","SOFT_MAX","f32",-1,3,-1,64,10,1,1,2560,0.204792,1,"clFinish_profiled"
"OpenCL","COMPUTE","ffn_moe_argsort-6","ARGSORT","i32",-1,5,-1,64,10,1,1,2560,0.207187,1,"clFinish_profiled"
"OpenCL","COMPUTE","ffn_moe_weights-6","GET_ROWS","f32",-1,7,-1,1,8,10,1,320,0.198959,1,"clFinish_profiled"
"CPU_Elastic","COMPUTE_GRAPH","ggml_cgraph","GRAPH","",-1,21,-1,0,0,0,0,0,37.421302,1,"delegate_cpu_graph"
"CPU_Elastic","COMPUTE_GRAPH","ggml_cgraph","GRAPH","",-1,1,-1,0,0,0,0,0,2.611198,1,"delegate_cpu_graph"
"OpenCL","RELOAD_ENSURE","blk.7.attn_q_norm.weight","","",-1,-1,42,0,0,0,0,8192,0.708906,1,"decode_ensure"
"OpenCL","COMPUTE","Qcur-7","ROPE","f32",-1,3,-1,128,16,10,1,81920,0.439636,1,"clFinish_profiled"
"CPU_Elastic","COMPUTE_GRAPH","ggml_cgraph","GRAPH","",-1,1,-1,0,0,0,0,0,3.038646,1,"delegate_cpu_graph"
"OpenCL","RELOAD_ENSURE","blk.7.attn_k_norm.weight","","",-1,-1,43,0,0,0,0,8192,0.316406,1,"decode_ensure"
"OpenCL","COMPUTE","Kcur-7","ROPE","f32",-1,3,-1,128,16,10,1,81920,0.420521,1,"clFinish_profiled"
"OpenCL","COMPUTE","Vcur-7","MUL_MAT","f32",-1,4,-1,2048,10,1,1,81920,1.505834,1,"clFinish_profiled"
"OpenCL","COMPUTE","cache_k_l7 (view)","SET_ROWS","f16",-1,7,-1,2048,512,1,1,2097152,0.163125,1,"clFinish_profiled"
"OpenCL","COMPUTE","cache_v_l7 (view)","SET_ROWS","f16",-1,9,-1,2048,512,1,1,2097152,0.154375,1,"clFinish_profiled"
"OpenCL","COMPUTE","__fattn__-7","FLASH_ATTN_EXT","f32",-1,16,-1,128,16,10,1,81920,1.207448,1,"clFinish_profiled"
"CPU_Elastic","COMPUTE_GRAPH","ggml_cgraph","GRAPH","",-1,2,-1,0,0,0,0,0,5.127135,1,"delegate_cpu_graph"
"OpenCL","RELOAD_ENSURE","blk.7.ffn_gate_inp.weight","","",-1,-1,45,0,0,0,0,524288,1.702136,1,"decode_ensure"
"OpenCL","COMPUTE","ffn_moe_logits-7","MUL_MAT","f32",-1,2,-1,64,10,1,1,2560,0.676302,1,"clFinish_profiled"
"OpenCL","COMPUTE","ffn_moe_probs-7","SOFT_MAX","f32",-1,3,-1,64,10,1,1,2560,0.240260,1,"clFinish_profiled"
"OpenCL","COMPUTE","ffn_moe_argsort-7","ARGSORT","i32",-1,5,-1,64,10,1,1,2560,0.203073,1,"clFinish_profiled"
"OpenCL","COMPUTE","ffn_moe_weights-7","GET_ROWS","f32",-1,7,-1,1,8,10,1,320,0.194948,1,"clFinish_profiled"
"CPU_Elastic","COMPUTE_GRAPH","ggml_cgraph","GRAPH","",-1,21,-1,0,0,0,0,0,41.693281,1,"delegate_cpu_graph"
"CPU_Elastic","COMPUTE_GRAPH","ggml_cgraph","GRAPH","",-1,1,-1,0,0,0,0,0,2.393125,1,"delegate_cpu_graph"
"OpenCL","RELOAD_ENSURE","blk.8.attn_q_norm.weight","","",-1,-1,47,0,0,0,0,8192,0.703385,1,"decode_ensure"
"OpenCL","COMPUTE","Qcur-8","ROPE","f32",-1,3,-1,128,16,10,1,81920,0.418177,1,"clFinish_profiled"
"CPU_Elastic","COMPUTE_GRAPH","ggml_cgraph","GRAPH","",-1,1,-1,0,0,0,0,0,2.004271,1,"delegate_cpu_graph"
"OpenCL","RELOAD_ENSURE","blk.8.attn_k_norm.weight","","",-1,-1,48,0,0,0,0,8192,0.277604,1,"decode_ensure"
"OpenCL","COMPUTE","Kcur-8","ROPE","f32",-1,3,-1,128,16,10,1,81920,0.433177,1,"clFinish_profiled"
"CPU_Elastic","COMPUTE_GRAPH","ggml_cgraph","GRAPH","",-1,3,-1,0,0,0,0,0,2.350781,1,"delegate_cpu_graph"
"OpenCL","COMPUTE","cache_k_l8 (view)","SET_ROWS","f16",-1,0,-1,2048,512,1,1,2097152,0.440677,1,"clFinish_profiled"
"OpenCL","COMPUTE","cache_v_l8 (view)","SET_ROWS","f16",-1,2,-1,2048,512,1,1,2097152,0.161770,1,"clFinish_profiled"
"OpenCL","COMPUTE","__fattn__-8","FLASH_ATTN_EXT","f32",-1,9,-1,128,16,10,1,81920,1.181615,1,"clFinish_profiled"
"CPU_Elastic","COMPUTE_GRAPH","ggml_cgraph","GRAPH","",-1,2,-1,0,0,0,0,0,3.069687,1,"delegate_cpu_graph"
"OpenCL","RELOAD_ENSURE","blk.8.ffn_gate_inp.weight","","",-1,-1,50,0,0,0,0,524288,1.592813,1,"decode_ensure"
"OpenCL","COMPUTE","ffn_moe_logits-8","MUL_MAT","f32",-1,2,-1,64,10,1,1,2560,0.669323,1,"clFinish_profiled"
"OpenCL","COMPUTE","ffn_moe_probs-8","SOFT_MAX","f32",-1,3,-1,64,10,1,1,2560,0.169791,1,"clFinish_profiled"
"OpenCL","COMPUTE","ffn_moe_argsort-8","ARGSORT","i32",-1,5,-1,64,10,1,1,2560,0.170000,1,"clFinish_profiled"
"OpenCL","COMPUTE","ffn_moe_weights-8","GET_ROWS","f32",-1,7,-1,1,8,10,1,320,0.159687,1,"clFinish_profiled"
"CPU_Elastic","COMPUTE_GRAPH","ggml_cgraph","GRAPH","",-1,21,-1,0,0,0,0,0,30.744010,1,"delegate_cpu_graph"
"CPU_Elastic","COMPUTE_GRAPH","ggml_cgraph","GRAPH","",-1,1,-1,0,0,0,0,0,1.872083,1,"delegate_cpu_graph"
"OpenCL","RELOAD_ENSURE","blk.9.attn_q_norm.weight","","",-1,-1,52,0,0,0,0,8192,0.655729,1,"decode_ensure"
"OpenCL","COMPUTE","Qcur-9","ROPE","f32",-1,3,-1,128,16,10,1,81920,0.409166,1,"clFinish_profiled"
"CPU_Elastic","COMPUTE_GRAPH","ggml_cgraph","GRAPH","",-1,1,-1,0,0,0,0,0,3.078959,1,"delegate_cpu_graph"
"OpenCL","RELOAD_ENSURE","blk.9.attn_k_norm.weight","","",-1,-1,53,0,0,0,0,8192,0.211354,1,"decode_ensure"
"OpenCL","COMPUTE","Kcur-9","ROPE","f32",-1,3,-1,128,16,10,1,81920,0.428021,1,"clFinish_profiled"
"CPU_Elastic","COMPUTE_GRAPH","ggml_cgraph","GRAPH","",-1,3,-1,0,0,0,0,0,3.554323,1,"delegate_cpu_graph"
"OpenCL","COMPUTE","cache_k_l9 (view)","SET_ROWS","f16",-1,0,-1,2048,512,1,1,2097152,0.421927,1,"clFinish_profiled"
"OpenCL","COMPUTE","cache_v_l9 (view)","SET_ROWS","f16",-1,2,-1,2048,512,1,1,2097152,0.142709,1,"clFinish_profiled"
"OpenCL","COMPUTE","__fattn__-9","FLASH_ATTN_EXT","f32",-1,9,-1,128,16,10,1,81920,1.160157,1,"clFinish_profiled"
"CPU_Elastic","COMPUTE_GRAPH","ggml_cgraph","GRAPH","",-1,2,-1,0,0,0,0,0,3.362396,1,"delegate_cpu_graph"
"OpenCL","RELOAD_ENSURE","blk.9.ffn_gate_inp.weight","","",-1,-1,55,0,0,0,0,524288,1.528125,1,"decode_ensure"
"OpenCL","COMPUTE","ffn_moe_logits-9","MUL_MAT","f32",-1,2,-1,64,10,1,1,2560,0.659636,1,"clFinish_profiled"
"OpenCL","COMPUTE","ffn_moe_probs-9","SOFT_MAX","f32",-1,3,-1,64,10,1,1,2560,0.192500,1,"clFinish_profiled"
"OpenCL","COMPUTE","ffn_moe_argsort-9","ARGSORT","i32",-1,5,-1,64,10,1,1,2560,0.194844,1,"clFinish_profiled"
"OpenCL","COMPUTE","ffn_moe_weights-9","GET_ROWS","f32",-1,7,-1,1,8,10,1,320,0.183489,1,"clFinish_profiled"
"CPU_Elastic","COMPUTE_GRAPH","ggml_cgraph","GRAPH","",-1,21,-1,0,0,0,0,0,35.277083,1,"delegate_cpu_graph"
"CPU_Elastic","COMPUTE_GRAPH","ggml_cgraph","GRAPH","",-1,1,-1,0,0,0,0,0,2.243021,1,"delegate_cpu_graph"
"OpenCL","RELOAD_ENSURE","blk.10.attn_q_norm.weight","","",-1,-1,58,0,0,0,0,8192,0.653281,1,"decode_ensure"
"OpenCL","COMPUTE","Qcur-10","ROPE","f32",-1,3,-1,128,16,10,1,81920,0.414323,1,"clFinish_profiled"
"CPU_Elastic","COMPUTE_GRAPH","ggml_cgraph","GRAPH","",-1,1,-1,0,0,0,0,0,1.956771,1,"delegate_cpu_graph"
"OpenCL","RELOAD_ENSURE","blk.10.attn_k_norm.weight","","",-1,-1,59,0,0,0,0,8192,0.213073,1,"decode_ensure"
"OpenCL","COMPUTE","Kcur-10","ROPE","f32",-1,3,-1,128,16,10,1,81920,0.412552,1,"clFinish_profiled"
"OpenCL","COMPUTE","Vcur-10","MUL_MAT","f32",-1,4,-1,2048,10,1,1,81920,1.538281,1,"clFinish_profiled"
"OpenCL","COMPUTE","cache_k_l10 (view)","SET_ROWS","f16",-1,7,-1,2048,512,1,1,2097152,0.155625,1,"clFinish_profiled"
"OpenCL","COMPUTE","cache_v_l10 (view)","SET_ROWS","f16",-1,9,-1,2048,512,1,1,2097152,0.153802,1,"clFinish_profiled"
"OpenCL","COMPUTE","__fattn__-10","FLASH_ATTN_EXT","f32",-1,16,-1,128,16,10,1,81920,1.171666,1,"clFinish_profiled"
"CPU_Elastic","COMPUTE_GRAPH","ggml_cgraph","GRAPH","",-1,2,-1,0,0,0,0,0,2.350208,1,"delegate_cpu_graph"
"OpenCL","RELOAD_ENSURE","blk.10.ffn_gate_inp.weight","","",-1,-1,61,0,0,0,0,524288,1.420417,1,"decode_ensure"
"OpenCL","COMPUTE","ffn_moe_logits-10","MUL_MAT","f32",-1,2,-1,64,10,1,1,2560,0.625573,1,"clFinish_profiled"
"OpenCL","COMPUTE","ffn_moe_probs-10","SOFT_MAX","f32",-1,3,-1,64,10,1,1,2560,0.235365,1,"clFinish_profiled"
"OpenCL","COMPUTE","ffn_moe_argsort-10","ARGSORT","i32",-1,5,-1,64,10,1,1,2560,0.143646,1,"clFinish_profiled"
"OpenCL","COMPUTE","ffn_moe_weights-10","GET_ROWS","f32",-1,7,-1,1,8,10,1,320,0.167031,1,"clFinish_profiled"
"CPU_Elastic","COMPUTE_GRAPH","ggml_cgraph","GRAPH","",-1,21,-1,0,0,0,0,0,36.821145,1,"delegate_cpu_graph"
"CPU_Elastic","COMPUTE_GRAPH","ggml_cgraph","GRAPH","",-1,1,-1,0,0,0,0,0,1.848125,1,"delegate_cpu_graph"
"OpenCL","RELOAD_ENSURE","blk.11.attn_q_norm.weight","","",-1,-1,63,0,0,0,0,8192,0.680989,1,"decode_ensure"
"OpenCL","COMPUTE","Qcur-11","ROPE","f32",-1,3,-1,128,16,10,1,81920,0.411146,1,"clFinish_profiled"
"CPU_Elastic","COMPUTE_GRAPH","ggml_cgraph","GRAPH","",-1,1,-1,0,0,0,0,0,1.863073,1,"delegate_cpu_graph"
"OpenCL","RELOAD_ENSURE","blk.11.attn_k_norm.weight","","",-1,-1,64,0,0,0,0,8192,0.210209,1,"decode_ensure"
"OpenCL","COMPUTE","Kcur-11","ROPE","f32",-1,3,-1,128,16,10,1,81920,0.518802,1,"clFinish_profiled"
"CPU_Elastic","COMPUTE_GRAPH","ggml_cgraph","GRAPH","",-1,3,-1,0,0,0,0,0,1.622500,1,"delegate_cpu_graph"
"OpenCL","COMPUTE","cache_k_l11 (view)","SET_ROWS","f16",-1,0,-1,2048,512,1,1,2097152,0.396979,1,"clFinish_profiled"
"OpenCL","COMPUTE","cache_v_l11 (view)","SET_ROWS","f16",-1,2,-1,2048,512,1,1,2097152,0.144271,1,"clFinish_profiled"
"OpenCL","COMPUTE","__fattn__-11","FLASH_ATTN_EXT","f32",-1,9,-1,128,16,10,1,81920,1.164531,1,"clFinish_profiled"
"CPU_Elastic","COMPUTE_GRAPH","ggml_cgraph","GRAPH","",-1,2,-1,0,0,0,0,0,1.601718,1,"delegate_cpu_graph"
"OpenCL","RELOAD_ENSURE","blk.11.ffn_gate_inp.weight","","",-1,-1,66,0,0,0,0,524288,1.323021,1,"decode_ensure"
"OpenCL","COMPUTE","ffn_moe_logits-11","MUL_MAT","f32",-1,2,-1,64,10,1,1,2560,0.595937,1,"clFinish_profiled"
"OpenCL","COMPUTE","ffn_moe_probs-11","SOFT_MAX","f32",-1,3,-1,64,10,1,1,2560,0.125938,1,"clFinish_profiled"
"OpenCL","COMPUTE","ffn_moe_argsort-11","ARGSORT","i32",-1,5,-1,64,10,1,1,2560,0.147812,1,"clFinish_profiled"
"OpenCL","COMPUTE","ffn_moe_weights-11","GET_ROWS","f32",-1,7,-1,1,8,10,1,320,0.125053,1,"clFinish_profiled"
"CPU_Elastic","COMPUTE_GRAPH","ggml_cgraph","GRAPH","",-1,21,-1,0,0,0,0,0,16.918906,1,"delegate_cpu_graph"
"CPU_Elastic","COMPUTE_GRAPH","ggml_cgraph","GRAPH","",-1,1,-1,0,0,0,0,0,2.073698,1,"delegate_cpu_graph"
"OpenCL","RELOAD_ENSURE","blk.12.attn_q_norm.weight","","",-1,-1,68,0,0,0,0,8192,0.630729,1,"decode_ensure"
"OpenCL","COMPUTE","Qcur-12","ROPE","f32",-1,3,-1,128,16,10,1,81920,0.394740,1,"clFinish_profiled"
"CPU_Elastic","COMPUTE_GRAPH","ggml_cgraph","GRAPH","",-1,1,-1,0,0,0,0,0,2.388229,1,"delegate_cpu_graph"
"OpenCL","RELOAD_ENSURE","blk.12.attn_k_norm.weight","","",-1,-1,69,0,0,0,0,8192,0.196250,1,"decode_ensure"
"OpenCL","COMPUTE","Kcur-12","ROPE","f32",-1,3,-1,128,16,10,1,81920,0.388906,1,"clFinish_profiled"
"CPU_Elastic","COMPUTE_GRAPH","ggml_cgraph","GRAPH","",-1,3,-1,0,0,0,0,0,3.268906,1,"delegate_cpu_graph"
"OpenCL","COMPUTE","cache_k_l12 (view)","SET_ROWS","f16",-1,0,-1,2048,512,1,1,2097152,0.380990,1,"clFinish_profiled"
"OpenCL","COMPUTE","cache_v_l12 (view)","SET_ROWS","f16",-1,2,-1,2048,512,1,1,2097152,0.144583,1,"clFinish_profiled"
"OpenCL","COMPUTE","__fattn__-12","FLASH_ATTN_EXT","f32",-1,9,-1,128,16,10,1,81920,1.144531,1,"clFinish_profiled"
"CPU_Elastic","COMPUTE_GRAPH","ggml_cgraph","GRAPH","",-1,2,-1,0,0,0,0,0,2.741407,1,"delegate_cpu_graph"
"OpenCL","RELOAD_ENSURE","blk.12.ffn_gate_inp.weight","","",-1,-1,71,0,0,0,0,524288,1.445260,1,"decode_ensure"
"OpenCL","COMPUTE","ffn_moe_logits-12","MUL_MAT","f32",-1,2,-1,64,10,1,1,2560,0.670573,1,"clFinish_profiled"
"OpenCL","COMPUTE","ffn_moe_probs-12","SOFT_MAX","f32",-1,3,-1,64,10,1,1,2560,0.171615,1,"clFinish_profiled"
"OpenCL","COMPUTE","ffn_moe_argsort-12","ARGSORT","i32",-1,5,-1,64,10,1,1,2560,0.172031,1,"clFinish_profiled"
"OpenCL","COMPUTE","ffn_moe_weights-12","GET_ROWS","f32",-1,7,-1,1,8,10,1,320,0.161875,1,"clFinish_profiled"
"CPU_Elastic","COMPUTE_GRAPH","ggml_cgraph","GRAPH","",-1,21,-1,0,0,0,0,0,32.245989,1,"delegate_cpu_graph"
"CPU_Elastic","COMPUTE_GRAPH","ggml_cgraph","GRAPH","",-1,1,-1,0,0,0,0,0,2.400104,1,"delegate_cpu_graph"
"OpenCL","RELOAD_ENSURE","blk.13.attn_q_norm.weight","","",-1,-1,74,0,0,0,0,8192,0.659271,1,"decode_ensure"
"OpenCL","COMPUTE","Qcur-13","ROPE","f32",-1,3,-1,128,16,10,1,81920,0.414218,1,"clFinish_profiled"
"CPU_Elastic","COMPUTE_GRAPH","ggml_cgraph","GRAPH","",-1,1,-1,0,0,0,0,0,2.494688,1,"delegate_cpu_graph"
"OpenCL","RELOAD_ENSURE","blk.13.attn_k_norm.weight","","",-1,-1,75,0,0,0,0,8192,0.218907,1,"decode_ensure"
"OpenCL","COMPUTE","Kcur-13","ROPE","f32",-1,3,-1,128,16,10,1,81920,0.427865,1,"clFinish_profiled"
"OpenCL","COMPUTE","Vcur-13","MUL_MAT","f32",-1,4,-1,2048,10,1,1,81920,1.487344,1,"clFinish_profiled"
"OpenCL","COMPUTE","cache_k_l13 (view)","SET_ROWS","f16",-1,7,-1,2048,512,1,1,2097152,0.149167,1,"clFinish_profiled"
"OpenCL","COMPUTE","cache_v_l13 (view)","SET_ROWS","f16",-1,9,-1,2048,512,1,1,2097152,0.145260,1,"clFinish_profiled"
"OpenCL","COMPUTE","__fattn__-13","FLASH_ATTN_EXT","f32",-1,16,-1,128,16,10,1,81920,1.164375,1,"clFinish_profiled"
"CPU_Elastic","COMPUTE_GRAPH","ggml_cgraph","GRAPH","",-1,2,-1,0,0,0,0,0,3.492448,1,"delegate_cpu_graph"
"OpenCL","RELOAD_ENSURE","blk.13.ffn_gate_inp.weight","","",-1,-1,77,0,0,0,0,524288,1.538021,1,"decode_ensure"
"OpenCL","COMPUTE","ffn_moe_logits-13","MUL_MAT","f32",-1,2,-1,64,10,1,1,2560,0.658542,1,"clFinish_profiled"
"OpenCL","COMPUTE","ffn_moe_probs-13","SOFT_MAX","f32",-1,3,-1,64,10,1,1,2560,0.191510,1,"clFinish_profiled"
"OpenCL","COMPUTE","ffn_moe_argsort-13","ARGSORT","i32",-1,5,-1,64,10,1,1,2560,0.189531,1,"clFinish_profiled"
"OpenCL","COMPUTE","ffn_moe_weights-13","GET_ROWS","f32",-1,7,-1,1,8,10,1,320,0.179687,1,"clFinish_profiled"
"CPU_Elastic","COMPUTE_GRAPH","ggml_cgraph","GRAPH","",-1,21,-1,0,0,0,0,0,39.024167,1,"delegate_cpu_graph"
"CPU_Elastic","COMPUTE_GRAPH","ggml_cgraph","GRAPH","",-1,1,-1,0,0,0,0,0,2.846563,1,"delegate_cpu_graph"
"OpenCL","RELOAD_ENSURE","blk.14.attn_q_norm.weight","","",-1,-1,80,0,0,0,0,8192,0.655156,1,"decode_ensure"
"OpenCL","COMPUTE","Qcur-14","ROPE","f32",-1,3,-1,128,16,10,1,81920,0.430885,1,"clFinish_profiled"
"CPU_Elastic","COMPUTE_GRAPH","ggml_cgraph","GRAPH","",-1,1,-1,0,0,0,0,0,3.332969,1,"delegate_cpu_graph"
"OpenCL","RELOAD_ENSURE","blk.14.attn_k_norm.weight","","",-1,-1,81,0,0,0,0,8192,0.229062,1,"decode_ensure"
"OpenCL","COMPUTE","Kcur-14","ROPE","f32",-1,3,-1,128,16,10,1,81920,0.426666,1,"clFinish_profiled"
"OpenCL","COMPUTE","Vcur-14","MUL_MAT","f32",-1,4,-1,2048,10,1,1,81920,1.495782,1,"clFinish_profiled"
"OpenCL","COMPUTE","cache_k_l14 (view)","SET_ROWS","f16",-1,7,-1,2048,512,1,1,2097152,0.177605,1,"clFinish_profiled"
"OpenCL","COMPUTE","cache_v_l14 (view)","SET_ROWS","f16",-1,9,-1,2048,512,1,1,2097152,0.151354,1,"clFinish_profiled"
"OpenCL","COMPUTE","__fattn__-14","FLASH_ATTN_EXT","f32",-1,16,-1,128,16,10,1,81920,1.184011,1,"clFinish_profiled"
"CPU_Elastic","COMPUTE_GRAPH","ggml_cgraph","GRAPH","",-1,2,-1,0,0,0,0,0,4.085625,1,"delegate_cpu_graph"
"OpenCL","RELOAD_ENSURE","blk.14.ffn_gate_inp.weight","","",-1,-1,83,0,0,0,0,524288,1.548177,1,"decode_ensure"
"OpenCL","COMPUTE","ffn_moe_logits-14","MUL_MAT","f32",-1,2,-1,64,10,1,1,2560,0.665833,1,"clFinish_profiled"
"OpenCL","COMPUTE","ffn_moe_probs-14","SOFT_MAX","f32",-1,3,-1,64,10,1,1,2560,0.220833,1,"clFinish_profiled"
"OpenCL","COMPUTE","ffn_moe_argsort-14","ARGSORT","i32",-1,5,-1,64,10,1,1,2560,0.258385,1,"clFinish_profiled"
"OpenCL","COMPUTE","ffn_moe_weights-14","GET_ROWS","f32",-1,7,-1,1,8,10,1,320,0.193334,1,"clFinish_profiled"
"CPU_Elastic","COMPUTE_GRAPH","ggml_cgraph","GRAPH","",-1,21,-1,0,0,0,0,0,39.193698,1,"delegate_cpu_graph"
"CPU_Elastic","COMPUTE_GRAPH","ggml_cgraph","GRAPH","",-1,1,-1,0,0,0,0,0,3.041458,1,"delegate_cpu_graph"
"OpenCL","RELOAD_ENSURE","blk.15.attn_q_norm.weight","","",-1,-1,86,0,0,0,0,8192,0.699948,1,"decode_ensure"
"OpenCL","COMPUTE","Qcur-15","ROPE","f32",-1,3,-1,128,16,10,1,81920,0.420730,1,"clFinish_profiled"
"CPU_Elastic","COMPUTE_GRAPH","ggml_cgraph","GRAPH","",-1,1,-1,0,0,0,0,0,3.300104,1,"delegate_cpu_graph"
"OpenCL","RELOAD_ENSURE","blk.15.attn_k_norm.weight","","",-1,-1,87,0,0,0,0,8192,0.216510,1,"decode_ensure"
"OpenCL","COMPUTE","Kcur-15","ROPE","f32",-1,3,-1,128,16,10,1,81920,0.409011,1,"clFinish_profiled"
"OpenCL","COMPUTE","Vcur-15","MUL_MAT","f32",-1,4,-1,2048,10,1,1,81920,1.526615,1,"clFinish_profiled"
"OpenCL","COMPUTE","cache_k_l15 (view)","SET_ROWS","f16",-1,7,-1,2048,512,1,1,2097152,0.144063,1,"clFinish_profiled"
"OpenCL","COMPUTE","cache_v_l15 (view)","SET_ROWS","f16",-1,9,-1,2048,512,1,1,2097152,0.142396,1,"clFinish_profiled"
"OpenCL","COMPUTE","__fattn__-15","FLASH_ATTN_EXT","f32",-1,16,-1,128,16,10,1,81920,1.210052,1,"clFinish_profiled"
"CPU_Elastic","COMPUTE_GRAPH","ggml_cgraph","GRAPH","",-1,4,-1,0,0,0,0,0,5.863802,1,"delegate_cpu_graph"
"OpenCL","RELOAD_ENSURE","blk.15.ffn_gate_inp.weight","","",-1,-1,89,0,0,0,0,524288,1.547865,1,"decode_ensure"
"OpenCL","COMPUTE","ffn_moe_logits-15","MUL_MAT","f32",-1,2,-1,64,1,1,1,256,0.204583,1,"clFinish_profiled"
"OpenCL","COMPUTE","ffn_moe_probs-15","SOFT_MAX","f32",-1,3,-1,64,1,1,1,256,0.205104,1,"clFinish_profiled"
"OpenCL","COMPUTE","ffn_moe_argsort-15","ARGSORT","i32",-1,5,-1,64,1,1,1,256,0.203333,1,"clFinish_profiled"
"OpenCL","COMPUTE","ffn_moe_weights-15","GET_ROWS","f32",-1,7,-1,1,8,1,1,32,0.195364,1,"clFinish_profiled"
"CPU_Elastic","COMPUTE_GRAPH","ggml_cgraph","GRAPH","",-1,22,-1,0,0,0,0,0,12.376770,1,"delegate_cpu_graph"
"OpenCL","COMPUTE","result_norm","MUL","f32",-1,0,-1,2048,1,1,1,8192,0.501771,1,"clFinish_profiled"
"OpenCL","COMPUTE","result_output","MUL_MAT","f32",-1,1,-1,50304,1,1,1,201216,3.918750,1,"clFinish_profiled"
"CPU_Elastic","COMPUTE_GRAPH","ggml_cgraph","GRAPH","",-1,1,-1,0,0,0,0,0,0.009271,1,"delegate_cpu_graph"
"CPU_Elastic","COMPUTE_GRAPH","ggml_cgraph","GRAPH","",-1,1,-1,0,0,0,0,0,1.261770,1,"delegate_cpu_graph"
"OpenCL","COMPUTE","Qcur-0","ROPE","f32",-1,3,-1,128,16,1,1,8192,0.494740,1,"clFinish_profiled"
"CPU_Elastic","COMPUTE_GRAPH","ggml_cgraph","GRAPH","",-1,1,-1,0,0,0,0,0,1.791666,1,"delegate_cpu_graph"
"OpenCL","COMPUTE","Kcur-0","ROPE","f32",-1,3,-1,128,16,1,1,8192,0.540729,1,"clFinish_profiled"
"OpenCL","COMPUTE","Vcur-0","MUL_MAT","f32",-1,4,-1,2048,1,1,1,8192,0.362344,1,"clFinish_profiled"
"OpenCL","COMPUTE","cache_k_l0 (view)","SET_ROWS","f16",-1,7,-1,2048,512,1,1,2097152,0.220834,1,"clFinish_profiled"
"OpenCL","COMPUTE","cache_v_l0 (view)","SET_ROWS","f16",-1,9,-1,2048,512,1,1,2097152,0.197188,1,"clFinish_profiled"
"OpenCL","COMPUTE"," (copy)","CPY","f16",-1,16,-1,256,64,1,1,32768,0.207240,1,"clFinish_profiled"
"OpenCL","COMPUTE","__fattn__-0","FLASH_ATTN_EXT","f32",-1,17,-1,128,16,1,1,8192,0.415365,1,"clFinish_profiled"
"CPU_Elastic","COMPUTE_GRAPH","ggml_cgraph","GRAPH","",-1,2,-1,0,0,0,0,0,1.827709,1,"delegate_cpu_graph"
"OpenCL","COMPUTE","ffn_moe_logits-0","MUL_MAT","f32",-1,2,-1,64,1,1,1,256,0.546875,1,"clFinish_profiled"
"OpenCL","COMPUTE","ffn_moe_probs-0","SOFT_MAX","f32",-1,3,-1,64,1,1,1,256,0.266510,1,"clFinish_profiled"
"OpenCL","COMPUTE","ffn_moe_argsort-0","ARGSORT","i32",-1,5,-1,64,1,1,1,256,0.215156,1,"clFinish_profiled"
"OpenCL","COMPUTE","ffn_moe_weights-0","GET_ROWS","f32",-1,7,-1,1,8,1,1,32,0.191458,1,"clFinish_profiled"
"CPU_Elastic","COMPUTE_GRAPH","ggml_cgraph","GRAPH","",-1,21,-1,0,0,0,0,0,8.322448,1,"delegate_cpu_graph"
"CPU_Elastic","COMPUTE_GRAPH","ggml_cgraph","GRAPH","",-1,1,-1,0,0,0,0,0,0.435000,1,"delegate_cpu_graph"
"OpenCL","COMPUTE","Qcur-1","ROPE","f32",-1,3,-1,128,16,1,1,8192,0.402084,1,"clFinish_profiled"
"CPU_Elastic","COMPUTE_GRAPH","ggml_cgraph","GRAPH","",-1,1,-1,0,0,0,0,0,0.464531,1,"delegate_cpu_graph"
"OpenCL","COMPUTE","Kcur-1","ROPE","f32",-1,3,-1,128,16,1,1,8192,0.447031,1,"clFinish_profiled"
"OpenCL","COMPUTE","Vcur-1","MUL_MAT","f32",-1,4,-1,2048,1,1,1,8192,0.358854,1,"clFinish_profiled"
"OpenCL","COMPUTE","cache_k_l1 (view)","SET_ROWS","f16",-1,7,-1,2048,512,1,1,2097152,0.193959,1,"clFinish_profiled"
"OpenCL","COMPUTE","cache_v_l1 (view)","SET_ROWS","f16",-1,9,-1,2048,512,1,1,2097152,0.245208,1,"clFinish_profiled"
"OpenCL","COMPUTE","__fattn__-1","FLASH_ATTN_EXT","f32",-1,16,-1,128,16,1,1,8192,0.408646,1,"clFinish_profiled"
"CPU_Elastic","COMPUTE_GRAPH","ggml_cgraph","GRAPH","",-1,2,-1,0,0,0,0,0,0.575000,1,"delegate_cpu_graph"
"OpenCL","COMPUTE","ffn_moe_logits-1","MUL_MAT","f32",-1,2,-1,64,1,1,1,256,0.487136,1,"clFinish_profiled"
"OpenCL","COMPUTE","ffn_moe_probs-1","SOFT_MAX","f32",-1,3,-1,64,1,1,1,256,0.208490,1,"clFinish_profiled"
"OpenCL","COMPUTE","ffn_moe_argsort-1","ARGSORT","i32",-1,5,-1,64,1,1,1,256,0.201094,1,"clFinish_profiled"
"OpenCL","COMPUTE","ffn_moe_weights-1","GET_ROWS","f32",-1,7,-1,1,8,1,1,32,0.190469,1,"clFinish_profiled"
"CPU_Elastic","COMPUTE_GRAPH","ggml_cgraph","GRAPH","",-1,21,-1,0,0,0,0,0,11.408750,1,"delegate_cpu_graph"
"CPU_Elastic","COMPUTE_GRAPH","ggml_cgraph","GRAPH","",-1,1,-1,0,0,0,0,0,1.645312,1,"delegate_cpu_graph"
"OpenCL","COMPUTE","Qcur-2","ROPE","f32",-1,3,-1,128,16,1,1,8192,0.657396,1,"clFinish_profiled"
"CPU_Elastic","COMPUTE_GRAPH","ggml_cgraph","GRAPH","",-1,1,-1,0,0,0,0,0,1.338750,1,"delegate_cpu_graph"
"OpenCL","COMPUTE","Kcur-2","ROPE","f32",-1,3,-1,128,16,1,1,8192,0.554739,1,"clFinish_profiled"
"CPU_Elastic","COMPUTE_GRAPH","ggml_cgraph","GRAPH","",-1,3,-1,0,0,0,0,0,2.185521,1,"delegate_cpu_graph"
"OpenCL","COMPUTE","cache_k_l2 (view)","SET_ROWS","f16",-1,0,-1,2048,512,1,1,2097152,0.521198,1,"clFinish_profiled"
"OpenCL","COMPUTE","cache_v_l2 (view)","SET_ROWS","f16",-1,2,-1,2048,512,1,1,2097152,0.313177,1,"clFinish_profiled"
"OpenCL","COMPUTE","__fattn__-2","FLASH_ATTN_EXT","f32",-1,9,-1,128,16,1,1,8192,0.715261,1,"clFinish_profiled"
"CPU_Elastic","COMPUTE_GRAPH","ggml_cgraph","GRAPH","",-1,2,-1,0,0,0,0,0,1.830573,1,"delegate_cpu_graph"
"OpenCL","COMPUTE","ffn_moe_logits-2","MUL_MAT","f32",-1,2,-1,64,1,1,1,256,0.555365,1,"clFinish_profiled"
"OpenCL","COMPUTE","ffn_moe_probs-2","SOFT_MAX","f32",-1,3,-1,64,1,1,1,256,0.213021,1,"clFinish_profiled"
"OpenCL","COMPUTE","ffn_moe_argsort-2","ARGSORT","i32",-1,5,-1,64,1,1,1,256,0.204115,1,"clFinish_profiled"
"OpenCL","COMPUTE","ffn_moe_weights-2","GET_ROWS","f32",-1,7,-1,1,8,1,1,32,0.193438,1,"clFinish_profiled"
"CPU_Elastic","COMPUTE_GRAPH","ggml_cgraph","GRAPH","",-1,21,-1,0,0,0,0,0,6.946354,1,"delegate_cpu_graph"
"CPU_Elastic","COMPUTE_GRAPH","ggml_cgraph","GRAPH","",-1,1,-1,0,0,0,0,0,0.383177,1,"delegate_cpu_graph"
"OpenCL","COMPUTE","Qcur-3","ROPE","f32",-1,3,-1,128,16,1,1,8192,0.428906,1,"clFinish_profiled"
"CPU_Elastic","COMPUTE_GRAPH","ggml_cgraph","GRAPH","",-1,1,-1,0,0,0,0,0,0.438333,1,"delegate_cpu_graph"
"OpenCL","COMPUTE","Kcur-3","ROPE","f32",-1,3,-1,128,16,1,1,8192,0.402969,1,"clFinish_profiled"
"CPU_Elastic","COMPUTE_GRAPH","ggml_cgraph","GRAPH","",-1,3,-1,0,0,0,0,0,0.469791,1,"delegate_cpu_graph"
"OpenCL","COMPUTE","cache_k_l3 (view)","SET_ROWS","f16",-1,0,-1,2048,512,1,1,2097152,0.390730,1,"clFinish_profiled"
"OpenCL","COMPUTE","cache_v_l3 (view)","SET_ROWS","f16",-1,2,-1,2048,512,1,1,2097152,0.236562,1,"clFinish_profiled"
"OpenCL","COMPUTE","__fattn__-3","FLASH_ATTN_EXT","f32",-1,9,-1,128,16,1,1,8192,0.427865,1,"clFinish_profiled"
"CPU_Elastic","COMPUTE_GRAPH","ggml_cgraph","GRAPH","",-1,2,-1,0,0,0,0,0,1.803542,1,"delegate_cpu_graph"
"OpenCL","COMPUTE","ffn_moe_logits-3","MUL_MAT","f32",-1,2,-1,64,1,1,1,256,0.516875,1,"clFinish_profiled"
"OpenCL","COMPUTE","ffn_moe_probs-3","SOFT_MAX","f32",-1,3,-1,64,1,1,1,256,0.251719,1,"clFinish_profiled"
"OpenCL","COMPUTE","ffn_moe_argsort-3","ARGSORT","i32",-1,5,-1,64,1,1,1,256,0.201458,1,"clFinish_profiled"
"OpenCL","COMPUTE","ffn_moe_weights-3","GET_ROWS","f32",-1,7,-1,1,8,1,1,32,0.190886,1,"clFinish_profiled"
"CPU_Elastic","COMPUTE_GRAPH","ggml_cgraph","GRAPH","",-1,21,-1,0,0,0,0,0,11.569531,1,"delegate_cpu_graph"
"CPU_Elastic","COMPUTE_GRAPH","ggml_cgraph","GRAPH","",-1,1,-1,0,0,0,0,0,1.414271,1,"delegate_cpu_graph"
"OpenCL","COMPUTE","Qcur-4","ROPE","f32",-1,3,-1,128,16,1,1,8192,0.519896,1,"clFinish_profiled"
"CPU_Elastic","COMPUTE_GRAPH","ggml_cgraph","GRAPH","",-1,1,-1,0,0,0,0,0,1.547969,1,"delegate_cpu_graph"
"OpenCL","COMPUTE","Kcur-4","ROPE","f32",-1,3,-1,128,16,1,1,8192,0.553282,1,"clFinish_profiled"
"OpenCL","COMPUTE","Vcur-4","MUL_MAT","f32",-1,4,-1,2048,1,1,1,8192,0.357656,1,"clFinish_profiled"
"OpenCL","COMPUTE","cache_k_l4 (view)","SET_ROWS","f16",-1,7,-1,2048,512,1,1,2097152,0.200052,1,"clFinish_profiled"
"OpenCL","COMPUTE","cache_v_l4 (view)","SET_ROWS","f16",-1,9,-1,2048,512,1,1,2097152,0.197760,1,"clFinish_profiled"
"OpenCL","COMPUTE","__fattn__-4","FLASH_ATTN_EXT","f32",-1,16,-1,128,16,1,1,8192,0.414271,1,"clFinish_profiled"
"CPU_Elastic","COMPUTE_GRAPH","ggml_cgraph","GRAPH","",-1,2,-1,0,0,0,0,0,1.868438,1,"delegate_cpu_graph"
"OpenCL","COMPUTE","ffn_moe_logits-4","MUL_MAT","f32",-1,2,-1,64,1,1,1,256,0.517656,1,"clFinish_profiled"
"OpenCL","COMPUTE","ffn_moe_probs-4","SOFT_MAX","f32",-1,3,-1,64,1,1,1,256,0.265677,1,"clFinish_profiled"
"OpenCL","COMPUTE","ffn_moe_argsort-4","ARGSORT","i32",-1,5,-1,64,1,1,1,256,0.202865,1,"clFinish_profiled"
"OpenCL","COMPUTE","ffn_moe_weights-4","GET_ROWS","f32",-1,7,-1,1,8,1,1,32,0.193855,1,"clFinish_profiled"
"CPU_Elastic","COMPUTE_GRAPH","ggml_cgraph","GRAPH","",-1,21,-1,0,0,0,0,0,8.216302,1,"delegate_cpu_graph"
"CPU_Elastic","COMPUTE_GRAPH","ggml_cgraph","GRAPH","",-1,1,-1,0,0,0,0,0,0.387083,1,"delegate_cpu_graph"
"OpenCL","COMPUTE","Qcur-5","ROPE","f32",-1,3,-1,128,16,1,1,8192,0.409844,1,"clFinish_profiled"
"CPU_Elastic","COMPUTE_GRAPH","ggml_cgraph","GRAPH","",-1,1,-1,0,0,0,0,0,0.461719,1,"delegate_cpu_graph"
"OpenCL","COMPUTE","Kcur-5","ROPE","f32",-1,3,-1,128,16,1,1,8192,0.426511,1,"clFinish_profiled"
"CPU_Elastic","COMPUTE_GRAPH","ggml_cgraph","GRAPH","",-1,3,-1,0,0,0,0,0,0.445573,1,"delegate_cpu_graph"
"OpenCL","COMPUTE","cache_k_l5 (view)","SET_ROWS","f16",-1,0,-1,2048,512,1,1,2097152,0.397344,1,"clFinish_profiled"
"OpenCL","COMPUTE","cache_v_l5 (view)","SET_ROWS","f16",-1,2,-1,2048,512,1,1,2097152,0.159063,1,"clFinish_profiled"
"OpenCL","COMPUTE","__fattn__-5","FLASH_ATTN_EXT","f32",-1,9,-1,128,16,1,1,8192,0.413490,1,"clFinish_profiled"
"CPU_Elastic","COMPUTE_GRAPH","ggml_cgraph","GRAPH","",-1,2,-1,0,0,0,0,0,1.054532,1,"delegate_cpu_graph"
"OpenCL","COMPUTE","ffn_moe_logits-5","MUL_MAT","f32",-1,2,-1,64,1,1,1,256,0.550729,1,"clFinish_profiled"
"OpenCL","COMPUTE","ffn_moe_probs-5","SOFT_MAX","f32",-1,3,-1,64,1,1,1,256,0.216250,1,"clFinish_profiled"
"OpenCL","COMPUTE","ffn_moe_argsort-5","ARGSORT","i32",-1,5,-1,64,1,1,1,256,0.208073,1,"clFinish_profiled"
"OpenCL","COMPUTE","ffn_moe_weights-5","GET_ROWS","f32",-1,7,-1,1,8,1,1,32,0.182292,1,"clFinish_profiled"
"CPU_Elastic","COMPUTE_GRAPH","ggml_cgraph","GRAPH","",-1,21,-1,0,0,0,0,0,6.800782,1,"delegate_cpu_graph"
"CPU_Elastic","COMPUTE_GRAPH","ggml_cgraph","GRAPH","",-1,1,-1,0,0,0,0,0,1.676302,1,"delegate_cpu_graph"
"OpenCL","COMPUTE","Qcur-6","ROPE","f32",-1,3,-1,128,16,1,1,8192,0.541406,1,"clFinish_profiled"
"CPU_Elastic","COMPUTE_GRAPH","ggml_cgraph","GRAPH","",-1,1,-1,0,0,0,0,0,0.585260,1,"delegate_cpu_graph"
"OpenCL","COMPUTE","Kcur-6","ROPE","f32",-1,3,-1,128,16,1,1,8192,0.542916,1,"clFinish_profiled"
"CPU_Elastic","COMPUTE_GRAPH","ggml_cgraph","GRAPH","",-1,3,-1,0,0,0,0,0,1.840730,1,"delegate_cpu_graph"
"OpenCL","COMPUTE","cache_k_l6 (view)","SET_ROWS","f16",-1,0,-1,2048,512,1,1,2097152,0.507083,1,"clFinish_profiled"
"OpenCL","COMPUTE","cache_v_l6 (view)","SET_ROWS","f16",-1,2,-1,2048,512,1,1,2097152,0.204323,1,"clFinish_profiled"
"OpenCL","COMPUTE","__fattn__-6","FLASH_ATTN_EXT","f32",-1,9,-1,128,16,1,1,8192,0.415677,1,"clFinish_profiled"
"CPU_Elastic","COMPUTE_GRAPH","ggml_cgraph","GRAPH","",-1,2,-1,0,0,0,0,0,1.674271,1,"delegate_cpu_graph"
"OpenCL","COMPUTE","ffn_moe_logits-6","MUL_MAT","f32",-1,2,-1,64,1,1,1,256,0.539896,1,"clFinish_profiled"
"OpenCL","COMPUTE","ffn_moe_probs-6","SOFT_MAX","f32",-1,3,-1,64,1,1,1,256,0.210000,1,"clFinish_profiled"
"OpenCL","COMPUTE","ffn_moe_argsort-6","ARGSORT","i32",-1,5,-1,64,1,1,1,256,0.205000,1,"clFinish_profiled"
"OpenCL","COMPUTE","ffn_moe_weights-6","GET_ROWS","f32",-1,7,-1,1,8,1,1,32,0.197865,1,"clFinish_profiled"
"CPU_Elastic","COMPUTE_GRAPH","ggml_cgraph","GRAPH","",-1,21,-1,0,0,0,0,0,11.514010,1,"delegate_cpu_graph"
"CPU_Elastic","COMPUTE_GRAPH","ggml_cgraph","GRAPH","",-1,1,-1,0,0,0,0,0,1.584271,1,"delegate_cpu_graph"
"OpenCL","COMPUTE","Qcur-7","ROPE","f32",-1,3,-1,128,16,1,1,8192,0.555625,1,"clFinish_profiled"
"CPU_Elastic","COMPUTE_GRAPH","ggml_cgraph","GRAPH","",-1,1,-1,0,0,0,0,0,1.649427,1,"delegate_cpu_graph"
"OpenCL","COMPUTE","Kcur-7","ROPE","f32",-1,3,-1,128,16,1,1,8192,0.581094,1,"clFinish_profiled"
"OpenCL","COMPUTE","Vcur-7","MUL_MAT","f32",-1,4,-1,2048,1,1,1,8192,0.362188,1,"clFinish_profiled"
"OpenCL","COMPUTE","cache_k_l7 (view)","SET_ROWS","f16",-1,7,-1,2048,512,1,1,2097152,0.205469,1,"clFinish_profiled"
"OpenCL","COMPUTE","cache_v_l7 (view)","SET_ROWS","f16",-1,9,-1,2048,512,1,1,2097152,0.198698,1,"clFinish_profiled"
"OpenCL","COMPUTE","__fattn__-7","FLASH_ATTN_EXT","f32",-1,16,-1,128,16,1,1,8192,0.418125,1,"clFinish_profiled"
"CPU_Elastic","COMPUTE_GRAPH","ggml_cgraph","GRAPH","",-1,2,-1,0,0,0,0,0,1.862760,1,"delegate_cpu_graph"
"OpenCL","COMPUTE","ffn_moe_logits-7","MUL_MAT","f32",-1,2,-1,64,1,1,1,256,0.512136,1,"clFinish_profiled"
"OpenCL","COMPUTE","ffn_moe_probs-7","SOFT_MAX","f32",-1,3,-1,64,1,1,1,256,0.141459,1,"clFinish_profiled"
"OpenCL","COMPUTE","ffn_moe_argsort-7","ARGSORT","i32",-1,5,-1,64,1,1,1,256,0.230938,1,"clFinish_profiled"
"OpenCL","COMPUTE","ffn_moe_weights-7","GET_ROWS","f32",-1,7,-1,1,8,1,1,32,0.202239,1,"clFinish_profiled"
"CPU_Elastic","COMPUTE_GRAPH","ggml_cgraph","GRAPH","",-1,21,-1,0,0,0,0,0,7.771146,1,"delegate_cpu_graph"
"CPU_Elastic","COMPUTE_GRAPH","ggml_cgraph","GRAPH","",-1,1,-1,0,0,0,0,0,0.375885,1,"delegate_cpu_graph"
"OpenCL","COMPUTE","Qcur-8","ROPE","f32",-1,3,-1,128,16,1,1,8192,0.434271,1,"clFinish_profiled"
"CPU_Elastic","COMPUTE_GRAPH","ggml_cgraph","GRAPH","",-1,1,-1,0,0,0,0,0,0.435156,1,"delegate_cpu_graph"
"OpenCL","COMPUTE","Kcur-8","ROPE","f32",-1,3,-1,128,16,1,1,8192,0.405625,1,"clFinish_profiled"
"CPU_Elastic","COMPUTE_GRAPH","ggml_cgraph","GRAPH","",-1,3,-1,0,0,0,0,0,0.473333,1,"delegate_cpu_graph"
"OpenCL","COMPUTE","cache_k_l8 (view)","SET_ROWS","f16",-1,0,-1,2048,512,1,1,2097152,0.393385,1,"clFinish_profiled"
"OpenCL","COMPUTE","cache_v_l8 (view)","SET_ROWS","f16",-1,2,-1,2048,512,1,1,2097152,0.209584,1,"clFinish_profiled"
"OpenCL","COMPUTE","__fattn__-8","FLASH_ATTN_EXT","f32",-1,9,-1,128,16,1,1,8192,0.418177,1,"clFinish_profiled"
"CPU_Elastic","COMPUTE_GRAPH","ggml_cgraph","GRAPH","",-1,2,-1,0,0,0,0,0,0.411563,1,"delegate_cpu_graph"
"OpenCL","COMPUTE","ffn_moe_logits-8","MUL_MAT","f32",-1,2,-1,64,1,1,1,256,0.408542,1,"clFinish_profiled"
"OpenCL","COMPUTE","ffn_moe_probs-8","SOFT_MAX","f32",-1,3,-1,64,1,1,1,256,0.210678,1,"clFinish_profiled"
"OpenCL","COMPUTE","ffn_moe_argsort-8","ARGSORT","i32",-1,5,-1,64,1,1,1,256,0.205573,1,"clFinish_profiled"
"OpenCL","COMPUTE","ffn_moe_weights-8","GET_ROWS","f32",-1,7,-1,1,8,1,1,32,0.194895,1,"clFinish_profiled"
"CPU_Elastic","COMPUTE_GRAPH","ggml_cgraph","GRAPH","",-1,21,-1,0,0,0,0,0,10.136771,1,"delegate_cpu_graph"
"CPU_Elastic","COMPUTE_GRAPH","ggml_cgraph","GRAPH","",-1,1,-1,0,0,0,0,0,1.666302,1,"delegate_cpu_graph"
"OpenCL","COMPUTE","Qcur-9","ROPE","f32",-1,3,-1,128,16,1,1,8192,0.507187,1,"clFinish_profiled"
"CPU_Elastic","COMPUTE_GRAPH","ggml_cgraph","GRAPH","",-1,1,-1,0,0,0,0,0,0.385729,1,"delegate_cpu_graph"
"OpenCL","COMPUTE","Kcur-9","ROPE","f32",-1,3,-1,128,16,1,1,8192,0.425782,1,"clFinish_profiled"
"CPU_Elastic","COMPUTE_GRAPH","ggml_cgraph","GRAPH","",-1,3,-1,0,0,0,0,0,0.445313,1,"delegate_cpu_graph"
"OpenCL","COMPUTE","cache_k_l9 (view)","SET_ROWS","f16",-1,0,-1,2048,512,1,1,2097152,0.394427,1,"clFinish_profiled"
"OpenCL","COMPUTE","cache_v_l9 (view)","SET_ROWS","f16",-1,2,-1,2048,512,1,1,2097152,0.206510,1,"clFinish_profiled"
"OpenCL","COMPUTE","__fattn__-9","FLASH_ATTN_EXT","f32",-1,9,-1,128,16,1,1,8192,0.422292,1,"clFinish_profiled"
"CPU_Elastic","COMPUTE_GRAPH","ggml_cgraph","GRAPH","",-1,2,-1,0,0,0,0,0,0.410469,1,"delegate_cpu_graph"
"OpenCL","COMPUTE","ffn_moe_logits-9","MUL_MAT","f32",-1,2,-1,64,1,1,1,256,0.412761,1,"clFinish_profiled"
"OpenCL","COMPUTE","ffn_moe_probs-9","SOFT_MAX","f32",-1,3,-1,64,1,1,1,256,0.213906,1,"clFinish_profiled"
"OpenCL","COMPUTE","ffn_moe_argsort-9","ARGSORT","i32",-1,5,-1,64,1,1,1,256,0.207031,1,"clFinish_profiled"
"OpenCL","COMPUTE","ffn_moe_weights-9","GET_ROWS","f32",-1,7,-1,1,8,1,1,32,0.193229,1,"clFinish_profiled"
"CPU_Elastic","COMPUTE_GRAPH","ggml_cgraph","GRAPH","",-1,21,-1,0,0,0,0,0,11.308385,1,"delegate_cpu_graph"
"CPU_Elastic","COMPUTE_GRAPH","ggml_cgraph","GRAPH","",-1,1,-1,0,0,0,0,0,1.575313,1,"delegate_cpu_graph"
"OpenCL","COMPUTE","Qcur-10","ROPE","f32",-1,3,-1,128,16,1,1,8192,0.513698,1,"clFinish_profiled"
"CPU_Elastic","COMPUTE_GRAPH","ggml_cgraph","GRAPH","",-1,1,-1,0,0,0,0,0,1.666927,1,"delegate_cpu_graph"
"OpenCL","COMPUTE","Kcur-10","ROPE","f32",-1,3,-1,128,16,1,1,8192,0.550313,1,"clFinish_profiled"
"OpenCL","COMPUTE","Vcur-10","MUL_MAT","f32",-1,4,-1,2048,1,1,1,8192,0.353750,1,"clFinish_profiled"
"OpenCL","COMPUTE","cache_k_l10 (view)","SET_ROWS","f16",-1,7,-1,2048,512,1,1,2097152,0.218229,1,"clFinish_profiled"
"OpenCL","COMPUTE","cache_v_l10 (view)","SET_ROWS","f16",-1,9,-1,2048,512,1,1,2097152,0.200000,1,"clFinish_profiled"
"OpenCL","COMPUTE","__fattn__-10","FLASH_ATTN_EXT","f32",-1,16,-1,128,16,1,1,8192,0.416563,1,"clFinish_profiled"
"CPU_Elastic","COMPUTE_GRAPH","ggml_cgraph","GRAPH","",-1,2,-1,0,0,0,0,0,0.469479,1,"delegate_cpu_graph"
"OpenCL","COMPUTE","ffn_moe_logits-10","MUL_MAT","f32",-1,2,-1,64,1,1,1,256,0.411875,1,"clFinish_profiled"
"OpenCL","COMPUTE","ffn_moe_probs-10","SOFT_MAX","f32",-1,3,-1,64,1,1,1,256,0.208907,1,"clFinish_profiled"
"OpenCL","COMPUTE","ffn_moe_argsort-10","ARGSORT","i32",-1,5,-1,64,1,1,1,256,0.227916,1,"clFinish_profiled"
"OpenCL","COMPUTE","ffn_moe_weights-10","GET_ROWS","f32",-1,7,-1,1,8,1,1,32,0.199427,1,"clFinish_profiled"
"CPU_Elastic","COMPUTE_GRAPH","ggml_cgraph","GRAPH","",-1,21,-1,0,0,0,0,0,12.840261,1,"delegate_cpu_graph"
"CPU_Elastic","COMPUTE_GRAPH","ggml_cgraph","GRAPH","",-1,1,-1,0,0,0,0,0,1.635833,1,"delegate_cpu_graph"
"OpenCL","COMPUTE","Qcur-11","ROPE","f32",-1,3,-1,128,16,1,1,8192,0.511875,1,"clFinish_profiled"
"CPU_Elastic","COMPUTE_GRAPH","ggml_cgraph","GRAPH","",-1,1,-1,0,0,0,0,0,0.378125,1,"delegate_cpu_graph"
"OpenCL","COMPUTE","Kcur-11","ROPE","f32",-1,3,-1,128,16,1,1,8192,0.399427,1,"clFinish_profiled"
"CPU_Elastic","COMPUTE_GRAPH","ggml_cgraph","GRAPH","",-1,3,-1,0,0,0,0,0,0.472500,1,"delegate_cpu_graph"
"OpenCL","COMPUTE","cache_k_l11 (view)","SET_ROWS","f16",-1,0,-1,2048,512,1,1,2097152,0.395157,1,"clFinish_profiled"
"OpenCL","COMPUTE","cache_v_l11 (view)","SET_ROWS","f16",-1,2,-1,2048,512,1,1,2097152,0.201302,1,"clFinish_profiled"
"OpenCL","COMPUTE","__fattn__-11","FLASH_ATTN_EXT","f32",-1,9,-1,128,16,1,1,8192,0.416562,1,"clFinish_profiled"
"CPU_Elastic","COMPUTE_GRAPH","ggml_cgraph","GRAPH","",-1,2,-1,0,0,0,0,0,0.422083,1,"delegate_cpu_graph"
"OpenCL","COMPUTE","ffn_moe_logits-11","MUL_MAT","f32",-1,2,-1,64,1,1,1,256,0.407865,1,"clFinish_profiled"
"OpenCL","COMPUTE","ffn_moe_probs-11","SOFT_MAX","f32",-1,3,-1,64,1,1,1,256,0.210469,1,"clFinish_profiled"
"OpenCL","COMPUTE","ffn_moe_argsort-11","ARGSORT","i32",-1,5,-1,64,1,1,1,256,0.201354,1,"clFinish_profiled"
"OpenCL","COMPUTE","ffn_moe_weights-11","GET_ROWS","f32",-1,7,-1,1,8,1,1,32,0.192032,1,"clFinish_profiled"
"CPU_Elastic","COMPUTE_GRAPH","ggml_cgraph","GRAPH","",-1,21,-1,0,0,0,0,0,6.574895,1,"delegate_cpu_graph"
"CPU_Elastic","COMPUTE_GRAPH","ggml_cgraph","GRAPH","",-1,1,-1,0,0,0,0,0,0.398438,1,"delegate_cpu_graph"
"OpenCL","COMPUTE","Qcur-12","ROPE","f32",-1,3,-1,128,16,1,1,8192,0.401459,1,"clFinish_profiled"
"CPU_Elastic","COMPUTE_GRAPH","ggml_cgraph","GRAPH","",-1,1,-1,0,0,0,0,0,0.468177,1,"delegate_cpu_graph"
"OpenCL","COMPUTE","Kcur-12","ROPE","f32",-1,3,-1,128,16,1,1,8192,0.401250,1,"clFinish_profiled"
"CPU_Elastic","COMPUTE_GRAPH","ggml_cgraph","GRAPH","",-1,3,-1,0,0,0,0,0,0.471146,1,"delegate_cpu_graph"
"OpenCL","COMPUTE","cache_k_l12 (view)","SET_ROWS","f16",-1,0,-1,2048,512,1,1,2097152,0.403906,1,"clFinish_profiled"
"OpenCL","COMPUTE","cache_v_l12 (view)","SET_ROWS","f16",-1,2,-1,2048,512,1,1,2097152,0.223594,1,"clFinish_profiled"
"OpenCL","COMPUTE","__fattn__-12","FLASH_ATTN_EXT","f32",-1,9,-1,128,16,1,1,8192,0.463177,1,"clFinish_profiled"
"CPU_Elastic","COMPUTE_GRAPH","ggml_cgraph","GRAPH","",-1,2,-1,0,0,0,0,0,1.705521,1,"delegate_cpu_graph"
"OpenCL","COMPUTE","ffn_moe_logits-12","MUL_MAT","f32",-1,2,-1,64,1,1,1,256,0.543958,1,"clFinish_profiled"
"OpenCL","COMPUTE","ffn_moe_probs-12","SOFT_MAX","f32",-1,3,-1,64,1,1,1,256,0.346771,1,"clFinish_profiled"
"OpenCL","COMPUTE","ffn_moe_argsort-12","ARGSORT","i32",-1,5,-1,64,1,1,1,256,0.481511,1,"clFinish_profiled"
"OpenCL","COMPUTE","ffn_moe_weights-12","GET_ROWS","f32",-1,7,-1,1,8,1,1,32,0.172500,1,"clFinish_profiled"
"CPU_Elastic","COMPUTE_GRAPH","ggml_cgraph","GRAPH","",-1,21,-1,0,0,0,0,0,5.980885,1,"delegate_cpu_graph"
"CPU_Elastic","COMPUTE_GRAPH","ggml_cgraph","GRAPH","",-1,1,-1,0,0,0,0,0,0.582292,1,"delegate_cpu_graph"
"OpenCL","COMPUTE","Qcur-13","ROPE","f32",-1,3,-1,128,16,1,1,8192,0.558073,1,"clFinish_profiled"
"CPU_Elastic","COMPUTE_GRAPH","ggml_cgraph","GRAPH","",-1,1,-1,0,0,0,0,0,1.401250,1,"delegate_cpu_graph"
"OpenCL","COMPUTE","Kcur-13","ROPE","f32",-1,3,-1,128,16,1,1,8192,0.538854,1,"clFinish_profiled"
"OpenCL","COMPUTE","Vcur-13","MUL_MAT","f32",-1,4,-1,2048,1,1,1,8192,0.368490,1,"clFinish_profiled"
"OpenCL","COMPUTE","cache_k_l13 (view)","SET_ROWS","f16",-1,7,-1,2048,512,1,1,2097152,0.199635,1,"clFinish_profiled"
"OpenCL","COMPUTE","cache_v_l13 (view)","SET_ROWS","f16",-1,9,-1,2048,512,1,1,2097152,0.194844,1,"clFinish_profiled"
"OpenCL","COMPUTE","__fattn__-13","FLASH_ATTN_EXT","f32",-1,16,-1,128,16,1,1,8192,0.415886,1,"clFinish_profiled"
"CPU_Elastic","COMPUTE_GRAPH","ggml_cgraph","GRAPH","",-1,2,-1,0,0,0,0,0,0.652500,1,"delegate_cpu_graph"
"OpenCL","COMPUTE","ffn_moe_logits-13","MUL_MAT","f32",-1,2,-1,64,1,1,1,256,0.520990,1,"clFinish_profiled"
"OpenCL","COMPUTE","ffn_moe_probs-13","SOFT_MAX","f32",-1,3,-1,64,1,1,1,256,0.211146,1,"clFinish_profiled"
"OpenCL","COMPUTE","ffn_moe_argsort-13","ARGSORT","i32",-1,5,-1,64,1,1,1,256,0.203594,1,"clFinish_profiled"
"OpenCL","COMPUTE","ffn_moe_weights-13","GET_ROWS","f32",-1,7,-1,1,8,1,1,32,0.192084,1,"clFinish_profiled"
"CPU_Elastic","COMPUTE_GRAPH","ggml_cgraph","GRAPH","",-1,21,-1,0,0,0,0,0,10.538750,1,"delegate_cpu_graph"
"CPU_Elastic","COMPUTE_GRAPH","ggml_cgraph","GRAPH","",-1,1,-1,0,0,0,0,0,0.577396,1,"delegate_cpu_graph"
"OpenCL","COMPUTE","Qcur-14","ROPE","f32",-1,3,-1,128,16,1,1,8192,0.536510,1,"clFinish_profiled"
"CPU_Elastic","COMPUTE_GRAPH","ggml_cgraph","GRAPH","",-1,1,-1,0,0,0,0,0,0.601510,1,"delegate_cpu_graph"
"OpenCL","COMPUTE","Kcur-14","ROPE","f32",-1,3,-1,128,16,1,1,8192,0.510834,1,"clFinish_profiled"
"OpenCL","COMPUTE","Vcur-14","MUL_MAT","f32",-1,4,-1,2048,1,1,1,8192,0.360208,1,"clFinish_profiled"
"OpenCL","COMPUTE","cache_k_l14 (view)","SET_ROWS","f16",-1,7,-1,2048,512,1,1,2097152,0.200520,1,"clFinish_profiled"
"OpenCL","COMPUTE","cache_v_l14 (view)","SET_ROWS","f16",-1,9,-1,2048,512,1,1,2097152,0.245000,1,"clFinish_profiled"
"OpenCL","COMPUTE","__fattn__-14","FLASH_ATTN_EXT","f32",-1,16,-1,128,16,1,1,8192,0.415469,1,"clFinish_profiled"
"CPU_Elastic","COMPUTE_GRAPH","ggml_cgraph","GRAPH","",-1,2,-1,0,0,0,0,0,0.509792,1,"delegate_cpu_graph"
"OpenCL","COMPUTE","ffn_moe_logits-14","MUL_MAT","f32",-1,2,-1,64,1,1,1,256,0.414063,1,"clFinish_profiled"
"OpenCL","COMPUTE","ffn_moe_probs-14","SOFT_MAX","f32",-1,3,-1,64,1,1,1,256,0.215625,1,"clFinish_profiled"
"OpenCL","COMPUTE","ffn_moe_argsort-14","ARGSORT","i32",-1,5,-1,64,1,1,1,256,0.204427,1,"clFinish_profiled"
"OpenCL","COMPUTE","ffn_moe_weights-14","GET_ROWS","f32",-1,7,-1,1,8,1,1,32,0.191510,1,"clFinish_profiled"
"CPU_Elastic","COMPUTE_GRAPH","ggml_cgraph","GRAPH","",-1,21,-1,0,0,0,0,0,8.668281,1,"delegate_cpu_graph"
"CPU_Elastic","COMPUTE_GRAPH","ggml_cgraph","GRAPH","",-1,1,-1,0,0,0,0,0,0.397813,1,"delegate_cpu_graph"
"OpenCL","COMPUTE","Qcur-15","ROPE","f32",-1,3,-1,128,16,1,1,8192,0.413750,1,"clFinish_profiled"
"CPU_Elastic","COMPUTE_GRAPH","ggml_cgraph","GRAPH","",-1,1,-1,0,0,0,0,0,0.479063,1,"delegate_cpu_graph"
"OpenCL","COMPUTE","Kcur-15","ROPE","f32",-1,3,-1,128,16,1,1,8192,0.437969,1,"clFinish_profiled"
"OpenCL","COMPUTE","Vcur-15","MUL_MAT","f32",-1,4,-1,2048,1,1,1,8192,0.357448,1,"clFinish_profiled"
"OpenCL","COMPUTE","cache_k_l15 (view)","SET_ROWS","f16",-1,7,-1,2048,512,1,1,2097152,0.200157,1,"clFinish_profiled"
"OpenCL","COMPUTE","cache_v_l15 (view)","SET_ROWS","f16",-1,9,-1,2048,512,1,1,2097152,0.199532,1,"clFinish_profiled"
"OpenCL","COMPUTE","__fattn__-15","FLASH_ATTN_EXT","f32",-1,16,-1,128,16,1,1,8192,0.420260,1,"clFinish_profiled"
"CPU_Elastic","COMPUTE_GRAPH","ggml_cgraph","GRAPH","",-1,4,-1,0,0,0,0,0,0.588542,1,"delegate_cpu_graph"
"OpenCL","COMPUTE","ffn_moe_logits-15","MUL_MAT","f32",-1,2,-1,64,1,1,1,256,0.508646,1,"clFinish_profiled"
"OpenCL","COMPUTE","ffn_moe_probs-15","SOFT_MAX","f32",-1,3,-1,64,1,1,1,256,0.213386,1,"clFinish_profiled"
"OpenCL","COMPUTE","ffn_moe_argsort-15","ARGSORT","i32",-1,5,-1,64,1,1,1,256,0.220104,1,"clFinish_profiled"
"OpenCL","COMPUTE","ffn_moe_weights-15","GET_ROWS","f32",-1,7,-1,1,8,1,1,32,0.195885,1,"clFinish_profiled"
"CPU_Elastic","COMPUTE_GRAPH","ggml_cgraph","GRAPH","",-1,22,-1,0,0,0,0,0,7.668073,1,"delegate_cpu_graph"
"OpenCL","COMPUTE","result_norm","MUL","f32",-1,0,-1,2048,1,1,1,8192,0.491927,1,"clFinish_profiled"
"OpenCL","COMPUTE","result_output","MUL_MAT","f32",-1,1,-1,50304,1,1,1,201216,4.029635,1,"clFinish_profiled"
"CPU_Elastic","COMPUTE_GRAPH","ggml_cgraph","GRAPH","",-1,1,-1,0,0,0,0,0,0.011615,1,"delegate_cpu_graph"
"CPU_Elastic","COMPUTE_GRAPH","ggml_cgraph","GRAPH","",-1,1,-1,0,0,0,0,0,0.535157,1,"delegate_cpu_graph"
"OpenCL","COMPUTE","Qcur-0","ROPE","f32",-1,3,-1,128,16,1,1,8192,0.504271,1,"clFinish_profiled"
"CPU_Elastic","COMPUTE_GRAPH","ggml_cgraph","GRAPH","",-1,1,-1,0,0,0,0,0,0.916459,1,"delegate_cpu_graph"
"OpenCL","COMPUTE","Kcur-0","ROPE","f32",-1,3,-1,128,16,1,1,8192,0.493490,1,"clFinish_profiled"
"OpenCL","COMPUTE","Vcur-0","MUL_MAT","f32",-1,4,-1,2048,1,1,1,8192,0.360937,1,"clFinish_profiled"
"OpenCL","COMPUTE","cache_k_l0 (view)","SET_ROWS","f16",-1,7,-1,2048,512,1,1,2097152,0.239271,1,"clFinish_profiled"
"OpenCL","COMPUTE","cache_v_l0 (view)","SET_ROWS","f16",-1,9,-1,2048,512,1,1,2097152,0.199323,1,"clFinish_profiled"
"OpenCL","COMPUTE"," (copy)","CPY","f16",-1,16,-1,256,64,1,1,32768,0.207500,1,"clFinish_profiled"
"OpenCL","COMPUTE","__fattn__-0","FLASH_ATTN_EXT","f32",-1,17,-1,128,16,1,1,8192,0.416093,1,"clFinish_profiled"
"CPU_Elastic","COMPUTE_GRAPH","ggml_cgraph","GRAPH","",-1,2,-1,0,0,0,0,0,0.525833,1,"delegate_cpu_graph"
"OpenCL","COMPUTE","ffn_moe_logits-0","MUL_MAT","f32",-1,2,-1,64,1,1,1,256,0.454375,1,"clFinish_profiled"
"OpenCL","COMPUTE","ffn_moe_probs-0","SOFT_MAX","f32",-1,3,-1,64,1,1,1,256,0.220364,1,"clFinish_profiled"
"OpenCL","COMPUTE","ffn_moe_argsort-0","ARGSORT","i32",-1,5,-1,64,1,1,1,256,0.206875,1,"clFinish_profiled"
"OpenCL","COMPUTE","ffn_moe_weights-0","GET_ROWS","f32",-1,7,-1,1,8,1,1,32,0.195625,1,"clFinish_profiled"
"CPU_Elastic","COMPUTE_GRAPH","ggml_cgraph","GRAPH","",-1,21,-1,0,0,0,0,0,11.234583,1,"delegate_cpu_graph"
"CPU_Elastic","COMPUTE_GRAPH","ggml_cgraph","GRAPH","",-1,1,-1,0,0,0,0,0,1.295365,1,"delegate_cpu_graph"
"OpenCL","COMPUTE","Qcur-1","ROPE","f32",-1,3,-1,128,16,1,1,8192,0.524427,1,"clFinish_profiled"
"CPU_Elastic","COMPUTE_GRAPH","ggml_cgraph","GRAPH","",-1,1,-1,0,0,0,0,0,0.607240,1,"delegate_cpu_graph"
"OpenCL","COMPUTE","Kcur-1","ROPE","f32",-1,3,-1,128,16,1,1,8192,0.511927,1,"clFinish_profiled"
"OpenCL","COMPUTE","Vcur-1","MUL_MAT","f32",-1,4,-1,2048,1,1,1,8192,0.356302,1,"clFinish_profiled"
"OpenCL","COMPUTE","cache_k_l1 (view)","SET_ROWS","f16",-1,7,-1,2048,512,1,1,2097152,0.199479,1,"clFinish_profiled"
"OpenCL","COMPUTE","cache_v_l1 (view)","SET_ROWS","f16",-1,9,-1,2048,512,1,1,2097152,0.196927,1,"clFinish_profiled"
"OpenCL","COMPUTE","__fattn__-1","FLASH_ATTN_EXT","f32",-1,16,-1,128,16,1,1,8192,0.406041,1,"clFinish_profiled"
"CPU_Elastic","COMPUTE_GRAPH","ggml_cgraph","GRAPH","",-1,2,-1,0,0,0,0,0,0.538021,1,"delegate_cpu_graph"
"OpenCL","COMPUTE","ffn_moe_logits-1","MUL_MAT","f32",-1,2,-1,64,1,1,1,256,0.416615,1,"clFinish_profiled"
"OpenCL","COMPUTE","ffn_moe_probs-1","SOFT_MAX","f32",-1,3,-1,64,1,1,1,256,0.236615,1,"clFinish_profiled"
"OpenCL","COMPUTE","ffn_moe_argsort-1","ARGSORT","i32",-1,5,-1,64,1,1,1,256,0.204063,1,"clFinish_profiled"
"OpenCL","COMPUTE","ffn_moe_weights-1","GET_ROWS","f32",-1,7,-1,1,8,1,1,32,0.196511,1,"clFinish_profiled"
"CPU_Elastic","COMPUTE_GRAPH","ggml_cgraph","GRAPH","",-1,21,-1,0,0,0,0,0,8.532292,1,"delegate_cpu_graph"
"CPU_Elastic","COMPUTE_GRAPH","ggml_cgraph","GRAPH","",-1,1,-1,0,0,0,0,0,0.400521,1,"delegate_cpu_graph"
"OpenCL","COMPUTE","Qcur-2","ROPE","f32",-1,3,-1,128,16,1,1,8192,0.431250,1,"clFinish_profiled"
"CPU_Elastic","COMPUTE_GRAPH","ggml_cgraph","GRAPH","",-1,1,-1,0,0,0,0,0,0.437969,1,"delegate_cpu_graph"
"OpenCL","COMPUTE","Kcur-2","ROPE","f32",-1,3,-1,128,16,1,1,8192,0.404167,1,"clFinish_profiled"
"CPU_Elastic","COMPUTE_GRAPH","ggml_cgraph","GRAPH","",-1,3,-1,0,0,0,0,0,2.142396,1,"delegate_cpu_graph"
"OpenCL","COMPUTE","cache_k_l2 (view)","SET_ROWS","f16",-1,0,-1,2048,512,1,1,2097152,0.482292,1,"clFinish_profiled"
"OpenCL","COMPUTE","cache_v_l2 (view)","SET_ROWS","f16",-1,2,-1,2048,512,1,1,2097152,0.202656,1,"clFinish_profiled"
"OpenCL","COMPUTE","__fattn__-2","FLASH_ATTN_EXT","f32",-1,9,-1,128,16,1,1,8192,0.412656,1,"clFinish_profiled"
"CPU_Elastic","COMPUTE_GRAPH","ggml_cgraph","GRAPH","",-1,2,-1,0,0,0,0,0,2.192083,1,"delegate_cpu_graph"
"OpenCL","COMPUTE","ffn_moe_logits-2","MUL_MAT","f32",-1,2,-1,64,1,1,1,256,0.510312,1,"clFinish_profiled"
"OpenCL","COMPUTE","ffn_moe_probs-2","SOFT_MAX","f32",-1,3,-1,64,1,1,1,256,0.208437,1,"clFinish_profiled"
"OpenCL","COMPUTE","ffn_moe_argsort-2","ARGSORT","i32",-1,5,-1,64,1,1,1,256,0.200989,1,"clFinish_profiled"
"OpenCL","COMPUTE","ffn_moe_weights-2","GET_ROWS","f32",-1,7,-1,1,8,1,1,32,0.197657,1,"clFinish_profiled"
"CPU_Elastic","COMPUTE_GRAPH","ggml_cgraph","GRAPH","",-1,21,-1,0,0,0,0,0,9.294010,1,"delegate_cpu_graph"
"CPU_Elastic","COMPUTE_GRAPH","ggml_cgraph","GRAPH","",-1,1,-1,0,0,0,0,0,0.587240,1,"delegate_cpu_graph"
"OpenCL","COMPUTE","Qcur-3","ROPE","f32",-1,3,-1,128,16,1,1,8192,0.561094,1,"clFinish_profiled"
"CPU_Elastic","COMPUTE_GRAPH","ggml_cgraph","GRAPH","",-1,1,-1,0,0,0,0,0,0.587448,1,"delegate_cpu_graph"
"OpenCL","COMPUTE","Kcur-3","ROPE","f32",-1,3,-1,128,16,1,1,8192,0.477917,1,"clFinish_profiled"
"CPU_Elastic","COMPUTE_GRAPH","ggml_cgraph","GRAPH","",-1,3,-1,0,0,0,0,0,0.389792,1,"delegate_cpu_graph"
"OpenCL","COMPUTE","cache_k_l3 (view)","SET_ROWS","f16",-1,0,-1,2048,512,1,1,2097152,0.385937,1,"clFinish_profiled"
"OpenCL","COMPUTE","cache_v_l3 (view)","SET_ROWS","f16",-1,2,-1,2048,512,1,1,2097152,0.199479,1,"clFinish_profiled"
"OpenCL","COMPUTE","__fattn__-3","FLASH_ATTN_EXT","f32",-1,9,-1,128,16,1,1,8192,0.411823,1,"clFinish_profiled"
"CPU_Elastic","COMPUTE_GRAPH","ggml_cgraph","GRAPH","",-1,2,-1,0,0,0,0,0,1.212135,1,"delegate_cpu_graph"
"OpenCL","COMPUTE","ffn_moe_logits-3","MUL_MAT","f32",-1,2,-1,64,1,1,1,256,0.497344,1,"clFinish_profiled"
"OpenCL","COMPUTE","ffn_moe_probs-3","SOFT_MAX","f32",-1,3,-1,64,1,1,1,256,0.206146,1,"clFinish_profiled"
"OpenCL","COMPUTE","ffn_moe_argsort-3","ARGSORT","i32",-1,5,-1,64,1,1,1,256,0.199428,1,"clFinish_profiled"
"OpenCL","COMPUTE","ffn_moe_weights-3","GET_ROWS","f32",-1,7,-1,1,8,1,1,32,0.193698,1,"clFinish_profiled"
"CPU_Elastic","COMPUTE_GRAPH","ggml_cgraph","GRAPH","",-1,21,-1,0,0,0,0,0,8.968386,1,"delegate_cpu_graph"
"CPU_Elastic","COMPUTE_GRAPH","ggml_cgraph","GRAPH","",-1,1,-1,0,0,0,0,0,0.432761,1,"delegate_cpu_graph"
"OpenCL","COMPUTE","Qcur-4","ROPE","f32",-1,3,-1,128,16,1,1,8192,0.410000,1,"clFinish_profiled"
"CPU_Elastic","COMPUTE_GRAPH","ggml_cgraph","GRAPH","",-1,1,-1,0,0,0,0,0,0.461927,1,"delegate_cpu_graph"
"OpenCL","COMPUTE","Kcur-4","ROPE","f32",-1,3,-1,128,16,1,1,8192,0.430677,1,"clFinish_profiled"
"OpenCL","COMPUTE","Vcur-4","MUL_MAT","f32",-1,4,-1,2048,1,1,1,8192,0.350937,1,"clFinish_profiled"
"OpenCL","COMPUTE","cache_k_l4 (view)","SET_ROWS","f16",-1,7,-1,2048,512,1,1,2097152,0.191771,1,"clFinish_profiled"
"OpenCL","COMPUTE","cache_v_l4 (view)","SET_ROWS","f16",-1,9,-1,2048,512,1,1,2097152,0.191198,1,"clFinish_profiled"
"OpenCL","COMPUTE","__fattn__-4","FLASH_ATTN_EXT","f32",-1,16,-1,128,16,1,1,8192,0.407604,1,"clFinish_profiled"
"CPU_Elastic","COMPUTE_GRAPH","ggml_cgraph","GRAPH","",-1,2,-1,0,0,0,0,0,2.058021,1,"delegate_cpu_graph"
"OpenCL","COMPUTE","ffn_moe_logits-4","MUL_MAT","f32",-1,2,-1,64,1,1,1,256,0.504479,1,"clFinish_profiled"
"OpenCL","COMPUTE","ffn_moe_probs-4","SOFT_MAX","f32",-1,3,-1,64,1,1,1,256,0.209270,1,"clFinish_profiled"
"OpenCL","COMPUTE","ffn_moe_argsort-4","ARGSORT","i32",-1,5,-1,64,1,1,1,256,0.199531,1,"clFinish_profiled"
"OpenCL","COMPUTE","ffn_moe_weights-4","GET_ROWS","f32",-1,7,-1,1,8,1,1,32,0.189166,1,"clFinish_profiled"
"CPU_Elastic","COMPUTE_GRAPH","ggml_cgraph","GRAPH","",-1,21,-1,0,0,0,0,0,8.344740,1,"delegate_cpu_graph"
"CPU_Elastic","COMPUTE_GRAPH","ggml_cgraph","GRAPH","",-1,1,-1,0,0,0,0,0,0.406146,1,"delegate_cpu_graph"
"OpenCL","COMPUTE","Qcur-5","ROPE","f32",-1,3,-1,128,16,1,1,8192,0.401719,1,"clFinish_profiled"
"CPU_Elastic","COMPUTE_GRAPH","ggml_cgraph","GRAPH","",-1,1,-1,0,0,0,0,0,0.480677,1,"delegate_cpu_graph"
"OpenCL","COMPUTE","Kcur-5","ROPE","f32",-1,3,-1,128,16,1,1,8192,0.392135,1,"clFinish_profiled"
"CPU_Elastic","COMPUTE_GRAPH","ggml_cgraph","GRAPH","",-1,3,-1,0,0,0,0,0,0.481614,1,"delegate_cpu_graph"
"OpenCL","COMPUTE","cache_k_l5 (view)","SET_ROWS","f16",-1,0,-1,2048,512,1,1,2097152,0.388906,1,"clFinish_profiled"
"OpenCL","COMPUTE","cache_v_l5 (view)","SET_ROWS","f16",-1,2,-1,2048,512,1,1,2097152,0.197657,1,"clFinish_profiled"
"OpenCL","COMPUTE","__fattn__-5","FLASH_ATTN_EXT","f32",-1,9,-1,128,16,1,1,8192,0.408282,1,"clFinish_profiled"
"CPU_Elastic","COMPUTE_GRAPH","ggml_cgraph","GRAPH","",-1,2,-1,0,0,0,0,0,0.432604,1,"delegate_cpu_graph"
"OpenCL","COMPUTE","ffn_moe_logits-5","MUL_MAT","f32",-1,2,-1,64,1,1,1,256,0.404635,1,"clFinish_profiled"
"OpenCL","COMPUTE","ffn_moe_probs-5","SOFT_MAX","f32",-1,3,-1,64,1,1,1,256,0.204688,1,"clFinish_profiled"
"OpenCL","COMPUTE","ffn_moe_argsort-5","ARGSORT","i32",-1,5,-1,64,1,1,1,256,0.197448,1,"clFinish_profiled"
"OpenCL","COMPUTE","ffn_moe_weights-5","GET_ROWS","f32",-1,7,-1,1,8,1,1,32,0.189635,1,"clFinish_profiled"
"CPU_Elastic","COMPUTE_GRAPH","ggml_cgraph","GRAPH","",-1,21,-1,0,0,0,0,0,5.722292,1,"delegate_cpu_graph"
"CPU_Elastic","COMPUTE_GRAPH","ggml_cgraph","GRAPH","",-1,1,-1,0,0,0,0,0,0.416146,1,"delegate_cpu_graph"
"OpenCL","COMPUTE","Qcur-6","ROPE","f32",-1,3,-1,128,16,1,1,8192,0.397552,1,"clFinish_profiled"
"CPU_Elastic","COMPUTE_GRAPH","ggml_cgraph","GRAPH","",-1,1,-1,0,0,0,0,0,0.475677,1,"delegate_cpu_graph"
"OpenCL","COMPUTE","Kcur-6","ROPE","f32",-1,3,-1,128,16,1,1,8192,0.397917,1,"clFinish_profiled"
"CPU_Elastic","COMPUTE_GRAPH","ggml_cgraph","GRAPH","",-1,3,-1,0,0,0,0,0,1.504531,1,"delegate_cpu_graph"
"OpenCL","COMPUTE","cache_k_l6 (view)","SET_ROWS","f16",-1,0,-1,2048,512,1,1,2097152,0.475365,1,"clFinish_profiled"
"OpenCL","COMPUTE","cache_v_l6 (view)","SET_ROWS","f16",-1,2,-1,2048,512,1,1,2097152,0.202812,1,"clFinish_profiled"
"OpenCL","COMPUTE","__fattn__-6","FLASH_ATTN_EXT","f32",-1,9,-1,128,16,1,1,8192,0.473489,1,"clFinish_profiled"
"CPU_Elastic","COMPUTE_GRAPH","ggml_cgraph","GRAPH","",-1,2,-1,0,0,0,0,0,0.388646,1,"delegate_cpu_graph"
"OpenCL","COMPUTE","ffn_moe_logits-6","MUL_MAT","f32",-1,2,-1,64,1,1,1,256,0.422812,1,"clFinish_profiled"
"OpenCL","COMPUTE","ffn_moe_probs-6","SOFT_MAX","f32",-1,3,-1,64,1,1,1,256,0.232344,1,"clFinish_profiled"
"OpenCL","COMPUTE","ffn_moe_argsort-6","ARGSORT","i32",-1,5,-1,64,1,1,1,256,0.281511,1,"clFinish_profiled"
"OpenCL","COMPUTE","ffn_moe_weights-6","GET_ROWS","f32",-1,7,-1,1,8,1,1,32,0.200365,1,"clFinish_profiled"
"CPU_Elastic","COMPUTE_GRAPH","ggml_cgraph","GRAPH","",-1,21,-1,0,0,0,0,0,8.077813,1,"delegate_cpu_graph"
"CPU_Elastic","COMPUTE_GRAPH","ggml_cgraph","GRAPH","",-1,1,-1,0,0,0,0,0,1.346771,1,"delegate_cpu_graph"
"OpenCL","COMPUTE","Qcur-7","ROPE","f32",-1,3,-1,128,16,1,1,8192,0.630364,1,"clFinish_profiled"
"CPU_Elastic","COMPUTE_GRAPH","ggml_cgraph","GRAPH","",-1,1,-1,0,0,0,0,0,1.678750,1,"delegate_cpu_graph"
"OpenCL","COMPUTE","Kcur-7","ROPE","f32",-1,3,-1,128,16,1,1,8192,0.498490,1,"clFinish_profiled"
"OpenCL","COMPUTE","Vcur-7","MUL_MAT","f32",-1,4,-1,2048,1,1,1,8192,0.369114,1,"clFinish_profiled"
"OpenCL","COMPUTE","cache_k_l7 (view)","SET_ROWS","f16",-1,7,-1,2048,512,1,1,2097152,0.197343,1,"clFinish_profiled"
"OpenCL","COMPUTE","cache_v_l7 (view)","SET_ROWS","f16",-1,9,-1,2048,512,1,1,2097152,0.196041,1,"clFinish_profiled"
"OpenCL","COMPUTE","__fattn__-7","FLASH_ATTN_EXT","f32",-1,16,-1,128,16,1,1,8192,0.418542,1,"clFinish_profiled"
"CPU_Elastic","COMPUTE_GRAPH","ggml_cgraph","GRAPH","",-1,2,-1,0,0,0,0,0,1.604271,1,"delegate_cpu_graph"
"OpenCL","COMPUTE","ffn_moe_logits-7","MUL_MAT","f32",-1,2,-1,64,1,1,1,256,0.519739,1,"clFinish_profiled"
"OpenCL","COMPUTE","ffn_moe_probs-7","SOFT_MAX","f32",-1,3,-1,64,1,1,1,256,0.223594,1,"clFinish_profiled"
"OpenCL","COMPUTE","ffn_moe_argsort-7","ARGSORT","i32",-1,5,-1,64,1,1,1,256,0.268437,1,"clFinish_profiled"
"OpenCL","COMPUTE","ffn_moe_weights-7","GET_ROWS","f32",-1,7,-1,1,8,1,1,32,0.192656,1,"clFinish_profiled"
"CPU_Elastic","COMPUTE_GRAPH","ggml_cgraph","GRAPH","",-1,21,-1,0,0,0,0,0,11.565990,1,"delegate_cpu_graph"
"CPU_Elastic","COMPUTE_GRAPH","ggml_cgraph","GRAPH","",-1,1,-1,0,0,0,0,0,1.502500,1,"delegate_cpu_graph"
"OpenCL","COMPUTE","Qcur-8","ROPE","f32",-1,3,-1,128,16,1,1,8192,0.521041,1,"clFinish_profiled"
"CPU_Elastic","COMPUTE_GRAPH","ggml_cgraph","GRAPH","",-1,1,-1,0,0,0,0,0,1.495833,1,"delegate_cpu_graph"
"OpenCL","COMPUTE","Kcur-8","ROPE","f32",-1,3,-1,128,16,1,1,8192,0.500156,1,"clFinish_profiled"
"CPU_Elastic","COMPUTE_GRAPH","ggml_cgraph","GRAPH","",-1,3,-1,0,0,0,0,0,2.370208,1,"delegate_cpu_graph"
"OpenCL","COMPUTE","cache_k_l8 (view)","SET_ROWS","f16",-1,0,-1,2048,512,1,1,2097152,0.546354,1,"clFinish_profiled"
"OpenCL","COMPUTE","cache_v_l8 (view)","SET_ROWS","f16",-1,2,-1,2048,512,1,1,2097152,0.204323,1,"clFinish_profiled"
"OpenCL","COMPUTE","__fattn__-8","FLASH_ATTN_EXT","f32",-1,9,-1,128,16,1,1,8192,0.409531,1,"clFinish_profiled"
"CPU_Elastic","COMPUTE_GRAPH","ggml_cgraph","GRAPH","",-1,2,-1,0,0,0,0,0,1.673125,1,"delegate_cpu_graph"
"OpenCL","COMPUTE","ffn_moe_logits-8","MUL_MAT","f32",-1,2,-1,64,1,1,1,256,0.491146,1,"clFinish_profiled"
"OpenCL","COMPUTE","ffn_moe_probs-8","SOFT_MAX","f32",-1,3,-1,64,1,1,1,256,0.210990,1,"clFinish_profiled"
"OpenCL","COMPUTE","ffn_moe_argsort-8","ARGSORT","i32",-1,5,-1,64,1,1,1,256,0.197448,1,"clFinish_profiled"
"OpenCL","COMPUTE","ffn_moe_weights-8","GET_ROWS","f32",-1,7,-1,1,8,1,1,32,0.183073,1,"clFinish_profiled"
"CPU_Elastic","COMPUTE_GRAPH","ggml_cgraph","GRAPH","",-1,21,-1,0,0,0,0,0,9.408750,1,"delegate_cpu_graph"
"CPU_Elastic","COMPUTE_GRAPH","ggml_cgraph","GRAPH","",-1,1,-1,0,0,0,0,0,0.378438,1,"delegate_cpu_graph"
"OpenCL","COMPUTE","Qcur-9","ROPE","f32",-1,3,-1,128,16,1,1,8192,0.407396,1,"clFinish_profiled"
"CPU_Elastic","COMPUTE_GRAPH","ggml_cgraph","GRAPH","",-1,1,-1,0,0,0,0,0,0.465000,1,"delegate_cpu_graph"
"OpenCL","COMPUTE","Kcur-9","ROPE","f32",-1,3,-1,128,16,1,1,8192,0.427084,1,"clFinish_profiled"
"CPU_Elastic","COMPUTE_GRAPH","ggml_cgraph","GRAPH","",-1,3,-1,0,0,0,0,0,1.502916,1,"delegate_cpu_graph"
"OpenCL","COMPUTE","cache_k_l9 (view)","SET_ROWS","f16",-1,0,-1,2048,512,1,1,2097152,0.478281,1,"clFinish_profiled"
"OpenCL","COMPUTE","cache_v_l9 (view)","SET_ROWS","f16",-1,2,-1,2048,512,1,1,2097152,0.211146,1,"clFinish_profiled"
"OpenCL","COMPUTE","__fattn__-9","FLASH_ATTN_EXT","f32",-1,9,-1,128,16,1,1,8192,0.408750,1,"clFinish_profiled"
"CPU_Elastic","COMPUTE_GRAPH","ggml_cgraph","GRAPH","",-1,2,-1,0,0,0,0,0,0.449583,1,"delegate_cpu_graph"
"OpenCL","COMPUTE","ffn_moe_logits-9","MUL_MAT","f32",-1,2,-1,64,1,1,1,256,0.405625,1,"clFinish_profiled"
"OpenCL","COMPUTE","ffn_moe_probs-9","SOFT_MAX","f32",-1,3,-1,64,1,1,1,256,0.202135,1,"clFinish_profiled"
"OpenCL","COMPUTE","ffn_moe_argsort-9","ARGSORT","i32",-1,5,-1,64,1,1,1,256,0.198229,1,"clFinish_profiled"
"OpenCL","COMPUTE","ffn_moe_weights-9","GET_ROWS","f32",-1,7,-1,1,8,1,1,32,0.237395,1,"clFinish_profiled"
"CPU_Elastic","COMPUTE_GRAPH","ggml_cgraph","GRAPH","",-1,21,-1,0,0,0,0,0,6.228334,1,"delegate_cpu_graph"
"CPU_Elastic","COMPUTE_GRAPH","ggml_cgraph","GRAPH","",-1,1,-1,0,0,0,0,0,0.407344,1,"delegate_cpu_graph"
"OpenCL","COMPUTE","Qcur-10","ROPE","f32",-1,3,-1,128,16,1,1,8192,0.398073,1,"clFinish_profiled"
"CPU_Elastic","COMPUTE_GRAPH","ggml_cgraph","GRAPH","",-1,1,-1,0,0,0,0,0,0.493177,1,"delegate_cpu_graph"
"OpenCL","COMPUTE","Kcur-10","ROPE","f32",-1,3,-1,128,16,1,1,8192,0.561719,1,"clFinish_profiled"
"OpenCL","COMPUTE","Vcur-10","MUL_MAT","f32",-1,4,-1,2048,1,1,1,8192,0.626354,1,"clFinish_profiled"
"OpenCL","COMPUTE","cache_k_l10 (view)","SET_ROWS","f16",-1,7,-1,2048,512,1,1,2097152,0.203073,1,"clFinish_profiled"
"OpenCL","COMPUTE","cache_v_l10 (view)","SET_ROWS","f16",-1,9,-1,2048,512,1,1,2097152,0.194896,1,"clFinish_profiled"
"OpenCL","COMPUTE","__fattn__-10","FLASH_ATTN_EXT","f32",-1,16,-1,128,16,1,1,8192,0.408073,1,"clFinish_profiled"
"CPU_Elastic","COMPUTE_GRAPH","ggml_cgraph","GRAPH","",-1,2,-1,0,0,0,0,0,0.477813,1,"delegate_cpu_graph"
"OpenCL","COMPUTE","ffn_moe_logits-10","MUL_MAT","f32",-1,2,-1,64,1,1,1,256,0.408541,1,"clFinish_profiled"
"OpenCL","COMPUTE","ffn_moe_probs-10","SOFT_MAX","f32",-1,3,-1,64,1,1,1,256,0.205729,1,"clFinish_profiled"
"OpenCL","COMPUTE","ffn_moe_argsort-10","ARGSORT","i32",-1,5,-1,64,1,1,1,256,0.199479,1,"clFinish_profiled"
"OpenCL","COMPUTE","ffn_moe_weights-10","GET_ROWS","f32",-1,7,-1,1,8,1,1,32,0.180834,1,"clFinish_profiled"
"CPU_Elastic","COMPUTE_GRAPH","ggml_cgraph","GRAPH","",-1,21,-1,0,0,0,0,0,6.344792,1,"delegate_cpu_graph"
"CPU_Elastic","COMPUTE_GRAPH","ggml_cgraph","GRAPH","",-1,1,-1,0,0,0,0,0,0.406563,1,"delegate_cpu_graph"
"OpenCL","COMPUTE","Qcur-11","ROPE","f32",-1,3,-1,128,16,1,1,8192,0.400260,1,"clFinish_profiled"
"CPU_Elastic","COMPUTE_GRAPH","ggml_cgraph","GRAPH","",-1,1,-1,0,0,0,0,0,0.931666,1,"delegate_cpu_graph"
"OpenCL","COMPUTE","Kcur-11","ROPE","f32",-1,3,-1,128,16,1,1,8192,0.488229,1,"clFinish_profiled"
"CPU_Elastic","COMPUTE_GRAPH","ggml_cgraph","GRAPH","",-1,3,-1,0,0,0,0,0,1.916562,1,"delegate_cpu_graph"
"OpenCL","COMPUTE","cache_k_l11 (view)","SET_ROWS","f16",-1,0,-1,2048,512,1,1,2097152,0.476771,1,"clFinish_profiled"
"OpenCL","COMPUTE","cache_v_l11 (view)","SET_ROWS","f16",-1,2,-1,2048,512,1,1,2097152,0.202083,1,"clFinish_profiled"
"OpenCL","COMPUTE","__fattn__-11","FLASH_ATTN_EXT","f32",-1,9,-1,128,16,1,1,8192,0.412552,1,"clFinish_profiled"
"CPU_Elastic","COMPUTE_GRAPH","ggml_cgraph","GRAPH","",-1,2,-1,0,0,0,0,0,1.562292,1,"delegate_cpu_graph"
"OpenCL","COMPUTE","ffn_moe_logits-11","MUL_MAT","f32",-1,2,-1,64,1,1,1,256,0.512292,1,"clFinish_profiled"
"OpenCL","COMPUTE","ffn_moe_probs-11","SOFT_MAX","f32",-1,3,-1,64,1,1,1,256,0.209583,1,"clFinish_profiled"
"OpenCL","COMPUTE","ffn_moe_argsort-11","ARGSORT","i32",-1,5,-1,64,1,1,1,256,0.201562,1,"clFinish_profiled"
"OpenCL","COMPUTE","ffn_moe_weights-11","GET_ROWS","f32",-1,7,-1,1,8,1,1,32,0.188437,1,"clFinish_profiled"
"CPU_Elastic","COMPUTE_GRAPH","ggml_cgraph","GRAPH","",-1,21,-1,0,0,0,0,0,9.238385,1,"delegate_cpu_graph"
"CPU_Elastic","COMPUTE_GRAPH","ggml_cgraph","GRAPH","",-1,1,-1,0,0,0,0,0,0.403802,1,"delegate_cpu_graph"
"OpenCL","COMPUTE","Qcur-12","ROPE","f32",-1,3,-1,128,16,1,1,8192,0.424844,1,"clFinish_profiled"
"CPU_Elastic","COMPUTE_GRAPH","ggml_cgraph","GRAPH","",-1,1,-1,0,0,0,0,0,0.449895,1,"delegate_cpu_graph"
"OpenCL","COMPUTE","Kcur-12","ROPE","f32",-1,3,-1,128,16,1,1,8192,0.399375,1,"clFinish_profiled"
"CPU_Elastic","COMPUTE_GRAPH","ggml_cgraph","GRAPH","",-1,3,-1,0,0,0,0,0,0.480469,1,"delegate_cpu_graph"
"OpenCL","COMPUTE","cache_k_l12 (view)","SET_ROWS","f16",-1,0,-1,2048,512,1,1,2097152,0.391459,1,"clFinish_profiled"
"OpenCL","COMPUTE","cache_v_l12 (view)","SET_ROWS","f16",-1,2,-1,2048,512,1,1,2097152,0.201615,1,"clFinish_profiled"
"OpenCL","COMPUTE","__fattn__-12","FLASH_ATTN_EXT","f32",-1,9,-1,128,16,1,1,8192,0.410052,1,"clFinish_profiled"
"CPU_Elastic","COMPUTE_GRAPH","ggml_cgraph","GRAPH","",-1,2,-1,0,0,0,0,0,1.826875,1,"delegate_cpu_graph"
"OpenCL","COMPUTE","ffn_moe_logits-12","MUL_MAT","f32",-1,2,-1,64,1,1,1,256,0.486511,1,"clFinish_profiled"
"OpenCL","COMPUTE","ffn_moe_probs-12","SOFT_MAX","f32",-1,3,-1,64,1,1,1,256,0.204218,1,"clFinish_profiled"
"OpenCL","COMPUTE","ffn_moe_argsort-12","ARGSORT","i32",-1,5,-1,64,1,1,1,256,0.229740,1,"clFinish_profiled"
"OpenCL","COMPUTE","ffn_moe_weights-12","GET_ROWS","f32",-1,7,-1,1,8,1,1,32,0.192657,1,"clFinish_profiled"
"CPU_Elastic","COMPUTE_GRAPH","ggml_cgraph","GRAPH","",-1,21,-1,0,0,0,0,0,11.539739,1,"delegate_cpu_graph"
"CPU_Elastic","COMPUTE_GRAPH","ggml_cgraph","GRAPH","",-1,1,-1,0,0,0,0,0,1.319687,1,"delegate_cpu_graph"
"OpenCL","COMPUTE","Qcur-13","ROPE","f32",-1,3,-1,128,16,1,1,8192,0.491302,1,"clFinish_profiled"
"CPU_Elastic","COMPUTE_GRAPH","ggml_cgraph","GRAPH","",-1,1,-1,0,0,0,0,0,1.734271,1,"delegate_cpu_graph"
"OpenCL","COMPUTE","Kcur-13","ROPE","f32",-1,3,-1,128,16,1,1,8192,0.512604,1,"clFinish_profiled"
"OpenCL","COMPUTE","Vcur-13","MUL_MAT","f32",-1,4,-1,2048,1,1,1,8192,0.356980,1,"clFinish_profiled"
"OpenCL","COMPUTE","cache_k_l13 (view)","SET_ROWS","f16",-1,7,-1,2048,512,1,1,2097152,0.193229,1,"clFinish_profiled"
"OpenCL","COMPUTE","cache_v_l13 (view)","SET_ROWS","f16",-1,9,-1,2048,512,1,1,2097152,0.193802,1,"clFinish_profiled"
"OpenCL","COMPUTE","__fattn__-13","FLASH_ATTN_EXT","f32",-1,16,-1,128,16,1,1,8192,0.407760,1,"clFinish_profiled"
"CPU_Elastic","COMPUTE_GRAPH","ggml_cgraph","GRAPH","",-1,2,-1,0,0,0,0,0,1.655886,1,"delegate_cpu_graph"
"OpenCL","COMPUTE","ffn_moe_logits-13","MUL_MAT","f32",-1,2,-1,64,1,1,1,256,0.501459,1,"clFinish_profiled"
"OpenCL","COMPUTE","ffn_moe_probs-13","SOFT_MAX","f32",-1,3,-1,64,1,1,1,256,0.212656,1,"clFinish_profiled"
"OpenCL","COMPUTE","ffn_moe_argsort-13","ARGSORT","i32",-1,5,-1,64,1,1,1,256,0.198542,1,"clFinish_profiled"
"OpenCL","COMPUTE","ffn_moe_weights-13","GET_ROWS","f32",-1,7,-1,1,8,1,1,32,0.186250,1,"clFinish_profiled"
"CPU_Elastic","COMPUTE_GRAPH","ggml_cgraph","GRAPH","",-1,21,-1,0,0,0,0,0,6.904479,1,"delegate_cpu_graph"
"CPU_Elastic","COMPUTE_GRAPH","ggml_cgraph","GRAPH","",-1,1,-1,0,0,0,0,0,1.588698,1,"delegate_cpu_graph"
"OpenCL","COMPUTE","Qcur-14","ROPE","f32",-1,3,-1,128,16,1,1,8192,0.497292,1,"clFinish_profiled"
"CPU_Elastic","COMPUTE_GRAPH","ggml_cgraph","GRAPH","",-1,1,-1,0,0,0,0,0,1.790104,1,"delegate_cpu_graph"
"OpenCL","COMPUTE","Kcur-14","ROPE","f32",-1,3,-1,128,16,1,1,8192,0.503594,1,"clFinish_profiled"
"OpenCL","COMPUTE","Vcur-14","MUL_MAT","f32",-1,4,-1,2048,1,1,1,8192,0.412292,1,"clFinish_profiled"
"OpenCL","COMPUTE","cache_k_l14 (view)","SET_ROWS","f16",-1,7,-1,2048,512,1,1,2097152,0.193854,1,"clFinish_profiled"
"OpenCL","COMPUTE","cache_v_l14 (view)","SET_ROWS","f16",-1,9,-1,2048,512,1,1,2097152,0.201354,1,"clFinish_profiled"
"OpenCL","COMPUTE","__fattn__-14","FLASH_ATTN_EXT","f32",-1,16,-1,128,16,1,1,8192,0.407552,1,"clFinish_profiled"
"CPU_Elastic","COMPUTE_GRAPH","ggml_cgraph","GRAPH","",-1,2,-1,0,0,0,0,0,1.860573,1,"delegate_cpu_graph"
"OpenCL","COMPUTE","ffn_moe_logits-14","MUL_MAT","f32",-1,2,-1,64,1,1,1,256,0.495625,1,"clFinish_profiled"
"OpenCL","COMPUTE","ffn_moe_probs-14","SOFT_MAX","f32",-1,3,-1,64,1,1,1,256,0.206406,1,"clFinish_profiled"
"OpenCL","COMPUTE","ffn_moe_argsort-14","ARGSORT","i32",-1,5,-1,64,1,1,1,256,0.201980,1,"clFinish_profiled"
"OpenCL","COMPUTE","ffn_moe_weights-14","GET_ROWS","f32",-1,7,-1,1,8,1,1,32,0.191198,1,"clFinish_profiled"
"CPU_Elastic","COMPUTE_GRAPH","ggml_cgraph","GRAPH","",-1,21,-1,0,0,0,0,0,11.015625,1,"delegate_cpu_graph"
"CPU_Elastic","COMPUTE_GRAPH","ggml_cgraph","GRAPH","",-1,1,-1,0,0,0,0,0,0.928073,1,"delegate_cpu_graph"
"OpenCL","COMPUTE","Qcur-15","ROPE","f32",-1,3,-1,128,16,1,1,8192,0.542865,1,"clFinish_profiled"
"CPU_Elastic","COMPUTE_GRAPH","ggml_cgraph","GRAPH","",-1,1,-1,0,0,0,0,0,1.345260,1,"delegate_cpu_graph"
"OpenCL","COMPUTE","Kcur-15","ROPE","f32",-1,3,-1,128,16,1,1,8192,0.488125,1,"clFinish_profiled"
"OpenCL","COMPUTE","Vcur-15","MUL_MAT","f32",-1,4,-1,2048,1,1,1,8192,0.356042,1,"clFinish_profiled"
"OpenCL","COMPUTE","cache_k_l15 (view)","SET_ROWS","f16",-1,7,-1,2048,512,1,1,2097152,0.194270,1,"clFinish_profiled"
"OpenCL","COMPUTE","cache_v_l15 (view)","SET_ROWS","f16",-1,9,-1,2048,512,1,1,2097152,0.194896,1,"clFinish_profiled"
"OpenCL","COMPUTE","__fattn__-15","FLASH_ATTN_EXT","f32",-1,16,-1,128,16,1,1,8192,0.406563,1,"clFinish_profiled"
"CPU_Elastic","COMPUTE_GRAPH","ggml_cgraph","GRAPH","",-1,4,-1,0,0,0,0,0,2.240312,1,"delegate_cpu_graph"
"OpenCL","COMPUTE","ffn_moe_logits-15","MUL_MAT","f32",-1,2,-1,64,1,1,1,256,0.487135,1,"clFinish_profiled"
"OpenCL","COMPUTE","ffn_moe_probs-15","SOFT_MAX","f32",-1,3,-1,64,1,1,1,256,0.208125,1,"clFinish_profiled"
"OpenCL","COMPUTE","ffn_moe_argsort-15","ARGSORT","i32",-1,5,-1,64,1,1,1,256,0.198542,1,"clFinish_profiled"
"OpenCL","COMPUTE","ffn_moe_weights-15","GET_ROWS","f32",-1,7,-1,1,8,1,1,32,0.188125,1,"clFinish_profiled"
"CPU_Elastic","COMPUTE_GRAPH","ggml_cgraph","GRAPH","",-1,22,-1,0,0,0,0,0,11.771250,1,"delegate_cpu_graph"
"OpenCL","COMPUTE","result_norm","MUL","f32",-1,0,-1,2048,1,1,1,8192,0.489115,1,"clFinish_profiled"
"OpenCL","COMPUTE","result_output","MUL_MAT","f32",-1,1,-1,50304,1,1,1,201216,4.015677,1,"clFinish_profiled"
"CPU_Elastic","COMPUTE_GRAPH","ggml_cgraph","GRAPH","",-1,1,-1,0,0,0,0,0,0.011667,1,"delegate_cpu_graph"
"CPU_Elastic","COMPUTE_GRAPH","ggml_cgraph","GRAPH","",-1,1,-1,0,0,0,0,0,1.543282,1,"delegate_cpu_graph"
"OpenCL","COMPUTE","Qcur-0","ROPE","f32",-1,3,-1,128,16,1,1,8192,0.521771,1,"clFinish_profiled"
"CPU_Elastic","COMPUTE_GRAPH","ggml_cgraph","GRAPH","",-1,1,-1,0,0,0,0,0,1.695156,1,"delegate_cpu_graph"
"OpenCL","COMPUTE","Kcur-0","ROPE","f32",-1,3,-1,128,16,1,1,8192,0.526250,1,"clFinish_profiled"
"OpenCL","COMPUTE","Vcur-0","MUL_MAT","f32",-1,4,-1,2048,1,1,1,8192,0.407917,1,"clFinish_profiled"
"OpenCL","COMPUTE","cache_k_l0 (view)","SET_ROWS","f16",-1,7,-1,2048,512,1,1,2097152,0.200990,1,"clFinish_profiled"
"OpenCL","COMPUTE","cache_v_l0 (view)","SET_ROWS","f16",-1,9,-1,2048,512,1,1,2097152,0.192552,1,"clFinish_profiled"
"OpenCL","COMPUTE"," (copy)","CPY","f16",-1,16,-1,256,64,1,1,32768,0.202969,1,"clFinish_profiled"
"OpenCL","COMPUTE","__fattn__-0","FLASH_ATTN_EXT","f32",-1,17,-1,128,16,1,1,8192,0.411459,1,"clFinish_profiled"
"CPU_Elastic","COMPUTE_GRAPH","ggml_cgraph","GRAPH","",-1,2,-1,0,0,0,0,0,2.169948,1,"delegate_cpu_graph"
"OpenCL","COMPUTE","ffn_moe_logits-0","MUL_MAT","f32",-1,2,-1,64,1,1,1,256,0.492864,1,"clFinish_profiled"
"OpenCL","COMPUTE","ffn_moe_probs-0","SOFT_MAX","f32",-1,3,-1,64,1,1,1,256,0.209532,1,"clFinish_profiled"
"OpenCL","COMPUTE","ffn_moe_argsort-0","ARGSORT","i32",-1,5,-1,64,1,1,1,256,0.204584,1,"clFinish_profiled"
"OpenCL","COMPUTE","ffn_moe_weights-0","GET_ROWS","f32",-1,7,-1,1,8,1,1,32,0.191458,1,"clFinish_profiled"
"CPU_Elastic","COMPUTE_GRAPH","ggml_cgraph","GRAPH","",-1,21,-1,0,0,0,0,0,7.402917,1,"delegate_cpu_graph"
"CPU_Elastic","COMPUTE_GRAPH","ggml_cgraph","GRAPH","",-1,1,-1,0,0,0,0,0,0.414219,1,"delegate_cpu_graph"
"OpenCL","COMPUTE","Qcur-1","ROPE","f32",-1,3,-1,128,16,1,1,8192,0.482135,1,"clFinish_profiled"
"CPU_Elastic","COMPUTE_GRAPH","ggml_cgraph","GRAPH","",-1,1,-1,0,0,0,0,0,1.550156,1,"delegate_cpu_graph"
"OpenCL","COMPUTE","Kcur-1","ROPE","f32",-1,3,-1,128,16,1,1,8192,0.498594,1,"clFinish_profiled"
"OpenCL","COMPUTE","Vcur-1","MUL_MAT","f32",-1,4,-1,2048,1,1,1,8192,0.356198,1,"clFinish_profiled"
"OpenCL","COMPUTE","cache_k_l1 (view)","SET_ROWS","f16",-1,7,-1,2048,512,1,1,2097152,0.195312,1,"clFinish_profiled"
"OpenCL","COMPUTE","cache_v_l1 (view)","SET_ROWS","f16",-1,9,-1,2048,512,1,1,2097152,0.112448,1,"clFinish_profiled"
"OpenCL","COMPUTE","__fattn__-1","FLASH_ATTN_EXT","f32",-1,16,-1,128,16,1,1,8192,0.410469,1,"clFinish_profiled"
"CPU_Elastic","COMPUTE_GRAPH","ggml_cgraph","GRAPH","",-1,2,-1,0,0,0,0,0,1.961979,1,"delegate_cpu_graph"
"OpenCL","COMPUTE","ffn_moe_logits-1","MUL_MAT","f32",-1,2,-1,64,1,1,1,256,0.541146,1,"clFinish_profiled"
"OpenCL","COMPUTE","ffn_moe_probs-1","SOFT_MAX","f32",-1,3,-1,64,1,1,1,256,0.229271,1,"clFinish_profiled"
"OpenCL","COMPUTE","ffn_moe_argsort-1","ARGSORT","i32",-1,5,-1,64,1,1,1,256,0.209583,1,"clFinish_profiled"
"OpenCL","COMPUTE","ffn_moe_weights-1","GET_ROWS","f32",-1,7,-1,1,8,1,1,32,0.196927,1,"clFinish_profiled"
"CPU_Elastic","COMPUTE_GRAPH","ggml_cgraph","GRAPH","",-1,21,-1,0,0,0,0,0,8.771407,1,"delegate_cpu_graph"
"CPU_Elastic","COMPUTE_GRAPH","ggml_cgraph","GRAPH","",-1,1,-1,0,0,0,0,0,0.386562,1,"delegate_cpu_graph"
"OpenCL","COMPUTE","Qcur-2","ROPE","f32",-1,3,-1,128,16,1,1,8192,0.413386,1,"clFinish_profiled"
"CPU_Elastic","COMPUTE_GRAPH","ggml_cgraph","GRAPH","",-1,1,-1,0,0,0,0,0,0.427292,1,"delegate_cpu_graph"
"OpenCL","COMPUTE","Kcur-2","ROPE","f32",-1,3,-1,128,16,1,1,8192,0.401771,1,"clFinish_profiled"
"CPU_Elastic","COMPUTE_GRAPH","ggml_cgraph","GRAPH","",-1,3,-1,0,0,0,0,0,0.470208,1,"delegate_cpu_graph"
"OpenCL","COMPUTE","cache_k_l2 (view)","SET_ROWS","f16",-1,0,-1,2048,512,1,1,2097152,0.396146,1,"clFinish_profiled"
"OpenCL","COMPUTE","cache_v_l2 (view)","SET_ROWS","f16",-1,2,-1,2048,512,1,1,2097152,0.214479,1,"clFinish_profiled"
"OpenCL","COMPUTE","__fattn__-2","FLASH_ATTN_EXT","f32",-1,9,-1,128,16,1,1,8192,0.423021,1,"clFinish_profiled"
"CPU_Elastic","COMPUTE_GRAPH","ggml_cgraph","GRAPH","",-1,2,-1,0,0,0,0,0,1.543698,1,"delegate_cpu_graph"
"OpenCL","COMPUTE","ffn_moe_logits-2","MUL_MAT","f32",-1,2,-1,64,1,1,1,256,0.501459,1,"clFinish_profiled"
"OpenCL","COMPUTE","ffn_moe_probs-2","SOFT_MAX","f32",-1,3,-1,64,1,1,1,256,0.210156,1,"clFinish_profiled"
"OpenCL","COMPUTE","ffn_moe_argsort-2","ARGSORT","i32",-1,5,-1,64,1,1,1,256,0.202500,1,"clFinish_profiled"
"OpenCL","COMPUTE","ffn_moe_weights-2","GET_ROWS","f32",-1,7,-1,1,8,1,1,32,0.199583,1,"clFinish_profiled"
"CPU_Elastic","COMPUTE_GRAPH","ggml_cgraph","GRAPH","",-1,21,-1,0,0,0,0,0,9.674323,1,"delegate_cpu_graph"
"CPU_Elastic","COMPUTE_GRAPH","ggml_cgraph","GRAPH","",-1,1,-1,0,0,0,0,0,1.532448,1,"delegate_cpu_graph"
"OpenCL","COMPUTE","Qcur-3","ROPE","f32",-1,3,-1,128,16,1,1,8192,0.504896,1,"clFinish_profiled"
"CPU_Elastic","COMPUTE_GRAPH","ggml_cgraph","GRAPH","",-1,1,-1,0,0,0,0,0,0.383698,1,"delegate_cpu_graph"
"OpenCL","COMPUTE","Kcur-3","ROPE","f32",-1,3,-1,128,16,1,1,8192,0.402552,1,"clFinish_profiled"
"CPU_Elastic","COMPUTE_GRAPH","ggml_cgraph","GRAPH","",-1,3,-1,0,0,0,0,0,0.472343,1,"delegate_cpu_graph"
"OpenCL","COMPUTE","cache_k_l3 (view)","SET_ROWS","f16",-1,0,-1,2048,512,1,1,2097152,0.395052,1,"clFinish_profiled"
"OpenCL","COMPUTE","cache_v_l3 (view)","SET_ROWS","f16",-1,2,-1,2048,512,1,1,2097152,0.205833,1,"clFinish_profiled"
"OpenCL","COMPUTE","__fattn__-3","FLASH_ATTN_EXT","f32",-1,9,-1,128,16,1,1,8192,0.416458,1,"clFinish_profiled"
"CPU_Elastic","COMPUTE_GRAPH","ggml_cgraph","GRAPH","",-1,2,-1,0,0,0,0,0,1.226511,1,"delegate_cpu_graph"
"OpenCL","COMPUTE","ffn_moe_logits-3","MUL_MAT","f32",-1,2,-1,64,1,1,1,256,0.491198,1,"clFinish_profiled"
"OpenCL","COMPUTE","ffn_moe_probs-3","SOFT_MAX","f32",-1,3,-1,64,1,1,1,256,0.206458,1,"clFinish_profiled"
"OpenCL","COMPUTE","ffn_moe_argsort-3","ARGSORT","i32",-1,5,-1,64,1,1,1,256,0.210469,1,"clFinish_profiled"
"OpenCL","COMPUTE","ffn_moe_weights-3","GET_ROWS","f32",-1,7,-1,1,8,1,1,32,0.191250,1,"clFinish_profiled"
"CPU_Elastic","COMPUTE_GRAPH","ggml_cgraph","GRAPH","",-1,21,-1,0,0,0,0,0,6.797708,1,"delegate_cpu_graph"
"CPU_Elastic","COMPUTE_GRAPH","ggml_cgraph","GRAPH","",-1,1,-1,0,0,0,0,0,0.392969,1,"delegate_cpu_graph"
"OpenCL","COMPUTE","Qcur-4","ROPE","f32",-1,3,-1,128,16,1,1,8192,0.410104,1,"clFinish_profiled"
"CPU_Elastic","COMPUTE_GRAPH","ggml_cgraph","GRAPH","",-1,1,-1,0,0,0,0,0,0.460937,1,"delegate_cpu_graph"
"OpenCL","COMPUTE","Kcur-4","ROPE","f32",-1,3,-1,128,16,1,1,8192,0.403334,1,"clFinish_profiled"
"OpenCL","COMPUTE","Vcur-4","MUL_MAT","f32",-1,4,-1,2048,1,1,1,8192,0.359010,1,"clFinish_profiled"
"OpenCL","COMPUTE","cache_k_l4 (view)","SET_ROWS","f16",-1,7,-1,2048,512,1,1,2097152,0.199323,1,"clFinish_profiled"
"OpenCL","COMPUTE","cache_v_l4 (view)","SET_ROWS","f16",-1,9,-1,2048,512,1,1,2097152,0.195209,1,"clFinish_profiled"
"OpenCL","COMPUTE","__fattn__-4","FLASH_ATTN_EXT","f32",-1,16,-1,128,16,1,1,8192,0.410729,1,"clFinish_profiled"
"CPU_Elastic","COMPUTE_GRAPH","ggml_cgraph","GRAPH","",-1,2,-1,0,0,0,0,0,2.034427,1,"delegate_cpu_graph"
"OpenCL","COMPUTE","ffn_moe_logits-4","MUL_MAT","f32",-1,2,-1,64,1,1,1,256,0.500938,1,"clFinish_profiled"
"OpenCL","COMPUTE","ffn_moe_probs-4","SOFT_MAX","f32",-1,3,-1,64,1,1,1,256,0.208490,1,"clFinish_profiled"
"OpenCL","COMPUTE","ffn_moe_argsort-4","ARGSORT","i32",-1,5,-1,64,1,1,1,256,0.204479,1,"clFinish_profiled"
"OpenCL","COMPUTE","ffn_moe_weights-4","GET_ROWS","f32",-1,7,-1,1,8,1,1,32,0.195521,1,"clFinish_profiled"
"CPU_Elastic","COMPUTE_GRAPH","ggml_cgraph","GRAPH","",-1,21,-1,0,0,0,0,0,10.751146,1,"delegate_cpu_graph"
"CPU_Elastic","COMPUTE_GRAPH","ggml_cgraph","GRAPH","",-1,1,-1,0,0,0,0,0,1.664375,1,"delegate_cpu_graph"
"OpenCL","COMPUTE","Qcur-5","ROPE","f32",-1,3,-1,128,16,1,1,8192,0.484427,1,"clFinish_profiled"
"CPU_Elastic","COMPUTE_GRAPH","ggml_cgraph","GRAPH","",-1,1,-1,0,0,0,0,0,1.505052,1,"delegate_cpu_graph"
"OpenCL","COMPUTE","Kcur-5","ROPE","f32",-1,3,-1,128,16,1,1,8192,0.496302,1,"clFinish_profiled"
"CPU_Elastic","COMPUTE_GRAPH","ggml_cgraph","GRAPH","",-1,3,-1,0,0,0,0,0,2.314687,1,"delegate_cpu_graph"
"OpenCL","COMPUTE","cache_k_l5 (view)","SET_ROWS","f16",-1,0,-1,2048,512,1,1,2097152,0.482552,1,"clFinish_profiled"
"OpenCL","COMPUTE","cache_v_l5 (view)","SET_ROWS","f16",-1,2,-1,2048,512,1,1,2097152,0.206093,1,"clFinish_profiled"
"OpenCL","COMPUTE","__fattn__-5","FLASH_ATTN_EXT","f32",-1,9,-1,128,16,1,1,8192,0.408229,1,"clFinish_profiled"
"CPU_Elastic","COMPUTE_GRAPH","ggml_cgraph","GRAPH","",-1,2,-1,0,0,0,0,0,1.763177,1,"delegate_cpu_graph"
"OpenCL","COMPUTE","ffn_moe_logits-5","MUL_MAT","f32",-1,2,-1,64,1,1,1,256,0.494063,1,"clFinish_profiled"
"OpenCL","COMPUTE","ffn_moe_probs-5","SOFT_MAX","f32",-1,3,-1,64,1,1,1,256,0.209583,1,"clFinish_profiled"
"OpenCL","COMPUTE","ffn_moe_argsort-5","ARGSORT","i32",-1,5,-1,64,1,1,1,256,0.200105,1,"clFinish_profiled"
"OpenCL","COMPUTE","ffn_moe_weights-5","GET_ROWS","f32",-1,7,-1,1,8,1,1,32,0.189115,1,"clFinish_profiled"
"CPU_Elastic","COMPUTE_GRAPH","ggml_cgraph","GRAPH","",-1,21,-1,0,0,0,0,0,7.798281,1,"delegate_cpu_graph"
"CPU_Elastic","COMPUTE_GRAPH","ggml_cgraph","GRAPH","",-1,1,-1,0,0,0,0,0,0.411511,1,"delegate_cpu_graph"
"OpenCL","COMPUTE","Qcur-6","ROPE","f32",-1,3,-1,128,16,1,1,8192,0.434948,1,"clFinish_profiled"
"CPU_Elastic","COMPUTE_GRAPH","ggml_cgraph","GRAPH","",-1,1,-1,0,0,0,0,0,0.437135,1,"delegate_cpu_graph"
"OpenCL","COMPUTE","Kcur-6","ROPE","f32",-1,3,-1,128,16,1,1,8192,0.403177,1,"clFinish_profiled"
"CPU_Elastic","COMPUTE_GRAPH","ggml_cgraph","GRAPH","",-1,3,-1,0,0,0,0,0,0.473177,1,"delegate_cpu_graph"
"OpenCL","COMPUTE","cache_k_l6 (view)","SET_ROWS","f16",-1,0,-1,2048,512,1,1,2097152,0.392187,1,"clFinish_profiled"
"OpenCL","COMPUTE","cache_v_l6 (view)","SET_ROWS","f16",-1,2,-1,2048,512,1,1,2097152,0.202917,1,"clFinish_profiled"
"OpenCL","COMPUTE","__fattn__-6","FLASH_ATTN_EXT","f32",-1,9,-1,128,16,1,1,8192,0.411354,1,"clFinish_profiled"
"CPU_Elastic","COMPUTE_GRAPH","ggml_cgraph","GRAPH","",-1,2,-1,0,0,0,0,0,0.422188,1,"delegate_cpu_graph"
"OpenCL","COMPUTE","ffn_moe_logits-6","MUL_MAT","f32",-1,2,-1,64,1,1,1,256,0.408959,1,"clFinish_profiled"
"OpenCL","COMPUTE","ffn_moe_probs-6","SOFT_MAX","f32",-1,3,-1,64,1,1,1,256,0.205625,1,"clFinish_profiled"
"OpenCL","COMPUTE","ffn_moe_argsort-6","ARGSORT","i32",-1,5,-1,64,1,1,1,256,0.201719,1,"clFinish_profiled"
"OpenCL","COMPUTE","ffn_moe_weights-6","GET_ROWS","f32",-1,7,-1,1,8,1,1,32,0.224687,1,"clFinish_profiled"
"CPU_Elastic","COMPUTE_GRAPH","ggml_cgraph","GRAPH","",-1,21,-1,0,0,0,0,0,7.124688,1,"delegate_cpu_graph"
"CPU_Elastic","COMPUTE_GRAPH","ggml_cgraph","GRAPH","",-1,1,-1,0,0,0,0,0,0.402500,1,"delegate_cpu_graph"
"OpenCL","COMPUTE","Qcur-7","ROPE","f32",-1,3,-1,128,16,1,1,8192,0.398698,1,"clFinish_profiled"
"CPU_Elastic","COMPUTE_GRAPH","ggml_cgraph","GRAPH","",-1,1,-1,0,0,0,0,0,0.924584,1,"delegate_cpu_graph"
"OpenCL","COMPUTE","Kcur-7","ROPE","f32",-1,3,-1,128,16,1,1,8192,0.478230,1,"clFinish_profiled"
"OpenCL","COMPUTE","Vcur-7","MUL_MAT","f32",-1,4,-1,2048,1,1,1,8192,0.355729,1,"clFinish_profiled"
"OpenCL","COMPUTE","cache_k_l7 (view)","SET_ROWS","f16",-1,7,-1,2048,512,1,1,2097152,0.201511,1,"clFinish_profiled"
"OpenCL","COMPUTE","cache_v_l7 (view)","SET_ROWS","f16",-1,9,-1,2048,512,1,1,2097152,0.108281,1,"clFinish_profiled"
"OpenCL","COMPUTE","__fattn__-7","FLASH_ATTN_EXT","f32",-1,16,-1,128,16,1,1,8192,0.417135,1,"clFinish_profiled"
"CPU_Elastic","COMPUTE_GRAPH","ggml_cgraph","GRAPH","",-1,2,-1,0,0,0,0,0,1.910156,1,"delegate_cpu_graph"
"OpenCL","COMPUTE","ffn_moe_logits-7","MUL_MAT","f32",-1,2,-1,64,1,1,1,256,0.501719,1,"clFinish_profiled"
"OpenCL","COMPUTE","ffn_moe_probs-7","SOFT_MAX","f32",-1,3,-1,64,1,1,1,256,0.209011,1,"clFinish_profiled"
"OpenCL","COMPUTE","ffn_moe_argsort-7","ARGSORT","i32",-1,5,-1,64,1,1,1,256,0.201563,1,"clFinish_profiled"
"OpenCL","COMPUTE","ffn_moe_weights-7","GET_ROWS","f32",-1,7,-1,1,8,1,1,32,0.196718,1,"clFinish_profiled"
"CPU_Elastic","COMPUTE_GRAPH","ggml_cgraph","GRAPH","",-1,21,-1,0,0,0,0,0,12.311198,1,"delegate_cpu_graph"
"CPU_Elastic","COMPUTE_GRAPH","ggml_cgraph","GRAPH","",-1,1,-1,0,0,0,0,0,1.540521,1,"delegate_cpu_graph"
"OpenCL","COMPUTE","Qcur-8","ROPE","f32",-1,3,-1,128,16,1,1,8192,0.512135,1,"clFinish_profiled"
"CPU_Elastic","COMPUTE_GRAPH","ggml_cgraph","GRAPH","",-1,1,-1,0,0,0,0,0,1.642239,1,"delegate_cpu_graph"
"OpenCL","COMPUTE","Kcur-8","ROPE","f32",-1,3,-1,128,16,1,1,8192,0.479584,1,"clFinish_profiled"
"CPU_Elastic","COMPUTE_GRAPH","ggml_cgraph","GRAPH","",-1,3,-1,0,0,0,0,0,2.080573,1,"delegate_cpu_graph"
"OpenCL","COMPUTE","cache_k_l8 (view)","SET_ROWS","f16",-1,0,-1,2048,512,1,1,2097152,0.479635,1,"clFinish_profiled"
"OpenCL","COMPUTE","cache_v_l8 (view)","SET_ROWS","f16",-1,2,-1,2048,512,1,1,2097152,0.203125,1,"clFinish_profiled"
"OpenCL","COMPUTE","__fattn__-8","FLASH_ATTN_EXT","f32",-1,9,-1,128,16,1,1,8192,0.450937,1,"clFinish_profiled"
"CPU_Elastic","COMPUTE_GRAPH","ggml_cgraph","GRAPH","",-1,2,-1,0,0,0,0,0,1.937083,1,"delegate_cpu_graph"
"OpenCL","COMPUTE","ffn_moe_logits-8","MUL_MAT","f32",-1,2,-1,64,1,1,1,256,0.522448,1,"clFinish_profiled"
"OpenCL","COMPUTE","ffn_moe_probs-8","SOFT_MAX","f32",-1,3,-1,64,1,1,1,256,0.211875,1,"clFinish_profiled"
"OpenCL","COMPUTE","ffn_moe_argsort-8","ARGSORT","i32",-1,5,-1,64,1,1,1,256,0.202917,1,"clFinish_profiled"
"OpenCL","COMPUTE","ffn_moe_weights-8","GET_ROWS","f32",-1,7,-1,1,8,1,1,32,0.190625,1,"clFinish_profiled"
"CPU_Elastic","COMPUTE_GRAPH","ggml_cgraph","GRAPH","",-1,21,-1,0,0,0,0,0,11.964948,1,"delegate_cpu_graph"
"CPU_Elastic","COMPUTE_GRAPH","ggml_cgraph","GRAPH","",-1,1,-1,0,0,0,0,0,1.886927,1,"delegate_cpu_graph"
"OpenCL","COMPUTE","Qcur-9","ROPE","f32",-1,3,-1,128,16,1,1,8192,0.510990,1,"clFinish_profiled"
"CPU_Elastic","COMPUTE_GRAPH","ggml_cgraph","GRAPH","",-1,1,-1,0,0,0,0,0,1.749531,1,"delegate_cpu_graph"
"OpenCL","COMPUTE","Kcur-9","ROPE","f32",-1,3,-1,128,16,1,1,8192,0.522396,1,"clFinish_profiled"
"CPU_Elastic","COMPUTE_GRAPH","ggml_cgraph","GRAPH","",-1,3,-1,0,0,0,0,0,0.591094,1,"delegate_cpu_graph"
"OpenCL","COMPUTE","cache_k_l9 (view)","SET_ROWS","f16",-1,0,-1,2048,512,1,1,2097152,0.504740,1,"clFinish_profiled"
"OpenCL","COMPUTE","cache_v_l9 (view)","SET_ROWS","f16",-1,2,-1,2048,512,1,1,2097152,0.203698,1,"clFinish_profiled"
"OpenCL","COMPUTE","__fattn__-9","FLASH_ATTN_EXT","f32",-1,9,-1,128,16,1,1,8192,0.445312,1,"clFinish_profiled"
"CPU_Elastic","COMPUTE_GRAPH","ggml_cgraph","GRAPH","",-1,2,-1,0,0,0,0,0,1.675782,1,"delegate_cpu_graph"
"OpenCL","COMPUTE","ffn_moe_logits-9","MUL_MAT","f32",-1,2,-1,64,1,1,1,256,0.504636,1,"clFinish_profiled"
"OpenCL","COMPUTE","ffn_moe_probs-9","SOFT_MAX","f32",-1,3,-1,64,1,1,1,256,0.205938,1,"clFinish_profiled"
"OpenCL","COMPUTE","ffn_moe_argsort-9","ARGSORT","i32",-1,5,-1,64,1,1,1,256,0.198438,1,"clFinish_profiled"
"OpenCL","COMPUTE","ffn_moe_weights-9","GET_ROWS","f32",-1,7,-1,1,8,1,1,32,0.185573,1,"clFinish_profiled"
"CPU_Elastic","COMPUTE_GRAPH","ggml_cgraph","GRAPH","",-1,21,-1,0,0,0,0,0,12.858802,1,"delegate_cpu_graph"
"CPU_Elastic","COMPUTE_GRAPH","ggml_cgraph","GRAPH","",-1,1,-1,0,0,0,0,0,1.297083,1,"delegate_cpu_graph"
"OpenCL","COMPUTE","Qcur-10","ROPE","f32",-1,3,-1,128,16,1,1,8192,0.517917,1,"clFinish_profiled"
"CPU_Elastic","COMPUTE_GRAPH","ggml_cgraph","GRAPH","",-1,1,-1,0,0,0,0,0,1.750625,1,"delegate_cpu_graph"
"OpenCL","COMPUTE","Kcur-10","ROPE","f32",-1,3,-1,128,16,1,1,8192,0.509427,1,"clFinish_profiled"
"OpenCL","COMPUTE","Vcur-10","MUL_MAT","f32",-1,4,-1,2048,1,1,1,8192,0.349479,1,"clFinish_profiled"
"OpenCL","COMPUTE","cache_k_l10 (view)","SET_ROWS","f16",-1,7,-1,2048,512,1,1,2097152,0.193958,1,"clFinish_profiled"
"OpenCL","COMPUTE","cache_v_l10 (view)","SET_ROWS","f16",-1,9,-1,2048,512,1,1,2097152,0.191510,1,"clFinish_profiled"
"OpenCL","COMPUTE","__fattn__-10","FLASH_ATTN_EXT","f32",-1,16,-1,128,16,1,1,8192,0.410625,1,"clFinish_profiled"
"CPU_Elastic","COMPUTE_GRAPH","ggml_cgraph","GRAPH","",-1,2,-1,0,0,0,0,0,1.893334,1,"delegate_cpu_graph"
"OpenCL","COMPUTE","ffn_moe_logits-10","MUL_MAT","f32",-1,2,-1,64,1,1,1,256,0.510261,1,"clFinish_profiled"
"OpenCL","COMPUTE","ffn_moe_probs-10","SOFT_MAX","f32",-1,3,-1,64,1,1,1,256,0.207604,1,"clFinish_profiled"
"OpenCL","COMPUTE","ffn_moe_argsort-10","ARGSORT","i32",-1,5,-1,64,1,1,1,256,0.200261,1,"clFinish_profiled"
"OpenCL","COMPUTE","ffn_moe_weights-10","GET_ROWS","f32",-1,7,-1,1,8,1,1,32,0.190573,1,"clFinish_profiled"
"CPU_Elastic","COMPUTE_GRAPH","ggml_cgraph","GRAPH","",-1,21,-1,0,0,0,0,0,9.156198,1,"delegate_cpu_graph"
"CPU_Elastic","COMPUTE_GRAPH","ggml_cgraph","GRAPH","",-1,1,-1,0,0,0,0,0,0.388906,1,"delegate_cpu_graph"
"OpenCL","COMPUTE","Qcur-11","ROPE","f32",-1,3,-1,128,16,1,1,8192,0.427709,1,"clFinish_profiled"
"CPU_Elastic","COMPUTE_GRAPH","ggml_cgraph","GRAPH","",-1,1,-1,0,0,0,0,0,0.939583,1,"delegate_cpu_graph"
"OpenCL","COMPUTE","Kcur-11","ROPE","f32",-1,3,-1,128,16,1,1,8192,0.516563,1,"clFinish_profiled"
"CPU_Elastic","COMPUTE_GRAPH","ggml_cgraph","GRAPH","",-1,3,-1,0,0,0,0,0,1.912448,1,"delegate_cpu_graph"
"OpenCL","COMPUTE","cache_k_l11 (view)","SET_ROWS","f16",-1,0,-1,2048,512,1,1,2097152,0.509323,1,"clFinish_profiled"
"OpenCL","COMPUTE","cache_v_l11 (view)","SET_ROWS","f16",-1,2,-1,2048,512,1,1,2097152,0.267292,1,"clFinish_profiled"
"OpenCL","COMPUTE","__fattn__-11","FLASH_ATTN_EXT","f32",-1,9,-1,128,16,1,1,8192,0.412500,1,"clFinish_profiled"
"CPU_Elastic","COMPUTE_GRAPH","ggml_cgraph","GRAPH","",-1,2,-1,0,0,0,0,0,0.516510,1,"delegate_cpu_graph"
"OpenCL","COMPUTE","ffn_moe_logits-11","MUL_MAT","f32",-1,2,-1,64,1,1,1,256,0.406979,1,"clFinish_profiled"
"OpenCL","COMPUTE","ffn_moe_probs-11","SOFT_MAX","f32",-1,3,-1,64,1,1,1,256,0.206198,1,"clFinish_profiled"
"OpenCL","COMPUTE","ffn_moe_argsort-11","ARGSORT","i32",-1,5,-1,64,1,1,1,256,0.204687,1,"clFinish_profiled"
"OpenCL","COMPUTE","ffn_moe_weights-11","GET_ROWS","f32",-1,7,-1,1,8,1,1,32,0.188489,1,"clFinish_profiled"
"CPU_Elastic","COMPUTE_GRAPH","ggml_cgraph","GRAPH","",-1,21,-1,0,0,0,0,0,6.727761,1,"delegate_cpu_graph"
"CPU_Elastic","COMPUTE_GRAPH","ggml_cgraph","GRAPH","",-1,1,-1,0,0,0,0,0,0.392917,1,"delegate_cpu_graph"
"OpenCL","COMPUTE","Qcur-12","ROPE","f32",-1,3,-1,128,16,1,1,8192,0.400625,1,"clFinish_profiled"
"CPU_Elastic","COMPUTE_GRAPH","ggml_cgraph","GRAPH","",-1,1,-1,0,0,0,0,0,0.473802,1,"delegate_cpu_graph"
"OpenCL","COMPUTE","Kcur-12","ROPE","f32",-1,3,-1,128,16,1,1,8192,0.398125,1,"clFinish_profiled"
"CPU_Elastic","COMPUTE_GRAPH","ggml_cgraph","GRAPH","",-1,3,-1,0,0,0,0,0,0.482187,1,"delegate_cpu_graph"
"OpenCL","COMPUTE","cache_k_l12 (view)","SET_ROWS","f16",-1,0,-1,2048,512,1,1,2097152,0.391459,1,"clFinish_profiled"
"OpenCL","COMPUTE","cache_v_l12 (view)","SET_ROWS","f16",-1,2,-1,2048,512,1,1,2097152,0.202344,1,"clFinish_profiled"
"OpenCL","COMPUTE","__fattn__-12","FLASH_ATTN_EXT","f32",-1,9,-1,128,16,1,1,8192,0.414844,1,"clFinish_profiled"
"CPU_Elastic","COMPUTE_GRAPH","ggml_cgraph","GRAPH","",-1,2,-1,0,0,0,0,0,0.440729,1,"delegate_cpu_graph"
"OpenCL","COMPUTE","ffn_moe_logits-12","MUL_MAT","f32",-1,2,-1,64,1,1,1,256,0.409219,1,"clFinish_profiled"
"OpenCL","COMPUTE","ffn_moe_probs-12","SOFT_MAX","f32",-1,3,-1,64,1,1,1,256,0.207136,1,"clFinish_profiled"
"OpenCL","COMPUTE","ffn_moe_argsort-12","ARGSORT","i32",-1,5,-1,64,1,1,1,256,0.199271,1,"clFinish_profiled"
"OpenCL","COMPUTE","ffn_moe_weights-12","GET_ROWS","f32",-1,7,-1,1,8,1,1,32,0.188802,1,"clFinish_profiled"
"CPU_Elastic","COMPUTE_GRAPH","ggml_cgraph","GRAPH","",-1,21,-1,0,0,0,0,0,9.009062,1,"delegate_cpu_graph"
"CPU_Elastic","COMPUTE_GRAPH","ggml_cgraph","GRAPH","",-1,1,-1,0,0,0,0,0,0.538906,1,"delegate_cpu_graph"
"OpenCL","COMPUTE","Qcur-13","ROPE","f32",-1,3,-1,128,16,1,1,8192,0.542709,1,"clFinish_profiled"
"CPU_Elastic","COMPUTE_GRAPH","ggml_cgraph","GRAPH","",-1,1,-1,0,0,0,0,0,1.725364,1,"delegate_cpu_graph"
"OpenCL","COMPUTE","Kcur-13","ROPE","f32",-1,3,-1,128,16,1,1,8192,0.537135,1,"clFinish_profiled"
"OpenCL","COMPUTE","Vcur-13","MUL_MAT","f32",-1,4,-1,2048,1,1,1,8192,0.354166,1,"clFinish_profiled"
"OpenCL","COMPUTE","cache_k_l13 (view)","SET_ROWS","f16",-1,7,-1,2048,512,1,1,2097152,0.198177,1,"clFinish_profiled"
"OpenCL","COMPUTE","cache_v_l13 (view)","SET_ROWS","f16",-1,9,-1,2048,512,1,1,2097152,0.197500,1,"clFinish_profiled"
"OpenCL","COMPUTE","__fattn__-13","FLASH_ATTN_EXT","f32",-1,16,-1,128,16,1,1,8192,0.409323,1,"clFinish_profiled"
"CPU_Elastic","COMPUTE_GRAPH","ggml_cgraph","GRAPH","",-1,2,-1,0,0,0,0,0,1.637552,1,"delegate_cpu_graph"
"OpenCL","COMPUTE","ffn_moe_logits-13","MUL_MAT","f32",-1,2,-1,64,1,1,1,256,0.522448,1,"clFinish_profiled"
"OpenCL","COMPUTE","ffn_moe_probs-13","SOFT_MAX","f32",-1,3,-1,64,1,1,1,256,0.209219,1,"clFinish_profiled"
"OpenCL","COMPUTE","ffn_moe_argsort-13","ARGSORT","i32",-1,5,-1,64,1,1,1,256,0.220000,1,"clFinish_profiled"
"OpenCL","COMPUTE","ffn_moe_weights-13","GET_ROWS","f32",-1,7,-1,1,8,1,1,32,0.199688,1,"clFinish_profiled"
"CPU_Elastic","COMPUTE_GRAPH","ggml_cgraph","GRAPH","",-1,21,-1,0,0,0,0,0,8.299531,1,"delegate_cpu_graph"
"CPU_Elastic","COMPUTE_GRAPH","ggml_cgraph","GRAPH","",-1,1,-1,0,0,0,0,0,1.779115,1,"delegate_cpu_graph"
"OpenCL","COMPUTE","Qcur-14","ROPE","f32",-1,3,-1,128,16,1,1,8192,0.498386,1,"clFinish_profiled"
"CPU_Elastic","COMPUTE_GRAPH","ggml_cgraph","GRAPH","",-1,1,-1,0,0,0,0,0,1.825677,1,"delegate_cpu_graph"
"OpenCL","COMPUTE","Kcur-14","ROPE","f32",-1,3,-1,128,16,1,1,8192,0.486094,1,"clFinish_profiled"
"OpenCL","COMPUTE","Vcur-14","MUL_MAT","f32",-1,4,-1,2048,1,1,1,8192,0.348750,1,"clFinish_profiled"
"OpenCL","COMPUTE","cache_k_l14 (view)","SET_ROWS","f16",-1,7,-1,2048,512,1,1,2097152,0.190365,1,"clFinish_profiled"
"OpenCL","COMPUTE","cache_v_l14 (view)","SET_ROWS","f16",-1,9,-1,2048,512,1,1,2097152,0.192864,1,"clFinish_profiled"
"OpenCL","COMPUTE","__fattn__-14","FLASH_ATTN_EXT","f32",-1,16,-1,128,16,1,1,8192,0.407865,1,"clFinish_profiled"
"CPU_Elastic","COMPUTE_GRAPH","ggml_cgraph","GRAPH","",-1,2,-1,0,0,0,0,0,1.696928,1,"delegate_cpu_graph"
"OpenCL","COMPUTE","ffn_moe_logits-14","MUL_MAT","f32",-1,2,-1,64,1,1,1,256,0.491979,1,"clFinish_profiled"
"OpenCL","COMPUTE","ffn_moe_probs-14","SOFT_MAX","f32",-1,3,-1,64,1,1,1,256,0.204427,1,"clFinish_profiled"
"OpenCL","COMPUTE","ffn_moe_argsort-14","ARGSORT","i32",-1,5,-1,64,1,1,1,256,0.196406,1,"clFinish_profiled"
"OpenCL","COMPUTE","ffn_moe_weights-14","GET_ROWS","f32",-1,7,-1,1,8,1,1,32,0.194219,1,"clFinish_profiled"
"CPU_Elastic","COMPUTE_GRAPH","ggml_cgraph","GRAPH","",-1,21,-1,0,0,0,0,0,7.112396,1,"delegate_cpu_graph"
"CPU_Elastic","COMPUTE_GRAPH","ggml_cgraph","GRAPH","",-1,1,-1,0,0,0,0,0,0.408073,1,"delegate_cpu_graph"
"OpenCL","COMPUTE","Qcur-15","ROPE","f32",-1,3,-1,128,16,1,1,8192,0.406562,1,"clFinish_profiled"
"CPU_Elastic","COMPUTE_GRAPH","ggml_cgraph","GRAPH","",-1,1,-1,0,0,0,0,0,0.467448,1,"delegate_cpu_graph"
"OpenCL","COMPUTE","Kcur-15","ROPE","f32",-1,3,-1,128,16,1,1,8192,0.402344,1,"clFinish_profiled"
"OpenCL","COMPUTE","Vcur-15","MUL_MAT","f32",-1,4,-1,2048,1,1,1,8192,0.350937,1,"clFinish_profiled"
"OpenCL","COMPUTE","cache_k_l15 (view)","SET_ROWS","f16",-1,7,-1,2048,512,1,1,2097152,0.193073,1,"clFinish_profiled"
"OpenCL","COMPUTE","cache_v_l15 (view)","SET_ROWS","f16",-1,9,-1,2048,512,1,1,2097152,0.189323,1,"clFinish_profiled"
"OpenCL","COMPUTE","__fattn__-15","FLASH_ATTN_EXT","f32",-1,16,-1,128,16,1,1,8192,0.425521,1,"clFinish_profiled"
"CPU_Elastic","COMPUTE_GRAPH","ggml_cgraph","GRAPH","",-1,4,-1,0,0,0,0,0,0.935104,1,"delegate_cpu_graph"
"OpenCL","COMPUTE","ffn_moe_logits-15","MUL_MAT","f32",-1,2,-1,64,1,1,1,256,0.490208,1,"clFinish_profiled"
"OpenCL","COMPUTE","ffn_moe_probs-15","SOFT_MAX","f32",-1,3,-1,64,1,1,1,256,0.207448,1,"clFinish_profiled"
"OpenCL","COMPUTE","ffn_moe_argsort-15","ARGSORT","i32",-1,5,-1,64,1,1,1,256,0.199583,1,"clFinish_profiled"
"OpenCL","COMPUTE","ffn_moe_weights-15","GET_ROWS","f32",-1,7,-1,1,8,1,1,32,0.188698,1,"clFinish_profiled"
"CPU_Elastic","COMPUTE_GRAPH","ggml_cgraph","GRAPH","",-1,22,-1,0,0,0,0,0,8.286302,1,"delegate_cpu_graph"
"OpenCL","COMPUTE","result_norm","MUL","f32",-1,0,-1,2048,1,1,1,8192,0.490677,1,"clFinish_profiled"
"OpenCL","COMPUTE","result_output","MUL_MAT","f32",-1,1,-1,50304,1,1,1,201216,4.030625,1,"clFinish_profiled"
"CPU_Elastic","COMPUTE_GRAPH","ggml_cgraph","GRAPH","",-1,1,-1,0,0,0,0,0,0.011979,1,"delegate_cpu_graph"
"CPU_Elastic","COMPUTE_GRAPH","ggml_cgraph","GRAPH","",-1,1,-1,0,0,0,0,0,1.639427,1,"delegate_cpu_graph"
"OpenCL","COMPUTE","Qcur-0","ROPE","f32",-1,3,-1,128,16,1,1,8192,0.530260,1,"clFinish_profiled"
"CPU_Elastic","COMPUTE_GRAPH","ggml_cgraph","GRAPH","",-1,1,-1,0,0,0,0,0,1.331875,1,"delegate_cpu_graph"
"OpenCL","COMPUTE","Kcur-0","ROPE","f32",-1,3,-1,128,16,1,1,8192,0.518645,1,"clFinish_profiled"
"OpenCL","COMPUTE","Vcur-0","MUL_MAT","f32",-1,4,-1,2048,1,1,1,8192,0.362761,1,"clFinish_profiled"
"OpenCL","COMPUTE","cache_k_l0 (view)","SET_ROWS","f16",-1,7,-1,2048,512,1,1,2097152,0.423125,1,"clFinish_profiled"
"OpenCL","COMPUTE","cache_v_l0 (view)","SET_ROWS","f16",-1,9,-1,2048,512,1,1,2097152,0.400625,1,"clFinish_profiled"
"OpenCL","COMPUTE"," (copy)","CPY","f16",-1,16,-1,256,64,1,1,32768,0.206667,1,"clFinish_profiled"
"OpenCL","COMPUTE","__fattn__-0","FLASH_ATTN_EXT","f32",-1,17,-1,128,16,1,1,8192,0.413281,1,"clFinish_profiled"
"CPU_Elastic","COMPUTE_GRAPH","ggml_cgraph","GRAPH","",-1,2,-1,0,0,0,0,0,1.794375,1,"delegate_cpu_graph"
"OpenCL","COMPUTE","ffn_moe_logits-0","MUL_MAT","f32",-1,2,-1,64,1,1,1,256,0.515782,1,"clFinish_profiled"
"OpenCL","COMPUTE","ffn_moe_probs-0","SOFT_MAX","f32",-1,3,-1,64,1,1,1,256,0.211719,1,"clFinish_profiled"
"OpenCL","COMPUTE","ffn_moe_argsort-0","ARGSORT","i32",-1,5,-1,64,1,1,1,256,0.203593,1,"clFinish_profiled"
"OpenCL","COMPUTE","ffn_moe_weights-0","GET_ROWS","f32",-1,7,-1,1,8,1,1,32,0.192657,1,"clFinish_profiled"
"CPU_Elastic","COMPUTE_GRAPH","ggml_cgraph","GRAPH","",-1,21,-1,0,0,0,0,0,12.180104,1,"delegate_cpu_graph"
"CPU_Elastic","COMPUTE_GRAPH","ggml_cgraph","GRAPH","",-1,1,-1,0,0,0,0,0,1.742396,1,"delegate_cpu_graph"
"OpenCL","COMPUTE","Qcur-1","ROPE","f32",-1,3,-1,128,16,1,1,8192,0.492812,1,"clFinish_profiled"
"CPU_Elastic","COMPUTE_GRAPH","ggml_cgraph","GRAPH","",-1,1,-1,0,0,0,0,0,0.398750,1,"delegate_cpu_graph"
"OpenCL","COMPUTE","Kcur-1","ROPE","f32",-1,3,-1,128,16,1,1,8192,0.400260,1,"clFinish_profiled"
"OpenCL","COMPUTE","Vcur-1","MUL_MAT","f32",-1,4,-1,2048,1,1,1,8192,0.360261,1,"clFinish_profiled"
"OpenCL","COMPUTE","cache_k_l1 (view)","SET_ROWS","f16",-1,7,-1,2048,512,1,1,2097152,0.193594,1,"clFinish_profiled"
"OpenCL","COMPUTE","cache_v_l1 (view)","SET_ROWS","f16",-1,9,-1,2048,512,1,1,2097152,0.191458,1,"clFinish_profiled"
"OpenCL","COMPUTE","__fattn__-1","FLASH_ATTN_EXT","f32",-1,16,-1,128,16,1,1,8192,0.420885,1,"clFinish_profiled"
"CPU_Elastic","COMPUTE_GRAPH","ggml_cgraph","GRAPH","",-1,2,-1,0,0,0,0,0,2.038750,1,"delegate_cpu_graph"
"OpenCL","COMPUTE","ffn_moe_logits-1","MUL_MAT","f32",-1,2,-1,64,1,1,1,256,0.487031,1,"clFinish_profiled"
"OpenCL","COMPUTE","ffn_moe_probs-1","SOFT_MAX","f32",-1,3,-1,64,1,1,1,256,0.238645,1,"clFinish_profiled"
"OpenCL","COMPUTE","ffn_moe_argsort-1","ARGSORT","i32",-1,5,-1,64,1,1,1,256,0.202239,1,"clFinish_profiled"
"OpenCL","COMPUTE","ffn_moe_weights-1","GET_ROWS","f32",-1,7,-1,1,8,1,1,32,0.187917,1,"clFinish_profiled"
"CPU_Elastic","COMPUTE_GRAPH","ggml_cgraph","GRAPH","",-1,21,-1,0,0,0,0,0,11.116042,1,"delegate_cpu_graph"
"CPU_Elastic","COMPUTE_GRAPH","ggml_cgraph","GRAPH","",-1,1,-1,0,0,0,0,0,1.738073,1,"delegate_cpu_graph"
"OpenCL","COMPUTE","Qcur-2","ROPE","f32",-1,3,-1,128,16,1,1,8192,0.493958,1,"clFinish_profiled"
"CPU_Elastic","COMPUTE_GRAPH","ggml_cgraph","GRAPH","",-1,1,-1,0,0,0,0,0,0.399635,1,"delegate_cpu_graph"
"OpenCL","COMPUTE","Kcur-2","ROPE","f32",-1,3,-1,128,16,1,1,8192,0.443385,1,"clFinish_profiled"
"CPU_Elastic","COMPUTE_GRAPH","ggml_cgraph","GRAPH","",-1,3,-1,0,0,0,0,0,0.429844,1,"delegate_cpu_graph"
"OpenCL","COMPUTE","cache_k_l2 (view)","SET_ROWS","f16",-1,0,-1,2048,512,1,1,2097152,0.389531,1,"clFinish_profiled"
"OpenCL","COMPUTE","cache_v_l2 (view)","SET_ROWS","f16",-1,2,-1,2048,512,1,1,2097152,0.201094,1,"clFinish_profiled"
"OpenCL","COMPUTE","__fattn__-2","FLASH_ATTN_EXT","f32",-1,9,-1,128,16,1,1,8192,0.407500,1,"clFinish_profiled"
"CPU_Elastic","COMPUTE_GRAPH","ggml_cgraph","GRAPH","",-1,2,-1,0,0,0,0,0,0.430000,1,"delegate_cpu_graph"
"OpenCL","COMPUTE","ffn_moe_logits-2","MUL_MAT","f32",-1,2,-1,64,1,1,1,256,0.406771,1,"clFinish_profiled"
"OpenCL","COMPUTE","ffn_moe_probs-2","SOFT_MAX","f32",-1,3,-1,64,1,1,1,256,0.205730,1,"clFinish_profiled"
"OpenCL","COMPUTE","ffn_moe_argsort-2","ARGSORT","i32",-1,5,-1,64,1,1,1,256,0.200468,1,"clFinish_profiled"
"OpenCL","COMPUTE","ffn_moe_weights-2","GET_ROWS","f32",-1,7,-1,1,8,1,1,32,0.189740,1,"clFinish_profiled"
"CPU_Elastic","COMPUTE_GRAPH","ggml_cgraph","GRAPH","",-1,21,-1,0,0,0,0,0,10.862083,1,"delegate_cpu_graph"
"CPU_Elastic","COMPUTE_GRAPH","ggml_cgraph","GRAPH","",-1,1,-1,0,0,0,0,0,1.570000,1,"delegate_cpu_graph"
"OpenCL","COMPUTE","Qcur-3","ROPE","f32",-1,3,-1,128,16,1,1,8192,0.563230,1,"clFinish_profiled"
"CPU_Elastic","COMPUTE_GRAPH","ggml_cgraph","GRAPH","",-1,1,-1,0,0,0,0,0,1.717240,1,"delegate_cpu_graph"
"OpenCL","COMPUTE","Kcur-3","ROPE","f32",-1,3,-1,128,16,1,1,8192,0.527864,1,"clFinish_profiled"
"CPU_Elastic","COMPUTE_GRAPH","ggml_cgraph","GRAPH","",-1,3,-1,0,0,0,0,0,2.223385,1,"delegate_cpu_graph"
"OpenCL","COMPUTE","cache_k_l3 (view)","SET_ROWS","f16",-1,0,-1,2048,512,1,1,2097152,0.523490,1,"clFinish_profiled"
"OpenCL","COMPUTE","cache_v_l3 (view)","SET_ROWS","f16",-1,2,-1,2048,512,1,1,2097152,0.217500,1,"clFinish_profiled"
"OpenCL","COMPUTE","__fattn__-3","FLASH_ATTN_EXT","f32",-1,9,-1,128,16,1,1,8192,0.444062,1,"clFinish_profiled"
"CPU_Elastic","COMPUTE_GRAPH","ggml_cgraph","GRAPH","",-1,2,-1,0,0,0,0,0,1.650625,1,"delegate_cpu_graph"
"OpenCL","COMPUTE","ffn_moe_logits-3","MUL_MAT","f32",-1,2,-1,64,1,1,1,256,0.510104,1,"clFinish_profiled"
"OpenCL","COMPUTE","ffn_moe_probs-3","SOFT_MAX","f32",-1,3,-1,64,1,1,1,256,0.204167,1,"clFinish_profiled"
"OpenCL","COMPUTE","ffn_moe_argsort-3","ARGSORT","i32",-1,5,-1,64,1,1,1,256,0.219063,1,"clFinish_profiled"
"OpenCL","COMPUTE","ffn_moe_weights-3","GET_ROWS","f32",-1,7,-1,1,8,1,1,32,0.187292,1,"clFinish_profiled"
"CPU_Elastic","COMPUTE_GRAPH","ggml_cgraph","GRAPH","",-1,21,-1,0,0,0,0,0,12.853854,1,"delegate_cpu_graph"
"CPU_Elastic","COMPUTE_GRAPH","ggml_cgraph","GRAPH","",-1,1,-1,0,0,0,0,0,1.542135,1,"delegate_cpu_graph"
"OpenCL","COMPUTE","Qcur-4","ROPE","f32",-1,3,-1,128,16,1,1,8192,0.484218,1,"clFinish_profiled"
"CPU_Elastic","COMPUTE_GRAPH","ggml_cgraph","GRAPH","",-1,1,-1,0,0,0,0,0,1.502136,1,"delegate_cpu_graph"
"OpenCL","COMPUTE","Kcur-4","ROPE","f32",-1,3,-1,128,16,1,1,8192,0.502917,1,"clFinish_profiled"
"OpenCL","COMPUTE","Vcur-4","MUL_MAT","f32",-1,4,-1,2048,1,1,1,8192,0.369844,1,"clFinish_profiled"
"OpenCL","COMPUTE","cache_k_l4 (view)","SET_ROWS","f16",-1,7,-1,2048,512,1,1,2097152,0.264948,1,"clFinish_profiled"
"OpenCL","COMPUTE","cache_v_l4 (view)","SET_ROWS","f16",-1,9,-1,2048,512,1,1,2097152,0.514479,1,"clFinish_profiled"
"OpenCL","COMPUTE","__fattn__-4","FLASH_ATTN_EXT","f32",-1,16,-1,128,16,1,1,8192,0.433437,1,"clFinish_profiled"
"CPU_Elastic","COMPUTE_GRAPH","ggml_cgraph","GRAPH","",-1,2,-1,0,0,0,0,0,1.850989,1,"delegate_cpu_graph"
"OpenCL","COMPUTE","ffn_moe_logits-4","MUL_MAT","f32",-1,2,-1,64,1,1,1,256,0.538750,1,"clFinish_profiled"
"OpenCL","COMPUTE","ffn_moe_probs-4","SOFT_MAX","f32",-1,3,-1,64,1,1,1,256,0.229063,1,"clFinish_profiled"
"OpenCL","COMPUTE","ffn_moe_argsort-4","ARGSORT","i32",-1,5,-1,64,1,1,1,256,0.219948,1,"clFinish_profiled"
"OpenCL","COMPUTE","ffn_moe_weights-4","GET_ROWS","f32",-1,7,-1,1,8,1,1,32,0.109688,1,"clFinish_profiled"
"CPU_Elastic","COMPUTE_GRAPH","ggml_cgraph","GRAPH","",-1,21,-1,0,0,0,0,0,12.229375,1,"delegate_cpu_graph"
"CPU_Elastic","COMPUTE_GRAPH","ggml_cgraph","GRAPH","",-1,1,-1,0,0,0,0,0,1.529896,1,"delegate_cpu_graph"
"OpenCL","COMPUTE","Qcur-5","ROPE","f32",-1,3,-1,128,16,1,1,8192,0.503437,1,"clFinish_profiled"
"CPU_Elastic","COMPUTE_GRAPH","ggml_cgraph","GRAPH","",-1,1,-1,0,0,0,0,0,1.228385,1,"delegate_cpu_graph"
"OpenCL","COMPUTE","Kcur-5","ROPE","f32",-1,3,-1,128,16,1,1,8192,0.488334,1,"clFinish_profiled"
"CPU_Elastic","COMPUTE_GRAPH","ggml_cgraph","GRAPH","",-1,3,-1,0,0,0,0,0,0.526354,1,"delegate_cpu_graph"
"OpenCL","COMPUTE","cache_k_l5 (view)","SET_ROWS","f16",-1,0,-1,2048,512,1,1,2097152,0.389480,1,"clFinish_profiled"
"OpenCL","COMPUTE","cache_v_l5 (view)","SET_ROWS","f16",-1,2,-1,2048,512,1,1,2097152,0.201927,1,"clFinish_profiled"
"OpenCL","COMPUTE","__fattn__-5","FLASH_ATTN_EXT","f32",-1,9,-1,128,16,1,1,8192,0.419375,1,"clFinish_profiled"
"CPU_Elastic","COMPUTE_GRAPH","ggml_cgraph","GRAPH","",-1,2,-1,0,0,0,0,0,0.404427,1,"delegate_cpu_graph"
"OpenCL","COMPUTE","ffn_moe_logits-5","MUL_MAT","f32",-1,2,-1,64,1,1,1,256,0.406615,1,"clFinish_profiled"
"OpenCL","COMPUTE","ffn_moe_probs-5","SOFT_MAX","f32",-1,3,-1,64,1,1,1,256,0.211667,1,"clFinish_profiled"
"OpenCL","COMPUTE","ffn_moe_argsort-5","ARGSORT","i32",-1,5,-1,64,1,1,1,256,0.199323,1,"clFinish_profiled"
"OpenCL","COMPUTE","ffn_moe_weights-5","GET_ROWS","f32",-1,7,-1,1,8,1,1,32,0.188594,1,"clFinish_profiled"
"CPU_Elastic","COMPUTE_GRAPH","ggml_cgraph","GRAPH","",-1,21,-1,0,0,0,0,0,6.728438,1,"delegate_cpu_graph"
"CPU_Elastic","COMPUTE_GRAPH","ggml_cgraph","GRAPH","",-1,1,-1,0,0,0,0,0,0.408802,1,"delegate_cpu_graph"
"OpenCL","COMPUTE","Qcur-6","ROPE","f32",-1,3,-1,128,16,1,1,8192,0.400417,1,"clFinish_profiled"
"CPU_Elastic","COMPUTE_GRAPH","ggml_cgraph","GRAPH","",-1,1,-1,0,0,0,0,0,0.473021,1,"delegate_cpu_graph"
"OpenCL","COMPUTE","Kcur-6","ROPE","f32",-1,3,-1,128,16,1,1,8192,0.395260,1,"clFinish_profiled"
"CPU_Elastic","COMPUTE_GRAPH","ggml_cgraph","GRAPH","",-1,3,-1,0,0,0,0,0,0.478490,1,"delegate_cpu_graph"
"OpenCL","COMPUTE","cache_k_l6 (view)","SET_ROWS","f16",-1,0,-1,2048,512,1,1,2097152,0.387917,1,"clFinish_profiled"
"OpenCL","COMPUTE","cache_v_l6 (view)","SET_ROWS","f16",-1,2,-1,2048,512,1,1,2097152,0.199062,1,"clFinish_profiled"
"OpenCL","COMPUTE","__fattn__-6","FLASH_ATTN_EXT","f32",-1,9,-1,128,16,1,1,8192,0.411718,1,"clFinish_profiled"
"CPU_Elastic","COMPUTE_GRAPH","ggml_cgraph","GRAPH","",-1,2,-1,0,0,0,0,0,0.429688,1,"delegate_cpu_graph"
"OpenCL","COMPUTE","ffn_moe_logits-6","MUL_MAT","f32",-1,2,-1,64,1,1,1,256,0.404843,1,"clFinish_profiled"
"OpenCL","COMPUTE","ffn_moe_probs-6","SOFT_MAX","f32",-1,3,-1,64,1,1,1,256,0.205989,1,"clFinish_profiled"
"OpenCL","COMPUTE","ffn_moe_argsort-6","ARGSORT","i32",-1,5,-1,64,1,1,1,256,0.205677,1,"clFinish_profiled"
"OpenCL","COMPUTE","ffn_moe_weights-6","GET_ROWS","f32",-1,7,-1,1,8,1,1,32,0.191511,1,"clFinish_profiled"
"CPU_Elastic","COMPUTE_GRAPH","ggml_cgraph","GRAPH","",-1,21,-1,0,0,0,0,0,11.712604,1,"delegate_cpu_graph"
"CPU_Elastic","COMPUTE_GRAPH","ggml_cgraph","GRAPH","",-1,1,-1,0,0,0,0,0,1.569218,1,"delegate_cpu_graph"
"OpenCL","COMPUTE","Qcur-7","ROPE","f32",-1,3,-1,128,16,1,1,8192,0.539427,1,"clFinish_profiled"
"CPU_Elastic","COMPUTE_GRAPH","ggml_cgraph","GRAPH","",-1,1,-1,0,0,0,0,0,1.604844,1,"delegate_cpu_graph"
"OpenCL","COMPUTE","Kcur-7","ROPE","f32",-1,3,-1,128,16,1,1,8192,0.512813,1,"clFinish_profiled"
"OpenCL","COMPUTE","Vcur-7","MUL_MAT","f32",-1,4,-1,2048,1,1,1,8192,0.351094,1,"clFinish_profiled"
"OpenCL","COMPUTE","cache_k_l7 (view)","SET_ROWS","f16",-1,7,-1,2048,512,1,1,2097152,0.196615,1,"clFinish_profiled"
"OpenCL","COMPUTE","cache_v_l7 (view)","SET_ROWS","f16",-1,9,-1,2048,512,1,1,2097152,0.194792,1,"clFinish_profiled"
"OpenCL","COMPUTE","__fattn__-7","FLASH_ATTN_EXT","f32",-1,16,-1,128,16,1,1,8192,0.408645,1,"clFinish_profiled"
"CPU_Elastic","COMPUTE_GRAPH","ggml_cgraph","GRAPH","",-1,2,-1,0,0,0,0,0,1.671719,1,"delegate_cpu_graph"
"OpenCL","COMPUTE","ffn_moe_logits-7","MUL_MAT","f32",-1,2,-1,64,1,1,1,256,0.496146,1,"clFinish_profiled"
"OpenCL","COMPUTE","ffn_moe_probs-7","SOFT_MAX","f32",-1,3,-1,64,1,1,1,256,0.208802,1,"clFinish_profiled"
"OpenCL","COMPUTE","ffn_moe_argsort-7","ARGSORT","i32",-1,5,-1,64,1,1,1,256,0.200833,1,"clFinish_profiled"
"OpenCL","COMPUTE","ffn_moe_weights-7","GET_ROWS","f32",-1,7,-1,1,8,1,1,32,0.191094,1,"clFinish_profiled"
"CPU_Elastic","COMPUTE_GRAPH","ggml_cgraph","GRAPH","",-1,21,-1,0,0,0,0,0,10.476250,1,"delegate_cpu_graph"
"CPU_Elastic","COMPUTE_GRAPH","ggml_cgraph","GRAPH","",-1,1,-1,0,0,0,0,0,0.937292,1,"delegate_cpu_graph"
"OpenCL","COMPUTE","Qcur-8","ROPE","f32",-1,3,-1,128,16,1,1,8192,0.504427,1,"clFinish_profiled"
"CPU_Elastic","COMPUTE_GRAPH","ggml_cgraph","GRAPH","",-1,1,-1,0,0,0,0,0,0.432344,1,"delegate_cpu_graph"
"OpenCL","COMPUTE","Kcur-8","ROPE","f32",-1,3,-1,128,16,1,1,8192,0.400261,1,"clFinish_profiled"
"CPU_Elastic","COMPUTE_GRAPH","ggml_cgraph","GRAPH","",-1,3,-1,0,0,0,0,0,0.463125,1,"delegate_cpu_graph"
"OpenCL","COMPUTE","cache_k_l8 (view)","SET_ROWS","f16",-1,0,-1,2048,512,1,1,2097152,0.388125,1,"clFinish_profiled"
"OpenCL","COMPUTE","cache_v_l8 (view)","SET_ROWS","f16",-1,2,-1,2048,512,1,1,2097152,0.201459,1,"clFinish_profiled"
"OpenCL","COMPUTE","__fattn__-8","FLASH_ATTN_EXT","f32",-1,9,-1,128,16,1,1,8192,0.409011,1,"clFinish_profiled"
"CPU_Elastic","COMPUTE_GRAPH","ggml_cgraph","GRAPH","",-1,2,-1,0,0,0,0,0,0.457761,1,"delegate_cpu_graph"
"OpenCL","COMPUTE","ffn_moe_logits-8","MUL_MAT","f32",-1,2,-1,64,1,1,1,256,0.405729,1,"clFinish_profiled"
"OpenCL","COMPUTE","ffn_moe_probs-8","SOFT_MAX","f32",-1,3,-1,64,1,1,1,256,0.205469,1,"clFinish_profiled"
"OpenCL","COMPUTE","ffn_moe_argsort-8","ARGSORT","i32",-1,5,-1,64,1,1,1,256,0.198490,1,"clFinish_profiled"
"OpenCL","COMPUTE","ffn_moe_weights-8","GET_ROWS","f32",-1,7,-1,1,8,1,1,32,0.187761,1,"clFinish_profiled"
"CPU_Elastic","COMPUTE_GRAPH","ggml_cgraph","GRAPH","",-1,21,-1,0,0,0,0,0,10.013906,1,"delegate_cpu_graph"
"CPU_Elastic","COMPUTE_GRAPH","ggml_cgraph","GRAPH","",-1,1,-1,0,0,0,0,0,0.945781,1,"delegate_cpu_graph"
"OpenCL","COMPUTE","Qcur-9","ROPE","f32",-1,3,-1,128,16,1,1,8192,0.487865,1,"clFinish_profiled"
"CPU_Elastic","COMPUTE_GRAPH","ggml_cgraph","GRAPH","",-1,1,-1,0,0,0,0,0,0.438177,1,"delegate_cpu_graph"
"OpenCL","COMPUTE","Kcur-9","ROPE","f32",-1,3,-1,128,16,1,1,8192,0.407500,1,"clFinish_profiled"
"CPU_Elastic","COMPUTE_GRAPH","ggml_cgraph","GRAPH","",-1,3,-1,0,0,0,0,0,0.470208,1,"delegate_cpu_graph"
"OpenCL","COMPUTE","cache_k_l9 (view)","SET_ROWS","f16",-1,0,-1,2048,512,1,1,2097152,0.388125,1,"clFinish_profiled"
"OpenCL","COMPUTE","cache_v_l9 (view)","SET_ROWS","f16",-1,2,-1,2048,512,1,1,2097152,0.202448,1,"clFinish_profiled"
"OpenCL","COMPUTE","__fattn__-9","FLASH_ATTN_EXT","f32",-1,9,-1,128,16,1,1,8192,0.406875,1,"clFinish_profiled"
"CPU_Elastic","COMPUTE_GRAPH","ggml_cgraph","GRAPH","",-1,2,-1,0,0,0,0,0,0.457083,1,"delegate_cpu_graph"
"OpenCL","COMPUTE","ffn_moe_logits-9","MUL_MAT","f32",-1,2,-1,64,1,1,1,256,0.404323,1,"clFinish_profiled"
"OpenCL","COMPUTE","ffn_moe_probs-9","SOFT_MAX","f32",-1,3,-1,64,1,1,1,256,0.204583,1,"clFinish_profiled"
"OpenCL","COMPUTE","ffn_moe_argsort-9","ARGSORT","i32",-1,5,-1,64,1,1,1,256,0.199323,1,"clFinish_profiled"
"OpenCL","COMPUTE","ffn_moe_weights-9","GET_ROWS","f32",-1,7,-1,1,8,1,1,32,0.187656,1,"clFinish_profiled"
"CPU_Elastic","COMPUTE_GRAPH","ggml_cgraph","GRAPH","",-1,21,-1,0,0,0,0,0,6.585989,1,"delegate_cpu_graph"
"CPU_Elastic","COMPUTE_GRAPH","ggml_cgraph","GRAPH","",-1,1,-1,0,0,0,0,0,0.412083,1,"delegate_cpu_graph"
"OpenCL","COMPUTE","Qcur-10","ROPE","f32",-1,3,-1,128,16,1,1,8192,0.534115,1,"clFinish_profiled"
"CPU_Elastic","COMPUTE_GRAPH","ggml_cgraph","GRAPH","",-1,1,-1,0,0,0,0,0,0.603021,1,"delegate_cpu_graph"
"OpenCL","COMPUTE","Kcur-10","ROPE","f32",-1,3,-1,128,16,1,1,8192,0.492708,1,"clFinish_profiled"
"OpenCL","COMPUTE","Vcur-10","MUL_MAT","f32",-1,4,-1,2048,1,1,1,8192,0.390260,1,"clFinish_profiled"
"OpenCL","COMPUTE","cache_k_l10 (view)","SET_ROWS","f16",-1,7,-1,2048,512,1,1,2097152,0.195781,1,"clFinish_profiled"
"OpenCL","COMPUTE","cache_v_l10 (view)","SET_ROWS","f16",-1,9,-1,2048,512,1,1,2097152,0.191354,1,"clFinish_profiled"
"OpenCL","COMPUTE","__fattn__-10","FLASH_ATTN_EXT","f32",-1,16,-1,128,16,1,1,8192,0.411511,1,"clFinish_profiled"
"CPU_Elastic","COMPUTE_GRAPH","ggml_cgraph","GRAPH","",-1,2,-1,0,0,0,0,0,0.528229,1,"delegate_cpu_graph"
"OpenCL","COMPUTE","ffn_moe_logits-10","MUL_MAT","f32",-1,2,-1,64,1,1,1,256,0.407812,1,"clFinish_profiled"
"OpenCL","COMPUTE","ffn_moe_probs-10","SOFT_MAX","f32",-1,3,-1,64,1,1,1,256,0.204688,1,"clFinish_profiled"
"OpenCL","COMPUTE","ffn_moe_argsort-10","ARGSORT","i32",-1,5,-1,64,1,1,1,256,0.203906,1,"clFinish_profiled"
"OpenCL","COMPUTE","ffn_moe_weights-10","GET_ROWS","f32",-1,7,-1,1,8,1,1,32,0.188750,1,"clFinish_profiled"
"CPU_Elastic","COMPUTE_GRAPH","ggml_cgraph","GRAPH","",-1,21,-1,0,0,0,0,0,7.645990,1,"delegate_cpu_graph"
"CPU_Elastic","COMPUTE_GRAPH","ggml_cgraph","GRAPH","",-1,1,-1,0,0,0,0,0,0.415573,1,"delegate_cpu_graph"
"OpenCL","COMPUTE","Qcur-11","ROPE","f32",-1,3,-1,128,16,1,1,8192,0.396145,1,"clFinish_profiled"
"CPU_Elastic","COMPUTE_GRAPH","ggml_cgraph","GRAPH","",-1,1,-1,0,0,0,0,0,0.476354,1,"delegate_cpu_graph"
"OpenCL","COMPUTE","Kcur-11","ROPE","f32",-1,3,-1,128,16,1,1,8192,0.400677,1,"clFinish_profiled"
"CPU_Elastic","COMPUTE_GRAPH","ggml_cgraph","GRAPH","",-1,3,-1,0,0,0,0,0,1.496041,1,"delegate_cpu_graph"
"OpenCL","COMPUTE","cache_k_l11 (view)","SET_ROWS","f16",-1,0,-1,2048,512,1,1,2097152,0.477292,1,"clFinish_profiled"
"OpenCL","COMPUTE","cache_v_l11 (view)","SET_ROWS","f16",-1,2,-1,2048,512,1,1,2097152,0.200312,1,"clFinish_profiled"
"OpenCL","COMPUTE","__fattn__-11","FLASH_ATTN_EXT","f32",-1,9,-1,128,16,1,1,8192,0.427709,1,"clFinish_profiled"
"CPU_Elastic","COMPUTE_GRAPH","ggml_cgraph","GRAPH","",-1,2,-1,0,0,0,0,0,1.915208,1,"delegate_cpu_graph"
"OpenCL","COMPUTE","ffn_moe_logits-11","MUL_MAT","f32",-1,2,-1,64,1,1,1,256,0.527500,1,"clFinish_profiled"
"OpenCL","COMPUTE","ffn_moe_probs-11","SOFT_MAX","f32",-1,3,-1,64,1,1,1,256,0.207917,1,"clFinish_profiled"
"OpenCL","COMPUTE","ffn_moe_argsort-11","ARGSORT","i32",-1,5,-1,64,1,1,1,256,0.221927,1,"clFinish_profiled"
"OpenCL","COMPUTE","ffn_moe_weights-11","GET_ROWS","f32",-1,7,-1,1,8,1,1,32,0.188854,1,"clFinish_profiled"
"CPU_Elastic","COMPUTE_GRAPH","ggml_cgraph","GRAPH","",-1,21,-1,0,0,0,0,0,7.403959,1,"delegate_cpu_graph"
"CPU_Elastic","COMPUTE_GRAPH","ggml_cgraph","GRAPH","",-1,1,-1,0,0,0,0,0,0.411718,1,"delegate_cpu_graph"
"OpenCL","COMPUTE","Qcur-12","ROPE","f32",-1,3,-1,128,16,1,1,8192,0.409791,1,"clFinish_profiled"
"CPU_Elastic","COMPUTE_GRAPH","ggml_cgraph","GRAPH","",-1,1,-1,0,0,0,0,0,0.460989,1,"delegate_cpu_graph"
"OpenCL","COMPUTE","Kcur-12","ROPE","f32",-1,3,-1,128,16,1,1,8192,0.396354,1,"clFinish_profiled"
"CPU_Elastic","COMPUTE_GRAPH","ggml_cgraph","GRAPH","",-1,3,-1,0,0,0,0,0,0.479479,1,"delegate_cpu_graph"
"OpenCL","COMPUTE","cache_k_l12 (view)","SET_ROWS","f16",-1,0,-1,2048,512,1,1,2097152,0.395208,1,"clFinish_profiled"
"OpenCL","COMPUTE","cache_v_l12 (view)","SET_ROWS","f16",-1,2,-1,2048,512,1,1,2097152,0.221458,1,"clFinish_profiled"
"OpenCL","COMPUTE","__fattn__-12","FLASH_ATTN_EXT","f32",-1,9,-1,128,16,1,1,8192,0.416198,1,"clFinish_profiled"
"CPU_Elastic","COMPUTE_GRAPH","ggml_cgraph","GRAPH","",-1,2,-1,0,0,0,0,0,1.553437,1,"delegate_cpu_graph"
"OpenCL","COMPUTE","ffn_moe_logits-12","MUL_MAT","f32",-1,2,-1,64,1,1,1,256,0.505209,1,"clFinish_profiled"
"OpenCL","COMPUTE","ffn_moe_probs-12","SOFT_MAX","f32",-1,3,-1,64,1,1,1,256,0.238438,1,"clFinish_profiled"
"OpenCL","COMPUTE","ffn_moe_argsort-12","ARGSORT","i32",-1,5,-1,64,1,1,1,256,0.200989,1,"clFinish_profiled"
"OpenCL","COMPUTE","ffn_moe_weights-12","GET_ROWS","f32",-1,7,-1,1,8,1,1,32,0.189479,1,"clFinish_profiled"
"CPU_Elastic","COMPUTE_GRAPH","ggml_cgraph","GRAPH","",-1,21,-1,0,0,0,0,0,6.365364,1,"delegate_cpu_graph"
"CPU_Elastic","COMPUTE_GRAPH","ggml_cgraph","GRAPH","",-1,1,-1,0,0,0,0,0,0.407031,1,"delegate_cpu_graph"
"OpenCL","COMPUTE","Qcur-13","ROPE","f32",-1,3,-1,128,16,1,1,8192,0.403906,1,"clFinish_profiled"
"CPU_Elastic","COMPUTE_GRAPH","ggml_cgraph","GRAPH","",-1,1,-1,0,0,0,0,0,0.490521,1,"delegate_cpu_graph"
"OpenCL","COMPUTE","Kcur-13","ROPE","f32",-1,3,-1,128,16,1,1,8192,0.399062,1,"clFinish_profiled"
"OpenCL","COMPUTE","Vcur-13","MUL_MAT","f32",-1,4,-1,2048,1,1,1,8192,0.443333,1,"clFinish_profiled"
"OpenCL","COMPUTE","cache_k_l13 (view)","SET_ROWS","f16",-1,7,-1,2048,512,1,1,2097152,0.261094,1,"clFinish_profiled"
"OpenCL","COMPUTE","cache_v_l13 (view)","SET_ROWS","f16",-1,9,-1,2048,512,1,1,2097152,0.222656,1,"clFinish_profiled"
"OpenCL","COMPUTE","__fattn__-13","FLASH_ATTN_EXT","f32",-1,16,-1,128,16,1,1,8192,0.443021,1,"clFinish_profiled"
"CPU_Elastic","COMPUTE_GRAPH","ggml_cgraph","GRAPH","",-1,2,-1,0,0,0,0,0,1.865573,1,"delegate_cpu_graph"
"OpenCL","COMPUTE","ffn_moe_logits-13","MUL_MAT","f32",-1,2,-1,64,1,1,1,256,0.550678,1,"clFinish_profiled"
"OpenCL","COMPUTE","ffn_moe_probs-13","SOFT_MAX","f32",-1,3,-1,64,1,1,1,256,0.225208,1,"clFinish_profiled"
"OpenCL","COMPUTE","ffn_moe_argsort-13","ARGSORT","i32",-1,5,-1,64,1,1,1,256,0.205989,1,"clFinish_profiled"
"OpenCL","COMPUTE","ffn_moe_weights-13","GET_ROWS","f32",-1,7,-1,1,8,1,1,32,0.194115,1,"clFinish_profiled"
"CPU_Elastic","COMPUTE_GRAPH","ggml_cgraph","GRAPH","",-1,21,-1,0,0,0,0,0,12.123438,1,"delegate_cpu_graph"
"CPU_Elastic","COMPUTE_GRAPH","ggml_cgraph","GRAPH","",-1,1,-1,0,0,0,0,0,1.296511,1,"delegate_cpu_graph"
"OpenCL","COMPUTE","Qcur-14","ROPE","f32",-1,3,-1,128,16,1,1,8192,0.521042,1,"clFinish_profiled"
"CPU_Elastic","COMPUTE_GRAPH","ggml_cgraph","GRAPH","",-1,1,-1,0,0,0,0,0,1.286302,1,"delegate_cpu_graph"
"OpenCL","COMPUTE","Kcur-14","ROPE","f32",-1,3,-1,128,16,1,1,8192,0.529479,1,"clFinish_profiled"
"OpenCL","COMPUTE","Vcur-14","MUL_MAT","f32",-1,4,-1,2048,1,1,1,8192,0.360000,1,"clFinish_profiled"
"OpenCL","COMPUTE","cache_k_l14 (view)","SET_ROWS","f16",-1,7,-1,2048,512,1,1,2097152,0.227656,1,"clFinish_profiled"
"OpenCL","COMPUTE","cache_v_l14 (view)","SET_ROWS","f16",-1,9,-1,2048,512,1,1,2097152,0.196822,1,"clFinish_profiled"
"OpenCL","COMPUTE","__fattn__-14","FLASH_ATTN_EXT","f32",-1,16,-1,128,16,1,1,8192,0.411823,1,"clFinish_profiled"
"CPU_Elastic","COMPUTE_GRAPH","ggml_cgraph","GRAPH","",-1,2,-1,0,0,0,0,0,1.625156,1,"delegate_cpu_graph"
"OpenCL","COMPUTE","ffn_moe_logits-14","MUL_MAT","f32",-1,2,-1,64,1,1,1,256,0.517396,1,"clFinish_profiled"
"OpenCL","COMPUTE","ffn_moe_probs-14","SOFT_MAX","f32",-1,3,-1,64,1,1,1,256,0.248802,1,"clFinish_profiled"
"OpenCL","COMPUTE","ffn_moe_argsort-14","ARGSORT","i32",-1,5,-1,64,1,1,1,256,0.204323,1,"clFinish_profiled"
"OpenCL","COMPUTE","ffn_moe_weights-14","GET_ROWS","f32",-1,7,-1,1,8,1,1,32,0.235885,1,"clFinish_profiled"
"CPU_Elastic","COMPUTE_GRAPH","ggml_cgraph","GRAPH","",-1,21,-1,0,0,0,0,0,11.112136,1,"delegate_cpu_graph"
"CPU_Elastic","COMPUTE_GRAPH","ggml_cgraph","GRAPH","",-1,1,-1,0,0,0,0,0,1.513490,1,"delegate_cpu_graph"
"OpenCL","COMPUTE","Qcur-15","ROPE","f32",-1,3,-1,128,16,1,1,8192,0.516823,1,"clFinish_profiled"
"CPU_Elastic","COMPUTE_GRAPH","ggml_cgraph","GRAPH","",-1,1,-1,0,0,0,0,0,1.572396,1,"delegate_cpu_graph"
"OpenCL","COMPUTE","Kcur-15","ROPE","f32",-1,3,-1,128,16,1,1,8192,0.485052,1,"clFinish_profiled"
"OpenCL","COMPUTE","Vcur-15","MUL_MAT","f32",-1,4,-1,2048,1,1,1,8192,0.377448,1,"clFinish_profiled"
"OpenCL","COMPUTE","cache_k_l15 (view)","SET_ROWS","f16",-1,7,-1,2048,512,1,1,2097152,0.195989,1,"clFinish_profiled"
"OpenCL","COMPUTE","cache_v_l15 (view)","SET_ROWS","f16",-1,9,-1,2048,512,1,1,2097152,0.194271,1,"clFinish_profiled"
"OpenCL","COMPUTE","__fattn__-15","FLASH_ATTN_EXT","f32",-1,16,-1,128,16,1,1,8192,0.413177,1,"clFinish_profiled"
"CPU_Elastic","COMPUTE_GRAPH","ggml_cgraph","GRAPH","",-1,4,-1,0,0,0,0,0,2.622031,1,"delegate_cpu_graph"
"OpenCL","COMPUTE","ffn_moe_logits-15","MUL_MAT","f32",-1,2,-1,64,1,1,1,256,0.498906,1,"clFinish_profiled"
"OpenCL","COMPUTE","ffn_moe_probs-15","SOFT_MAX","f32",-1,3,-1,64,1,1,1,256,0.207656,1,"clFinish_profiled"
"OpenCL","COMPUTE","ffn_moe_argsort-15","ARGSORT","i32",-1,5,-1,64,1,1,1,256,0.207709,1,"clFinish_profiled"
"OpenCL","COMPUTE","ffn_moe_weights-15","GET_ROWS","f32",-1,7,-1,1,8,1,1,32,0.190834,1,"clFinish_profiled"
"CPU_Elastic","COMPUTE_GRAPH","ggml_cgraph","GRAPH","",-1,22,-1,0,0,0,0,0,12.494427,1,"delegate_cpu_graph"
"OpenCL","COMPUTE","result_norm","MUL","f32",-1,0,-1,2048,1,1,1,8192,0.496771,1,"clFinish_profiled"
"OpenCL","COMPUTE","result_output","MUL_MAT","f32",-1,1,-1,50304,1,1,1,201216,4.020104,1,"clFinish_profiled"
"CPU_Elastic","COMPUTE_GRAPH","ggml_cgraph","GRAPH","",-1,1,-1,0,0,0,0,0,0.013438,1,"delegate_cpu_graph"
"CPU_Elastic","COMPUTE_GRAPH","ggml_cgraph","GRAPH","",-1,1,-1,0,0,0,0,0,1.432396,1,"delegate_cpu_graph"
"OpenCL","COMPUTE","Qcur-0","ROPE","f32",-1,3,-1,128,16,1,1,8192,0.525938,1,"clFinish_profiled"
"CPU_Elastic","COMPUTE_GRAPH","ggml_cgraph","GRAPH","",-1,1,-1,0,0,0,0,0,1.763490,1,"delegate_cpu_graph"
"OpenCL","COMPUTE","Kcur-0","ROPE","f32",-1,3,-1,128,16,1,1,8192,0.485208,1,"clFinish_profiled"
"OpenCL","COMPUTE","Vcur-0","MUL_MAT","f32",-1,4,-1,2048,1,1,1,8192,0.349584,1,"clFinish_profiled"
"OpenCL","COMPUTE","cache_k_l0 (view)","SET_ROWS","f16",-1,7,-1,2048,512,1,1,2097152,0.194166,1,"clFinish_profiled"
"OpenCL","COMPUTE","cache_v_l0 (view)","SET_ROWS","f16",-1,9,-1,2048,512,1,1,2097152,0.191979,1,"clFinish_profiled"
"OpenCL","COMPUTE"," (copy)","CPY","f16",-1,16,-1,256,64,1,1,32768,0.200156,1,"clFinish_profiled"
"OpenCL","COMPUTE","__fattn__-0","FLASH_ATTN_EXT","f32",-1,17,-1,128,16,1,1,8192,0.414792,1,"clFinish_profiled"
"CPU_Elastic","COMPUTE_GRAPH","ggml_cgraph","GRAPH","",-1,2,-1,0,0,0,0,0,1.750834,1,"delegate_cpu_graph"
"OpenCL","COMPUTE","ffn_moe_logits-0","MUL_MAT","f32",-1,2,-1,64,1,1,1,256,0.510365,1,"clFinish_profiled"
"OpenCL","COMPUTE","ffn_moe_probs-0","SOFT_MAX","f32",-1,3,-1,64,1,1,1,256,0.205781,1,"clFinish_profiled"
"OpenCL","COMPUTE","ffn_moe_argsort-0","ARGSORT","i32",-1,5,-1,64,1,1,1,256,0.312188,1,"clFinish_profiled"
"OpenCL","COMPUTE","ffn_moe_weights-0","GET_ROWS","f32",-1,7,-1,1,8,1,1,32,0.190573,1,"clFinish_profiled"
"CPU_Elastic","COMPUTE_GRAPH","ggml_cgraph","GRAPH","",-1,21,-1,0,0,0,0,0,5.886094,1,"delegate_cpu_graph"
"CPU_Elastic","COMPUTE_GRAPH","ggml_cgraph","GRAPH","",-1,1,-1,0,0,0,0,0,0.415521,1,"delegate_cpu_graph"
"OpenCL","COMPUTE","Qcur-1","ROPE","f32",-1,3,-1,128,16,1,1,8192,0.405052,1,"clFinish_profiled"
"CPU_Elastic","COMPUTE_GRAPH","ggml_cgraph","GRAPH","",-1,1,-1,0,0,0,0,0,0.467864,1,"delegate_cpu_graph"
"OpenCL","COMPUTE","Kcur-1","ROPE","f32",-1,3,-1,128,16,1,1,8192,0.391510,1,"clFinish_profiled"
"OpenCL","COMPUTE","Vcur-1","MUL_MAT","f32",-1,4,-1,2048,1,1,1,8192,0.354427,1,"clFinish_profiled"
"OpenCL","COMPUTE","cache_k_l1 (view)","SET_ROWS","f16",-1,7,-1,2048,512,1,1,2097152,0.193646,1,"clFinish_profiled"
"OpenCL","COMPUTE","cache_v_l1 (view)","SET_ROWS","f16",-1,9,-1,2048,512,1,1,2097152,0.189427,1,"clFinish_profiled"
"OpenCL","COMPUTE","__fattn__-1","FLASH_ATTN_EXT","f32",-1,16,-1,128,16,1,1,8192,0.410833,1,"clFinish_profiled"
"CPU_Elastic","COMPUTE_GRAPH","ggml_cgraph","GRAPH","",-1,2,-1,0,0,0,0,0,0.394219,1,"delegate_cpu_graph"
"OpenCL","COMPUTE","ffn_moe_logits-1","MUL_MAT","f32",-1,2,-1,64,1,1,1,256,0.435313,1,"clFinish_profiled"
"OpenCL","COMPUTE","ffn_moe_probs-1","SOFT_MAX","f32",-1,3,-1,64,1,1,1,256,0.124896,1,"clFinish_profiled"
"OpenCL","COMPUTE","ffn_moe_argsort-1","ARGSORT","i32",-1,5,-1,64,1,1,1,256,0.221771,1,"clFinish_profiled"
"OpenCL","COMPUTE","ffn_moe_weights-1","GET_ROWS","f32",-1,7,-1,1,8,1,1,32,0.190833,1,"clFinish_profiled"
"CPU_Elastic","COMPUTE_GRAPH","ggml_cgraph","GRAPH","",-1,21,-1,0,0,0,0,0,10.748854,1,"delegate_cpu_graph"
"CPU_Elastic","COMPUTE_GRAPH","ggml_cgraph","GRAPH","",-1,1,-1,0,0,0,0,0,0.425520,1,"delegate_cpu_graph"
"OpenCL","COMPUTE","Qcur-2","ROPE","f32",-1,3,-1,128,16,1,1,8192,0.529375,1,"clFinish_profiled"
"CPU_Elastic","COMPUTE_GRAPH","ggml_cgraph","GRAPH","",-1,1,-1,0,0,0,0,0,1.737604,1,"delegate_cpu_graph"
"OpenCL","COMPUTE","Kcur-2","ROPE","f32",-1,3,-1,128,16,1,1,8192,0.489688,1,"clFinish_profiled"
"CPU_Elastic","COMPUTE_GRAPH","ggml_cgraph","GRAPH","",-1,3,-1,0,0,0,0,0,0.389583,1,"delegate_cpu_graph"
"OpenCL","COMPUTE","cache_k_l2 (view)","SET_ROWS","f16",-1,0,-1,2048,512,1,1,2097152,0.396302,1,"clFinish_profiled"
"OpenCL","COMPUTE","cache_v_l2 (view)","SET_ROWS","f16",-1,2,-1,2048,512,1,1,2097152,0.201875,1,"clFinish_profiled"
"OpenCL","COMPUTE","__fattn__-2","FLASH_ATTN_EXT","f32",-1,9,-1,128,16,1,1,8192,0.409271,1,"clFinish_profiled"
"CPU_Elastic","COMPUTE_GRAPH","ggml_cgraph","GRAPH","",-1,2,-1,0,0,0,0,0,0.422812,1,"delegate_cpu_graph"
"OpenCL","COMPUTE","ffn_moe_logits-2","MUL_MAT","f32",-1,2,-1,64,1,1,1,256,0.406719,1,"clFinish_profiled"
"OpenCL","COMPUTE","ffn_moe_probs-2","SOFT_MAX","f32",-1,3,-1,64,1,1,1,256,0.207188,1,"clFinish_profiled"
"OpenCL","COMPUTE","ffn_moe_argsort-2","ARGSORT","i32",-1,5,-1,64,1,1,1,256,0.201354,1,"clFinish_profiled"
"OpenCL","COMPUTE","ffn_moe_weights-2","GET_ROWS","f32",-1,7,-1,1,8,1,1,32,0.190833,1,"clFinish_profiled"
"CPU_Elastic","COMPUTE_GRAPH","ggml_cgraph","GRAPH","",-1,21,-1,0,0,0,0,0,9.568489,1,"delegate_cpu_graph"
"CPU_Elastic","COMPUTE_GRAPH","ggml_cgraph","GRAPH","",-1,1,-1,0,0,0,0,0,0.406042,1,"delegate_cpu_graph"
"OpenCL","COMPUTE","Qcur-3","ROPE","f32",-1,3,-1,128,16,1,1,8192,0.421667,1,"clFinish_profiled"
"CPU_Elastic","COMPUTE_GRAPH","ggml_cgraph","GRAPH","",-1,1,-1,0,0,0,0,0,0.455052,1,"delegate_cpu_graph"
"OpenCL","COMPUTE","Kcur-3","ROPE","f32",-1,3,-1,128,16,1,1,8192,0.403541,1,"clFinish_profiled"
"CPU_Elastic","COMPUTE_GRAPH","ggml_cgraph","GRAPH","",-1,3,-1,0,0,0,0,0,0.470677,1,"delegate_cpu_graph"
"OpenCL","COMPUTE","cache_k_l3 (view)","SET_ROWS","f16",-1,0,-1,2048,512,1,1,2097152,0.386302,1,"clFinish_profiled"
"OpenCL","COMPUTE","cache_v_l3 (view)","SET_ROWS","f16",-1,2,-1,2048,512,1,1,2097152,0.199584,1,"clFinish_profiled"
"OpenCL","COMPUTE","__fattn__-3","FLASH_ATTN_EXT","f32",-1,9,-1,128,16,1,1,8192,0.473282,1,"clFinish_profiled"
"CPU_Elastic","COMPUTE_GRAPH","ggml_cgraph","GRAPH","",-1,2,-1,0,0,0,0,0,1.499844,1,"delegate_cpu_graph"
"OpenCL","COMPUTE","ffn_moe_logits-3","MUL_MAT","f32",-1,2,-1,64,1,1,1,256,0.491042,1,"clFinish_profiled"
"OpenCL","COMPUTE","ffn_moe_probs-3","SOFT_MAX","f32",-1,3,-1,64,1,1,1,256,0.204896,1,"clFinish_profiled"
"OpenCL","COMPUTE","ffn_moe_argsort-3","ARGSORT","i32",-1,5,-1,64,1,1,1,256,0.197604,1,"clFinish_profiled"
"OpenCL","COMPUTE","ffn_moe_weights-3","GET_ROWS","f32",-1,7,-1,1,8,1,1,32,0.189010,1,"clFinish_profiled"
"CPU_Elastic","COMPUTE_GRAPH","ggml_cgraph","GRAPH","",-1,21,-1,0,0,0,0,0,7.789114,1,"delegate_cpu_graph"
"CPU_Elastic","COMPUTE_GRAPH","ggml_cgraph","GRAPH","",-1,1,-1,0,0,0,0,0,0.397968,1,"delegate_cpu_graph"
"OpenCL","COMPUTE","Qcur-4","ROPE","f32",-1,3,-1,128,16,1,1,8192,0.631406,1,"clFinish_profiled"
"CPU_Elastic","COMPUTE_GRAPH","ggml_cgraph","GRAPH","",-1,1,-1,0,0,0,0,0,0.529896,1,"delegate_cpu_graph"
"OpenCL","COMPUTE","Kcur-4","ROPE","f32",-1,3,-1,128,16,1,1,8192,0.501510,1,"clFinish_profiled"
"OpenCL","COMPUTE","Vcur-4","MUL_MAT","f32",-1,4,-1,2048,1,1,1,8192,0.360885,1,"clFinish_profiled"
"OpenCL","COMPUTE","cache_k_l4 (view)","SET_ROWS","f16",-1,7,-1,2048,512,1,1,2097152,0.196667,1,"clFinish_profiled"
"OpenCL","COMPUTE","cache_v_l4 (view)","SET_ROWS","f16",-1,9,-1,2048,512,1,1,2097152,0.193542,1,"clFinish_profiled"
"OpenCL","COMPUTE","__fattn__-4","FLASH_ATTN_EXT","f32",-1,16,-1,128,16,1,1,8192,0.411303,1,"clFinish_profiled"
"CPU_Elastic","COMPUTE_GRAPH","ggml_cgraph","GRAPH","",-1,2,-1,0,0,0,0,0,0.536198,1,"delegate_cpu_graph"
"OpenCL","COMPUTE","ffn_moe_logits-4","MUL_MAT","f32",-1,2,-1,64,1,1,1,256,0.406250,1,"clFinish_profiled"
"OpenCL","COMPUTE","ffn_moe_probs-4","SOFT_MAX","f32",-1,3,-1,64,1,1,1,256,0.204896,1,"clFinish_profiled"
"OpenCL","COMPUTE","ffn_moe_argsort-4","ARGSORT","i32",-1,5,-1,64,1,1,1,256,0.201407,1,"clFinish_profiled"
"OpenCL","COMPUTE","ffn_moe_weights-4","GET_ROWS","f32",-1,7,-1,1,8,1,1,32,0.216302,1,"clFinish_profiled"
"CPU_Elastic","COMPUTE_GRAPH","ggml_cgraph","GRAPH","",-1,21,-1,0,0,0,0,0,8.807865,1,"delegate_cpu_graph"
"CPU_Elastic","COMPUTE_GRAPH","ggml_cgraph","GRAPH","",-1,1,-1,0,0,0,0,0,0.405730,1,"delegate_cpu_graph"
"OpenCL","COMPUTE","Qcur-5","ROPE","f32",-1,3,-1,128,16,1,1,8192,0.399115,1,"clFinish_profiled"
"CPU_Elastic","COMPUTE_GRAPH","ggml_cgraph","GRAPH","",-1,1,-1,0,0,0,0,0,0.472656,1,"delegate_cpu_graph"
"OpenCL","COMPUTE","Kcur-5","ROPE","f32",-1,3,-1,128,16,1,1,8192,0.398125,1,"clFinish_profiled"
"CPU_Elastic","COMPUTE_GRAPH","ggml_cgraph","GRAPH","",-1,3,-1,0,0,0,0,0,0.476407,1,"delegate_cpu_graph"
"OpenCL","COMPUTE","cache_k_l5 (view)","SET_ROWS","f16",-1,0,-1,2048,512,1,1,2097152,0.394166,1,"clFinish_profiled"
"OpenCL","COMPUTE","cache_v_l5 (view)","SET_ROWS","f16",-1,2,-1,2048,512,1,1,2097152,0.203333,1,"clFinish_profiled"
"OpenCL","COMPUTE","__fattn__-5","FLASH_ATTN_EXT","f32",-1,9,-1,128,16,1,1,8192,0.412917,1,"clFinish_profiled"
"CPU_Elastic","COMPUTE_GRAPH","ggml_cgraph","GRAPH","",-1,2,-1,0,0,0,0,0,0.417968,1,"delegate_cpu_graph"
"OpenCL","COMPUTE","ffn_moe_logits-5","MUL_MAT","f32",-1,2,-1,64,1,1,1,256,0.405000,1,"clFinish_profiled"
"OpenCL","COMPUTE","ffn_moe_probs-5","SOFT_MAX","f32",-1,3,-1,64,1,1,1,256,0.201615,1,"clFinish_profiled"
"OpenCL","COMPUTE","ffn_moe_argsort-5","ARGSORT","i32",-1,5,-1,64,1,1,1,256,0.198386,1,"clFinish_profiled"
"OpenCL","COMPUTE","ffn_moe_weights-5","GET_ROWS","f32",-1,7,-1,1,8,1,1,32,0.185208,1,"clFinish_profiled"
"CPU_Elastic","COMPUTE_GRAPH","ggml_cgraph","GRAPH","",-1,21,-1,0,0,0,0,0,10.624896,1,"delegate_cpu_graph"
"CPU_Elastic","COMPUTE_GRAPH","ggml_cgraph","GRAPH","",-1,1,-1,0,0,0,0,0,1.367031,1,"delegate_cpu_graph"
"OpenCL","COMPUTE","Qcur-6","ROPE","f32",-1,3,-1,128,16,1,1,8192,0.533958,1,"clFinish_profiled"
"CPU_Elastic","COMPUTE_GRAPH","ggml_cgraph","GRAPH","",-1,1,-1,0,0,0,0,0,1.335782,1,"delegate_cpu_graph"
"OpenCL","COMPUTE","Kcur-6","ROPE","f32",-1,3,-1,128,16,1,1,8192,0.481615,1,"clFinish_profiled"
"CPU_Elastic","COMPUTE_GRAPH","ggml_cgraph","GRAPH","",-1,3,-1,0,0,0,0,0,2.063802,1,"delegate_cpu_graph"
"OpenCL","COMPUTE","cache_k_l6 (view)","SET_ROWS","f16",-1,0,-1,2048,512,1,1,2097152,0.484062,1,"clFinish_profiled"
"OpenCL","COMPUTE","cache_v_l6 (view)","SET_ROWS","f16",-1,2,-1,2048,512,1,1,2097152,0.339115,1,"clFinish_profiled"
"OpenCL","COMPUTE","__fattn__-6","FLASH_ATTN_EXT","f32",-1,9,-1,128,16,1,1,8192,0.810833,1,"clFinish_profiled"
"CPU_Elastic","COMPUTE_GRAPH","ggml_cgraph","GRAPH","",-1,2,-1,0,0,0,0,0,0.596979,1,"delegate_cpu_graph"
"OpenCL","COMPUTE","ffn_moe_logits-6","MUL_MAT","f32",-1,2,-1,64,1,1,1,256,0.493282,1,"clFinish_profiled"
"OpenCL","COMPUTE","ffn_moe_probs-6","SOFT_MAX","f32",-1,3,-1,64,1,1,1,256,0.208229,1,"clFinish_profiled"
"OpenCL","COMPUTE","ffn_moe_argsort-6","ARGSORT","i32",-1,5,-1,64,1,1,1,256,0.201771,1,"clFinish_profiled"
"OpenCL","COMPUTE","ffn_moe_weights-6","GET_ROWS","f32",-1,7,-1,1,8,1,1,32,0.189062,1,"clFinish_profiled"
"CPU_Elastic","COMPUTE_GRAPH","ggml_cgraph","GRAPH","",-1,21,-1,0,0,0,0,0,9.901197,1,"delegate_cpu_graph"
"CPU_Elastic","COMPUTE_GRAPH","ggml_cgraph","GRAPH","",-1,1,-1,0,0,0,0,0,1.518802,1,"delegate_cpu_graph"
"OpenCL","COMPUTE","Qcur-7","ROPE","f32",-1,3,-1,128,16,1,1,8192,0.486875,1,"clFinish_profiled"
"CPU_Elastic","COMPUTE_GRAPH","ggml_cgraph","GRAPH","",-1,1,-1,0,0,0,0,0,1.786614,1,"delegate_cpu_graph"
"OpenCL","COMPUTE","Kcur-7","ROPE","f32",-1,3,-1,128,16,1,1,8192,0.490365,1,"clFinish_profiled"
"OpenCL","COMPUTE","Vcur-7","MUL_MAT","f32",-1,4,-1,2048,1,1,1,8192,0.354375,1,"clFinish_profiled"
"OpenCL","COMPUTE","cache_k_l7 (view)","SET_ROWS","f16",-1,7,-1,2048,512,1,1,2097152,0.195521,1,"clFinish_profiled"
"OpenCL","COMPUTE","cache_v_l7 (view)","SET_ROWS","f16",-1,9,-1,2048,512,1,1,2097152,0.192187,1,"clFinish_profiled"
"OpenCL","COMPUTE","__fattn__-7","FLASH_ATTN_EXT","f32",-1,16,-1,128,16,1,1,8192,0.410521,1,"clFinish_profiled"
"CPU_Elastic","COMPUTE_GRAPH","ggml_cgraph","GRAPH","",-1,2,-1,0,0,0,0,0,1.691770,1,"delegate_cpu_graph"
"OpenCL","COMPUTE","ffn_moe_logits-7","MUL_MAT","f32",-1,2,-1,64,1,1,1,256,0.491614,1,"clFinish_profiled"
"OpenCL","COMPUTE","ffn_moe_probs-7","SOFT_MAX","f32",-1,3,-1,64,1,1,1,256,0.257552,1,"clFinish_profiled"
"OpenCL","COMPUTE","ffn_moe_argsort-7","ARGSORT","i32",-1,5,-1,64,1,1,1,256,0.201250,1,"clFinish_profiled"
"OpenCL","COMPUTE","ffn_moe_weights-7","GET_ROWS","f32",-1,7,-1,1,8,1,1,32,0.190208,1,"clFinish_profiled"
"CPU_Elastic","COMPUTE_GRAPH","ggml_cgraph","GRAPH","",-1,21,-1,0,0,0,0,0,12.231979,1,"delegate_cpu_graph"
"CPU_Elastic","COMPUTE_GRAPH","ggml_cgraph","GRAPH","",-1,1,-1,0,0,0,0,0,1.285885,1,"delegate_cpu_graph"
"OpenCL","COMPUTE","Qcur-8","ROPE","f32",-1,3,-1,128,16,1,1,8192,0.520937,1,"clFinish_profiled"
"CPU_Elastic","COMPUTE_GRAPH","ggml_cgraph","GRAPH","",-1,1,-1,0,0,0,0,0,1.674427,1,"delegate_cpu_graph"
"OpenCL","COMPUTE","Kcur-8","ROPE","f32",-1,3,-1,128,16,1,1,8192,0.495625,1,"clFinish_profiled"
"CPU_Elastic","COMPUTE_GRAPH","ggml_cgraph","GRAPH","",-1,3,-1,0,0,0,0,0,2.076875,1,"delegate_cpu_graph"
"OpenCL","COMPUTE","cache_k_l8 (view)","SET_ROWS","f16",-1,0,-1,2048,512,1,1,2097152,0.483958,1,"clFinish_profiled"
"OpenCL","COMPUTE","cache_v_l8 (view)","SET_ROWS","f16",-1,2,-1,2048,512,1,1,2097152,0.227552,1,"clFinish_profiled"
"OpenCL","COMPUTE","__fattn__-8","FLASH_ATTN_EXT","f32",-1,9,-1,128,16,1,1,8192,0.441354,1,"clFinish_profiled"
"CPU_Elastic","COMPUTE_GRAPH","ggml_cgraph","GRAPH","",-1,2,-1,0,0,0,0,0,1.948594,1,"delegate_cpu_graph"
"OpenCL","COMPUTE","ffn_moe_logits-8","MUL_MAT","f32",-1,2,-1,64,1,1,1,256,0.509844,1,"clFinish_profiled"
"OpenCL","COMPUTE","ffn_moe_probs-8","SOFT_MAX","f32",-1,3,-1,64,1,1,1,256,0.210261,1,"clFinish_profiled"
"OpenCL","COMPUTE","ffn_moe_argsort-8","ARGSORT","i32",-1,5,-1,64,1,1,1,256,0.199584,1,"clFinish_profiled"
"OpenCL","COMPUTE","ffn_moe_weights-8","GET_ROWS","f32",-1,7,-1,1,8,1,1,32,0.192344,1,"clFinish_profiled"
"CPU_Elastic","COMPUTE_GRAPH","ggml_cgraph","GRAPH","",-1,21,-1,0,0,0,0,0,11.877969,1,"delegate_cpu_graph"
"CPU_Elastic","COMPUTE_GRAPH","ggml_cgraph","GRAPH","",-1,1,-1,0,0,0,0,0,1.551510,1,"delegate_cpu_graph"
"OpenCL","COMPUTE","Qcur-9","ROPE","f32",-1,3,-1,128,16,1,1,8192,0.546510,1,"clFinish_profiled"
"CPU_Elastic","COMPUTE_GRAPH","ggml_cgraph","GRAPH","",-1,1,-1,0,0,0,0,0,1.354584,1,"delegate_cpu_graph"
"OpenCL","COMPUTE","Kcur-9","ROPE","f32",-1,3,-1,128,16,1,1,8192,0.489687,1,"clFinish_profiled"
"CPU_Elastic","COMPUTE_GRAPH","ggml_cgraph","GRAPH","",-1,3,-1,0,0,0,0,0,2.070990,1,"delegate_cpu_graph"
"OpenCL","COMPUTE","cache_k_l9 (view)","SET_ROWS","f16",-1,0,-1,2048,512,1,1,2097152,0.478802,1,"clFinish_profiled"
"OpenCL","COMPUTE","cache_v_l9 (view)","SET_ROWS","f16",-1,2,-1,2048,512,1,1,2097152,0.203802,1,"clFinish_profiled"
"OpenCL","COMPUTE","__fattn__-9","FLASH_ATTN_EXT","f32",-1,9,-1,128,16,1,1,8192,0.417396,1,"clFinish_profiled"
"CPU_Elastic","COMPUTE_GRAPH","ggml_cgraph","GRAPH","",-1,2,-1,0,0,0,0,0,2.167969,1,"delegate_cpu_graph"
"OpenCL","COMPUTE","ffn_moe_logits-9","MUL_MAT","f32",-1,2,-1,64,1,1,1,256,0.490886,1,"clFinish_profiled"
"OpenCL","COMPUTE","ffn_moe_probs-9","SOFT_MAX","f32",-1,3,-1,64,1,1,1,256,0.205052,1,"clFinish_profiled"
"OpenCL","COMPUTE","ffn_moe_argsort-9","ARGSORT","i32",-1,5,-1,64,1,1,1,256,0.245000,1,"clFinish_profiled"
"OpenCL","COMPUTE","ffn_moe_weights-9","GET_ROWS","f32",-1,7,-1,1,8,1,1,32,0.190781,1,"clFinish_profiled"
"CPU_Elastic","COMPUTE_GRAPH","ggml_cgraph","GRAPH","",-1,21,-1,0,0,0,0,0,6.349844,1,"delegate_cpu_graph"
"CPU_Elastic","COMPUTE_GRAPH","ggml_cgraph","GRAPH","",-1,1,-1,0,0,0,0,0,0.372552,1,"delegate_cpu_graph"
"OpenCL","COMPUTE","Qcur-10","ROPE","f32",-1,3,-1,128,16,1,1,8192,0.400886,1,"clFinish_profiled"
"CPU_Elastic","COMPUTE_GRAPH","ggml_cgraph","GRAPH","",-1,1,-1,0,0,0,0,0,0.473385,1,"delegate_cpu_graph"
"OpenCL","COMPUTE","Kcur-10","ROPE","f32",-1,3,-1,128,16,1,1,8192,0.394948,1,"clFinish_profiled"
"OpenCL","COMPUTE","Vcur-10","MUL_MAT","f32",-1,4,-1,2048,1,1,1,8192,0.354635,1,"clFinish_profiled"
"OpenCL","COMPUTE","cache_k_l10 (view)","SET_ROWS","f16",-1,7,-1,2048,512,1,1,2097152,0.195886,1,"clFinish_profiled"
"OpenCL","COMPUTE","cache_v_l10 (view)","SET_ROWS","f16",-1,9,-1,2048,512,1,1,2097152,0.192917,1,"clFinish_profiled"
"OpenCL","COMPUTE","__fattn__-10","FLASH_ATTN_EXT","f32",-1,16,-1,128,16,1,1,8192,0.416146,1,"clFinish_profiled"
"CPU_Elastic","COMPUTE_GRAPH","ggml_cgraph","GRAPH","",-1,2,-1,0,0,0,0,0,0.378542,1,"delegate_cpu_graph"
"OpenCL","COMPUTE","ffn_moe_logits-10","MUL_MAT","f32",-1,2,-1,64,1,1,1,256,0.409271,1,"clFinish_profiled"
"OpenCL","COMPUTE","ffn_moe_probs-10","SOFT_MAX","f32",-1,3,-1,64,1,1,1,256,0.204271,1,"clFinish_profiled"
"OpenCL","COMPUTE","ffn_moe_argsort-10","ARGSORT","i32",-1,5,-1,64,1,1,1,256,0.201459,1,"clFinish_profiled"
"OpenCL","COMPUTE","ffn_moe_weights-10","GET_ROWS","f32",-1,7,-1,1,8,1,1,32,0.191406,1,"clFinish_profiled"
"CPU_Elastic","COMPUTE_GRAPH","ggml_cgraph","GRAPH","",-1,21,-1,0,0,0,0,0,8.462240,1,"delegate_cpu_graph"
"CPU_Elastic","COMPUTE_GRAPH","ggml_cgraph","GRAPH","",-1,1,-1,0,0,0,0,0,0.406250,1,"delegate_cpu_graph"
"OpenCL","COMPUTE","Qcur-11","ROPE","f32",-1,3,-1,128,16,1,1,8192,0.406250,1,"clFinish_profiled"
"CPU_Elastic","COMPUTE_GRAPH","ggml_cgraph","GRAPH","",-1,1,-1,0,0,0,0,0,0.467760,1,"delegate_cpu_graph"
"OpenCL","COMPUTE","Kcur-11","ROPE","f32",-1,3,-1,128,16,1,1,8192,0.396771,1,"clFinish_profiled"
"CPU_Elastic","COMPUTE_GRAPH","ggml_cgraph","GRAPH","",-1,3,-1,0,0,0,0,0,0.469271,1,"delegate_cpu_graph"
"OpenCL","COMPUTE","cache_k_l11 (view)","SET_ROWS","f16",-1,0,-1,2048,512,1,1,2097152,0.394375,1,"clFinish_profiled"
"OpenCL","COMPUTE","cache_v_l11 (view)","SET_ROWS","f16",-1,2,-1,2048,512,1,1,2097152,0.210000,1,"clFinish_profiled"
"OpenCL","COMPUTE","__fattn__-11","FLASH_ATTN_EXT","f32",-1,9,-1,128,16,1,1,8192,0.410625,1,"clFinish_profiled"
"CPU_Elastic","COMPUTE_GRAPH","ggml_cgraph","GRAPH","",-1,2,-1,0,0,0,0,0,1.874218,1,"delegate_cpu_graph"
"OpenCL","COMPUTE","ffn_moe_logits-11","MUL_MAT","f32",-1,2,-1,64,1,1,1,256,0.495157,1,"clFinish_profiled"
"OpenCL","COMPUTE","ffn_moe_probs-11","SOFT_MAX","f32",-1,3,-1,64,1,1,1,256,0.205104,1,"clFinish_profiled"
"OpenCL","COMPUTE","ffn_moe_argsort-11","ARGSORT","i32",-1,5,-1,64,1,1,1,256,0.191927,1,"clFinish_profiled"
"OpenCL","COMPUTE","ffn_moe_weights-11","GET_ROWS","f32",-1,7,-1,1,8,1,1,32,0.238282,1,"clFinish_profiled"
"CPU_Elastic","COMPUTE_GRAPH","ggml_cgraph","GRAPH","",-1,21,-1,0,0,0,0,0,6.634844,1,"delegate_cpu_graph"
"CPU_Elastic","COMPUTE_GRAPH","ggml_cgraph","GRAPH","",-1,1,-1,0,0,0,0,0,0.378958,1,"delegate_cpu_graph"
"OpenCL","COMPUTE","Qcur-12","ROPE","f32",-1,3,-1,128,16,1,1,8192,0.413750,1,"clFinish_profiled"
"CPU_Elastic","COMPUTE_GRAPH","ggml_cgraph","GRAPH","",-1,1,-1,0,0,0,0,0,0.450625,1,"delegate_cpu_graph"
"OpenCL","COMPUTE","Kcur-12","ROPE","f32",-1,3,-1,128,16,1,1,8192,0.401146,1,"clFinish_profiled"
"CPU_Elastic","COMPUTE_GRAPH","ggml_cgraph","GRAPH","",-1,3,-1,0,0,0,0,0,0.472760,1,"delegate_cpu_graph"
"OpenCL","COMPUTE","cache_k_l12 (view)","SET_ROWS","f16",-1,0,-1,2048,512,1,1,2097152,0.387188,1,"clFinish_profiled"
"OpenCL","COMPUTE","cache_v_l12 (view)","SET_ROWS","f16",-1,2,-1,2048,512,1,1,2097152,0.220625,1,"clFinish_profiled"
"OpenCL","COMPUTE","__fattn__-12","FLASH_ATTN_EXT","f32",-1,9,-1,128,16,1,1,8192,0.413333,1,"clFinish_profiled"
"CPU_Elastic","COMPUTE_GRAPH","ggml_cgraph","GRAPH","",-1,2,-1,0,0,0,0,0,1.571458,1,"delegate_cpu_graph"
"OpenCL","COMPUTE","ffn_moe_logits-12","MUL_MAT","f32",-1,2,-1,64,1,1,1,256,0.520677,1,"clFinish_profiled"
"OpenCL","COMPUTE","ffn_moe_probs-12","SOFT_MAX","f32",-1,3,-1,64,1,1,1,256,0.244843,1,"clFinish_profiled"
"OpenCL","COMPUTE","ffn_moe_argsort-12","ARGSORT","i32",-1,5,-1,64,1,1,1,256,0.220312,1,"clFinish_profiled"
"OpenCL","COMPUTE","ffn_moe_weights-12","GET_ROWS","f32",-1,7,-1,1,8,1,1,32,0.190417,1,"clFinish_profiled"
"CPU_Elastic","COMPUTE_GRAPH","ggml_cgraph","GRAPH","",-1,21,-1,0,0,0,0,0,11.708437,1,"delegate_cpu_graph"
"CPU_Elastic","COMPUTE_GRAPH","ggml_cgraph","GRAPH","",-1,1,-1,0,0,0,0,0,1.641563,1,"delegate_cpu_graph"
"OpenCL","COMPUTE","Qcur-13","ROPE","f32",-1,3,-1,128,16,1,1,8192,0.559843,1,"clFinish_profiled"
"CPU_Elastic","COMPUTE_GRAPH","ggml_cgraph","GRAPH","",-1,1,-1,0,0,0,0,0,1.656614,1,"delegate_cpu_graph"
"OpenCL","COMPUTE","Kcur-13","ROPE","f32",-1,3,-1,128,16,1,1,8192,0.547448,1,"clFinish_profiled"
"OpenCL","COMPUTE","Vcur-13","MUL_MAT","f32",-1,4,-1,2048,1,1,1,8192,0.404791,1,"clFinish_profiled"
"OpenCL","COMPUTE","cache_k_l13 (view)","SET_ROWS","f16",-1,7,-1,2048,512,1,1,2097152,0.231041,1,"clFinish_profiled"
"OpenCL","COMPUTE","cache_v_l13 (view)","SET_ROWS","f16",-1,9,-1,2048,512,1,1,2097152,0.209740,1,"clFinish_profiled"
"OpenCL","COMPUTE","__fattn__-13","FLASH_ATTN_EXT","f32",-1,16,-1,128,16,1,1,8192,0.422344,1,"clFinish_profiled"
"CPU_Elastic","COMPUTE_GRAPH","ggml_cgraph","GRAPH","",-1,2,-1,0,0,0,0,0,1.837865,1,"delegate_cpu_graph"
"OpenCL","COMPUTE","ffn_moe_logits-13","MUL_MAT","f32",-1,2,-1,64,1,1,1,256,0.512761,1,"clFinish_profiled"
"OpenCL","COMPUTE","ffn_moe_probs-13","SOFT_MAX","f32",-1,3,-1,64,1,1,1,256,0.229375,1,"clFinish_profiled"
"OpenCL","COMPUTE","ffn_moe_argsort-13","ARGSORT","i32",-1,5,-1,64,1,1,1,256,0.203230,1,"clFinish_profiled"
"OpenCL","COMPUTE","ffn_moe_weights-13","GET_ROWS","f32",-1,7,-1,1,8,1,1,32,0.190729,1,"clFinish_profiled"
"CPU_Elastic","COMPUTE_GRAPH","ggml_cgraph","GRAPH","",-1,21,-1,0,0,0,0,0,9.350417,1,"delegate_cpu_graph"
"CPU_Elastic","COMPUTE_GRAPH","ggml_cgraph","GRAPH","",-1,1,-1,0,0,0,0,0,0.941771,1,"delegate_cpu_graph"
"OpenCL","COMPUTE","Qcur-14","ROPE","f32",-1,3,-1,128,16,1,1,8192,0.505417,1,"clFinish_profiled"
"CPU_Elastic","COMPUTE_GRAPH","ggml_cgraph","GRAPH","",-1,1,-1,0,0,0,0,0,1.253281,1,"delegate_cpu_graph"
"OpenCL","COMPUTE","Kcur-14","ROPE","f32",-1,3,-1,128,16,1,1,8192,0.522291,1,"clFinish_profiled"
"OpenCL","COMPUTE","Vcur-14","MUL_MAT","f32",-1,4,-1,2048,1,1,1,8192,0.350000,1,"clFinish_profiled"
"OpenCL","COMPUTE","cache_k_l14 (view)","SET_ROWS","f16",-1,7,-1,2048,512,1,1,2097152,0.193907,1,"clFinish_profiled"
"OpenCL","COMPUTE","cache_v_l14 (view)","SET_ROWS","f16",-1,9,-1,2048,512,1,1,2097152,0.274010,1,"clFinish_profiled"
"OpenCL","COMPUTE","__fattn__-14","FLASH_ATTN_EXT","f32",-1,16,-1,128,16,1,1,8192,0.422760,1,"clFinish_profiled"
"CPU_Elastic","COMPUTE_GRAPH","ggml_cgraph","GRAPH","",-1,2,-1,0,0,0,0,0,1.886250,1,"delegate_cpu_graph"
"OpenCL","COMPUTE","ffn_moe_logits-14","MUL_MAT","f32",-1,2,-1,64,1,1,1,256,0.495313,1,"clFinish_profiled"
"OpenCL","COMPUTE","ffn_moe_probs-14","SOFT_MAX","f32",-1,3,-1,64,1,1,1,256,0.245312,1,"clFinish_profiled"
"OpenCL","COMPUTE","ffn_moe_argsort-14","ARGSORT","i32",-1,5,-1,64,1,1,1,256,0.198386,1,"clFinish_profiled"
"OpenCL","COMPUTE","ffn_moe_weights-14","GET_ROWS","f32",-1,7,-1,1,8,1,1,32,0.186197,1,"clFinish_profiled"
"CPU_Elastic","COMPUTE_GRAPH","ggml_cgraph","GRAPH","",-1,21,-1,0,0,0,0,0,12.815521,1,"delegate_cpu_graph"
"CPU_Elastic","COMPUTE_GRAPH","ggml_cgraph","GRAPH","",-1,1,-1,0,0,0,0,0,1.583230,1,"delegate_cpu_graph"
"OpenCL","COMPUTE","Qcur-15","ROPE","f32",-1,3,-1,128,16,1,1,8192,0.534427,1,"clFinish_profiled"
"CPU_Elastic","COMPUTE_GRAPH","ggml_cgraph","GRAPH","",-1,1,-1,0,0,0,0,0,1.739011,1,"delegate_cpu_graph"
"OpenCL","COMPUTE","Kcur-15","ROPE","f32",-1,3,-1,128,16,1,1,8192,0.478906,1,"clFinish_profiled"
"OpenCL","COMPUTE","Vcur-15","MUL_MAT","f32",-1,4,-1,2048,1,1,1,8192,0.347552,1,"clFinish_profiled"
"OpenCL","COMPUTE","cache_k_l15 (view)","SET_ROWS","f16",-1,7,-1,2048,512,1,1,2097152,0.190468,1,"clFinish_profiled"
"OpenCL","COMPUTE","cache_v_l15 (view)","SET_ROWS","f16",-1,9,-1,2048,512,1,1,2097152,0.191407,1,"clFinish_profiled"
"OpenCL","COMPUTE","__fattn__-15","FLASH_ATTN_EXT","f32",-1,16,-1,128,16,1,1,8192,0.423437,1,"clFinish_profiled"
"CPU_Elastic","COMPUTE_GRAPH","ggml_cgraph","GRAPH","",-1,4,-1,0,0,0,0,0,1.649322,1,"delegate_cpu_graph"
"OpenCL","COMPUTE","ffn_moe_logits-15","MUL_MAT","f32",-1,2,-1,64,1,1,1,256,0.584115,1,"clFinish_profiled"
"OpenCL","COMPUTE","ffn_moe_probs-15","SOFT_MAX","f32",-1,3,-1,64,1,1,1,256,0.212344,1,"clFinish_profiled"
"OpenCL","COMPUTE","ffn_moe_argsort-15","ARGSORT","i32",-1,5,-1,64,1,1,1,256,0.199531,1,"clFinish_profiled"
"OpenCL","COMPUTE","ffn_moe_weights-15","GET_ROWS","f32",-1,7,-1,1,8,1,1,32,0.297344,1,"clFinish_profiled"
"CPU_Elastic","COMPUTE_GRAPH","ggml_cgraph","GRAPH","",-1,22,-1,0,0,0,0,0,7.503906,1,"delegate_cpu_graph"
"OpenCL","COMPUTE","result_norm","MUL","f32",-1,0,-1,2048,1,1,1,8192,0.496510,1,"clFinish_profiled"
"OpenCL","COMPUTE","result_output","MUL_MAT","f32",-1,1,-1,50304,1,1,1,201216,4.012031,1,"clFinish_profiled"
"CPU_Elastic","COMPUTE_GRAPH","ggml_cgraph","GRAPH","",-1,1,-1,0,0,0,0,0,0.011510,1,"delegate_cpu_graph"
"CPU_Elastic","COMPUTE_GRAPH","ggml_cgraph","GRAPH","",-1,1,-1,0,0,0,0,0,1.599739,1,"delegate_cpu_graph"
"OpenCL","COMPUTE","Qcur-0","ROPE","f32",-1,3,-1,128,16,1,1,8192,0.525833,1,"clFinish_profiled"
"CPU_Elastic","COMPUTE_GRAPH","ggml_cgraph","GRAPH","",-1,1,-1,0,0,0,0,0,1.382604,1,"delegate_cpu_graph"
"OpenCL","COMPUTE","Kcur-0","ROPE","f32",-1,3,-1,128,16,1,1,8192,0.486614,1,"clFinish_profiled"
"OpenCL","COMPUTE","Vcur-0","MUL_MAT","f32",-1,4,-1,2048,1,1,1,8192,0.357292,1,"clFinish_profiled"
"OpenCL","COMPUTE","cache_k_l0 (view)","SET_ROWS","f16",-1,7,-1,2048,512,1,1,2097152,0.198282,1,"clFinish_profiled"
"OpenCL","COMPUTE","cache_v_l0 (view)","SET_ROWS","f16",-1,9,-1,2048,512,1,1,2097152,0.197500,1,"clFinish_profiled"
"OpenCL","COMPUTE"," (copy)","CPY","f16",-1,16,-1,256,64,1,1,32768,0.239375,1,"clFinish_profiled"
"OpenCL","COMPUTE","__fattn__-0","FLASH_ATTN_EXT","f32",-1,17,-1,128,16,1,1,8192,0.412240,1,"clFinish_profiled"
"CPU_Elastic","COMPUTE_GRAPH","ggml_cgraph","GRAPH","",-1,2,-1,0,0,0,0,0,0.540156,1,"delegate_cpu_graph"
"OpenCL","COMPUTE","ffn_moe_logits-0","MUL_MAT","f32",-1,2,-1,64,1,1,1,256,0.466198,1,"clFinish_profiled"
"OpenCL","COMPUTE","ffn_moe_probs-0","SOFT_MAX","f32",-1,3,-1,64,1,1,1,256,0.209635,1,"clFinish_profiled"
"OpenCL","COMPUTE","ffn_moe_argsort-0","ARGSORT","i32",-1,5,-1,64,1,1,1,256,0.199844,1,"clFinish_profiled"
"OpenCL","COMPUTE","ffn_moe_weights-0","GET_ROWS","f32",-1,7,-1,1,8,1,1,32,0.191771,1,"clFinish_profiled"
"CPU_Elastic","COMPUTE_GRAPH","ggml_cgraph","GRAPH","",-1,21,-1,0,0,0,0,0,8.308021,1,"delegate_cpu_graph"
"CPU_Elastic","COMPUTE_GRAPH","ggml_cgraph","GRAPH","",-1,1,-1,0,0,0,0,0,0.397709,1,"delegate_cpu_graph"
"OpenCL","COMPUTE","Qcur-1","ROPE","f32",-1,3,-1,128,16,1,1,8192,0.407448,1,"clFinish_profiled"
"CPU_Elastic","COMPUTE_GRAPH","ggml_cgraph","GRAPH","",-1,1,-1,0,0,0,0,0,1.595573,1,"delegate_cpu_graph"
"OpenCL","COMPUTE","Kcur-1","ROPE","f32",-1,3,-1,128,16,1,1,8192,0.489896,1,"clFinish_profiled"
"OpenCL","COMPUTE","Vcur-1","MUL_MAT","f32",-1,4,-1,2048,1,1,1,8192,0.354583,1,"clFinish_profiled"
"OpenCL","COMPUTE","cache_k_l1 (view)","SET_ROWS","f16",-1,7,-1,2048,512,1,1,2097152,0.197135,1,"clFinish_profiled"
"OpenCL","COMPUTE","cache_v_l1 (view)","SET_ROWS","f16",-1,9,-1,2048,512,1,1,2097152,0.192500,1,"clFinish_profiled"
"OpenCL","COMPUTE","__fattn__-1","FLASH_ATTN_EXT","f32",-1,16,-1,128,16,1,1,8192,0.424531,1,"clFinish_profiled"
"CPU_Elastic","COMPUTE_GRAPH","ggml_cgraph","GRAPH","",-1,2,-1,0,0,0,0,0,1.651458,1,"delegate_cpu_graph"
"OpenCL","COMPUTE","ffn_moe_logits-1","MUL_MAT","f32",-1,2,-1,64,1,1,1,256,0.486719,1,"clFinish_profiled"
"OpenCL","COMPUTE","ffn_moe_probs-1","SOFT_MAX","f32",-1,3,-1,64,1,1,1,256,0.207136,1,"clFinish_profiled"
"OpenCL","COMPUTE","ffn_moe_argsort-1","ARGSORT","i32",-1,5,-1,64,1,1,1,256,0.198698,1,"clFinish_profiled"
"OpenCL","COMPUTE","ffn_moe_weights-1","GET_ROWS","f32",-1,7,-1,1,8,1,1,32,0.190416,1,"clFinish_profiled"
"CPU_Elastic","COMPUTE_GRAPH","ggml_cgraph","GRAPH","",-1,21,-1,0,0,0,0,0,9.213802,1,"delegate_cpu_graph"
"CPU_Elastic","COMPUTE_GRAPH","ggml_cgraph","GRAPH","",-1,1,-1,0,0,0,0,0,0.432136,1,"delegate_cpu_graph"
"OpenCL","COMPUTE","Qcur-2","ROPE","f32",-1,3,-1,128,16,1,1,8192,0.396406,1,"clFinish_profiled"
"CPU_Elastic","COMPUTE_GRAPH","ggml_cgraph","GRAPH","",-1,1,-1,0,0,0,0,0,0.470104,1,"delegate_cpu_graph"
"OpenCL","COMPUTE","Kcur-2","ROPE","f32",-1,3,-1,128,16,1,1,8192,0.408646,1,"clFinish_profiled"
"CPU_Elastic","COMPUTE_GRAPH","ggml_cgraph","GRAPH","",-1,3,-1,0,0,0,0,0,0.465104,1,"delegate_cpu_graph"
"OpenCL","COMPUTE","cache_k_l2 (view)","SET_ROWS","f16",-1,0,-1,2048,512,1,1,2097152,0.388229,1,"clFinish_profiled"
"OpenCL","COMPUTE","cache_v_l2 (view)","SET_ROWS","f16",-1,2,-1,2048,512,1,1,2097152,0.200938,1,"clFinish_profiled"
"OpenCL","COMPUTE","__fattn__-2","FLASH_ATTN_EXT","f32",-1,9,-1,128,16,1,1,8192,0.454479,1,"clFinish_profiled"
"CPU_Elastic","COMPUTE_GRAPH","ggml_cgraph","GRAPH","",-1,2,-1,0,0,0,0,0,0.384739,1,"delegate_cpu_graph"
"OpenCL","COMPUTE","ffn_moe_logits-2","MUL_MAT","f32",-1,2,-1,64,1,1,1,256,0.407760,1,"clFinish_profiled"
"OpenCL","COMPUTE","ffn_moe_probs-2","SOFT_MAX","f32",-1,3,-1,64,1,1,1,256,0.201198,1,"clFinish_profiled"
"OpenCL","COMPUTE","ffn_moe_argsort-2","ARGSORT","i32",-1,5,-1,64,1,1,1,256,0.197813,1,"clFinish_profiled"
"OpenCL","COMPUTE","ffn_moe_weights-2","GET_ROWS","f32",-1,7,-1,1,8,1,1,32,0.183802,1,"clFinish_profiled"
"CPU_Elastic","COMPUTE_GRAPH","ggml_cgraph","GRAPH","",-1,21,-1,0,0,0,0,0,11.211822,1,"delegate_cpu_graph"
"CPU_Elastic","COMPUTE_GRAPH","ggml_cgraph","GRAPH","",-1,1,-1,0,0,0,0,0,1.784635,1,"delegate_cpu_graph"
"OpenCL","COMPUTE","Qcur-3","ROPE","f32",-1,3,-1,128,16,1,1,8192,0.501459,1,"clFinish_profiled"
"CPU_Elastic","COMPUTE_GRAPH","ggml_cgraph","GRAPH","",-1,1,-1,0,0,0,0,0,0.385677,1,"delegate_cpu_graph"
"OpenCL","COMPUTE","Kcur-3","ROPE","f32",-1,3,-1,128,16,1,1,8192,0.400157,1,"clFinish_profiled"
"CPU_Elastic","COMPUTE_GRAPH","ggml_cgraph","GRAPH","",-1,3,-1,0,0,0,0,0,0.491927,1,"delegate_cpu_graph"
"OpenCL","COMPUTE","cache_k_l3 (view)","SET_ROWS","f16",-1,0,-1,2048,512,1,1,2097152,0.390990,1,"clFinish_profiled"
"OpenCL","COMPUTE","cache_v_l3 (view)","SET_ROWS","f16",-1,2,-1,2048,512,1,1,2097152,0.197708,1,"clFinish_profiled"
"OpenCL","COMPUTE","__fattn__-3","FLASH_ATTN_EXT","f32",-1,9,-1,128,16,1,1,8192,0.412813,1,"clFinish_profiled"
"CPU_Elastic","COMPUTE_GRAPH","ggml_cgraph","GRAPH","",-1,2,-1,0,0,0,0,0,0.425260,1,"delegate_cpu_graph"
"OpenCL","COMPUTE","ffn_moe_logits-3","MUL_MAT","f32",-1,2,-1,64,1,1,1,256,0.404375,1,"clFinish_profiled"
"OpenCL","COMPUTE","ffn_moe_probs-3","SOFT_MAX","f32",-1,3,-1,64,1,1,1,256,0.204792,1,"clFinish_profiled"
"OpenCL","COMPUTE","ffn_moe_argsort-3","ARGSORT","i32",-1,5,-1,64,1,1,1,256,0.198333,1,"clFinish_profiled"
"OpenCL","COMPUTE","ffn_moe_weights-3","GET_ROWS","f32",-1,7,-1,1,8,1,1,32,0.185469,1,"clFinish_profiled"
"CPU_Elastic","COMPUTE_GRAPH","ggml_cgraph","GRAPH","",-1,21,-1,0,0,0,0,0,8.753281,1,"delegate_cpu_graph"
"CPU_Elastic","COMPUTE_GRAPH","ggml_cgraph","GRAPH","",-1,1,-1,0,0,0,0,0,0.405834,1,"delegate_cpu_graph"
"OpenCL","COMPUTE","Qcur-4","ROPE","f32",-1,3,-1,128,16,1,1,8192,0.398021,1,"clFinish_profiled"
"CPU_Elastic","COMPUTE_GRAPH","ggml_cgraph","GRAPH","",-1,1,-1,0,0,0,0,0,0.477657,1,"delegate_cpu_graph"
"OpenCL","COMPUTE","Kcur-4","ROPE","f32",-1,3,-1,128,16,1,1,8192,0.396771,1,"clFinish_profiled"
"OpenCL","COMPUTE","Vcur-4","MUL_MAT","f32",-1,4,-1,2048,1,1,1,8192,0.350052,1,"clFinish_profiled"
"OpenCL","COMPUTE","cache_k_l4 (view)","SET_ROWS","f16",-1,7,-1,2048,512,1,1,2097152,0.194218,1,"clFinish_profiled"
"OpenCL","COMPUTE","cache_v_l4 (view)","SET_ROWS","f16",-1,9,-1,2048,512,1,1,2097152,0.421458,1,"clFinish_profiled"
"OpenCL","COMPUTE","__fattn__-4","FLASH_ATTN_EXT","f32",-1,16,-1,128,16,1,1,8192,0.628750,1,"clFinish_profiled"
"CPU_Elastic","COMPUTE_GRAPH","ggml_cgraph","GRAPH","",-1,2,-1,0,0,0,0,0,1.906667,1,"delegate_cpu_graph"
"OpenCL","COMPUTE","ffn_moe_logits-4","MUL_MAT","f32",-1,2,-1,64,1,1,1,256,0.525105,1,"clFinish_profiled"
"OpenCL","COMPUTE","ffn_moe_probs-4","SOFT_MAX","f32",-1,3,-1,64,1,1,1,256,0.204479,1,"clFinish_profiled"
"OpenCL","COMPUTE","ffn_moe_argsort-4","ARGSORT","i32",-1,5,-1,64,1,1,1,256,0.194219,1,"clFinish_profiled"
"OpenCL","COMPUTE","ffn_moe_weights-4","GET_ROWS","f32",-1,7,-1,1,8,1,1,32,0.188073,1,"clFinish_profiled"
"CPU_Elastic","COMPUTE_GRAPH","ggml_cgraph","GRAPH","",-1,21,-1,0,0,0,0,0,7.600990,1,"delegate_cpu_graph"
"CPU_Elastic","COMPUTE_GRAPH","ggml_cgraph","GRAPH","",-1,1,-1,0,0,0,0,0,0.397396,1,"delegate_cpu_graph"
"OpenCL","COMPUTE","Qcur-5","ROPE","f32",-1,3,-1,128,16,1,1,8192,0.404583,1,"clFinish_profiled"
"CPU_Elastic","COMPUTE_GRAPH","ggml_cgraph","GRAPH","",-1,1,-1,0,0,0,0,0,0.490834,1,"delegate_cpu_graph"
"OpenCL","COMPUTE","Kcur-5","ROPE","f32",-1,3,-1,128,16,1,1,8192,0.396979,1,"clFinish_profiled"
"CPU_Elastic","COMPUTE_GRAPH","ggml_cgraph","GRAPH","",-1,3,-1,0,0,0,0,0,0.478542,1,"delegate_cpu_graph"
"OpenCL","COMPUTE","cache_k_l5 (view)","SET_ROWS","f16",-1,0,-1,2048,512,1,1,2097152,0.388750,1,"clFinish_profiled"
"OpenCL","COMPUTE","cache_v_l5 (view)","SET_ROWS","f16",-1,2,-1,2048,512,1,1,2097152,0.201979,1,"clFinish_profiled"
"OpenCL","COMPUTE","__fattn__-5","FLASH_ATTN_EXT","f32",-1,9,-1,128,16,1,1,8192,0.412292,1,"clFinish_profiled"
"CPU_Elastic","COMPUTE_GRAPH","ggml_cgraph","GRAPH","",-1,2,-1,0,0,0,0,0,0.424896,1,"delegate_cpu_graph"
"OpenCL","COMPUTE","ffn_moe_logits-5","MUL_MAT","f32",-1,2,-1,64,1,1,1,256,0.405469,1,"clFinish_profiled"
"OpenCL","COMPUTE","ffn_moe_probs-5","SOFT_MAX","f32",-1,3,-1,64,1,1,1,256,0.236667,1,"clFinish_profiled"
"OpenCL","COMPUTE","ffn_moe_argsort-5","ARGSORT","i32",-1,5,-1,64,1,1,1,256,0.208281,1,"clFinish_profiled"
"OpenCL","COMPUTE","ffn_moe_weights-5","GET_ROWS","f32",-1,7,-1,1,8,1,1,32,0.190053,1,"clFinish_profiled"
"CPU_Elastic","COMPUTE_GRAPH","ggml_cgraph","GRAPH","",-1,21,-1,0,0,0,0,0,11.553073,1,"delegate_cpu_graph"
"CPU_Elastic","COMPUTE_GRAPH","ggml_cgraph","GRAPH","",-1,1,-1,0,0,0,0,0,1.404739,1,"delegate_cpu_graph"
"OpenCL","COMPUTE","Qcur-6","ROPE","f32",-1,3,-1,128,16,1,1,8192,0.568177,1,"clFinish_profiled"
"CPU_Elastic","COMPUTE_GRAPH","ggml_cgraph","GRAPH","",-1,1,-1,0,0,0,0,0,0.550989,1,"delegate_cpu_graph"
"OpenCL","COMPUTE","Kcur-6","ROPE","f32",-1,3,-1,128,16,1,1,8192,0.495156,1,"clFinish_profiled"
"CPU_Elastic","COMPUTE_GRAPH","ggml_cgraph","GRAPH","",-1,3,-1,0,0,0,0,0,0.376615,1,"delegate_cpu_graph"
"OpenCL","COMPUTE","cache_k_l6 (view)","SET_ROWS","f16",-1,0,-1,2048,512,1,1,2097152,0.397709,1,"clFinish_profiled"
"OpenCL","COMPUTE","cache_v_l6 (view)","SET_ROWS","f16",-1,2,-1,2048,512,1,1,2097152,0.244739,1,"clFinish_profiled"
"OpenCL","COMPUTE","__fattn__-6","FLASH_ATTN_EXT","f32",-1,9,-1,128,16,1,1,8192,0.414271,1,"clFinish_profiled"
"CPU_Elastic","COMPUTE_GRAPH","ggml_cgraph","GRAPH","",-1,2,-1,0,0,0,0,0,1.802291,1,"delegate_cpu_graph"
"OpenCL","COMPUTE","ffn_moe_logits-6","MUL_MAT","f32",-1,2,-1,64,1,1,1,256,0.490938,1,"clFinish_profiled"
"OpenCL","COMPUTE","ffn_moe_probs-6","SOFT_MAX","f32",-1,3,-1,64,1,1,1,256,0.205677,1,"clFinish_profiled"
"OpenCL","COMPUTE","ffn_moe_argsort-6","ARGSORT","i32",-1,5,-1,64,1,1,1,256,0.198750,1,"clFinish_profiled"
"OpenCL","COMPUTE","ffn_moe_weights-6","GET_ROWS","f32",-1,7,-1,1,8,1,1,32,0.190052,1,"clFinish_profiled"
"CPU_Elastic","COMPUTE_GRAPH","ggml_cgraph","GRAPH","",-1,21,-1,0,0,0,0,0,11.754167,1,"delegate_cpu_graph"
"CPU_Elastic","COMPUTE_GRAPH","ggml_cgraph","GRAPH","",-1,1,-1,0,0,0,0,0,0.959843,1,"delegate_cpu_graph"
"OpenCL","COMPUTE","Qcur-7","ROPE","f32",-1,3,-1,128,16,1,1,8192,0.497291,1,"clFinish_profiled"
"CPU_Elastic","COMPUTE_GRAPH","ggml_cgraph","GRAPH","",-1,1,-1,0,0,0,0,0,0.573802,1,"delegate_cpu_graph"
"OpenCL","COMPUTE","Kcur-7","ROPE","f32",-1,3,-1,128,16,1,1,8192,0.478646,1,"clFinish_profiled"
"OpenCL","COMPUTE","Vcur-7","MUL_MAT","f32",-1,4,-1,2048,1,1,1,8192,0.377396,1,"clFinish_profiled"
"OpenCL","COMPUTE","cache_k_l7 (view)","SET_ROWS","f16",-1,7,-1,2048,512,1,1,2097152,0.204688,1,"clFinish_profiled"
"OpenCL","COMPUTE","cache_v_l7 (view)","SET_ROWS","f16",-1,9,-1,2048,512,1,1,2097152,0.192865,1,"clFinish_profiled"
"OpenCL","COMPUTE","__fattn__-7","FLASH_ATTN_EXT","f32",-1,16,-1,128,16,1,1,8192,0.410729,1,"clFinish_profiled"
"CPU_Elastic","COMPUTE_GRAPH","ggml_cgraph","GRAPH","",-1,2,-1,0,0,0,0,0,1.659896,1,"delegate_cpu_graph"
"OpenCL","COMPUTE","ffn_moe_logits-7","MUL_MAT","f32",-1,2,-1,64,1,1,1,256,0.491771,1,"clFinish_profiled"
"OpenCL","COMPUTE","ffn_moe_probs-7","SOFT_MAX","f32",-1,3,-1,64,1,1,1,256,0.208021,1,"clFinish_profiled"
"OpenCL","COMPUTE","ffn_moe_argsort-7","ARGSORT","i32",-1,5,-1,64,1,1,1,256,0.200365,1,"clFinish_profiled"
"OpenCL","COMPUTE","ffn_moe_weights-7","GET_ROWS","f32",-1,7,-1,1,8,1,1,32,0.189166,1,"clFinish_profiled"
"CPU_Elastic","COMPUTE_GRAPH","ggml_cgraph","GRAPH","",-1,21,-1,0,0,0,0,0,9.008646,1,"delegate_cpu_graph"
"CPU_Elastic","COMPUTE_GRAPH","ggml_cgraph","GRAPH","",-1,1,-1,0,0,0,0,0,1.742188,1,"delegate_cpu_graph"
"OpenCL","COMPUTE","Qcur-8","ROPE","f32",-1,3,-1,128,16,1,1,8192,0.531823,1,"clFinish_profiled"
"CPU_Elastic","COMPUTE_GRAPH","ggml_cgraph","GRAPH","",-1,1,-1,0,0,0,0,0,1.500365,1,"delegate_cpu_graph"
"OpenCL","COMPUTE","Kcur-8","ROPE","f32",-1,3,-1,128,16,1,1,8192,0.481771,1,"clFinish_profiled"
"CPU_Elastic","COMPUTE_GRAPH","ggml_cgraph","GRAPH","",-1,3,-1,0,0,0,0,0,2.073697,1,"delegate_cpu_graph"
"OpenCL","COMPUTE","cache_k_l8 (view)","SET_ROWS","f16",-1,0,-1,2048,512,1,1,2097152,0.479063,1,"clFinish_profiled"
"OpenCL","COMPUTE","cache_v_l8 (view)","SET_ROWS","f16",-1,2,-1,2048,512,1,1,2097152,0.107708,1,"clFinish_profiled"
"OpenCL","COMPUTE","__fattn__-8","FLASH_ATTN_EXT","f32",-1,9,-1,128,16,1,1,8192,0.416770,1,"clFinish_profiled"
"CPU_Elastic","COMPUTE_GRAPH","ggml_cgraph","GRAPH","",-1,2,-1,0,0,0,0,0,1.818333,1,"delegate_cpu_graph"
"OpenCL","COMPUTE","ffn_moe_logits-8","MUL_MAT","f32",-1,2,-1,64,1,1,1,256,0.500938,1,"clFinish_profiled"
"OpenCL","COMPUTE","ffn_moe_probs-8","SOFT_MAX","f32",-1,3,-1,64,1,1,1,256,0.210573,1,"clFinish_profiled"
"OpenCL","COMPUTE","ffn_moe_argsort-8","ARGSORT","i32",-1,5,-1,64,1,1,1,256,0.199635,1,"clFinish_profiled"
"OpenCL","COMPUTE","ffn_moe_weights-8","GET_ROWS","f32",-1,7,-1,1,8,1,1,32,0.191354,1,"clFinish_profiled"
"CPU_Elastic","COMPUTE_GRAPH","ggml_cgraph","GRAPH","",-1,21,-1,0,0,0,0,0,8.609010,1,"delegate_cpu_graph"
"CPU_Elastic","COMPUTE_GRAPH","ggml_cgraph","GRAPH","",-1,1,-1,0,0,0,0,0,0.936823,1,"delegate_cpu_graph"
"OpenCL","COMPUTE","Qcur-9","ROPE","f32",-1,3,-1,128,16,1,1,8192,0.507292,1,"clFinish_profiled"
"CPU_Elastic","COMPUTE_GRAPH","ggml_cgraph","GRAPH","",-1,1,-1,0,0,0,0,0,1.540625,1,"delegate_cpu_graph"
"OpenCL","COMPUTE","Kcur-9","ROPE","f32",-1,3,-1,128,16,1,1,8192,0.508125,1,"clFinish_profiled"
"CPU_Elastic","COMPUTE_GRAPH","ggml_cgraph","GRAPH","",-1,3,-1,0,0,0,0,0,0.403698,1,"delegate_cpu_graph"
"OpenCL","COMPUTE","cache_k_l9 (view)","SET_ROWS","f16",-1,0,-1,2048,512,1,1,2097152,0.388750,1,"clFinish_profiled"
"OpenCL","COMPUTE","cache_v_l9 (view)","SET_ROWS","f16",-1,2,-1,2048,512,1,1,2097152,0.219792,1,"clFinish_profiled"
"OpenCL","COMPUTE","__fattn__-9","FLASH_ATTN_EXT","f32",-1,9,-1,128,16,1,1,8192,0.414010,1,"clFinish_profiled"
"CPU_Elastic","COMPUTE_GRAPH","ggml_cgraph","GRAPH","",-1,2,-1,0,0,0,0,0,1.840677,1,"delegate_cpu_graph"
"OpenCL","COMPUTE","ffn_moe_logits-9","MUL_MAT","f32",-1,2,-1,64,1,1,1,256,0.539323,1,"clFinish_profiled"
"OpenCL","COMPUTE","ffn_moe_probs-9","SOFT_MAX","f32",-1,3,-1,64,1,1,1,256,0.207604,1,"clFinish_profiled"
"OpenCL","COMPUTE","ffn_moe_argsort-9","ARGSORT","i32",-1,5,-1,64,1,1,1,256,0.097656,1,"clFinish_profiled"
"OpenCL","COMPUTE","ffn_moe_weights-9","GET_ROWS","f32",-1,7,-1,1,8,1,1,32,0.200052,1,"clFinish_profiled"
"CPU_Elastic","COMPUTE_GRAPH","ggml_cgraph","GRAPH","",-1,21,-1,0,0,0,0,0,7.178646,1,"delegate_cpu_graph"
"CPU_Elastic","COMPUTE_GRAPH","ggml_cgraph","GRAPH","",-1,1,-1,0,0,0,0,0,1.793542,1,"delegate_cpu_graph"
"OpenCL","COMPUTE","Qcur-10","ROPE","f32",-1,3,-1,128,16,1,1,8192,0.564219,1,"clFinish_profiled"
"CPU_Elastic","COMPUTE_GRAPH","ggml_cgraph","GRAPH","",-1,1,-1,0,0,0,0,0,1.691355,1,"delegate_cpu_graph"
"OpenCL","COMPUTE","Kcur-10","ROPE","f32",-1,3,-1,128,16,1,1,8192,0.576562,1,"clFinish_profiled"
"OpenCL","COMPUTE","Vcur-10","MUL_MAT","f32",-1,4,-1,2048,1,1,1,8192,0.360833,1,"clFinish_profiled"
"OpenCL","COMPUTE","cache_k_l10 (view)","SET_ROWS","f16",-1,7,-1,2048,512,1,1,2097152,0.203854,1,"clFinish_profiled"
"OpenCL","COMPUTE","cache_v_l10 (view)","SET_ROWS","f16",-1,9,-1,2048,512,1,1,2097152,0.138802,1,"clFinish_profiled"
"OpenCL","COMPUTE","__fattn__-10","FLASH_ATTN_EXT","f32",-1,16,-1,128,16,1,1,8192,0.495053,1,"clFinish_profiled"
"CPU_Elastic","COMPUTE_GRAPH","ggml_cgraph","GRAPH","",-1,2,-1,0,0,0,0,0,1.588490,1,"delegate_cpu_graph"
"OpenCL","COMPUTE","ffn_moe_logits-10","MUL_MAT","f32",-1,2,-1,64,1,1,1,256,0.551406,1,"clFinish_profiled"
"OpenCL","COMPUTE","ffn_moe_probs-10","SOFT_MAX","f32",-1,3,-1,64,1,1,1,256,0.224271,1,"clFinish_profiled"
"OpenCL","COMPUTE","ffn_moe_argsort-10","ARGSORT","i32",-1,5,-1,64,1,1,1,256,0.202240,1,"clFinish_profiled"
"OpenCL","COMPUTE","ffn_moe_weights-10","GET_ROWS","f32",-1,7,-1,1,8,1,1,32,0.193230,1,"clFinish_profiled"
"CPU_Elastic","COMPUTE_GRAPH","ggml_cgraph","GRAPH","",-1,21,-1,0,0,0,0,0,9.302813,1,"delegate_cpu_graph"
"CPU_Elastic","COMPUTE_GRAPH","ggml_cgraph","GRAPH","",-1,1,-1,0,0,0,0,0,0.390886,1,"delegate_cpu_graph"
"OpenCL","COMPUTE","Qcur-11","ROPE","f32",-1,3,-1,128,16,1,1,8192,0.408020,1,"clFinish_profiled"
"CPU_Elastic","COMPUTE_GRAPH","ggml_cgraph","GRAPH","",-1,1,-1,0,0,0,0,0,0.923958,1,"delegate_cpu_graph"
"OpenCL","COMPUTE","Kcur-11","ROPE","f32",-1,3,-1,128,16,1,1,8192,0.483230,1,"clFinish_profiled"
"CPU_Elastic","COMPUTE_GRAPH","ggml_cgraph","GRAPH","",-1,3,-1,0,0,0,0,0,1.643125,1,"delegate_cpu_graph"
"OpenCL","COMPUTE","cache_k_l11 (view)","SET_ROWS","f16",-1,0,-1,2048,512,1,1,2097152,0.475625,1,"clFinish_profiled"
"OpenCL","COMPUTE","cache_v_l11 (view)","SET_ROWS","f16",-1,2,-1,2048,512,1,1,2097152,0.201145,1,"clFinish_profiled"
"OpenCL","COMPUTE","__fattn__-11","FLASH_ATTN_EXT","f32",-1,9,-1,128,16,1,1,8192,0.436094,1,"clFinish_profiled"
"CPU_Elastic","COMPUTE_GRAPH","ggml_cgraph","GRAPH","",-1,2,-1,0,0,0,0,0,2.071458,1,"delegate_cpu_graph"
"OpenCL","COMPUTE","ffn_moe_logits-11","MUL_MAT","f32",-1,2,-1,64,1,1,1,256,0.497969,1,"clFinish_profiled"
"OpenCL","COMPUTE","ffn_moe_probs-11","SOFT_MAX","f32",-1,3,-1,64,1,1,1,256,0.209427,1,"clFinish_profiled"
"OpenCL","COMPUTE","ffn_moe_argsort-11","ARGSORT","i32",-1,5,-1,64,1,1,1,256,0.200677,1,"clFinish_profiled"
"OpenCL","COMPUTE","ffn_moe_weights-11","GET_ROWS","f32",-1,7,-1,1,8,1,1,32,0.191197,1,"clFinish_profiled"
"CPU_Elastic","COMPUTE_GRAPH","ggml_cgraph","GRAPH","",-1,21,-1,0,0,0,0,0,7.849063,1,"delegate_cpu_graph"
"CPU_Elastic","COMPUTE_GRAPH","ggml_cgraph","GRAPH","",-1,1,-1,0,0,0,0,0,1.528646,1,"delegate_cpu_graph"
"OpenCL","COMPUTE","Qcur-12","ROPE","f32",-1,3,-1,128,16,1,1,8192,0.480885,1,"clFinish_profiled"
"CPU_Elastic","COMPUTE_GRAPH","ggml_cgraph","GRAPH","",-1,1,-1,0,0,0,0,0,1.519427,1,"delegate_cpu_graph"
"OpenCL","COMPUTE","Kcur-12","ROPE","f32",-1,3,-1,128,16,1,1,8192,0.498906,1,"clFinish_profiled"
"CPU_Elastic","COMPUTE_GRAPH","ggml_cgraph","GRAPH","",-1,3,-1,0,0,0,0,0,2.392917,1,"delegate_cpu_graph"
"OpenCL","COMPUTE","cache_k_l12 (view)","SET_ROWS","f16",-1,0,-1,2048,512,1,1,2097152,0.484531,1,"clFinish_profiled"
"OpenCL","COMPUTE","cache_v_l12 (view)","SET_ROWS","f16",-1,2,-1,2048,512,1,1,2097152,0.203385,1,"clFinish_profiled"
"OpenCL","COMPUTE","__fattn__-12","FLASH_ATTN_EXT","f32",-1,9,-1,128,16,1,1,8192,0.425156,1,"clFinish_profiled"
"CPU_Elastic","COMPUTE_GRAPH","ggml_cgraph","GRAPH","",-1,2,-1,0,0,0,0,0,1.976718,1,"delegate_cpu_graph"
"OpenCL","COMPUTE","ffn_moe_logits-12","MUL_MAT","f32",-1,2,-1,64,1,1,1,256,0.530469,1,"clFinish_profiled"
"OpenCL","COMPUTE","ffn_moe_probs-12","SOFT_MAX","f32",-1,3,-1,64,1,1,1,256,0.224375,1,"clFinish_profiled"
"OpenCL","COMPUTE","ffn_moe_argsort-12","ARGSORT","i32",-1,5,-1,64,1,1,1,256,0.202240,1,"clFinish_profiled"
"OpenCL","COMPUTE","ffn_moe_weights-12","GET_ROWS","f32",-1,7,-1,1,8,1,1,32,0.211510,1,"clFinish_profiled"
"CPU_Elastic","COMPUTE_GRAPH","ggml_cgraph","GRAPH","",-1,21,-1,0,0,0,0,0,12.280365,1,"delegate_cpu_graph"
"CPU_Elastic","COMPUTE_GRAPH","ggml_cgraph","GRAPH","",-1,1,-1,0,0,0,0,0,1.685520,1,"delegate_cpu_graph"
"OpenCL","COMPUTE","Qcur-13","ROPE","f32",-1,3,-1,128,16,1,1,8192,0.544583,1,"clFinish_profiled"
"CPU_Elastic","COMPUTE_GRAPH","ggml_cgraph","GRAPH","",-1,1,-1,0,0,0,0,0,1.487031,1,"delegate_cpu_graph"
"OpenCL","COMPUTE","Kcur-13","ROPE","f32",-1,3,-1,128,16,1,1,8192,0.536614,1,"clFinish_profiled"
"OpenCL","COMPUTE","Vcur-13","MUL_MAT","f32",-1,4,-1,2048,1,1,1,8192,0.349948,1,"clFinish_profiled"
"OpenCL","COMPUTE","cache_k_l13 (view)","SET_ROWS","f16",-1,7,-1,2048,512,1,1,2097152,0.194792,1,"clFinish_profiled"
"OpenCL","COMPUTE","cache_v_l13 (view)","SET_ROWS","f16",-1,9,-1,2048,512,1,1,2097152,0.193697,1,"clFinish_profiled"
"OpenCL","COMPUTE","__fattn__-13","FLASH_ATTN_EXT","f32",-1,16,-1,128,16,1,1,8192,0.425729,1,"clFinish_profiled"
"CPU_Elastic","COMPUTE_GRAPH","ggml_cgraph","GRAPH","",-1,2,-1,0,0,0,0,0,1.633125,1,"delegate_cpu_graph"
"OpenCL","COMPUTE","ffn_moe_logits-13","MUL_MAT","f32",-1,2,-1,64,1,1,1,256,0.578854,1,"clFinish_profiled"
"OpenCL","COMPUTE","ffn_moe_probs-13","SOFT_MAX","f32",-1,3,-1,64,1,1,1,256,0.219635,1,"clFinish_profiled"
"OpenCL","COMPUTE","ffn_moe_argsort-13","ARGSORT","i32",-1,5,-1,64,1,1,1,256,0.205260,1,"clFinish_profiled"
"OpenCL","COMPUTE","ffn_moe_weights-13","GET_ROWS","f32",-1,7,-1,1,8,1,1,32,0.194219,1,"clFinish_profiled"
"CPU_Elastic","COMPUTE_GRAPH","ggml_cgraph","GRAPH","",-1,21,-1,0,0,0,0,0,12.502187,1,"delegate_cpu_graph"
"CPU_Elastic","COMPUTE_GRAPH","ggml_cgraph","GRAPH","",-1,1,-1,0,0,0,0,0,1.820469,1,"delegate_cpu_graph"
"OpenCL","COMPUTE","Qcur-14","ROPE","f32",-1,3,-1,128,16,1,1,8192,0.518750,1,"clFinish_profiled"
"CPU_Elastic","COMPUTE_GRAPH","ggml_cgraph","GRAPH","",-1,1,-1,0,0,0,0,0,1.518802,1,"delegate_cpu_graph"
"OpenCL","COMPUTE","Kcur-14","ROPE","f32",-1,3,-1,128,16,1,1,8192,0.526822,1,"clFinish_profiled"
"OpenCL","COMPUTE","Vcur-14","MUL_MAT","f32",-1,4,-1,2048,1,1,1,8192,0.354427,1,"clFinish_profiled"
"OpenCL","COMPUTE","cache_k_l14 (view)","SET_ROWS","f16",-1,7,-1,2048,512,1,1,2097152,0.195208,1,"clFinish_profiled"
"OpenCL","COMPUTE","cache_v_l14 (view)","SET_ROWS","f16",-1,9,-1,2048,512,1,1,2097152,0.196875,1,"clFinish_profiled"
"OpenCL","COMPUTE","__fattn__-14","FLASH_ATTN_EXT","f32",-1,16,-1,128,16,1,1,8192,0.418698,1,"clFinish_profiled"
"CPU_Elastic","COMPUTE_GRAPH","ggml_cgraph","GRAPH","",-1,2,-1,0,0,0,0,0,1.888073,1,"delegate_cpu_graph"
"OpenCL","COMPUTE","ffn_moe_logits-14","MUL_MAT","f32",-1,2,-1,64,1,1,1,256,0.529323,1,"clFinish_profiled"
"OpenCL","COMPUTE","ffn_moe_probs-14","SOFT_MAX","f32",-1,3,-1,64,1,1,1,256,0.212136,1,"clFinish_profiled"
"OpenCL","COMPUTE","ffn_moe_argsort-14","ARGSORT","i32",-1,5,-1,64,1,1,1,256,0.200885,1,"clFinish_profiled"
"OpenCL","COMPUTE","ffn_moe_weights-14","GET_ROWS","f32",-1,7,-1,1,8,1,1,32,0.191979,1,"clFinish_profiled"
"CPU_Elastic","COMPUTE_GRAPH","ggml_cgraph","GRAPH","",-1,21,-1,0,0,0,0,0,13.277084,1,"delegate_cpu_graph"
"CPU_Elastic","COMPUTE_GRAPH","ggml_cgraph","GRAPH","",-1,1,-1,0,0,0,0,0,0.942812,1,"delegate_cpu_graph"
"OpenCL","COMPUTE","Qcur-15","ROPE","f32",-1,3,-1,128,16,1,1,8192,0.517969,1,"clFinish_profiled"
"CPU_Elastic","COMPUTE_GRAPH","ggml_cgraph","GRAPH","",-1,1,-1,0,0,0,0,0,0.571458,1,"delegate_cpu_graph"
"OpenCL","COMPUTE","Kcur-15","ROPE","f32",-1,3,-1,128,16,1,1,8192,0.403021,1,"clFinish_profiled"
"OpenCL","COMPUTE","Vcur-15","MUL_MAT","f32",-1,4,-1,2048,1,1,1,8192,0.353385,1,"clFinish_profiled"
"OpenCL","COMPUTE","cache_k_l15 (view)","SET_ROWS","f16",-1,7,-1,2048,512,1,1,2097152,0.196145,1,"clFinish_profiled"
"OpenCL","COMPUTE","cache_v_l15 (view)","SET_ROWS","f16",-1,9,-1,2048,512,1,1,2097152,0.194375,1,"clFinish_profiled"
"OpenCL","COMPUTE","__fattn__-15","FLASH_ATTN_EXT","f32",-1,16,-1,128,16,1,1,8192,0.454167,1,"clFinish_profiled"
"CPU_Elastic","COMPUTE_GRAPH","ggml_cgraph","GRAPH","",-1,4,-1,0,0,0,0,0,1.812604,1,"delegate_cpu_graph"
"OpenCL","COMPUTE","ffn_moe_logits-15","MUL_MAT","f32",-1,2,-1,64,1,1,1,256,0.526355,1,"clFinish_profiled"
"OpenCL","COMPUTE","ffn_moe_probs-15","SOFT_MAX","f32",-1,3,-1,64,1,1,1,256,0.207500,1,"clFinish_profiled"
"OpenCL","COMPUTE","ffn_moe_argsort-15","ARGSORT","i32",-1,5,-1,64,1,1,1,256,0.202448,1,"clFinish_profiled"
"OpenCL","COMPUTE","ffn_moe_weights-15","GET_ROWS","f32",-1,7,-1,1,8,1,1,32,0.190885,1,"clFinish_profiled"
"CPU_Elastic","COMPUTE_GRAPH","ggml_cgraph","GRAPH","",-1,22,-1,0,0,0,0,0,12.632396,1,"delegate_cpu_graph"
"OpenCL","COMPUTE","result_norm","MUL","f32",-1,0,-1,2048,1,1,1,8192,0.520209,1,"clFinish_profiled"
"OpenCL","COMPUTE","result_output","MUL_MAT","f32",-1,1,-1,50304,1,1,1,201216,4.022396,1,"clFinish_profiled"
"CPU_Elastic","COMPUTE_GRAPH","ggml_cgraph","GRAPH","",-1,1,-1,0,0,0,0,0,0.011875,1,"delegate_cpu_graph"
"CPU_Elastic","COMPUTE_GRAPH","ggml_cgraph","GRAPH","",-1,1,-1,0,0,0,0,0,0.926510,1,"delegate_cpu_graph"
"OpenCL","COMPUTE","Qcur-0","ROPE","f32",-1,3,-1,128,16,1,1,8192,0.534271,1,"clFinish_profiled"
"CPU_Elastic","COMPUTE_GRAPH","ggml_cgraph","GRAPH","",-1,1,-1,0,0,0,0,0,0.494740,1,"delegate_cpu_graph"
"OpenCL","COMPUTE","Kcur-0","ROPE","f32",-1,3,-1,128,16,1,1,8192,0.406718,1,"clFinish_profiled"
"OpenCL","COMPUTE","Vcur-0","MUL_MAT","f32",-1,4,-1,2048,1,1,1,8192,0.358645,1,"clFinish_profiled"
"OpenCL","COMPUTE","cache_k_l0 (view)","SET_ROWS","f16",-1,7,-1,2048,512,1,1,2097152,0.275156,1,"clFinish_profiled"
"OpenCL","COMPUTE","cache_v_l0 (view)","SET_ROWS","f16",-1,9,-1,2048,512,1,1,2097152,0.199948,1,"clFinish_profiled"
"OpenCL","COMPUTE"," (copy)","CPY","f16",-1,16,-1,256,64,1,1,32768,0.206250,1,"clFinish_profiled"
"OpenCL","COMPUTE","__fattn__-0","FLASH_ATTN_EXT","f32",-1,17,-1,128,16,1,1,8192,0.411407,1,"clFinish_profiled"
"CPU_Elastic","COMPUTE_GRAPH","ggml_cgraph","GRAPH","",-1,2,-1,0,0,0,0,0,1.633229,1,"delegate_cpu_graph"
"OpenCL","COMPUTE","ffn_moe_logits-0","MUL_MAT","f32",-1,2,-1,64,1,1,1,256,0.506250,1,"clFinish_profiled"
"OpenCL","COMPUTE","ffn_moe_probs-0","SOFT_MAX","f32",-1,3,-1,64,1,1,1,256,0.206823,1,"clFinish_profiled"
"OpenCL","COMPUTE","ffn_moe_argsort-0","ARGSORT","i32",-1,5,-1,64,1,1,1,256,0.199791,1,"clFinish_profiled"
"OpenCL","COMPUTE","ffn_moe_weights-0","GET_ROWS","f32",-1,7,-1,1,8,1,1,32,0.188854,1,"clFinish_profiled"
"CPU_Elastic","COMPUTE_GRAPH","ggml_cgraph","GRAPH","",-1,21,-1,0,0,0,0,0,8.116510,1,"delegate_cpu_graph"
"CPU_Elastic","COMPUTE_GRAPH","ggml_cgraph","GRAPH","",-1,1,-1,0,0,0,0,0,0.388645,1,"delegate_cpu_graph"
"OpenCL","COMPUTE","Qcur-1","ROPE","f32",-1,3,-1,128,16,1,1,8192,0.401927,1,"clFinish_profiled"
"CPU_Elastic","COMPUTE_GRAPH","ggml_cgraph","GRAPH","",-1,1,-1,0,0,0,0,0,0.470938,1,"delegate_cpu_graph"
"OpenCL","COMPUTE","Kcur-1","ROPE","f32",-1,3,-1,128,16,1,1,8192,0.406979,1,"clFinish_profiled"
"OpenCL","COMPUTE","Vcur-1","MUL_MAT","f32",-1,4,-1,2048,1,1,1,8192,0.353854,1,"clFinish_profiled"
"OpenCL","COMPUTE","cache_k_l1 (view)","SET_ROWS","f16",-1,7,-1,2048,512,1,1,2097152,0.195938,1,"clFinish_profiled"
"OpenCL","COMPUTE","cache_v_l1 (view)","SET_ROWS","f16",-1,9,-1,2048,512,1,1,2097152,0.193125,1,"clFinish_profiled"
"OpenCL","COMPUTE","__fattn__-1","FLASH_ATTN_EXT","f32",-1,16,-1,128,16,1,1,8192,0.453229,1,"clFinish_profiled"
"CPU_Elastic","COMPUTE_GRAPH","ggml_cgraph","GRAPH","",-1,2,-1,0,0,0,0,0,1.226823,1,"delegate_cpu_graph"
"OpenCL","COMPUTE","ffn_moe_logits-1","MUL_MAT","f32",-1,2,-1,64,1,1,1,256,0.503646,1,"clFinish_profiled"
"OpenCL","COMPUTE","ffn_moe_probs-1","SOFT_MAX","f32",-1,3,-1,64,1,1,1,256,0.205468,1,"clFinish_profiled"
"OpenCL","COMPUTE","ffn_moe_argsort-1","ARGSORT","i32",-1,5,-1,64,1,1,1,256,0.206614,1,"clFinish_profiled"
"OpenCL","COMPUTE","ffn_moe_weights-1","GET_ROWS","f32",-1,7,-1,1,8,1,1,32,0.190573,1,"clFinish_profiled"
"CPU_Elastic","COMPUTE_GRAPH","ggml_cgraph","GRAPH","",-1,21,-1,0,0,0,0,0,11.107969,1,"delegate_cpu_graph"
"CPU_Elastic","COMPUTE_GRAPH","ggml_cgraph","GRAPH","",-1,1,-1,0,0,0,0,0,0.374062,1,"delegate_cpu_graph"
"OpenCL","COMPUTE","Qcur-2","ROPE","f32",-1,3,-1,128,16,1,1,8192,0.420573,1,"clFinish_profiled"
"CPU_Elastic","COMPUTE_GRAPH","ggml_cgraph","GRAPH","",-1,1,-1,0,0,0,0,0,0.450989,1,"delegate_cpu_graph"
"OpenCL","COMPUTE","Kcur-2","ROPE","f32",-1,3,-1,128,16,1,1,8192,0.395938,1,"clFinish_profiled"
"CPU_Elastic","COMPUTE_GRAPH","ggml_cgraph","GRAPH","",-1,3,-1,0,0,0,0,0,1.913542,1,"delegate_cpu_graph"
"OpenCL","COMPUTE","cache_k_l2 (view)","SET_ROWS","f16",-1,0,-1,2048,512,1,1,2097152,0.493073,1,"clFinish_profiled"
"OpenCL","COMPUTE","cache_v_l2 (view)","SET_ROWS","f16",-1,2,-1,2048,512,1,1,2097152,0.198802,1,"clFinish_profiled"
"OpenCL","COMPUTE","__fattn__-2","FLASH_ATTN_EXT","f32",-1,9,-1,128,16,1,1,8192,0.409167,1,"clFinish_profiled"
"CPU_Elastic","COMPUTE_GRAPH","ggml_cgraph","GRAPH","",-1,2,-1,0,0,0,0,0,1.732812,1,"delegate_cpu_graph"
"OpenCL","COMPUTE","ffn_moe_logits-2","MUL_MAT","f32",-1,2,-1,64,1,1,1,256,0.507448,1,"clFinish_profiled"
"OpenCL","COMPUTE","ffn_moe_probs-2","SOFT_MAX","f32",-1,3,-1,64,1,1,1,256,0.205052,1,"clFinish_profiled"
"OpenCL","COMPUTE","ffn_moe_argsort-2","ARGSORT","i32",-1,5,-1,64,1,1,1,256,0.197813,1,"clFinish_profiled"
"OpenCL","COMPUTE","ffn_moe_weights-2","GET_ROWS","f32",-1,7,-1,1,8,1,1,32,0.189219,1,"clFinish_profiled"
"CPU_Elastic","COMPUTE_GRAPH","ggml_cgraph","GRAPH","",-1,21,-1,0,0,0,0,0,10.845365,1,"delegate_cpu_graph"
"CPU_Elastic","COMPUTE_GRAPH","ggml_cgraph","GRAPH","",-1,1,-1,0,0,0,0,0,1.838802,1,"delegate_cpu_graph"
"OpenCL","COMPUTE","Qcur-3","ROPE","f32",-1,3,-1,128,16,1,1,8192,0.537187,1,"clFinish_profiled"
"CPU_Elastic","COMPUTE_GRAPH","ggml_cgraph","GRAPH","",-1,1,-1,0,0,0,0,0,1.671354,1,"delegate_cpu_graph"
"OpenCL","COMPUTE","Kcur-3","ROPE","f32",-1,3,-1,128,16,1,1,8192,0.547761,1,"clFinish_profiled"
"CPU_Elastic","COMPUTE_GRAPH","ggml_cgraph","GRAPH","",-1,3,-1,0,0,0,0,0,1.580104,1,"delegate_cpu_graph"
"OpenCL","COMPUTE","cache_k_l3 (view)","SET_ROWS","f16",-1,0,-1,2048,512,1,1,2097152,0.526250,1,"clFinish_profiled"
"OpenCL","COMPUTE","cache_v_l3 (view)","SET_ROWS","f16",-1,2,-1,2048,512,1,1,2097152,0.243698,1,"clFinish_profiled"
"OpenCL","COMPUTE","__fattn__-3","FLASH_ATTN_EXT","f32",-1,9,-1,128,16,1,1,8192,0.415781,1,"clFinish_profiled"
"CPU_Elastic","COMPUTE_GRAPH","ggml_cgraph","GRAPH","",-1,2,-1,0,0,0,0,0,0.434948,1,"delegate_cpu_graph"
"OpenCL","COMPUTE","ffn_moe_logits-3","MUL_MAT","f32",-1,2,-1,64,1,1,1,256,0.410000,1,"clFinish_profiled"
"OpenCL","COMPUTE","ffn_moe_probs-3","SOFT_MAX","f32",-1,3,-1,64,1,1,1,256,0.206667,1,"clFinish_profiled"
"OpenCL","COMPUTE","ffn_moe_argsort-3","ARGSORT","i32",-1,5,-1,64,1,1,1,256,0.198489,1,"clFinish_profiled"
"OpenCL","COMPUTE","ffn_moe_weights-3","GET_ROWS","f32",-1,7,-1,1,8,1,1,32,0.188437,1,"clFinish_profiled"
"CPU_Elastic","COMPUTE_GRAPH","ggml_cgraph","GRAPH","",-1,21,-1,0,0,0,0,0,11.252812,1,"delegate_cpu_graph"
"CPU_Elastic","COMPUTE_GRAPH","ggml_cgraph","GRAPH","",-1,1,-1,0,0,0,0,0,1.719375,1,"delegate_cpu_graph"
"OpenCL","COMPUTE","Qcur-4","ROPE","f32",-1,3,-1,128,16,1,1,8192,0.646875,1,"clFinish_profiled"
"CPU_Elastic","COMPUTE_GRAPH","ggml_cgraph","GRAPH","",-1,1,-1,0,0,0,0,0,1.636667,1,"delegate_cpu_graph"
"OpenCL","COMPUTE","Kcur-4","ROPE","f32",-1,3,-1,128,16,1,1,8192,0.530573,1,"clFinish_profiled"
"OpenCL","COMPUTE","Vcur-4","MUL_MAT","f32",-1,4,-1,2048,1,1,1,8192,0.368802,1,"clFinish_profiled"
"OpenCL","COMPUTE","cache_k_l4 (view)","SET_ROWS","f16",-1,7,-1,2048,512,1,1,2097152,0.198489,1,"clFinish_profiled"
"OpenCL","COMPUTE","cache_v_l4 (view)","SET_ROWS","f16",-1,9,-1,2048,512,1,1,2097152,0.189375,1,"clFinish_profiled"
"OpenCL","COMPUTE","__fattn__-4","FLASH_ATTN_EXT","f32",-1,16,-1,128,16,1,1,8192,0.436510,1,"clFinish_profiled"
"CPU_Elastic","COMPUTE_GRAPH","ggml_cgraph","GRAPH","",-1,2,-1,0,0,0,0,0,2.304427,1,"delegate_cpu_graph"
"OpenCL","COMPUTE","ffn_moe_logits-4","MUL_MAT","f32",-1,2,-1,64,1,1,1,256,0.534375,1,"clFinish_profiled"
"OpenCL","COMPUTE","ffn_moe_probs-4","SOFT_MAX","f32",-1,3,-1,64,1,1,1,256,0.214271,1,"clFinish_profiled"
"OpenCL","COMPUTE","ffn_moe_argsort-4","ARGSORT","i32",-1,5,-1,64,1,1,1,256,0.235261,1,"clFinish_profiled"
"OpenCL","COMPUTE","ffn_moe_weights-4","GET_ROWS","f32",-1,7,-1,1,8,1,1,32,0.187656,1,"clFinish_profiled"
"CPU_Elastic","COMPUTE_GRAPH","ggml_cgraph","GRAPH","",-1,21,-1,0,0,0,0,0,9.733906,1,"delegate_cpu_graph"
"CPU_Elastic","COMPUTE_GRAPH","ggml_cgraph","GRAPH","",-1,1,-1,0,0,0,0,0,1.511563,1,"delegate_cpu_graph"
"OpenCL","COMPUTE","Qcur-5","ROPE","f32",-1,3,-1,128,16,1,1,8192,0.527031,1,"clFinish_profiled"
"CPU_Elastic","COMPUTE_GRAPH","ggml_cgraph","GRAPH","",-1,1,-1,0,0,0,0,0,1.683334,1,"delegate_cpu_graph"
"OpenCL","COMPUTE","Kcur-5","ROPE","f32",-1,3,-1,128,16,1,1,8192,0.516406,1,"clFinish_profiled"
"CPU_Elastic","COMPUTE_GRAPH","ggml_cgraph","GRAPH","",-1,3,-1,0,0,0,0,0,1.494375,1,"delegate_cpu_graph"
"OpenCL","COMPUTE","cache_k_l5 (view)","SET_ROWS","f16",-1,0,-1,2048,512,1,1,2097152,0.553646,1,"clFinish_profiled"
"OpenCL","COMPUTE","cache_v_l5 (view)","SET_ROWS","f16",-1,2,-1,2048,512,1,1,2097152,0.197135,1,"clFinish_profiled"
"OpenCL","COMPUTE","__fattn__-5","FLASH_ATTN_EXT","f32",-1,9,-1,128,16,1,1,8192,0.411667,1,"clFinish_profiled"
"CPU_Elastic","COMPUTE_GRAPH","ggml_cgraph","GRAPH","",-1,2,-1,0,0,0,0,0,1.851719,1,"delegate_cpu_graph"
"OpenCL","COMPUTE","ffn_moe_logits-5","MUL_MAT","f32",-1,2,-1,64,1,1,1,256,0.525312,1,"clFinish_profiled"
"OpenCL","COMPUTE","ffn_moe_probs-5","SOFT_MAX","f32",-1,3,-1,64,1,1,1,256,0.246250,1,"clFinish_profiled"
"OpenCL","COMPUTE","ffn_moe_argsort-5","ARGSORT","i32",-1,5,-1,64,1,1,1,256,0.192188,1,"clFinish_profiled"
"OpenCL","COMPUTE","ffn_moe_weights-5","GET_ROWS","f32",-1,7,-1,1,8,1,1,32,0.194375,1,"clFinish_profiled"
"CPU_Elastic","COMPUTE_GRAPH","ggml_cgraph","GRAPH","",-1,21,-1,0,0,0,0,0,6.054167,1,"delegate_cpu_graph"
"CPU_Elastic","COMPUTE_GRAPH","ggml_cgraph","GRAPH","",-1,1,-1,0,0,0,0,0,0.388281,1,"delegate_cpu_graph"
"OpenCL","COMPUTE","Qcur-6","ROPE","f32",-1,3,-1,128,16,1,1,8192,0.401510,1,"clFinish_profiled"
"CPU_Elastic","COMPUTE_GRAPH","ggml_cgraph","GRAPH","",-1,1,-1,0,0,0,0,0,0.923177,1,"delegate_cpu_graph"
"OpenCL","COMPUTE","Kcur-6","ROPE","f32",-1,3,-1,128,16,1,1,8192,0.506979,1,"clFinish_profiled"
"CPU_Elastic","COMPUTE_GRAPH","ggml_cgraph","GRAPH","",-1,3,-1,0,0,0,0,0,1.343281,1,"delegate_cpu_graph"
"OpenCL","COMPUTE","cache_k_l6 (view)","SET_ROWS","f16",-1,0,-1,2048,512,1,1,2097152,0.501979,1,"clFinish_profiled"
"OpenCL","COMPUTE","cache_v_l6 (view)","SET_ROWS","f16",-1,2,-1,2048,512,1,1,2097152,0.176458,1,"clFinish_profiled"
"OpenCL","COMPUTE","__fattn__-6","FLASH_ATTN_EXT","f32",-1,9,-1,128,16,1,1,8192,0.485990,1,"clFinish_profiled"
"CPU_Elastic","COMPUTE_GRAPH","ggml_cgraph","GRAPH","",-1,2,-1,0,0,0,0,0,1.667709,1,"delegate_cpu_graph"
"OpenCL","COMPUTE","ffn_moe_logits-6","MUL_MAT","f32",-1,2,-1,64,1,1,1,256,0.504375,1,"clFinish_profiled"
"OpenCL","COMPUTE","ffn_moe_probs-6","SOFT_MAX","f32",-1,3,-1,64,1,1,1,256,0.206667,1,"clFinish_profiled"
"OpenCL","COMPUTE","ffn_moe_argsort-6","ARGSORT","i32",-1,5,-1,64,1,1,1,256,0.201303,1,"clFinish_profiled"
"OpenCL","COMPUTE","ffn_moe_weights-6","GET_ROWS","f32",-1,7,-1,1,8,1,1,32,0.189062,1,"clFinish_profiled"
"CPU_Elastic","COMPUTE_GRAPH","ggml_cgraph","GRAPH","",-1,21,-1,0,0,0,0,0,11.416354,1,"delegate_cpu_graph"
"CPU_Elastic","COMPUTE_GRAPH","ggml_cgraph","GRAPH","",-1,1,-1,0,0,0,0,0,1.413073,1,"delegate_cpu_graph"
"OpenCL","COMPUTE","Qcur-7","ROPE","f32",-1,3,-1,128,16,1,1,8192,0.551354,1,"clFinish_profiled"
"CPU_Elastic","COMPUTE_GRAPH","ggml_cgraph","GRAPH","",-1,1,-1,0,0,0,0,0,1.363750,1,"delegate_cpu_graph"
"OpenCL","COMPUTE","Kcur-7","ROPE","f32",-1,3,-1,128,16,1,1,8192,0.512240,1,"clFinish_profiled"
"OpenCL","COMPUTE","Vcur-7","MUL_MAT","f32",-1,4,-1,2048,1,1,1,8192,0.350261,1,"clFinish_profiled"
"OpenCL","COMPUTE","cache_k_l7 (view)","SET_ROWS","f16",-1,7,-1,2048,512,1,1,2097152,0.195885,1,"clFinish_profiled"
"OpenCL","COMPUTE","cache_v_l7 (view)","SET_ROWS","f16",-1,9,-1,2048,512,1,1,2097152,0.190990,1,"clFinish_profiled"
"OpenCL","COMPUTE","__fattn__-7","FLASH_ATTN_EXT","f32",-1,16,-1,128,16,1,1,8192,0.409948,1,"clFinish_profiled"
"CPU_Elastic","COMPUTE_GRAPH","ggml_cgraph","GRAPH","",-1,2,-1,0,0,0,0,0,0.553437,1,"delegate_cpu_graph"
"OpenCL","COMPUTE","ffn_moe_logits-7","MUL_MAT","f32",-1,2,-1,64,1,1,1,256,0.408125,1,"clFinish_profiled"
"OpenCL","COMPUTE","ffn_moe_probs-7","SOFT_MAX","f32",-1,3,-1,64,1,1,1,256,0.220313,1,"clFinish_profiled"
"OpenCL","COMPUTE","ffn_moe_argsort-7","ARGSORT","i32",-1,5,-1,64,1,1,1,256,0.214323,1,"clFinish_profiled"
"OpenCL","COMPUTE","ffn_moe_weights-7","GET_ROWS","f32",-1,7,-1,1,8,1,1,32,0.190989,1,"clFinish_profiled"
"CPU_Elastic","COMPUTE_GRAPH","ggml_cgraph","GRAPH","",-1,21,-1,0,0,0,0,0,8.038281,1,"delegate_cpu_graph"
"CPU_Elastic","COMPUTE_GRAPH","ggml_cgraph","GRAPH","",-1,1,-1,0,0,0,0,0,1.711510,1,"delegate_cpu_graph"
"OpenCL","COMPUTE","Qcur-8","ROPE","f32",-1,3,-1,128,16,1,1,8192,0.564844,1,"clFinish_profiled"
"CPU_Elastic","COMPUTE_GRAPH","ggml_cgraph","GRAPH","",-1,1,-1,0,0,0,0,0,1.356146,1,"delegate_cpu_graph"
"OpenCL","COMPUTE","Kcur-8","ROPE","f32",-1,3,-1,128,16,1,1,8192,0.537292,1,"clFinish_profiled"
"CPU_Elastic","COMPUTE_GRAPH","ggml_cgraph","GRAPH","",-1,3,-1,0,0,0,0,0,1.993177,1,"delegate_cpu_graph"
"OpenCL","COMPUTE","cache_k_l8 (view)","SET_ROWS","f16",-1,0,-1,2048,512,1,1,2097152,0.531042,1,"clFinish_profiled"
"OpenCL","COMPUTE","cache_v_l8 (view)","SET_ROWS","f16",-1,2,-1,2048,512,1,1,2097152,0.205521,1,"clFinish_profiled"
"OpenCL","COMPUTE","__fattn__-8","FLASH_ATTN_EXT","f32",-1,9,-1,128,16,1,1,8192,0.416927,1,"clFinish_profiled"
"CPU_Elastic","COMPUTE_GRAPH","ggml_cgraph","GRAPH","",-1,2,-1,0,0,0,0,0,1.670989,1,"delegate_cpu_graph"
"OpenCL","COMPUTE","ffn_moe_logits-8","MUL_MAT","f32",-1,2,-1,64,1,1,1,256,0.523073,1,"clFinish_profiled"
"OpenCL","COMPUTE","ffn_moe_probs-8","SOFT_MAX","f32",-1,3,-1,64,1,1,1,256,0.236718,1,"clFinish_profiled"
"OpenCL","COMPUTE","ffn_moe_argsort-8","ARGSORT","i32",-1,5,-1,64,1,1,1,256,0.202812,1,"clFinish_profiled"
"OpenCL","COMPUTE","ffn_moe_weights-8","GET_ROWS","f32",-1,7,-1,1,8,1,1,32,0.194062,1,"clFinish_profiled"
"CPU_Elastic","COMPUTE_GRAPH","ggml_cgraph","GRAPH","",-1,21,-1,0,0,0,0,0,11.865365,1,"delegate_cpu_graph"
"CPU_Elastic","COMPUTE_GRAPH","ggml_cgraph","GRAPH","",-1,1,-1,0,0,0,0,0,1.375260,1,"delegate_cpu_graph"
"OpenCL","COMPUTE","Qcur-9","ROPE","f32",-1,3,-1,128,16,1,1,8192,0.531510,1,"clFinish_profiled"
"CPU_Elastic","COMPUTE_GRAPH","ggml_cgraph","GRAPH","",-1,1,-1,0,0,0,0,0,1.446771,1,"delegate_cpu_graph"
"OpenCL","COMPUTE","Kcur-9","ROPE","f32",-1,3,-1,128,16,1,1,8192,0.525886,1,"clFinish_profiled"
"CPU_Elastic","COMPUTE_GRAPH","ggml_cgraph","GRAPH","",-1,3,-1,0,0,0,0,0,1.864427,1,"delegate_cpu_graph"
"OpenCL","COMPUTE","cache_k_l9 (view)","SET_ROWS","f16",-1,0,-1,2048,512,1,1,2097152,0.508958,1,"clFinish_profiled"
"OpenCL","COMPUTE","cache_v_l9 (view)","SET_ROWS","f16",-1,2,-1,2048,512,1,1,2097152,0.309167,1,"clFinish_profiled"
"OpenCL","COMPUTE","__fattn__-9","FLASH_ATTN_EXT","f32",-1,9,-1,128,16,1,1,8192,0.423073,1,"clFinish_profiled"
"CPU_Elastic","COMPUTE_GRAPH","ggml_cgraph","GRAPH","",-1,2,-1,0,0,0,0,0,1.593906,1,"delegate_cpu_graph"
"OpenCL","COMPUTE","ffn_moe_logits-9","MUL_MAT","f32",-1,2,-1,64,1,1,1,256,0.547083,1,"clFinish_profiled"
"OpenCL","COMPUTE","ffn_moe_probs-9","SOFT_MAX","f32",-1,3,-1,64,1,1,1,256,0.206979,1,"clFinish_profiled"
"OpenCL","COMPUTE","ffn_moe_argsort-9","ARGSORT","i32",-1,5,-1,64,1,1,1,256,0.199948,1,"clFinish_profiled"
"OpenCL","COMPUTE","ffn_moe_weights-9","GET_ROWS","f32",-1,7,-1,1,8,1,1,32,0.188802,1,"clFinish_profiled"
"CPU_Elastic","COMPUTE_GRAPH","ggml_cgraph","GRAPH","",-1,21,-1,0,0,0,0,0,8.716771,1,"delegate_cpu_graph"
"CPU_Elastic","COMPUTE_GRAPH","ggml_cgraph","GRAPH","",-1,1,-1,0,0,0,0,0,1.754011,1,"delegate_cpu_graph"
"OpenCL","COMPUTE","Qcur-10","ROPE","f32",-1,3,-1,128,16,1,1,8192,0.519791,1,"clFinish_profiled"
"CPU_Elastic","COMPUTE_GRAPH","ggml_cgraph","GRAPH","",-1,1,-1,0,0,0,0,0,1.789479,1,"delegate_cpu_graph"
"OpenCL","COMPUTE","Kcur-10","ROPE","f32",-1,3,-1,128,16,1,1,8192,0.566198,1,"clFinish_profiled"
"OpenCL","COMPUTE","Vcur-10","MUL_MAT","f32",-1,4,-1,2048,1,1,1,8192,0.361927,1,"clFinish_profiled"
"OpenCL","COMPUTE","cache_k_l10 (view)","SET_ROWS","f16",-1,7,-1,2048,512,1,1,2097152,0.195053,1,"clFinish_profiled"
"OpenCL","COMPUTE","cache_v_l10 (view)","SET_ROWS","f16",-1,9,-1,2048,512,1,1,2097152,0.254480,1,"clFinish_profiled"
"OpenCL","COMPUTE","__fattn__-10","FLASH_ATTN_EXT","f32",-1,16,-1,128,16,1,1,8192,0.415677,1,"clFinish_profiled"
"CPU_Elastic","COMPUTE_GRAPH","ggml_cgraph","GRAPH","",-1,2,-1,0,0,0,0,0,1.602760,1,"delegate_cpu_graph"
"OpenCL","COMPUTE","ffn_moe_logits-10","MUL_MAT","f32",-1,2,-1,64,1,1,1,256,0.504166,1,"clFinish_profiled"
"OpenCL","COMPUTE","ffn_moe_probs-10","SOFT_MAX","f32",-1,3,-1,64,1,1,1,256,0.210885,1,"clFinish_profiled"
"OpenCL","COMPUTE","ffn_moe_argsort-10","ARGSORT","i32",-1,5,-1,64,1,1,1,256,0.200989,1,"clFinish_profiled"
"OpenCL","COMPUTE","ffn_moe_weights-10","GET_ROWS","f32",-1,7,-1,1,8,1,1,32,0.193750,1,"clFinish_profiled"
"CPU_Elastic","COMPUTE_GRAPH","ggml_cgraph","GRAPH","",-1,21,-1,0,0,0,0,0,9.708958,1,"delegate_cpu_graph"
"CPU_Elastic","COMPUTE_GRAPH","ggml_cgraph","GRAPH","",-1,1,-1,0,0,0,0,0,1.508594,1,"delegate_cpu_graph"
"OpenCL","COMPUTE","Qcur-11","ROPE","f32",-1,3,-1,128,16,1,1,8192,0.508386,1,"clFinish_profiled"
"CPU_Elastic","COMPUTE_GRAPH","ggml_cgraph","GRAPH","",-1,1,-1,0,0,0,0,0,1.591666,1,"delegate_cpu_graph"
"OpenCL","COMPUTE","Kcur-11","ROPE","f32",-1,3,-1,128,16,1,1,8192,0.506771,1,"clFinish_profiled"
"CPU_Elastic","COMPUTE_GRAPH","ggml_cgraph","GRAPH","",-1,3,-1,0,0,0,0,0,1.893385,1,"delegate_cpu_graph"
"OpenCL","COMPUTE","cache_k_l11 (view)","SET_ROWS","f16",-1,0,-1,2048,512,1,1,2097152,0.515156,1,"clFinish_profiled"
"OpenCL","COMPUTE","cache_v_l11 (view)","SET_ROWS","f16",-1,2,-1,2048,512,1,1,2097152,0.205990,1,"clFinish_profiled"
"OpenCL","COMPUTE","__fattn__-11","FLASH_ATTN_EXT","f32",-1,9,-1,128,16,1,1,8192,0.408698,1,"clFinish_profiled"
"CPU_Elastic","COMPUTE_GRAPH","ggml_cgraph","GRAPH","",-1,2,-1,0,0,0,0,0,1.723698,1,"delegate_cpu_graph"
"OpenCL","COMPUTE","ffn_moe_logits-11","MUL_MAT","f32",-1,2,-1,64,1,1,1,256,0.506563,1,"clFinish_profiled"
"OpenCL","COMPUTE","ffn_moe_probs-11","SOFT_MAX","f32",-1,3,-1,64,1,1,1,256,0.209166,1,"clFinish_profiled"
"OpenCL","COMPUTE","ffn_moe_argsort-11","ARGSORT","i32",-1,5,-1,64,1,1,1,256,0.203698,1,"clFinish_profiled"
"OpenCL","COMPUTE","ffn_moe_weights-11","GET_ROWS","f32",-1,7,-1,1,8,1,1,32,0.190729,1,"clFinish_profiled"
"CPU_Elastic","COMPUTE_GRAPH","ggml_cgraph","GRAPH","",-1,21,-1,0,0,0,0,0,11.673489,1,"delegate_cpu_graph"
"CPU_Elastic","COMPUTE_GRAPH","ggml_cgraph","GRAPH","",-1,1,-1,0,0,0,0,0,1.382812,1,"delegate_cpu_graph"
"OpenCL","COMPUTE","Qcur-12","ROPE","f32",-1,3,-1,128,16,1,1,8192,0.559010,1,"clFinish_profiled"
"CPU_Elastic","COMPUTE_GRAPH","ggml_cgraph","GRAPH","",-1,1,-1,0,0,0,0,0,1.656979,1,"delegate_cpu_graph"
"OpenCL","COMPUTE","Kcur-12","ROPE","f32",-1,3,-1,128,16,1,1,8192,0.501510,1,"clFinish_profiled"
"CPU_Elastic","COMPUTE_GRAPH","ggml_cgraph","GRAPH","",-1,3,-1,0,0,0,0,0,1.232709,1,"delegate_cpu_graph"
"OpenCL","COMPUTE","cache_k_l12 (view)","SET_ROWS","f16",-1,0,-1,2048,512,1,1,2097152,0.608281,1,"clFinish_profiled"
"OpenCL","COMPUTE","cache_v_l12 (view)","SET_ROWS","f16",-1,2,-1,2048,512,1,1,2097152,0.213282,1,"clFinish_profiled"
"OpenCL","COMPUTE","__fattn__-12","FLASH_ATTN_EXT","f32",-1,9,-1,128,16,1,1,8192,0.410052,1,"clFinish_profiled"
"CPU_Elastic","COMPUTE_GRAPH","ggml_cgraph","GRAPH","",-1,2,-1,0,0,0,0,0,0.478177,1,"delegate_cpu_graph"
"OpenCL","COMPUTE","ffn_moe_logits-12","MUL_MAT","f32",-1,2,-1,64,1,1,1,256,0.409219,1,"clFinish_profiled"
"OpenCL","COMPUTE","ffn_moe_probs-12","SOFT_MAX","f32",-1,3,-1,64,1,1,1,256,0.209532,1,"clFinish_profiled"
"OpenCL","COMPUTE","ffn_moe_argsort-12","ARGSORT","i32",-1,5,-1,64,1,1,1,256,0.325677,1,"clFinish_profiled"
"OpenCL","COMPUTE","ffn_moe_weights-12","GET_ROWS","f32",-1,7,-1,1,8,1,1,32,0.197343,1,"clFinish_profiled"
"CPU_Elastic","COMPUTE_GRAPH","ggml_cgraph","GRAPH","",-1,21,-1,0,0,0,0,0,6.108958,1,"delegate_cpu_graph"
"CPU_Elastic","COMPUTE_GRAPH","ggml_cgraph","GRAPH","",-1,1,-1,0,0,0,0,0,0.402552,1,"delegate_cpu_graph"
"OpenCL","COMPUTE","Qcur-13","ROPE","f32",-1,3,-1,128,16,1,1,8192,0.401615,1,"clFinish_profiled"
"CPU_Elastic","COMPUTE_GRAPH","ggml_cgraph","GRAPH","",-1,1,-1,0,0,0,0,0,0.471354,1,"delegate_cpu_graph"
"OpenCL","COMPUTE","Kcur-13","ROPE","f32",-1,3,-1,128,16,1,1,8192,0.403125,1,"clFinish_profiled"
"OpenCL","COMPUTE","Vcur-13","MUL_MAT","f32",-1,4,-1,2048,1,1,1,8192,0.352343,1,"clFinish_profiled"
"OpenCL","COMPUTE","cache_k_l13 (view)","SET_ROWS","f16",-1,7,-1,2048,512,1,1,2097152,0.196250,1,"clFinish_profiled"
"OpenCL","COMPUTE","cache_v_l13 (view)","SET_ROWS","f16",-1,9,-1,2048,512,1,1,2097152,0.195885,1,"clFinish_profiled"
"OpenCL","COMPUTE","__fattn__-13","FLASH_ATTN_EXT","f32",-1,16,-1,128,16,1,1,8192,0.583333,1,"clFinish_profiled"
"CPU_Elastic","COMPUTE_GRAPH","ggml_cgraph","GRAPH","",-1,2,-1,0,0,0,0,0,0.483907,1,"delegate_cpu_graph"
"OpenCL","COMPUTE","ffn_moe_logits-13","MUL_MAT","f32",-1,2,-1,64,1,1,1,256,0.524792,1,"clFinish_profiled"
"OpenCL","COMPUTE","ffn_moe_probs-13","SOFT_MAX","f32",-1,3,-1,64,1,1,1,256,0.244636,1,"clFinish_profiled"
"OpenCL","COMPUTE","ffn_moe_argsort-13","ARGSORT","i32",-1,5,-1,64,1,1,1,256,0.226511,1,"clFinish_profiled"
"OpenCL","COMPUTE","ffn_moe_weights-13","GET_ROWS","f32",-1,7,-1,1,8,1,1,32,0.189270,1,"clFinish_profiled"
"CPU_Elastic","COMPUTE_GRAPH","ggml_cgraph","GRAPH","",-1,21,-1,0,0,0,0,0,11.531354,1,"delegate_cpu_graph"
"CPU_Elastic","COMPUTE_GRAPH","ggml_cgraph","GRAPH","",-1,1,-1,0,0,0,0,0,1.290990,1,"delegate_cpu_graph"
"OpenCL","COMPUTE","Qcur-14","ROPE","f32",-1,3,-1,128,16,1,1,8192,0.511563,1,"clFinish_profiled"
"CPU_Elastic","COMPUTE_GRAPH","ggml_cgraph","GRAPH","",-1,1,-1,0,0,0,0,0,1.549896,1,"delegate_cpu_graph"
"OpenCL","COMPUTE","Kcur-14","ROPE","f32",-1,3,-1,128,16,1,1,8192,0.506250,1,"clFinish_profiled"
"OpenCL","COMPUTE","Vcur-14","MUL_MAT","f32",-1,4,-1,2048,1,1,1,8192,0.350365,1,"clFinish_profiled"
"OpenCL","COMPUTE","cache_k_l14 (view)","SET_ROWS","f16",-1,7,-1,2048,512,1,1,2097152,0.193698,1,"clFinish_profiled"
"OpenCL","COMPUTE","cache_v_l14 (view)","SET_ROWS","f16",-1,9,-1,2048,512,1,1,2097152,0.192917,1,"clFinish_profiled"
"OpenCL","COMPUTE","__fattn__-14","FLASH_ATTN_EXT","f32",-1,16,-1,128,16,1,1,8192,0.422865,1,"clFinish_profiled"
"CPU_Elastic","COMPUTE_GRAPH","ggml_cgraph","GRAPH","",-1,2,-1,0,0,0,0,0,0.948854,1,"delegate_cpu_graph"
"OpenCL","COMPUTE","ffn_moe_logits-14","MUL_MAT","f32",-1,2,-1,64,1,1,1,256,0.504844,1,"clFinish_profiled"
"OpenCL","COMPUTE","ffn_moe_probs-14","SOFT_MAX","f32",-1,3,-1,64,1,1,1,256,0.207969,1,"clFinish_profiled"
"OpenCL","COMPUTE","ffn_moe_argsort-14","ARGSORT","i32",-1,5,-1,64,1,1,1,256,0.202448,1,"clFinish_profiled"
"OpenCL","COMPUTE","ffn_moe_weights-14","GET_ROWS","f32",-1,7,-1,1,8,1,1,32,0.189895,1,"clFinish_profiled"
"CPU_Elastic","COMPUTE_GRAPH","ggml_cgraph","GRAPH","",-1,21,-1,0,0,0,0,0,11.783385,1,"delegate_cpu_graph"
"CPU_Elastic","COMPUTE_GRAPH","ggml_cgraph","GRAPH","",-1,1,-1,0,0,0,0,0,1.757344,1,"delegate_cpu_graph"
"OpenCL","COMPUTE","Qcur-15","ROPE","f32",-1,3,-1,128,16,1,1,8192,0.489427,1,"clFinish_profiled"
"CPU_Elastic","COMPUTE_GRAPH","ggml_cgraph","GRAPH","",-1,1,-1,0,0,0,0,0,1.523073,1,"delegate_cpu_graph"
"OpenCL","COMPUTE","Kcur-15","ROPE","f32",-1,3,-1,128,16,1,1,8192,0.481093,1,"clFinish_profiled"
"OpenCL","COMPUTE","Vcur-15","MUL_MAT","f32",-1,4,-1,2048,1,1,1,8192,0.350677,1,"clFinish_profiled"
"OpenCL","COMPUTE","cache_k_l15 (view)","SET_ROWS","f16",-1,7,-1,2048,512,1,1,2097152,0.195729,1,"clFinish_profiled"
"OpenCL","COMPUTE","cache_v_l15 (view)","SET_ROWS","f16",-1,9,-1,2048,512,1,1,2097152,0.194063,1,"clFinish_profiled"
"OpenCL","COMPUTE","__fattn__-15","FLASH_ATTN_EXT","f32",-1,16,-1,128,16,1,1,8192,0.408177,1,"clFinish_profiled"
"CPU_Elastic","COMPUTE_GRAPH","ggml_cgraph","GRAPH","",-1,4,-1,0,0,0,0,0,2.254636,1,"delegate_cpu_graph"
"OpenCL","COMPUTE","ffn_moe_logits-15","MUL_MAT","f32",-1,2,-1,64,1,1,1,256,0.518021,1,"clFinish_profiled"
"OpenCL","COMPUTE","ffn_moe_probs-15","SOFT_MAX","f32",-1,3,-1,64,1,1,1,256,0.205677,1,"clFinish_profiled"
"OpenCL","COMPUTE","ffn_moe_argsort-15","ARGSORT","i32",-1,5,-1,64,1,1,1,256,0.201197,1,"clFinish_profiled"
"OpenCL","COMPUTE","ffn_moe_weights-15","GET_ROWS","f32",-1,7,-1,1,8,1,1,32,0.189323,1,"clFinish_profiled"
"CPU_Elastic","COMPUTE_GRAPH","ggml_cgraph","GRAPH","",-1,22,-1,0,0,0,0,0,9.028803,1,"delegate_cpu_graph"
"OpenCL","COMPUTE","result_norm","MUL","f32",-1,0,-1,2048,1,1,1,8192,0.505834,1,"clFinish_profiled"
"OpenCL","COMPUTE","result_output","MUL_MAT","f32",-1,1,-1,50304,1,1,1,201216,4.011823,1,"clFinish_profiled"
"CPU_Elastic","COMPUTE_GRAPH","ggml_cgraph","GRAPH","",-1,1,-1,0,0,0,0,0,0.011354,1,"delegate_cpu_graph"
"CPU_Elastic","COMPUTE_GRAPH","ggml_cgraph","GRAPH","",-1,1,-1,0,0,0,0,0,0.944115,1,"delegate_cpu_graph"
"OpenCL","COMPUTE","Qcur-0","ROPE","f32",-1,3,-1,128,16,1,1,8192,0.556667,1,"clFinish_profiled"
"CPU_Elastic","COMPUTE_GRAPH","ggml_cgraph","GRAPH","",-1,1,-1,0,0,0,0,0,0.530729,1,"delegate_cpu_graph"
"OpenCL","COMPUTE","Kcur-0","ROPE","f32",-1,3,-1,128,16,1,1,8192,0.556511,1,"clFinish_profiled"
"OpenCL","COMPUTE","Vcur-0","MUL_MAT","f32",-1,4,-1,2048,1,1,1,8192,0.357812,1,"clFinish_profiled"
"OpenCL","COMPUTE","cache_k_l0 (view)","SET_ROWS","f16",-1,7,-1,2048,512,1,1,2097152,0.199427,1,"clFinish_profiled"
"OpenCL","COMPUTE","cache_v_l0 (view)","SET_ROWS","f16",-1,9,-1,2048,512,1,1,2097152,0.197240,1,"clFinish_profiled"
"OpenCL","COMPUTE"," (copy)","CPY","f16",-1,16,-1,256,64,1,1,32768,0.201563,1,"clFinish_profiled"
"OpenCL","COMPUTE","__fattn__-0","FLASH_ATTN_EXT","f32",-1,17,-1,128,16,1,1,8192,0.417031,1,"clFinish_profiled"
"CPU_Elastic","COMPUTE_GRAPH","ggml_cgraph","GRAPH","",-1,2,-1,0,0,0,0,0,0.530781,1,"delegate_cpu_graph"
"OpenCL","COMPUTE","ffn_moe_logits-0","MUL_MAT","f32",-1,2,-1,64,1,1,1,256,0.407239,1,"clFinish_profiled"
"OpenCL","COMPUTE","ffn_moe_probs-0","SOFT_MAX","f32",-1,3,-1,64,1,1,1,256,0.207969,1,"clFinish_profiled"
"OpenCL","COMPUTE","ffn_moe_argsort-0","ARGSORT","i32",-1,5,-1,64,1,1,1,256,0.202031,1,"clFinish_profiled"
"OpenCL","COMPUTE","ffn_moe_weights-0","GET_ROWS","f32",-1,7,-1,1,8,1,1,32,0.194584,1,"clFinish_profiled"
"CPU_Elastic","COMPUTE_GRAPH","ggml_cgraph","GRAPH","",-1,21,-1,0,0,0,0,0,9.637656,1,"delegate_cpu_graph"
"CPU_Elastic","COMPUTE_GRAPH","ggml_cgraph","GRAPH","",-1,1,-1,0,0,0,0,0,0.381979,1,"delegate_cpu_graph"
"OpenCL","COMPUTE","Qcur-1","ROPE","f32",-1,3,-1,128,16,1,1,8192,0.428802,1,"clFinish_profiled"
"CPU_Elastic","COMPUTE_GRAPH","ggml_cgraph","GRAPH","",-1,1,-1,0,0,0,0,0,0.442812,1,"delegate_cpu_graph"
"OpenCL","COMPUTE","Kcur-1","ROPE","f32",-1,3,-1,128,16,1,1,8192,0.407188,1,"clFinish_profiled"
"OpenCL","COMPUTE","Vcur-1","MUL_MAT","f32",-1,4,-1,2048,1,1,1,8192,0.386250,1,"clFinish_profiled"
"OpenCL","COMPUTE","cache_k_l1 (view)","SET_ROWS","f16",-1,7,-1,2048,512,1,1,2097152,0.199114,1,"clFinish_profiled"
"OpenCL","COMPUTE","cache_v_l1 (view)","SET_ROWS","f16",-1,9,-1,2048,512,1,1,2097152,0.195260,1,"clFinish_profiled"
"OpenCL","COMPUTE","__fattn__-1","FLASH_ATTN_EXT","f32",-1,16,-1,128,16,1,1,8192,0.413594,1,"clFinish_profiled"
"CPU_Elastic","COMPUTE_GRAPH","ggml_cgraph","GRAPH","",-1,2,-1,0,0,0,0,0,0.605833,1,"delegate_cpu_graph"
"OpenCL","COMPUTE","ffn_moe_logits-1","MUL_MAT","f32",-1,2,-1,64,1,1,1,256,0.500937,1,"clFinish_profiled"
"OpenCL","COMPUTE","ffn_moe_probs-1","SOFT_MAX","f32",-1,3,-1,64,1,1,1,256,0.204688,1,"clFinish_profiled"
"OpenCL","COMPUTE","ffn_moe_argsort-1","ARGSORT","i32",-1,5,-1,64,1,1,1,256,0.197448,1,"clFinish_profiled"
"OpenCL","COMPUTE","ffn_moe_weights-1","GET_ROWS","f32",-1,7,-1,1,8,1,1,32,0.190573,1,"clFinish_profiled"
"CPU_Elastic","COMPUTE_GRAPH","ggml_cgraph","GRAPH","",-1,21,-1,0,0,0,0,0,11.260573,1,"delegate_cpu_graph"
"CPU_Elastic","COMPUTE_GRAPH","ggml_cgraph","GRAPH","",-1,1,-1,0,0,0,0,0,1.009739,1,"delegate_cpu_graph"
"OpenCL","COMPUTE","Qcur-2","ROPE","f32",-1,3,-1,128,16,1,1,8192,0.498698,1,"clFinish_profiled"
"CPU_Elastic","COMPUTE_GRAPH","ggml_cgraph","GRAPH","",-1,1,-1,0,0,0,0,0,0.371198,1,"delegate_cpu_graph"
"OpenCL","COMPUTE","Kcur-2","ROPE","f32",-1,3,-1,128,16,1,1,8192,0.401302,1,"clFinish_profiled"
"CPU_Elastic","COMPUTE_GRAPH","ggml_cgraph","GRAPH","",-1,3,-1,0,0,0,0,0,0.472917,1,"delegate_cpu_graph"
"OpenCL","COMPUTE","cache_k_l2 (view)","SET_ROWS","f16",-1,0,-1,2048,512,1,1,2097152,0.390104,1,"clFinish_profiled"
"OpenCL","COMPUTE","cache_v_l2 (view)","SET_ROWS","f16",-1,2,-1,2048,512,1,1,2097152,0.199323,1,"clFinish_profiled"
"OpenCL","COMPUTE","__fattn__-2","FLASH_ATTN_EXT","f32",-1,9,-1,128,16,1,1,8192,0.417552,1,"clFinish_profiled"
"CPU_Elastic","COMPUTE_GRAPH","ggml_cgraph","GRAPH","",-1,2,-1,0,0,0,0,0,0.423125,1,"delegate_cpu_graph"
"OpenCL","COMPUTE","ffn_moe_logits-2","MUL_MAT","f32",-1,2,-1,64,1,1,1,256,0.408333,1,"clFinish_profiled"
"OpenCL","COMPUTE","ffn_moe_probs-2","SOFT_MAX","f32",-1,3,-1,64,1,1,1,256,0.205938,1,"clFinish_profiled"
"OpenCL","COMPUTE","ffn_moe_argsort-2","ARGSORT","i32",-1,5,-1,64,1,1,1,256,0.199635,1,"clFinish_profiled"
"OpenCL","COMPUTE","ffn_moe_weights-2","GET_ROWS","f32",-1,7,-1,1,8,1,1,32,0.191302,1,"clFinish_profiled"
"CPU_Elastic","COMPUTE_GRAPH","ggml_cgraph","GRAPH","",-1,21,-1,0,0,0,0,0,4.839063,1,"delegate_cpu_graph"
"CPU_Elastic","COMPUTE_GRAPH","ggml_cgraph","GRAPH","",-1,1,-1,0,0,0,0,0,0.410156,1,"delegate_cpu_graph"
"OpenCL","COMPUTE","Qcur-3","ROPE","f32",-1,3,-1,128,16,1,1,8192,0.409375,1,"clFinish_profiled"
"CPU_Elastic","COMPUTE_GRAPH","ggml_cgraph","GRAPH","",-1,1,-1,0,0,0,0,0,0.465208,1,"delegate_cpu_graph"
"OpenCL","COMPUTE","Kcur-3","ROPE","f32",-1,3,-1,128,16,1,1,8192,0.398489,1,"clFinish_profiled"
"CPU_Elastic","COMPUTE_GRAPH","ggml_cgraph","GRAPH","",-1,3,-1,0,0,0,0,0,0.480729,1,"delegate_cpu_graph"
"OpenCL","COMPUTE","cache_k_l3 (view)","SET_ROWS","f16",-1,0,-1,2048,512,1,1,2097152,0.388854,1,"clFinish_profiled"
"OpenCL","COMPUTE","cache_v_l3 (view)","SET_ROWS","f16",-1,2,-1,2048,512,1,1,2097152,0.200000,1,"clFinish_profiled"
"OpenCL","COMPUTE","__fattn__-3","FLASH_ATTN_EXT","f32",-1,9,-1,128,16,1,1,8192,0.406666,1,"clFinish_profiled"
"CPU_Elastic","COMPUTE_GRAPH","ggml_cgraph","GRAPH","",-1,2,-1,0,0,0,0,0,0.432865,1,"delegate_cpu_graph"
"OpenCL","COMPUTE","ffn_moe_logits-3","MUL_MAT","f32",-1,2,-1,64,1,1,1,256,0.405469,1,"clFinish_profiled"
"OpenCL","COMPUTE","ffn_moe_probs-3","SOFT_MAX","f32",-1,3,-1,64,1,1,1,256,0.203958,1,"clFinish_profiled"
"OpenCL","COMPUTE","ffn_moe_argsort-3","ARGSORT","i32",-1,5,-1,64,1,1,1,256,0.198646,1,"clFinish_profiled"
"OpenCL","COMPUTE","ffn_moe_weights-3","GET_ROWS","f32",-1,7,-1,1,8,1,1,32,0.189479,1,"clFinish_profiled"
"CPU_Elastic","COMPUTE_GRAPH","ggml_cgraph","GRAPH","",-1,21,-1,0,0,0,0,0,11.996771,1,"delegate_cpu_graph"
"CPU_Elastic","COMPUTE_GRAPH","ggml_cgraph","GRAPH","",-1,1,-1,0,0,0,0,0,1.347709,1,"delegate_cpu_graph"
"OpenCL","COMPUTE","Qcur-4","ROPE","f32",-1,3,-1,128,16,1,1,8192,0.490833,1,"clFinish_profiled"
"CPU_Elastic","COMPUTE_GRAPH","ggml_cgraph","GRAPH","",-1,1,-1,0,0,0,0,0,1.497813,1,"delegate_cpu_graph"
"OpenCL","COMPUTE","Kcur-4","ROPE","f32",-1,3,-1,128,16,1,1,8192,0.482032,1,"clFinish_profiled"
"OpenCL","COMPUTE","Vcur-4","MUL_MAT","f32",-1,4,-1,2048,1,1,1,8192,0.354219,1,"clFinish_profiled"
"OpenCL","COMPUTE","cache_k_l4 (view)","SET_ROWS","f16",-1,7,-1,2048,512,1,1,2097152,0.226146,1,"clFinish_profiled"
"OpenCL","COMPUTE","cache_v_l4 (view)","SET_ROWS","f16",-1,9,-1,2048,512,1,1,2097152,0.194844,1,"clFinish_profiled"
"OpenCL","COMPUTE","__fattn__-4","FLASH_ATTN_EXT","f32",-1,16,-1,128,16,1,1,8192,0.405781,1,"clFinish_profiled"
"CPU_Elastic","COMPUTE_GRAPH","ggml_cgraph","GRAPH","",-1,2,-1,0,0,0,0,0,1.912448,1,"delegate_cpu_graph"
"OpenCL","COMPUTE","ffn_moe_logits-4","MUL_MAT","f32",-1,2,-1,64,1,1,1,256,0.616562,1,"clFinish_profiled"
"OpenCL","COMPUTE","ffn_moe_probs-4","SOFT_MAX","f32",-1,3,-1,64,1,1,1,256,0.214219,1,"clFinish_profiled"
"OpenCL","COMPUTE","ffn_moe_argsort-4","ARGSORT","i32",-1,5,-1,64,1,1,1,256,0.201770,1,"clFinish_profiled"
"OpenCL","COMPUTE","ffn_moe_weights-4","GET_ROWS","f32",-1,7,-1,1,8,1,1,32,0.191510,1,"clFinish_profiled"
"CPU_Elastic","COMPUTE_GRAPH","ggml_cgraph","GRAPH","",-1,21,-1,0,0,0,0,0,12.148385,1,"delegate_cpu_graph"
"CPU_Elastic","COMPUTE_GRAPH","ggml_cgraph","GRAPH","",-1,1,-1,0,0,0,0,0,0.586823,1,"delegate_cpu_graph"
"OpenCL","COMPUTE","Qcur-5","ROPE","f32",-1,3,-1,128,16,1,1,8192,0.544479,1,"clFinish_profiled"
"CPU_Elastic","COMPUTE_GRAPH","ggml_cgraph","GRAPH","",-1,1,-1,0,0,0,0,0,0.603958,1,"delegate_cpu_graph"
"OpenCL","COMPUTE","Kcur-5","ROPE","f32",-1,3,-1,128,16,1,1,8192,0.512500,1,"clFinish_profiled"
"CPU_Elastic","COMPUTE_GRAPH","ggml_cgraph","GRAPH","",-1,3,-1,0,0,0,0,0,2.317083,1,"delegate_cpu_graph"
"OpenCL","COMPUTE","cache_k_l5 (view)","SET_ROWS","f16",-1,0,-1,2048,512,1,1,2097152,0.477864,1,"clFinish_profiled"
"OpenCL","COMPUTE","cache_v_l5 (view)","SET_ROWS","f16",-1,2,-1,2048,512,1,1,2097152,0.200886,1,"clFinish_profiled"
"OpenCL","COMPUTE","__fattn__-5","FLASH_ATTN_EXT","f32",-1,9,-1,128,16,1,1,8192,0.411510,1,"clFinish_profiled"
"CPU_Elastic","COMPUTE_GRAPH","ggml_cgraph","GRAPH","",-1,2,-1,0,0,0,0,0,1.508646,1,"delegate_cpu_graph"
"OpenCL","COMPUTE","ffn_moe_logits-5","MUL_MAT","f32",-1,2,-1,64,1,1,1,256,0.491302,1,"clFinish_profiled"
"OpenCL","COMPUTE","ffn_moe_probs-5","SOFT_MAX","f32",-1,3,-1,64,1,1,1,256,0.209531,1,"clFinish_profiled"
"OpenCL","COMPUTE","ffn_moe_argsort-5","ARGSORT","i32",-1,5,-1,64,1,1,1,256,0.103698,1,"clFinish_profiled"
"OpenCL","COMPUTE","ffn_moe_weights-5","GET_ROWS","f32",-1,7,-1,1,8,1,1,32,0.115781,1,"clFinish_profiled"
"CPU_Elastic","COMPUTE_GRAPH","ggml_cgraph","GRAPH","",-1,21,-1,0,0,0,0,0,6.970365,1,"delegate_cpu_graph"
"CPU_Elastic","COMPUTE_GRAPH","ggml_cgraph","GRAPH","",-1,1,-1,0,0,0,0,0,0.937605,1,"delegate_cpu_graph"
"OpenCL","COMPUTE","Qcur-6","ROPE","f32",-1,3,-1,128,16,1,1,8192,0.536354,1,"clFinish_profiled"
"CPU_Elastic","COMPUTE_GRAPH","ggml_cgraph","GRAPH","",-1,1,-1,0,0,0,0,0,1.248281,1,"delegate_cpu_graph"
"OpenCL","COMPUTE","Kcur-6","ROPE","f32",-1,3,-1,128,16,1,1,8192,0.528594,1,"clFinish_profiled"
"CPU_Elastic","COMPUTE_GRAPH","ggml_cgraph","GRAPH","",-1,3,-1,0,0,0,0,0,2.332500,1,"delegate_cpu_graph"
"OpenCL","COMPUTE","cache_k_l6 (view)","SET_ROWS","f16",-1,0,-1,2048,512,1,1,2097152,0.497500,1,"clFinish_profiled"
"OpenCL","COMPUTE","cache_v_l6 (view)","SET_ROWS","f16",-1,2,-1,2048,512,1,1,2097152,0.201041,1,"clFinish_profiled"
"OpenCL","COMPUTE","__fattn__-6","FLASH_ATTN_EXT","f32",-1,9,-1,128,16,1,1,8192,0.408178,1,"clFinish_profiled"
"CPU_Elastic","COMPUTE_GRAPH","ggml_cgraph","GRAPH","",-1,2,-1,0,0,0,0,0,0.591354,1,"delegate_cpu_graph"
"OpenCL","COMPUTE","ffn_moe_logits-6","MUL_MAT","f32",-1,2,-1,64,1,1,1,256,0.490625,1,"clFinish_profiled"
"OpenCL","COMPUTE","ffn_moe_probs-6","SOFT_MAX","f32",-1,3,-1,64,1,1,1,256,0.247031,1,"clFinish_profiled"
"OpenCL","COMPUTE","ffn_moe_argsort-6","ARGSORT","i32",-1,5,-1,64,1,1,1,256,0.196563,1,"clFinish_profiled"
"OpenCL","COMPUTE","ffn_moe_weights-6","GET_ROWS","f32",-1,7,-1,1,8,1,1,32,0.186770,1,"clFinish_profiled"
"CPU_Elastic","COMPUTE_GRAPH","ggml_cgraph","GRAPH","",-1,21,-1,0,0,0,0,0,7.169636,1,"delegate_cpu_graph"
"CPU_Elastic","COMPUTE_GRAPH","ggml_cgraph","GRAPH","",-1,1,-1,0,0,0,0,0,0.390833,1,"delegate_cpu_graph"
"OpenCL","COMPUTE","Qcur-7","ROPE","f32",-1,3,-1,128,16,1,1,8192,0.398802,1,"clFinish_profiled"
"CPU_Elastic","COMPUTE_GRAPH","ggml_cgraph","GRAPH","",-1,1,-1,0,0,0,0,0,0.478802,1,"delegate_cpu_graph"
"OpenCL","COMPUTE","Kcur-7","ROPE","f32",-1,3,-1,128,16,1,1,8192,0.396094,1,"clFinish_profiled"
"OpenCL","COMPUTE","Vcur-7","MUL_MAT","f32",-1,4,-1,2048,1,1,1,8192,0.359063,1,"clFinish_profiled"
"OpenCL","COMPUTE","cache_k_l7 (view)","SET_ROWS","f16",-1,7,-1,2048,512,1,1,2097152,0.195000,1,"clFinish_profiled"
"OpenCL","COMPUTE","cache_v_l7 (view)","SET_ROWS","f16",-1,9,-1,2048,512,1,1,2097152,0.193282,1,"clFinish_profiled"
"OpenCL","COMPUTE","__fattn__-7","FLASH_ATTN_EXT","f32",-1,16,-1,128,16,1,1,8192,0.413229,1,"clFinish_profiled"
"CPU_Elastic","COMPUTE_GRAPH","ggml_cgraph","GRAPH","",-1,2,-1,0,0,0,0,0,0.378334,1,"delegate_cpu_graph"
"OpenCL","COMPUTE","ffn_moe_logits-7","MUL_MAT","f32",-1,2,-1,64,1,1,1,256,0.412500,1,"clFinish_profiled"
"OpenCL","COMPUTE","ffn_moe_probs-7","SOFT_MAX","f32",-1,3,-1,64,1,1,1,256,0.206875,1,"clFinish_profiled"
"OpenCL","COMPUTE","ffn_moe_argsort-7","ARGSORT","i32",-1,5,-1,64,1,1,1,256,0.199531,1,"clFinish_profiled"
"OpenCL","COMPUTE","ffn_moe_weights-7","GET_ROWS","f32",-1,7,-1,1,8,1,1,32,0.191459,1,"clFinish_profiled"
"CPU_Elastic","COMPUTE_GRAPH","ggml_cgraph","GRAPH","",-1,21,-1,0,0,0,0,0,10.277604,1,"delegate_cpu_graph"
"CPU_Elastic","COMPUTE_GRAPH","ggml_cgraph","GRAPH","",-1,1,-1,0,0,0,0,0,0.437969,1,"delegate_cpu_graph"
"OpenCL","COMPUTE","Qcur-8","ROPE","f32",-1,3,-1,128,16,1,1,8192,0.407656,1,"clFinish_profiled"
"CPU_Elastic","COMPUTE_GRAPH","ggml_cgraph","GRAPH","",-1,1,-1,0,0,0,0,0,0.463750,1,"delegate_cpu_graph"
"OpenCL","COMPUTE","Kcur-8","ROPE","f32",-1,3,-1,128,16,1,1,8192,0.395677,1,"clFinish_profiled"
"CPU_Elastic","COMPUTE_GRAPH","ggml_cgraph","GRAPH","",-1,3,-1,0,0,0,0,0,0.480313,1,"delegate_cpu_graph"
"OpenCL","COMPUTE","cache_k_l8 (view)","SET_ROWS","f16",-1,0,-1,2048,512,1,1,2097152,0.389688,1,"clFinish_profiled"
"OpenCL","COMPUTE","cache_v_l8 (view)","SET_ROWS","f16",-1,2,-1,2048,512,1,1,2097152,0.199480,1,"clFinish_profiled"
"OpenCL","COMPUTE","__fattn__-8","FLASH_ATTN_EXT","f32",-1,9,-1,128,16,1,1,8192,0.586511,1,"clFinish_profiled"
"CPU_Elastic","COMPUTE_GRAPH","ggml_cgraph","GRAPH","",-1,2,-1,0,0,0,0,0,0.533177,1,"delegate_cpu_graph"
"OpenCL","COMPUTE","ffn_moe_logits-8","MUL_MAT","f32",-1,2,-1,64,1,1,1,256,0.556771,1,"clFinish_profiled"
"OpenCL","COMPUTE","ffn_moe_probs-8","SOFT_MAX","f32",-1,3,-1,64,1,1,1,256,0.215625,1,"clFinish_profiled"
"OpenCL","COMPUTE","ffn_moe_argsort-8","ARGSORT","i32",-1,5,-1,64,1,1,1,256,0.200312,1,"clFinish_profiled"
"OpenCL","COMPUTE","ffn_moe_weights-8","GET_ROWS","f32",-1,7,-1,1,8,1,1,32,0.190781,1,"clFinish_profiled"
"CPU_Elastic","COMPUTE_GRAPH","ggml_cgraph","GRAPH","",-1,21,-1,0,0,0,0,0,5.250000,1,"delegate_cpu_graph"
"CPU_Elastic","COMPUTE_GRAPH","ggml_cgraph","GRAPH","",-1,1,-1,0,0,0,0,0,0.414583,1,"delegate_cpu_graph"
"OpenCL","COMPUTE","Qcur-9","ROPE","f32",-1,3,-1,128,16,1,1,8192,0.406667,1,"clFinish_profiled"
"CPU_Elastic","COMPUTE_GRAPH","ggml_cgraph","GRAPH","",-1,1,-1,0,0,0,0,0,0.495364,1,"delegate_cpu_graph"
"OpenCL","COMPUTE","Kcur-9","ROPE","f32",-1,3,-1,128,16,1,1,8192,0.396407,1,"clFinish_profiled"
"CPU_Elastic","COMPUTE_GRAPH","ggml_cgraph","GRAPH","",-1,3,-1,0,0,0,0,0,0.471406,1,"delegate_cpu_graph"
"OpenCL","COMPUTE","cache_k_l9 (view)","SET_ROWS","f16",-1,0,-1,2048,512,1,1,2097152,0.389375,1,"clFinish_profiled"
"OpenCL","COMPUTE","cache_v_l9 (view)","SET_ROWS","f16",-1,2,-1,2048,512,1,1,2097152,0.203541,1,"clFinish_profiled"
"OpenCL","COMPUTE","__fattn__-9","FLASH_ATTN_EXT","f32",-1,9,-1,128,16,1,1,8192,0.411198,1,"clFinish_profiled"
"CPU_Elastic","COMPUTE_GRAPH","ggml_cgraph","GRAPH","",-1,2,-1,0,0,0,0,0,0.424896,1,"delegate_cpu_graph"
"OpenCL","COMPUTE","ffn_moe_logits-9","MUL_MAT","f32",-1,2,-1,64,1,1,1,256,0.407135,1,"clFinish_profiled"
"OpenCL","COMPUTE","ffn_moe_probs-9","SOFT_MAX","f32",-1,3,-1,64,1,1,1,256,0.242135,1,"clFinish_profiled"
"OpenCL","COMPUTE","ffn_moe_argsort-9","ARGSORT","i32",-1,5,-1,64,1,1,1,256,0.202812,1,"clFinish_profiled"
"OpenCL","COMPUTE","ffn_moe_weights-9","GET_ROWS","f32",-1,7,-1,1,8,1,1,32,0.191770,1,"clFinish_profiled"
"CPU_Elastic","COMPUTE_GRAPH","ggml_cgraph","GRAPH","",-1,21,-1,0,0,0,0,0,7.730313,1,"delegate_cpu_graph"
"CPU_Elastic","COMPUTE_GRAPH","ggml_cgraph","GRAPH","",-1,1,-1,0,0,0,0,0,0.426146,1,"delegate_cpu_graph"
"OpenCL","COMPUTE","Qcur-10","ROPE","f32",-1,3,-1,128,16,1,1,8192,0.401146,1,"clFinish_profiled"
"CPU_Elastic","COMPUTE_GRAPH","ggml_cgraph","GRAPH","",-1,1,-1,0,0,0,0,0,0.471407,1,"delegate_cpu_graph"
"OpenCL","COMPUTE","Kcur-10","ROPE","f32",-1,3,-1,128,16,1,1,8192,0.399010,1,"clFinish_profiled"
"OpenCL","COMPUTE","Vcur-10","MUL_MAT","f32",-1,4,-1,2048,1,1,1,8192,0.353541,1,"clFinish_profiled"
"OpenCL","COMPUTE","cache_k_l10 (view)","SET_ROWS","f16",-1,7,-1,2048,512,1,1,2097152,0.193750,1,"clFinish_profiled"
"OpenCL","COMPUTE","cache_v_l10 (view)","SET_ROWS","f16",-1,9,-1,2048,512,1,1,2097152,0.193855,1,"clFinish_profiled"
"OpenCL","COMPUTE","__fattn__-10","FLASH_ATTN_EXT","f32",-1,16,-1,128,16,1,1,8192,0.437135,1,"clFinish_profiled"
"CPU_Elastic","COMPUTE_GRAPH","ggml_cgraph","GRAPH","",-1,2,-1,0,0,0,0,0,2.059791,1,"delegate_cpu_graph"
"OpenCL","COMPUTE","ffn_moe_logits-10","MUL_MAT","f32",-1,2,-1,64,1,1,1,256,0.508698,1,"clFinish_profiled"
"OpenCL","COMPUTE","ffn_moe_probs-10","SOFT_MAX","f32",-1,3,-1,64,1,1,1,256,0.207708,1,"clFinish_profiled"
"OpenCL","COMPUTE","ffn_moe_argsort-10","ARGSORT","i32",-1,5,-1,64,1,1,1,256,0.198750,1,"clFinish_profiled"
"OpenCL","COMPUTE","ffn_moe_weights-10","GET_ROWS","f32",-1,7,-1,1,8,1,1,32,0.189791,1,"clFinish_profiled"
"CPU_Elastic","COMPUTE_GRAPH","ggml_cgraph","GRAPH","",-1,21,-1,0,0,0,0,0,8.244688,1,"delegate_cpu_graph"
"CPU_Elastic","COMPUTE_GRAPH","ggml_cgraph","GRAPH","",-1,1,-1,0,0,0,0,0,0.401406,1,"delegate_cpu_graph"
"OpenCL","COMPUTE","Qcur-11","ROPE","f32",-1,3,-1,128,16,1,1,8192,0.425625,1,"clFinish_profiled"
"CPU_Elastic","COMPUTE_GRAPH","ggml_cgraph","GRAPH","",-1,1,-1,0,0,0,0,0,0.442604,1,"delegate_cpu_graph"
"OpenCL","COMPUTE","Kcur-11","ROPE","f32",-1,3,-1,128,16,1,1,8192,0.400781,1,"clFinish_profiled"
"CPU_Elastic","COMPUTE_GRAPH","ggml_cgraph","GRAPH","",-1,3,-1,0,0,0,0,0,0.473750,1,"delegate_cpu_graph"
"OpenCL","COMPUTE","cache_k_l11 (view)","SET_ROWS","f16",-1,0,-1,2048,512,1,1,2097152,0.391198,1,"clFinish_profiled"
"OpenCL","COMPUTE","cache_v_l11 (view)","SET_ROWS","f16",-1,2,-1,2048,512,1,1,2097152,0.197813,1,"clFinish_profiled"
"OpenCL","COMPUTE","__fattn__-11","FLASH_ATTN_EXT","f32",-1,9,-1,128,16,1,1,8192,0.414948,1,"clFinish_profiled"
"CPU_Elastic","COMPUTE_GRAPH","ggml_cgraph","GRAPH","",-1,2,-1,0,0,0,0,0,0.424271,1,"delegate_cpu_graph"
"OpenCL","COMPUTE","ffn_moe_logits-11","MUL_MAT","f32",-1,2,-1,64,1,1,1,256,0.404583,1,"clFinish_profiled"
"OpenCL","COMPUTE","ffn_moe_probs-11","SOFT_MAX","f32",-1,3,-1,64,1,1,1,256,0.206041,1,"clFinish_profiled"
"OpenCL","COMPUTE","ffn_moe_argsort-11","ARGSORT","i32",-1,5,-1,64,1,1,1,256,0.197605,1,"clFinish_profiled"
"OpenCL","COMPUTE","ffn_moe_weights-11","GET_ROWS","f32",-1,7,-1,1,8,1,1,32,0.189323,1,"clFinish_profiled"
"CPU_Elastic","COMPUTE_GRAPH","ggml_cgraph","GRAPH","",-1,21,-1,0,0,0,0,0,11.458333,1,"delegate_cpu_graph"
"CPU_Elastic","COMPUTE_GRAPH","ggml_cgraph","GRAPH","",-1,1,-1,0,0,0,0,0,1.697552,1,"delegate_cpu_graph"
"OpenCL","COMPUTE","Qcur-12","ROPE","f32",-1,3,-1,128,16,1,1,8192,0.486875,1,"clFinish_profiled"
"CPU_Elastic","COMPUTE_GRAPH","ggml_cgraph","GRAPH","",-1,1,-1,0,0,0,0,0,1.499428,1,"delegate_cpu_graph"
"OpenCL","COMPUTE","Kcur-12","ROPE","f32",-1,3,-1,128,16,1,1,8192,0.490105,1,"clFinish_profiled"
"CPU_Elastic","COMPUTE_GRAPH","ggml_cgraph","GRAPH","",-1,3,-1,0,0,0,0,0,2.073229,1,"delegate_cpu_graph"
"OpenCL","COMPUTE","cache_k_l12 (view)","SET_ROWS","f16",-1,0,-1,2048,512,1,1,2097152,0.478958,1,"clFinish_profiled"
"OpenCL","COMPUTE","cache_v_l12 (view)","SET_ROWS","f16",-1,2,-1,2048,512,1,1,2097152,0.204323,1,"clFinish_profiled"
"OpenCL","COMPUTE","__fattn__-12","FLASH_ATTN_EXT","f32",-1,9,-1,128,16,1,1,8192,0.450468,1,"clFinish_profiled"
"CPU_Elastic","COMPUTE_GRAPH","ggml_cgraph","GRAPH","",-1,2,-1,0,0,0,0,0,1.674948,1,"delegate_cpu_graph"
"OpenCL","COMPUTE","ffn_moe_logits-12","MUL_MAT","f32",-1,2,-1,64,1,1,1,256,0.491667,1,"clFinish_profiled"
"OpenCL","COMPUTE","ffn_moe_probs-12","SOFT_MAX","f32",-1,3,-1,64,1,1,1,256,0.205052,1,"clFinish_profiled"
"OpenCL","COMPUTE","ffn_moe_argsort-12","ARGSORT","i32",-1,5,-1,64,1,1,1,256,0.199375,1,"clFinish_profiled"
"OpenCL","COMPUTE","ffn_moe_weights-12","GET_ROWS","f32",-1,7,-1,1,8,1,1,32,0.188437,1,"clFinish_profiled"
"CPU_Elastic","COMPUTE_GRAPH","ggml_cgraph","GRAPH","",-1,21,-1,0,0,0,0,0,11.619323,1,"delegate_cpu_graph"
"CPU_Elastic","COMPUTE_GRAPH","ggml_cgraph","GRAPH","",-1,1,-1,0,0,0,0,0,0.492083,1,"delegate_cpu_graph"
"OpenCL","COMPUTE","Qcur-13","ROPE","f32",-1,3,-1,128,16,1,1,8192,0.538437,1,"clFinish_profiled"
"CPU_Elastic","COMPUTE_GRAPH","ggml_cgraph","GRAPH","",-1,1,-1,0,0,0,0,0,1.648906,1,"delegate_cpu_graph"
"OpenCL","COMPUTE","Kcur-13","ROPE","f32",-1,3,-1,128,16,1,1,8192,0.491093,1,"clFinish_profiled"
"OpenCL","COMPUTE","Vcur-13","MUL_MAT","f32",-1,4,-1,2048,1,1,1,8192,0.378750,1,"clFinish_profiled"
"OpenCL","COMPUTE","cache_k_l13 (view)","SET_ROWS","f16",-1,7,-1,2048,512,1,1,2097152,0.196927,1,"clFinish_profiled"
"OpenCL","COMPUTE","cache_v_l13 (view)","SET_ROWS","f16",-1,9,-1,2048,512,1,1,2097152,0.102657,1,"clFinish_profiled"
"OpenCL","COMPUTE","__fattn__-13","FLASH_ATTN_EXT","f32",-1,16,-1,128,16,1,1,8192,0.445052,1,"clFinish_profiled"
"CPU_Elastic","COMPUTE_GRAPH","ggml_cgraph","GRAPH","",-1,2,-1,0,0,0,0,0,1.855469,1,"delegate_cpu_graph"
"OpenCL","COMPUTE","ffn_moe_logits-13","MUL_MAT","f32",-1,2,-1,64,1,1,1,256,0.532239,1,"clFinish_profiled"
"OpenCL","COMPUTE","ffn_moe_probs-13","SOFT_MAX","f32",-1,3,-1,64,1,1,1,256,0.208541,1,"clFinish_profiled"
"OpenCL","COMPUTE","ffn_moe_argsort-13","ARGSORT","i32",-1,5,-1,64,1,1,1,256,0.201406,1,"clFinish_profiled"
"OpenCL","COMPUTE","ffn_moe_weights-13","GET_ROWS","f32",-1,7,-1,1,8,1,1,32,0.188073,1,"clFinish_profiled"
"CPU_Elastic","COMPUTE_GRAPH","ggml_cgraph","GRAPH","",-1,21,-1,0,0,0,0,0,9.553906,1,"delegate_cpu_graph"
"CPU_Elastic","COMPUTE_GRAPH","ggml_cgraph","GRAPH","",-1,1,-1,0,0,0,0,0,1.739740,1,"delegate_cpu_graph"
"OpenCL","COMPUTE","Qcur-14","ROPE","f32",-1,3,-1,128,16,1,1,8192,0.503125,1,"clFinish_profiled"
"CPU_Elastic","COMPUTE_GRAPH","ggml_cgraph","GRAPH","",-1,1,-1,0,0,0,0,0,0.379792,1,"delegate_cpu_graph"
"OpenCL","COMPUTE","Kcur-14","ROPE","f32",-1,3,-1,128,16,1,1,8192,0.399375,1,"clFinish_profiled"
"OpenCL","COMPUTE","Vcur-14","MUL_MAT","f32",-1,4,-1,2048,1,1,1,8192,0.371042,1,"clFinish_profiled"
"OpenCL","COMPUTE","cache_k_l14 (view)","SET_ROWS","f16",-1,7,-1,2048,512,1,1,2097152,0.193021,1,"clFinish_profiled"
"OpenCL","COMPUTE","cache_v_l14 (view)","SET_ROWS","f16",-1,9,-1,2048,512,1,1,2097152,0.193698,1,"clFinish_profiled"
"OpenCL","COMPUTE","__fattn__-14","FLASH_ATTN_EXT","f32",-1,16,-1,128,16,1,1,8192,0.407604,1,"clFinish_profiled"
"CPU_Elastic","COMPUTE_GRAPH","ggml_cgraph","GRAPH","",-1,2,-1,0,0,0,0,0,1.786771,1,"delegate_cpu_graph"
"OpenCL","COMPUTE","ffn_moe_logits-14","MUL_MAT","f32",-1,2,-1,64,1,1,1,256,0.545052,1,"clFinish_profiled"
"OpenCL","COMPUTE","ffn_moe_probs-14","SOFT_MAX","f32",-1,3,-1,64,1,1,1,256,0.211719,1,"clFinish_profiled"
"OpenCL","COMPUTE","ffn_moe_argsort-14","ARGSORT","i32",-1,5,-1,64,1,1,1,256,0.204739,1,"clFinish_profiled"
"OpenCL","COMPUTE","ffn_moe_weights-14","GET_ROWS","f32",-1,7,-1,1,8,1,1,32,0.173021,1,"clFinish_profiled"
"CPU_Elastic","COMPUTE_GRAPH","ggml_cgraph","GRAPH","",-1,21,-1,0,0,0,0,0,12.191094,1,"delegate_cpu_graph"
"CPU_Elastic","COMPUTE_GRAPH","ggml_cgraph","GRAPH","",-1,1,-1,0,0,0,0,0,1.504688,1,"delegate_cpu_graph"
"OpenCL","COMPUTE","Qcur-15","ROPE","f32",-1,3,-1,128,16,1,1,8192,0.480833,1,"clFinish_profiled"
"CPU_Elastic","COMPUTE_GRAPH","ggml_cgraph","GRAPH","",-1,1,-1,0,0,0,0,0,1.774375,1,"delegate_cpu_graph"
"OpenCL","COMPUTE","Kcur-15","ROPE","f32",-1,3,-1,128,16,1,1,8192,0.563281,1,"clFinish_profiled"
"OpenCL","COMPUTE","Vcur-15","MUL_MAT","f32",-1,4,-1,2048,1,1,1,8192,0.361458,1,"clFinish_profiled"
"OpenCL","COMPUTE","cache_k_l15 (view)","SET_ROWS","f16",-1,7,-1,2048,512,1,1,2097152,0.195468,1,"clFinish_profiled"
"OpenCL","COMPUTE","cache_v_l15 (view)","SET_ROWS","f16",-1,9,-1,2048,512,1,1,2097152,0.215937,1,"clFinish_profiled"
"OpenCL","COMPUTE","__fattn__-15","FLASH_ATTN_EXT","f32",-1,16,-1,128,16,1,1,8192,0.404739,1,"clFinish_profiled"
"CPU_Elastic","COMPUTE_GRAPH","ggml_cgraph","GRAPH","",-1,4,-1,0,0,0,0,0,2.134531,1,"delegate_cpu_graph"
"OpenCL","COMPUTE","ffn_moe_logits-15","MUL_MAT","f32",-1,2,-1,64,1,1,1,256,0.574792,1,"clFinish_profiled"
"OpenCL","COMPUTE","ffn_moe_probs-15","SOFT_MAX","f32",-1,3,-1,64,1,1,1,256,0.217760,1,"clFinish_profiled"
"OpenCL","COMPUTE","ffn_moe_argsort-15","ARGSORT","i32",-1,5,-1,64,1,1,1,256,0.205208,1,"clFinish_profiled"
"OpenCL","COMPUTE","ffn_moe_weights-15","GET_ROWS","f32",-1,7,-1,1,8,1,1,32,0.107553,1,"clFinish_profiled"
"CPU_Elastic","COMPUTE_GRAPH","ggml_cgraph","GRAPH","",-1,22,-1,0,0,0,0,0,12.593125,1,"delegate_cpu_graph"
"OpenCL","COMPUTE","result_norm","MUL","f32",-1,0,-1,2048,1,1,1,8192,0.565000,1,"clFinish_profiled"
"OpenCL","COMPUTE","result_output","MUL_MAT","f32",-1,1,-1,50304,1,1,1,201216,3.920573,1,"clFinish_profiled"
"CPU_Elastic","COMPUTE_GRAPH","ggml_cgraph","GRAPH","",-1,1,-1,0,0,0,0,0,0.010104,1,"delegate_cpu_graph"
"CPU_Elastic","COMPUTE_GRAPH","ggml_cgraph","GRAPH","",-1,1,-1,0,0,0,0,0,1.651562,1,"delegate_cpu_graph"
"OpenCL","COMPUTE","Qcur-0","ROPE","f32",-1,3,-1,128,16,1,1,8192,0.544479,1,"clFinish_profiled"
"CPU_Elastic","COMPUTE_GRAPH","ggml_cgraph","GRAPH","",-1,1,-1,0,0,0,0,0,1.288386,1,"delegate_cpu_graph"
"OpenCL","COMPUTE","Kcur-0","ROPE","f32",-1,3,-1,128,16,1,1,8192,0.526250,1,"clFinish_profiled"
"OpenCL","COMPUTE","Vcur-0","MUL_MAT","f32",-1,4,-1,2048,1,1,1,8192,0.370208,1,"clFinish_profiled"
"OpenCL","COMPUTE","cache_k_l0 (view)","SET_ROWS","f16",-1,7,-1,2048,512,1,1,2097152,0.223802,1,"clFinish_profiled"
"OpenCL","COMPUTE","cache_v_l0 (view)","SET_ROWS","f16",-1,9,-1,2048,512,1,1,2097152,0.186146,1,"clFinish_profiled"
"OpenCL","COMPUTE"," (copy)","CPY","f16",-1,16,-1,256,64,1,1,32768,0.185417,1,"clFinish_profiled"
"OpenCL","COMPUTE","__fattn__-0","FLASH_ATTN_EXT","f32",-1,17,-1,128,16,1,1,8192,0.479063,1,"clFinish_profiled"
"CPU_Elastic","COMPUTE_GRAPH","ggml_cgraph","GRAPH","",-1,2,-1,0,0,0,0,0,1.914218,1,"delegate_cpu_graph"
"OpenCL","COMPUTE","ffn_moe_logits-0","MUL_MAT","f32",-1,2,-1,64,1,1,1,256,0.533646,1,"clFinish_profiled"
"OpenCL","COMPUTE","ffn_moe_probs-0","SOFT_MAX","f32",-1,3,-1,64,1,1,1,256,0.230781,1,"clFinish_profiled"
"OpenCL","COMPUTE","ffn_moe_argsort-0","ARGSORT","i32",-1,5,-1,64,1,1,1,256,0.181198,1,"clFinish_profiled"
"OpenCL","COMPUTE","ffn_moe_weights-0","GET_ROWS","f32",-1,7,-1,1,8,1,1,32,0.191197,1,"clFinish_profiled"
"CPU_Elastic","COMPUTE_GRAPH","ggml_cgraph","GRAPH","",-1,21,-1,0,0,0,0,0,10.126875,1,"delegate_cpu_graph"
"CPU_Elastic","COMPUTE_GRAPH","ggml_cgraph","GRAPH","",-1,1,-1,0,0,0,0,0,0.373230,1,"delegate_cpu_graph"
"OpenCL","COMPUTE","Qcur-1","ROPE","f32",-1,3,-1,128,16,1,1,8192,0.402813,1,"clFinish_profiled"
"CPU_Elastic","COMPUTE_GRAPH","ggml_cgraph","GRAPH","",-1,1,-1,0,0,0,0,0,0.438386,1,"delegate_cpu_graph"
"OpenCL","COMPUTE","Kcur-1","ROPE","f32",-1,3,-1,128,16,1,1,8192,0.396771,1,"clFinish_profiled"
"OpenCL","COMPUTE","Vcur-1","MUL_MAT","f32",-1,4,-1,2048,1,1,1,8192,0.351355,1,"clFinish_profiled"
"OpenCL","COMPUTE","cache_k_l1 (view)","SET_ROWS","f16",-1,7,-1,2048,512,1,1,2097152,0.192136,1,"clFinish_profiled"
"OpenCL","COMPUTE","cache_v_l1 (view)","SET_ROWS","f16",-1,9,-1,2048,512,1,1,2097152,0.189740,1,"clFinish_profiled"
"OpenCL","COMPUTE","__fattn__-1","FLASH_ATTN_EXT","f32",-1,16,-1,128,16,1,1,8192,0.415156,1,"clFinish_profiled"
"CPU_Elastic","COMPUTE_GRAPH","ggml_cgraph","GRAPH","",-1,2,-1,0,0,0,0,0,0.388230,1,"delegate_cpu_graph"
"OpenCL","COMPUTE","ffn_moe_logits-1","MUL_MAT","f32",-1,2,-1,64,1,1,1,256,0.405104,1,"clFinish_profiled"
"OpenCL","COMPUTE","ffn_moe_probs-1","SOFT_MAX","f32",-1,3,-1,64,1,1,1,256,0.158906,1,"clFinish_profiled"
"OpenCL","COMPUTE","ffn_moe_argsort-1","ARGSORT","i32",-1,5,-1,64,1,1,1,256,0.203645,1,"clFinish_profiled"
"OpenCL","COMPUTE","ffn_moe_weights-1","GET_ROWS","f32",-1,7,-1,1,8,1,1,32,0.187605,1,"clFinish_profiled"
"CPU_Elastic","COMPUTE_GRAPH","ggml_cgraph","GRAPH","",-1,21,-1,0,0,0,0,0,7.680573,1,"delegate_cpu_graph"
"CPU_Elastic","COMPUTE_GRAPH","ggml_cgraph","GRAPH","",-1,1,-1,0,0,0,0,0,0.920157,1,"delegate_cpu_graph"
"OpenCL","COMPUTE","Qcur-2","ROPE","f32",-1,3,-1,128,16,1,1,8192,0.517239,1,"clFinish_profiled"
"CPU_Elastic","COMPUTE_GRAPH","ggml_cgraph","GRAPH","",-1,1,-1,0,0,0,0,0,1.280417,1,"delegate_cpu_graph"
"OpenCL","COMPUTE","Kcur-2","ROPE","f32",-1,3,-1,128,16,1,1,8192,0.512240,1,"clFinish_profiled"
"CPU_Elastic","COMPUTE_GRAPH","ggml_cgraph","GRAPH","",-1,3,-1,0,0,0,0,0,2.077188,1,"delegate_cpu_graph"
"OpenCL","COMPUTE","cache_k_l2 (view)","SET_ROWS","f16",-1,0,-1,2048,512,1,1,2097152,0.501250,1,"clFinish_profiled"
"OpenCL","COMPUTE","cache_v_l2 (view)","SET_ROWS","f16",-1,2,-1,2048,512,1,1,2097152,0.199427,1,"clFinish_profiled"
"OpenCL","COMPUTE","__fattn__-2","FLASH_ATTN_EXT","f32",-1,9,-1,128,16,1,1,8192,0.415156,1,"clFinish_profiled"
"CPU_Elastic","COMPUTE_GRAPH","ggml_cgraph","GRAPH","",-1,2,-1,0,0,0,0,0,1.699531,1,"delegate_cpu_graph"
"OpenCL","COMPUTE","ffn_moe_logits-2","MUL_MAT","f32",-1,2,-1,64,1,1,1,256,0.504896,1,"clFinish_profiled"
"OpenCL","COMPUTE","ffn_moe_probs-2","SOFT_MAX","f32",-1,3,-1,64,1,1,1,256,0.207552,1,"clFinish_profiled"
"OpenCL","COMPUTE","ffn_moe_argsort-2","ARGSORT","i32",-1,5,-1,64,1,1,1,256,0.197969,1,"clFinish_profiled"
"OpenCL","COMPUTE","ffn_moe_weights-2","GET_ROWS","f32",-1,7,-1,1,8,1,1,32,0.186667,1,"clFinish_profiled"
"CPU_Elastic","COMPUTE_GRAPH","ggml_cgraph","GRAPH","",-1,21,-1,0,0,0,0,0,7.368386,1,"delegate_cpu_graph"
"CPU_Elastic","COMPUTE_GRAPH","ggml_cgraph","GRAPH","",-1,1,-1,0,0,0,0,0,0.398438,1,"delegate_cpu_graph"
"OpenCL","COMPUTE","Qcur-3","ROPE","f32",-1,3,-1,128,16,1,1,8192,0.605052,1,"clFinish_profiled"
"CPU_Elastic","COMPUTE_GRAPH","ggml_cgraph","GRAPH","",-1,1,-1,0,0,0,0,0,0.570208,1,"delegate_cpu_graph"
"OpenCL","COMPUTE","Kcur-3","ROPE","f32",-1,3,-1,128,16,1,1,8192,0.509115,1,"clFinish_profiled"
"CPU_Elastic","COMPUTE_GRAPH","ggml_cgraph","GRAPH","",-1,3,-1,0,0,0,0,0,2.328490,1,"delegate_cpu_graph"
"OpenCL","COMPUTE","cache_k_l3 (view)","SET_ROWS","f16",-1,0,-1,2048,512,1,1,2097152,0.525521,1,"clFinish_profiled"
"OpenCL","COMPUTE","cache_v_l3 (view)","SET_ROWS","f16",-1,2,-1,2048,512,1,1,2097152,0.197188,1,"clFinish_profiled"
"OpenCL","COMPUTE","__fattn__-3","FLASH_ATTN_EXT","f32",-1,9,-1,128,16,1,1,8192,0.407604,1,"clFinish_profiled"
"CPU_Elastic","COMPUTE_GRAPH","ggml_cgraph","GRAPH","",-1,2,-1,0,0,0,0,0,1.489166,1,"delegate_cpu_graph"
"OpenCL","COMPUTE","ffn_moe_logits-3","MUL_MAT","f32",-1,2,-1,64,1,1,1,256,0.504792,1,"clFinish_profiled"
"OpenCL","COMPUTE","ffn_moe_probs-3","SOFT_MAX","f32",-1,3,-1,64,1,1,1,256,0.201666,1,"clFinish_profiled"
"OpenCL","COMPUTE","ffn_moe_argsort-3","ARGSORT","i32",-1,5,-1,64,1,1,1,256,0.194479,1,"clFinish_profiled"
"OpenCL","COMPUTE","ffn_moe_weights-3","GET_ROWS","f32",-1,7,-1,1,8,1,1,32,0.186198,1,"clFinish_profiled"
"CPU_Elastic","COMPUTE_GRAPH","ggml_cgraph","GRAPH","",-1,21,-1,0,0,0,0,0,11.408177,1,"delegate_cpu_graph"
"CPU_Elastic","COMPUTE_GRAPH","ggml_cgraph","GRAPH","",-1,1,-1,0,0,0,0,0,1.288177,1,"delegate_cpu_graph"
"OpenCL","COMPUTE","Qcur-4","ROPE","f32",-1,3,-1,128,16,1,1,8192,0.504062,1,"clFinish_profiled"
"CPU_Elastic","COMPUTE_GRAPH","ggml_cgraph","GRAPH","",-1,1,-1,0,0,0,0,0,1.746875,1,"delegate_cpu_graph"
"OpenCL","COMPUTE","Kcur-4","ROPE","f32",-1,3,-1,128,16,1,1,8192,0.505729,1,"clFinish_profiled"
"OpenCL","COMPUTE","Vcur-4","MUL_MAT","f32",-1,4,-1,2048,1,1,1,8192,0.349740,1,"clFinish_profiled"
"OpenCL","COMPUTE","cache_k_l4 (view)","SET_ROWS","f16",-1,7,-1,2048,512,1,1,2097152,0.194115,1,"clFinish_profiled"
"OpenCL","COMPUTE","cache_v_l4 (view)","SET_ROWS","f16",-1,9,-1,2048,512,1,1,2097152,0.192396,1,"clFinish_profiled"
"OpenCL","COMPUTE","__fattn__-4","FLASH_ATTN_EXT","f32",-1,16,-1,128,16,1,1,8192,0.408541,1,"clFinish_profiled"
"CPU_Elastic","COMPUTE_GRAPH","ggml_cgraph","GRAPH","",-1,2,-1,0,0,0,0,0,0.563073,1,"delegate_cpu_graph"
"OpenCL","COMPUTE","ffn_moe_logits-4","MUL_MAT","f32",-1,2,-1,64,1,1,1,256,0.455990,1,"clFinish_profiled"
"OpenCL","COMPUTE","ffn_moe_probs-4","SOFT_MAX","f32",-1,3,-1,64,1,1,1,256,0.204740,1,"clFinish_profiled"
"OpenCL","COMPUTE","ffn_moe_argsort-4","ARGSORT","i32",-1,5,-1,64,1,1,1,256,0.194636,1,"clFinish_profiled"
"OpenCL","COMPUTE","ffn_moe_weights-4","GET_ROWS","f32",-1,7,-1,1,8,1,1,32,0.233125,1,"clFinish_profiled"
"CPU_Elastic","COMPUTE_GRAPH","ggml_cgraph","GRAPH","",-1,21,-1,0,0,0,0,0,9.347396,1,"delegate_cpu_graph"
"CPU_Elastic","COMPUTE_GRAPH","ggml_cgraph","GRAPH","",-1,1,-1,0,0,0,0,0,0.598698,1,"delegate_cpu_graph"
"OpenCL","COMPUTE","Qcur-5","ROPE","f32",-1,3,-1,128,16,1,1,8192,0.600364,1,"clFinish_profiled"
"CPU_Elastic","COMPUTE_GRAPH","ggml_cgraph","GRAPH","",-1,1,-1,0,0,0,0,0,0.545834,1,"delegate_cpu_graph"
"OpenCL","COMPUTE","Kcur-5","ROPE","f32",-1,3,-1,128,16,1,1,8192,0.503959,1,"clFinish_profiled"
"CPU_Elastic","COMPUTE_GRAPH","ggml_cgraph","GRAPH","",-1,3,-1,0,0,0,0,0,0.373750,1,"delegate_cpu_graph"
"OpenCL","COMPUTE","cache_k_l5 (view)","SET_ROWS","f16",-1,0,-1,2048,512,1,1,2097152,0.390781,1,"clFinish_profiled"
"OpenCL","COMPUTE","cache_v_l5 (view)","SET_ROWS","f16",-1,2,-1,2048,512,1,1,2097152,0.199167,1,"clFinish_profiled"
"OpenCL","COMPUTE","__fattn__-5","FLASH_ATTN_EXT","f32",-1,9,-1,128,16,1,1,8192,0.411562,1,"clFinish_profiled"
"CPU_Elastic","COMPUTE_GRAPH","ggml_cgraph","GRAPH","",-1,2,-1,0,0,0,0,0,0.426198,1,"delegate_cpu_graph"
"OpenCL","COMPUTE","ffn_moe_logits-5","MUL_MAT","f32",-1,2,-1,64,1,1,1,256,0.405781,1,"clFinish_profiled"
"OpenCL","COMPUTE","ffn_moe_probs-5","SOFT_MAX","f32",-1,3,-1,64,1,1,1,256,0.204531,1,"clFinish_profiled"
"OpenCL","COMPUTE","ffn_moe_argsort-5","ARGSORT","i32",-1,5,-1,64,1,1,1,256,0.199323,1,"clFinish_profiled"
"OpenCL","COMPUTE","ffn_moe_weights-5","GET_ROWS","f32",-1,7,-1,1,8,1,1,32,0.212395,1,"clFinish_profiled"
"CPU_Elastic","COMPUTE_GRAPH","ggml_cgraph","GRAPH","",-1,21,-1,0,0,0,0,0,12.223490,1,"delegate_cpu_graph"
"CPU_Elastic","COMPUTE_GRAPH","ggml_cgraph","GRAPH","",-1,1,-1,0,0,0,0,0,1.299635,1,"delegate_cpu_graph"
"OpenCL","COMPUTE","Qcur-6","ROPE","f32",-1,3,-1,128,16,1,1,8192,0.501406,1,"clFinish_profiled"
"CPU_Elastic","COMPUTE_GRAPH","ggml_cgraph","GRAPH","",-1,1,-1,0,0,0,0,0,1.527500,1,"delegate_cpu_graph"
"OpenCL","COMPUTE","Kcur-6","ROPE","f32",-1,3,-1,128,16,1,1,8192,0.527916,1,"clFinish_profiled"
"CPU_Elastic","COMPUTE_GRAPH","ggml_cgraph","GRAPH","",-1,3,-1,0,0,0,0,0,2.390469,1,"delegate_cpu_graph"
"OpenCL","COMPUTE","cache_k_l6 (view)","SET_ROWS","f16",-1,0,-1,2048,512,1,1,2097152,0.511198,1,"clFinish_profiled"
"OpenCL","COMPUTE","cache_v_l6 (view)","SET_ROWS","f16",-1,2,-1,2048,512,1,1,2097152,0.208230,1,"clFinish_profiled"
"OpenCL","COMPUTE","__fattn__-6","FLASH_ATTN_EXT","f32",-1,9,-1,128,16,1,1,8192,0.407500,1,"clFinish_profiled"
"CPU_Elastic","COMPUTE_GRAPH","ggml_cgraph","GRAPH","",-1,2,-1,0,0,0,0,0,1.906823,1,"delegate_cpu_graph"
"OpenCL","COMPUTE","ffn_moe_logits-6","MUL_MAT","f32",-1,2,-1,64,1,1,1,256,0.504688,1,"clFinish_profiled"
"OpenCL","COMPUTE","ffn_moe_probs-6","SOFT_MAX","f32",-1,3,-1,64,1,1,1,256,0.203489,1,"clFinish_profiled"
"OpenCL","COMPUTE","ffn_moe_argsort-6","ARGSORT","i32",-1,5,-1,64,1,1,1,256,0.200417,1,"clFinish_profiled"
"OpenCL","COMPUTE","ffn_moe_weights-6","GET_ROWS","f32",-1,7,-1,1,8,1,1,32,0.185937,1,"clFinish_profiled"
"CPU_Elastic","COMPUTE_GRAPH","ggml_cgraph","GRAPH","",-1,21,-1,0,0,0,0,0,11.292865,1,"delegate_cpu_graph"
"CPU_Elastic","COMPUTE_GRAPH","ggml_cgraph","GRAPH","",-1,1,-1,0,0,0,0,0,1.793386,1,"delegate_cpu_graph"
"OpenCL","COMPUTE","Qcur-7","ROPE","f32",-1,3,-1,128,16,1,1,8192,0.529010,1,"clFinish_profiled"
"CPU_Elastic","COMPUTE_GRAPH","ggml_cgraph","GRAPH","",-1,1,-1,0,0,0,0,0,1.742291,1,"delegate_cpu_graph"
"OpenCL","COMPUTE","Kcur-7","ROPE","f32",-1,3,-1,128,16,1,1,8192,0.499948,1,"clFinish_profiled"
"OpenCL","COMPUTE","Vcur-7","MUL_MAT","f32",-1,4,-1,2048,1,1,1,8192,0.353802,1,"clFinish_profiled"
"OpenCL","COMPUTE","cache_k_l7 (view)","SET_ROWS","f16",-1,7,-1,2048,512,1,1,2097152,0.191823,1,"clFinish_profiled"
"OpenCL","COMPUTE","cache_v_l7 (view)","SET_ROWS","f16",-1,9,-1,2048,512,1,1,2097152,0.191406,1,"clFinish_profiled"
"OpenCL","COMPUTE","__fattn__-7","FLASH_ATTN_EXT","f32",-1,16,-1,128,16,1,1,8192,0.407031,1,"clFinish_profiled"
"CPU_Elastic","COMPUTE_GRAPH","ggml_cgraph","GRAPH","",-1,2,-1,0,0,0,0,0,0.584583,1,"delegate_cpu_graph"
"OpenCL","COMPUTE","ffn_moe_logits-7","MUL_MAT","f32",-1,2,-1,64,1,1,1,256,0.496510,1,"clFinish_profiled"
"OpenCL","COMPUTE","ffn_moe_probs-7","SOFT_MAX","f32",-1,3,-1,64,1,1,1,256,0.200885,1,"clFinish_profiled"
"OpenCL","COMPUTE","ffn_moe_argsort-7","ARGSORT","i32",-1,5,-1,64,1,1,1,256,0.217083,1,"clFinish_profiled"
"OpenCL","COMPUTE","ffn_moe_weights-7","GET_ROWS","f32",-1,7,-1,1,8,1,1,32,0.247083,1,"clFinish_profiled"
"CPU_Elastic","COMPUTE_GRAPH","ggml_cgraph","GRAPH","",-1,21,-1,0,0,0,0,0,12.066146,1,"delegate_cpu_graph"
"CPU_Elastic","COMPUTE_GRAPH","ggml_cgraph","GRAPH","",-1,1,-1,0,0,0,0,0,1.314583,1,"delegate_cpu_graph"
"OpenCL","COMPUTE","Qcur-8","ROPE","f32",-1,3,-1,128,16,1,1,8192,0.546875,1,"clFinish_profiled"
"CPU_Elastic","COMPUTE_GRAPH","ggml_cgraph","GRAPH","",-1,1,-1,0,0,0,0,0,1.445156,1,"delegate_cpu_graph"
"OpenCL","COMPUTE","Kcur-8","ROPE","f32",-1,3,-1,128,16,1,1,8192,0.542813,1,"clFinish_profiled"
"CPU_Elastic","COMPUTE_GRAPH","ggml_cgraph","GRAPH","",-1,3,-1,0,0,0,0,0,1.996927,1,"delegate_cpu_graph"
"OpenCL","COMPUTE","cache_k_l8 (view)","SET_ROWS","f16",-1,0,-1,2048,512,1,1,2097152,0.534844,1,"clFinish_profiled"
"OpenCL","COMPUTE","cache_v_l8 (view)","SET_ROWS","f16",-1,2,-1,2048,512,1,1,2097152,0.197812,1,"clFinish_profiled"
"OpenCL","COMPUTE","__fattn__-8","FLASH_ATTN_EXT","f32",-1,9,-1,128,16,1,1,8192,0.408854,1,"clFinish_profiled"
"CPU_Elastic","COMPUTE_GRAPH","ggml_cgraph","GRAPH","",-1,2,-1,0,0,0,0,0,1.991719,1,"delegate_cpu_graph"
"OpenCL","COMPUTE","ffn_moe_logits-8","MUL_MAT","f32",-1,2,-1,64,1,1,1,256,0.512500,1,"clFinish_profiled"
"OpenCL","COMPUTE","ffn_moe_probs-8","SOFT_MAX","f32",-1,3,-1,64,1,1,1,256,0.208750,1,"clFinish_profiled"
"OpenCL","COMPUTE","ffn_moe_argsort-8","ARGSORT","i32",-1,5,-1,64,1,1,1,256,0.203489,1,"clFinish_profiled"
"OpenCL","COMPUTE","ffn_moe_weights-8","GET_ROWS","f32",-1,7,-1,1,8,1,1,32,0.245625,1,"clFinish_profiled"
"CPU_Elastic","COMPUTE_GRAPH","ggml_cgraph","GRAPH","",-1,21,-1,0,0,0,0,0,6.961875,1,"delegate_cpu_graph"
"CPU_Elastic","COMPUTE_GRAPH","ggml_cgraph","GRAPH","",-1,1,-1,0,0,0,0,0,0.388959,1,"delegate_cpu_graph"
"OpenCL","COMPUTE","Qcur-9","ROPE","f32",-1,3,-1,128,16,1,1,8192,0.402188,1,"clFinish_profiled"
"CPU_Elastic","COMPUTE_GRAPH","ggml_cgraph","GRAPH","",-1,1,-1,0,0,0,0,0,0.471146,1,"delegate_cpu_graph"
"OpenCL","COMPUTE","Kcur-9","ROPE","f32",-1,3,-1,128,16,1,1,8192,0.401718,1,"clFinish_profiled"
"CPU_Elastic","COMPUTE_GRAPH","ggml_cgraph","GRAPH","",-1,3,-1,0,0,0,0,0,0.482448,1,"delegate_cpu_graph"
"OpenCL","COMPUTE","cache_k_l9 (view)","SET_ROWS","f16",-1,0,-1,2048,512,1,1,2097152,0.389323,1,"clFinish_profiled"
"OpenCL","COMPUTE","cache_v_l9 (view)","SET_ROWS","f16",-1,2,-1,2048,512,1,1,2097152,0.214323,1,"clFinish_profiled"
"OpenCL","COMPUTE","__fattn__-9","FLASH_ATTN_EXT","f32",-1,9,-1,128,16,1,1,8192,0.404843,1,"clFinish_profiled"
"CPU_Elastic","COMPUTE_GRAPH","ggml_cgraph","GRAPH","",-1,2,-1,0,0,0,0,0,1.827969,1,"delegate_cpu_graph"
"OpenCL","COMPUTE","ffn_moe_logits-9","MUL_MAT","f32",-1,2,-1,64,1,1,1,256,0.532865,1,"clFinish_profiled"
"OpenCL","COMPUTE","ffn_moe_probs-9","SOFT_MAX","f32",-1,3,-1,64,1,1,1,256,0.326979,1,"clFinish_profiled"
"OpenCL","COMPUTE","ffn_moe_argsort-9","ARGSORT","i32",-1,5,-1,64,1,1,1,256,0.578333,1,"clFinish_profiled"
"OpenCL","COMPUTE","ffn_moe_weights-9","GET_ROWS","f32",-1,7,-1,1,8,1,1,32,0.221302,1,"clFinish_profiled"
"CPU_Elastic","COMPUTE_GRAPH","ggml_cgraph","GRAPH","",-1,21,-1,0,0,0,0,0,10.219844,1,"delegate_cpu_graph"
"CPU_Elastic","COMPUTE_GRAPH","ggml_cgraph","GRAPH","",-1,1,-1,0,0,0,0,0,0.416406,1,"delegate_cpu_graph"
"OpenCL","COMPUTE","Qcur-10","ROPE","f32",-1,3,-1,128,16,1,1,8192,0.428958,1,"clFinish_profiled"
"CPU_Elastic","COMPUTE_GRAPH","ggml_cgraph","GRAPH","",-1,1,-1,0,0,0,0,0,0.437188,1,"delegate_cpu_graph"
"OpenCL","COMPUTE","Kcur-10","ROPE","f32",-1,3,-1,128,16,1,1,8192,0.400521,1,"clFinish_profiled"
"OpenCL","COMPUTE","Vcur-10","MUL_MAT","f32",-1,4,-1,2048,1,1,1,8192,0.355573,1,"clFinish_profiled"
"OpenCL","COMPUTE","cache_k_l10 (view)","SET_ROWS","f16",-1,7,-1,2048,512,1,1,2097152,0.200625,1,"clFinish_profiled"
"OpenCL","COMPUTE","cache_v_l10 (view)","SET_ROWS","f16",-1,9,-1,2048,512,1,1,2097152,0.174115,1,"clFinish_profiled"
"OpenCL","COMPUTE","__fattn__-10","FLASH_ATTN_EXT","f32",-1,16,-1,128,16,1,1,8192,0.428385,1,"clFinish_profiled"
"CPU_Elastic","COMPUTE_GRAPH","ggml_cgraph","GRAPH","",-1,2,-1,0,0,0,0,0,1.579062,1,"delegate_cpu_graph"
"OpenCL","COMPUTE","ffn_moe_logits-10","MUL_MAT","f32",-1,2,-1,64,1,1,1,256,0.505729,1,"clFinish_profiled"
"OpenCL","COMPUTE","ffn_moe_probs-10","SOFT_MAX","f32",-1,3,-1,64,1,1,1,256,0.205677,1,"clFinish_profiled"
"OpenCL","COMPUTE","ffn_moe_argsort-10","ARGSORT","i32",-1,5,-1,64,1,1,1,256,0.198020,1,"clFinish_profiled"
"OpenCL","COMPUTE","ffn_moe_weights-10","GET_ROWS","f32",-1,7,-1,1,8,1,1,32,0.189063,1,"clFinish_profiled"
"CPU_Elastic","COMPUTE_GRAPH","ggml_cgraph","GRAPH","",-1,21,-1,0,0,0,0,0,11.513386,1,"delegate_cpu_graph"
"CPU_Elastic","COMPUTE_GRAPH","ggml_cgraph","GRAPH","",-1,1,-1,0,0,0,0,0,1.641511,1,"delegate_cpu_graph"
"OpenCL","COMPUTE","Qcur-11","ROPE","f32",-1,3,-1,128,16,1,1,8192,0.494011,1,"clFinish_profiled"
"CPU_Elastic","COMPUTE_GRAPH","ggml_cgraph","GRAPH","",-1,1,-1,0,0,0,0,0,1.733802,1,"delegate_cpu_graph"
"OpenCL","COMPUTE","Kcur-11","ROPE","f32",-1,3,-1,128,16,1,1,8192,0.480990,1,"clFinish_profiled"
"CPU_Elastic","COMPUTE_GRAPH","ggml_cgraph","GRAPH","",-1,3,-1,0,0,0,0,0,2.090261,1,"delegate_cpu_graph"
"OpenCL","COMPUTE","cache_k_l11 (view)","SET_ROWS","f16",-1,0,-1,2048,512,1,1,2097152,0.482761,1,"clFinish_profiled"
"OpenCL","COMPUTE","cache_v_l11 (view)","SET_ROWS","f16",-1,2,-1,2048,512,1,1,2097152,0.203593,1,"clFinish_profiled"
"OpenCL","COMPUTE","__fattn__-11","FLASH_ATTN_EXT","f32",-1,9,-1,128,16,1,1,8192,0.420521,1,"clFinish_profiled"
"CPU_Elastic","COMPUTE_GRAPH","ggml_cgraph","GRAPH","",-1,2,-1,0,0,0,0,0,1.960209,1,"delegate_cpu_graph"
"OpenCL","COMPUTE","ffn_moe_logits-11","MUL_MAT","f32",-1,2,-1,64,1,1,1,256,0.520937,1,"clFinish_profiled"
"OpenCL","COMPUTE","ffn_moe_probs-11","SOFT_MAX","f32",-1,3,-1,64,1,1,1,256,0.206666,1,"clFinish_profiled"
"OpenCL","COMPUTE","ffn_moe_argsort-11","ARGSORT","i32",-1,5,-1,64,1,1,1,256,0.199687,1,"clFinish_profiled"
"OpenCL","COMPUTE","ffn_moe_weights-11","GET_ROWS","f32",-1,7,-1,1,8,1,1,32,0.189323,1,"clFinish_profiled"
"CPU_Elastic","COMPUTE_GRAPH","ggml_cgraph","GRAPH","",-1,21,-1,0,0,0,0,0,11.706459,1,"delegate_cpu_graph"
"CPU_Elastic","COMPUTE_GRAPH","ggml_cgraph","GRAPH","",-1,1,-1,0,0,0,0,0,1.512656,1,"delegate_cpu_graph"
"OpenCL","COMPUTE","Qcur-12","ROPE","f32",-1,3,-1,128,16,1,1,8192,0.509219,1,"clFinish_profiled"
"CPU_Elastic","COMPUTE_GRAPH","ggml_cgraph","GRAPH","",-1,1,-1,0,0,0,0,0,1.580052,1,"delegate_cpu_graph"
"OpenCL","COMPUTE","Kcur-12","ROPE","f32",-1,3,-1,128,16,1,1,8192,0.542084,1,"clFinish_profiled"
"CPU_Elastic","COMPUTE_GRAPH","ggml_cgraph","GRAPH","",-1,3,-1,0,0,0,0,0,2.559531,1,"delegate_cpu_graph"
"OpenCL","COMPUTE","cache_k_l12 (view)","SET_ROWS","f16",-1,0,-1,2048,512,1,1,2097152,0.572083,1,"clFinish_profiled"
"OpenCL","COMPUTE","cache_v_l12 (view)","SET_ROWS","f16",-1,2,-1,2048,512,1,1,2097152,0.202604,1,"clFinish_profiled"
"OpenCL","COMPUTE","__fattn__-12","FLASH_ATTN_EXT","f32",-1,9,-1,128,16,1,1,8192,0.548750,1,"clFinish_profiled"
"CPU_Elastic","COMPUTE_GRAPH","ggml_cgraph","GRAPH","",-1,2,-1,0,0,0,0,0,1.806146,1,"delegate_cpu_graph"
"OpenCL","COMPUTE","ffn_moe_logits-12","MUL_MAT","f32",-1,2,-1,64,1,1,1,256,0.511823,1,"clFinish_profiled"
"OpenCL","COMPUTE","ffn_moe_probs-12","SOFT_MAX","f32",-1,3,-1,64,1,1,1,256,0.207291,1,"clFinish_profiled"
"OpenCL","COMPUTE","ffn_moe_argsort-12","ARGSORT","i32",-1,5,-1,64,1,1,1,256,0.222396,1,"clFinish_profiled"
"OpenCL","COMPUTE","ffn_moe_weights-12","GET_ROWS","f32",-1,7,-1,1,8,1,1,32,0.194167,1,"clFinish_profiled"
"CPU_Elastic","COMPUTE_GRAPH","ggml_cgraph","GRAPH","",-1,21,-1,0,0,0,0,0,7.149531,1,"delegate_cpu_graph"
"CPU_Elastic","COMPUTE_GRAPH","ggml_cgraph","GRAPH","",-1,1,-1,0,0,0,0,0,1.752657,1,"delegate_cpu_graph"
"OpenCL","COMPUTE","Qcur-13","ROPE","f32",-1,3,-1,128,16,1,1,8192,0.522343,1,"clFinish_profiled"
"CPU_Elastic","COMPUTE_GRAPH","ggml_cgraph","GRAPH","",-1,1,-1,0,0,0,0,0,1.235625,1,"delegate_cpu_graph"
"OpenCL","COMPUTE","Kcur-13","ROPE","f32",-1,3,-1,128,16,1,1,8192,0.501042,1,"clFinish_profiled"
"OpenCL","COMPUTE","Vcur-13","MUL_MAT","f32",-1,4,-1,2048,1,1,1,8192,0.350365,1,"clFinish_profiled"
"OpenCL","COMPUTE","cache_k_l13 (view)","SET_ROWS","f16",-1,7,-1,2048,512,1,1,2097152,0.195000,1,"clFinish_profiled"
"OpenCL","COMPUTE","cache_v_l13 (view)","SET_ROWS","f16",-1,9,-1,2048,512,1,1,2097152,0.190469,1,"clFinish_profiled"
"OpenCL","COMPUTE","__fattn__-13","FLASH_ATTN_EXT","f32",-1,16,-1,128,16,1,1,8192,0.411927,1,"clFinish_profiled"
"CPU_Elastic","COMPUTE_GRAPH","ggml_cgraph","GRAPH","",-1,2,-1,0,0,0,0,0,0.555417,1,"delegate_cpu_graph"
"OpenCL","COMPUTE","ffn_moe_logits-13","MUL_MAT","f32",-1,2,-1,64,1,1,1,256,0.406563,1,"clFinish_profiled"
"OpenCL","COMPUTE","ffn_moe_probs-13","SOFT_MAX","f32",-1,3,-1,64,1,1,1,256,0.204636,1,"clFinish_profiled"
"OpenCL","COMPUTE","ffn_moe_argsort-13","ARGSORT","i32",-1,5,-1,64,1,1,1,256,0.198177,1,"clFinish_profiled"
"OpenCL","COMPUTE","ffn_moe_weights-13","GET_ROWS","f32",-1,7,-1,1,8,1,1,32,0.188177,1,"clFinish_profiled"
"CPU_Elastic","COMPUTE_GRAPH","ggml_cgraph","GRAPH","",-1,21,-1,0,0,0,0,0,6.337240,1,"delegate_cpu_graph"
"CPU_Elastic","COMPUTE_GRAPH","ggml_cgraph","GRAPH","",-1,1,-1,0,0,0,0,0,0.403125,1,"delegate_cpu_graph"
"OpenCL","COMPUTE","Qcur-14","ROPE","f32",-1,3,-1,128,16,1,1,8192,0.404688,1,"clFinish_profiled"
"CPU_Elastic","COMPUTE_GRAPH","ggml_cgraph","GRAPH","",-1,1,-1,0,0,0,0,0,0.467136,1,"delegate_cpu_graph"
"OpenCL","COMPUTE","Kcur-14","ROPE","f32",-1,3,-1,128,16,1,1,8192,0.405625,1,"clFinish_profiled"
"OpenCL","COMPUTE","Vcur-14","MUL_MAT","f32",-1,4,-1,2048,1,1,1,8192,0.372761,1,"clFinish_profiled"
"OpenCL","COMPUTE","cache_k_l14 (view)","SET_ROWS","f16",-1,7,-1,2048,512,1,1,2097152,0.199584,1,"clFinish_profiled"
"OpenCL","COMPUTE","cache_v_l14 (view)","SET_ROWS","f16",-1,9,-1,2048,512,1,1,2097152,0.193698,1,"clFinish_profiled"
"OpenCL","COMPUTE","__fattn__-14","FLASH_ATTN_EXT","f32",-1,16,-1,128,16,1,1,8192,0.437083,1,"clFinish_profiled"
"CPU_Elastic","COMPUTE_GRAPH","ggml_cgraph","GRAPH","",-1,2,-1,0,0,0,0,0,0.598229,1,"delegate_cpu_graph"
"OpenCL","COMPUTE","ffn_moe_logits-14","MUL_MAT","f32",-1,2,-1,64,1,1,1,256,0.515625,1,"clFinish_profiled"
"OpenCL","COMPUTE","ffn_moe_probs-14","SOFT_MAX","f32",-1,3,-1,64,1,1,1,256,0.209479,1,"clFinish_profiled"
"OpenCL","COMPUTE","ffn_moe_argsort-14","ARGSORT","i32",-1,5,-1,64,1,1,1,256,0.201511,1,"clFinish_profiled"
"OpenCL","COMPUTE","ffn_moe_weights-14","GET_ROWS","f32",-1,7,-1,1,8,1,1,32,0.188959,1,"clFinish_profiled"
"CPU_Elastic","COMPUTE_GRAPH","ggml_cgraph","GRAPH","",-1,21,-1,0,0,0,0,0,11.881719,1,"delegate_cpu_graph"
"CPU_Elastic","COMPUTE_GRAPH","ggml_cgraph","GRAPH","",-1,1,-1,0,0,0,0,0,1.358385,1,"delegate_cpu_graph"
"OpenCL","COMPUTE","Qcur-15","ROPE","f32",-1,3,-1,128,16,1,1,8192,0.556927,1,"clFinish_profiled"
"CPU_Elastic","COMPUTE_GRAPH","ggml_cgraph","GRAPH","",-1,1,-1,0,0,0,0,0,1.620208,1,"delegate_cpu_graph"
"OpenCL","COMPUTE","Kcur-15","ROPE","f32",-1,3,-1,128,16,1,1,8192,0.533646,1,"clFinish_profiled"
"OpenCL","COMPUTE","Vcur-15","MUL_MAT","f32",-1,4,-1,2048,1,1,1,8192,0.398438,1,"clFinish_profiled"
"OpenCL","COMPUTE","cache_k_l15 (view)","SET_ROWS","f16",-1,7,-1,2048,512,1,1,2097152,0.194323,1,"clFinish_profiled"
"OpenCL","COMPUTE","cache_v_l15 (view)","SET_ROWS","f16",-1,9,-1,2048,512,1,1,2097152,0.194896,1,"clFinish_profiled"
"OpenCL","COMPUTE","__fattn__-15","FLASH_ATTN_EXT","f32",-1,16,-1,128,16,1,1,8192,0.425261,1,"clFinish_profiled"
"CPU_Elastic","COMPUTE_GRAPH","ggml_cgraph","GRAPH","",-1,4,-1,0,0,0,0,0,2.171875,1,"delegate_cpu_graph"
"OpenCL","COMPUTE","ffn_moe_logits-15","MUL_MAT","f32",-1,2,-1,64,1,1,1,256,0.550989,1,"clFinish_profiled"
"OpenCL","COMPUTE","ffn_moe_probs-15","SOFT_MAX","f32",-1,3,-1,64,1,1,1,256,0.257292,1,"clFinish_profiled"
"OpenCL","COMPUTE","ffn_moe_argsort-15","ARGSORT","i32",-1,5,-1,64,1,1,1,256,0.125156,1,"clFinish_profiled"
"OpenCL","COMPUTE","ffn_moe_weights-15","GET_ROWS","f32",-1,7,-1,1,8,1,1,32,0.194063,1,"clFinish_profiled"
"CPU_Elastic","COMPUTE_GRAPH","ggml_cgraph","GRAPH","",-1,22,-1,0,0,0,0,0,7.337031,1,"delegate_cpu_graph"
"OpenCL","COMPUTE","result_norm","MUL","f32",-1,0,-1,2048,1,1,1,8192,0.625000,1,"clFinish_profiled"
"OpenCL","COMPUTE","result_output","MUL_MAT","f32",-1,1,-1,50304,1,1,1,201216,4.314323,1,"clFinish_profiled"
"CPU_Elastic","COMPUTE_GRAPH","ggml_cgraph","GRAPH","",-1,1,-1,0,0,0,0,0,0.012448,1,"delegate_cpu_graph"
"CPU_Elastic","COMPUTE_GRAPH","ggml_cgraph","GRAPH","",-1,1,-1,0,0,0,0,0,1.587865,1,"delegate_cpu_graph"
"OpenCL","COMPUTE","Qcur-0","ROPE","f32",-1,3,-1,128,16,1,1,8192,0.531667,1,"clFinish_profiled"
"CPU_Elastic","COMPUTE_GRAPH","ggml_cgraph","GRAPH","",-1,1,-1,0,0,0,0,0,1.766302,1,"delegate_cpu_graph"
"OpenCL","COMPUTE","Kcur-0","ROPE","f32",-1,3,-1,128,16,1,1,8192,0.491980,1,"clFinish_profiled"
"OpenCL","COMPUTE","Vcur-0","MUL_MAT","f32",-1,4,-1,2048,1,1,1,8192,0.358020,1,"clFinish_profiled"
"OpenCL","COMPUTE","cache_k_l0 (view)","SET_ROWS","f16",-1,7,-1,2048,512,1,1,2097152,0.196927,1,"clFinish_profiled"
"OpenCL","COMPUTE","cache_v_l0 (view)","SET_ROWS","f16",-1,9,-1,2048,512,1,1,2097152,0.193750,1,"clFinish_profiled"
"OpenCL","COMPUTE"," (copy)","CPY","f16",-1,16,-1,256,64,1,1,32768,0.213125,1,"clFinish_profiled"
"OpenCL","COMPUTE","__fattn__-0","FLASH_ATTN_EXT","f32",-1,17,-1,128,16,1,1,8192,0.418281,1,"clFinish_profiled"
"CPU_Elastic","COMPUTE_GRAPH","ggml_cgraph","GRAPH","",-1,2,-1,0,0,0,0,0,1.970833,1,"delegate_cpu_graph"
"OpenCL","COMPUTE","ffn_moe_logits-0","MUL_MAT","f32",-1,2,-1,64,1,1,1,256,0.509896,1,"clFinish_profiled"
"OpenCL","COMPUTE","ffn_moe_probs-0","SOFT_MAX","f32",-1,3,-1,64,1,1,1,256,0.210781,1,"clFinish_profiled"
"OpenCL","COMPUTE","ffn_moe_argsort-0","ARGSORT","i32",-1,5,-1,64,1,1,1,256,0.200313,1,"clFinish_profiled"
"OpenCL","COMPUTE","ffn_moe_weights-0","GET_ROWS","f32",-1,7,-1,1,8,1,1,32,0.189896,1,"clFinish_profiled"
"CPU_Elastic","COMPUTE_GRAPH","ggml_cgraph","GRAPH","",-1,21,-1,0,0,0,0,0,8.269635,1,"delegate_cpu_graph"
"CPU_Elastic","COMPUTE_GRAPH","ggml_cgraph","GRAPH","",-1,1,-1,0,0,0,0,0,0.934479,1,"delegate_cpu_graph"
"OpenCL","COMPUTE","Qcur-1","ROPE","f32",-1,3,-1,128,16,1,1,8192,0.484583,1,"clFinish_profiled"
"CPU_Elastic","COMPUTE_GRAPH","ggml_cgraph","GRAPH","",-1,1,-1,0,0,0,0,0,1.567552,1,"delegate_cpu_graph"
"OpenCL","COMPUTE","Kcur-1","ROPE","f32",-1,3,-1,128,16,1,1,8192,0.512969,1,"clFinish_profiled"
"OpenCL","COMPUTE","Vcur-1","MUL_MAT","f32",-1,4,-1,2048,1,1,1,8192,0.352761,1,"clFinish_profiled"
"OpenCL","COMPUTE","cache_k_l1 (view)","SET_ROWS","f16",-1,7,-1,2048,512,1,1,2097152,0.196146,1,"clFinish_profiled"
"OpenCL","COMPUTE","cache_v_l1 (view)","SET_ROWS","f16",-1,9,-1,2048,512,1,1,2097152,0.242031,1,"clFinish_profiled"
"OpenCL","COMPUTE","__fattn__-1","FLASH_ATTN_EXT","f32",-1,16,-1,128,16,1,1,8192,0.432760,1,"clFinish_profiled"
"CPU_Elastic","COMPUTE_GRAPH","ggml_cgraph","GRAPH","",-1,2,-1,0,0,0,0,0,1.578854,1,"delegate_cpu_graph"
"OpenCL","COMPUTE","ffn_moe_logits-1","MUL_MAT","f32",-1,2,-1,64,1,1,1,256,0.495104,1,"clFinish_profiled"
"OpenCL","COMPUTE","ffn_moe_probs-1","SOFT_MAX","f32",-1,3,-1,64,1,1,1,256,0.205104,1,"clFinish_profiled"
"OpenCL","COMPUTE","ffn_moe_argsort-1","ARGSORT","i32",-1,5,-1,64,1,1,1,256,0.198334,1,"clFinish_profiled"
"OpenCL","COMPUTE","ffn_moe_weights-1","GET_ROWS","f32",-1,7,-1,1,8,1,1,32,0.190209,1,"clFinish_profiled"
"CPU_Elastic","COMPUTE_GRAPH","ggml_cgraph","GRAPH","",-1,21,-1,0,0,0,0,0,9.135834,1,"delegate_cpu_graph"
"CPU_Elastic","COMPUTE_GRAPH","ggml_cgraph","GRAPH","",-1,1,-1,0,0,0,0,0,0.399740,1,"delegate_cpu_graph"
"OpenCL","COMPUTE","Qcur-2","ROPE","f32",-1,3,-1,128,16,1,1,8192,0.403645,1,"clFinish_profiled"
"CPU_Elastic","COMPUTE_GRAPH","ggml_cgraph","GRAPH","",-1,1,-1,0,0,0,0,0,0.466615,1,"delegate_cpu_graph"
"OpenCL","COMPUTE","Kcur-2","ROPE","f32",-1,3,-1,128,16,1,1,8192,0.397239,1,"clFinish_profiled"
"CPU_Elastic","COMPUTE_GRAPH","ggml_cgraph","GRAPH","",-1,3,-1,0,0,0,0,0,0.476771,1,"delegate_cpu_graph"
"OpenCL","COMPUTE","cache_k_l2 (view)","SET_ROWS","f16",-1,0,-1,2048,512,1,1,2097152,0.398594,1,"clFinish_profiled"
"OpenCL","COMPUTE","cache_v_l2 (view)","SET_ROWS","f16",-1,2,-1,2048,512,1,1,2097152,0.204115,1,"clFinish_profiled"
"OpenCL","COMPUTE","__fattn__-2","FLASH_ATTN_EXT","f32",-1,9,-1,128,16,1,1,8192,0.402969,1,"clFinish_profiled"
"CPU_Elastic","COMPUTE_GRAPH","ggml_cgraph","GRAPH","",-1,2,-1,0,0,0,0,0,0.425104,1,"delegate_cpu_graph"
"OpenCL","COMPUTE","ffn_moe_logits-2","MUL_MAT","f32",-1,2,-1,64,1,1,1,256,0.425052,1,"clFinish_profiled"
"OpenCL","COMPUTE","ffn_moe_probs-2","SOFT_MAX","f32",-1,3,-1,64,1,1,1,256,0.197396,1,"clFinish_profiled"
"OpenCL","COMPUTE","ffn_moe_argsort-2","ARGSORT","i32",-1,5,-1,64,1,1,1,256,0.197708,1,"clFinish_profiled"
"OpenCL","COMPUTE","ffn_moe_weights-2","GET_ROWS","f32",-1,7,-1,1,8,1,1,32,0.187761,1,"clFinish_profiled"
"CPU_Elastic","COMPUTE_GRAPH","ggml_cgraph","GRAPH","",-1,21,-1,0,0,0,0,0,11.753593,1,"delegate_cpu_graph"
"CPU_Elastic","COMPUTE_GRAPH","ggml_cgraph","GRAPH","",-1,1,-1,0,0,0,0,0,1.742083,1,"delegate_cpu_graph"
"OpenCL","COMPUTE","Qcur-3","ROPE","f32",-1,3,-1,128,16,1,1,8192,0.477917,1,"clFinish_profiled"
"CPU_Elastic","COMPUTE_GRAPH","ggml_cgraph","GRAPH","",-1,1,-1,0,0,0,0,0,0.405104,1,"delegate_cpu_graph"
"OpenCL","COMPUTE","Kcur-3","ROPE","f32",-1,3,-1,128,16,1,1,8192,0.399948,1,"clFinish_profiled"
"CPU_Elastic","COMPUTE_GRAPH","ggml_cgraph","GRAPH","",-1,3,-1,0,0,0,0,0,0.475052,1,"delegate_cpu_graph"
"OpenCL","COMPUTE","cache_k_l3 (view)","SET_ROWS","f16",-1,0,-1,2048,512,1,1,2097152,0.403125,1,"clFinish_profiled"
"OpenCL","COMPUTE","cache_v_l3 (view)","SET_ROWS","f16",-1,2,-1,2048,512,1,1,2097152,0.195521,1,"clFinish_profiled"
"OpenCL","COMPUTE","__fattn__-3","FLASH_ATTN_EXT","f32",-1,9,-1,128,16,1,1,8192,0.407968,1,"clFinish_profiled"
"CPU_Elastic","COMPUTE_GRAPH","ggml_cgraph","GRAPH","",-1,2,-1,0,0,0,0,0,0.421615,1,"delegate_cpu_graph"
"OpenCL","COMPUTE","ffn_moe_logits-3","MUL_MAT","f32",-1,2,-1,64,1,1,1,256,0.403125,1,"clFinish_profiled"
"OpenCL","COMPUTE","ffn_moe_probs-3","SOFT_MAX","f32",-1,3,-1,64,1,1,1,256,0.149531,1,"clFinish_profiled"
"OpenCL","COMPUTE","ffn_moe_argsort-3","ARGSORT","i32",-1,5,-1,64,1,1,1,256,0.157083,1,"clFinish_profiled"
"OpenCL","COMPUTE","ffn_moe_weights-3","GET_ROWS","f32",-1,7,-1,1,8,1,1,32,0.253490,1,"clFinish_profiled"
"CPU_Elastic","COMPUTE_GRAPH","ggml_cgraph","GRAPH","",-1,21,-1,0,0,0,0,0,11.685677,1,"delegate_cpu_graph"
"CPU_Elastic","COMPUTE_GRAPH","ggml_cgraph","GRAPH","",-1,1,-1,0,0,0,0,0,1.328281,1,"delegate_cpu_graph"
"OpenCL","COMPUTE","Qcur-4","ROPE","f32",-1,3,-1,128,16,1,1,8192,0.534896,1,"clFinish_profiled"
"CPU_Elastic","COMPUTE_GRAPH","ggml_cgraph","GRAPH","",-1,1,-1,0,0,0,0,0,1.373125,1,"delegate_cpu_graph"
"OpenCL","COMPUTE","Kcur-4","ROPE","f32",-1,3,-1,128,16,1,1,8192,0.503698,1,"clFinish_profiled"
"OpenCL","COMPUTE","Vcur-4","MUL_MAT","f32",-1,4,-1,2048,1,1,1,8192,0.357864,1,"clFinish_profiled"
"OpenCL","COMPUTE","cache_k_l4 (view)","SET_ROWS","f16",-1,7,-1,2048,512,1,1,2097152,0.198281,1,"clFinish_profiled"
"OpenCL","COMPUTE","cache_v_l4 (view)","SET_ROWS","f16",-1,9,-1,2048,512,1,1,2097152,0.191407,1,"clFinish_profiled"
"OpenCL","COMPUTE","__fattn__-4","FLASH_ATTN_EXT","f32",-1,16,-1,128,16,1,1,8192,0.407083,1,"clFinish_profiled"
"CPU_Elastic","COMPUTE_GRAPH","ggml_cgraph","GRAPH","",-1,2,-1,0,0,0,0,0,1.970469,1,"delegate_cpu_graph"
"OpenCL","COMPUTE","ffn_moe_logits-4","MUL_MAT","f32",-1,2,-1,64,1,1,1,256,0.531771,1,"clFinish_profiled"
"OpenCL","COMPUTE","ffn_moe_probs-4","SOFT_MAX","f32",-1,3,-1,64,1,1,1,256,0.221302,1,"clFinish_profiled"
"OpenCL","COMPUTE","ffn_moe_argsort-4","ARGSORT","i32",-1,5,-1,64,1,1,1,256,0.204270,1,"clFinish_profiled"
"OpenCL","COMPUTE","ffn_moe_weights-4","GET_ROWS","f32",-1,7,-1,1,8,1,1,32,0.107396,1,"clFinish_profiled"
"CPU_Elastic","COMPUTE_GRAPH","ggml_cgraph","GRAPH","",-1,21,-1,0,0,0,0,0,12.356042,1,"delegate_cpu_graph"
"CPU_Elastic","COMPUTE_GRAPH","ggml_cgraph","GRAPH","",-1,1,-1,0,0,0,0,0,1.400209,1,"delegate_cpu_graph"
"OpenCL","COMPUTE","Qcur-5","ROPE","f32",-1,3,-1,128,16,1,1,8192,0.541510,1,"clFinish_profiled"
"CPU_Elastic","COMPUTE_GRAPH","ggml_cgraph","GRAPH","",-1,1,-1,0,0,0,0,0,1.240781,1,"delegate_cpu_graph"
"OpenCL","COMPUTE","Kcur-5","ROPE","f32",-1,3,-1,128,16,1,1,8192,0.482448,1,"clFinish_profiled"
"CPU_Elastic","COMPUTE_GRAPH","ggml_cgraph","GRAPH","",-1,3,-1,0,0,0,0,0,2.078541,1,"delegate_cpu_graph"
"OpenCL","COMPUTE","cache_k_l5 (view)","SET_ROWS","f16",-1,0,-1,2048,512,1,1,2097152,0.515104,1,"clFinish_profiled"
"OpenCL","COMPUTE","cache_v_l5 (view)","SET_ROWS","f16",-1,2,-1,2048,512,1,1,2097152,0.316406,1,"clFinish_profiled"
"OpenCL","COMPUTE","__fattn__-5","FLASH_ATTN_EXT","f32",-1,9,-1,128,16,1,1,8192,0.428437,1,"clFinish_profiled"
"CPU_Elastic","COMPUTE_GRAPH","ggml_cgraph","GRAPH","",-1,2,-1,0,0,0,0,0,1.811823,1,"delegate_cpu_graph"
"OpenCL","COMPUTE","ffn_moe_logits-5","MUL_MAT","f32",-1,2,-1,64,1,1,1,256,0.503698,1,"clFinish_profiled"
"OpenCL","COMPUTE","ffn_moe_probs-5","SOFT_MAX","f32",-1,3,-1,64,1,1,1,256,0.207344,1,"clFinish_profiled"
"OpenCL","COMPUTE","ffn_moe_argsort-5","ARGSORT","i32",-1,5,-1,64,1,1,1,256,0.256197,1,"clFinish_profiled"
"OpenCL","COMPUTE","ffn_moe_weights-5","GET_ROWS","f32",-1,7,-1,1,8,1,1,32,0.185052,1,"clFinish_profiled"
"CPU_Elastic","COMPUTE_GRAPH","ggml_cgraph","GRAPH","",-1,21,-1,0,0,0,0,0,7.191407,1,"delegate_cpu_graph"
"CPU_Elastic","COMPUTE_GRAPH","ggml_cgraph","GRAPH","",-1,1,-1,0,0,0,0,0,0.583281,1,"delegate_cpu_graph"
"OpenCL","COMPUTE","Qcur-6","ROPE","f32",-1,3,-1,128,16,1,1,8192,0.507240,1,"clFinish_profiled"
"CPU_Elastic","COMPUTE_GRAPH","ggml_cgraph","GRAPH","",-1,1,-1,0,0,0,0,0,1.503438,1,"delegate_cpu_graph"
"OpenCL","COMPUTE","Kcur-6","ROPE","f32",-1,3,-1,128,16,1,1,8192,0.486146,1,"clFinish_profiled"
"CPU_Elastic","COMPUTE_GRAPH","ggml_cgraph","GRAPH","",-1,3,-1,0,0,0,0,0,2.070781,1,"delegate_cpu_graph"
"OpenCL","COMPUTE","cache_k_l6 (view)","SET_ROWS","f16",-1,0,-1,2048,512,1,1,2097152,0.483750,1,"clFinish_profiled"
"OpenCL","COMPUTE","cache_v_l6 (view)","SET_ROWS","f16",-1,2,-1,2048,512,1,1,2097152,0.199844,1,"clFinish_profiled"
"OpenCL","COMPUTE","__fattn__-6","FLASH_ATTN_EXT","f32",-1,9,-1,128,16,1,1,8192,0.433490,1,"clFinish_profiled"
"CPU_Elastic","COMPUTE_GRAPH","ggml_cgraph","GRAPH","",-1,2,-1,0,0,0,0,0,1.940261,1,"delegate_cpu_graph"
"OpenCL","COMPUTE","ffn_moe_logits-6","MUL_MAT","f32",-1,2,-1,64,1,1,1,256,0.488541,1,"clFinish_profiled"
"OpenCL","COMPUTE","ffn_moe_probs-6","SOFT_MAX","f32",-1,3,-1,64,1,1,1,256,0.206250,1,"clFinish_profiled"
"OpenCL","COMPUTE","ffn_moe_argsort-6","ARGSORT","i32",-1,5,-1,64,1,1,1,256,0.225260,1,"clFinish_profiled"
"OpenCL","COMPUTE","ffn_moe_weights-6","GET_ROWS","f32",-1,7,-1,1,8,1,1,32,0.207656,1,"clFinish_profiled"
"CPU_Elastic","COMPUTE_GRAPH","ggml_cgraph","GRAPH","",-1,21,-1,0,0,0,0,0,11.851823,1,"delegate_cpu_graph"
"CPU_Elastic","COMPUTE_GRAPH","ggml_cgraph","GRAPH","",-1,1,-1,0,0,0,0,0,1.476823,1,"delegate_cpu_graph"
"OpenCL","COMPUTE","Qcur-7","ROPE","f32",-1,3,-1,128,16,1,1,8192,0.700677,1,"clFinish_profiled"
"CPU_Elastic","COMPUTE_GRAPH","ggml_cgraph","GRAPH","",-1,1,-1,0,0,0,0,0,1.624740,1,"delegate_cpu_graph"
"OpenCL","COMPUTE","Kcur-7","ROPE","f32",-1,3,-1,128,16,1,1,8192,0.540156,1,"clFinish_profiled"
"OpenCL","COMPUTE","Vcur-7","MUL_MAT","f32",-1,4,-1,2048,1,1,1,8192,0.364323,1,"clFinish_profiled"
"OpenCL","COMPUTE","cache_k_l7 (view)","SET_ROWS","f16",-1,7,-1,2048,512,1,1,2097152,0.200729,1,"clFinish_profiled"
"OpenCL","COMPUTE","cache_v_l7 (view)","SET_ROWS","f16",-1,9,-1,2048,512,1,1,2097152,0.196562,1,"clFinish_profiled"
"OpenCL","COMPUTE","__fattn__-7","FLASH_ATTN_EXT","f32",-1,16,-1,128,16,1,1,8192,0.422187,1,"clFinish_profiled"
"CPU_Elastic","COMPUTE_GRAPH","ggml_cgraph","GRAPH","",-1,2,-1,0,0,0,0,0,1.707187,1,"delegate_cpu_graph"
"OpenCL","COMPUTE","ffn_moe_logits-7","MUL_MAT","f32",-1,2,-1,64,1,1,1,256,0.504271,1,"clFinish_profiled"
"OpenCL","COMPUTE","ffn_moe_probs-7","SOFT_MAX","f32",-1,3,-1,64,1,1,1,256,0.213177,1,"clFinish_profiled"
"OpenCL","COMPUTE","ffn_moe_argsort-7","ARGSORT","i32",-1,5,-1,64,1,1,1,256,0.201875,1,"clFinish_profiled"
"OpenCL","COMPUTE","ffn_moe_weights-7","GET_ROWS","f32",-1,7,-1,1,8,1,1,32,0.191094,1,"clFinish_profiled"
"CPU_Elastic","COMPUTE_GRAPH","ggml_cgraph","GRAPH","",-1,21,-1,0,0,0,0,0,8.245885,1,"delegate_cpu_graph"
"CPU_Elastic","COMPUTE_GRAPH","ggml_cgraph","GRAPH","",-1,1,-1,0,0,0,0,0,0.434115,1,"delegate_cpu_graph"
"OpenCL","COMPUTE","Qcur-8","ROPE","f32",-1,3,-1,128,16,1,1,8192,0.400052,1,"clFinish_profiled"
"CPU_Elastic","COMPUTE_GRAPH","ggml_cgraph","GRAPH","",-1,1,-1,0,0,0,0,0,0.470521,1,"delegate_cpu_graph"
"OpenCL","COMPUTE","Kcur-8","ROPE","f32",-1,3,-1,128,16,1,1,8192,0.405312,1,"clFinish_profiled"
"CPU_Elastic","COMPUTE_GRAPH","ggml_cgraph","GRAPH","",-1,3,-1,0,0,0,0,0,0.470000,1,"delegate_cpu_graph"
"OpenCL","COMPUTE","cache_k_l8 (view)","SET_ROWS","f16",-1,0,-1,2048,512,1,1,2097152,0.386667,1,"clFinish_profiled"
"OpenCL","COMPUTE","cache_v_l8 (view)","SET_ROWS","f16",-1,2,-1,2048,512,1,1,2097152,0.199375,1,"clFinish_profiled"
"OpenCL","COMPUTE","__fattn__-8","FLASH_ATTN_EXT","f32",-1,9,-1,128,16,1,1,8192,0.437032,1,"clFinish_profiled"
"CPU_Elastic","COMPUTE_GRAPH","ggml_cgraph","GRAPH","",-1,2,-1,0,0,0,0,0,0.404375,1,"delegate_cpu_graph"
"OpenCL","COMPUTE","ffn_moe_logits-8","MUL_MAT","f32",-1,2,-1,64,1,1,1,256,0.406875,1,"clFinish_profiled"
"OpenCL","COMPUTE","ffn_moe_probs-8","SOFT_MAX","f32",-1,3,-1,64,1,1,1,256,0.138542,1,"clFinish_profiled"
"OpenCL","COMPUTE","ffn_moe_argsort-8","ARGSORT","i32",-1,5,-1,64,1,1,1,256,0.206302,1,"clFinish_profiled"
"OpenCL","COMPUTE","ffn_moe_weights-8","GET_ROWS","f32",-1,7,-1,1,8,1,1,32,0.189531,1,"clFinish_profiled"
"CPU_Elastic","COMPUTE_GRAPH","ggml_cgraph","GRAPH","",-1,21,-1,0,0,0,0,0,9.762396,1,"delegate_cpu_graph"
"CPU_Elastic","COMPUTE_GRAPH","ggml_cgraph","GRAPH","",-1,1,-1,0,0,0,0,0,1.553125,1,"delegate_cpu_graph"
"OpenCL","COMPUTE","Qcur-9","ROPE","f32",-1,3,-1,128,16,1,1,8192,0.519115,1,"clFinish_profiled"
"CPU_Elastic","COMPUTE_GRAPH","ggml_cgraph","GRAPH","",-1,1,-1,0,0,0,0,0,0.599635,1,"delegate_cpu_graph"
"OpenCL","COMPUTE","Kcur-9","ROPE","f32",-1,3,-1,128,16,1,1,8192,0.502187,1,"clFinish_profiled"
"CPU_Elastic","COMPUTE_GRAPH","ggml_cgraph","GRAPH","",-1,3,-1,0,0,0,0,0,0.374219,1,"delegate_cpu_graph"
"OpenCL","COMPUTE","cache_k_l9 (view)","SET_ROWS","f16",-1,0,-1,2048,512,1,1,2097152,0.389479,1,"clFinish_profiled"
"OpenCL","COMPUTE","cache_v_l9 (view)","SET_ROWS","f16",-1,2,-1,2048,512,1,1,2097152,0.199219,1,"clFinish_profiled"
"OpenCL","COMPUTE","__fattn__-9","FLASH_ATTN_EXT","f32",-1,9,-1,128,16,1,1,8192,0.417448,1,"clFinish_profiled"
"CPU_Elastic","COMPUTE_GRAPH","ggml_cgraph","GRAPH","",-1,2,-1,0,0,0,0,0,0.448802,1,"delegate_cpu_graph"
"OpenCL","COMPUTE","ffn_moe_logits-9","MUL_MAT","f32",-1,2,-1,64,1,1,1,256,0.404115,1,"clFinish_profiled"
"OpenCL","COMPUTE","ffn_moe_probs-9","SOFT_MAX","f32",-1,3,-1,64,1,1,1,256,0.203021,1,"clFinish_profiled"
"OpenCL","COMPUTE","ffn_moe_argsort-9","ARGSORT","i32",-1,5,-1,64,1,1,1,256,0.197760,1,"clFinish_profiled"
"OpenCL","COMPUTE","ffn_moe_weights-9","GET_ROWS","f32",-1,7,-1,1,8,1,1,32,0.255261,1,"clFinish_profiled"
"CPU_Elastic","COMPUTE_GRAPH","ggml_cgraph","GRAPH","",-1,21,-1,0,0,0,0,0,6.175313,1,"delegate_cpu_graph"
"CPU_Elastic","COMPUTE_GRAPH","ggml_cgraph","GRAPH","",-1,1,-1,0,0,0,0,0,0.376615,1,"delegate_cpu_graph"
"OpenCL","COMPUTE","Qcur-10","ROPE","f32",-1,3,-1,128,16,1,1,8192,0.399062,1,"clFinish_profiled"
"CPU_Elastic","COMPUTE_GRAPH","ggml_cgraph","GRAPH","",-1,1,-1,0,0,0,0,0,0.473125,1,"delegate_cpu_graph"
"OpenCL","COMPUTE","Kcur-10","ROPE","f32",-1,3,-1,128,16,1,1,8192,0.397917,1,"clFinish_profiled"
"OpenCL","COMPUTE","Vcur-10","MUL_MAT","f32",-1,4,-1,2048,1,1,1,8192,0.352657,1,"clFinish_profiled"
"OpenCL","COMPUTE","cache_k_l10 (view)","SET_ROWS","f16",-1,7,-1,2048,512,1,1,2097152,0.194427,1,"clFinish_profiled"
"OpenCL","COMPUTE","cache_v_l10 (view)","SET_ROWS","f16",-1,9,-1,2048,512,1,1,2097152,0.192917,1,"clFinish_profiled"
"OpenCL","COMPUTE","__fattn__-10","FLASH_ATTN_EXT","f32",-1,16,-1,128,16,1,1,8192,0.421406,1,"clFinish_profiled"
"CPU_Elastic","COMPUTE_GRAPH","ggml_cgraph","GRAPH","",-1,2,-1,0,0,0,0,0,0.645677,1,"delegate_cpu_graph"
"OpenCL","COMPUTE","ffn_moe_logits-10","MUL_MAT","f32",-1,2,-1,64,1,1,1,256,0.516407,1,"clFinish_profiled"
"OpenCL","COMPUTE","ffn_moe_probs-10","SOFT_MAX","f32",-1,3,-1,64,1,1,1,256,0.207031,1,"clFinish_profiled"
"OpenCL","COMPUTE","ffn_moe_argsort-10","ARGSORT","i32",-1,5,-1,64,1,1,1,256,0.202916,1,"clFinish_profiled"
"OpenCL","COMPUTE","ffn_moe_weights-10","GET_ROWS","f32",-1,7,-1,1,8,1,1,32,0.190521,1,"clFinish_profiled"
"CPU_Elastic","COMPUTE_GRAPH","ggml_cgraph","GRAPH","",-1,21,-1,0,0,0,0,0,7.668281,1,"delegate_cpu_graph"
"CPU_Elastic","COMPUTE_GRAPH","ggml_cgraph","GRAPH","",-1,1,-1,0,0,0,0,0,0.414062,1,"delegate_cpu_graph"
"OpenCL","COMPUTE","Qcur-11","ROPE","f32",-1,3,-1,128,16,1,1,8192,0.404219,1,"clFinish_profiled"
"CPU_Elastic","COMPUTE_GRAPH","ggml_cgraph","GRAPH","",-1,1,-1,0,0,0,0,0,0.469896,1,"delegate_cpu_graph"
"OpenCL","COMPUTE","Kcur-11","ROPE","f32",-1,3,-1,128,16,1,1,8192,0.392500,1,"clFinish_profiled"
"CPU_Elastic","COMPUTE_GRAPH","ggml_cgraph","GRAPH","",-1,3,-1,0,0,0,0,0,0.480156,1,"delegate_cpu_graph"
"OpenCL","COMPUTE","cache_k_l11 (view)","SET_ROWS","f16",-1,0,-1,2048,512,1,1,2097152,0.386927,1,"clFinish_profiled"
"OpenCL","COMPUTE","cache_v_l11 (view)","SET_ROWS","f16",-1,2,-1,2048,512,1,1,2097152,0.199896,1,"clFinish_profiled"
"OpenCL","COMPUTE","__fattn__-11","FLASH_ATTN_EXT","f32",-1,9,-1,128,16,1,1,8192,0.483230,1,"clFinish_profiled"
"CPU_Elastic","COMPUTE_GRAPH","ggml_cgraph","GRAPH","",-1,2,-1,0,0,0,0,0,2.031562,1,"delegate_cpu_graph"
"OpenCL","COMPUTE","ffn_moe_logits-11","MUL_MAT","f32",-1,2,-1,64,1,1,1,256,0.492240,1,"clFinish_profiled"
"OpenCL","COMPUTE","ffn_moe_probs-11","SOFT_MAX","f32",-1,3,-1,64,1,1,1,256,0.238958,1,"clFinish_profiled"
"OpenCL","COMPUTE","ffn_moe_argsort-11","ARGSORT","i32",-1,5,-1,64,1,1,1,256,0.199271,1,"clFinish_profiled"
"OpenCL","COMPUTE","ffn_moe_weights-11","GET_ROWS","f32",-1,7,-1,1,8,1,1,32,0.190625,1,"clFinish_profiled"
"CPU_Elastic","COMPUTE_GRAPH","ggml_cgraph","GRAPH","",-1,21,-1,0,0,0,0,0,6.122396,1,"delegate_cpu_graph"
"CPU_Elastic","COMPUTE_GRAPH","ggml_cgraph","GRAPH","",-1,1,-1,0,0,0,0,0,0.408802,1,"delegate_cpu_graph"
"OpenCL","COMPUTE","Qcur-12","ROPE","f32",-1,3,-1,128,16,1,1,8192,0.436719,1,"clFinish_profiled"
"CPU_Elastic","COMPUTE_GRAPH","ggml_cgraph","GRAPH","",-1,1,-1,0,0,0,0,0,0.435833,1,"delegate_cpu_graph"
"OpenCL","COMPUTE","Kcur-12","ROPE","f32",-1,3,-1,128,16,1,1,8192,0.401406,1,"clFinish_profiled"
"CPU_Elastic","COMPUTE_GRAPH","ggml_cgraph","GRAPH","",-1,3,-1,0,0,0,0,0,0.477500,1,"delegate_cpu_graph"
"OpenCL","COMPUTE","cache_k_l12 (view)","SET_ROWS","f16",-1,0,-1,2048,512,1,1,2097152,0.392812,1,"clFinish_profiled"
"OpenCL","COMPUTE","cache_v_l12 (view)","SET_ROWS","f16",-1,2,-1,2048,512,1,1,2097152,0.198646,1,"clFinish_profiled"
"OpenCL","COMPUTE","__fattn__-12","FLASH_ATTN_EXT","f32",-1,9,-1,128,16,1,1,8192,0.407865,1,"clFinish_profiled"
"CPU_Elastic","COMPUTE_GRAPH","ggml_cgraph","GRAPH","",-1,2,-1,0,0,0,0,0,0.418802,1,"delegate_cpu_graph"
"OpenCL","COMPUTE","ffn_moe_logits-12","MUL_MAT","f32",-1,2,-1,64,1,1,1,256,0.405052,1,"clFinish_profiled"
"OpenCL","COMPUTE","ffn_moe_probs-12","SOFT_MAX","f32",-1,3,-1,64,1,1,1,256,0.201250,1,"clFinish_profiled"
"OpenCL","COMPUTE","ffn_moe_argsort-12","ARGSORT","i32",-1,5,-1,64,1,1,1,256,0.197188,1,"clFinish_profiled"
"OpenCL","COMPUTE","ffn_moe_weights-12","GET_ROWS","f32",-1,7,-1,1,8,1,1,32,0.187240,1,"clFinish_profiled"
"CPU_Elastic","COMPUTE_GRAPH","ggml_cgraph","GRAPH","",-1,21,-1,0,0,0,0,0,6.654479,1,"delegate_cpu_graph"
"CPU_Elastic","COMPUTE_GRAPH","ggml_cgraph","GRAPH","",-1,1,-1,0,0,0,0,0,0.407969,1,"delegate_cpu_graph"
"OpenCL","COMPUTE","Qcur-13","ROPE","f32",-1,3,-1,128,16,1,1,8192,0.401250,1,"clFinish_profiled"
"CPU_Elastic","COMPUTE_GRAPH","ggml_cgraph","GRAPH","",-1,1,-1,0,0,0,0,0,0.470833,1,"delegate_cpu_graph"
"OpenCL","COMPUTE","Kcur-13","ROPE","f32",-1,3,-1,128,16,1,1,8192,0.403958,1,"clFinish_profiled"
"OpenCL","COMPUTE","Vcur-13","MUL_MAT","f32",-1,4,-1,2048,1,1,1,8192,0.352500,1,"clFinish_profiled"
"OpenCL","COMPUTE","cache_k_l13 (view)","SET_ROWS","f16",-1,7,-1,2048,512,1,1,2097152,0.195156,1,"clFinish_profiled"
"OpenCL","COMPUTE","cache_v_l13 (view)","SET_ROWS","f16",-1,9,-1,2048,512,1,1,2097152,0.192865,1,"clFinish_profiled"
"OpenCL","COMPUTE","__fattn__-13","FLASH_ATTN_EXT","f32",-1,16,-1,128,16,1,1,8192,0.407865,1,"clFinish_profiled"
"CPU_Elastic","COMPUTE_GRAPH","ggml_cgraph","GRAPH","",-1,2,-1,0,0,0,0,0,0.381042,1,"delegate_cpu_graph"
"OpenCL","COMPUTE","ffn_moe_logits-13","MUL_MAT","f32",-1,2,-1,64,1,1,1,256,0.407136,1,"clFinish_profiled"
"OpenCL","COMPUTE","ffn_moe_probs-13","SOFT_MAX","f32",-1,3,-1,64,1,1,1,256,0.204947,1,"clFinish_profiled"
"OpenCL","COMPUTE","ffn_moe_argsort-13","ARGSORT","i32",-1,5,-1,64,1,1,1,256,0.200000,1,"clFinish_profiled"
"OpenCL","COMPUTE","ffn_moe_weights-13","GET_ROWS","f32",-1,7,-1,1,8,1,1,32,0.189480,1,"clFinish_profiled"
"CPU_Elastic","COMPUTE_GRAPH","ggml_cgraph","GRAPH","",-1,21,-1,0,0,0,0,0,7.470885,1,"delegate_cpu_graph"
"CPU_Elastic","COMPUTE_GRAPH","ggml_cgraph","GRAPH","",-1,1,-1,0,0,0,0,0,0.405365,1,"delegate_cpu_graph"
"OpenCL","COMPUTE","Qcur-14","ROPE","f32",-1,3,-1,128,16,1,1,8192,0.427084,1,"clFinish_profiled"
"CPU_Elastic","COMPUTE_GRAPH","ggml_cgraph","GRAPH","",-1,1,-1,0,0,0,0,0,0.925625,1,"delegate_cpu_graph"
"OpenCL","COMPUTE","Kcur-14","ROPE","f32",-1,3,-1,128,16,1,1,8192,0.486250,1,"clFinish_profiled"
"OpenCL","COMPUTE","Vcur-14","MUL_MAT","f32",-1,4,-1,2048,1,1,1,8192,0.368854,1,"clFinish_profiled"
"OpenCL","COMPUTE","cache_k_l14 (view)","SET_ROWS","f16",-1,7,-1,2048,512,1,1,2097152,0.197656,1,"clFinish_profiled"
"OpenCL","COMPUTE","cache_v_l14 (view)","SET_ROWS","f16",-1,9,-1,2048,512,1,1,2097152,0.192813,1,"clFinish_profiled"
"OpenCL","COMPUTE","__fattn__-14","FLASH_ATTN_EXT","f32",-1,16,-1,128,16,1,1,8192,0.409896,1,"clFinish_profiled"
"CPU_Elastic","COMPUTE_GRAPH","ggml_cgraph","GRAPH","",-1,2,-1,0,0,0,0,0,1.791146,1,"delegate_cpu_graph"
"OpenCL","COMPUTE","ffn_moe_logits-14","MUL_MAT","f32",-1,2,-1,64,1,1,1,256,0.497709,1,"clFinish_profiled"
"OpenCL","COMPUTE","ffn_moe_probs-14","SOFT_MAX","f32",-1,3,-1,64,1,1,1,256,0.206770,1,"clFinish_profiled"
"OpenCL","COMPUTE","ffn_moe_argsort-14","ARGSORT","i32",-1,5,-1,64,1,1,1,256,0.199792,1,"clFinish_profiled"
"OpenCL","COMPUTE","ffn_moe_weights-14","GET_ROWS","f32",-1,7,-1,1,8,1,1,32,0.188855,1,"clFinish_profiled"
"CPU_Elastic","COMPUTE_GRAPH","ggml_cgraph","GRAPH","",-1,21,-1,0,0,0,0,0,7.689688,1,"delegate_cpu_graph"
"CPU_Elastic","COMPUTE_GRAPH","ggml_cgraph","GRAPH","",-1,1,-1,0,0,0,0,0,0.407292,1,"delegate_cpu_graph"
"OpenCL","COMPUTE","Qcur-15","ROPE","f32",-1,3,-1,128,16,1,1,8192,0.401406,1,"clFinish_profiled"
"CPU_Elastic","COMPUTE_GRAPH","ggml_cgraph","GRAPH","",-1,1,-1,0,0,0,0,0,0.461771,1,"delegate_cpu_graph"
"OpenCL","COMPUTE","Kcur-15","ROPE","f32",-1,3,-1,128,16,1,1,8192,0.394427,1,"clFinish_profiled"
"OpenCL","COMPUTE","Vcur-15","MUL_MAT","f32",-1,4,-1,2048,1,1,1,8192,0.348906,1,"clFinish_profiled"
"OpenCL","COMPUTE","cache_k_l15 (view)","SET_ROWS","f16",-1,7,-1,2048,512,1,1,2097152,0.243698,1,"clFinish_profiled"
"OpenCL","COMPUTE","cache_v_l15 (view)","SET_ROWS","f16",-1,9,-1,2048,512,1,1,2097152,0.191927,1,"clFinish_profiled"
"OpenCL","COMPUTE","__fattn__-15","FLASH_ATTN_EXT","f32",-1,16,-1,128,16,1,1,8192,0.411458,1,"clFinish_profiled"
"CPU_Elastic","COMPUTE_GRAPH","ggml_cgraph","GRAPH","",-1,4,-1,0,0,0,0,0,2.364739,1,"delegate_cpu_graph"
"OpenCL","COMPUTE","ffn_moe_logits-15","MUL_MAT","f32",-1,2,-1,64,1,1,1,256,0.510312,1,"clFinish_profiled"
"OpenCL","COMPUTE","ffn_moe_probs-15","SOFT_MAX","f32",-1,3,-1,64,1,1,1,256,0.206198,1,"clFinish_profiled"
"OpenCL","COMPUTE","ffn_moe_argsort-15","ARGSORT","i32",-1,5,-1,64,1,1,1,256,0.201614,1,"clFinish_profiled"
"OpenCL","COMPUTE","ffn_moe_weights-15","GET_ROWS","f32",-1,7,-1,1,8,1,1,32,0.188750,1,"clFinish_profiled"
"CPU_Elastic","COMPUTE_GRAPH","ggml_cgraph","GRAPH","",-1,22,-1,0,0,0,0,0,6.278959,1,"delegate_cpu_graph"
"OpenCL","COMPUTE","result_norm","MUL","f32",-1,0,-1,2048,1,1,1,8192,0.500938,1,"clFinish_profiled"
"OpenCL","COMPUTE","result_output","MUL_MAT","f32",-1,1,-1,50304,1,1,1,201216,4.015990,1,"clFinish_profiled"
"CPU_Elastic","COMPUTE_GRAPH","ggml_cgraph","GRAPH","",-1,1,-1,0,0,0,0,0,0.011354,1,"delegate_cpu_graph"
"CPU_Elastic","COMPUTE_GRAPH","ggml_cgraph","GRAPH","",-1,1,-1,0,0,0,0,0,1.580417,1,"delegate_cpu_graph"
"OpenCL","COMPUTE","Qcur-0","ROPE","f32",-1,3,-1,128,16,1,1,8192,0.519063,1,"clFinish_profiled"
"CPU_Elastic","COMPUTE_GRAPH","ggml_cgraph","GRAPH","",-1,1,-1,0,0,0,0,0,1.646250,1,"delegate_cpu_graph"
"OpenCL","COMPUTE","Kcur-0","ROPE","f32",-1,3,-1,128,16,1,1,8192,0.492552,1,"clFinish_profiled"
"OpenCL","COMPUTE","Vcur-0","MUL_MAT","f32",-1,4,-1,2048,1,1,1,8192,0.260625,1,"clFinish_profiled"
"OpenCL","COMPUTE","cache_k_l0 (view)","SET_ROWS","f16",-1,7,-1,2048,512,1,1,2097152,0.258386,1,"clFinish_profiled"
"OpenCL","COMPUTE","cache_v_l0 (view)","SET_ROWS","f16",-1,9,-1,2048,512,1,1,2097152,0.201406,1,"clFinish_profiled"
"OpenCL","COMPUTE"," (copy)","CPY","f16",-1,16,-1,256,64,1,1,32768,0.200730,1,"clFinish_profiled"
"OpenCL","COMPUTE","__fattn__-0","FLASH_ATTN_EXT","f32",-1,17,-1,128,16,1,1,8192,0.410625,1,"clFinish_profiled"
"CPU_Elastic","COMPUTE_GRAPH","ggml_cgraph","GRAPH","",-1,2,-1,0,0,0,0,0,1.400782,1,"delegate_cpu_graph"
"OpenCL","COMPUTE","ffn_moe_logits-0","MUL_MAT","f32",-1,2,-1,64,1,1,1,256,0.501875,1,"clFinish_profiled"
"OpenCL","COMPUTE","ffn_moe_probs-0","SOFT_MAX","f32",-1,3,-1,64,1,1,1,256,0.218020,1,"clFinish_profiled"
"OpenCL","COMPUTE","ffn_moe_argsort-0","ARGSORT","i32",-1,5,-1,64,1,1,1,256,0.201771,1,"clFinish_profiled"
"OpenCL","COMPUTE","ffn_moe_weights-0","GET_ROWS","f32",-1,7,-1,1,8,1,1,32,0.191979,1,"clFinish_profiled"
"CPU_Elastic","COMPUTE_GRAPH","ggml_cgraph","GRAPH","",-1,21,-1,0,0,0,0,0,7.504844,1,"delegate_cpu_graph"
"CPU_Elastic","COMPUTE_GRAPH","ggml_cgraph","GRAPH","",-1,1,-1,0,0,0,0,0,0.381459,1,"delegate_cpu_graph"
"OpenCL","COMPUTE","Qcur-1","ROPE","f32",-1,3,-1,128,16,1,1,8192,0.407708,1,"clFinish_profiled"
"CPU_Elastic","COMPUTE_GRAPH","ggml_cgraph","GRAPH","",-1,1,-1,0,0,0,0,0,0.463489,1,"delegate_cpu_graph"
"OpenCL","COMPUTE","Kcur-1","ROPE","f32",-1,3,-1,128,16,1,1,8192,0.397656,1,"clFinish_profiled"
"OpenCL","COMPUTE","Vcur-1","MUL_MAT","f32",-1,4,-1,2048,1,1,1,8192,0.360260,1,"clFinish_profiled"
"OpenCL","COMPUTE","cache_k_l1 (view)","SET_ROWS","f16",-1,7,-1,2048,512,1,1,2097152,0.193750,1,"clFinish_profiled"
"OpenCL","COMPUTE","cache_v_l1 (view)","SET_ROWS","f16",-1,9,-1,2048,512,1,1,2097152,0.193594,1,"clFinish_profiled"
"OpenCL","COMPUTE","__fattn__-1","FLASH_ATTN_EXT","f32",-1,16,-1,128,16,1,1,8192,0.412812,1,"clFinish_profiled"
"CPU_Elastic","COMPUTE_GRAPH","ggml_cgraph","GRAPH","",-1,2,-1,0,0,0,0,0,2.040677,1,"delegate_cpu_graph"
"OpenCL","COMPUTE","ffn_moe_logits-1","MUL_MAT","f32",-1,2,-1,64,1,1,1,256,0.502187,1,"clFinish_profiled"
"OpenCL","COMPUTE","ffn_moe_probs-1","SOFT_MAX","f32",-1,3,-1,64,1,1,1,256,0.209740,1,"clFinish_profiled"
"OpenCL","COMPUTE","ffn_moe_argsort-1","ARGSORT","i32",-1,5,-1,64,1,1,1,256,0.200781,1,"clFinish_profiled"
"OpenCL","COMPUTE","ffn_moe_weights-1","GET_ROWS","f32",-1,7,-1,1,8,1,1,32,0.192344,1,"clFinish_profiled"
"CPU_Elastic","COMPUTE_GRAPH","ggml_cgraph","GRAPH","",-1,21,-1,0,0,0,0,0,9.186979,1,"delegate_cpu_graph"
"CPU_Elastic","COMPUTE_GRAPH","ggml_cgraph","GRAPH","",-1,1,-1,0,0,0,0,0,0.409323,1,"delegate_cpu_graph"
"OpenCL","COMPUTE","Qcur-2","ROPE","f32",-1,3,-1,128,16,1,1,8192,0.399271,1,"clFinish_profiled"
"CPU_Elastic","COMPUTE_GRAPH","ggml_cgraph","GRAPH","",-1,1,-1,0,0,0,0,0,0.471563,1,"delegate_cpu_graph"
"OpenCL","COMPUTE","Kcur-2","ROPE","f32",-1,3,-1,128,16,1,1,8192,0.402343,1,"clFinish_profiled"
"CPU_Elastic","COMPUTE_GRAPH","ggml_cgraph","GRAPH","",-1,3,-1,0,0,0,0,0,0.471875,1,"delegate_cpu_graph"
"OpenCL","COMPUTE","cache_k_l2 (view)","SET_ROWS","f16",-1,0,-1,2048,512,1,1,2097152,0.385833,1,"clFinish_profiled"
"OpenCL","COMPUTE","cache_v_l2 (view)","SET_ROWS","f16",-1,2,-1,2048,512,1,1,2097152,0.199844,1,"clFinish_profiled"
"OpenCL","COMPUTE","__fattn__-2","FLASH_ATTN_EXT","f32",-1,9,-1,128,16,1,1,8192,0.406927,1,"clFinish_profiled"
"CPU_Elastic","COMPUTE_GRAPH","ggml_cgraph","GRAPH","",-1,2,-1,0,0,0,0,0,1.229271,1,"delegate_cpu_graph"
"OpenCL","COMPUTE","ffn_moe_logits-2","MUL_MAT","f32",-1,2,-1,64,1,1,1,256,0.493490,1,"clFinish_profiled"
"OpenCL","COMPUTE","ffn_moe_probs-2","SOFT_MAX","f32",-1,3,-1,64,1,1,1,256,0.204532,1,"clFinish_profiled"
"OpenCL","COMPUTE","ffn_moe_argsort-2","ARGSORT","i32",-1,5,-1,64,1,1,1,256,0.198021,1,"clFinish_profiled"
"OpenCL","COMPUTE","ffn_moe_weights-2","GET_ROWS","f32",-1,7,-1,1,8,1,1,32,0.190521,1,"clFinish_profiled"
"CPU_Elastic","COMPUTE_GRAPH","ggml_cgraph","GRAPH","",-1,21,-1,0,0,0,0,0,7.993594,1,"delegate_cpu_graph"
"CPU_Elastic","COMPUTE_GRAPH","ggml_cgraph","GRAPH","",-1,1,-1,0,0,0,0,0,0.390468,1,"delegate_cpu_graph"
"OpenCL","COMPUTE","Qcur-3","ROPE","f32",-1,3,-1,128,16,1,1,8192,0.433594,1,"clFinish_profiled"
"CPU_Elastic","COMPUTE_GRAPH","ggml_cgraph","GRAPH","",-1,1,-1,0,0,0,0,0,0.464687,1,"delegate_cpu_graph"
"OpenCL","COMPUTE","Kcur-3","ROPE","f32",-1,3,-1,128,16,1,1,8192,0.403281,1,"clFinish_profiled"
"CPU_Elastic","COMPUTE_GRAPH","ggml_cgraph","GRAPH","",-1,3,-1,0,0,0,0,0,0.472343,1,"delegate_cpu_graph"
"OpenCL","COMPUTE","cache_k_l3 (view)","SET_ROWS","f16",-1,0,-1,2048,512,1,1,2097152,0.389062,1,"clFinish_profiled"
"OpenCL","COMPUTE","cache_v_l3 (view)","SET_ROWS","f16",-1,2,-1,2048,512,1,1,2097152,0.204114,1,"clFinish_profiled"
"OpenCL","COMPUTE","__fattn__-3","FLASH_ATTN_EXT","f32",-1,9,-1,128,16,1,1,8192,0.452865,1,"clFinish_profiled"
"CPU_Elastic","COMPUTE_GRAPH","ggml_cgraph","GRAPH","",-1,2,-1,0,0,0,0,0,0.382657,1,"delegate_cpu_graph"
"OpenCL","COMPUTE","ffn_moe_logits-3","MUL_MAT","f32",-1,2,-1,64,1,1,1,256,0.407552,1,"clFinish_profiled"
"OpenCL","COMPUTE","ffn_moe_probs-3","SOFT_MAX","f32",-1,3,-1,64,1,1,1,256,0.208594,1,"clFinish_profiled"
"OpenCL","COMPUTE","ffn_moe_argsort-3","ARGSORT","i32",-1,5,-1,64,1,1,1,256,0.203021,1,"clFinish_profiled"
"OpenCL","COMPUTE","ffn_moe_weights-3","GET_ROWS","f32",-1,7,-1,1,8,1,1,32,0.194218,1,"clFinish_profiled"
"CPU_Elastic","COMPUTE_GRAPH","ggml_cgraph","GRAPH","",-1,21,-1,0,0,0,0,0,11.849375,1,"delegate_cpu_graph"
"CPU_Elastic","COMPUTE_GRAPH","ggml_cgraph","GRAPH","",-1,1,-1,0,0,0,0,0,1.326354,1,"delegate_cpu_graph"
"OpenCL","COMPUTE","Qcur-4","ROPE","f32",-1,3,-1,128,16,1,1,8192,0.496145,1,"clFinish_profiled"
"CPU_Elastic","COMPUTE_GRAPH","ggml_cgraph","GRAPH","",-1,1,-1,0,0,0,0,0,1.738230,1,"delegate_cpu_graph"
"OpenCL","COMPUTE","Kcur-4","ROPE","f32",-1,3,-1,128,16,1,1,8192,0.515000,1,"clFinish_profiled"
"OpenCL","COMPUTE","Vcur-4","MUL_MAT","f32",-1,4,-1,2048,1,1,1,8192,0.349114,1,"clFinish_profiled"
"OpenCL","COMPUTE","cache_k_l4 (view)","SET_ROWS","f16",-1,7,-1,2048,512,1,1,2097152,0.191146,1,"clFinish_profiled"
"OpenCL","COMPUTE","cache_v_l4 (view)","SET_ROWS","f16",-1,9,-1,2048,512,1,1,2097152,0.190104,1,"clFinish_profiled"
"OpenCL","COMPUTE","__fattn__-4","FLASH_ATTN_EXT","f32",-1,16,-1,128,16,1,1,8192,0.409219,1,"clFinish_profiled"
"CPU_Elastic","COMPUTE_GRAPH","ggml_cgraph","GRAPH","",-1,2,-1,0,0,0,0,0,0.548386,1,"delegate_cpu_graph"
"OpenCL","COMPUTE","ffn_moe_logits-4","MUL_MAT","f32",-1,2,-1,64,1,1,1,256,0.411302,1,"clFinish_profiled"
"OpenCL","COMPUTE","ffn_moe_probs-4","SOFT_MAX","f32",-1,3,-1,64,1,1,1,256,0.202291,1,"clFinish_profiled"
"OpenCL","COMPUTE","ffn_moe_argsort-4","ARGSORT","i32",-1,5,-1,64,1,1,1,256,0.256093,1,"clFinish_profiled"
"OpenCL","COMPUTE","ffn_moe_weights-4","GET_ROWS","f32",-1,7,-1,1,8,1,1,32,0.539114,1,"clFinish_profiled"
"CPU_Elastic","COMPUTE_GRAPH","ggml_cgraph","GRAPH","",-1,21,-1,0,0,0,0,0,12.029114,1,"delegate_cpu_graph"
"CPU_Elastic","COMPUTE_GRAPH","ggml_cgraph","GRAPH","",-1,1,-1,0,0,0,0,0,1.562865,1,"delegate_cpu_graph"
"OpenCL","COMPUTE","Qcur-5","ROPE","f32",-1,3,-1,128,16,1,1,8192,0.540886,1,"clFinish_profiled"
"CPU_Elastic","COMPUTE_GRAPH","ggml_cgraph","GRAPH","",-1,1,-1,0,0,0,0,0,0.616511,1,"delegate_cpu_graph"
"OpenCL","COMPUTE","Kcur-5","ROPE","f32",-1,3,-1,128,16,1,1,8192,0.499479,1,"clFinish_profiled"
"CPU_Elastic","COMPUTE_GRAPH","ggml_cgraph","GRAPH","",-1,3,-1,0,0,0,0,0,0.956042,1,"delegate_cpu_graph"
"OpenCL","COMPUTE","cache_k_l5 (view)","SET_ROWS","f16",-1,0,-1,2048,512,1,1,2097152,0.473854,1,"clFinish_profiled"
"OpenCL","COMPUTE","cache_v_l5 (view)","SET_ROWS","f16",-1,2,-1,2048,512,1,1,2097152,0.199687,1,"clFinish_profiled"
"OpenCL","COMPUTE","__fattn__-5","FLASH_ATTN_EXT","f32",-1,9,-1,128,16,1,1,8192,0.426459,1,"clFinish_profiled"
"CPU_Elastic","COMPUTE_GRAPH","ggml_cgraph","GRAPH","",-1,2,-1,0,0,0,0,0,0.914114,1,"delegate_cpu_graph"
"OpenCL","COMPUTE","ffn_moe_logits-5","MUL_MAT","f32",-1,2,-1,64,1,1,1,256,0.495052,1,"clFinish_profiled"
"OpenCL","COMPUTE","ffn_moe_probs-5","SOFT_MAX","f32",-1,3,-1,64,1,1,1,256,0.202709,1,"clFinish_profiled"
"OpenCL","COMPUTE","ffn_moe_argsort-5","ARGSORT","i32",-1,5,-1,64,1,1,1,256,0.197761,1,"clFinish_profiled"
"OpenCL","COMPUTE","ffn_moe_weights-5","GET_ROWS","f32",-1,7,-1,1,8,1,1,32,0.187969,1,"clFinish_profiled"
"CPU_Elastic","COMPUTE_GRAPH","ggml_cgraph","GRAPH","",-1,21,-1,0,0,0,0,0,8.447604,1,"delegate_cpu_graph"
"CPU_Elastic","COMPUTE_GRAPH","ggml_cgraph","GRAPH","",-1,1,-1,0,0,0,0,0,0.397187,1,"delegate_cpu_graph"
"OpenCL","COMPUTE","Qcur-6","ROPE","f32",-1,3,-1,128,16,1,1,8192,0.401198,1,"clFinish_profiled"
"CPU_Elastic","COMPUTE_GRAPH","ggml_cgraph","GRAPH","",-1,1,-1,0,0,0,0,0,0.470104,1,"delegate_cpu_graph"
"OpenCL","COMPUTE","Kcur-6","ROPE","f32",-1,3,-1,128,16,1,1,8192,0.396771,1,"clFinish_profiled"
"CPU_Elastic","COMPUTE_GRAPH","ggml_cgraph","GRAPH","",-1,3,-1,0,0,0,0,0,0.478125,1,"delegate_cpu_graph"
"OpenCL","COMPUTE","cache_k_l6 (view)","SET_ROWS","f16",-1,0,-1,2048,512,1,1,2097152,0.401927,1,"clFinish_profiled"
"OpenCL","COMPUTE","cache_v_l6 (view)","SET_ROWS","f16",-1,2,-1,2048,512,1,1,2097152,0.201562,1,"clFinish_profiled"
"OpenCL","COMPUTE","__fattn__-6","FLASH_ATTN_EXT","f32",-1,9,-1,128,16,1,1,8192,0.407552,1,"clFinish_profiled"
"CPU_Elastic","COMPUTE_GRAPH","ggml_cgraph","GRAPH","",-1,2,-1,0,0,0,0,0,0.419375,1,"delegate_cpu_graph"
"OpenCL","COMPUTE","ffn_moe_logits-6","MUL_MAT","f32",-1,2,-1,64,1,1,1,256,0.409167,1,"clFinish_profiled"
"OpenCL","COMPUTE","ffn_moe_probs-6","SOFT_MAX","f32",-1,3,-1,64,1,1,1,256,0.204323,1,"clFinish_profiled"
"OpenCL","COMPUTE","ffn_moe_argsort-6","ARGSORT","i32",-1,5,-1,64,1,1,1,256,0.197813,1,"clFinish_profiled"
"OpenCL","COMPUTE","ffn_moe_weights-6","GET_ROWS","f32",-1,7,-1,1,8,1,1,32,0.191980,1,"clFinish_profiled"
"CPU_Elastic","COMPUTE_GRAPH","ggml_cgraph","GRAPH","",-1,21,-1,0,0,0,0,0,11.274844,1,"delegate_cpu_graph"
"CPU_Elastic","COMPUTE_GRAPH","ggml_cgraph","GRAPH","",-1,1,-1,0,0,0,0,0,1.607865,1,"delegate_cpu_graph"
"OpenCL","COMPUTE","Qcur-7","ROPE","f32",-1,3,-1,128,16,1,1,8192,0.501771,1,"clFinish_profiled"
"CPU_Elastic","COMPUTE_GRAPH","ggml_cgraph","GRAPH","",-1,1,-1,0,0,0,0,0,1.598125,1,"delegate_cpu_graph"
"OpenCL","COMPUTE","Kcur-7","ROPE","f32",-1,3,-1,128,16,1,1,8192,0.491355,1,"clFinish_profiled"
"OpenCL","COMPUTE","Vcur-7","MUL_MAT","f32",-1,4,-1,2048,1,1,1,8192,0.350729,1,"clFinish_profiled"
"OpenCL","COMPUTE","cache_k_l7 (view)","SET_ROWS","f16",-1,7,-1,2048,512,1,1,2097152,0.193281,1,"clFinish_profiled"
"OpenCL","COMPUTE","cache_v_l7 (view)","SET_ROWS","f16",-1,9,-1,2048,512,1,1,2097152,0.222656,1,"clFinish_profiled"
"OpenCL","COMPUTE","__fattn__-7","FLASH_ATTN_EXT","f32",-1,16,-1,128,16,1,1,8192,0.420260,1,"clFinish_profiled"
"CPU_Elastic","COMPUTE_GRAPH","ggml_cgraph","GRAPH","",-1,2,-1,0,0,0,0,0,1.646458,1,"delegate_cpu_graph"
"OpenCL","COMPUTE","ffn_moe_logits-7","MUL_MAT","f32",-1,2,-1,64,1,1,1,256,0.516563,1,"clFinish_profiled"
"OpenCL","COMPUTE","ffn_moe_probs-7","SOFT_MAX","f32",-1,3,-1,64,1,1,1,256,0.211146,1,"clFinish_profiled"
"OpenCL","COMPUTE","ffn_moe_argsort-7","ARGSORT","i32",-1,5,-1,64,1,1,1,256,0.198698,1,"clFinish_profiled"
"OpenCL","COMPUTE","ffn_moe_weights-7","GET_ROWS","f32",-1,7,-1,1,8,1,1,32,0.190729,1,"clFinish_profiled"
"CPU_Elastic","COMPUTE_GRAPH","ggml_cgraph","GRAPH","",-1,21,-1,0,0,0,0,0,7.325573,1,"delegate_cpu_graph"
"CPU_Elastic","COMPUTE_GRAPH","ggml_cgraph","GRAPH","",-1,1,-1,0,0,0,0,0,0.392864,1,"delegate_cpu_graph"
"OpenCL","COMPUTE","Qcur-8","ROPE","f32",-1,3,-1,128,16,1,1,8192,0.426250,1,"clFinish_profiled"
"CPU_Elastic","COMPUTE_GRAPH","ggml_cgraph","GRAPH","",-1,1,-1,0,0,0,0,0,0.445834,1,"delegate_cpu_graph"
"OpenCL","COMPUTE","Kcur-8","ROPE","f32",-1,3,-1,128,16,1,1,8192,0.399322,1,"clFinish_profiled"
"CPU_Elastic","COMPUTE_GRAPH","ggml_cgraph","GRAPH","",-1,3,-1,0,0,0,0,0,0.472343,1,"delegate_cpu_graph"
"OpenCL","COMPUTE","cache_k_l8 (view)","SET_ROWS","f16",-1,0,-1,2048,512,1,1,2097152,0.394948,1,"clFinish_profiled"
"OpenCL","COMPUTE","cache_v_l8 (view)","SET_ROWS","f16",-1,2,-1,2048,512,1,1,2097152,0.200000,1,"clFinish_profiled"
"OpenCL","COMPUTE","__fattn__-8","FLASH_ATTN_EXT","f32",-1,9,-1,128,16,1,1,8192,0.405469,1,"clFinish_profiled"
"CPU_Elastic","COMPUTE_GRAPH","ggml_cgraph","GRAPH","",-1,2,-1,0,0,0,0,0,0.427031,1,"delegate_cpu_graph"
"OpenCL","COMPUTE","ffn_moe_logits-8","MUL_MAT","f32",-1,2,-1,64,1,1,1,256,0.409687,1,"clFinish_profiled"
"OpenCL","COMPUTE","ffn_moe_probs-8","SOFT_MAX","f32",-1,3,-1,64,1,1,1,256,0.213072,1,"clFinish_profiled"
"OpenCL","COMPUTE","ffn_moe_argsort-8","ARGSORT","i32",-1,5,-1,64,1,1,1,256,0.198542,1,"clFinish_profiled"
"OpenCL","COMPUTE","ffn_moe_weights-8","GET_ROWS","f32",-1,7,-1,1,8,1,1,32,0.188489,1,"clFinish_profiled"
"CPU_Elastic","COMPUTE_GRAPH","ggml_cgraph","GRAPH","",-1,21,-1,0,0,0,0,0,11.127344,1,"delegate_cpu_graph"
"CPU_Elastic","COMPUTE_GRAPH","ggml_cgraph","GRAPH","",-1,1,-1,0,0,0,0,0,0.930104,1,"delegate_cpu_graph"
"OpenCL","COMPUTE","Qcur-9","ROPE","f32",-1,3,-1,128,16,1,1,8192,0.507552,1,"clFinish_profiled"
"CPU_Elastic","COMPUTE_GRAPH","ggml_cgraph","GRAPH","",-1,1,-1,0,0,0,0,0,1.509219,1,"delegate_cpu_graph"
"OpenCL","COMPUTE","Kcur-9","ROPE","f32",-1,3,-1,128,16,1,1,8192,0.513958,1,"clFinish_profiled"
"CPU_Elastic","COMPUTE_GRAPH","ggml_cgraph","GRAPH","",-1,3,-1,0,0,0,0,0,2.122760,1,"delegate_cpu_graph"
"OpenCL","COMPUTE","cache_k_l9 (view)","SET_ROWS","f16",-1,0,-1,2048,512,1,1,2097152,0.494167,1,"clFinish_profiled"
"OpenCL","COMPUTE","cache_v_l9 (view)","SET_ROWS","f16",-1,2,-1,2048,512,1,1,2097152,0.195573,1,"clFinish_profiled"
"OpenCL","COMPUTE","__fattn__-9","FLASH_ATTN_EXT","f32",-1,9,-1,128,16,1,1,8192,0.426980,1,"clFinish_profiled"
"CPU_Elastic","COMPUTE_GRAPH","ggml_cgraph","GRAPH","",-1,2,-1,0,0,0,0,0,0.540104,1,"delegate_cpu_graph"
"OpenCL","COMPUTE","ffn_moe_logits-9","MUL_MAT","f32",-1,2,-1,64,1,1,1,256,0.544219,1,"clFinish_profiled"
"OpenCL","COMPUTE","ffn_moe_probs-9","SOFT_MAX","f32",-1,3,-1,64,1,1,1,256,0.214531,1,"clFinish_profiled"
"OpenCL","COMPUTE","ffn_moe_argsort-9","ARGSORT","i32",-1,5,-1,64,1,1,1,256,0.218750,1,"clFinish_profiled"
"OpenCL","COMPUTE","ffn_moe_weights-9","GET_ROWS","f32",-1,7,-1,1,8,1,1,32,0.197084,1,"clFinish_profiled"
"CPU_Elastic","COMPUTE_GRAPH","ggml_cgraph","GRAPH","",-1,21,-1,0,0,0,0,0,9.002344,1,"delegate_cpu_graph"
"CPU_Elastic","COMPUTE_GRAPH","ggml_cgraph","GRAPH","",-1,1,-1,0,0,0,0,0,0.382604,1,"delegate_cpu_graph"
"OpenCL","COMPUTE","Qcur-10","ROPE","f32",-1,3,-1,128,16,1,1,8192,0.411511,1,"clFinish_profiled"
"CPU_Elastic","COMPUTE_GRAPH","ggml_cgraph","GRAPH","",-1,1,-1,0,0,0,0,0,0.455521,1,"delegate_cpu_graph"
"OpenCL","COMPUTE","Kcur-10","ROPE","f32",-1,3,-1,128,16,1,1,8192,0.402553,1,"clFinish_profiled"
"OpenCL","COMPUTE","Vcur-10","MUL_MAT","f32",-1,4,-1,2048,1,1,1,8192,0.350834,1,"clFinish_profiled"
"OpenCL","COMPUTE","cache_k_l10 (view)","SET_ROWS","f16",-1,7,-1,2048,512,1,1,2097152,0.191615,1,"clFinish_profiled"
"OpenCL","COMPUTE","cache_v_l10 (view)","SET_ROWS","f16",-1,9,-1,2048,512,1,1,2097152,0.193750,1,"clFinish_profiled"
"OpenCL","COMPUTE","__fattn__-10","FLASH_ATTN_EXT","f32",-1,16,-1,128,16,1,1,8192,0.522865,1,"clFinish_profiled"
"CPU_Elastic","COMPUTE_GRAPH","ggml_cgraph","GRAPH","",-1,2,-1,0,0,0,0,0,1.491458,1,"delegate_cpu_graph"
"OpenCL","COMPUTE","ffn_moe_logits-10","MUL_MAT","f32",-1,2,-1,64,1,1,1,256,0.527604,1,"clFinish_profiled"
"OpenCL","COMPUTE","ffn_moe_probs-10","SOFT_MAX","f32",-1,3,-1,64,1,1,1,256,0.206459,1,"clFinish_profiled"
"OpenCL","COMPUTE","ffn_moe_argsort-10","ARGSORT","i32",-1,5,-1,64,1,1,1,256,0.185104,1,"clFinish_profiled"
"OpenCL","COMPUTE","ffn_moe_weights-10","GET_ROWS","f32",-1,7,-1,1,8,1,1,32,0.188854,1,"clFinish_profiled"
"CPU_Elastic","COMPUTE_GRAPH","ggml_cgraph","GRAPH","",-1,21,-1,0,0,0,0,0,12.304323,1,"delegate_cpu_graph"
"CPU_Elastic","COMPUTE_GRAPH","ggml_cgraph","GRAPH","",-1,1,-1,0,0,0,0,0,1.741719,1,"delegate_cpu_graph"
"OpenCL","COMPUTE","Qcur-11","ROPE","f32",-1,3,-1,128,16,1,1,8192,0.497292,1,"clFinish_profiled"
"CPU_Elastic","COMPUTE_GRAPH","ggml_cgraph","GRAPH","",-1,1,-1,0,0,0,0,0,0.393072,1,"delegate_cpu_graph"
"OpenCL","COMPUTE","Kcur-11","ROPE","f32",-1,3,-1,128,16,1,1,8192,0.399375,1,"clFinish_profiled"
"CPU_Elastic","COMPUTE_GRAPH","ggml_cgraph","GRAPH","",-1,3,-1,0,0,0,0,0,1.916250,1,"delegate_cpu_graph"
"OpenCL","COMPUTE","cache_k_l11 (view)","SET_ROWS","f16",-1,0,-1,2048,512,1,1,2097152,0.479479,1,"clFinish_profiled"
"OpenCL","COMPUTE","cache_v_l11 (view)","SET_ROWS","f16",-1,2,-1,2048,512,1,1,2097152,0.224010,1,"clFinish_profiled"
"OpenCL","COMPUTE","__fattn__-11","FLASH_ATTN_EXT","f32",-1,9,-1,128,16,1,1,8192,0.412969,1,"clFinish_profiled"
"CPU_Elastic","COMPUTE_GRAPH","ggml_cgraph","GRAPH","",-1,2,-1,0,0,0,0,0,0.572292,1,"delegate_cpu_graph"
"OpenCL","COMPUTE","ffn_moe_logits-11","MUL_MAT","f32",-1,2,-1,64,1,1,1,256,0.503750,1,"clFinish_profiled"
"OpenCL","COMPUTE","ffn_moe_probs-11","SOFT_MAX","f32",-1,3,-1,64,1,1,1,256,0.202240,1,"clFinish_profiled"
"OpenCL","COMPUTE","ffn_moe_argsort-11","ARGSORT","i32",-1,5,-1,64,1,1,1,256,0.205834,1,"clFinish_profiled"
"OpenCL","COMPUTE","ffn_moe_weights-11","GET_ROWS","f32",-1,7,-1,1,8,1,1,32,0.189531,1,"clFinish_profiled"
"CPU_Elastic","COMPUTE_GRAPH","ggml_cgraph","GRAPH","",-1,21,-1,0,0,0,0,0,6.172396,1,"delegate_cpu_graph"
"CPU_Elastic","COMPUTE_GRAPH","ggml_cgraph","GRAPH","",-1,1,-1,0,0,0,0,0,0.407396,1,"delegate_cpu_graph"
"OpenCL","COMPUTE","Qcur-12","ROPE","f32",-1,3,-1,128,16,1,1,8192,0.398073,1,"clFinish_profiled"
"CPU_Elastic","COMPUTE_GRAPH","ggml_cgraph","GRAPH","",-1,1,-1,0,0,0,0,0,0.477761,1,"delegate_cpu_graph"
"OpenCL","COMPUTE","Kcur-12","ROPE","f32",-1,3,-1,128,16,1,1,8192,0.407656,1,"clFinish_profiled"
"CPU_Elastic","COMPUTE_GRAPH","ggml_cgraph","GRAPH","",-1,3,-1,0,0,0,0,0,0.470105,1,"delegate_cpu_graph"
"OpenCL","COMPUTE","cache_k_l12 (view)","SET_ROWS","f16",-1,0,-1,2048,512,1,1,2097152,0.386094,1,"clFinish_profiled"
"OpenCL","COMPUTE","cache_v_l12 (view)","SET_ROWS","f16",-1,2,-1,2048,512,1,1,2097152,0.199011,1,"clFinish_profiled"
"OpenCL","COMPUTE","__fattn__-12","FLASH_ATTN_EXT","f32",-1,9,-1,128,16,1,1,8192,0.412604,1,"clFinish_profiled"
"CPU_Elastic","COMPUTE_GRAPH","ggml_cgraph","GRAPH","",-1,2,-1,0,0,0,0,0,0.430833,1,"delegate_cpu_graph"
"OpenCL","COMPUTE","ffn_moe_logits-12","MUL_MAT","f32",-1,2,-1,64,1,1,1,256,0.407969,1,"clFinish_profiled"
"OpenCL","COMPUTE","ffn_moe_probs-12","SOFT_MAX","f32",-1,3,-1,64,1,1,1,256,0.206146,1,"clFinish_profiled"
"OpenCL","COMPUTE","ffn_moe_argsort-12","ARGSORT","i32",-1,5,-1,64,1,1,1,256,0.199739,1,"clFinish_profiled"
"OpenCL","COMPUTE","ffn_moe_weights-12","GET_ROWS","f32",-1,7,-1,1,8,1,1,32,0.215625,1,"clFinish_profiled"
"CPU_Elastic","COMPUTE_GRAPH","ggml_cgraph","GRAPH","",-1,21,-1,0,0,0,0,0,6.528959,1,"delegate_cpu_graph"
"CPU_Elastic","COMPUTE_GRAPH","ggml_cgraph","GRAPH","",-1,1,-1,0,0,0,0,0,0.391406,1,"delegate_cpu_graph"
"OpenCL","COMPUTE","Qcur-13","ROPE","f32",-1,3,-1,128,16,1,1,8192,0.461302,1,"clFinish_profiled"
"CPU_Elastic","COMPUTE_GRAPH","ggml_cgraph","GRAPH","",-1,1,-1,0,0,0,0,0,0.410573,1,"delegate_cpu_graph"
"OpenCL","COMPUTE","Kcur-13","ROPE","f32",-1,3,-1,128,16,1,1,8192,0.401197,1,"clFinish_profiled"
"OpenCL","COMPUTE","Vcur-13","MUL_MAT","f32",-1,4,-1,2048,1,1,1,8192,0.350573,1,"clFinish_profiled"
"OpenCL","COMPUTE","cache_k_l13 (view)","SET_ROWS","f16",-1,7,-1,2048,512,1,1,2097152,0.188906,1,"clFinish_profiled"
"OpenCL","COMPUTE","cache_v_l13 (view)","SET_ROWS","f16",-1,9,-1,2048,512,1,1,2097152,0.191406,1,"clFinish_profiled"
"OpenCL","COMPUTE","__fattn__-13","FLASH_ATTN_EXT","f32",-1,16,-1,128,16,1,1,8192,0.407187,1,"clFinish_profiled"
"CPU_Elastic","COMPUTE_GRAPH","ggml_cgraph","GRAPH","",-1,2,-1,0,0,0,0,0,0.389688,1,"delegate_cpu_graph"
"OpenCL","COMPUTE","ffn_moe_logits-13","MUL_MAT","f32",-1,2,-1,64,1,1,1,256,0.402187,1,"clFinish_profiled"
"OpenCL","COMPUTE","ffn_moe_probs-13","SOFT_MAX","f32",-1,3,-1,64,1,1,1,256,0.201042,1,"clFinish_profiled"
"OpenCL","COMPUTE","ffn_moe_argsort-13","ARGSORT","i32",-1,5,-1,64,1,1,1,256,0.193750,1,"clFinish_profiled"
"OpenCL","COMPUTE","ffn_moe_weights-13","GET_ROWS","f32",-1,7,-1,1,8,1,1,32,0.181094,1,"clFinish_profiled"
"CPU_Elastic","COMPUTE_GRAPH","ggml_cgraph","GRAPH","",-1,21,-1,0,0,0,0,0,11.932604,1,"delegate_cpu_graph"
"CPU_Elastic","COMPUTE_GRAPH","ggml_cgraph","GRAPH","",-1,1,-1,0,0,0,0,0,1.363906,1,"delegate_cpu_graph"
"OpenCL","COMPUTE","Qcur-14","ROPE","f32",-1,3,-1,128,16,1,1,8192,0.522031,1,"clFinish_profiled"
"CPU_Elastic","COMPUTE_GRAPH","ggml_cgraph","GRAPH","",-1,1,-1,0,0,0,0,0,1.761094,1,"delegate_cpu_graph"
"OpenCL","COMPUTE","Kcur-14","ROPE","f32",-1,3,-1,128,16,1,1,8192,0.489115,1,"clFinish_profiled"
"OpenCL","COMPUTE","Vcur-14","MUL_MAT","f32",-1,4,-1,2048,1,1,1,8192,0.385521,1,"clFinish_profiled"
"OpenCL","COMPUTE","cache_k_l14 (view)","SET_ROWS","f16",-1,7,-1,2048,512,1,1,2097152,0.223489,1,"clFinish_profiled"
"OpenCL","COMPUTE","cache_v_l14 (view)","SET_ROWS","f16",-1,9,-1,2048,512,1,1,2097152,0.208489,1,"clFinish_profiled"
"OpenCL","COMPUTE","__fattn__-14","FLASH_ATTN_EXT","f32",-1,16,-1,128,16,1,1,8192,0.409584,1,"clFinish_profiled"
"CPU_Elastic","COMPUTE_GRAPH","ggml_cgraph","GRAPH","",-1,2,-1,0,0,0,0,0,1.903541,1,"delegate_cpu_graph"
"OpenCL","COMPUTE","ffn_moe_logits-14","MUL_MAT","f32",-1,2,-1,64,1,1,1,256,0.512292,1,"clFinish_profiled"
"OpenCL","COMPUTE","ffn_moe_probs-14","SOFT_MAX","f32",-1,3,-1,64,1,1,1,256,0.204427,1,"clFinish_profiled"
"OpenCL","COMPUTE","ffn_moe_argsort-14","ARGSORT","i32",-1,5,-1,64,1,1,1,256,0.200989,1,"clFinish_profiled"
"OpenCL","COMPUTE","ffn_moe_weights-14","GET_ROWS","f32",-1,7,-1,1,8,1,1,32,0.192136,1,"clFinish_profiled"
"CPU_Elastic","COMPUTE_GRAPH","ggml_cgraph","GRAPH","",-1,21,-1,0,0,0,0,0,9.561407,1,"delegate_cpu_graph"
"CPU_Elastic","COMPUTE_GRAPH","ggml_cgraph","GRAPH","",-1,1,-1,0,0,0,0,0,0.387812,1,"delegate_cpu_graph"
"OpenCL","COMPUTE","Qcur-15","ROPE","f32",-1,3,-1,128,16,1,1,8192,0.403073,1,"clFinish_profiled"
"CPU_Elastic","COMPUTE_GRAPH","ggml_cgraph","GRAPH","",-1,1,-1,0,0,0,0,0,0.468438,1,"delegate_cpu_graph"
"OpenCL","COMPUTE","Kcur-15","ROPE","f32",-1,3,-1,128,16,1,1,8192,0.397604,1,"clFinish_profiled"
"OpenCL","COMPUTE","Vcur-15","MUL_MAT","f32",-1,4,-1,2048,1,1,1,8192,0.348021,1,"clFinish_profiled"
"OpenCL","COMPUTE","cache_k_l15 (view)","SET_ROWS","f16",-1,7,-1,2048,512,1,1,2097152,0.193854,1,"clFinish_profiled"
"OpenCL","COMPUTE","cache_v_l15 (view)","SET_ROWS","f16",-1,9,-1,2048,512,1,1,2097152,0.192552,1,"clFinish_profiled"
"OpenCL","COMPUTE","__fattn__-15","FLASH_ATTN_EXT","f32",-1,16,-1,128,16,1,1,8192,0.403281,1,"clFinish_profiled"
"CPU_Elastic","COMPUTE_GRAPH","ggml_cgraph","GRAPH","",-1,4,-1,0,0,0,0,0,2.715729,1,"delegate_cpu_graph"
"OpenCL","COMPUTE","ffn_moe_logits-15","MUL_MAT","f32",-1,2,-1,64,1,1,1,256,0.590573,1,"clFinish_profiled"
"OpenCL","COMPUTE","ffn_moe_probs-15","SOFT_MAX","f32",-1,3,-1,64,1,1,1,256,0.214583,1,"clFinish_profiled"
"OpenCL","COMPUTE","ffn_moe_argsort-15","ARGSORT","i32",-1,5,-1,64,1,1,1,256,0.202292,1,"clFinish_profiled"
"OpenCL","COMPUTE","ffn_moe_weights-15","GET_ROWS","f32",-1,7,-1,1,8,1,1,32,0.191562,1,"clFinish_profiled"
"CPU_Elastic","COMPUTE_GRAPH","ggml_cgraph","GRAPH","",-1,22,-1,0,0,0,0,0,13.309583,1,"delegate_cpu_graph"
"OpenCL","COMPUTE","result_norm","MUL","f32",-1,0,-1,2048,1,1,1,8192,0.568229,1,"clFinish_profiled"
"OpenCL","COMPUTE","result_output","MUL_MAT","f32",-1,1,-1,50304,1,1,1,201216,4.047865,1,"clFinish_profiled"
"CPU_Elastic","COMPUTE_GRAPH","ggml_cgraph","GRAPH","",-1,1,-1,0,0,0,0,0,0.011406,1,"delegate_cpu_graph"
"CPU_Elastic","COMPUTE_GRAPH","ggml_cgraph","GRAPH","",-1,1,-1,0,0,0,0,0,1.684532,1,"delegate_cpu_graph"
"OpenCL","COMPUTE","Qcur-0","ROPE","f32",-1,3,-1,128,16,1,1,8192,0.549479,1,"clFinish_profiled"
"CPU_Elastic","COMPUTE_GRAPH","ggml_cgraph","GRAPH","",-1,1,-1,0,0,0,0,0,1.679062,1,"delegate_cpu_graph"
"OpenCL","COMPUTE","Kcur-0","ROPE","f32",-1,3,-1,128,16,1,1,8192,0.531511,1,"clFinish_profiled"
"OpenCL","COMPUTE","Vcur-0","MUL_MAT","f32",-1,4,-1,2048,1,1,1,8192,0.354011,1,"clFinish_profiled"
"OpenCL","COMPUTE","cache_k_l0 (view)","SET_ROWS","f16",-1,7,-1,2048,512,1,1,2097152,0.197916,1,"clFinish_profiled"
"OpenCL","COMPUTE","cache_v_l0 (view)","SET_ROWS","f16",-1,9,-1,2048,512,1,1,2097152,0.193073,1,"clFinish_profiled"
"OpenCL","COMPUTE"," (copy)","CPY","f16",-1,16,-1,256,64,1,1,32768,0.197448,1,"clFinish_profiled"
"OpenCL","COMPUTE","__fattn__-0","FLASH_ATTN_EXT","f32",-1,17,-1,128,16,1,1,8192,0.408854,1,"clFinish_profiled"
"CPU_Elastic","COMPUTE_GRAPH","ggml_cgraph","GRAPH","",-1,2,-1,0,0,0,0,0,1.678438,1,"delegate_cpu_graph"
"OpenCL","COMPUTE","ffn_moe_logits-0","MUL_MAT","f32",-1,2,-1,64,1,1,1,256,0.510521,1,"clFinish_profiled"
"OpenCL","COMPUTE","ffn_moe_probs-0","SOFT_MAX","f32",-1,3,-1,64,1,1,1,256,0.273907,1,"clFinish_profiled"
"OpenCL","COMPUTE","ffn_moe_argsort-0","ARGSORT","i32",-1,5,-1,64,1,1,1,256,0.262917,1,"clFinish_profiled"
"OpenCL","COMPUTE","ffn_moe_weights-0","GET_ROWS","f32",-1,7,-1,1,8,1,1,32,0.192187,1,"clFinish_profiled"
"CPU_Elastic","COMPUTE_GRAPH","ggml_cgraph","GRAPH","",-1,21,-1,0,0,0,0,0,12.578073,1,"delegate_cpu_graph"
"CPU_Elastic","COMPUTE_GRAPH","ggml_cgraph","GRAPH","",-1,1,-1,0,0,0,0,0,1.485521,1,"delegate_cpu_graph"
"OpenCL","COMPUTE","Qcur-1","ROPE","f32",-1,3,-1,128,16,1,1,8192,0.505885,1,"clFinish_profiled"
"CPU_Elastic","COMPUTE_GRAPH","ggml_cgraph","GRAPH","",-1,1,-1,0,0,0,0,0,1.554792,1,"delegate_cpu_graph"
"OpenCL","COMPUTE","Kcur-1","ROPE","f32",-1,3,-1,128,16,1,1,8192,0.507396,1,"clFinish_profiled"
"OpenCL","COMPUTE","Vcur-1","MUL_MAT","f32",-1,4,-1,2048,1,1,1,8192,0.352396,1,"clFinish_profiled"
"OpenCL","COMPUTE","cache_k_l1 (view)","SET_ROWS","f16",-1,7,-1,2048,512,1,1,2097152,0.227813,1,"clFinish_profiled"
"OpenCL","COMPUTE","cache_v_l1 (view)","SET_ROWS","f16",-1,9,-1,2048,512,1,1,2097152,0.192135,1,"clFinish_profiled"
"OpenCL","COMPUTE","__fattn__-1","FLASH_ATTN_EXT","f32",-1,16,-1,128,16,1,1,8192,0.403698,1,"clFinish_profiled"
"CPU_Elastic","COMPUTE_GRAPH","ggml_cgraph","GRAPH","",-1,2,-1,0,0,0,0,0,1.919115,1,"delegate_cpu_graph"
"OpenCL","COMPUTE","ffn_moe_logits-1","MUL_MAT","f32",-1,2,-1,64,1,1,1,256,0.521615,1,"clFinish_profiled"
"OpenCL","COMPUTE","ffn_moe_probs-1","SOFT_MAX","f32",-1,3,-1,64,1,1,1,256,0.203386,1,"clFinish_profiled"
"OpenCL","COMPUTE","ffn_moe_argsort-1","ARGSORT","i32",-1,5,-1,64,1,1,1,256,0.197812,1,"clFinish_profiled"
"OpenCL","COMPUTE","ffn_moe_weights-1","GET_ROWS","f32",-1,7,-1,1,8,1,1,32,0.194687,1,"clFinish_profiled"
"CPU_Elastic","COMPUTE_GRAPH","ggml_cgraph","GRAPH","",-1,21,-1,0,0,0,0,0,8.594427,1,"delegate_cpu_graph"
"CPU_Elastic","COMPUTE_GRAPH","ggml_cgraph","GRAPH","",-1,1,-1,0,0,0,0,0,0.406666,1,"delegate_cpu_graph"
"OpenCL","COMPUTE","Qcur-2","ROPE","f32",-1,3,-1,128,16,1,1,8192,0.427448,1,"clFinish_profiled"
"CPU_Elastic","COMPUTE_GRAPH","ggml_cgraph","GRAPH","",-1,1,-1,0,0,0,0,0,0.443489,1,"delegate_cpu_graph"
"OpenCL","COMPUTE","Kcur-2","ROPE","f32",-1,3,-1,128,16,1,1,8192,0.399323,1,"clFinish_profiled"
"CPU_Elastic","COMPUTE_GRAPH","ggml_cgraph","GRAPH","",-1,3,-1,0,0,0,0,0,0.472969,1,"delegate_cpu_graph"
"OpenCL","COMPUTE","cache_k_l2 (view)","SET_ROWS","f16",-1,0,-1,2048,512,1,1,2097152,0.388334,1,"clFinish_profiled"
"OpenCL","COMPUTE","cache_v_l2 (view)","SET_ROWS","f16",-1,2,-1,2048,512,1,1,2097152,0.200157,1,"clFinish_profiled"
"OpenCL","COMPUTE","__fattn__-2","FLASH_ATTN_EXT","f32",-1,9,-1,128,16,1,1,8192,0.408698,1,"clFinish_profiled"
"CPU_Elastic","COMPUTE_GRAPH","ggml_cgraph","GRAPH","",-1,2,-1,0,0,0,0,0,0.937187,1,"delegate_cpu_graph"
"OpenCL","COMPUTE","ffn_moe_logits-2","MUL_MAT","f32",-1,2,-1,64,1,1,1,256,0.505156,1,"clFinish_profiled"
"OpenCL","COMPUTE","ffn_moe_probs-2","SOFT_MAX","f32",-1,3,-1,64,1,1,1,256,0.203750,1,"clFinish_profiled"
"OpenCL","COMPUTE","ffn_moe_argsort-2","ARGSORT","i32",-1,5,-1,64,1,1,1,256,0.200834,1,"clFinish_profiled"
"OpenCL","COMPUTE","ffn_moe_weights-2","GET_ROWS","f32",-1,7,-1,1,8,1,1,32,0.190573,1,"clFinish_profiled"
"CPU_Elastic","COMPUTE_GRAPH","ggml_cgraph","GRAPH","",-1,21,-1,0,0,0,0,0,6.820416,1,"delegate_cpu_graph"
"CPU_Elastic","COMPUTE_GRAPH","ggml_cgraph","GRAPH","",-1,1,-1,0,0,0,0,0,0.418594,1,"delegate_cpu_graph"
"OpenCL","COMPUTE","Qcur-3","ROPE","f32",-1,3,-1,128,16,1,1,8192,0.402916,1,"clFinish_profiled"
"CPU_Elastic","COMPUTE_GRAPH","ggml_cgraph","GRAPH","",-1,1,-1,0,0,0,0,0,0.469427,1,"delegate_cpu_graph"
"OpenCL","COMPUTE","Kcur-3","ROPE","f32",-1,3,-1,128,16,1,1,8192,0.393438,1,"clFinish_profiled"
"CPU_Elastic","COMPUTE_GRAPH","ggml_cgraph","GRAPH","",-1,3,-1,0,0,0,0,0,0.480052,1,"delegate_cpu_graph"
"OpenCL","COMPUTE","cache_k_l3 (view)","SET_ROWS","f16",-1,0,-1,2048,512,1,1,2097152,0.387448,1,"clFinish_profiled"
"OpenCL","COMPUTE","cache_v_l3 (view)","SET_ROWS","f16",-1,2,-1,2048,512,1,1,2097152,0.199063,1,"clFinish_profiled"
"OpenCL","COMPUTE","__fattn__-3","FLASH_ATTN_EXT","f32",-1,9,-1,128,16,1,1,8192,0.455052,1,"clFinish_profiled"
"CPU_Elastic","COMPUTE_GRAPH","ggml_cgraph","GRAPH","",-1,2,-1,0,0,0,0,0,0.385520,1,"delegate_cpu_graph"
"OpenCL","COMPUTE","ffn_moe_logits-3","MUL_MAT","f32",-1,2,-1,64,1,1,1,256,0.405365,1,"clFinish_profiled"
"OpenCL","COMPUTE","ffn_moe_probs-3","SOFT_MAX","f32",-1,3,-1,64,1,1,1,256,0.203282,1,"clFinish_profiled"
"OpenCL","COMPUTE","ffn_moe_argsort-3","ARGSORT","i32",-1,5,-1,64,1,1,1,256,0.196875,1,"clFinish_profiled"
"OpenCL","COMPUTE","ffn_moe_weights-3","GET_ROWS","f32",-1,7,-1,1,8,1,1,32,0.190469,1,"clFinish_profiled"
"CPU_Elastic","COMPUTE_GRAPH","ggml_cgraph","GRAPH","",-1,21,-1,0,0,0,0,0,10.610260,1,"delegate_cpu_graph"
"CPU_Elastic","COMPUTE_GRAPH","ggml_cgraph","GRAPH","",-1,1,-1,0,0,0,0,0,0.377448,1,"delegate_cpu_graph"
"OpenCL","COMPUTE","Qcur-4","ROPE","f32",-1,3,-1,128,16,1,1,8192,0.401615,1,"clFinish_profiled"
"CPU_Elastic","COMPUTE_GRAPH","ggml_cgraph","GRAPH","",-1,1,-1,0,0,0,0,0,0.470365,1,"delegate_cpu_graph"
"OpenCL","COMPUTE","Kcur-4","ROPE","f32",-1,3,-1,128,16,1,1,8192,0.406667,1,"clFinish_profiled"
"OpenCL","COMPUTE","Vcur-4","MUL_MAT","f32",-1,4,-1,2048,1,1,1,8192,0.350208,1,"clFinish_profiled"
"OpenCL","COMPUTE","cache_k_l4 (view)","SET_ROWS","f16",-1,7,-1,2048,512,1,1,2097152,0.191719,1,"clFinish_profiled"
"OpenCL","COMPUTE","cache_v_l4 (view)","SET_ROWS","f16",-1,9,-1,2048,512,1,1,2097152,0.196302,1,"clFinish_profiled"
"OpenCL","COMPUTE","__fattn__-4","FLASH_ATTN_EXT","f32",-1,16,-1,128,16,1,1,8192,0.574948,1,"clFinish_profiled"
"CPU_Elastic","COMPUTE_GRAPH","ggml_cgraph","GRAPH","",-1,2,-1,0,0,0,0,0,0.455885,1,"delegate_cpu_graph"
"OpenCL","COMPUTE","ffn_moe_logits-4","MUL_MAT","f32",-1,2,-1,64,1,1,1,256,0.533334,1,"clFinish_profiled"
"OpenCL","COMPUTE","ffn_moe_probs-4","SOFT_MAX","f32",-1,3,-1,64,1,1,1,256,0.221979,1,"clFinish_profiled"
"OpenCL","COMPUTE","ffn_moe_argsort-4","ARGSORT","i32",-1,5,-1,64,1,1,1,256,0.205261,1,"clFinish_profiled"
"OpenCL","COMPUTE","ffn_moe_weights-4","GET_ROWS","f32",-1,7,-1,1,8,1,1,32,0.191354,1,"clFinish_profiled"
"CPU_Elastic","COMPUTE_GRAPH","ggml_cgraph","GRAPH","",-1,21,-1,0,0,0,0,0,9.341146,1,"delegate_cpu_graph"
"CPU_Elastic","COMPUTE_GRAPH","ggml_cgraph","GRAPH","",-1,1,-1,0,0,0,0,0,0.458125,1,"delegate_cpu_graph"
"OpenCL","COMPUTE","Qcur-5","ROPE","f32",-1,3,-1,128,16,1,1,8192,0.401927,1,"clFinish_profiled"
"CPU_Elastic","COMPUTE_GRAPH","ggml_cgraph","GRAPH","",-1,1,-1,0,0,0,0,0,0.465104,1,"delegate_cpu_graph"
"OpenCL","COMPUTE","Kcur-5","ROPE","f32",-1,3,-1,128,16,1,1,8192,0.399219,1,"clFinish_profiled"
"CPU_Elastic","COMPUTE_GRAPH","ggml_cgraph","GRAPH","",-1,3,-1,0,0,0,0,0,0.474948,1,"delegate_cpu_graph"
"OpenCL","COMPUTE","cache_k_l5 (view)","SET_ROWS","f16",-1,0,-1,2048,512,1,1,2097152,0.400938,1,"clFinish_profiled"
"OpenCL","COMPUTE","cache_v_l5 (view)","SET_ROWS","f16",-1,2,-1,2048,512,1,1,2097152,0.221145,1,"clFinish_profiled"
"OpenCL","COMPUTE","__fattn__-5","FLASH_ATTN_EXT","f32",-1,9,-1,128,16,1,1,8192,0.415781,1,"clFinish_profiled"
"CPU_Elastic","COMPUTE_GRAPH","ggml_cgraph","GRAPH","",-1,2,-1,0,0,0,0,0,1.571822,1,"delegate_cpu_graph"
"OpenCL","COMPUTE","ffn_moe_logits-5","MUL_MAT","f32",-1,2,-1,64,1,1,1,256,0.517760,1,"clFinish_profiled"
"OpenCL","COMPUTE","ffn_moe_probs-5","SOFT_MAX","f32",-1,3,-1,64,1,1,1,256,0.207760,1,"clFinish_profiled"
"OpenCL","COMPUTE","ffn_moe_argsort-5","ARGSORT","i32",-1,5,-1,64,1,1,1,256,0.199688,1,"clFinish_profiled"
"OpenCL","COMPUTE","ffn_moe_weights-5","GET_ROWS","f32",-1,7,-1,1,8,1,1,32,0.201042,1,"clFinish_profiled"
"CPU_Elastic","COMPUTE_GRAPH","ggml_cgraph","GRAPH","",-1,21,-1,0,0,0,0,0,7.000312,1,"delegate_cpu_graph"
"CPU_Elastic","COMPUTE_GRAPH","ggml_cgraph","GRAPH","",-1,1,-1,0,0,0,0,0,0.399271,1,"delegate_cpu_graph"
"OpenCL","COMPUTE","Qcur-6","ROPE","f32",-1,3,-1,128,16,1,1,8192,0.490469,1,"clFinish_profiled"
"CPU_Elastic","COMPUTE_GRAPH","ggml_cgraph","GRAPH","",-1,1,-1,0,0,0,0,0,1.523021,1,"delegate_cpu_graph"
"OpenCL","COMPUTE","Kcur-6","ROPE","f32",-1,3,-1,128,16,1,1,8192,0.489218,1,"clFinish_profiled"
"CPU_Elastic","COMPUTE_GRAPH","ggml_cgraph","GRAPH","",-1,3,-1,0,0,0,0,0,2.101250,1,"delegate_cpu_graph"
"OpenCL","COMPUTE","cache_k_l6 (view)","SET_ROWS","f16",-1,0,-1,2048,512,1,1,2097152,0.478698,1,"clFinish_profiled"
"OpenCL","COMPUTE","cache_v_l6 (view)","SET_ROWS","f16",-1,2,-1,2048,512,1,1,2097152,0.215989,1,"clFinish_profiled"
"OpenCL","COMPUTE","__fattn__-6","FLASH_ATTN_EXT","f32",-1,9,-1,128,16,1,1,8192,0.419583,1,"clFinish_profiled"
"CPU_Elastic","COMPUTE_GRAPH","ggml_cgraph","GRAPH","",-1,2,-1,0,0,0,0,0,2.046667,1,"delegate_cpu_graph"
"OpenCL","COMPUTE","ffn_moe_logits-6","MUL_MAT","f32",-1,2,-1,64,1,1,1,256,0.519583,1,"clFinish_profiled"
"OpenCL","COMPUTE","ffn_moe_probs-6","SOFT_MAX","f32",-1,3,-1,64,1,1,1,256,0.214740,1,"clFinish_profiled"
"OpenCL","COMPUTE","ffn_moe_argsort-6","ARGSORT","i32",-1,5,-1,64,1,1,1,256,0.200417,1,"clFinish_profiled"
"OpenCL","COMPUTE","ffn_moe_weights-6","GET_ROWS","f32",-1,7,-1,1,8,1,1,32,0.201302,1,"clFinish_profiled"
"CPU_Elastic","COMPUTE_GRAPH","ggml_cgraph","GRAPH","",-1,21,-1,0,0,0,0,0,6.932865,1,"delegate_cpu_graph"
"CPU_Elastic","COMPUTE_GRAPH","ggml_cgraph","GRAPH","",-1,1,-1,0,0,0,0,0,0.399792,1,"delegate_cpu_graph"
"OpenCL","COMPUTE","Qcur-7","ROPE","f32",-1,3,-1,128,16,1,1,8192,0.425781,1,"clFinish_profiled"
"CPU_Elastic","COMPUTE_GRAPH","ggml_cgraph","GRAPH","",-1,1,-1,0,0,0,0,0,0.927084,1,"delegate_cpu_graph"
"OpenCL","COMPUTE","Kcur-7","ROPE","f32",-1,3,-1,128,16,1,1,8192,0.493385,1,"clFinish_profiled"
"OpenCL","COMPUTE","Vcur-7","MUL_MAT","f32",-1,4,-1,2048,1,1,1,8192,0.348802,1,"clFinish_profiled"
"OpenCL","COMPUTE","cache_k_l7 (view)","SET_ROWS","f16",-1,7,-1,2048,512,1,1,2097152,0.190000,1,"clFinish_profiled"
"OpenCL","COMPUTE","cache_v_l7 (view)","SET_ROWS","f16",-1,9,-1,2048,512,1,1,2097152,0.191562,1,"clFinish_profiled"
"OpenCL","COMPUTE","__fattn__-7","FLASH_ATTN_EXT","f32",-1,16,-1,128,16,1,1,8192,0.413750,1,"clFinish_profiled"
"CPU_Elastic","COMPUTE_GRAPH","ggml_cgraph","GRAPH","",-1,2,-1,0,0,0,0,0,1.811094,1,"delegate_cpu_graph"
"OpenCL","COMPUTE","ffn_moe_logits-7","MUL_MAT","f32",-1,2,-1,64,1,1,1,256,0.616146,1,"clFinish_profiled"
"OpenCL","COMPUTE","ffn_moe_probs-7","SOFT_MAX","f32",-1,3,-1,64,1,1,1,256,0.220104,1,"clFinish_profiled"
"OpenCL","COMPUTE","ffn_moe_argsort-7","ARGSORT","i32",-1,5,-1,64,1,1,1,256,0.200313,1,"clFinish_profiled"
"OpenCL","COMPUTE","ffn_moe_weights-7","GET_ROWS","f32",-1,7,-1,1,8,1,1,32,0.190833,1,"clFinish_profiled"
"CPU_Elastic","COMPUTE_GRAPH","ggml_cgraph","GRAPH","",-1,21,-1,0,0,0,0,0,7.866562,1,"delegate_cpu_graph"
"CPU_Elastic","COMPUTE_GRAPH","ggml_cgraph","GRAPH","",-1,1,-1,0,0,0,0,0,0.415260,1,"delegate_cpu_graph"
"OpenCL","COMPUTE","Qcur-8","ROPE","f32",-1,3,-1,128,16,1,1,8192,0.394844,1,"clFinish_profiled"
"CPU_Elastic","COMPUTE_GRAPH","ggml_cgraph","GRAPH","",-1,1,-1,0,0,0,0,0,0.476719,1,"delegate_cpu_graph"
"OpenCL","COMPUTE","Kcur-8","ROPE","f32",-1,3,-1,128,16,1,1,8192,0.397396,1,"clFinish_profiled"
"CPU_Elastic","COMPUTE_GRAPH","ggml_cgraph","GRAPH","",-1,3,-1,0,0,0,0,0,1.503125,1,"delegate_cpu_graph"
"OpenCL","COMPUTE","cache_k_l8 (view)","SET_ROWS","f16",-1,0,-1,2048,512,1,1,2097152,0.469792,1,"clFinish_profiled"
"OpenCL","COMPUTE","cache_v_l8 (view)","SET_ROWS","f16",-1,2,-1,2048,512,1,1,2097152,0.199531,1,"clFinish_profiled"
"OpenCL","COMPUTE","__fattn__-8","FLASH_ATTN_EXT","f32",-1,9,-1,128,16,1,1,8192,0.411823,1,"clFinish_profiled"
"CPU_Elastic","COMPUTE_GRAPH","ggml_cgraph","GRAPH","",-1,2,-1,0,0,0,0,0,0.470052,1,"delegate_cpu_graph"
"OpenCL","COMPUTE","ffn_moe_logits-8","MUL_MAT","f32",-1,2,-1,64,1,1,1,256,0.402188,1,"clFinish_profiled"
"OpenCL","COMPUTE","ffn_moe_probs-8","SOFT_MAX","f32",-1,3,-1,64,1,1,1,256,0.201979,1,"clFinish_profiled"
"OpenCL","COMPUTE","ffn_moe_argsort-8","ARGSORT","i32",-1,5,-1,64,1,1,1,256,0.236928,1,"clFinish_profiled"
"OpenCL","COMPUTE","ffn_moe_weights-8","GET_ROWS","f32",-1,7,-1,1,8,1,1,32,0.197032,1,"clFinish_profiled"
"CPU_Elastic","COMPUTE_GRAPH","ggml_cgraph","GRAPH","",-1,21,-1,0,0,0,0,0,6.189844,1,"delegate_cpu_graph"
"CPU_Elastic","COMPUTE_GRAPH","ggml_cgraph","GRAPH","",-1,1,-1,0,0,0,0,0,0.388438,1,"delegate_cpu_graph"
"OpenCL","COMPUTE","Qcur-9","ROPE","f32",-1,3,-1,128,16,1,1,8192,0.405938,1,"clFinish_profiled"
"CPU_Elastic","COMPUTE_GRAPH","ggml_cgraph","GRAPH","",-1,1,-1,0,0,0,0,0,0.493333,1,"delegate_cpu_graph"
"OpenCL","COMPUTE","Kcur-9","ROPE","f32",-1,3,-1,128,16,1,1,8192,0.399010,1,"clFinish_profiled"
"CPU_Elastic","COMPUTE_GRAPH","ggml_cgraph","GRAPH","",-1,3,-1,0,0,0,0,0,0.474375,1,"delegate_cpu_graph"
"OpenCL","COMPUTE","cache_k_l9 (view)","SET_ROWS","f16",-1,0,-1,2048,512,1,1,2097152,0.395105,1,"clFinish_profiled"
"OpenCL","COMPUTE","cache_v_l9 (view)","SET_ROWS","f16",-1,2,-1,2048,512,1,1,2097152,0.201771,1,"clFinish_profiled"
"OpenCL","COMPUTE","__fattn__-9","FLASH_ATTN_EXT","f32",-1,9,-1,128,16,1,1,8192,0.407761,1,"clFinish_profiled"
"CPU_Elastic","COMPUTE_GRAPH","ggml_cgraph","GRAPH","",-1,2,-1,0,0,0,0,0,0.423438,1,"delegate_cpu_graph"
"OpenCL","COMPUTE","ffn_moe_logits-9","MUL_MAT","f32",-1,2,-1,64,1,1,1,256,0.404948,1,"clFinish_profiled"
"OpenCL","COMPUTE","ffn_moe_probs-9","SOFT_MAX","f32",-1,3,-1,64,1,1,1,256,0.241771,1,"clFinish_profiled"
"OpenCL","COMPUTE","ffn_moe_argsort-9","ARGSORT","i32",-1,5,-1,64,1,1,1,256,0.200729,1,"clFinish_profiled"
"OpenCL","COMPUTE","ffn_moe_weights-9","GET_ROWS","f32",-1,7,-1,1,8,1,1,32,0.188698,1,"clFinish_profiled"
"CPU_Elastic","COMPUTE_GRAPH","ggml_cgraph","GRAPH","",-1,21,-1,0,0,0,0,0,7.945312,1,"delegate_cpu_graph"
"CPU_Elastic","COMPUTE_GRAPH","ggml_cgraph","GRAPH","",-1,1,-1,0,0,0,0,0,0.406823,1,"delegate_cpu_graph"
"OpenCL","COMPUTE","Qcur-10","ROPE","f32",-1,3,-1,128,16,1,1,8192,0.405416,1,"clFinish_profiled"
"CPU_Elastic","COMPUTE_GRAPH","ggml_cgraph","GRAPH","",-1,1,-1,0,0,0,0,0,0.456042,1,"delegate_cpu_graph"
"OpenCL","COMPUTE","Kcur-10","ROPE","f32",-1,3,-1,128,16,1,1,8192,0.394896,1,"clFinish_profiled"
"OpenCL","COMPUTE","Vcur-10","MUL_MAT","f32",-1,4,-1,2048,1,1,1,8192,0.354063,1,"clFinish_profiled"
"OpenCL","COMPUTE","cache_k_l10 (view)","SET_ROWS","f16",-1,7,-1,2048,512,1,1,2097152,0.193698,1,"clFinish_profiled"
"OpenCL","COMPUTE","cache_v_l10 (view)","SET_ROWS","f16",-1,9,-1,2048,512,1,1,2097152,0.198177,1,"clFinish_profiled"
"OpenCL","COMPUTE","__fattn__-10","FLASH_ATTN_EXT","f32",-1,16,-1,128,16,1,1,8192,0.413855,1,"clFinish_profiled"
"CPU_Elastic","COMPUTE_GRAPH","ggml_cgraph","GRAPH","",-1,2,-1,0,0,0,0,0,0.378073,1,"delegate_cpu_graph"
"OpenCL","COMPUTE","ffn_moe_logits-10","MUL_MAT","f32",-1,2,-1,64,1,1,1,256,0.406458,1,"clFinish_profiled"
"OpenCL","COMPUTE","ffn_moe_probs-10","SOFT_MAX","f32",-1,3,-1,64,1,1,1,256,0.193125,1,"clFinish_profiled"
"OpenCL","COMPUTE","ffn_moe_argsort-10","ARGSORT","i32",-1,5,-1,64,1,1,1,256,0.199739,1,"clFinish_profiled"
"OpenCL","COMPUTE","ffn_moe_weights-10","GET_ROWS","f32",-1,7,-1,1,8,1,1,32,0.188750,1,"clFinish_profiled"
"CPU_Elastic","COMPUTE_GRAPH","ggml_cgraph","GRAPH","",-1,21,-1,0,0,0,0,0,7.739479,1,"delegate_cpu_graph"
"CPU_Elastic","COMPUTE_GRAPH","ggml_cgraph","GRAPH","",-1,1,-1,0,0,0,0,0,0.406250,1,"delegate_cpu_graph"
"OpenCL","COMPUTE","Qcur-11","ROPE","f32",-1,3,-1,128,16,1,1,8192,0.419792,1,"clFinish_profiled"
"CPU_Elastic","COMPUTE_GRAPH","ggml_cgraph","GRAPH","",-1,1,-1,0,0,0,0,0,0.933854,1,"delegate_cpu_graph"
"OpenCL","COMPUTE","Kcur-11","ROPE","f32",-1,3,-1,128,16,1,1,8192,0.550364,1,"clFinish_profiled"
"CPU_Elastic","COMPUTE_GRAPH","ggml_cgraph","GRAPH","",-1,3,-1,0,0,0,0,0,0.407500,1,"delegate_cpu_graph"
"OpenCL","COMPUTE","cache_k_l11 (view)","SET_ROWS","f16",-1,0,-1,2048,512,1,1,2097152,0.392240,1,"clFinish_profiled"
"OpenCL","COMPUTE","cache_v_l11 (view)","SET_ROWS","f16",-1,2,-1,2048,512,1,1,2097152,0.197708,1,"clFinish_profiled"
"OpenCL","COMPUTE","__fattn__-11","FLASH_ATTN_EXT","f32",-1,9,-1,128,16,1,1,8192,0.404896,1,"clFinish_profiled"
"CPU_Elastic","COMPUTE_GRAPH","ggml_cgraph","GRAPH","",-1,2,-1,0,0,0,0,0,0.431250,1,"delegate_cpu_graph"
"OpenCL","COMPUTE","ffn_moe_logits-11","MUL_MAT","f32",-1,2,-1,64,1,1,1,256,0.398802,1,"clFinish_profiled"
"OpenCL","COMPUTE","ffn_moe_probs-11","SOFT_MAX","f32",-1,3,-1,64,1,1,1,256,0.202969,1,"clFinish_profiled"
"OpenCL","COMPUTE","ffn_moe_argsort-11","ARGSORT","i32",-1,5,-1,64,1,1,1,256,0.195937,1,"clFinish_profiled"
"OpenCL","COMPUTE","ffn_moe_weights-11","GET_ROWS","f32",-1,7,-1,1,8,1,1,32,0.186927,1,"clFinish_profiled"
"CPU_Elastic","COMPUTE_GRAPH","ggml_cgraph","GRAPH","",-1,21,-1,0,0,0,0,0,5.742552,1,"delegate_cpu_graph"
"CPU_Elastic","COMPUTE_GRAPH","ggml_cgraph","GRAPH","",-1,1,-1,0,0,0,0,0,0.380677,1,"delegate_cpu_graph"
"OpenCL","COMPUTE","Qcur-12","ROPE","f32",-1,3,-1,128,16,1,1,8192,0.430000,1,"clFinish_profiled"
"CPU_Elastic","COMPUTE_GRAPH","ggml_cgraph","GRAPH","",-1,1,-1,0,0,0,0,0,0.444167,1,"delegate_cpu_graph"
"OpenCL","COMPUTE","Kcur-12","ROPE","f32",-1,3,-1,128,16,1,1,8192,0.399115,1,"clFinish_profiled"
"CPU_Elastic","COMPUTE_GRAPH","ggml_cgraph","GRAPH","",-1,3,-1,0,0,0,0,0,0.477656,1,"delegate_cpu_graph"
"OpenCL","COMPUTE","cache_k_l12 (view)","SET_ROWS","f16",-1,0,-1,2048,512,1,1,2097152,0.388698,1,"clFinish_profiled"
"OpenCL","COMPUTE","cache_v_l12 (view)","SET_ROWS","f16",-1,2,-1,2048,512,1,1,2097152,0.201667,1,"clFinish_profiled"
"OpenCL","COMPUTE","__fattn__-12","FLASH_ATTN_EXT","f32",-1,9,-1,128,16,1,1,8192,0.413698,1,"clFinish_profiled"
"CPU_Elastic","COMPUTE_GRAPH","ggml_cgraph","GRAPH","",-1,2,-1,0,0,0,0,0,1.229584,1,"delegate_cpu_graph"
"OpenCL","COMPUTE","ffn_moe_logits-12","MUL_MAT","f32",-1,2,-1,64,1,1,1,256,0.488542,1,"clFinish_profiled"
"OpenCL","COMPUTE","ffn_moe_probs-12","SOFT_MAX","f32",-1,3,-1,64,1,1,1,256,0.208021,1,"clFinish_profiled"
"OpenCL","COMPUTE","ffn_moe_argsort-12","ARGSORT","i32",-1,5,-1,64,1,1,1,256,0.199322,1,"clFinish_profiled"
"OpenCL","COMPUTE","ffn_moe_weights-12","GET_ROWS","f32",-1,7,-1,1,8,1,1,32,0.186563,1,"clFinish_profiled"
"CPU_Elastic","COMPUTE_GRAPH","ggml_cgraph","GRAPH","",-1,21,-1,0,0,0,0,0,11.378438,1,"delegate_cpu_graph"
"CPU_Elastic","COMPUTE_GRAPH","ggml_cgraph","GRAPH","",-1,1,-1,0,0,0,0,0,1.499532,1,"delegate_cpu_graph"
"OpenCL","COMPUTE","Qcur-13","ROPE","f32",-1,3,-1,128,16,1,1,8192,0.476563,1,"clFinish_profiled"
"CPU_Elastic","COMPUTE_GRAPH","ggml_cgraph","GRAPH","",-1,1,-1,0,0,0,0,0,0.371303,1,"delegate_cpu_graph"
"OpenCL","COMPUTE","Kcur-13","ROPE","f32",-1,3,-1,128,16,1,1,8192,0.395989,1,"clFinish_profiled"
"OpenCL","COMPUTE","Vcur-13","MUL_MAT","f32",-1,4,-1,2048,1,1,1,8192,0.354114,1,"clFinish_profiled"
"OpenCL","COMPUTE","cache_k_l13 (view)","SET_ROWS","f16",-1,7,-1,2048,512,1,1,2097152,0.194740,1,"clFinish_profiled"
"OpenCL","COMPUTE","cache_v_l13 (view)","SET_ROWS","f16",-1,9,-1,2048,512,1,1,2097152,0.196354,1,"clFinish_profiled"
"OpenCL","COMPUTE","__fattn__-13","FLASH_ATTN_EXT","f32",-1,16,-1,128,16,1,1,8192,0.414271,1,"clFinish_profiled"
"CPU_Elastic","COMPUTE_GRAPH","ggml_cgraph","GRAPH","",-1,2,-1,0,0,0,0,0,2.074532,1,"delegate_cpu_graph"
"OpenCL","COMPUTE","ffn_moe_logits-13","MUL_MAT","f32",-1,2,-1,64,1,1,1,256,0.499427,1,"clFinish_profiled"
"OpenCL","COMPUTE","ffn_moe_probs-13","SOFT_MAX","f32",-1,3,-1,64,1,1,1,256,0.206406,1,"clFinish_profiled"
"OpenCL","COMPUTE","ffn_moe_argsort-13","ARGSORT","i32",-1,5,-1,64,1,1,1,256,0.201093,1,"clFinish_profiled"
"OpenCL","COMPUTE","ffn_moe_weights-13","GET_ROWS","f32",-1,7,-1,1,8,1,1,32,0.189271,1,"clFinish_profiled"
"CPU_Elastic","COMPUTE_GRAPH","ggml_cgraph","GRAPH","",-1,21,-1,0,0,0,0,0,12.285208,1,"delegate_cpu_graph"
"CPU_Elastic","COMPUTE_GRAPH","ggml_cgraph","GRAPH","",-1,1,-1,0,0,0,0,0,1.588542,1,"delegate_cpu_graph"
"OpenCL","COMPUTE","Qcur-14","ROPE","f32",-1,3,-1,128,16,1,1,8192,0.510625,1,"clFinish_profiled"
"CPU_Elastic","COMPUTE_GRAPH","ggml_cgraph","GRAPH","",-1,1,-1,0,0,0,0,0,1.333125,1,"delegate_cpu_graph"
"OpenCL","COMPUTE","Kcur-14","ROPE","f32",-1,3,-1,128,16,1,1,8192,0.482344,1,"clFinish_profiled"
"OpenCL","COMPUTE","Vcur-14","MUL_MAT","f32",-1,4,-1,2048,1,1,1,8192,0.349636,1,"clFinish_profiled"
"OpenCL","COMPUTE","cache_k_l14 (view)","SET_ROWS","f16",-1,7,-1,2048,512,1,1,2097152,0.197187,1,"clFinish_profiled"
"OpenCL","COMPUTE","cache_v_l14 (view)","SET_ROWS","f16",-1,9,-1,2048,512,1,1,2097152,0.191823,1,"clFinish_profiled"
"OpenCL","COMPUTE","__fattn__-14","FLASH_ATTN_EXT","f32",-1,16,-1,128,16,1,1,8192,0.409062,1,"clFinish_profiled"
"CPU_Elastic","COMPUTE_GRAPH","ggml_cgraph","GRAPH","",-1,2,-1,0,0,0,0,0,1.902448,1,"delegate_cpu_graph"
"OpenCL","COMPUTE","ffn_moe_logits-14","MUL_MAT","f32",-1,2,-1,64,1,1,1,256,0.485729,1,"clFinish_profiled"
"OpenCL","COMPUTE","ffn_moe_probs-14","SOFT_MAX","f32",-1,3,-1,64,1,1,1,256,0.206094,1,"clFinish_profiled"
"OpenCL","COMPUTE","ffn_moe_argsort-14","ARGSORT","i32",-1,5,-1,64,1,1,1,256,0.199063,1,"clFinish_profiled"
"OpenCL","COMPUTE","ffn_moe_weights-14","GET_ROWS","f32",-1,7,-1,1,8,1,1,32,0.187083,1,"clFinish_profiled"
"CPU_Elastic","COMPUTE_GRAPH","ggml_cgraph","GRAPH","",-1,21,-1,0,0,0,0,0,7.322083,1,"delegate_cpu_graph"
"CPU_Elastic","COMPUTE_GRAPH","ggml_cgraph","GRAPH","",-1,1,-1,0,0,0,0,0,1.570104,1,"delegate_cpu_graph"
"OpenCL","COMPUTE","Qcur-15","ROPE","f32",-1,3,-1,128,16,1,1,8192,0.532656,1,"clFinish_profiled"
"CPU_Elastic","COMPUTE_GRAPH","ggml_cgraph","GRAPH","",-1,1,-1,0,0,0,0,0,1.885261,1,"delegate_cpu_graph"
"OpenCL","COMPUTE","Kcur-15","ROPE","f32",-1,3,-1,128,16,1,1,8192,0.494843,1,"clFinish_profiled"
"OpenCL","COMPUTE","Vcur-15","MUL_MAT","f32",-1,4,-1,2048,1,1,1,8192,0.350885,1,"clFinish_profiled"
"OpenCL","COMPUTE","cache_k_l15 (view)","SET_ROWS","f16",-1,7,-1,2048,512,1,1,2097152,0.198177,1,"clFinish_profiled"
"OpenCL","COMPUTE","cache_v_l15 (view)","SET_ROWS","f16",-1,9,-1,2048,512,1,1,2097152,0.222708,1,"clFinish_profiled"
"OpenCL","COMPUTE","__fattn__-15","FLASH_ATTN_EXT","f32",-1,16,-1,128,16,1,1,8192,0.406823,1,"clFinish_profiled"
"CPU_Elastic","COMPUTE_GRAPH","ggml_cgraph","GRAPH","",-1,4,-1,0,0,0,0,0,0.524375,1,"delegate_cpu_graph"
"OpenCL","COMPUTE","ffn_moe_logits-15","MUL_MAT","f32",-1,2,-1,64,1,1,1,256,0.404166,1,"clFinish_profiled"
"OpenCL","COMPUTE","ffn_moe_probs-15","SOFT_MAX","f32",-1,3,-1,64,1,1,1,256,0.206667,1,"clFinish_profiled"
"OpenCL","COMPUTE","ffn_moe_argsort-15","ARGSORT","i32",-1,5,-1,64,1,1,1,256,0.199114,1,"clFinish_profiled"
"OpenCL","COMPUTE","ffn_moe_weights-15","GET_ROWS","f32",-1,7,-1,1,8,1,1,32,0.188021,1,"clFinish_profiled"
"CPU_Elastic","COMPUTE_GRAPH","ggml_cgraph","GRAPH","",-1,22,-1,0,0,0,0,0,9.344531,1,"delegate_cpu_graph"
"OpenCL","COMPUTE","result_norm","MUL","f32",-1,0,-1,2048,1,1,1,8192,0.517083,1,"clFinish_profiled"
"OpenCL","COMPUTE","result_output","MUL_MAT","f32",-1,1,-1,50304,1,1,1,201216,4.021458,1,"clFinish_profiled"
"CPU_Elastic","COMPUTE_GRAPH","ggml_cgraph","GRAPH","",-1,1,-1,0,0,0,0,0,0.012188,1,"delegate_cpu_graph"
"CPU_Elastic","COMPUTE_GRAPH","ggml_cgraph","GRAPH","",-1,1,-1,0,0,0,0,0,0.921094,1,"delegate_cpu_graph"
"OpenCL","COMPUTE","Qcur-0","ROPE","f32",-1,3,-1,128,16,1,1,8192,0.487187,1,"clFinish_profiled"
"CPU_Elastic","COMPUTE_GRAPH","ggml_cgraph","GRAPH","",-1,1,-1,0,0,0,0,0,0.430677,1,"delegate_cpu_graph"
"OpenCL","COMPUTE","Kcur-0","ROPE","f32",-1,3,-1,128,16,1,1,8192,0.449479,1,"clFinish_profiled"
"OpenCL","COMPUTE","Vcur-0","MUL_MAT","f32",-1,4,-1,2048,1,1,1,8192,0.356458,1,"clFinish_profiled"
"OpenCL","COMPUTE","cache_k_l0 (view)","SET_ROWS","f16",-1,7,-1,2048,512,1,1,2097152,0.199062,1,"clFinish_profiled"
"OpenCL","COMPUTE","cache_v_l0 (view)","SET_ROWS","f16",-1,9,-1,2048,512,1,1,2097152,0.178698,1,"clFinish_profiled"
"OpenCL","COMPUTE"," (copy)","CPY","f16",-1,16,-1,256,64,1,1,32768,0.203489,1,"clFinish_profiled"
"OpenCL","COMPUTE","__fattn__-0","FLASH_ATTN_EXT","f32",-1,17,-1,128,16,1,1,8192,0.412812,1,"clFinish_profiled"
"CPU_Elastic","COMPUTE_GRAPH","ggml_cgraph","GRAPH","",-1,2,-1,0,0,0,0,0,0.595053,1,"delegate_cpu_graph"
"OpenCL","COMPUTE","ffn_moe_logits-0","MUL_MAT","f32",-1,2,-1,64,1,1,1,256,0.573906,1,"clFinish_profiled"
"OpenCL","COMPUTE","ffn_moe_probs-0","SOFT_MAX","f32",-1,3,-1,64,1,1,1,256,0.243229,1,"clFinish_profiled"
"OpenCL","COMPUTE","ffn_moe_argsort-0","ARGSORT","i32",-1,5,-1,64,1,1,1,256,0.202552,1,"clFinish_profiled"
"OpenCL","COMPUTE","ffn_moe_weights-0","GET_ROWS","f32",-1,7,-1,1,8,1,1,32,0.190260,1,"clFinish_profiled"
"CPU_Elastic","COMPUTE_GRAPH","ggml_cgraph","GRAPH","",-1,21,-1,0,0,0,0,0,12.168281,1,"delegate_cpu_graph"
"CPU_Elastic","COMPUTE_GRAPH","ggml_cgraph","GRAPH","",-1,1,-1,0,0,0,0,0,1.497969,1,"delegate_cpu_graph"
"OpenCL","COMPUTE","Qcur-1","ROPE","f32",-1,3,-1,128,16,1,1,8192,0.508541,1,"clFinish_profiled"
"CPU_Elastic","COMPUTE_GRAPH","ggml_cgraph","GRAPH","",-1,1,-1,0,0,0,0,0,1.739323,1,"delegate_cpu_graph"
"OpenCL","COMPUTE","Kcur-1","ROPE","f32",-1,3,-1,128,16,1,1,8192,0.497553,1,"clFinish_profiled"
"OpenCL","COMPUTE","Vcur-1","MUL_MAT","f32",-1,4,-1,2048,1,1,1,8192,0.357239,1,"clFinish_profiled"
"OpenCL","COMPUTE","cache_k_l1 (view)","SET_ROWS","f16",-1,7,-1,2048,512,1,1,2097152,0.195052,1,"clFinish_profiled"
"OpenCL","COMPUTE","cache_v_l1 (view)","SET_ROWS","f16",-1,9,-1,2048,512,1,1,2097152,0.193958,1,"clFinish_profiled"
"OpenCL","COMPUTE","__fattn__-1","FLASH_ATTN_EXT","f32",-1,16,-1,128,16,1,1,8192,0.416667,1,"clFinish_profiled"
"CPU_Elastic","COMPUTE_GRAPH","ggml_cgraph","GRAPH","",-1,2,-1,0,0,0,0,0,0.540730,1,"delegate_cpu_graph"
"OpenCL","COMPUTE","ffn_moe_logits-1","MUL_MAT","f32",-1,2,-1,64,1,1,1,256,0.427500,1,"clFinish_profiled"
"OpenCL","COMPUTE","ffn_moe_probs-1","SOFT_MAX","f32",-1,3,-1,64,1,1,1,256,0.214843,1,"clFinish_profiled"
"OpenCL","COMPUTE","ffn_moe_argsort-1","ARGSORT","i32",-1,5,-1,64,1,1,1,256,0.198125,1,"clFinish_profiled"
"OpenCL","COMPUTE","ffn_moe_weights-1","GET_ROWS","f32",-1,7,-1,1,8,1,1,32,0.189584,1,"clFinish_profiled"
"CPU_Elastic","COMPUTE_GRAPH","ggml_cgraph","GRAPH","",-1,21,-1,0,0,0,0,0,8.527500,1,"delegate_cpu_graph"
"CPU_Elastic","COMPUTE_GRAPH","ggml_cgraph","GRAPH","",-1,1,-1,0,0,0,0,0,0.926459,1,"delegate_cpu_graph"
"OpenCL","COMPUTE","Qcur-2","ROPE","f32",-1,3,-1,128,16,1,1,8192,0.484531,1,"clFinish_profiled"
"CPU_Elastic","COMPUTE_GRAPH","ggml_cgraph","GRAPH","",-1,1,-1,0,0,0,0,0,0.434584,1,"delegate_cpu_graph"
"OpenCL","COMPUTE","Kcur-2","ROPE","f32",-1,3,-1,128,16,1,1,8192,0.398490,1,"clFinish_profiled"
"CPU_Elastic","COMPUTE_GRAPH","ggml_cgraph","GRAPH","",-1,3,-1,0,0,0,0,0,0.473854,1,"delegate_cpu_graph"
"OpenCL","COMPUTE","cache_k_l2 (view)","SET_ROWS","f16",-1,0,-1,2048,512,1,1,2097152,0.385885,1,"clFinish_profiled"
"OpenCL","COMPUTE","cache_v_l2 (view)","SET_ROWS","f16",-1,2,-1,2048,512,1,1,2097152,0.199010,1,"clFinish_profiled"
"OpenCL","COMPUTE","__fattn__-2","FLASH_ATTN_EXT","f32",-1,9,-1,128,16,1,1,8192,0.412291,1,"clFinish_profiled"
"CPU_Elastic","COMPUTE_GRAPH","ggml_cgraph","GRAPH","",-1,2,-1,0,0,0,0,0,0.453437,1,"delegate_cpu_graph"
"OpenCL","COMPUTE","ffn_moe_logits-2","MUL_MAT","f32",-1,2,-1,64,1,1,1,256,0.408803,1,"clFinish_profiled"
"OpenCL","COMPUTE","ffn_moe_probs-2","SOFT_MAX","f32",-1,3,-1,64,1,1,1,256,0.204427,1,"clFinish_profiled"
"OpenCL","COMPUTE","ffn_moe_argsort-2","ARGSORT","i32",-1,5,-1,64,1,1,1,256,0.199428,1,"clFinish_profiled"
"OpenCL","COMPUTE","ffn_moe_weights-2","GET_ROWS","f32",-1,7,-1,1,8,1,1,32,0.190208,1,"clFinish_profiled"
"CPU_Elastic","COMPUTE_GRAPH","ggml_cgraph","GRAPH","",-1,21,-1,0,0,0,0,0,7.383437,1,"delegate_cpu_graph"
"CPU_Elastic","COMPUTE_GRAPH","ggml_cgraph","GRAPH","",-1,1,-1,0,0,0,0,0,0.400313,1,"delegate_cpu_graph"
"OpenCL","COMPUTE","Qcur-3","ROPE","f32",-1,3,-1,128,16,1,1,8192,0.407708,1,"clFinish_profiled"
"CPU_Elastic","COMPUTE_GRAPH","ggml_cgraph","GRAPH","",-1,1,-1,0,0,0,0,0,0.467500,1,"delegate_cpu_graph"
"OpenCL","COMPUTE","Kcur-3","ROPE","f32",-1,3,-1,128,16,1,1,8192,0.394844,1,"clFinish_profiled"
"CPU_Elastic","COMPUTE_GRAPH","ggml_cgraph","GRAPH","",-1,3,-1,0,0,0,0,0,0.478907,1,"delegate_cpu_graph"
"OpenCL","COMPUTE","cache_k_l3 (view)","SET_ROWS","f16",-1,0,-1,2048,512,1,1,2097152,0.396719,1,"clFinish_profiled"
"OpenCL","COMPUTE","cache_v_l3 (view)","SET_ROWS","f16",-1,2,-1,2048,512,1,1,2097152,0.180521,1,"clFinish_profiled"
"OpenCL","COMPUTE","__fattn__-3","FLASH_ATTN_EXT","f32",-1,9,-1,128,16,1,1,8192,0.416823,1,"clFinish_profiled"
"CPU_Elastic","COMPUTE_GRAPH","ggml_cgraph","GRAPH","",-1,2,-1,0,0,0,0,0,0.434480,1,"delegate_cpu_graph"
"OpenCL","COMPUTE","ffn_moe_logits-3","MUL_MAT","f32",-1,2,-1,64,1,1,1,256,0.403906,1,"clFinish_profiled"
"OpenCL","COMPUTE","ffn_moe_probs-3","SOFT_MAX","f32",-1,3,-1,64,1,1,1,256,0.206875,1,"clFinish_profiled"
"OpenCL","COMPUTE","ffn_moe_argsort-3","ARGSORT","i32",-1,5,-1,64,1,1,1,256,0.197552,1,"clFinish_profiled"
"OpenCL","COMPUTE","ffn_moe_weights-3","GET_ROWS","f32",-1,7,-1,1,8,1,1,32,0.187605,1,"clFinish_profiled"
"CPU_Elastic","COMPUTE_GRAPH","ggml_cgraph","GRAPH","",-1,21,-1,0,0,0,0,0,6.579688,1,"delegate_cpu_graph"
"CPU_Elastic","COMPUTE_GRAPH","ggml_cgraph","GRAPH","",-1,1,-1,0,0,0,0,0,0.406928,1,"delegate_cpu_graph"
"OpenCL","COMPUTE","Qcur-4","ROPE","f32",-1,3,-1,128,16,1,1,8192,0.401145,1,"clFinish_profiled"
"CPU_Elastic","COMPUTE_GRAPH","ggml_cgraph","GRAPH","",-1,1,-1,0,0,0,0,0,0.470052,1,"delegate_cpu_graph"
"OpenCL","COMPUTE","Kcur-4","ROPE","f32",-1,3,-1,128,16,1,1,8192,0.401666,1,"clFinish_profiled"
"OpenCL","COMPUTE","Vcur-4","MUL_MAT","f32",-1,4,-1,2048,1,1,1,8192,0.350886,1,"clFinish_profiled"
"OpenCL","COMPUTE","cache_k_l4 (view)","SET_ROWS","f16",-1,7,-1,2048,512,1,1,2097152,0.191354,1,"clFinish_profiled"
"OpenCL","COMPUTE","cache_v_l4 (view)","SET_ROWS","f16",-1,9,-1,2048,512,1,1,2097152,0.189739,1,"clFinish_profiled"
"OpenCL","COMPUTE","__fattn__-4","FLASH_ATTN_EXT","f32",-1,16,-1,128,16,1,1,8192,0.427239,1,"clFinish_profiled"
"CPU_Elastic","COMPUTE_GRAPH","ggml_cgraph","GRAPH","",-1,2,-1,0,0,0,0,0,2.035260,1,"delegate_cpu_graph"
"OpenCL","COMPUTE","ffn_moe_logits-4","MUL_MAT","f32",-1,2,-1,64,1,1,1,256,0.502292,1,"clFinish_profiled"
"OpenCL","COMPUTE","ffn_moe_probs-4","SOFT_MAX","f32",-1,3,-1,64,1,1,1,256,0.206042,1,"clFinish_profiled"
"OpenCL","COMPUTE","ffn_moe_argsort-4","ARGSORT","i32",-1,5,-1,64,1,1,1,256,0.231511,1,"clFinish_profiled"
"OpenCL","COMPUTE","ffn_moe_weights-4","GET_ROWS","f32",-1,7,-1,1,8,1,1,32,0.191927,1,"clFinish_profiled"
"CPU_Elastic","COMPUTE_GRAPH","ggml_cgraph","GRAPH","",-1,21,-1,0,0,0,0,0,11.175416,1,"delegate_cpu_graph"
"CPU_Elastic","COMPUTE_GRAPH","ggml_cgraph","GRAPH","",-1,1,-1,0,0,0,0,0,1.511770,1,"delegate_cpu_graph"
"OpenCL","COMPUTE","Qcur-5","ROPE","f32",-1,3,-1,128,16,1,1,8192,0.479063,1,"clFinish_profiled"
"CPU_Elastic","COMPUTE_GRAPH","ggml_cgraph","GRAPH","",-1,1,-1,0,0,0,0,0,1.494323,1,"delegate_cpu_graph"
"OpenCL","COMPUTE","Kcur-5","ROPE","f32",-1,3,-1,128,16,1,1,8192,0.531771,1,"clFinish_profiled"
"CPU_Elastic","COMPUTE_GRAPH","ggml_cgraph","GRAPH","",-1,3,-1,0,0,0,0,0,1.969896,1,"delegate_cpu_graph"
"OpenCL","COMPUTE","cache_k_l5 (view)","SET_ROWS","f16",-1,0,-1,2048,512,1,1,2097152,0.475105,1,"clFinish_profiled"
"OpenCL","COMPUTE","cache_v_l5 (view)","SET_ROWS","f16",-1,2,-1,2048,512,1,1,2097152,0.205260,1,"clFinish_profiled"
"OpenCL","COMPUTE","__fattn__-5","FLASH_ATTN_EXT","f32",-1,9,-1,128,16,1,1,8192,0.409166,1,"clFinish_profiled"
"CPU_Elastic","COMPUTE_GRAPH","ggml_cgraph","GRAPH","",-1,2,-1,0,0,0,0,0,1.936042,1,"delegate_cpu_graph"
"OpenCL","COMPUTE","ffn_moe_logits-5","MUL_MAT","f32",-1,2,-1,64,1,1,1,256,0.513020,1,"clFinish_profiled"
"OpenCL","COMPUTE","ffn_moe_probs-5","SOFT_MAX","f32",-1,3,-1,64,1,1,1,256,0.209427,1,"clFinish_profiled"
"OpenCL","COMPUTE","ffn_moe_argsort-5","ARGSORT","i32",-1,5,-1,64,1,1,1,256,0.199375,1,"clFinish_profiled"
"OpenCL","COMPUTE","ffn_moe_weights-5","GET_ROWS","f32",-1,7,-1,1,8,1,1,32,0.189271,1,"clFinish_profiled"
"CPU_Elastic","COMPUTE_GRAPH","ggml_cgraph","GRAPH","",-1,21,-1,0,0,0,0,0,6.744375,1,"delegate_cpu_graph"
"CPU_Elastic","COMPUTE_GRAPH","ggml_cgraph","GRAPH","",-1,1,-1,0,0,0,0,0,0.397447,1,"delegate_cpu_graph"
"OpenCL","COMPUTE","Qcur-6","ROPE","f32",-1,3,-1,128,16,1,1,8192,0.425990,1,"clFinish_profiled"
"CPU_Elastic","COMPUTE_GRAPH","ggml_cgraph","GRAPH","",-1,1,-1,0,0,0,0,0,0.446771,1,"delegate_cpu_graph"
"OpenCL","COMPUTE","Kcur-6","ROPE","f32",-1,3,-1,128,16,1,1,8192,0.408750,1,"clFinish_profiled"
"CPU_Elastic","COMPUTE_GRAPH","ggml_cgraph","GRAPH","",-1,3,-1,0,0,0,0,0,0.465729,1,"delegate_cpu_graph"
"OpenCL","COMPUTE","cache_k_l6 (view)","SET_ROWS","f16",-1,0,-1,2048,512,1,1,2097152,0.434063,1,"clFinish_profiled"
"OpenCL","COMPUTE","cache_v_l6 (view)","SET_ROWS","f16",-1,2,-1,2048,512,1,1,2097152,0.200625,1,"clFinish_profiled"
"OpenCL","COMPUTE","__fattn__-6","FLASH_ATTN_EXT","f32",-1,9,-1,128,16,1,1,8192,0.406667,1,"clFinish_profiled"
"CPU_Elastic","COMPUTE_GRAPH","ggml_cgraph","GRAPH","",-1,2,-1,0,0,0,0,0,0.413281,1,"delegate_cpu_graph"
"OpenCL","COMPUTE","ffn_moe_logits-6","MUL_MAT","f32",-1,2,-1,64,1,1,1,256,0.405156,1,"clFinish_profiled"
"OpenCL","COMPUTE","ffn_moe_probs-6","SOFT_MAX","f32",-1,3,-1,64,1,1,1,256,0.204479,1,"clFinish_profiled"
"OpenCL","COMPUTE","ffn_moe_argsort-6","ARGSORT","i32",-1,5,-1,64,1,1,1,256,0.198802,1,"clFinish_profiled"
"OpenCL","COMPUTE","ffn_moe_weights-6","GET_ROWS","f32",-1,7,-1,1,8,1,1,32,0.191667,1,"clFinish_profiled"
"CPU_Elastic","COMPUTE_GRAPH","ggml_cgraph","GRAPH","",-1,21,-1,0,0,0,0,0,11.528334,1,"delegate_cpu_graph"
"CPU_Elastic","COMPUTE_GRAPH","ggml_cgraph","GRAPH","",-1,1,-1,0,0,0,0,0,1.671927,1,"delegate_cpu_graph"
"OpenCL","COMPUTE","Qcur-7","ROPE","f32",-1,3,-1,128,16,1,1,8192,0.558958,1,"clFinish_profiled"
"CPU_Elastic","COMPUTE_GRAPH","ggml_cgraph","GRAPH","",-1,1,-1,0,0,0,0,0,1.666875,1,"delegate_cpu_graph"
"OpenCL","COMPUTE","Kcur-7","ROPE","f32",-1,3,-1,128,16,1,1,8192,0.502761,1,"clFinish_profiled"
"OpenCL","COMPUTE","Vcur-7","MUL_MAT","f32",-1,4,-1,2048,1,1,1,8192,0.353802,1,"clFinish_profiled"
"OpenCL","COMPUTE","cache_k_l7 (view)","SET_ROWS","f16",-1,7,-1,2048,512,1,1,2097152,0.199687,1,"clFinish_profiled"
"OpenCL","COMPUTE","cache_v_l7 (view)","SET_ROWS","f16",-1,9,-1,2048,512,1,1,2097152,0.197136,1,"clFinish_profiled"
"OpenCL","COMPUTE","__fattn__-7","FLASH_ATTN_EXT","f32",-1,16,-1,128,16,1,1,8192,0.421875,1,"clFinish_profiled"
"CPU_Elastic","COMPUTE_GRAPH","ggml_cgraph","GRAPH","",-1,2,-1,0,0,0,0,0,1.659635,1,"delegate_cpu_graph"
"OpenCL","COMPUTE","ffn_moe_logits-7","MUL_MAT","f32",-1,2,-1,64,1,1,1,256,0.533125,1,"clFinish_profiled"
"OpenCL","COMPUTE","ffn_moe_probs-7","SOFT_MAX","f32",-1,3,-1,64,1,1,1,256,0.247500,1,"clFinish_profiled"
"OpenCL","COMPUTE","ffn_moe_argsort-7","ARGSORT","i32",-1,5,-1,64,1,1,1,256,0.228854,1,"clFinish_profiled"
"OpenCL","COMPUTE","ffn_moe_weights-7","GET_ROWS","f32",-1,7,-1,1,8,1,1,32,0.166303,1,"clFinish_profiled"
"CPU_Elastic","COMPUTE_GRAPH","ggml_cgraph","GRAPH","",-1,21,-1,0,0,0,0,0,12.523333,1,"delegate_cpu_graph"
"CPU_Elastic","COMPUTE_GRAPH","ggml_cgraph","GRAPH","",-1,1,-1,0,0,0,0,0,1.640625,1,"delegate_cpu_graph"
"OpenCL","COMPUTE","Qcur-8","ROPE","f32",-1,3,-1,128,16,1,1,8192,0.499740,1,"clFinish_profiled"
"CPU_Elastic","COMPUTE_GRAPH","ggml_cgraph","GRAPH","",-1,1,-1,0,0,0,0,0,1.255781,1,"delegate_cpu_graph"
"OpenCL","COMPUTE","Kcur-8","ROPE","f32",-1,3,-1,128,16,1,1,8192,0.524167,1,"clFinish_profiled"
"CPU_Elastic","COMPUTE_GRAPH","ggml_cgraph","GRAPH","",-1,3,-1,0,0,0,0,0,1.877657,1,"delegate_cpu_graph"
"OpenCL","COMPUTE","cache_k_l8 (view)","SET_ROWS","f16",-1,0,-1,2048,512,1,1,2097152,0.676250,1,"clFinish_profiled"
"OpenCL","COMPUTE","cache_v_l8 (view)","SET_ROWS","f16",-1,2,-1,2048,512,1,1,2097152,0.443594,1,"clFinish_profiled"
"OpenCL","COMPUTE","__fattn__-8","FLASH_ATTN_EXT","f32",-1,9,-1,128,16,1,1,8192,0.439792,1,"clFinish_profiled"
"CPU_Elastic","COMPUTE_GRAPH","ggml_cgraph","GRAPH","",-1,2,-1,0,0,0,0,0,1.873802,1,"delegate_cpu_graph"
"OpenCL","COMPUTE","ffn_moe_logits-8","MUL_MAT","f32",-1,2,-1,64,1,1,1,256,0.601250,1,"clFinish_profiled"
"OpenCL","COMPUTE","ffn_moe_probs-8","SOFT_MAX","f32",-1,3,-1,64,1,1,1,256,0.238438,1,"clFinish_profiled"
"OpenCL","COMPUTE","ffn_moe_argsort-8","ARGSORT","i32",-1,5,-1,64,1,1,1,256,0.202656,1,"clFinish_profiled"
"OpenCL","COMPUTE","ffn_moe_weights-8","GET_ROWS","f32",-1,7,-1,1,8,1,1,32,0.191667,1,"clFinish_profiled"
"CPU_Elastic","COMPUTE_GRAPH","ggml_cgraph","GRAPH","",-1,21,-1,0,0,0,0,0,9.089062,1,"delegate_cpu_graph"
"CPU_Elastic","COMPUTE_GRAPH","ggml_cgraph","GRAPH","",-1,1,-1,0,0,0,0,0,0.393334,1,"delegate_cpu_graph"
"OpenCL","COMPUTE","Qcur-9","ROPE","f32",-1,3,-1,128,16,1,1,8192,0.424583,1,"clFinish_profiled"
"CPU_Elastic","COMPUTE_GRAPH","ggml_cgraph","GRAPH","",-1,1,-1,0,0,0,0,0,0.447344,1,"delegate_cpu_graph"
"OpenCL","COMPUTE","Kcur-9","ROPE","f32",-1,3,-1,128,16,1,1,8192,0.400261,1,"clFinish_profiled"
"CPU_Elastic","COMPUTE_GRAPH","ggml_cgraph","GRAPH","",-1,3,-1,0,0,0,0,0,0.474427,1,"delegate_cpu_graph"
"OpenCL","COMPUTE","cache_k_l9 (view)","SET_ROWS","f16",-1,0,-1,2048,512,1,1,2097152,0.387969,1,"clFinish_profiled"
"OpenCL","COMPUTE","cache_v_l9 (view)","SET_ROWS","f16",-1,2,-1,2048,512,1,1,2097152,0.201042,1,"clFinish_profiled"
"OpenCL","COMPUTE","__fattn__-9","FLASH_ATTN_EXT","f32",-1,9,-1,128,16,1,1,8192,0.411355,1,"clFinish_profiled"
"CPU_Elastic","COMPUTE_GRAPH","ggml_cgraph","GRAPH","",-1,2,-1,0,0,0,0,0,0.431094,1,"delegate_cpu_graph"
"OpenCL","COMPUTE","ffn_moe_logits-9","MUL_MAT","f32",-1,2,-1,64,1,1,1,256,0.413593,1,"clFinish_profiled"
"OpenCL","COMPUTE","ffn_moe_probs-9","SOFT_MAX","f32",-1,3,-1,64,1,1,1,256,0.205885,1,"clFinish_profiled"
"OpenCL","COMPUTE","ffn_moe_argsort-9","ARGSORT","i32",-1,5,-1,64,1,1,1,256,0.194792,1,"clFinish_profiled"
"OpenCL","COMPUTE","ffn_moe_weights-9","GET_ROWS","f32",-1,7,-1,1,8,1,1,32,0.188594,1,"clFinish_profiled"
"CPU_Elastic","COMPUTE_GRAPH","ggml_cgraph","GRAPH","",-1,21,-1,0,0,0,0,0,5.491719,1,"delegate_cpu_graph"
"CPU_Elastic","COMPUTE_GRAPH","ggml_cgraph","GRAPH","",-1,1,-1,0,0,0,0,0,0.388178,1,"delegate_cpu_graph"
"OpenCL","COMPUTE","Qcur-10","ROPE","f32",-1,3,-1,128,16,1,1,8192,0.395157,1,"clFinish_profiled"
"CPU_Elastic","COMPUTE_GRAPH","ggml_cgraph","GRAPH","",-1,1,-1,0,0,0,0,0,0.455938,1,"delegate_cpu_graph"
"OpenCL","COMPUTE","Kcur-10","ROPE","f32",-1,3,-1,128,16,1,1,8192,0.400313,1,"clFinish_profiled"
"OpenCL","COMPUTE","Vcur-10","MUL_MAT","f32",-1,4,-1,2048,1,1,1,8192,0.353229,1,"clFinish_profiled"
"OpenCL","COMPUTE","cache_k_l10 (view)","SET_ROWS","f16",-1,7,-1,2048,512,1,1,2097152,0.197656,1,"clFinish_profiled"
"OpenCL","COMPUTE","cache_v_l10 (view)","SET_ROWS","f16",-1,9,-1,2048,512,1,1,2097152,0.192917,1,"clFinish_profiled"
"OpenCL","COMPUTE","__fattn__-10","FLASH_ATTN_EXT","f32",-1,16,-1,128,16,1,1,8192,0.416302,1,"clFinish_profiled"
"CPU_Elastic","COMPUTE_GRAPH","ggml_cgraph","GRAPH","",-1,2,-1,0,0,0,0,0,2.037760,1,"delegate_cpu_graph"
"OpenCL","COMPUTE","ffn_moe_logits-10","MUL_MAT","f32",-1,2,-1,64,1,1,1,256,0.493072,1,"clFinish_profiled"
"OpenCL","COMPUTE","ffn_moe_probs-10","SOFT_MAX","f32",-1,3,-1,64,1,1,1,256,0.207813,1,"clFinish_profiled"
"OpenCL","COMPUTE","ffn_moe_argsort-10","ARGSORT","i32",-1,5,-1,64,1,1,1,256,0.200364,1,"clFinish_profiled"
"OpenCL","COMPUTE","ffn_moe_weights-10","GET_ROWS","f32",-1,7,-1,1,8,1,1,32,0.188541,1,"clFinish_profiled"
"CPU_Elastic","COMPUTE_GRAPH","ggml_cgraph","GRAPH","",-1,21,-1,0,0,0,0,0,11.502500,1,"delegate_cpu_graph"
"CPU_Elastic","COMPUTE_GRAPH","ggml_cgraph","GRAPH","",-1,1,-1,0,0,0,0,0,1.369271,1,"delegate_cpu_graph"
"OpenCL","COMPUTE","Qcur-11","ROPE","f32",-1,3,-1,128,16,1,1,8192,0.580417,1,"clFinish_profiled"
"CPU_Elastic","COMPUTE_GRAPH","ggml_cgraph","GRAPH","",-1,1,-1,0,0,0,0,0,0.573750,1,"delegate_cpu_graph"
"OpenCL","COMPUTE","Kcur-11","ROPE","f32",-1,3,-1,128,16,1,1,8192,0.513959,1,"clFinish_profiled"
"CPU_Elastic","COMPUTE_GRAPH","ggml_cgraph","GRAPH","",-1,3,-1,0,0,0,0,0,2.313750,1,"delegate_cpu_graph"
"OpenCL","COMPUTE","cache_k_l11 (view)","SET_ROWS","f16",-1,0,-1,2048,512,1,1,2097152,0.486823,1,"clFinish_profiled"
"OpenCL","COMPUTE","cache_v_l11 (view)","SET_ROWS","f16",-1,2,-1,2048,512,1,1,2097152,0.353750,1,"clFinish_profiled"
"OpenCL","COMPUTE","__fattn__-11","FLASH_ATTN_EXT","f32",-1,9,-1,128,16,1,1,8192,0.683594,1,"clFinish_profiled"
"CPU_Elastic","COMPUTE_GRAPH","ggml_cgraph","GRAPH","",-1,2,-1,0,0,0,0,0,0.485885,1,"delegate_cpu_graph"
"OpenCL","COMPUTE","ffn_moe_logits-11","MUL_MAT","f32",-1,2,-1,64,1,1,1,256,0.407604,1,"clFinish_profiled"
"OpenCL","COMPUTE","ffn_moe_probs-11","SOFT_MAX","f32",-1,3,-1,64,1,1,1,256,0.210573,1,"clFinish_profiled"
"OpenCL","COMPUTE","ffn_moe_argsort-11","ARGSORT","i32",-1,5,-1,64,1,1,1,256,0.198594,1,"clFinish_profiled"
"OpenCL","COMPUTE","ffn_moe_weights-11","GET_ROWS","f32",-1,7,-1,1,8,1,1,32,0.191666,1,"clFinish_profiled"
"CPU_Elastic","COMPUTE_GRAPH","ggml_cgraph","GRAPH","",-1,21,-1,0,0,0,0,0,9.241823,1,"delegate_cpu_graph"
"CPU_Elastic","COMPUTE_GRAPH","ggml_cgraph","GRAPH","",-1,1,-1,0,0,0,0,0,0.937813,1,"delegate_cpu_graph"
"OpenCL","COMPUTE","Qcur-12","ROPE","f32",-1,3,-1,128,16,1,1,8192,0.487552,1,"clFinish_profiled"
"CPU_Elastic","COMPUTE_GRAPH","ggml_cgraph","GRAPH","",-1,1,-1,0,0,0,0,0,0.441302,1,"delegate_cpu_graph"
"OpenCL","COMPUTE","Kcur-12","ROPE","f32",-1,3,-1,128,16,1,1,8192,0.402343,1,"clFinish_profiled"
"CPU_Elastic","COMPUTE_GRAPH","ggml_cgraph","GRAPH","",-1,3,-1,0,0,0,0,0,0.475104,1,"delegate_cpu_graph"
"OpenCL","COMPUTE","cache_k_l12 (view)","SET_ROWS","f16",-1,0,-1,2048,512,1,1,2097152,0.408645,1,"clFinish_profiled"
"OpenCL","COMPUTE","cache_v_l12 (view)","SET_ROWS","f16",-1,2,-1,2048,512,1,1,2097152,0.205104,1,"clFinish_profiled"
"OpenCL","COMPUTE","__fattn__-12","FLASH_ATTN_EXT","f32",-1,9,-1,128,16,1,1,8192,0.415729,1,"clFinish_profiled"
"CPU_Elastic","COMPUTE_GRAPH","ggml_cgraph","GRAPH","",-1,2,-1,0,0,0,0,0,0.426927,1,"delegate_cpu_graph"
"OpenCL","COMPUTE","ffn_moe_logits-12","MUL_MAT","f32",-1,2,-1,64,1,1,1,256,0.409271,1,"clFinish_profiled"
"OpenCL","COMPUTE","ffn_moe_probs-12","SOFT_MAX","f32",-1,3,-1,64,1,1,1,256,0.205208,1,"clFinish_profiled"
"OpenCL","COMPUTE","ffn_moe_argsort-12","ARGSORT","i32",-1,5,-1,64,1,1,1,256,0.202396,1,"clFinish_profiled"
"OpenCL","COMPUTE","ffn_moe_weights-12","GET_ROWS","f32",-1,7,-1,1,8,1,1,32,0.190782,1,"clFinish_profiled"
"CPU_Elastic","COMPUTE_GRAPH","ggml_cgraph","GRAPH","",-1,21,-1,0,0,0,0,0,6.625365,1,"delegate_cpu_graph"
"CPU_Elastic","COMPUTE_GRAPH","ggml_cgraph","GRAPH","",-1,1,-1,0,0,0,0,0,0.405208,1,"delegate_cpu_graph"
"OpenCL","COMPUTE","Qcur-13","ROPE","f32",-1,3,-1,128,16,1,1,8192,0.404896,1,"clFinish_profiled"
"CPU_Elastic","COMPUTE_GRAPH","ggml_cgraph","GRAPH","",-1,1,-1,0,0,0,0,0,0.461198,1,"delegate_cpu_graph"
"OpenCL","COMPUTE","Kcur-13","ROPE","f32",-1,3,-1,128,16,1,1,8192,0.396771,1,"clFinish_profiled"
"OpenCL","COMPUTE","Vcur-13","MUL_MAT","f32",-1,4,-1,2048,1,1,1,8192,0.353750,1,"clFinish_profiled"
"OpenCL","COMPUTE","cache_k_l13 (view)","SET_ROWS","f16",-1,7,-1,2048,512,1,1,2097152,0.195417,1,"clFinish_profiled"
"OpenCL","COMPUTE","cache_v_l13 (view)","SET_ROWS","f16",-1,9,-1,2048,512,1,1,2097152,0.194323,1,"clFinish_profiled"
"OpenCL","COMPUTE","__fattn__-13","FLASH_ATTN_EXT","f32",-1,16,-1,128,16,1,1,8192,0.413907,1,"clFinish_profiled"
"CPU_Elastic","COMPUTE_GRAPH","ggml_cgraph","GRAPH","",-1,2,-1,0,0,0,0,0,0.377395,1,"delegate_cpu_graph"
"OpenCL","COMPUTE","ffn_moe_logits-13","MUL_MAT","f32",-1,2,-1,64,1,1,1,256,0.421042,1,"clFinish_profiled"
"OpenCL","COMPUTE","ffn_moe_probs-13","SOFT_MAX","f32",-1,3,-1,64,1,1,1,256,0.204896,1,"clFinish_profiled"
"OpenCL","COMPUTE","ffn_moe_argsort-13","ARGSORT","i32",-1,5,-1,64,1,1,1,256,0.202500,1,"clFinish_profiled"
"OpenCL","COMPUTE","ffn_moe_weights-13","GET_ROWS","f32",-1,7,-1,1,8,1,1,32,0.189427,1,"clFinish_profiled"
"CPU_Elastic","COMPUTE_GRAPH","ggml_cgraph","GRAPH","",-1,21,-1,0,0,0,0,0,8.134635,1,"delegate_cpu_graph"
"CPU_Elastic","COMPUTE_GRAPH","ggml_cgraph","GRAPH","",-1,1,-1,0,0,0,0,0,0.407812,1,"delegate_cpu_graph"
"OpenCL","COMPUTE","Qcur-14","ROPE","f32",-1,3,-1,128,16,1,1,8192,0.405625,1,"clFinish_profiled"
"CPU_Elastic","COMPUTE_GRAPH","ggml_cgraph","GRAPH","",-1,1,-1,0,0,0,0,0,0.469063,1,"delegate_cpu_graph"
"OpenCL","COMPUTE","Kcur-14","ROPE","f32",-1,3,-1,128,16,1,1,8192,0.397657,1,"clFinish_profiled"
"OpenCL","COMPUTE","Vcur-14","MUL_MAT","f32",-1,4,-1,2048,1,1,1,8192,0.354010,1,"clFinish_profiled"
"OpenCL","COMPUTE","cache_k_l14 (view)","SET_ROWS","f16",-1,7,-1,2048,512,1,1,2097152,0.194375,1,"clFinish_profiled"
"OpenCL","COMPUTE","cache_v_l14 (view)","SET_ROWS","f16",-1,9,-1,2048,512,1,1,2097152,0.216145,1,"clFinish_profiled"
"OpenCL","COMPUTE","__fattn__-14","FLASH_ATTN_EXT","f32",-1,16,-1,128,16,1,1,8192,0.410052,1,"clFinish_profiled"
"CPU_Elastic","COMPUTE_GRAPH","ggml_cgraph","GRAPH","",-1,2,-1,0,0,0,0,0,2.033802,1,"delegate_cpu_graph"
"OpenCL","COMPUTE","ffn_moe_logits-14","MUL_MAT","f32",-1,2,-1,64,1,1,1,256,0.523958,1,"clFinish_profiled"
"OpenCL","COMPUTE","ffn_moe_probs-14","SOFT_MAX","f32",-1,3,-1,64,1,1,1,256,0.209531,1,"clFinish_profiled"
"OpenCL","COMPUTE","ffn_moe_argsort-14","ARGSORT","i32",-1,5,-1,64,1,1,1,256,0.199166,1,"clFinish_profiled"
"OpenCL","COMPUTE","ffn_moe_weights-14","GET_ROWS","f32",-1,7,-1,1,8,1,1,32,0.212448,1,"clFinish_profiled"
"CPU_Elastic","COMPUTE_GRAPH","ggml_cgraph","GRAPH","",-1,21,-1,0,0,0,0,0,6.804062,1,"delegate_cpu_graph"
"CPU_Elastic","COMPUTE_GRAPH","ggml_cgraph","GRAPH","",-1,1,-1,0,0,0,0,0,0.376250,1,"delegate_cpu_graph"
"OpenCL","COMPUTE","Qcur-15","ROPE","f32",-1,3,-1,128,16,1,1,8192,0.400938,1,"clFinish_profiled"
"CPU_Elastic","COMPUTE_GRAPH","ggml_cgraph","GRAPH","",-1,1,-1,0,0,0,0,0,0.473542,1,"delegate_cpu_graph"
"OpenCL","COMPUTE","Kcur-15","ROPE","f32",-1,3,-1,128,16,1,1,8192,0.401980,1,"clFinish_profiled"
"OpenCL","COMPUTE","Vcur-15","MUL_MAT","f32",-1,4,-1,2048,1,1,1,8192,0.354063,1,"clFinish_profiled"
"OpenCL","COMPUTE","cache_k_l15 (view)","SET_ROWS","f16",-1,7,-1,2048,512,1,1,2097152,0.192709,1,"clFinish_profiled"
"OpenCL","COMPUTE","cache_v_l15 (view)","SET_ROWS","f16",-1,9,-1,2048,512,1,1,2097152,0.192240,1,"clFinish_profiled"
"OpenCL","COMPUTE","__fattn__-15","FLASH_ATTN_EXT","f32",-1,16,-1,128,16,1,1,8192,0.411146,1,"clFinish_profiled"
"CPU_Elastic","COMPUTE_GRAPH","ggml_cgraph","GRAPH","",-1,4,-1,0,0,0,0,0,0.382448,1,"delegate_cpu_graph"
"OpenCL","COMPUTE","ffn_moe_logits-15","MUL_MAT","f32",-1,2,-1,64,1,1,1,256,0.407812,1,"clFinish_profiled"
"OpenCL","COMPUTE","ffn_moe_probs-15","SOFT_MAX","f32",-1,3,-1,64,1,1,1,256,0.205521,1,"clFinish_profiled"
"OpenCL","COMPUTE","ffn_moe_argsort-15","ARGSORT","i32",-1,5,-1,64,1,1,1,256,0.202344,1,"clFinish_profiled"
"OpenCL","COMPUTE","ffn_moe_weights-15","GET_ROWS","f32",-1,7,-1,1,8,1,1,32,0.190417,1,"clFinish_profiled"
"CPU_Elastic","COMPUTE_GRAPH","ggml_cgraph","GRAPH","",-1,22,-1,0,0,0,0,0,9.793750,1,"delegate_cpu_graph"
"OpenCL","COMPUTE","result_norm","MUL","f32",-1,0,-1,2048,1,1,1,8192,0.527448,1,"clFinish_profiled"
"OpenCL","COMPUTE","result_output","MUL_MAT","f32",-1,1,-1,50304,1,1,1,201216,4.006510,1,"clFinish_profiled"
"CPU_Elastic","COMPUTE_GRAPH","ggml_cgraph","GRAPH","",-1,1,-1,0,0,0,0,0,0.011407,1,"delegate_cpu_graph"
"CPU_Elastic","COMPUTE_GRAPH","ggml_cgraph","GRAPH","",-1,1,-1,0,0,0,0,0,0.459062,1,"delegate_cpu_graph"
"OpenCL","COMPUTE","Qcur-0","ROPE","f32",-1,3,-1,128,16,1,1,8192,0.494791,1,"clFinish_profiled"
"CPU_Elastic","COMPUTE_GRAPH","ggml_cgraph","GRAPH","",-1,1,-1,0,0,0,0,0,1.751719,1,"delegate_cpu_graph"
"OpenCL","COMPUTE","Kcur-0","ROPE","f32",-1,3,-1,128,16,1,1,8192,0.506875,1,"clFinish_profiled"
"OpenCL","COMPUTE","Vcur-0","MUL_MAT","f32",-1,4,-1,2048,1,1,1,8192,0.357552,1,"clFinish_profiled"
"OpenCL","COMPUTE","cache_k_l0 (view)","SET_ROWS","f16",-1,7,-1,2048,512,1,1,2097152,0.200104,1,"clFinish_profiled"
"OpenCL","COMPUTE","cache_v_l0 (view)","SET_ROWS","f16",-1,9,-1,2048,512,1,1,2097152,0.228437,1,"clFinish_profiled"
"OpenCL","COMPUTE"," (copy)","CPY","f16",-1,16,-1,256,64,1,1,32768,0.203282,1,"clFinish_profiled"
"OpenCL","COMPUTE","__fattn__-0","FLASH_ATTN_EXT","f32",-1,17,-1,128,16,1,1,8192,0.564011,1,"clFinish_profiled"
"CPU_Elastic","COMPUTE_GRAPH","ggml_cgraph","GRAPH","",-1,2,-1,0,0,0,0,0,0.390208,1,"delegate_cpu_graph"
"OpenCL","COMPUTE","ffn_moe_logits-0","MUL_MAT","f32",-1,2,-1,64,1,1,1,256,0.410885,1,"clFinish_profiled"
"OpenCL","COMPUTE","ffn_moe_probs-0","SOFT_MAX","f32",-1,3,-1,64,1,1,1,256,0.207968,1,"clFinish_profiled"
"OpenCL","COMPUTE","ffn_moe_argsort-0","ARGSORT","i32",-1,5,-1,64,1,1,1,256,0.203229,1,"clFinish_profiled"
"OpenCL","COMPUTE","ffn_moe_weights-0","GET_ROWS","f32",-1,7,-1,1,8,1,1,32,0.192396,1,"clFinish_profiled"
"CPU_Elastic","COMPUTE_GRAPH","ggml_cgraph","GRAPH","",-1,21,-1,0,0,0,0,0,10.085573,1,"delegate_cpu_graph"
"CPU_Elastic","COMPUTE_GRAPH","ggml_cgraph","GRAPH","",-1,1,-1,0,0,0,0,0,0.397812,1,"delegate_cpu_graph"
"OpenCL","COMPUTE","Qcur-1","ROPE","f32",-1,3,-1,128,16,1,1,8192,0.403489,1,"clFinish_profiled"
"CPU_Elastic","COMPUTE_GRAPH","ggml_cgraph","GRAPH","",-1,1,-1,0,0,0,0,0,0.468854,1,"delegate_cpu_graph"
"OpenCL","COMPUTE","Kcur-1","ROPE","f32",-1,3,-1,128,16,1,1,8192,0.400417,1,"clFinish_profiled"
"OpenCL","COMPUTE","Vcur-1","MUL_MAT","f32",-1,4,-1,2048,1,1,1,8192,0.359010,1,"clFinish_profiled"
"OpenCL","COMPUTE","cache_k_l1 (view)","SET_ROWS","f16",-1,7,-1,2048,512,1,1,2097152,0.201093,1,"clFinish_profiled"
"OpenCL","COMPUTE","cache_v_l1 (view)","SET_ROWS","f16",-1,9,-1,2048,512,1,1,2097152,0.195677,1,"clFinish_profiled"
"OpenCL","COMPUTE","__fattn__-1","FLASH_ATTN_EXT","f32",-1,16,-1,128,16,1,1,8192,0.448594,1,"clFinish_profiled"
"CPU_Elastic","COMPUTE_GRAPH","ggml_cgraph","GRAPH","",-1,2,-1,0,0,0,0,0,0.601354,1,"delegate_cpu_graph"
"OpenCL","COMPUTE","ffn_moe_logits-1","MUL_MAT","f32",-1,2,-1,64,1,1,1,256,0.534532,1,"clFinish_profiled"
"OpenCL","COMPUTE","ffn_moe_probs-1","SOFT_MAX","f32",-1,3,-1,64,1,1,1,256,0.206302,1,"clFinish_profiled"
"OpenCL","COMPUTE","ffn_moe_argsort-1","ARGSORT","i32",-1,5,-1,64,1,1,1,256,0.202395,1,"clFinish_profiled"
"OpenCL","COMPUTE","ffn_moe_weights-1","GET_ROWS","f32",-1,7,-1,1,8,1,1,32,0.189114,1,"clFinish_profiled"
"CPU_Elastic","COMPUTE_GRAPH","ggml_cgraph","GRAPH","",-1,21,-1,0,0,0,0,0,9.640156,1,"delegate_cpu_graph"
"CPU_Elastic","COMPUTE_GRAPH","ggml_cgraph","GRAPH","",-1,1,-1,0,0,0,0,0,0.403385,1,"delegate_cpu_graph"
"OpenCL","COMPUTE","Qcur-2","ROPE","f32",-1,3,-1,128,16,1,1,8192,0.610938,1,"clFinish_profiled"
"CPU_Elastic","COMPUTE_GRAPH","ggml_cgraph","GRAPH","",-1,1,-1,0,0,0,0,0,1.640781,1,"delegate_cpu_graph"
"OpenCL","COMPUTE","Kcur-2","ROPE","f32",-1,3,-1,128,16,1,1,8192,0.502708,1,"clFinish_profiled"
"CPU_Elastic","COMPUTE_GRAPH","ggml_cgraph","GRAPH","",-1,3,-1,0,0,0,0,0,2.070260,1,"delegate_cpu_graph"
"OpenCL","COMPUTE","cache_k_l2 (view)","SET_ROWS","f16",-1,0,-1,2048,512,1,1,2097152,0.489583,1,"clFinish_profiled"
"OpenCL","COMPUTE","cache_v_l2 (view)","SET_ROWS","f16",-1,2,-1,2048,512,1,1,2097152,0.202760,1,"clFinish_profiled"
"OpenCL","COMPUTE","__fattn__-2","FLASH_ATTN_EXT","f32",-1,9,-1,128,16,1,1,8192,0.413645,1,"clFinish_profiled"
"CPU_Elastic","COMPUTE_GRAPH","ggml_cgraph","GRAPH","",-1,2,-1,0,0,0,0,0,1.902240,1,"delegate_cpu_graph"
"OpenCL","COMPUTE","ffn_moe_logits-2","MUL_MAT","f32",-1,2,-1,64,1,1,1,256,0.490469,1,"clFinish_profiled"
"OpenCL","COMPUTE","ffn_moe_probs-2","SOFT_MAX","f32",-1,3,-1,64,1,1,1,256,0.204635,1,"clFinish_profiled"
"OpenCL","COMPUTE","ffn_moe_argsort-2","ARGSORT","i32",-1,5,-1,64,1,1,1,256,0.198177,1,"clFinish_profiled"
"OpenCL","COMPUTE","ffn_moe_weights-2","GET_ROWS","f32",-1,7,-1,1,8,1,1,32,0.189947,1,"clFinish_profiled"
"CPU_Elastic","COMPUTE_GRAPH","ggml_cgraph","GRAPH","",-1,21,-1,0,0,0,0,0,11.763802,1,"delegate_cpu_graph"
"CPU_Elastic","COMPUTE_GRAPH","ggml_cgraph","GRAPH","",-1,1,-1,0,0,0,0,0,1.736197,1,"delegate_cpu_graph"
"OpenCL","COMPUTE","Qcur-3","ROPE","f32",-1,3,-1,128,16,1,1,8192,0.487396,1,"clFinish_profiled"
"CPU_Elastic","COMPUTE_GRAPH","ggml_cgraph","GRAPH","",-1,1,-1,0,0,0,0,0,0.398385,1,"delegate_cpu_graph"
"OpenCL","COMPUTE","Kcur-3","ROPE","f32",-1,3,-1,128,16,1,1,8192,0.388229,1,"clFinish_profiled"
"CPU_Elastic","COMPUTE_GRAPH","ggml_cgraph","GRAPH","",-1,3,-1,0,0,0,0,0,0.440677,1,"delegate_cpu_graph"
"OpenCL","COMPUTE","cache_k_l3 (view)","SET_ROWS","f16",-1,0,-1,2048,512,1,1,2097152,0.388594,1,"clFinish_profiled"
"OpenCL","COMPUTE","cache_v_l3 (view)","SET_ROWS","f16",-1,2,-1,2048,512,1,1,2097152,0.200729,1,"clFinish_profiled"
"OpenCL","COMPUTE","__fattn__-3","FLASH_ATTN_EXT","f32",-1,9,-1,128,16,1,1,8192,0.412864,1,"clFinish_profiled"
"CPU_Elastic","COMPUTE_GRAPH","ggml_cgraph","GRAPH","",-1,2,-1,0,0,0,0,0,0.423177,1,"delegate_cpu_graph"
"OpenCL","COMPUTE","ffn_moe_logits-3","MUL_MAT","f32",-1,2,-1,64,1,1,1,256,0.408906,1,"clFinish_profiled"
"OpenCL","COMPUTE","ffn_moe_probs-3","SOFT_MAX","f32",-1,3,-1,64,1,1,1,256,0.207448,1,"clFinish_profiled"
"OpenCL","COMPUTE","ffn_moe_argsort-3","ARGSORT","i32",-1,5,-1,64,1,1,1,256,0.233333,1,"clFinish_profiled"
"OpenCL","COMPUTE","ffn_moe_weights-3","GET_ROWS","f32",-1,7,-1,1,8,1,1,32,0.188490,1,"clFinish_profiled"
"CPU_Elastic","COMPUTE_GRAPH","ggml_cgraph","GRAPH","",-1,21,-1,0,0,0,0,0,12.276667,1,"delegate_cpu_graph"
"CPU_Elastic","COMPUTE_GRAPH","ggml_cgraph","GRAPH","",-1,1,-1,0,0,0,0,0,1.570208,1,"delegate_cpu_graph"
"OpenCL","COMPUTE","Qcur-4","ROPE","f32",-1,3,-1,128,16,1,1,8192,0.483437,1,"clFinish_profiled"
"CPU_Elastic","COMPUTE_GRAPH","ggml_cgraph","GRAPH","",-1,1,-1,0,0,0,0,0,1.787083,1,"delegate_cpu_graph"
"OpenCL","COMPUTE","Kcur-4","ROPE","f32",-1,3,-1,128,16,1,1,8192,0.486042,1,"clFinish_profiled"
"OpenCL","COMPUTE","Vcur-4","MUL_MAT","f32",-1,4,-1,2048,1,1,1,8192,0.359844,1,"clFinish_profiled"
"OpenCL","COMPUTE","cache_k_l4 (view)","SET_ROWS","f16",-1,7,-1,2048,512,1,1,2097152,0.197448,1,"clFinish_profiled"
"OpenCL","COMPUTE","cache_v_l4 (view)","SET_ROWS","f16",-1,9,-1,2048,512,1,1,2097152,0.194687,1,"clFinish_profiled"
"OpenCL","COMPUTE","__fattn__-4","FLASH_ATTN_EXT","f32",-1,16,-1,128,16,1,1,8192,0.407031,1,"clFinish_profiled"
"CPU_Elastic","COMPUTE_GRAPH","ggml_cgraph","GRAPH","",-1,2,-1,0,0,0,0,0,1.657604,1,"delegate_cpu_graph"
"OpenCL","COMPUTE","ffn_moe_logits-4","MUL_MAT","f32",-1,2,-1,64,1,1,1,256,0.496250,1,"clFinish_profiled"
"OpenCL","COMPUTE","ffn_moe_probs-4","SOFT_MAX","f32",-1,3,-1,64,1,1,1,256,0.207500,1,"clFinish_profiled"
"OpenCL","COMPUTE","ffn_moe_argsort-4","ARGSORT","i32",-1,5,-1,64,1,1,1,256,0.198542,1,"clFinish_profiled"
"OpenCL","COMPUTE","ffn_moe_weights-4","GET_ROWS","f32",-1,7,-1,1,8,1,1,32,0.190053,1,"clFinish_profiled"
"CPU_Elastic","COMPUTE_GRAPH","ggml_cgraph","GRAPH","",-1,21,-1,0,0,0,0,0,9.216979,1,"delegate_cpu_graph"
"CPU_Elastic","COMPUTE_GRAPH","ggml_cgraph","GRAPH","",-1,1,-1,0,0,0,0,0,0.405782,1,"delegate_cpu_graph"
"OpenCL","COMPUTE","Qcur-5","ROPE","f32",-1,3,-1,128,16,1,1,8192,0.404166,1,"clFinish_profiled"
"CPU_Elastic","COMPUTE_GRAPH","ggml_cgraph","GRAPH","",-1,1,-1,0,0,0,0,0,1.296875,1,"delegate_cpu_graph"
"OpenCL","COMPUTE","Kcur-5","ROPE","f32",-1,3,-1,128,16,1,1,8192,0.482031,1,"clFinish_profiled"
"CPU_Elastic","COMPUTE_GRAPH","ggml_cgraph","GRAPH","",-1,3,-1,0,0,0,0,0,2.067135,1,"delegate_cpu_graph"
"OpenCL","COMPUTE","cache_k_l5 (view)","SET_ROWS","f16",-1,0,-1,2048,512,1,1,2097152,0.481094,1,"clFinish_profiled"
"OpenCL","COMPUTE","cache_v_l5 (view)","SET_ROWS","f16",-1,2,-1,2048,512,1,1,2097152,0.197812,1,"clFinish_profiled"
"OpenCL","COMPUTE","__fattn__-5","FLASH_ATTN_EXT","f32",-1,9,-1,128,16,1,1,8192,0.412709,1,"clFinish_profiled"
"CPU_Elastic","COMPUTE_GRAPH","ggml_cgraph","GRAPH","",-1,2,-1,0,0,0,0,0,1.943073,1,"delegate_cpu_graph"
"OpenCL","COMPUTE","ffn_moe_logits-5","MUL_MAT","f32",-1,2,-1,64,1,1,1,256,0.490260,1,"clFinish_profiled"
"OpenCL","COMPUTE","ffn_moe_probs-5","SOFT_MAX","f32",-1,3,-1,64,1,1,1,256,0.236094,1,"clFinish_profiled"
"OpenCL","COMPUTE","ffn_moe_argsort-5","ARGSORT","i32",-1,5,-1,64,1,1,1,256,0.196927,1,"clFinish_profiled"
"OpenCL","COMPUTE","ffn_moe_weights-5","GET_ROWS","f32",-1,7,-1,1,8,1,1,32,0.190677,1,"clFinish_profiled"
"CPU_Elastic","COMPUTE_GRAPH","ggml_cgraph","GRAPH","",-1,21,-1,0,0,0,0,0,8.349948,1,"delegate_cpu_graph"
"CPU_Elastic","COMPUTE_GRAPH","ggml_cgraph","GRAPH","",-1,1,-1,0,0,0,0,0,1.502188,1,"delegate_cpu_graph"
"OpenCL","COMPUTE","Qcur-6","ROPE","f32",-1,3,-1,128,16,1,1,8192,0.496875,1,"clFinish_profiled"
"CPU_Elastic","COMPUTE_GRAPH","ggml_cgraph","GRAPH","",-1,1,-1,0,0,0,0,0,1.755104,1,"delegate_cpu_graph"
"OpenCL","COMPUTE","Kcur-6","ROPE","f32",-1,3,-1,128,16,1,1,8192,0.489583,1,"clFinish_profiled"
"CPU_Elastic","COMPUTE_GRAPH","ggml_cgraph","GRAPH","",-1,3,-1,0,0,0,0,0,1.831042,1,"delegate_cpu_graph"
"OpenCL","COMPUTE","cache_k_l6 (view)","SET_ROWS","f16",-1,0,-1,2048,512,1,1,2097152,0.513593,1,"clFinish_profiled"
"OpenCL","COMPUTE","cache_v_l6 (view)","SET_ROWS","f16",-1,2,-1,2048,512,1,1,2097152,0.199844,1,"clFinish_profiled"
"OpenCL","COMPUTE","__fattn__-6","FLASH_ATTN_EXT","f32",-1,9,-1,128,16,1,1,8192,0.431041,1,"clFinish_profiled"
"CPU_Elastic","COMPUTE_GRAPH","ggml_cgraph","GRAPH","",-1,2,-1,0,0,0,0,0,1.895677,1,"delegate_cpu_graph"
"OpenCL","COMPUTE","ffn_moe_logits-6","MUL_MAT","f32",-1,2,-1,64,1,1,1,256,0.500833,1,"clFinish_profiled"
"OpenCL","COMPUTE","ffn_moe_probs-6","SOFT_MAX","f32",-1,3,-1,64,1,1,1,256,0.206823,1,"clFinish_profiled"
"OpenCL","COMPUTE","ffn_moe_argsort-6","ARGSORT","i32",-1,5,-1,64,1,1,1,256,0.205312,1,"clFinish_profiled"
"OpenCL","COMPUTE","ffn_moe_weights-6","GET_ROWS","f32",-1,7,-1,1,8,1,1,32,0.192083,1,"clFinish_profiled"
"CPU_Elastic","COMPUTE_GRAPH","ggml_cgraph","GRAPH","",-1,21,-1,0,0,0,0,0,11.856458,1,"delegate_cpu_graph"
"CPU_Elastic","COMPUTE_GRAPH","ggml_cgraph","GRAPH","",-1,1,-1,0,0,0,0,0,1.643958,1,"delegate_cpu_graph"
"OpenCL","COMPUTE","Qcur-7","ROPE","f32",-1,3,-1,128,16,1,1,8192,0.552083,1,"clFinish_profiled"
"CPU_Elastic","COMPUTE_GRAPH","ggml_cgraph","GRAPH","",-1,1,-1,0,0,0,0,0,1.603541,1,"delegate_cpu_graph"
"OpenCL","COMPUTE","Kcur-7","ROPE","f32",-1,3,-1,128,16,1,1,8192,0.555573,1,"clFinish_profiled"
"OpenCL","COMPUTE","Vcur-7","MUL_MAT","f32",-1,4,-1,2048,1,1,1,8192,0.358490,1,"clFinish_profiled"
"OpenCL","COMPUTE","cache_k_l7 (view)","SET_ROWS","f16",-1,7,-1,2048,512,1,1,2097152,0.185625,1,"clFinish_profiled"
"OpenCL","COMPUTE","cache_v_l7 (view)","SET_ROWS","f16",-1,9,-1,2048,512,1,1,2097152,0.205625,1,"clFinish_profiled"
"OpenCL","COMPUTE","__fattn__-7","FLASH_ATTN_EXT","f32",-1,16,-1,128,16,1,1,8192,0.410156,1,"clFinish_profiled"
"CPU_Elastic","COMPUTE_GRAPH","ggml_cgraph","GRAPH","",-1,2,-1,0,0,0,0,0,1.935886,1,"delegate_cpu_graph"
"OpenCL","COMPUTE","ffn_moe_logits-7","MUL_MAT","f32",-1,2,-1,64,1,1,1,256,0.525989,1,"clFinish_profiled"
"OpenCL","COMPUTE","ffn_moe_probs-7","SOFT_MAX","f32",-1,3,-1,64,1,1,1,256,0.273437,1,"clFinish_profiled"
"OpenCL","COMPUTE","ffn_moe_argsort-7","ARGSORT","i32",-1,5,-1,64,1,1,1,256,0.187188,1,"clFinish_profiled"
"OpenCL","COMPUTE","ffn_moe_weights-7","GET_ROWS","f32",-1,7,-1,1,8,1,1,32,0.112135,1,"clFinish_profiled"
"CPU_Elastic","COMPUTE_GRAPH","ggml_cgraph","GRAPH","",-1,21,-1,0,0,0,0,0,12.482188,1,"delegate_cpu_graph"
"CPU_Elastic","COMPUTE_GRAPH","ggml_cgraph","GRAPH","",-1,1,-1,0,0,0,0,0,1.289479,1,"delegate_cpu_graph"
"OpenCL","COMPUTE","Qcur-8","ROPE","f32",-1,3,-1,128,16,1,1,8192,0.493959,1,"clFinish_profiled"
"CPU_Elastic","COMPUTE_GRAPH","ggml_cgraph","GRAPH","",-1,1,-1,0,0,0,0,0,1.651562,1,"delegate_cpu_graph"
"OpenCL","COMPUTE","Kcur-8","ROPE","f32",-1,3,-1,128,16,1,1,8192,0.479896,1,"clFinish_profiled"
"CPU_Elastic","COMPUTE_GRAPH","ggml_cgraph","GRAPH","",-1,3,-1,0,0,0,0,0,2.312969,1,"delegate_cpu_graph"
"OpenCL","COMPUTE","cache_k_l8 (view)","SET_ROWS","f16",-1,0,-1,2048,512,1,1,2097152,0.489688,1,"clFinish_profiled"
"OpenCL","COMPUTE","cache_v_l8 (view)","SET_ROWS","f16",-1,2,-1,2048,512,1,1,2097152,0.207031,1,"clFinish_profiled"
"OpenCL","COMPUTE","__fattn__-8","FLASH_ATTN_EXT","f32",-1,9,-1,128,16,1,1,8192,0.445834,1,"clFinish_profiled"
"CPU_Elastic","COMPUTE_GRAPH","ggml_cgraph","GRAPH","",-1,2,-1,0,0,0,0,0,0.545990,1,"delegate_cpu_graph"
"OpenCL","COMPUTE","ffn_moe_logits-8","MUL_MAT","f32",-1,2,-1,64,1,1,1,256,0.394791,1,"clFinish_profiled"
"OpenCL","COMPUTE","ffn_moe_probs-8","SOFT_MAX","f32",-1,3,-1,64,1,1,1,256,0.207760,1,"clFinish_profiled"
"OpenCL","COMPUTE","ffn_moe_argsort-8","ARGSORT","i32",-1,5,-1,64,1,1,1,256,0.203333,1,"clFinish_profiled"
"OpenCL","COMPUTE","ffn_moe_weights-8","GET_ROWS","f32",-1,7,-1,1,8,1,1,32,0.190417,1,"clFinish_profiled"
"CPU_Elastic","COMPUTE_GRAPH","ggml_cgraph","GRAPH","",-1,21,-1,0,0,0,0,0,6.286875,1,"delegate_cpu_graph"
"CPU_Elastic","COMPUTE_GRAPH","ggml_cgraph","GRAPH","",-1,1,-1,0,0,0,0,0,0.408282,1,"delegate_cpu_graph"
"OpenCL","COMPUTE","Qcur-9","ROPE","f32",-1,3,-1,128,16,1,1,8192,0.395782,1,"clFinish_profiled"
"CPU_Elastic","COMPUTE_GRAPH","ggml_cgraph","GRAPH","",-1,1,-1,0,0,0,0,0,0.477656,1,"delegate_cpu_graph"
"OpenCL","COMPUTE","Kcur-9","ROPE","f32",-1,3,-1,128,16,1,1,8192,0.405312,1,"clFinish_profiled"
"CPU_Elastic","COMPUTE_GRAPH","ggml_cgraph","GRAPH","",-1,3,-1,0,0,0,0,0,1.905937,1,"delegate_cpu_graph"
"OpenCL","COMPUTE","cache_k_l9 (view)","SET_ROWS","f16",-1,0,-1,2048,512,1,1,2097152,0.475417,1,"clFinish_profiled"
"OpenCL","COMPUTE","cache_v_l9 (view)","SET_ROWS","f16",-1,2,-1,2048,512,1,1,2097152,0.197969,1,"clFinish_profiled"
"OpenCL","COMPUTE","__fattn__-9","FLASH_ATTN_EXT","f32",-1,9,-1,128,16,1,1,8192,0.408750,1,"clFinish_profiled"
"CPU_Elastic","COMPUTE_GRAPH","ggml_cgraph","GRAPH","",-1,2,-1,0,0,0,0,0,1.676927,1,"delegate_cpu_graph"
"OpenCL","COMPUTE","ffn_moe_logits-9","MUL_MAT","f32",-1,2,-1,64,1,1,1,256,0.487969,1,"clFinish_profiled"
"OpenCL","COMPUTE","ffn_moe_probs-9","SOFT_MAX","f32",-1,3,-1,64,1,1,1,256,0.205520,1,"clFinish_profiled"
"OpenCL","COMPUTE","ffn_moe_argsort-9","ARGSORT","i32",-1,5,-1,64,1,1,1,256,0.201875,1,"clFinish_profiled"
"OpenCL","COMPUTE","ffn_moe_weights-9","GET_ROWS","f32",-1,7,-1,1,8,1,1,32,0.210312,1,"clFinish_profiled"
"CPU_Elastic","COMPUTE_GRAPH","ggml_cgraph","GRAPH","",-1,21,-1,0,0,0,0,0,9.885573,1,"delegate_cpu_graph"
"CPU_Elastic","COMPUTE_GRAPH","ggml_cgraph","GRAPH","",-1,1,-1,0,0,0,0,0,0.628594,1,"delegate_cpu_graph"
"OpenCL","COMPUTE","Qcur-10","ROPE","f32",-1,3,-1,128,16,1,1,8192,0.544948,1,"clFinish_profiled"
"CPU_Elastic","COMPUTE_GRAPH","ggml_cgraph","GRAPH","",-1,1,-1,0,0,0,0,0,0.602187,1,"delegate_cpu_graph"
"OpenCL","COMPUTE","Kcur-10","ROPE","f32",-1,3,-1,128,16,1,1,8192,0.490937,1,"clFinish_profiled"
"OpenCL","COMPUTE","Vcur-10","MUL_MAT","f32",-1,4,-1,2048,1,1,1,8192,0.350521,1,"clFinish_profiled"
"OpenCL","COMPUTE","cache_k_l10 (view)","SET_ROWS","f16",-1,7,-1,2048,512,1,1,2097152,0.190104,1,"clFinish_profiled"
"OpenCL","COMPUTE","cache_v_l10 (view)","SET_ROWS","f16",-1,9,-1,2048,512,1,1,2097152,0.190573,1,"clFinish_profiled"
"OpenCL","COMPUTE","__fattn__-10","FLASH_ATTN_EXT","f32",-1,16,-1,128,16,1,1,8192,0.406510,1,"clFinish_profiled"
"CPU_Elastic","COMPUTE_GRAPH","ggml_cgraph","GRAPH","",-1,2,-1,0,0,0,0,0,1.226302,1,"delegate_cpu_graph"
"OpenCL","COMPUTE","ffn_moe_logits-10","MUL_MAT","f32",-1,2,-1,64,1,1,1,256,0.481614,1,"clFinish_profiled"
"OpenCL","COMPUTE","ffn_moe_probs-10","SOFT_MAX","f32",-1,3,-1,64,1,1,1,256,0.200990,1,"clFinish_profiled"
"OpenCL","COMPUTE","ffn_moe_argsort-10","ARGSORT","i32",-1,5,-1,64,1,1,1,256,0.195990,1,"clFinish_profiled"
"OpenCL","COMPUTE","ffn_moe_weights-10","GET_ROWS","f32",-1,7,-1,1,8,1,1,32,0.183489,1,"clFinish_profiled"
"CPU_Elastic","COMPUTE_GRAPH","ggml_cgraph","GRAPH","",-1,21,-1,0,0,0,0,0,8.842188,1,"delegate_cpu_graph"
"CPU_Elastic","COMPUTE_GRAPH","ggml_cgraph","GRAPH","",-1,1,-1,0,0,0,0,0,1.743333,1,"delegate_cpu_graph"
"OpenCL","COMPUTE","Qcur-11","ROPE","f32",-1,3,-1,128,16,1,1,8192,0.475833,1,"clFinish_profiled"
"CPU_Elastic","COMPUTE_GRAPH","ggml_cgraph","GRAPH","",-1,1,-1,0,0,0,0,0,0.429479,1,"delegate_cpu_graph"
"OpenCL","COMPUTE","Kcur-11","ROPE","f32",-1,3,-1,128,16,1,1,8192,0.398385,1,"clFinish_profiled"
"CPU_Elastic","COMPUTE_GRAPH","ggml_cgraph","GRAPH","",-1,3,-1,0,0,0,0,0,0.477604,1,"delegate_cpu_graph"
"OpenCL","COMPUTE","cache_k_l11 (view)","SET_ROWS","f16",-1,0,-1,2048,512,1,1,2097152,0.386979,1,"clFinish_profiled"
"OpenCL","COMPUTE","cache_v_l11 (view)","SET_ROWS","f16",-1,2,-1,2048,512,1,1,2097152,0.200990,1,"clFinish_profiled"
"OpenCL","COMPUTE","__fattn__-11","FLASH_ATTN_EXT","f32",-1,9,-1,128,16,1,1,8192,0.409532,1,"clFinish_profiled"
"CPU_Elastic","COMPUTE_GRAPH","ggml_cgraph","GRAPH","",-1,2,-1,0,0,0,0,0,1.200885,1,"delegate_cpu_graph"
"OpenCL","COMPUTE","ffn_moe_logits-11","MUL_MAT","f32",-1,2,-1,64,1,1,1,256,0.483177,1,"clFinish_profiled"
"OpenCL","COMPUTE","ffn_moe_probs-11","SOFT_MAX","f32",-1,3,-1,64,1,1,1,256,0.200729,1,"clFinish_profiled"
"OpenCL","COMPUTE","ffn_moe_argsort-11","ARGSORT","i32",-1,5,-1,64,1,1,1,256,0.199063,1,"clFinish_profiled"
"OpenCL","COMPUTE","ffn_moe_weights-11","GET_ROWS","f32",-1,7,-1,1,8,1,1,32,0.187864,1,"clFinish_profiled"
"CPU_Elastic","COMPUTE_GRAPH","ggml_cgraph","GRAPH","",-1,21,-1,0,0,0,0,0,6.809584,1,"delegate_cpu_graph"
"CPU_Elastic","COMPUTE_GRAPH","ggml_cgraph","GRAPH","",-1,1,-1,0,0,0,0,0,1.293230,1,"delegate_cpu_graph"
"OpenCL","COMPUTE","Qcur-12","ROPE","f32",-1,3,-1,128,16,1,1,8192,0.497292,1,"clFinish_profiled"
"CPU_Elastic","COMPUTE_GRAPH","ggml_cgraph","GRAPH","",-1,1,-1,0,0,0,0,0,1.496354,1,"delegate_cpu_graph"
"OpenCL","COMPUTE","Kcur-12","ROPE","f32",-1,3,-1,128,16,1,1,8192,0.483333,1,"clFinish_profiled"
"CPU_Elastic","COMPUTE_GRAPH","ggml_cgraph","GRAPH","",-1,3,-1,0,0,0,0,0,1.224167,1,"delegate_cpu_graph"
"OpenCL","COMPUTE","cache_k_l12 (view)","SET_ROWS","f16",-1,0,-1,2048,512,1,1,2097152,0.506927,1,"clFinish_profiled"
"OpenCL","COMPUTE","cache_v_l12 (view)","SET_ROWS","f16",-1,2,-1,2048,512,1,1,2097152,0.260469,1,"clFinish_profiled"
"OpenCL","COMPUTE","__fattn__-12","FLASH_ATTN_EXT","f32",-1,9,-1,128,16,1,1,8192,0.436927,1,"clFinish_profiled"
"CPU_Elastic","COMPUTE_GRAPH","ggml_cgraph","GRAPH","",-1,2,-1,0,0,0,0,0,1.936771,1,"delegate_cpu_graph"
"OpenCL","COMPUTE","ffn_moe_logits-12","MUL_MAT","f32",-1,2,-1,64,1,1,1,256,0.513802,1,"clFinish_profiled"
"OpenCL","COMPUTE","ffn_moe_probs-12","SOFT_MAX","f32",-1,3,-1,64,1,1,1,256,0.202864,1,"clFinish_profiled"
"OpenCL","COMPUTE","ffn_moe_argsort-12","ARGSORT","i32",-1,5,-1,64,1,1,1,256,0.197031,1,"clFinish_profiled"
"OpenCL","COMPUTE","ffn_moe_weights-12","GET_ROWS","f32",-1,7,-1,1,8,1,1,32,0.205416,1,"clFinish_profiled"
"CPU_Elastic","COMPUTE_GRAPH","ggml_cgraph","GRAPH","",-1,21,-1,0,0,0,0,0,8.105052,1,"delegate_cpu_graph"
"CPU_Elastic","COMPUTE_GRAPH","ggml_cgraph","GRAPH","",-1,1,-1,0,0,0,0,0,0.923906,1,"delegate_cpu_graph"
"OpenCL","COMPUTE","Qcur-13","ROPE","f32",-1,3,-1,128,16,1,1,8192,0.486979,1,"clFinish_profiled"
"CPU_Elastic","COMPUTE_GRAPH","ggml_cgraph","GRAPH","",-1,1,-1,0,0,0,0,0,0.427239,1,"delegate_cpu_graph"
"OpenCL","COMPUTE","Kcur-13","ROPE","f32",-1,3,-1,128,16,1,1,8192,0.397708,1,"clFinish_profiled"
"OpenCL","COMPUTE","Vcur-13","MUL_MAT","f32",-1,4,-1,2048,1,1,1,8192,0.348802,1,"clFinish_profiled"
"OpenCL","COMPUTE","cache_k_l13 (view)","SET_ROWS","f16",-1,7,-1,2048,512,1,1,2097152,0.191927,1,"clFinish_profiled"
"OpenCL","COMPUTE","cache_v_l13 (view)","SET_ROWS","f16",-1,9,-1,2048,512,1,1,2097152,0.191145,1,"clFinish_profiled"
"OpenCL","COMPUTE","__fattn__-13","FLASH_ATTN_EXT","f32",-1,16,-1,128,16,1,1,8192,0.405885,1,"clFinish_profiled"
"CPU_Elastic","COMPUTE_GRAPH","ggml_cgraph","GRAPH","",-1,2,-1,0,0,0,0,0,0.383645,1,"delegate_cpu_graph"
"OpenCL","COMPUTE","ffn_moe_logits-13","MUL_MAT","f32",-1,2,-1,64,1,1,1,256,0.424948,1,"clFinish_profiled"
"OpenCL","COMPUTE","ffn_moe_probs-13","SOFT_MAX","f32",-1,3,-1,64,1,1,1,256,0.203542,1,"clFinish_profiled"
"OpenCL","COMPUTE","ffn_moe_argsort-13","ARGSORT","i32",-1,5,-1,64,1,1,1,256,0.194947,1,"clFinish_profiled"
"OpenCL","COMPUTE","ffn_moe_weights-13","GET_ROWS","f32",-1,7,-1,1,8,1,1,32,0.190313,1,"clFinish_profiled"
"CPU_Elastic","COMPUTE_GRAPH","ggml_cgraph","GRAPH","",-1,21,-1,0,0,0,0,0,9.968229,1,"delegate_cpu_graph"
"CPU_Elastic","COMPUTE_GRAPH","ggml_cgraph","GRAPH","",-1,1,-1,0,0,0,0,0,1.286146,1,"delegate_cpu_graph"
"OpenCL","COMPUTE","Qcur-14","ROPE","f32",-1,3,-1,128,16,1,1,8192,0.488906,1,"clFinish_profiled"
"CPU_Elastic","COMPUTE_GRAPH","ggml_cgraph","GRAPH","",-1,1,-1,0,0,0,0,0,1.494167,1,"delegate_cpu_graph"
"OpenCL","COMPUTE","Kcur-14","ROPE","f32",-1,3,-1,128,16,1,1,8192,0.486562,1,"clFinish_profiled"
"OpenCL","COMPUTE","Vcur-14","MUL_MAT","f32",-1,4,-1,2048,1,1,1,8192,0.347083,1,"clFinish_profiled"
"OpenCL","COMPUTE","cache_k_l14 (view)","SET_ROWS","f16",-1,7,-1,2048,512,1,1,2097152,0.192500,1,"clFinish_profiled"
"OpenCL","COMPUTE","cache_v_l14 (view)","SET_ROWS","f16",-1,9,-1,2048,512,1,1,2097152,0.217917,1,"clFinish_profiled"
"OpenCL","COMPUTE","__fattn__-14","FLASH_ATTN_EXT","f32",-1,16,-1,128,16,1,1,8192,0.402396,1,"clFinish_profiled"
"CPU_Elastic","COMPUTE_GRAPH","ggml_cgraph","GRAPH","",-1,2,-1,0,0,0,0,0,1.350208,1,"delegate_cpu_graph"
"OpenCL","COMPUTE","ffn_moe_logits-14","MUL_MAT","f32",-1,2,-1,64,1,1,1,256,0.483906,1,"clFinish_profiled"
"OpenCL","COMPUTE","ffn_moe_probs-14","SOFT_MAX","f32",-1,3,-1,64,1,1,1,256,0.203906,1,"clFinish_profiled"
"OpenCL","COMPUTE","ffn_moe_argsort-14","ARGSORT","i32",-1,5,-1,64,1,1,1,256,0.197292,1,"clFinish_profiled"
"OpenCL","COMPUTE","ffn_moe_weights-14","GET_ROWS","f32",-1,7,-1,1,8,1,1,32,0.190677,1,"clFinish_profiled"
"CPU_Elastic","COMPUTE_GRAPH","ggml_cgraph","GRAPH","",-1,21,-1,0,0,0,0,0,8.340468,1,"delegate_cpu_graph"
"CPU_Elastic","COMPUTE_GRAPH","ggml_cgraph","GRAPH","",-1,1,-1,0,0,0,0,0,1.498281,1,"delegate_cpu_graph"
"OpenCL","COMPUTE","Qcur-15","ROPE","f32",-1,3,-1,128,16,1,1,8192,0.512344,1,"clFinish_profiled"
"CPU_Elastic","COMPUTE_GRAPH","ggml_cgraph","GRAPH","",-1,1,-1,0,0,0,0,0,1.736563,1,"delegate_cpu_graph"
"OpenCL","COMPUTE","Kcur-15","ROPE","f32",-1,3,-1,128,16,1,1,8192,0.487760,1,"clFinish_profiled"
"OpenCL","COMPUTE","Vcur-15","MUL_MAT","f32",-1,4,-1,2048,1,1,1,8192,0.346980,1,"clFinish_profiled"
"OpenCL","COMPUTE","cache_k_l15 (view)","SET_ROWS","f16",-1,7,-1,2048,512,1,1,2097152,0.192239,1,"clFinish_profiled"
"OpenCL","COMPUTE","cache_v_l15 (view)","SET_ROWS","f16",-1,9,-1,2048,512,1,1,2097152,0.190625,1,"clFinish_profiled"
"OpenCL","COMPUTE","__fattn__-15","FLASH_ATTN_EXT","f32",-1,16,-1,128,16,1,1,8192,0.411094,1,"clFinish_profiled"
"CPU_Elastic","COMPUTE_GRAPH","ggml_cgraph","GRAPH","",-1,4,-1,0,0,0,0,0,1.679062,1,"delegate_cpu_graph"
"OpenCL","COMPUTE","ffn_moe_logits-15","MUL_MAT","f32",-1,2,-1,64,1,1,1,256,0.486302,1,"clFinish_profiled"
"OpenCL","COMPUTE","ffn_moe_probs-15","SOFT_MAX","f32",-1,3,-1,64,1,1,1,256,0.223282,1,"clFinish_profiled"
"OpenCL","COMPUTE","ffn_moe_argsort-15","ARGSORT","i32",-1,5,-1,64,1,1,1,256,0.195625,1,"clFinish_profiled"
"OpenCL","COMPUTE","ffn_moe_weights-15","GET_ROWS","f32",-1,7,-1,1,8,1,1,32,0.184740,1,"clFinish_profiled"
"CPU_Elastic","COMPUTE_GRAPH","ggml_cgraph","GRAPH","",-1,22,-1,0,0,0,0,0,7.436459,1,"delegate_cpu_graph"
"OpenCL","COMPUTE","result_norm","MUL","f32",-1,0,-1,2048,1,1,1,8192,0.510677,1,"clFinish_profiled"
"OpenCL","COMPUTE","result_output","MUL_MAT","f32",-1,1,-1,50304,1,1,1,201216,4.024010,1,"clFinish_profiled"
"CPU_Elastic","COMPUTE_GRAPH","ggml_cgraph","GRAPH","",-1,1,-1,0,0,0,0,0,0.011927,1,"delegate_cpu_graph"
"CPU_Elastic","COMPUTE_GRAPH","ggml_cgraph","GRAPH","",-1,1,-1,0,0,0,0,0,0.416614,1,"delegate_cpu_graph"
"OpenCL","COMPUTE","Qcur-0","ROPE","f32",-1,3,-1,128,16,1,1,8192,0.419010,1,"clFinish_profiled"
"CPU_Elastic","COMPUTE_GRAPH","ggml_cgraph","GRAPH","",-1,1,-1,0,0,0,0,0,0.438489,1,"delegate_cpu_graph"
"OpenCL","COMPUTE","Kcur-0","ROPE","f32",-1,3,-1,128,16,1,1,8192,0.434480,1,"clFinish_profiled"
"OpenCL","COMPUTE","Vcur-0","MUL_MAT","f32",-1,4,-1,2048,1,1,1,8192,0.358645,1,"clFinish_profiled"
"OpenCL","COMPUTE","cache_k_l0 (view)","SET_ROWS","f16",-1,7,-1,2048,512,1,1,2097152,0.198229,1,"clFinish_profiled"
"OpenCL","COMPUTE","cache_v_l0 (view)","SET_ROWS","f16",-1,9,-1,2048,512,1,1,2097152,0.194948,1,"clFinish_profiled"
"OpenCL","COMPUTE"," (copy)","CPY","f16",-1,16,-1,256,64,1,1,32768,0.199011,1,"clFinish_profiled"
"OpenCL","COMPUTE","__fattn__-0","FLASH_ATTN_EXT","f32",-1,17,-1,128,16,1,1,8192,0.415417,1,"clFinish_profiled"
"CPU_Elastic","COMPUTE_GRAPH","ggml_cgraph","GRAPH","",-1,2,-1,0,0,0,0,0,2.044271,1,"delegate_cpu_graph"
"OpenCL","COMPUTE","ffn_moe_logits-0","MUL_MAT","f32",-1,2,-1,64,1,1,1,256,0.508073,1,"clFinish_profiled"
"OpenCL","COMPUTE","ffn_moe_probs-0","SOFT_MAX","f32",-1,3,-1,64,1,1,1,256,0.204948,1,"clFinish_profiled"
"OpenCL","COMPUTE","ffn_moe_argsort-0","ARGSORT","i32",-1,5,-1,64,1,1,1,256,0.201094,1,"clFinish_profiled"
"OpenCL","COMPUTE","ffn_moe_weights-0","GET_ROWS","f32",-1,7,-1,1,8,1,1,32,0.187761,1,"clFinish_profiled"
"CPU_Elastic","COMPUTE_GRAPH","ggml_cgraph","GRAPH","",-1,21,-1,0,0,0,0,0,5.135261,1,"delegate_cpu_graph"
"CPU_Elastic","COMPUTE_GRAPH","ggml_cgraph","GRAPH","",-1,1,-1,0,0,0,0,0,0.411355,1,"delegate_cpu_graph"
"OpenCL","COMPUTE","Qcur-1","ROPE","f32",-1,3,-1,128,16,1,1,8192,0.473959,1,"clFinish_profiled"
"CPU_Elastic","COMPUTE_GRAPH","ggml_cgraph","GRAPH","",-1,1,-1,0,0,0,0,0,0.396302,1,"delegate_cpu_graph"
"OpenCL","COMPUTE","Kcur-1","ROPE","f32",-1,3,-1,128,16,1,1,8192,0.552500,1,"clFinish_profiled"
"OpenCL","COMPUTE","Vcur-1","MUL_MAT","f32",-1,4,-1,2048,1,1,1,8192,0.629115,1,"clFinish_profiled"
"OpenCL","COMPUTE","cache_k_l1 (view)","SET_ROWS","f16",-1,7,-1,2048,512,1,1,2097152,0.202031,1,"clFinish_profiled"
"OpenCL","COMPUTE","cache_v_l1 (view)","SET_ROWS","f16",-1,9,-1,2048,512,1,1,2097152,0.201094,1,"clFinish_profiled"
"OpenCL","COMPUTE","__fattn__-1","FLASH_ATTN_EXT","f32",-1,16,-1,128,16,1,1,8192,0.406250,1,"clFinish_profiled"
"CPU_Elastic","COMPUTE_GRAPH","ggml_cgraph","GRAPH","",-1,2,-1,0,0,0,0,0,0.492761,1,"delegate_cpu_graph"
"OpenCL","COMPUTE","ffn_moe_logits-1","MUL_MAT","f32",-1,2,-1,64,1,1,1,256,0.406406,1,"clFinish_profiled"
"OpenCL","COMPUTE","ffn_moe_probs-1","SOFT_MAX","f32",-1,3,-1,64,1,1,1,256,0.205885,1,"clFinish_profiled"
"OpenCL","COMPUTE","ffn_moe_argsort-1","ARGSORT","i32",-1,5,-1,64,1,1,1,256,0.200833,1,"clFinish_profiled"
"OpenCL","COMPUTE","ffn_moe_weights-1","GET_ROWS","f32",-1,7,-1,1,8,1,1,32,0.186458,1,"clFinish_profiled"
"CPU_Elastic","COMPUTE_GRAPH","ggml_cgraph","GRAPH","",-1,21,-1,0,0,0,0,0,11.419323,1,"delegate_cpu_graph"
"CPU_Elastic","COMPUTE_GRAPH","ggml_cgraph","GRAPH","",-1,1,-1,0,0,0,0,0,0.621042,1,"delegate_cpu_graph"
"OpenCL","COMPUTE","Qcur-2","ROPE","f32",-1,3,-1,128,16,1,1,8192,0.561979,1,"clFinish_profiled"
"CPU_Elastic","COMPUTE_GRAPH","ggml_cgraph","GRAPH","",-1,1,-1,0,0,0,0,0,0.580833,1,"delegate_cpu_graph"
"OpenCL","COMPUTE","Kcur-2","ROPE","f32",-1,3,-1,128,16,1,1,8192,0.506510,1,"clFinish_profiled"
"CPU_Elastic","COMPUTE_GRAPH","ggml_cgraph","GRAPH","",-1,3,-1,0,0,0,0,0,2.361302,1,"delegate_cpu_graph"
"OpenCL","COMPUTE","cache_k_l2 (view)","SET_ROWS","f16",-1,0,-1,2048,512,1,1,2097152,0.487708,1,"clFinish_profiled"
"OpenCL","COMPUTE","cache_v_l2 (view)","SET_ROWS","f16",-1,2,-1,2048,512,1,1,2097152,0.143958,1,"clFinish_profiled"
"OpenCL","COMPUTE","__fattn__-2","FLASH_ATTN_EXT","f32",-1,9,-1,128,16,1,1,8192,0.447813,1,"clFinish_profiled"
"CPU_Elastic","COMPUTE_GRAPH","ggml_cgraph","GRAPH","",-1,2,-1,0,0,0,0,0,2.176406,1,"delegate_cpu_graph"
"OpenCL","COMPUTE","ffn_moe_logits-2","MUL_MAT","f32",-1,2,-1,64,1,1,1,256,0.532865,1,"clFinish_profiled"
"OpenCL","COMPUTE","ffn_moe_probs-2","SOFT_MAX","f32",-1,3,-1,64,1,1,1,256,0.223906,1,"clFinish_profiled"
"OpenCL","COMPUTE","ffn_moe_argsort-2","ARGSORT","i32",-1,5,-1,64,1,1,1,256,0.249323,1,"clFinish_profiled"
"OpenCL","COMPUTE","ffn_moe_weights-2","GET_ROWS","f32",-1,7,-1,1,8,1,1,32,0.190834,1,"clFinish_profiled"
"CPU_Elastic","COMPUTE_GRAPH","ggml_cgraph","GRAPH","",-1,21,-1,0,0,0,0,0,11.967344,1,"delegate_cpu_graph"
"CPU_Elastic","COMPUTE_GRAPH","ggml_cgraph","GRAPH","",-1,1,-1,0,0,0,0,0,1.508646,1,"delegate_cpu_graph"
"OpenCL","COMPUTE","Qcur-3","ROPE","f32",-1,3,-1,128,16,1,1,8192,0.497865,1,"clFinish_profiled"
"CPU_Elastic","COMPUTE_GRAPH","ggml_cgraph","GRAPH","",-1,1,-1,0,0,0,0,0,1.529428,1,"delegate_cpu_graph"
"OpenCL","COMPUTE","Kcur-3","ROPE","f32",-1,3,-1,128,16,1,1,8192,0.509114,1,"clFinish_profiled"
"CPU_Elastic","COMPUTE_GRAPH","ggml_cgraph","GRAPH","",-1,3,-1,0,0,0,0,0,1.903437,1,"delegate_cpu_graph"
"OpenCL","COMPUTE","cache_k_l3 (view)","SET_ROWS","f16",-1,0,-1,2048,512,1,1,2097152,0.482864,1,"clFinish_profiled"
"OpenCL","COMPUTE","cache_v_l3 (view)","SET_ROWS","f16",-1,2,-1,2048,512,1,1,2097152,0.202500,1,"clFinish_profiled"
"OpenCL","COMPUTE","__fattn__-3","FLASH_ATTN_EXT","f32",-1,9,-1,128,16,1,1,8192,0.412969,1,"clFinish_profiled"
"CPU_Elastic","COMPUTE_GRAPH","ggml_cgraph","GRAPH","",-1,2,-1,0,0,0,0,0,2.029375,1,"delegate_cpu_graph"
"OpenCL","COMPUTE","ffn_moe_logits-3","MUL_MAT","f32",-1,2,-1,64,1,1,1,256,0.488594,1,"clFinish_profiled"
"OpenCL","COMPUTE","ffn_moe_probs-3","SOFT_MAX","f32",-1,3,-1,64,1,1,1,256,0.206250,1,"clFinish_profiled"
"OpenCL","COMPUTE","ffn_moe_argsort-3","ARGSORT","i32",-1,5,-1,64,1,1,1,256,0.197032,1,"clFinish_profiled"
"OpenCL","COMPUTE","ffn_moe_weights-3","GET_ROWS","f32",-1,7,-1,1,8,1,1,32,0.186980,1,"clFinish_profiled"
"CPU_Elastic","COMPUTE_GRAPH","ggml_cgraph","GRAPH","",-1,21,-1,0,0,0,0,0,7.269375,1,"delegate_cpu_graph"
"CPU_Elastic","COMPUTE_GRAPH","ggml_cgraph","GRAPH","",-1,1,-1,0,0,0,0,0,0.396563,1,"delegate_cpu_graph"
"OpenCL","COMPUTE","Qcur-4","ROPE","f32",-1,3,-1,128,16,1,1,8192,0.453125,1,"clFinish_profiled"
"CPU_Elastic","COMPUTE_GRAPH","ggml_cgraph","GRAPH","",-1,1,-1,0,0,0,0,0,0.419531,1,"delegate_cpu_graph"
"OpenCL","COMPUTE","Kcur-4","ROPE","f32",-1,3,-1,128,16,1,1,8192,0.402291,1,"clFinish_profiled"
"OpenCL","COMPUTE","Vcur-4","MUL_MAT","f32",-1,4,-1,2048,1,1,1,8192,0.350365,1,"clFinish_profiled"
"OpenCL","COMPUTE","cache_k_l4 (view)","SET_ROWS","f16",-1,7,-1,2048,512,1,1,2097152,0.193750,1,"clFinish_profiled"
"OpenCL","COMPUTE","cache_v_l4 (view)","SET_ROWS","f16",-1,9,-1,2048,512,1,1,2097152,0.192344,1,"clFinish_profiled"
"OpenCL","COMPUTE","__fattn__-4","FLASH_ATTN_EXT","f32",-1,16,-1,128,16,1,1,8192,0.405104,1,"clFinish_profiled"
"CPU_Elastic","COMPUTE_GRAPH","ggml_cgraph","GRAPH","",-1,2,-1,0,0,0,0,0,0.385834,1,"delegate_cpu_graph"
"OpenCL","COMPUTE","ffn_moe_logits-4","MUL_MAT","f32",-1,2,-1,64,1,1,1,256,0.404948,1,"clFinish_profiled"
"OpenCL","COMPUTE","ffn_moe_probs-4","SOFT_MAX","f32",-1,3,-1,64,1,1,1,256,0.242136,1,"clFinish_profiled"
"OpenCL","COMPUTE","ffn_moe_argsort-4","ARGSORT","i32",-1,5,-1,64,1,1,1,256,0.197969,1,"clFinish_profiled"
"OpenCL","COMPUTE","ffn_moe_weights-4","GET_ROWS","f32",-1,7,-1,1,8,1,1,32,0.185989,1,"clFinish_profiled"
"CPU_Elastic","COMPUTE_GRAPH","ggml_cgraph","GRAPH","",-1,21,-1,0,0,0,0,0,12.585364,1,"delegate_cpu_graph"
"CPU_Elastic","COMPUTE_GRAPH","ggml_cgraph","GRAPH","",-1,1,-1,0,0,0,0,0,1.383073,1,"delegate_cpu_graph"
"OpenCL","COMPUTE","Qcur-5","ROPE","f32",-1,3,-1,128,16,1,1,8192,0.506407,1,"clFinish_profiled"
"CPU_Elastic","COMPUTE_GRAPH","ggml_cgraph","GRAPH","",-1,1,-1,0,0,0,0,0,0.893594,1,"delegate_cpu_graph"
"OpenCL","COMPUTE","Kcur-5","ROPE","f32",-1,3,-1,128,16,1,1,8192,0.486198,1,"clFinish_profiled"
"CPU_Elastic","COMPUTE_GRAPH","ggml_cgraph","GRAPH","",-1,3,-1,0,0,0,0,0,1.827604,1,"delegate_cpu_graph"
"OpenCL","COMPUTE","cache_k_l5 (view)","SET_ROWS","f16",-1,0,-1,2048,512,1,1,2097152,0.542916,1,"clFinish_profiled"
"OpenCL","COMPUTE","cache_v_l5 (view)","SET_ROWS","f16",-1,2,-1,2048,512,1,1,2097152,0.257083,1,"clFinish_profiled"
"OpenCL","COMPUTE","__fattn__-5","FLASH_ATTN_EXT","f32",-1,9,-1,128,16,1,1,8192,0.425938,1,"clFinish_profiled"
"CPU_Elastic","COMPUTE_GRAPH","ggml_cgraph","GRAPH","",-1,2,-1,0,0,0,0,0,0.423750,1,"delegate_cpu_graph"
"OpenCL","COMPUTE","ffn_moe_logits-5","MUL_MAT","f32",-1,2,-1,64,1,1,1,256,0.530573,1,"clFinish_profiled"
"OpenCL","COMPUTE","ffn_moe_probs-5","SOFT_MAX","f32",-1,3,-1,64,1,1,1,256,0.238125,1,"clFinish_profiled"
"OpenCL","COMPUTE","ffn_moe_argsort-5","ARGSORT","i32",-1,5,-1,64,1,1,1,256,0.202708,1,"clFinish_profiled"
"OpenCL","COMPUTE","ffn_moe_weights-5","GET_ROWS","f32",-1,7,-1,1,8,1,1,32,0.165104,1,"clFinish_profiled"
"CPU_Elastic","COMPUTE_GRAPH","ggml_cgraph","GRAPH","",-1,21,-1,0,0,0,0,0,7.572083,1,"delegate_cpu_graph"
"CPU_Elastic","COMPUTE_GRAPH","ggml_cgraph","GRAPH","",-1,1,-1,0,0,0,0,0,0.401093,1,"delegate_cpu_graph"
"OpenCL","COMPUTE","Qcur-6","ROPE","f32",-1,3,-1,128,16,1,1,8192,0.404791,1,"clFinish_profiled"
"CPU_Elastic","COMPUTE_GRAPH","ggml_cgraph","GRAPH","",-1,1,-1,0,0,0,0,0,0.464583,1,"delegate_cpu_graph"
"OpenCL","COMPUTE","Kcur-6","ROPE","f32",-1,3,-1,128,16,1,1,8192,0.620885,1,"clFinish_profiled"
"CPU_Elastic","COMPUTE_GRAPH","ggml_cgraph","GRAPH","",-1,3,-1,0,0,0,0,0,0.530104,1,"delegate_cpu_graph"
"OpenCL","COMPUTE","cache_k_l6 (view)","SET_ROWS","f16",-1,0,-1,2048,512,1,1,2097152,0.489740,1,"clFinish_profiled"
"OpenCL","COMPUTE","cache_v_l6 (view)","SET_ROWS","f16",-1,2,-1,2048,512,1,1,2097152,0.196875,1,"clFinish_profiled"
"OpenCL","COMPUTE","__fattn__-6","FLASH_ATTN_EXT","f32",-1,9,-1,128,16,1,1,8192,0.430469,1,"clFinish_profiled"
"CPU_Elastic","COMPUTE_GRAPH","ggml_cgraph","GRAPH","",-1,2,-1,0,0,0,0,0,0.583281,1,"delegate_cpu_graph"
"OpenCL","COMPUTE","ffn_moe_logits-6","MUL_MAT","f32",-1,2,-1,64,1,1,1,256,0.490156,1,"clFinish_profiled"
"OpenCL","COMPUTE","ffn_moe_probs-6","SOFT_MAX","f32",-1,3,-1,64,1,1,1,256,0.201615,1,"clFinish_profiled"
"OpenCL","COMPUTE","ffn_moe_argsort-6","ARGSORT","i32",-1,5,-1,64,1,1,1,256,0.197813,1,"clFinish_profiled"
"OpenCL","COMPUTE","ffn_moe_weights-6","GET_ROWS","f32",-1,7,-1,1,8,1,1,32,0.188333,1,"clFinish_profiled"
"CPU_Elastic","COMPUTE_GRAPH","ggml_cgraph","GRAPH","",-1,21,-1,0,0,0,0,0,11.368021,1,"delegate_cpu_graph"
"CPU_Elastic","COMPUTE_GRAPH","ggml_cgraph","GRAPH","",-1,1,-1,0,0,0,0,0,1.500208,1,"delegate_cpu_graph"
"OpenCL","COMPUTE","Qcur-7","ROPE","f32",-1,3,-1,128,16,1,1,8192,0.493334,1,"clFinish_profiled"
"CPU_Elastic","COMPUTE_GRAPH","ggml_cgraph","GRAPH","",-1,1,-1,0,0,0,0,0,1.759688,1,"delegate_cpu_graph"
"OpenCL","COMPUTE","Kcur-7","ROPE","f32",-1,3,-1,128,16,1,1,8192,0.493594,1,"clFinish_profiled"
"OpenCL","COMPUTE","Vcur-7","MUL_MAT","f32",-1,4,-1,2048,1,1,1,8192,0.363073,1,"clFinish_profiled"
"OpenCL","COMPUTE","cache_k_l7 (view)","SET_ROWS","f16",-1,7,-1,2048,512,1,1,2097152,0.195625,1,"clFinish_profiled"
"OpenCL","COMPUTE","cache_v_l7 (view)","SET_ROWS","f16",-1,9,-1,2048,512,1,1,2097152,0.194323,1,"clFinish_profiled"
"OpenCL","COMPUTE","__fattn__-7","FLASH_ATTN_EXT","f32",-1,16,-1,128,16,1,1,8192,0.410417,1,"clFinish_profiled"
"CPU_Elastic","COMPUTE_GRAPH","ggml_cgraph","GRAPH","",-1,2,-1,0,0,0,0,0,1.674948,1,"delegate_cpu_graph"
"OpenCL","COMPUTE","ffn_moe_logits-7","MUL_MAT","f32",-1,2,-1,64,1,1,1,256,0.512188,1,"clFinish_profiled"
"OpenCL","COMPUTE","ffn_moe_probs-7","SOFT_MAX","f32",-1,3,-1,64,1,1,1,256,0.203958,1,"clFinish_profiled"
"OpenCL","COMPUTE","ffn_moe_argsort-7","ARGSORT","i32",-1,5,-1,64,1,1,1,256,0.195364,1,"clFinish_profiled"
"OpenCL","COMPUTE","ffn_moe_weights-7","GET_ROWS","f32",-1,7,-1,1,8,1,1,32,0.192396,1,"clFinish_profiled"
"CPU_Elastic","COMPUTE_GRAPH","ggml_cgraph","GRAPH","",-1,21,-1,0,0,0,0,0,9.280937,1,"delegate_cpu_graph"
"CPU_Elastic","COMPUTE_GRAPH","ggml_cgraph","GRAPH","",-1,1,-1,0,0,0,0,0,0.389688,1,"delegate_cpu_graph"
"OpenCL","COMPUTE","Qcur-8","ROPE","f32",-1,3,-1,128,16,1,1,8192,0.403906,1,"clFinish_profiled"
"CPU_Elastic","COMPUTE_GRAPH","ggml_cgraph","GRAPH","",-1,1,-1,0,0,0,0,0,0.454948,1,"delegate_cpu_graph"
"OpenCL","COMPUTE","Kcur-8","ROPE","f32",-1,3,-1,128,16,1,1,8192,0.411198,1,"clFinish_profiled"
"CPU_Elastic","COMPUTE_GRAPH","ggml_cgraph","GRAPH","",-1,3,-1,0,0,0,0,0,0.462864,1,"delegate_cpu_graph"
"OpenCL","COMPUTE","cache_k_l8 (view)","SET_ROWS","f16",-1,0,-1,2048,512,1,1,2097152,0.388333,1,"clFinish_profiled"
"OpenCL","COMPUTE","cache_v_l8 (view)","SET_ROWS","f16",-1,2,-1,2048,512,1,1,2097152,0.197917,1,"clFinish_profiled"
"OpenCL","COMPUTE","__fattn__-8","FLASH_ATTN_EXT","f32",-1,9,-1,128,16,1,1,8192,0.457865,1,"clFinish_profiled"
"CPU_Elastic","COMPUTE_GRAPH","ggml_cgraph","GRAPH","",-1,2,-1,0,0,0,0,0,0.387187,1,"delegate_cpu_graph"
"OpenCL","COMPUTE","ffn_moe_logits-8","MUL_MAT","f32",-1,2,-1,64,1,1,1,256,0.488542,1,"clFinish_profiled"
"OpenCL","COMPUTE","ffn_moe_probs-8","SOFT_MAX","f32",-1,3,-1,64,1,1,1,256,0.206198,1,"clFinish_profiled"
"OpenCL","COMPUTE","ffn_moe_argsort-8","ARGSORT","i32",-1,5,-1,64,1,1,1,256,0.199531,1,"clFinish_profiled"
"OpenCL","COMPUTE","ffn_moe_weights-8","GET_ROWS","f32",-1,7,-1,1,8,1,1,32,0.206094,1,"clFinish_profiled"
"CPU_Elastic","COMPUTE_GRAPH","ggml_cgraph","GRAPH","",-1,21,-1,0,0,0,0,0,10.868177,1,"delegate_cpu_graph"
"CPU_Elastic","COMPUTE_GRAPH","ggml_cgraph","GRAPH","",-1,1,-1,0,0,0,0,0,1.403854,1,"delegate_cpu_graph"
"OpenCL","COMPUTE","Qcur-9","ROPE","f32",-1,3,-1,128,16,1,1,8192,0.554270,1,"clFinish_profiled"
"CPU_Elastic","COMPUTE_GRAPH","ggml_cgraph","GRAPH","",-1,1,-1,0,0,0,0,0,1.389947,1,"delegate_cpu_graph"
"OpenCL","COMPUTE","Kcur-9","ROPE","f32",-1,3,-1,128,16,1,1,8192,0.529792,1,"clFinish_profiled"
"CPU_Elastic","COMPUTE_GRAPH","ggml_cgraph","GRAPH","",-1,3,-1,0,0,0,0,0,2.275208,1,"delegate_cpu_graph"
"OpenCL","COMPUTE","cache_k_l9 (view)","SET_ROWS","f16",-1,0,-1,2048,512,1,1,2097152,0.527188,1,"clFinish_profiled"
"OpenCL","COMPUTE","cache_v_l9 (view)","SET_ROWS","f16",-1,2,-1,2048,512,1,1,2097152,0.217083,1,"clFinish_profiled"
"OpenCL","COMPUTE","__fattn__-9","FLASH_ATTN_EXT","f32",-1,9,-1,128,16,1,1,8192,0.433958,1,"clFinish_profiled"
"CPU_Elastic","COMPUTE_GRAPH","ggml_cgraph","GRAPH","",-1,2,-1,0,0,0,0,0,2.193229,1,"delegate_cpu_graph"
"OpenCL","COMPUTE","ffn_moe_logits-9","MUL_MAT","f32",-1,2,-1,64,1,1,1,256,0.555104,1,"clFinish_profiled"
"OpenCL","COMPUTE","ffn_moe_probs-9","SOFT_MAX","f32",-1,3,-1,64,1,1,1,256,0.237344,1,"clFinish_profiled"
"OpenCL","COMPUTE","ffn_moe_argsort-9","ARGSORT","i32",-1,5,-1,64,1,1,1,256,0.143958,1,"clFinish_profiled"
"OpenCL","COMPUTE","ffn_moe_weights-9","GET_ROWS","f32",-1,7,-1,1,8,1,1,32,0.250573,1,"clFinish_profiled"
"CPU_Elastic","COMPUTE_GRAPH","ggml_cgraph","GRAPH","",-1,21,-1,0,0,0,0,0,11.277552,1,"delegate_cpu_graph"
"CPU_Elastic","COMPUTE_GRAPH","ggml_cgraph","GRAPH","",-1,1,-1,0,0,0,0,0,1.292083,1,"delegate_cpu_graph"
"OpenCL","COMPUTE","Qcur-10","ROPE","f32",-1,3,-1,128,16,1,1,8192,0.507396,1,"clFinish_profiled"
"CPU_Elastic","COMPUTE_GRAPH","ggml_cgraph","GRAPH","",-1,1,-1,0,0,0,0,0,1.545781,1,"delegate_cpu_graph"
"OpenCL","COMPUTE","Kcur-10","ROPE","f32",-1,3,-1,128,16,1,1,8192,0.484895,1,"clFinish_profiled"
"OpenCL","COMPUTE","Vcur-10","MUL_MAT","f32",-1,4,-1,2048,1,1,1,8192,0.351458,1,"clFinish_profiled"
"OpenCL","COMPUTE","cache_k_l10 (view)","SET_ROWS","f16",-1,7,-1,2048,512,1,1,2097152,0.196250,1,"clFinish_profiled"
"OpenCL","COMPUTE","cache_v_l10 (view)","SET_ROWS","f16",-1,9,-1,2048,512,1,1,2097152,0.193854,1,"clFinish_profiled"
"OpenCL","COMPUTE","__fattn__-10","FLASH_ATTN_EXT","f32",-1,16,-1,128,16,1,1,8192,0.414532,1,"clFinish_profiled"
"CPU_Elastic","COMPUTE_GRAPH","ggml_cgraph","GRAPH","",-1,2,-1,0,0,0,0,0,0.538229,1,"delegate_cpu_graph"
"OpenCL","COMPUTE","ffn_moe_logits-10","MUL_MAT","f32",-1,2,-1,64,1,1,1,256,0.407500,1,"clFinish_profiled"
"OpenCL","COMPUTE","ffn_moe_probs-10","SOFT_MAX","f32",-1,3,-1,64,1,1,1,256,0.207709,1,"clFinish_profiled"
"OpenCL","COMPUTE","ffn_moe_argsort-10","ARGSORT","i32",-1,5,-1,64,1,1,1,256,0.192604,1,"clFinish_profiled"
"OpenCL","COMPUTE","ffn_moe_weights-10","GET_ROWS","f32",-1,7,-1,1,8,1,1,32,0.229219,1,"clFinish_profiled"
"CPU_Elastic","COMPUTE_GRAPH","ggml_cgraph","GRAPH","",-1,21,-1,0,0,0,0,0,8.514791,1,"delegate_cpu_graph"
"CPU_Elastic","COMPUTE_GRAPH","ggml_cgraph","GRAPH","",-1,1,-1,0,0,0,0,0,0.389844,1,"delegate_cpu_graph"
"OpenCL","COMPUTE","Qcur-11","ROPE","f32",-1,3,-1,128,16,1,1,8192,0.409895,1,"clFinish_profiled"
"CPU_Elastic","COMPUTE_GRAPH","ggml_cgraph","GRAPH","",-1,1,-1,0,0,0,0,0,0.462188,1,"delegate_cpu_graph"
"OpenCL","COMPUTE","Kcur-11","ROPE","f32",-1,3,-1,128,16,1,1,8192,0.397500,1,"clFinish_profiled"
"CPU_Elastic","COMPUTE_GRAPH","ggml_cgraph","GRAPH","",-1,3,-1,0,0,0,0,0,0.478646,1,"delegate_cpu_graph"
"OpenCL","COMPUTE","cache_k_l11 (view)","SET_ROWS","f16",-1,0,-1,2048,512,1,1,2097152,0.406041,1,"clFinish_profiled"
"OpenCL","COMPUTE","cache_v_l11 (view)","SET_ROWS","f16",-1,2,-1,2048,512,1,1,2097152,0.202500,1,"clFinish_profiled"
"OpenCL","COMPUTE","__fattn__-11","FLASH_ATTN_EXT","f32",-1,9,-1,128,16,1,1,8192,0.408750,1,"clFinish_profiled"
"CPU_Elastic","COMPUTE_GRAPH","ggml_cgraph","GRAPH","",-1,2,-1,0,0,0,0,0,1.231875,1,"delegate_cpu_graph"
"OpenCL","COMPUTE","ffn_moe_logits-11","MUL_MAT","f32",-1,2,-1,64,1,1,1,256,0.506250,1,"clFinish_profiled"
"OpenCL","COMPUTE","ffn_moe_probs-11","SOFT_MAX","f32",-1,3,-1,64,1,1,1,256,0.201979,1,"clFinish_profiled"
"OpenCL","COMPUTE","ffn_moe_argsort-11","ARGSORT","i32",-1,5,-1,64,1,1,1,256,0.197864,1,"clFinish_profiled"
"OpenCL","COMPUTE","ffn_moe_weights-11","GET_ROWS","f32",-1,7,-1,1,8,1,1,32,0.190052,1,"clFinish_profiled"
"CPU_Elastic","COMPUTE_GRAPH","ggml_cgraph","GRAPH","",-1,21,-1,0,0,0,0,0,10.130208,1,"delegate_cpu_graph"
"CPU_Elastic","COMPUTE_GRAPH","ggml_cgraph","GRAPH","",-1,1,-1,0,0,0,0,0,0.393750,1,"delegate_cpu_graph"
"OpenCL","COMPUTE","Qcur-12","ROPE","f32",-1,3,-1,128,16,1,1,8192,0.405260,1,"clFinish_profiled"
"CPU_Elastic","COMPUTE_GRAPH","ggml_cgraph","GRAPH","",-1,1,-1,0,0,0,0,0,0.466927,1,"delegate_cpu_graph"
"OpenCL","COMPUTE","Kcur-12","ROPE","f32",-1,3,-1,128,16,1,1,8192,0.396302,1,"clFinish_profiled"
"CPU_Elastic","COMPUTE_GRAPH","ggml_cgraph","GRAPH","",-1,3,-1,0,0,0,0,0,0.479062,1,"delegate_cpu_graph"
"OpenCL","COMPUTE","cache_k_l12 (view)","SET_ROWS","f16",-1,0,-1,2048,512,1,1,2097152,0.387396,1,"clFinish_profiled"
"OpenCL","COMPUTE","cache_v_l12 (view)","SET_ROWS","f16",-1,2,-1,2048,512,1,1,2097152,0.198593,1,"clFinish_profiled"
"OpenCL","COMPUTE","__fattn__-12","FLASH_ATTN_EXT","f32",-1,9,-1,128,16,1,1,8192,0.427969,1,"clFinish_profiled"
"CPU_Elastic","COMPUTE_GRAPH","ggml_cgraph","GRAPH","",-1,2,-1,0,0,0,0,0,0.414688,1,"delegate_cpu_graph"
"OpenCL","COMPUTE","ffn_moe_logits-12","MUL_MAT","f32",-1,2,-1,64,1,1,1,256,0.407500,1,"clFinish_profiled"
"OpenCL","COMPUTE","ffn_moe_probs-12","SOFT_MAX","f32",-1,3,-1,64,1,1,1,256,0.205886,1,"clFinish_profiled"
"OpenCL","COMPUTE","ffn_moe_argsort-12","ARGSORT","i32",-1,5,-1,64,1,1,1,256,0.199427,1,"clFinish_profiled"
"OpenCL","COMPUTE","ffn_moe_weights-12","GET_ROWS","f32",-1,7,-1,1,8,1,1,32,0.187343,1,"clFinish_profiled"
"CPU_Elastic","COMPUTE_GRAPH","ggml_cgraph","GRAPH","",-1,21,-1,0,0,0,0,0,10.984895,1,"delegate_cpu_graph"
"CPU_Elastic","COMPUTE_GRAPH","ggml_cgraph","GRAPH","",-1,1,-1,0,0,0,0,0,1.743490,1,"delegate_cpu_graph"
"OpenCL","COMPUTE","Qcur-13","ROPE","f32",-1,3,-1,128,16,1,1,8192,0.512500,1,"clFinish_profiled"
"CPU_Elastic","COMPUTE_GRAPH","ggml_cgraph","GRAPH","",-1,1,-1,0,0,0,0,0,1.762604,1,"delegate_cpu_graph"
"OpenCL","COMPUTE","Kcur-13","ROPE","f32",-1,3,-1,128,16,1,1,8192,0.509323,1,"clFinish_profiled"
"OpenCL","COMPUTE","Vcur-13","MUL_MAT","f32",-1,4,-1,2048,1,1,1,8192,0.345156,1,"clFinish_profiled"
"OpenCL","COMPUTE","cache_k_l13 (view)","SET_ROWS","f16",-1,7,-1,2048,512,1,1,2097152,0.193125,1,"clFinish_profiled"
"OpenCL","COMPUTE","cache_v_l13 (view)","SET_ROWS","f16",-1,9,-1,2048,512,1,1,2097152,0.194166,1,"clFinish_profiled"
"OpenCL","COMPUTE","__fattn__-13","FLASH_ATTN_EXT","f32",-1,16,-1,128,16,1,1,8192,0.561354,1,"clFinish_profiled"
"CPU_Elastic","COMPUTE_GRAPH","ggml_cgraph","GRAPH","",-1,2,-1,0,0,0,0,0,1.906718,1,"delegate_cpu_graph"
"OpenCL","COMPUTE","ffn_moe_logits-13","MUL_MAT","f32",-1,2,-1,64,1,1,1,256,0.511042,1,"clFinish_profiled"
"OpenCL","COMPUTE","ffn_moe_probs-13","SOFT_MAX","f32",-1,3,-1,64,1,1,1,256,0.205417,1,"clFinish_profiled"
"OpenCL","COMPUTE","ffn_moe_argsort-13","ARGSORT","i32",-1,5,-1,64,1,1,1,256,0.197031,1,"clFinish_profiled"
"OpenCL","COMPUTE","ffn_moe_weights-13","GET_ROWS","f32",-1,7,-1,1,8,1,1,32,0.189323,1,"clFinish_profiled"
"CPU_Elastic","COMPUTE_GRAPH","ggml_cgraph","GRAPH","",-1,21,-1,0,0,0,0,0,12.216563,1,"delegate_cpu_graph"
"CPU_Elastic","COMPUTE_GRAPH","ggml_cgraph","GRAPH","",-1,1,-1,0,0,0,0,0,1.755885,1,"delegate_cpu_graph"
"OpenCL","COMPUTE","Qcur-14","ROPE","f32",-1,3,-1,128,16,1,1,8192,0.560521,1,"clFinish_profiled"
"CPU_Elastic","COMPUTE_GRAPH","ggml_cgraph","GRAPH","",-1,1,-1,0,0,0,0,0,1.388593,1,"delegate_cpu_graph"
"OpenCL","COMPUTE","Kcur-14","ROPE","f32",-1,3,-1,128,16,1,1,8192,0.522917,1,"clFinish_profiled"
"OpenCL","COMPUTE","Vcur-14","MUL_MAT","f32",-1,4,-1,2048,1,1,1,8192,0.350364,1,"clFinish_profiled"
"OpenCL","COMPUTE","cache_k_l14 (view)","SET_ROWS","f16",-1,7,-1,2048,512,1,1,2097152,0.215260,1,"clFinish_profiled"
"OpenCL","COMPUTE","cache_v_l14 (view)","SET_ROWS","f16",-1,9,-1,2048,512,1,1,2097152,0.193073,1,"clFinish_profiled"
"OpenCL","COMPUTE","__fattn__-14","FLASH_ATTN_EXT","f32",-1,16,-1,128,16,1,1,8192,0.409792,1,"clFinish_profiled"
"CPU_Elastic","COMPUTE_GRAPH","ggml_cgraph","GRAPH","",-1,2,-1,0,0,0,0,0,1.643281,1,"delegate_cpu_graph"
"OpenCL","COMPUTE","ffn_moe_logits-14","MUL_MAT","f32",-1,2,-1,64,1,1,1,256,0.712395,1,"clFinish_profiled"
"OpenCL","COMPUTE","ffn_moe_probs-14","SOFT_MAX","f32",-1,3,-1,64,1,1,1,256,0.424896,1,"clFinish_profiled"
"OpenCL","COMPUTE","ffn_moe_argsort-14","ARGSORT","i32",-1,5,-1,64,1,1,1,256,0.210885,1,"clFinish_profiled"
"OpenCL","COMPUTE","ffn_moe_weights-14","GET_ROWS","f32",-1,7,-1,1,8,1,1,32,0.191823,1,"clFinish_profiled"
"CPU_Elastic","COMPUTE_GRAPH","ggml_cgraph","GRAPH","",-1,21,-1,0,0,0,0,0,13.160781,1,"delegate_cpu_graph"
"CPU_Elastic","COMPUTE_GRAPH","ggml_cgraph","GRAPH","",-1,1,-1,0,0,0,0,0,1.600156,1,"delegate_cpu_graph"
"OpenCL","COMPUTE","Qcur-15","ROPE","f32",-1,3,-1,128,16,1,1,8192,0.567813,1,"clFinish_profiled"
"CPU_Elastic","COMPUTE_GRAPH","ggml_cgraph","GRAPH","",-1,1,-1,0,0,0,0,0,1.659531,1,"delegate_cpu_graph"
"OpenCL","COMPUTE","Kcur-15","ROPE","f32",-1,3,-1,128,16,1,1,8192,0.532708,1,"clFinish_profiled"
"OpenCL","COMPUTE","Vcur-15","MUL_MAT","f32",-1,4,-1,2048,1,1,1,8192,0.347448,1,"clFinish_profiled"
"OpenCL","COMPUTE","cache_k_l15 (view)","SET_ROWS","f16",-1,7,-1,2048,512,1,1,2097152,0.191875,1,"clFinish_profiled"
"OpenCL","COMPUTE","cache_v_l15 (view)","SET_ROWS","f16",-1,9,-1,2048,512,1,1,2097152,0.192136,1,"clFinish_profiled"
"OpenCL","COMPUTE","__fattn__-15","FLASH_ATTN_EXT","f32",-1,16,-1,128,16,1,1,8192,0.412292,1,"clFinish_profiled"
"CPU_Elastic","COMPUTE_GRAPH","ggml_cgraph","GRAPH","",-1,4,-1,0,0,0,0,0,2.450990,1,"delegate_cpu_graph"
"OpenCL","COMPUTE","ffn_moe_logits-15","MUL_MAT","f32",-1,2,-1,64,1,1,1,256,0.545365,1,"clFinish_profiled"
"OpenCL","COMPUTE","ffn_moe_probs-15","SOFT_MAX","f32",-1,3,-1,64,1,1,1,256,0.214688,1,"clFinish_profiled"
"OpenCL","COMPUTE","ffn_moe_argsort-15","ARGSORT","i32",-1,5,-1,64,1,1,1,256,0.210781,1,"clFinish_profiled"
"OpenCL","COMPUTE","ffn_moe_weights-15","GET_ROWS","f32",-1,7,-1,1,8,1,1,32,0.115729,1,"clFinish_profiled"
"CPU_Elastic","COMPUTE_GRAPH","ggml_cgraph","GRAPH","",-1,22,-1,0,0,0,0,0,12.864792,1,"delegate_cpu_graph"
"OpenCL","COMPUTE","result_norm","MUL","f32",-1,0,-1,2048,1,1,1,8192,0.530573,1,"clFinish_profiled"
"OpenCL","COMPUTE","result_output","MUL_MAT","f32",-1,1,-1,50304,1,1,1,201216,4.026979,1,"clFinish_profiled"
