backend,kind,name,op,quant,token,op_id,weight_id,ne0,ne1,ne2,ne3,bytes,ms,ok,extra
"CPU_Elastic","COMPUTE_GRAPH","ggml_cgraph","GRAPH","",-1,1,-1,0,0,0,0,0,0.857812,1,"delegate_cpu_graph"
"CPU_Elastic","COMPUTE_GRAPH","ggml_cgraph","GRAPH","",-1,1,-1,0,0,0,0,0,3.190678,1,"delegate_cpu_graph"
"OpenCL","RELOAD_ENSURE","blk.0.attn_q_norm.weight","","",-1,-1,4,0,0,0,0,8192,2.640052,1,"decode_ensure"
"OpenCL","COMPUTE","Qcur-0","ROPE","f32",-1,3,-1,128,16,10,1,81920,0.469115,1,"clFinish_profiled"
"CPU_Elastic","COMPUTE_GRAPH","ggml_cgraph","GRAPH","",-1,1,-1,0,0,0,0,0,2.295261,1,"delegate_cpu_graph"
"OpenCL","RELOAD_ENSURE","blk.0.attn_k_norm.weight","","",-1,-1,5,0,0,0,0,8192,0.331042,1,"decode_ensure"
"OpenCL","COMPUTE","Kcur-0","ROPE","f32",-1,3,-1,128,16,10,1,81920,0.431510,1,"clFinish_profiled"
"OpenCL","COMPUTE","Vcur-0","MUL_MAT","f32",-1,4,-1,2048,10,1,1,81920,1.500729,1,"clFinish_profiled"
"OpenCL","COMPUTE","cache_k_l0 (view)","SET_ROWS","f16",-1,7,-1,2048,512,1,1,2097152,0.151979,1,"clFinish_profiled"
"OpenCL","COMPUTE","cache_v_l0 (view)","SET_ROWS","f16",-1,9,-1,2048,512,1,1,2097152,0.143281,1,"clFinish_profiled"
"OpenCL","COMPUTE"," (copy)","CPY","f16",-1,16,-1,256,64,1,1,32768,0.154896,1,"clFinish_profiled"
"OpenCL","COMPUTE","__fattn__-0","FLASH_ATTN_EXT","f32",-1,17,-1,128,16,10,1,81920,1.176927,1,"clFinish_profiled"
"CPU_Elastic","COMPUTE_GRAPH","ggml_cgraph","GRAPH","",-1,2,-1,0,0,0,0,0,2.244427,1,"delegate_cpu_graph"
"OpenCL","RELOAD_ENSURE","blk.0.ffn_gate_inp.weight","","",-1,-1,7,0,0,0,0,524288,1.912969,1,"decode_ensure"
"OpenCL","COMPUTE","ffn_moe_logits-0","MUL_MAT","f32",-1,2,-1,64,10,1,1,2560,0.641771,1,"clFinish_profiled"
"OpenCL","COMPUTE","ffn_moe_probs-0","SOFT_MAX","f32",-1,3,-1,64,10,1,1,2560,0.173385,1,"clFinish_profiled"
"OpenCL","COMPUTE","ffn_moe_argsort-0","ARGSORT","i32",-1,5,-1,64,10,1,1,2560,0.176198,1,"clFinish_profiled"
"OpenCL","COMPUTE","ffn_moe_weights-0","GET_ROWS","f32",-1,7,-1,1,8,10,1,320,0.162344,1,"clFinish_profiled"
"CPU_Elastic","COMPUTE_GRAPH","ggml_cgraph","GRAPH","",-1,21,-1,0,0,0,0,0,27.621667,1,"delegate_cpu_graph"
"CPU_Elastic","COMPUTE_GRAPH","ggml_cgraph","GRAPH","",-1,1,-1,0,0,0,0,0,4.918437,1,"delegate_cpu_graph"
"OpenCL","RELOAD_ENSURE","blk.1.attn_q_norm.weight","","",-1,-1,10,0,0,0,0,8192,0.873073,1,"decode_ensure"
"OpenCL","COMPUTE","Qcur-1","ROPE","f32",-1,3,-1,128,16,10,1,81920,0.539271,1,"clFinish_profiled"
"CPU_Elastic","COMPUTE_GRAPH","ggml_cgraph","GRAPH","",-1,1,-1,0,0,0,0,0,4.817448,1,"delegate_cpu_graph"
"OpenCL","RELOAD_ENSURE","blk.1.attn_k_norm.weight","","",-1,-1,11,0,0,0,0,8192,0.856146,1,"decode_ensure"
"OpenCL","COMPUTE","Kcur-1","ROPE","f32",-1,3,-1,128,16,10,1,81920,0.552916,1,"clFinish_profiled"
"OpenCL","COMPUTE","Vcur-1","MUL_MAT","f32",-1,4,-1,2048,10,1,1,81920,1.567865,1,"clFinish_profiled"
"OpenCL","COMPUTE","cache_k_l1 (view)","SET_ROWS","f16",-1,7,-1,2048,512,1,1,2097152,0.126146,1,"clFinish_profiled"
"OpenCL","COMPUTE","cache_v_l1 (view)","SET_ROWS","f16",-1,9,-1,2048,512,1,1,2097152,0.325885,1,"clFinish_profiled"
"OpenCL","COMPUTE","__fattn__-1","FLASH_ATTN_EXT","f32",-1,16,-1,128,16,10,1,81920,1.257500,1,"clFinish_profiled"
"CPU_Elastic","COMPUTE_GRAPH","ggml_cgraph","GRAPH","",-1,2,-1,0,0,0,0,0,4.856666,1,"delegate_cpu_graph"
"OpenCL","RELOAD_ENSURE","blk.1.ffn_gate_inp.weight","","",-1,-1,13,0,0,0,0,524288,1.828541,1,"decode_ensure"
"OpenCL","COMPUTE","ffn_moe_logits-1","MUL_MAT","f32",-1,2,-1,64,10,1,1,2560,0.961198,1,"clFinish_profiled"
"OpenCL","COMPUTE","ffn_moe_probs-1","SOFT_MAX","f32",-1,3,-1,64,10,1,1,2560,0.219479,1,"clFinish_profiled"
"OpenCL","COMPUTE","ffn_moe_argsort-1","ARGSORT","i32",-1,5,-1,64,10,1,1,2560,0.209895,1,"clFinish_profiled"
"OpenCL","COMPUTE","ffn_moe_weights-1","GET_ROWS","f32",-1,7,-1,1,8,10,1,320,0.220885,1,"clFinish_profiled"
"CPU_Elastic","COMPUTE_GRAPH","ggml_cgraph","GRAPH","",-1,21,-1,0,0,0,0,0,45.620885,1,"delegate_cpu_graph"
"CPU_Elastic","COMPUTE_GRAPH","ggml_cgraph","GRAPH","",-1,1,-1,0,0,0,0,0,3.202552,1,"delegate_cpu_graph"
"OpenCL","RELOAD_ENSURE","blk.2.attn_q_norm.weight","","",-1,-1,15,0,0,0,0,8192,0.839480,1,"decode_ensure"
"OpenCL","COMPUTE","Qcur-2","ROPE","f32",-1,3,-1,128,16,10,1,81920,0.485417,1,"clFinish_profiled"
"CPU_Elastic","COMPUTE_GRAPH","ggml_cgraph","GRAPH","",-1,1,-1,0,0,0,0,0,4.838489,1,"delegate_cpu_graph"
"OpenCL","RELOAD_ENSURE","blk.2.attn_k_norm.weight","","",-1,-1,16,0,0,0,0,8192,0.781562,1,"decode_ensure"
"OpenCL","COMPUTE","Kcur-2","ROPE","f32",-1,3,-1,128,16,10,1,81920,0.479688,1,"clFinish_profiled"
"CPU_Elastic","COMPUTE_GRAPH","ggml_cgraph","GRAPH","",-1,3,-1,0,0,0,0,0,4.944218,1,"delegate_cpu_graph"
"OpenCL","COMPUTE","cache_k_l2 (view)","SET_ROWS","f16",-1,0,-1,2048,512,1,1,2097152,0.482083,1,"clFinish_profiled"
"OpenCL","COMPUTE","cache_v_l2 (view)","SET_ROWS","f16",-1,2,-1,2048,512,1,1,2097152,0.199792,1,"clFinish_profiled"
"OpenCL","COMPUTE","__fattn__-2","FLASH_ATTN_EXT","f32",-1,9,-1,128,16,10,1,81920,1.276771,1,"clFinish_profiled"
"CPU_Elastic","COMPUTE_GRAPH","ggml_cgraph","GRAPH","",-1,2,-1,0,0,0,0,0,5.245104,1,"delegate_cpu_graph"
"OpenCL","RELOAD_ENSURE","blk.2.ffn_gate_inp.weight","","",-1,-1,18,0,0,0,0,524288,1.741198,1,"decode_ensure"
"OpenCL","COMPUTE","ffn_moe_logits-2","MUL_MAT","f32",-1,2,-1,64,10,1,1,2560,0.716980,1,"clFinish_profiled"
"OpenCL","COMPUTE","ffn_moe_probs-2","SOFT_MAX","f32",-1,3,-1,64,10,1,1,2560,0.254479,1,"clFinish_profiled"
"OpenCL","COMPUTE","ffn_moe_argsort-2","ARGSORT","i32",-1,5,-1,64,10,1,1,2560,0.209844,1,"clFinish_profiled"
"OpenCL","COMPUTE","ffn_moe_weights-2","GET_ROWS","f32",-1,7,-1,1,8,10,1,320,0.195313,1,"clFinish_profiled"
"CPU_Elastic","COMPUTE_GRAPH","ggml_cgraph","GRAPH","",-1,21,-1,0,0,0,0,0,39.644792,1,"delegate_cpu_graph"
"CPU_Elastic","COMPUTE_GRAPH","ggml_cgraph","GRAPH","",-1,1,-1,0,0,0,0,0,3.377917,1,"delegate_cpu_graph"
"OpenCL","RELOAD_ENSURE","blk.3.attn_q_norm.weight","","",-1,-1,20,0,0,0,0,8192,0.789115,1,"decode_ensure"
"OpenCL","COMPUTE","Qcur-3","ROPE","f32",-1,3,-1,128,16,10,1,81920,0.434635,1,"clFinish_profiled"
"CPU_Elastic","COMPUTE_GRAPH","ggml_cgraph","GRAPH","",-1,1,-1,0,0,0,0,0,3.037813,1,"delegate_cpu_graph"
"OpenCL","RELOAD_ENSURE","blk.3.attn_k_norm.weight","","",-1,-1,21,0,0,0,0,8192,0.364219,1,"decode_ensure"
"OpenCL","COMPUTE","Kcur-3","ROPE","f32",-1,3,-1,128,16,10,1,81920,0.475937,1,"clFinish_profiled"
"CPU_Elastic","COMPUTE_GRAPH","ggml_cgraph","GRAPH","",-1,3,-1,0,0,0,0,0,4.241875,1,"delegate_cpu_graph"
"OpenCL","COMPUTE","cache_k_l3 (view)","SET_ROWS","f16",-1,0,-1,2048,512,1,1,2097152,0.461146,1,"clFinish_profiled"
"OpenCL","COMPUTE","cache_v_l3 (view)","SET_ROWS","f16",-1,2,-1,2048,512,1,1,2097152,0.178958,1,"clFinish_profiled"
"OpenCL","COMPUTE","__fattn__-3","FLASH_ATTN_EXT","f32",-1,9,-1,128,16,10,1,81920,1.200052,1,"clFinish_profiled"
"CPU_Elastic","COMPUTE_GRAPH","ggml_cgraph","GRAPH","",-1,2,-1,0,0,0,0,0,5.072969,1,"delegate_cpu_graph"
"OpenCL","RELOAD_ENSURE","blk.3.ffn_gate_inp.weight","","",-1,-1,23,0,0,0,0,524288,1.628750,1,"decode_ensure"
"OpenCL","COMPUTE","ffn_moe_logits-3","MUL_MAT","f32",-1,2,-1,64,10,1,1,2560,0.690886,1,"clFinish_profiled"
"OpenCL","COMPUTE","ffn_moe_probs-3","SOFT_MAX","f32",-1,3,-1,64,10,1,1,2560,0.213437,1,"clFinish_profiled"
"OpenCL","COMPUTE","ffn_moe_argsort-3","ARGSORT","i32",-1,5,-1,64,10,1,1,2560,0.204375,1,"clFinish_profiled"
"OpenCL","COMPUTE","ffn_moe_weights-3","GET_ROWS","f32",-1,7,-1,1,8,10,1,320,0.196302,1,"clFinish_profiled"
"CPU_Elastic","COMPUTE_GRAPH","ggml_cgraph","GRAPH","",-1,21,-1,0,0,0,0,0,35.617240,1,"delegate_cpu_graph"
"CPU_Elastic","COMPUTE_GRAPH","ggml_cgraph","GRAPH","",-1,1,-1,0,0,0,0,0,2.024791,1,"delegate_cpu_graph"
"OpenCL","RELOAD_ENSURE","blk.4.attn_q_norm.weight","","",-1,-1,26,0,0,0,0,8192,0.714219,1,"decode_ensure"
"OpenCL","COMPUTE","Qcur-4","ROPE","f32",-1,3,-1,128,16,10,1,81920,0.421250,1,"clFinish_profiled"
"CPU_Elastic","COMPUTE_GRAPH","ggml_cgraph","GRAPH","",-1,1,-1,0,0,0,0,0,3.166146,1,"delegate_cpu_graph"
"OpenCL","RELOAD_ENSURE","blk.4.attn_k_norm.weight","","",-1,-1,27,0,0,0,0,8192,0.324792,1,"decode_ensure"
"OpenCL","COMPUTE","Kcur-4","ROPE","f32",-1,3,-1,128,16,10,1,81920,0.441771,1,"clFinish_profiled"
"OpenCL","COMPUTE","Vcur-4","MUL_MAT","f32",-1,4,-1,2048,10,1,1,81920,1.507500,1,"clFinish_profiled"
"OpenCL","COMPUTE","cache_k_l4 (view)","SET_ROWS","f16",-1,7,-1,2048,512,1,1,2097152,0.189636,1,"clFinish_profiled"
"OpenCL","COMPUTE","cache_v_l4 (view)","SET_ROWS","f16",-1,9,-1,2048,512,1,1,2097152,0.156094,1,"clFinish_profiled"
"OpenCL","COMPUTE","__fattn__-4","FLASH_ATTN_EXT","f32",-1,16,-1,128,16,10,1,81920,1.187239,1,"clFinish_profiled"
"CPU_Elastic","COMPUTE_GRAPH","ggml_cgraph","GRAPH","",-1,2,-1,0,0,0,0,0,3.844219,1,"delegate_cpu_graph"
"OpenCL","RELOAD_ENSURE","blk.4.ffn_gate_inp.weight","","",-1,-1,29,0,0,0,0,524288,1.645312,1,"decode_ensure"
"OpenCL","COMPUTE","ffn_moe_logits-4","MUL_MAT","f32",-1,2,-1,64,10,1,1,2560,0.672031,1,"clFinish_profiled"
"OpenCL","COMPUTE","ffn_moe_probs-4","SOFT_MAX","f32",-1,3,-1,64,10,1,1,2560,0.210729,1,"clFinish_profiled"
"OpenCL","COMPUTE","ffn_moe_argsort-4","ARGSORT","i32",-1,5,-1,64,10,1,1,2560,0.272083,1,"clFinish_profiled"
"OpenCL","COMPUTE","ffn_moe_weights-4","GET_ROWS","f32",-1,7,-1,1,8,10,1,320,0.121562,1,"clFinish_profiled"
"CPU_Elastic","COMPUTE_GRAPH","ggml_cgraph","GRAPH","",-1,21,-1,0,0,0,0,0,39.371511,1,"delegate_cpu_graph"
"CPU_Elastic","COMPUTE_GRAPH","ggml_cgraph","GRAPH","",-1,1,-1,0,0,0,0,0,2.405313,1,"delegate_cpu_graph"
"OpenCL","RELOAD_ENSURE","blk.5.attn_q_norm.weight","","",-1,-1,31,0,0,0,0,8192,0.788646,1,"decode_ensure"
"OpenCL","COMPUTE","Qcur-5","ROPE","f32",-1,3,-1,128,16,10,1,81920,0.430104,1,"clFinish_profiled"
"CPU_Elastic","COMPUTE_GRAPH","ggml_cgraph","GRAPH","",-1,1,-1,0,0,0,0,0,2.995417,1,"delegate_cpu_graph"
"OpenCL","RELOAD_ENSURE","blk.5.attn_k_norm.weight","","",-1,-1,32,0,0,0,0,8192,0.320990,1,"decode_ensure"
"OpenCL","COMPUTE","Kcur-5","ROPE","f32",-1,3,-1,128,16,10,1,81920,0.420781,1,"clFinish_profiled"
"CPU_Elastic","COMPUTE_GRAPH","ggml_cgraph","GRAPH","",-1,3,-1,0,0,0,0,0,3.819427,1,"delegate_cpu_graph"
"OpenCL","COMPUTE","cache_k_l5 (view)","SET_ROWS","f16",-1,0,-1,2048,512,1,1,2097152,0.436146,1,"clFinish_profiled"
"OpenCL","COMPUTE","cache_v_l5 (view)","SET_ROWS","f16",-1,2,-1,2048,512,1,1,2097152,0.178594,1,"clFinish_profiled"
"OpenCL","COMPUTE","__fattn__-5","FLASH_ATTN_EXT","f32",-1,9,-1,128,16,10,1,81920,1.189531,1,"clFinish_profiled"
"CPU_Elastic","COMPUTE_GRAPH","ggml_cgraph","GRAPH","",-1,2,-1,0,0,0,0,0,3.935677,1,"delegate_cpu_graph"
"OpenCL","RELOAD_ENSURE","blk.5.ffn_gate_inp.weight","","",-1,-1,34,0,0,0,0,524288,1.620937,1,"decode_ensure"
"OpenCL","COMPUTE","ffn_moe_logits-5","MUL_MAT","f32",-1,2,-1,64,10,1,1,2560,0.665677,1,"clFinish_profiled"
"OpenCL","COMPUTE","ffn_moe_probs-5","SOFT_MAX","f32",-1,3,-1,64,10,1,1,2560,0.204323,1,"clFinish_profiled"
"OpenCL","COMPUTE","ffn_moe_argsort-5","ARGSORT","i32",-1,5,-1,64,10,1,1,2560,0.251250,1,"clFinish_profiled"
"OpenCL","COMPUTE","ffn_moe_weights-5","GET_ROWS","f32",-1,7,-1,1,8,10,1,320,0.271042,1,"clFinish_profiled"
"CPU_Elastic","COMPUTE_GRAPH","ggml_cgraph","GRAPH","",-1,21,-1,0,0,0,0,0,40.638281,1,"delegate_cpu_graph"
"CPU_Elastic","COMPUTE_GRAPH","ggml_cgraph","GRAPH","",-1,1,-1,0,0,0,0,0,2.335417,1,"delegate_cpu_graph"
"OpenCL","RELOAD_ENSURE","blk.6.attn_q_norm.weight","","",-1,-1,36,0,0,0,0,8192,0.750105,1,"decode_ensure"
"OpenCL","COMPUTE","Qcur-6","ROPE","f32",-1,3,-1,128,16,10,1,81920,0.435261,1,"clFinish_profiled"
"CPU_Elastic","COMPUTE_GRAPH","ggml_cgraph","GRAPH","",-1,1,-1,0,0,0,0,0,2.414167,1,"delegate_cpu_graph"
"OpenCL","RELOAD_ENSURE","blk.6.attn_k_norm.weight","","",-1,-1,37,0,0,0,0,8192,0.324844,1,"decode_ensure"
"OpenCL","COMPUTE","Kcur-6","ROPE","f32",-1,3,-1,128,16,10,1,81920,0.483385,1,"clFinish_profiled"
"CPU_Elastic","COMPUTE_GRAPH","ggml_cgraph","GRAPH","",-1,3,-1,0,0,0,0,0,4.702447,1,"delegate_cpu_graph"
"OpenCL","COMPUTE","cache_k_l6 (view)","SET_ROWS","f16",-1,0,-1,2048,512,1,1,2097152,0.457500,1,"clFinish_profiled"
"OpenCL","COMPUTE","cache_v_l6 (view)","SET_ROWS","f16",-1,2,-1,2048,512,1,1,2097152,0.183386,1,"clFinish_profiled"
"OpenCL","COMPUTE","__fattn__-6","FLASH_ATTN_EXT","f32",-1,9,-1,128,16,10,1,81920,1.206198,1,"clFinish_profiled"
"CPU_Elastic","COMPUTE_GRAPH","ggml_cgraph","GRAPH","",-1,2,-1,0,0,0,0,0,5.034792,1,"delegate_cpu_graph"
"OpenCL","RELOAD_ENSURE","blk.6.ffn_gate_inp.weight","","",-1,-1,39,0,0,0,0,524288,1.624479,1,"decode_ensure"
"OpenCL","COMPUTE","ffn_moe_logits-6","MUL_MAT","f32",-1,2,-1,64,10,1,1,2560,0.672031,1,"clFinish_profiled"
"OpenCL","COMPUTE","ffn_moe_probs-6","SOFT_MAX","f32",-1,3,-1,64,10,1,1,2560,0.206146,1,"clFinish_profiled"
"OpenCL","COMPUTE","ffn_moe_argsort-6","ARGSORT","i32",-1,5,-1,64,10,1,1,2560,0.205000,1,"clFinish_profiled"
"OpenCL","COMPUTE","ffn_moe_weights-6","GET_ROWS","f32",-1,7,-1,1,8,10,1,320,0.226562,1,"clFinish_profiled"
"CPU_Elastic","COMPUTE_GRAPH","ggml_cgraph","GRAPH","",-1,21,-1,0,0,0,0,0,37.453490,1,"delegate_cpu_graph"
"CPU_Elastic","COMPUTE_GRAPH","ggml_cgraph","GRAPH","",-1,1,-1,0,0,0,0,0,3.632552,1,"delegate_cpu_graph"
"OpenCL","RELOAD_ENSURE","blk.7.attn_q_norm.weight","","",-1,-1,42,0,0,0,0,8192,0.741771,1,"decode_ensure"
"OpenCL","COMPUTE","Qcur-7","ROPE","f32",-1,3,-1,128,16,10,1,81920,0.430781,1,"clFinish_profiled"
"CPU_Elastic","COMPUTE_GRAPH","ggml_cgraph","GRAPH","",-1,1,-1,0,0,0,0,0,3.431146,1,"delegate_cpu_graph"
"OpenCL","RELOAD_ENSURE","blk.7.attn_k_norm.weight","","",-1,-1,43,0,0,0,0,8192,0.323698,1,"decode_ensure"
"OpenCL","COMPUTE","Kcur-7","ROPE","f32",-1,3,-1,128,16,10,1,81920,0.439687,1,"clFinish_profiled"
"OpenCL","COMPUTE","Vcur-7","MUL_MAT","f32",-1,4,-1,2048,10,1,1,81920,1.518125,1,"clFinish_profiled"
"OpenCL","COMPUTE","cache_k_l7 (view)","SET_ROWS","f16",-1,7,-1,2048,512,1,1,2097152,0.220364,1,"clFinish_profiled"
"OpenCL","COMPUTE","cache_v_l7 (view)","SET_ROWS","f16",-1,9,-1,2048,512,1,1,2097152,0.213021,1,"clFinish_profiled"
"OpenCL","COMPUTE","__fattn__-7","FLASH_ATTN_EXT","f32",-1,16,-1,128,16,10,1,81920,1.225052,1,"clFinish_profiled"
"CPU_Elastic","COMPUTE_GRAPH","ggml_cgraph","GRAPH","",-1,2,-1,0,0,0,0,0,4.744843,1,"delegate_cpu_graph"
"OpenCL","RELOAD_ENSURE","blk.7.ffn_gate_inp.weight","","",-1,-1,45,0,0,0,0,524288,1.725416,1,"decode_ensure"
"OpenCL","COMPUTE","ffn_moe_logits-7","MUL_MAT","f32",-1,2,-1,64,10,1,1,2560,0.676823,1,"clFinish_profiled"
"OpenCL","COMPUTE","ffn_moe_probs-7","SOFT_MAX","f32",-1,3,-1,64,10,1,1,2560,0.114739,1,"clFinish_profiled"
"OpenCL","COMPUTE","ffn_moe_argsort-7","ARGSORT","i32",-1,5,-1,64,10,1,1,2560,0.269010,1,"clFinish_profiled"
"OpenCL","COMPUTE","ffn_moe_weights-7","GET_ROWS","f32",-1,7,-1,1,8,10,1,320,0.202135,1,"clFinish_profiled"
"CPU_Elastic","COMPUTE_GRAPH","ggml_cgraph","GRAPH","",-1,21,-1,0,0,0,0,0,45.500365,1,"delegate_cpu_graph"
"CPU_Elastic","COMPUTE_GRAPH","ggml_cgraph","GRAPH","",-1,1,-1,0,0,0,0,0,4.169635,1,"delegate_cpu_graph"
"OpenCL","RELOAD_ENSURE","blk.8.attn_q_norm.weight","","",-1,-1,47,0,0,0,0,8192,0.644480,1,"decode_ensure"
"OpenCL","COMPUTE","Qcur-8","ROPE","f32",-1,3,-1,128,16,10,1,81920,0.494271,1,"clFinish_profiled"
"CPU_Elastic","COMPUTE_GRAPH","ggml_cgraph","GRAPH","",-1,1,-1,0,0,0,0,0,5.839062,1,"delegate_cpu_graph"
"OpenCL","RELOAD_ENSURE","blk.8.attn_k_norm.weight","","",-1,-1,48,0,0,0,0,8192,0.780625,1,"decode_ensure"
"OpenCL","COMPUTE","Kcur-8","ROPE","f32",-1,3,-1,128,16,10,1,81920,0.516771,1,"clFinish_profiled"
"CPU_Elastic","COMPUTE_GRAPH","ggml_cgraph","GRAPH","",-1,3,-1,0,0,0,0,0,5.260468,1,"delegate_cpu_graph"
"OpenCL","COMPUTE","cache_k_l8 (view)","SET_ROWS","f16",-1,0,-1,2048,512,1,1,2097152,0.517864,1,"clFinish_profiled"
"OpenCL","COMPUTE","cache_v_l8 (view)","SET_ROWS","f16",-1,2,-1,2048,512,1,1,2097152,0.211458,1,"clFinish_profiled"
"OpenCL","COMPUTE","__fattn__-8","FLASH_ATTN_EXT","f32",-1,9,-1,128,16,10,1,81920,1.237604,1,"clFinish_profiled"
"CPU_Elastic","COMPUTE_GRAPH","ggml_cgraph","GRAPH","",-1,2,-1,0,0,0,0,0,5.089636,1,"delegate_cpu_graph"
"OpenCL","RELOAD_ENSURE","blk.8.ffn_gate_inp.weight","","",-1,-1,50,0,0,0,0,524288,1.698021,1,"decode_ensure"
"OpenCL","COMPUTE","ffn_moe_logits-8","MUL_MAT","f32",-1,2,-1,64,10,1,1,2560,0.676718,1,"clFinish_profiled"
"OpenCL","COMPUTE","ffn_moe_probs-8","SOFT_MAX","f32",-1,3,-1,64,10,1,1,2560,0.203386,1,"clFinish_profiled"
"OpenCL","COMPUTE","ffn_moe_argsort-8","ARGSORT","i32",-1,5,-1,64,10,1,1,2560,0.198594,1,"clFinish_profiled"
"OpenCL","COMPUTE","ffn_moe_weights-8","GET_ROWS","f32",-1,7,-1,1,8,10,1,320,0.191771,1,"clFinish_profiled"
"CPU_Elastic","COMPUTE_GRAPH","ggml_cgraph","GRAPH","",-1,21,-1,0,0,0,0,0,37.370209,1,"delegate_cpu_graph"
"CPU_Elastic","COMPUTE_GRAPH","ggml_cgraph","GRAPH","",-1,1,-1,0,0,0,0,0,2.844688,1,"delegate_cpu_graph"
"OpenCL","RELOAD_ENSURE","blk.9.attn_q_norm.weight","","",-1,-1,52,0,0,0,0,8192,0.665521,1,"decode_ensure"
"OpenCL","COMPUTE","Qcur-9","ROPE","f32",-1,3,-1,128,16,10,1,81920,0.427448,1,"clFinish_profiled"
"CPU_Elastic","COMPUTE_GRAPH","ggml_cgraph","GRAPH","",-1,1,-1,0,0,0,0,0,3.292083,1,"delegate_cpu_graph"
"OpenCL","RELOAD_ENSURE","blk.9.attn_k_norm.weight","","",-1,-1,53,0,0,0,0,8192,0.224687,1,"decode_ensure"
"OpenCL","COMPUTE","Kcur-9","ROPE","f32",-1,3,-1,128,16,10,1,81920,0.445000,1,"clFinish_profiled"
"CPU_Elastic","COMPUTE_GRAPH","ggml_cgraph","GRAPH","",-1,3,-1,0,0,0,0,0,3.801042,1,"delegate_cpu_graph"
"OpenCL","COMPUTE","cache_k_l9 (view)","SET_ROWS","f16",-1,0,-1,2048,512,1,1,2097152,0.433907,1,"clFinish_profiled"
"OpenCL","COMPUTE","cache_v_l9 (view)","SET_ROWS","f16",-1,2,-1,2048,512,1,1,2097152,0.175938,1,"clFinish_profiled"
"OpenCL","COMPUTE","__fattn__-9","FLASH_ATTN_EXT","f32",-1,9,-1,128,16,10,1,81920,1.202292,1,"clFinish_profiled"
"CPU_Elastic","COMPUTE_GRAPH","ggml_cgraph","GRAPH","",-1,2,-1,0,0,0,0,0,4.854948,1,"delegate_cpu_graph"
"OpenCL","RELOAD_ENSURE","blk.9.ffn_gate_inp.weight","","",-1,-1,55,0,0,0,0,524288,1.507604,1,"decode_ensure"
"OpenCL","COMPUTE","ffn_moe_logits-9","MUL_MAT","f32",-1,2,-1,64,10,1,1,2560,0.656875,1,"clFinish_profiled"
"OpenCL","COMPUTE","ffn_moe_probs-9","SOFT_MAX","f32",-1,3,-1,64,10,1,1,2560,0.190781,1,"clFinish_profiled"
"OpenCL","COMPUTE","ffn_moe_argsort-9","ARGSORT","i32",-1,5,-1,64,10,1,1,2560,0.190209,1,"clFinish_profiled"
"OpenCL","COMPUTE","ffn_moe_weights-9","GET_ROWS","f32",-1,7,-1,1,8,10,1,320,0.181719,1,"clFinish_profiled"
"CPU_Elastic","COMPUTE_GRAPH","ggml_cgraph","GRAPH","",-1,21,-1,0,0,0,0,0,38.221510,1,"delegate_cpu_graph"
"CPU_Elastic","COMPUTE_GRAPH","ggml_cgraph","GRAPH","",-1,1,-1,0,0,0,0,0,3.947656,1,"delegate_cpu_graph"
"OpenCL","RELOAD_ENSURE","blk.10.attn_q_norm.weight","","",-1,-1,58,0,0,0,0,8192,0.701094,1,"decode_ensure"
"OpenCL","COMPUTE","Qcur-10","ROPE","f32",-1,3,-1,128,16,10,1,81920,0.459323,1,"clFinish_profiled"
"CPU_Elastic","COMPUTE_GRAPH","ggml_cgraph","GRAPH","",-1,1,-1,0,0,0,0,0,3.447552,1,"delegate_cpu_graph"
"OpenCL","RELOAD_ENSURE","blk.10.attn_k_norm.weight","","",-1,-1,59,0,0,0,0,8192,0.226042,1,"decode_ensure"
"OpenCL","COMPUTE","Kcur-10","ROPE","f32",-1,3,-1,128,16,10,1,81920,0.485521,1,"clFinish_profiled"
"OpenCL","COMPUTE","Vcur-10","MUL_MAT","f32",-1,4,-1,2048,10,1,1,81920,1.511771,1,"clFinish_profiled"
"OpenCL","COMPUTE","cache_k_l10 (view)","SET_ROWS","f16",-1,7,-1,2048,512,1,1,2097152,0.169687,1,"clFinish_profiled"
"OpenCL","COMPUTE","cache_v_l10 (view)","SET_ROWS","f16",-1,9,-1,2048,512,1,1,2097152,0.166250,1,"clFinish_profiled"
"OpenCL","COMPUTE","__fattn__-10","FLASH_ATTN_EXT","f32",-1,16,-1,128,16,10,1,81920,1.189740,1,"clFinish_profiled"
"CPU_Elastic","COMPUTE_GRAPH","ggml_cgraph","GRAPH","",-1,2,-1,0,0,0,0,0,4.113854,1,"delegate_cpu_graph"
"OpenCL","RELOAD_ENSURE","blk.10.ffn_gate_inp.weight","","",-1,-1,61,0,0,0,0,524288,1.638489,1,"decode_ensure"
"OpenCL","COMPUTE","ffn_moe_logits-10","MUL_MAT","f32",-1,2,-1,64,10,1,1,2560,0.901615,1,"clFinish_profiled"
"OpenCL","COMPUTE","ffn_moe_probs-10","SOFT_MAX","f32",-1,3,-1,64,10,1,1,2560,0.226250,1,"clFinish_profiled"
"OpenCL","COMPUTE","ffn_moe_argsort-10","ARGSORT","i32",-1,5,-1,64,10,1,1,2560,0.208281,1,"clFinish_profiled"
"OpenCL","COMPUTE","ffn_moe_weights-10","GET_ROWS","f32",-1,7,-1,1,8,10,1,320,0.198073,1,"clFinish_profiled"
"CPU_Elastic","COMPUTE_GRAPH","ggml_cgraph","GRAPH","",-1,21,-1,0,0,0,0,0,42.563907,1,"delegate_cpu_graph"
"CPU_Elastic","COMPUTE_GRAPH","ggml_cgraph","GRAPH","",-1,1,-1,0,0,0,0,0,2.170417,1,"delegate_cpu_graph"
"OpenCL","RELOAD_ENSURE","blk.11.attn_q_norm.weight","","",-1,-1,63,0,0,0,0,8192,0.694428,1,"decode_ensure"
"OpenCL","COMPUTE","Qcur-11","ROPE","f32",-1,3,-1,128,16,10,1,81920,0.438802,1,"clFinish_profiled"
"CPU_Elastic","COMPUTE_GRAPH","ggml_cgraph","GRAPH","",-1,1,-1,0,0,0,0,0,3.707344,1,"delegate_cpu_graph"
"OpenCL","RELOAD_ENSURE","blk.11.attn_k_norm.weight","","",-1,-1,64,0,0,0,0,8192,0.235469,1,"decode_ensure"
"OpenCL","COMPUTE","Kcur-11","ROPE","f32",-1,3,-1,128,16,10,1,81920,0.443802,1,"clFinish_profiled"
"CPU_Elastic","COMPUTE_GRAPH","ggml_cgraph","GRAPH","",-1,3,-1,0,0,0,0,0,4.002448,1,"delegate_cpu_graph"
"OpenCL","COMPUTE","cache_k_l11 (view)","SET_ROWS","f16",-1,0,-1,2048,512,1,1,2097152,0.453594,1,"clFinish_profiled"
"OpenCL","COMPUTE","cache_v_l11 (view)","SET_ROWS","f16",-1,2,-1,2048,512,1,1,2097152,0.180365,1,"clFinish_profiled"
"OpenCL","COMPUTE","__fattn__-11","FLASH_ATTN_EXT","f32",-1,9,-1,128,16,10,1,81920,1.200365,1,"clFinish_profiled"
"CPU_Elastic","COMPUTE_GRAPH","ggml_cgraph","GRAPH","",-1,2,-1,0,0,0,0,0,3.982916,1,"delegate_cpu_graph"
"OpenCL","RELOAD_ENSURE","blk.11.ffn_gate_inp.weight","","",-1,-1,66,0,0,0,0,524288,1.508750,1,"decode_ensure"
"OpenCL","COMPUTE","ffn_moe_logits-11","MUL_MAT","f32",-1,2,-1,64,10,1,1,2560,0.669531,1,"clFinish_profiled"
"OpenCL","COMPUTE","ffn_moe_probs-11","SOFT_MAX","f32",-1,3,-1,64,10,1,1,2560,0.202604,1,"clFinish_profiled"
"OpenCL","COMPUTE","ffn_moe_argsort-11","ARGSORT","i32",-1,5,-1,64,10,1,1,2560,0.202968,1,"clFinish_profiled"
"OpenCL","COMPUTE","ffn_moe_weights-11","GET_ROWS","f32",-1,7,-1,1,8,10,1,320,0.193750,1,"clFinish_profiled"
"CPU_Elastic","COMPUTE_GRAPH","ggml_cgraph","GRAPH","",-1,21,-1,0,0,0,0,0,37.740364,1,"delegate_cpu_graph"
"CPU_Elastic","COMPUTE_GRAPH","ggml_cgraph","GRAPH","",-1,1,-1,0,0,0,0,0,2.395625,1,"delegate_cpu_graph"
"OpenCL","RELOAD_ENSURE","blk.12.attn_q_norm.weight","","",-1,-1,68,0,0,0,0,8192,0.660521,1,"decode_ensure"
"OpenCL","COMPUTE","Qcur-12","ROPE","f32",-1,3,-1,128,16,10,1,81920,0.434323,1,"clFinish_profiled"
"CPU_Elastic","COMPUTE_GRAPH","ggml_cgraph","GRAPH","",-1,1,-1,0,0,0,0,0,2.834583,1,"delegate_cpu_graph"
"OpenCL","RELOAD_ENSURE","blk.12.attn_k_norm.weight","","",-1,-1,69,0,0,0,0,8192,0.236823,1,"decode_ensure"
"OpenCL","COMPUTE","Kcur-12","ROPE","f32",-1,3,-1,128,16,10,1,81920,0.420521,1,"clFinish_profiled"
"CPU_Elastic","COMPUTE_GRAPH","ggml_cgraph","GRAPH","",-1,3,-1,0,0,0,0,0,3.959322,1,"delegate_cpu_graph"
"OpenCL","COMPUTE","cache_k_l12 (view)","SET_ROWS","f16",-1,0,-1,2048,512,1,1,2097152,0.436719,1,"clFinish_profiled"
"OpenCL","COMPUTE","cache_v_l12 (view)","SET_ROWS","f16",-1,2,-1,2048,512,1,1,2097152,0.160781,1,"clFinish_profiled"
"OpenCL","COMPUTE","__fattn__-12","FLASH_ATTN_EXT","f32",-1,9,-1,128,16,10,1,81920,1.175052,1,"clFinish_profiled"
"CPU_Elastic","COMPUTE_GRAPH","ggml_cgraph","GRAPH","",-1,2,-1,0,0,0,0,0,3.734114,1,"delegate_cpu_graph"
"OpenCL","RELOAD_ENSURE","blk.12.ffn_gate_inp.weight","","",-1,-1,71,0,0,0,0,524288,1.502291,1,"decode_ensure"
"OpenCL","COMPUTE","ffn_moe_logits-12","MUL_MAT","f32",-1,2,-1,64,10,1,1,2560,0.658281,1,"clFinish_profiled"
"OpenCL","COMPUTE","ffn_moe_probs-12","SOFT_MAX","f32",-1,3,-1,64,10,1,1,2560,0.190156,1,"clFinish_profiled"
"OpenCL","COMPUTE","ffn_moe_argsort-12","ARGSORT","i32",-1,5,-1,64,10,1,1,2560,0.190365,1,"clFinish_profiled"
"OpenCL","COMPUTE","ffn_moe_weights-12","GET_ROWS","f32",-1,7,-1,1,8,10,1,320,0.178854,1,"clFinish_profiled"
"CPU_Elastic","COMPUTE_GRAPH","ggml_cgraph","GRAPH","",-1,21,-1,0,0,0,0,0,38.110885,1,"delegate_cpu_graph"
"CPU_Elastic","COMPUTE_GRAPH","ggml_cgraph","GRAPH","",-1,1,-1,0,0,0,0,0,3.052188,1,"delegate_cpu_graph"
"OpenCL","RELOAD_ENSURE","blk.13.attn_q_norm.weight","","",-1,-1,74,0,0,0,0,8192,0.663907,1,"decode_ensure"
"OpenCL","COMPUTE","Qcur-13","ROPE","f32",-1,3,-1,128,16,10,1,81920,0.415625,1,"clFinish_profiled"
"CPU_Elastic","COMPUTE_GRAPH","ggml_cgraph","GRAPH","",-1,1,-1,0,0,0,0,0,3.597709,1,"delegate_cpu_graph"
"OpenCL","RELOAD_ENSURE","blk.13.attn_k_norm.weight","","",-1,-1,75,0,0,0,0,8192,0.244010,1,"decode_ensure"
"OpenCL","COMPUTE","Kcur-13","ROPE","f32",-1,3,-1,128,16,10,1,81920,0.481041,1,"clFinish_profiled"
"OpenCL","COMPUTE","Vcur-13","MUL_MAT","f32",-1,4,-1,2048,10,1,1,81920,1.539948,1,"clFinish_profiled"
"OpenCL","COMPUTE","cache_k_l13 (view)","SET_ROWS","f16",-1,7,-1,2048,512,1,1,2097152,0.197604,1,"clFinish_profiled"
"OpenCL","COMPUTE","cache_v_l13 (view)","SET_ROWS","f16",-1,9,-1,2048,512,1,1,2097152,0.168282,1,"clFinish_profiled"
"OpenCL","COMPUTE","__fattn__-13","FLASH_ATTN_EXT","f32",-1,16,-1,128,16,10,1,81920,1.200781,1,"clFinish_profiled"
"CPU_Elastic","COMPUTE_GRAPH","ggml_cgraph","GRAPH","",-1,2,-1,0,0,0,0,0,4.816198,1,"delegate_cpu_graph"
"OpenCL","RELOAD_ENSURE","blk.13.ffn_gate_inp.weight","","",-1,-1,77,0,0,0,0,524288,1.625417,1,"decode_ensure"
"OpenCL","COMPUTE","ffn_moe_logits-13","MUL_MAT","f32",-1,2,-1,64,10,1,1,2560,0.916823,1,"clFinish_profiled"
"OpenCL","COMPUTE","ffn_moe_probs-13","SOFT_MAX","f32",-1,3,-1,64,10,1,1,2560,0.209010,1,"clFinish_profiled"
"OpenCL","COMPUTE","ffn_moe_argsort-13","ARGSORT","i32",-1,5,-1,64,10,1,1,2560,0.202135,1,"clFinish_profiled"
"OpenCL","COMPUTE","ffn_moe_weights-13","GET_ROWS","f32",-1,7,-1,1,8,10,1,320,0.195261,1,"clFinish_profiled"
"CPU_Elastic","COMPUTE_GRAPH","ggml_cgraph","GRAPH","",-1,21,-1,0,0,0,0,0,37.867812,1,"delegate_cpu_graph"
"CPU_Elastic","COMPUTE_GRAPH","ggml_cgraph","GRAPH","",-1,1,-1,0,0,0,0,0,2.380677,1,"delegate_cpu_graph"
"OpenCL","RELOAD_ENSURE","blk.14.attn_q_norm.weight","","",-1,-1,80,0,0,0,0,8192,0.682344,1,"decode_ensure"
"OpenCL","COMPUTE","Qcur-14","ROPE","f32",-1,3,-1,128,16,10,1,81920,0.420053,1,"clFinish_profiled"
"CPU_Elastic","COMPUTE_GRAPH","ggml_cgraph","GRAPH","",-1,1,-1,0,0,0,0,0,2.919688,1,"delegate_cpu_graph"
"OpenCL","RELOAD_ENSURE","blk.14.attn_k_norm.weight","","",-1,-1,81,0,0,0,0,8192,0.216875,1,"decode_ensure"
"OpenCL","COMPUTE","Kcur-14","ROPE","f32",-1,3,-1,128,16,10,1,81920,0.429635,1,"clFinish_profiled"
"OpenCL","COMPUTE","Vcur-14","MUL_MAT","f32",-1,4,-1,2048,10,1,1,81920,1.487396,1,"clFinish_profiled"
"OpenCL","COMPUTE","cache_k_l14 (view)","SET_ROWS","f16",-1,7,-1,2048,512,1,1,2097152,0.145781,1,"clFinish_profiled"
"OpenCL","COMPUTE","cache_v_l14 (view)","SET_ROWS","f16",-1,9,-1,2048,512,1,1,2097152,0.135677,1,"clFinish_profiled"
"OpenCL","COMPUTE","__fattn__-14","FLASH_ATTN_EXT","f32",-1,16,-1,128,16,10,1,81920,1.164271,1,"clFinish_profiled"
"CPU_Elastic","COMPUTE_GRAPH","ggml_cgraph","GRAPH","",-1,2,-1,0,0,0,0,0,2.572865,1,"delegate_cpu_graph"
"OpenCL","RELOAD_ENSURE","blk.14.ffn_gate_inp.weight","","",-1,-1,83,0,0,0,0,524288,1.479948,1,"decode_ensure"
"OpenCL","COMPUTE","ffn_moe_logits-14","MUL_MAT","f32",-1,2,-1,64,10,1,1,2560,0.654375,1,"clFinish_profiled"
"OpenCL","COMPUTE","ffn_moe_probs-14","SOFT_MAX","f32",-1,3,-1,64,10,1,1,2560,0.189844,1,"clFinish_profiled"
"OpenCL","COMPUTE","ffn_moe_argsort-14","ARGSORT","i32",-1,5,-1,64,10,1,1,2560,0.186198,1,"clFinish_profiled"
"OpenCL","COMPUTE","ffn_moe_weights-14","GET_ROWS","f32",-1,7,-1,1,8,10,1,320,0.179427,1,"clFinish_profiled"
"CPU_Elastic","COMPUTE_GRAPH","ggml_cgraph","GRAPH","",-1,21,-1,0,0,0,0,0,38.545312,1,"delegate_cpu_graph"
"CPU_Elastic","COMPUTE_GRAPH","ggml_cgraph","GRAPH","",-1,1,-1,0,0,0,0,0,2.422240,1,"delegate_cpu_graph"
"OpenCL","RELOAD_ENSURE","blk.15.attn_q_norm.weight","","",-1,-1,86,0,0,0,0,8192,0.675937,1,"decode_ensure"
"OpenCL","COMPUTE","Qcur-15","ROPE","f32",-1,3,-1,128,16,10,1,81920,0.418020,1,"clFinish_profiled"
"CPU_Elastic","COMPUTE_GRAPH","ggml_cgraph","GRAPH","",-1,1,-1,0,0,0,0,0,2.431406,1,"delegate_cpu_graph"
"OpenCL","RELOAD_ENSURE","blk.15.attn_k_norm.weight","","",-1,-1,87,0,0,0,0,8192,0.222865,1,"decode_ensure"
"OpenCL","COMPUTE","Kcur-15","ROPE","f32",-1,3,-1,128,16,10,1,81920,0.411719,1,"clFinish_profiled"
"OpenCL","COMPUTE","Vcur-15","MUL_MAT","f32",-1,4,-1,2048,10,1,1,81920,1.488385,1,"clFinish_profiled"
"OpenCL","COMPUTE","cache_k_l15 (view)","SET_ROWS","f16",-1,7,-1,2048,512,1,1,2097152,0.149114,1,"clFinish_profiled"
"OpenCL","COMPUTE","cache_v_l15 (view)","SET_ROWS","f16",-1,9,-1,2048,512,1,1,2097152,0.143854,1,"clFinish_profiled"
"OpenCL","COMPUTE","__fattn__-15","FLASH_ATTN_EXT","f32",-1,16,-1,128,16,10,1,81920,1.161094,1,"clFinish_profiled"
"CPU_Elastic","COMPUTE_GRAPH","ggml_cgraph","GRAPH","",-1,4,-1,0,0,0,0,0,4.129791,1,"delegate_cpu_graph"
"OpenCL","RELOAD_ENSURE","blk.15.ffn_gate_inp.weight","","",-1,-1,89,0,0,0,0,524288,1.476094,1,"decode_ensure"
"OpenCL","COMPUTE","ffn_moe_logits-15","MUL_MAT","f32",-1,2,-1,64,1,1,1,256,0.200208,1,"clFinish_profiled"
"OpenCL","COMPUTE","ffn_moe_probs-15","SOFT_MAX","f32",-1,3,-1,64,1,1,1,256,0.191302,1,"clFinish_profiled"
"OpenCL","COMPUTE","ffn_moe_argsort-15","ARGSORT","i32",-1,5,-1,64,1,1,1,256,0.190781,1,"clFinish_profiled"
"OpenCL","COMPUTE","ffn_moe_weights-15","GET_ROWS","f32",-1,7,-1,1,8,1,1,32,0.178281,1,"clFinish_profiled"
"CPU_Elastic","COMPUTE_GRAPH","ggml_cgraph","GRAPH","",-1,22,-1,0,0,0,0,0,9.902552,1,"delegate_cpu_graph"
"OpenCL","COMPUTE","result_norm","MUL","f32",-1,0,-1,2048,1,1,1,8192,0.498906,1,"clFinish_profiled"
"OpenCL","COMPUTE","result_output","MUL_MAT","f32",-1,1,-1,50304,1,1,1,201216,3.898021,1,"clFinish_profiled"
"CPU_Elastic","COMPUTE_GRAPH","ggml_cgraph","GRAPH","",-1,1,-1,0,0,0,0,0,0.009844,1,"delegate_cpu_graph"
"CPU_Elastic","COMPUTE_GRAPH","ggml_cgraph","GRAPH","",-1,1,-1,0,0,0,0,0,0.610156,1,"delegate_cpu_graph"
"OpenCL","COMPUTE","Qcur-0","ROPE","f32",-1,3,-1,128,16,1,1,8192,0.478073,1,"clFinish_profiled"
"CPU_Elastic","COMPUTE_GRAPH","ggml_cgraph","GRAPH","",-1,1,-1,0,0,0,0,0,0.384947,1,"delegate_cpu_graph"
"OpenCL","COMPUTE","Kcur-0","ROPE","f32",-1,3,-1,128,16,1,1,8192,0.404948,1,"clFinish_profiled"
"OpenCL","COMPUTE","Vcur-0","MUL_MAT","f32",-1,4,-1,2048,1,1,1,8192,0.353803,1,"clFinish_profiled"
"OpenCL","COMPUTE","cache_k_l0 (view)","SET_ROWS","f16",-1,7,-1,2048,512,1,1,2097152,0.195104,1,"clFinish_profiled"
"OpenCL","COMPUTE","cache_v_l0 (view)","SET_ROWS","f16",-1,9,-1,2048,512,1,1,2097152,0.194844,1,"clFinish_profiled"
"OpenCL","COMPUTE"," (copy)","CPY","f16",-1,16,-1,256,64,1,1,32768,0.202969,1,"clFinish_profiled"
"OpenCL","COMPUTE","__fattn__-0","FLASH_ATTN_EXT","f32",-1,17,-1,128,16,1,1,8192,0.414740,1,"clFinish_profiled"
"CPU_Elastic","COMPUTE_GRAPH","ggml_cgraph","GRAPH","",-1,2,-1,0,0,0,0,0,0.436042,1,"delegate_cpu_graph"
"OpenCL","COMPUTE","ffn_moe_logits-0","MUL_MAT","f32",-1,2,-1,64,1,1,1,256,0.444635,1,"clFinish_profiled"
"OpenCL","COMPUTE","ffn_moe_probs-0","SOFT_MAX","f32",-1,3,-1,64,1,1,1,256,0.209114,1,"clFinish_profiled"
"OpenCL","COMPUTE","ffn_moe_argsort-0","ARGSORT","i32",-1,5,-1,64,1,1,1,256,0.200208,1,"clFinish_profiled"
"OpenCL","COMPUTE","ffn_moe_weights-0","GET_ROWS","f32",-1,7,-1,1,8,1,1,32,0.190365,1,"clFinish_profiled"
"CPU_Elastic","COMPUTE_GRAPH","ggml_cgraph","GRAPH","",-1,21,-1,0,0,0,0,0,6.367812,1,"delegate_cpu_graph"
"CPU_Elastic","COMPUTE_GRAPH","ggml_cgraph","GRAPH","",-1,1,-1,0,0,0,0,0,0.922396,1,"delegate_cpu_graph"
"OpenCL","COMPUTE","Qcur-1","ROPE","f32",-1,3,-1,128,16,1,1,8192,0.495573,1,"clFinish_profiled"
"CPU_Elastic","COMPUTE_GRAPH","ggml_cgraph","GRAPH","",-1,1,-1,0,0,0,0,0,0.453490,1,"delegate_cpu_graph"
"OpenCL","COMPUTE","Kcur-1","ROPE","f32",-1,3,-1,128,16,1,1,8192,0.400104,1,"clFinish_profiled"
"OpenCL","COMPUTE","Vcur-1","MUL_MAT","f32",-1,4,-1,2048,1,1,1,8192,0.357656,1,"clFinish_profiled"
"OpenCL","COMPUTE","cache_k_l1 (view)","SET_ROWS","f16",-1,7,-1,2048,512,1,1,2097152,0.192917,1,"clFinish_profiled"
"OpenCL","COMPUTE","cache_v_l1 (view)","SET_ROWS","f16",-1,9,-1,2048,512,1,1,2097152,0.191458,1,"clFinish_profiled"
"OpenCL","COMPUTE","__fattn__-1","FLASH_ATTN_EXT","f32",-1,16,-1,128,16,1,1,8192,0.410834,1,"clFinish_profiled"
"CPU_Elastic","COMPUTE_GRAPH","ggml_cgraph","GRAPH","",-1,2,-1,0,0,0,0,0,1.788958,1,"delegate_cpu_graph"
"OpenCL","COMPUTE","ffn_moe_logits-1","MUL_MAT","f32",-1,2,-1,64,1,1,1,256,0.475990,1,"clFinish_profiled"
"OpenCL","COMPUTE","ffn_moe_probs-1","SOFT_MAX","f32",-1,3,-1,64,1,1,1,256,0.203958,1,"clFinish_profiled"
"OpenCL","COMPUTE","ffn_moe_argsort-1","ARGSORT","i32",-1,5,-1,64,1,1,1,256,0.197813,1,"clFinish_profiled"
"OpenCL","COMPUTE","ffn_moe_weights-1","GET_ROWS","f32",-1,7,-1,1,8,1,1,32,0.187448,1,"clFinish_profiled"
"CPU_Elastic","COMPUTE_GRAPH","ggml_cgraph","GRAPH","",-1,21,-1,0,0,0,0,0,12.361615,1,"delegate_cpu_graph"
"CPU_Elastic","COMPUTE_GRAPH","ggml_cgraph","GRAPH","",-1,1,-1,0,0,0,0,0,1.017500,1,"delegate_cpu_graph"
"OpenCL","COMPUTE","Qcur-2","ROPE","f32",-1,3,-1,128,16,1,1,8192,0.472083,1,"clFinish_profiled"
"CPU_Elastic","COMPUTE_GRAPH","ggml_cgraph","GRAPH","",-1,1,-1,0,0,0,0,0,1.282292,1,"delegate_cpu_graph"
"OpenCL","COMPUTE","Kcur-2","ROPE","f32",-1,3,-1,128,16,1,1,8192,0.543958,1,"clFinish_profiled"
"CPU_Elastic","COMPUTE_GRAPH","ggml_cgraph","GRAPH","",-1,3,-1,0,0,0,0,0,2.009740,1,"delegate_cpu_graph"
"OpenCL","COMPUTE","cache_k_l2 (view)","SET_ROWS","f16",-1,0,-1,2048,512,1,1,2097152,0.524063,1,"clFinish_profiled"
"OpenCL","COMPUTE","cache_v_l2 (view)","SET_ROWS","f16",-1,2,-1,2048,512,1,1,2097152,0.214063,1,"clFinish_profiled"
"OpenCL","COMPUTE","__fattn__-2","FLASH_ATTN_EXT","f32",-1,9,-1,128,16,1,1,8192,0.551823,1,"clFinish_profiled"
"CPU_Elastic","COMPUTE_GRAPH","ggml_cgraph","GRAPH","",-1,2,-1,0,0,0,0,0,1.871146,1,"delegate_cpu_graph"
"OpenCL","COMPUTE","ffn_moe_logits-2","MUL_MAT","f32",-1,2,-1,64,1,1,1,256,0.529479,1,"clFinish_profiled"
"OpenCL","COMPUTE","ffn_moe_probs-2","SOFT_MAX","f32",-1,3,-1,64,1,1,1,256,0.213073,1,"clFinish_profiled"
"OpenCL","COMPUTE","ffn_moe_argsort-2","ARGSORT","i32",-1,5,-1,64,1,1,1,256,0.203542,1,"clFinish_profiled"
"OpenCL","COMPUTE","ffn_moe_weights-2","GET_ROWS","f32",-1,7,-1,1,8,1,1,32,0.192917,1,"clFinish_profiled"
"CPU_Elastic","COMPUTE_GRAPH","ggml_cgraph","GRAPH","",-1,21,-1,0,0,0,0,0,11.531303,1,"delegate_cpu_graph"
"CPU_Elastic","COMPUTE_GRAPH","ggml_cgraph","GRAPH","",-1,1,-1,0,0,0,0,0,1.583698,1,"delegate_cpu_graph"
"OpenCL","COMPUTE","Qcur-3","ROPE","f32",-1,3,-1,128,16,1,1,8192,0.546303,1,"clFinish_profiled"
"CPU_Elastic","COMPUTE_GRAPH","ggml_cgraph","GRAPH","",-1,1,-1,0,0,0,0,0,1.304583,1,"delegate_cpu_graph"
"OpenCL","COMPUTE","Kcur-3","ROPE","f32",-1,3,-1,128,16,1,1,8192,0.550625,1,"clFinish_profiled"
"CPU_Elastic","COMPUTE_GRAPH","ggml_cgraph","GRAPH","",-1,3,-1,0,0,0,0,0,2.366354,1,"delegate_cpu_graph"
"OpenCL","COMPUTE","cache_k_l3 (view)","SET_ROWS","f16",-1,0,-1,2048,512,1,1,2097152,0.509844,1,"clFinish_profiled"
"OpenCL","COMPUTE","cache_v_l3 (view)","SET_ROWS","f16",-1,2,-1,2048,512,1,1,2097152,0.203854,1,"clFinish_profiled"
"OpenCL","COMPUTE","__fattn__-3","FLASH_ATTN_EXT","f32",-1,9,-1,128,16,1,1,8192,0.418385,1,"clFinish_profiled"
"CPU_Elastic","COMPUTE_GRAPH","ggml_cgraph","GRAPH","",-1,2,-1,0,0,0,0,0,1.762500,1,"delegate_cpu_graph"
"OpenCL","COMPUTE","ffn_moe_logits-3","MUL_MAT","f32",-1,2,-1,64,1,1,1,256,0.534843,1,"clFinish_profiled"
"OpenCL","COMPUTE","ffn_moe_probs-3","SOFT_MAX","f32",-1,3,-1,64,1,1,1,256,0.212552,1,"clFinish_profiled"
"OpenCL","COMPUTE","ffn_moe_argsort-3","ARGSORT","i32",-1,5,-1,64,1,1,1,256,0.291406,1,"clFinish_profiled"
"OpenCL","COMPUTE","ffn_moe_weights-3","GET_ROWS","f32",-1,7,-1,1,8,1,1,32,0.107500,1,"clFinish_profiled"
"CPU_Elastic","COMPUTE_GRAPH","ggml_cgraph","GRAPH","",-1,21,-1,0,0,0,0,0,6.764219,1,"delegate_cpu_graph"
"CPU_Elastic","COMPUTE_GRAPH","ggml_cgraph","GRAPH","",-1,1,-1,0,0,0,0,0,0.959375,1,"delegate_cpu_graph"
"OpenCL","COMPUTE","Qcur-4","ROPE","f32",-1,3,-1,128,16,1,1,8192,0.528386,1,"clFinish_profiled"
"CPU_Elastic","COMPUTE_GRAPH","ggml_cgraph","GRAPH","",-1,1,-1,0,0,0,0,0,1.633750,1,"delegate_cpu_graph"
"OpenCL","COMPUTE","Kcur-4","ROPE","f32",-1,3,-1,128,16,1,1,8192,0.530678,1,"clFinish_profiled"
"OpenCL","COMPUTE","Vcur-4","MUL_MAT","f32",-1,4,-1,2048,1,1,1,8192,0.372344,1,"clFinish_profiled"
"OpenCL","COMPUTE","cache_k_l4 (view)","SET_ROWS","f16",-1,7,-1,2048,512,1,1,2097152,0.228802,1,"clFinish_profiled"
"OpenCL","COMPUTE","cache_v_l4 (view)","SET_ROWS","f16",-1,9,-1,2048,512,1,1,2097152,0.195677,1,"clFinish_profiled"
"OpenCL","COMPUTE","__fattn__-4","FLASH_ATTN_EXT","f32",-1,16,-1,128,16,1,1,8192,0.417240,1,"clFinish_profiled"
"CPU_Elastic","COMPUTE_GRAPH","ggml_cgraph","GRAPH","",-1,2,-1,0,0,0,0,0,1.872708,1,"delegate_cpu_graph"
"OpenCL","COMPUTE","ffn_moe_logits-4","MUL_MAT","f32",-1,2,-1,64,1,1,1,256,0.527136,1,"clFinish_profiled"
"OpenCL","COMPUTE","ffn_moe_probs-4","SOFT_MAX","f32",-1,3,-1,64,1,1,1,256,0.213125,1,"clFinish_profiled"
"OpenCL","COMPUTE","ffn_moe_argsort-4","ARGSORT","i32",-1,5,-1,64,1,1,1,256,0.204844,1,"clFinish_profiled"
"OpenCL","COMPUTE","ffn_moe_weights-4","GET_ROWS","f32",-1,7,-1,1,8,1,1,32,0.226979,1,"clFinish_profiled"
"CPU_Elastic","COMPUTE_GRAPH","ggml_cgraph","GRAPH","",-1,21,-1,0,0,0,0,0,12.574427,1,"delegate_cpu_graph"
"CPU_Elastic","COMPUTE_GRAPH","ggml_cgraph","GRAPH","",-1,1,-1,0,0,0,0,0,1.718386,1,"delegate_cpu_graph"
"OpenCL","COMPUTE","Qcur-5","ROPE","f32",-1,3,-1,128,16,1,1,8192,0.523698,1,"clFinish_profiled"
"CPU_Elastic","COMPUTE_GRAPH","ggml_cgraph","GRAPH","",-1,1,-1,0,0,0,0,0,1.511979,1,"delegate_cpu_graph"
"OpenCL","COMPUTE","Kcur-5","ROPE","f32",-1,3,-1,128,16,1,1,8192,0.547083,1,"clFinish_profiled"
"CPU_Elastic","COMPUTE_GRAPH","ggml_cgraph","GRAPH","",-1,3,-1,0,0,0,0,0,2.144791,1,"delegate_cpu_graph"
"OpenCL","COMPUTE","cache_k_l5 (view)","SET_ROWS","f16",-1,0,-1,2048,512,1,1,2097152,0.507344,1,"clFinish_profiled"
"OpenCL","COMPUTE","cache_v_l5 (view)","SET_ROWS","f16",-1,2,-1,2048,512,1,1,2097152,0.227031,1,"clFinish_profiled"
"OpenCL","COMPUTE","__fattn__-5","FLASH_ATTN_EXT","f32",-1,9,-1,128,16,1,1,8192,0.441562,1,"clFinish_profiled"
"CPU_Elastic","COMPUTE_GRAPH","ggml_cgraph","GRAPH","",-1,2,-1,0,0,0,0,0,1.905209,1,"delegate_cpu_graph"
"OpenCL","COMPUTE","ffn_moe_logits-5","MUL_MAT","f32",-1,2,-1,64,1,1,1,256,0.507344,1,"clFinish_profiled"
"OpenCL","COMPUTE","ffn_moe_probs-5","SOFT_MAX","f32",-1,3,-1,64,1,1,1,256,0.207031,1,"clFinish_profiled"
"OpenCL","COMPUTE","ffn_moe_argsort-5","ARGSORT","i32",-1,5,-1,64,1,1,1,256,0.138594,1,"clFinish_profiled"
"OpenCL","COMPUTE","ffn_moe_weights-5","GET_ROWS","f32",-1,7,-1,1,8,1,1,32,0.184375,1,"clFinish_profiled"
"CPU_Elastic","COMPUTE_GRAPH","ggml_cgraph","GRAPH","",-1,21,-1,0,0,0,0,0,6.924531,1,"delegate_cpu_graph"
"CPU_Elastic","COMPUTE_GRAPH","ggml_cgraph","GRAPH","",-1,1,-1,0,0,0,0,0,0.960000,1,"delegate_cpu_graph"
"OpenCL","COMPUTE","Qcur-6","ROPE","f32",-1,3,-1,128,16,1,1,8192,0.508646,1,"clFinish_profiled"
"CPU_Elastic","COMPUTE_GRAPH","ggml_cgraph","GRAPH","",-1,1,-1,0,0,0,0,0,1.808959,1,"delegate_cpu_graph"
"OpenCL","COMPUTE","Kcur-6","ROPE","f32",-1,3,-1,128,16,1,1,8192,0.520677,1,"clFinish_profiled"
"CPU_Elastic","COMPUTE_GRAPH","ggml_cgraph","GRAPH","",-1,3,-1,0,0,0,0,0,2.080729,1,"delegate_cpu_graph"
"OpenCL","COMPUTE","cache_k_l6 (view)","SET_ROWS","f16",-1,0,-1,2048,512,1,1,2097152,0.487604,1,"clFinish_profiled"
"OpenCL","COMPUTE","cache_v_l6 (view)","SET_ROWS","f16",-1,2,-1,2048,512,1,1,2097152,0.205260,1,"clFinish_profiled"
"OpenCL","COMPUTE","__fattn__-6","FLASH_ATTN_EXT","f32",-1,9,-1,128,16,1,1,8192,0.443490,1,"clFinish_profiled"
"CPU_Elastic","COMPUTE_GRAPH","ggml_cgraph","GRAPH","",-1,2,-1,0,0,0,0,0,1.946198,1,"delegate_cpu_graph"
"OpenCL","COMPUTE","ffn_moe_logits-6","MUL_MAT","f32",-1,2,-1,64,1,1,1,256,0.517031,1,"clFinish_profiled"
"OpenCL","COMPUTE","ffn_moe_probs-6","SOFT_MAX","f32",-1,3,-1,64,1,1,1,256,0.215833,1,"clFinish_profiled"
"OpenCL","COMPUTE","ffn_moe_argsort-6","ARGSORT","i32",-1,5,-1,64,1,1,1,256,0.204948,1,"clFinish_profiled"
"OpenCL","COMPUTE","ffn_moe_weights-6","GET_ROWS","f32",-1,7,-1,1,8,1,1,32,0.194531,1,"clFinish_profiled"
"CPU_Elastic","COMPUTE_GRAPH","ggml_cgraph","GRAPH","",-1,21,-1,0,0,0,0,0,9.286250,1,"delegate_cpu_graph"
"CPU_Elastic","COMPUTE_GRAPH","ggml_cgraph","GRAPH","",-1,1,-1,0,0,0,0,0,0.374479,1,"delegate_cpu_graph"
"OpenCL","COMPUTE","Qcur-7","ROPE","f32",-1,3,-1,128,16,1,1,8192,0.405989,1,"clFinish_profiled"
"CPU_Elastic","COMPUTE_GRAPH","ggml_cgraph","GRAPH","",-1,1,-1,0,0,0,0,0,0.461563,1,"delegate_cpu_graph"
"OpenCL","COMPUTE","Kcur-7","ROPE","f32",-1,3,-1,128,16,1,1,8192,0.402239,1,"clFinish_profiled"
"OpenCL","COMPUTE","Vcur-7","MUL_MAT","f32",-1,4,-1,2048,1,1,1,8192,0.415365,1,"clFinish_profiled"
"OpenCL","COMPUTE","cache_k_l7 (view)","SET_ROWS","f16",-1,7,-1,2048,512,1,1,2097152,0.219115,1,"clFinish_profiled"
"OpenCL","COMPUTE","cache_v_l7 (view)","SET_ROWS","f16",-1,9,-1,2048,512,1,1,2097152,0.193593,1,"clFinish_profiled"
"OpenCL","COMPUTE","__fattn__-7","FLASH_ATTN_EXT","f32",-1,16,-1,128,16,1,1,8192,0.408697,1,"clFinish_profiled"
"CPU_Elastic","COMPUTE_GRAPH","ggml_cgraph","GRAPH","",-1,2,-1,0,0,0,0,0,1.968282,1,"delegate_cpu_graph"
"OpenCL","COMPUTE","ffn_moe_logits-7","MUL_MAT","f32",-1,2,-1,64,1,1,1,256,0.496094,1,"clFinish_profiled"
"OpenCL","COMPUTE","ffn_moe_probs-7","SOFT_MAX","f32",-1,3,-1,64,1,1,1,256,0.207031,1,"clFinish_profiled"
"OpenCL","COMPUTE","ffn_moe_argsort-7","ARGSORT","i32",-1,5,-1,64,1,1,1,256,0.120156,1,"clFinish_profiled"
"OpenCL","COMPUTE","ffn_moe_weights-7","GET_ROWS","f32",-1,7,-1,1,8,1,1,32,0.200573,1,"clFinish_profiled"
"CPU_Elastic","COMPUTE_GRAPH","ggml_cgraph","GRAPH","",-1,21,-1,0,0,0,0,0,8.402605,1,"delegate_cpu_graph"
"CPU_Elastic","COMPUTE_GRAPH","ggml_cgraph","GRAPH","",-1,1,-1,0,0,0,0,0,0.407083,1,"delegate_cpu_graph"
"OpenCL","COMPUTE","Qcur-8","ROPE","f32",-1,3,-1,128,16,1,1,8192,0.439114,1,"clFinish_profiled"
"CPU_Elastic","COMPUTE_GRAPH","ggml_cgraph","GRAPH","",-1,1,-1,0,0,0,0,0,0.425938,1,"delegate_cpu_graph"
"OpenCL","COMPUTE","Kcur-8","ROPE","f32",-1,3,-1,128,16,1,1,8192,0.423333,1,"clFinish_profiled"
"CPU_Elastic","COMPUTE_GRAPH","ggml_cgraph","GRAPH","",-1,3,-1,0,0,0,0,0,0.449792,1,"delegate_cpu_graph"
"OpenCL","COMPUTE","cache_k_l8 (view)","SET_ROWS","f16",-1,0,-1,2048,512,1,1,2097152,0.391146,1,"clFinish_profiled"
"OpenCL","COMPUTE","cache_v_l8 (view)","SET_ROWS","f16",-1,2,-1,2048,512,1,1,2097152,0.229948,1,"clFinish_profiled"
"OpenCL","COMPUTE","__fattn__-8","FLASH_ATTN_EXT","f32",-1,9,-1,128,16,1,1,8192,0.425834,1,"clFinish_profiled"
"CPU_Elastic","COMPUTE_GRAPH","ggml_cgraph","GRAPH","",-1,2,-1,0,0,0,0,0,1.811094,1,"delegate_cpu_graph"
"OpenCL","COMPUTE","ffn_moe_logits-8","MUL_MAT","f32",-1,2,-1,64,1,1,1,256,0.539896,1,"clFinish_profiled"
"OpenCL","COMPUTE","ffn_moe_probs-8","SOFT_MAX","f32",-1,3,-1,64,1,1,1,256,0.241875,1,"clFinish_profiled"
"OpenCL","COMPUTE","ffn_moe_argsort-8","ARGSORT","i32",-1,5,-1,64,1,1,1,256,0.205677,1,"clFinish_profiled"
"OpenCL","COMPUTE","ffn_moe_weights-8","GET_ROWS","f32",-1,7,-1,1,8,1,1,32,0.101875,1,"clFinish_profiled"
"CPU_Elastic","COMPUTE_GRAPH","ggml_cgraph","GRAPH","",-1,21,-1,0,0,0,0,0,12.505104,1,"delegate_cpu_graph"
"CPU_Elastic","COMPUTE_GRAPH","ggml_cgraph","GRAPH","",-1,1,-1,0,0,0,0,0,1.501562,1,"delegate_cpu_graph"
"OpenCL","COMPUTE","Qcur-9","ROPE","f32",-1,3,-1,128,16,1,1,8192,0.525521,1,"clFinish_profiled"
"CPU_Elastic","COMPUTE_GRAPH","ggml_cgraph","GRAPH","",-1,1,-1,0,0,0,0,0,1.733958,1,"delegate_cpu_graph"
"OpenCL","COMPUTE","Kcur-9","ROPE","f32",-1,3,-1,128,16,1,1,8192,0.490157,1,"clFinish_profiled"
"CPU_Elastic","COMPUTE_GRAPH","ggml_cgraph","GRAPH","",-1,3,-1,0,0,0,0,0,1.868230,1,"delegate_cpu_graph"
"OpenCL","COMPUTE","cache_k_l9 (view)","SET_ROWS","f16",-1,0,-1,2048,512,1,1,2097152,0.481563,1,"clFinish_profiled"
"OpenCL","COMPUTE","cache_v_l9 (view)","SET_ROWS","f16",-1,2,-1,2048,512,1,1,2097152,0.219063,1,"clFinish_profiled"
"OpenCL","COMPUTE","__fattn__-9","FLASH_ATTN_EXT","f32",-1,9,-1,128,16,1,1,8192,0.417709,1,"clFinish_profiled"
"CPU_Elastic","COMPUTE_GRAPH","ggml_cgraph","GRAPH","",-1,2,-1,0,0,0,0,0,1.942448,1,"delegate_cpu_graph"
"OpenCL","COMPUTE","ffn_moe_logits-9","MUL_MAT","f32",-1,2,-1,64,1,1,1,256,0.566354,1,"clFinish_profiled"
"OpenCL","COMPUTE","ffn_moe_probs-9","SOFT_MAX","f32",-1,3,-1,64,1,1,1,256,0.182135,1,"clFinish_profiled"
"OpenCL","COMPUTE","ffn_moe_argsort-9","ARGSORT","i32",-1,5,-1,64,1,1,1,256,0.239375,1,"clFinish_profiled"
"OpenCL","COMPUTE","ffn_moe_weights-9","GET_ROWS","f32",-1,7,-1,1,8,1,1,32,0.217344,1,"clFinish_profiled"
"CPU_Elastic","COMPUTE_GRAPH","ggml_cgraph","GRAPH","",-1,21,-1,0,0,0,0,0,10.946042,1,"delegate_cpu_graph"
"CPU_Elastic","COMPUTE_GRAPH","ggml_cgraph","GRAPH","",-1,1,-1,0,0,0,0,0,1.678230,1,"delegate_cpu_graph"
"OpenCL","COMPUTE","Qcur-10","ROPE","f32",-1,3,-1,128,16,1,1,8192,0.527240,1,"clFinish_profiled"
"CPU_Elastic","COMPUTE_GRAPH","ggml_cgraph","GRAPH","",-1,1,-1,0,0,0,0,0,1.504167,1,"delegate_cpu_graph"
"OpenCL","COMPUTE","Kcur-10","ROPE","f32",-1,3,-1,128,16,1,1,8192,0.545469,1,"clFinish_profiled"
"OpenCL","COMPUTE","Vcur-10","MUL_MAT","f32",-1,4,-1,2048,1,1,1,8192,0.355677,1,"clFinish_profiled"
"OpenCL","COMPUTE","cache_k_l10 (view)","SET_ROWS","f16",-1,7,-1,2048,512,1,1,2097152,0.198177,1,"clFinish_profiled"
"OpenCL","COMPUTE","cache_v_l10 (view)","SET_ROWS","f16",-1,9,-1,2048,512,1,1,2097152,0.206355,1,"clFinish_profiled"
"OpenCL","COMPUTE","__fattn__-10","FLASH_ATTN_EXT","f32",-1,16,-1,128,16,1,1,8192,0.414479,1,"clFinish_profiled"
"CPU_Elastic","COMPUTE_GRAPH","ggml_cgraph","GRAPH","",-1,2,-1,0,0,0,0,0,0.464532,1,"delegate_cpu_graph"
"OpenCL","COMPUTE","ffn_moe_logits-10","MUL_MAT","f32",-1,2,-1,64,1,1,1,256,0.409062,1,"clFinish_profiled"
"OpenCL","COMPUTE","ffn_moe_probs-10","SOFT_MAX","f32",-1,3,-1,64,1,1,1,256,0.193959,1,"clFinish_profiled"
"OpenCL","COMPUTE","ffn_moe_argsort-10","ARGSORT","i32",-1,5,-1,64,1,1,1,256,0.211927,1,"clFinish_profiled"
"OpenCL","COMPUTE","ffn_moe_weights-10","GET_ROWS","f32",-1,7,-1,1,8,1,1,32,0.253490,1,"clFinish_profiled"
"CPU_Elastic","COMPUTE_GRAPH","ggml_cgraph","GRAPH","",-1,21,-1,0,0,0,0,0,8.640469,1,"delegate_cpu_graph"
"CPU_Elastic","COMPUTE_GRAPH","ggml_cgraph","GRAPH","",-1,1,-1,0,0,0,0,0,0.399167,1,"delegate_cpu_graph"
"OpenCL","COMPUTE","Qcur-11","ROPE","f32",-1,3,-1,128,16,1,1,8192,0.429271,1,"clFinish_profiled"
"CPU_Elastic","COMPUTE_GRAPH","ggml_cgraph","GRAPH","",-1,1,-1,0,0,0,0,0,0.437500,1,"delegate_cpu_graph"
"OpenCL","COMPUTE","Kcur-11","ROPE","f32",-1,3,-1,128,16,1,1,8192,0.402083,1,"clFinish_profiled"
"CPU_Elastic","COMPUTE_GRAPH","ggml_cgraph","GRAPH","",-1,3,-1,0,0,0,0,0,0.468490,1,"delegate_cpu_graph"
"OpenCL","COMPUTE","cache_k_l11 (view)","SET_ROWS","f16",-1,0,-1,2048,512,1,1,2097152,0.408593,1,"clFinish_profiled"
"OpenCL","COMPUTE","cache_v_l11 (view)","SET_ROWS","f16",-1,2,-1,2048,512,1,1,2097152,0.221354,1,"clFinish_profiled"
"OpenCL","COMPUTE","__fattn__-11","FLASH_ATTN_EXT","f32",-1,9,-1,128,16,1,1,8192,0.422344,1,"clFinish_profiled"
"CPU_Elastic","COMPUTE_GRAPH","ggml_cgraph","GRAPH","",-1,2,-1,0,0,0,0,0,1.227083,1,"delegate_cpu_graph"
"OpenCL","COMPUTE","ffn_moe_logits-11","MUL_MAT","f32",-1,2,-1,64,1,1,1,256,0.528594,1,"clFinish_profiled"
"OpenCL","COMPUTE","ffn_moe_probs-11","SOFT_MAX","f32",-1,3,-1,64,1,1,1,256,0.209375,1,"clFinish_profiled"
"OpenCL","COMPUTE","ffn_moe_argsort-11","ARGSORT","i32",-1,5,-1,64,1,1,1,256,0.120677,1,"clFinish_profiled"
"OpenCL","COMPUTE","ffn_moe_weights-11","GET_ROWS","f32",-1,7,-1,1,8,1,1,32,0.230364,1,"clFinish_profiled"
"CPU_Elastic","COMPUTE_GRAPH","ggml_cgraph","GRAPH","",-1,21,-1,0,0,0,0,0,11.920312,1,"delegate_cpu_graph"
"CPU_Elastic","COMPUTE_GRAPH","ggml_cgraph","GRAPH","",-1,1,-1,0,0,0,0,0,1.838594,1,"delegate_cpu_graph"
"OpenCL","COMPUTE","Qcur-12","ROPE","f32",-1,3,-1,128,16,1,1,8192,0.520312,1,"clFinish_profiled"
"CPU_Elastic","COMPUTE_GRAPH","ggml_cgraph","GRAPH","",-1,1,-1,0,0,0,0,0,1.495625,1,"delegate_cpu_graph"
"OpenCL","COMPUTE","Kcur-12","ROPE","f32",-1,3,-1,128,16,1,1,8192,0.527656,1,"clFinish_profiled"
"CPU_Elastic","COMPUTE_GRAPH","ggml_cgraph","GRAPH","",-1,3,-1,0,0,0,0,0,0.620729,1,"delegate_cpu_graph"
"OpenCL","COMPUTE","cache_k_l12 (view)","SET_ROWS","f16",-1,0,-1,2048,512,1,1,2097152,0.501302,1,"clFinish_profiled"
"OpenCL","COMPUTE","cache_v_l12 (view)","SET_ROWS","f16",-1,2,-1,2048,512,1,1,2097152,0.199948,1,"clFinish_profiled"
"OpenCL","COMPUTE","__fattn__-12","FLASH_ATTN_EXT","f32",-1,9,-1,128,16,1,1,8192,0.428490,1,"clFinish_profiled"
"CPU_Elastic","COMPUTE_GRAPH","ggml_cgraph","GRAPH","",-1,2,-1,0,0,0,0,0,1.105416,1,"delegate_cpu_graph"
"OpenCL","COMPUTE","ffn_moe_logits-12","MUL_MAT","f32",-1,2,-1,64,1,1,1,256,0.533229,1,"clFinish_profiled"
"OpenCL","COMPUTE","ffn_moe_probs-12","SOFT_MAX","f32",-1,3,-1,64,1,1,1,256,0.248854,1,"clFinish_profiled"
"OpenCL","COMPUTE","ffn_moe_argsort-12","ARGSORT","i32",-1,5,-1,64,1,1,1,256,0.198594,1,"clFinish_profiled"
"OpenCL","COMPUTE","ffn_moe_weights-12","GET_ROWS","f32",-1,7,-1,1,8,1,1,32,0.097031,1,"clFinish_profiled"
"CPU_Elastic","COMPUTE_GRAPH","ggml_cgraph","GRAPH","",-1,21,-1,0,0,0,0,0,9.415365,1,"delegate_cpu_graph"
"CPU_Elastic","COMPUTE_GRAPH","ggml_cgraph","GRAPH","",-1,1,-1,0,0,0,0,0,0.401355,1,"delegate_cpu_graph"
"OpenCL","COMPUTE","Qcur-13","ROPE","f32",-1,3,-1,128,16,1,1,8192,0.444480,1,"clFinish_profiled"
"CPU_Elastic","COMPUTE_GRAPH","ggml_cgraph","GRAPH","",-1,1,-1,0,0,0,0,0,0.425573,1,"delegate_cpu_graph"
"OpenCL","COMPUTE","Kcur-13","ROPE","f32",-1,3,-1,128,16,1,1,8192,0.408854,1,"clFinish_profiled"
"OpenCL","COMPUTE","Vcur-13","MUL_MAT","f32",-1,4,-1,2048,1,1,1,8192,0.359687,1,"clFinish_profiled"
"OpenCL","COMPUTE","cache_k_l13 (view)","SET_ROWS","f16",-1,7,-1,2048,512,1,1,2097152,0.199739,1,"clFinish_profiled"
"OpenCL","COMPUTE","cache_v_l13 (view)","SET_ROWS","f16",-1,9,-1,2048,512,1,1,2097152,0.181407,1,"clFinish_profiled"
"OpenCL","COMPUTE","__fattn__-13","FLASH_ATTN_EXT","f32",-1,16,-1,128,16,1,1,8192,0.413281,1,"clFinish_profiled"
"CPU_Elastic","COMPUTE_GRAPH","ggml_cgraph","GRAPH","",-1,2,-1,0,0,0,0,0,1.799271,1,"delegate_cpu_graph"
"OpenCL","COMPUTE","ffn_moe_logits-13","MUL_MAT","f32",-1,2,-1,64,1,1,1,256,0.516927,1,"clFinish_profiled"
"OpenCL","COMPUTE","ffn_moe_probs-13","SOFT_MAX","f32",-1,3,-1,64,1,1,1,256,0.209375,1,"clFinish_profiled"
"OpenCL","COMPUTE","ffn_moe_argsort-13","ARGSORT","i32",-1,5,-1,64,1,1,1,256,0.246875,1,"clFinish_profiled"
"OpenCL","COMPUTE","ffn_moe_weights-13","GET_ROWS","f32",-1,7,-1,1,8,1,1,32,0.191771,1,"clFinish_profiled"
"CPU_Elastic","COMPUTE_GRAPH","ggml_cgraph","GRAPH","",-1,21,-1,0,0,0,0,0,11.867500,1,"delegate_cpu_graph"
"CPU_Elastic","COMPUTE_GRAPH","ggml_cgraph","GRAPH","",-1,1,-1,0,0,0,0,0,1.846980,1,"delegate_cpu_graph"
"OpenCL","COMPUTE","Qcur-14","ROPE","f32",-1,3,-1,128,16,1,1,8192,0.509948,1,"clFinish_profiled"
"CPU_Elastic","COMPUTE_GRAPH","ggml_cgraph","GRAPH","",-1,1,-1,0,0,0,0,0,1.782136,1,"delegate_cpu_graph"
"OpenCL","COMPUTE","Kcur-14","ROPE","f32",-1,3,-1,128,16,1,1,8192,0.487395,1,"clFinish_profiled"
"OpenCL","COMPUTE","Vcur-14","MUL_MAT","f32",-1,4,-1,2048,1,1,1,8192,0.374895,1,"clFinish_profiled"
"OpenCL","COMPUTE","cache_k_l14 (view)","SET_ROWS","f16",-1,7,-1,2048,512,1,1,2097152,0.194219,1,"clFinish_profiled"
"OpenCL","COMPUTE","cache_v_l14 (view)","SET_ROWS","f16",-1,9,-1,2048,512,1,1,2097152,0.195938,1,"clFinish_profiled"
"OpenCL","COMPUTE","__fattn__-14","FLASH_ATTN_EXT","f32",-1,16,-1,128,16,1,1,8192,0.405625,1,"clFinish_profiled"
"CPU_Elastic","COMPUTE_GRAPH","ggml_cgraph","GRAPH","",-1,2,-1,0,0,0,0,0,1.946198,1,"delegate_cpu_graph"
"OpenCL","COMPUTE","ffn_moe_logits-14","MUL_MAT","f32",-1,2,-1,64,1,1,1,256,0.513021,1,"clFinish_profiled"
"OpenCL","COMPUTE","ffn_moe_probs-14","SOFT_MAX","f32",-1,3,-1,64,1,1,1,256,0.210156,1,"clFinish_profiled"
"OpenCL","COMPUTE","ffn_moe_argsort-14","ARGSORT","i32",-1,5,-1,64,1,1,1,256,0.198177,1,"clFinish_profiled"
"OpenCL","COMPUTE","ffn_moe_weights-14","GET_ROWS","f32",-1,7,-1,1,8,1,1,32,0.187604,1,"clFinish_profiled"
"CPU_Elastic","COMPUTE_GRAPH","ggml_cgraph","GRAPH","",-1,21,-1,0,0,0,0,0,8.053281,1,"delegate_cpu_graph"
"CPU_Elastic","COMPUTE_GRAPH","ggml_cgraph","GRAPH","",-1,1,-1,0,0,0,0,0,0.400677,1,"delegate_cpu_graph"
"OpenCL","COMPUTE","Qcur-15","ROPE","f32",-1,3,-1,128,16,1,1,8192,0.400364,1,"clFinish_profiled"
"CPU_Elastic","COMPUTE_GRAPH","ggml_cgraph","GRAPH","",-1,1,-1,0,0,0,0,0,0.470625,1,"delegate_cpu_graph"
"OpenCL","COMPUTE","Kcur-15","ROPE","f32",-1,3,-1,128,16,1,1,8192,0.425364,1,"clFinish_profiled"
"OpenCL","COMPUTE","Vcur-15","MUL_MAT","f32",-1,4,-1,2048,1,1,1,8192,0.368177,1,"clFinish_profiled"
"OpenCL","COMPUTE","cache_k_l15 (view)","SET_ROWS","f16",-1,7,-1,2048,512,1,1,2097152,0.251198,1,"clFinish_profiled"
"OpenCL","COMPUTE","cache_v_l15 (view)","SET_ROWS","f16",-1,9,-1,2048,512,1,1,2097152,0.202344,1,"clFinish_profiled"
"OpenCL","COMPUTE","__fattn__-15","FLASH_ATTN_EXT","f32",-1,16,-1,128,16,1,1,8192,0.413958,1,"clFinish_profiled"
"CPU_Elastic","COMPUTE_GRAPH","ggml_cgraph","GRAPH","",-1,4,-1,0,0,0,0,0,1.677708,1,"delegate_cpu_graph"
"OpenCL","COMPUTE","ffn_moe_logits-15","MUL_MAT","f32",-1,2,-1,64,1,1,1,256,0.548750,1,"clFinish_profiled"
"OpenCL","COMPUTE","ffn_moe_probs-15","SOFT_MAX","f32",-1,3,-1,64,1,1,1,256,0.225833,1,"clFinish_profiled"
"OpenCL","COMPUTE","ffn_moe_argsort-15","ARGSORT","i32",-1,5,-1,64,1,1,1,256,0.222917,1,"clFinish_profiled"
"OpenCL","COMPUTE","ffn_moe_weights-15","GET_ROWS","f32",-1,7,-1,1,8,1,1,32,0.222812,1,"clFinish_profiled"
"CPU_Elastic","COMPUTE_GRAPH","ggml_cgraph","GRAPH","",-1,22,-1,0,0,0,0,0,7.375313,1,"delegate_cpu_graph"
"OpenCL","COMPUTE","result_norm","MUL","f32",-1,0,-1,2048,1,1,1,8192,0.492292,1,"clFinish_profiled"
"OpenCL","COMPUTE","result_output","MUL_MAT","f32",-1,1,-1,50304,1,1,1,201216,3.936511,1,"clFinish_profiled"
"CPU_Elastic","COMPUTE_GRAPH","ggml_cgraph","GRAPH","",-1,1,-1,0,0,0,0,0,0.009688,1,"delegate_cpu_graph"
"CPU_Elastic","COMPUTE_GRAPH","ggml_cgraph","GRAPH","",-1,1,-1,0,0,0,0,0,1.829740,1,"delegate_cpu_graph"
"OpenCL","COMPUTE","Qcur-0","ROPE","f32",-1,3,-1,128,16,1,1,8192,0.544480,1,"clFinish_profiled"
"CPU_Elastic","COMPUTE_GRAPH","ggml_cgraph","GRAPH","",-1,1,-1,0,0,0,0,0,1.399739,1,"delegate_cpu_graph"
"OpenCL","COMPUTE","Kcur-0","ROPE","f32",-1,3,-1,128,16,1,1,8192,0.546458,1,"clFinish_profiled"
"OpenCL","COMPUTE","Vcur-0","MUL_MAT","f32",-1,4,-1,2048,1,1,1,8192,0.367657,1,"clFinish_profiled"
"OpenCL","COMPUTE","cache_k_l0 (view)","SET_ROWS","f16",-1,7,-1,2048,512,1,1,2097152,0.202917,1,"clFinish_profiled"
"OpenCL","COMPUTE","cache_v_l0 (view)","SET_ROWS","f16",-1,9,-1,2048,512,1,1,2097152,0.197865,1,"clFinish_profiled"
"OpenCL","COMPUTE"," (copy)","CPY","f16",-1,16,-1,256,64,1,1,32768,0.204739,1,"clFinish_profiled"
"OpenCL","COMPUTE","__fattn__-0","FLASH_ATTN_EXT","f32",-1,17,-1,128,16,1,1,8192,0.419740,1,"clFinish_profiled"
"CPU_Elastic","COMPUTE_GRAPH","ggml_cgraph","GRAPH","",-1,2,-1,0,0,0,0,0,1.851406,1,"delegate_cpu_graph"
"OpenCL","COMPUTE","ffn_moe_logits-0","MUL_MAT","f32",-1,2,-1,64,1,1,1,256,0.539167,1,"clFinish_profiled"
"OpenCL","COMPUTE","ffn_moe_probs-0","SOFT_MAX","f32",-1,3,-1,64,1,1,1,256,0.229687,1,"clFinish_profiled"
"OpenCL","COMPUTE","ffn_moe_argsort-0","ARGSORT","i32",-1,5,-1,64,1,1,1,256,0.200625,1,"clFinish_profiled"
"OpenCL","COMPUTE","ffn_moe_weights-0","GET_ROWS","f32",-1,7,-1,1,8,1,1,32,0.105677,1,"clFinish_profiled"
"CPU_Elastic","COMPUTE_GRAPH","ggml_cgraph","GRAPH","",-1,21,-1,0,0,0,0,0,7.139115,1,"delegate_cpu_graph"
"CPU_Elastic","COMPUTE_GRAPH","ggml_cgraph","GRAPH","",-1,1,-1,0,0,0,0,0,0.378958,1,"delegate_cpu_graph"
"OpenCL","COMPUTE","Qcur-1","ROPE","f32",-1,3,-1,128,16,1,1,8192,0.405989,1,"clFinish_profiled"
"CPU_Elastic","COMPUTE_GRAPH","ggml_cgraph","GRAPH","",-1,1,-1,0,0,0,0,0,0.462656,1,"delegate_cpu_graph"
"OpenCL","COMPUTE","Kcur-1","ROPE","f32",-1,3,-1,128,16,1,1,8192,0.401927,1,"clFinish_profiled"
"OpenCL","COMPUTE","Vcur-1","MUL_MAT","f32",-1,4,-1,2048,1,1,1,8192,0.403438,1,"clFinish_profiled"
"OpenCL","COMPUTE","cache_k_l1 (view)","SET_ROWS","f16",-1,7,-1,2048,512,1,1,2097152,0.202239,1,"clFinish_profiled"
"OpenCL","COMPUTE","cache_v_l1 (view)","SET_ROWS","f16",-1,9,-1,2048,512,1,1,2097152,0.195469,1,"clFinish_profiled"
"OpenCL","COMPUTE","__fattn__-1","FLASH_ATTN_EXT","f32",-1,16,-1,128,16,1,1,8192,0.436823,1,"clFinish_profiled"
"CPU_Elastic","COMPUTE_GRAPH","ggml_cgraph","GRAPH","",-1,2,-1,0,0,0,0,0,1.072656,1,"delegate_cpu_graph"
"OpenCL","COMPUTE","ffn_moe_logits-1","MUL_MAT","f32",-1,2,-1,64,1,1,1,256,0.528177,1,"clFinish_profiled"
"OpenCL","COMPUTE","ffn_moe_probs-1","SOFT_MAX","f32",-1,3,-1,64,1,1,1,256,0.211146,1,"clFinish_profiled"
"OpenCL","COMPUTE","ffn_moe_argsort-1","ARGSORT","i32",-1,5,-1,64,1,1,1,256,0.203489,1,"clFinish_profiled"
"OpenCL","COMPUTE","ffn_moe_weights-1","GET_ROWS","f32",-1,7,-1,1,8,1,1,32,0.204375,1,"clFinish_profiled"
"CPU_Elastic","COMPUTE_GRAPH","ggml_cgraph","GRAPH","",-1,21,-1,0,0,0,0,0,12.209740,1,"delegate_cpu_graph"
"CPU_Elastic","COMPUTE_GRAPH","ggml_cgraph","GRAPH","",-1,1,-1,0,0,0,0,0,1.325052,1,"delegate_cpu_graph"
"OpenCL","COMPUTE","Qcur-2","ROPE","f32",-1,3,-1,128,16,1,1,8192,0.513385,1,"clFinish_profiled"
"CPU_Elastic","COMPUTE_GRAPH","ggml_cgraph","GRAPH","",-1,1,-1,0,0,0,0,0,1.493125,1,"delegate_cpu_graph"
"OpenCL","COMPUTE","Kcur-2","ROPE","f32",-1,3,-1,128,16,1,1,8192,0.546615,1,"clFinish_profiled"
"CPU_Elastic","COMPUTE_GRAPH","ggml_cgraph","GRAPH","",-1,3,-1,0,0,0,0,0,0.584480,1,"delegate_cpu_graph"
"OpenCL","COMPUTE","cache_k_l2 (view)","SET_ROWS","f16",-1,0,-1,2048,512,1,1,2097152,0.505104,1,"clFinish_profiled"
"OpenCL","COMPUTE","cache_v_l2 (view)","SET_ROWS","f16",-1,2,-1,2048,512,1,1,2097152,0.205365,1,"clFinish_profiled"
"OpenCL","COMPUTE","__fattn__-2","FLASH_ATTN_EXT","f32",-1,9,-1,128,16,1,1,8192,0.418386,1,"clFinish_profiled"
"CPU_Elastic","COMPUTE_GRAPH","ggml_cgraph","GRAPH","",-1,2,-1,0,0,0,0,0,1.790208,1,"delegate_cpu_graph"
"OpenCL","COMPUTE","ffn_moe_logits-2","MUL_MAT","f32",-1,2,-1,64,1,1,1,256,0.538750,1,"clFinish_profiled"
"OpenCL","COMPUTE","ffn_moe_probs-2","SOFT_MAX","f32",-1,3,-1,64,1,1,1,256,0.234844,1,"clFinish_profiled"
"OpenCL","COMPUTE","ffn_moe_argsort-2","ARGSORT","i32",-1,5,-1,64,1,1,1,256,0.204011,1,"clFinish_profiled"
"OpenCL","COMPUTE","ffn_moe_weights-2","GET_ROWS","f32",-1,7,-1,1,8,1,1,32,0.194427,1,"clFinish_profiled"
"CPU_Elastic","COMPUTE_GRAPH","ggml_cgraph","GRAPH","",-1,21,-1,0,0,0,0,0,11.665417,1,"delegate_cpu_graph"
"CPU_Elastic","COMPUTE_GRAPH","ggml_cgraph","GRAPH","",-1,1,-1,0,0,0,0,0,1.572292,1,"delegate_cpu_graph"
"OpenCL","COMPUTE","Qcur-3","ROPE","f32",-1,3,-1,128,16,1,1,8192,0.535677,1,"clFinish_profiled"
"CPU_Elastic","COMPUTE_GRAPH","ggml_cgraph","GRAPH","",-1,1,-1,0,0,0,0,0,1.639271,1,"delegate_cpu_graph"
"OpenCL","COMPUTE","Kcur-3","ROPE","f32",-1,3,-1,128,16,1,1,8192,0.521927,1,"clFinish_profiled"
"CPU_Elastic","COMPUTE_GRAPH","ggml_cgraph","GRAPH","",-1,3,-1,0,0,0,0,0,2.480573,1,"delegate_cpu_graph"
"OpenCL","COMPUTE","cache_k_l3 (view)","SET_ROWS","f16",-1,0,-1,2048,512,1,1,2097152,0.502083,1,"clFinish_profiled"
"OpenCL","COMPUTE","cache_v_l3 (view)","SET_ROWS","f16",-1,2,-1,2048,512,1,1,2097152,0.198125,1,"clFinish_profiled"
"OpenCL","COMPUTE","__fattn__-3","FLASH_ATTN_EXT","f32",-1,9,-1,128,16,1,1,8192,0.407343,1,"clFinish_profiled"
"CPU_Elastic","COMPUTE_GRAPH","ggml_cgraph","GRAPH","",-1,2,-1,0,0,0,0,0,2.296614,1,"delegate_cpu_graph"
"OpenCL","COMPUTE","ffn_moe_logits-3","MUL_MAT","f32",-1,2,-1,64,1,1,1,256,0.559323,1,"clFinish_profiled"
"OpenCL","COMPUTE","ffn_moe_probs-3","SOFT_MAX","f32",-1,3,-1,64,1,1,1,256,0.207969,1,"clFinish_profiled"
"OpenCL","COMPUTE","ffn_moe_argsort-3","ARGSORT","i32",-1,5,-1,64,1,1,1,256,0.198438,1,"clFinish_profiled"
"OpenCL","COMPUTE","ffn_moe_weights-3","GET_ROWS","f32",-1,7,-1,1,8,1,1,32,0.184948,1,"clFinish_profiled"
"CPU_Elastic","COMPUTE_GRAPH","ggml_cgraph","GRAPH","",-1,21,-1,0,0,0,0,0,12.641094,1,"delegate_cpu_graph"
"CPU_Elastic","COMPUTE_GRAPH","ggml_cgraph","GRAPH","",-1,1,-1,0,0,0,0,0,1.452343,1,"delegate_cpu_graph"
"OpenCL","COMPUTE","Qcur-4","ROPE","f32",-1,3,-1,128,16,1,1,8192,0.547083,1,"clFinish_profiled"
"CPU_Elastic","COMPUTE_GRAPH","ggml_cgraph","GRAPH","",-1,1,-1,0,0,0,0,0,1.553802,1,"delegate_cpu_graph"
"OpenCL","COMPUTE","Kcur-4","ROPE","f32",-1,3,-1,128,16,1,1,8192,0.525365,1,"clFinish_profiled"
"OpenCL","COMPUTE","Vcur-4","MUL_MAT","f32",-1,4,-1,2048,1,1,1,8192,0.350833,1,"clFinish_profiled"
"OpenCL","COMPUTE","cache_k_l4 (view)","SET_ROWS","f16",-1,7,-1,2048,512,1,1,2097152,0.218854,1,"clFinish_profiled"
"OpenCL","COMPUTE","cache_v_l4 (view)","SET_ROWS","f16",-1,9,-1,2048,512,1,1,2097152,0.195677,1,"clFinish_profiled"
"OpenCL","COMPUTE","__fattn__-4","FLASH_ATTN_EXT","f32",-1,16,-1,128,16,1,1,8192,0.401563,1,"clFinish_profiled"
"CPU_Elastic","COMPUTE_GRAPH","ggml_cgraph","GRAPH","",-1,2,-1,0,0,0,0,0,2.042447,1,"delegate_cpu_graph"
"OpenCL","COMPUTE","ffn_moe_logits-4","MUL_MAT","f32",-1,2,-1,64,1,1,1,256,0.529740,1,"clFinish_profiled"
"OpenCL","COMPUTE","ffn_moe_probs-4","SOFT_MAX","f32",-1,3,-1,64,1,1,1,256,0.206823,1,"clFinish_profiled"
"OpenCL","COMPUTE","ffn_moe_argsort-4","ARGSORT","i32",-1,5,-1,64,1,1,1,256,0.201094,1,"clFinish_profiled"
"OpenCL","COMPUTE","ffn_moe_weights-4","GET_ROWS","f32",-1,7,-1,1,8,1,1,32,0.190625,1,"clFinish_profiled"
"CPU_Elastic","COMPUTE_GRAPH","ggml_cgraph","GRAPH","",-1,21,-1,0,0,0,0,0,12.453750,1,"delegate_cpu_graph"
"CPU_Elastic","COMPUTE_GRAPH","ggml_cgraph","GRAPH","",-1,1,-1,0,0,0,0,0,1.547135,1,"delegate_cpu_graph"
"OpenCL","COMPUTE","Qcur-5","ROPE","f32",-1,3,-1,128,16,1,1,8192,0.564323,1,"clFinish_profiled"
"CPU_Elastic","COMPUTE_GRAPH","ggml_cgraph","GRAPH","",-1,1,-1,0,0,0,0,0,1.396927,1,"delegate_cpu_graph"
"OpenCL","COMPUTE","Kcur-5","ROPE","f32",-1,3,-1,128,16,1,1,8192,0.524948,1,"clFinish_profiled"
"CPU_Elastic","COMPUTE_GRAPH","ggml_cgraph","GRAPH","",-1,3,-1,0,0,0,0,0,2.123542,1,"delegate_cpu_graph"
"OpenCL","COMPUTE","cache_k_l5 (view)","SET_ROWS","f16",-1,0,-1,2048,512,1,1,2097152,0.495781,1,"clFinish_profiled"
"OpenCL","COMPUTE","cache_v_l5 (view)","SET_ROWS","f16",-1,2,-1,2048,512,1,1,2097152,0.245104,1,"clFinish_profiled"
"OpenCL","COMPUTE","__fattn__-5","FLASH_ATTN_EXT","f32",-1,9,-1,128,16,1,1,8192,0.490364,1,"clFinish_profiled"
"CPU_Elastic","COMPUTE_GRAPH","ggml_cgraph","GRAPH","",-1,2,-1,0,0,0,0,0,1.599219,1,"delegate_cpu_graph"
"OpenCL","COMPUTE","ffn_moe_logits-5","MUL_MAT","f32",-1,2,-1,64,1,1,1,256,0.551927,1,"clFinish_profiled"
"OpenCL","COMPUTE","ffn_moe_probs-5","SOFT_MAX","f32",-1,3,-1,64,1,1,1,256,0.213542,1,"clFinish_profiled"
"OpenCL","COMPUTE","ffn_moe_argsort-5","ARGSORT","i32",-1,5,-1,64,1,1,1,256,0.207343,1,"clFinish_profiled"
"OpenCL","COMPUTE","ffn_moe_weights-5","GET_ROWS","f32",-1,7,-1,1,8,1,1,32,0.175885,1,"clFinish_profiled"
"CPU_Elastic","COMPUTE_GRAPH","ggml_cgraph","GRAPH","",-1,21,-1,0,0,0,0,0,11.943959,1,"delegate_cpu_graph"
"CPU_Elastic","COMPUTE_GRAPH","ggml_cgraph","GRAPH","",-1,1,-1,0,0,0,0,0,1.498542,1,"delegate_cpu_graph"
"OpenCL","COMPUTE","Qcur-6","ROPE","f32",-1,3,-1,128,16,1,1,8192,0.503490,1,"clFinish_profiled"
"CPU_Elastic","COMPUTE_GRAPH","ggml_cgraph","GRAPH","",-1,1,-1,0,0,0,0,0,1.495416,1,"delegate_cpu_graph"
"OpenCL","COMPUTE","Kcur-6","ROPE","f32",-1,3,-1,128,16,1,1,8192,0.536302,1,"clFinish_profiled"
"CPU_Elastic","COMPUTE_GRAPH","ggml_cgraph","GRAPH","",-1,3,-1,0,0,0,0,0,2.296094,1,"delegate_cpu_graph"
"OpenCL","COMPUTE","cache_k_l6 (view)","SET_ROWS","f16",-1,0,-1,2048,512,1,1,2097152,0.481614,1,"clFinish_profiled"
"OpenCL","COMPUTE","cache_v_l6 (view)","SET_ROWS","f16",-1,2,-1,2048,512,1,1,2097152,0.197969,1,"clFinish_profiled"
"OpenCL","COMPUTE","__fattn__-6","FLASH_ATTN_EXT","f32",-1,9,-1,128,16,1,1,8192,0.410157,1,"clFinish_profiled"
"CPU_Elastic","COMPUTE_GRAPH","ggml_cgraph","GRAPH","",-1,2,-1,0,0,0,0,0,1.962084,1,"delegate_cpu_graph"
"OpenCL","COMPUTE","ffn_moe_logits-6","MUL_MAT","f32",-1,2,-1,64,1,1,1,256,0.532395,1,"clFinish_profiled"
"OpenCL","COMPUTE","ffn_moe_probs-6","SOFT_MAX","f32",-1,3,-1,64,1,1,1,256,0.205573,1,"clFinish_profiled"
"OpenCL","COMPUTE","ffn_moe_argsort-6","ARGSORT","i32",-1,5,-1,64,1,1,1,256,0.219532,1,"clFinish_profiled"
"OpenCL","COMPUTE","ffn_moe_weights-6","GET_ROWS","f32",-1,7,-1,1,8,1,1,32,0.204635,1,"clFinish_profiled"
"CPU_Elastic","COMPUTE_GRAPH","ggml_cgraph","GRAPH","",-1,21,-1,0,0,0,0,0,12.078178,1,"delegate_cpu_graph"
"CPU_Elastic","COMPUTE_GRAPH","ggml_cgraph","GRAPH","",-1,1,-1,0,0,0,0,0,1.245000,1,"delegate_cpu_graph"
"OpenCL","COMPUTE","Qcur-7","ROPE","f32",-1,3,-1,128,16,1,1,8192,0.530364,1,"clFinish_profiled"
"CPU_Elastic","COMPUTE_GRAPH","ggml_cgraph","GRAPH","",-1,1,-1,0,0,0,0,0,1.370521,1,"delegate_cpu_graph"
"OpenCL","COMPUTE","Kcur-7","ROPE","f32",-1,3,-1,128,16,1,1,8192,0.553073,1,"clFinish_profiled"
"OpenCL","COMPUTE","Vcur-7","MUL_MAT","f32",-1,4,-1,2048,1,1,1,8192,0.352292,1,"clFinish_profiled"
"OpenCL","COMPUTE","cache_k_l7 (view)","SET_ROWS","f16",-1,7,-1,2048,512,1,1,2097152,0.208646,1,"clFinish_profiled"
"OpenCL","COMPUTE","cache_v_l7 (view)","SET_ROWS","f16",-1,9,-1,2048,512,1,1,2097152,0.239270,1,"clFinish_profiled"
"OpenCL","COMPUTE","__fattn__-7","FLASH_ATTN_EXT","f32",-1,16,-1,128,16,1,1,8192,0.409218,1,"clFinish_profiled"
"CPU_Elastic","COMPUTE_GRAPH","ggml_cgraph","GRAPH","",-1,2,-1,0,0,0,0,0,1.591094,1,"delegate_cpu_graph"
"OpenCL","COMPUTE","ffn_moe_logits-7","MUL_MAT","f32",-1,2,-1,64,1,1,1,256,0.520677,1,"clFinish_profiled"
"OpenCL","COMPUTE","ffn_moe_probs-7","SOFT_MAX","f32",-1,3,-1,64,1,1,1,256,0.206198,1,"clFinish_profiled"
"OpenCL","COMPUTE","ffn_moe_argsort-7","ARGSORT","i32",-1,5,-1,64,1,1,1,256,0.198907,1,"clFinish_profiled"
"OpenCL","COMPUTE","ffn_moe_weights-7","GET_ROWS","f32",-1,7,-1,1,8,1,1,32,0.197448,1,"clFinish_profiled"
"CPU_Elastic","COMPUTE_GRAPH","ggml_cgraph","GRAPH","",-1,21,-1,0,0,0,0,0,12.937865,1,"delegate_cpu_graph"
"CPU_Elastic","COMPUTE_GRAPH","ggml_cgraph","GRAPH","",-1,1,-1,0,0,0,0,0,1.565209,1,"delegate_cpu_graph"
"OpenCL","COMPUTE","Qcur-8","ROPE","f32",-1,3,-1,128,16,1,1,8192,0.516146,1,"clFinish_profiled"
"CPU_Elastic","COMPUTE_GRAPH","ggml_cgraph","GRAPH","",-1,1,-1,0,0,0,0,0,1.376042,1,"delegate_cpu_graph"
"OpenCL","COMPUTE","Kcur-8","ROPE","f32",-1,3,-1,128,16,1,1,8192,0.482656,1,"clFinish_profiled"
"CPU_Elastic","COMPUTE_GRAPH","ggml_cgraph","GRAPH","",-1,3,-1,0,0,0,0,0,2.094010,1,"delegate_cpu_graph"
"OpenCL","COMPUTE","cache_k_l8 (view)","SET_ROWS","f16",-1,0,-1,2048,512,1,1,2097152,0.474427,1,"clFinish_profiled"
"OpenCL","COMPUTE","cache_v_l8 (view)","SET_ROWS","f16",-1,2,-1,2048,512,1,1,2097152,0.203333,1,"clFinish_profiled"
"OpenCL","COMPUTE","__fattn__-8","FLASH_ATTN_EXT","f32",-1,9,-1,128,16,1,1,8192,0.476041,1,"clFinish_profiled"
"CPU_Elastic","COMPUTE_GRAPH","ggml_cgraph","GRAPH","",-1,2,-1,0,0,0,0,0,1.802708,1,"delegate_cpu_graph"
"OpenCL","COMPUTE","ffn_moe_logits-8","MUL_MAT","f32",-1,2,-1,64,1,1,1,256,0.536979,1,"clFinish_profiled"
"OpenCL","COMPUTE","ffn_moe_probs-8","SOFT_MAX","f32",-1,3,-1,64,1,1,1,256,0.206771,1,"clFinish_profiled"
"OpenCL","COMPUTE","ffn_moe_argsort-8","ARGSORT","i32",-1,5,-1,64,1,1,1,256,0.200677,1,"clFinish_profiled"
"OpenCL","COMPUTE","ffn_moe_weights-8","GET_ROWS","f32",-1,7,-1,1,8,1,1,32,0.190364,1,"clFinish_profiled"
"CPU_Elastic","COMPUTE_GRAPH","ggml_cgraph","GRAPH","",-1,21,-1,0,0,0,0,0,12.151094,1,"delegate_cpu_graph"
"CPU_Elastic","COMPUTE_GRAPH","ggml_cgraph","GRAPH","",-1,1,-1,0,0,0,0,0,1.431875,1,"delegate_cpu_graph"
"OpenCL","COMPUTE","Qcur-9","ROPE","f32",-1,3,-1,128,16,1,1,8192,0.523281,1,"clFinish_profiled"
"CPU_Elastic","COMPUTE_GRAPH","ggml_cgraph","GRAPH","",-1,1,-1,0,0,0,0,0,1.661041,1,"delegate_cpu_graph"
"OpenCL","COMPUTE","Kcur-9","ROPE","f32",-1,3,-1,128,16,1,1,8192,0.547968,1,"clFinish_profiled"
"CPU_Elastic","COMPUTE_GRAPH","ggml_cgraph","GRAPH","",-1,3,-1,0,0,0,0,0,2.247396,1,"delegate_cpu_graph"
"OpenCL","COMPUTE","cache_k_l9 (view)","SET_ROWS","f16",-1,0,-1,2048,512,1,1,2097152,0.543698,1,"clFinish_profiled"
"OpenCL","COMPUTE","cache_v_l9 (view)","SET_ROWS","f16",-1,2,-1,2048,512,1,1,2097152,0.207656,1,"clFinish_profiled"
"OpenCL","COMPUTE","__fattn__-9","FLASH_ATTN_EXT","f32",-1,9,-1,128,16,1,1,8192,0.445365,1,"clFinish_profiled"
"CPU_Elastic","COMPUTE_GRAPH","ggml_cgraph","GRAPH","",-1,2,-1,0,0,0,0,0,1.939687,1,"delegate_cpu_graph"
"OpenCL","COMPUTE","ffn_moe_logits-9","MUL_MAT","f32",-1,2,-1,64,1,1,1,256,0.533386,1,"clFinish_profiled"
"OpenCL","COMPUTE","ffn_moe_probs-9","SOFT_MAX","f32",-1,3,-1,64,1,1,1,256,0.231666,1,"clFinish_profiled"
"OpenCL","COMPUTE","ffn_moe_argsort-9","ARGSORT","i32",-1,5,-1,64,1,1,1,256,0.199323,1,"clFinish_profiled"
"OpenCL","COMPUTE","ffn_moe_weights-9","GET_ROWS","f32",-1,7,-1,1,8,1,1,32,0.188698,1,"clFinish_profiled"
"CPU_Elastic","COMPUTE_GRAPH","ggml_cgraph","GRAPH","",-1,21,-1,0,0,0,0,0,11.599895,1,"delegate_cpu_graph"
"CPU_Elastic","COMPUTE_GRAPH","ggml_cgraph","GRAPH","",-1,1,-1,0,0,0,0,0,1.748386,1,"delegate_cpu_graph"
"OpenCL","COMPUTE","Qcur-10","ROPE","f32",-1,3,-1,128,16,1,1,8192,0.519479,1,"clFinish_profiled"
"CPU_Elastic","COMPUTE_GRAPH","ggml_cgraph","GRAPH","",-1,1,-1,0,0,0,0,0,1.493907,1,"delegate_cpu_graph"
"OpenCL","COMPUTE","Kcur-10","ROPE","f32",-1,3,-1,128,16,1,1,8192,0.535938,1,"clFinish_profiled"
"OpenCL","COMPUTE","Vcur-10","MUL_MAT","f32",-1,4,-1,2048,1,1,1,8192,0.379427,1,"clFinish_profiled"
"OpenCL","COMPUTE","cache_k_l10 (view)","SET_ROWS","f16",-1,7,-1,2048,512,1,1,2097152,0.201718,1,"clFinish_profiled"
"OpenCL","COMPUTE","cache_v_l10 (view)","SET_ROWS","f16",-1,9,-1,2048,512,1,1,2097152,0.204063,1,"clFinish_profiled"
"OpenCL","COMPUTE","__fattn__-10","FLASH_ATTN_EXT","f32",-1,16,-1,128,16,1,1,8192,0.451042,1,"clFinish_profiled"
"CPU_Elastic","COMPUTE_GRAPH","ggml_cgraph","GRAPH","",-1,2,-1,0,0,0,0,0,1.796302,1,"delegate_cpu_graph"
"OpenCL","COMPUTE","ffn_moe_logits-10","MUL_MAT","f32",-1,2,-1,64,1,1,1,256,0.514844,1,"clFinish_profiled"
"OpenCL","COMPUTE","ffn_moe_probs-10","SOFT_MAX","f32",-1,3,-1,64,1,1,1,256,0.210677,1,"clFinish_profiled"
"OpenCL","COMPUTE","ffn_moe_argsort-10","ARGSORT","i32",-1,5,-1,64,1,1,1,256,0.231614,1,"clFinish_profiled"
"OpenCL","COMPUTE","ffn_moe_weights-10","GET_ROWS","f32",-1,7,-1,1,8,1,1,32,0.188282,1,"clFinish_profiled"
"CPU_Elastic","COMPUTE_GRAPH","ggml_cgraph","GRAPH","",-1,21,-1,0,0,0,0,0,8.147136,1,"delegate_cpu_graph"
"CPU_Elastic","COMPUTE_GRAPH","ggml_cgraph","GRAPH","",-1,1,-1,0,0,0,0,0,1.495104,1,"delegate_cpu_graph"
"OpenCL","COMPUTE","Qcur-11","ROPE","f32",-1,3,-1,128,16,1,1,8192,0.501562,1,"clFinish_profiled"
"CPU_Elastic","COMPUTE_GRAPH","ggml_cgraph","GRAPH","",-1,1,-1,0,0,0,0,0,1.487083,1,"delegate_cpu_graph"
"OpenCL","COMPUTE","Kcur-11","ROPE","f32",-1,3,-1,128,16,1,1,8192,0.493386,1,"clFinish_profiled"
"CPU_Elastic","COMPUTE_GRAPH","ggml_cgraph","GRAPH","",-1,3,-1,0,0,0,0,0,2.063229,1,"delegate_cpu_graph"
"OpenCL","COMPUTE","cache_k_l11 (view)","SET_ROWS","f16",-1,0,-1,2048,512,1,1,2097152,0.481354,1,"clFinish_profiled"
"OpenCL","COMPUTE","cache_v_l11 (view)","SET_ROWS","f16",-1,2,-1,2048,512,1,1,2097152,0.205989,1,"clFinish_profiled"
"OpenCL","COMPUTE","__fattn__-11","FLASH_ATTN_EXT","f32",-1,9,-1,128,16,1,1,8192,0.435156,1,"clFinish_profiled"
"CPU_Elastic","COMPUTE_GRAPH","ggml_cgraph","GRAPH","",-1,2,-1,0,0,0,0,0,1.686719,1,"delegate_cpu_graph"
"OpenCL","COMPUTE","ffn_moe_logits-11","MUL_MAT","f32",-1,2,-1,64,1,1,1,256,0.515417,1,"clFinish_profiled"
"OpenCL","COMPUTE","ffn_moe_probs-11","SOFT_MAX","f32",-1,3,-1,64,1,1,1,256,0.208593,1,"clFinish_profiled"
"OpenCL","COMPUTE","ffn_moe_argsort-11","ARGSORT","i32",-1,5,-1,64,1,1,1,256,0.199739,1,"clFinish_profiled"
"OpenCL","COMPUTE","ffn_moe_weights-11","GET_ROWS","f32",-1,7,-1,1,8,1,1,32,0.190365,1,"clFinish_profiled"
"CPU_Elastic","COMPUTE_GRAPH","ggml_cgraph","GRAPH","",-1,21,-1,0,0,0,0,0,7.640834,1,"delegate_cpu_graph"
"CPU_Elastic","COMPUTE_GRAPH","ggml_cgraph","GRAPH","",-1,1,-1,0,0,0,0,0,0.407343,1,"delegate_cpu_graph"
"OpenCL","COMPUTE","Qcur-12","ROPE","f32",-1,3,-1,128,16,1,1,8192,0.409583,1,"clFinish_profiled"
"CPU_Elastic","COMPUTE_GRAPH","ggml_cgraph","GRAPH","",-1,1,-1,0,0,0,0,0,0.494739,1,"delegate_cpu_graph"
"OpenCL","COMPUTE","Kcur-12","ROPE","f32",-1,3,-1,128,16,1,1,8192,0.437240,1,"clFinish_profiled"
"CPU_Elastic","COMPUTE_GRAPH","ggml_cgraph","GRAPH","",-1,3,-1,0,0,0,0,0,1.506614,1,"delegate_cpu_graph"
"OpenCL","COMPUTE","cache_k_l12 (view)","SET_ROWS","f16",-1,0,-1,2048,512,1,1,2097152,0.479896,1,"clFinish_profiled"
"OpenCL","COMPUTE","cache_v_l12 (view)","SET_ROWS","f16",-1,2,-1,2048,512,1,1,2097152,0.198125,1,"clFinish_profiled"
"OpenCL","COMPUTE","__fattn__-12","FLASH_ATTN_EXT","f32",-1,9,-1,128,16,1,1,8192,0.411198,1,"clFinish_profiled"
"CPU_Elastic","COMPUTE_GRAPH","ggml_cgraph","GRAPH","",-1,2,-1,0,0,0,0,0,1.618490,1,"delegate_cpu_graph"
"OpenCL","COMPUTE","ffn_moe_logits-12","MUL_MAT","f32",-1,2,-1,64,1,1,1,256,0.516510,1,"clFinish_profiled"
"OpenCL","COMPUTE","ffn_moe_probs-12","SOFT_MAX","f32",-1,3,-1,64,1,1,1,256,0.206354,1,"clFinish_profiled"
"OpenCL","COMPUTE","ffn_moe_argsort-12","ARGSORT","i32",-1,5,-1,64,1,1,1,256,0.195938,1,"clFinish_profiled"
"OpenCL","COMPUTE","ffn_moe_weights-12","GET_ROWS","f32",-1,7,-1,1,8,1,1,32,0.187552,1,"clFinish_profiled"
"CPU_Elastic","COMPUTE_GRAPH","ggml_cgraph","GRAPH","",-1,21,-1,0,0,0,0,0,10.008542,1,"delegate_cpu_graph"
"CPU_Elastic","COMPUTE_GRAPH","ggml_cgraph","GRAPH","",-1,1,-1,0,0,0,0,0,0.613334,1,"delegate_cpu_graph"
"OpenCL","COMPUTE","Qcur-13","ROPE","f32",-1,3,-1,128,16,1,1,8192,0.525833,1,"clFinish_profiled"
"CPU_Elastic","COMPUTE_GRAPH","ggml_cgraph","GRAPH","",-1,1,-1,0,0,0,0,0,1.494427,1,"delegate_cpu_graph"
"OpenCL","COMPUTE","Kcur-13","ROPE","f32",-1,3,-1,128,16,1,1,8192,0.482188,1,"clFinish_profiled"
"OpenCL","COMPUTE","Vcur-13","MUL_MAT","f32",-1,4,-1,2048,1,1,1,8192,0.374323,1,"clFinish_profiled"
"OpenCL","COMPUTE","cache_k_l13 (view)","SET_ROWS","f16",-1,7,-1,2048,512,1,1,2097152,0.208437,1,"clFinish_profiled"
"OpenCL","COMPUTE","cache_v_l13 (view)","SET_ROWS","f16",-1,9,-1,2048,512,1,1,2097152,0.155468,1,"clFinish_profiled"
"OpenCL","COMPUTE","__fattn__-13","FLASH_ATTN_EXT","f32",-1,16,-1,128,16,1,1,8192,0.435261,1,"clFinish_profiled"
"CPU_Elastic","COMPUTE_GRAPH","ggml_cgraph","GRAPH","",-1,2,-1,0,0,0,0,0,2.023281,1,"delegate_cpu_graph"
"OpenCL","COMPUTE","ffn_moe_logits-13","MUL_MAT","f32",-1,2,-1,64,1,1,1,256,0.498594,1,"clFinish_profiled"
"OpenCL","COMPUTE","ffn_moe_probs-13","SOFT_MAX","f32",-1,3,-1,64,1,1,1,256,0.207760,1,"clFinish_profiled"
"OpenCL","COMPUTE","ffn_moe_argsort-13","ARGSORT","i32",-1,5,-1,64,1,1,1,256,0.210886,1,"clFinish_profiled"
"OpenCL","COMPUTE","ffn_moe_weights-13","GET_ROWS","f32",-1,7,-1,1,8,1,1,32,0.192240,1,"clFinish_profiled"
"CPU_Elastic","COMPUTE_GRAPH","ggml_cgraph","GRAPH","",-1,21,-1,0,0,0,0,0,8.611250,1,"delegate_cpu_graph"
"CPU_Elastic","COMPUTE_GRAPH","ggml_cgraph","GRAPH","",-1,1,-1,0,0,0,0,0,0.408125,1,"delegate_cpu_graph"
"OpenCL","COMPUTE","Qcur-14","ROPE","f32",-1,3,-1,128,16,1,1,8192,0.408541,1,"clFinish_profiled"
"CPU_Elastic","COMPUTE_GRAPH","ggml_cgraph","GRAPH","",-1,1,-1,0,0,0,0,0,0.464427,1,"delegate_cpu_graph"
"OpenCL","COMPUTE","Kcur-14","ROPE","f32",-1,3,-1,128,16,1,1,8192,0.404635,1,"clFinish_profiled"
"OpenCL","COMPUTE","Vcur-14","MUL_MAT","f32",-1,4,-1,2048,1,1,1,8192,0.350573,1,"clFinish_profiled"
"OpenCL","COMPUTE","cache_k_l14 (view)","SET_ROWS","f16",-1,7,-1,2048,512,1,1,2097152,0.192812,1,"clFinish_profiled"
"OpenCL","COMPUTE","cache_v_l14 (view)","SET_ROWS","f16",-1,9,-1,2048,512,1,1,2097152,0.211875,1,"clFinish_profiled"
"OpenCL","COMPUTE","__fattn__-14","FLASH_ATTN_EXT","f32",-1,16,-1,128,16,1,1,8192,0.410521,1,"clFinish_profiled"
"CPU_Elastic","COMPUTE_GRAPH","ggml_cgraph","GRAPH","",-1,2,-1,0,0,0,0,0,1.786459,1,"delegate_cpu_graph"
"OpenCL","COMPUTE","ffn_moe_logits-14","MUL_MAT","f32",-1,2,-1,64,1,1,1,256,0.515052,1,"clFinish_profiled"
"OpenCL","COMPUTE","ffn_moe_probs-14","SOFT_MAX","f32",-1,3,-1,64,1,1,1,256,0.208386,1,"clFinish_profiled"
"OpenCL","COMPUTE","ffn_moe_argsort-14","ARGSORT","i32",-1,5,-1,64,1,1,1,256,0.199479,1,"clFinish_profiled"
"OpenCL","COMPUTE","ffn_moe_weights-14","GET_ROWS","f32",-1,7,-1,1,8,1,1,32,0.179219,1,"clFinish_profiled"
"CPU_Elastic","COMPUTE_GRAPH","ggml_cgraph","GRAPH","",-1,21,-1,0,0,0,0,0,7.971041,1,"delegate_cpu_graph"
"CPU_Elastic","COMPUTE_GRAPH","ggml_cgraph","GRAPH","",-1,1,-1,0,0,0,0,0,1.669583,1,"delegate_cpu_graph"
"OpenCL","COMPUTE","Qcur-15","ROPE","f32",-1,3,-1,128,16,1,1,8192,0.505209,1,"clFinish_profiled"
"CPU_Elastic","COMPUTE_GRAPH","ggml_cgraph","GRAPH","",-1,1,-1,0,0,0,0,0,1.507291,1,"delegate_cpu_graph"
"OpenCL","COMPUTE","Kcur-15","ROPE","f32",-1,3,-1,128,16,1,1,8192,0.516875,1,"clFinish_profiled"
"OpenCL","COMPUTE","Vcur-15","MUL_MAT","f32",-1,4,-1,2048,1,1,1,8192,0.347812,1,"clFinish_profiled"
"OpenCL","COMPUTE","cache_k_l15 (view)","SET_ROWS","f16",-1,7,-1,2048,512,1,1,2097152,0.192031,1,"clFinish_profiled"
"OpenCL","COMPUTE","cache_v_l15 (view)","SET_ROWS","f16",-1,9,-1,2048,512,1,1,2097152,0.190157,1,"clFinish_profiled"
"OpenCL","COMPUTE","__fattn__-15","FLASH_ATTN_EXT","f32",-1,16,-1,128,16,1,1,8192,0.403438,1,"clFinish_profiled"
"CPU_Elastic","COMPUTE_GRAPH","ggml_cgraph","GRAPH","",-1,4,-1,0,0,0,0,0,2.490729,1,"delegate_cpu_graph"
"OpenCL","COMPUTE","ffn_moe_logits-15","MUL_MAT","f32",-1,2,-1,64,1,1,1,256,0.620833,1,"clFinish_profiled"
"OpenCL","COMPUTE","ffn_moe_probs-15","SOFT_MAX","f32",-1,3,-1,64,1,1,1,256,0.225990,1,"clFinish_profiled"
"OpenCL","COMPUTE","ffn_moe_argsort-15","ARGSORT","i32",-1,5,-1,64,1,1,1,256,0.200625,1,"clFinish_profiled"
"OpenCL","COMPUTE","ffn_moe_weights-15","GET_ROWS","f32",-1,7,-1,1,8,1,1,32,0.190000,1,"clFinish_profiled"
"CPU_Elastic","COMPUTE_GRAPH","ggml_cgraph","GRAPH","",-1,22,-1,0,0,0,0,0,7.819063,1,"delegate_cpu_graph"
"OpenCL","COMPUTE","result_norm","MUL","f32",-1,0,-1,2048,1,1,1,8192,0.496511,1,"clFinish_profiled"
"OpenCL","COMPUTE","result_output","MUL_MAT","f32",-1,1,-1,50304,1,1,1,201216,4.005312,1,"clFinish_profiled"
"CPU_Elastic","COMPUTE_GRAPH","ggml_cgraph","GRAPH","",-1,1,-1,0,0,0,0,0,0.013021,1,"delegate_cpu_graph"
"CPU_Elastic","COMPUTE_GRAPH","ggml_cgraph","GRAPH","",-1,1,-1,0,0,0,0,0,1.614219,1,"delegate_cpu_graph"
"OpenCL","COMPUTE","Qcur-0","ROPE","f32",-1,3,-1,128,16,1,1,8192,0.525989,1,"clFinish_profiled"
"CPU_Elastic","COMPUTE_GRAPH","ggml_cgraph","GRAPH","",-1,1,-1,0,0,0,0,0,1.615260,1,"delegate_cpu_graph"
"OpenCL","COMPUTE","Kcur-0","ROPE","f32",-1,3,-1,128,16,1,1,8192,0.541771,1,"clFinish_profiled"
"OpenCL","COMPUTE","Vcur-0","MUL_MAT","f32",-1,4,-1,2048,1,1,1,8192,0.360573,1,"clFinish_profiled"
"OpenCL","COMPUTE","cache_k_l0 (view)","SET_ROWS","f16",-1,7,-1,2048,512,1,1,2097152,0.214011,1,"clFinish_profiled"
"OpenCL","COMPUTE","cache_v_l0 (view)","SET_ROWS","f16",-1,9,-1,2048,512,1,1,2097152,0.245625,1,"clFinish_profiled"
"OpenCL","COMPUTE"," (copy)","CPY","f16",-1,16,-1,256,64,1,1,32768,0.235677,1,"clFinish_profiled"
"OpenCL","COMPUTE","__fattn__-0","FLASH_ATTN_EXT","f32",-1,17,-1,128,16,1,1,8192,0.423281,1,"clFinish_profiled"
"CPU_Elastic","COMPUTE_GRAPH","ggml_cgraph","GRAPH","",-1,2,-1,0,0,0,0,0,1.835000,1,"delegate_cpu_graph"
"OpenCL","COMPUTE","ffn_moe_logits-0","MUL_MAT","f32",-1,2,-1,64,1,1,1,256,0.496459,1,"clFinish_profiled"
"OpenCL","COMPUTE","ffn_moe_probs-0","SOFT_MAX","f32",-1,3,-1,64,1,1,1,256,0.208438,1,"clFinish_profiled"
"OpenCL","COMPUTE","ffn_moe_argsort-0","ARGSORT","i32",-1,5,-1,64,1,1,1,256,0.188802,1,"clFinish_profiled"
"OpenCL","COMPUTE","ffn_moe_weights-0","GET_ROWS","f32",-1,7,-1,1,8,1,1,32,0.194167,1,"clFinish_profiled"
"CPU_Elastic","COMPUTE_GRAPH","ggml_cgraph","GRAPH","",-1,21,-1,0,0,0,0,0,8.641719,1,"delegate_cpu_graph"
"CPU_Elastic","COMPUTE_GRAPH","ggml_cgraph","GRAPH","",-1,1,-1,0,0,0,0,0,0.390677,1,"delegate_cpu_graph"
"OpenCL","COMPUTE","Qcur-1","ROPE","f32",-1,3,-1,128,16,1,1,8192,0.400312,1,"clFinish_profiled"
"CPU_Elastic","COMPUTE_GRAPH","ggml_cgraph","GRAPH","",-1,1,-1,0,0,0,0,0,0.473750,1,"delegate_cpu_graph"
"OpenCL","COMPUTE","Kcur-1","ROPE","f32",-1,3,-1,128,16,1,1,8192,0.395260,1,"clFinish_profiled"
"OpenCL","COMPUTE","Vcur-1","MUL_MAT","f32",-1,4,-1,2048,1,1,1,8192,0.422812,1,"clFinish_profiled"
"OpenCL","COMPUTE","cache_k_l1 (view)","SET_ROWS","f16",-1,7,-1,2048,512,1,1,2097152,0.198229,1,"clFinish_profiled"
"OpenCL","COMPUTE","cache_v_l1 (view)","SET_ROWS","f16",-1,9,-1,2048,512,1,1,2097152,0.193281,1,"clFinish_profiled"
"OpenCL","COMPUTE","__fattn__-1","FLASH_ATTN_EXT","f32",-1,16,-1,128,16,1,1,8192,0.436354,1,"clFinish_profiled"
"CPU_Elastic","COMPUTE_GRAPH","ggml_cgraph","GRAPH","",-1,2,-1,0,0,0,0,0,1.933490,1,"delegate_cpu_graph"
"OpenCL","COMPUTE","ffn_moe_logits-1","MUL_MAT","f32",-1,2,-1,64,1,1,1,256,0.492864,1,"clFinish_profiled"
"OpenCL","COMPUTE","ffn_moe_probs-1","SOFT_MAX","f32",-1,3,-1,64,1,1,1,256,0.207709,1,"clFinish_profiled"
"OpenCL","COMPUTE","ffn_moe_argsort-1","ARGSORT","i32",-1,5,-1,64,1,1,1,256,0.186354,1,"clFinish_profiled"
"OpenCL","COMPUTE","ffn_moe_weights-1","GET_ROWS","f32",-1,7,-1,1,8,1,1,32,0.195052,1,"clFinish_profiled"
"CPU_Elastic","COMPUTE_GRAPH","ggml_cgraph","GRAPH","",-1,21,-1,0,0,0,0,0,11.667188,1,"delegate_cpu_graph"
"CPU_Elastic","COMPUTE_GRAPH","ggml_cgraph","GRAPH","",-1,1,-1,0,0,0,0,0,0.399895,1,"delegate_cpu_graph"
"OpenCL","COMPUTE","Qcur-2","ROPE","f32",-1,3,-1,128,16,1,1,8192,0.428802,1,"clFinish_profiled"
"CPU_Elastic","COMPUTE_GRAPH","ggml_cgraph","GRAPH","",-1,1,-1,0,0,0,0,0,0.892969,1,"delegate_cpu_graph"
"OpenCL","COMPUTE","Kcur-2","ROPE","f32",-1,3,-1,128,16,1,1,8192,0.483802,1,"clFinish_profiled"
"CPU_Elastic","COMPUTE_GRAPH","ggml_cgraph","GRAPH","",-1,3,-1,0,0,0,0,0,2.189479,1,"delegate_cpu_graph"
"OpenCL","COMPUTE","cache_k_l2 (view)","SET_ROWS","f16",-1,0,-1,2048,512,1,1,2097152,0.483177,1,"clFinish_profiled"
"OpenCL","COMPUTE","cache_v_l2 (view)","SET_ROWS","f16",-1,2,-1,2048,512,1,1,2097152,0.324531,1,"clFinish_profiled"
"OpenCL","COMPUTE","__fattn__-2","FLASH_ATTN_EXT","f32",-1,9,-1,128,16,1,1,8192,0.423177,1,"clFinish_profiled"
"CPU_Elastic","COMPUTE_GRAPH","ggml_cgraph","GRAPH","",-1,2,-1,0,0,0,0,0,1.911407,1,"delegate_cpu_graph"
"OpenCL","COMPUTE","ffn_moe_logits-2","MUL_MAT","f32",-1,2,-1,64,1,1,1,256,0.523021,1,"clFinish_profiled"
"OpenCL","COMPUTE","ffn_moe_probs-2","SOFT_MAX","f32",-1,3,-1,64,1,1,1,256,0.224167,1,"clFinish_profiled"
"OpenCL","COMPUTE","ffn_moe_argsort-2","ARGSORT","i32",-1,5,-1,64,1,1,1,256,0.197760,1,"clFinish_profiled"
"OpenCL","COMPUTE","ffn_moe_weights-2","GET_ROWS","f32",-1,7,-1,1,8,1,1,32,0.188333,1,"clFinish_profiled"
"CPU_Elastic","COMPUTE_GRAPH","ggml_cgraph","GRAPH","",-1,21,-1,0,0,0,0,0,6.903229,1,"delegate_cpu_graph"
"CPU_Elastic","COMPUTE_GRAPH","ggml_cgraph","GRAPH","",-1,1,-1,0,0,0,0,0,0.412865,1,"delegate_cpu_graph"
"OpenCL","COMPUTE","Qcur-3","ROPE","f32",-1,3,-1,128,16,1,1,8192,0.399636,1,"clFinish_profiled"
"CPU_Elastic","COMPUTE_GRAPH","ggml_cgraph","GRAPH","",-1,1,-1,0,0,0,0,0,0.471094,1,"delegate_cpu_graph"
"OpenCL","COMPUTE","Kcur-3","ROPE","f32",-1,3,-1,128,16,1,1,8192,0.420000,1,"clFinish_profiled"
"CPU_Elastic","COMPUTE_GRAPH","ggml_cgraph","GRAPH","",-1,3,-1,0,0,0,0,0,0.453594,1,"delegate_cpu_graph"
"OpenCL","COMPUTE","cache_k_l3 (view)","SET_ROWS","f16",-1,0,-1,2048,512,1,1,2097152,0.389948,1,"clFinish_profiled"
"OpenCL","COMPUTE","cache_v_l3 (view)","SET_ROWS","f16",-1,2,-1,2048,512,1,1,2097152,0.215938,1,"clFinish_profiled"
"OpenCL","COMPUTE","__fattn__-3","FLASH_ATTN_EXT","f32",-1,9,-1,128,16,1,1,8192,0.407292,1,"clFinish_profiled"
"CPU_Elastic","COMPUTE_GRAPH","ggml_cgraph","GRAPH","",-1,2,-1,0,0,0,0,0,1.853802,1,"delegate_cpu_graph"
"OpenCL","COMPUTE","ffn_moe_logits-3","MUL_MAT","f32",-1,2,-1,64,1,1,1,256,0.482864,1,"clFinish_profiled"
"OpenCL","COMPUTE","ffn_moe_probs-3","SOFT_MAX","f32",-1,3,-1,64,1,1,1,256,0.212396,1,"clFinish_profiled"
"OpenCL","COMPUTE","ffn_moe_argsort-3","ARGSORT","i32",-1,5,-1,64,1,1,1,256,0.185625,1,"clFinish_profiled"
"OpenCL","COMPUTE","ffn_moe_weights-3","GET_ROWS","f32",-1,7,-1,1,8,1,1,32,0.193021,1,"clFinish_profiled"
"CPU_Elastic","COMPUTE_GRAPH","ggml_cgraph","GRAPH","",-1,21,-1,0,0,0,0,0,6.539687,1,"delegate_cpu_graph"
"CPU_Elastic","COMPUTE_GRAPH","ggml_cgraph","GRAPH","",-1,1,-1,0,0,0,0,0,1.549531,1,"delegate_cpu_graph"
"OpenCL","COMPUTE","Qcur-4","ROPE","f32",-1,3,-1,128,16,1,1,8192,0.560261,1,"clFinish_profiled"
"CPU_Elastic","COMPUTE_GRAPH","ggml_cgraph","GRAPH","",-1,1,-1,0,0,0,0,0,1.650000,1,"delegate_cpu_graph"
"OpenCL","COMPUTE","Kcur-4","ROPE","f32",-1,3,-1,128,16,1,1,8192,0.500156,1,"clFinish_profiled"
"OpenCL","COMPUTE","Vcur-4","MUL_MAT","f32",-1,4,-1,2048,1,1,1,8192,0.583594,1,"clFinish_profiled"
"OpenCL","COMPUTE","cache_k_l4 (view)","SET_ROWS","f16",-1,7,-1,2048,512,1,1,2097152,0.405989,1,"clFinish_profiled"
"OpenCL","COMPUTE","cache_v_l4 (view)","SET_ROWS","f16",-1,9,-1,2048,512,1,1,2097152,0.401459,1,"clFinish_profiled"
"OpenCL","COMPUTE","__fattn__-4","FLASH_ATTN_EXT","f32",-1,16,-1,128,16,1,1,8192,0.836459,1,"clFinish_profiled"
"CPU_Elastic","COMPUTE_GRAPH","ggml_cgraph","GRAPH","",-1,2,-1,0,0,0,0,0,1.939531,1,"delegate_cpu_graph"
"OpenCL","COMPUTE","ffn_moe_logits-4","MUL_MAT","f32",-1,2,-1,64,1,1,1,256,0.540729,1,"clFinish_profiled"
"OpenCL","COMPUTE","ffn_moe_probs-4","SOFT_MAX","f32",-1,3,-1,64,1,1,1,256,0.214271,1,"clFinish_profiled"
"OpenCL","COMPUTE","ffn_moe_argsort-4","ARGSORT","i32",-1,5,-1,64,1,1,1,256,0.205625,1,"clFinish_profiled"
"OpenCL","COMPUTE","ffn_moe_weights-4","GET_ROWS","f32",-1,7,-1,1,8,1,1,32,0.179063,1,"clFinish_profiled"
"CPU_Elastic","COMPUTE_GRAPH","ggml_cgraph","GRAPH","",-1,21,-1,0,0,0,0,0,9.876771,1,"delegate_cpu_graph"
"CPU_Elastic","COMPUTE_GRAPH","ggml_cgraph","GRAPH","",-1,1,-1,0,0,0,0,0,0.400364,1,"delegate_cpu_graph"
"OpenCL","COMPUTE","Qcur-5","ROPE","f32",-1,3,-1,128,16,1,1,8192,0.396302,1,"clFinish_profiled"
"CPU_Elastic","COMPUTE_GRAPH","ggml_cgraph","GRAPH","",-1,1,-1,0,0,0,0,0,0.476928,1,"delegate_cpu_graph"
"OpenCL","COMPUTE","Kcur-5","ROPE","f32",-1,3,-1,128,16,1,1,8192,0.398958,1,"clFinish_profiled"
"CPU_Elastic","COMPUTE_GRAPH","ggml_cgraph","GRAPH","",-1,3,-1,0,0,0,0,0,1.502760,1,"delegate_cpu_graph"
"OpenCL","COMPUTE","cache_k_l5 (view)","SET_ROWS","f16",-1,0,-1,2048,512,1,1,2097152,0.491823,1,"clFinish_profiled"
"OpenCL","COMPUTE","cache_v_l5 (view)","SET_ROWS","f16",-1,2,-1,2048,512,1,1,2097152,0.199583,1,"clFinish_profiled"
"OpenCL","COMPUTE","__fattn__-5","FLASH_ATTN_EXT","f32",-1,9,-1,128,16,1,1,8192,0.414271,1,"clFinish_profiled"
"CPU_Elastic","COMPUTE_GRAPH","ggml_cgraph","GRAPH","",-1,2,-1,0,0,0,0,0,1.961459,1,"delegate_cpu_graph"
"OpenCL","COMPUTE","ffn_moe_logits-5","MUL_MAT","f32",-1,2,-1,64,1,1,1,256,0.514479,1,"clFinish_profiled"
"OpenCL","COMPUTE","ffn_moe_probs-5","SOFT_MAX","f32",-1,3,-1,64,1,1,1,256,0.201458,1,"clFinish_profiled"
"OpenCL","COMPUTE","ffn_moe_argsort-5","ARGSORT","i32",-1,5,-1,64,1,1,1,256,0.195521,1,"clFinish_profiled"
"OpenCL","COMPUTE","ffn_moe_weights-5","GET_ROWS","f32",-1,7,-1,1,8,1,1,32,0.187604,1,"clFinish_profiled"
"CPU_Elastic","COMPUTE_GRAPH","ggml_cgraph","GRAPH","",-1,21,-1,0,0,0,0,0,7.311406,1,"delegate_cpu_graph"
"CPU_Elastic","COMPUTE_GRAPH","ggml_cgraph","GRAPH","",-1,1,-1,0,0,0,0,0,0.398698,1,"delegate_cpu_graph"
"OpenCL","COMPUTE","Qcur-6","ROPE","f32",-1,3,-1,128,16,1,1,8192,0.405833,1,"clFinish_profiled"
"CPU_Elastic","COMPUTE_GRAPH","ggml_cgraph","GRAPH","",-1,1,-1,0,0,0,0,0,0.467396,1,"delegate_cpu_graph"
"OpenCL","COMPUTE","Kcur-6","ROPE","f32",-1,3,-1,128,16,1,1,8192,0.396093,1,"clFinish_profiled"
"CPU_Elastic","COMPUTE_GRAPH","ggml_cgraph","GRAPH","",-1,3,-1,0,0,0,0,0,0.480468,1,"delegate_cpu_graph"
"OpenCL","COMPUTE","cache_k_l6 (view)","SET_ROWS","f16",-1,0,-1,2048,512,1,1,2097152,0.409375,1,"clFinish_profiled"
"OpenCL","COMPUTE","cache_v_l6 (view)","SET_ROWS","f16",-1,2,-1,2048,512,1,1,2097152,0.226719,1,"clFinish_profiled"
"OpenCL","COMPUTE","__fattn__-6","FLASH_ATTN_EXT","f32",-1,9,-1,128,16,1,1,8192,0.439896,1,"clFinish_profiled"
"CPU_Elastic","COMPUTE_GRAPH","ggml_cgraph","GRAPH","",-1,2,-1,0,0,0,0,0,1.789323,1,"delegate_cpu_graph"
"OpenCL","COMPUTE","ffn_moe_logits-6","MUL_MAT","f32",-1,2,-1,64,1,1,1,256,0.499947,1,"clFinish_profiled"
"OpenCL","COMPUTE","ffn_moe_probs-6","SOFT_MAX","f32",-1,3,-1,64,1,1,1,256,0.237500,1,"clFinish_profiled"
"OpenCL","COMPUTE","ffn_moe_argsort-6","ARGSORT","i32",-1,5,-1,64,1,1,1,256,0.202084,1,"clFinish_profiled"
"OpenCL","COMPUTE","ffn_moe_weights-6","GET_ROWS","f32",-1,7,-1,1,8,1,1,32,0.187292,1,"clFinish_profiled"
"CPU_Elastic","COMPUTE_GRAPH","ggml_cgraph","GRAPH","",-1,21,-1,0,0,0,0,0,7.208386,1,"delegate_cpu_graph"
"CPU_Elastic","COMPUTE_GRAPH","ggml_cgraph","GRAPH","",-1,1,-1,0,0,0,0,0,1.539792,1,"delegate_cpu_graph"
"OpenCL","COMPUTE","Qcur-7","ROPE","f32",-1,3,-1,128,16,1,1,8192,0.550365,1,"clFinish_profiled"
"CPU_Elastic","COMPUTE_GRAPH","ggml_cgraph","GRAPH","",-1,1,-1,0,0,0,0,0,1.732864,1,"delegate_cpu_graph"
"OpenCL","COMPUTE","Kcur-7","ROPE","f32",-1,3,-1,128,16,1,1,8192,0.487864,1,"clFinish_profiled"
"OpenCL","COMPUTE","Vcur-7","MUL_MAT","f32",-1,4,-1,2048,1,1,1,8192,0.363750,1,"clFinish_profiled"
"OpenCL","COMPUTE","cache_k_l7 (view)","SET_ROWS","f16",-1,7,-1,2048,512,1,1,2097152,0.195938,1,"clFinish_profiled"
"OpenCL","COMPUTE","cache_v_l7 (view)","SET_ROWS","f16",-1,9,-1,2048,512,1,1,2097152,0.204427,1,"clFinish_profiled"
"OpenCL","COMPUTE","__fattn__-7","FLASH_ATTN_EXT","f32",-1,16,-1,128,16,1,1,8192,0.408229,1,"clFinish_profiled"
"CPU_Elastic","COMPUTE_GRAPH","ggml_cgraph","GRAPH","",-1,2,-1,0,0,0,0,0,2.030521,1,"delegate_cpu_graph"
"OpenCL","COMPUTE","ffn_moe_logits-7","MUL_MAT","f32",-1,2,-1,64,1,1,1,256,0.494323,1,"clFinish_profiled"
"OpenCL","COMPUTE","ffn_moe_probs-7","SOFT_MAX","f32",-1,3,-1,64,1,1,1,256,0.205833,1,"clFinish_profiled"
"OpenCL","COMPUTE","ffn_moe_argsort-7","ARGSORT","i32",-1,5,-1,64,1,1,1,256,0.235365,1,"clFinish_profiled"
"OpenCL","COMPUTE","ffn_moe_weights-7","GET_ROWS","f32",-1,7,-1,1,8,1,1,32,0.188542,1,"clFinish_profiled"
"CPU_Elastic","COMPUTE_GRAPH","ggml_cgraph","GRAPH","",-1,21,-1,0,0,0,0,0,12.235677,1,"delegate_cpu_graph"
"CPU_Elastic","COMPUTE_GRAPH","ggml_cgraph","GRAPH","",-1,1,-1,0,0,0,0,0,1.653802,1,"delegate_cpu_graph"
"OpenCL","COMPUTE","Qcur-8","ROPE","f32",-1,3,-1,128,16,1,1,8192,0.470625,1,"clFinish_profiled"
"CPU_Elastic","COMPUTE_GRAPH","ggml_cgraph","GRAPH","",-1,1,-1,0,0,0,0,0,1.555885,1,"delegate_cpu_graph"
"OpenCL","COMPUTE","Kcur-8","ROPE","f32",-1,3,-1,128,16,1,1,8192,0.492500,1,"clFinish_profiled"
"CPU_Elastic","COMPUTE_GRAPH","ggml_cgraph","GRAPH","",-1,3,-1,0,0,0,0,0,2.112187,1,"delegate_cpu_graph"
"OpenCL","COMPUTE","cache_k_l8 (view)","SET_ROWS","f16",-1,0,-1,2048,512,1,1,2097152,0.478386,1,"clFinish_profiled"
"OpenCL","COMPUTE","cache_v_l8 (view)","SET_ROWS","f16",-1,2,-1,2048,512,1,1,2097152,0.201146,1,"clFinish_profiled"
"OpenCL","COMPUTE","__fattn__-8","FLASH_ATTN_EXT","f32",-1,9,-1,128,16,1,1,8192,0.410364,1,"clFinish_profiled"
"CPU_Elastic","COMPUTE_GRAPH","ggml_cgraph","GRAPH","",-1,2,-1,0,0,0,0,0,2.163229,1,"delegate_cpu_graph"
"OpenCL","COMPUTE","ffn_moe_logits-8","MUL_MAT","f32",-1,2,-1,64,1,1,1,256,0.504531,1,"clFinish_profiled"
"OpenCL","COMPUTE","ffn_moe_probs-8","SOFT_MAX","f32",-1,3,-1,64,1,1,1,256,0.209323,1,"clFinish_profiled"
"OpenCL","COMPUTE","ffn_moe_argsort-8","ARGSORT","i32",-1,5,-1,64,1,1,1,256,0.163333,1,"clFinish_profiled"
"OpenCL","COMPUTE","ffn_moe_weights-8","GET_ROWS","f32",-1,7,-1,1,8,1,1,32,0.230156,1,"clFinish_profiled"
"CPU_Elastic","COMPUTE_GRAPH","ggml_cgraph","GRAPH","",-1,21,-1,0,0,0,0,0,12.434844,1,"delegate_cpu_graph"
"CPU_Elastic","COMPUTE_GRAPH","ggml_cgraph","GRAPH","",-1,1,-1,0,0,0,0,0,1.546771,1,"delegate_cpu_graph"
"OpenCL","COMPUTE","Qcur-9","ROPE","f32",-1,3,-1,128,16,1,1,8192,0.567708,1,"clFinish_profiled"
"CPU_Elastic","COMPUTE_GRAPH","ggml_cgraph","GRAPH","",-1,1,-1,0,0,0,0,0,1.410000,1,"delegate_cpu_graph"
"OpenCL","COMPUTE","Kcur-9","ROPE","f32",-1,3,-1,128,16,1,1,8192,0.507500,1,"clFinish_profiled"
"CPU_Elastic","COMPUTE_GRAPH","ggml_cgraph","GRAPH","",-1,3,-1,0,0,0,0,0,2.414791,1,"delegate_cpu_graph"
"OpenCL","COMPUTE","cache_k_l9 (view)","SET_ROWS","f16",-1,0,-1,2048,512,1,1,2097152,0.494063,1,"clFinish_profiled"
"OpenCL","COMPUTE","cache_v_l9 (view)","SET_ROWS","f16",-1,2,-1,2048,512,1,1,2097152,0.202657,1,"clFinish_profiled"
"OpenCL","COMPUTE","__fattn__-9","FLASH_ATTN_EXT","f32",-1,9,-1,128,16,1,1,8192,0.417500,1,"clFinish_profiled"
"CPU_Elastic","COMPUTE_GRAPH","ggml_cgraph","GRAPH","",-1,2,-1,0,0,0,0,0,1.784636,1,"delegate_cpu_graph"
"OpenCL","COMPUTE","ffn_moe_logits-9","MUL_MAT","f32",-1,2,-1,64,1,1,1,256,0.550365,1,"clFinish_profiled"
"OpenCL","COMPUTE","ffn_moe_probs-9","SOFT_MAX","f32",-1,3,-1,64,1,1,1,256,0.223229,1,"clFinish_profiled"
"OpenCL","COMPUTE","ffn_moe_argsort-9","ARGSORT","i32",-1,5,-1,64,1,1,1,256,0.197240,1,"clFinish_profiled"
"OpenCL","COMPUTE","ffn_moe_weights-9","GET_ROWS","f32",-1,7,-1,1,8,1,1,32,0.106458,1,"clFinish_profiled"
"CPU_Elastic","COMPUTE_GRAPH","ggml_cgraph","GRAPH","",-1,21,-1,0,0,0,0,0,7.594166,1,"delegate_cpu_graph"
"CPU_Elastic","COMPUTE_GRAPH","ggml_cgraph","GRAPH","",-1,1,-1,0,0,0,0,0,0.894323,1,"delegate_cpu_graph"
"OpenCL","COMPUTE","Qcur-10","ROPE","f32",-1,3,-1,128,16,1,1,8192,0.470365,1,"clFinish_profiled"
"CPU_Elastic","COMPUTE_GRAPH","ggml_cgraph","GRAPH","",-1,1,-1,0,0,0,0,0,1.561719,1,"delegate_cpu_graph"
"OpenCL","COMPUTE","Kcur-10","ROPE","f32",-1,3,-1,128,16,1,1,8192,0.480052,1,"clFinish_profiled"
"OpenCL","COMPUTE","Vcur-10","MUL_MAT","f32",-1,4,-1,2048,1,1,1,8192,0.350781,1,"clFinish_profiled"
"OpenCL","COMPUTE","cache_k_l10 (view)","SET_ROWS","f16",-1,7,-1,2048,512,1,1,2097152,0.218073,1,"clFinish_profiled"
"OpenCL","COMPUTE","cache_v_l10 (view)","SET_ROWS","f16",-1,9,-1,2048,512,1,1,2097152,0.192032,1,"clFinish_profiled"
"OpenCL","COMPUTE","__fattn__-10","FLASH_ATTN_EXT","f32",-1,16,-1,128,16,1,1,8192,0.411042,1,"clFinish_profiled"
"CPU_Elastic","COMPUTE_GRAPH","ggml_cgraph","GRAPH","",-1,2,-1,0,0,0,0,0,2.025208,1,"delegate_cpu_graph"
"OpenCL","COMPUTE","ffn_moe_logits-10","MUL_MAT","f32",-1,2,-1,64,1,1,1,256,0.525937,1,"clFinish_profiled"
"OpenCL","COMPUTE","ffn_moe_probs-10","SOFT_MAX","f32",-1,3,-1,64,1,1,1,256,0.212083,1,"clFinish_profiled"
"OpenCL","COMPUTE","ffn_moe_argsort-10","ARGSORT","i32",-1,5,-1,64,1,1,1,256,0.199218,1,"clFinish_profiled"
"OpenCL","COMPUTE","ffn_moe_weights-10","GET_ROWS","f32",-1,7,-1,1,8,1,1,32,0.260156,1,"clFinish_profiled"
"CPU_Elastic","COMPUTE_GRAPH","ggml_cgraph","GRAPH","",-1,21,-1,0,0,0,0,0,12.096823,1,"delegate_cpu_graph"
"CPU_Elastic","COMPUTE_GRAPH","ggml_cgraph","GRAPH","",-1,1,-1,0,0,0,0,0,1.504114,1,"delegate_cpu_graph"
"OpenCL","COMPUTE","Qcur-11","ROPE","f32",-1,3,-1,128,16,1,1,8192,0.505208,1,"clFinish_profiled"
"CPU_Elastic","COMPUTE_GRAPH","ggml_cgraph","GRAPH","",-1,1,-1,0,0,0,0,0,0.929010,1,"delegate_cpu_graph"
"OpenCL","COMPUTE","Kcur-11","ROPE","f32",-1,3,-1,128,16,1,1,8192,0.514062,1,"clFinish_profiled"
"CPU_Elastic","COMPUTE_GRAPH","ggml_cgraph","GRAPH","",-1,3,-1,0,0,0,0,0,2.063125,1,"delegate_cpu_graph"
"OpenCL","COMPUTE","cache_k_l11 (view)","SET_ROWS","f16",-1,0,-1,2048,512,1,1,2097152,0.480834,1,"clFinish_profiled"
"OpenCL","COMPUTE","cache_v_l11 (view)","SET_ROWS","f16",-1,2,-1,2048,512,1,1,2097152,0.207136,1,"clFinish_profiled"
"OpenCL","COMPUTE","__fattn__-11","FLASH_ATTN_EXT","f32",-1,9,-1,128,16,1,1,8192,0.422865,1,"clFinish_profiled"
"CPU_Elastic","COMPUTE_GRAPH","ggml_cgraph","GRAPH","",-1,2,-1,0,0,0,0,0,1.956979,1,"delegate_cpu_graph"
"OpenCL","COMPUTE","ffn_moe_logits-11","MUL_MAT","f32",-1,2,-1,64,1,1,1,256,0.521614,1,"clFinish_profiled"
"OpenCL","COMPUTE","ffn_moe_probs-11","SOFT_MAX","f32",-1,3,-1,64,1,1,1,256,0.209219,1,"clFinish_profiled"
"OpenCL","COMPUTE","ffn_moe_argsort-11","ARGSORT","i32",-1,5,-1,64,1,1,1,256,0.199531,1,"clFinish_profiled"
"OpenCL","COMPUTE","ffn_moe_weights-11","GET_ROWS","f32",-1,7,-1,1,8,1,1,32,0.189532,1,"clFinish_profiled"
"CPU_Elastic","COMPUTE_GRAPH","ggml_cgraph","GRAPH","",-1,21,-1,0,0,0,0,0,8.845573,1,"delegate_cpu_graph"
"CPU_Elastic","COMPUTE_GRAPH","ggml_cgraph","GRAPH","",-1,1,-1,0,0,0,0,0,0.379062,1,"delegate_cpu_graph"
"OpenCL","COMPUTE","Qcur-12","ROPE","f32",-1,3,-1,128,16,1,1,8192,0.419531,1,"clFinish_profiled"
"CPU_Elastic","COMPUTE_GRAPH","ggml_cgraph","GRAPH","",-1,1,-1,0,0,0,0,0,0.451302,1,"delegate_cpu_graph"
"OpenCL","COMPUTE","Kcur-12","ROPE","f32",-1,3,-1,128,16,1,1,8192,0.396771,1,"clFinish_profiled"
"CPU_Elastic","COMPUTE_GRAPH","ggml_cgraph","GRAPH","",-1,3,-1,0,0,0,0,0,0.477291,1,"delegate_cpu_graph"
"OpenCL","COMPUTE","cache_k_l12 (view)","SET_ROWS","f16",-1,0,-1,2048,512,1,1,2097152,0.385365,1,"clFinish_profiled"
"OpenCL","COMPUTE","cache_v_l12 (view)","SET_ROWS","f16",-1,2,-1,2048,512,1,1,2097152,0.222969,1,"clFinish_profiled"
"OpenCL","COMPUTE","__fattn__-12","FLASH_ATTN_EXT","f32",-1,9,-1,128,16,1,1,8192,0.403334,1,"clFinish_profiled"
"CPU_Elastic","COMPUTE_GRAPH","ggml_cgraph","GRAPH","",-1,2,-1,0,0,0,0,0,1.838073,1,"delegate_cpu_graph"
"OpenCL","COMPUTE","ffn_moe_logits-12","MUL_MAT","f32",-1,2,-1,64,1,1,1,256,0.525260,1,"clFinish_profiled"
"OpenCL","COMPUTE","ffn_moe_probs-12","SOFT_MAX","f32",-1,3,-1,64,1,1,1,256,0.205625,1,"clFinish_profiled"
"OpenCL","COMPUTE","ffn_moe_argsort-12","ARGSORT","i32",-1,5,-1,64,1,1,1,256,0.143386,1,"clFinish_profiled"
"OpenCL","COMPUTE","ffn_moe_weights-12","GET_ROWS","f32",-1,7,-1,1,8,1,1,32,0.147813,1,"clFinish_profiled"
"CPU_Elastic","COMPUTE_GRAPH","ggml_cgraph","GRAPH","",-1,21,-1,0,0,0,0,0,12.008594,1,"delegate_cpu_graph"
"CPU_Elastic","COMPUTE_GRAPH","ggml_cgraph","GRAPH","",-1,1,-1,0,0,0,0,0,1.709011,1,"delegate_cpu_graph"
"OpenCL","COMPUTE","Qcur-13","ROPE","f32",-1,3,-1,128,16,1,1,8192,0.531927,1,"clFinish_profiled"
"CPU_Elastic","COMPUTE_GRAPH","ggml_cgraph","GRAPH","",-1,1,-1,0,0,0,0,0,1.826198,1,"delegate_cpu_graph"
"OpenCL","COMPUTE","Kcur-13","ROPE","f32",-1,3,-1,128,16,1,1,8192,0.545156,1,"clFinish_profiled"
"OpenCL","COMPUTE","Vcur-13","MUL_MAT","f32",-1,4,-1,2048,1,1,1,8192,0.351667,1,"clFinish_profiled"
"OpenCL","COMPUTE","cache_k_l13 (view)","SET_ROWS","f16",-1,7,-1,2048,512,1,1,2097152,0.194219,1,"clFinish_profiled"
"OpenCL","COMPUTE","cache_v_l13 (view)","SET_ROWS","f16",-1,9,-1,2048,512,1,1,2097152,0.192135,1,"clFinish_profiled"
"OpenCL","COMPUTE","__fattn__-13","FLASH_ATTN_EXT","f32",-1,16,-1,128,16,1,1,8192,0.410417,1,"clFinish_profiled"
"CPU_Elastic","COMPUTE_GRAPH","ggml_cgraph","GRAPH","",-1,2,-1,0,0,0,0,0,1.869010,1,"delegate_cpu_graph"
"OpenCL","COMPUTE","ffn_moe_logits-13","MUL_MAT","f32",-1,2,-1,64,1,1,1,256,0.512031,1,"clFinish_profiled"
"OpenCL","COMPUTE","ffn_moe_probs-13","SOFT_MAX","f32",-1,3,-1,64,1,1,1,256,0.265469,1,"clFinish_profiled"
"OpenCL","COMPUTE","ffn_moe_argsort-13","ARGSORT","i32",-1,5,-1,64,1,1,1,256,0.114062,1,"clFinish_profiled"
"OpenCL","COMPUTE","ffn_moe_weights-13","GET_ROWS","f32",-1,7,-1,1,8,1,1,32,0.118802,1,"clFinish_profiled"
"CPU_Elastic","COMPUTE_GRAPH","ggml_cgraph","GRAPH","",-1,21,-1,0,0,0,0,0,12.323698,1,"delegate_cpu_graph"
"CPU_Elastic","COMPUTE_GRAPH","ggml_cgraph","GRAPH","",-1,1,-1,0,0,0,0,0,1.550572,1,"delegate_cpu_graph"
"OpenCL","COMPUTE","Qcur-14","ROPE","f32",-1,3,-1,128,16,1,1,8192,0.600885,1,"clFinish_profiled"
"CPU_Elastic","COMPUTE_GRAPH","ggml_cgraph","GRAPH","",-1,1,-1,0,0,0,0,0,1.746615,1,"delegate_cpu_graph"
"OpenCL","COMPUTE","Kcur-14","ROPE","f32",-1,3,-1,128,16,1,1,8192,0.549844,1,"clFinish_profiled"
"OpenCL","COMPUTE","Vcur-14","MUL_MAT","f32",-1,4,-1,2048,1,1,1,8192,0.345312,1,"clFinish_profiled"
"OpenCL","COMPUTE","cache_k_l14 (view)","SET_ROWS","f16",-1,7,-1,2048,512,1,1,2097152,0.216458,1,"clFinish_profiled"
"OpenCL","COMPUTE","cache_v_l14 (view)","SET_ROWS","f16",-1,9,-1,2048,512,1,1,2097152,0.261771,1,"clFinish_profiled"
"OpenCL","COMPUTE","__fattn__-14","FLASH_ATTN_EXT","f32",-1,16,-1,128,16,1,1,8192,0.453229,1,"clFinish_profiled"
"CPU_Elastic","COMPUTE_GRAPH","ggml_cgraph","GRAPH","",-1,2,-1,0,0,0,0,0,1.578333,1,"delegate_cpu_graph"
"OpenCL","COMPUTE","ffn_moe_logits-14","MUL_MAT","f32",-1,2,-1,64,1,1,1,256,0.508177,1,"clFinish_profiled"
"OpenCL","COMPUTE","ffn_moe_probs-14","SOFT_MAX","f32",-1,3,-1,64,1,1,1,256,0.209375,1,"clFinish_profiled"
"OpenCL","COMPUTE","ffn_moe_argsort-14","ARGSORT","i32",-1,5,-1,64,1,1,1,256,0.210052,1,"clFinish_profiled"
"OpenCL","COMPUTE","ffn_moe_weights-14","GET_ROWS","f32",-1,7,-1,1,8,1,1,32,0.214635,1,"clFinish_profiled"
"CPU_Elastic","COMPUTE_GRAPH","ggml_cgraph","GRAPH","",-1,21,-1,0,0,0,0,0,12.337813,1,"delegate_cpu_graph"
"CPU_Elastic","COMPUTE_GRAPH","ggml_cgraph","GRAPH","",-1,1,-1,0,0,0,0,0,1.650313,1,"delegate_cpu_graph"
"OpenCL","COMPUTE","Qcur-15","ROPE","f32",-1,3,-1,128,16,1,1,8192,0.522916,1,"clFinish_profiled"
"CPU_Elastic","COMPUTE_GRAPH","ggml_cgraph","GRAPH","",-1,1,-1,0,0,0,0,0,1.862188,1,"delegate_cpu_graph"
"OpenCL","COMPUTE","Kcur-15","ROPE","f32",-1,3,-1,128,16,1,1,8192,0.514479,1,"clFinish_profiled"
"OpenCL","COMPUTE","Vcur-15","MUL_MAT","f32",-1,4,-1,2048,1,1,1,8192,0.351927,1,"clFinish_profiled"
"OpenCL","COMPUTE","cache_k_l15 (view)","SET_ROWS","f16",-1,7,-1,2048,512,1,1,2097152,0.194479,1,"clFinish_profiled"
"OpenCL","COMPUTE","cache_v_l15 (view)","SET_ROWS","f16",-1,9,-1,2048,512,1,1,2097152,0.258802,1,"clFinish_profiled"
"OpenCL","COMPUTE","__fattn__-15","FLASH_ATTN_EXT","f32",-1,16,-1,128,16,1,1,8192,0.419375,1,"clFinish_profiled"
"CPU_Elastic","COMPUTE_GRAPH","ggml_cgraph","GRAPH","",-1,4,-1,0,0,0,0,0,2.223333,1,"delegate_cpu_graph"
"OpenCL","COMPUTE","ffn_moe_logits-15","MUL_MAT","f32",-1,2,-1,64,1,1,1,256,0.508229,1,"clFinish_profiled"
"OpenCL","COMPUTE","ffn_moe_probs-15","SOFT_MAX","f32",-1,3,-1,64,1,1,1,256,0.207083,1,"clFinish_profiled"
"OpenCL","COMPUTE","ffn_moe_argsort-15","ARGSORT","i32",-1,5,-1,64,1,1,1,256,0.191146,1,"clFinish_profiled"
"OpenCL","COMPUTE","ffn_moe_weights-15","GET_ROWS","f32",-1,7,-1,1,8,1,1,32,0.204531,1,"clFinish_profiled"
"CPU_Elastic","COMPUTE_GRAPH","ggml_cgraph","GRAPH","",-1,22,-1,0,0,0,0,0,13.125000,1,"delegate_cpu_graph"
"OpenCL","COMPUTE","result_norm","MUL","f32",-1,0,-1,2048,1,1,1,8192,0.514219,1,"clFinish_profiled"
"OpenCL","COMPUTE","result_output","MUL_MAT","f32",-1,1,-1,50304,1,1,1,201216,3.999843,1,"clFinish_profiled"
"CPU_Elastic","COMPUTE_GRAPH","ggml_cgraph","GRAPH","",-1,1,-1,0,0,0,0,0,0.012188,1,"delegate_cpu_graph"
"CPU_Elastic","COMPUTE_GRAPH","ggml_cgraph","GRAPH","",-1,1,-1,0,0,0,0,0,1.617083,1,"delegate_cpu_graph"
"OpenCL","COMPUTE","Qcur-0","ROPE","f32",-1,3,-1,128,16,1,1,8192,0.556927,1,"clFinish_profiled"
"CPU_Elastic","COMPUTE_GRAPH","ggml_cgraph","GRAPH","",-1,1,-1,0,0,0,0,0,1.396146,1,"delegate_cpu_graph"
"OpenCL","COMPUTE","Kcur-0","ROPE","f32",-1,3,-1,128,16,1,1,8192,0.536927,1,"clFinish_profiled"
"OpenCL","COMPUTE","Vcur-0","MUL_MAT","f32",-1,4,-1,2048,1,1,1,8192,0.352395,1,"clFinish_profiled"
"OpenCL","COMPUTE","cache_k_l0 (view)","SET_ROWS","f16",-1,7,-1,2048,512,1,1,2097152,0.195989,1,"clFinish_profiled"
"OpenCL","COMPUTE","cache_v_l0 (view)","SET_ROWS","f16",-1,9,-1,2048,512,1,1,2097152,0.193594,1,"clFinish_profiled"
"OpenCL","COMPUTE"," (copy)","CPY","f16",-1,16,-1,256,64,1,1,32768,0.247031,1,"clFinish_profiled"
"OpenCL","COMPUTE","__fattn__-0","FLASH_ATTN_EXT","f32",-1,17,-1,128,16,1,1,8192,0.413958,1,"clFinish_profiled"
"CPU_Elastic","COMPUTE_GRAPH","ggml_cgraph","GRAPH","",-1,2,-1,0,0,0,0,0,1.680156,1,"delegate_cpu_graph"
"OpenCL","COMPUTE","ffn_moe_logits-0","MUL_MAT","f32",-1,2,-1,64,1,1,1,256,0.530938,1,"clFinish_profiled"
"OpenCL","COMPUTE","ffn_moe_probs-0","SOFT_MAX","f32",-1,3,-1,64,1,1,1,256,0.228073,1,"clFinish_profiled"
"OpenCL","COMPUTE","ffn_moe_argsort-0","ARGSORT","i32",-1,5,-1,64,1,1,1,256,0.197344,1,"clFinish_profiled"
"OpenCL","COMPUTE","ffn_moe_weights-0","GET_ROWS","f32",-1,7,-1,1,8,1,1,32,0.186458,1,"clFinish_profiled"
"CPU_Elastic","COMPUTE_GRAPH","ggml_cgraph","GRAPH","",-1,21,-1,0,0,0,0,0,12.971094,1,"delegate_cpu_graph"
"CPU_Elastic","COMPUTE_GRAPH","ggml_cgraph","GRAPH","",-1,1,-1,0,0,0,0,0,1.306198,1,"delegate_cpu_graph"
"OpenCL","COMPUTE","Qcur-1","ROPE","f32",-1,3,-1,128,16,1,1,8192,0.525468,1,"clFinish_profiled"
"CPU_Elastic","COMPUTE_GRAPH","ggml_cgraph","GRAPH","",-1,1,-1,0,0,0,0,0,1.813489,1,"delegate_cpu_graph"
"OpenCL","COMPUTE","Kcur-1","ROPE","f32",-1,3,-1,128,16,1,1,8192,0.500886,1,"clFinish_profiled"
"OpenCL","COMPUTE","Vcur-1","MUL_MAT","f32",-1,4,-1,2048,1,1,1,8192,0.352135,1,"clFinish_profiled"
"OpenCL","COMPUTE","cache_k_l1 (view)","SET_ROWS","f16",-1,7,-1,2048,512,1,1,2097152,0.195052,1,"clFinish_profiled"
"OpenCL","COMPUTE","cache_v_l1 (view)","SET_ROWS","f16",-1,9,-1,2048,512,1,1,2097152,0.192813,1,"clFinish_profiled"
"OpenCL","COMPUTE","__fattn__-1","FLASH_ATTN_EXT","f32",-1,16,-1,128,16,1,1,8192,0.418906,1,"clFinish_profiled"
"CPU_Elastic","COMPUTE_GRAPH","ggml_cgraph","GRAPH","",-1,2,-1,0,0,0,0,0,2.000000,1,"delegate_cpu_graph"
"OpenCL","COMPUTE","ffn_moe_logits-1","MUL_MAT","f32",-1,2,-1,64,1,1,1,256,0.550730,1,"clFinish_profiled"
"OpenCL","COMPUTE","ffn_moe_probs-1","SOFT_MAX","f32",-1,3,-1,64,1,1,1,256,0.242812,1,"clFinish_profiled"
"OpenCL","COMPUTE","ffn_moe_argsort-1","ARGSORT","i32",-1,5,-1,64,1,1,1,256,0.209218,1,"clFinish_profiled"
"OpenCL","COMPUTE","ffn_moe_weights-1","GET_ROWS","f32",-1,7,-1,1,8,1,1,32,0.191041,1,"clFinish_profiled"
"CPU_Elastic","COMPUTE_GRAPH","ggml_cgraph","GRAPH","",-1,21,-1,0,0,0,0,0,8.313594,1,"delegate_cpu_graph"
"CPU_Elastic","COMPUTE_GRAPH","ggml_cgraph","GRAPH","",-1,1,-1,0,0,0,0,0,0.388646,1,"delegate_cpu_graph"
"OpenCL","COMPUTE","Qcur-2","ROPE","f32",-1,3,-1,128,16,1,1,8192,0.399948,1,"clFinish_profiled"
"CPU_Elastic","COMPUTE_GRAPH","ggml_cgraph","GRAPH","",-1,1,-1,0,0,0,0,0,0.502135,1,"delegate_cpu_graph"
"OpenCL","COMPUTE","Kcur-2","ROPE","f32",-1,3,-1,128,16,1,1,8192,0.410885,1,"clFinish_profiled"
"CPU_Elastic","COMPUTE_GRAPH","ggml_cgraph","GRAPH","",-1,3,-1,0,0,0,0,0,0.461250,1,"delegate_cpu_graph"
"OpenCL","COMPUTE","cache_k_l2 (view)","SET_ROWS","f16",-1,0,-1,2048,512,1,1,2097152,0.385937,1,"clFinish_profiled"
"OpenCL","COMPUTE","cache_v_l2 (view)","SET_ROWS","f16",-1,2,-1,2048,512,1,1,2097152,0.214271,1,"clFinish_profiled"
"OpenCL","COMPUTE","__fattn__-2","FLASH_ATTN_EXT","f32",-1,9,-1,128,16,1,1,8192,0.412812,1,"clFinish_profiled"
"CPU_Elastic","COMPUTE_GRAPH","ggml_cgraph","GRAPH","",-1,2,-1,0,0,0,0,0,1.604791,1,"delegate_cpu_graph"
"OpenCL","COMPUTE","ffn_moe_logits-2","MUL_MAT","f32",-1,2,-1,64,1,1,1,256,0.541146,1,"clFinish_profiled"
"OpenCL","COMPUTE","ffn_moe_probs-2","SOFT_MAX","f32",-1,3,-1,64,1,1,1,256,0.207240,1,"clFinish_profiled"
"OpenCL","COMPUTE","ffn_moe_argsort-2","ARGSORT","i32",-1,5,-1,64,1,1,1,256,0.199166,1,"clFinish_profiled"
"OpenCL","COMPUTE","ffn_moe_weights-2","GET_ROWS","f32",-1,7,-1,1,8,1,1,32,0.187239,1,"clFinish_profiled"
"CPU_Elastic","COMPUTE_GRAPH","ggml_cgraph","GRAPH","",-1,21,-1,0,0,0,0,0,11.565468,1,"delegate_cpu_graph"
"CPU_Elastic","COMPUTE_GRAPH","ggml_cgraph","GRAPH","",-1,1,-1,0,0,0,0,0,1.556875,1,"delegate_cpu_graph"
"OpenCL","COMPUTE","Qcur-3","ROPE","f32",-1,3,-1,128,16,1,1,8192,0.570938,1,"clFinish_profiled"
"CPU_Elastic","COMPUTE_GRAPH","ggml_cgraph","GRAPH","",-1,1,-1,0,0,0,0,0,1.693854,1,"delegate_cpu_graph"
"OpenCL","COMPUTE","Kcur-3","ROPE","f32",-1,3,-1,128,16,1,1,8192,0.544010,1,"clFinish_profiled"
"CPU_Elastic","COMPUTE_GRAPH","ggml_cgraph","GRAPH","",-1,3,-1,0,0,0,0,0,2.076823,1,"delegate_cpu_graph"
"OpenCL","COMPUTE","cache_k_l3 (view)","SET_ROWS","f16",-1,0,-1,2048,512,1,1,2097152,0.587604,1,"clFinish_profiled"
"OpenCL","COMPUTE","cache_v_l3 (view)","SET_ROWS","f16",-1,2,-1,2048,512,1,1,2097152,0.238750,1,"clFinish_profiled"
"OpenCL","COMPUTE","__fattn__-3","FLASH_ATTN_EXT","f32",-1,9,-1,128,16,1,1,8192,0.509271,1,"clFinish_profiled"
"CPU_Elastic","COMPUTE_GRAPH","ggml_cgraph","GRAPH","",-1,2,-1,0,0,0,0,0,2.091093,1,"delegate_cpu_graph"
"OpenCL","COMPUTE","ffn_moe_logits-3","MUL_MAT","f32",-1,2,-1,64,1,1,1,256,0.521771,1,"clFinish_profiled"
"OpenCL","COMPUTE","ffn_moe_probs-3","SOFT_MAX","f32",-1,3,-1,64,1,1,1,256,0.209635,1,"clFinish_profiled"
"OpenCL","COMPUTE","ffn_moe_argsort-3","ARGSORT","i32",-1,5,-1,64,1,1,1,256,0.210729,1,"clFinish_profiled"
"OpenCL","COMPUTE","ffn_moe_weights-3","GET_ROWS","f32",-1,7,-1,1,8,1,1,32,0.189062,1,"clFinish_profiled"
"CPU_Elastic","COMPUTE_GRAPH","ggml_cgraph","GRAPH","",-1,21,-1,0,0,0,0,0,12.724739,1,"delegate_cpu_graph"
"CPU_Elastic","COMPUTE_GRAPH","ggml_cgraph","GRAPH","",-1,1,-1,0,0,0,0,0,1.801823,1,"delegate_cpu_graph"
"OpenCL","COMPUTE","Qcur-4","ROPE","f32",-1,3,-1,128,16,1,1,8192,0.503593,1,"clFinish_profiled"
"CPU_Elastic","COMPUTE_GRAPH","ggml_cgraph","GRAPH","",-1,1,-1,0,0,0,0,0,1.841250,1,"delegate_cpu_graph"
"OpenCL","COMPUTE","Kcur-4","ROPE","f32",-1,3,-1,128,16,1,1,8192,0.522865,1,"clFinish_profiled"
"OpenCL","COMPUTE","Vcur-4","MUL_MAT","f32",-1,4,-1,2048,1,1,1,8192,0.349323,1,"clFinish_profiled"
"OpenCL","COMPUTE","cache_k_l4 (view)","SET_ROWS","f16",-1,7,-1,2048,512,1,1,2097152,0.193906,1,"clFinish_profiled"
"OpenCL","COMPUTE","cache_v_l4 (view)","SET_ROWS","f16",-1,9,-1,2048,512,1,1,2097152,0.192187,1,"clFinish_profiled"
"OpenCL","COMPUTE","__fattn__-4","FLASH_ATTN_EXT","f32",-1,16,-1,128,16,1,1,8192,0.407968,1,"clFinish_profiled"
"CPU_Elastic","COMPUTE_GRAPH","ggml_cgraph","GRAPH","",-1,2,-1,0,0,0,0,0,2.009271,1,"delegate_cpu_graph"
"OpenCL","COMPUTE","ffn_moe_logits-4","MUL_MAT","f32",-1,2,-1,64,1,1,1,256,0.506145,1,"clFinish_profiled"
"OpenCL","COMPUTE","ffn_moe_probs-4","SOFT_MAX","f32",-1,3,-1,64,1,1,1,256,0.208386,1,"clFinish_profiled"
"OpenCL","COMPUTE","ffn_moe_argsort-4","ARGSORT","i32",-1,5,-1,64,1,1,1,256,0.198855,1,"clFinish_profiled"
"OpenCL","COMPUTE","ffn_moe_weights-4","GET_ROWS","f32",-1,7,-1,1,8,1,1,32,0.189428,1,"clFinish_profiled"
"CPU_Elastic","COMPUTE_GRAPH","ggml_cgraph","GRAPH","",-1,21,-1,0,0,0,0,0,12.989843,1,"delegate_cpu_graph"
"CPU_Elastic","COMPUTE_GRAPH","ggml_cgraph","GRAPH","",-1,1,-1,0,0,0,0,0,1.607136,1,"delegate_cpu_graph"
"OpenCL","COMPUTE","Qcur-5","ROPE","f32",-1,3,-1,128,16,1,1,8192,0.510521,1,"clFinish_profiled"
"CPU_Elastic","COMPUTE_GRAPH","ggml_cgraph","GRAPH","",-1,1,-1,0,0,0,0,0,1.780573,1,"delegate_cpu_graph"
"OpenCL","COMPUTE","Kcur-5","ROPE","f32",-1,3,-1,128,16,1,1,8192,0.500104,1,"clFinish_profiled"
"CPU_Elastic","COMPUTE_GRAPH","ggml_cgraph","GRAPH","",-1,3,-1,0,0,0,0,0,2.091407,1,"delegate_cpu_graph"
"OpenCL","COMPUTE","cache_k_l5 (view)","SET_ROWS","f16",-1,0,-1,2048,512,1,1,2097152,0.559271,1,"clFinish_profiled"
"OpenCL","COMPUTE","cache_v_l5 (view)","SET_ROWS","f16",-1,2,-1,2048,512,1,1,2097152,0.302344,1,"clFinish_profiled"
"OpenCL","COMPUTE","__fattn__-5","FLASH_ATTN_EXT","f32",-1,9,-1,128,16,1,1,8192,0.449740,1,"clFinish_profiled"
"CPU_Elastic","COMPUTE_GRAPH","ggml_cgraph","GRAPH","",-1,2,-1,0,0,0,0,0,1.896198,1,"delegate_cpu_graph"
"OpenCL","COMPUTE","ffn_moe_logits-5","MUL_MAT","f32",-1,2,-1,64,1,1,1,256,0.513229,1,"clFinish_profiled"
"OpenCL","COMPUTE","ffn_moe_probs-5","SOFT_MAX","f32",-1,3,-1,64,1,1,1,256,0.238333,1,"clFinish_profiled"
"OpenCL","COMPUTE","ffn_moe_argsort-5","ARGSORT","i32",-1,5,-1,64,1,1,1,256,0.201719,1,"clFinish_profiled"
"OpenCL","COMPUTE","ffn_moe_weights-5","GET_ROWS","f32",-1,7,-1,1,8,1,1,32,0.189062,1,"clFinish_profiled"
"CPU_Elastic","COMPUTE_GRAPH","ggml_cgraph","GRAPH","",-1,21,-1,0,0,0,0,0,6.617240,1,"delegate_cpu_graph"
"CPU_Elastic","COMPUTE_GRAPH","ggml_cgraph","GRAPH","",-1,1,-1,0,0,0,0,0,0.384688,1,"delegate_cpu_graph"
"OpenCL","COMPUTE","Qcur-6","ROPE","f32",-1,3,-1,128,16,1,1,8192,0.405469,1,"clFinish_profiled"
"CPU_Elastic","COMPUTE_GRAPH","ggml_cgraph","GRAPH","",-1,1,-1,0,0,0,0,0,0.929063,1,"delegate_cpu_graph"
"OpenCL","COMPUTE","Kcur-6","ROPE","f32",-1,3,-1,128,16,1,1,8192,0.577344,1,"clFinish_profiled"
"CPU_Elastic","COMPUTE_GRAPH","ggml_cgraph","GRAPH","",-1,3,-1,0,0,0,0,0,2.200469,1,"delegate_cpu_graph"
"OpenCL","COMPUTE","cache_k_l6 (view)","SET_ROWS","f16",-1,0,-1,2048,512,1,1,2097152,0.511459,1,"clFinish_profiled"
"OpenCL","COMPUTE","cache_v_l6 (view)","SET_ROWS","f16",-1,2,-1,2048,512,1,1,2097152,0.213802,1,"clFinish_profiled"
"OpenCL","COMPUTE","__fattn__-6","FLASH_ATTN_EXT","f32",-1,9,-1,128,16,1,1,8192,0.406875,1,"clFinish_profiled"
"CPU_Elastic","COMPUTE_GRAPH","ggml_cgraph","GRAPH","",-1,2,-1,0,0,0,0,0,1.908854,1,"delegate_cpu_graph"
"OpenCL","COMPUTE","ffn_moe_logits-6","MUL_MAT","f32",-1,2,-1,64,1,1,1,256,0.569062,1,"clFinish_profiled"
"OpenCL","COMPUTE","ffn_moe_probs-6","SOFT_MAX","f32",-1,3,-1,64,1,1,1,256,0.229948,1,"clFinish_profiled"
"OpenCL","COMPUTE","ffn_moe_argsort-6","ARGSORT","i32",-1,5,-1,64,1,1,1,256,0.199271,1,"clFinish_profiled"
"OpenCL","COMPUTE","ffn_moe_weights-6","GET_ROWS","f32",-1,7,-1,1,8,1,1,32,0.097395,1,"clFinish_profiled"
"CPU_Elastic","COMPUTE_GRAPH","ggml_cgraph","GRAPH","",-1,21,-1,0,0,0,0,0,11.432865,1,"delegate_cpu_graph"
"CPU_Elastic","COMPUTE_GRAPH","ggml_cgraph","GRAPH","",-1,1,-1,0,0,0,0,0,1.783906,1,"delegate_cpu_graph"
"OpenCL","COMPUTE","Qcur-7","ROPE","f32",-1,3,-1,128,16,1,1,8192,0.495417,1,"clFinish_profiled"
"CPU_Elastic","COMPUTE_GRAPH","ggml_cgraph","GRAPH","",-1,1,-1,0,0,0,0,0,1.786927,1,"delegate_cpu_graph"
"OpenCL","COMPUTE","Kcur-7","ROPE","f32",-1,3,-1,128,16,1,1,8192,0.506354,1,"clFinish_profiled"
"OpenCL","COMPUTE","Vcur-7","MUL_MAT","f32",-1,4,-1,2048,1,1,1,8192,0.367865,1,"clFinish_profiled"
"OpenCL","COMPUTE","cache_k_l7 (view)","SET_ROWS","f16",-1,7,-1,2048,512,1,1,2097152,0.191198,1,"clFinish_profiled"
"OpenCL","COMPUTE","cache_v_l7 (view)","SET_ROWS","f16",-1,9,-1,2048,512,1,1,2097152,0.192240,1,"clFinish_profiled"
"OpenCL","COMPUTE","__fattn__-7","FLASH_ATTN_EXT","f32",-1,16,-1,128,16,1,1,8192,0.403333,1,"clFinish_profiled"
"CPU_Elastic","COMPUTE_GRAPH","ggml_cgraph","GRAPH","",-1,2,-1,0,0,0,0,0,1.675260,1,"delegate_cpu_graph"
"OpenCL","COMPUTE","ffn_moe_logits-7","MUL_MAT","f32",-1,2,-1,64,1,1,1,256,0.557969,1,"clFinish_profiled"
"OpenCL","COMPUTE","ffn_moe_probs-7","SOFT_MAX","f32",-1,3,-1,64,1,1,1,256,0.223073,1,"clFinish_profiled"
"OpenCL","COMPUTE","ffn_moe_argsort-7","ARGSORT","i32",-1,5,-1,64,1,1,1,256,0.196822,1,"clFinish_profiled"
"OpenCL","COMPUTE","ffn_moe_weights-7","GET_ROWS","f32",-1,7,-1,1,8,1,1,32,0.095157,1,"clFinish_profiled"
"CPU_Elastic","COMPUTE_GRAPH","ggml_cgraph","GRAPH","",-1,21,-1,0,0,0,0,0,12.731198,1,"delegate_cpu_graph"
"CPU_Elastic","COMPUTE_GRAPH","ggml_cgraph","GRAPH","",-1,1,-1,0,0,0,0,0,1.795573,1,"delegate_cpu_graph"
"OpenCL","COMPUTE","Qcur-8","ROPE","f32",-1,3,-1,128,16,1,1,8192,0.533333,1,"clFinish_profiled"
"CPU_Elastic","COMPUTE_GRAPH","ggml_cgraph","GRAPH","",-1,1,-1,0,0,0,0,0,1.512917,1,"delegate_cpu_graph"
"OpenCL","COMPUTE","Kcur-8","ROPE","f32",-1,3,-1,128,16,1,1,8192,0.523594,1,"clFinish_profiled"
"CPU_Elastic","COMPUTE_GRAPH","ggml_cgraph","GRAPH","",-1,3,-1,0,0,0,0,0,2.786458,1,"delegate_cpu_graph"
"OpenCL","COMPUTE","cache_k_l8 (view)","SET_ROWS","f16",-1,0,-1,2048,512,1,1,2097152,0.492031,1,"clFinish_profiled"
"OpenCL","COMPUTE","cache_v_l8 (view)","SET_ROWS","f16",-1,2,-1,2048,512,1,1,2097152,0.197969,1,"clFinish_profiled"
"OpenCL","COMPUTE","__fattn__-8","FLASH_ATTN_EXT","f32",-1,9,-1,128,16,1,1,8192,0.426511,1,"clFinish_profiled"
"CPU_Elastic","COMPUTE_GRAPH","ggml_cgraph","GRAPH","",-1,2,-1,0,0,0,0,0,1.860260,1,"delegate_cpu_graph"
"OpenCL","COMPUTE","ffn_moe_logits-8","MUL_MAT","f32",-1,2,-1,64,1,1,1,256,0.537813,1,"clFinish_profiled"
"OpenCL","COMPUTE","ffn_moe_probs-8","SOFT_MAX","f32",-1,3,-1,64,1,1,1,256,0.205365,1,"clFinish_profiled"
"OpenCL","COMPUTE","ffn_moe_argsort-8","ARGSORT","i32",-1,5,-1,64,1,1,1,256,0.195833,1,"clFinish_profiled"
"OpenCL","COMPUTE","ffn_moe_weights-8","GET_ROWS","f32",-1,7,-1,1,8,1,1,32,0.186511,1,"clFinish_profiled"
"CPU_Elastic","COMPUTE_GRAPH","ggml_cgraph","GRAPH","",-1,21,-1,0,0,0,0,0,7.346875,1,"delegate_cpu_graph"
"CPU_Elastic","COMPUTE_GRAPH","ggml_cgraph","GRAPH","",-1,1,-1,0,0,0,0,0,0.939375,1,"delegate_cpu_graph"
"OpenCL","COMPUTE","Qcur-9","ROPE","f32",-1,3,-1,128,16,1,1,8192,0.500469,1,"clFinish_profiled"
"CPU_Elastic","COMPUTE_GRAPH","ggml_cgraph","GRAPH","",-1,1,-1,0,0,0,0,0,0.383698,1,"delegate_cpu_graph"
"OpenCL","COMPUTE","Kcur-9","ROPE","f32",-1,3,-1,128,16,1,1,8192,0.396875,1,"clFinish_profiled"
"CPU_Elastic","COMPUTE_GRAPH","ggml_cgraph","GRAPH","",-1,3,-1,0,0,0,0,0,1.506303,1,"delegate_cpu_graph"
"OpenCL","COMPUTE","cache_k_l9 (view)","SET_ROWS","f16",-1,0,-1,2048,512,1,1,2097152,0.509479,1,"clFinish_profiled"
"OpenCL","COMPUTE","cache_v_l9 (view)","SET_ROWS","f16",-1,2,-1,2048,512,1,1,2097152,0.200677,1,"clFinish_profiled"
"OpenCL","COMPUTE","__fattn__-9","FLASH_ATTN_EXT","f32",-1,9,-1,128,16,1,1,8192,0.412188,1,"clFinish_profiled"
"CPU_Elastic","COMPUTE_GRAPH","ggml_cgraph","GRAPH","",-1,2,-1,0,0,0,0,0,1.866406,1,"delegate_cpu_graph"
"OpenCL","COMPUTE","ffn_moe_logits-9","MUL_MAT","f32",-1,2,-1,64,1,1,1,256,0.526510,1,"clFinish_profiled"
"OpenCL","COMPUTE","ffn_moe_probs-9","SOFT_MAX","f32",-1,3,-1,64,1,1,1,256,0.210000,1,"clFinish_profiled"
"OpenCL","COMPUTE","ffn_moe_argsort-9","ARGSORT","i32",-1,5,-1,64,1,1,1,256,0.199688,1,"clFinish_profiled"
"OpenCL","COMPUTE","ffn_moe_weights-9","GET_ROWS","f32",-1,7,-1,1,8,1,1,32,0.187292,1,"clFinish_profiled"
"CPU_Elastic","COMPUTE_GRAPH","ggml_cgraph","GRAPH","",-1,21,-1,0,0,0,0,0,12.604010,1,"delegate_cpu_graph"
"CPU_Elastic","COMPUTE_GRAPH","ggml_cgraph","GRAPH","",-1,1,-1,0,0,0,0,0,1.576979,1,"delegate_cpu_graph"
"OpenCL","COMPUTE","Qcur-10","ROPE","f32",-1,3,-1,128,16,1,1,8192,0.508177,1,"clFinish_profiled"
"CPU_Elastic","COMPUTE_GRAPH","ggml_cgraph","GRAPH","",-1,1,-1,0,0,0,0,0,1.500156,1,"delegate_cpu_graph"
"OpenCL","COMPUTE","Kcur-10","ROPE","f32",-1,3,-1,128,16,1,1,8192,0.498646,1,"clFinish_profiled"
"OpenCL","COMPUTE","Vcur-10","MUL_MAT","f32",-1,4,-1,2048,1,1,1,8192,0.397135,1,"clFinish_profiled"
"OpenCL","COMPUTE","cache_k_l10 (view)","SET_ROWS","f16",-1,7,-1,2048,512,1,1,2097152,0.212969,1,"clFinish_profiled"
"OpenCL","COMPUTE","cache_v_l10 (view)","SET_ROWS","f16",-1,9,-1,2048,512,1,1,2097152,0.141093,1,"clFinish_profiled"
"OpenCL","COMPUTE","__fattn__-10","FLASH_ATTN_EXT","f32",-1,16,-1,128,16,1,1,8192,0.440782,1,"clFinish_profiled"
"CPU_Elastic","COMPUTE_GRAPH","ggml_cgraph","GRAPH","",-1,2,-1,0,0,0,0,0,1.688646,1,"delegate_cpu_graph"
"OpenCL","COMPUTE","ffn_moe_logits-10","MUL_MAT","f32",-1,2,-1,64,1,1,1,256,0.531927,1,"clFinish_profiled"
"OpenCL","COMPUTE","ffn_moe_probs-10","SOFT_MAX","f32",-1,3,-1,64,1,1,1,256,0.251250,1,"clFinish_profiled"
"OpenCL","COMPUTE","ffn_moe_argsort-10","ARGSORT","i32",-1,5,-1,64,1,1,1,256,0.207031,1,"clFinish_profiled"
"OpenCL","COMPUTE","ffn_moe_weights-10","GET_ROWS","f32",-1,7,-1,1,8,1,1,32,0.191250,1,"clFinish_profiled"
"CPU_Elastic","COMPUTE_GRAPH","ggml_cgraph","GRAPH","",-1,21,-1,0,0,0,0,0,8.062448,1,"delegate_cpu_graph"
"CPU_Elastic","COMPUTE_GRAPH","ggml_cgraph","GRAPH","",-1,1,-1,0,0,0,0,0,0.954948,1,"delegate_cpu_graph"
"OpenCL","COMPUTE","Qcur-11","ROPE","f32",-1,3,-1,128,16,1,1,8192,0.528125,1,"clFinish_profiled"
"CPU_Elastic","COMPUTE_GRAPH","ggml_cgraph","GRAPH","",-1,1,-1,0,0,0,0,0,1.511406,1,"delegate_cpu_graph"
"OpenCL","COMPUTE","Kcur-11","ROPE","f32",-1,3,-1,128,16,1,1,8192,0.538333,1,"clFinish_profiled"
"CPU_Elastic","COMPUTE_GRAPH","ggml_cgraph","GRAPH","",-1,3,-1,0,0,0,0,0,1.931875,1,"delegate_cpu_graph"
"OpenCL","COMPUTE","cache_k_l11 (view)","SET_ROWS","f16",-1,0,-1,2048,512,1,1,2097152,0.501771,1,"clFinish_profiled"
"OpenCL","COMPUTE","cache_v_l11 (view)","SET_ROWS","f16",-1,2,-1,2048,512,1,1,2097152,0.201146,1,"clFinish_profiled"
"OpenCL","COMPUTE","__fattn__-11","FLASH_ATTN_EXT","f32",-1,9,-1,128,16,1,1,8192,0.418750,1,"clFinish_profiled"
"CPU_Elastic","COMPUTE_GRAPH","ggml_cgraph","GRAPH","",-1,2,-1,0,0,0,0,0,1.681615,1,"delegate_cpu_graph"
"OpenCL","COMPUTE","ffn_moe_logits-11","MUL_MAT","f32",-1,2,-1,64,1,1,1,256,0.523177,1,"clFinish_profiled"
"OpenCL","COMPUTE","ffn_moe_probs-11","SOFT_MAX","f32",-1,3,-1,64,1,1,1,256,0.209063,1,"clFinish_profiled"
"OpenCL","COMPUTE","ffn_moe_argsort-11","ARGSORT","i32",-1,5,-1,64,1,1,1,256,0.198490,1,"clFinish_profiled"
"OpenCL","COMPUTE","ffn_moe_weights-11","GET_ROWS","f32",-1,7,-1,1,8,1,1,32,0.191302,1,"clFinish_profiled"
"CPU_Elastic","COMPUTE_GRAPH","ggml_cgraph","GRAPH","",-1,21,-1,0,0,0,0,0,13.213750,1,"delegate_cpu_graph"
"CPU_Elastic","COMPUTE_GRAPH","ggml_cgraph","GRAPH","",-1,1,-1,0,0,0,0,0,1.790886,1,"delegate_cpu_graph"
"OpenCL","COMPUTE","Qcur-12","ROPE","f32",-1,3,-1,128,16,1,1,8192,0.496563,1,"clFinish_profiled"
"CPU_Elastic","COMPUTE_GRAPH","ggml_cgraph","GRAPH","",-1,1,-1,0,0,0,0,0,0.380417,1,"delegate_cpu_graph"
"OpenCL","COMPUTE","Kcur-12","ROPE","f32",-1,3,-1,128,16,1,1,8192,0.408125,1,"clFinish_profiled"
"CPU_Elastic","COMPUTE_GRAPH","ggml_cgraph","GRAPH","",-1,3,-1,0,0,0,0,0,0.464896,1,"delegate_cpu_graph"
"OpenCL","COMPUTE","cache_k_l12 (view)","SET_ROWS","f16",-1,0,-1,2048,512,1,1,2097152,0.389687,1,"clFinish_profiled"
"OpenCL","COMPUTE","cache_v_l12 (view)","SET_ROWS","f16",-1,2,-1,2048,512,1,1,2097152,0.217448,1,"clFinish_profiled"
"OpenCL","COMPUTE","__fattn__-12","FLASH_ATTN_EXT","f32",-1,9,-1,128,16,1,1,8192,0.449583,1,"clFinish_profiled"
"CPU_Elastic","COMPUTE_GRAPH","ggml_cgraph","GRAPH","",-1,2,-1,0,0,0,0,0,2.098333,1,"delegate_cpu_graph"
"OpenCL","COMPUTE","ffn_moe_logits-12","MUL_MAT","f32",-1,2,-1,64,1,1,1,256,0.526094,1,"clFinish_profiled"
"OpenCL","COMPUTE","ffn_moe_probs-12","SOFT_MAX","f32",-1,3,-1,64,1,1,1,256,0.206302,1,"clFinish_profiled"
"OpenCL","COMPUTE","ffn_moe_argsort-12","ARGSORT","i32",-1,5,-1,64,1,1,1,256,0.198854,1,"clFinish_profiled"
"OpenCL","COMPUTE","ffn_moe_weights-12","GET_ROWS","f32",-1,7,-1,1,8,1,1,32,0.189166,1,"clFinish_profiled"
"CPU_Elastic","COMPUTE_GRAPH","ggml_cgraph","GRAPH","",-1,21,-1,0,0,0,0,0,11.887500,1,"delegate_cpu_graph"
"CPU_Elastic","COMPUTE_GRAPH","ggml_cgraph","GRAPH","",-1,1,-1,0,0,0,0,0,0.584792,1,"delegate_cpu_graph"
"OpenCL","COMPUTE","Qcur-13","ROPE","f32",-1,3,-1,128,16,1,1,8192,0.587760,1,"clFinish_profiled"
"CPU_Elastic","COMPUTE_GRAPH","ggml_cgraph","GRAPH","",-1,1,-1,0,0,0,0,0,0.529479,1,"delegate_cpu_graph"
"OpenCL","COMPUTE","Kcur-13","ROPE","f32",-1,3,-1,128,16,1,1,8192,0.527500,1,"clFinish_profiled"
"OpenCL","COMPUTE","Vcur-13","MUL_MAT","f32",-1,4,-1,2048,1,1,1,8192,0.363489,1,"clFinish_profiled"
"OpenCL","COMPUTE","cache_k_l13 (view)","SET_ROWS","f16",-1,7,-1,2048,512,1,1,2097152,0.228125,1,"clFinish_profiled"
"OpenCL","COMPUTE","cache_v_l13 (view)","SET_ROWS","f16",-1,9,-1,2048,512,1,1,2097152,0.192812,1,"clFinish_profiled"
"OpenCL","COMPUTE","__fattn__-13","FLASH_ATTN_EXT","f32",-1,16,-1,128,16,1,1,8192,0.412240,1,"clFinish_profiled"
"CPU_Elastic","COMPUTE_GRAPH","ggml_cgraph","GRAPH","",-1,2,-1,0,0,0,0,0,1.907656,1,"delegate_cpu_graph"
"OpenCL","COMPUTE","ffn_moe_logits-13","MUL_MAT","f32",-1,2,-1,64,1,1,1,256,0.538854,1,"clFinish_profiled"
"OpenCL","COMPUTE","ffn_moe_probs-13","SOFT_MAX","f32",-1,3,-1,64,1,1,1,256,0.225990,1,"clFinish_profiled"
"OpenCL","COMPUTE","ffn_moe_argsort-13","ARGSORT","i32",-1,5,-1,64,1,1,1,256,0.192709,1,"clFinish_profiled"
"OpenCL","COMPUTE","ffn_moe_weights-13","GET_ROWS","f32",-1,7,-1,1,8,1,1,32,0.131198,1,"clFinish_profiled"
"CPU_Elastic","COMPUTE_GRAPH","ggml_cgraph","GRAPH","",-1,21,-1,0,0,0,0,0,12.678073,1,"delegate_cpu_graph"
"CPU_Elastic","COMPUTE_GRAPH","ggml_cgraph","GRAPH","",-1,1,-1,0,0,0,0,0,1.553125,1,"delegate_cpu_graph"
"OpenCL","COMPUTE","Qcur-14","ROPE","f32",-1,3,-1,128,16,1,1,8192,0.541875,1,"clFinish_profiled"
"CPU_Elastic","COMPUTE_GRAPH","ggml_cgraph","GRAPH","",-1,1,-1,0,0,0,0,0,1.567760,1,"delegate_cpu_graph"
"OpenCL","COMPUTE","Kcur-14","ROPE","f32",-1,3,-1,128,16,1,1,8192,0.549271,1,"clFinish_profiled"
"OpenCL","COMPUTE","Vcur-14","MUL_MAT","f32",-1,4,-1,2048,1,1,1,8192,0.370990,1,"clFinish_profiled"
"OpenCL","COMPUTE","cache_k_l14 (view)","SET_ROWS","f16",-1,7,-1,2048,512,1,1,2097152,0.216146,1,"clFinish_profiled"
"OpenCL","COMPUTE","cache_v_l14 (view)","SET_ROWS","f16",-1,9,-1,2048,512,1,1,2097152,0.232864,1,"clFinish_profiled"
"OpenCL","COMPUTE","__fattn__-14","FLASH_ATTN_EXT","f32",-1,16,-1,128,16,1,1,8192,0.437864,1,"clFinish_profiled"
"CPU_Elastic","COMPUTE_GRAPH","ggml_cgraph","GRAPH","",-1,2,-1,0,0,0,0,0,1.589531,1,"delegate_cpu_graph"
"OpenCL","COMPUTE","ffn_moe_logits-14","MUL_MAT","f32",-1,2,-1,64,1,1,1,256,0.637604,1,"clFinish_profiled"
"OpenCL","COMPUTE","ffn_moe_probs-14","SOFT_MAX","f32",-1,3,-1,64,1,1,1,256,0.215104,1,"clFinish_profiled"
"OpenCL","COMPUTE","ffn_moe_argsort-14","ARGSORT","i32",-1,5,-1,64,1,1,1,256,0.206042,1,"clFinish_profiled"
"OpenCL","COMPUTE","ffn_moe_weights-14","GET_ROWS","f32",-1,7,-1,1,8,1,1,32,0.193125,1,"clFinish_profiled"
"CPU_Elastic","COMPUTE_GRAPH","ggml_cgraph","GRAPH","",-1,21,-1,0,0,0,0,0,12.405625,1,"delegate_cpu_graph"
"CPU_Elastic","COMPUTE_GRAPH","ggml_cgraph","GRAPH","",-1,1,-1,0,0,0,0,0,1.503438,1,"delegate_cpu_graph"
"OpenCL","COMPUTE","Qcur-15","ROPE","f32",-1,3,-1,128,16,1,1,8192,0.539167,1,"clFinish_profiled"
"CPU_Elastic","COMPUTE_GRAPH","ggml_cgraph","GRAPH","",-1,1,-1,0,0,0,0,0,1.414167,1,"delegate_cpu_graph"
"OpenCL","COMPUTE","Kcur-15","ROPE","f32",-1,3,-1,128,16,1,1,8192,0.519010,1,"clFinish_profiled"
"OpenCL","COMPUTE","Vcur-15","MUL_MAT","f32",-1,4,-1,2048,1,1,1,8192,0.348698,1,"clFinish_profiled"
"OpenCL","COMPUTE","cache_k_l15 (view)","SET_ROWS","f16",-1,7,-1,2048,512,1,1,2097152,0.201615,1,"clFinish_profiled"
"OpenCL","COMPUTE","cache_v_l15 (view)","SET_ROWS","f16",-1,9,-1,2048,512,1,1,2097152,0.195104,1,"clFinish_profiled"
"OpenCL","COMPUTE","__fattn__-15","FLASH_ATTN_EXT","f32",-1,16,-1,128,16,1,1,8192,0.407292,1,"clFinish_profiled"
"CPU_Elastic","COMPUTE_GRAPH","ggml_cgraph","GRAPH","",-1,4,-1,0,0,0,0,0,2.577656,1,"delegate_cpu_graph"
"OpenCL","COMPUTE","ffn_moe_logits-15","MUL_MAT","f32",-1,2,-1,64,1,1,1,256,0.524479,1,"clFinish_profiled"
"OpenCL","COMPUTE","ffn_moe_probs-15","SOFT_MAX","f32",-1,3,-1,64,1,1,1,256,0.209219,1,"clFinish_profiled"
"OpenCL","COMPUTE","ffn_moe_argsort-15","ARGSORT","i32",-1,5,-1,64,1,1,1,256,0.213489,1,"clFinish_profiled"
"OpenCL","COMPUTE","ffn_moe_weights-15","GET_ROWS","f32",-1,7,-1,1,8,1,1,32,0.145365,1,"clFinish_profiled"
"CPU_Elastic","COMPUTE_GRAPH","ggml_cgraph","GRAPH","",-1,22,-1,0,0,0,0,0,8.128802,1,"delegate_cpu_graph"
"OpenCL","COMPUTE","result_norm","MUL","f32",-1,0,-1,2048,1,1,1,8192,0.571615,1,"clFinish_profiled"
"OpenCL","COMPUTE","result_output","MUL_MAT","f32",-1,1,-1,50304,1,1,1,201216,3.901145,1,"clFinish_profiled"
"CPU_Elastic","COMPUTE_GRAPH","ggml_cgraph","GRAPH","",-1,1,-1,0,0,0,0,0,0.009948,1,"delegate_cpu_graph"
"CPU_Elastic","COMPUTE_GRAPH","ggml_cgraph","GRAPH","",-1,1,-1,0,0,0,0,0,1.889584,1,"delegate_cpu_graph"
"OpenCL","COMPUTE","Qcur-0","ROPE","f32",-1,3,-1,128,16,1,1,8192,0.520468,1,"clFinish_profiled"
"CPU_Elastic","COMPUTE_GRAPH","ggml_cgraph","GRAPH","",-1,1,-1,0,0,0,0,0,1.745260,1,"delegate_cpu_graph"
"OpenCL","COMPUTE","Kcur-0","ROPE","f32",-1,3,-1,128,16,1,1,8192,0.495261,1,"clFinish_profiled"
"OpenCL","COMPUTE","Vcur-0","MUL_MAT","f32",-1,4,-1,2048,1,1,1,8192,0.351354,1,"clFinish_profiled"
"OpenCL","COMPUTE","cache_k_l0 (view)","SET_ROWS","f16",-1,7,-1,2048,512,1,1,2097152,0.193958,1,"clFinish_profiled"
"OpenCL","COMPUTE","cache_v_l0 (view)","SET_ROWS","f16",-1,9,-1,2048,512,1,1,2097152,0.194531,1,"clFinish_profiled"
"OpenCL","COMPUTE"," (copy)","CPY","f16",-1,16,-1,256,64,1,1,32768,0.203021,1,"clFinish_profiled"
"OpenCL","COMPUTE","__fattn__-0","FLASH_ATTN_EXT","f32",-1,17,-1,128,16,1,1,8192,0.411875,1,"clFinish_profiled"
"CPU_Elastic","COMPUTE_GRAPH","ggml_cgraph","GRAPH","",-1,2,-1,0,0,0,0,0,1.623386,1,"delegate_cpu_graph"
"OpenCL","COMPUTE","ffn_moe_logits-0","MUL_MAT","f32",-1,2,-1,64,1,1,1,256,0.541250,1,"clFinish_profiled"
"OpenCL","COMPUTE","ffn_moe_probs-0","SOFT_MAX","f32",-1,3,-1,64,1,1,1,256,0.257187,1,"clFinish_profiled"
"OpenCL","COMPUTE","ffn_moe_argsort-0","ARGSORT","i32",-1,5,-1,64,1,1,1,256,0.226198,1,"clFinish_profiled"
"OpenCL","COMPUTE","ffn_moe_weights-0","GET_ROWS","f32",-1,7,-1,1,8,1,1,32,0.194896,1,"clFinish_profiled"
"CPU_Elastic","COMPUTE_GRAPH","ggml_cgraph","GRAPH","",-1,21,-1,0,0,0,0,0,11.570677,1,"delegate_cpu_graph"
"CPU_Elastic","COMPUTE_GRAPH","ggml_cgraph","GRAPH","",-1,1,-1,0,0,0,0,0,1.414948,1,"delegate_cpu_graph"
"OpenCL","COMPUTE","Qcur-1","ROPE","f32",-1,3,-1,128,16,1,1,8192,0.477708,1,"clFinish_profiled"
"CPU_Elastic","COMPUTE_GRAPH","ggml_cgraph","GRAPH","",-1,1,-1,0,0,0,0,0,0.936458,1,"delegate_cpu_graph"
"OpenCL","COMPUTE","Kcur-1","ROPE","f32",-1,3,-1,128,16,1,1,8192,0.489896,1,"clFinish_profiled"
"OpenCL","COMPUTE","Vcur-1","MUL_MAT","f32",-1,4,-1,2048,1,1,1,8192,0.354688,1,"clFinish_profiled"
"OpenCL","COMPUTE","cache_k_l1 (view)","SET_ROWS","f16",-1,7,-1,2048,512,1,1,2097152,0.192969,1,"clFinish_profiled"
"OpenCL","COMPUTE","cache_v_l1 (view)","SET_ROWS","f16",-1,9,-1,2048,512,1,1,2097152,0.180573,1,"clFinish_profiled"
"OpenCL","COMPUTE","__fattn__-1","FLASH_ATTN_EXT","f32",-1,16,-1,128,16,1,1,8192,0.408542,1,"clFinish_profiled"
"CPU_Elastic","COMPUTE_GRAPH","ggml_cgraph","GRAPH","",-1,2,-1,0,0,0,0,0,1.819063,1,"delegate_cpu_graph"
"OpenCL","COMPUTE","ffn_moe_logits-1","MUL_MAT","f32",-1,2,-1,64,1,1,1,256,0.513906,1,"clFinish_profiled"
"OpenCL","COMPUTE","ffn_moe_probs-1","SOFT_MAX","f32",-1,3,-1,64,1,1,1,256,0.233802,1,"clFinish_profiled"
"OpenCL","COMPUTE","ffn_moe_argsort-1","ARGSORT","i32",-1,5,-1,64,1,1,1,256,0.200781,1,"clFinish_profiled"
"OpenCL","COMPUTE","ffn_moe_weights-1","GET_ROWS","f32",-1,7,-1,1,8,1,1,32,0.095209,1,"clFinish_profiled"
"CPU_Elastic","COMPUTE_GRAPH","ggml_cgraph","GRAPH","",-1,21,-1,0,0,0,0,0,9.691093,1,"delegate_cpu_graph"
"CPU_Elastic","COMPUTE_GRAPH","ggml_cgraph","GRAPH","",-1,1,-1,0,0,0,0,0,0.621094,1,"delegate_cpu_graph"
"OpenCL","COMPUTE","Qcur-2","ROPE","f32",-1,3,-1,128,16,1,1,8192,0.540156,1,"clFinish_profiled"
"CPU_Elastic","COMPUTE_GRAPH","ggml_cgraph","GRAPH","",-1,1,-1,0,0,0,0,0,1.737031,1,"delegate_cpu_graph"
"OpenCL","COMPUTE","Kcur-2","ROPE","f32",-1,3,-1,128,16,1,1,8192,0.497917,1,"clFinish_profiled"
"CPU_Elastic","COMPUTE_GRAPH","ggml_cgraph","GRAPH","",-1,3,-1,0,0,0,0,0,2.071250,1,"delegate_cpu_graph"
"OpenCL","COMPUTE","cache_k_l2 (view)","SET_ROWS","f16",-1,0,-1,2048,512,1,1,2097152,0.485417,1,"clFinish_profiled"
"OpenCL","COMPUTE","cache_v_l2 (view)","SET_ROWS","f16",-1,2,-1,2048,512,1,1,2097152,0.205781,1,"clFinish_profiled"
"OpenCL","COMPUTE","__fattn__-2","FLASH_ATTN_EXT","f32",-1,9,-1,128,16,1,1,8192,0.415313,1,"clFinish_profiled"
"CPU_Elastic","COMPUTE_GRAPH","ggml_cgraph","GRAPH","",-1,2,-1,0,0,0,0,0,2.250521,1,"delegate_cpu_graph"
"OpenCL","COMPUTE","ffn_moe_logits-2","MUL_MAT","f32",-1,2,-1,64,1,1,1,256,0.521354,1,"clFinish_profiled"
"OpenCL","COMPUTE","ffn_moe_probs-2","SOFT_MAX","f32",-1,3,-1,64,1,1,1,256,0.208281,1,"clFinish_profiled"
"OpenCL","COMPUTE","ffn_moe_argsort-2","ARGSORT","i32",-1,5,-1,64,1,1,1,256,0.098333,1,"clFinish_profiled"
"OpenCL","COMPUTE","ffn_moe_weights-2","GET_ROWS","f32",-1,7,-1,1,8,1,1,32,0.198229,1,"clFinish_profiled"
"CPU_Elastic","COMPUTE_GRAPH","ggml_cgraph","GRAPH","",-1,21,-1,0,0,0,0,0,12.034948,1,"delegate_cpu_graph"
"CPU_Elastic","COMPUTE_GRAPH","ggml_cgraph","GRAPH","",-1,1,-1,0,0,0,0,0,1.657187,1,"delegate_cpu_graph"
"OpenCL","COMPUTE","Qcur-3","ROPE","f32",-1,3,-1,128,16,1,1,8192,0.503542,1,"clFinish_profiled"
"CPU_Elastic","COMPUTE_GRAPH","ggml_cgraph","GRAPH","",-1,1,-1,0,0,0,0,0,1.237656,1,"delegate_cpu_graph"
"OpenCL","COMPUTE","Kcur-3","ROPE","f32",-1,3,-1,128,16,1,1,8192,0.482864,1,"clFinish_profiled"
"CPU_Elastic","COMPUTE_GRAPH","ggml_cgraph","GRAPH","",-1,3,-1,0,0,0,0,0,2.103229,1,"delegate_cpu_graph"
"OpenCL","COMPUTE","cache_k_l3 (view)","SET_ROWS","f16",-1,0,-1,2048,512,1,1,2097152,0.495000,1,"clFinish_profiled"
"OpenCL","COMPUTE","cache_v_l3 (view)","SET_ROWS","f16",-1,2,-1,2048,512,1,1,2097152,0.203855,1,"clFinish_profiled"
"OpenCL","COMPUTE","__fattn__-3","FLASH_ATTN_EXT","f32",-1,9,-1,128,16,1,1,8192,0.440000,1,"clFinish_profiled"
"CPU_Elastic","COMPUTE_GRAPH","ggml_cgraph","GRAPH","",-1,2,-1,0,0,0,0,0,1.906458,1,"delegate_cpu_graph"
"OpenCL","COMPUTE","ffn_moe_logits-3","MUL_MAT","f32",-1,2,-1,64,1,1,1,256,0.520469,1,"clFinish_profiled"
"OpenCL","COMPUTE","ffn_moe_probs-3","SOFT_MAX","f32",-1,3,-1,64,1,1,1,256,0.210729,1,"clFinish_profiled"
"OpenCL","COMPUTE","ffn_moe_argsort-3","ARGSORT","i32",-1,5,-1,64,1,1,1,256,0.200416,1,"clFinish_profiled"
"OpenCL","COMPUTE","ffn_moe_weights-3","GET_ROWS","f32",-1,7,-1,1,8,1,1,32,0.336146,1,"clFinish_profiled"
"CPU_Elastic","COMPUTE_GRAPH","ggml_cgraph","GRAPH","",-1,21,-1,0,0,0,0,0,7.411198,1,"delegate_cpu_graph"
"CPU_Elastic","COMPUTE_GRAPH","ggml_cgraph","GRAPH","",-1,1,-1,0,0,0,0,0,0.407188,1,"delegate_cpu_graph"
"OpenCL","COMPUTE","Qcur-4","ROPE","f32",-1,3,-1,128,16,1,1,8192,0.402448,1,"clFinish_profiled"
"CPU_Elastic","COMPUTE_GRAPH","ggml_cgraph","GRAPH","",-1,1,-1,0,0,0,0,0,0.471355,1,"delegate_cpu_graph"
"OpenCL","COMPUTE","Kcur-4","ROPE","f32",-1,3,-1,128,16,1,1,8192,0.396927,1,"clFinish_profiled"
"OpenCL","COMPUTE","Vcur-4","MUL_MAT","f32",-1,4,-1,2048,1,1,1,8192,0.350573,1,"clFinish_profiled"
"OpenCL","COMPUTE","cache_k_l4 (view)","SET_ROWS","f16",-1,7,-1,2048,512,1,1,2097152,0.196562,1,"clFinish_profiled"
"OpenCL","COMPUTE","cache_v_l4 (view)","SET_ROWS","f16",-1,9,-1,2048,512,1,1,2097152,0.195312,1,"clFinish_profiled"
"OpenCL","COMPUTE","__fattn__-4","FLASH_ATTN_EXT","f32",-1,16,-1,128,16,1,1,8192,0.442968,1,"clFinish_profiled"
"CPU_Elastic","COMPUTE_GRAPH","ggml_cgraph","GRAPH","",-1,2,-1,0,0,0,0,0,1.790886,1,"delegate_cpu_graph"
"OpenCL","COMPUTE","ffn_moe_logits-4","MUL_MAT","f32",-1,2,-1,64,1,1,1,256,0.523177,1,"clFinish_profiled"
"OpenCL","COMPUTE","ffn_moe_probs-4","SOFT_MAX","f32",-1,3,-1,64,1,1,1,256,0.229323,1,"clFinish_profiled"
"OpenCL","COMPUTE","ffn_moe_argsort-4","ARGSORT","i32",-1,5,-1,64,1,1,1,256,0.201250,1,"clFinish_profiled"
"OpenCL","COMPUTE","ffn_moe_weights-4","GET_ROWS","f32",-1,7,-1,1,8,1,1,32,0.098490,1,"clFinish_profiled"
"CPU_Elastic","COMPUTE_GRAPH","ggml_cgraph","GRAPH","",-1,21,-1,0,0,0,0,0,8.315989,1,"delegate_cpu_graph"
"CPU_Elastic","COMPUTE_GRAPH","ggml_cgraph","GRAPH","",-1,1,-1,0,0,0,0,0,1.656302,1,"delegate_cpu_graph"
"OpenCL","COMPUTE","Qcur-5","ROPE","f32",-1,3,-1,128,16,1,1,8192,0.504480,1,"clFinish_profiled"
"CPU_Elastic","COMPUTE_GRAPH","ggml_cgraph","GRAPH","",-1,1,-1,0,0,0,0,0,1.490521,1,"delegate_cpu_graph"
"OpenCL","COMPUTE","Kcur-5","ROPE","f32",-1,3,-1,128,16,1,1,8192,0.502552,1,"clFinish_profiled"
"CPU_Elastic","COMPUTE_GRAPH","ggml_cgraph","GRAPH","",-1,3,-1,0,0,0,0,0,2.073958,1,"delegate_cpu_graph"
"OpenCL","COMPUTE","cache_k_l5 (view)","SET_ROWS","f16",-1,0,-1,2048,512,1,1,2097152,0.481667,1,"clFinish_profiled"
"OpenCL","COMPUTE","cache_v_l5 (view)","SET_ROWS","f16",-1,2,-1,2048,512,1,1,2097152,0.210990,1,"clFinish_profiled"
"OpenCL","COMPUTE","__fattn__-5","FLASH_ATTN_EXT","f32",-1,9,-1,128,16,1,1,8192,0.416354,1,"clFinish_profiled"
"CPU_Elastic","COMPUTE_GRAPH","ggml_cgraph","GRAPH","",-1,2,-1,0,0,0,0,0,1.959740,1,"delegate_cpu_graph"
"OpenCL","COMPUTE","ffn_moe_logits-5","MUL_MAT","f32",-1,2,-1,64,1,1,1,256,0.522968,1,"clFinish_profiled"
"OpenCL","COMPUTE","ffn_moe_probs-5","SOFT_MAX","f32",-1,3,-1,64,1,1,1,256,0.210156,1,"clFinish_profiled"
"OpenCL","COMPUTE","ffn_moe_argsort-5","ARGSORT","i32",-1,5,-1,64,1,1,1,256,0.200521,1,"clFinish_profiled"
"OpenCL","COMPUTE","ffn_moe_weights-5","GET_ROWS","f32",-1,7,-1,1,8,1,1,32,0.189427,1,"clFinish_profiled"
"CPU_Elastic","COMPUTE_GRAPH","ggml_cgraph","GRAPH","",-1,21,-1,0,0,0,0,0,6.829635,1,"delegate_cpu_graph"
"CPU_Elastic","COMPUTE_GRAPH","ggml_cgraph","GRAPH","",-1,1,-1,0,0,0,0,0,0.413906,1,"delegate_cpu_graph"
"OpenCL","COMPUTE","Qcur-6","ROPE","f32",-1,3,-1,128,16,1,1,8192,0.398438,1,"clFinish_profiled"
"CPU_Elastic","COMPUTE_GRAPH","ggml_cgraph","GRAPH","",-1,1,-1,0,0,0,0,0,0.475938,1,"delegate_cpu_graph"
"OpenCL","COMPUTE","Kcur-6","ROPE","f32",-1,3,-1,128,16,1,1,8192,0.402865,1,"clFinish_profiled"
"CPU_Elastic","COMPUTE_GRAPH","ggml_cgraph","GRAPH","",-1,3,-1,0,0,0,0,0,1.500416,1,"delegate_cpu_graph"
"OpenCL","COMPUTE","cache_k_l6 (view)","SET_ROWS","f16",-1,0,-1,2048,512,1,1,2097152,0.492344,1,"clFinish_profiled"
"OpenCL","COMPUTE","cache_v_l6 (view)","SET_ROWS","f16",-1,2,-1,2048,512,1,1,2097152,0.199271,1,"clFinish_profiled"
"OpenCL","COMPUTE","__fattn__-6","FLASH_ATTN_EXT","f32",-1,9,-1,128,16,1,1,8192,0.408021,1,"clFinish_profiled"
"CPU_Elastic","COMPUTE_GRAPH","ggml_cgraph","GRAPH","",-1,2,-1,0,0,0,0,0,1.871562,1,"delegate_cpu_graph"
"OpenCL","COMPUTE","ffn_moe_logits-6","MUL_MAT","f32",-1,2,-1,64,1,1,1,256,0.538437,1,"clFinish_profiled"
"OpenCL","COMPUTE","ffn_moe_probs-6","SOFT_MAX","f32",-1,3,-1,64,1,1,1,256,0.209531,1,"clFinish_profiled"
"OpenCL","COMPUTE","ffn_moe_argsort-6","ARGSORT","i32",-1,5,-1,64,1,1,1,256,0.199895,1,"clFinish_profiled"
"OpenCL","COMPUTE","ffn_moe_weights-6","GET_ROWS","f32",-1,7,-1,1,8,1,1,32,0.189114,1,"clFinish_profiled"
"CPU_Elastic","COMPUTE_GRAPH","ggml_cgraph","GRAPH","",-1,21,-1,0,0,0,0,0,10.992917,1,"delegate_cpu_graph"
"CPU_Elastic","COMPUTE_GRAPH","ggml_cgraph","GRAPH","",-1,1,-1,0,0,0,0,0,1.781146,1,"delegate_cpu_graph"
"OpenCL","COMPUTE","Qcur-7","ROPE","f32",-1,3,-1,128,16,1,1,8192,0.514428,1,"clFinish_profiled"
"CPU_Elastic","COMPUTE_GRAPH","ggml_cgraph","GRAPH","",-1,1,-1,0,0,0,0,0,1.496875,1,"delegate_cpu_graph"
"OpenCL","COMPUTE","Kcur-7","ROPE","f32",-1,3,-1,128,16,1,1,8192,0.526771,1,"clFinish_profiled"
"OpenCL","COMPUTE","Vcur-7","MUL_MAT","f32",-1,4,-1,2048,1,1,1,8192,0.359896,1,"clFinish_profiled"
"OpenCL","COMPUTE","cache_k_l7 (view)","SET_ROWS","f16",-1,7,-1,2048,512,1,1,2097152,0.194167,1,"clFinish_profiled"
"OpenCL","COMPUTE","cache_v_l7 (view)","SET_ROWS","f16",-1,9,-1,2048,512,1,1,2097152,0.208489,1,"clFinish_profiled"
"OpenCL","COMPUTE","__fattn__-7","FLASH_ATTN_EXT","f32",-1,16,-1,128,16,1,1,8192,0.414479,1,"clFinish_profiled"
"CPU_Elastic","COMPUTE_GRAPH","ggml_cgraph","GRAPH","",-1,2,-1,0,0,0,0,0,1.673854,1,"delegate_cpu_graph"
"OpenCL","COMPUTE","ffn_moe_logits-7","MUL_MAT","f32",-1,2,-1,64,1,1,1,256,0.493020,1,"clFinish_profiled"
"OpenCL","COMPUTE","ffn_moe_probs-7","SOFT_MAX","f32",-1,3,-1,64,1,1,1,256,0.205782,1,"clFinish_profiled"
"OpenCL","COMPUTE","ffn_moe_argsort-7","ARGSORT","i32",-1,5,-1,64,1,1,1,256,0.200416,1,"clFinish_profiled"
"OpenCL","COMPUTE","ffn_moe_weights-7","GET_ROWS","f32",-1,7,-1,1,8,1,1,32,0.188073,1,"clFinish_profiled"
"CPU_Elastic","COMPUTE_GRAPH","ggml_cgraph","GRAPH","",-1,21,-1,0,0,0,0,0,12.234688,1,"delegate_cpu_graph"
"CPU_Elastic","COMPUTE_GRAPH","ggml_cgraph","GRAPH","",-1,1,-1,0,0,0,0,0,1.240625,1,"delegate_cpu_graph"
"OpenCL","COMPUTE","Qcur-8","ROPE","f32",-1,3,-1,128,16,1,1,8192,0.481094,1,"clFinish_profiled"
"CPU_Elastic","COMPUTE_GRAPH","ggml_cgraph","GRAPH","",-1,1,-1,0,0,0,0,0,1.778021,1,"delegate_cpu_graph"
"OpenCL","COMPUTE","Kcur-8","ROPE","f32",-1,3,-1,128,16,1,1,8192,0.480677,1,"clFinish_profiled"
"CPU_Elastic","COMPUTE_GRAPH","ggml_cgraph","GRAPH","",-1,3,-1,0,0,0,0,0,2.087864,1,"delegate_cpu_graph"
"OpenCL","COMPUTE","cache_k_l8 (view)","SET_ROWS","f16",-1,0,-1,2048,512,1,1,2097152,0.480417,1,"clFinish_profiled"
"OpenCL","COMPUTE","cache_v_l8 (view)","SET_ROWS","f16",-1,2,-1,2048,512,1,1,2097152,0.201250,1,"clFinish_profiled"
"OpenCL","COMPUTE","__fattn__-8","FLASH_ATTN_EXT","f32",-1,9,-1,128,16,1,1,8192,0.413437,1,"clFinish_profiled"
"CPU_Elastic","COMPUTE_GRAPH","ggml_cgraph","GRAPH","",-1,2,-1,0,0,0,0,0,1.792291,1,"delegate_cpu_graph"
"OpenCL","COMPUTE","ffn_moe_logits-8","MUL_MAT","f32",-1,2,-1,64,1,1,1,256,0.526042,1,"clFinish_profiled"
"OpenCL","COMPUTE","ffn_moe_probs-8","SOFT_MAX","f32",-1,3,-1,64,1,1,1,256,0.209271,1,"clFinish_profiled"
"OpenCL","COMPUTE","ffn_moe_argsort-8","ARGSORT","i32",-1,5,-1,64,1,1,1,256,0.198803,1,"clFinish_profiled"
"OpenCL","COMPUTE","ffn_moe_weights-8","GET_ROWS","f32",-1,7,-1,1,8,1,1,32,0.189167,1,"clFinish_profiled"
"CPU_Elastic","COMPUTE_GRAPH","ggml_cgraph","GRAPH","",-1,21,-1,0,0,0,0,0,8.140781,1,"delegate_cpu_graph"
"CPU_Elastic","COMPUTE_GRAPH","ggml_cgraph","GRAPH","",-1,1,-1,0,0,0,0,0,0.399271,1,"delegate_cpu_graph"
"OpenCL","COMPUTE","Qcur-9","ROPE","f32",-1,3,-1,128,16,1,1,8192,0.401406,1,"clFinish_profiled"
"CPU_Elastic","COMPUTE_GRAPH","ggml_cgraph","GRAPH","",-1,1,-1,0,0,0,0,0,0.472031,1,"delegate_cpu_graph"
"OpenCL","COMPUTE","Kcur-9","ROPE","f32",-1,3,-1,128,16,1,1,8192,0.399531,1,"clFinish_profiled"
"CPU_Elastic","COMPUTE_GRAPH","ggml_cgraph","GRAPH","",-1,3,-1,0,0,0,0,0,2.159010,1,"delegate_cpu_graph"
"OpenCL","COMPUTE","cache_k_l9 (view)","SET_ROWS","f16",-1,0,-1,2048,512,1,1,2097152,0.470000,1,"clFinish_profiled"
"OpenCL","COMPUTE","cache_v_l9 (view)","SET_ROWS","f16",-1,2,-1,2048,512,1,1,2097152,0.144583,1,"clFinish_profiled"
"OpenCL","COMPUTE","__fattn__-9","FLASH_ATTN_EXT","f32",-1,9,-1,128,16,1,1,8192,0.481250,1,"clFinish_profiled"
"CPU_Elastic","COMPUTE_GRAPH","ggml_cgraph","GRAPH","",-1,2,-1,0,0,0,0,0,1.814167,1,"delegate_cpu_graph"
"OpenCL","COMPUTE","ffn_moe_logits-9","MUL_MAT","f32",-1,2,-1,64,1,1,1,256,0.517760,1,"clFinish_profiled"
"OpenCL","COMPUTE","ffn_moe_probs-9","SOFT_MAX","f32",-1,3,-1,64,1,1,1,256,0.202969,1,"clFinish_profiled"
"OpenCL","COMPUTE","ffn_moe_argsort-9","ARGSORT","i32",-1,5,-1,64,1,1,1,256,0.096146,1,"clFinish_profiled"
"OpenCL","COMPUTE","ffn_moe_weights-9","GET_ROWS","f32",-1,7,-1,1,8,1,1,32,0.191458,1,"clFinish_profiled"
"CPU_Elastic","COMPUTE_GRAPH","ggml_cgraph","GRAPH","",-1,21,-1,0,0,0,0,0,9.109219,1,"delegate_cpu_graph"
"CPU_Elastic","COMPUTE_GRAPH","ggml_cgraph","GRAPH","",-1,1,-1,0,0,0,0,0,0.378750,1,"delegate_cpu_graph"
"OpenCL","COMPUTE","Qcur-10","ROPE","f32",-1,3,-1,128,16,1,1,8192,0.402448,1,"clFinish_profiled"
"CPU_Elastic","COMPUTE_GRAPH","ggml_cgraph","GRAPH","",-1,1,-1,0,0,0,0,0,0.468907,1,"delegate_cpu_graph"
"OpenCL","COMPUTE","Kcur-10","ROPE","f32",-1,3,-1,128,16,1,1,8192,0.395104,1,"clFinish_profiled"
"OpenCL","COMPUTE","Vcur-10","MUL_MAT","f32",-1,4,-1,2048,1,1,1,8192,0.353489,1,"clFinish_profiled"
"OpenCL","COMPUTE","cache_k_l10 (view)","SET_ROWS","f16",-1,7,-1,2048,512,1,1,2097152,0.095208,1,"clFinish_profiled"
"OpenCL","COMPUTE","cache_v_l10 (view)","SET_ROWS","f16",-1,9,-1,2048,512,1,1,2097152,0.191927,1,"clFinish_profiled"
"OpenCL","COMPUTE","__fattn__-10","FLASH_ATTN_EXT","f32",-1,16,-1,128,16,1,1,8192,0.402240,1,"clFinish_profiled"
"CPU_Elastic","COMPUTE_GRAPH","ggml_cgraph","GRAPH","",-1,2,-1,0,0,0,0,0,1.630573,1,"delegate_cpu_graph"
"OpenCL","COMPUTE","ffn_moe_logits-10","MUL_MAT","f32",-1,2,-1,64,1,1,1,256,0.574688,1,"clFinish_profiled"
"OpenCL","COMPUTE","ffn_moe_probs-10","SOFT_MAX","f32",-1,3,-1,64,1,1,1,256,0.218229,1,"clFinish_profiled"
"OpenCL","COMPUTE","ffn_moe_argsort-10","ARGSORT","i32",-1,5,-1,64,1,1,1,256,0.229791,1,"clFinish_profiled"
"OpenCL","COMPUTE","ffn_moe_weights-10","GET_ROWS","f32",-1,7,-1,1,8,1,1,32,0.189739,1,"clFinish_profiled"
"CPU_Elastic","COMPUTE_GRAPH","ggml_cgraph","GRAPH","",-1,21,-1,0,0,0,0,0,7.047812,1,"delegate_cpu_graph"
"CPU_Elastic","COMPUTE_GRAPH","ggml_cgraph","GRAPH","",-1,1,-1,0,0,0,0,0,0.389791,1,"delegate_cpu_graph"
"OpenCL","COMPUTE","Qcur-11","ROPE","f32",-1,3,-1,128,16,1,1,8192,0.397969,1,"clFinish_profiled"
"CPU_Elastic","COMPUTE_GRAPH","ggml_cgraph","GRAPH","",-1,1,-1,0,0,0,0,0,0.475260,1,"delegate_cpu_graph"
"OpenCL","COMPUTE","Kcur-11","ROPE","f32",-1,3,-1,128,16,1,1,8192,0.403698,1,"clFinish_profiled"
"CPU_Elastic","COMPUTE_GRAPH","ggml_cgraph","GRAPH","",-1,3,-1,0,0,0,0,0,0.460208,1,"delegate_cpu_graph"
"OpenCL","COMPUTE","cache_k_l11 (view)","SET_ROWS","f16",-1,0,-1,2048,512,1,1,2097152,0.389635,1,"clFinish_profiled"
"OpenCL","COMPUTE","cache_v_l11 (view)","SET_ROWS","f16",-1,2,-1,2048,512,1,1,2097152,0.215000,1,"clFinish_profiled"
"OpenCL","COMPUTE","__fattn__-11","FLASH_ATTN_EXT","f32",-1,9,-1,128,16,1,1,8192,0.410833,1,"clFinish_profiled"
"CPU_Elastic","COMPUTE_GRAPH","ggml_cgraph","GRAPH","",-1,2,-1,0,0,0,0,0,1.568073,1,"delegate_cpu_graph"
"OpenCL","COMPUTE","ffn_moe_logits-11","MUL_MAT","f32",-1,2,-1,64,1,1,1,256,0.512865,1,"clFinish_profiled"
"OpenCL","COMPUTE","ffn_moe_probs-11","SOFT_MAX","f32",-1,3,-1,64,1,1,1,256,0.223959,1,"clFinish_profiled"
"OpenCL","COMPUTE","ffn_moe_argsort-11","ARGSORT","i32",-1,5,-1,64,1,1,1,256,0.196562,1,"clFinish_profiled"
"OpenCL","COMPUTE","ffn_moe_weights-11","GET_ROWS","f32",-1,7,-1,1,8,1,1,32,0.116093,1,"clFinish_profiled"
"CPU_Elastic","COMPUTE_GRAPH","ggml_cgraph","GRAPH","",-1,21,-1,0,0,0,0,0,11.506302,1,"delegate_cpu_graph"
"CPU_Elastic","COMPUTE_GRAPH","ggml_cgraph","GRAPH","",-1,1,-1,0,0,0,0,0,1.803281,1,"delegate_cpu_graph"
"OpenCL","COMPUTE","Qcur-12","ROPE","f32",-1,3,-1,128,16,1,1,8192,0.504896,1,"clFinish_profiled"
"CPU_Elastic","COMPUTE_GRAPH","ggml_cgraph","GRAPH","",-1,1,-1,0,0,0,0,0,1.519635,1,"delegate_cpu_graph"
"OpenCL","COMPUTE","Kcur-12","ROPE","f32",-1,3,-1,128,16,1,1,8192,0.490469,1,"clFinish_profiled"
"CPU_Elastic","COMPUTE_GRAPH","ggml_cgraph","GRAPH","",-1,3,-1,0,0,0,0,0,1.836042,1,"delegate_cpu_graph"
"OpenCL","COMPUTE","cache_k_l12 (view)","SET_ROWS","f16",-1,0,-1,2048,512,1,1,2097152,0.480261,1,"clFinish_profiled"
"OpenCL","COMPUTE","cache_v_l12 (view)","SET_ROWS","f16",-1,2,-1,2048,512,1,1,2097152,0.206146,1,"clFinish_profiled"
"OpenCL","COMPUTE","__fattn__-12","FLASH_ATTN_EXT","f32",-1,9,-1,128,16,1,1,8192,0.409010,1,"clFinish_profiled"
"CPU_Elastic","COMPUTE_GRAPH","ggml_cgraph","GRAPH","",-1,2,-1,0,0,0,0,0,1.899479,1,"delegate_cpu_graph"
"OpenCL","COMPUTE","ffn_moe_logits-12","MUL_MAT","f32",-1,2,-1,64,1,1,1,256,0.487344,1,"clFinish_profiled"
"OpenCL","COMPUTE","ffn_moe_probs-12","SOFT_MAX","f32",-1,3,-1,64,1,1,1,256,0.203333,1,"clFinish_profiled"
"OpenCL","COMPUTE","ffn_moe_argsort-12","ARGSORT","i32",-1,5,-1,64,1,1,1,256,0.201458,1,"clFinish_profiled"
"OpenCL","COMPUTE","ffn_moe_weights-12","GET_ROWS","f32",-1,7,-1,1,8,1,1,32,0.218802,1,"clFinish_profiled"
"CPU_Elastic","COMPUTE_GRAPH","ggml_cgraph","GRAPH","",-1,21,-1,0,0,0,0,0,11.814011,1,"delegate_cpu_graph"
"CPU_Elastic","COMPUTE_GRAPH","ggml_cgraph","GRAPH","",-1,1,-1,0,0,0,0,0,1.297760,1,"delegate_cpu_graph"
"OpenCL","COMPUTE","Qcur-13","ROPE","f32",-1,3,-1,128,16,1,1,8192,0.499427,1,"clFinish_profiled"
"CPU_Elastic","COMPUTE_GRAPH","ggml_cgraph","GRAPH","",-1,1,-1,0,0,0,0,0,1.511719,1,"delegate_cpu_graph"
"OpenCL","COMPUTE","Kcur-13","ROPE","f32",-1,3,-1,128,16,1,1,8192,0.504010,1,"clFinish_profiled"
"OpenCL","COMPUTE","Vcur-13","MUL_MAT","f32",-1,4,-1,2048,1,1,1,8192,0.363386,1,"clFinish_profiled"
"OpenCL","COMPUTE","cache_k_l13 (view)","SET_ROWS","f16",-1,7,-1,2048,512,1,1,2097152,0.220677,1,"clFinish_profiled"
"OpenCL","COMPUTE","cache_v_l13 (view)","SET_ROWS","f16",-1,9,-1,2048,512,1,1,2097152,0.193021,1,"clFinish_profiled"
"OpenCL","COMPUTE","__fattn__-13","FLASH_ATTN_EXT","f32",-1,16,-1,128,16,1,1,8192,0.444792,1,"clFinish_profiled"
"CPU_Elastic","COMPUTE_GRAPH","ggml_cgraph","GRAPH","",-1,2,-1,0,0,0,0,0,1.897395,1,"delegate_cpu_graph"
"OpenCL","COMPUTE","ffn_moe_logits-13","MUL_MAT","f32",-1,2,-1,64,1,1,1,256,0.530782,1,"clFinish_profiled"
"OpenCL","COMPUTE","ffn_moe_probs-13","SOFT_MAX","f32",-1,3,-1,64,1,1,1,256,0.116875,1,"clFinish_profiled"
"OpenCL","COMPUTE","ffn_moe_argsort-13","ARGSORT","i32",-1,5,-1,64,1,1,1,256,0.148542,1,"clFinish_profiled"
"OpenCL","COMPUTE","ffn_moe_weights-13","GET_ROWS","f32",-1,7,-1,1,8,1,1,32,0.230573,1,"clFinish_profiled"
"CPU_Elastic","COMPUTE_GRAPH","ggml_cgraph","GRAPH","",-1,21,-1,0,0,0,0,0,7.383177,1,"delegate_cpu_graph"
"CPU_Elastic","COMPUTE_GRAPH","ggml_cgraph","GRAPH","",-1,1,-1,0,0,0,0,0,1.252187,1,"delegate_cpu_graph"
"OpenCL","COMPUTE","Qcur-14","ROPE","f32",-1,3,-1,128,16,1,1,8192,0.547656,1,"clFinish_profiled"
"CPU_Elastic","COMPUTE_GRAPH","ggml_cgraph","GRAPH","",-1,1,-1,0,0,0,0,0,1.701771,1,"delegate_cpu_graph"
"OpenCL","COMPUTE","Kcur-14","ROPE","f32",-1,3,-1,128,16,1,1,8192,0.505885,1,"clFinish_profiled"
"OpenCL","COMPUTE","Vcur-14","MUL_MAT","f32",-1,4,-1,2048,1,1,1,8192,0.351198,1,"clFinish_profiled"
"OpenCL","COMPUTE","cache_k_l14 (view)","SET_ROWS","f16",-1,7,-1,2048,512,1,1,2097152,0.210573,1,"clFinish_profiled"
"OpenCL","COMPUTE","cache_v_l14 (view)","SET_ROWS","f16",-1,9,-1,2048,512,1,1,2097152,0.192291,1,"clFinish_profiled"
"OpenCL","COMPUTE","__fattn__-14","FLASH_ATTN_EXT","f32",-1,16,-1,128,16,1,1,8192,0.432917,1,"clFinish_profiled"
"CPU_Elastic","COMPUTE_GRAPH","ggml_cgraph","GRAPH","",-1,2,-1,0,0,0,0,0,1.634063,1,"delegate_cpu_graph"
"OpenCL","COMPUTE","ffn_moe_logits-14","MUL_MAT","f32",-1,2,-1,64,1,1,1,256,0.490312,1,"clFinish_profiled"
"OpenCL","COMPUTE","ffn_moe_probs-14","SOFT_MAX","f32",-1,3,-1,64,1,1,1,256,0.204115,1,"clFinish_profiled"
"OpenCL","COMPUTE","ffn_moe_argsort-14","ARGSORT","i32",-1,5,-1,64,1,1,1,256,0.107812,1,"clFinish_profiled"
"OpenCL","COMPUTE","ffn_moe_weights-14","GET_ROWS","f32",-1,7,-1,1,8,1,1,32,0.201666,1,"clFinish_profiled"
"CPU_Elastic","COMPUTE_GRAPH","ggml_cgraph","GRAPH","",-1,21,-1,0,0,0,0,0,12.439844,1,"delegate_cpu_graph"
"CPU_Elastic","COMPUTE_GRAPH","ggml_cgraph","GRAPH","",-1,1,-1,0,0,0,0,0,1.577605,1,"delegate_cpu_graph"
"OpenCL","COMPUTE","Qcur-15","ROPE","f32",-1,3,-1,128,16,1,1,8192,0.506770,1,"clFinish_profiled"
"CPU_Elastic","COMPUTE_GRAPH","ggml_cgraph","GRAPH","",-1,1,-1,0,0,0,0,0,1.495000,1,"delegate_cpu_graph"
"OpenCL","COMPUTE","Kcur-15","ROPE","f32",-1,3,-1,128,16,1,1,8192,0.539479,1,"clFinish_profiled"
"OpenCL","COMPUTE","Vcur-15","MUL_MAT","f32",-1,4,-1,2048,1,1,1,8192,0.347500,1,"clFinish_profiled"
"OpenCL","COMPUTE","cache_k_l15 (view)","SET_ROWS","f16",-1,7,-1,2048,512,1,1,2097152,0.242239,1,"clFinish_profiled"
"OpenCL","COMPUTE","cache_v_l15 (view)","SET_ROWS","f16",-1,9,-1,2048,512,1,1,2097152,0.189740,1,"clFinish_profiled"
"OpenCL","COMPUTE","__fattn__-15","FLASH_ATTN_EXT","f32",-1,16,-1,128,16,1,1,8192,0.433073,1,"clFinish_profiled"
"CPU_Elastic","COMPUTE_GRAPH","ggml_cgraph","GRAPH","",-1,4,-1,0,0,0,0,0,2.198750,1,"delegate_cpu_graph"
"OpenCL","COMPUTE","ffn_moe_logits-15","MUL_MAT","f32",-1,2,-1,64,1,1,1,256,0.512292,1,"clFinish_profiled"
"OpenCL","COMPUTE","ffn_moe_probs-15","SOFT_MAX","f32",-1,3,-1,64,1,1,1,256,0.209688,1,"clFinish_profiled"
"OpenCL","COMPUTE","ffn_moe_argsort-15","ARGSORT","i32",-1,5,-1,64,1,1,1,256,0.199323,1,"clFinish_profiled"
"OpenCL","COMPUTE","ffn_moe_weights-15","GET_ROWS","f32",-1,7,-1,1,8,1,1,32,0.202552,1,"clFinish_profiled"
"CPU_Elastic","COMPUTE_GRAPH","ggml_cgraph","GRAPH","",-1,22,-1,0,0,0,0,0,9.412396,1,"delegate_cpu_graph"
"OpenCL","COMPUTE","result_norm","MUL","f32",-1,0,-1,2048,1,1,1,8192,0.523281,1,"clFinish_profiled"
"OpenCL","COMPUTE","result_output","MUL_MAT","f32",-1,1,-1,50304,1,1,1,201216,4.022916,1,"clFinish_profiled"
"CPU_Elastic","COMPUTE_GRAPH","ggml_cgraph","GRAPH","",-1,1,-1,0,0,0,0,0,0.012864,1,"delegate_cpu_graph"
"CPU_Elastic","COMPUTE_GRAPH","ggml_cgraph","GRAPH","",-1,1,-1,0,0,0,0,0,1.350156,1,"delegate_cpu_graph"
"OpenCL","COMPUTE","Qcur-0","ROPE","f32",-1,3,-1,128,16,1,1,8192,0.524531,1,"clFinish_profiled"
"CPU_Elastic","COMPUTE_GRAPH","ggml_cgraph","GRAPH","",-1,1,-1,0,0,0,0,0,1.385937,1,"delegate_cpu_graph"
"OpenCL","COMPUTE","Kcur-0","ROPE","f32",-1,3,-1,128,16,1,1,8192,0.515000,1,"clFinish_profiled"
"OpenCL","COMPUTE","Vcur-0","MUL_MAT","f32",-1,4,-1,2048,1,1,1,8192,0.355677,1,"clFinish_profiled"
"OpenCL","COMPUTE","cache_k_l0 (view)","SET_ROWS","f16",-1,7,-1,2048,512,1,1,2097152,0.196823,1,"clFinish_profiled"
"OpenCL","COMPUTE","cache_v_l0 (view)","SET_ROWS","f16",-1,9,-1,2048,512,1,1,2097152,0.193906,1,"clFinish_profiled"
"OpenCL","COMPUTE"," (copy)","CPY","f16",-1,16,-1,256,64,1,1,32768,0.205729,1,"clFinish_profiled"
"OpenCL","COMPUTE","__fattn__-0","FLASH_ATTN_EXT","f32",-1,17,-1,128,16,1,1,8192,0.414791,1,"clFinish_profiled"
"CPU_Elastic","COMPUTE_GRAPH","ggml_cgraph","GRAPH","",-1,2,-1,0,0,0,0,0,1.674844,1,"delegate_cpu_graph"
"OpenCL","COMPUTE","ffn_moe_logits-0","MUL_MAT","f32",-1,2,-1,64,1,1,1,256,0.537188,1,"clFinish_profiled"
"OpenCL","COMPUTE","ffn_moe_probs-0","SOFT_MAX","f32",-1,3,-1,64,1,1,1,256,0.232500,1,"clFinish_profiled"
"OpenCL","COMPUTE","ffn_moe_argsort-0","ARGSORT","i32",-1,5,-1,64,1,1,1,256,0.203490,1,"clFinish_profiled"
"OpenCL","COMPUTE","ffn_moe_weights-0","GET_ROWS","f32",-1,7,-1,1,8,1,1,32,0.102968,1,"clFinish_profiled"
"CPU_Elastic","COMPUTE_GRAPH","ggml_cgraph","GRAPH","",-1,21,-1,0,0,0,0,0,8.244427,1,"delegate_cpu_graph"
"CPU_Elastic","COMPUTE_GRAPH","ggml_cgraph","GRAPH","",-1,1,-1,0,0,0,0,0,0.382187,1,"delegate_cpu_graph"
"OpenCL","COMPUTE","Qcur-1","ROPE","f32",-1,3,-1,128,16,1,1,8192,0.403645,1,"clFinish_profiled"
"CPU_Elastic","COMPUTE_GRAPH","ggml_cgraph","GRAPH","",-1,1,-1,0,0,0,0,0,0.469531,1,"delegate_cpu_graph"
"OpenCL","COMPUTE","Kcur-1","ROPE","f32",-1,3,-1,128,16,1,1,8192,0.403855,1,"clFinish_profiled"
"OpenCL","COMPUTE","Vcur-1","MUL_MAT","f32",-1,4,-1,2048,1,1,1,8192,0.354166,1,"clFinish_profiled"
"OpenCL","COMPUTE","cache_k_l1 (view)","SET_ROWS","f16",-1,7,-1,2048,512,1,1,2097152,0.198333,1,"clFinish_profiled"
"OpenCL","COMPUTE","cache_v_l1 (view)","SET_ROWS","f16",-1,9,-1,2048,512,1,1,2097152,0.177084,1,"clFinish_profiled"
"OpenCL","COMPUTE","__fattn__-1","FLASH_ATTN_EXT","f32",-1,16,-1,128,16,1,1,8192,0.422864,1,"clFinish_profiled"
"CPU_Elastic","COMPUTE_GRAPH","ggml_cgraph","GRAPH","",-1,2,-1,0,0,0,0,0,2.167813,1,"delegate_cpu_graph"
"OpenCL","COMPUTE","ffn_moe_logits-1","MUL_MAT","f32",-1,2,-1,64,1,1,1,256,0.489948,1,"clFinish_profiled"
"OpenCL","COMPUTE","ffn_moe_probs-1","SOFT_MAX","f32",-1,3,-1,64,1,1,1,256,0.209791,1,"clFinish_profiled"
"OpenCL","COMPUTE","ffn_moe_argsort-1","ARGSORT","i32",-1,5,-1,64,1,1,1,256,0.108490,1,"clFinish_profiled"
"OpenCL","COMPUTE","ffn_moe_weights-1","GET_ROWS","f32",-1,7,-1,1,8,1,1,32,0.184427,1,"clFinish_profiled"
"CPU_Elastic","COMPUTE_GRAPH","ggml_cgraph","GRAPH","",-1,21,-1,0,0,0,0,0,8.997187,1,"delegate_cpu_graph"
"CPU_Elastic","COMPUTE_GRAPH","ggml_cgraph","GRAPH","",-1,1,-1,0,0,0,0,0,0.895000,1,"delegate_cpu_graph"
"OpenCL","COMPUTE","Qcur-2","ROPE","f32",-1,3,-1,128,16,1,1,8192,0.472916,1,"clFinish_profiled"
"CPU_Elastic","COMPUTE_GRAPH","ggml_cgraph","GRAPH","",-1,1,-1,0,0,0,0,0,1.580677,1,"delegate_cpu_graph"
"OpenCL","COMPUTE","Kcur-2","ROPE","f32",-1,3,-1,128,16,1,1,8192,0.478125,1,"clFinish_profiled"
"CPU_Elastic","COMPUTE_GRAPH","ggml_cgraph","GRAPH","",-1,3,-1,0,0,0,0,0,0.416302,1,"delegate_cpu_graph"
"OpenCL","COMPUTE","cache_k_l2 (view)","SET_ROWS","f16",-1,0,-1,2048,512,1,1,2097152,0.391406,1,"clFinish_profiled"
"OpenCL","COMPUTE","cache_v_l2 (view)","SET_ROWS","f16",-1,2,-1,2048,512,1,1,2097152,0.228177,1,"clFinish_profiled"
"OpenCL","COMPUTE","__fattn__-2","FLASH_ATTN_EXT","f32",-1,9,-1,128,16,1,1,8192,0.417188,1,"clFinish_profiled"
"CPU_Elastic","COMPUTE_GRAPH","ggml_cgraph","GRAPH","",-1,2,-1,0,0,0,0,0,1.816302,1,"delegate_cpu_graph"
"OpenCL","COMPUTE","ffn_moe_logits-2","MUL_MAT","f32",-1,2,-1,64,1,1,1,256,0.518542,1,"clFinish_profiled"
"OpenCL","COMPUTE","ffn_moe_probs-2","SOFT_MAX","f32",-1,3,-1,64,1,1,1,256,0.204948,1,"clFinish_profiled"
"OpenCL","COMPUTE","ffn_moe_argsort-2","ARGSORT","i32",-1,5,-1,64,1,1,1,256,0.143385,1,"clFinish_profiled"
"OpenCL","COMPUTE","ffn_moe_weights-2","GET_ROWS","f32",-1,7,-1,1,8,1,1,32,0.140834,1,"clFinish_profiled"
"CPU_Elastic","COMPUTE_GRAPH","ggml_cgraph","GRAPH","",-1,21,-1,0,0,0,0,0,13.144323,1,"delegate_cpu_graph"
"CPU_Elastic","COMPUTE_GRAPH","ggml_cgraph","GRAPH","",-1,1,-1,0,0,0,0,0,1.506302,1,"delegate_cpu_graph"
"OpenCL","COMPUTE","Qcur-3","ROPE","f32",-1,3,-1,128,16,1,1,8192,0.581354,1,"clFinish_profiled"
"CPU_Elastic","COMPUTE_GRAPH","ggml_cgraph","GRAPH","",-1,1,-1,0,0,0,0,0,1.602812,1,"delegate_cpu_graph"
"OpenCL","COMPUTE","Kcur-3","ROPE","f32",-1,3,-1,128,16,1,1,8192,0.486823,1,"clFinish_profiled"
"CPU_Elastic","COMPUTE_GRAPH","ggml_cgraph","GRAPH","",-1,3,-1,0,0,0,0,0,2.100417,1,"delegate_cpu_graph"
"OpenCL","COMPUTE","cache_k_l3 (view)","SET_ROWS","f16",-1,0,-1,2048,512,1,1,2097152,0.518073,1,"clFinish_profiled"
"OpenCL","COMPUTE","cache_v_l3 (view)","SET_ROWS","f16",-1,2,-1,2048,512,1,1,2097152,0.200156,1,"clFinish_profiled"
"OpenCL","COMPUTE","__fattn__-3","FLASH_ATTN_EXT","f32",-1,9,-1,128,16,1,1,8192,0.415052,1,"clFinish_profiled"
"CPU_Elastic","COMPUTE_GRAPH","ggml_cgraph","GRAPH","",-1,2,-1,0,0,0,0,0,2.031822,1,"delegate_cpu_graph"
"OpenCL","COMPUTE","ffn_moe_logits-3","MUL_MAT","f32",-1,2,-1,64,1,1,1,256,0.575208,1,"clFinish_profiled"
"OpenCL","COMPUTE","ffn_moe_probs-3","SOFT_MAX","f32",-1,3,-1,64,1,1,1,256,0.231614,1,"clFinish_profiled"
"OpenCL","COMPUTE","ffn_moe_argsort-3","ARGSORT","i32",-1,5,-1,64,1,1,1,256,0.202865,1,"clFinish_profiled"
"OpenCL","COMPUTE","ffn_moe_weights-3","GET_ROWS","f32",-1,7,-1,1,8,1,1,32,0.189739,1,"clFinish_profiled"
"CPU_Elastic","COMPUTE_GRAPH","ggml_cgraph","GRAPH","",-1,21,-1,0,0,0,0,0,6.670260,1,"delegate_cpu_graph"
"CPU_Elastic","COMPUTE_GRAPH","ggml_cgraph","GRAPH","",-1,1,-1,0,0,0,0,0,0.399323,1,"delegate_cpu_graph"
"OpenCL","COMPUTE","Qcur-4","ROPE","f32",-1,3,-1,128,16,1,1,8192,0.409323,1,"clFinish_profiled"
"CPU_Elastic","COMPUTE_GRAPH","ggml_cgraph","GRAPH","",-1,1,-1,0,0,0,0,0,0.464323,1,"delegate_cpu_graph"
"OpenCL","COMPUTE","Kcur-4","ROPE","f32",-1,3,-1,128,16,1,1,8192,0.397239,1,"clFinish_profiled"
"OpenCL","COMPUTE","Vcur-4","MUL_MAT","f32",-1,4,-1,2048,1,1,1,8192,0.350052,1,"clFinish_profiled"
"OpenCL","COMPUTE","cache_k_l4 (view)","SET_ROWS","f16",-1,7,-1,2048,512,1,1,2097152,0.194428,1,"clFinish_profiled"
"OpenCL","COMPUTE","cache_v_l4 (view)","SET_ROWS","f16",-1,9,-1,2048,512,1,1,2097152,0.192864,1,"clFinish_profiled"
"OpenCL","COMPUTE","__fattn__-4","FLASH_ATTN_EXT","f32",-1,16,-1,128,16,1,1,8192,0.413542,1,"clFinish_profiled"
"CPU_Elastic","COMPUTE_GRAPH","ggml_cgraph","GRAPH","",-1,2,-1,0,0,0,0,0,1.287448,1,"delegate_cpu_graph"
"OpenCL","COMPUTE","ffn_moe_logits-4","MUL_MAT","f32",-1,2,-1,64,1,1,1,256,0.509427,1,"clFinish_profiled"
"OpenCL","COMPUTE","ffn_moe_probs-4","SOFT_MAX","f32",-1,3,-1,64,1,1,1,256,0.206719,1,"clFinish_profiled"
"OpenCL","COMPUTE","ffn_moe_argsort-4","ARGSORT","i32",-1,5,-1,64,1,1,1,256,0.196562,1,"clFinish_profiled"
"OpenCL","COMPUTE","ffn_moe_weights-4","GET_ROWS","f32",-1,7,-1,1,8,1,1,32,0.186510,1,"clFinish_profiled"
"CPU_Elastic","COMPUTE_GRAPH","ggml_cgraph","GRAPH","",-1,21,-1,0,0,0,0,0,12.205833,1,"delegate_cpu_graph"
"CPU_Elastic","COMPUTE_GRAPH","ggml_cgraph","GRAPH","",-1,1,-1,0,0,0,0,0,1.669219,1,"delegate_cpu_graph"
"OpenCL","COMPUTE","Qcur-5","ROPE","f32",-1,3,-1,128,16,1,1,8192,0.557291,1,"clFinish_profiled"
"CPU_Elastic","COMPUTE_GRAPH","ggml_cgraph","GRAPH","",-1,1,-1,0,0,0,0,0,1.409167,1,"delegate_cpu_graph"
"OpenCL","COMPUTE","Kcur-5","ROPE","f32",-1,3,-1,128,16,1,1,8192,0.521094,1,"clFinish_profiled"
"CPU_Elastic","COMPUTE_GRAPH","ggml_cgraph","GRAPH","",-1,3,-1,0,0,0,0,0,2.125573,1,"delegate_cpu_graph"
"OpenCL","COMPUTE","cache_k_l5 (view)","SET_ROWS","f16",-1,0,-1,2048,512,1,1,2097152,0.480052,1,"clFinish_profiled"
"OpenCL","COMPUTE","cache_v_l5 (view)","SET_ROWS","f16",-1,2,-1,2048,512,1,1,2097152,0.199948,1,"clFinish_profiled"
"OpenCL","COMPUTE","__fattn__-5","FLASH_ATTN_EXT","f32",-1,9,-1,128,16,1,1,8192,0.416406,1,"clFinish_profiled"
"CPU_Elastic","COMPUTE_GRAPH","ggml_cgraph","GRAPH","",-1,2,-1,0,0,0,0,0,2.031875,1,"delegate_cpu_graph"
"OpenCL","COMPUTE","ffn_moe_logits-5","MUL_MAT","f32",-1,2,-1,64,1,1,1,256,0.492969,1,"clFinish_profiled"
"OpenCL","COMPUTE","ffn_moe_probs-5","SOFT_MAX","f32",-1,3,-1,64,1,1,1,256,0.115677,1,"clFinish_profiled"
"OpenCL","COMPUTE","ffn_moe_argsort-5","ARGSORT","i32",-1,5,-1,64,1,1,1,256,0.175573,1,"clFinish_profiled"
"OpenCL","COMPUTE","ffn_moe_weights-5","GET_ROWS","f32",-1,7,-1,1,8,1,1,32,0.115729,1,"clFinish_profiled"
"CPU_Elastic","COMPUTE_GRAPH","ggml_cgraph","GRAPH","",-1,21,-1,0,0,0,0,0,6.129844,1,"delegate_cpu_graph"
"CPU_Elastic","COMPUTE_GRAPH","ggml_cgraph","GRAPH","",-1,1,-1,0,0,0,0,0,1.717656,1,"delegate_cpu_graph"
"OpenCL","COMPUTE","Qcur-6","ROPE","f32",-1,3,-1,128,16,1,1,8192,0.538750,1,"clFinish_profiled"
"CPU_Elastic","COMPUTE_GRAPH","ggml_cgraph","GRAPH","",-1,1,-1,0,0,0,0,0,1.697500,1,"delegate_cpu_graph"
"OpenCL","COMPUTE","Kcur-6","ROPE","f32",-1,3,-1,128,16,1,1,8192,0.519896,1,"clFinish_profiled"
"CPU_Elastic","COMPUTE_GRAPH","ggml_cgraph","GRAPH","",-1,3,-1,0,0,0,0,0,1.867604,1,"delegate_cpu_graph"
"OpenCL","COMPUTE","cache_k_l6 (view)","SET_ROWS","f16",-1,0,-1,2048,512,1,1,2097152,0.534635,1,"clFinish_profiled"
"OpenCL","COMPUTE","cache_v_l6 (view)","SET_ROWS","f16",-1,2,-1,2048,512,1,1,2097152,0.217448,1,"clFinish_profiled"
"OpenCL","COMPUTE","__fattn__-6","FLASH_ATTN_EXT","f32",-1,9,-1,128,16,1,1,8192,0.425469,1,"clFinish_profiled"
"CPU_Elastic","COMPUTE_GRAPH","ggml_cgraph","GRAPH","",-1,2,-1,0,0,0,0,0,2.003438,1,"delegate_cpu_graph"
"OpenCL","COMPUTE","ffn_moe_logits-6","MUL_MAT","f32",-1,2,-1,64,1,1,1,256,0.504584,1,"clFinish_profiled"
"OpenCL","COMPUTE","ffn_moe_probs-6","SOFT_MAX","f32",-1,3,-1,64,1,1,1,256,0.209167,1,"clFinish_profiled"
"OpenCL","COMPUTE","ffn_moe_argsort-6","ARGSORT","i32",-1,5,-1,64,1,1,1,256,0.199114,1,"clFinish_profiled"
"OpenCL","COMPUTE","ffn_moe_weights-6","GET_ROWS","f32",-1,7,-1,1,8,1,1,32,0.187553,1,"clFinish_profiled"
"CPU_Elastic","COMPUTE_GRAPH","ggml_cgraph","GRAPH","",-1,21,-1,0,0,0,0,0,6.581093,1,"delegate_cpu_graph"
"CPU_Elastic","COMPUTE_GRAPH","ggml_cgraph","GRAPH","",-1,1,-1,0,0,0,0,0,0.405625,1,"delegate_cpu_graph"
"OpenCL","COMPUTE","Qcur-7","ROPE","f32",-1,3,-1,128,16,1,1,8192,0.400416,1,"clFinish_profiled"
"CPU_Elastic","COMPUTE_GRAPH","ggml_cgraph","GRAPH","",-1,1,-1,0,0,0,0,0,0.473489,1,"delegate_cpu_graph"
"OpenCL","COMPUTE","Kcur-7","ROPE","f32",-1,3,-1,128,16,1,1,8192,0.397188,1,"clFinish_profiled"
"OpenCL","COMPUTE","Vcur-7","MUL_MAT","f32",-1,4,-1,2048,1,1,1,8192,0.402656,1,"clFinish_profiled"
"OpenCL","COMPUTE","cache_k_l7 (view)","SET_ROWS","f16",-1,7,-1,2048,512,1,1,2097152,0.177187,1,"clFinish_profiled"
"OpenCL","COMPUTE","cache_v_l7 (view)","SET_ROWS","f16",-1,9,-1,2048,512,1,1,2097152,0.172239,1,"clFinish_profiled"
"OpenCL","COMPUTE","__fattn__-7","FLASH_ATTN_EXT","f32",-1,16,-1,128,16,1,1,8192,0.413542,1,"clFinish_profiled"
"CPU_Elastic","COMPUTE_GRAPH","ggml_cgraph","GRAPH","",-1,2,-1,0,0,0,0,0,1.805469,1,"delegate_cpu_graph"
"OpenCL","COMPUTE","ffn_moe_logits-7","MUL_MAT","f32",-1,2,-1,64,1,1,1,256,0.568645,1,"clFinish_profiled"
"OpenCL","COMPUTE","ffn_moe_probs-7","SOFT_MAX","f32",-1,3,-1,64,1,1,1,256,0.248802,1,"clFinish_profiled"
"OpenCL","COMPUTE","ffn_moe_argsort-7","ARGSORT","i32",-1,5,-1,64,1,1,1,256,0.218073,1,"clFinish_profiled"
"OpenCL","COMPUTE","ffn_moe_weights-7","GET_ROWS","f32",-1,7,-1,1,8,1,1,32,0.212760,1,"clFinish_profiled"
"CPU_Elastic","COMPUTE_GRAPH","ggml_cgraph","GRAPH","",-1,21,-1,0,0,0,0,0,12.441406,1,"delegate_cpu_graph"
"CPU_Elastic","COMPUTE_GRAPH","ggml_cgraph","GRAPH","",-1,1,-1,0,0,0,0,0,1.884739,1,"delegate_cpu_graph"
"OpenCL","COMPUTE","Qcur-8","ROPE","f32",-1,3,-1,128,16,1,1,8192,0.491771,1,"clFinish_profiled"
"CPU_Elastic","COMPUTE_GRAPH","ggml_cgraph","GRAPH","",-1,1,-1,0,0,0,0,0,1.879687,1,"delegate_cpu_graph"
"OpenCL","COMPUTE","Kcur-8","ROPE","f32",-1,3,-1,128,16,1,1,8192,0.506406,1,"clFinish_profiled"
"CPU_Elastic","COMPUTE_GRAPH","ggml_cgraph","GRAPH","",-1,3,-1,0,0,0,0,0,1.821563,1,"delegate_cpu_graph"
"OpenCL","COMPUTE","cache_k_l8 (view)","SET_ROWS","f16",-1,0,-1,2048,512,1,1,2097152,0.487761,1,"clFinish_profiled"
"OpenCL","COMPUTE","cache_v_l8 (view)","SET_ROWS","f16",-1,2,-1,2048,512,1,1,2097152,0.203125,1,"clFinish_profiled"
"OpenCL","COMPUTE","__fattn__-8","FLASH_ATTN_EXT","f32",-1,9,-1,128,16,1,1,8192,0.447396,1,"clFinish_profiled"
"CPU_Elastic","COMPUTE_GRAPH","ggml_cgraph","GRAPH","",-1,2,-1,0,0,0,0,0,1.647917,1,"delegate_cpu_graph"
"OpenCL","COMPUTE","ffn_moe_logits-8","MUL_MAT","f32",-1,2,-1,64,1,1,1,256,0.544011,1,"clFinish_profiled"
"OpenCL","COMPUTE","ffn_moe_probs-8","SOFT_MAX","f32",-1,3,-1,64,1,1,1,256,0.226511,1,"clFinish_profiled"
"OpenCL","COMPUTE","ffn_moe_argsort-8","ARGSORT","i32",-1,5,-1,64,1,1,1,256,0.198802,1,"clFinish_profiled"
"OpenCL","COMPUTE","ffn_moe_weights-8","GET_ROWS","f32",-1,7,-1,1,8,1,1,32,0.217865,1,"clFinish_profiled"
"CPU_Elastic","COMPUTE_GRAPH","ggml_cgraph","GRAPH","",-1,21,-1,0,0,0,0,0,7.375781,1,"delegate_cpu_graph"
"CPU_Elastic","COMPUTE_GRAPH","ggml_cgraph","GRAPH","",-1,1,-1,0,0,0,0,0,0.430521,1,"delegate_cpu_graph"
"OpenCL","COMPUTE","Qcur-9","ROPE","f32",-1,3,-1,128,16,1,1,8192,0.417500,1,"clFinish_profiled"
"CPU_Elastic","COMPUTE_GRAPH","ggml_cgraph","GRAPH","",-1,1,-1,0,0,0,0,0,0.457552,1,"delegate_cpu_graph"
"OpenCL","COMPUTE","Kcur-9","ROPE","f32",-1,3,-1,128,16,1,1,8192,0.397708,1,"clFinish_profiled"
"CPU_Elastic","COMPUTE_GRAPH","ggml_cgraph","GRAPH","",-1,3,-1,0,0,0,0,0,0.478958,1,"delegate_cpu_graph"
"OpenCL","COMPUTE","cache_k_l9 (view)","SET_ROWS","f16",-1,0,-1,2048,512,1,1,2097152,0.390000,1,"clFinish_profiled"
"OpenCL","COMPUTE","cache_v_l9 (view)","SET_ROWS","f16",-1,2,-1,2048,512,1,1,2097152,0.215469,1,"clFinish_profiled"
"OpenCL","COMPUTE","__fattn__-9","FLASH_ATTN_EXT","f32",-1,9,-1,128,16,1,1,8192,0.413906,1,"clFinish_profiled"
"CPU_Elastic","COMPUTE_GRAPH","ggml_cgraph","GRAPH","",-1,2,-1,0,0,0,0,0,1.588906,1,"delegate_cpu_graph"
"OpenCL","COMPUTE","ffn_moe_logits-9","MUL_MAT","f32",-1,2,-1,64,1,1,1,256,0.504427,1,"clFinish_profiled"
"OpenCL","COMPUTE","ffn_moe_probs-9","SOFT_MAX","f32",-1,3,-1,64,1,1,1,256,0.207917,1,"clFinish_profiled"
"OpenCL","COMPUTE","ffn_moe_argsort-9","ARGSORT","i32",-1,5,-1,64,1,1,1,256,0.201563,1,"clFinish_profiled"
"OpenCL","COMPUTE","ffn_moe_weights-9","GET_ROWS","f32",-1,7,-1,1,8,1,1,32,0.186928,1,"clFinish_profiled"
"CPU_Elastic","COMPUTE_GRAPH","ggml_cgraph","GRAPH","",-1,21,-1,0,0,0,0,0,6.358593,1,"delegate_cpu_graph"
"CPU_Elastic","COMPUTE_GRAPH","ggml_cgraph","GRAPH","",-1,1,-1,0,0,0,0,0,0.408177,1,"delegate_cpu_graph"
"OpenCL","COMPUTE","Qcur-10","ROPE","f32",-1,3,-1,128,16,1,1,8192,0.397344,1,"clFinish_profiled"
"CPU_Elastic","COMPUTE_GRAPH","ggml_cgraph","GRAPH","",-1,1,-1,0,0,0,0,0,0.477813,1,"delegate_cpu_graph"
"OpenCL","COMPUTE","Kcur-10","ROPE","f32",-1,3,-1,128,16,1,1,8192,0.402448,1,"clFinish_profiled"
"OpenCL","COMPUTE","Vcur-10","MUL_MAT","f32",-1,4,-1,2048,1,1,1,8192,0.351406,1,"clFinish_profiled"
"OpenCL","COMPUTE","cache_k_l10 (view)","SET_ROWS","f16",-1,7,-1,2048,512,1,1,2097152,0.107969,1,"clFinish_profiled"
"OpenCL","COMPUTE","cache_v_l10 (view)","SET_ROWS","f16",-1,9,-1,2048,512,1,1,2097152,0.218855,1,"clFinish_profiled"
"OpenCL","COMPUTE","__fattn__-10","FLASH_ATTN_EXT","f32",-1,16,-1,128,16,1,1,8192,0.432760,1,"clFinish_profiled"
"CPU_Elastic","COMPUTE_GRAPH","ggml_cgraph","GRAPH","",-1,2,-1,0,0,0,0,0,1.870261,1,"delegate_cpu_graph"
"OpenCL","COMPUTE","ffn_moe_logits-10","MUL_MAT","f32",-1,2,-1,64,1,1,1,256,0.534479,1,"clFinish_profiled"
"OpenCL","COMPUTE","ffn_moe_probs-10","SOFT_MAX","f32",-1,3,-1,64,1,1,1,256,0.208698,1,"clFinish_profiled"
"OpenCL","COMPUTE","ffn_moe_argsort-10","ARGSORT","i32",-1,5,-1,64,1,1,1,256,0.117917,1,"clFinish_profiled"
"OpenCL","COMPUTE","ffn_moe_weights-10","GET_ROWS","f32",-1,7,-1,1,8,1,1,32,0.208646,1,"clFinish_profiled"
"CPU_Elastic","COMPUTE_GRAPH","ggml_cgraph","GRAPH","",-1,21,-1,0,0,0,0,0,8.874115,1,"delegate_cpu_graph"
"CPU_Elastic","COMPUTE_GRAPH","ggml_cgraph","GRAPH","",-1,1,-1,0,0,0,0,0,0.393437,1,"delegate_cpu_graph"
"OpenCL","COMPUTE","Qcur-11","ROPE","f32",-1,3,-1,128,16,1,1,8192,0.423386,1,"clFinish_profiled"
"CPU_Elastic","COMPUTE_GRAPH","ggml_cgraph","GRAPH","",-1,1,-1,0,0,0,0,0,0.451042,1,"delegate_cpu_graph"
"OpenCL","COMPUTE","Kcur-11","ROPE","f32",-1,3,-1,128,16,1,1,8192,0.398073,1,"clFinish_profiled"
"CPU_Elastic","COMPUTE_GRAPH","ggml_cgraph","GRAPH","",-1,3,-1,0,0,0,0,0,0.477864,1,"delegate_cpu_graph"
"OpenCL","COMPUTE","cache_k_l11 (view)","SET_ROWS","f16",-1,0,-1,2048,512,1,1,2097152,0.438073,1,"clFinish_profiled"
"OpenCL","COMPUTE","cache_v_l11 (view)","SET_ROWS","f16",-1,2,-1,2048,512,1,1,2097152,0.187552,1,"clFinish_profiled"
"OpenCL","COMPUTE","__fattn__-11","FLASH_ATTN_EXT","f32",-1,9,-1,128,16,1,1,8192,0.415729,1,"clFinish_profiled"
"CPU_Elastic","COMPUTE_GRAPH","ggml_cgraph","GRAPH","",-1,2,-1,0,0,0,0,0,1.546667,1,"delegate_cpu_graph"
"OpenCL","COMPUTE","ffn_moe_logits-11","MUL_MAT","f32",-1,2,-1,64,1,1,1,256,0.539844,1,"clFinish_profiled"
"OpenCL","COMPUTE","ffn_moe_probs-11","SOFT_MAX","f32",-1,3,-1,64,1,1,1,256,0.240052,1,"clFinish_profiled"
"OpenCL","COMPUTE","ffn_moe_argsort-11","ARGSORT","i32",-1,5,-1,64,1,1,1,256,0.205677,1,"clFinish_profiled"
"OpenCL","COMPUTE","ffn_moe_weights-11","GET_ROWS","f32",-1,7,-1,1,8,1,1,32,0.190833,1,"clFinish_profiled"
"CPU_Elastic","COMPUTE_GRAPH","ggml_cgraph","GRAPH","",-1,21,-1,0,0,0,0,0,6.718802,1,"delegate_cpu_graph"
"CPU_Elastic","COMPUTE_GRAPH","ggml_cgraph","GRAPH","",-1,1,-1,0,0,0,0,0,0.408594,1,"delegate_cpu_graph"
"OpenCL","COMPUTE","Qcur-12","ROPE","f32",-1,3,-1,128,16,1,1,8192,0.397865,1,"clFinish_profiled"
"CPU_Elastic","COMPUTE_GRAPH","ggml_cgraph","GRAPH","",-1,1,-1,0,0,0,0,0,0.475052,1,"delegate_cpu_graph"
"OpenCL","COMPUTE","Kcur-12","ROPE","f32",-1,3,-1,128,16,1,1,8192,0.395000,1,"clFinish_profiled"
"CPU_Elastic","COMPUTE_GRAPH","ggml_cgraph","GRAPH","",-1,3,-1,0,0,0,0,0,0.517761,1,"delegate_cpu_graph"
"OpenCL","COMPUTE","cache_k_l12 (view)","SET_ROWS","f16",-1,0,-1,2048,512,1,1,2097152,0.387031,1,"clFinish_profiled"
"OpenCL","COMPUTE","cache_v_l12 (view)","SET_ROWS","f16",-1,2,-1,2048,512,1,1,2097152,0.225417,1,"clFinish_profiled"
"OpenCL","COMPUTE","__fattn__-12","FLASH_ATTN_EXT","f32",-1,9,-1,128,16,1,1,8192,0.413802,1,"clFinish_profiled"
"CPU_Elastic","COMPUTE_GRAPH","ggml_cgraph","GRAPH","",-1,2,-1,0,0,0,0,0,1.869270,1,"delegate_cpu_graph"
"OpenCL","COMPUTE","ffn_moe_logits-12","MUL_MAT","f32",-1,2,-1,64,1,1,1,256,0.449844,1,"clFinish_profiled"
"OpenCL","COMPUTE","ffn_moe_probs-12","SOFT_MAX","f32",-1,3,-1,64,1,1,1,256,0.225052,1,"clFinish_profiled"
"OpenCL","COMPUTE","ffn_moe_argsort-12","ARGSORT","i32",-1,5,-1,64,1,1,1,256,0.199583,1,"clFinish_profiled"
"OpenCL","COMPUTE","ffn_moe_weights-12","GET_ROWS","f32",-1,7,-1,1,8,1,1,32,0.186771,1,"clFinish_profiled"
"CPU_Elastic","COMPUTE_GRAPH","ggml_cgraph","GRAPH","",-1,21,-1,0,0,0,0,0,7.052448,1,"delegate_cpu_graph"
"CPU_Elastic","COMPUTE_GRAPH","ggml_cgraph","GRAPH","",-1,1,-1,0,0,0,0,0,0.378854,1,"delegate_cpu_graph"
"OpenCL","COMPUTE","Qcur-13","ROPE","f32",-1,3,-1,128,16,1,1,8192,0.404531,1,"clFinish_profiled"
"CPU_Elastic","COMPUTE_GRAPH","ggml_cgraph","GRAPH","",-1,1,-1,0,0,0,0,0,0.468385,1,"delegate_cpu_graph"
"OpenCL","COMPUTE","Kcur-13","ROPE","f32",-1,3,-1,128,16,1,1,8192,0.397760,1,"clFinish_profiled"
"OpenCL","COMPUTE","Vcur-13","MUL_MAT","f32",-1,4,-1,2048,1,1,1,8192,0.353645,1,"clFinish_profiled"
"OpenCL","COMPUTE","cache_k_l13 (view)","SET_ROWS","f16",-1,7,-1,2048,512,1,1,2097152,0.096354,1,"clFinish_profiled"
"OpenCL","COMPUTE","cache_v_l13 (view)","SET_ROWS","f16",-1,9,-1,2048,512,1,1,2097152,0.217812,1,"clFinish_profiled"
"OpenCL","COMPUTE","__fattn__-13","FLASH_ATTN_EXT","f32",-1,16,-1,128,16,1,1,8192,0.418282,1,"clFinish_profiled"
"CPU_Elastic","COMPUTE_GRAPH","ggml_cgraph","GRAPH","",-1,2,-1,0,0,0,0,0,1.658386,1,"delegate_cpu_graph"
"OpenCL","COMPUTE","ffn_moe_logits-13","MUL_MAT","f32",-1,2,-1,64,1,1,1,256,0.514375,1,"clFinish_profiled"
"OpenCL","COMPUTE","ffn_moe_probs-13","SOFT_MAX","f32",-1,3,-1,64,1,1,1,256,0.210417,1,"clFinish_profiled"
"OpenCL","COMPUTE","ffn_moe_argsort-13","ARGSORT","i32",-1,5,-1,64,1,1,1,256,0.198594,1,"clFinish_profiled"
"OpenCL","COMPUTE","ffn_moe_weights-13","GET_ROWS","f32",-1,7,-1,1,8,1,1,32,0.192813,1,"clFinish_profiled"
"CPU_Elastic","COMPUTE_GRAPH","ggml_cgraph","GRAPH","",-1,21,-1,0,0,0,0,0,9.360781,1,"delegate_cpu_graph"
"CPU_Elastic","COMPUTE_GRAPH","ggml_cgraph","GRAPH","",-1,1,-1,0,0,0,0,0,0.431666,1,"delegate_cpu_graph"
"OpenCL","COMPUTE","Qcur-14","ROPE","f32",-1,3,-1,128,16,1,1,8192,0.406042,1,"clFinish_profiled"
"CPU_Elastic","COMPUTE_GRAPH","ggml_cgraph","GRAPH","",-1,1,-1,0,0,0,0,0,0.466354,1,"delegate_cpu_graph"
"OpenCL","COMPUTE","Kcur-14","ROPE","f32",-1,3,-1,128,16,1,1,8192,0.393750,1,"clFinish_profiled"
"OpenCL","COMPUTE","Vcur-14","MUL_MAT","f32",-1,4,-1,2048,1,1,1,8192,0.351042,1,"clFinish_profiled"
"OpenCL","COMPUTE","cache_k_l14 (view)","SET_ROWS","f16",-1,7,-1,2048,512,1,1,2097152,0.194115,1,"clFinish_profiled"
"OpenCL","COMPUTE","cache_v_l14 (view)","SET_ROWS","f16",-1,9,-1,2048,512,1,1,2097152,0.169843,1,"clFinish_profiled"
"OpenCL","COMPUTE","__fattn__-14","FLASH_ATTN_EXT","f32",-1,16,-1,128,16,1,1,8192,0.418125,1,"clFinish_profiled"
"CPU_Elastic","COMPUTE_GRAPH","ggml_cgraph","GRAPH","",-1,2,-1,0,0,0,0,0,2.068750,1,"delegate_cpu_graph"
"OpenCL","COMPUTE","ffn_moe_logits-14","MUL_MAT","f32",-1,2,-1,64,1,1,1,256,0.496770,1,"clFinish_profiled"
"OpenCL","COMPUTE","ffn_moe_probs-14","SOFT_MAX","f32",-1,3,-1,64,1,1,1,256,0.212136,1,"clFinish_profiled"
"OpenCL","COMPUTE","ffn_moe_argsort-14","ARGSORT","i32",-1,5,-1,64,1,1,1,256,0.103750,1,"clFinish_profiled"
"OpenCL","COMPUTE","ffn_moe_weights-14","GET_ROWS","f32",-1,7,-1,1,8,1,1,32,0.186458,1,"clFinish_profiled"
"CPU_Elastic","COMPUTE_GRAPH","ggml_cgraph","GRAPH","",-1,21,-1,0,0,0,0,0,9.364166,1,"delegate_cpu_graph"
"CPU_Elastic","COMPUTE_GRAPH","ggml_cgraph","GRAPH","",-1,1,-1,0,0,0,0,0,0.426875,1,"delegate_cpu_graph"
"OpenCL","COMPUTE","Qcur-15","ROPE","f32",-1,3,-1,128,16,1,1,8192,0.395365,1,"clFinish_profiled"
"CPU_Elastic","COMPUTE_GRAPH","ggml_cgraph","GRAPH","",-1,1,-1,0,0,0,0,0,0.476667,1,"delegate_cpu_graph"
"OpenCL","COMPUTE","Kcur-15","ROPE","f32",-1,3,-1,128,16,1,1,8192,0.402760,1,"clFinish_profiled"
"OpenCL","COMPUTE","Vcur-15","MUL_MAT","f32",-1,4,-1,2048,1,1,1,8192,0.349792,1,"clFinish_profiled"
"OpenCL","COMPUTE","cache_k_l15 (view)","SET_ROWS","f16",-1,7,-1,2048,512,1,1,2097152,0.093802,1,"clFinish_profiled"
"OpenCL","COMPUTE","cache_v_l15 (view)","SET_ROWS","f16",-1,9,-1,2048,512,1,1,2097152,0.215417,1,"clFinish_profiled"
"OpenCL","COMPUTE","__fattn__-15","FLASH_ATTN_EXT","f32",-1,16,-1,128,16,1,1,8192,0.408854,1,"clFinish_profiled"
"CPU_Elastic","COMPUTE_GRAPH","ggml_cgraph","GRAPH","",-1,4,-1,0,0,0,0,0,2.459687,1,"delegate_cpu_graph"
"OpenCL","COMPUTE","ffn_moe_logits-15","MUL_MAT","f32",-1,2,-1,64,1,1,1,256,0.523854,1,"clFinish_profiled"
"OpenCL","COMPUTE","ffn_moe_probs-15","SOFT_MAX","f32",-1,3,-1,64,1,1,1,256,0.236666,1,"clFinish_profiled"
"OpenCL","COMPUTE","ffn_moe_argsort-15","ARGSORT","i32",-1,5,-1,64,1,1,1,256,0.260990,1,"clFinish_profiled"
"OpenCL","COMPUTE","ffn_moe_weights-15","GET_ROWS","f32",-1,7,-1,1,8,1,1,32,0.191979,1,"clFinish_profiled"
"CPU_Elastic","COMPUTE_GRAPH","ggml_cgraph","GRAPH","",-1,22,-1,0,0,0,0,0,7.606562,1,"delegate_cpu_graph"
"OpenCL","COMPUTE","result_norm","MUL","f32",-1,0,-1,2048,1,1,1,8192,0.489479,1,"clFinish_profiled"
"OpenCL","COMPUTE","result_output","MUL_MAT","f32",-1,1,-1,50304,1,1,1,201216,3.881927,1,"clFinish_profiled"
"CPU_Elastic","COMPUTE_GRAPH","ggml_cgraph","GRAPH","",-1,1,-1,0,0,0,0,0,0.009531,1,"delegate_cpu_graph"
"CPU_Elastic","COMPUTE_GRAPH","ggml_cgraph","GRAPH","",-1,1,-1,0,0,0,0,0,1.316771,1,"delegate_cpu_graph"
"OpenCL","COMPUTE","Qcur-0","ROPE","f32",-1,3,-1,128,16,1,1,8192,0.543854,1,"clFinish_profiled"
"CPU_Elastic","COMPUTE_GRAPH","ggml_cgraph","GRAPH","",-1,1,-1,0,0,0,0,0,1.377344,1,"delegate_cpu_graph"
"OpenCL","COMPUTE","Kcur-0","ROPE","f32",-1,3,-1,128,16,1,1,8192,0.547656,1,"clFinish_profiled"
"OpenCL","COMPUTE","Vcur-0","MUL_MAT","f32",-1,4,-1,2048,1,1,1,8192,0.349896,1,"clFinish_profiled"
"OpenCL","COMPUTE","cache_k_l0 (view)","SET_ROWS","f16",-1,7,-1,2048,512,1,1,2097152,0.222500,1,"clFinish_profiled"
"OpenCL","COMPUTE","cache_v_l0 (view)","SET_ROWS","f16",-1,9,-1,2048,512,1,1,2097152,0.161302,1,"clFinish_profiled"
"OpenCL","COMPUTE"," (copy)","CPY","f16",-1,16,-1,256,64,1,1,32768,0.206406,1,"clFinish_profiled"
"OpenCL","COMPUTE","__fattn__-0","FLASH_ATTN_EXT","f32",-1,17,-1,128,16,1,1,8192,0.405573,1,"clFinish_profiled"
"CPU_Elastic","COMPUTE_GRAPH","ggml_cgraph","GRAPH","",-1,2,-1,0,0,0,0,0,1.928906,1,"delegate_cpu_graph"
"OpenCL","COMPUTE","ffn_moe_logits-0","MUL_MAT","f32",-1,2,-1,64,1,1,1,256,0.486459,1,"clFinish_profiled"
"OpenCL","COMPUTE","ffn_moe_probs-0","SOFT_MAX","f32",-1,3,-1,64,1,1,1,256,0.205105,1,"clFinish_profiled"
"OpenCL","COMPUTE","ffn_moe_argsort-0","ARGSORT","i32",-1,5,-1,64,1,1,1,256,0.182031,1,"clFinish_profiled"
"OpenCL","COMPUTE","ffn_moe_weights-0","GET_ROWS","f32",-1,7,-1,1,8,1,1,32,0.190677,1,"clFinish_profiled"
"CPU_Elastic","COMPUTE_GRAPH","ggml_cgraph","GRAPH","",-1,21,-1,0,0,0,0,0,12.549115,1,"delegate_cpu_graph"
"CPU_Elastic","COMPUTE_GRAPH","ggml_cgraph","GRAPH","",-1,1,-1,0,0,0,0,0,1.625781,1,"delegate_cpu_graph"
"OpenCL","COMPUTE","Qcur-1","ROPE","f32",-1,3,-1,128,16,1,1,8192,0.561458,1,"clFinish_profiled"
"CPU_Elastic","COMPUTE_GRAPH","ggml_cgraph","GRAPH","",-1,1,-1,0,0,0,0,0,1.708855,1,"delegate_cpu_graph"
"OpenCL","COMPUTE","Kcur-1","ROPE","f32",-1,3,-1,128,16,1,1,8192,0.554583,1,"clFinish_profiled"
"OpenCL","COMPUTE","Vcur-1","MUL_MAT","f32",-1,4,-1,2048,1,1,1,8192,0.362084,1,"clFinish_profiled"
"OpenCL","COMPUTE","cache_k_l1 (view)","SET_ROWS","f16",-1,7,-1,2048,512,1,1,2097152,0.208750,1,"clFinish_profiled"
"OpenCL","COMPUTE","cache_v_l1 (view)","SET_ROWS","f16",-1,9,-1,2048,512,1,1,2097152,0.224167,1,"clFinish_profiled"
"OpenCL","COMPUTE","__fattn__-1","FLASH_ATTN_EXT","f32",-1,16,-1,128,16,1,1,8192,0.420521,1,"clFinish_profiled"
"CPU_Elastic","COMPUTE_GRAPH","ggml_cgraph","GRAPH","",-1,2,-1,0,0,0,0,0,1.473594,1,"delegate_cpu_graph"
"OpenCL","COMPUTE","ffn_moe_logits-1","MUL_MAT","f32",-1,2,-1,64,1,1,1,256,0.491302,1,"clFinish_profiled"
"OpenCL","COMPUTE","ffn_moe_probs-1","SOFT_MAX","f32",-1,3,-1,64,1,1,1,256,0.231927,1,"clFinish_profiled"
"OpenCL","COMPUTE","ffn_moe_argsort-1","ARGSORT","i32",-1,5,-1,64,1,1,1,256,0.204792,1,"clFinish_profiled"
"OpenCL","COMPUTE","ffn_moe_weights-1","GET_ROWS","f32",-1,7,-1,1,8,1,1,32,0.190260,1,"clFinish_profiled"
"CPU_Elastic","COMPUTE_GRAPH","ggml_cgraph","GRAPH","",-1,21,-1,0,0,0,0,0,8.303177,1,"delegate_cpu_graph"
"CPU_Elastic","COMPUTE_GRAPH","ggml_cgraph","GRAPH","",-1,1,-1,0,0,0,0,0,0.400573,1,"delegate_cpu_graph"
"OpenCL","COMPUTE","Qcur-2","ROPE","f32",-1,3,-1,128,16,1,1,8192,0.407292,1,"clFinish_profiled"
"CPU_Elastic","COMPUTE_GRAPH","ggml_cgraph","GRAPH","",-1,1,-1,0,0,0,0,0,0.464896,1,"delegate_cpu_graph"
"OpenCL","COMPUTE","Kcur-2","ROPE","f32",-1,3,-1,128,16,1,1,8192,0.422917,1,"clFinish_profiled"
"CPU_Elastic","COMPUTE_GRAPH","ggml_cgraph","GRAPH","",-1,3,-1,0,0,0,0,0,0.450312,1,"delegate_cpu_graph"
"OpenCL","COMPUTE","cache_k_l2 (view)","SET_ROWS","f16",-1,0,-1,2048,512,1,1,2097152,0.389740,1,"clFinish_profiled"
"OpenCL","COMPUTE","cache_v_l2 (view)","SET_ROWS","f16",-1,2,-1,2048,512,1,1,2097152,0.214792,1,"clFinish_profiled"
"OpenCL","COMPUTE","__fattn__-2","FLASH_ATTN_EXT","f32",-1,9,-1,128,16,1,1,8192,0.415989,1,"clFinish_profiled"
"CPU_Elastic","COMPUTE_GRAPH","ggml_cgraph","GRAPH","",-1,2,-1,0,0,0,0,0,1.863855,1,"delegate_cpu_graph"
"OpenCL","COMPUTE","ffn_moe_logits-2","MUL_MAT","f32",-1,2,-1,64,1,1,1,256,0.533854,1,"clFinish_profiled"
"OpenCL","COMPUTE","ffn_moe_probs-2","SOFT_MAX","f32",-1,3,-1,64,1,1,1,256,0.208125,1,"clFinish_profiled"
"OpenCL","COMPUTE","ffn_moe_argsort-2","ARGSORT","i32",-1,5,-1,64,1,1,1,256,0.198958,1,"clFinish_profiled"
"OpenCL","COMPUTE","ffn_moe_weights-2","GET_ROWS","f32",-1,7,-1,1,8,1,1,32,0.188802,1,"clFinish_profiled"
"CPU_Elastic","COMPUTE_GRAPH","ggml_cgraph","GRAPH","",-1,21,-1,0,0,0,0,0,11.468646,1,"delegate_cpu_graph"
"CPU_Elastic","COMPUTE_GRAPH","ggml_cgraph","GRAPH","",-1,1,-1,0,0,0,0,0,1.539688,1,"delegate_cpu_graph"
"OpenCL","COMPUTE","Qcur-3","ROPE","f32",-1,3,-1,128,16,1,1,8192,0.490052,1,"clFinish_profiled"
"CPU_Elastic","COMPUTE_GRAPH","ggml_cgraph","GRAPH","",-1,1,-1,0,0,0,0,0,1.519375,1,"delegate_cpu_graph"
"OpenCL","COMPUTE","Kcur-3","ROPE","f32",-1,3,-1,128,16,1,1,8192,0.494115,1,"clFinish_profiled"
"CPU_Elastic","COMPUTE_GRAPH","ggml_cgraph","GRAPH","",-1,3,-1,0,0,0,0,0,0.393802,1,"delegate_cpu_graph"
"OpenCL","COMPUTE","cache_k_l3 (view)","SET_ROWS","f16",-1,0,-1,2048,512,1,1,2097152,0.391094,1,"clFinish_profiled"
"OpenCL","COMPUTE","cache_v_l3 (view)","SET_ROWS","f16",-1,2,-1,2048,512,1,1,2097152,0.219635,1,"clFinish_profiled"
"OpenCL","COMPUTE","__fattn__-3","FLASH_ATTN_EXT","f32",-1,9,-1,128,16,1,1,8192,0.414062,1,"clFinish_profiled"
"CPU_Elastic","COMPUTE_GRAPH","ggml_cgraph","GRAPH","",-1,2,-1,0,0,0,0,0,1.852344,1,"delegate_cpu_graph"
"OpenCL","COMPUTE","ffn_moe_logits-3","MUL_MAT","f32",-1,2,-1,64,1,1,1,256,0.520833,1,"clFinish_profiled"
"OpenCL","COMPUTE","ffn_moe_probs-3","SOFT_MAX","f32",-1,3,-1,64,1,1,1,256,0.220521,1,"clFinish_profiled"
"OpenCL","COMPUTE","ffn_moe_argsort-3","ARGSORT","i32",-1,5,-1,64,1,1,1,256,0.198594,1,"clFinish_profiled"
"OpenCL","COMPUTE","ffn_moe_weights-3","GET_ROWS","f32",-1,7,-1,1,8,1,1,32,0.186250,1,"clFinish_profiled"
"CPU_Elastic","COMPUTE_GRAPH","ggml_cgraph","GRAPH","",-1,21,-1,0,0,0,0,0,7.246823,1,"delegate_cpu_graph"
"CPU_Elastic","COMPUTE_GRAPH","ggml_cgraph","GRAPH","",-1,1,-1,0,0,0,0,0,0.406667,1,"delegate_cpu_graph"
"OpenCL","COMPUTE","Qcur-4","ROPE","f32",-1,3,-1,128,16,1,1,8192,0.401823,1,"clFinish_profiled"
"CPU_Elastic","COMPUTE_GRAPH","ggml_cgraph","GRAPH","",-1,1,-1,0,0,0,0,0,0.469427,1,"delegate_cpu_graph"
"OpenCL","COMPUTE","Kcur-4","ROPE","f32",-1,3,-1,128,16,1,1,8192,0.406094,1,"clFinish_profiled"
"OpenCL","COMPUTE","Vcur-4","MUL_MAT","f32",-1,4,-1,2048,1,1,1,8192,0.349115,1,"clFinish_profiled"
"OpenCL","COMPUTE","cache_k_l4 (view)","SET_ROWS","f16",-1,7,-1,2048,512,1,1,2097152,0.224739,1,"clFinish_profiled"
"OpenCL","COMPUTE","cache_v_l4 (view)","SET_ROWS","f16",-1,9,-1,2048,512,1,1,2097152,0.192552,1,"clFinish_profiled"
"OpenCL","COMPUTE","__fattn__-4","FLASH_ATTN_EXT","f32",-1,16,-1,128,16,1,1,8192,0.414219,1,"clFinish_profiled"
"CPU_Elastic","COMPUTE_GRAPH","ggml_cgraph","GRAPH","",-1,2,-1,0,0,0,0,0,1.794010,1,"delegate_cpu_graph"
"OpenCL","COMPUTE","ffn_moe_logits-4","MUL_MAT","f32",-1,2,-1,64,1,1,1,256,0.512239,1,"clFinish_profiled"
"OpenCL","COMPUTE","ffn_moe_probs-4","SOFT_MAX","f32",-1,3,-1,64,1,1,1,256,0.206459,1,"clFinish_profiled"
"OpenCL","COMPUTE","ffn_moe_argsort-4","ARGSORT","i32",-1,5,-1,64,1,1,1,256,0.197917,1,"clFinish_profiled"
"OpenCL","COMPUTE","ffn_moe_weights-4","GET_ROWS","f32",-1,7,-1,1,8,1,1,32,0.182396,1,"clFinish_profiled"
"CPU_Elastic","COMPUTE_GRAPH","ggml_cgraph","GRAPH","",-1,21,-1,0,0,0,0,0,7.343125,1,"delegate_cpu_graph"
"CPU_Elastic","COMPUTE_GRAPH","ggml_cgraph","GRAPH","",-1,1,-1,0,0,0,0,0,0.397656,1,"delegate_cpu_graph"
"OpenCL","COMPUTE","Qcur-5","ROPE","f32",-1,3,-1,128,16,1,1,8192,0.427239,1,"clFinish_profiled"
"CPU_Elastic","COMPUTE_GRAPH","ggml_cgraph","GRAPH","",-1,1,-1,0,0,0,0,0,0.407240,1,"delegate_cpu_graph"
"OpenCL","COMPUTE","Kcur-5","ROPE","f32",-1,3,-1,128,16,1,1,8192,0.396875,1,"clFinish_profiled"
"CPU_Elastic","COMPUTE_GRAPH","ggml_cgraph","GRAPH","",-1,3,-1,0,0,0,0,0,0.480000,1,"delegate_cpu_graph"
"OpenCL","COMPUTE","cache_k_l5 (view)","SET_ROWS","f16",-1,0,-1,2048,512,1,1,2097152,0.388281,1,"clFinish_profiled"
"OpenCL","COMPUTE","cache_v_l5 (view)","SET_ROWS","f16",-1,2,-1,2048,512,1,1,2097152,0.219218,1,"clFinish_profiled"
"OpenCL","COMPUTE","__fattn__-5","FLASH_ATTN_EXT","f32",-1,9,-1,128,16,1,1,8192,0.414584,1,"clFinish_profiled"
"CPU_Elastic","COMPUTE_GRAPH","ggml_cgraph","GRAPH","",-1,2,-1,0,0,0,0,0,1.826562,1,"delegate_cpu_graph"
"OpenCL","COMPUTE","ffn_moe_logits-5","MUL_MAT","f32",-1,2,-1,64,1,1,1,256,0.562135,1,"clFinish_profiled"
"OpenCL","COMPUTE","ffn_moe_probs-5","SOFT_MAX","f32",-1,3,-1,64,1,1,1,256,0.228594,1,"clFinish_profiled"
"OpenCL","COMPUTE","ffn_moe_argsort-5","ARGSORT","i32",-1,5,-1,64,1,1,1,256,0.196719,1,"clFinish_profiled"
"OpenCL","COMPUTE","ffn_moe_weights-5","GET_ROWS","f32",-1,7,-1,1,8,1,1,32,0.140157,1,"clFinish_profiled"
"CPU_Elastic","COMPUTE_GRAPH","ggml_cgraph","GRAPH","",-1,21,-1,0,0,0,0,0,11.895885,1,"delegate_cpu_graph"
"CPU_Elastic","COMPUTE_GRAPH","ggml_cgraph","GRAPH","",-1,1,-1,0,0,0,0,0,1.292968,1,"delegate_cpu_graph"
"OpenCL","COMPUTE","Qcur-6","ROPE","f32",-1,3,-1,128,16,1,1,8192,0.505833,1,"clFinish_profiled"
"CPU_Elastic","COMPUTE_GRAPH","ggml_cgraph","GRAPH","",-1,1,-1,0,0,0,0,0,1.779479,1,"delegate_cpu_graph"
"OpenCL","COMPUTE","Kcur-6","ROPE","f32",-1,3,-1,128,16,1,1,8192,0.503698,1,"clFinish_profiled"
"CPU_Elastic","COMPUTE_GRAPH","ggml_cgraph","GRAPH","",-1,3,-1,0,0,0,0,0,2.072812,1,"delegate_cpu_graph"
"OpenCL","COMPUTE","cache_k_l6 (view)","SET_ROWS","f16",-1,0,-1,2048,512,1,1,2097152,0.473282,1,"clFinish_profiled"
"OpenCL","COMPUTE","cache_v_l6 (view)","SET_ROWS","f16",-1,2,-1,2048,512,1,1,2097152,0.213125,1,"clFinish_profiled"
"OpenCL","COMPUTE","__fattn__-6","FLASH_ATTN_EXT","f32",-1,9,-1,128,16,1,1,8192,0.437135,1,"clFinish_profiled"
"CPU_Elastic","COMPUTE_GRAPH","ggml_cgraph","GRAPH","",-1,2,-1,0,0,0,0,0,1.942552,1,"delegate_cpu_graph"
"OpenCL","COMPUTE","ffn_moe_logits-6","MUL_MAT","f32",-1,2,-1,64,1,1,1,256,0.550990,1,"clFinish_profiled"
"OpenCL","COMPUTE","ffn_moe_probs-6","SOFT_MAX","f32",-1,3,-1,64,1,1,1,256,0.205937,1,"clFinish_profiled"
"OpenCL","COMPUTE","ffn_moe_argsort-6","ARGSORT","i32",-1,5,-1,64,1,1,1,256,0.118594,1,"clFinish_profiled"
"OpenCL","COMPUTE","ffn_moe_weights-6","GET_ROWS","f32",-1,7,-1,1,8,1,1,32,0.216823,1,"clFinish_profiled"
"CPU_Elastic","COMPUTE_GRAPH","ggml_cgraph","GRAPH","",-1,21,-1,0,0,0,0,0,6.931562,1,"delegate_cpu_graph"
"CPU_Elastic","COMPUTE_GRAPH","ggml_cgraph","GRAPH","",-1,1,-1,0,0,0,0,0,1.751458,1,"delegate_cpu_graph"
"OpenCL","COMPUTE","Qcur-7","ROPE","f32",-1,3,-1,128,16,1,1,8192,0.502500,1,"clFinish_profiled"
"CPU_Elastic","COMPUTE_GRAPH","ggml_cgraph","GRAPH","",-1,1,-1,0,0,0,0,0,1.529688,1,"delegate_cpu_graph"
"OpenCL","COMPUTE","Kcur-7","ROPE","f32",-1,3,-1,128,16,1,1,8192,0.511614,1,"clFinish_profiled"
"OpenCL","COMPUTE","Vcur-7","MUL_MAT","f32",-1,4,-1,2048,1,1,1,8192,0.361042,1,"clFinish_profiled"
"OpenCL","COMPUTE","cache_k_l7 (view)","SET_ROWS","f16",-1,7,-1,2048,512,1,1,2097152,0.218906,1,"clFinish_profiled"
"OpenCL","COMPUTE","cache_v_l7 (view)","SET_ROWS","f16",-1,9,-1,2048,512,1,1,2097152,0.193073,1,"clFinish_profiled"
"OpenCL","COMPUTE","__fattn__-7","FLASH_ATTN_EXT","f32",-1,16,-1,128,16,1,1,8192,0.405937,1,"clFinish_profiled"
"CPU_Elastic","COMPUTE_GRAPH","ggml_cgraph","GRAPH","",-1,2,-1,0,0,0,0,0,1.653854,1,"delegate_cpu_graph"
"OpenCL","COMPUTE","ffn_moe_logits-7","MUL_MAT","f32",-1,2,-1,64,1,1,1,256,0.527396,1,"clFinish_profiled"
"OpenCL","COMPUTE","ffn_moe_probs-7","SOFT_MAX","f32",-1,3,-1,64,1,1,1,256,0.205364,1,"clFinish_profiled"
"OpenCL","COMPUTE","ffn_moe_argsort-7","ARGSORT","i32",-1,5,-1,64,1,1,1,256,0.200781,1,"clFinish_profiled"
"OpenCL","COMPUTE","ffn_moe_weights-7","GET_ROWS","f32",-1,7,-1,1,8,1,1,32,0.172239,1,"clFinish_profiled"
"CPU_Elastic","COMPUTE_GRAPH","ggml_cgraph","GRAPH","",-1,21,-1,0,0,0,0,0,9.059375,1,"delegate_cpu_graph"
"CPU_Elastic","COMPUTE_GRAPH","ggml_cgraph","GRAPH","",-1,1,-1,0,0,0,0,0,0.409323,1,"delegate_cpu_graph"
"OpenCL","COMPUTE","Qcur-8","ROPE","f32",-1,3,-1,128,16,1,1,8192,0.453646,1,"clFinish_profiled"
"CPU_Elastic","COMPUTE_GRAPH","ggml_cgraph","GRAPH","",-1,1,-1,0,0,0,0,0,0.445677,1,"delegate_cpu_graph"
"OpenCL","COMPUTE","Kcur-8","ROPE","f32",-1,3,-1,128,16,1,1,8192,0.399480,1,"clFinish_profiled"
"CPU_Elastic","COMPUTE_GRAPH","ggml_cgraph","GRAPH","",-1,3,-1,0,0,0,0,0,0.476302,1,"delegate_cpu_graph"
"OpenCL","COMPUTE","cache_k_l8 (view)","SET_ROWS","f16",-1,0,-1,2048,512,1,1,2097152,0.388020,1,"clFinish_profiled"
"OpenCL","COMPUTE","cache_v_l8 (view)","SET_ROWS","f16",-1,2,-1,2048,512,1,1,2097152,0.215156,1,"clFinish_profiled"
"OpenCL","COMPUTE","__fattn__-8","FLASH_ATTN_EXT","f32",-1,9,-1,128,16,1,1,8192,0.409167,1,"clFinish_profiled"
"CPU_Elastic","COMPUTE_GRAPH","ggml_cgraph","GRAPH","",-1,2,-1,0,0,0,0,0,1.579166,1,"delegate_cpu_graph"
"OpenCL","COMPUTE","ffn_moe_logits-8","MUL_MAT","f32",-1,2,-1,64,1,1,1,256,0.536146,1,"clFinish_profiled"
"OpenCL","COMPUTE","ffn_moe_probs-8","SOFT_MAX","f32",-1,3,-1,64,1,1,1,256,0.238750,1,"clFinish_profiled"
"OpenCL","COMPUTE","ffn_moe_argsort-8","ARGSORT","i32",-1,5,-1,64,1,1,1,256,0.200625,1,"clFinish_profiled"
"OpenCL","COMPUTE","ffn_moe_weights-8","GET_ROWS","f32",-1,7,-1,1,8,1,1,32,0.177865,1,"clFinish_profiled"
"CPU_Elastic","COMPUTE_GRAPH","ggml_cgraph","GRAPH","",-1,21,-1,0,0,0,0,0,6.664010,1,"delegate_cpu_graph"
"CPU_Elastic","COMPUTE_GRAPH","ggml_cgraph","GRAPH","",-1,1,-1,0,0,0,0,0,0.400677,1,"delegate_cpu_graph"
"OpenCL","COMPUTE","Qcur-9","ROPE","f32",-1,3,-1,128,16,1,1,8192,0.397031,1,"clFinish_profiled"
"CPU_Elastic","COMPUTE_GRAPH","ggml_cgraph","GRAPH","",-1,1,-1,0,0,0,0,0,0.475469,1,"delegate_cpu_graph"
"OpenCL","COMPUTE","Kcur-9","ROPE","f32",-1,3,-1,128,16,1,1,8192,0.399427,1,"clFinish_profiled"
"CPU_Elastic","COMPUTE_GRAPH","ggml_cgraph","GRAPH","",-1,3,-1,0,0,0,0,0,1.905260,1,"delegate_cpu_graph"
"OpenCL","COMPUTE","cache_k_l9 (view)","SET_ROWS","f16",-1,0,-1,2048,512,1,1,2097152,0.495313,1,"clFinish_profiled"
"OpenCL","COMPUTE","cache_v_l9 (view)","SET_ROWS","f16",-1,2,-1,2048,512,1,1,2097152,0.202500,1,"clFinish_profiled"
"OpenCL","COMPUTE","__fattn__-9","FLASH_ATTN_EXT","f32",-1,9,-1,128,16,1,1,8192,0.456771,1,"clFinish_profiled"
"CPU_Elastic","COMPUTE_GRAPH","ggml_cgraph","GRAPH","",-1,2,-1,0,0,0,0,0,1.681823,1,"delegate_cpu_graph"
"OpenCL","COMPUTE","ffn_moe_logits-9","MUL_MAT","f32",-1,2,-1,64,1,1,1,256,0.547292,1,"clFinish_profiled"
"OpenCL","COMPUTE","ffn_moe_probs-9","SOFT_MAX","f32",-1,3,-1,64,1,1,1,256,0.204479,1,"clFinish_profiled"
"OpenCL","COMPUTE","ffn_moe_argsort-9","ARGSORT","i32",-1,5,-1,64,1,1,1,256,0.203333,1,"clFinish_profiled"
"OpenCL","COMPUTE","ffn_moe_weights-9","GET_ROWS","f32",-1,7,-1,1,8,1,1,32,0.210885,1,"clFinish_profiled"
"CPU_Elastic","COMPUTE_GRAPH","ggml_cgraph","GRAPH","",-1,21,-1,0,0,0,0,0,6.351770,1,"delegate_cpu_graph"
"CPU_Elastic","COMPUTE_GRAPH","ggml_cgraph","GRAPH","",-1,1,-1,0,0,0,0,0,0.399896,1,"delegate_cpu_graph"
"OpenCL","COMPUTE","Qcur-10","ROPE","f32",-1,3,-1,128,16,1,1,8192,0.421562,1,"clFinish_profiled"
"CPU_Elastic","COMPUTE_GRAPH","ggml_cgraph","GRAPH","",-1,1,-1,0,0,0,0,0,0.474323,1,"delegate_cpu_graph"
"OpenCL","COMPUTE","Kcur-10","ROPE","f32",-1,3,-1,128,16,1,1,8192,0.401302,1,"clFinish_profiled"
"OpenCL","COMPUTE","Vcur-10","MUL_MAT","f32",-1,4,-1,2048,1,1,1,8192,0.349947,1,"clFinish_profiled"
"OpenCL","COMPUTE","cache_k_l10 (view)","SET_ROWS","f16",-1,7,-1,2048,512,1,1,2097152,0.193594,1,"clFinish_profiled"
"OpenCL","COMPUTE","cache_v_l10 (view)","SET_ROWS","f16",-1,9,-1,2048,512,1,1,2097152,0.195625,1,"clFinish_profiled"
"OpenCL","COMPUTE","__fattn__-10","FLASH_ATTN_EXT","f32",-1,16,-1,128,16,1,1,8192,0.413490,1,"clFinish_profiled"
"CPU_Elastic","COMPUTE_GRAPH","ggml_cgraph","GRAPH","",-1,2,-1,0,0,0,0,0,1.243385,1,"delegate_cpu_graph"
"OpenCL","COMPUTE","ffn_moe_logits-10","MUL_MAT","f32",-1,2,-1,64,1,1,1,256,0.487396,1,"clFinish_profiled"
"OpenCL","COMPUTE","ffn_moe_probs-10","SOFT_MAX","f32",-1,3,-1,64,1,1,1,256,0.207032,1,"clFinish_profiled"
"OpenCL","COMPUTE","ffn_moe_argsort-10","ARGSORT","i32",-1,5,-1,64,1,1,1,256,0.118646,1,"clFinish_profiled"
"OpenCL","COMPUTE","ffn_moe_weights-10","GET_ROWS","f32",-1,7,-1,1,8,1,1,32,0.194011,1,"clFinish_profiled"
"CPU_Elastic","COMPUTE_GRAPH","ggml_cgraph","GRAPH","",-1,21,-1,0,0,0,0,0,12.401562,1,"delegate_cpu_graph"
"CPU_Elastic","COMPUTE_GRAPH","ggml_cgraph","GRAPH","",-1,1,-1,0,0,0,0,0,1.571979,1,"delegate_cpu_graph"
"OpenCL","COMPUTE","Qcur-11","ROPE","f32",-1,3,-1,128,16,1,1,8192,0.477396,1,"clFinish_profiled"
"CPU_Elastic","COMPUTE_GRAPH","ggml_cgraph","GRAPH","",-1,1,-1,0,0,0,0,0,1.556927,1,"delegate_cpu_graph"
"OpenCL","COMPUTE","Kcur-11","ROPE","f32",-1,3,-1,128,16,1,1,8192,0.481250,1,"clFinish_profiled"
"CPU_Elastic","COMPUTE_GRAPH","ggml_cgraph","GRAPH","",-1,3,-1,0,0,0,0,0,1.804531,1,"delegate_cpu_graph"
"OpenCL","COMPUTE","cache_k_l11 (view)","SET_ROWS","f16",-1,0,-1,2048,512,1,1,2097152,0.488125,1,"clFinish_profiled"
"OpenCL","COMPUTE","cache_v_l11 (view)","SET_ROWS","f16",-1,2,-1,2048,512,1,1,2097152,0.201198,1,"clFinish_profiled"
"OpenCL","COMPUTE","__fattn__-11","FLASH_ATTN_EXT","f32",-1,9,-1,128,16,1,1,8192,0.447500,1,"clFinish_profiled"
"CPU_Elastic","COMPUTE_GRAPH","ggml_cgraph","GRAPH","",-1,2,-1,0,0,0,0,0,1.956354,1,"delegate_cpu_graph"
"OpenCL","COMPUTE","ffn_moe_logits-11","MUL_MAT","f32",-1,2,-1,64,1,1,1,256,0.552760,1,"clFinish_profiled"
"OpenCL","COMPUTE","ffn_moe_probs-11","SOFT_MAX","f32",-1,3,-1,64,1,1,1,256,0.230625,1,"clFinish_profiled"
"OpenCL","COMPUTE","ffn_moe_argsort-11","ARGSORT","i32",-1,5,-1,64,1,1,1,256,0.200000,1,"clFinish_profiled"
"OpenCL","COMPUTE","ffn_moe_weights-11","GET_ROWS","f32",-1,7,-1,1,8,1,1,32,0.187656,1,"clFinish_profiled"
"CPU_Elastic","COMPUTE_GRAPH","ggml_cgraph","GRAPH","",-1,21,-1,0,0,0,0,0,7.412500,1,"delegate_cpu_graph"
"CPU_Elastic","COMPUTE_GRAPH","ggml_cgraph","GRAPH","",-1,1,-1,0,0,0,0,0,0.949844,1,"delegate_cpu_graph"
"OpenCL","COMPUTE","Qcur-12","ROPE","f32",-1,3,-1,128,16,1,1,8192,0.498542,1,"clFinish_profiled"
"CPU_Elastic","COMPUTE_GRAPH","ggml_cgraph","GRAPH","",-1,1,-1,0,0,0,0,0,1.529792,1,"delegate_cpu_graph"
"OpenCL","COMPUTE","Kcur-12","ROPE","f32",-1,3,-1,128,16,1,1,8192,0.533333,1,"clFinish_profiled"
"CPU_Elastic","COMPUTE_GRAPH","ggml_cgraph","GRAPH","",-1,3,-1,0,0,0,0,0,2.064531,1,"delegate_cpu_graph"
"OpenCL","COMPUTE","cache_k_l12 (view)","SET_ROWS","f16",-1,0,-1,2048,512,1,1,2097152,0.477864,1,"clFinish_profiled"
"OpenCL","COMPUTE","cache_v_l12 (view)","SET_ROWS","f16",-1,2,-1,2048,512,1,1,2097152,0.200365,1,"clFinish_profiled"
"OpenCL","COMPUTE","__fattn__-12","FLASH_ATTN_EXT","f32",-1,9,-1,128,16,1,1,8192,0.421459,1,"clFinish_profiled"
"CPU_Elastic","COMPUTE_GRAPH","ggml_cgraph","GRAPH","",-1,2,-1,0,0,0,0,0,1.686771,1,"delegate_cpu_graph"
"OpenCL","COMPUTE","ffn_moe_logits-12","MUL_MAT","f32",-1,2,-1,64,1,1,1,256,0.590365,1,"clFinish_profiled"
"OpenCL","COMPUTE","ffn_moe_probs-12","SOFT_MAX","f32",-1,3,-1,64,1,1,1,256,0.215625,1,"clFinish_profiled"
"OpenCL","COMPUTE","ffn_moe_argsort-12","ARGSORT","i32",-1,5,-1,64,1,1,1,256,0.199375,1,"clFinish_profiled"
"OpenCL","COMPUTE","ffn_moe_weights-12","GET_ROWS","f32",-1,7,-1,1,8,1,1,32,0.188542,1,"clFinish_profiled"
"CPU_Elastic","COMPUTE_GRAPH","ggml_cgraph","GRAPH","",-1,21,-1,0,0,0,0,0,6.742031,1,"delegate_cpu_graph"
"CPU_Elastic","COMPUTE_GRAPH","ggml_cgraph","GRAPH","",-1,1,-1,0,0,0,0,0,0.405885,1,"delegate_cpu_graph"
"OpenCL","COMPUTE","Qcur-13","ROPE","f32",-1,3,-1,128,16,1,1,8192,0.405260,1,"clFinish_profiled"
"CPU_Elastic","COMPUTE_GRAPH","ggml_cgraph","GRAPH","",-1,1,-1,0,0,0,0,0,0.468490,1,"delegate_cpu_graph"
"OpenCL","COMPUTE","Kcur-13","ROPE","f32",-1,3,-1,128,16,1,1,8192,0.395156,1,"clFinish_profiled"
"OpenCL","COMPUTE","Vcur-13","MUL_MAT","f32",-1,4,-1,2048,1,1,1,8192,0.348906,1,"clFinish_profiled"
"OpenCL","COMPUTE","cache_k_l13 (view)","SET_ROWS","f16",-1,7,-1,2048,512,1,1,2097152,0.179583,1,"clFinish_profiled"
"OpenCL","COMPUTE","cache_v_l13 (view)","SET_ROWS","f16",-1,9,-1,2048,512,1,1,2097152,0.184479,1,"clFinish_profiled"
"OpenCL","COMPUTE","__fattn__-13","FLASH_ATTN_EXT","f32",-1,16,-1,128,16,1,1,8192,0.425417,1,"clFinish_profiled"
"CPU_Elastic","COMPUTE_GRAPH","ggml_cgraph","GRAPH","",-1,2,-1,0,0,0,0,0,1.265521,1,"delegate_cpu_graph"
"OpenCL","COMPUTE","ffn_moe_logits-13","MUL_MAT","f32",-1,2,-1,64,1,1,1,256,0.532291,1,"clFinish_profiled"
"OpenCL","COMPUTE","ffn_moe_probs-13","SOFT_MAX","f32",-1,3,-1,64,1,1,1,256,0.233802,1,"clFinish_profiled"
"OpenCL","COMPUTE","ffn_moe_argsort-13","ARGSORT","i32",-1,5,-1,64,1,1,1,256,0.254583,1,"clFinish_profiled"
"OpenCL","COMPUTE","ffn_moe_weights-13","GET_ROWS","f32",-1,7,-1,1,8,1,1,32,0.188177,1,"clFinish_profiled"
"CPU_Elastic","COMPUTE_GRAPH","ggml_cgraph","GRAPH","",-1,21,-1,0,0,0,0,0,12.555729,1,"delegate_cpu_graph"
"CPU_Elastic","COMPUTE_GRAPH","ggml_cgraph","GRAPH","",-1,1,-1,0,0,0,0,0,1.782865,1,"delegate_cpu_graph"
"OpenCL","COMPUTE","Qcur-14","ROPE","f32",-1,3,-1,128,16,1,1,8192,0.517135,1,"clFinish_profiled"
"CPU_Elastic","COMPUTE_GRAPH","ggml_cgraph","GRAPH","",-1,1,-1,0,0,0,0,0,1.501771,1,"delegate_cpu_graph"
"OpenCL","COMPUTE","Kcur-14","ROPE","f32",-1,3,-1,128,16,1,1,8192,0.520052,1,"clFinish_profiled"
"OpenCL","COMPUTE","Vcur-14","MUL_MAT","f32",-1,4,-1,2048,1,1,1,8192,0.412083,1,"clFinish_profiled"
"OpenCL","COMPUTE","cache_k_l14 (view)","SET_ROWS","f16",-1,7,-1,2048,512,1,1,2097152,0.192396,1,"clFinish_profiled"
"OpenCL","COMPUTE","cache_v_l14 (view)","SET_ROWS","f16",-1,9,-1,2048,512,1,1,2097152,0.192396,1,"clFinish_profiled"
"OpenCL","COMPUTE","__fattn__-14","FLASH_ATTN_EXT","f32",-1,16,-1,128,16,1,1,8192,0.524167,1,"clFinish_profiled"
"CPU_Elastic","COMPUTE_GRAPH","ggml_cgraph","GRAPH","",-1,2,-1,0,0,0,0,0,1.706875,1,"delegate_cpu_graph"
"OpenCL","COMPUTE","ffn_moe_logits-14","MUL_MAT","f32",-1,2,-1,64,1,1,1,256,0.511406,1,"clFinish_profiled"
"OpenCL","COMPUTE","ffn_moe_probs-14","SOFT_MAX","f32",-1,3,-1,64,1,1,1,256,0.223906,1,"clFinish_profiled"
"OpenCL","COMPUTE","ffn_moe_argsort-14","ARGSORT","i32",-1,5,-1,64,1,1,1,256,0.216875,1,"clFinish_profiled"
"OpenCL","COMPUTE","ffn_moe_weights-14","GET_ROWS","f32",-1,7,-1,1,8,1,1,32,0.105156,1,"clFinish_profiled"
"CPU_Elastic","COMPUTE_GRAPH","ggml_cgraph","GRAPH","",-1,21,-1,0,0,0,0,0,6.635834,1,"delegate_cpu_graph"
"CPU_Elastic","COMPUTE_GRAPH","ggml_cgraph","GRAPH","",-1,1,-1,0,0,0,0,0,0.382188,1,"delegate_cpu_graph"
"OpenCL","COMPUTE","Qcur-15","ROPE","f32",-1,3,-1,128,16,1,1,8192,0.430677,1,"clFinish_profiled"
"CPU_Elastic","COMPUTE_GRAPH","ggml_cgraph","GRAPH","",-1,1,-1,0,0,0,0,0,0.442969,1,"delegate_cpu_graph"
"OpenCL","COMPUTE","Kcur-15","ROPE","f32",-1,3,-1,128,16,1,1,8192,0.409010,1,"clFinish_profiled"
"OpenCL","COMPUTE","Vcur-15","MUL_MAT","f32",-1,4,-1,2048,1,1,1,8192,0.351719,1,"clFinish_profiled"
"OpenCL","COMPUTE","cache_k_l15 (view)","SET_ROWS","f16",-1,7,-1,2048,512,1,1,2097152,0.195781,1,"clFinish_profiled"
"OpenCL","COMPUTE","cache_v_l15 (view)","SET_ROWS","f16",-1,9,-1,2048,512,1,1,2097152,0.176928,1,"clFinish_profiled"
"OpenCL","COMPUTE","__fattn__-15","FLASH_ATTN_EXT","f32",-1,16,-1,128,16,1,1,8192,0.412552,1,"clFinish_profiled"
"CPU_Elastic","COMPUTE_GRAPH","ggml_cgraph","GRAPH","",-1,4,-1,0,0,0,0,0,2.367916,1,"delegate_cpu_graph"
"OpenCL","COMPUTE","ffn_moe_logits-15","MUL_MAT","f32",-1,2,-1,64,1,1,1,256,0.520156,1,"clFinish_profiled"
"OpenCL","COMPUTE","ffn_moe_probs-15","SOFT_MAX","f32",-1,3,-1,64,1,1,1,256,0.235156,1,"clFinish_profiled"
"OpenCL","COMPUTE","ffn_moe_argsort-15","ARGSORT","i32",-1,5,-1,64,1,1,1,256,0.200573,1,"clFinish_profiled"
"OpenCL","COMPUTE","ffn_moe_weights-15","GET_ROWS","f32",-1,7,-1,1,8,1,1,32,0.139167,1,"clFinish_profiled"
"CPU_Elastic","COMPUTE_GRAPH","ggml_cgraph","GRAPH","",-1,22,-1,0,0,0,0,0,13.414479,1,"delegate_cpu_graph"
"OpenCL","COMPUTE","result_norm","MUL","f32",-1,0,-1,2048,1,1,1,8192,0.509479,1,"clFinish_profiled"
"OpenCL","COMPUTE","result_output","MUL_MAT","f32",-1,1,-1,50304,1,1,1,201216,3.906927,1,"clFinish_profiled"
"CPU_Elastic","COMPUTE_GRAPH","ggml_cgraph","GRAPH","",-1,1,-1,0,0,0,0,0,0.010000,1,"delegate_cpu_graph"
"CPU_Elastic","COMPUTE_GRAPH","ggml_cgraph","GRAPH","",-1,1,-1,0,0,0,0,0,1.636615,1,"delegate_cpu_graph"
"OpenCL","COMPUTE","Qcur-0","ROPE","f32",-1,3,-1,128,16,1,1,8192,0.495365,1,"clFinish_profiled"
"CPU_Elastic","COMPUTE_GRAPH","ggml_cgraph","GRAPH","",-1,1,-1,0,0,0,0,0,1.253594,1,"delegate_cpu_graph"
"OpenCL","COMPUTE","Kcur-0","ROPE","f32",-1,3,-1,128,16,1,1,8192,0.478177,1,"clFinish_profiled"
"OpenCL","COMPUTE","Vcur-0","MUL_MAT","f32",-1,4,-1,2048,1,1,1,8192,0.390312,1,"clFinish_profiled"
"OpenCL","COMPUTE","cache_k_l0 (view)","SET_ROWS","f16",-1,7,-1,2048,512,1,1,2097152,0.146928,1,"clFinish_profiled"
"OpenCL","COMPUTE","cache_v_l0 (view)","SET_ROWS","f16",-1,9,-1,2048,512,1,1,2097152,0.256614,1,"clFinish_profiled"
"OpenCL","COMPUTE"," (copy)","CPY","f16",-1,16,-1,256,64,1,1,32768,0.210313,1,"clFinish_profiled"
"OpenCL","COMPUTE","__fattn__-0","FLASH_ATTN_EXT","f32",-1,17,-1,128,16,1,1,8192,0.431980,1,"clFinish_profiled"
"CPU_Elastic","COMPUTE_GRAPH","ggml_cgraph","GRAPH","",-1,2,-1,0,0,0,0,0,2.304167,1,"delegate_cpu_graph"
"OpenCL","COMPUTE","ffn_moe_logits-0","MUL_MAT","f32",-1,2,-1,64,1,1,1,256,0.543542,1,"clFinish_profiled"
"OpenCL","COMPUTE","ffn_moe_probs-0","SOFT_MAX","f32",-1,3,-1,64,1,1,1,256,0.242084,1,"clFinish_profiled"
"OpenCL","COMPUTE","ffn_moe_argsort-0","ARGSORT","i32",-1,5,-1,64,1,1,1,256,0.106406,1,"clFinish_profiled"
"OpenCL","COMPUTE","ffn_moe_weights-0","GET_ROWS","f32",-1,7,-1,1,8,1,1,32,0.229167,1,"clFinish_profiled"
"CPU_Elastic","COMPUTE_GRAPH","ggml_cgraph","GRAPH","",-1,21,-1,0,0,0,0,0,13.237812,1,"delegate_cpu_graph"
"CPU_Elastic","COMPUTE_GRAPH","ggml_cgraph","GRAPH","",-1,1,-1,0,0,0,0,0,1.625521,1,"delegate_cpu_graph"
"OpenCL","COMPUTE","Qcur-1","ROPE","f32",-1,3,-1,128,16,1,1,8192,0.504792,1,"clFinish_profiled"
"CPU_Elastic","COMPUTE_GRAPH","ggml_cgraph","GRAPH","",-1,1,-1,0,0,0,0,0,1.501406,1,"delegate_cpu_graph"
"OpenCL","COMPUTE","Kcur-1","ROPE","f32",-1,3,-1,128,16,1,1,8192,0.526250,1,"clFinish_profiled"
"OpenCL","COMPUTE","Vcur-1","MUL_MAT","f32",-1,4,-1,2048,1,1,1,8192,0.379218,1,"clFinish_profiled"
"OpenCL","COMPUTE","cache_k_l1 (view)","SET_ROWS","f16",-1,7,-1,2048,512,1,1,2097152,0.199948,1,"clFinish_profiled"
"OpenCL","COMPUTE","cache_v_l1 (view)","SET_ROWS","f16",-1,9,-1,2048,512,1,1,2097152,0.198907,1,"clFinish_profiled"
"OpenCL","COMPUTE","__fattn__-1","FLASH_ATTN_EXT","f32",-1,16,-1,128,16,1,1,8192,0.412292,1,"clFinish_profiled"
"CPU_Elastic","COMPUTE_GRAPH","ggml_cgraph","GRAPH","",-1,2,-1,0,0,0,0,0,1.904635,1,"delegate_cpu_graph"
"OpenCL","COMPUTE","ffn_moe_logits-1","MUL_MAT","f32",-1,2,-1,64,1,1,1,256,0.516980,1,"clFinish_profiled"
"OpenCL","COMPUTE","ffn_moe_probs-1","SOFT_MAX","f32",-1,3,-1,64,1,1,1,256,0.208437,1,"clFinish_profiled"
"OpenCL","COMPUTE","ffn_moe_argsort-1","ARGSORT","i32",-1,5,-1,64,1,1,1,256,0.095312,1,"clFinish_profiled"
"OpenCL","COMPUTE","ffn_moe_weights-1","GET_ROWS","f32",-1,7,-1,1,8,1,1,32,0.200000,1,"clFinish_profiled"
"CPU_Elastic","COMPUTE_GRAPH","ggml_cgraph","GRAPH","",-1,21,-1,0,0,0,0,0,12.426511,1,"delegate_cpu_graph"
"CPU_Elastic","COMPUTE_GRAPH","ggml_cgraph","GRAPH","",-1,1,-1,0,0,0,0,0,1.546719,1,"delegate_cpu_graph"
"OpenCL","COMPUTE","Qcur-2","ROPE","f32",-1,3,-1,128,16,1,1,8192,0.500208,1,"clFinish_profiled"
"CPU_Elastic","COMPUTE_GRAPH","ggml_cgraph","GRAPH","",-1,1,-1,0,0,0,0,0,0.963281,1,"delegate_cpu_graph"
"OpenCL","COMPUTE","Kcur-2","ROPE","f32",-1,3,-1,128,16,1,1,8192,0.469479,1,"clFinish_profiled"
"CPU_Elastic","COMPUTE_GRAPH","ggml_cgraph","GRAPH","",-1,3,-1,0,0,0,0,0,0.399635,1,"delegate_cpu_graph"
"OpenCL","COMPUTE","cache_k_l2 (view)","SET_ROWS","f16",-1,0,-1,2048,512,1,1,2097152,0.390364,1,"clFinish_profiled"
"OpenCL","COMPUTE","cache_v_l2 (view)","SET_ROWS","f16",-1,2,-1,2048,512,1,1,2097152,0.217917,1,"clFinish_profiled"
"OpenCL","COMPUTE","__fattn__-2","FLASH_ATTN_EXT","f32",-1,9,-1,128,16,1,1,8192,0.408437,1,"clFinish_profiled"
"CPU_Elastic","COMPUTE_GRAPH","ggml_cgraph","GRAPH","",-1,2,-1,0,0,0,0,0,1.579114,1,"delegate_cpu_graph"
"OpenCL","COMPUTE","ffn_moe_logits-2","MUL_MAT","f32",-1,2,-1,64,1,1,1,256,0.522500,1,"clFinish_profiled"
"OpenCL","COMPUTE","ffn_moe_probs-2","SOFT_MAX","f32",-1,3,-1,64,1,1,1,256,0.205105,1,"clFinish_profiled"
"OpenCL","COMPUTE","ffn_moe_argsort-2","ARGSORT","i32",-1,5,-1,64,1,1,1,256,0.218438,1,"clFinish_profiled"
"OpenCL","COMPUTE","ffn_moe_weights-2","GET_ROWS","f32",-1,7,-1,1,8,1,1,32,0.193282,1,"clFinish_profiled"
"CPU_Elastic","COMPUTE_GRAPH","ggml_cgraph","GRAPH","",-1,21,-1,0,0,0,0,0,6.800365,1,"delegate_cpu_graph"
"CPU_Elastic","COMPUTE_GRAPH","ggml_cgraph","GRAPH","",-1,1,-1,0,0,0,0,0,0.389323,1,"delegate_cpu_graph"
"OpenCL","COMPUTE","Qcur-3","ROPE","f32",-1,3,-1,128,16,1,1,8192,0.396979,1,"clFinish_profiled"
"CPU_Elastic","COMPUTE_GRAPH","ggml_cgraph","GRAPH","",-1,1,-1,0,0,0,0,0,0.477656,1,"delegate_cpu_graph"
"OpenCL","COMPUTE","Kcur-3","ROPE","f32",-1,3,-1,128,16,1,1,8192,0.400677,1,"clFinish_profiled"
"CPU_Elastic","COMPUTE_GRAPH","ggml_cgraph","GRAPH","",-1,3,-1,0,0,0,0,0,0.476041,1,"delegate_cpu_graph"
"OpenCL","COMPUTE","cache_k_l3 (view)","SET_ROWS","f16",-1,0,-1,2048,512,1,1,2097152,0.402552,1,"clFinish_profiled"
"OpenCL","COMPUTE","cache_v_l3 (view)","SET_ROWS","f16",-1,2,-1,2048,512,1,1,2097152,0.232395,1,"clFinish_profiled"
"OpenCL","COMPUTE","__fattn__-3","FLASH_ATTN_EXT","f32",-1,9,-1,128,16,1,1,8192,0.446615,1,"clFinish_profiled"
"CPU_Elastic","COMPUTE_GRAPH","ggml_cgraph","GRAPH","",-1,2,-1,0,0,0,0,0,1.537500,1,"delegate_cpu_graph"
"OpenCL","COMPUTE","ffn_moe_logits-3","MUL_MAT","f32",-1,2,-1,64,1,1,1,256,0.514896,1,"clFinish_profiled"
"OpenCL","COMPUTE","ffn_moe_probs-3","SOFT_MAX","f32",-1,3,-1,64,1,1,1,256,0.220313,1,"clFinish_profiled"
"OpenCL","COMPUTE","ffn_moe_argsort-3","ARGSORT","i32",-1,5,-1,64,1,1,1,256,0.221354,1,"clFinish_profiled"
"OpenCL","COMPUTE","ffn_moe_weights-3","GET_ROWS","f32",-1,7,-1,1,8,1,1,32,0.190572,1,"clFinish_profiled"
"CPU_Elastic","COMPUTE_GRAPH","ggml_cgraph","GRAPH","",-1,21,-1,0,0,0,0,0,11.664896,1,"delegate_cpu_graph"
"CPU_Elastic","COMPUTE_GRAPH","ggml_cgraph","GRAPH","",-1,1,-1,0,0,0,0,0,1.688229,1,"delegate_cpu_graph"
"OpenCL","COMPUTE","Qcur-4","ROPE","f32",-1,3,-1,128,16,1,1,8192,0.557344,1,"clFinish_profiled"
"CPU_Elastic","COMPUTE_GRAPH","ggml_cgraph","GRAPH","",-1,1,-1,0,0,0,0,0,1.673281,1,"delegate_cpu_graph"
"OpenCL","COMPUTE","Kcur-4","ROPE","f32",-1,3,-1,128,16,1,1,8192,0.500677,1,"clFinish_profiled"
"OpenCL","COMPUTE","Vcur-4","MUL_MAT","f32",-1,4,-1,2048,1,1,1,8192,0.380938,1,"clFinish_profiled"
"OpenCL","COMPUTE","cache_k_l4 (view)","SET_ROWS","f16",-1,7,-1,2048,512,1,1,2097152,0.196198,1,"clFinish_profiled"
"OpenCL","COMPUTE","cache_v_l4 (view)","SET_ROWS","f16",-1,9,-1,2048,512,1,1,2097152,0.193438,1,"clFinish_profiled"
"OpenCL","COMPUTE","__fattn__-4","FLASH_ATTN_EXT","f32",-1,16,-1,128,16,1,1,8192,0.409844,1,"clFinish_profiled"
"CPU_Elastic","COMPUTE_GRAPH","ggml_cgraph","GRAPH","",-1,2,-1,0,0,0,0,0,1.944427,1,"delegate_cpu_graph"
"OpenCL","COMPUTE","ffn_moe_logits-4","MUL_MAT","f32",-1,2,-1,64,1,1,1,256,0.550677,1,"clFinish_profiled"
"OpenCL","COMPUTE","ffn_moe_probs-4","SOFT_MAX","f32",-1,3,-1,64,1,1,1,256,0.207604,1,"clFinish_profiled"
"OpenCL","COMPUTE","ffn_moe_argsort-4","ARGSORT","i32",-1,5,-1,64,1,1,1,256,0.199583,1,"clFinish_profiled"
"OpenCL","COMPUTE","ffn_moe_weights-4","GET_ROWS","f32",-1,7,-1,1,8,1,1,32,0.114062,1,"clFinish_profiled"
"CPU_Elastic","COMPUTE_GRAPH","ggml_cgraph","GRAPH","",-1,21,-1,0,0,0,0,0,7.433854,1,"delegate_cpu_graph"
"CPU_Elastic","COMPUTE_GRAPH","ggml_cgraph","GRAPH","",-1,1,-1,0,0,0,0,0,0.378854,1,"delegate_cpu_graph"
"OpenCL","COMPUTE","Qcur-5","ROPE","f32",-1,3,-1,128,16,1,1,8192,0.398802,1,"clFinish_profiled"
"CPU_Elastic","COMPUTE_GRAPH","ggml_cgraph","GRAPH","",-1,1,-1,0,0,0,0,0,0.473386,1,"delegate_cpu_graph"
"OpenCL","COMPUTE","Kcur-5","ROPE","f32",-1,3,-1,128,16,1,1,8192,0.394323,1,"clFinish_profiled"
"CPU_Elastic","COMPUTE_GRAPH","ggml_cgraph","GRAPH","",-1,3,-1,0,0,0,0,0,0.480052,1,"delegate_cpu_graph"
"OpenCL","COMPUTE","cache_k_l5 (view)","SET_ROWS","f16",-1,0,-1,2048,512,1,1,2097152,0.387291,1,"clFinish_profiled"
"OpenCL","COMPUTE","cache_v_l5 (view)","SET_ROWS","f16",-1,2,-1,2048,512,1,1,2097152,0.216927,1,"clFinish_profiled"
"OpenCL","COMPUTE","__fattn__-5","FLASH_ATTN_EXT","f32",-1,9,-1,128,16,1,1,8192,0.411718,1,"clFinish_profiled"
"CPU_Elastic","COMPUTE_GRAPH","ggml_cgraph","GRAPH","",-1,2,-1,0,0,0,0,0,1.886354,1,"delegate_cpu_graph"
"OpenCL","COMPUTE","ffn_moe_logits-5","MUL_MAT","f32",-1,2,-1,64,1,1,1,256,0.496146,1,"clFinish_profiled"
"OpenCL","COMPUTE","ffn_moe_probs-5","SOFT_MAX","f32",-1,3,-1,64,1,1,1,256,0.205521,1,"clFinish_profiled"
"OpenCL","COMPUTE","ffn_moe_argsort-5","ARGSORT","i32",-1,5,-1,64,1,1,1,256,0.207968,1,"clFinish_profiled"
"OpenCL","COMPUTE","ffn_moe_weights-5","GET_ROWS","f32",-1,7,-1,1,8,1,1,32,0.191041,1,"clFinish_profiled"
"CPU_Elastic","COMPUTE_GRAPH","ggml_cgraph","GRAPH","",-1,21,-1,0,0,0,0,0,11.584792,1,"delegate_cpu_graph"
"CPU_Elastic","COMPUTE_GRAPH","ggml_cgraph","GRAPH","",-1,1,-1,0,0,0,0,0,1.494427,1,"delegate_cpu_graph"
"OpenCL","COMPUTE","Qcur-6","ROPE","f32",-1,3,-1,128,16,1,1,8192,0.480000,1,"clFinish_profiled"
"CPU_Elastic","COMPUTE_GRAPH","ggml_cgraph","GRAPH","",-1,1,-1,0,0,0,0,0,1.506771,1,"delegate_cpu_graph"
"OpenCL","COMPUTE","Kcur-6","ROPE","f32",-1,3,-1,128,16,1,1,8192,0.479219,1,"clFinish_profiled"
"CPU_Elastic","COMPUTE_GRAPH","ggml_cgraph","GRAPH","",-1,3,-1,0,0,0,0,0,2.354115,1,"delegate_cpu_graph"
"OpenCL","COMPUTE","cache_k_l6 (view)","SET_ROWS","f16",-1,0,-1,2048,512,1,1,2097152,0.480573,1,"clFinish_profiled"
"OpenCL","COMPUTE","cache_v_l6 (view)","SET_ROWS","f16",-1,2,-1,2048,512,1,1,2097152,0.207135,1,"clFinish_profiled"
"OpenCL","COMPUTE","__fattn__-6","FLASH_ATTN_EXT","f32",-1,9,-1,128,16,1,1,8192,0.425521,1,"clFinish_profiled"
"CPU_Elastic","COMPUTE_GRAPH","ggml_cgraph","GRAPH","",-1,2,-1,0,0,0,0,0,1.655729,1,"delegate_cpu_graph"
"OpenCL","COMPUTE","ffn_moe_logits-6","MUL_MAT","f32",-1,2,-1,64,1,1,1,256,0.546666,1,"clFinish_profiled"
"OpenCL","COMPUTE","ffn_moe_probs-6","SOFT_MAX","f32",-1,3,-1,64,1,1,1,256,0.204843,1,"clFinish_profiled"
"OpenCL","COMPUTE","ffn_moe_argsort-6","ARGSORT","i32",-1,5,-1,64,1,1,1,256,0.195885,1,"clFinish_profiled"
"OpenCL","COMPUTE","ffn_moe_weights-6","GET_ROWS","f32",-1,7,-1,1,8,1,1,32,0.186875,1,"clFinish_profiled"
"CPU_Elastic","COMPUTE_GRAPH","ggml_cgraph","GRAPH","",-1,21,-1,0,0,0,0,0,8.763177,1,"delegate_cpu_graph"
"CPU_Elastic","COMPUTE_GRAPH","ggml_cgraph","GRAPH","",-1,1,-1,0,0,0,0,0,0.409844,1,"delegate_cpu_graph"
"OpenCL","COMPUTE","Qcur-7","ROPE","f32",-1,3,-1,128,16,1,1,8192,0.434947,1,"clFinish_profiled"
"CPU_Elastic","COMPUTE_GRAPH","ggml_cgraph","GRAPH","",-1,1,-1,0,0,0,0,0,0.439166,1,"delegate_cpu_graph"
"OpenCL","COMPUTE","Kcur-7","ROPE","f32",-1,3,-1,128,16,1,1,8192,0.402448,1,"clFinish_profiled"
"OpenCL","COMPUTE","Vcur-7","MUL_MAT","f32",-1,4,-1,2048,1,1,1,8192,0.352656,1,"clFinish_profiled"
"OpenCL","COMPUTE","cache_k_l7 (view)","SET_ROWS","f16",-1,7,-1,2048,512,1,1,2097152,0.190469,1,"clFinish_profiled"
"OpenCL","COMPUTE","cache_v_l7 (view)","SET_ROWS","f16",-1,9,-1,2048,512,1,1,2097152,0.194063,1,"clFinish_profiled"
"OpenCL","COMPUTE","__fattn__-7","FLASH_ATTN_EXT","f32",-1,16,-1,128,16,1,1,8192,0.406875,1,"clFinish_profiled"
"CPU_Elastic","COMPUTE_GRAPH","ggml_cgraph","GRAPH","",-1,2,-1,0,0,0,0,0,1.827187,1,"delegate_cpu_graph"
"OpenCL","COMPUTE","ffn_moe_logits-7","MUL_MAT","f32",-1,2,-1,64,1,1,1,256,0.522969,1,"clFinish_profiled"
"OpenCL","COMPUTE","ffn_moe_probs-7","SOFT_MAX","f32",-1,3,-1,64,1,1,1,256,0.205573,1,"clFinish_profiled"
"OpenCL","COMPUTE","ffn_moe_argsort-7","ARGSORT","i32",-1,5,-1,64,1,1,1,256,0.194635,1,"clFinish_profiled"
"OpenCL","COMPUTE","ffn_moe_weights-7","GET_ROWS","f32",-1,7,-1,1,8,1,1,32,0.199948,1,"clFinish_profiled"
"CPU_Elastic","COMPUTE_GRAPH","ggml_cgraph","GRAPH","",-1,21,-1,0,0,0,0,0,10.015261,1,"delegate_cpu_graph"
"CPU_Elastic","COMPUTE_GRAPH","ggml_cgraph","GRAPH","",-1,1,-1,0,0,0,0,0,0.396198,1,"delegate_cpu_graph"
"OpenCL","COMPUTE","Qcur-8","ROPE","f32",-1,3,-1,128,16,1,1,8192,0.398385,1,"clFinish_profiled"
"CPU_Elastic","COMPUTE_GRAPH","ggml_cgraph","GRAPH","",-1,1,-1,0,0,0,0,0,0.928385,1,"delegate_cpu_graph"
"OpenCL","COMPUTE","Kcur-8","ROPE","f32",-1,3,-1,128,16,1,1,8192,0.483438,1,"clFinish_profiled"
"CPU_Elastic","COMPUTE_GRAPH","ggml_cgraph","GRAPH","",-1,3,-1,0,0,0,0,0,1.915209,1,"delegate_cpu_graph"
"OpenCL","COMPUTE","cache_k_l8 (view)","SET_ROWS","f16",-1,0,-1,2048,512,1,1,2097152,0.469219,1,"clFinish_profiled"
"OpenCL","COMPUTE","cache_v_l8 (view)","SET_ROWS","f16",-1,2,-1,2048,512,1,1,2097152,0.100416,1,"clFinish_profiled"
"OpenCL","COMPUTE","__fattn__-8","FLASH_ATTN_EXT","f32",-1,9,-1,128,16,1,1,8192,0.440781,1,"clFinish_profiled"
"CPU_Elastic","COMPUTE_GRAPH","ggml_cgraph","GRAPH","",-1,2,-1,0,0,0,0,0,1.538594,1,"delegate_cpu_graph"
"OpenCL","COMPUTE","ffn_moe_logits-8","MUL_MAT","f32",-1,2,-1,64,1,1,1,256,0.536614,1,"clFinish_profiled"
"OpenCL","COMPUTE","ffn_moe_probs-8","SOFT_MAX","f32",-1,3,-1,64,1,1,1,256,0.237864,1,"clFinish_profiled"
"OpenCL","COMPUTE","ffn_moe_argsort-8","ARGSORT","i32",-1,5,-1,64,1,1,1,256,0.200209,1,"clFinish_profiled"
"OpenCL","COMPUTE","ffn_moe_weights-8","GET_ROWS","f32",-1,7,-1,1,8,1,1,32,0.233959,1,"clFinish_profiled"
"CPU_Elastic","COMPUTE_GRAPH","ggml_cgraph","GRAPH","",-1,21,-1,0,0,0,0,0,7.255989,1,"delegate_cpu_graph"
"CPU_Elastic","COMPUTE_GRAPH","ggml_cgraph","GRAPH","",-1,1,-1,0,0,0,0,0,1.739323,1,"delegate_cpu_graph"
"OpenCL","COMPUTE","Qcur-9","ROPE","f32",-1,3,-1,128,16,1,1,8192,0.523906,1,"clFinish_profiled"
"CPU_Elastic","COMPUTE_GRAPH","ggml_cgraph","GRAPH","",-1,1,-1,0,0,0,0,0,1.500260,1,"delegate_cpu_graph"
"OpenCL","COMPUTE","Kcur-9","ROPE","f32",-1,3,-1,128,16,1,1,8192,0.499427,1,"clFinish_profiled"
"CPU_Elastic","COMPUTE_GRAPH","ggml_cgraph","GRAPH","",-1,3,-1,0,0,0,0,0,2.066823,1,"delegate_cpu_graph"
"OpenCL","COMPUTE","cache_k_l9 (view)","SET_ROWS","f16",-1,0,-1,2048,512,1,1,2097152,0.469844,1,"clFinish_profiled"
"OpenCL","COMPUTE","cache_v_l9 (view)","SET_ROWS","f16",-1,2,-1,2048,512,1,1,2097152,0.213854,1,"clFinish_profiled"
"OpenCL","COMPUTE","__fattn__-9","FLASH_ATTN_EXT","f32",-1,9,-1,128,16,1,1,8192,0.429323,1,"clFinish_profiled"
"CPU_Elastic","COMPUTE_GRAPH","ggml_cgraph","GRAPH","",-1,2,-1,0,0,0,0,0,1.953073,1,"delegate_cpu_graph"
"OpenCL","COMPUTE","ffn_moe_logits-9","MUL_MAT","f32",-1,2,-1,64,1,1,1,256,0.540365,1,"clFinish_profiled"
"OpenCL","COMPUTE","ffn_moe_probs-9","SOFT_MAX","f32",-1,3,-1,64,1,1,1,256,0.210261,1,"clFinish_profiled"
"OpenCL","COMPUTE","ffn_moe_argsort-9","ARGSORT","i32",-1,5,-1,64,1,1,1,256,0.196771,1,"clFinish_profiled"
"OpenCL","COMPUTE","ffn_moe_weights-9","GET_ROWS","f32",-1,7,-1,1,8,1,1,32,0.186771,1,"clFinish_profiled"
"CPU_Elastic","COMPUTE_GRAPH","ggml_cgraph","GRAPH","",-1,21,-1,0,0,0,0,0,11.843906,1,"delegate_cpu_graph"
"CPU_Elastic","COMPUTE_GRAPH","ggml_cgraph","GRAPH","",-1,1,-1,0,0,0,0,0,1.510730,1,"delegate_cpu_graph"
"OpenCL","COMPUTE","Qcur-10","ROPE","f32",-1,3,-1,128,16,1,1,8192,0.540364,1,"clFinish_profiled"
"CPU_Elastic","COMPUTE_GRAPH","ggml_cgraph","GRAPH","",-1,1,-1,0,0,0,0,0,1.662969,1,"delegate_cpu_graph"
"OpenCL","COMPUTE","Kcur-10","ROPE","f32",-1,3,-1,128,16,1,1,8192,0.514531,1,"clFinish_profiled"
"OpenCL","COMPUTE","Vcur-10","MUL_MAT","f32",-1,4,-1,2048,1,1,1,8192,0.372708,1,"clFinish_profiled"
"OpenCL","COMPUTE","cache_k_l10 (view)","SET_ROWS","f16",-1,7,-1,2048,512,1,1,2097152,0.193073,1,"clFinish_profiled"
"OpenCL","COMPUTE","cache_v_l10 (view)","SET_ROWS","f16",-1,9,-1,2048,512,1,1,2097152,0.192136,1,"clFinish_profiled"
"OpenCL","COMPUTE","__fattn__-10","FLASH_ATTN_EXT","f32",-1,16,-1,128,16,1,1,8192,0.407708,1,"clFinish_profiled"
"CPU_Elastic","COMPUTE_GRAPH","ggml_cgraph","GRAPH","",-1,2,-1,0,0,0,0,0,1.699479,1,"delegate_cpu_graph"
"OpenCL","COMPUTE","ffn_moe_logits-10","MUL_MAT","f32",-1,2,-1,64,1,1,1,256,0.504688,1,"clFinish_profiled"
"OpenCL","COMPUTE","ffn_moe_probs-10","SOFT_MAX","f32",-1,3,-1,64,1,1,1,256,0.204114,1,"clFinish_profiled"
"OpenCL","COMPUTE","ffn_moe_argsort-10","ARGSORT","i32",-1,5,-1,64,1,1,1,256,0.141980,1,"clFinish_profiled"
"OpenCL","COMPUTE","ffn_moe_weights-10","GET_ROWS","f32",-1,7,-1,1,8,1,1,32,0.151927,1,"clFinish_profiled"
"CPU_Elastic","COMPUTE_GRAPH","ggml_cgraph","GRAPH","",-1,21,-1,0,0,0,0,0,7.334896,1,"delegate_cpu_graph"
"CPU_Elastic","COMPUTE_GRAPH","ggml_cgraph","GRAPH","",-1,1,-1,0,0,0,0,0,1.770782,1,"delegate_cpu_graph"
"OpenCL","COMPUTE","Qcur-11","ROPE","f32",-1,3,-1,128,16,1,1,8192,0.496145,1,"clFinish_profiled"
"CPU_Elastic","COMPUTE_GRAPH","ggml_cgraph","GRAPH","",-1,1,-1,0,0,0,0,0,1.495312,1,"delegate_cpu_graph"
"OpenCL","COMPUTE","Kcur-11","ROPE","f32",-1,3,-1,128,16,1,1,8192,0.545000,1,"clFinish_profiled"
"CPU_Elastic","COMPUTE_GRAPH","ggml_cgraph","GRAPH","",-1,3,-1,0,0,0,0,0,0.610729,1,"delegate_cpu_graph"
"OpenCL","COMPUTE","cache_k_l11 (view)","SET_ROWS","f16",-1,0,-1,2048,512,1,1,2097152,0.480156,1,"clFinish_profiled"
"OpenCL","COMPUTE","cache_v_l11 (view)","SET_ROWS","f16",-1,2,-1,2048,512,1,1,2097152,0.204635,1,"clFinish_profiled"
"OpenCL","COMPUTE","__fattn__-11","FLASH_ATTN_EXT","f32",-1,9,-1,128,16,1,1,8192,0.432709,1,"clFinish_profiled"
"CPU_Elastic","COMPUTE_GRAPH","ggml_cgraph","GRAPH","",-1,2,-1,0,0,0,0,0,1.707031,1,"delegate_cpu_graph"
"OpenCL","COMPUTE","ffn_moe_logits-11","MUL_MAT","f32",-1,2,-1,64,1,1,1,256,0.539896,1,"clFinish_profiled"
"OpenCL","COMPUTE","ffn_moe_probs-11","SOFT_MAX","f32",-1,3,-1,64,1,1,1,256,0.213490,1,"clFinish_profiled"
"OpenCL","COMPUTE","ffn_moe_argsort-11","ARGSORT","i32",-1,5,-1,64,1,1,1,256,0.202187,1,"clFinish_profiled"
"OpenCL","COMPUTE","ffn_moe_weights-11","GET_ROWS","f32",-1,7,-1,1,8,1,1,32,0.103698,1,"clFinish_profiled"
"CPU_Elastic","COMPUTE_GRAPH","ggml_cgraph","GRAPH","",-1,21,-1,0,0,0,0,0,7.562500,1,"delegate_cpu_graph"
"CPU_Elastic","COMPUTE_GRAPH","ggml_cgraph","GRAPH","",-1,1,-1,0,0,0,0,0,1.276510,1,"delegate_cpu_graph"
"OpenCL","COMPUTE","Qcur-12","ROPE","f32",-1,3,-1,128,16,1,1,8192,0.484739,1,"clFinish_profiled"
"CPU_Elastic","COMPUTE_GRAPH","ggml_cgraph","GRAPH","",-1,1,-1,0,0,0,0,0,0.374427,1,"delegate_cpu_graph"
"OpenCL","COMPUTE","Kcur-12","ROPE","f32",-1,3,-1,128,16,1,1,8192,0.396198,1,"clFinish_profiled"
"CPU_Elastic","COMPUTE_GRAPH","ggml_cgraph","GRAPH","",-1,3,-1,0,0,0,0,0,0.477917,1,"delegate_cpu_graph"
"OpenCL","COMPUTE","cache_k_l12 (view)","SET_ROWS","f16",-1,0,-1,2048,512,1,1,2097152,0.387760,1,"clFinish_profiled"
"OpenCL","COMPUTE","cache_v_l12 (view)","SET_ROWS","f16",-1,2,-1,2048,512,1,1,2097152,0.220261,1,"clFinish_profiled"
"OpenCL","COMPUTE","__fattn__-12","FLASH_ATTN_EXT","f32",-1,9,-1,128,16,1,1,8192,0.410989,1,"clFinish_profiled"
"CPU_Elastic","COMPUTE_GRAPH","ggml_cgraph","GRAPH","",-1,2,-1,0,0,0,0,0,1.850417,1,"delegate_cpu_graph"
"OpenCL","COMPUTE","ffn_moe_logits-12","MUL_MAT","f32",-1,2,-1,64,1,1,1,256,0.507396,1,"clFinish_profiled"
"OpenCL","COMPUTE","ffn_moe_probs-12","SOFT_MAX","f32",-1,3,-1,64,1,1,1,256,0.203125,1,"clFinish_profiled"
"OpenCL","COMPUTE","ffn_moe_argsort-12","ARGSORT","i32",-1,5,-1,64,1,1,1,256,0.134740,1,"clFinish_profiled"
"OpenCL","COMPUTE","ffn_moe_weights-12","GET_ROWS","f32",-1,7,-1,1,8,1,1,32,0.281511,1,"clFinish_profiled"
"CPU_Elastic","COMPUTE_GRAPH","ggml_cgraph","GRAPH","",-1,21,-1,0,0,0,0,0,6.941042,1,"delegate_cpu_graph"
"CPU_Elastic","COMPUTE_GRAPH","ggml_cgraph","GRAPH","",-1,1,-1,0,0,0,0,0,0.410052,1,"delegate_cpu_graph"
"OpenCL","COMPUTE","Qcur-13","ROPE","f32",-1,3,-1,128,16,1,1,8192,0.391407,1,"clFinish_profiled"
"CPU_Elastic","COMPUTE_GRAPH","ggml_cgraph","GRAPH","",-1,1,-1,0,0,0,0,0,0.925000,1,"delegate_cpu_graph"
"OpenCL","COMPUTE","Kcur-13","ROPE","f32",-1,3,-1,128,16,1,1,8192,0.483906,1,"clFinish_profiled"
"OpenCL","COMPUTE","Vcur-13","MUL_MAT","f32",-1,4,-1,2048,1,1,1,8192,0.351302,1,"clFinish_profiled"
"OpenCL","COMPUTE","cache_k_l13 (view)","SET_ROWS","f16",-1,7,-1,2048,512,1,1,2097152,0.191458,1,"clFinish_profiled"
"OpenCL","COMPUTE","cache_v_l13 (view)","SET_ROWS","f16",-1,9,-1,2048,512,1,1,2097152,0.190156,1,"clFinish_profiled"
"OpenCL","COMPUTE","__fattn__-13","FLASH_ATTN_EXT","f32",-1,16,-1,128,16,1,1,8192,0.529010,1,"clFinish_profiled"
"CPU_Elastic","COMPUTE_GRAPH","ggml_cgraph","GRAPH","",-1,2,-1,0,0,0,0,0,1.997083,1,"delegate_cpu_graph"
"OpenCL","COMPUTE","ffn_moe_logits-13","MUL_MAT","f32",-1,2,-1,64,1,1,1,256,0.527604,1,"clFinish_profiled"
"OpenCL","COMPUTE","ffn_moe_probs-13","SOFT_MAX","f32",-1,3,-1,64,1,1,1,256,0.209948,1,"clFinish_profiled"
"OpenCL","COMPUTE","ffn_moe_argsort-13","ARGSORT","i32",-1,5,-1,64,1,1,1,256,0.116614,1,"clFinish_profiled"
"OpenCL","COMPUTE","ffn_moe_weights-13","GET_ROWS","f32",-1,7,-1,1,8,1,1,32,0.221250,1,"clFinish_profiled"
"CPU_Elastic","COMPUTE_GRAPH","ggml_cgraph","GRAPH","",-1,21,-1,0,0,0,0,0,12.141302,1,"delegate_cpu_graph"
"CPU_Elastic","COMPUTE_GRAPH","ggml_cgraph","GRAPH","",-1,1,-1,0,0,0,0,0,1.761146,1,"delegate_cpu_graph"
"OpenCL","COMPUTE","Qcur-14","ROPE","f32",-1,3,-1,128,16,1,1,8192,0.536198,1,"clFinish_profiled"
"CPU_Elastic","COMPUTE_GRAPH","ggml_cgraph","GRAPH","",-1,1,-1,0,0,0,0,0,1.737552,1,"delegate_cpu_graph"
"OpenCL","COMPUTE","Kcur-14","ROPE","f32",-1,3,-1,128,16,1,1,8192,0.503177,1,"clFinish_profiled"
"OpenCL","COMPUTE","Vcur-14","MUL_MAT","f32",-1,4,-1,2048,1,1,1,8192,0.385208,1,"clFinish_profiled"
"OpenCL","COMPUTE","cache_k_l14 (view)","SET_ROWS","f16",-1,7,-1,2048,512,1,1,2097152,0.207187,1,"clFinish_profiled"
"OpenCL","COMPUTE","cache_v_l14 (view)","SET_ROWS","f16",-1,9,-1,2048,512,1,1,2097152,0.189323,1,"clFinish_profiled"
"OpenCL","COMPUTE","__fattn__-14","FLASH_ATTN_EXT","f32",-1,16,-1,128,16,1,1,8192,0.407240,1,"clFinish_profiled"
"CPU_Elastic","COMPUTE_GRAPH","ggml_cgraph","GRAPH","",-1,2,-1,0,0,0,0,0,2.001771,1,"delegate_cpu_graph"
"OpenCL","COMPUTE","ffn_moe_logits-14","MUL_MAT","f32",-1,2,-1,64,1,1,1,256,0.542761,1,"clFinish_profiled"
"OpenCL","COMPUTE","ffn_moe_probs-14","SOFT_MAX","f32",-1,3,-1,64,1,1,1,256,0.202240,1,"clFinish_profiled"
"OpenCL","COMPUTE","ffn_moe_argsort-14","ARGSORT","i32",-1,5,-1,64,1,1,1,256,0.204636,1,"clFinish_profiled"
"OpenCL","COMPUTE","ffn_moe_weights-14","GET_ROWS","f32",-1,7,-1,1,8,1,1,32,0.169739,1,"clFinish_profiled"
"CPU_Elastic","COMPUTE_GRAPH","ggml_cgraph","GRAPH","",-1,21,-1,0,0,0,0,0,12.623698,1,"delegate_cpu_graph"
"CPU_Elastic","COMPUTE_GRAPH","ggml_cgraph","GRAPH","",-1,1,-1,0,0,0,0,0,1.675313,1,"delegate_cpu_graph"
"OpenCL","COMPUTE","Qcur-15","ROPE","f32",-1,3,-1,128,16,1,1,8192,0.531458,1,"clFinish_profiled"
"CPU_Elastic","COMPUTE_GRAPH","ggml_cgraph","GRAPH","",-1,1,-1,0,0,0,0,0,1.820208,1,"delegate_cpu_graph"
"OpenCL","COMPUTE","Kcur-15","ROPE","f32",-1,3,-1,128,16,1,1,8192,0.541094,1,"clFinish_profiled"
"OpenCL","COMPUTE","Vcur-15","MUL_MAT","f32",-1,4,-1,2048,1,1,1,8192,0.349011,1,"clFinish_profiled"
"OpenCL","COMPUTE","cache_k_l15 (view)","SET_ROWS","f16",-1,7,-1,2048,512,1,1,2097152,0.200052,1,"clFinish_profiled"
"OpenCL","COMPUTE","cache_v_l15 (view)","SET_ROWS","f16",-1,9,-1,2048,512,1,1,2097152,0.196510,1,"clFinish_profiled"
"OpenCL","COMPUTE","__fattn__-15","FLASH_ATTN_EXT","f32",-1,16,-1,128,16,1,1,8192,0.411354,1,"clFinish_profiled"
"CPU_Elastic","COMPUTE_GRAPH","ggml_cgraph","GRAPH","",-1,4,-1,0,0,0,0,0,2.232135,1,"delegate_cpu_graph"
"OpenCL","COMPUTE","ffn_moe_logits-15","MUL_MAT","f32",-1,2,-1,64,1,1,1,256,0.526354,1,"clFinish_profiled"
"OpenCL","COMPUTE","ffn_moe_probs-15","SOFT_MAX","f32",-1,3,-1,64,1,1,1,256,0.242812,1,"clFinish_profiled"
"OpenCL","COMPUTE","ffn_moe_argsort-15","ARGSORT","i32",-1,5,-1,64,1,1,1,256,0.200052,1,"clFinish_profiled"
"OpenCL","COMPUTE","ffn_moe_weights-15","GET_ROWS","f32",-1,7,-1,1,8,1,1,32,0.208073,1,"clFinish_profiled"
"CPU_Elastic","COMPUTE_GRAPH","ggml_cgraph","GRAPH","",-1,22,-1,0,0,0,0,0,12.032500,1,"delegate_cpu_graph"
"OpenCL","COMPUTE","result_norm","MUL","f32",-1,0,-1,2048,1,1,1,8192,0.522657,1,"clFinish_profiled"
"OpenCL","COMPUTE","result_output","MUL_MAT","f32",-1,1,-1,50304,1,1,1,201216,3.928854,1,"clFinish_profiled"
"CPU_Elastic","COMPUTE_GRAPH","ggml_cgraph","GRAPH","",-1,1,-1,0,0,0,0,0,0.009063,1,"delegate_cpu_graph"
"CPU_Elastic","COMPUTE_GRAPH","ggml_cgraph","GRAPH","",-1,1,-1,0,0,0,0,0,1.678542,1,"delegate_cpu_graph"
"OpenCL","COMPUTE","Qcur-0","ROPE","f32",-1,3,-1,128,16,1,1,8192,0.569427,1,"clFinish_profiled"
"CPU_Elastic","COMPUTE_GRAPH","ggml_cgraph","GRAPH","",-1,1,-1,0,0,0,0,0,1.600625,1,"delegate_cpu_graph"
"OpenCL","COMPUTE","Kcur-0","ROPE","f32",-1,3,-1,128,16,1,1,8192,0.570677,1,"clFinish_profiled"
"OpenCL","COMPUTE","Vcur-0","MUL_MAT","f32",-1,4,-1,2048,1,1,1,8192,0.349843,1,"clFinish_profiled"
"OpenCL","COMPUTE","cache_k_l0 (view)","SET_ROWS","f16",-1,7,-1,2048,512,1,1,2097152,0.195156,1,"clFinish_profiled"
"OpenCL","COMPUTE","cache_v_l0 (view)","SET_ROWS","f16",-1,9,-1,2048,512,1,1,2097152,0.192813,1,"clFinish_profiled"
"OpenCL","COMPUTE"," (copy)","CPY","f16",-1,16,-1,256,64,1,1,32768,0.204896,1,"clFinish_profiled"
"OpenCL","COMPUTE","__fattn__-0","FLASH_ATTN_EXT","f32",-1,17,-1,128,16,1,1,8192,0.412448,1,"clFinish_profiled"
"CPU_Elastic","COMPUTE_GRAPH","ggml_cgraph","GRAPH","",-1,2,-1,0,0,0,0,0,2.001250,1,"delegate_cpu_graph"
"OpenCL","COMPUTE","ffn_moe_logits-0","MUL_MAT","f32",-1,2,-1,64,1,1,1,256,0.522917,1,"clFinish_profiled"
"OpenCL","COMPUTE","ffn_moe_probs-0","SOFT_MAX","f32",-1,3,-1,64,1,1,1,256,0.200417,1,"clFinish_profiled"
"OpenCL","COMPUTE","ffn_moe_argsort-0","ARGSORT","i32",-1,5,-1,64,1,1,1,256,0.194375,1,"clFinish_profiled"
"OpenCL","COMPUTE","ffn_moe_weights-0","GET_ROWS","f32",-1,7,-1,1,8,1,1,32,0.184010,1,"clFinish_profiled"
"CPU_Elastic","COMPUTE_GRAPH","ggml_cgraph","GRAPH","",-1,21,-1,0,0,0,0,0,12.423177,1,"delegate_cpu_graph"
"CPU_Elastic","COMPUTE_GRAPH","ggml_cgraph","GRAPH","",-1,1,-1,0,0,0,0,0,1.677917,1,"delegate_cpu_graph"
"OpenCL","COMPUTE","Qcur-1","ROPE","f32",-1,3,-1,128,16,1,1,8192,0.615885,1,"clFinish_profiled"
"CPU_Elastic","COMPUTE_GRAPH","ggml_cgraph","GRAPH","",-1,1,-1,0,0,0,0,0,1.615886,1,"delegate_cpu_graph"
"OpenCL","COMPUTE","Kcur-1","ROPE","f32",-1,3,-1,128,16,1,1,8192,0.496303,1,"clFinish_profiled"
"OpenCL","COMPUTE","Vcur-1","MUL_MAT","f32",-1,4,-1,2048,1,1,1,8192,0.372344,1,"clFinish_profiled"
"OpenCL","COMPUTE","cache_k_l1 (view)","SET_ROWS","f16",-1,7,-1,2048,512,1,1,2097152,0.192239,1,"clFinish_profiled"
"OpenCL","COMPUTE","cache_v_l1 (view)","SET_ROWS","f16",-1,9,-1,2048,512,1,1,2097152,0.191042,1,"clFinish_profiled"
"OpenCL","COMPUTE","__fattn__-1","FLASH_ATTN_EXT","f32",-1,16,-1,128,16,1,1,8192,0.456614,1,"clFinish_profiled"
"CPU_Elastic","COMPUTE_GRAPH","ggml_cgraph","GRAPH","",-1,2,-1,0,0,0,0,0,2.196302,1,"delegate_cpu_graph"
"OpenCL","COMPUTE","ffn_moe_logits-1","MUL_MAT","f32",-1,2,-1,64,1,1,1,256,0.562917,1,"clFinish_profiled"
"OpenCL","COMPUTE","ffn_moe_probs-1","SOFT_MAX","f32",-1,3,-1,64,1,1,1,256,0.205000,1,"clFinish_profiled"
"OpenCL","COMPUTE","ffn_moe_argsort-1","ARGSORT","i32",-1,5,-1,64,1,1,1,256,0.196041,1,"clFinish_profiled"
"OpenCL","COMPUTE","ffn_moe_weights-1","GET_ROWS","f32",-1,7,-1,1,8,1,1,32,0.190886,1,"clFinish_profiled"
"CPU_Elastic","COMPUTE_GRAPH","ggml_cgraph","GRAPH","",-1,21,-1,0,0,0,0,0,13.004896,1,"delegate_cpu_graph"
"CPU_Elastic","COMPUTE_GRAPH","ggml_cgraph","GRAPH","",-1,1,-1,0,0,0,0,0,1.721302,1,"delegate_cpu_graph"
"OpenCL","COMPUTE","Qcur-2","ROPE","f32",-1,3,-1,128,16,1,1,8192,0.555104,1,"clFinish_profiled"
"CPU_Elastic","COMPUTE_GRAPH","ggml_cgraph","GRAPH","",-1,1,-1,0,0,0,0,0,1.578385,1,"delegate_cpu_graph"
"OpenCL","COMPUTE","Kcur-2","ROPE","f32",-1,3,-1,128,16,1,1,8192,0.534792,1,"clFinish_profiled"
"CPU_Elastic","COMPUTE_GRAPH","ggml_cgraph","GRAPH","",-1,3,-1,0,0,0,0,0,2.261666,1,"delegate_cpu_graph"
"OpenCL","COMPUTE","cache_k_l2 (view)","SET_ROWS","f16",-1,0,-1,2048,512,1,1,2097152,0.568906,1,"clFinish_profiled"
"OpenCL","COMPUTE","cache_v_l2 (view)","SET_ROWS","f16",-1,2,-1,2048,512,1,1,2097152,0.206094,1,"clFinish_profiled"
"OpenCL","COMPUTE","__fattn__-2","FLASH_ATTN_EXT","f32",-1,9,-1,128,16,1,1,8192,0.411562,1,"clFinish_profiled"
"CPU_Elastic","COMPUTE_GRAPH","ggml_cgraph","GRAPH","",-1,2,-1,0,0,0,0,0,2.047604,1,"delegate_cpu_graph"
"OpenCL","COMPUTE","ffn_moe_logits-2","MUL_MAT","f32",-1,2,-1,64,1,1,1,256,0.537448,1,"clFinish_profiled"
"OpenCL","COMPUTE","ffn_moe_probs-2","SOFT_MAX","f32",-1,3,-1,64,1,1,1,256,0.205365,1,"clFinish_profiled"
"OpenCL","COMPUTE","ffn_moe_argsort-2","ARGSORT","i32",-1,5,-1,64,1,1,1,256,0.198906,1,"clFinish_profiled"
"OpenCL","COMPUTE","ffn_moe_weights-2","GET_ROWS","f32",-1,7,-1,1,8,1,1,32,0.211823,1,"clFinish_profiled"
"CPU_Elastic","COMPUTE_GRAPH","ggml_cgraph","GRAPH","",-1,21,-1,0,0,0,0,0,12.410312,1,"delegate_cpu_graph"
"CPU_Elastic","COMPUTE_GRAPH","ggml_cgraph","GRAPH","",-1,1,-1,0,0,0,0,0,1.579427,1,"delegate_cpu_graph"
"OpenCL","COMPUTE","Qcur-3","ROPE","f32",-1,3,-1,128,16,1,1,8192,0.548073,1,"clFinish_profiled"
"CPU_Elastic","COMPUTE_GRAPH","ggml_cgraph","GRAPH","",-1,1,-1,0,0,0,0,0,1.619740,1,"delegate_cpu_graph"
"OpenCL","COMPUTE","Kcur-3","ROPE","f32",-1,3,-1,128,16,1,1,8192,0.525208,1,"clFinish_profiled"
"CPU_Elastic","COMPUTE_GRAPH","ggml_cgraph","GRAPH","",-1,3,-1,0,0,0,0,0,1.826771,1,"delegate_cpu_graph"
"OpenCL","COMPUTE","cache_k_l3 (view)","SET_ROWS","f16",-1,0,-1,2048,512,1,1,2097152,0.491927,1,"clFinish_profiled"
"OpenCL","COMPUTE","cache_v_l3 (view)","SET_ROWS","f16",-1,2,-1,2048,512,1,1,2097152,0.221459,1,"clFinish_profiled"
"OpenCL","COMPUTE","__fattn__-3","FLASH_ATTN_EXT","f32",-1,9,-1,128,16,1,1,8192,0.437916,1,"clFinish_profiled"
"CPU_Elastic","COMPUTE_GRAPH","ggml_cgraph","GRAPH","",-1,2,-1,0,0,0,0,0,1.452395,1,"delegate_cpu_graph"
"OpenCL","COMPUTE","ffn_moe_logits-3","MUL_MAT","f32",-1,2,-1,64,1,1,1,256,0.555729,1,"clFinish_profiled"
"OpenCL","COMPUTE","ffn_moe_probs-3","SOFT_MAX","f32",-1,3,-1,64,1,1,1,256,0.206354,1,"clFinish_profiled"
"OpenCL","COMPUTE","ffn_moe_argsort-3","ARGSORT","i32",-1,5,-1,64,1,1,1,256,0.217032,1,"clFinish_profiled"
"OpenCL","COMPUTE","ffn_moe_weights-3","GET_ROWS","f32",-1,7,-1,1,8,1,1,32,0.169010,1,"clFinish_profiled"
"CPU_Elastic","COMPUTE_GRAPH","ggml_cgraph","GRAPH","",-1,21,-1,0,0,0,0,0,12.213385,1,"delegate_cpu_graph"
"CPU_Elastic","COMPUTE_GRAPH","ggml_cgraph","GRAPH","",-1,1,-1,0,0,0,0,0,1.541510,1,"delegate_cpu_graph"
"OpenCL","COMPUTE","Qcur-4","ROPE","f32",-1,3,-1,128,16,1,1,8192,0.528594,1,"clFinish_profiled"
"CPU_Elastic","COMPUTE_GRAPH","ggml_cgraph","GRAPH","",-1,1,-1,0,0,0,0,0,1.293645,1,"delegate_cpu_graph"
"OpenCL","COMPUTE","Kcur-4","ROPE","f32",-1,3,-1,128,16,1,1,8192,0.545365,1,"clFinish_profiled"
"OpenCL","COMPUTE","Vcur-4","MUL_MAT","f32",-1,4,-1,2048,1,1,1,8192,0.351198,1,"clFinish_profiled"
"OpenCL","COMPUTE","cache_k_l4 (view)","SET_ROWS","f16",-1,7,-1,2048,512,1,1,2097152,0.193229,1,"clFinish_profiled"
"OpenCL","COMPUTE","cache_v_l4 (view)","SET_ROWS","f16",-1,9,-1,2048,512,1,1,2097152,0.192032,1,"clFinish_profiled"
"OpenCL","COMPUTE","__fattn__-4","FLASH_ATTN_EXT","f32",-1,16,-1,128,16,1,1,8192,0.409323,1,"clFinish_profiled"
"CPU_Elastic","COMPUTE_GRAPH","ggml_cgraph","GRAPH","",-1,2,-1,0,0,0,0,0,1.705521,1,"delegate_cpu_graph"
"OpenCL","COMPUTE","ffn_moe_logits-4","MUL_MAT","f32",-1,2,-1,64,1,1,1,256,0.545052,1,"clFinish_profiled"
"OpenCL","COMPUTE","ffn_moe_probs-4","SOFT_MAX","f32",-1,3,-1,64,1,1,1,256,0.205052,1,"clFinish_profiled"
"OpenCL","COMPUTE","ffn_moe_argsort-4","ARGSORT","i32",-1,5,-1,64,1,1,1,256,0.217552,1,"clFinish_profiled"
"OpenCL","COMPUTE","ffn_moe_weights-4","GET_ROWS","f32",-1,7,-1,1,8,1,1,32,0.139948,1,"clFinish_profiled"
"CPU_Elastic","COMPUTE_GRAPH","ggml_cgraph","GRAPH","",-1,21,-1,0,0,0,0,0,9.494791,1,"delegate_cpu_graph"
"CPU_Elastic","COMPUTE_GRAPH","ggml_cgraph","GRAPH","",-1,1,-1,0,0,0,0,0,1.306771,1,"delegate_cpu_graph"
"OpenCL","COMPUTE","Qcur-5","ROPE","f32",-1,3,-1,128,16,1,1,8192,0.590833,1,"clFinish_profiled"
"CPU_Elastic","COMPUTE_GRAPH","ggml_cgraph","GRAPH","",-1,1,-1,0,0,0,0,0,1.643229,1,"delegate_cpu_graph"
"OpenCL","COMPUTE","Kcur-5","ROPE","f32",-1,3,-1,128,16,1,1,8192,0.524063,1,"clFinish_profiled"
"CPU_Elastic","COMPUTE_GRAPH","ggml_cgraph","GRAPH","",-1,3,-1,0,0,0,0,0,1.228593,1,"delegate_cpu_graph"
"OpenCL","COMPUTE","cache_k_l5 (view)","SET_ROWS","f16",-1,0,-1,2048,512,1,1,2097152,0.494792,1,"clFinish_profiled"
"OpenCL","COMPUTE","cache_v_l5 (view)","SET_ROWS","f16",-1,2,-1,2048,512,1,1,2097152,0.206771,1,"clFinish_profiled"
"OpenCL","COMPUTE","__fattn__-5","FLASH_ATTN_EXT","f32",-1,9,-1,128,16,1,1,8192,0.419843,1,"clFinish_profiled"
"CPU_Elastic","COMPUTE_GRAPH","ggml_cgraph","GRAPH","",-1,2,-1,0,0,0,0,0,1.987709,1,"delegate_cpu_graph"
"OpenCL","COMPUTE","ffn_moe_logits-5","MUL_MAT","f32",-1,2,-1,64,1,1,1,256,0.524948,1,"clFinish_profiled"
"OpenCL","COMPUTE","ffn_moe_probs-5","SOFT_MAX","f32",-1,3,-1,64,1,1,1,256,0.225156,1,"clFinish_profiled"
"OpenCL","COMPUTE","ffn_moe_argsort-5","ARGSORT","i32",-1,5,-1,64,1,1,1,256,0.227031,1,"clFinish_profiled"
"OpenCL","COMPUTE","ffn_moe_weights-5","GET_ROWS","f32",-1,7,-1,1,8,1,1,32,0.091979,1,"clFinish_profiled"
"CPU_Elastic","COMPUTE_GRAPH","ggml_cgraph","GRAPH","",-1,21,-1,0,0,0,0,0,6.911563,1,"delegate_cpu_graph"
"CPU_Elastic","COMPUTE_GRAPH","ggml_cgraph","GRAPH","",-1,1,-1,0,0,0,0,0,1.526667,1,"delegate_cpu_graph"
"OpenCL","COMPUTE","Qcur-6","ROPE","f32",-1,3,-1,128,16,1,1,8192,0.514114,1,"clFinish_profiled"
"CPU_Elastic","COMPUTE_GRAPH","ggml_cgraph","GRAPH","",-1,1,-1,0,0,0,0,0,1.521250,1,"delegate_cpu_graph"
"OpenCL","COMPUTE","Kcur-6","ROPE","f32",-1,3,-1,128,16,1,1,8192,0.541406,1,"clFinish_profiled"
"CPU_Elastic","COMPUTE_GRAPH","ggml_cgraph","GRAPH","",-1,3,-1,0,0,0,0,0,2.250156,1,"delegate_cpu_graph"
"OpenCL","COMPUTE","cache_k_l6 (view)","SET_ROWS","f16",-1,0,-1,2048,512,1,1,2097152,0.494480,1,"clFinish_profiled"
"OpenCL","COMPUTE","cache_v_l6 (view)","SET_ROWS","f16",-1,2,-1,2048,512,1,1,2097152,0.203437,1,"clFinish_profiled"
"OpenCL","COMPUTE","__fattn__-6","FLASH_ATTN_EXT","f32",-1,9,-1,128,16,1,1,8192,0.420781,1,"clFinish_profiled"
"CPU_Elastic","COMPUTE_GRAPH","ggml_cgraph","GRAPH","",-1,2,-1,0,0,0,0,0,1.848333,1,"delegate_cpu_graph"
"OpenCL","COMPUTE","ffn_moe_logits-6","MUL_MAT","f32",-1,2,-1,64,1,1,1,256,0.525521,1,"clFinish_profiled"
"OpenCL","COMPUTE","ffn_moe_probs-6","SOFT_MAX","f32",-1,3,-1,64,1,1,1,256,0.205782,1,"clFinish_profiled"
"OpenCL","COMPUTE","ffn_moe_argsort-6","ARGSORT","i32",-1,5,-1,64,1,1,1,256,0.198229,1,"clFinish_profiled"
"OpenCL","COMPUTE","ffn_moe_weights-6","GET_ROWS","f32",-1,7,-1,1,8,1,1,32,0.187865,1,"clFinish_profiled"
"CPU_Elastic","COMPUTE_GRAPH","ggml_cgraph","GRAPH","",-1,21,-1,0,0,0,0,0,6.848594,1,"delegate_cpu_graph"
"CPU_Elastic","COMPUTE_GRAPH","ggml_cgraph","GRAPH","",-1,1,-1,0,0,0,0,0,1.593333,1,"delegate_cpu_graph"
"OpenCL","COMPUTE","Qcur-7","ROPE","f32",-1,3,-1,128,16,1,1,8192,0.555782,1,"clFinish_profiled"
"CPU_Elastic","COMPUTE_GRAPH","ggml_cgraph","GRAPH","",-1,1,-1,0,0,0,0,0,1.646198,1,"delegate_cpu_graph"
"OpenCL","COMPUTE","Kcur-7","ROPE","f32",-1,3,-1,128,16,1,1,8192,0.519479,1,"clFinish_profiled"
"OpenCL","COMPUTE","Vcur-7","MUL_MAT","f32",-1,4,-1,2048,1,1,1,8192,0.371614,1,"clFinish_profiled"
"OpenCL","COMPUTE","cache_k_l7 (view)","SET_ROWS","f16",-1,7,-1,2048,512,1,1,2097152,0.194635,1,"clFinish_profiled"
"OpenCL","COMPUTE","cache_v_l7 (view)","SET_ROWS","f16",-1,9,-1,2048,512,1,1,2097152,0.194739,1,"clFinish_profiled"
"OpenCL","COMPUTE","__fattn__-7","FLASH_ATTN_EXT","f32",-1,16,-1,128,16,1,1,8192,0.406093,1,"clFinish_profiled"
"CPU_Elastic","COMPUTE_GRAPH","ggml_cgraph","GRAPH","",-1,2,-1,0,0,0,0,0,1.661615,1,"delegate_cpu_graph"
"OpenCL","COMPUTE","ffn_moe_logits-7","MUL_MAT","f32",-1,2,-1,64,1,1,1,256,0.525208,1,"clFinish_profiled"
"OpenCL","COMPUTE","ffn_moe_probs-7","SOFT_MAX","f32",-1,3,-1,64,1,1,1,256,0.275782,1,"clFinish_profiled"
"OpenCL","COMPUTE","ffn_moe_argsort-7","ARGSORT","i32",-1,5,-1,64,1,1,1,256,0.205260,1,"clFinish_profiled"
"OpenCL","COMPUTE","ffn_moe_weights-7","GET_ROWS","f32",-1,7,-1,1,8,1,1,32,0.191771,1,"clFinish_profiled"
"CPU_Elastic","COMPUTE_GRAPH","ggml_cgraph","GRAPH","",-1,21,-1,0,0,0,0,0,6.576459,1,"delegate_cpu_graph"
"CPU_Elastic","COMPUTE_GRAPH","ggml_cgraph","GRAPH","",-1,1,-1,0,0,0,0,0,0.406250,1,"delegate_cpu_graph"
"OpenCL","COMPUTE","Qcur-8","ROPE","f32",-1,3,-1,128,16,1,1,8192,0.447448,1,"clFinish_profiled"
"CPU_Elastic","COMPUTE_GRAPH","ggml_cgraph","GRAPH","",-1,1,-1,0,0,0,0,0,0.427187,1,"delegate_cpu_graph"
"OpenCL","COMPUTE","Kcur-8","ROPE","f32",-1,3,-1,128,16,1,1,8192,0.401250,1,"clFinish_profiled"
"CPU_Elastic","COMPUTE_GRAPH","ggml_cgraph","GRAPH","",-1,3,-1,0,0,0,0,0,1.926927,1,"delegate_cpu_graph"
"OpenCL","COMPUTE","cache_k_l8 (view)","SET_ROWS","f16",-1,0,-1,2048,512,1,1,2097152,0.491563,1,"clFinish_profiled"
"OpenCL","COMPUTE","cache_v_l8 (view)","SET_ROWS","f16",-1,2,-1,2048,512,1,1,2097152,0.201979,1,"clFinish_profiled"
"OpenCL","COMPUTE","__fattn__-8","FLASH_ATTN_EXT","f32",-1,9,-1,128,16,1,1,8192,0.424584,1,"clFinish_profiled"
"CPU_Elastic","COMPUTE_GRAPH","ggml_cgraph","GRAPH","",-1,2,-1,0,0,0,0,0,1.687709,1,"delegate_cpu_graph"
"OpenCL","COMPUTE","ffn_moe_logits-8","MUL_MAT","f32",-1,2,-1,64,1,1,1,256,0.522604,1,"clFinish_profiled"
"OpenCL","COMPUTE","ffn_moe_probs-8","SOFT_MAX","f32",-1,3,-1,64,1,1,1,256,0.206406,1,"clFinish_profiled"
"OpenCL","COMPUTE","ffn_moe_argsort-8","ARGSORT","i32",-1,5,-1,64,1,1,1,256,0.100208,1,"clFinish_profiled"
"OpenCL","COMPUTE","ffn_moe_weights-8","GET_ROWS","f32",-1,7,-1,1,8,1,1,32,0.190572,1,"clFinish_profiled"
"CPU_Elastic","COMPUTE_GRAPH","ggml_cgraph","GRAPH","",-1,21,-1,0,0,0,0,0,11.997604,1,"delegate_cpu_graph"
"CPU_Elastic","COMPUTE_GRAPH","ggml_cgraph","GRAPH","",-1,1,-1,0,0,0,0,0,1.563802,1,"delegate_cpu_graph"
"OpenCL","COMPUTE","Qcur-9","ROPE","f32",-1,3,-1,128,16,1,1,8192,0.514427,1,"clFinish_profiled"
"CPU_Elastic","COMPUTE_GRAPH","ggml_cgraph","GRAPH","",-1,1,-1,0,0,0,0,0,1.507344,1,"delegate_cpu_graph"
"OpenCL","COMPUTE","Kcur-9","ROPE","f32",-1,3,-1,128,16,1,1,8192,0.515886,1,"clFinish_profiled"
"CPU_Elastic","COMPUTE_GRAPH","ggml_cgraph","GRAPH","",-1,3,-1,0,0,0,0,0,2.099115,1,"delegate_cpu_graph"
"OpenCL","COMPUTE","cache_k_l9 (view)","SET_ROWS","f16",-1,0,-1,2048,512,1,1,2097152,0.530105,1,"clFinish_profiled"
"OpenCL","COMPUTE","cache_v_l9 (view)","SET_ROWS","f16",-1,2,-1,2048,512,1,1,2097152,0.198386,1,"clFinish_profiled"
"OpenCL","COMPUTE","__fattn__-9","FLASH_ATTN_EXT","f32",-1,9,-1,128,16,1,1,8192,0.568229,1,"clFinish_profiled"
"CPU_Elastic","COMPUTE_GRAPH","ggml_cgraph","GRAPH","",-1,2,-1,0,0,0,0,0,1.896459,1,"delegate_cpu_graph"
"OpenCL","COMPUTE","ffn_moe_logits-9","MUL_MAT","f32",-1,2,-1,64,1,1,1,256,0.610208,1,"clFinish_profiled"
"OpenCL","COMPUTE","ffn_moe_probs-9","SOFT_MAX","f32",-1,3,-1,64,1,1,1,256,0.213020,1,"clFinish_profiled"
"OpenCL","COMPUTE","ffn_moe_argsort-9","ARGSORT","i32",-1,5,-1,64,1,1,1,256,0.201354,1,"clFinish_profiled"
"OpenCL","COMPUTE","ffn_moe_weights-9","GET_ROWS","f32",-1,7,-1,1,8,1,1,32,0.188542,1,"clFinish_profiled"
"CPU_Elastic","COMPUTE_GRAPH","ggml_cgraph","GRAPH","",-1,21,-1,0,0,0,0,0,6.926666,1,"delegate_cpu_graph"
"CPU_Elastic","COMPUTE_GRAPH","ggml_cgraph","GRAPH","",-1,1,-1,0,0,0,0,0,0.393333,1,"delegate_cpu_graph"
"OpenCL","COMPUTE","Qcur-10","ROPE","f32",-1,3,-1,128,16,1,1,8192,0.405677,1,"clFinish_profiled"
"CPU_Elastic","COMPUTE_GRAPH","ggml_cgraph","GRAPH","",-1,1,-1,0,0,0,0,0,0.468333,1,"delegate_cpu_graph"
"OpenCL","COMPUTE","Kcur-10","ROPE","f32",-1,3,-1,128,16,1,1,8192,0.394791,1,"clFinish_profiled"
"OpenCL","COMPUTE","Vcur-10","MUL_MAT","f32",-1,4,-1,2048,1,1,1,8192,0.409896,1,"clFinish_profiled"
"OpenCL","COMPUTE","cache_k_l10 (view)","SET_ROWS","f16",-1,7,-1,2048,512,1,1,2097152,0.141250,1,"clFinish_profiled"
"OpenCL","COMPUTE","cache_v_l10 (view)","SET_ROWS","f16",-1,9,-1,2048,512,1,1,2097152,0.130364,1,"clFinish_profiled"
"OpenCL","COMPUTE","__fattn__-10","FLASH_ATTN_EXT","f32",-1,16,-1,128,16,1,1,8192,0.494636,1,"clFinish_profiled"
"CPU_Elastic","COMPUTE_GRAPH","ggml_cgraph","GRAPH","",-1,2,-1,0,0,0,0,0,1.931302,1,"delegate_cpu_graph"
"OpenCL","COMPUTE","ffn_moe_logits-10","MUL_MAT","f32",-1,2,-1,64,1,1,1,256,0.531146,1,"clFinish_profiled"
"OpenCL","COMPUTE","ffn_moe_probs-10","SOFT_MAX","f32",-1,3,-1,64,1,1,1,256,0.205677,1,"clFinish_profiled"
"OpenCL","COMPUTE","ffn_moe_argsort-10","ARGSORT","i32",-1,5,-1,64,1,1,1,256,0.198333,1,"clFinish_profiled"
"OpenCL","COMPUTE","ffn_moe_weights-10","GET_ROWS","f32",-1,7,-1,1,8,1,1,32,0.213229,1,"clFinish_profiled"
"CPU_Elastic","COMPUTE_GRAPH","ggml_cgraph","GRAPH","",-1,21,-1,0,0,0,0,0,7.550417,1,"delegate_cpu_graph"
"CPU_Elastic","COMPUTE_GRAPH","ggml_cgraph","GRAPH","",-1,1,-1,0,0,0,0,0,0.385625,1,"delegate_cpu_graph"
"OpenCL","COMPUTE","Qcur-11","ROPE","f32",-1,3,-1,128,16,1,1,8192,0.405781,1,"clFinish_profiled"
"CPU_Elastic","COMPUTE_GRAPH","ggml_cgraph","GRAPH","",-1,1,-1,0,0,0,0,0,0.467812,1,"delegate_cpu_graph"
"OpenCL","COMPUTE","Kcur-11","ROPE","f32",-1,3,-1,128,16,1,1,8192,0.397605,1,"clFinish_profiled"
"CPU_Elastic","COMPUTE_GRAPH","ggml_cgraph","GRAPH","",-1,3,-1,0,0,0,0,0,0.455156,1,"delegate_cpu_graph"
"OpenCL","COMPUTE","cache_k_l11 (view)","SET_ROWS","f16",-1,0,-1,2048,512,1,1,2097152,0.388854,1,"clFinish_profiled"
"OpenCL","COMPUTE","cache_v_l11 (view)","SET_ROWS","f16",-1,2,-1,2048,512,1,1,2097152,0.222188,1,"clFinish_profiled"
"OpenCL","COMPUTE","__fattn__-11","FLASH_ATTN_EXT","f32",-1,9,-1,128,16,1,1,8192,0.413177,1,"clFinish_profiled"
"CPU_Elastic","COMPUTE_GRAPH","ggml_cgraph","GRAPH","",-1,2,-1,0,0,0,0,0,1.292604,1,"delegate_cpu_graph"
"OpenCL","COMPUTE","ffn_moe_logits-11","MUL_MAT","f32",-1,2,-1,64,1,1,1,256,0.539636,1,"clFinish_profiled"
"OpenCL","COMPUTE","ffn_moe_probs-11","SOFT_MAX","f32",-1,3,-1,64,1,1,1,256,0.207968,1,"clFinish_profiled"
"OpenCL","COMPUTE","ffn_moe_argsort-11","ARGSORT","i32",-1,5,-1,64,1,1,1,256,0.221250,1,"clFinish_profiled"
"OpenCL","COMPUTE","ffn_moe_weights-11","GET_ROWS","f32",-1,7,-1,1,8,1,1,32,0.170208,1,"clFinish_profiled"
"CPU_Elastic","COMPUTE_GRAPH","ggml_cgraph","GRAPH","",-1,21,-1,0,0,0,0,0,11.894323,1,"delegate_cpu_graph"
"CPU_Elastic","COMPUTE_GRAPH","ggml_cgraph","GRAPH","",-1,1,-1,0,0,0,0,0,1.756927,1,"delegate_cpu_graph"
"OpenCL","COMPUTE","Qcur-12","ROPE","f32",-1,3,-1,128,16,1,1,8192,0.554427,1,"clFinish_profiled"
"CPU_Elastic","COMPUTE_GRAPH","ggml_cgraph","GRAPH","",-1,1,-1,0,0,0,0,0,1.702031,1,"delegate_cpu_graph"
"OpenCL","COMPUTE","Kcur-12","ROPE","f32",-1,3,-1,128,16,1,1,8192,0.549532,1,"clFinish_profiled"
"CPU_Elastic","COMPUTE_GRAPH","ggml_cgraph","GRAPH","",-1,3,-1,0,0,0,0,0,2.092969,1,"delegate_cpu_graph"
"OpenCL","COMPUTE","cache_k_l12 (view)","SET_ROWS","f16",-1,0,-1,2048,512,1,1,2097152,0.495157,1,"clFinish_profiled"
"OpenCL","COMPUTE","cache_v_l12 (view)","SET_ROWS","f16",-1,2,-1,2048,512,1,1,2097152,0.199011,1,"clFinish_profiled"
"OpenCL","COMPUTE","__fattn__-12","FLASH_ATTN_EXT","f32",-1,9,-1,128,16,1,1,8192,0.425365,1,"clFinish_profiled"
"CPU_Elastic","COMPUTE_GRAPH","ggml_cgraph","GRAPH","",-1,2,-1,0,0,0,0,0,1.963177,1,"delegate_cpu_graph"
"OpenCL","COMPUTE","ffn_moe_logits-12","MUL_MAT","f32",-1,2,-1,64,1,1,1,256,0.509271,1,"clFinish_profiled"
"OpenCL","COMPUTE","ffn_moe_probs-12","SOFT_MAX","f32",-1,3,-1,64,1,1,1,256,0.207396,1,"clFinish_profiled"
"OpenCL","COMPUTE","ffn_moe_argsort-12","ARGSORT","i32",-1,5,-1,64,1,1,1,256,0.183490,1,"clFinish_profiled"
"OpenCL","COMPUTE","ffn_moe_weights-12","GET_ROWS","f32",-1,7,-1,1,8,1,1,32,0.239791,1,"clFinish_profiled"
"CPU_Elastic","COMPUTE_GRAPH","ggml_cgraph","GRAPH","",-1,21,-1,0,0,0,0,0,12.136614,1,"delegate_cpu_graph"
"CPU_Elastic","COMPUTE_GRAPH","ggml_cgraph","GRAPH","",-1,1,-1,0,0,0,0,0,1.557083,1,"delegate_cpu_graph"
"OpenCL","COMPUTE","Qcur-13","ROPE","f32",-1,3,-1,128,16,1,1,8192,0.547395,1,"clFinish_profiled"
"CPU_Elastic","COMPUTE_GRAPH","ggml_cgraph","GRAPH","",-1,1,-1,0,0,0,0,0,1.531823,1,"delegate_cpu_graph"
"OpenCL","COMPUTE","Kcur-13","ROPE","f32",-1,3,-1,128,16,1,1,8192,0.522656,1,"clFinish_profiled"
"OpenCL","COMPUTE","Vcur-13","MUL_MAT","f32",-1,4,-1,2048,1,1,1,8192,0.352917,1,"clFinish_profiled"
"OpenCL","COMPUTE","cache_k_l13 (view)","SET_ROWS","f16",-1,7,-1,2048,512,1,1,2097152,0.191771,1,"clFinish_profiled"
"OpenCL","COMPUTE","cache_v_l13 (view)","SET_ROWS","f16",-1,9,-1,2048,512,1,1,2097152,0.193958,1,"clFinish_profiled"
"OpenCL","COMPUTE","__fattn__-13","FLASH_ATTN_EXT","f32",-1,16,-1,128,16,1,1,8192,0.459635,1,"clFinish_profiled"
"CPU_Elastic","COMPUTE_GRAPH","ggml_cgraph","GRAPH","",-1,2,-1,0,0,0,0,0,1.958906,1,"delegate_cpu_graph"
"OpenCL","COMPUTE","ffn_moe_logits-13","MUL_MAT","f32",-1,2,-1,64,1,1,1,256,0.513802,1,"clFinish_profiled"
"OpenCL","COMPUTE","ffn_moe_probs-13","SOFT_MAX","f32",-1,3,-1,64,1,1,1,256,0.205989,1,"clFinish_profiled"
"OpenCL","COMPUTE","ffn_moe_argsort-13","ARGSORT","i32",-1,5,-1,64,1,1,1,256,0.198438,1,"clFinish_profiled"
"OpenCL","COMPUTE","ffn_moe_weights-13","GET_ROWS","f32",-1,7,-1,1,8,1,1,32,0.295677,1,"clFinish_profiled"
"CPU_Elastic","COMPUTE_GRAPH","ggml_cgraph","GRAPH","",-1,21,-1,0,0,0,0,0,7.282812,1,"delegate_cpu_graph"
"CPU_Elastic","COMPUTE_GRAPH","ggml_cgraph","GRAPH","",-1,1,-1,0,0,0,0,0,1.395364,1,"delegate_cpu_graph"
"OpenCL","COMPUTE","Qcur-14","ROPE","f32",-1,3,-1,128,16,1,1,8192,0.516406,1,"clFinish_profiled"
"CPU_Elastic","COMPUTE_GRAPH","ggml_cgraph","GRAPH","",-1,1,-1,0,0,0,0,0,1.635677,1,"delegate_cpu_graph"
"OpenCL","COMPUTE","Kcur-14","ROPE","f32",-1,3,-1,128,16,1,1,8192,0.561406,1,"clFinish_profiled"
"OpenCL","COMPUTE","Vcur-14","MUL_MAT","f32",-1,4,-1,2048,1,1,1,8192,0.365834,1,"clFinish_profiled"
"OpenCL","COMPUTE","cache_k_l14 (view)","SET_ROWS","f16",-1,7,-1,2048,512,1,1,2097152,0.199427,1,"clFinish_profiled"
"OpenCL","COMPUTE","cache_v_l14 (view)","SET_ROWS","f16",-1,9,-1,2048,512,1,1,2097152,0.214583,1,"clFinish_profiled"
"OpenCL","COMPUTE","__fattn__-14","FLASH_ATTN_EXT","f32",-1,16,-1,128,16,1,1,8192,0.411719,1,"clFinish_profiled"
"CPU_Elastic","COMPUTE_GRAPH","ggml_cgraph","GRAPH","",-1,2,-1,0,0,0,0,0,1.621250,1,"delegate_cpu_graph"
"OpenCL","COMPUTE","ffn_moe_logits-14","MUL_MAT","f32",-1,2,-1,64,1,1,1,256,0.524011,1,"clFinish_profiled"
"OpenCL","COMPUTE","ffn_moe_probs-14","SOFT_MAX","f32",-1,3,-1,64,1,1,1,256,0.208490,1,"clFinish_profiled"
"OpenCL","COMPUTE","ffn_moe_argsort-14","ARGSORT","i32",-1,5,-1,64,1,1,1,256,0.203229,1,"clFinish_profiled"
"OpenCL","COMPUTE","ffn_moe_weights-14","GET_ROWS","f32",-1,7,-1,1,8,1,1,32,0.203698,1,"clFinish_profiled"
"CPU_Elastic","COMPUTE_GRAPH","ggml_cgraph","GRAPH","",-1,21,-1,0,0,0,0,0,7.457292,1,"delegate_cpu_graph"
"CPU_Elastic","COMPUTE_GRAPH","ggml_cgraph","GRAPH","",-1,1,-1,0,0,0,0,0,0.379480,1,"delegate_cpu_graph"
"OpenCL","COMPUTE","Qcur-15","ROPE","f32",-1,3,-1,128,16,1,1,8192,0.406250,1,"clFinish_profiled"
"CPU_Elastic","COMPUTE_GRAPH","ggml_cgraph","GRAPH","",-1,1,-1,0,0,0,0,0,1.634479,1,"delegate_cpu_graph"
"OpenCL","COMPUTE","Kcur-15","ROPE","f32",-1,3,-1,128,16,1,1,8192,0.498541,1,"clFinish_profiled"
"OpenCL","COMPUTE","Vcur-15","MUL_MAT","f32",-1,4,-1,2048,1,1,1,8192,0.372188,1,"clFinish_profiled"
"OpenCL","COMPUTE","cache_k_l15 (view)","SET_ROWS","f16",-1,7,-1,2048,512,1,1,2097152,0.213698,1,"clFinish_profiled"
"OpenCL","COMPUTE","cache_v_l15 (view)","SET_ROWS","f16",-1,9,-1,2048,512,1,1,2097152,0.191614,1,"clFinish_profiled"
"OpenCL","COMPUTE","__fattn__-15","FLASH_ATTN_EXT","f32",-1,16,-1,128,16,1,1,8192,0.408386,1,"clFinish_profiled"
"CPU_Elastic","COMPUTE_GRAPH","ggml_cgraph","GRAPH","",-1,4,-1,0,0,0,0,0,2.602396,1,"delegate_cpu_graph"
"OpenCL","COMPUTE","ffn_moe_logits-15","MUL_MAT","f32",-1,2,-1,64,1,1,1,256,0.516510,1,"clFinish_profiled"
"OpenCL","COMPUTE","ffn_moe_probs-15","SOFT_MAX","f32",-1,3,-1,64,1,1,1,256,0.203854,1,"clFinish_profiled"
"OpenCL","COMPUTE","ffn_moe_argsort-15","ARGSORT","i32",-1,5,-1,64,1,1,1,256,0.196875,1,"clFinish_profiled"
"OpenCL","COMPUTE","ffn_moe_weights-15","GET_ROWS","f32",-1,7,-1,1,8,1,1,32,0.190469,1,"clFinish_profiled"
"CPU_Elastic","COMPUTE_GRAPH","ggml_cgraph","GRAPH","",-1,22,-1,0,0,0,0,0,7.460104,1,"delegate_cpu_graph"
"OpenCL","COMPUTE","result_norm","MUL","f32",-1,0,-1,2048,1,1,1,8192,0.517083,1,"clFinish_profiled"
"OpenCL","COMPUTE","result_output","MUL_MAT","f32",-1,1,-1,50304,1,1,1,201216,3.885469,1,"clFinish_profiled"
"CPU_Elastic","COMPUTE_GRAPH","ggml_cgraph","GRAPH","",-1,1,-1,0,0,0,0,0,0.010365,1,"delegate_cpu_graph"
"CPU_Elastic","COMPUTE_GRAPH","ggml_cgraph","GRAPH","",-1,1,-1,0,0,0,0,0,1.324896,1,"delegate_cpu_graph"
"OpenCL","COMPUTE","Qcur-0","ROPE","f32",-1,3,-1,128,16,1,1,8192,0.515573,1,"clFinish_profiled"
"CPU_Elastic","COMPUTE_GRAPH","ggml_cgraph","GRAPH","",-1,1,-1,0,0,0,0,0,1.663282,1,"delegate_cpu_graph"
"OpenCL","COMPUTE","Kcur-0","ROPE","f32",-1,3,-1,128,16,1,1,8192,0.537968,1,"clFinish_profiled"
"OpenCL","COMPUTE","Vcur-0","MUL_MAT","f32",-1,4,-1,2048,1,1,1,8192,0.357604,1,"clFinish_profiled"
"OpenCL","COMPUTE","cache_k_l0 (view)","SET_ROWS","f16",-1,7,-1,2048,512,1,1,2097152,0.235104,1,"clFinish_profiled"
"OpenCL","COMPUTE","cache_v_l0 (view)","SET_ROWS","f16",-1,9,-1,2048,512,1,1,2097152,0.194219,1,"clFinish_profiled"
"OpenCL","COMPUTE"," (copy)","CPY","f16",-1,16,-1,256,64,1,1,32768,0.201303,1,"clFinish_profiled"
"OpenCL","COMPUTE","__fattn__-0","FLASH_ATTN_EXT","f32",-1,17,-1,128,16,1,1,8192,0.416146,1,"clFinish_profiled"
"CPU_Elastic","COMPUTE_GRAPH","ggml_cgraph","GRAPH","",-1,2,-1,0,0,0,0,0,2.017188,1,"delegate_cpu_graph"
"OpenCL","COMPUTE","ffn_moe_logits-0","MUL_MAT","f32",-1,2,-1,64,1,1,1,256,0.522708,1,"clFinish_profiled"
"OpenCL","COMPUTE","ffn_moe_probs-0","SOFT_MAX","f32",-1,3,-1,64,1,1,1,256,0.206510,1,"clFinish_profiled"
"OpenCL","COMPUTE","ffn_moe_argsort-0","ARGSORT","i32",-1,5,-1,64,1,1,1,256,0.118333,1,"clFinish_profiled"
"OpenCL","COMPUTE","ffn_moe_weights-0","GET_ROWS","f32",-1,7,-1,1,8,1,1,32,0.210157,1,"clFinish_profiled"
"CPU_Elastic","COMPUTE_GRAPH","ggml_cgraph","GRAPH","",-1,21,-1,0,0,0,0,0,9.686146,1,"delegate_cpu_graph"
"CPU_Elastic","COMPUTE_GRAPH","ggml_cgraph","GRAPH","",-1,1,-1,0,0,0,0,0,0.388802,1,"delegate_cpu_graph"
"OpenCL","COMPUTE","Qcur-1","ROPE","f32",-1,3,-1,128,16,1,1,8192,0.400729,1,"clFinish_profiled"
"CPU_Elastic","COMPUTE_GRAPH","ggml_cgraph","GRAPH","",-1,1,-1,0,0,0,0,0,0.472083,1,"delegate_cpu_graph"
"OpenCL","COMPUTE","Kcur-1","ROPE","f32",-1,3,-1,128,16,1,1,8192,0.439323,1,"clFinish_profiled"
"OpenCL","COMPUTE","Vcur-1","MUL_MAT","f32",-1,4,-1,2048,1,1,1,8192,0.380729,1,"clFinish_profiled"
"OpenCL","COMPUTE","cache_k_l1 (view)","SET_ROWS","f16",-1,7,-1,2048,512,1,1,2097152,0.197865,1,"clFinish_profiled"
"OpenCL","COMPUTE","cache_v_l1 (view)","SET_ROWS","f16",-1,9,-1,2048,512,1,1,2097152,0.191979,1,"clFinish_profiled"
"OpenCL","COMPUTE","__fattn__-1","FLASH_ATTN_EXT","f32",-1,16,-1,128,16,1,1,8192,0.436407,1,"clFinish_profiled"
"CPU_Elastic","COMPUTE_GRAPH","ggml_cgraph","GRAPH","",-1,2,-1,0,0,0,0,0,1.667031,1,"delegate_cpu_graph"
"OpenCL","COMPUTE","ffn_moe_logits-1","MUL_MAT","f32",-1,2,-1,64,1,1,1,256,0.531042,1,"clFinish_profiled"
"OpenCL","COMPUTE","ffn_moe_probs-1","SOFT_MAX","f32",-1,3,-1,64,1,1,1,256,0.246042,1,"clFinish_profiled"
"OpenCL","COMPUTE","ffn_moe_argsort-1","ARGSORT","i32",-1,5,-1,64,1,1,1,256,0.211355,1,"clFinish_profiled"
"OpenCL","COMPUTE","ffn_moe_weights-1","GET_ROWS","f32",-1,7,-1,1,8,1,1,32,0.193802,1,"clFinish_profiled"
"CPU_Elastic","COMPUTE_GRAPH","ggml_cgraph","GRAPH","",-1,21,-1,0,0,0,0,0,8.658229,1,"delegate_cpu_graph"
"CPU_Elastic","COMPUTE_GRAPH","ggml_cgraph","GRAPH","",-1,1,-1,0,0,0,0,0,0.388438,1,"delegate_cpu_graph"
"OpenCL","COMPUTE","Qcur-2","ROPE","f32",-1,3,-1,128,16,1,1,8192,0.428021,1,"clFinish_profiled"
"CPU_Elastic","COMPUTE_GRAPH","ggml_cgraph","GRAPH","",-1,1,-1,0,0,0,0,0,0.442552,1,"delegate_cpu_graph"
"OpenCL","COMPUTE","Kcur-2","ROPE","f32",-1,3,-1,128,16,1,1,8192,0.435052,1,"clFinish_profiled"
"CPU_Elastic","COMPUTE_GRAPH","ggml_cgraph","GRAPH","",-1,3,-1,0,0,0,0,0,0.437708,1,"delegate_cpu_graph"
"OpenCL","COMPUTE","cache_k_l2 (view)","SET_ROWS","f16",-1,0,-1,2048,512,1,1,2097152,0.391250,1,"clFinish_profiled"
"OpenCL","COMPUTE","cache_v_l2 (view)","SET_ROWS","f16",-1,2,-1,2048,512,1,1,2097152,0.219791,1,"clFinish_profiled"
"OpenCL","COMPUTE","__fattn__-2","FLASH_ATTN_EXT","f32",-1,9,-1,128,16,1,1,8192,0.413594,1,"clFinish_profiled"
"CPU_Elastic","COMPUTE_GRAPH","ggml_cgraph","GRAPH","",-1,2,-1,0,0,0,0,0,1.565156,1,"delegate_cpu_graph"
"OpenCL","COMPUTE","ffn_moe_logits-2","MUL_MAT","f32",-1,2,-1,64,1,1,1,256,0.523698,1,"clFinish_profiled"
"OpenCL","COMPUTE","ffn_moe_probs-2","SOFT_MAX","f32",-1,3,-1,64,1,1,1,256,0.225938,1,"clFinish_profiled"
"OpenCL","COMPUTE","ffn_moe_argsort-2","ARGSORT","i32",-1,5,-1,64,1,1,1,256,0.204167,1,"clFinish_profiled"
"OpenCL","COMPUTE","ffn_moe_weights-2","GET_ROWS","f32",-1,7,-1,1,8,1,1,32,0.171511,1,"clFinish_profiled"
"CPU_Elastic","COMPUTE_GRAPH","ggml_cgraph","GRAPH","",-1,21,-1,0,0,0,0,0,12.008698,1,"delegate_cpu_graph"
"CPU_Elastic","COMPUTE_GRAPH","ggml_cgraph","GRAPH","",-1,1,-1,0,0,0,0,0,1.621667,1,"delegate_cpu_graph"
"OpenCL","COMPUTE","Qcur-3","ROPE","f32",-1,3,-1,128,16,1,1,8192,0.470625,1,"clFinish_profiled"
"CPU_Elastic","COMPUTE_GRAPH","ggml_cgraph","GRAPH","",-1,1,-1,0,0,0,0,0,1.289167,1,"delegate_cpu_graph"
"OpenCL","COMPUTE","Kcur-3","ROPE","f32",-1,3,-1,128,16,1,1,8192,0.492552,1,"clFinish_profiled"
"CPU_Elastic","COMPUTE_GRAPH","ggml_cgraph","GRAPH","",-1,3,-1,0,0,0,0,0,2.355781,1,"delegate_cpu_graph"
"OpenCL","COMPUTE","cache_k_l3 (view)","SET_ROWS","f16",-1,0,-1,2048,512,1,1,2097152,0.481719,1,"clFinish_profiled"
"OpenCL","COMPUTE","cache_v_l3 (view)","SET_ROWS","f16",-1,2,-1,2048,512,1,1,2097152,0.194063,1,"clFinish_profiled"
"OpenCL","COMPUTE","__fattn__-3","FLASH_ATTN_EXT","f32",-1,9,-1,128,16,1,1,8192,0.436771,1,"clFinish_profiled"
"CPU_Elastic","COMPUTE_GRAPH","ggml_cgraph","GRAPH","",-1,2,-1,0,0,0,0,0,2.078490,1,"delegate_cpu_graph"
"OpenCL","COMPUTE","ffn_moe_logits-3","MUL_MAT","f32",-1,2,-1,64,1,1,1,256,0.553177,1,"clFinish_profiled"
"OpenCL","COMPUTE","ffn_moe_probs-3","SOFT_MAX","f32",-1,3,-1,64,1,1,1,256,0.217864,1,"clFinish_profiled"
"OpenCL","COMPUTE","ffn_moe_argsort-3","ARGSORT","i32",-1,5,-1,64,1,1,1,256,0.199479,1,"clFinish_profiled"
"OpenCL","COMPUTE","ffn_moe_weights-3","GET_ROWS","f32",-1,7,-1,1,8,1,1,32,0.188177,1,"clFinish_profiled"
"CPU_Elastic","COMPUTE_GRAPH","ggml_cgraph","GRAPH","",-1,21,-1,0,0,0,0,0,12.576823,1,"delegate_cpu_graph"
"CPU_Elastic","COMPUTE_GRAPH","ggml_cgraph","GRAPH","",-1,1,-1,0,0,0,0,0,1.749895,1,"delegate_cpu_graph"
"OpenCL","COMPUTE","Qcur-4","ROPE","f32",-1,3,-1,128,16,1,1,8192,0.507656,1,"clFinish_profiled"
"CPU_Elastic","COMPUTE_GRAPH","ggml_cgraph","GRAPH","",-1,1,-1,0,0,0,0,0,1.705000,1,"delegate_cpu_graph"
"OpenCL","COMPUTE","Kcur-4","ROPE","f32",-1,3,-1,128,16,1,1,8192,0.493021,1,"clFinish_profiled"
"OpenCL","COMPUTE","Vcur-4","MUL_MAT","f32",-1,4,-1,2048,1,1,1,8192,0.351406,1,"clFinish_profiled"
"OpenCL","COMPUTE","cache_k_l4 (view)","SET_ROWS","f16",-1,7,-1,2048,512,1,1,2097152,0.192760,1,"clFinish_profiled"
"OpenCL","COMPUTE","cache_v_l4 (view)","SET_ROWS","f16",-1,9,-1,2048,512,1,1,2097152,0.190782,1,"clFinish_profiled"
"OpenCL","COMPUTE","__fattn__-4","FLASH_ATTN_EXT","f32",-1,16,-1,128,16,1,1,8192,0.432864,1,"clFinish_profiled"
"CPU_Elastic","COMPUTE_GRAPH","ggml_cgraph","GRAPH","",-1,2,-1,0,0,0,0,0,1.652291,1,"delegate_cpu_graph"
"OpenCL","COMPUTE","ffn_moe_logits-4","MUL_MAT","f32",-1,2,-1,64,1,1,1,256,0.491250,1,"clFinish_profiled"
"OpenCL","COMPUTE","ffn_moe_probs-4","SOFT_MAX","f32",-1,3,-1,64,1,1,1,256,0.203490,1,"clFinish_profiled"
"OpenCL","COMPUTE","ffn_moe_argsort-4","ARGSORT","i32",-1,5,-1,64,1,1,1,256,0.101041,1,"clFinish_profiled"
"OpenCL","COMPUTE","ffn_moe_weights-4","GET_ROWS","f32",-1,7,-1,1,8,1,1,32,0.191563,1,"clFinish_profiled"
"CPU_Elastic","COMPUTE_GRAPH","ggml_cgraph","GRAPH","",-1,21,-1,0,0,0,0,0,10.296875,1,"delegate_cpu_graph"
"CPU_Elastic","COMPUTE_GRAPH","ggml_cgraph","GRAPH","",-1,1,-1,0,0,0,0,0,1.533177,1,"delegate_cpu_graph"
"OpenCL","COMPUTE","Qcur-5","ROPE","f32",-1,3,-1,128,16,1,1,8192,0.472188,1,"clFinish_profiled"
"CPU_Elastic","COMPUTE_GRAPH","ggml_cgraph","GRAPH","",-1,1,-1,0,0,0,0,0,1.719480,1,"delegate_cpu_graph"
"OpenCL","COMPUTE","Kcur-5","ROPE","f32",-1,3,-1,128,16,1,1,8192,0.502760,1,"clFinish_profiled"
"CPU_Elastic","COMPUTE_GRAPH","ggml_cgraph","GRAPH","",-1,3,-1,0,0,0,0,0,1.891458,1,"delegate_cpu_graph"
"OpenCL","COMPUTE","cache_k_l5 (view)","SET_ROWS","f16",-1,0,-1,2048,512,1,1,2097152,0.435469,1,"clFinish_profiled"
"OpenCL","COMPUTE","cache_v_l5 (view)","SET_ROWS","f16",-1,2,-1,2048,512,1,1,2097152,0.118594,1,"clFinish_profiled"
"OpenCL","COMPUTE","__fattn__-5","FLASH_ATTN_EXT","f32",-1,9,-1,128,16,1,1,8192,0.418959,1,"clFinish_profiled"
"CPU_Elastic","COMPUTE_GRAPH","ggml_cgraph","GRAPH","",-1,2,-1,0,0,0,0,0,1.867188,1,"delegate_cpu_graph"
"OpenCL","COMPUTE","ffn_moe_logits-5","MUL_MAT","f32",-1,2,-1,64,1,1,1,256,0.439583,1,"clFinish_profiled"
"OpenCL","COMPUTE","ffn_moe_probs-5","SOFT_MAX","f32",-1,3,-1,64,1,1,1,256,0.192708,1,"clFinish_profiled"
"OpenCL","COMPUTE","ffn_moe_argsort-5","ARGSORT","i32",-1,5,-1,64,1,1,1,256,0.200469,1,"clFinish_profiled"
"OpenCL","COMPUTE","ffn_moe_weights-5","GET_ROWS","f32",-1,7,-1,1,8,1,1,32,0.187239,1,"clFinish_profiled"
"CPU_Elastic","COMPUTE_GRAPH","ggml_cgraph","GRAPH","",-1,21,-1,0,0,0,0,0,7.248854,1,"delegate_cpu_graph"
"CPU_Elastic","COMPUTE_GRAPH","ggml_cgraph","GRAPH","",-1,1,-1,0,0,0,0,0,0.442865,1,"delegate_cpu_graph"
"OpenCL","COMPUTE","Qcur-6","ROPE","f32",-1,3,-1,128,16,1,1,8192,0.400052,1,"clFinish_profiled"
"CPU_Elastic","COMPUTE_GRAPH","ggml_cgraph","GRAPH","",-1,1,-1,0,0,0,0,0,1.046719,1,"delegate_cpu_graph"
"OpenCL","COMPUTE","Kcur-6","ROPE","f32",-1,3,-1,128,16,1,1,8192,0.479583,1,"clFinish_profiled"
"CPU_Elastic","COMPUTE_GRAPH","ggml_cgraph","GRAPH","",-1,3,-1,0,0,0,0,0,0.967031,1,"delegate_cpu_graph"
"OpenCL","COMPUTE","cache_k_l6 (view)","SET_ROWS","f16",-1,0,-1,2048,512,1,1,2097152,0.460729,1,"clFinish_profiled"
"OpenCL","COMPUTE","cache_v_l6 (view)","SET_ROWS","f16",-1,2,-1,2048,512,1,1,2097152,0.184479,1,"clFinish_profiled"
"OpenCL","COMPUTE","__fattn__-6","FLASH_ATTN_EXT","f32",-1,9,-1,128,16,1,1,8192,0.437500,1,"clFinish_profiled"
"CPU_Elastic","COMPUTE_GRAPH","ggml_cgraph","GRAPH","",-1,2,-1,0,0,0,0,0,1.806458,1,"delegate_cpu_graph"
"OpenCL","COMPUTE","ffn_moe_logits-6","MUL_MAT","f32",-1,2,-1,64,1,1,1,256,0.497083,1,"clFinish_profiled"
"OpenCL","COMPUTE","ffn_moe_probs-6","SOFT_MAX","f32",-1,3,-1,64,1,1,1,256,0.207864,1,"clFinish_profiled"
"OpenCL","COMPUTE","ffn_moe_argsort-6","ARGSORT","i32",-1,5,-1,64,1,1,1,256,0.199114,1,"clFinish_profiled"
"OpenCL","COMPUTE","ffn_moe_weights-6","GET_ROWS","f32",-1,7,-1,1,8,1,1,32,0.186979,1,"clFinish_profiled"
"CPU_Elastic","COMPUTE_GRAPH","ggml_cgraph","GRAPH","",-1,21,-1,0,0,0,0,0,8.617969,1,"delegate_cpu_graph"
"CPU_Elastic","COMPUTE_GRAPH","ggml_cgraph","GRAPH","",-1,1,-1,0,0,0,0,0,0.442657,1,"delegate_cpu_graph"
"OpenCL","COMPUTE","Qcur-7","ROPE","f32",-1,3,-1,128,16,1,1,8192,0.424739,1,"clFinish_profiled"
"CPU_Elastic","COMPUTE_GRAPH","ggml_cgraph","GRAPH","",-1,1,-1,0,0,0,0,0,0.916094,1,"delegate_cpu_graph"
"OpenCL","COMPUTE","Kcur-7","ROPE","f32",-1,3,-1,128,16,1,1,8192,0.468334,1,"clFinish_profiled"
"OpenCL","COMPUTE","Vcur-7","MUL_MAT","f32",-1,4,-1,2048,1,1,1,8192,0.351563,1,"clFinish_profiled"
"OpenCL","COMPUTE","cache_k_l7 (view)","SET_ROWS","f16",-1,7,-1,2048,512,1,1,2097152,0.108073,1,"clFinish_profiled"
"OpenCL","COMPUTE","cache_v_l7 (view)","SET_ROWS","f16",-1,9,-1,2048,512,1,1,2097152,0.199166,1,"clFinish_profiled"
"OpenCL","COMPUTE","__fattn__-7","FLASH_ATTN_EXT","f32",-1,16,-1,128,16,1,1,8192,0.414115,1,"clFinish_profiled"
"CPU_Elastic","COMPUTE_GRAPH","ggml_cgraph","GRAPH","",-1,2,-1,0,0,0,0,0,0.499375,1,"delegate_cpu_graph"
"OpenCL","COMPUTE","ffn_moe_logits-7","MUL_MAT","f32",-1,2,-1,64,1,1,1,256,0.410000,1,"clFinish_profiled"
"OpenCL","COMPUTE","ffn_moe_probs-7","SOFT_MAX","f32",-1,3,-1,64,1,1,1,256,0.197083,1,"clFinish_profiled"
"OpenCL","COMPUTE","ffn_moe_argsort-7","ARGSORT","i32",-1,5,-1,64,1,1,1,256,0.199323,1,"clFinish_profiled"
"OpenCL","COMPUTE","ffn_moe_weights-7","GET_ROWS","f32",-1,7,-1,1,8,1,1,32,0.189531,1,"clFinish_profiled"
"CPU_Elastic","COMPUTE_GRAPH","ggml_cgraph","GRAPH","",-1,21,-1,0,0,0,0,0,12.340105,1,"delegate_cpu_graph"
"CPU_Elastic","COMPUTE_GRAPH","ggml_cgraph","GRAPH","",-1,1,-1,0,0,0,0,0,1.819427,1,"delegate_cpu_graph"
"OpenCL","COMPUTE","Qcur-8","ROPE","f32",-1,3,-1,128,16,1,1,8192,0.479531,1,"clFinish_profiled"
"CPU_Elastic","COMPUTE_GRAPH","ggml_cgraph","GRAPH","",-1,1,-1,0,0,0,0,0,1.266562,1,"delegate_cpu_graph"
"OpenCL","COMPUTE","Kcur-8","ROPE","f32",-1,3,-1,128,16,1,1,8192,0.486302,1,"clFinish_profiled"
"CPU_Elastic","COMPUTE_GRAPH","ggml_cgraph","GRAPH","",-1,3,-1,0,0,0,0,0,2.355625,1,"delegate_cpu_graph"
"OpenCL","COMPUTE","cache_k_l8 (view)","SET_ROWS","f16",-1,0,-1,2048,512,1,1,2097152,0.474323,1,"clFinish_profiled"
"OpenCL","COMPUTE","cache_v_l8 (view)","SET_ROWS","f16",-1,2,-1,2048,512,1,1,2097152,0.197761,1,"clFinish_profiled"
"OpenCL","COMPUTE","__fattn__-8","FLASH_ATTN_EXT","f32",-1,9,-1,128,16,1,1,8192,0.416823,1,"clFinish_profiled"
"CPU_Elastic","COMPUTE_GRAPH","ggml_cgraph","GRAPH","",-1,2,-1,0,0,0,0,0,2.119479,1,"delegate_cpu_graph"
"OpenCL","COMPUTE","ffn_moe_logits-8","MUL_MAT","f32",-1,2,-1,64,1,1,1,256,0.513593,1,"clFinish_profiled"
"OpenCL","COMPUTE","ffn_moe_probs-8","SOFT_MAX","f32",-1,3,-1,64,1,1,1,256,0.208802,1,"clFinish_profiled"
"OpenCL","COMPUTE","ffn_moe_argsort-8","ARGSORT","i32",-1,5,-1,64,1,1,1,256,0.200156,1,"clFinish_profiled"
"OpenCL","COMPUTE","ffn_moe_weights-8","GET_ROWS","f32",-1,7,-1,1,8,1,1,32,0.187813,1,"clFinish_profiled"
"CPU_Elastic","COMPUTE_GRAPH","ggml_cgraph","GRAPH","",-1,21,-1,0,0,0,0,0,12.618073,1,"delegate_cpu_graph"
"CPU_Elastic","COMPUTE_GRAPH","ggml_cgraph","GRAPH","",-1,1,-1,0,0,0,0,0,1.281459,1,"delegate_cpu_graph"
"OpenCL","COMPUTE","Qcur-9","ROPE","f32",-1,3,-1,128,16,1,1,8192,0.506719,1,"clFinish_profiled"
"CPU_Elastic","COMPUTE_GRAPH","ggml_cgraph","GRAPH","",-1,1,-1,0,0,0,0,0,1.494219,1,"delegate_cpu_graph"
"OpenCL","COMPUTE","Kcur-9","ROPE","f32",-1,3,-1,128,16,1,1,8192,0.508958,1,"clFinish_profiled"
"CPU_Elastic","COMPUTE_GRAPH","ggml_cgraph","GRAPH","",-1,3,-1,0,0,0,0,0,2.074167,1,"delegate_cpu_graph"
"OpenCL","COMPUTE","cache_k_l9 (view)","SET_ROWS","f16",-1,0,-1,2048,512,1,1,2097152,0.531406,1,"clFinish_profiled"
"OpenCL","COMPUTE","cache_v_l9 (view)","SET_ROWS","f16",-1,2,-1,2048,512,1,1,2097152,0.198958,1,"clFinish_profiled"
"OpenCL","COMPUTE","__fattn__-9","FLASH_ATTN_EXT","f32",-1,9,-1,128,16,1,1,8192,0.501458,1,"clFinish_profiled"
"CPU_Elastic","COMPUTE_GRAPH","ggml_cgraph","GRAPH","",-1,2,-1,0,0,0,0,0,1.879895,1,"delegate_cpu_graph"
"OpenCL","COMPUTE","ffn_moe_logits-9","MUL_MAT","f32",-1,2,-1,64,1,1,1,256,0.505937,1,"clFinish_profiled"
"OpenCL","COMPUTE","ffn_moe_probs-9","SOFT_MAX","f32",-1,3,-1,64,1,1,1,256,0.208386,1,"clFinish_profiled"
"OpenCL","COMPUTE","ffn_moe_argsort-9","ARGSORT","i32",-1,5,-1,64,1,1,1,256,0.199896,1,"clFinish_profiled"
"OpenCL","COMPUTE","ffn_moe_weights-9","GET_ROWS","f32",-1,7,-1,1,8,1,1,32,0.188177,1,"clFinish_profiled"
"CPU_Elastic","COMPUTE_GRAPH","ggml_cgraph","GRAPH","",-1,21,-1,0,0,0,0,0,6.942292,1,"delegate_cpu_graph"
"CPU_Elastic","COMPUTE_GRAPH","ggml_cgraph","GRAPH","",-1,1,-1,0,0,0,0,0,0.412031,1,"delegate_cpu_graph"
"OpenCL","COMPUTE","Qcur-10","ROPE","f32",-1,3,-1,128,16,1,1,8192,0.405417,1,"clFinish_profiled"
"CPU_Elastic","COMPUTE_GRAPH","ggml_cgraph","GRAPH","",-1,1,-1,0,0,0,0,0,0.495990,1,"delegate_cpu_graph"
"OpenCL","COMPUTE","Kcur-10","ROPE","f32",-1,3,-1,128,16,1,1,8192,0.392448,1,"clFinish_profiled"
"OpenCL","COMPUTE","Vcur-10","MUL_MAT","f32",-1,4,-1,2048,1,1,1,8192,0.352396,1,"clFinish_profiled"
"OpenCL","COMPUTE","cache_k_l10 (view)","SET_ROWS","f16",-1,7,-1,2048,512,1,1,2097152,0.180364,1,"clFinish_profiled"
"OpenCL","COMPUTE","cache_v_l10 (view)","SET_ROWS","f16",-1,9,-1,2048,512,1,1,2097152,0.251302,1,"clFinish_profiled"
"OpenCL","COMPUTE","__fattn__-10","FLASH_ATTN_EXT","f32",-1,16,-1,128,16,1,1,8192,0.433646,1,"clFinish_profiled"
"CPU_Elastic","COMPUTE_GRAPH","ggml_cgraph","GRAPH","",-1,2,-1,0,0,0,0,0,1.998177,1,"delegate_cpu_graph"
"OpenCL","COMPUTE","ffn_moe_logits-10","MUL_MAT","f32",-1,2,-1,64,1,1,1,256,0.523541,1,"clFinish_profiled"
"OpenCL","COMPUTE","ffn_moe_probs-10","SOFT_MAX","f32",-1,3,-1,64,1,1,1,256,0.207239,1,"clFinish_profiled"
"OpenCL","COMPUTE","ffn_moe_argsort-10","ARGSORT","i32",-1,5,-1,64,1,1,1,256,0.197656,1,"clFinish_profiled"
"OpenCL","COMPUTE","ffn_moe_weights-10","GET_ROWS","f32",-1,7,-1,1,8,1,1,32,0.185782,1,"clFinish_profiled"
"CPU_Elastic","COMPUTE_GRAPH","ggml_cgraph","GRAPH","",-1,21,-1,0,0,0,0,0,12.273177,1,"delegate_cpu_graph"
"CPU_Elastic","COMPUTE_GRAPH","ggml_cgraph","GRAPH","",-1,1,-1,0,0,0,0,0,1.294583,1,"delegate_cpu_graph"
"OpenCL","COMPUTE","Qcur-11","ROPE","f32",-1,3,-1,128,16,1,1,8192,0.582031,1,"clFinish_profiled"
"CPU_Elastic","COMPUTE_GRAPH","ggml_cgraph","GRAPH","",-1,1,-1,0,0,0,0,0,1.327448,1,"delegate_cpu_graph"
"OpenCL","COMPUTE","Kcur-11","ROPE","f32",-1,3,-1,128,16,1,1,8192,0.526511,1,"clFinish_profiled"
"CPU_Elastic","COMPUTE_GRAPH","ggml_cgraph","GRAPH","",-1,3,-1,0,0,0,0,0,1.956615,1,"delegate_cpu_graph"
"OpenCL","COMPUTE","cache_k_l11 (view)","SET_ROWS","f16",-1,0,-1,2048,512,1,1,2097152,0.536042,1,"clFinish_profiled"
"OpenCL","COMPUTE","cache_v_l11 (view)","SET_ROWS","f16",-1,2,-1,2048,512,1,1,2097152,0.201511,1,"clFinish_profiled"
"OpenCL","COMPUTE","__fattn__-11","FLASH_ATTN_EXT","f32",-1,9,-1,128,16,1,1,8192,0.405052,1,"clFinish_profiled"
"CPU_Elastic","COMPUTE_GRAPH","ggml_cgraph","GRAPH","",-1,2,-1,0,0,0,0,0,1.870885,1,"delegate_cpu_graph"
"OpenCL","COMPUTE","ffn_moe_logits-11","MUL_MAT","f32",-1,2,-1,64,1,1,1,256,0.484531,1,"clFinish_profiled"
"OpenCL","COMPUTE","ffn_moe_probs-11","SOFT_MAX","f32",-1,3,-1,64,1,1,1,256,0.200729,1,"clFinish_profiled"
"OpenCL","COMPUTE","ffn_moe_argsort-11","ARGSORT","i32",-1,5,-1,64,1,1,1,256,0.242448,1,"clFinish_profiled"
"OpenCL","COMPUTE","ffn_moe_weights-11","GET_ROWS","f32",-1,7,-1,1,8,1,1,32,0.191563,1,"clFinish_profiled"
"CPU_Elastic","COMPUTE_GRAPH","ggml_cgraph","GRAPH","",-1,21,-1,0,0,0,0,0,11.855885,1,"delegate_cpu_graph"
"CPU_Elastic","COMPUTE_GRAPH","ggml_cgraph","GRAPH","",-1,1,-1,0,0,0,0,0,1.735834,1,"delegate_cpu_graph"
"OpenCL","COMPUTE","Qcur-12","ROPE","f32",-1,3,-1,128,16,1,1,8192,0.507187,1,"clFinish_profiled"
"CPU_Elastic","COMPUTE_GRAPH","ggml_cgraph","GRAPH","",-1,1,-1,0,0,0,0,0,0.803490,1,"delegate_cpu_graph"
"OpenCL","COMPUTE","Kcur-12","ROPE","f32",-1,3,-1,128,16,1,1,8192,0.492760,1,"clFinish_profiled"
"CPU_Elastic","COMPUTE_GRAPH","ggml_cgraph","GRAPH","",-1,3,-1,0,0,0,0,0,0.383854,1,"delegate_cpu_graph"
"OpenCL","COMPUTE","cache_k_l12 (view)","SET_ROWS","f16",-1,0,-1,2048,512,1,1,2097152,0.388802,1,"clFinish_profiled"
"OpenCL","COMPUTE","cache_v_l12 (view)","SET_ROWS","f16",-1,2,-1,2048,512,1,1,2097152,0.220312,1,"clFinish_profiled"
"OpenCL","COMPUTE","__fattn__-12","FLASH_ATTN_EXT","f32",-1,9,-1,128,16,1,1,8192,0.409271,1,"clFinish_profiled"
"CPU_Elastic","COMPUTE_GRAPH","ggml_cgraph","GRAPH","",-1,2,-1,0,0,0,0,0,1.823333,1,"delegate_cpu_graph"
"OpenCL","COMPUTE","ffn_moe_logits-12","MUL_MAT","f32",-1,2,-1,64,1,1,1,256,0.550052,1,"clFinish_profiled"
"OpenCL","COMPUTE","ffn_moe_probs-12","SOFT_MAX","f32",-1,3,-1,64,1,1,1,256,0.205677,1,"clFinish_profiled"
"OpenCL","COMPUTE","ffn_moe_argsort-12","ARGSORT","i32",-1,5,-1,64,1,1,1,256,0.203177,1,"clFinish_profiled"
"OpenCL","COMPUTE","ffn_moe_weights-12","GET_ROWS","f32",-1,7,-1,1,8,1,1,32,0.109010,1,"clFinish_profiled"
"CPU_Elastic","COMPUTE_GRAPH","ggml_cgraph","GRAPH","",-1,21,-1,0,0,0,0,0,11.626198,1,"delegate_cpu_graph"
"CPU_Elastic","COMPUTE_GRAPH","ggml_cgraph","GRAPH","",-1,1,-1,0,0,0,0,0,1.351354,1,"delegate_cpu_graph"
"OpenCL","COMPUTE","Qcur-13","ROPE","f32",-1,3,-1,128,16,1,1,8192,0.514167,1,"clFinish_profiled"
"CPU_Elastic","COMPUTE_GRAPH","ggml_cgraph","GRAPH","",-1,1,-1,0,0,0,0,0,1.684896,1,"delegate_cpu_graph"
"OpenCL","COMPUTE","Kcur-13","ROPE","f32",-1,3,-1,128,16,1,1,8192,0.509167,1,"clFinish_profiled"
"OpenCL","COMPUTE","Vcur-13","MUL_MAT","f32",-1,4,-1,2048,1,1,1,8192,0.371302,1,"clFinish_profiled"
"OpenCL","COMPUTE","cache_k_l13 (view)","SET_ROWS","f16",-1,7,-1,2048,512,1,1,2097152,0.200156,1,"clFinish_profiled"
"OpenCL","COMPUTE","cache_v_l13 (view)","SET_ROWS","f16",-1,9,-1,2048,512,1,1,2097152,0.195677,1,"clFinish_profiled"
"OpenCL","COMPUTE","__fattn__-13","FLASH_ATTN_EXT","f32",-1,16,-1,128,16,1,1,8192,0.416927,1,"clFinish_profiled"
"CPU_Elastic","COMPUTE_GRAPH","ggml_cgraph","GRAPH","",-1,2,-1,0,0,0,0,0,1.640104,1,"delegate_cpu_graph"
"OpenCL","COMPUTE","ffn_moe_logits-13","MUL_MAT","f32",-1,2,-1,64,1,1,1,256,0.521615,1,"clFinish_profiled"
"OpenCL","COMPUTE","ffn_moe_probs-13","SOFT_MAX","f32",-1,3,-1,64,1,1,1,256,0.208385,1,"clFinish_profiled"
"OpenCL","COMPUTE","ffn_moe_argsort-13","ARGSORT","i32",-1,5,-1,64,1,1,1,256,0.198959,1,"clFinish_profiled"
"OpenCL","COMPUTE","ffn_moe_weights-13","GET_ROWS","f32",-1,7,-1,1,8,1,1,32,0.191094,1,"clFinish_profiled"
"CPU_Elastic","COMPUTE_GRAPH","ggml_cgraph","GRAPH","",-1,21,-1,0,0,0,0,0,12.297448,1,"delegate_cpu_graph"
"CPU_Elastic","COMPUTE_GRAPH","ggml_cgraph","GRAPH","",-1,1,-1,0,0,0,0,0,1.823958,1,"delegate_cpu_graph"
"OpenCL","COMPUTE","Qcur-14","ROPE","f32",-1,3,-1,128,16,1,1,8192,0.616823,1,"clFinish_profiled"
"CPU_Elastic","COMPUTE_GRAPH","ggml_cgraph","GRAPH","",-1,1,-1,0,0,0,0,0,1.659635,1,"delegate_cpu_graph"
"OpenCL","COMPUTE","Kcur-14","ROPE","f32",-1,3,-1,128,16,1,1,8192,0.493125,1,"clFinish_profiled"
"OpenCL","COMPUTE","Vcur-14","MUL_MAT","f32",-1,4,-1,2048,1,1,1,8192,0.351354,1,"clFinish_profiled"
"OpenCL","COMPUTE","cache_k_l14 (view)","SET_ROWS","f16",-1,7,-1,2048,512,1,1,2097152,0.192084,1,"clFinish_profiled"
"OpenCL","COMPUTE","cache_v_l14 (view)","SET_ROWS","f16",-1,9,-1,2048,512,1,1,2097152,0.116875,1,"clFinish_profiled"
"OpenCL","COMPUTE","__fattn__-14","FLASH_ATTN_EXT","f32",-1,16,-1,128,16,1,1,8192,0.497969,1,"clFinish_profiled"
"CPU_Elastic","COMPUTE_GRAPH","ggml_cgraph","GRAPH","",-1,2,-1,0,0,0,0,0,1.693073,1,"delegate_cpu_graph"
"OpenCL","COMPUTE","ffn_moe_logits-14","MUL_MAT","f32",-1,2,-1,64,1,1,1,256,0.499375,1,"clFinish_profiled"
"OpenCL","COMPUTE","ffn_moe_probs-14","SOFT_MAX","f32",-1,3,-1,64,1,1,1,256,0.222812,1,"clFinish_profiled"
"OpenCL","COMPUTE","ffn_moe_argsort-14","ARGSORT","i32",-1,5,-1,64,1,1,1,256,0.221042,1,"clFinish_profiled"
"OpenCL","COMPUTE","ffn_moe_weights-14","GET_ROWS","f32",-1,7,-1,1,8,1,1,32,0.173437,1,"clFinish_profiled"
"CPU_Elastic","COMPUTE_GRAPH","ggml_cgraph","GRAPH","",-1,21,-1,0,0,0,0,0,7.458230,1,"delegate_cpu_graph"
"CPU_Elastic","COMPUTE_GRAPH","ggml_cgraph","GRAPH","",-1,1,-1,0,0,0,0,0,0.425990,1,"delegate_cpu_graph"
"OpenCL","COMPUTE","Qcur-15","ROPE","f32",-1,3,-1,128,16,1,1,8192,0.421250,1,"clFinish_profiled"
"CPU_Elastic","COMPUTE_GRAPH","ggml_cgraph","GRAPH","",-1,1,-1,0,0,0,0,0,0.441510,1,"delegate_cpu_graph"
"OpenCL","COMPUTE","Kcur-15","ROPE","f32",-1,3,-1,128,16,1,1,8192,0.396562,1,"clFinish_profiled"
"OpenCL","COMPUTE","Vcur-15","MUL_MAT","f32",-1,4,-1,2048,1,1,1,8192,0.352656,1,"clFinish_profiled"
"OpenCL","COMPUTE","cache_k_l15 (view)","SET_ROWS","f16",-1,7,-1,2048,512,1,1,2097152,0.095886,1,"clFinish_profiled"
"OpenCL","COMPUTE","cache_v_l15 (view)","SET_ROWS","f16",-1,9,-1,2048,512,1,1,2097152,0.257344,1,"clFinish_profiled"
"OpenCL","COMPUTE","__fattn__-15","FLASH_ATTN_EXT","f32",-1,16,-1,128,16,1,1,8192,0.414062,1,"clFinish_profiled"
"CPU_Elastic","COMPUTE_GRAPH","ggml_cgraph","GRAPH","",-1,4,-1,0,0,0,0,0,2.163177,1,"delegate_cpu_graph"
"OpenCL","COMPUTE","ffn_moe_logits-15","MUL_MAT","f32",-1,2,-1,64,1,1,1,256,0.514010,1,"clFinish_profiled"
"OpenCL","COMPUTE","ffn_moe_probs-15","SOFT_MAX","f32",-1,3,-1,64,1,1,1,256,0.206302,1,"clFinish_profiled"
"OpenCL","COMPUTE","ffn_moe_argsort-15","ARGSORT","i32",-1,5,-1,64,1,1,1,256,0.143437,1,"clFinish_profiled"
"OpenCL","COMPUTE","ffn_moe_weights-15","GET_ROWS","f32",-1,7,-1,1,8,1,1,32,0.238334,1,"clFinish_profiled"
"CPU_Elastic","COMPUTE_GRAPH","ggml_cgraph","GRAPH","",-1,22,-1,0,0,0,0,0,9.314531,1,"delegate_cpu_graph"
"OpenCL","COMPUTE","result_norm","MUL","f32",-1,0,-1,2048,1,1,1,8192,0.570937,1,"clFinish_profiled"
"OpenCL","COMPUTE","result_output","MUL_MAT","f32",-1,1,-1,50304,1,1,1,201216,3.906927,1,"clFinish_profiled"
"CPU_Elastic","COMPUTE_GRAPH","ggml_cgraph","GRAPH","",-1,1,-1,0,0,0,0,0,0.010000,1,"delegate_cpu_graph"
"CPU_Elastic","COMPUTE_GRAPH","ggml_cgraph","GRAPH","",-1,1,-1,0,0,0,0,0,1.765938,1,"delegate_cpu_graph"
"OpenCL","COMPUTE","Qcur-0","ROPE","f32",-1,3,-1,128,16,1,1,8192,0.498334,1,"clFinish_profiled"
"CPU_Elastic","COMPUTE_GRAPH","ggml_cgraph","GRAPH","",-1,1,-1,0,0,0,0,0,1.590156,1,"delegate_cpu_graph"
"OpenCL","COMPUTE","Kcur-0","ROPE","f32",-1,3,-1,128,16,1,1,8192,0.503698,1,"clFinish_profiled"
"OpenCL","COMPUTE","Vcur-0","MUL_MAT","f32",-1,4,-1,2048,1,1,1,8192,0.370886,1,"clFinish_profiled"
"OpenCL","COMPUTE","cache_k_l0 (view)","SET_ROWS","f16",-1,7,-1,2048,512,1,1,2097152,0.194219,1,"clFinish_profiled"
"OpenCL","COMPUTE","cache_v_l0 (view)","SET_ROWS","f16",-1,9,-1,2048,512,1,1,2097152,0.191771,1,"clFinish_profiled"
"OpenCL","COMPUTE"," (copy)","CPY","f16",-1,16,-1,256,64,1,1,32768,0.199166,1,"clFinish_profiled"
"OpenCL","COMPUTE","__fattn__-0","FLASH_ATTN_EXT","f32",-1,17,-1,128,16,1,1,8192,0.431979,1,"clFinish_profiled"
"CPU_Elastic","COMPUTE_GRAPH","ggml_cgraph","GRAPH","",-1,2,-1,0,0,0,0,0,1.667708,1,"delegate_cpu_graph"
"OpenCL","COMPUTE","ffn_moe_logits-0","MUL_MAT","f32",-1,2,-1,64,1,1,1,256,0.510573,1,"clFinish_profiled"
"OpenCL","COMPUTE","ffn_moe_probs-0","SOFT_MAX","f32",-1,3,-1,64,1,1,1,256,0.217343,1,"clFinish_profiled"
"OpenCL","COMPUTE","ffn_moe_argsort-0","ARGSORT","i32",-1,5,-1,64,1,1,1,256,0.202500,1,"clFinish_profiled"
"OpenCL","COMPUTE","ffn_moe_weights-0","GET_ROWS","f32",-1,7,-1,1,8,1,1,32,0.140521,1,"clFinish_profiled"
"CPU_Elastic","COMPUTE_GRAPH","ggml_cgraph","GRAPH","",-1,21,-1,0,0,0,0,0,10.353594,1,"delegate_cpu_graph"
"CPU_Elastic","COMPUTE_GRAPH","ggml_cgraph","GRAPH","",-1,1,-1,0,0,0,0,0,1.653334,1,"delegate_cpu_graph"
"OpenCL","COMPUTE","Qcur-1","ROPE","f32",-1,3,-1,128,16,1,1,8192,0.518907,1,"clFinish_profiled"
"CPU_Elastic","COMPUTE_GRAPH","ggml_cgraph","GRAPH","",-1,1,-1,0,0,0,0,0,1.235937,1,"delegate_cpu_graph"
"OpenCL","COMPUTE","Kcur-1","ROPE","f32",-1,3,-1,128,16,1,1,8192,0.563958,1,"clFinish_profiled"
"OpenCL","COMPUTE","Vcur-1","MUL_MAT","f32",-1,4,-1,2048,1,1,1,8192,0.352031,1,"clFinish_profiled"
"OpenCL","COMPUTE","cache_k_l1 (view)","SET_ROWS","f16",-1,7,-1,2048,512,1,1,2097152,0.192083,1,"clFinish_profiled"
"OpenCL","COMPUTE","cache_v_l1 (view)","SET_ROWS","f16",-1,9,-1,2048,512,1,1,2097152,0.212708,1,"clFinish_profiled"
"OpenCL","COMPUTE","__fattn__-1","FLASH_ATTN_EXT","f32",-1,16,-1,128,16,1,1,8192,0.419010,1,"clFinish_profiled"
"CPU_Elastic","COMPUTE_GRAPH","ggml_cgraph","GRAPH","",-1,2,-1,0,0,0,0,0,1.874063,1,"delegate_cpu_graph"
"OpenCL","COMPUTE","ffn_moe_logits-1","MUL_MAT","f32",-1,2,-1,64,1,1,1,256,0.514791,1,"clFinish_profiled"
"OpenCL","COMPUTE","ffn_moe_probs-1","SOFT_MAX","f32",-1,3,-1,64,1,1,1,256,0.212291,1,"clFinish_profiled"
"OpenCL","COMPUTE","ffn_moe_argsort-1","ARGSORT","i32",-1,5,-1,64,1,1,1,256,0.200052,1,"clFinish_profiled"
"OpenCL","COMPUTE","ffn_moe_weights-1","GET_ROWS","f32",-1,7,-1,1,8,1,1,32,0.189115,1,"clFinish_profiled"
"CPU_Elastic","COMPUTE_GRAPH","ggml_cgraph","GRAPH","",-1,21,-1,0,0,0,0,0,12.257292,1,"delegate_cpu_graph"
"CPU_Elastic","COMPUTE_GRAPH","ggml_cgraph","GRAPH","",-1,1,-1,0,0,0,0,0,1.348855,1,"delegate_cpu_graph"
"OpenCL","COMPUTE","Qcur-2","ROPE","f32",-1,3,-1,128,16,1,1,8192,0.545208,1,"clFinish_profiled"
"CPU_Elastic","COMPUTE_GRAPH","ggml_cgraph","GRAPH","",-1,1,-1,0,0,0,0,0,1.663698,1,"delegate_cpu_graph"
"OpenCL","COMPUTE","Kcur-2","ROPE","f32",-1,3,-1,128,16,1,1,8192,0.492448,1,"clFinish_profiled"
"CPU_Elastic","COMPUTE_GRAPH","ggml_cgraph","GRAPH","",-1,3,-1,0,0,0,0,0,2.079271,1,"delegate_cpu_graph"
"OpenCL","COMPUTE","cache_k_l2 (view)","SET_ROWS","f16",-1,0,-1,2048,512,1,1,2097152,0.511563,1,"clFinish_profiled"
"OpenCL","COMPUTE","cache_v_l2 (view)","SET_ROWS","f16",-1,2,-1,2048,512,1,1,2097152,0.201407,1,"clFinish_profiled"
"OpenCL","COMPUTE","__fattn__-2","FLASH_ATTN_EXT","f32",-1,9,-1,128,16,1,1,8192,0.440938,1,"clFinish_profiled"
"CPU_Elastic","COMPUTE_GRAPH","ggml_cgraph","GRAPH","",-1,2,-1,0,0,0,0,0,1.967188,1,"delegate_cpu_graph"
"OpenCL","COMPUTE","ffn_moe_logits-2","MUL_MAT","f32",-1,2,-1,64,1,1,1,256,0.553645,1,"clFinish_profiled"
"OpenCL","COMPUTE","ffn_moe_probs-2","SOFT_MAX","f32",-1,3,-1,64,1,1,1,256,0.209167,1,"clFinish_profiled"
"OpenCL","COMPUTE","ffn_moe_argsort-2","ARGSORT","i32",-1,5,-1,64,1,1,1,256,0.203020,1,"clFinish_profiled"
"OpenCL","COMPUTE","ffn_moe_weights-2","GET_ROWS","f32",-1,7,-1,1,8,1,1,32,0.218125,1,"clFinish_profiled"
"CPU_Elastic","COMPUTE_GRAPH","ggml_cgraph","GRAPH","",-1,21,-1,0,0,0,0,0,11.876406,1,"delegate_cpu_graph"
"CPU_Elastic","COMPUTE_GRAPH","ggml_cgraph","GRAPH","",-1,1,-1,0,0,0,0,0,1.557916,1,"delegate_cpu_graph"
"OpenCL","COMPUTE","Qcur-3","ROPE","f32",-1,3,-1,128,16,1,1,8192,0.537865,1,"clFinish_profiled"
"CPU_Elastic","COMPUTE_GRAPH","ggml_cgraph","GRAPH","",-1,1,-1,0,0,0,0,0,0.928386,1,"delegate_cpu_graph"
"OpenCL","COMPUTE","Kcur-3","ROPE","f32",-1,3,-1,128,16,1,1,8192,0.498438,1,"clFinish_profiled"
"CPU_Elastic","COMPUTE_GRAPH","ggml_cgraph","GRAPH","",-1,3,-1,0,0,0,0,0,2.110937,1,"delegate_cpu_graph"
"OpenCL","COMPUTE","cache_k_l3 (view)","SET_ROWS","f16",-1,0,-1,2048,512,1,1,2097152,0.490833,1,"clFinish_profiled"
"OpenCL","COMPUTE","cache_v_l3 (view)","SET_ROWS","f16",-1,2,-1,2048,512,1,1,2097152,0.198958,1,"clFinish_profiled"
"OpenCL","COMPUTE","__fattn__-3","FLASH_ATTN_EXT","f32",-1,9,-1,128,16,1,1,8192,0.409271,1,"clFinish_profiled"
"CPU_Elastic","COMPUTE_GRAPH","ggml_cgraph","GRAPH","",-1,2,-1,0,0,0,0,0,1.965000,1,"delegate_cpu_graph"
"OpenCL","COMPUTE","ffn_moe_logits-3","MUL_MAT","f32",-1,2,-1,64,1,1,1,256,0.530677,1,"clFinish_profiled"
"OpenCL","COMPUTE","ffn_moe_probs-3","SOFT_MAX","f32",-1,3,-1,64,1,1,1,256,0.206875,1,"clFinish_profiled"
"OpenCL","COMPUTE","ffn_moe_argsort-3","ARGSORT","i32",-1,5,-1,64,1,1,1,256,0.098750,1,"clFinish_profiled"
"OpenCL","COMPUTE","ffn_moe_weights-3","GET_ROWS","f32",-1,7,-1,1,8,1,1,32,0.200000,1,"clFinish_profiled"
"CPU_Elastic","COMPUTE_GRAPH","ggml_cgraph","GRAPH","",-1,21,-1,0,0,0,0,0,8.393385,1,"delegate_cpu_graph"
"CPU_Elastic","COMPUTE_GRAPH","ggml_cgraph","GRAPH","",-1,1,-1,0,0,0,0,0,1.503594,1,"delegate_cpu_graph"
"OpenCL","COMPUTE","Qcur-4","ROPE","f32",-1,3,-1,128,16,1,1,8192,0.540468,1,"clFinish_profiled"
"CPU_Elastic","COMPUTE_GRAPH","ggml_cgraph","GRAPH","",-1,1,-1,0,0,0,0,0,1.682552,1,"delegate_cpu_graph"
"OpenCL","COMPUTE","Kcur-4","ROPE","f32",-1,3,-1,128,16,1,1,8192,0.553490,1,"clFinish_profiled"
"OpenCL","COMPUTE","Vcur-4","MUL_MAT","f32",-1,4,-1,2048,1,1,1,8192,0.352969,1,"clFinish_profiled"
"OpenCL","COMPUTE","cache_k_l4 (view)","SET_ROWS","f16",-1,7,-1,2048,512,1,1,2097152,0.195677,1,"clFinish_profiled"
"OpenCL","COMPUTE","cache_v_l4 (view)","SET_ROWS","f16",-1,9,-1,2048,512,1,1,2097152,0.193750,1,"clFinish_profiled"
"OpenCL","COMPUTE","__fattn__-4","FLASH_ATTN_EXT","f32",-1,16,-1,128,16,1,1,8192,0.409010,1,"clFinish_profiled"
"CPU_Elastic","COMPUTE_GRAPH","ggml_cgraph","GRAPH","",-1,2,-1,0,0,0,0,0,1.601406,1,"delegate_cpu_graph"
"OpenCL","COMPUTE","ffn_moe_logits-4","MUL_MAT","f32",-1,2,-1,64,1,1,1,256,0.517448,1,"clFinish_profiled"
"OpenCL","COMPUTE","ffn_moe_probs-4","SOFT_MAX","f32",-1,3,-1,64,1,1,1,256,0.206927,1,"clFinish_profiled"
"OpenCL","COMPUTE","ffn_moe_argsort-4","ARGSORT","i32",-1,5,-1,64,1,1,1,256,0.184791,1,"clFinish_profiled"
"OpenCL","COMPUTE","ffn_moe_weights-4","GET_ROWS","f32",-1,7,-1,1,8,1,1,32,0.177136,1,"clFinish_profiled"
"CPU_Elastic","COMPUTE_GRAPH","ggml_cgraph","GRAPH","",-1,21,-1,0,0,0,0,0,12.371145,1,"delegate_cpu_graph"
"CPU_Elastic","COMPUTE_GRAPH","ggml_cgraph","GRAPH","",-1,1,-1,0,0,0,0,0,1.298802,1,"delegate_cpu_graph"
"OpenCL","COMPUTE","Qcur-5","ROPE","f32",-1,3,-1,128,16,1,1,8192,0.525989,1,"clFinish_profiled"
"CPU_Elastic","COMPUTE_GRAPH","ggml_cgraph","GRAPH","",-1,1,-1,0,0,0,0,0,1.591406,1,"delegate_cpu_graph"
"OpenCL","COMPUTE","Kcur-5","ROPE","f32",-1,3,-1,128,16,1,1,8192,0.527187,1,"clFinish_profiled"
"CPU_Elastic","COMPUTE_GRAPH","ggml_cgraph","GRAPH","",-1,3,-1,0,0,0,0,0,2.201980,1,"delegate_cpu_graph"
"OpenCL","COMPUTE","cache_k_l5 (view)","SET_ROWS","f16",-1,0,-1,2048,512,1,1,2097152,0.514427,1,"clFinish_profiled"
"OpenCL","COMPUTE","cache_v_l5 (view)","SET_ROWS","f16",-1,2,-1,2048,512,1,1,2097152,0.206510,1,"clFinish_profiled"
"OpenCL","COMPUTE","__fattn__-5","FLASH_ATTN_EXT","f32",-1,9,-1,128,16,1,1,8192,0.408073,1,"clFinish_profiled"
"CPU_Elastic","COMPUTE_GRAPH","ggml_cgraph","GRAPH","",-1,2,-1,0,0,0,0,0,1.891927,1,"delegate_cpu_graph"
"OpenCL","COMPUTE","ffn_moe_logits-5","MUL_MAT","f32",-1,2,-1,64,1,1,1,256,0.510000,1,"clFinish_profiled"
"OpenCL","COMPUTE","ffn_moe_probs-5","SOFT_MAX","f32",-1,3,-1,64,1,1,1,256,0.257239,1,"clFinish_profiled"
"OpenCL","COMPUTE","ffn_moe_argsort-5","ARGSORT","i32",-1,5,-1,64,1,1,1,256,0.237917,1,"clFinish_profiled"
"OpenCL","COMPUTE","ffn_moe_weights-5","GET_ROWS","f32",-1,7,-1,1,8,1,1,32,0.190469,1,"clFinish_profiled"
"CPU_Elastic","COMPUTE_GRAPH","ggml_cgraph","GRAPH","",-1,21,-1,0,0,0,0,0,15.030052,1,"delegate_cpu_graph"
"CPU_Elastic","COMPUTE_GRAPH","ggml_cgraph","GRAPH","",-1,1,-1,0,0,0,0,0,2.277864,1,"delegate_cpu_graph"
"OpenCL","COMPUTE","Qcur-6","ROPE","f32",-1,3,-1,128,16,1,1,8192,0.600000,1,"clFinish_profiled"
"CPU_Elastic","COMPUTE_GRAPH","ggml_cgraph","GRAPH","",-1,1,-1,0,0,0,0,0,1.495000,1,"delegate_cpu_graph"
"OpenCL","COMPUTE","Kcur-6","ROPE","f32",-1,3,-1,128,16,1,1,8192,0.592083,1,"clFinish_profiled"
"CPU_Elastic","COMPUTE_GRAPH","ggml_cgraph","GRAPH","",-1,3,-1,0,0,0,0,0,2.225156,1,"delegate_cpu_graph"
"OpenCL","COMPUTE","cache_k_l6 (view)","SET_ROWS","f16",-1,0,-1,2048,512,1,1,2097152,0.518177,1,"clFinish_profiled"
"OpenCL","COMPUTE","cache_v_l6 (view)","SET_ROWS","f16",-1,2,-1,2048,512,1,1,2097152,0.194688,1,"clFinish_profiled"
"OpenCL","COMPUTE","__fattn__-6","FLASH_ATTN_EXT","f32",-1,9,-1,128,16,1,1,8192,0.406927,1,"clFinish_profiled"
"CPU_Elastic","COMPUTE_GRAPH","ggml_cgraph","GRAPH","",-1,2,-1,0,0,0,0,0,1.724270,1,"delegate_cpu_graph"
"OpenCL","COMPUTE","ffn_moe_logits-6","MUL_MAT","f32",-1,2,-1,64,1,1,1,256,0.525782,1,"clFinish_profiled"
"OpenCL","COMPUTE","ffn_moe_probs-6","SOFT_MAX","f32",-1,3,-1,64,1,1,1,256,0.242865,1,"clFinish_profiled"
"OpenCL","COMPUTE","ffn_moe_argsort-6","ARGSORT","i32",-1,5,-1,64,1,1,1,256,0.189531,1,"clFinish_profiled"
"OpenCL","COMPUTE","ffn_moe_weights-6","GET_ROWS","f32",-1,7,-1,1,8,1,1,32,0.190260,1,"clFinish_profiled"
"CPU_Elastic","COMPUTE_GRAPH","ggml_cgraph","GRAPH","",-1,21,-1,0,0,0,0,0,11.265052,1,"delegate_cpu_graph"
"CPU_Elastic","COMPUTE_GRAPH","ggml_cgraph","GRAPH","",-1,1,-1,0,0,0,0,0,1.540937,1,"delegate_cpu_graph"
"OpenCL","COMPUTE","Qcur-7","ROPE","f32",-1,3,-1,128,16,1,1,8192,0.669062,1,"clFinish_profiled"
"CPU_Elastic","COMPUTE_GRAPH","ggml_cgraph","GRAPH","",-1,1,-1,0,0,0,0,0,1.225781,1,"delegate_cpu_graph"
"OpenCL","COMPUTE","Kcur-7","ROPE","f32",-1,3,-1,128,16,1,1,8192,0.406406,1,"clFinish_profiled"
"OpenCL","COMPUTE","Vcur-7","MUL_MAT","f32",-1,4,-1,2048,1,1,1,8192,0.320417,1,"clFinish_profiled"
"OpenCL","COMPUTE","cache_k_l7 (view)","SET_ROWS","f16",-1,7,-1,2048,512,1,1,2097152,0.139635,1,"clFinish_profiled"
"OpenCL","COMPUTE","cache_v_l7 (view)","SET_ROWS","f16",-1,9,-1,2048,512,1,1,2097152,0.192031,1,"clFinish_profiled"
"OpenCL","COMPUTE","__fattn__-7","FLASH_ATTN_EXT","f32",-1,16,-1,128,16,1,1,8192,0.347395,1,"clFinish_profiled"
"CPU_Elastic","COMPUTE_GRAPH","ggml_cgraph","GRAPH","",-1,2,-1,0,0,0,0,0,1.321042,1,"delegate_cpu_graph"
"OpenCL","COMPUTE","ffn_moe_logits-7","MUL_MAT","f32",-1,2,-1,64,1,1,1,256,0.375260,1,"clFinish_profiled"
"OpenCL","COMPUTE","ffn_moe_probs-7","SOFT_MAX","f32",-1,3,-1,64,1,1,1,256,0.124010,1,"clFinish_profiled"
"OpenCL","COMPUTE","ffn_moe_argsort-7","ARGSORT","i32",-1,5,-1,64,1,1,1,256,0.119323,1,"clFinish_profiled"
"OpenCL","COMPUTE","ffn_moe_weights-7","GET_ROWS","f32",-1,7,-1,1,8,1,1,32,0.115208,1,"clFinish_profiled"
"CPU_Elastic","COMPUTE_GRAPH","ggml_cgraph","GRAPH","",-1,21,-1,0,0,0,0,0,9.267865,1,"delegate_cpu_graph"
"CPU_Elastic","COMPUTE_GRAPH","ggml_cgraph","GRAPH","",-1,1,-1,0,0,0,0,0,1.530520,1,"delegate_cpu_graph"
"OpenCL","COMPUTE","Qcur-8","ROPE","f32",-1,3,-1,128,16,1,1,8192,0.399375,1,"clFinish_profiled"
"CPU_Elastic","COMPUTE_GRAPH","ggml_cgraph","GRAPH","",-1,1,-1,0,0,0,0,0,0.991094,1,"delegate_cpu_graph"
"OpenCL","COMPUTE","Kcur-8","ROPE","f32",-1,3,-1,128,16,1,1,8192,0.380729,1,"clFinish_profiled"
"CPU_Elastic","COMPUTE_GRAPH","ggml_cgraph","GRAPH","",-1,3,-1,0,0,0,0,0,2.155937,1,"delegate_cpu_graph"
"OpenCL","COMPUTE","cache_k_l8 (view)","SET_ROWS","f16",-1,0,-1,2048,512,1,1,2097152,0.431302,1,"clFinish_profiled"
"OpenCL","COMPUTE","cache_v_l8 (view)","SET_ROWS","f16",-1,2,-1,2048,512,1,1,2097152,0.186614,1,"clFinish_profiled"
"OpenCL","COMPUTE","__fattn__-8","FLASH_ATTN_EXT","f32",-1,9,-1,128,16,1,1,8192,0.415677,1,"clFinish_profiled"
"CPU_Elastic","COMPUTE_GRAPH","ggml_cgraph","GRAPH","",-1,2,-1,0,0,0,0,0,1.534531,1,"delegate_cpu_graph"
"OpenCL","COMPUTE","ffn_moe_logits-8","MUL_MAT","f32",-1,2,-1,64,1,1,1,256,0.383594,1,"clFinish_profiled"
"OpenCL","COMPUTE","ffn_moe_probs-8","SOFT_MAX","f32",-1,3,-1,64,1,1,1,256,0.137552,1,"clFinish_profiled"
"OpenCL","COMPUTE","ffn_moe_argsort-8","ARGSORT","i32",-1,5,-1,64,1,1,1,256,0.128386,1,"clFinish_profiled"
"OpenCL","COMPUTE","ffn_moe_weights-8","GET_ROWS","f32",-1,7,-1,1,8,1,1,32,0.133854,1,"clFinish_profiled"
"CPU_Elastic","COMPUTE_GRAPH","ggml_cgraph","GRAPH","",-1,21,-1,0,0,0,0,0,9.437708,1,"delegate_cpu_graph"
"CPU_Elastic","COMPUTE_GRAPH","ggml_cgraph","GRAPH","",-1,1,-1,0,0,0,0,0,1.375468,1,"delegate_cpu_graph"
"OpenCL","COMPUTE","Qcur-9","ROPE","f32",-1,3,-1,128,16,1,1,8192,0.390677,1,"clFinish_profiled"
"CPU_Elastic","COMPUTE_GRAPH","ggml_cgraph","GRAPH","",-1,1,-1,0,0,0,0,0,1.382344,1,"delegate_cpu_graph"
"OpenCL","COMPUTE","Kcur-9","ROPE","f32",-1,3,-1,128,16,1,1,8192,0.396927,1,"clFinish_profiled"
"CPU_Elastic","COMPUTE_GRAPH","ggml_cgraph","GRAPH","",-1,3,-1,0,0,0,0,0,1.981615,1,"delegate_cpu_graph"
"OpenCL","COMPUTE","cache_k_l9 (view)","SET_ROWS","f16",-1,0,-1,2048,512,1,1,2097152,0.458438,1,"clFinish_profiled"
"OpenCL","COMPUTE","cache_v_l9 (view)","SET_ROWS","f16",-1,2,-1,2048,512,1,1,2097152,0.158021,1,"clFinish_profiled"
"OpenCL","COMPUTE","__fattn__-9","FLASH_ATTN_EXT","f32",-1,9,-1,128,16,1,1,8192,0.437135,1,"clFinish_profiled"
"CPU_Elastic","COMPUTE_GRAPH","ggml_cgraph","GRAPH","",-1,2,-1,0,0,0,0,0,1.738750,1,"delegate_cpu_graph"
"OpenCL","COMPUTE","ffn_moe_logits-9","MUL_MAT","f32",-1,2,-1,64,1,1,1,256,0.417969,1,"clFinish_profiled"
"OpenCL","COMPUTE","ffn_moe_probs-9","SOFT_MAX","f32",-1,3,-1,64,1,1,1,256,0.151406,1,"clFinish_profiled"
"OpenCL","COMPUTE","ffn_moe_argsort-9","ARGSORT","i32",-1,5,-1,64,1,1,1,256,0.144948,1,"clFinish_profiled"
"OpenCL","COMPUTE","ffn_moe_weights-9","GET_ROWS","f32",-1,7,-1,1,8,1,1,32,0.136615,1,"clFinish_profiled"
"CPU_Elastic","COMPUTE_GRAPH","ggml_cgraph","GRAPH","",-1,21,-1,0,0,0,0,0,8.799271,1,"delegate_cpu_graph"
"CPU_Elastic","COMPUTE_GRAPH","ggml_cgraph","GRAPH","",-1,1,-1,0,0,0,0,0,1.295052,1,"delegate_cpu_graph"
"OpenCL","COMPUTE","Qcur-10","ROPE","f32",-1,3,-1,128,16,1,1,8192,0.383594,1,"clFinish_profiled"
"CPU_Elastic","COMPUTE_GRAPH","ggml_cgraph","GRAPH","",-1,1,-1,0,0,0,0,0,1.302552,1,"delegate_cpu_graph"
"OpenCL","COMPUTE","Kcur-10","ROPE","f32",-1,3,-1,128,16,1,1,8192,0.379062,1,"clFinish_profiled"
"OpenCL","COMPUTE","Vcur-10","MUL_MAT","f32",-1,4,-1,2048,1,1,1,8192,0.292187,1,"clFinish_profiled"
"OpenCL","COMPUTE","cache_k_l10 (view)","SET_ROWS","f16",-1,7,-1,2048,512,1,1,2097152,0.123020,1,"clFinish_profiled"
"OpenCL","COMPUTE","cache_v_l10 (view)","SET_ROWS","f16",-1,9,-1,2048,512,1,1,2097152,0.115521,1,"clFinish_profiled"
"OpenCL","COMPUTE","__fattn__-10","FLASH_ATTN_EXT","f32",-1,16,-1,128,16,1,1,8192,0.345886,1,"clFinish_profiled"
"CPU_Elastic","COMPUTE_GRAPH","ggml_cgraph","GRAPH","",-1,2,-1,0,0,0,0,0,1.418542,1,"delegate_cpu_graph"
"OpenCL","COMPUTE","ffn_moe_logits-10","MUL_MAT","f32",-1,2,-1,64,1,1,1,256,0.407136,1,"clFinish_profiled"
"OpenCL","COMPUTE","ffn_moe_probs-10","SOFT_MAX","f32",-1,3,-1,64,1,1,1,256,0.132709,1,"clFinish_profiled"
"OpenCL","COMPUTE","ffn_moe_argsort-10","ARGSORT","i32",-1,5,-1,64,1,1,1,256,0.119323,1,"clFinish_profiled"
"OpenCL","COMPUTE","ffn_moe_weights-10","GET_ROWS","f32",-1,7,-1,1,8,1,1,32,0.114687,1,"clFinish_profiled"
"CPU_Elastic","COMPUTE_GRAPH","ggml_cgraph","GRAPH","",-1,21,-1,0,0,0,0,0,9.035886,1,"delegate_cpu_graph"
"CPU_Elastic","COMPUTE_GRAPH","ggml_cgraph","GRAPH","",-1,1,-1,0,0,0,0,0,1.174323,1,"delegate_cpu_graph"
"OpenCL","COMPUTE","Qcur-11","ROPE","f32",-1,3,-1,128,16,1,1,8192,0.461562,1,"clFinish_profiled"
"CPU_Elastic","COMPUTE_GRAPH","ggml_cgraph","GRAPH","",-1,1,-1,0,0,0,0,0,1.420677,1,"delegate_cpu_graph"
"OpenCL","COMPUTE","Kcur-11","ROPE","f32",-1,3,-1,128,16,1,1,8192,0.418333,1,"clFinish_profiled"
"CPU_Elastic","COMPUTE_GRAPH","ggml_cgraph","GRAPH","",-1,3,-1,0,0,0,0,0,1.987812,1,"delegate_cpu_graph"
"OpenCL","COMPUTE","cache_k_l11 (view)","SET_ROWS","f16",-1,0,-1,2048,512,1,1,2097152,0.445990,1,"clFinish_profiled"
"OpenCL","COMPUTE","cache_v_l11 (view)","SET_ROWS","f16",-1,2,-1,2048,512,1,1,2097152,0.189532,1,"clFinish_profiled"
"OpenCL","COMPUTE","__fattn__-11","FLASH_ATTN_EXT","f32",-1,9,-1,128,16,1,1,8192,0.412708,1,"clFinish_profiled"
"CPU_Elastic","COMPUTE_GRAPH","ggml_cgraph","GRAPH","",-1,2,-1,0,0,0,0,0,1.833593,1,"delegate_cpu_graph"
"OpenCL","COMPUTE","ffn_moe_logits-11","MUL_MAT","f32",-1,2,-1,64,1,1,1,256,0.450104,1,"clFinish_profiled"
"OpenCL","COMPUTE","ffn_moe_probs-11","SOFT_MAX","f32",-1,3,-1,64,1,1,1,256,0.179792,1,"clFinish_profiled"
"OpenCL","COMPUTE","ffn_moe_argsort-11","ARGSORT","i32",-1,5,-1,64,1,1,1,256,0.170990,1,"clFinish_profiled"
"OpenCL","COMPUTE","ffn_moe_weights-11","GET_ROWS","f32",-1,7,-1,1,8,1,1,32,0.217708,1,"clFinish_profiled"
"CPU_Elastic","COMPUTE_GRAPH","ggml_cgraph","GRAPH","",-1,21,-1,0,0,0,0,0,9.834427,1,"delegate_cpu_graph"
"CPU_Elastic","COMPUTE_GRAPH","ggml_cgraph","GRAPH","",-1,1,-1,0,0,0,0,0,1.422187,1,"delegate_cpu_graph"
"OpenCL","COMPUTE","Qcur-12","ROPE","f32",-1,3,-1,128,16,1,1,8192,0.411406,1,"clFinish_profiled"
"CPU_Elastic","COMPUTE_GRAPH","ggml_cgraph","GRAPH","",-1,1,-1,0,0,0,0,0,1.246979,1,"delegate_cpu_graph"
"OpenCL","COMPUTE","Kcur-12","ROPE","f32",-1,3,-1,128,16,1,1,8192,0.415416,1,"clFinish_profiled"
"CPU_Elastic","COMPUTE_GRAPH","ggml_cgraph","GRAPH","",-1,3,-1,0,0,0,0,0,1.973542,1,"delegate_cpu_graph"
"OpenCL","COMPUTE","cache_k_l12 (view)","SET_ROWS","f16",-1,0,-1,2048,512,1,1,2097152,0.408177,1,"clFinish_profiled"
"OpenCL","COMPUTE","cache_v_l12 (view)","SET_ROWS","f16",-1,2,-1,2048,512,1,1,2097152,0.135156,1,"clFinish_profiled"
"OpenCL","COMPUTE","__fattn__-12","FLASH_ATTN_EXT","f32",-1,9,-1,128,16,1,1,8192,0.367396,1,"clFinish_profiled"
"CPU_Elastic","COMPUTE_GRAPH","ggml_cgraph","GRAPH","",-1,2,-1,0,0,0,0,0,1.706823,1,"delegate_cpu_graph"
"OpenCL","COMPUTE","ffn_moe_logits-12","MUL_MAT","f32",-1,2,-1,64,1,1,1,256,0.425520,1,"clFinish_profiled"
"OpenCL","COMPUTE","ffn_moe_probs-12","SOFT_MAX","f32",-1,3,-1,64,1,1,1,256,0.148334,1,"clFinish_profiled"
"OpenCL","COMPUTE","ffn_moe_argsort-12","ARGSORT","i32",-1,5,-1,64,1,1,1,256,0.126041,1,"clFinish_profiled"
"OpenCL","COMPUTE","ffn_moe_weights-12","GET_ROWS","f32",-1,7,-1,1,8,1,1,32,0.110052,1,"clFinish_profiled"
"CPU_Elastic","COMPUTE_GRAPH","ggml_cgraph","GRAPH","",-1,21,-1,0,0,0,0,0,12.062136,1,"delegate_cpu_graph"
"CPU_Elastic","COMPUTE_GRAPH","ggml_cgraph","GRAPH","",-1,1,-1,0,0,0,0,0,1.525729,1,"delegate_cpu_graph"
"OpenCL","COMPUTE","Qcur-13","ROPE","f32",-1,3,-1,128,16,1,1,8192,0.470625,1,"clFinish_profiled"
"CPU_Elastic","COMPUTE_GRAPH","ggml_cgraph","GRAPH","",-1,1,-1,0,0,0,0,0,2.320000,1,"delegate_cpu_graph"
"OpenCL","COMPUTE","Kcur-13","ROPE","f32",-1,3,-1,128,16,1,1,8192,0.458073,1,"clFinish_profiled"
"OpenCL","COMPUTE","Vcur-13","MUL_MAT","f32",-1,4,-1,2048,1,1,1,8192,0.318490,1,"clFinish_profiled"
"OpenCL","COMPUTE","cache_k_l13 (view)","SET_ROWS","f16",-1,7,-1,2048,512,1,1,2097152,0.136250,1,"clFinish_profiled"
"OpenCL","COMPUTE","cache_v_l13 (view)","SET_ROWS","f16",-1,9,-1,2048,512,1,1,2097152,0.149792,1,"clFinish_profiled"
"OpenCL","COMPUTE","__fattn__-13","FLASH_ATTN_EXT","f32",-1,16,-1,128,16,1,1,8192,0.353906,1,"clFinish_profiled"
"CPU_Elastic","COMPUTE_GRAPH","ggml_cgraph","GRAPH","",-1,2,-1,0,0,0,0,0,1.502917,1,"delegate_cpu_graph"
"OpenCL","COMPUTE","ffn_moe_logits-13","MUL_MAT","f32",-1,2,-1,64,1,1,1,256,0.395260,1,"clFinish_profiled"
"OpenCL","COMPUTE","ffn_moe_probs-13","SOFT_MAX","f32",-1,3,-1,64,1,1,1,256,0.150208,1,"clFinish_profiled"
"OpenCL","COMPUTE","ffn_moe_argsort-13","ARGSORT","i32",-1,5,-1,64,1,1,1,256,0.139323,1,"clFinish_profiled"
"OpenCL","COMPUTE","ffn_moe_weights-13","GET_ROWS","f32",-1,7,-1,1,8,1,1,32,0.126146,1,"clFinish_profiled"
"CPU_Elastic","COMPUTE_GRAPH","ggml_cgraph","GRAPH","",-1,21,-1,0,0,0,0,0,8.583698,1,"delegate_cpu_graph"
"CPU_Elastic","COMPUTE_GRAPH","ggml_cgraph","GRAPH","",-1,1,-1,0,0,0,0,0,1.219792,1,"delegate_cpu_graph"
"OpenCL","COMPUTE","Qcur-14","ROPE","f32",-1,3,-1,128,16,1,1,8192,0.376771,1,"clFinish_profiled"
"CPU_Elastic","COMPUTE_GRAPH","ggml_cgraph","GRAPH","",-1,1,-1,0,0,0,0,0,1.107239,1,"delegate_cpu_graph"
"OpenCL","COMPUTE","Kcur-14","ROPE","f32",-1,3,-1,128,16,1,1,8192,0.563333,1,"clFinish_profiled"
"OpenCL","COMPUTE","Vcur-14","MUL_MAT","f32",-1,4,-1,2048,1,1,1,8192,0.354010,1,"clFinish_profiled"
"OpenCL","COMPUTE","cache_k_l14 (view)","SET_ROWS","f16",-1,7,-1,2048,512,1,1,2097152,0.129532,1,"clFinish_profiled"
"OpenCL","COMPUTE","cache_v_l14 (view)","SET_ROWS","f16",-1,9,-1,2048,512,1,1,2097152,0.129375,1,"clFinish_profiled"
"OpenCL","COMPUTE","__fattn__-14","FLASH_ATTN_EXT","f32",-1,16,-1,128,16,1,1,8192,0.382344,1,"clFinish_profiled"
"CPU_Elastic","COMPUTE_GRAPH","ggml_cgraph","GRAPH","",-1,2,-1,0,0,0,0,0,1.740365,1,"delegate_cpu_graph"
"OpenCL","COMPUTE","ffn_moe_logits-14","MUL_MAT","f32",-1,2,-1,64,1,1,1,256,0.399844,1,"clFinish_profiled"
"OpenCL","COMPUTE","ffn_moe_probs-14","SOFT_MAX","f32",-1,3,-1,64,1,1,1,256,0.126718,1,"clFinish_profiled"
"OpenCL","COMPUTE","ffn_moe_argsort-14","ARGSORT","i32",-1,5,-1,64,1,1,1,256,0.122396,1,"clFinish_profiled"
"OpenCL","COMPUTE","ffn_moe_weights-14","GET_ROWS","f32",-1,7,-1,1,8,1,1,32,0.125000,1,"clFinish_profiled"
"CPU_Elastic","COMPUTE_GRAPH","ggml_cgraph","GRAPH","",-1,21,-1,0,0,0,0,0,9.166198,1,"delegate_cpu_graph"
"CPU_Elastic","COMPUTE_GRAPH","ggml_cgraph","GRAPH","",-1,1,-1,0,0,0,0,0,1.385886,1,"delegate_cpu_graph"
"OpenCL","COMPUTE","Qcur-15","ROPE","f32",-1,3,-1,128,16,1,1,8192,0.400365,1,"clFinish_profiled"
"CPU_Elastic","COMPUTE_GRAPH","ggml_cgraph","GRAPH","",-1,1,-1,0,0,0,0,0,1.245573,1,"delegate_cpu_graph"
"OpenCL","COMPUTE","Kcur-15","ROPE","f32",-1,3,-1,128,16,1,1,8192,0.381980,1,"clFinish_profiled"
"OpenCL","COMPUTE","Vcur-15","MUL_MAT","f32",-1,4,-1,2048,1,1,1,8192,0.285521,1,"clFinish_profiled"
"OpenCL","COMPUTE","cache_k_l15 (view)","SET_ROWS","f16",-1,7,-1,2048,512,1,1,2097152,0.117395,1,"clFinish_profiled"
"OpenCL","COMPUTE","cache_v_l15 (view)","SET_ROWS","f16",-1,9,-1,2048,512,1,1,2097152,0.122916,1,"clFinish_profiled"
"OpenCL","COMPUTE","__fattn__-15","FLASH_ATTN_EXT","f32",-1,16,-1,128,16,1,1,8192,0.339635,1,"clFinish_profiled"
"CPU_Elastic","COMPUTE_GRAPH","ggml_cgraph","GRAPH","",-1,4,-1,0,0,0,0,0,1.175365,1,"delegate_cpu_graph"
"OpenCL","COMPUTE","ffn_moe_logits-15","MUL_MAT","f32",-1,2,-1,64,1,1,1,256,0.383542,1,"clFinish_profiled"
"OpenCL","COMPUTE","ffn_moe_probs-15","SOFT_MAX","f32",-1,3,-1,64,1,1,1,256,0.167500,1,"clFinish_profiled"
"OpenCL","COMPUTE","ffn_moe_argsort-15","ARGSORT","i32",-1,5,-1,64,1,1,1,256,0.137656,1,"clFinish_profiled"
"OpenCL","COMPUTE","ffn_moe_weights-15","GET_ROWS","f32",-1,7,-1,1,8,1,1,32,0.137239,1,"clFinish_profiled"
"CPU_Elastic","COMPUTE_GRAPH","ggml_cgraph","GRAPH","",-1,22,-1,0,0,0,0,0,9.757084,1,"delegate_cpu_graph"
"OpenCL","COMPUTE","result_norm","MUL","f32",-1,0,-1,2048,1,1,1,8192,0.428230,1,"clFinish_profiled"
"OpenCL","COMPUTE","result_output","MUL_MAT","f32",-1,1,-1,50304,1,1,1,201216,3.894270,1,"clFinish_profiled"
"CPU_Elastic","COMPUTE_GRAPH","ggml_cgraph","GRAPH","",-1,1,-1,0,0,0,0,0,0.006407,1,"delegate_cpu_graph"
"CPU_Elastic","COMPUTE_GRAPH","ggml_cgraph","GRAPH","",-1,1,-1,0,0,0,0,0,1.423958,1,"delegate_cpu_graph"
"OpenCL","COMPUTE","Qcur-0","ROPE","f32",-1,3,-1,128,16,1,1,8192,0.448646,1,"clFinish_profiled"
"CPU_Elastic","COMPUTE_GRAPH","ggml_cgraph","GRAPH","",-1,1,-1,0,0,0,0,0,1.240260,1,"delegate_cpu_graph"
"OpenCL","COMPUTE","Kcur-0","ROPE","f32",-1,3,-1,128,16,1,1,8192,0.415417,1,"clFinish_profiled"
"OpenCL","COMPUTE","Vcur-0","MUL_MAT","f32",-1,4,-1,2048,1,1,1,8192,0.320833,1,"clFinish_profiled"
"OpenCL","COMPUTE","cache_k_l0 (view)","SET_ROWS","f16",-1,7,-1,2048,512,1,1,2097152,0.137083,1,"clFinish_profiled"
"OpenCL","COMPUTE","cache_v_l0 (view)","SET_ROWS","f16",-1,9,-1,2048,512,1,1,2097152,0.128541,1,"clFinish_profiled"
"OpenCL","COMPUTE"," (copy)","CPY","f16",-1,16,-1,256,64,1,1,32768,0.136094,1,"clFinish_profiled"
"OpenCL","COMPUTE","__fattn__-0","FLASH_ATTN_EXT","f32",-1,17,-1,128,16,1,1,8192,0.336458,1,"clFinish_profiled"
"CPU_Elastic","COMPUTE_GRAPH","ggml_cgraph","GRAPH","",-1,2,-1,0,0,0,0,0,1.564636,1,"delegate_cpu_graph"
"OpenCL","COMPUTE","ffn_moe_logits-0","MUL_MAT","f32",-1,2,-1,64,1,1,1,256,0.403541,1,"clFinish_profiled"
"OpenCL","COMPUTE","ffn_moe_probs-0","SOFT_MAX","f32",-1,3,-1,64,1,1,1,256,0.142031,1,"clFinish_profiled"
"OpenCL","COMPUTE","ffn_moe_argsort-0","ARGSORT","i32",-1,5,-1,64,1,1,1,256,0.138750,1,"clFinish_profiled"
"OpenCL","COMPUTE","ffn_moe_weights-0","GET_ROWS","f32",-1,7,-1,1,8,1,1,32,0.124063,1,"clFinish_profiled"
"CPU_Elastic","COMPUTE_GRAPH","ggml_cgraph","GRAPH","",-1,21,-1,0,0,0,0,0,9.146042,1,"delegate_cpu_graph"
"CPU_Elastic","COMPUTE_GRAPH","ggml_cgraph","GRAPH","",-1,1,-1,0,0,0,0,0,1.268542,1,"delegate_cpu_graph"
"OpenCL","COMPUTE","Qcur-1","ROPE","f32",-1,3,-1,128,16,1,1,8192,0.388802,1,"clFinish_profiled"
"CPU_Elastic","COMPUTE_GRAPH","ggml_cgraph","GRAPH","",-1,1,-1,0,0,0,0,0,0.275469,1,"delegate_cpu_graph"
"OpenCL","COMPUTE","Kcur-1","ROPE","f32",-1,3,-1,128,16,1,1,8192,0.331875,1,"clFinish_profiled"
"OpenCL","COMPUTE","Vcur-1","MUL_MAT","f32",-1,4,-1,2048,1,1,1,8192,0.287447,1,"clFinish_profiled"
"OpenCL","COMPUTE","cache_k_l1 (view)","SET_ROWS","f16",-1,7,-1,2048,512,1,1,2097152,0.127760,1,"clFinish_profiled"
"OpenCL","COMPUTE","cache_v_l1 (view)","SET_ROWS","f16",-1,9,-1,2048,512,1,1,2097152,0.131458,1,"clFinish_profiled"
"OpenCL","COMPUTE","__fattn__-1","FLASH_ATTN_EXT","f32",-1,16,-1,128,16,1,1,8192,0.346146,1,"clFinish_profiled"
"CPU_Elastic","COMPUTE_GRAPH","ggml_cgraph","GRAPH","",-1,2,-1,0,0,0,0,0,0.208750,1,"delegate_cpu_graph"
"OpenCL","COMPUTE","ffn_moe_logits-1","MUL_MAT","f32",-1,2,-1,64,1,1,1,256,0.406302,1,"clFinish_profiled"
"OpenCL","COMPUTE","ffn_moe_probs-1","SOFT_MAX","f32",-1,3,-1,64,1,1,1,256,0.136302,1,"clFinish_profiled"
"OpenCL","COMPUTE","ffn_moe_argsort-1","ARGSORT","i32",-1,5,-1,64,1,1,1,256,0.134740,1,"clFinish_profiled"
"OpenCL","COMPUTE","ffn_moe_weights-1","GET_ROWS","f32",-1,7,-1,1,8,1,1,32,0.123907,1,"clFinish_profiled"
"CPU_Elastic","COMPUTE_GRAPH","ggml_cgraph","GRAPH","",-1,21,-1,0,0,0,0,0,9.004271,1,"delegate_cpu_graph"
"CPU_Elastic","COMPUTE_GRAPH","ggml_cgraph","GRAPH","",-1,1,-1,0,0,0,0,0,1.002031,1,"delegate_cpu_graph"
"OpenCL","COMPUTE","Qcur-2","ROPE","f32",-1,3,-1,128,16,1,1,8192,0.397708,1,"clFinish_profiled"
"CPU_Elastic","COMPUTE_GRAPH","ggml_cgraph","GRAPH","",-1,1,-1,0,0,0,0,0,1.254115,1,"delegate_cpu_graph"
"OpenCL","COMPUTE","Kcur-2","ROPE","f32",-1,3,-1,128,16,1,1,8192,0.417500,1,"clFinish_profiled"
"CPU_Elastic","COMPUTE_GRAPH","ggml_cgraph","GRAPH","",-1,3,-1,0,0,0,0,0,1.755260,1,"delegate_cpu_graph"
"OpenCL","COMPUTE","cache_k_l2 (view)","SET_ROWS","f16",-1,0,-1,2048,512,1,1,2097152,0.380886,1,"clFinish_profiled"
"OpenCL","COMPUTE","cache_v_l2 (view)","SET_ROWS","f16",-1,2,-1,2048,512,1,1,2097152,0.129583,1,"clFinish_profiled"
"OpenCL","COMPUTE","__fattn__-2","FLASH_ATTN_EXT","f32",-1,9,-1,128,16,1,1,8192,0.350885,1,"clFinish_profiled"
"CPU_Elastic","COMPUTE_GRAPH","ggml_cgraph","GRAPH","",-1,2,-1,0,0,0,0,0,1.679010,1,"delegate_cpu_graph"
"OpenCL","COMPUTE","ffn_moe_logits-2","MUL_MAT","f32",-1,2,-1,64,1,1,1,256,0.396562,1,"clFinish_profiled"
"OpenCL","COMPUTE","ffn_moe_probs-2","SOFT_MAX","f32",-1,3,-1,64,1,1,1,256,0.142968,1,"clFinish_profiled"
"OpenCL","COMPUTE","ffn_moe_argsort-2","ARGSORT","i32",-1,5,-1,64,1,1,1,256,0.127500,1,"clFinish_profiled"
"OpenCL","COMPUTE","ffn_moe_weights-2","GET_ROWS","f32",-1,7,-1,1,8,1,1,32,0.123803,1,"clFinish_profiled"
"CPU_Elastic","COMPUTE_GRAPH","ggml_cgraph","GRAPH","",-1,21,-1,0,0,0,0,0,4.663802,1,"delegate_cpu_graph"
"CPU_Elastic","COMPUTE_GRAPH","ggml_cgraph","GRAPH","",-1,1,-1,0,0,0,0,0,1.136615,1,"delegate_cpu_graph"
"OpenCL","COMPUTE","Qcur-3","ROPE","f32",-1,3,-1,128,16,1,1,8192,0.392135,1,"clFinish_profiled"
"CPU_Elastic","COMPUTE_GRAPH","ggml_cgraph","GRAPH","",-1,1,-1,0,0,0,0,0,1.224271,1,"delegate_cpu_graph"
"OpenCL","COMPUTE","Kcur-3","ROPE","f32",-1,3,-1,128,16,1,1,8192,0.408542,1,"clFinish_profiled"
"CPU_Elastic","COMPUTE_GRAPH","ggml_cgraph","GRAPH","",-1,3,-1,0,0,0,0,0,1.779219,1,"delegate_cpu_graph"
"OpenCL","COMPUTE","cache_k_l3 (view)","SET_ROWS","f16",-1,0,-1,2048,512,1,1,2097152,0.386979,1,"clFinish_profiled"
"OpenCL","COMPUTE","cache_v_l3 (view)","SET_ROWS","f16",-1,2,-1,2048,512,1,1,2097152,0.153802,1,"clFinish_profiled"
"OpenCL","COMPUTE","__fattn__-3","FLASH_ATTN_EXT","f32",-1,9,-1,128,16,1,1,8192,0.345052,1,"clFinish_profiled"
"CPU_Elastic","COMPUTE_GRAPH","ggml_cgraph","GRAPH","",-1,2,-1,0,0,0,0,0,1.402083,1,"delegate_cpu_graph"
"OpenCL","COMPUTE","ffn_moe_logits-3","MUL_MAT","f32",-1,2,-1,64,1,1,1,256,0.392968,1,"clFinish_profiled"
"OpenCL","COMPUTE","ffn_moe_probs-3","SOFT_MAX","f32",-1,3,-1,64,1,1,1,256,0.132240,1,"clFinish_profiled"
"OpenCL","COMPUTE","ffn_moe_argsort-3","ARGSORT","i32",-1,5,-1,64,1,1,1,256,0.128906,1,"clFinish_profiled"
"OpenCL","COMPUTE","ffn_moe_weights-3","GET_ROWS","f32",-1,7,-1,1,8,1,1,32,0.143959,1,"clFinish_profiled"
"CPU_Elastic","COMPUTE_GRAPH","ggml_cgraph","GRAPH","",-1,21,-1,0,0,0,0,0,4.138334,1,"delegate_cpu_graph"
"CPU_Elastic","COMPUTE_GRAPH","ggml_cgraph","GRAPH","",-1,1,-1,0,0,0,0,0,0.290209,1,"delegate_cpu_graph"
"OpenCL","COMPUTE","Qcur-4","ROPE","f32",-1,3,-1,128,16,1,1,8192,0.324479,1,"clFinish_profiled"
"CPU_Elastic","COMPUTE_GRAPH","ggml_cgraph","GRAPH","",-1,1,-1,0,0,0,0,0,1.164792,1,"delegate_cpu_graph"
"OpenCL","COMPUTE","Kcur-4","ROPE","f32",-1,3,-1,128,16,1,1,8192,0.387292,1,"clFinish_profiled"
"OpenCL","COMPUTE","Vcur-4","MUL_MAT","f32",-1,4,-1,2048,1,1,1,8192,0.279740,1,"clFinish_profiled"
"OpenCL","COMPUTE","cache_k_l4 (view)","SET_ROWS","f16",-1,7,-1,2048,512,1,1,2097152,0.137187,1,"clFinish_profiled"
"OpenCL","COMPUTE","cache_v_l4 (view)","SET_ROWS","f16",-1,9,-1,2048,512,1,1,2097152,0.119584,1,"clFinish_profiled"
"OpenCL","COMPUTE","__fattn__-4","FLASH_ATTN_EXT","f32",-1,16,-1,128,16,1,1,8192,0.347239,1,"clFinish_profiled"
"CPU_Elastic","COMPUTE_GRAPH","ggml_cgraph","GRAPH","",-1,2,-1,0,0,0,0,0,1.479584,1,"delegate_cpu_graph"
"OpenCL","COMPUTE","ffn_moe_logits-4","MUL_MAT","f32",-1,2,-1,64,1,1,1,256,0.404323,1,"clFinish_profiled"
"OpenCL","COMPUTE","ffn_moe_probs-4","SOFT_MAX","f32",-1,3,-1,64,1,1,1,256,0.147031,1,"clFinish_profiled"
"OpenCL","COMPUTE","ffn_moe_argsort-4","ARGSORT","i32",-1,5,-1,64,1,1,1,256,0.135885,1,"clFinish_profiled"
"OpenCL","COMPUTE","ffn_moe_weights-4","GET_ROWS","f32",-1,7,-1,1,8,1,1,32,0.124532,1,"clFinish_profiled"
"CPU_Elastic","COMPUTE_GRAPH","ggml_cgraph","GRAPH","",-1,21,-1,0,0,0,0,0,8.989011,1,"delegate_cpu_graph"
"CPU_Elastic","COMPUTE_GRAPH","ggml_cgraph","GRAPH","",-1,1,-1,0,0,0,0,0,1.273177,1,"delegate_cpu_graph"
"OpenCL","COMPUTE","Qcur-5","ROPE","f32",-1,3,-1,128,16,1,1,8192,0.412396,1,"clFinish_profiled"
"CPU_Elastic","COMPUTE_GRAPH","ggml_cgraph","GRAPH","",-1,1,-1,0,0,0,0,0,1.251510,1,"delegate_cpu_graph"
"OpenCL","COMPUTE","Kcur-5","ROPE","f32",-1,3,-1,128,16,1,1,8192,0.391510,1,"clFinish_profiled"
"CPU_Elastic","COMPUTE_GRAPH","ggml_cgraph","GRAPH","",-1,3,-1,0,0,0,0,0,0.276667,1,"delegate_cpu_graph"
"OpenCL","COMPUTE","cache_k_l5 (view)","SET_ROWS","f16",-1,0,-1,2048,512,1,1,2097152,0.337344,1,"clFinish_profiled"
"OpenCL","COMPUTE","cache_v_l5 (view)","SET_ROWS","f16",-1,2,-1,2048,512,1,1,2097152,0.134010,1,"clFinish_profiled"
"OpenCL","COMPUTE","__fattn__-5","FLASH_ATTN_EXT","f32",-1,9,-1,128,16,1,1,8192,0.351198,1,"clFinish_profiled"
"CPU_Elastic","COMPUTE_GRAPH","ggml_cgraph","GRAPH","",-1,2,-1,0,0,0,0,0,1.715052,1,"delegate_cpu_graph"
"OpenCL","COMPUTE","ffn_moe_logits-5","MUL_MAT","f32",-1,2,-1,64,1,1,1,256,0.396614,1,"clFinish_profiled"
"OpenCL","COMPUTE","ffn_moe_probs-5","SOFT_MAX","f32",-1,3,-1,64,1,1,1,256,0.131615,1,"clFinish_profiled"
"OpenCL","COMPUTE","ffn_moe_argsort-5","ARGSORT","i32",-1,5,-1,64,1,1,1,256,0.135260,1,"clFinish_profiled"
"OpenCL","COMPUTE","ffn_moe_weights-5","GET_ROWS","f32",-1,7,-1,1,8,1,1,32,0.120469,1,"clFinish_profiled"
"CPU_Elastic","COMPUTE_GRAPH","ggml_cgraph","GRAPH","",-1,21,-1,0,0,0,0,0,9.019895,1,"delegate_cpu_graph"
"CPU_Elastic","COMPUTE_GRAPH","ggml_cgraph","GRAPH","",-1,1,-1,0,0,0,0,0,1.024479,1,"delegate_cpu_graph"
"OpenCL","COMPUTE","Qcur-6","ROPE","f32",-1,3,-1,128,16,1,1,8192,0.387500,1,"clFinish_profiled"
"CPU_Elastic","COMPUTE_GRAPH","ggml_cgraph","GRAPH","",-1,1,-1,0,0,0,0,0,1.126094,1,"delegate_cpu_graph"
"OpenCL","COMPUTE","Kcur-6","ROPE","f32",-1,3,-1,128,16,1,1,8192,0.382552,1,"clFinish_profiled"
"CPU_Elastic","COMPUTE_GRAPH","ggml_cgraph","GRAPH","",-1,3,-1,0,0,0,0,0,1.974323,1,"delegate_cpu_graph"
"OpenCL","COMPUTE","cache_k_l6 (view)","SET_ROWS","f16",-1,0,-1,2048,512,1,1,2097152,0.413541,1,"clFinish_profiled"
"OpenCL","COMPUTE","cache_v_l6 (view)","SET_ROWS","f16",-1,2,-1,2048,512,1,1,2097152,0.197292,1,"clFinish_profiled"
"OpenCL","COMPUTE","__fattn__-6","FLASH_ATTN_EXT","f32",-1,9,-1,128,16,1,1,8192,0.362761,1,"clFinish_profiled"
"CPU_Elastic","COMPUTE_GRAPH","ggml_cgraph","GRAPH","",-1,2,-1,0,0,0,0,0,1.248802,1,"delegate_cpu_graph"
"OpenCL","COMPUTE","ffn_moe_logits-6","MUL_MAT","f32",-1,2,-1,64,1,1,1,256,0.405989,1,"clFinish_profiled"
"OpenCL","COMPUTE","ffn_moe_probs-6","SOFT_MAX","f32",-1,3,-1,64,1,1,1,256,0.153646,1,"clFinish_profiled"
"OpenCL","COMPUTE","ffn_moe_argsort-6","ARGSORT","i32",-1,5,-1,64,1,1,1,256,0.131823,1,"clFinish_profiled"
"OpenCL","COMPUTE","ffn_moe_weights-6","GET_ROWS","f32",-1,7,-1,1,8,1,1,32,0.119010,1,"clFinish_profiled"
"CPU_Elastic","COMPUTE_GRAPH","ggml_cgraph","GRAPH","",-1,21,-1,0,0,0,0,0,4.032916,1,"delegate_cpu_graph"
"CPU_Elastic","COMPUTE_GRAPH","ggml_cgraph","GRAPH","",-1,1,-1,0,0,0,0,0,1.374791,1,"delegate_cpu_graph"
"OpenCL","COMPUTE","Qcur-7","ROPE","f32",-1,3,-1,128,16,1,1,8192,0.392969,1,"clFinish_profiled"
"CPU_Elastic","COMPUTE_GRAPH","ggml_cgraph","GRAPH","",-1,1,-1,0,0,0,0,0,0.278750,1,"delegate_cpu_graph"
"OpenCL","COMPUTE","Kcur-7","ROPE","f32",-1,3,-1,128,16,1,1,8192,0.333177,1,"clFinish_profiled"
"OpenCL","COMPUTE","Vcur-7","MUL_MAT","f32",-1,4,-1,2048,1,1,1,8192,0.286250,1,"clFinish_profiled"
"OpenCL","COMPUTE","cache_k_l7 (view)","SET_ROWS","f16",-1,7,-1,2048,512,1,1,2097152,0.121094,1,"clFinish_profiled"
"OpenCL","COMPUTE","cache_v_l7 (view)","SET_ROWS","f16",-1,9,-1,2048,512,1,1,2097152,0.120625,1,"clFinish_profiled"
"OpenCL","COMPUTE","__fattn__-7","FLASH_ATTN_EXT","f32",-1,16,-1,128,16,1,1,8192,0.328333,1,"clFinish_profiled"
"CPU_Elastic","COMPUTE_GRAPH","ggml_cgraph","GRAPH","",-1,2,-1,0,0,0,0,0,0.239167,1,"delegate_cpu_graph"
"OpenCL","COMPUTE","ffn_moe_logits-7","MUL_MAT","f32",-1,2,-1,64,1,1,1,256,0.376562,1,"clFinish_profiled"
"OpenCL","COMPUTE","ffn_moe_probs-7","SOFT_MAX","f32",-1,3,-1,64,1,1,1,256,0.158594,1,"clFinish_profiled"
"OpenCL","COMPUTE","ffn_moe_argsort-7","ARGSORT","i32",-1,5,-1,64,1,1,1,256,0.129011,1,"clFinish_profiled"
"OpenCL","COMPUTE","ffn_moe_weights-7","GET_ROWS","f32",-1,7,-1,1,8,1,1,32,0.130000,1,"clFinish_profiled"
"CPU_Elastic","COMPUTE_GRAPH","ggml_cgraph","GRAPH","",-1,21,-1,0,0,0,0,0,9.091459,1,"delegate_cpu_graph"
"CPU_Elastic","COMPUTE_GRAPH","ggml_cgraph","GRAPH","",-1,1,-1,0,0,0,0,0,1.224011,1,"delegate_cpu_graph"
"OpenCL","COMPUTE","Qcur-8","ROPE","f32",-1,3,-1,128,16,1,1,8192,0.384323,1,"clFinish_profiled"
"CPU_Elastic","COMPUTE_GRAPH","ggml_cgraph","GRAPH","",-1,1,-1,0,0,0,0,0,1.366250,1,"delegate_cpu_graph"
"OpenCL","COMPUTE","Kcur-8","ROPE","f32",-1,3,-1,128,16,1,1,8192,0.380938,1,"clFinish_profiled"
"CPU_Elastic","COMPUTE_GRAPH","ggml_cgraph","GRAPH","",-1,3,-1,0,0,0,0,0,1.904479,1,"delegate_cpu_graph"
"OpenCL","COMPUTE","cache_k_l8 (view)","SET_ROWS","f16",-1,0,-1,2048,512,1,1,2097152,0.376928,1,"clFinish_profiled"
"OpenCL","COMPUTE","cache_v_l8 (view)","SET_ROWS","f16",-1,2,-1,2048,512,1,1,2097152,0.125677,1,"clFinish_profiled"
"OpenCL","COMPUTE","__fattn__-8","FLASH_ATTN_EXT","f32",-1,9,-1,128,16,1,1,8192,0.341719,1,"clFinish_profiled"
"CPU_Elastic","COMPUTE_GRAPH","ggml_cgraph","GRAPH","",-1,2,-1,0,0,0,0,0,1.455521,1,"delegate_cpu_graph"
"OpenCL","COMPUTE","ffn_moe_logits-8","MUL_MAT","f32",-1,2,-1,64,1,1,1,256,0.393906,1,"clFinish_profiled"
"OpenCL","COMPUTE","ffn_moe_probs-8","SOFT_MAX","f32",-1,3,-1,64,1,1,1,256,0.143021,1,"clFinish_profiled"
"OpenCL","COMPUTE","ffn_moe_argsort-8","ARGSORT","i32",-1,5,-1,64,1,1,1,256,0.125937,1,"clFinish_profiled"
"OpenCL","COMPUTE","ffn_moe_weights-8","GET_ROWS","f32",-1,7,-1,1,8,1,1,32,0.120260,1,"clFinish_profiled"
"CPU_Elastic","COMPUTE_GRAPH","ggml_cgraph","GRAPH","",-1,21,-1,0,0,0,0,0,4.403646,1,"delegate_cpu_graph"
"CPU_Elastic","COMPUTE_GRAPH","ggml_cgraph","GRAPH","",-1,1,-1,0,0,0,0,0,1.370208,1,"delegate_cpu_graph"
"OpenCL","COMPUTE","Qcur-9","ROPE","f32",-1,3,-1,128,16,1,1,8192,0.386146,1,"clFinish_profiled"
"CPU_Elastic","COMPUTE_GRAPH","ggml_cgraph","GRAPH","",-1,1,-1,0,0,0,0,0,1.366823,1,"delegate_cpu_graph"
"OpenCL","COMPUTE","Kcur-9","ROPE","f32",-1,3,-1,128,16,1,1,8192,0.394219,1,"clFinish_profiled"
"CPU_Elastic","COMPUTE_GRAPH","ggml_cgraph","GRAPH","",-1,3,-1,0,0,0,0,0,1.674270,1,"delegate_cpu_graph"
"OpenCL","COMPUTE","cache_k_l9 (view)","SET_ROWS","f16",-1,0,-1,2048,512,1,1,2097152,0.403229,1,"clFinish_profiled"
"OpenCL","COMPUTE","cache_v_l9 (view)","SET_ROWS","f16",-1,2,-1,2048,512,1,1,2097152,0.132552,1,"clFinish_profiled"
"OpenCL","COMPUTE","__fattn__-9","FLASH_ATTN_EXT","f32",-1,9,-1,128,16,1,1,8192,0.333333,1,"clFinish_profiled"
"CPU_Elastic","COMPUTE_GRAPH","ggml_cgraph","GRAPH","",-1,2,-1,0,0,0,0,0,1.398542,1,"delegate_cpu_graph"
"OpenCL","COMPUTE","ffn_moe_logits-9","MUL_MAT","f32",-1,2,-1,64,1,1,1,256,0.394791,1,"clFinish_profiled"
"OpenCL","COMPUTE","ffn_moe_probs-9","SOFT_MAX","f32",-1,3,-1,64,1,1,1,256,0.130573,1,"clFinish_profiled"
"OpenCL","COMPUTE","ffn_moe_argsort-9","ARGSORT","i32",-1,5,-1,64,1,1,1,256,0.126666,1,"clFinish_profiled"
"OpenCL","COMPUTE","ffn_moe_weights-9","GET_ROWS","f32",-1,7,-1,1,8,1,1,32,0.128230,1,"clFinish_profiled"
"CPU_Elastic","COMPUTE_GRAPH","ggml_cgraph","GRAPH","",-1,21,-1,0,0,0,0,0,5.206771,1,"delegate_cpu_graph"
"CPU_Elastic","COMPUTE_GRAPH","ggml_cgraph","GRAPH","",-1,1,-1,0,0,0,0,0,1.370209,1,"delegate_cpu_graph"
"OpenCL","COMPUTE","Qcur-10","ROPE","f32",-1,3,-1,128,16,1,1,8192,0.412083,1,"clFinish_profiled"
"CPU_Elastic","COMPUTE_GRAPH","ggml_cgraph","GRAPH","",-1,1,-1,0,0,0,0,0,1.000729,1,"delegate_cpu_graph"
"OpenCL","COMPUTE","Kcur-10","ROPE","f32",-1,3,-1,128,16,1,1,8192,0.386979,1,"clFinish_profiled"
"OpenCL","COMPUTE","Vcur-10","MUL_MAT","f32",-1,4,-1,2048,1,1,1,8192,0.279740,1,"clFinish_profiled"
"OpenCL","COMPUTE","cache_k_l10 (view)","SET_ROWS","f16",-1,7,-1,2048,512,1,1,2097152,0.120573,1,"clFinish_profiled"
"OpenCL","COMPUTE","cache_v_l10 (view)","SET_ROWS","f16",-1,9,-1,2048,512,1,1,2097152,0.120104,1,"clFinish_profiled"
"OpenCL","COMPUTE","__fattn__-10","FLASH_ATTN_EXT","f32",-1,16,-1,128,16,1,1,8192,0.344271,1,"clFinish_profiled"
"CPU_Elastic","COMPUTE_GRAPH","ggml_cgraph","GRAPH","",-1,2,-1,0,0,0,0,0,1.736510,1,"delegate_cpu_graph"
"OpenCL","COMPUTE","ffn_moe_logits-10","MUL_MAT","f32",-1,2,-1,64,1,1,1,256,0.406250,1,"clFinish_profiled"
"OpenCL","COMPUTE","ffn_moe_probs-10","SOFT_MAX","f32",-1,3,-1,64,1,1,1,256,0.132605,1,"clFinish_profiled"
"OpenCL","COMPUTE","ffn_moe_argsort-10","ARGSORT","i32",-1,5,-1,64,1,1,1,256,0.129219,1,"clFinish_profiled"
"OpenCL","COMPUTE","ffn_moe_weights-10","GET_ROWS","f32",-1,7,-1,1,8,1,1,32,0.133802,1,"clFinish_profiled"
"CPU_Elastic","COMPUTE_GRAPH","ggml_cgraph","GRAPH","",-1,21,-1,0,0,0,0,0,4.919843,1,"delegate_cpu_graph"
"CPU_Elastic","COMPUTE_GRAPH","ggml_cgraph","GRAPH","",-1,1,-1,0,0,0,0,0,0.226198,1,"delegate_cpu_graph"
"OpenCL","COMPUTE","Qcur-11","ROPE","f32",-1,3,-1,128,16,1,1,8192,0.380416,1,"clFinish_profiled"
"CPU_Elastic","COMPUTE_GRAPH","ggml_cgraph","GRAPH","",-1,1,-1,0,0,0,0,0,1.369532,1,"delegate_cpu_graph"
"OpenCL","COMPUTE","Kcur-11","ROPE","f32",-1,3,-1,128,16,1,1,8192,0.435833,1,"clFinish_profiled"
"CPU_Elastic","COMPUTE_GRAPH","ggml_cgraph","GRAPH","",-1,3,-1,0,0,0,0,0,1.517031,1,"delegate_cpu_graph"
"OpenCL","COMPUTE","cache_k_l11 (view)","SET_ROWS","f16",-1,0,-1,2048,512,1,1,2097152,0.432968,1,"clFinish_profiled"
"OpenCL","COMPUTE","cache_v_l11 (view)","SET_ROWS","f16",-1,2,-1,2048,512,1,1,2097152,0.124531,1,"clFinish_profiled"
"OpenCL","COMPUTE","__fattn__-11","FLASH_ATTN_EXT","f32",-1,9,-1,128,16,1,1,8192,0.389792,1,"clFinish_profiled"
"CPU_Elastic","COMPUTE_GRAPH","ggml_cgraph","GRAPH","",-1,2,-1,0,0,0,0,0,0.235313,1,"delegate_cpu_graph"
"OpenCL","COMPUTE","ffn_moe_logits-11","MUL_MAT","f32",-1,2,-1,64,1,1,1,256,0.386303,1,"clFinish_profiled"
"OpenCL","COMPUTE","ffn_moe_probs-11","SOFT_MAX","f32",-1,3,-1,64,1,1,1,256,0.145677,1,"clFinish_profiled"
"OpenCL","COMPUTE","ffn_moe_argsort-11","ARGSORT","i32",-1,5,-1,64,1,1,1,256,0.145729,1,"clFinish_profiled"
"OpenCL","COMPUTE","ffn_moe_weights-11","GET_ROWS","f32",-1,7,-1,1,8,1,1,32,0.138489,1,"clFinish_profiled"
"CPU_Elastic","COMPUTE_GRAPH","ggml_cgraph","GRAPH","",-1,21,-1,0,0,0,0,0,8.898229,1,"delegate_cpu_graph"
"CPU_Elastic","COMPUTE_GRAPH","ggml_cgraph","GRAPH","",-1,1,-1,0,0,0,0,0,0.681302,1,"delegate_cpu_graph"
"OpenCL","COMPUTE","Qcur-12","ROPE","f32",-1,3,-1,128,16,1,1,8192,0.458281,1,"clFinish_profiled"
"CPU_Elastic","COMPUTE_GRAPH","ggml_cgraph","GRAPH","",-1,1,-1,0,0,0,0,0,0.225052,1,"delegate_cpu_graph"
"OpenCL","COMPUTE","Kcur-12","ROPE","f32",-1,3,-1,128,16,1,1,8192,0.337448,1,"clFinish_profiled"
"CPU_Elastic","COMPUTE_GRAPH","ggml_cgraph","GRAPH","",-1,3,-1,0,0,0,0,0,1.948177,1,"delegate_cpu_graph"
"OpenCL","COMPUTE","cache_k_l12 (view)","SET_ROWS","f16",-1,0,-1,2048,512,1,1,2097152,0.451198,1,"clFinish_profiled"
"OpenCL","COMPUTE","cache_v_l12 (view)","SET_ROWS","f16",-1,2,-1,2048,512,1,1,2097152,0.172188,1,"clFinish_profiled"
"OpenCL","COMPUTE","__fattn__-12","FLASH_ATTN_EXT","f32",-1,9,-1,128,16,1,1,8192,0.413021,1,"clFinish_profiled"
"CPU_Elastic","COMPUTE_GRAPH","ggml_cgraph","GRAPH","",-1,2,-1,0,0,0,0,0,1.711875,1,"delegate_cpu_graph"
"OpenCL","COMPUTE","ffn_moe_logits-12","MUL_MAT","f32",-1,2,-1,64,1,1,1,256,0.465573,1,"clFinish_profiled"
"OpenCL","COMPUTE","ffn_moe_probs-12","SOFT_MAX","f32",-1,3,-1,64,1,1,1,256,0.173177,1,"clFinish_profiled"
"OpenCL","COMPUTE","ffn_moe_argsort-12","ARGSORT","i32",-1,5,-1,64,1,1,1,256,0.156667,1,"clFinish_profiled"
"OpenCL","COMPUTE","ffn_moe_weights-12","GET_ROWS","f32",-1,7,-1,1,8,1,1,32,0.140365,1,"clFinish_profiled"
"CPU_Elastic","COMPUTE_GRAPH","ggml_cgraph","GRAPH","",-1,21,-1,0,0,0,0,0,5.302083,1,"delegate_cpu_graph"
"CPU_Elastic","COMPUTE_GRAPH","ggml_cgraph","GRAPH","",-1,1,-1,0,0,0,0,0,0.548177,1,"delegate_cpu_graph"
"OpenCL","COMPUTE","Qcur-13","ROPE","f32",-1,3,-1,128,16,1,1,8192,0.387604,1,"clFinish_profiled"
"CPU_Elastic","COMPUTE_GRAPH","ggml_cgraph","GRAPH","",-1,1,-1,0,0,0,0,0,0.215625,1,"delegate_cpu_graph"
"OpenCL","COMPUTE","Kcur-13","ROPE","f32",-1,3,-1,128,16,1,1,8192,0.384428,1,"clFinish_profiled"
"OpenCL","COMPUTE","Vcur-13","MUL_MAT","f32",-1,4,-1,2048,1,1,1,8192,0.307760,1,"clFinish_profiled"
"OpenCL","COMPUTE","cache_k_l13 (view)","SET_ROWS","f16",-1,7,-1,2048,512,1,1,2097152,0.141146,1,"clFinish_profiled"
"OpenCL","COMPUTE","cache_v_l13 (view)","SET_ROWS","f16",-1,9,-1,2048,512,1,1,2097152,0.126510,1,"clFinish_profiled"
"OpenCL","COMPUTE","__fattn__-13","FLASH_ATTN_EXT","f32",-1,16,-1,128,16,1,1,8192,0.344843,1,"clFinish_profiled"
"CPU_Elastic","COMPUTE_GRAPH","ggml_cgraph","GRAPH","",-1,2,-1,0,0,0,0,0,1.470104,1,"delegate_cpu_graph"
"OpenCL","COMPUTE","ffn_moe_logits-13","MUL_MAT","f32",-1,2,-1,64,1,1,1,256,0.473646,1,"clFinish_profiled"
"OpenCL","COMPUTE","ffn_moe_probs-13","SOFT_MAX","f32",-1,3,-1,64,1,1,1,256,0.133959,1,"clFinish_profiled"
"OpenCL","COMPUTE","ffn_moe_argsort-13","ARGSORT","i32",-1,5,-1,64,1,1,1,256,0.128802,1,"clFinish_profiled"
"OpenCL","COMPUTE","ffn_moe_weights-13","GET_ROWS","f32",-1,7,-1,1,8,1,1,32,0.118490,1,"clFinish_profiled"
"CPU_Elastic","COMPUTE_GRAPH","ggml_cgraph","GRAPH","",-1,21,-1,0,0,0,0,0,9.649167,1,"delegate_cpu_graph"
"CPU_Elastic","COMPUTE_GRAPH","ggml_cgraph","GRAPH","",-1,1,-1,0,0,0,0,0,0.683438,1,"delegate_cpu_graph"
"OpenCL","COMPUTE","Qcur-14","ROPE","f32",-1,3,-1,128,16,1,1,8192,0.472239,1,"clFinish_profiled"
"CPU_Elastic","COMPUTE_GRAPH","ggml_cgraph","GRAPH","",-1,1,-1,0,0,0,0,0,0.213594,1,"delegate_cpu_graph"
"OpenCL","COMPUTE","Kcur-14","ROPE","f32",-1,3,-1,128,16,1,1,8192,0.391510,1,"clFinish_profiled"
"OpenCL","COMPUTE","Vcur-14","MUL_MAT","f32",-1,4,-1,2048,1,1,1,8192,0.318021,1,"clFinish_profiled"
"OpenCL","COMPUTE","cache_k_l14 (view)","SET_ROWS","f16",-1,7,-1,2048,512,1,1,2097152,0.120052,1,"clFinish_profiled"
"OpenCL","COMPUTE","cache_v_l14 (view)","SET_ROWS","f16",-1,9,-1,2048,512,1,1,2097152,0.126511,1,"clFinish_profiled"
"OpenCL","COMPUTE","__fattn__-14","FLASH_ATTN_EXT","f32",-1,16,-1,128,16,1,1,8192,0.371927,1,"clFinish_profiled"
"CPU_Elastic","COMPUTE_GRAPH","ggml_cgraph","GRAPH","",-1,2,-1,0,0,0,0,0,1.411615,1,"delegate_cpu_graph"
"OpenCL","COMPUTE","ffn_moe_logits-14","MUL_MAT","f32",-1,2,-1,64,1,1,1,256,0.525677,1,"clFinish_profiled"
"OpenCL","COMPUTE","ffn_moe_probs-14","SOFT_MAX","f32",-1,3,-1,64,1,1,1,256,0.143803,1,"clFinish_profiled"
"OpenCL","COMPUTE","ffn_moe_argsort-14","ARGSORT","i32",-1,5,-1,64,1,1,1,256,0.148958,1,"clFinish_profiled"
"OpenCL","COMPUTE","ffn_moe_weights-14","GET_ROWS","f32",-1,7,-1,1,8,1,1,32,0.124323,1,"clFinish_profiled"
"CPU_Elastic","COMPUTE_GRAPH","ggml_cgraph","GRAPH","",-1,21,-1,0,0,0,0,0,4.774063,1,"delegate_cpu_graph"
"CPU_Elastic","COMPUTE_GRAPH","ggml_cgraph","GRAPH","",-1,1,-1,0,0,0,0,0,0.228541,1,"delegate_cpu_graph"
"OpenCL","COMPUTE","Qcur-15","ROPE","f32",-1,3,-1,128,16,1,1,8192,0.404531,1,"clFinish_profiled"
"CPU_Elastic","COMPUTE_GRAPH","ggml_cgraph","GRAPH","",-1,1,-1,0,0,0,0,0,0.678438,1,"delegate_cpu_graph"
"OpenCL","COMPUTE","Kcur-15","ROPE","f32",-1,3,-1,128,16,1,1,8192,0.470521,1,"clFinish_profiled"
"OpenCL","COMPUTE","Vcur-15","MUL_MAT","f32",-1,4,-1,2048,1,1,1,8192,0.278802,1,"clFinish_profiled"
"OpenCL","COMPUTE","cache_k_l15 (view)","SET_ROWS","f16",-1,7,-1,2048,512,1,1,2097152,0.121980,1,"clFinish_profiled"
"OpenCL","COMPUTE","cache_v_l15 (view)","SET_ROWS","f16",-1,9,-1,2048,512,1,1,2097152,0.126094,1,"clFinish_profiled"
"OpenCL","COMPUTE","__fattn__-15","FLASH_ATTN_EXT","f32",-1,16,-1,128,16,1,1,8192,0.372761,1,"clFinish_profiled"
"CPU_Elastic","COMPUTE_GRAPH","ggml_cgraph","GRAPH","",-1,4,-1,0,0,0,0,0,2.214062,1,"delegate_cpu_graph"
"OpenCL","COMPUTE","ffn_moe_logits-15","MUL_MAT","f32",-1,2,-1,64,1,1,1,256,0.466041,1,"clFinish_profiled"
"OpenCL","COMPUTE","ffn_moe_probs-15","SOFT_MAX","f32",-1,3,-1,64,1,1,1,256,0.132813,1,"clFinish_profiled"
"OpenCL","COMPUTE","ffn_moe_argsort-15","ARGSORT","i32",-1,5,-1,64,1,1,1,256,0.127760,1,"clFinish_profiled"
"OpenCL","COMPUTE","ffn_moe_weights-15","GET_ROWS","f32",-1,7,-1,1,8,1,1,32,0.118854,1,"clFinish_profiled"
"CPU_Elastic","COMPUTE_GRAPH","ggml_cgraph","GRAPH","",-1,22,-1,0,0,0,0,0,9.644323,1,"delegate_cpu_graph"
"OpenCL","COMPUTE","result_norm","MUL","f32",-1,0,-1,2048,1,1,1,8192,0.452291,1,"clFinish_profiled"
"OpenCL","COMPUTE","result_output","MUL_MAT","f32",-1,1,-1,50304,1,1,1,201216,3.951615,1,"clFinish_profiled"
"CPU_Elastic","COMPUTE_GRAPH","ggml_cgraph","GRAPH","",-1,1,-1,0,0,0,0,0,0.006250,1,"delegate_cpu_graph"
"CPU_Elastic","COMPUTE_GRAPH","ggml_cgraph","GRAPH","",-1,1,-1,0,0,0,0,0,1.192031,1,"delegate_cpu_graph"
"OpenCL","COMPUTE","Qcur-0","ROPE","f32",-1,3,-1,128,16,1,1,8192,0.399635,1,"clFinish_profiled"
"CPU_Elastic","COMPUTE_GRAPH","ggml_cgraph","GRAPH","",-1,1,-1,0,0,0,0,0,0.266875,1,"delegate_cpu_graph"
"OpenCL","COMPUTE","Kcur-0","ROPE","f32",-1,3,-1,128,16,1,1,8192,0.352656,1,"clFinish_profiled"
"OpenCL","COMPUTE","Vcur-0","MUL_MAT","f32",-1,4,-1,2048,1,1,1,8192,0.283125,1,"clFinish_profiled"
"OpenCL","COMPUTE","cache_k_l0 (view)","SET_ROWS","f16",-1,7,-1,2048,512,1,1,2097152,0.137135,1,"clFinish_profiled"
"OpenCL","COMPUTE","cache_v_l0 (view)","SET_ROWS","f16",-1,9,-1,2048,512,1,1,2097152,0.122136,1,"clFinish_profiled"
"OpenCL","COMPUTE"," (copy)","CPY","f16",-1,16,-1,256,64,1,1,32768,0.134479,1,"clFinish_profiled"
"OpenCL","COMPUTE","__fattn__-0","FLASH_ATTN_EXT","f32",-1,17,-1,128,16,1,1,8192,0.335990,1,"clFinish_profiled"
"CPU_Elastic","COMPUTE_GRAPH","ggml_cgraph","GRAPH","",-1,2,-1,0,0,0,0,0,1.426927,1,"delegate_cpu_graph"
"OpenCL","COMPUTE","ffn_moe_logits-0","MUL_MAT","f32",-1,2,-1,64,1,1,1,256,0.449844,1,"clFinish_profiled"
"OpenCL","COMPUTE","ffn_moe_probs-0","SOFT_MAX","f32",-1,3,-1,64,1,1,1,256,0.132604,1,"clFinish_profiled"
"OpenCL","COMPUTE","ffn_moe_argsort-0","ARGSORT","i32",-1,5,-1,64,1,1,1,256,0.129687,1,"clFinish_profiled"
"OpenCL","COMPUTE","ffn_moe_weights-0","GET_ROWS","f32",-1,7,-1,1,8,1,1,32,0.118073,1,"clFinish_profiled"
"CPU_Elastic","COMPUTE_GRAPH","ggml_cgraph","GRAPH","",-1,21,-1,0,0,0,0,0,4.922969,1,"delegate_cpu_graph"
"CPU_Elastic","COMPUTE_GRAPH","ggml_cgraph","GRAPH","",-1,1,-1,0,0,0,0,0,1.371094,1,"delegate_cpu_graph"
"OpenCL","COMPUTE","Qcur-1","ROPE","f32",-1,3,-1,128,16,1,1,8192,0.389271,1,"clFinish_profiled"
"CPU_Elastic","COMPUTE_GRAPH","ggml_cgraph","GRAPH","",-1,1,-1,0,0,0,0,0,0.544115,1,"delegate_cpu_graph"
"OpenCL","COMPUTE","Kcur-1","ROPE","f32",-1,3,-1,128,16,1,1,8192,0.325104,1,"clFinish_profiled"
"OpenCL","COMPUTE","Vcur-1","MUL_MAT","f32",-1,4,-1,2048,1,1,1,8192,0.278646,1,"clFinish_profiled"
"OpenCL","COMPUTE","cache_k_l1 (view)","SET_ROWS","f16",-1,7,-1,2048,512,1,1,2097152,0.120677,1,"clFinish_profiled"
"OpenCL","COMPUTE","cache_v_l1 (view)","SET_ROWS","f16",-1,9,-1,2048,512,1,1,2097152,0.129740,1,"clFinish_profiled"
"OpenCL","COMPUTE","__fattn__-1","FLASH_ATTN_EXT","f32",-1,16,-1,128,16,1,1,8192,0.331823,1,"clFinish_profiled"
"CPU_Elastic","COMPUTE_GRAPH","ggml_cgraph","GRAPH","",-1,2,-1,0,0,0,0,0,0.250208,1,"delegate_cpu_graph"
"OpenCL","COMPUTE","ffn_moe_logits-1","MUL_MAT","f32",-1,2,-1,64,1,1,1,256,0.362239,1,"clFinish_profiled"
"OpenCL","COMPUTE","ffn_moe_probs-1","SOFT_MAX","f32",-1,3,-1,64,1,1,1,256,0.129114,1,"clFinish_profiled"
"OpenCL","COMPUTE","ffn_moe_argsort-1","ARGSORT","i32",-1,5,-1,64,1,1,1,256,0.125729,1,"clFinish_profiled"
"OpenCL","COMPUTE","ffn_moe_weights-1","GET_ROWS","f32",-1,7,-1,1,8,1,1,32,0.142448,1,"clFinish_profiled"
"CPU_Elastic","COMPUTE_GRAPH","ggml_cgraph","GRAPH","",-1,21,-1,0,0,0,0,0,9.489115,1,"delegate_cpu_graph"
"CPU_Elastic","COMPUTE_GRAPH","ggml_cgraph","GRAPH","",-1,1,-1,0,0,0,0,0,1.118958,1,"delegate_cpu_graph"
"OpenCL","COMPUTE","Qcur-2","ROPE","f32",-1,3,-1,128,16,1,1,8192,0.391146,1,"clFinish_profiled"
"CPU_Elastic","COMPUTE_GRAPH","ggml_cgraph","GRAPH","",-1,1,-1,0,0,0,0,0,0.265000,1,"delegate_cpu_graph"
"OpenCL","COMPUTE","Kcur-2","ROPE","f32",-1,3,-1,128,16,1,1,8192,0.328021,1,"clFinish_profiled"
"CPU_Elastic","COMPUTE_GRAPH","ggml_cgraph","GRAPH","",-1,3,-1,0,0,0,0,0,1.956510,1,"delegate_cpu_graph"
"OpenCL","COMPUTE","cache_k_l2 (view)","SET_ROWS","f16",-1,0,-1,2048,512,1,1,2097152,0.386094,1,"clFinish_profiled"
"OpenCL","COMPUTE","cache_v_l2 (view)","SET_ROWS","f16",-1,2,-1,2048,512,1,1,2097152,0.129114,1,"clFinish_profiled"
"OpenCL","COMPUTE","__fattn__-2","FLASH_ATTN_EXT","f32",-1,9,-1,128,16,1,1,8192,0.326719,1,"clFinish_profiled"
"CPU_Elastic","COMPUTE_GRAPH","ggml_cgraph","GRAPH","",-1,2,-1,0,0,0,0,0,1.430834,1,"delegate_cpu_graph"
"OpenCL","COMPUTE","ffn_moe_logits-2","MUL_MAT","f32",-1,2,-1,64,1,1,1,256,0.436355,1,"clFinish_profiled"
"OpenCL","COMPUTE","ffn_moe_probs-2","SOFT_MAX","f32",-1,3,-1,64,1,1,1,256,0.135417,1,"clFinish_profiled"
"OpenCL","COMPUTE","ffn_moe_argsort-2","ARGSORT","i32",-1,5,-1,64,1,1,1,256,0.128490,1,"clFinish_profiled"
"OpenCL","COMPUTE","ffn_moe_weights-2","GET_ROWS","f32",-1,7,-1,1,8,1,1,32,0.116718,1,"clFinish_profiled"
"CPU_Elastic","COMPUTE_GRAPH","ggml_cgraph","GRAPH","",-1,21,-1,0,0,0,0,0,9.369739,1,"delegate_cpu_graph"
"CPU_Elastic","COMPUTE_GRAPH","ggml_cgraph","GRAPH","",-1,1,-1,0,0,0,0,0,1.166979,1,"delegate_cpu_graph"
"OpenCL","COMPUTE","Qcur-3","ROPE","f32",-1,3,-1,128,16,1,1,8192,0.396979,1,"clFinish_profiled"
"CPU_Elastic","COMPUTE_GRAPH","ggml_cgraph","GRAPH","",-1,1,-1,0,0,0,0,0,1.427553,1,"delegate_cpu_graph"
"OpenCL","COMPUTE","Kcur-3","ROPE","f32",-1,3,-1,128,16,1,1,8192,0.390521,1,"clFinish_profiled"
"CPU_Elastic","COMPUTE_GRAPH","ggml_cgraph","GRAPH","",-1,3,-1,0,0,0,0,0,2.014948,1,"delegate_cpu_graph"
"OpenCL","COMPUTE","cache_k_l3 (view)","SET_ROWS","f16",-1,0,-1,2048,512,1,1,2097152,0.388646,1,"clFinish_profiled"
"OpenCL","COMPUTE","cache_v_l3 (view)","SET_ROWS","f16",-1,2,-1,2048,512,1,1,2097152,0.159896,1,"clFinish_profiled"
"OpenCL","COMPUTE","__fattn__-3","FLASH_ATTN_EXT","f32",-1,9,-1,128,16,1,1,8192,0.356302,1,"clFinish_profiled"
"CPU_Elastic","COMPUTE_GRAPH","ggml_cgraph","GRAPH","",-1,2,-1,0,0,0,0,0,1.658334,1,"delegate_cpu_graph"
"OpenCL","COMPUTE","ffn_moe_logits-3","MUL_MAT","f32",-1,2,-1,64,1,1,1,256,0.434635,1,"clFinish_profiled"
"OpenCL","COMPUTE","ffn_moe_probs-3","SOFT_MAX","f32",-1,3,-1,64,1,1,1,256,0.138385,1,"clFinish_profiled"
"OpenCL","COMPUTE","ffn_moe_argsort-3","ARGSORT","i32",-1,5,-1,64,1,1,1,256,0.134114,1,"clFinish_profiled"
"OpenCL","COMPUTE","ffn_moe_weights-3","GET_ROWS","f32",-1,7,-1,1,8,1,1,32,0.123229,1,"clFinish_profiled"
"CPU_Elastic","COMPUTE_GRAPH","ggml_cgraph","GRAPH","",-1,21,-1,0,0,0,0,0,8.630625,1,"delegate_cpu_graph"
"CPU_Elastic","COMPUTE_GRAPH","ggml_cgraph","GRAPH","",-1,1,-1,0,0,0,0,0,1.215781,1,"delegate_cpu_graph"
"OpenCL","COMPUTE","Qcur-4","ROPE","f32",-1,3,-1,128,16,1,1,8192,0.407500,1,"clFinish_profiled"
"CPU_Elastic","COMPUTE_GRAPH","ggml_cgraph","GRAPH","",-1,1,-1,0,0,0,0,0,0.248646,1,"delegate_cpu_graph"
"OpenCL","COMPUTE","Kcur-4","ROPE","f32",-1,3,-1,128,16,1,1,8192,0.334063,1,"clFinish_profiled"
"OpenCL","COMPUTE","Vcur-4","MUL_MAT","f32",-1,4,-1,2048,1,1,1,8192,0.283386,1,"clFinish_profiled"
"OpenCL","COMPUTE","cache_k_l4 (view)","SET_ROWS","f16",-1,7,-1,2048,512,1,1,2097152,0.125886,1,"clFinish_profiled"
"OpenCL","COMPUTE","cache_v_l4 (view)","SET_ROWS","f16",-1,9,-1,2048,512,1,1,2097152,0.126771,1,"clFinish_profiled"
"OpenCL","COMPUTE","__fattn__-4","FLASH_ATTN_EXT","f32",-1,16,-1,128,16,1,1,8192,0.336458,1,"clFinish_profiled"
"CPU_Elastic","COMPUTE_GRAPH","ggml_cgraph","GRAPH","",-1,2,-1,0,0,0,0,0,0.224740,1,"delegate_cpu_graph"
"OpenCL","COMPUTE","ffn_moe_logits-4","MUL_MAT","f32",-1,2,-1,64,1,1,1,256,0.406198,1,"clFinish_profiled"
"OpenCL","COMPUTE","ffn_moe_probs-4","SOFT_MAX","f32",-1,3,-1,64,1,1,1,256,0.157136,1,"clFinish_profiled"
"OpenCL","COMPUTE","ffn_moe_argsort-4","ARGSORT","i32",-1,5,-1,64,1,1,1,256,0.151771,1,"clFinish_profiled"
"OpenCL","COMPUTE","ffn_moe_weights-4","GET_ROWS","f32",-1,7,-1,1,8,1,1,32,0.134271,1,"clFinish_profiled"
"CPU_Elastic","COMPUTE_GRAPH","ggml_cgraph","GRAPH","",-1,21,-1,0,0,0,0,0,4.684479,1,"delegate_cpu_graph"
"CPU_Elastic","COMPUTE_GRAPH","ggml_cgraph","GRAPH","",-1,1,-1,0,0,0,0,0,1.370573,1,"delegate_cpu_graph"
"OpenCL","COMPUTE","Qcur-5","ROPE","f32",-1,3,-1,128,16,1,1,8192,0.382761,1,"clFinish_profiled"
"CPU_Elastic","COMPUTE_GRAPH","ggml_cgraph","GRAPH","",-1,1,-1,0,0,0,0,0,1.386302,1,"delegate_cpu_graph"
"OpenCL","COMPUTE","Kcur-5","ROPE","f32",-1,3,-1,128,16,1,1,8192,0.385313,1,"clFinish_profiled"
"CPU_Elastic","COMPUTE_GRAPH","ggml_cgraph","GRAPH","",-1,3,-1,0,0,0,0,0,1.915573,1,"delegate_cpu_graph"
"OpenCL","COMPUTE","cache_k_l5 (view)","SET_ROWS","f16",-1,0,-1,2048,512,1,1,2097152,0.395833,1,"clFinish_profiled"
"OpenCL","COMPUTE","cache_v_l5 (view)","SET_ROWS","f16",-1,2,-1,2048,512,1,1,2097152,0.142708,1,"clFinish_profiled"
"OpenCL","COMPUTE","__fattn__-5","FLASH_ATTN_EXT","f32",-1,9,-1,128,16,1,1,8192,0.356354,1,"clFinish_profiled"
"CPU_Elastic","COMPUTE_GRAPH","ggml_cgraph","GRAPH","",-1,2,-1,0,0,0,0,0,1.435833,1,"delegate_cpu_graph"
"OpenCL","COMPUTE","ffn_moe_logits-5","MUL_MAT","f32",-1,2,-1,64,1,1,1,256,0.429896,1,"clFinish_profiled"
"OpenCL","COMPUTE","ffn_moe_probs-5","SOFT_MAX","f32",-1,3,-1,64,1,1,1,256,0.140000,1,"clFinish_profiled"
"OpenCL","COMPUTE","ffn_moe_argsort-5","ARGSORT","i32",-1,5,-1,64,1,1,1,256,0.131771,1,"clFinish_profiled"
"OpenCL","COMPUTE","ffn_moe_weights-5","GET_ROWS","f32",-1,7,-1,1,8,1,1,32,0.121510,1,"clFinish_profiled"
"CPU_Elastic","COMPUTE_GRAPH","ggml_cgraph","GRAPH","",-1,21,-1,0,0,0,0,0,5.703646,1,"delegate_cpu_graph"
"CPU_Elastic","COMPUTE_GRAPH","ggml_cgraph","GRAPH","",-1,1,-1,0,0,0,0,0,0.278177,1,"delegate_cpu_graph"
"OpenCL","COMPUTE","Qcur-6","ROPE","f32",-1,3,-1,128,16,1,1,8192,0.324010,1,"clFinish_profiled"
"CPU_Elastic","COMPUTE_GRAPH","ggml_cgraph","GRAPH","",-1,1,-1,0,0,0,0,0,1.162865,1,"delegate_cpu_graph"
"OpenCL","COMPUTE","Kcur-6","ROPE","f32",-1,3,-1,128,16,1,1,8192,0.383542,1,"clFinish_profiled"
"CPU_Elastic","COMPUTE_GRAPH","ggml_cgraph","GRAPH","",-1,3,-1,0,0,0,0,0,0.279479,1,"delegate_cpu_graph"
"OpenCL","COMPUTE","cache_k_l6 (view)","SET_ROWS","f16",-1,0,-1,2048,512,1,1,2097152,0.327344,1,"clFinish_profiled"
"OpenCL","COMPUTE","cache_v_l6 (view)","SET_ROWS","f16",-1,2,-1,2048,512,1,1,2097152,0.122032,1,"clFinish_profiled"
"OpenCL","COMPUTE","__fattn__-6","FLASH_ATTN_EXT","f32",-1,9,-1,128,16,1,1,8192,0.366458,1,"clFinish_profiled"
"CPU_Elastic","COMPUTE_GRAPH","ggml_cgraph","GRAPH","",-1,2,-1,0,0,0,0,0,1.750104,1,"delegate_cpu_graph"
"OpenCL","COMPUTE","ffn_moe_logits-6","MUL_MAT","f32",-1,2,-1,64,1,1,1,256,0.464011,1,"clFinish_profiled"
"OpenCL","COMPUTE","ffn_moe_probs-6","SOFT_MAX","f32",-1,3,-1,64,1,1,1,256,0.139792,1,"clFinish_profiled"
"OpenCL","COMPUTE","ffn_moe_argsort-6","ARGSORT","i32",-1,5,-1,64,1,1,1,256,0.166927,1,"clFinish_profiled"
"OpenCL","COMPUTE","ffn_moe_weights-6","GET_ROWS","f32",-1,7,-1,1,8,1,1,32,0.228855,1,"clFinish_profiled"
"CPU_Elastic","COMPUTE_GRAPH","ggml_cgraph","GRAPH","",-1,21,-1,0,0,0,0,0,4.210521,1,"delegate_cpu_graph"
"CPU_Elastic","COMPUTE_GRAPH","ggml_cgraph","GRAPH","",-1,1,-1,0,0,0,0,0,0.266407,1,"delegate_cpu_graph"
"OpenCL","COMPUTE","Qcur-7","ROPE","f32",-1,3,-1,128,16,1,1,8192,0.346667,1,"clFinish_profiled"
"CPU_Elastic","COMPUTE_GRAPH","ggml_cgraph","GRAPH","",-1,1,-1,0,0,0,0,0,1.147292,1,"delegate_cpu_graph"
"OpenCL","COMPUTE","Kcur-7","ROPE","f32",-1,3,-1,128,16,1,1,8192,0.382135,1,"clFinish_profiled"
"OpenCL","COMPUTE","Vcur-7","MUL_MAT","f32",-1,4,-1,2048,1,1,1,8192,0.284583,1,"clFinish_profiled"
"OpenCL","COMPUTE","cache_k_l7 (view)","SET_ROWS","f16",-1,7,-1,2048,512,1,1,2097152,0.122708,1,"clFinish_profiled"
"OpenCL","COMPUTE","cache_v_l7 (view)","SET_ROWS","f16",-1,9,-1,2048,512,1,1,2097152,0.125833,1,"clFinish_profiled"
"OpenCL","COMPUTE","__fattn__-7","FLASH_ATTN_EXT","f32",-1,16,-1,128,16,1,1,8192,0.333490,1,"clFinish_profiled"
"CPU_Elastic","COMPUTE_GRAPH","ggml_cgraph","GRAPH","",-1,2,-1,0,0,0,0,0,0.933489,1,"delegate_cpu_graph"
"OpenCL","COMPUTE","ffn_moe_logits-7","MUL_MAT","f32",-1,2,-1,64,1,1,1,256,0.400417,1,"clFinish_profiled"
"OpenCL","COMPUTE","ffn_moe_probs-7","SOFT_MAX","f32",-1,3,-1,64,1,1,1,256,0.138177,1,"clFinish_profiled"
"OpenCL","COMPUTE","ffn_moe_argsort-7","ARGSORT","i32",-1,5,-1,64,1,1,1,256,0.132864,1,"clFinish_profiled"
"OpenCL","COMPUTE","ffn_moe_weights-7","GET_ROWS","f32",-1,7,-1,1,8,1,1,32,0.150521,1,"clFinish_profiled"
"CPU_Elastic","COMPUTE_GRAPH","ggml_cgraph","GRAPH","",-1,21,-1,0,0,0,0,0,5.358125,1,"delegate_cpu_graph"
"CPU_Elastic","COMPUTE_GRAPH","ggml_cgraph","GRAPH","",-1,1,-1,0,0,0,0,0,1.124740,1,"delegate_cpu_graph"
"OpenCL","COMPUTE","Qcur-8","ROPE","f32",-1,3,-1,128,16,1,1,8192,0.389531,1,"clFinish_profiled"
"CPU_Elastic","COMPUTE_GRAPH","ggml_cgraph","GRAPH","",-1,1,-1,0,0,0,0,0,1.491198,1,"delegate_cpu_graph"
"OpenCL","COMPUTE","Kcur-8","ROPE","f32",-1,3,-1,128,16,1,1,8192,0.386928,1,"clFinish_profiled"
"CPU_Elastic","COMPUTE_GRAPH","ggml_cgraph","GRAPH","",-1,3,-1,0,0,0,0,0,1.903698,1,"delegate_cpu_graph"
"OpenCL","COMPUTE","cache_k_l8 (view)","SET_ROWS","f16",-1,0,-1,2048,512,1,1,2097152,0.378958,1,"clFinish_profiled"
"OpenCL","COMPUTE","cache_v_l8 (view)","SET_ROWS","f16",-1,2,-1,2048,512,1,1,2097152,0.145989,1,"clFinish_profiled"
"OpenCL","COMPUTE","__fattn__-8","FLASH_ATTN_EXT","f32",-1,9,-1,128,16,1,1,8192,0.351250,1,"clFinish_profiled"
"CPU_Elastic","COMPUTE_GRAPH","ggml_cgraph","GRAPH","",-1,2,-1,0,0,0,0,0,1.683333,1,"delegate_cpu_graph"
"OpenCL","COMPUTE","ffn_moe_logits-8","MUL_MAT","f32",-1,2,-1,64,1,1,1,256,0.389584,1,"clFinish_profiled"
"OpenCL","COMPUTE","ffn_moe_probs-8","SOFT_MAX","f32",-1,3,-1,64,1,1,1,256,0.139896,1,"clFinish_profiled"
"OpenCL","COMPUTE","ffn_moe_argsort-8","ARGSORT","i32",-1,5,-1,64,1,1,1,256,0.132240,1,"clFinish_profiled"
"OpenCL","COMPUTE","ffn_moe_weights-8","GET_ROWS","f32",-1,7,-1,1,8,1,1,32,0.117709,1,"clFinish_profiled"
"CPU_Elastic","COMPUTE_GRAPH","ggml_cgraph","GRAPH","",-1,21,-1,0,0,0,0,0,5.176094,1,"delegate_cpu_graph"
"CPU_Elastic","COMPUTE_GRAPH","ggml_cgraph","GRAPH","",-1,1,-1,0,0,0,0,0,1.125781,1,"delegate_cpu_graph"
"OpenCL","COMPUTE","Qcur-9","ROPE","f32",-1,3,-1,128,16,1,1,8192,0.400886,1,"clFinish_profiled"
"CPU_Elastic","COMPUTE_GRAPH","ggml_cgraph","GRAPH","",-1,1,-1,0,0,0,0,0,1.003073,1,"delegate_cpu_graph"
"OpenCL","COMPUTE","Kcur-9","ROPE","f32",-1,3,-1,128,16,1,1,8192,0.382448,1,"clFinish_profiled"
"CPU_Elastic","COMPUTE_GRAPH","ggml_cgraph","GRAPH","",-1,3,-1,0,0,0,0,0,1.565469,1,"delegate_cpu_graph"
"OpenCL","COMPUTE","cache_k_l9 (view)","SET_ROWS","f16",-1,0,-1,2048,512,1,1,2097152,0.377812,1,"clFinish_profiled"
"OpenCL","COMPUTE","cache_v_l9 (view)","SET_ROWS","f16",-1,2,-1,2048,512,1,1,2097152,0.147031,1,"clFinish_profiled"
"OpenCL","COMPUTE","__fattn__-9","FLASH_ATTN_EXT","f32",-1,9,-1,128,16,1,1,8192,0.331927,1,"clFinish_profiled"
"CPU_Elastic","COMPUTE_GRAPH","ggml_cgraph","GRAPH","",-1,2,-1,0,0,0,0,0,1.682188,1,"delegate_cpu_graph"
"OpenCL","COMPUTE","ffn_moe_logits-9","MUL_MAT","f32",-1,2,-1,64,1,1,1,256,0.405938,1,"clFinish_profiled"
"OpenCL","COMPUTE","ffn_moe_probs-9","SOFT_MAX","f32",-1,3,-1,64,1,1,1,256,0.149375,1,"clFinish_profiled"
"OpenCL","COMPUTE","ffn_moe_argsort-9","ARGSORT","i32",-1,5,-1,64,1,1,1,256,0.133854,1,"clFinish_profiled"
"OpenCL","COMPUTE","ffn_moe_weights-9","GET_ROWS","f32",-1,7,-1,1,8,1,1,32,0.153437,1,"clFinish_profiled"
"CPU_Elastic","COMPUTE_GRAPH","ggml_cgraph","GRAPH","",-1,21,-1,0,0,0,0,0,4.906875,1,"delegate_cpu_graph"
"CPU_Elastic","COMPUTE_GRAPH","ggml_cgraph","GRAPH","",-1,1,-1,0,0,0,0,0,0.278594,1,"delegate_cpu_graph"
"OpenCL","COMPUTE","Qcur-10","ROPE","f32",-1,3,-1,128,16,1,1,8192,0.324791,1,"clFinish_profiled"
"CPU_Elastic","COMPUTE_GRAPH","ggml_cgraph","GRAPH","",-1,1,-1,0,0,0,0,0,1.161719,1,"delegate_cpu_graph"
"OpenCL","COMPUTE","Kcur-10","ROPE","f32",-1,3,-1,128,16,1,1,8192,0.381458,1,"clFinish_profiled"
"OpenCL","COMPUTE","Vcur-10","MUL_MAT","f32",-1,4,-1,2048,1,1,1,8192,0.278490,1,"clFinish_profiled"
"OpenCL","COMPUTE","cache_k_l10 (view)","SET_ROWS","f16",-1,7,-1,2048,512,1,1,2097152,0.128125,1,"clFinish_profiled"
"OpenCL","COMPUTE","cache_v_l10 (view)","SET_ROWS","f16",-1,9,-1,2048,512,1,1,2097152,0.120000,1,"clFinish_profiled"
"OpenCL","COMPUTE","__fattn__-10","FLASH_ATTN_EXT","f32",-1,16,-1,128,16,1,1,8192,0.339791,1,"clFinish_profiled"
"CPU_Elastic","COMPUTE_GRAPH","ggml_cgraph","GRAPH","",-1,2,-1,0,0,0,0,0,1.465104,1,"delegate_cpu_graph"
"OpenCL","COMPUTE","ffn_moe_logits-10","MUL_MAT","f32",-1,2,-1,64,1,1,1,256,0.407135,1,"clFinish_profiled"
"OpenCL","COMPUTE","ffn_moe_probs-10","SOFT_MAX","f32",-1,3,-1,64,1,1,1,256,0.132552,1,"clFinish_profiled"
"OpenCL","COMPUTE","ffn_moe_argsort-10","ARGSORT","i32",-1,5,-1,64,1,1,1,256,0.126562,1,"clFinish_profiled"
"OpenCL","COMPUTE","ffn_moe_weights-10","GET_ROWS","f32",-1,7,-1,1,8,1,1,32,0.123906,1,"clFinish_profiled"
"CPU_Elastic","COMPUTE_GRAPH","ggml_cgraph","GRAPH","",-1,21,-1,0,0,0,0,0,8.990156,1,"delegate_cpu_graph"
"CPU_Elastic","COMPUTE_GRAPH","ggml_cgraph","GRAPH","",-1,1,-1,0,0,0,0,0,0.218385,1,"delegate_cpu_graph"
"OpenCL","COMPUTE","Qcur-11","ROPE","f32",-1,3,-1,128,16,1,1,8192,0.351979,1,"clFinish_profiled"
"CPU_Elastic","COMPUTE_GRAPH","ggml_cgraph","GRAPH","",-1,1,-1,0,0,0,0,0,1.145469,1,"delegate_cpu_graph"
"OpenCL","COMPUTE","Kcur-11","ROPE","f32",-1,3,-1,128,16,1,1,8192,0.386823,1,"clFinish_profiled"
"CPU_Elastic","COMPUTE_GRAPH","ggml_cgraph","GRAPH","",-1,3,-1,0,0,0,0,0,0.277604,1,"delegate_cpu_graph"
"OpenCL","COMPUTE","cache_k_l11 (view)","SET_ROWS","f16",-1,0,-1,2048,512,1,1,2097152,0.339427,1,"clFinish_profiled"
"OpenCL","COMPUTE","cache_v_l11 (view)","SET_ROWS","f16",-1,2,-1,2048,512,1,1,2097152,0.127865,1,"clFinish_profiled"
"OpenCL","COMPUTE","__fattn__-11","FLASH_ATTN_EXT","f32",-1,9,-1,128,16,1,1,8192,0.344219,1,"clFinish_profiled"
"CPU_Elastic","COMPUTE_GRAPH","ggml_cgraph","GRAPH","",-1,2,-1,0,0,0,0,0,1.199323,1,"delegate_cpu_graph"
"OpenCL","COMPUTE","ffn_moe_logits-11","MUL_MAT","f32",-1,2,-1,64,1,1,1,256,0.390729,1,"clFinish_profiled"
"OpenCL","COMPUTE","ffn_moe_probs-11","SOFT_MAX","f32",-1,3,-1,64,1,1,1,256,0.132396,1,"clFinish_profiled"
"OpenCL","COMPUTE","ffn_moe_argsort-11","ARGSORT","i32",-1,5,-1,64,1,1,1,256,0.129323,1,"clFinish_profiled"
"OpenCL","COMPUTE","ffn_moe_weights-11","GET_ROWS","f32",-1,7,-1,1,8,1,1,32,0.128073,1,"clFinish_profiled"
"CPU_Elastic","COMPUTE_GRAPH","ggml_cgraph","GRAPH","",-1,21,-1,0,0,0,0,0,4.432396,1,"delegate_cpu_graph"
"CPU_Elastic","COMPUTE_GRAPH","ggml_cgraph","GRAPH","",-1,1,-1,0,0,0,0,0,0.271563,1,"delegate_cpu_graph"
"OpenCL","COMPUTE","Qcur-12","ROPE","f32",-1,3,-1,128,16,1,1,8192,0.335885,1,"clFinish_profiled"
"CPU_Elastic","COMPUTE_GRAPH","ggml_cgraph","GRAPH","",-1,1,-1,0,0,0,0,0,1.178855,1,"delegate_cpu_graph"
"OpenCL","COMPUTE","Kcur-12","ROPE","f32",-1,3,-1,128,16,1,1,8192,0.380261,1,"clFinish_profiled"
"CPU_Elastic","COMPUTE_GRAPH","ggml_cgraph","GRAPH","",-1,3,-1,0,0,0,0,0,0.551146,1,"delegate_cpu_graph"
"OpenCL","COMPUTE","cache_k_l12 (view)","SET_ROWS","f16",-1,0,-1,2048,512,1,1,2097152,0.323594,1,"clFinish_profiled"
"OpenCL","COMPUTE","cache_v_l12 (view)","SET_ROWS","f16",-1,2,-1,2048,512,1,1,2097152,0.131979,1,"clFinish_profiled"
"OpenCL","COMPUTE","__fattn__-12","FLASH_ATTN_EXT","f32",-1,9,-1,128,16,1,1,8192,0.337500,1,"clFinish_profiled"
"CPU_Elastic","COMPUTE_GRAPH","ggml_cgraph","GRAPH","",-1,2,-1,0,0,0,0,0,1.738386,1,"delegate_cpu_graph"
"OpenCL","COMPUTE","ffn_moe_logits-12","MUL_MAT","f32",-1,2,-1,64,1,1,1,256,0.390312,1,"clFinish_profiled"
"OpenCL","COMPUTE","ffn_moe_probs-12","SOFT_MAX","f32",-1,3,-1,64,1,1,1,256,0.141041,1,"clFinish_profiled"
"OpenCL","COMPUTE","ffn_moe_argsort-12","ARGSORT","i32",-1,5,-1,64,1,1,1,256,0.128177,1,"clFinish_profiled"
"OpenCL","COMPUTE","ffn_moe_weights-12","GET_ROWS","f32",-1,7,-1,1,8,1,1,32,0.139063,1,"clFinish_profiled"
"CPU_Elastic","COMPUTE_GRAPH","ggml_cgraph","GRAPH","",-1,21,-1,0,0,0,0,0,6.735833,1,"delegate_cpu_graph"
"CPU_Elastic","COMPUTE_GRAPH","ggml_cgraph","GRAPH","",-1,1,-1,0,0,0,0,0,0.998490,1,"delegate_cpu_graph"
"OpenCL","COMPUTE","Qcur-13","ROPE","f32",-1,3,-1,128,16,1,1,8192,0.447240,1,"clFinish_profiled"
"CPU_Elastic","COMPUTE_GRAPH","ggml_cgraph","GRAPH","",-1,1,-1,0,0,0,0,0,1.209635,1,"delegate_cpu_graph"
"OpenCL","COMPUTE","Kcur-13","ROPE","f32",-1,3,-1,128,16,1,1,8192,0.453646,1,"clFinish_profiled"
"OpenCL","COMPUTE","Vcur-13","MUL_MAT","f32",-1,4,-1,2048,1,1,1,8192,0.336146,1,"clFinish_profiled"
"OpenCL","COMPUTE","cache_k_l13 (view)","SET_ROWS","f16",-1,7,-1,2048,512,1,1,2097152,0.131146,1,"clFinish_profiled"
"OpenCL","COMPUTE","cache_v_l13 (view)","SET_ROWS","f16",-1,9,-1,2048,512,1,1,2097152,0.125052,1,"clFinish_profiled"
"OpenCL","COMPUTE","__fattn__-13","FLASH_ATTN_EXT","f32",-1,16,-1,128,16,1,1,8192,0.331458,1,"clFinish_profiled"
"CPU_Elastic","COMPUTE_GRAPH","ggml_cgraph","GRAPH","",-1,2,-1,0,0,0,0,0,1.673230,1,"delegate_cpu_graph"
"OpenCL","COMPUTE","ffn_moe_logits-13","MUL_MAT","f32",-1,2,-1,64,1,1,1,256,0.447604,1,"clFinish_profiled"
"OpenCL","COMPUTE","ffn_moe_probs-13","SOFT_MAX","f32",-1,3,-1,64,1,1,1,256,0.139427,1,"clFinish_profiled"
"OpenCL","COMPUTE","ffn_moe_argsort-13","ARGSORT","i32",-1,5,-1,64,1,1,1,256,0.133906,1,"clFinish_profiled"
"OpenCL","COMPUTE","ffn_moe_weights-13","GET_ROWS","f32",-1,7,-1,1,8,1,1,32,0.122083,1,"clFinish_profiled"
"CPU_Elastic","COMPUTE_GRAPH","ggml_cgraph","GRAPH","",-1,21,-1,0,0,0,0,0,9.058386,1,"delegate_cpu_graph"
"CPU_Elastic","COMPUTE_GRAPH","ggml_cgraph","GRAPH","",-1,1,-1,0,0,0,0,0,1.236511,1,"delegate_cpu_graph"
"OpenCL","COMPUTE","Qcur-14","ROPE","f32",-1,3,-1,128,16,1,1,8192,0.403125,1,"clFinish_profiled"
"CPU_Elastic","COMPUTE_GRAPH","ggml_cgraph","GRAPH","",-1,1,-1,0,0,0,0,0,1.249636,1,"delegate_cpu_graph"
"OpenCL","COMPUTE","Kcur-14","ROPE","f32",-1,3,-1,128,16,1,1,8192,0.402760,1,"clFinish_profiled"
"OpenCL","COMPUTE","Vcur-14","MUL_MAT","f32",-1,4,-1,2048,1,1,1,8192,0.284427,1,"clFinish_profiled"
"OpenCL","COMPUTE","cache_k_l14 (view)","SET_ROWS","f16",-1,7,-1,2048,512,1,1,2097152,0.123437,1,"clFinish_profiled"
"OpenCL","COMPUTE","cache_v_l14 (view)","SET_ROWS","f16",-1,9,-1,2048,512,1,1,2097152,0.126146,1,"clFinish_profiled"
"OpenCL","COMPUTE","__fattn__-14","FLASH_ATTN_EXT","f32",-1,16,-1,128,16,1,1,8192,0.339531,1,"clFinish_profiled"
"CPU_Elastic","COMPUTE_GRAPH","ggml_cgraph","GRAPH","",-1,2,-1,0,0,0,0,0,1.483489,1,"delegate_cpu_graph"
"OpenCL","COMPUTE","ffn_moe_logits-14","MUL_MAT","f32",-1,2,-1,64,1,1,1,256,0.473333,1,"clFinish_profiled"
"OpenCL","COMPUTE","ffn_moe_probs-14","SOFT_MAX","f32",-1,3,-1,64,1,1,1,256,0.132656,1,"clFinish_profiled"
"OpenCL","COMPUTE","ffn_moe_argsort-14","ARGSORT","i32",-1,5,-1,64,1,1,1,256,0.133333,1,"clFinish_profiled"
"OpenCL","COMPUTE","ffn_moe_weights-14","GET_ROWS","f32",-1,7,-1,1,8,1,1,32,0.116093,1,"clFinish_profiled"
"CPU_Elastic","COMPUTE_GRAPH","ggml_cgraph","GRAPH","",-1,21,-1,0,0,0,0,0,10.451145,1,"delegate_cpu_graph"
"CPU_Elastic","COMPUTE_GRAPH","ggml_cgraph","GRAPH","",-1,1,-1,0,0,0,0,0,0.975365,1,"delegate_cpu_graph"
"OpenCL","COMPUTE","Qcur-15","ROPE","f32",-1,3,-1,128,16,1,1,8192,0.395886,1,"clFinish_profiled"
"CPU_Elastic","COMPUTE_GRAPH","ggml_cgraph","GRAPH","",-1,1,-1,0,0,0,0,0,1.134479,1,"delegate_cpu_graph"
"OpenCL","COMPUTE","Kcur-15","ROPE","f32",-1,3,-1,128,16,1,1,8192,0.407396,1,"clFinish_profiled"
"OpenCL","COMPUTE","Vcur-15","MUL_MAT","f32",-1,4,-1,2048,1,1,1,8192,0.282656,1,"clFinish_profiled"
"OpenCL","COMPUTE","cache_k_l15 (view)","SET_ROWS","f16",-1,7,-1,2048,512,1,1,2097152,0.125468,1,"clFinish_profiled"
"OpenCL","COMPUTE","cache_v_l15 (view)","SET_ROWS","f16",-1,9,-1,2048,512,1,1,2097152,0.134636,1,"clFinish_profiled"
"OpenCL","COMPUTE","__fattn__-15","FLASH_ATTN_EXT","f32",-1,16,-1,128,16,1,1,8192,0.362187,1,"clFinish_profiled"
"CPU_Elastic","COMPUTE_GRAPH","ggml_cgraph","GRAPH","",-1,4,-1,0,0,0,0,0,2.007813,1,"delegate_cpu_graph"
"OpenCL","COMPUTE","ffn_moe_logits-15","MUL_MAT","f32",-1,2,-1,64,1,1,1,256,0.452500,1,"clFinish_profiled"
"OpenCL","COMPUTE","ffn_moe_probs-15","SOFT_MAX","f32",-1,3,-1,64,1,1,1,256,0.139531,1,"clFinish_profiled"
"OpenCL","COMPUTE","ffn_moe_argsort-15","ARGSORT","i32",-1,5,-1,64,1,1,1,256,0.129635,1,"clFinish_profiled"
"OpenCL","COMPUTE","ffn_moe_weights-15","GET_ROWS","f32",-1,7,-1,1,8,1,1,32,0.120573,1,"clFinish_profiled"
"CPU_Elastic","COMPUTE_GRAPH","ggml_cgraph","GRAPH","",-1,22,-1,0,0,0,0,0,9.703594,1,"delegate_cpu_graph"
"OpenCL","COMPUTE","result_norm","MUL","f32",-1,0,-1,2048,1,1,1,8192,0.420416,1,"clFinish_profiled"
"OpenCL","COMPUTE","result_output","MUL_MAT","f32",-1,1,-1,50304,1,1,1,201216,3.896094,1,"clFinish_profiled"
"CPU_Elastic","COMPUTE_GRAPH","ggml_cgraph","GRAPH","",-1,1,-1,0,0,0,0,0,0.006197,1,"delegate_cpu_graph"
"CPU_Elastic","COMPUTE_GRAPH","ggml_cgraph","GRAPH","",-1,1,-1,0,0,0,0,0,1.285469,1,"delegate_cpu_graph"
"OpenCL","COMPUTE","Qcur-0","ROPE","f32",-1,3,-1,128,16,1,1,8192,0.412864,1,"clFinish_profiled"
"CPU_Elastic","COMPUTE_GRAPH","ggml_cgraph","GRAPH","",-1,1,-1,0,0,0,0,0,1.251042,1,"delegate_cpu_graph"
"OpenCL","COMPUTE","Kcur-0","ROPE","f32",-1,3,-1,128,16,1,1,8192,0.403958,1,"clFinish_profiled"
"OpenCL","COMPUTE","Vcur-0","MUL_MAT","f32",-1,4,-1,2048,1,1,1,8192,0.284375,1,"clFinish_profiled"
"OpenCL","COMPUTE","cache_k_l0 (view)","SET_ROWS","f16",-1,7,-1,2048,512,1,1,2097152,0.120417,1,"clFinish_profiled"
"OpenCL","COMPUTE","cache_v_l0 (view)","SET_ROWS","f16",-1,9,-1,2048,512,1,1,2097152,0.121302,1,"clFinish_profiled"
"OpenCL","COMPUTE"," (copy)","CPY","f16",-1,16,-1,256,64,1,1,32768,0.125886,1,"clFinish_profiled"
"OpenCL","COMPUTE","__fattn__-0","FLASH_ATTN_EXT","f32",-1,17,-1,128,16,1,1,8192,0.353593,1,"clFinish_profiled"
"CPU_Elastic","COMPUTE_GRAPH","ggml_cgraph","GRAPH","",-1,2,-1,0,0,0,0,0,1.752448,1,"delegate_cpu_graph"
"OpenCL","COMPUTE","ffn_moe_logits-0","MUL_MAT","f32",-1,2,-1,64,1,1,1,256,0.415260,1,"clFinish_profiled"
"OpenCL","COMPUTE","ffn_moe_probs-0","SOFT_MAX","f32",-1,3,-1,64,1,1,1,256,0.133333,1,"clFinish_profiled"
"OpenCL","COMPUTE","ffn_moe_argsort-0","ARGSORT","i32",-1,5,-1,64,1,1,1,256,0.128958,1,"clFinish_profiled"
"OpenCL","COMPUTE","ffn_moe_weights-0","GET_ROWS","f32",-1,7,-1,1,8,1,1,32,0.118281,1,"clFinish_profiled"
"CPU_Elastic","COMPUTE_GRAPH","ggml_cgraph","GRAPH","",-1,21,-1,0,0,0,0,0,6.844896,1,"delegate_cpu_graph"
"CPU_Elastic","COMPUTE_GRAPH","ggml_cgraph","GRAPH","",-1,1,-1,0,0,0,0,0,1.369062,1,"delegate_cpu_graph"
"OpenCL","COMPUTE","Qcur-1","ROPE","f32",-1,3,-1,128,16,1,1,8192,0.403802,1,"clFinish_profiled"
"CPU_Elastic","COMPUTE_GRAPH","ggml_cgraph","GRAPH","",-1,1,-1,0,0,0,0,0,0.267187,1,"delegate_cpu_graph"
"OpenCL","COMPUTE","Kcur-1","ROPE","f32",-1,3,-1,128,16,1,1,8192,0.332135,1,"clFinish_profiled"
"OpenCL","COMPUTE","Vcur-1","MUL_MAT","f32",-1,4,-1,2048,1,1,1,8192,0.281667,1,"clFinish_profiled"
"OpenCL","COMPUTE","cache_k_l1 (view)","SET_ROWS","f16",-1,7,-1,2048,512,1,1,2097152,0.122396,1,"clFinish_profiled"
"OpenCL","COMPUTE","cache_v_l1 (view)","SET_ROWS","f16",-1,9,-1,2048,512,1,1,2097152,0.124167,1,"clFinish_profiled"
"OpenCL","COMPUTE","__fattn__-1","FLASH_ATTN_EXT","f32",-1,16,-1,128,16,1,1,8192,0.328594,1,"clFinish_profiled"
"CPU_Elastic","COMPUTE_GRAPH","ggml_cgraph","GRAPH","",-1,2,-1,0,0,0,0,0,1.517187,1,"delegate_cpu_graph"
"OpenCL","COMPUTE","ffn_moe_logits-1","MUL_MAT","f32",-1,2,-1,64,1,1,1,256,0.410312,1,"clFinish_profiled"
"OpenCL","COMPUTE","ffn_moe_probs-1","SOFT_MAX","f32",-1,3,-1,64,1,1,1,256,0.137291,1,"clFinish_profiled"
"OpenCL","COMPUTE","ffn_moe_argsort-1","ARGSORT","i32",-1,5,-1,64,1,1,1,256,0.132500,1,"clFinish_profiled"
"OpenCL","COMPUTE","ffn_moe_weights-1","GET_ROWS","f32",-1,7,-1,1,8,1,1,32,0.122448,1,"clFinish_profiled"
"CPU_Elastic","COMPUTE_GRAPH","ggml_cgraph","GRAPH","",-1,21,-1,0,0,0,0,0,9.114219,1,"delegate_cpu_graph"
"CPU_Elastic","COMPUTE_GRAPH","ggml_cgraph","GRAPH","",-1,1,-1,0,0,0,0,0,1.372552,1,"delegate_cpu_graph"
"OpenCL","COMPUTE","Qcur-2","ROPE","f32",-1,3,-1,128,16,1,1,8192,0.392084,1,"clFinish_profiled"
"CPU_Elastic","COMPUTE_GRAPH","ggml_cgraph","GRAPH","",-1,1,-1,0,0,0,0,0,1.369895,1,"delegate_cpu_graph"
"OpenCL","COMPUTE","Kcur-2","ROPE","f32",-1,3,-1,128,16,1,1,8192,0.387240,1,"clFinish_profiled"
"CPU_Elastic","COMPUTE_GRAPH","ggml_cgraph","GRAPH","",-1,3,-1,0,0,0,0,0,1.905000,1,"delegate_cpu_graph"
"OpenCL","COMPUTE","cache_k_l2 (view)","SET_ROWS","f16",-1,0,-1,2048,512,1,1,2097152,0.376354,1,"clFinish_profiled"
"OpenCL","COMPUTE","cache_v_l2 (view)","SET_ROWS","f16",-1,2,-1,2048,512,1,1,2097152,0.125625,1,"clFinish_profiled"
"OpenCL","COMPUTE","__fattn__-2","FLASH_ATTN_EXT","f32",-1,9,-1,128,16,1,1,8192,0.365730,1,"clFinish_profiled"
"CPU_Elastic","COMPUTE_GRAPH","ggml_cgraph","GRAPH","",-1,2,-1,0,0,0,0,0,1.417136,1,"delegate_cpu_graph"
"OpenCL","COMPUTE","ffn_moe_logits-2","MUL_MAT","f32",-1,2,-1,64,1,1,1,256,0.393958,1,"clFinish_profiled"
"OpenCL","COMPUTE","ffn_moe_probs-2","SOFT_MAX","f32",-1,3,-1,64,1,1,1,256,0.147656,1,"clFinish_profiled"
"OpenCL","COMPUTE","ffn_moe_argsort-2","ARGSORT","i32",-1,5,-1,64,1,1,1,256,0.129115,1,"clFinish_profiled"
"OpenCL","COMPUTE","ffn_moe_weights-2","GET_ROWS","f32",-1,7,-1,1,8,1,1,32,0.125573,1,"clFinish_profiled"
"CPU_Elastic","COMPUTE_GRAPH","ggml_cgraph","GRAPH","",-1,21,-1,0,0,0,0,0,4.187448,1,"delegate_cpu_graph"
"CPU_Elastic","COMPUTE_GRAPH","ggml_cgraph","GRAPH","",-1,1,-1,0,0,0,0,0,0.226250,1,"delegate_cpu_graph"
"OpenCL","COMPUTE","Qcur-3","ROPE","f32",-1,3,-1,128,16,1,1,8192,0.396510,1,"clFinish_profiled"
"CPU_Elastic","COMPUTE_GRAPH","ggml_cgraph","GRAPH","",-1,1,-1,0,0,0,0,0,0.271718,1,"delegate_cpu_graph"
"OpenCL","COMPUTE","Kcur-3","ROPE","f32",-1,3,-1,128,16,1,1,8192,0.388438,1,"clFinish_profiled"
"CPU_Elastic","COMPUTE_GRAPH","ggml_cgraph","GRAPH","",-1,3,-1,0,0,0,0,0,1.667135,1,"delegate_cpu_graph"
"OpenCL","COMPUTE","cache_k_l3 (view)","SET_ROWS","f16",-1,0,-1,2048,512,1,1,2097152,0.388177,1,"clFinish_profiled"
"OpenCL","COMPUTE","cache_v_l3 (view)","SET_ROWS","f16",-1,2,-1,2048,512,1,1,2097152,0.139323,1,"clFinish_profiled"
"OpenCL","COMPUTE","__fattn__-3","FLASH_ATTN_EXT","f32",-1,9,-1,128,16,1,1,8192,0.335573,1,"clFinish_profiled"
"CPU_Elastic","COMPUTE_GRAPH","ggml_cgraph","GRAPH","",-1,2,-1,0,0,0,0,0,1.694531,1,"delegate_cpu_graph"
"OpenCL","COMPUTE","ffn_moe_logits-3","MUL_MAT","f32",-1,2,-1,64,1,1,1,256,0.394844,1,"clFinish_profiled"
"OpenCL","COMPUTE","ffn_moe_probs-3","SOFT_MAX","f32",-1,3,-1,64,1,1,1,256,0.160782,1,"clFinish_profiled"
"OpenCL","COMPUTE","ffn_moe_argsort-3","ARGSORT","i32",-1,5,-1,64,1,1,1,256,0.134063,1,"clFinish_profiled"
"OpenCL","COMPUTE","ffn_moe_weights-3","GET_ROWS","f32",-1,7,-1,1,8,1,1,32,0.122656,1,"clFinish_profiled"
"CPU_Elastic","COMPUTE_GRAPH","ggml_cgraph","GRAPH","",-1,21,-1,0,0,0,0,0,6.577552,1,"delegate_cpu_graph"
"CPU_Elastic","COMPUTE_GRAPH","ggml_cgraph","GRAPH","",-1,1,-1,0,0,0,0,0,1.378020,1,"delegate_cpu_graph"
"OpenCL","COMPUTE","Qcur-4","ROPE","f32",-1,3,-1,128,16,1,1,8192,0.386979,1,"clFinish_profiled"
"CPU_Elastic","COMPUTE_GRAPH","ggml_cgraph","GRAPH","",-1,1,-1,0,0,0,0,0,0.547239,1,"delegate_cpu_graph"
"OpenCL","COMPUTE","Kcur-4","ROPE","f32",-1,3,-1,128,16,1,1,8192,0.322291,1,"clFinish_profiled"
"OpenCL","COMPUTE","Vcur-4","MUL_MAT","f32",-1,4,-1,2048,1,1,1,8192,0.277136,1,"clFinish_profiled"
"OpenCL","COMPUTE","cache_k_l4 (view)","SET_ROWS","f16",-1,7,-1,2048,512,1,1,2097152,0.126354,1,"clFinish_profiled"
"OpenCL","COMPUTE","cache_v_l4 (view)","SET_ROWS","f16",-1,9,-1,2048,512,1,1,2097152,0.125416,1,"clFinish_profiled"
"OpenCL","COMPUTE","__fattn__-4","FLASH_ATTN_EXT","f32",-1,16,-1,128,16,1,1,8192,0.335989,1,"clFinish_profiled"
"CPU_Elastic","COMPUTE_GRAPH","ggml_cgraph","GRAPH","",-1,2,-1,0,0,0,0,0,0.248958,1,"delegate_cpu_graph"
"OpenCL","COMPUTE","ffn_moe_logits-4","MUL_MAT","f32",-1,2,-1,64,1,1,1,256,0.366250,1,"clFinish_profiled"
"OpenCL","COMPUTE","ffn_moe_probs-4","SOFT_MAX","f32",-1,3,-1,64,1,1,1,256,0.135990,1,"clFinish_profiled"
"OpenCL","COMPUTE","ffn_moe_argsort-4","ARGSORT","i32",-1,5,-1,64,1,1,1,256,0.132604,1,"clFinish_profiled"
"OpenCL","COMPUTE","ffn_moe_weights-4","GET_ROWS","f32",-1,7,-1,1,8,1,1,32,0.131407,1,"clFinish_profiled"
"CPU_Elastic","COMPUTE_GRAPH","ggml_cgraph","GRAPH","",-1,21,-1,0,0,0,0,0,8.870781,1,"delegate_cpu_graph"
"CPU_Elastic","COMPUTE_GRAPH","ggml_cgraph","GRAPH","",-1,1,-1,0,0,0,0,0,1.423125,1,"delegate_cpu_graph"
"OpenCL","COMPUTE","Qcur-5","ROPE","f32",-1,3,-1,128,16,1,1,8192,0.392709,1,"clFinish_profiled"
"CPU_Elastic","COMPUTE_GRAPH","ggml_cgraph","GRAPH","",-1,1,-1,0,0,0,0,0,1.271302,1,"delegate_cpu_graph"
"OpenCL","COMPUTE","Kcur-5","ROPE","f32",-1,3,-1,128,16,1,1,8192,0.391771,1,"clFinish_profiled"
"CPU_Elastic","COMPUTE_GRAPH","ggml_cgraph","GRAPH","",-1,3,-1,0,0,0,0,0,0.543334,1,"delegate_cpu_graph"
"OpenCL","COMPUTE","cache_k_l5 (view)","SET_ROWS","f16",-1,0,-1,2048,512,1,1,2097152,0.321406,1,"clFinish_profiled"
"OpenCL","COMPUTE","cache_v_l5 (view)","SET_ROWS","f16",-1,2,-1,2048,512,1,1,2097152,0.132032,1,"clFinish_profiled"
"OpenCL","COMPUTE","__fattn__-5","FLASH_ATTN_EXT","f32",-1,9,-1,128,16,1,1,8192,0.338959,1,"clFinish_profiled"
"CPU_Elastic","COMPUTE_GRAPH","ggml_cgraph","GRAPH","",-1,2,-1,0,0,0,0,0,1.735833,1,"delegate_cpu_graph"
"OpenCL","COMPUTE","ffn_moe_logits-5","MUL_MAT","f32",-1,2,-1,64,1,1,1,256,0.455521,1,"clFinish_profiled"
"OpenCL","COMPUTE","ffn_moe_probs-5","SOFT_MAX","f32",-1,3,-1,64,1,1,1,256,0.138855,1,"clFinish_profiled"
"OpenCL","COMPUTE","ffn_moe_argsort-5","ARGSORT","i32",-1,5,-1,64,1,1,1,256,0.129323,1,"clFinish_profiled"
"OpenCL","COMPUTE","ffn_moe_weights-5","GET_ROWS","f32",-1,7,-1,1,8,1,1,32,0.119115,1,"clFinish_profiled"
"CPU_Elastic","COMPUTE_GRAPH","ggml_cgraph","GRAPH","",-1,21,-1,0,0,0,0,0,8.655208,1,"delegate_cpu_graph"
"CPU_Elastic","COMPUTE_GRAPH","ggml_cgraph","GRAPH","",-1,1,-1,0,0,0,0,0,0.966823,1,"delegate_cpu_graph"
"OpenCL","COMPUTE","Qcur-6","ROPE","f32",-1,3,-1,128,16,1,1,8192,0.450677,1,"clFinish_profiled"
"CPU_Elastic","COMPUTE_GRAPH","ggml_cgraph","GRAPH","",-1,1,-1,0,0,0,0,0,1.239740,1,"delegate_cpu_graph"
"OpenCL","COMPUTE","Kcur-6","ROPE","f32",-1,3,-1,128,16,1,1,8192,0.450520,1,"clFinish_profiled"
"CPU_Elastic","COMPUTE_GRAPH","ggml_cgraph","GRAPH","",-1,3,-1,0,0,0,0,0,0.216302,1,"delegate_cpu_graph"
"OpenCL","COMPUTE","cache_k_l6 (view)","SET_ROWS","f16",-1,0,-1,2048,512,1,1,2097152,0.395365,1,"clFinish_profiled"
"OpenCL","COMPUTE","cache_v_l6 (view)","SET_ROWS","f16",-1,2,-1,2048,512,1,1,2097152,0.148489,1,"clFinish_profiled"
"OpenCL","COMPUTE","__fattn__-6","FLASH_ATTN_EXT","f32",-1,9,-1,128,16,1,1,8192,0.353750,1,"clFinish_profiled"
"CPU_Elastic","COMPUTE_GRAPH","ggml_cgraph","GRAPH","",-1,2,-1,0,0,0,0,0,1.286094,1,"delegate_cpu_graph"
"OpenCL","COMPUTE","ffn_moe_logits-6","MUL_MAT","f32",-1,2,-1,64,1,1,1,256,0.457135,1,"clFinish_profiled"
"OpenCL","COMPUTE","ffn_moe_probs-6","SOFT_MAX","f32",-1,3,-1,64,1,1,1,256,0.132813,1,"clFinish_profiled"
"OpenCL","COMPUTE","ffn_moe_argsort-6","ARGSORT","i32",-1,5,-1,64,1,1,1,256,0.130781,1,"clFinish_profiled"
"OpenCL","COMPUTE","ffn_moe_weights-6","GET_ROWS","f32",-1,7,-1,1,8,1,1,32,0.130677,1,"clFinish_profiled"
"CPU_Elastic","COMPUTE_GRAPH","ggml_cgraph","GRAPH","",-1,21,-1,0,0,0,0,0,4.845260,1,"delegate_cpu_graph"
"CPU_Elastic","COMPUTE_GRAPH","ggml_cgraph","GRAPH","",-1,1,-1,0,0,0,0,0,0.212396,1,"delegate_cpu_graph"
"OpenCL","COMPUTE","Qcur-7","ROPE","f32",-1,3,-1,128,16,1,1,8192,0.395261,1,"clFinish_profiled"
"CPU_Elastic","COMPUTE_GRAPH","ggml_cgraph","GRAPH","",-1,1,-1,0,0,0,0,0,0.271719,1,"delegate_cpu_graph"
"OpenCL","COMPUTE","Kcur-7","ROPE","f32",-1,3,-1,128,16,1,1,8192,0.351302,1,"clFinish_profiled"
"OpenCL","COMPUTE","Vcur-7","MUL_MAT","f32",-1,4,-1,2048,1,1,1,8192,0.279740,1,"clFinish_profiled"
"OpenCL","COMPUTE","cache_k_l7 (view)","SET_ROWS","f16",-1,7,-1,2048,512,1,1,2097152,0.150416,1,"clFinish_profiled"
"OpenCL","COMPUTE","cache_v_l7 (view)","SET_ROWS","f16",-1,9,-1,2048,512,1,1,2097152,0.138542,1,"clFinish_profiled"
"OpenCL","COMPUTE","__fattn__-7","FLASH_ATTN_EXT","f32",-1,16,-1,128,16,1,1,8192,0.347552,1,"clFinish_profiled"
"CPU_Elastic","COMPUTE_GRAPH","ggml_cgraph","GRAPH","",-1,2,-1,0,0,0,0,0,1.731042,1,"delegate_cpu_graph"
"OpenCL","COMPUTE","ffn_moe_logits-7","MUL_MAT","f32",-1,2,-1,64,1,1,1,256,0.477084,1,"clFinish_profiled"
"OpenCL","COMPUTE","ffn_moe_probs-7","SOFT_MAX","f32",-1,3,-1,64,1,1,1,256,0.132916,1,"clFinish_profiled"
"OpenCL","COMPUTE","ffn_moe_argsort-7","ARGSORT","i32",-1,5,-1,64,1,1,1,256,0.135573,1,"clFinish_profiled"
"OpenCL","COMPUTE","ffn_moe_weights-7","GET_ROWS","f32",-1,7,-1,1,8,1,1,32,0.124375,1,"clFinish_profiled"
"CPU_Elastic","COMPUTE_GRAPH","ggml_cgraph","GRAPH","",-1,21,-1,0,0,0,0,0,8.767656,1,"delegate_cpu_graph"
"CPU_Elastic","COMPUTE_GRAPH","ggml_cgraph","GRAPH","",-1,1,-1,0,0,0,0,0,1.192812,1,"delegate_cpu_graph"
"OpenCL","COMPUTE","Qcur-8","ROPE","f32",-1,3,-1,128,16,1,1,8192,0.411875,1,"clFinish_profiled"
"CPU_Elastic","COMPUTE_GRAPH","ggml_cgraph","GRAPH","",-1,1,-1,0,0,0,0,0,1.250417,1,"delegate_cpu_graph"
"OpenCL","COMPUTE","Kcur-8","ROPE","f32",-1,3,-1,128,16,1,1,8192,0.386198,1,"clFinish_profiled"
"CPU_Elastic","COMPUTE_GRAPH","ggml_cgraph","GRAPH","",-1,3,-1,0,0,0,0,0,1.904948,1,"delegate_cpu_graph"
"OpenCL","COMPUTE","cache_k_l8 (view)","SET_ROWS","f16",-1,0,-1,2048,512,1,1,2097152,0.381250,1,"clFinish_profiled"
"OpenCL","COMPUTE","cache_v_l8 (view)","SET_ROWS","f16",-1,2,-1,2048,512,1,1,2097152,0.132344,1,"clFinish_profiled"
"OpenCL","COMPUTE","__fattn__-8","FLASH_ATTN_EXT","f32",-1,9,-1,128,16,1,1,8192,0.332656,1,"clFinish_profiled"
"CPU_Elastic","COMPUTE_GRAPH","ggml_cgraph","GRAPH","",-1,2,-1,0,0,0,0,0,1.693073,1,"delegate_cpu_graph"
"OpenCL","COMPUTE","ffn_moe_logits-8","MUL_MAT","f32",-1,2,-1,64,1,1,1,256,0.419792,1,"clFinish_profiled"
"OpenCL","COMPUTE","ffn_moe_probs-8","SOFT_MAX","f32",-1,3,-1,64,1,1,1,256,0.146771,1,"clFinish_profiled"
"OpenCL","COMPUTE","ffn_moe_argsort-8","ARGSORT","i32",-1,5,-1,64,1,1,1,256,0.130990,1,"clFinish_profiled"
"OpenCL","COMPUTE","ffn_moe_weights-8","GET_ROWS","f32",-1,7,-1,1,8,1,1,32,0.208334,1,"clFinish_profiled"
"CPU_Elastic","COMPUTE_GRAPH","ggml_cgraph","GRAPH","",-1,21,-1,0,0,0,0,0,4.385521,1,"delegate_cpu_graph"
"CPU_Elastic","COMPUTE_GRAPH","ggml_cgraph","GRAPH","",-1,1,-1,0,0,0,0,0,0.267448,1,"delegate_cpu_graph"
"OpenCL","COMPUTE","Qcur-9","ROPE","f32",-1,3,-1,128,16,1,1,8192,0.393594,1,"clFinish_profiled"
"CPU_Elastic","COMPUTE_GRAPH","ggml_cgraph","GRAPH","",-1,1,-1,0,0,0,0,0,0.274844,1,"delegate_cpu_graph"
"OpenCL","COMPUTE","Kcur-9","ROPE","f32",-1,3,-1,128,16,1,1,8192,0.383385,1,"clFinish_profiled"
"CPU_Elastic","COMPUTE_GRAPH","ggml_cgraph","GRAPH","",-1,3,-1,0,0,0,0,0,0.558958,1,"delegate_cpu_graph"
"OpenCL","COMPUTE","cache_k_l9 (view)","SET_ROWS","f16",-1,0,-1,2048,512,1,1,2097152,0.378230,1,"clFinish_profiled"
"OpenCL","COMPUTE","cache_v_l9 (view)","SET_ROWS","f16",-1,2,-1,2048,512,1,1,2097152,0.129844,1,"clFinish_profiled"
"OpenCL","COMPUTE","__fattn__-9","FLASH_ATTN_EXT","f32",-1,9,-1,128,16,1,1,8192,0.333385,1,"clFinish_profiled"
"CPU_Elastic","COMPUTE_GRAPH","ggml_cgraph","GRAPH","",-1,2,-1,0,0,0,0,0,0.903125,1,"delegate_cpu_graph"
"OpenCL","COMPUTE","ffn_moe_logits-9","MUL_MAT","f32",-1,2,-1,64,1,1,1,256,0.469896,1,"clFinish_profiled"
"OpenCL","COMPUTE","ffn_moe_probs-9","SOFT_MAX","f32",-1,3,-1,64,1,1,1,256,0.140364,1,"clFinish_profiled"
"OpenCL","COMPUTE","ffn_moe_argsort-9","ARGSORT","i32",-1,5,-1,64,1,1,1,256,0.129792,1,"clFinish_profiled"
"OpenCL","COMPUTE","ffn_moe_weights-9","GET_ROWS","f32",-1,7,-1,1,8,1,1,32,0.123698,1,"clFinish_profiled"
"CPU_Elastic","COMPUTE_GRAPH","ggml_cgraph","GRAPH","",-1,21,-1,0,0,0,0,0,8.868750,1,"delegate_cpu_graph"
"CPU_Elastic","COMPUTE_GRAPH","ggml_cgraph","GRAPH","",-1,1,-1,0,0,0,0,0,0.218750,1,"delegate_cpu_graph"
"OpenCL","COMPUTE","Qcur-10","ROPE","f32",-1,3,-1,128,16,1,1,8192,0.335521,1,"clFinish_profiled"
"CPU_Elastic","COMPUTE_GRAPH","ggml_cgraph","GRAPH","",-1,1,-1,0,0,0,0,0,1.160312,1,"delegate_cpu_graph"
"OpenCL","COMPUTE","Kcur-10","ROPE","f32",-1,3,-1,128,16,1,1,8192,0.447813,1,"clFinish_profiled"
"OpenCL","COMPUTE","Vcur-10","MUL_MAT","f32",-1,4,-1,2048,1,1,1,8192,0.280469,1,"clFinish_profiled"
"OpenCL","COMPUTE","cache_k_l10 (view)","SET_ROWS","f16",-1,7,-1,2048,512,1,1,2097152,0.123125,1,"clFinish_profiled"
"OpenCL","COMPUTE","cache_v_l10 (view)","SET_ROWS","f16",-1,9,-1,2048,512,1,1,2097152,0.126302,1,"clFinish_profiled"
"OpenCL","COMPUTE","__fattn__-10","FLASH_ATTN_EXT","f32",-1,16,-1,128,16,1,1,8192,0.354740,1,"clFinish_profiled"
"CPU_Elastic","COMPUTE_GRAPH","ggml_cgraph","GRAPH","",-1,2,-1,0,0,0,0,0,1.716198,1,"delegate_cpu_graph"
"OpenCL","COMPUTE","ffn_moe_logits-10","MUL_MAT","f32",-1,2,-1,64,1,1,1,256,0.456198,1,"clFinish_profiled"
"OpenCL","COMPUTE","ffn_moe_probs-10","SOFT_MAX","f32",-1,3,-1,64,1,1,1,256,0.129584,1,"clFinish_profiled"
"OpenCL","COMPUTE","ffn_moe_argsort-10","ARGSORT","i32",-1,5,-1,64,1,1,1,256,0.132448,1,"clFinish_profiled"
"OpenCL","COMPUTE","ffn_moe_weights-10","GET_ROWS","f32",-1,7,-1,1,8,1,1,32,0.122344,1,"clFinish_profiled"
"CPU_Elastic","COMPUTE_GRAPH","ggml_cgraph","GRAPH","",-1,21,-1,0,0,0,0,0,8.922917,1,"delegate_cpu_graph"
"CPU_Elastic","COMPUTE_GRAPH","ggml_cgraph","GRAPH","",-1,1,-1,0,0,0,0,0,1.004740,1,"delegate_cpu_graph"
"OpenCL","COMPUTE","Qcur-11","ROPE","f32",-1,3,-1,128,16,1,1,8192,0.386458,1,"clFinish_profiled"
"CPU_Elastic","COMPUTE_GRAPH","ggml_cgraph","GRAPH","",-1,1,-1,0,0,0,0,0,1.009427,1,"delegate_cpu_graph"
"OpenCL","COMPUTE","Kcur-11","ROPE","f32",-1,3,-1,128,16,1,1,8192,0.384479,1,"clFinish_profiled"
"CPU_Elastic","COMPUTE_GRAPH","ggml_cgraph","GRAPH","",-1,3,-1,0,0,0,0,0,1.109584,1,"delegate_cpu_graph"
"OpenCL","COMPUTE","cache_k_l11 (view)","SET_ROWS","f16",-1,0,-1,2048,512,1,1,2097152,0.378958,1,"clFinish_profiled"
"OpenCL","COMPUTE","cache_v_l11 (view)","SET_ROWS","f16",-1,2,-1,2048,512,1,1,2097152,0.139375,1,"clFinish_profiled"
"OpenCL","COMPUTE","__fattn__-11","FLASH_ATTN_EXT","f32",-1,9,-1,128,16,1,1,8192,0.340573,1,"clFinish_profiled"
"CPU_Elastic","COMPUTE_GRAPH","ggml_cgraph","GRAPH","",-1,2,-1,0,0,0,0,0,1.431823,1,"delegate_cpu_graph"
"OpenCL","COMPUTE","ffn_moe_logits-11","MUL_MAT","f32",-1,2,-1,64,1,1,1,256,0.416615,1,"clFinish_profiled"
"OpenCL","COMPUTE","ffn_moe_probs-11","SOFT_MAX","f32",-1,3,-1,64,1,1,1,256,0.143281,1,"clFinish_profiled"
"OpenCL","COMPUTE","ffn_moe_argsort-11","ARGSORT","i32",-1,5,-1,64,1,1,1,256,0.141354,1,"clFinish_profiled"
"OpenCL","COMPUTE","ffn_moe_weights-11","GET_ROWS","f32",-1,7,-1,1,8,1,1,32,0.117864,1,"clFinish_profiled"
"CPU_Elastic","COMPUTE_GRAPH","ggml_cgraph","GRAPH","",-1,21,-1,0,0,0,0,0,4.257031,1,"delegate_cpu_graph"
"CPU_Elastic","COMPUTE_GRAPH","ggml_cgraph","GRAPH","",-1,1,-1,0,0,0,0,0,0.171667,1,"delegate_cpu_graph"
"OpenCL","COMPUTE","Qcur-12","ROPE","f32",-1,3,-1,128,16,1,1,8192,0.383490,1,"clFinish_profiled"
"CPU_Elastic","COMPUTE_GRAPH","ggml_cgraph","GRAPH","",-1,1,-1,0,0,0,0,0,0.282760,1,"delegate_cpu_graph"
"OpenCL","COMPUTE","Kcur-12","ROPE","f32",-1,3,-1,128,16,1,1,8192,0.384427,1,"clFinish_profiled"
"CPU_Elastic","COMPUTE_GRAPH","ggml_cgraph","GRAPH","",-1,3,-1,0,0,0,0,0,1.907813,1,"delegate_cpu_graph"
"OpenCL","COMPUTE","cache_k_l12 (view)","SET_ROWS","f16",-1,0,-1,2048,512,1,1,2097152,0.441094,1,"clFinish_profiled"
"OpenCL","COMPUTE","cache_v_l12 (view)","SET_ROWS","f16",-1,2,-1,2048,512,1,1,2097152,0.134427,1,"clFinish_profiled"
"OpenCL","COMPUTE","__fattn__-12","FLASH_ATTN_EXT","f32",-1,9,-1,128,16,1,1,8192,0.404896,1,"clFinish_profiled"
"CPU_Elastic","COMPUTE_GRAPH","ggml_cgraph","GRAPH","",-1,2,-1,0,0,0,0,0,1.236407,1,"delegate_cpu_graph"
"OpenCL","COMPUTE","ffn_moe_logits-12","MUL_MAT","f32",-1,2,-1,64,1,1,1,256,0.409479,1,"clFinish_profiled"
"OpenCL","COMPUTE","ffn_moe_probs-12","SOFT_MAX","f32",-1,3,-1,64,1,1,1,256,0.141927,1,"clFinish_profiled"
"OpenCL","COMPUTE","ffn_moe_argsort-12","ARGSORT","i32",-1,5,-1,64,1,1,1,256,0.129740,1,"clFinish_profiled"
"OpenCL","COMPUTE","ffn_moe_weights-12","GET_ROWS","f32",-1,7,-1,1,8,1,1,32,0.124114,1,"clFinish_profiled"
"CPU_Elastic","COMPUTE_GRAPH","ggml_cgraph","GRAPH","",-1,21,-1,0,0,0,0,0,8.920312,1,"delegate_cpu_graph"
"CPU_Elastic","COMPUTE_GRAPH","ggml_cgraph","GRAPH","",-1,1,-1,0,0,0,0,0,1.237447,1,"delegate_cpu_graph"
"OpenCL","COMPUTE","Qcur-13","ROPE","f32",-1,3,-1,128,16,1,1,8192,0.459218,1,"clFinish_profiled"
"CPU_Elastic","COMPUTE_GRAPH","ggml_cgraph","GRAPH","",-1,1,-1,0,0,0,0,0,0.954792,1,"delegate_cpu_graph"
"OpenCL","COMPUTE","Kcur-13","ROPE","f32",-1,3,-1,128,16,1,1,8192,0.385729,1,"clFinish_profiled"
"OpenCL","COMPUTE","Vcur-13","MUL_MAT","f32",-1,4,-1,2048,1,1,1,8192,0.282083,1,"clFinish_profiled"
"OpenCL","COMPUTE","cache_k_l13 (view)","SET_ROWS","f16",-1,7,-1,2048,512,1,1,2097152,0.120573,1,"clFinish_profiled"
"OpenCL","COMPUTE","cache_v_l13 (view)","SET_ROWS","f16",-1,9,-1,2048,512,1,1,2097152,0.119427,1,"clFinish_profiled"
"OpenCL","COMPUTE","__fattn__-13","FLASH_ATTN_EXT","f32",-1,16,-1,128,16,1,1,8192,0.347968,1,"clFinish_profiled"
"CPU_Elastic","COMPUTE_GRAPH","ggml_cgraph","GRAPH","",-1,2,-1,0,0,0,0,0,1.748437,1,"delegate_cpu_graph"
"OpenCL","COMPUTE","ffn_moe_logits-13","MUL_MAT","f32",-1,2,-1,64,1,1,1,256,0.405469,1,"clFinish_profiled"
"OpenCL","COMPUTE","ffn_moe_probs-13","SOFT_MAX","f32",-1,3,-1,64,1,1,1,256,0.135729,1,"clFinish_profiled"
"OpenCL","COMPUTE","ffn_moe_argsort-13","ARGSORT","i32",-1,5,-1,64,1,1,1,256,0.128958,1,"clFinish_profiled"
"OpenCL","COMPUTE","ffn_moe_weights-13","GET_ROWS","f32",-1,7,-1,1,8,1,1,32,0.120052,1,"clFinish_profiled"
"CPU_Elastic","COMPUTE_GRAPH","ggml_cgraph","GRAPH","",-1,21,-1,0,0,0,0,0,4.618646,1,"delegate_cpu_graph"
"CPU_Elastic","COMPUTE_GRAPH","ggml_cgraph","GRAPH","",-1,1,-1,0,0,0,0,0,0.240521,1,"delegate_cpu_graph"
"OpenCL","COMPUTE","Qcur-14","ROPE","f32",-1,3,-1,128,16,1,1,8192,0.380885,1,"clFinish_profiled"
"CPU_Elastic","COMPUTE_GRAPH","ggml_cgraph","GRAPH","",-1,1,-1,0,0,0,0,0,1.370729,1,"delegate_cpu_graph"
"OpenCL","COMPUTE","Kcur-14","ROPE","f32",-1,3,-1,128,16,1,1,8192,0.433073,1,"clFinish_profiled"
"OpenCL","COMPUTE","Vcur-14","MUL_MAT","f32",-1,4,-1,2048,1,1,1,8192,0.351406,1,"clFinish_profiled"
"OpenCL","COMPUTE","cache_k_l14 (view)","SET_ROWS","f16",-1,7,-1,2048,512,1,1,2097152,0.124635,1,"clFinish_profiled"
"OpenCL","COMPUTE","cache_v_l14 (view)","SET_ROWS","f16",-1,9,-1,2048,512,1,1,2097152,0.118125,1,"clFinish_profiled"
"OpenCL","COMPUTE","__fattn__-14","FLASH_ATTN_EXT","f32",-1,16,-1,128,16,1,1,8192,0.328542,1,"clFinish_profiled"
"CPU_Elastic","COMPUTE_GRAPH","ggml_cgraph","GRAPH","",-1,2,-1,0,0,0,0,0,1.694948,1,"delegate_cpu_graph"
"OpenCL","COMPUTE","ffn_moe_logits-14","MUL_MAT","f32",-1,2,-1,64,1,1,1,256,0.407084,1,"clFinish_profiled"
"OpenCL","COMPUTE","ffn_moe_probs-14","SOFT_MAX","f32",-1,3,-1,64,1,1,1,256,0.161718,1,"clFinish_profiled"
"OpenCL","COMPUTE","ffn_moe_argsort-14","ARGSORT","i32",-1,5,-1,64,1,1,1,256,0.125625,1,"clFinish_profiled"
"OpenCL","COMPUTE","ffn_moe_weights-14","GET_ROWS","f32",-1,7,-1,1,8,1,1,32,0.117292,1,"clFinish_profiled"
"CPU_Elastic","COMPUTE_GRAPH","ggml_cgraph","GRAPH","",-1,21,-1,0,0,0,0,0,7.804688,1,"delegate_cpu_graph"
"CPU_Elastic","COMPUTE_GRAPH","ggml_cgraph","GRAPH","",-1,1,-1,0,0,0,0,0,0.238073,1,"delegate_cpu_graph"
"OpenCL","COMPUTE","Qcur-15","ROPE","f32",-1,3,-1,128,16,1,1,8192,0.386094,1,"clFinish_profiled"
"CPU_Elastic","COMPUTE_GRAPH","ggml_cgraph","GRAPH","",-1,1,-1,0,0,0,0,0,1.370625,1,"delegate_cpu_graph"
"OpenCL","COMPUTE","Kcur-15","ROPE","f32",-1,3,-1,128,16,1,1,8192,0.445937,1,"clFinish_profiled"
"OpenCL","COMPUTE","Vcur-15","MUL_MAT","f32",-1,4,-1,2048,1,1,1,8192,0.355208,1,"clFinish_profiled"
"OpenCL","COMPUTE","cache_k_l15 (view)","SET_ROWS","f16",-1,7,-1,2048,512,1,1,2097152,0.124844,1,"clFinish_profiled"
"OpenCL","COMPUTE","cache_v_l15 (view)","SET_ROWS","f16",-1,9,-1,2048,512,1,1,2097152,0.129843,1,"clFinish_profiled"
"OpenCL","COMPUTE","__fattn__-15","FLASH_ATTN_EXT","f32",-1,16,-1,128,16,1,1,8192,0.352812,1,"clFinish_profiled"
"CPU_Elastic","COMPUTE_GRAPH","ggml_cgraph","GRAPH","",-1,4,-1,0,0,0,0,0,1.834167,1,"delegate_cpu_graph"
"OpenCL","COMPUTE","ffn_moe_logits-15","MUL_MAT","f32",-1,2,-1,64,1,1,1,256,0.412291,1,"clFinish_profiled"
"OpenCL","COMPUTE","ffn_moe_probs-15","SOFT_MAX","f32",-1,3,-1,64,1,1,1,256,0.139167,1,"clFinish_profiled"
"OpenCL","COMPUTE","ffn_moe_argsort-15","ARGSORT","i32",-1,5,-1,64,1,1,1,256,0.136302,1,"clFinish_profiled"
"OpenCL","COMPUTE","ffn_moe_weights-15","GET_ROWS","f32",-1,7,-1,1,8,1,1,32,0.125520,1,"clFinish_profiled"
"CPU_Elastic","COMPUTE_GRAPH","ggml_cgraph","GRAPH","",-1,22,-1,0,0,0,0,0,6.253281,1,"delegate_cpu_graph"
"OpenCL","COMPUTE","result_norm","MUL","f32",-1,0,-1,2048,1,1,1,8192,0.387240,1,"clFinish_profiled"
"OpenCL","COMPUTE","result_output","MUL_MAT","f32",-1,1,-1,50304,1,1,1,201216,3.886354,1,"clFinish_profiled"
"CPU_Elastic","COMPUTE_GRAPH","ggml_cgraph","GRAPH","",-1,1,-1,0,0,0,0,0,0.006094,1,"delegate_cpu_graph"
"CPU_Elastic","COMPUTE_GRAPH","ggml_cgraph","GRAPH","",-1,1,-1,0,0,0,0,0,1.427604,1,"delegate_cpu_graph"
"OpenCL","COMPUTE","Qcur-0","ROPE","f32",-1,3,-1,128,16,1,1,8192,0.398906,1,"clFinish_profiled"
"CPU_Elastic","COMPUTE_GRAPH","ggml_cgraph","GRAPH","",-1,1,-1,0,0,0,0,0,1.020469,1,"delegate_cpu_graph"
"OpenCL","COMPUTE","Kcur-0","ROPE","f32",-1,3,-1,128,16,1,1,8192,0.387604,1,"clFinish_profiled"
"OpenCL","COMPUTE","Vcur-0","MUL_MAT","f32",-1,4,-1,2048,1,1,1,8192,0.280052,1,"clFinish_profiled"
"OpenCL","COMPUTE","cache_k_l0 (view)","SET_ROWS","f16",-1,7,-1,2048,512,1,1,2097152,0.122135,1,"clFinish_profiled"
"OpenCL","COMPUTE","cache_v_l0 (view)","SET_ROWS","f16",-1,9,-1,2048,512,1,1,2097152,0.119480,1,"clFinish_profiled"
"OpenCL","COMPUTE"," (copy)","CPY","f16",-1,16,-1,256,64,1,1,32768,0.143125,1,"clFinish_profiled"
"OpenCL","COMPUTE","__fattn__-0","FLASH_ATTN_EXT","f32",-1,17,-1,128,16,1,1,8192,0.339010,1,"clFinish_profiled"
"CPU_Elastic","COMPUTE_GRAPH","ggml_cgraph","GRAPH","",-1,2,-1,0,0,0,0,0,1.732188,1,"delegate_cpu_graph"
"OpenCL","COMPUTE","ffn_moe_logits-0","MUL_MAT","f32",-1,2,-1,64,1,1,1,256,0.470938,1,"clFinish_profiled"
"OpenCL","COMPUTE","ffn_moe_probs-0","SOFT_MAX","f32",-1,3,-1,64,1,1,1,256,0.135156,1,"clFinish_profiled"
"OpenCL","COMPUTE","ffn_moe_argsort-0","ARGSORT","i32",-1,5,-1,64,1,1,1,256,0.133229,1,"clFinish_profiled"
"OpenCL","COMPUTE","ffn_moe_weights-0","GET_ROWS","f32",-1,7,-1,1,8,1,1,32,0.122344,1,"clFinish_profiled"
"CPU_Elastic","COMPUTE_GRAPH","ggml_cgraph","GRAPH","",-1,21,-1,0,0,0,0,0,10.368334,1,"delegate_cpu_graph"
"CPU_Elastic","COMPUTE_GRAPH","ggml_cgraph","GRAPH","",-1,1,-1,0,0,0,0,0,1.276928,1,"delegate_cpu_graph"
"OpenCL","COMPUTE","Qcur-1","ROPE","f32",-1,3,-1,128,16,1,1,8192,0.384271,1,"clFinish_profiled"
"CPU_Elastic","COMPUTE_GRAPH","ggml_cgraph","GRAPH","",-1,1,-1,0,0,0,0,0,0.283854,1,"delegate_cpu_graph"
"OpenCL","COMPUTE","Kcur-1","ROPE","f32",-1,3,-1,128,16,1,1,8192,0.333073,1,"clFinish_profiled"
"OpenCL","COMPUTE","Vcur-1","MUL_MAT","f32",-1,4,-1,2048,1,1,1,8192,0.283437,1,"clFinish_profiled"
"OpenCL","COMPUTE","cache_k_l1 (view)","SET_ROWS","f16",-1,7,-1,2048,512,1,1,2097152,0.125416,1,"clFinish_profiled"
"OpenCL","COMPUTE","cache_v_l1 (view)","SET_ROWS","f16",-1,9,-1,2048,512,1,1,2097152,0.125677,1,"clFinish_profiled"
"OpenCL","COMPUTE","__fattn__-1","FLASH_ATTN_EXT","f32",-1,16,-1,128,16,1,1,8192,0.336666,1,"clFinish_profiled"
"CPU_Elastic","COMPUTE_GRAPH","ggml_cgraph","GRAPH","",-1,2,-1,0,0,0,0,0,1.255573,1,"delegate_cpu_graph"
"OpenCL","COMPUTE","ffn_moe_logits-1","MUL_MAT","f32",-1,2,-1,64,1,1,1,256,0.399010,1,"clFinish_profiled"
"OpenCL","COMPUTE","ffn_moe_probs-1","SOFT_MAX","f32",-1,3,-1,64,1,1,1,256,0.154218,1,"clFinish_profiled"
"OpenCL","COMPUTE","ffn_moe_argsort-1","ARGSORT","i32",-1,5,-1,64,1,1,1,256,0.150990,1,"clFinish_profiled"
"OpenCL","COMPUTE","ffn_moe_weights-1","GET_ROWS","f32",-1,7,-1,1,8,1,1,32,0.119218,1,"clFinish_profiled"
"CPU_Elastic","COMPUTE_GRAPH","ggml_cgraph","GRAPH","",-1,21,-1,0,0,0,0,0,6.167708,1,"delegate_cpu_graph"
"CPU_Elastic","COMPUTE_GRAPH","ggml_cgraph","GRAPH","",-1,1,-1,0,0,0,0,0,0.226979,1,"delegate_cpu_graph"
"OpenCL","COMPUTE","Qcur-2","ROPE","f32",-1,3,-1,128,16,1,1,8192,0.376563,1,"clFinish_profiled"
"CPU_Elastic","COMPUTE_GRAPH","ggml_cgraph","GRAPH","",-1,1,-1,0,0,0,0,0,0.289114,1,"delegate_cpu_graph"
"OpenCL","COMPUTE","Kcur-2","ROPE","f32",-1,3,-1,128,16,1,1,8192,0.328541,1,"clFinish_profiled"
"CPU_Elastic","COMPUTE_GRAPH","ggml_cgraph","GRAPH","",-1,3,-1,0,0,0,0,0,1.693437,1,"delegate_cpu_graph"
"OpenCL","COMPUTE","cache_k_l2 (view)","SET_ROWS","f16",-1,0,-1,2048,512,1,1,2097152,0.390468,1,"clFinish_profiled"
"OpenCL","COMPUTE","cache_v_l2 (view)","SET_ROWS","f16",-1,2,-1,2048,512,1,1,2097152,0.143541,1,"clFinish_profiled"
"OpenCL","COMPUTE","__fattn__-2","FLASH_ATTN_EXT","f32",-1,9,-1,128,16,1,1,8192,0.352604,1,"clFinish_profiled"
"CPU_Elastic","COMPUTE_GRAPH","ggml_cgraph","GRAPH","",-1,2,-1,0,0,0,0,0,1.417344,1,"delegate_cpu_graph"
"OpenCL","COMPUTE","ffn_moe_logits-2","MUL_MAT","f32",-1,2,-1,64,1,1,1,256,0.466406,1,"clFinish_profiled"
"OpenCL","COMPUTE","ffn_moe_probs-2","SOFT_MAX","f32",-1,3,-1,64,1,1,1,256,0.140833,1,"clFinish_profiled"
"OpenCL","COMPUTE","ffn_moe_argsort-2","ARGSORT","i32",-1,5,-1,64,1,1,1,256,0.131875,1,"clFinish_profiled"
"OpenCL","COMPUTE","ffn_moe_weights-2","GET_ROWS","f32",-1,7,-1,1,8,1,1,32,0.120417,1,"clFinish_profiled"
"CPU_Elastic","COMPUTE_GRAPH","ggml_cgraph","GRAPH","",-1,21,-1,0,0,0,0,0,3.841927,1,"delegate_cpu_graph"
"CPU_Elastic","COMPUTE_GRAPH","ggml_cgraph","GRAPH","",-1,1,-1,0,0,0,0,0,0.230000,1,"delegate_cpu_graph"
"OpenCL","COMPUTE","Qcur-3","ROPE","f32",-1,3,-1,128,16,1,1,8192,0.322239,1,"clFinish_profiled"
"CPU_Elastic","COMPUTE_GRAPH","ggml_cgraph","GRAPH","",-1,1,-1,0,0,0,0,0,0.895885,1,"delegate_cpu_graph"
"OpenCL","COMPUTE","Kcur-3","ROPE","f32",-1,3,-1,128,16,1,1,8192,0.445417,1,"clFinish_profiled"
"CPU_Elastic","COMPUTE_GRAPH","ggml_cgraph","GRAPH","",-1,3,-1,0,0,0,0,0,0.240625,1,"delegate_cpu_graph"
"OpenCL","COMPUTE","cache_k_l3 (view)","SET_ROWS","f16",-1,0,-1,2048,512,1,1,2097152,0.319167,1,"clFinish_profiled"
"OpenCL","COMPUTE","cache_v_l3 (view)","SET_ROWS","f16",-1,2,-1,2048,512,1,1,2097152,0.127396,1,"clFinish_profiled"
"OpenCL","COMPUTE","__fattn__-3","FLASH_ATTN_EXT","f32",-1,9,-1,128,16,1,1,8192,0.359375,1,"clFinish_profiled"
"CPU_Elastic","COMPUTE_GRAPH","ggml_cgraph","GRAPH","",-1,2,-1,0,0,0,0,0,1.469635,1,"delegate_cpu_graph"
"OpenCL","COMPUTE","ffn_moe_logits-3","MUL_MAT","f32",-1,2,-1,64,1,1,1,256,0.460000,1,"clFinish_profiled"
"OpenCL","COMPUTE","ffn_moe_probs-3","SOFT_MAX","f32",-1,3,-1,64,1,1,1,256,0.136718,1,"clFinish_profiled"
"OpenCL","COMPUTE","ffn_moe_argsort-3","ARGSORT","i32",-1,5,-1,64,1,1,1,256,0.133854,1,"clFinish_profiled"
"OpenCL","COMPUTE","ffn_moe_weights-3","GET_ROWS","f32",-1,7,-1,1,8,1,1,32,0.123125,1,"clFinish_profiled"
"CPU_Elastic","COMPUTE_GRAPH","ggml_cgraph","GRAPH","",-1,21,-1,0,0,0,0,0,4.136562,1,"delegate_cpu_graph"
"CPU_Elastic","COMPUTE_GRAPH","ggml_cgraph","GRAPH","",-1,1,-1,0,0,0,0,0,1.366719,1,"delegate_cpu_graph"
"OpenCL","COMPUTE","Qcur-4","ROPE","f32",-1,3,-1,128,16,1,1,8192,0.388489,1,"clFinish_profiled"
"CPU_Elastic","COMPUTE_GRAPH","ggml_cgraph","GRAPH","",-1,1,-1,0,0,0,0,0,1.369636,1,"delegate_cpu_graph"
"OpenCL","COMPUTE","Kcur-4","ROPE","f32",-1,3,-1,128,16,1,1,8192,0.379531,1,"clFinish_profiled"
"OpenCL","COMPUTE","Vcur-4","MUL_MAT","f32",-1,4,-1,2048,1,1,1,8192,0.276615,1,"clFinish_profiled"
"OpenCL","COMPUTE","cache_k_l4 (view)","SET_ROWS","f16",-1,7,-1,2048,512,1,1,2097152,0.138386,1,"clFinish_profiled"
"OpenCL","COMPUTE","cache_v_l4 (view)","SET_ROWS","f16",-1,9,-1,2048,512,1,1,2097152,0.120156,1,"clFinish_profiled"
"OpenCL","COMPUTE","__fattn__-4","FLASH_ATTN_EXT","f32",-1,16,-1,128,16,1,1,8192,0.349740,1,"clFinish_profiled"
"CPU_Elastic","COMPUTE_GRAPH","ggml_cgraph","GRAPH","",-1,2,-1,0,0,0,0,0,0.190521,1,"delegate_cpu_graph"
"OpenCL","COMPUTE","ffn_moe_logits-4","MUL_MAT","f32",-1,2,-1,64,1,1,1,256,0.409844,1,"clFinish_profiled"
"OpenCL","COMPUTE","ffn_moe_probs-4","SOFT_MAX","f32",-1,3,-1,64,1,1,1,256,0.154219,1,"clFinish_profiled"
"OpenCL","COMPUTE","ffn_moe_argsort-4","ARGSORT","i32",-1,5,-1,64,1,1,1,256,0.130365,1,"clFinish_profiled"
"OpenCL","COMPUTE","ffn_moe_weights-4","GET_ROWS","f32",-1,7,-1,1,8,1,1,32,0.121094,1,"clFinish_profiled"
"CPU_Elastic","COMPUTE_GRAPH","ggml_cgraph","GRAPH","",-1,21,-1,0,0,0,0,0,4.951927,1,"delegate_cpu_graph"
"CPU_Elastic","COMPUTE_GRAPH","ggml_cgraph","GRAPH","",-1,1,-1,0,0,0,0,0,1.448542,1,"delegate_cpu_graph"
"OpenCL","COMPUTE","Qcur-5","ROPE","f32",-1,3,-1,128,16,1,1,8192,0.411302,1,"clFinish_profiled"
"CPU_Elastic","COMPUTE_GRAPH","ggml_cgraph","GRAPH","",-1,1,-1,0,0,0,0,0,1.267604,1,"delegate_cpu_graph"
"OpenCL","COMPUTE","Kcur-5","ROPE","f32",-1,3,-1,128,16,1,1,8192,0.384636,1,"clFinish_profiled"
"CPU_Elastic","COMPUTE_GRAPH","ggml_cgraph","GRAPH","",-1,3,-1,0,0,0,0,0,1.108646,1,"delegate_cpu_graph"
"OpenCL","COMPUTE","cache_k_l5 (view)","SET_ROWS","f16",-1,0,-1,2048,512,1,1,2097152,0.378490,1,"clFinish_profiled"
"OpenCL","COMPUTE","cache_v_l5 (view)","SET_ROWS","f16",-1,2,-1,2048,512,1,1,2097152,0.164635,1,"clFinish_profiled"
"OpenCL","COMPUTE","__fattn__-5","FLASH_ATTN_EXT","f32",-1,9,-1,128,16,1,1,8192,0.332709,1,"clFinish_profiled"
"CPU_Elastic","COMPUTE_GRAPH","ggml_cgraph","GRAPH","",-1,2,-1,0,0,0,0,0,1.410417,1,"delegate_cpu_graph"
"OpenCL","COMPUTE","ffn_moe_logits-5","MUL_MAT","f32",-1,2,-1,64,1,1,1,256,0.456407,1,"clFinish_profiled"
"OpenCL","COMPUTE","ffn_moe_probs-5","SOFT_MAX","f32",-1,3,-1,64,1,1,1,256,0.130260,1,"clFinish_profiled"
"OpenCL","COMPUTE","ffn_moe_argsort-5","ARGSORT","i32",-1,5,-1,64,1,1,1,256,0.128177,1,"clFinish_profiled"
"OpenCL","COMPUTE","ffn_moe_weights-5","GET_ROWS","f32",-1,7,-1,1,8,1,1,32,0.116979,1,"clFinish_profiled"
"CPU_Elastic","COMPUTE_GRAPH","ggml_cgraph","GRAPH","",-1,21,-1,0,0,0,0,0,8.887864,1,"delegate_cpu_graph"
"CPU_Elastic","COMPUTE_GRAPH","ggml_cgraph","GRAPH","",-1,1,-1,0,0,0,0,0,1.227917,1,"delegate_cpu_graph"
"OpenCL","COMPUTE","Qcur-6","ROPE","f32",-1,3,-1,128,16,1,1,8192,0.462812,1,"clFinish_profiled"
"CPU_Elastic","COMPUTE_GRAPH","ggml_cgraph","GRAPH","",-1,1,-1,0,0,0,0,0,0.201563,1,"delegate_cpu_graph"
"OpenCL","COMPUTE","Kcur-6","ROPE","f32",-1,3,-1,128,16,1,1,8192,0.405520,1,"clFinish_profiled"
"CPU_Elastic","COMPUTE_GRAPH","ggml_cgraph","GRAPH","",-1,3,-1,0,0,0,0,0,0.263646,1,"delegate_cpu_graph"
"OpenCL","COMPUTE","cache_k_l6 (view)","SET_ROWS","f16",-1,0,-1,2048,512,1,1,2097152,0.378802,1,"clFinish_profiled"
"OpenCL","COMPUTE","cache_v_l6 (view)","SET_ROWS","f16",-1,2,-1,2048,512,1,1,2097152,0.126615,1,"clFinish_profiled"
"OpenCL","COMPUTE","__fattn__-6","FLASH_ATTN_EXT","f32",-1,9,-1,128,16,1,1,8192,0.341875,1,"clFinish_profiled"
"CPU_Elastic","COMPUTE_GRAPH","ggml_cgraph","GRAPH","",-1,2,-1,0,0,0,0,0,1.431458,1,"delegate_cpu_graph"
"OpenCL","COMPUTE","ffn_moe_logits-6","MUL_MAT","f32",-1,2,-1,64,1,1,1,256,0.453906,1,"clFinish_profiled"
"OpenCL","COMPUTE","ffn_moe_probs-6","SOFT_MAX","f32",-1,3,-1,64,1,1,1,256,0.128593,1,"clFinish_profiled"
"OpenCL","COMPUTE","ffn_moe_argsort-6","ARGSORT","i32",-1,5,-1,64,1,1,1,256,0.126042,1,"clFinish_profiled"
"OpenCL","COMPUTE","ffn_moe_weights-6","GET_ROWS","f32",-1,7,-1,1,8,1,1,32,0.114167,1,"clFinish_profiled"
"CPU_Elastic","COMPUTE_GRAPH","ggml_cgraph","GRAPH","",-1,21,-1,0,0,0,0,0,8.643750,1,"delegate_cpu_graph"
"CPU_Elastic","COMPUTE_GRAPH","ggml_cgraph","GRAPH","",-1,1,-1,0,0,0,0,0,1.365677,1,"delegate_cpu_graph"
"OpenCL","COMPUTE","Qcur-7","ROPE","f32",-1,3,-1,128,16,1,1,8192,0.399062,1,"clFinish_profiled"
"CPU_Elastic","COMPUTE_GRAPH","ggml_cgraph","GRAPH","",-1,1,-1,0,0,0,0,0,1.126875,1,"delegate_cpu_graph"
"OpenCL","COMPUTE","Kcur-7","ROPE","f32",-1,3,-1,128,16,1,1,8192,0.383750,1,"clFinish_profiled"
"OpenCL","COMPUTE","Vcur-7","MUL_MAT","f32",-1,4,-1,2048,1,1,1,8192,0.285468,1,"clFinish_profiled"
"OpenCL","COMPUTE","cache_k_l7 (view)","SET_ROWS","f16",-1,7,-1,2048,512,1,1,2097152,0.149844,1,"clFinish_profiled"
"OpenCL","COMPUTE","cache_v_l7 (view)","SET_ROWS","f16",-1,9,-1,2048,512,1,1,2097152,0.122396,1,"clFinish_profiled"
"OpenCL","COMPUTE","__fattn__-7","FLASH_ATTN_EXT","f32",-1,16,-1,128,16,1,1,8192,0.349792,1,"clFinish_profiled"
"CPU_Elastic","COMPUTE_GRAPH","ggml_cgraph","GRAPH","",-1,2,-1,0,0,0,0,0,1.502344,1,"delegate_cpu_graph"
"OpenCL","COMPUTE","ffn_moe_logits-7","MUL_MAT","f32",-1,2,-1,64,1,1,1,256,0.391406,1,"clFinish_profiled"
"OpenCL","COMPUTE","ffn_moe_probs-7","SOFT_MAX","f32",-1,3,-1,64,1,1,1,256,0.136927,1,"clFinish_profiled"
"OpenCL","COMPUTE","ffn_moe_argsort-7","ARGSORT","i32",-1,5,-1,64,1,1,1,256,0.132917,1,"clFinish_profiled"
"OpenCL","COMPUTE","ffn_moe_weights-7","GET_ROWS","f32",-1,7,-1,1,8,1,1,32,0.127552,1,"clFinish_profiled"
"CPU_Elastic","COMPUTE_GRAPH","ggml_cgraph","GRAPH","",-1,21,-1,0,0,0,0,0,9.106615,1,"delegate_cpu_graph"
"CPU_Elastic","COMPUTE_GRAPH","ggml_cgraph","GRAPH","",-1,1,-1,0,0,0,0,0,0.213906,1,"delegate_cpu_graph"
"OpenCL","COMPUTE","Qcur-8","ROPE","f32",-1,3,-1,128,16,1,1,8192,0.386771,1,"clFinish_profiled"
"CPU_Elastic","COMPUTE_GRAPH","ggml_cgraph","GRAPH","",-1,1,-1,0,0,0,0,0,0.271406,1,"delegate_cpu_graph"
"OpenCL","COMPUTE","Kcur-8","ROPE","f32",-1,3,-1,128,16,1,1,8192,0.383438,1,"clFinish_profiled"
"CPU_Elastic","COMPUTE_GRAPH","ggml_cgraph","GRAPH","",-1,3,-1,0,0,0,0,0,1.902448,1,"delegate_cpu_graph"
"OpenCL","COMPUTE","cache_k_l8 (view)","SET_ROWS","f16",-1,0,-1,2048,512,1,1,2097152,0.432604,1,"clFinish_profiled"
"OpenCL","COMPUTE","cache_v_l8 (view)","SET_ROWS","f16",-1,2,-1,2048,512,1,1,2097152,0.145157,1,"clFinish_profiled"
"OpenCL","COMPUTE","__fattn__-8","FLASH_ATTN_EXT","f32",-1,9,-1,128,16,1,1,8192,0.339739,1,"clFinish_profiled"
"CPU_Elastic","COMPUTE_GRAPH","ggml_cgraph","GRAPH","",-1,2,-1,0,0,0,0,0,1.674740,1,"delegate_cpu_graph"
"OpenCL","COMPUTE","ffn_moe_logits-8","MUL_MAT","f32",-1,2,-1,64,1,1,1,256,0.459896,1,"clFinish_profiled"
"OpenCL","COMPUTE","ffn_moe_probs-8","SOFT_MAX","f32",-1,3,-1,64,1,1,1,256,0.135990,1,"clFinish_profiled"
"OpenCL","COMPUTE","ffn_moe_argsort-8","ARGSORT","i32",-1,5,-1,64,1,1,1,256,0.135677,1,"clFinish_profiled"
"OpenCL","COMPUTE","ffn_moe_weights-8","GET_ROWS","f32",-1,7,-1,1,8,1,1,32,0.121980,1,"clFinish_profiled"
"CPU_Elastic","COMPUTE_GRAPH","ggml_cgraph","GRAPH","",-1,21,-1,0,0,0,0,0,8.623541,1,"delegate_cpu_graph"
"CPU_Elastic","COMPUTE_GRAPH","ggml_cgraph","GRAPH","",-1,1,-1,0,0,0,0,0,1.225937,1,"delegate_cpu_graph"
"OpenCL","COMPUTE","Qcur-9","ROPE","f32",-1,3,-1,128,16,1,1,8192,0.454843,1,"clFinish_profiled"
"CPU_Elastic","COMPUTE_GRAPH","ggml_cgraph","GRAPH","",-1,1,-1,0,0,0,0,0,1.021563,1,"delegate_cpu_graph"
"OpenCL","COMPUTE","Kcur-9","ROPE","f32",-1,3,-1,128,16,1,1,8192,0.429792,1,"clFinish_profiled"
"CPU_Elastic","COMPUTE_GRAPH","ggml_cgraph","GRAPH","",-1,3,-1,0,0,0,0,0,1.751407,1,"delegate_cpu_graph"
"OpenCL","COMPUTE","cache_k_l9 (view)","SET_ROWS","f16",-1,0,-1,2048,512,1,1,2097152,0.397344,1,"clFinish_profiled"
"OpenCL","COMPUTE","cache_v_l9 (view)","SET_ROWS","f16",-1,2,-1,2048,512,1,1,2097152,0.155989,1,"clFinish_profiled"
"OpenCL","COMPUTE","__fattn__-9","FLASH_ATTN_EXT","f32",-1,9,-1,128,16,1,1,8192,0.345104,1,"clFinish_profiled"
"CPU_Elastic","COMPUTE_GRAPH","ggml_cgraph","GRAPH","",-1,2,-1,0,0,0,0,0,1.660000,1,"delegate_cpu_graph"
"OpenCL","COMPUTE","ffn_moe_logits-9","MUL_MAT","f32",-1,2,-1,64,1,1,1,256,0.454531,1,"clFinish_profiled"
"OpenCL","COMPUTE","ffn_moe_probs-9","SOFT_MAX","f32",-1,3,-1,64,1,1,1,256,0.140989,1,"clFinish_profiled"
"OpenCL","COMPUTE","ffn_moe_argsort-9","ARGSORT","i32",-1,5,-1,64,1,1,1,256,0.133229,1,"clFinish_profiled"
"OpenCL","COMPUTE","ffn_moe_weights-9","GET_ROWS","f32",-1,7,-1,1,8,1,1,32,0.070730,1,"clFinish_profiled"
"CPU_Elastic","COMPUTE_GRAPH","ggml_cgraph","GRAPH","",-1,21,-1,0,0,0,0,0,8.807708,1,"delegate_cpu_graph"
"CPU_Elastic","COMPUTE_GRAPH","ggml_cgraph","GRAPH","",-1,1,-1,0,0,0,0,0,0.215416,1,"delegate_cpu_graph"
"OpenCL","COMPUTE","Qcur-10","ROPE","f32",-1,3,-1,128,16,1,1,8192,0.392240,1,"clFinish_profiled"
"CPU_Elastic","COMPUTE_GRAPH","ggml_cgraph","GRAPH","",-1,1,-1,0,0,0,0,0,0.276406,1,"delegate_cpu_graph"
"OpenCL","COMPUTE","Kcur-10","ROPE","f32",-1,3,-1,128,16,1,1,8192,0.384063,1,"clFinish_profiled"
"OpenCL","COMPUTE","Vcur-10","MUL_MAT","f32",-1,4,-1,2048,1,1,1,8192,0.285365,1,"clFinish_profiled"
"OpenCL","COMPUTE","cache_k_l10 (view)","SET_ROWS","f16",-1,7,-1,2048,512,1,1,2097152,0.144740,1,"clFinish_profiled"
"OpenCL","COMPUTE","cache_v_l10 (view)","SET_ROWS","f16",-1,9,-1,2048,512,1,1,2097152,0.121511,1,"clFinish_profiled"
"OpenCL","COMPUTE","__fattn__-10","FLASH_ATTN_EXT","f32",-1,16,-1,128,16,1,1,8192,0.328958,1,"clFinish_profiled"
"CPU_Elastic","COMPUTE_GRAPH","ggml_cgraph","GRAPH","",-1,2,-1,0,0,0,0,0,1.481458,1,"delegate_cpu_graph"
"OpenCL","COMPUTE","ffn_moe_logits-10","MUL_MAT","f32",-1,2,-1,64,1,1,1,256,0.396042,1,"clFinish_profiled"
"OpenCL","COMPUTE","ffn_moe_probs-10","SOFT_MAX","f32",-1,3,-1,64,1,1,1,256,0.137239,1,"clFinish_profiled"
"OpenCL","COMPUTE","ffn_moe_argsort-10","ARGSORT","i32",-1,5,-1,64,1,1,1,256,0.135312,1,"clFinish_profiled"
"OpenCL","COMPUTE","ffn_moe_weights-10","GET_ROWS","f32",-1,7,-1,1,8,1,1,32,0.136875,1,"clFinish_profiled"
"CPU_Elastic","COMPUTE_GRAPH","ggml_cgraph","GRAPH","",-1,21,-1,0,0,0,0,0,5.084010,1,"delegate_cpu_graph"
"CPU_Elastic","COMPUTE_GRAPH","ggml_cgraph","GRAPH","",-1,1,-1,0,0,0,0,0,0.567396,1,"delegate_cpu_graph"
"OpenCL","COMPUTE","Qcur-11","ROPE","f32",-1,3,-1,128,16,1,1,8192,0.388489,1,"clFinish_profiled"
"CPU_Elastic","COMPUTE_GRAPH","ggml_cgraph","GRAPH","",-1,1,-1,0,0,0,0,0,1.239427,1,"delegate_cpu_graph"
"OpenCL","COMPUTE","Kcur-11","ROPE","f32",-1,3,-1,128,16,1,1,8192,0.450521,1,"clFinish_profiled"
"CPU_Elastic","COMPUTE_GRAPH","ggml_cgraph","GRAPH","",-1,3,-1,0,0,0,0,0,0.220782,1,"delegate_cpu_graph"
"OpenCL","COMPUTE","cache_k_l11 (view)","SET_ROWS","f16",-1,0,-1,2048,512,1,1,2097152,0.391927,1,"clFinish_profiled"
"OpenCL","COMPUTE","cache_v_l11 (view)","SET_ROWS","f16",-1,2,-1,2048,512,1,1,2097152,0.145937,1,"clFinish_profiled"
"OpenCL","COMPUTE","__fattn__-11","FLASH_ATTN_EXT","f32",-1,9,-1,128,16,1,1,8192,0.330990,1,"clFinish_profiled"
"CPU_Elastic","COMPUTE_GRAPH","ggml_cgraph","GRAPH","",-1,2,-1,0,0,0,0,0,1.424218,1,"delegate_cpu_graph"
"OpenCL","COMPUTE","ffn_moe_logits-11","MUL_MAT","f32",-1,2,-1,64,1,1,1,256,0.396979,1,"clFinish_profiled"
"OpenCL","COMPUTE","ffn_moe_probs-11","SOFT_MAX","f32",-1,3,-1,64,1,1,1,256,0.191928,1,"clFinish_profiled"
"OpenCL","COMPUTE","ffn_moe_argsort-11","ARGSORT","i32",-1,5,-1,64,1,1,1,256,0.207500,1,"clFinish_profiled"
"OpenCL","COMPUTE","ffn_moe_weights-11","GET_ROWS","f32",-1,7,-1,1,8,1,1,32,0.129635,1,"clFinish_profiled"
"CPU_Elastic","COMPUTE_GRAPH","ggml_cgraph","GRAPH","",-1,21,-1,0,0,0,0,0,8.801719,1,"delegate_cpu_graph"
"CPU_Elastic","COMPUTE_GRAPH","ggml_cgraph","GRAPH","",-1,1,-1,0,0,0,0,0,1.225052,1,"delegate_cpu_graph"
"OpenCL","COMPUTE","Qcur-12","ROPE","f32",-1,3,-1,128,16,1,1,8192,0.415885,1,"clFinish_profiled"
"CPU_Elastic","COMPUTE_GRAPH","ggml_cgraph","GRAPH","",-1,1,-1,0,0,0,0,0,1.005260,1,"delegate_cpu_graph"
"OpenCL","COMPUTE","Kcur-12","ROPE","f32",-1,3,-1,128,16,1,1,8192,0.387916,1,"clFinish_profiled"
"CPU_Elastic","COMPUTE_GRAPH","ggml_cgraph","GRAPH","",-1,3,-1,0,0,0,0,0,1.091146,1,"delegate_cpu_graph"
"OpenCL","COMPUTE","cache_k_l12 (view)","SET_ROWS","f16",-1,0,-1,2048,512,1,1,2097152,0.382188,1,"clFinish_profiled"
"OpenCL","COMPUTE","cache_v_l12 (view)","SET_ROWS","f16",-1,2,-1,2048,512,1,1,2097152,0.146719,1,"clFinish_profiled"
"OpenCL","COMPUTE","__fattn__-12","FLASH_ATTN_EXT","f32",-1,9,-1,128,16,1,1,8192,0.361303,1,"clFinish_profiled"
"CPU_Elastic","COMPUTE_GRAPH","ggml_cgraph","GRAPH","",-1,2,-1,0,0,0,0,0,0.289843,1,"delegate_cpu_graph"
"OpenCL","COMPUTE","ffn_moe_logits-12","MUL_MAT","f32",-1,2,-1,64,1,1,1,256,0.335521,1,"clFinish_profiled"
"OpenCL","COMPUTE","ffn_moe_probs-12","SOFT_MAX","f32",-1,3,-1,64,1,1,1,256,0.142917,1,"clFinish_profiled"
"OpenCL","COMPUTE","ffn_moe_argsort-12","ARGSORT","i32",-1,5,-1,64,1,1,1,256,0.135208,1,"clFinish_profiled"
"OpenCL","COMPUTE","ffn_moe_weights-12","GET_ROWS","f32",-1,7,-1,1,8,1,1,32,0.117448,1,"clFinish_profiled"
"CPU_Elastic","COMPUTE_GRAPH","ggml_cgraph","GRAPH","",-1,21,-1,0,0,0,0,0,4.421563,1,"delegate_cpu_graph"
"CPU_Elastic","COMPUTE_GRAPH","ggml_cgraph","GRAPH","",-1,1,-1,0,0,0,0,0,1.371927,1,"delegate_cpu_graph"
"OpenCL","COMPUTE","Qcur-13","ROPE","f32",-1,3,-1,128,16,1,1,8192,0.391198,1,"clFinish_profiled"
"CPU_Elastic","COMPUTE_GRAPH","ggml_cgraph","GRAPH","",-1,1,-1,0,0,0,0,0,1.444896,1,"delegate_cpu_graph"
"OpenCL","COMPUTE","Kcur-13","ROPE","f32",-1,3,-1,128,16,1,1,8192,0.380521,1,"clFinish_profiled"
"OpenCL","COMPUTE","Vcur-13","MUL_MAT","f32",-1,4,-1,2048,1,1,1,8192,0.276615,1,"clFinish_profiled"
"OpenCL","COMPUTE","cache_k_l13 (view)","SET_ROWS","f16",-1,7,-1,2048,512,1,1,2097152,0.128334,1,"clFinish_profiled"
"OpenCL","COMPUTE","cache_v_l13 (view)","SET_ROWS","f16",-1,9,-1,2048,512,1,1,2097152,0.126042,1,"clFinish_profiled"
"OpenCL","COMPUTE","__fattn__-13","FLASH_ATTN_EXT","f32",-1,16,-1,128,16,1,1,8192,0.340677,1,"clFinish_profiled"
"CPU_Elastic","COMPUTE_GRAPH","ggml_cgraph","GRAPH","",-1,2,-1,0,0,0,0,0,1.467605,1,"delegate_cpu_graph"
"OpenCL","COMPUTE","ffn_moe_logits-13","MUL_MAT","f32",-1,2,-1,64,1,1,1,256,0.391771,1,"clFinish_profiled"
"OpenCL","COMPUTE","ffn_moe_probs-13","SOFT_MAX","f32",-1,3,-1,64,1,1,1,256,0.131667,1,"clFinish_profiled"
"OpenCL","COMPUTE","ffn_moe_argsort-13","ARGSORT","i32",-1,5,-1,64,1,1,1,256,0.128020,1,"clFinish_profiled"
"OpenCL","COMPUTE","ffn_moe_weights-13","GET_ROWS","f32",-1,7,-1,1,8,1,1,32,0.131250,1,"clFinish_profiled"
"CPU_Elastic","COMPUTE_GRAPH","ggml_cgraph","GRAPH","",-1,21,-1,0,0,0,0,0,9.202032,1,"delegate_cpu_graph"
"CPU_Elastic","COMPUTE_GRAPH","ggml_cgraph","GRAPH","",-1,1,-1,0,0,0,0,0,1.249114,1,"delegate_cpu_graph"
"OpenCL","COMPUTE","Qcur-14","ROPE","f32",-1,3,-1,128,16,1,1,8192,0.410365,1,"clFinish_profiled"
"CPU_Elastic","COMPUTE_GRAPH","ggml_cgraph","GRAPH","",-1,1,-1,0,0,0,0,0,1.224322,1,"delegate_cpu_graph"
"OpenCL","COMPUTE","Kcur-14","ROPE","f32",-1,3,-1,128,16,1,1,8192,0.382968,1,"clFinish_profiled"
"OpenCL","COMPUTE","Vcur-14","MUL_MAT","f32",-1,4,-1,2048,1,1,1,8192,0.281302,1,"clFinish_profiled"
"OpenCL","COMPUTE","cache_k_l14 (view)","SET_ROWS","f16",-1,7,-1,2048,512,1,1,2097152,0.135313,1,"clFinish_profiled"
"OpenCL","COMPUTE","cache_v_l14 (view)","SET_ROWS","f16",-1,9,-1,2048,512,1,1,2097152,0.125000,1,"clFinish_profiled"
"OpenCL","COMPUTE","__fattn__-14","FLASH_ATTN_EXT","f32",-1,16,-1,128,16,1,1,8192,0.372865,1,"clFinish_profiled"
"CPU_Elastic","COMPUTE_GRAPH","ggml_cgraph","GRAPH","",-1,2,-1,0,0,0,0,0,1.765989,1,"delegate_cpu_graph"
"OpenCL","COMPUTE","ffn_moe_logits-14","MUL_MAT","f32",-1,2,-1,64,1,1,1,256,0.401407,1,"clFinish_profiled"
"OpenCL","COMPUTE","ffn_moe_probs-14","SOFT_MAX","f32",-1,3,-1,64,1,1,1,256,0.140990,1,"clFinish_profiled"
"OpenCL","COMPUTE","ffn_moe_argsort-14","ARGSORT","i32",-1,5,-1,64,1,1,1,256,0.128594,1,"clFinish_profiled"
"OpenCL","COMPUTE","ffn_moe_weights-14","GET_ROWS","f32",-1,7,-1,1,8,1,1,32,0.129166,1,"clFinish_profiled"
"CPU_Elastic","COMPUTE_GRAPH","ggml_cgraph","GRAPH","",-1,21,-1,0,0,0,0,0,9.167916,1,"delegate_cpu_graph"
"CPU_Elastic","COMPUTE_GRAPH","ggml_cgraph","GRAPH","",-1,1,-1,0,0,0,0,0,1.272188,1,"delegate_cpu_graph"
"OpenCL","COMPUTE","Qcur-15","ROPE","f32",-1,3,-1,128,16,1,1,8192,0.398282,1,"clFinish_profiled"
"CPU_Elastic","COMPUTE_GRAPH","ggml_cgraph","GRAPH","",-1,1,-1,0,0,0,0,0,0.568645,1,"delegate_cpu_graph"
"OpenCL","COMPUTE","Kcur-15","ROPE","f32",-1,3,-1,128,16,1,1,8192,0.332864,1,"clFinish_profiled"
"OpenCL","COMPUTE","Vcur-15","MUL_MAT","f32",-1,4,-1,2048,1,1,1,8192,0.278229,1,"clFinish_profiled"
"OpenCL","COMPUTE","cache_k_l15 (view)","SET_ROWS","f16",-1,7,-1,2048,512,1,1,2097152,0.125104,1,"clFinish_profiled"
"OpenCL","COMPUTE","cache_v_l15 (view)","SET_ROWS","f16",-1,9,-1,2048,512,1,1,2097152,0.125625,1,"clFinish_profiled"
"OpenCL","COMPUTE","__fattn__-15","FLASH_ATTN_EXT","f32",-1,16,-1,128,16,1,1,8192,0.335729,1,"clFinish_profiled"
"CPU_Elastic","COMPUTE_GRAPH","ggml_cgraph","GRAPH","",-1,4,-1,0,0,0,0,0,2.039688,1,"delegate_cpu_graph"
"OpenCL","COMPUTE","ffn_moe_logits-15","MUL_MAT","f32",-1,2,-1,64,1,1,1,256,0.420260,1,"clFinish_profiled"
"OpenCL","COMPUTE","ffn_moe_probs-15","SOFT_MAX","f32",-1,3,-1,64,1,1,1,256,0.163802,1,"clFinish_profiled"
"OpenCL","COMPUTE","ffn_moe_argsort-15","ARGSORT","i32",-1,5,-1,64,1,1,1,256,0.148855,1,"clFinish_profiled"
"OpenCL","COMPUTE","ffn_moe_weights-15","GET_ROWS","f32",-1,7,-1,1,8,1,1,32,0.124271,1,"clFinish_profiled"
"CPU_Elastic","COMPUTE_GRAPH","ggml_cgraph","GRAPH","",-1,22,-1,0,0,0,0,0,9.512917,1,"delegate_cpu_graph"
"OpenCL","COMPUTE","result_norm","MUL","f32",-1,0,-1,2048,1,1,1,8192,0.417604,1,"clFinish_profiled"
"OpenCL","COMPUTE","result_output","MUL_MAT","f32",-1,1,-1,50304,1,1,1,201216,3.845105,1,"clFinish_profiled"
