seq,graph_id,weight,budget_mib,capacity,expert_ids
0,1,blk.23.ffn_gate_exps.weight,7645,44,38;59;58;40
1,36,blk.0.ffn_gate_exps.weight,8453,48,18;5;9;31
2,84,blk.1.ffn_gate_exps.weight,8330,48,56;3;30;51
3,131,blk.2.ffn_gate_exps.weight,8161,48,57;52;14;44
4,177,blk.3.ffn_gate_exps.weight,8039,44,40;19;26;43
5,223,blk.4.ffn_gate_exps.weight,7876,44,4;35;36;17
6,269,blk.5.ffn_gate_exps.weight,7753,44,32;3;10;16
7,315,blk.6.ffn_gate_exps.weight,7647,44,4;40;23;21
8,361,blk.7.ffn_gate_exps.weight,7647,44,13;49;26;32
9,407,blk.8.ffn_gate_exps.weight,7646,44,37;49;21;44
10,453,blk.9.ffn_gate_exps.weight,7646,44,33;42;31;45
11,499,blk.10.ffn_gate_exps.weight,7646,44,53;20;25;28
12,545,blk.11.ffn_gate_exps.weight,7646,44,16;56;43;9
13,591,blk.12.ffn_gate_exps.weight,7645,44,5;21;9;33
14,637,blk.13.ffn_gate_exps.weight,7645,44,38;39;36;44
15,683,blk.14.ffn_gate_exps.weight,7645,44,33;5;45;36
16,730,blk.15.ffn_gate_exps.weight,7645,44,29;49;25;59
17,776,blk.16.ffn_gate_exps.weight,7645,44,23;57;10;40
18,822,blk.17.ffn_gate_exps.weight,7645,44,1;22;10;0
19,868,blk.18.ffn_gate_exps.weight,7645,44,38;23;17;9
20,914,blk.19.ffn_gate_exps.weight,7646,44,8;42;53;17
21,960,blk.20.ffn_gate_exps.weight,7646,44,20;53;59;58
22,1006,blk.21.ffn_gate_exps.weight,7646,44,14;21;53;40
23,1052,blk.22.ffn_gate_exps.weight,7646,44,26;37;14;47
24,1100,blk.23.ffn_gate_exps.weight,7646,44,20;16;37;35
25,1151,blk.0.ffn_gate_exps.weight,7646,44,10;15;37;54
26,1199,blk.1.ffn_gate_exps.weight,7646,44,47;14;54;41
27,1246,blk.2.ffn_gate_exps.weight,8013,44,58;26;34;24
28,1292,blk.3.ffn_gate_exps.weight,8013,44,4;54;48;59
29,1338,blk.4.ffn_gate_exps.weight,8013,44,42;22;39;9
30,1384,blk.5.ffn_gate_exps.weight,8013,44,37;5;57;4
31,1430,blk.6.ffn_gate_exps.weight,8013,44,18;10;44;16
32,1476,blk.7.ffn_gate_exps.weight,8013,44,34;17;55;23
33,1522,blk.8.ffn_gate_exps.weight,8013,44,45;59;33;41
34,1568,blk.9.ffn_gate_exps.weight,8013,44,6;30;52;47
35,1614,blk.10.ffn_gate_exps.weight,8013,44,11;33;2;55
36,1660,blk.11.ffn_gate_exps.weight,8013,44,52;2;23;47
37,1706,blk.12.ffn_gate_exps.weight,8013,44,34;57;4;30
38,1752,blk.13.ffn_gate_exps.weight,8013,44,32;56;28;22
39,1798,blk.14.ffn_gate_exps.weight,8013,44,48;21;20;30
40,1845,blk.15.ffn_gate_exps.weight,8013,44,36;45;4;16
41,1891,blk.16.ffn_gate_exps.weight,8013,44,21;11;23;50
42,1937,blk.17.ffn_gate_exps.weight,8013,44,43;26;7;23
43,1983,blk.18.ffn_gate_exps.weight,8013,44,20;1;56;39
44,2029,blk.19.ffn_gate_exps.weight,8013,44,36;25;46;27
45,2075,blk.20.ffn_gate_exps.weight,8013,44,21;3;35;31
46,2121,blk.21.ffn_gate_exps.weight,8014,44,25;6;12;40
47,2167,blk.22.ffn_gate_exps.weight,8014,44,15;58;27;11
48,2215,blk.23.ffn_gate_exps.weight,8014,44,13;22;16;30
49,2266,blk.0.ffn_gate_exps.weight,8014,44,41;57;22;21
50,2314,blk.1.ffn_gate_exps.weight,8014,44,12;7;6;55
51,2361,blk.2.ffn_gate_exps.weight,8014,44,24;58;34;8
52,2407,blk.3.ffn_gate_exps.weight,8014,44,4;52;59;27
53,2453,blk.4.ffn_gate_exps.weight,8014,44,42;30;26;57
54,2499,blk.5.ffn_gate_exps.weight,8014,44,4;5;37;15
55,2545,blk.6.ffn_gate_exps.weight,8014,44,18;6;44;56
56,2591,blk.7.ffn_gate_exps.weight,8014,44,34;23;55;44
57,2637,blk.8.ffn_gate_exps.weight,8014,44,45;59;19;51
58,2683,blk.9.ffn_gate_exps.weight,8014,44,37;30;52;36
59,2729,blk.10.ffn_gate_exps.weight,8014,44,2;33;11;15
60,2775,blk.11.ffn_gate_exps.weight,8014,44,52;2;51;23
61,2821,blk.12.ffn_gate_exps.weight,8014,44,34;57;50;4
62,2867,blk.13.ffn_gate_exps.weight,8014,44,32;53;56;28
63,2913,blk.14.ffn_gate_exps.weight,8014,44,48;30;21;20
64,2960,blk.15.ffn_gate_exps.weight,8014,44,36;45;7;4
65,3006,blk.16.ffn_gate_exps.weight,8014,44,11;21;46;5
66,3052,blk.17.ffn_gate_exps.weight,8014,44,43;7;58;21
67,3098,blk.18.ffn_gate_exps.weight,8014,44,20;52;56;29
68,3144,blk.19.ffn_gate_exps.weight,8014,44,37;31;22;15
69,3190,blk.20.ffn_gate_exps.weight,8014,44,35;29;51;31
70,3236,blk.21.ffn_gate_exps.weight,8014,44,40;17;16;36
71,3282,blk.22.ffn_gate_exps.weight,8014,44,34;58;39;18
72,3330,blk.23.ffn_gate_exps.weight,8014,44,30;22;45;33
73,3381,blk.0.ffn_gate_exps.weight,8014,44,57;41;27;39
74,3429,blk.1.ffn_gate_exps.weight,8014,44,12;20;6;15
75,3476,blk.2.ffn_gate_exps.weight,8014,44,58;36;24;17
76,3522,blk.3.ffn_gate_exps.weight,8014,44,52;42;18;27
77,3568,blk.4.ffn_gate_exps.weight,8014,44,42;16;21;2
78,3614,blk.5.ffn_gate_exps.weight,8014,44,5;15;4;53
79,3660,blk.6.ffn_gate_exps.weight,8014,44,44;10;6;58
80,3706,blk.7.ffn_gate_exps.weight,8014,44,0;44;17;39
81,3752,blk.8.ffn_gate_exps.weight,8014,44,19;51;41;2
82,3798,blk.9.ffn_gate_exps.weight,8014,44,36;30;51;37
83,3844,blk.10.ffn_gate_exps.weight,8014,44,15;7;17;33
84,3890,blk.11.ffn_gate_exps.weight,8014,44,52;47;31;12
85,3936,blk.12.ffn_gate_exps.weight,8014,44,34;0;43;12
86,3982,blk.13.ffn_gate_exps.weight,8014,44,28;2;26;53
87,4028,blk.14.ffn_gate_exps.weight,8014,44,48;44;38;18
88,4075,blk.15.ffn_gate_exps.weight,8014,44,16;21;4;18
89,4121,blk.16.ffn_gate_exps.weight,8014,44,14;11;43;55
90,4167,blk.17.ffn_gate_exps.weight,8014,44,56;52;2;37
91,4213,blk.18.ffn_gate_exps.weight,8014,44,39;49;21;1
92,4259,blk.19.ffn_gate_exps.weight,8014,44,4;2;14;11
93,4305,blk.20.ffn_gate_exps.weight,8014,44,10;49;2;35
94,4351,blk.21.ffn_gate_exps.weight,8014,44,55;31;9;43
95,4397,blk.22.ffn_gate_exps.weight,8014,44,34;17;39;18
96,4445,blk.23.ffn_gate_exps.weight,8014,44,30;9;17;1
97,4496,blk.0.ffn_gate_exps.weight,8014,44,17;48;57;2
98,4544,blk.1.ffn_gate_exps.weight,8014,44,12;8;58;20
99,4591,blk.2.ffn_gate_exps.weight,8014,44,24;46;31;58
100,4637,blk.3.ffn_gate_exps.weight,8014,44,54;42;56;53
101,4683,blk.4.ffn_gate_exps.weight,8014,44,42;14;20;34
102,4729,blk.5.ffn_gate_exps.weight,8014,44,5;15;28;26
103,4775,blk.6.ffn_gate_exps.weight,8014,44,10;38;44;6
104,4821,blk.7.ffn_gate_exps.weight,8014,44,17;0;40;36
105,4867,blk.8.ffn_gate_exps.weight,8014,44,19;41;33;54
106,4913,blk.9.ffn_gate_exps.weight,8014,44,36;47;34;6
107,4959,blk.10.ffn_gate_exps.weight,8014,44,33;7;55;11
108,5005,blk.11.ffn_gate_exps.weight,8014,44,47;52;59;5
109,5051,blk.12.ffn_gate_exps.weight,8014,44,34;56;12;44
110,5097,blk.13.ffn_gate_exps.weight,8015,44,28;57;11;30
111,5143,blk.14.ffn_gate_exps.weight,8015,44,48;59;38;23
112,5190,blk.15.ffn_gate_exps.weight,8015,44,4;21;34;7
113,5236,blk.16.ffn_gate_exps.weight,8015,44,14;47;55;44
114,5282,blk.17.ffn_gate_exps.weight,8015,44,52;54;40;51
115,5328,blk.18.ffn_gate_exps.weight,8015,44,54;52;46;8
116,5374,blk.19.ffn_gate_exps.weight,8015,44,14;16;59;34
117,5420,blk.20.ffn_gate_exps.weight,8015,44,10;43;28;29
118,5466,blk.21.ffn_gate_exps.weight,8015,44,31;55;43;18
119,5512,blk.22.ffn_gate_exps.weight,8015,44,17;29;50;3
120,5560,blk.23.ffn_gate_exps.weight,8015,44,33;7;18;40
121,5611,blk.0.ffn_gate_exps.weight,8015,44,43;32;17;53
122,5659,blk.1.ffn_gate_exps.weight,8015,44,42;24;2;46
123,5706,blk.2.ffn_gate_exps.weight,8015,44,57;14;41;10
124,5752,blk.3.ffn_gate_exps.weight,8015,44,25;24;54;33
125,5798,blk.4.ffn_gate_exps.weight,8015,44,52;49;12;59
126,5844,blk.5.ffn_gate_exps.weight,8015,44,47;17;48;45
127,5890,blk.6.ffn_gate_exps.weight,8015,44,47;55;8;36
128,5936,blk.7.ffn_gate_exps.weight,8015,44,57;33;27;1
129,5982,blk.8.ffn_gate_exps.weight,8015,44,23;14;53;42
130,6028,blk.9.ffn_gate_exps.weight,8015,44,59;25;36;19
131,6074,blk.10.ffn_gate_exps.weight,8015,44,21;7;3;22
132,6120,blk.11.ffn_gate_exps.weight,8015,44,52;35;49;15
133,6166,blk.12.ffn_gate_exps.weight,8015,44,35;33;25;9
134,6212,blk.13.ffn_gate_exps.weight,8015,44,38;9;6;22
135,6258,blk.14.ffn_gate_exps.weight,8015,44,33;10;48;5
136,6305,blk.15.ffn_gate_exps.weight,8015,44,37;3;49;4
137,6351,blk.16.ffn_gate_exps.weight,8020,44,0;13;38;10
138,6397,blk.17.ffn_gate_exps.weight,8020,44,1;10;36;58
139,6443,blk.18.ffn_gate_exps.weight,8020,44,23;5;40;29
140,6489,blk.19.ffn_gate_exps.weight,8020,44,56;42;12;36
141,6535,blk.20.ffn_gate_exps.weight,8020,44,52;59;23;20
142,6581,blk.21.ffn_gate_exps.weight,8020,44,21;14;2;20
143,6627,blk.22.ffn_gate_exps.weight,8020,44,37;1;8;47
144,6675,blk.23.ffn_gate_exps.weight,8020,44,16;20;33;54
145,6726,blk.0.ffn_gate_exps.weight,8020,44,50;10;37;42
146,6774,blk.1.ffn_gate_exps.weight,8020,44,35;54;34;22
147,6821,blk.2.ffn_gate_exps.weight,8021,44,58;25;26;24
148,6867,blk.3.ffn_gate_exps.weight,8021,44,8;4;52;59
149,6913,blk.4.ffn_gate_exps.weight,8021,44,58;26;2;21
150,6959,blk.5.ffn_gate_exps.weight,8021,44,11;37;4;57
151,7005,blk.6.ffn_gate_exps.weight,8021,44,18;6;16;30
152,7051,blk.7.ffn_gate_exps.weight,8021,44,15;34;30;39
153,7097,blk.8.ffn_gate_exps.weight,8021,44,51;45;17;53
154,7143,blk.9.ffn_gate_exps.weight,8021,44,30;6;2;13
155,7189,blk.10.ffn_gate_exps.weight,8021,44,41;15;2;9
156,7235,blk.11.ffn_gate_exps.weight,8021,44,24;52;12;47
157,7281,blk.12.ffn_gate_exps.weight,8021,44,57;4;0;13
158,7327,blk.13.ffn_gate_exps.weight,8021,44,11;28;32;56
159,7373,blk.14.ffn_gate_exps.weight,8021,44,48;21;20;38
160,7420,blk.15.ffn_gate_exps.weight,8021,44,53;38;16;36
161,7466,blk.16.ffn_gate_exps.weight,8021,44,16;11;21;51
162,7512,blk.17.ffn_gate_exps.weight,8021,44,35;3;43;14
163,7558,blk.18.ffn_gate_exps.weight,8021,44,20;39;3;8
164,7604,blk.19.ffn_gate_exps.weight,8021,44,42;2;26;9
165,7650,blk.20.ffn_gate_exps.weight,8021,44,51;3;21;47
166,7696,blk.21.ffn_gate_exps.weight,8021,44,21;53;14;2
167,7742,blk.22.ffn_gate_exps.weight,8021,44,11;56;37;16
168,7790,blk.23.ffn_gate_exps.weight,8021,44,16;2;36;59
169,7841,blk.0.ffn_gate_exps.weight,8021,44,27;22;13;58
170,7889,blk.1.ffn_gate_exps.weight,8021,44,7;39;54;37
171,7936,blk.2.ffn_gate_exps.weight,8021,44,27;12;34;54
172,7982,blk.3.ffn_gate_exps.weight,8021,44,33;19;9;48
173,8028,blk.4.ffn_gate_exps.weight,8021,44,39;36;51;17
174,8074,blk.5.ffn_gate_exps.weight,8021,44,32;37;56;16
175,8120,blk.6.ffn_gate_exps.weight,8021,44,4;21;18;20
176,8166,blk.7.ffn_gate_exps.weight,8021,44,32;13;15;49
177,8212,blk.8.ffn_gate_exps.weight,8021,44,37;15;21;10
178,8258,blk.9.ffn_gate_exps.weight,8021,44,31;24;22;42
179,8304,blk.10.ffn_gate_exps.weight,8022,44,10;9;50;19
180,8350,blk.11.ffn_gate_exps.weight,8022,44,42;50;2;51
181,8396,blk.12.ffn_gate_exps.weight,8022,44,34;57;48;26
182,8442,blk.13.ffn_gate_exps.weight,8022,44,13;14;5;32
183,8488,blk.14.ffn_gate_exps.weight,8022,44,36;21;7;16
184,8535,blk.15.ffn_gate_exps.weight,8022,44,53;40;31;45
185,8581,blk.16.ffn_gate_exps.weight,8022,44,11;46;33;23
186,8627,blk.17.ffn_gate_exps.weight,8022,44,7;58;43;35
187,8673,blk.18.ffn_gate_exps.weight,8022,44,24;3;20;51
188,8719,blk.19.ffn_gate_exps.weight,8022,44,18;25;45;26
189,8765,blk.20.ffn_gate_exps.weight,8022,44,21;41;35;51
190,8811,blk.21.ffn_gate_exps.weight,8022,44,25;21;30;46
191,8857,blk.22.ffn_gate_exps.weight,8022,44,11;37;12;56
192,8905,blk.23.ffn_gate_exps.weight,8022,44,22;58;2;42
193,8956,blk.0.ffn_gate_exps.weight,8022,44,7;52;27;55
194,9004,blk.1.ffn_gate_exps.weight,8022,44,55;39;25;8
195,9051,blk.2.ffn_gate_exps.weight,8022,44,58;24;48;25
196,9097,blk.3.ffn_gate_exps.weight,8022,44,42;21;52;34
197,9143,blk.4.ffn_gate_exps.weight,8022,44,16;58;21;22
198,9189,blk.5.ffn_gate_exps.weight,8022,44,5;28;42;15
199,9235,blk.6.ffn_gate_exps.weight,8022,44,10;46;58;53
200,9281,blk.7.ffn_gate_exps.weight,8022,44,45;0;30;37
201,9327,blk.8.ffn_gate_exps.weight,8022,44,20;17;19;56
202,9373,blk.9.ffn_gate_exps.weight,8023,44,36;30;6;13
203,9419,blk.10.ffn_gate_exps.weight,8023,44,36;50;7;15
204,9465,blk.11.ffn_gate_exps.weight,8023,44,47;12;42;7
205,9511,blk.12.ffn_gate_exps.weight,8023,44,34;43;42;41
206,9557,blk.13.ffn_gate_exps.weight,8023,44,53;26;24;45
207,9603,blk.14.ffn_gate_exps.weight,8023,44,30;11;38;18
208,9650,blk.15.ffn_gate_exps.weight,8023,44,16;33;10;35
209,9696,blk.16.ffn_gate_exps.weight,8023,44,43;11;47;55
210,9742,blk.17.ffn_gate_exps.weight,8023,44,43;44;56;14
211,9788,blk.18.ffn_gate_exps.weight,8023,44,39;1;20;25
212,9834,blk.19.ffn_gate_exps.weight,8023,44,59;4;2;51
213,9880,blk.20.ffn_gate_exps.weight,8023,44,10;17;51;35
214,9926,blk.21.ffn_gate_exps.weight,8023,44,55;36;18;31
215,9972,blk.22.ffn_gate_exps.weight,8023,44,45;17;34;56
216,10020,blk.23.ffn_gate_exps.weight,8023,44,30;58;22;1
217,10071,blk.0.ffn_gate_exps.weight,8023,44,23;41;2;30
218,10119,blk.1.ffn_gate_exps.weight,8023,44,58;11;12;20
219,10166,blk.2.ffn_gate_exps.weight,8023,44,58;48;31;33
220,10212,blk.3.ffn_gate_exps.weight,8023,44,42;56;21;52
221,10258,blk.4.ffn_gate_exps.weight,8023,44,21;9;29;51
222,10304,blk.5.ffn_gate_exps.weight,8023,44,5;0;4;6
223,10350,blk.6.ffn_gate_exps.weight,8023,44,10;53;6;30
224,10396,blk.7.ffn_gate_exps.weight,8023,44,45;54;10;48
225,10442,blk.8.ffn_gate_exps.weight,8023,44,20;56;19;43
226,10488,blk.9.ffn_gate_exps.weight,8023,44,13;30;17;6
227,10534,blk.10.ffn_gate_exps.weight,8023,44,36;50;7;17
228,10580,blk.11.ffn_gate_exps.weight,8023,44,59;31;47;7
229,10626,blk.12.ffn_gate_exps.weight,8023,44,12;56;13;0
230,10672,blk.13.ffn_gate_exps.weight,8023,44,11;2;28;33
231,10718,blk.14.ffn_gate_exps.weight,8023,44,38;18;56;6
232,10765,blk.15.ffn_gate_exps.weight,8023,44,21;4;7;23
233,10811,blk.16.ffn_gate_exps.weight,8023,44,47;14;56;37
234,10857,blk.17.ffn_gate_exps.weight,8023,44,33;3;56;58
235,10903,blk.18.ffn_gate_exps.weight,8023,44,19;8;54;17
236,10949,blk.19.ffn_gate_exps.weight,8023,44,14;54;51;55
237,10995,blk.20.ffn_gate_exps.weight,8023,44,4;34;40;51
238,11041,blk.21.ffn_gate_exps.weight,8023,44,31;18;6;43
239,11087,blk.22.ffn_gate_exps.weight,8024,44,17;50;23;46
240,11135,blk.23.ffn_gate_exps.weight,8024,44,33;30;9;39
241,11186,blk.0.ffn_gate_exps.weight,8024,44,36;43;23;32
242,11234,blk.1.ffn_gate_exps.weight,8024,44,27;53;56;48
243,11281,blk.2.ffn_gate_exps.weight,8024,44,2;38;57;47
244,11327,blk.3.ffn_gate_exps.weight,8024,44,30;47;19;43
245,11373,blk.4.ffn_gate_exps.weight,8024,44,31;56;19;36
246,11419,blk.5.ffn_gate_exps.weight,8024,44,46;32;45;9
247,11465,blk.6.ffn_gate_exps.weight,8024,44,21;13;20;4
248,11511,blk.7.ffn_gate_exps.weight,8024,44,26;27;51;32
249,11557,blk.8.ffn_gate_exps.weight,8024,44,42;21;37;26
250,11603,blk.9.ffn_gate_exps.weight,8024,44,5;31;33;0
251,11649,blk.10.ffn_gate_exps.weight,8024,44,58;57;7;46
252,11695,blk.11.ffn_gate_exps.weight,8024,44,13;25;49;43
253,11741,blk.12.ffn_gate_exps.weight,8024,44,20;5;45;37
254,11787,blk.13.ffn_gate_exps.weight,8024,44,0;1;36;16
255,11833,blk.14.ffn_gate_exps.weight,8024,44,36;12;15;45
256,11880,blk.15.ffn_gate_exps.weight,8024,44,43;14;12;28
257,11926,blk.16.ffn_gate_exps.weight,8024,44,1;49;6;19
258,11972,blk.17.ffn_gate_exps.weight,8025,44,49;8;39;15
259,12018,blk.18.ffn_gate_exps.weight,8025,44,41;25;9;0
260,12064,blk.19.ffn_gate_exps.weight,8025,44,5;9;58;42
261,12110,blk.20.ffn_gate_exps.weight,8025,44,51;17;27;56
262,12156,blk.21.ffn_gate_exps.weight,8025,44,58;21;25;54
263,12202,blk.22.ffn_gate_exps.weight,8025,44,48;16;47;56
264,12250,blk.23.ffn_gate_exps.weight,8025,44,5;21;16;23
265,12301,blk.0.ffn_gate_exps.weight,8025,44,9;34;31;46
266,12349,blk.1.ffn_gate_exps.weight,8025,44,59;27;13;14
267,12396,blk.2.ffn_gate_exps.weight,8025,44,21;2;24;6
268,12442,blk.3.ffn_gate_exps.weight,8025,44,15;58;17;2
269,12488,blk.4.ffn_gate_exps.weight,8025,44,22;5;31;51
270,12534,blk.5.ffn_gate_exps.weight,8025,44,8;40;14;35
271,12580,blk.6.ffn_gate_exps.weight,8025,44,31;45;6;34
272,12626,blk.7.ffn_gate_exps.weight,8025,44,45;20;24;19
273,12672,blk.8.ffn_gate_exps.weight,8025,44,43;30;33;50
274,12718,blk.9.ffn_gate_exps.weight,8025,44,5;17;24;9
275,12764,blk.10.ffn_gate_exps.weight,8025,44,19;58;55;52
276,12810,blk.11.ffn_gate_exps.weight,8025,44,50;42;52;13
277,12856,blk.12.ffn_gate_exps.weight,8025,44,26;30;10;47
278,12902,blk.13.ffn_gate_exps.weight,8025,44,13;44;31;14
279,12948,blk.14.ffn_gate_exps.weight,8025,44,36;55;0;48
280,12995,blk.15.ffn_gate_exps.weight,8025,44,48;7;40;46
281,13041,blk.16.ffn_gate_exps.weight,8026,44,20;59;28;38
282,13087,blk.17.ffn_gate_exps.weight,8026,44,31;57;11;21
283,13133,blk.18.ffn_gate_exps.weight,8026,44,17;16;55;8
284,13179,blk.19.ffn_gate_exps.weight,8026,44,55;33;43;34
285,13225,blk.20.ffn_gate_exps.weight,8026,44,50;58;48;6
286,13271,blk.21.ffn_gate_exps.weight,8026,44,58;47;59;24
287,13317,blk.22.ffn_gate_exps.weight,8026,44,39;40;36;3
288,13365,blk.23.ffn_gate_exps.weight,8026,44,6;32;40;39
289,13416,blk.0.ffn_gate_exps.weight,8026,44,20;47;14;4
290,13464,blk.1.ffn_gate_exps.weight,8035,44,50;49;27;39
291,13511,blk.2.ffn_gate_exps.weight,8035,44,33;19;24;6
292,13557,blk.3.ffn_gate_exps.weight,8035,44,35;45;20;52
293,13603,blk.4.ffn_gate_exps.weight,8035,44,29;54;51;42
294,13649,blk.5.ffn_gate_exps.weight,8035,44,5;0;13;30
295,13695,blk.6.ffn_gate_exps.weight,8035,44,31;10;6;52
296,13741,blk.7.ffn_gate_exps.weight,8035,44,45;39;54;18
297,13787,blk.8.ffn_gate_exps.weight,8035,44,20;43;56;19
298,13833,blk.9.ffn_gate_exps.weight,8035,44,13;30;43;17
299,13879,blk.10.ffn_gate_exps.weight,8035,44,36;50;17;7
300,13925,blk.11.ffn_gate_exps.weight,8035,44,41;59;50;31
301,13971,blk.12.ffn_gate_exps.weight,8035,44,56;13;12;0
302,14017,blk.13.ffn_gate_exps.weight,8035,44,11;2;28;33
303,14063,blk.14.ffn_gate_exps.weight,8035,44,11;55;38;18
304,14110,blk.15.ffn_gate_exps.weight,8035,44,7;48;4;23
305,14156,blk.16.ffn_gate_exps.weight,8035,44,56;47;5;28
306,14202,blk.17.ffn_gate_exps.weight,8035,44,57;50;33;55
307,14248,blk.18.ffn_gate_exps.weight,8034,44,17;19;48;16
308,14294,blk.19.ffn_gate_exps.weight,8034,44,55;31;14;30
309,14340,blk.20.ffn_gate_exps.weight,8034,44,55;50;58;40
310,14386,blk.21.ffn_gate_exps.weight,8034,44,58;20;27;47
311,14432,blk.22.ffn_gate_exps.weight,8034,44,17;46;39;55
312,14480,blk.23.ffn_gate_exps.weight,8034,44,6;26;19;9
313,14531,blk.0.ffn_gate_exps.weight,8034,44,2;49;3;40
314,14579,blk.1.ffn_gate_exps.weight,8034,44,13;56;45;31
315,14626,blk.2.ffn_gate_exps.weight,8034,44,0;40;57;50
316,14672,blk.3.ffn_gate_exps.weight,8034,44,51;43;40;19
317,14718,blk.4.ffn_gate_exps.weight,8034,44,56;10;4;36
318,14764,blk.5.ffn_gate_exps.weight,8034,44,46;3;45;10
319,14810,blk.6.ffn_gate_exps.weight,8034,44,36;13;4;40
320,14856,blk.7.ffn_gate_exps.weight,8034,44,26;13;58;32
321,14902,blk.8.ffn_gate_exps.weight,8034,44,37;44;22;49
322,14948,blk.9.ffn_gate_exps.weight,8034,44,22;33;31;45
323,14994,blk.10.ffn_gate_exps.weight,8034,44,53;22;7;3
324,15040,blk.11.ffn_gate_exps.weight,8034,44,56;57;16;55
325,15086,blk.12.ffn_gate_exps.weight,8034,44,21;5;49;37
326,15132,blk.13.ffn_gate_exps.weight,8034,44,39;41;1;10
327,15178,blk.14.ffn_gate_exps.weight,8034,44,50;45;52;43
328,15225,blk.15.ffn_gate_exps.weight,8034,44,4;5;30;58
329,15271,blk.16.ffn_gate_exps.weight,8033,44,39;19;3;45
330,15317,blk.17.ffn_gate_exps.weight,8033,44,8;38;36;49
331,15363,blk.18.ffn_gate_exps.weight,8033,44,57;35;4;7
332,15409,blk.19.ffn_gate_exps.weight,8033,44,14;19;34;33
333,15455,blk.20.ffn_gate_exps.weight,8033,44,36;43;52;1
334,15501,blk.21.ffn_gate_exps.weight,8033,44,23;54;2;21
335,15547,blk.22.ffn_gate_exps.weight,8033,44,35;57;47;27
336,15595,blk.23.ffn_gate_exps.weight,8033,44,19;3;29;31
337,15646,blk.0.ffn_gate_exps.weight,8033,44,31;38;37;6
338,15694,blk.1.ffn_gate_exps.weight,8033,44,26;16;27;51
339,15741,blk.2.ffn_gate_exps.weight,8033,44,18;59;11;38
340,15787,blk.3.ffn_gate_exps.weight,8033,44,51;46;45;35
341,15833,blk.4.ffn_gate_exps.weight,8033,44,11;13;36;26
342,15879,blk.5.ffn_gate_exps.weight,8033,44,45;42;51;46
343,15925,blk.6.ffn_gate_exps.weight,8033,44,36;27;24;57
344,15971,blk.7.ffn_gate_exps.weight,8033,44,52;50;8;32
345,16017,blk.8.ffn_gate_exps.weight,8032,44,11;44;37;42
346,16063,blk.9.ffn_gate_exps.weight,8032,44,27;22;2;16
347,16109,blk.10.ffn_gate_exps.weight,8032,44,51;22;52;30
348,16155,blk.11.ffn_gate_exps.weight,8032,44,28;11;55;56
349,16201,blk.12.ffn_gate_exps.weight,8032,44,40;58;24;3
350,16247,blk.13.ffn_gate_exps.weight,8032,44,55;34;10;58
351,16293,blk.14.ffn_gate_exps.weight,8032,44,8;9;47;24
352,16340,blk.15.ffn_gate_exps.weight,8032,44,17;50;4;6
353,16386,blk.16.ffn_gate_exps.weight,8032,44,7;30;53;36
354,16432,blk.17.ffn_gate_exps.weight,8032,44,19;25;17;23
355,16478,blk.18.ffn_gate_exps.weight,8032,44,32;24;21;51
356,16524,blk.19.ffn_gate_exps.weight,8032,44,49;25;33;27
357,16570,blk.20.ffn_gate_exps.weight,8032,44,5;12;23;43
358,16616,blk.21.ffn_gate_exps.weight,8032,44,19;52;43;35
359,16662,blk.22.ffn_gate_exps.weight,8031,44,19;11;47;28
360,16710,blk.23.ffn_gate_exps.weight,8031,44,44;38;52;36
361,16761,blk.0.ffn_gate_exps.weight,8031,44,8;42;31;5
362,16809,blk.1.ffn_gate_exps.weight,8031,44,16;0;34;25
363,16856,blk.2.ffn_gate_exps.weight,8031,44,31;36;56;20
364,16902,blk.3.ffn_gate_exps.weight,8031,44,46;53;58;57
365,16948,blk.4.ffn_gate_exps.weight,8031,44,42;15;28;51
366,16994,blk.5.ffn_gate_exps.weight,8030,44,27;1;45;21
367,17040,blk.6.ffn_gate_exps.weight,8030,44,42;53;38;15
368,17086,blk.7.ffn_gate_exps.weight,8030,44,38;36;14;42
369,17132,blk.8.ffn_gate_exps.weight,8017,44,18;43;4;40
370,17178,blk.9.ffn_gate_exps.weight,8017,44,49;26;43;44
371,17224,blk.10.ffn_gate_exps.weight,8017,44,40;44;13;54
372,17270,blk.11.ffn_gate_exps.weight,8004,44,27;38;8;40
373,17316,blk.12.ffn_gate_exps.weight,8004,44,44;3;41;42
374,17362,blk.13.ffn_gate_exps.weight,8004,44,43;23;44;40
375,17408,blk.14.ffn_gate_exps.weight,7990,44,56;57;13;11
376,17455,blk.15.ffn_gate_exps.weight,7990,44,39;46;2;23
377,17501,blk.16.ffn_gate_exps.weight,7990,44,29;37;52;31
378,17547,blk.17.ffn_gate_exps.weight,7977,44,51;12;42;3
379,17593,blk.18.ffn_gate_exps.weight,7977,44,11;44;54;2
380,17639,blk.19.ffn_gate_exps.weight,7977,44,13;57;24;52
381,17685,blk.20.ffn_gate_exps.weight,7964,44,9;0;39;24
382,17731,blk.21.ffn_gate_exps.weight,7964,44,26;37;45;5
383,17777,blk.22.ffn_gate_exps.weight,7951,44,23;4;31;10
384,17825,blk.23.ffn_gate_exps.weight,7951,44,24;47;19;51
385,17876,blk.0.ffn_gate_exps.weight,8462,48,53;19;36;56
386,17924,blk.1.ffn_gate_exps.weight,8429,48,36;30;5;44
387,17971,blk.2.ffn_gate_exps.weight,8347,48,37;56;32;6
388,18017,blk.3.ffn_gate_exps.weight,8306,48,13;46;7;3
389,18063,blk.4.ffn_gate_exps.weight,8265,48,43;10;48;13
390,18109,blk.5.ffn_gate_exps.weight,8225,48,45;46;12;40
391,18155,blk.6.ffn_gate_exps.weight,8184,48,34;28;4;38
392,18201,blk.7.ffn_gate_exps.weight,8143,48,58;19;20;57
393,18247,blk.8.ffn_gate_exps.weight,8102,48,52;18;50;37
394,18293,blk.9.ffn_gate_exps.weight,8061,44,16;49;26;32
395,18339,blk.10.ffn_gate_exps.weight,8061,44,23;22;53;57
396,18385,blk.11.ffn_gate_exps.weight,8061,44,55;44;8;0
397,18431,blk.12.ffn_gate_exps.weight,8021,44,24;17;37;35
398,18477,blk.13.ffn_gate_exps.weight,8021,44,46;41;8;18
399,18523,blk.14.ffn_gate_exps.weight,8021,44,53;11;47;40
400,18570,blk.15.ffn_gate_exps.weight,7980,44,8;20;12;28
401,18616,blk.16.ffn_gate_exps.weight,7980,44,8;2;15;35
402,18662,blk.17.ffn_gate_exps.weight,7980,44,51;4;11;29
403,18708,blk.18.ffn_gate_exps.weight,7939,44,10;58;33;9
404,18754,blk.19.ffn_gate_exps.weight,7939,44,3;50;41;52
405,18800,blk.20.ffn_gate_exps.weight,7898,44,13;9;43;6
406,18846,blk.21.ffn_gate_exps.weight,7898,44,1;15;20;54
407,18892,blk.22.ffn_gate_exps.weight,7898,44,43;30;57;53
408,18940,blk.23.ffn_gate_exps.weight,7857,44,53;0;51;10
409,18991,blk.0.ffn_gate_exps.weight,7857,44,40;15;29;21
410,19039,blk.1.ffn_gate_exps.weight,7817,44,36;23;34;2
411,19086,blk.2.ffn_gate_exps.weight,7776,44,6;37;56;22
412,19132,blk.3.ffn_gate_exps.weight,7735,44,31;46;5;53
413,19178,blk.4.ffn_gate_exps.weight,7694,44,19;5;48;40
414,19224,blk.5.ffn_gate_exps.weight,7653,44,14;40;1;47
415,19270,blk.6.ffn_gate_exps.weight,7647,44,34;28;47;36
416,19316,blk.7.ffn_gate_exps.weight,7647,44,20;57;36;19
417,19362,blk.8.ffn_gate_exps.weight,7647,44,23;18;52;50
418,19408,blk.9.ffn_gate_exps.weight,7647,44,59;3;16;58
419,19454,blk.10.ffn_gate_exps.weight,7647,44,32;18;21;23
420,19500,blk.11.ffn_gate_exps.weight,7647,44,0;8;55;35
421,19546,blk.12.ffn_gate_exps.weight,7647,44,35;24;1;10
422,19592,blk.13.ffn_gate_exps.weight,7647,44,8;44;17;6
423,19638,blk.14.ffn_gate_exps.weight,7647,44,58;35;27;47
424,19685,blk.15.ffn_gate_exps.weight,7646,44,44;37;28;57
425,19731,blk.16.ffn_gate_exps.weight,7646,44,35;34;9;28
426,19777,blk.17.ffn_gate_exps.weight,7646,44,46;51;58;41
427,19823,blk.18.ffn_gate_exps.weight,7646,44,43;45;2;58
428,19869,blk.19.ffn_gate_exps.weight,7646,44,41;32;1;52
429,19915,blk.20.ffn_gate_exps.weight,7646,44,54;44;29;43
430,19961,blk.21.ffn_gate_exps.weight,7646,44,50;42;53;11
431,20007,blk.22.ffn_gate_exps.weight,7646,44,21;59;32;2
432,20055,blk.23.ffn_gate_exps.weight,7646,44,50;4;46;56
433,20106,blk.0.ffn_gate_exps.weight,7646,44,34;10;47;20
434,20154,blk.1.ffn_gate_exps.weight,7646,44,54;6;51;25
435,20201,blk.2.ffn_gate_exps.weight,7646,44,16;34;55;24
436,20247,blk.3.ffn_gate_exps.weight,7646,44,27;5;4;19
437,20293,blk.4.ffn_gate_exps.weight,7646,44,42;5;7;40
438,20339,blk.5.ffn_gate_exps.weight,7646,44,12;40;37;57
439,20385,blk.6.ffn_gate_exps.weight,7646,44,14;48;18;6
440,20431,blk.7.ffn_gate_exps.weight,7646,44,34;23;7;15
441,20477,blk.8.ffn_gate_exps.weight,7646,44,45;41;59;18
442,20523,blk.9.ffn_gate_exps.weight,7646,44,37;59;52;50
443,20569,blk.10.ffn_gate_exps.weight,7646,44,2;11;9;8
444,20615,blk.11.ffn_gate_exps.weight,7646,44,4;0;2;51
445,20661,blk.12.ffn_gate_exps.weight,7646,44,50;35;47;4
446,20707,blk.13.ffn_gate_exps.weight,7646,44,32;19;4;17
447,20753,blk.14.ffn_gate_exps.weight,7646,44,16;20;58;30
448,20800,blk.15.ffn_gate_exps.weight,7646,44,44;8;36;13
449,20846,blk.16.ffn_gate_exps.weight,7646,44,35;46;34;11
450,20892,blk.17.ffn_gate_exps.weight,7646,44,46;7;51;43
451,20938,blk.18.ffn_gate_exps.weight,7646,44,43;45;2;47
452,20984,blk.19.ffn_gate_exps.weight,7646,44,32;29;1;41
453,21030,blk.20.ffn_gate_exps.weight,7646,44,54;47;44;7
454,21076,blk.21.ffn_gate_exps.weight,7646,44,42;50;53;9
455,21122,blk.22.ffn_gate_exps.weight,7646,44,21;59;32;2
456,21170,blk.23.ffn_gate_exps.weight,7646,44,4;46;50;56
457,21221,blk.0.ffn_gate_exps.weight,7645,44,58;28;39;20
458,21269,blk.1.ffn_gate_exps.weight,7645,44,52;55;35;21
459,21316,blk.2.ffn_gate_exps.weight,7645,44,45;46;24;8
460,21362,blk.3.ffn_gate_exps.weight,7645,44,23;55;36;54
461,21408,blk.4.ffn_gate_exps.weight,7645,44,14;34;42;22
462,21454,blk.5.ffn_gate_exps.weight,7645,44,15;5;1;43
463,21500,blk.6.ffn_gate_exps.weight,7645,44,44;6;38;17
464,21546,blk.7.ffn_gate_exps.weight,7645,44,40;11;16;3
465,21592,blk.8.ffn_gate_exps.weight,7645,44,13;19;41;48
466,21638,blk.9.ffn_gate_exps.weight,7645,44,55;38;37;51
467,21684,blk.10.ffn_gate_exps.weight,7645,44,33;24;5;18
468,21730,blk.11.ffn_gate_exps.weight,7645,44,5;10;23;31
469,21776,blk.12.ffn_gate_exps.weight,7645,44,28;50;8;55
470,21822,blk.13.ffn_gate_exps.weight,7645,44,57;6;48;20
471,21868,blk.14.ffn_gate_exps.weight,7645,44,22;31;1;16
472,21915,blk.15.ffn_gate_exps.weight,7645,44,26;52;0;47
473,21961,blk.16.ffn_gate_exps.weight,7645,44,24;18;59;13
474,22007,blk.17.ffn_gate_exps.weight,7645,44,30;10;36;28
475,22053,blk.18.ffn_gate_exps.weight,7645,44,5;27;14;17
476,22099,blk.19.ffn_gate_exps.weight,7645,44,22;10;34;26
477,22145,blk.20.ffn_gate_exps.weight,7645,44,22;47;12;33
478,22191,blk.21.ffn_gate_exps.weight,7645,44,9;12;21;32
479,22237,blk.22.ffn_gate_exps.weight,7645,44,37;35;12;28
480,22285,blk.23.ffn_gate_exps.weight,7645,44,15;19;36;45
481,22336,blk.0.ffn_gate_exps.weight,7645,44,41;55;53;21
482,22384,blk.1.ffn_gate_exps.weight,7645,44,3;47;40;45
483,22431,blk.2.ffn_gate_exps.weight,7645,44,57;28;54;5
484,22477,blk.3.ffn_gate_exps.weight,7645,44,14;45;36;19
485,22523,blk.4.ffn_gate_exps.weight,7645,44,38;40;12;36
486,22569,blk.5.ffn_gate_exps.weight,7645,44,49;19;14;7
487,22615,blk.6.ffn_gate_exps.weight,7645,44,12;26;37;41
488,22661,blk.7.ffn_gate_exps.weight,7645,44,28;47;16;20
489,22707,blk.8.ffn_gate_exps.weight,7645,44,5;36;1;57
490,22753,blk.9.ffn_gate_exps.weight,7645,44,56;48;29;43
491,22799,blk.10.ffn_gate_exps.weight,7645,44,6;16;4;42
492,22845,blk.11.ffn_gate_exps.weight,7645,44,26;54;33;25
493,22891,blk.12.ffn_gate_exps.weight,7645,44,29;45;22;31
494,22937,blk.13.ffn_gate_exps.weight,7645,44,25;42;15;31
495,22983,blk.14.ffn_gate_exps.weight,7645,44,37;7;12;36
496,23030,blk.15.ffn_gate_exps.weight,7645,44,56;8;44;42
497,23076,blk.16.ffn_gate_exps.weight,7645,44,42;35;26;27
498,23122,blk.17.ffn_gate_exps.weight,7645,44,53;46;7;39
499,23168,blk.18.ffn_gate_exps.weight,7645,44,47;43;22;45
500,23214,blk.19.ffn_gate_exps.weight,7645,44,32;29;56;26
501,23260,blk.20.ffn_gate_exps.weight,7645,44,27;47;54;44
502,23306,blk.21.ffn_gate_exps.weight,7645,44,42;53;9;15
503,23352,blk.22.ffn_gate_exps.weight,7645,44,0;21;59;32
504,23400,blk.23.ffn_gate_exps.weight,7645,44,4;46;56;50
505,23451,blk.0.ffn_gate_exps.weight,7645,44,26;59;5;42
506,23499,blk.1.ffn_gate_exps.weight,7645,44,47;54;35;39
507,23546,blk.2.ffn_gate_exps.weight,7645,44,46;45;24;41
508,23592,blk.3.ffn_gate_exps.weight,7645,44,14;54;55;36
509,23638,blk.4.ffn_gate_exps.weight,7645,44,34;20;42;14
510,23684,blk.5.ffn_gate_exps.weight,7645,44,43;4;54;15
511,23730,blk.6.ffn_gate_exps.weight,7645,44,44;8;6;12
512,23776,blk.7.ffn_gate_exps.weight,7645,44,40;0;39;34
513,23822,blk.8.ffn_gate_exps.weight,7645,44,2;58;41;43
514,23868,blk.9.ffn_gate_exps.weight,7645,44,38;55;19;40
515,23914,blk.10.ffn_gate_exps.weight,7645,44,33;24;5;32
516,23960,blk.11.ffn_gate_exps.weight,7645,44,5;23;14;50
517,24006,blk.12.ffn_gate_exps.weight,7645,44,50;28;8;7
518,24052,blk.13.ffn_gate_exps.weight,7645,44,6;20;40;57
519,24098,blk.14.ffn_gate_exps.weight,7645,44,22;31;17;1
520,24145,blk.15.ffn_gate_exps.weight,7645,44,52;26;0;48
521,24191,blk.16.ffn_gate_exps.weight,7645,44,24;13;18;12
522,24237,blk.17.ffn_gate_exps.weight,7645,44,30;10;36;55
523,24283,blk.18.ffn_gate_exps.weight,7645,44,5;27;14;17
524,24329,blk.19.ffn_gate_exps.weight,7645,44,10;22;34;25
525,24375,blk.20.ffn_gate_exps.weight,7645,44,22;52;47;18
526,24421,blk.21.ffn_gate_exps.weight,7645,44,21;12;9;32
527,24467,blk.22.ffn_gate_exps.weight,7645,44,37;35;12;8
528,24515,blk.23.ffn_gate_exps.weight,7645,44,19;36;45;15
529,24566,blk.0.ffn_gate_exps.weight,7645,44,25;55;32;53
530,24614,blk.1.ffn_gate_exps.weight,7645,44,54;35;22;28
531,24661,blk.2.ffn_gate_exps.weight,7645,44,25;36;58;15
532,24707,blk.3.ffn_gate_exps.weight,7645,44,42;52;49;27
533,24753,blk.4.ffn_gate_exps.weight,7645,44,21;16;42;58
534,24799,blk.5.ffn_gate_exps.weight,7645,44,5;15;4;7
535,24845,blk.6.ffn_gate_exps.weight,7645,44,44;6;58;10
536,24891,blk.7.ffn_gate_exps.weight,7645,44,44;0;17;3
537,24937,blk.8.ffn_gate_exps.weight,7645,44,19;51;2;41
538,24983,blk.9.ffn_gate_exps.weight,7645,44,37;51;30;1
539,25029,blk.10.ffn_gate_exps.weight,7645,44,15;54;1;29
540,25075,blk.11.ffn_gate_exps.weight,7645,44,12;38;45;31
541,25121,blk.12.ffn_gate_exps.weight,7645,44,43;46;41;23
542,25167,blk.13.ffn_gate_exps.weight,7645,44,51;2;53;11
543,25213,blk.14.ffn_gate_exps.weight,7645,44,44;59;38;18
544,25260,blk.15.ffn_gate_exps.weight,7645,44,16;1;18;39
545,25306,blk.16.ffn_gate_exps.weight,7645,44,16;11;14;25
546,25352,blk.17.ffn_gate_exps.weight,7645,44,37;56;2;42
547,25398,blk.18.ffn_gate_exps.weight,7645,44,36;53;39;49
548,25444,blk.19.ffn_gate_exps.weight,7645,44,4;2;40;23
549,25490,blk.20.ffn_gate_exps.weight,7645,44,42;10;35;15
550,25536,blk.21.ffn_gate_exps.weight,7645,44,57;55;9;31
551,25582,blk.22.ffn_gate_exps.weight,7645,44,34;49;12;41
552,25630,blk.23.ffn_gate_exps.weight,7646,44,30;27;17;1
553,25681,blk.0.ffn_gate_exps.weight,7646,44,17;48;57;2
554,25729,blk.1.ffn_gate_exps.weight,7646,44,58;12;20;6
555,25776,blk.2.ffn_gate_exps.weight,7646,44,36;25;17;24
556,25822,blk.3.ffn_gate_exps.weight,7646,44,56;52;27;49
557,25868,blk.4.ffn_gate_exps.weight,7646,44,46;42;20;21
558,25914,blk.5.ffn_gate_exps.weight,7646,44,11;15;27;5
559,25960,blk.6.ffn_gate_exps.weight,7646,44,44;6;53;10
560,26006,blk.7.ffn_gate_exps.weight,7646,44,44;14;39;40
561,26052,blk.8.ffn_gate_exps.weight,7646,44,41;19;51;2
562,26098,blk.9.ffn_gate_exps.weight,7646,44,37;30;51;47
563,26144,blk.10.ffn_gate_exps.weight,7646,44,15;54;1;29
564,26190,blk.11.ffn_gate_exps.weight,7646,44,31;38;12;21
565,26236,blk.12.ffn_gate_exps.weight,7646,44,23;12;0;43
566,26282,blk.13.ffn_gate_exps.weight,7646,44,51;54;33;41
567,26328,blk.14.ffn_gate_exps.weight,7646,44,13;57;59;25
568,26375,blk.15.ffn_gate_exps.weight,7646,44,1;42;51;39
569,26421,blk.16.ffn_gate_exps.weight,7646,44,37;59;52;25
570,26467,blk.17.ffn_gate_exps.weight,7646,44,37;51;52;20
571,26513,blk.18.ffn_gate_exps.weight,7646,44,36;19;53;46
572,26559,blk.19.ffn_gate_exps.weight,7646,44,40;23;33;6
573,26605,blk.20.ffn_gate_exps.weight,7646,44,42;19;43;28
574,26651,blk.21.ffn_gate_exps.weight,7646,44,57;43;0;45
575,26697,blk.22.ffn_gate_exps.weight,7646,44,44;42;49;23
576,26745,blk.23.ffn_gate_exps.weight,7646,44,27;7;25;15
577,26796,blk.0.ffn_gate_exps.weight,7646,44,43;2;23;0
578,26844,blk.1.ffn_gate_exps.weight,7646,44,24;18;30;50
579,26891,blk.2.ffn_gate_exps.weight,7646,44,14;15;10;4
580,26937,blk.3.ffn_gate_exps.weight,7646,44,25;38;26;45
581,26983,blk.4.ffn_gate_exps.weight,7646,44,35;53;52;27
582,27029,blk.5.ffn_gate_exps.weight,7646,44,48;17;24;31
583,27075,blk.6.ffn_gate_exps.weight,7646,44,36;29;1;22
584,27121,blk.7.ffn_gate_exps.weight,7646,44,33;27;1;42
585,27167,blk.8.ffn_gate_exps.weight,7646,44,55;38;23;53
586,27213,blk.9.ffn_gate_exps.weight,7646,44,20;19;25;8
587,27259,blk.10.ffn_gate_exps.weight,7646,44,47;11;21;32
588,27305,blk.11.ffn_gate_exps.weight,7646,44,30;15;49;20
589,27351,blk.12.ffn_gate_exps.weight,7646,44,9;33;32;46
590,27397,blk.13.ffn_gate_exps.weight,7646,44,38;9;6;3
591,27443,blk.14.ffn_gate_exps.weight,7646,44,33;10;7;26
592,27490,blk.15.ffn_gate_exps.weight,7646,44,49;37;25;3
593,27536,blk.16.ffn_gate_exps.weight,7646,44,23;10;13;12
594,27582,blk.17.ffn_gate_exps.weight,7646,44,1;10;17;30
595,27628,blk.18.ffn_gate_exps.weight,7646,44,38;23;56;27
596,27674,blk.19.ffn_gate_exps.weight,7646,44,56;36;54;42
597,27720,blk.20.ffn_gate_exps.weight,7646,44,20;52;47;23
598,27766,blk.21.ffn_gate_exps.weight,7646,44,21;14;53;11
599,27812,blk.22.ffn_gate_exps.weight,7646,44,11;35;14;37
600,27860,blk.23.ffn_gate_exps.weight,7646,44,16;36;2;41
601,27911,blk.0.ffn_gate_exps.weight,7646,44,50;28;10;15
602,27959,blk.1.ffn_gate_exps.weight,7646,44,28;9;47;25
603,28006,blk.2.ffn_gate_exps.weight,7646,44,26;49;24;41
604,28052,blk.3.ffn_gate_exps.weight,7646,44,54;6;38;52
605,28098,blk.4.ffn_gate_exps.weight,7646,44,42;22;9;14
606,28144,blk.5.ffn_gate_exps.weight,7646,44,5;4;28;0
607,28190,blk.6.ffn_gate_exps.weight,7646,44,44;10;6;58
608,28236,blk.7.ffn_gate_exps.weight,7646,44,0;40;6;39
609,28282,blk.8.ffn_gate_exps.weight,7646,44,54;19;41;53
610,28328,blk.9.ffn_gate_exps.weight,7646,44,53;6;52;30
611,28374,blk.10.ffn_gate_exps.weight,7646,44,0;33;5;11
612,28420,blk.11.ffn_gate_exps.weight,7646,44,24;15;47;52
613,28466,blk.12.ffn_gate_exps.weight,7646,44,8;12;14;46
614,28512,blk.13.ffn_gate_exps.weight,7646,44,26;56;57;37
615,28558,blk.14.ffn_gate_exps.weight,7646,44,59;23;44;0
616,28605,blk.15.ffn_gate_exps.weight,7646,44,16;15;21;34
617,28651,blk.16.ffn_gate_exps.weight,7646,44,44;47;14;28
618,28697,blk.17.ffn_gate_exps.weight,7646,44,42;26;56;37
619,28743,blk.18.ffn_gate_exps.weight,7646,44,1;39;36;55
620,28789,blk.19.ffn_gate_exps.weight,7646,44,4;40;39;55
621,28835,blk.20.ffn_gate_exps.weight,7646,44,0;10;50;28
622,28881,blk.21.ffn_gate_exps.weight,7646,44,55;31;7;57
623,28927,blk.22.ffn_gate_exps.weight,7646,44,45;17;53;26
624,28975,blk.23.ffn_gate_exps.weight,7646,44,1;17;27;22
625,29026,blk.0.ffn_gate_exps.weight,7646,44,2;41;40;19
626,29074,blk.1.ffn_gate_exps.weight,7646,44,28;12;11;15
627,29121,blk.2.ffn_gate_exps.weight,7646,44,15;12;50;23
628,29167,blk.3.ffn_gate_exps.weight,7646,44,21;1;56;24
629,29213,blk.4.ffn_gate_exps.weight,7646,44,46;10;42;21
630,29259,blk.5.ffn_gate_exps.weight,7646,44,59;5;36;31
631,29305,blk.6.ffn_gate_exps.weight,7646,44,16;28;39;18
632,29351,blk.7.ffn_gate_exps.weight,7646,44,2;17;39;44
633,29397,blk.8.ffn_gate_exps.weight,7646,44,55;41;51;59
634,29443,blk.9.ffn_gate_exps.weight,7646,44,6;53;9;2
635,29489,blk.10.ffn_gate_exps.weight,7646,44,11;29;3;2
636,29535,blk.11.ffn_gate_exps.weight,7646,44,24;15;22;7
637,29581,blk.12.ffn_gate_exps.weight,7646,44,6;32;46;57
638,29627,blk.13.ffn_gate_exps.weight,7646,44,37;56;5;4
639,29673,blk.14.ffn_gate_exps.weight,7646,44,19;41;20;59
640,29720,blk.15.ffn_gate_exps.weight,7646,44,55;46;1;35
641,29766,blk.16.ffn_gate_exps.weight,7646,44,25;48;43;31
642,29812,blk.17.ffn_gate_exps.weight,8013,44,42;18;21;51
643,29858,blk.18.ffn_gate_exps.weight,8013,44,36;54;46;20
644,29904,blk.19.ffn_gate_exps.weight,8013,44,40;38;23;44
645,29950,blk.20.ffn_gate_exps.weight,8013,44,0;15;42;43
646,29996,blk.21.ffn_gate_exps.weight,8013,44,57;43;55;1
647,30042,blk.22.ffn_gate_exps.weight,8013,44,41;55;13;7
648,30090,blk.23.ffn_gate_exps.weight,8013,44,25;27;12;43
649,30141,blk.0.ffn_gate_exps.weight,8013,44,23;32;15;17
650,30189,blk.1.ffn_gate_exps.weight,8013,44,23;28;32;2
651,30236,blk.2.ffn_gate_exps.weight,8013,44,14;22;23;28
652,30282,blk.3.ffn_gate_exps.weight,8013,44,16;31;5;9
653,30328,blk.4.ffn_gate_exps.weight,8013,44,49;52;35;55
654,30374,blk.5.ffn_gate_exps.weight,8013,44,47;17;23;1
655,30420,blk.6.ffn_gate_exps.weight,8013,44,59;8;47;28
656,30466,blk.7.ffn_gate_exps.weight,8013,44,20;57;40;27
657,30512,blk.8.ffn_gate_exps.weight,8013,44,23;18;32;38
658,30558,blk.9.ffn_gate_exps.weight,8013,44,59;25;19;20
659,30604,blk.10.ffn_gate_exps.weight,8013,44,21;32;40;11
660,30650,blk.11.ffn_gate_exps.weight,8013,44,20;0;8;10
661,30696,blk.12.ffn_gate_exps.weight,8013,44,35;1;33;22
662,30742,blk.13.ffn_gate_exps.weight,8013,44,17;9;38;44
663,30788,blk.14.ffn_gate_exps.weight,8013,44,58;27;33;0
664,30835,blk.15.ffn_gate_exps.weight,8013,44,44;37;3;49
665,30881,blk.16.ffn_gate_exps.weight,8013,44,35;0;34;59
666,30927,blk.17.ffn_gate_exps.weight,8013,44,46;1;51;31
667,30973,blk.18.ffn_gate_exps.weight,8013,44,43;45;9;2
668,31019,blk.19.ffn_gate_exps.weight,8013,44,41;32;1;56
669,31065,blk.20.ffn_gate_exps.weight,8013,44,54;44;37;1
670,31111,blk.21.ffn_gate_exps.weight,8013,44,50;42;53;11
671,31157,blk.22.ffn_gate_exps.weight,8013,44,21;59;32;2
672,31205,blk.23.ffn_gate_exps.weight,8013,44,4;46;50;56
673,31256,blk.0.ffn_gate_exps.weight,8013,44,10;34;47;15
674,31304,blk.1.ffn_gate_exps.weight,8013,44,52;22;24;54
675,31351,blk.2.ffn_gate_exps.weight,8013,44,22;46;45;41
676,31397,blk.3.ffn_gate_exps.weight,8013,44,7;54;25;55
677,31443,blk.4.ffn_gate_exps.weight,8013,44,34;23;54;53
678,31489,blk.5.ffn_gate_exps.weight,8013,44,17;43;39;52
679,31535,blk.6.ffn_gate_exps.weight,8013,44,8;33;44;6
680,31581,blk.7.ffn_gate_exps.weight,8013,44,1;57;16;39
681,31627,blk.8.ffn_gate_exps.weight,8013,44,48;43;31;23
682,31673,blk.9.ffn_gate_exps.weight,8013,44,19;38;59;55
683,31719,blk.10.ffn_gate_exps.weight,8013,44,32;40;24;19
684,31765,blk.11.ffn_gate_exps.weight,8013,44,5;8;20;10
685,31811,blk.12.ffn_gate_exps.weight,8013,44,1;35;8;25
686,31857,blk.13.ffn_gate_exps.weight,8013,44,17;20;6;9
687,31903,blk.14.ffn_gate_exps.weight,8013,44,4;22;23;1
688,31950,blk.15.ffn_gate_exps.weight,8013,44,26;49;0;52
689,31996,blk.16.ffn_gate_exps.weight,8013,44,13;24;38;12
690,32042,blk.17.ffn_gate_exps.weight,8013,44,10;30;28;1
691,32088,blk.18.ffn_gate_exps.weight,8013,44,27;31;13;56
692,32134,blk.19.ffn_gate_exps.weight,8013,44,10;9;36;56
693,32180,blk.20.ffn_gate_exps.weight,8013,44,52;22;3;47
694,32226,blk.21.ffn_gate_exps.weight,8013,44,21;20;14;32
695,32272,blk.22.ffn_gate_exps.weight,8013,44,11;37;35;15
696,32320,blk.23.ffn_gate_exps.weight,8013,44,36;2;23;13
697,32371,blk.0.ffn_gate_exps.weight,8013,44,37;22;13;21
698,32419,blk.1.ffn_gate_exps.weight,8013,44,26;42;0;37
699,32466,blk.2.ffn_gate_exps.weight,8013,44,11;0;20;23
700,32512,blk.3.ffn_gate_exps.weight,8013,44,32;37;2;45
701,32558,blk.4.ffn_gate_exps.weight,8013,44,11;29;0;55
702,32604,blk.5.ffn_gate_exps.weight,8013,44,42;6;7;24
703,32650,blk.6.ffn_gate_exps.weight,8014,44,27;8;24;49
704,32696,blk.7.ffn_gate_exps.weight,8014,44,47;52;1;2
705,32742,blk.8.ffn_gate_exps.weight,8014,44,11;48;8;9
706,32788,blk.9.ffn_gate_exps.weight,8014,44,27;57;4;20
707,32834,blk.10.ffn_gate_exps.weight,8014,44,51;52;4;11
708,32880,blk.11.ffn_gate_exps.weight,8014,44,28;11;58;20
709,32926,blk.12.ffn_gate_exps.weight,8014,44,58;40;38;48
710,32972,blk.13.ffn_gate_exps.weight,8014,44,55;34;52;22
711,33018,blk.14.ffn_gate_exps.weight,8014,44,9;8;4;10
712,33065,blk.15.ffn_gate_exps.weight,8014,44,17;50;6;42
713,33111,blk.16.ffn_gate_exps.weight,8014,44,7;30;53;36
714,33157,blk.17.ffn_gate_exps.weight,8014,44,25;19;17;16
715,33203,blk.18.ffn_gate_exps.weight,8014,44,32;24;41;38
716,33249,blk.19.ffn_gate_exps.weight,8014,44,49;9;54;26
717,33295,blk.20.ffn_gate_exps.weight,8014,44,12;23;5;3
718,33341,blk.21.ffn_gate_exps.weight,8014,44,19;9;52;12
719,33387,blk.22.ffn_gate_exps.weight,8014,44,19;28;11;15
720,33435,blk.23.ffn_gate_exps.weight,8014,44,44;36;13;2
721,33486,blk.0.ffn_gate_exps.weight,8014,44,8;46;42;58
722,33534,blk.1.ffn_gate_exps.weight,8014,44,33;0;8;18
723,33581,blk.2.ffn_gate_exps.weight,8014,44,36;24;16;3
724,33627,blk.3.ffn_gate_exps.weight,8014,44,4;28;59;52
725,33673,blk.4.ffn_gate_exps.weight,8014,44,42;14;30;22
726,33719,blk.5.ffn_gate_exps.weight,8014,44,5;4;25;28
727,33765,blk.6.ffn_gate_exps.weight,8014,44,44;6;56;18
728,33811,blk.7.ffn_gate_exps.weight,8014,44,23;44;34;55
729,33857,blk.8.ffn_gate_exps.weight,8014,44,59;45;19;17
730,33903,blk.9.ffn_gate_exps.weight,8014,44,37;47;50;28
731,33949,blk.10.ffn_gate_exps.weight,8014,44,2;54;11;33
732,33995,blk.11.ffn_gate_exps.weight,8014,44,4;23;48;2
733,34041,blk.12.ffn_gate_exps.weight,8014,44,50;57;41;44
734,34087,blk.13.ffn_gate_exps.weight,8014,44,32;43;19;56
735,34133,blk.14.ffn_gate_exps.weight,8014,44,16;30;57;59
736,34180,blk.15.ffn_gate_exps.weight,8014,44,39;1;36;21
737,34226,blk.16.ffn_gate_exps.weight,8014,44,29;44;24;27
738,34272,blk.17.ffn_gate_exps.weight,8014,44,37;43;34;7
739,34318,blk.18.ffn_gate_exps.weight,8014,44,11;44;46;54
740,34364,blk.19.ffn_gate_exps.weight,8014,44,40;4;11;50
741,34410,blk.20.ffn_gate_exps.weight,8014,44,9;40;16;6
742,34456,blk.21.ffn_gate_exps.weight,8014,44,43;37;41;16
743,34502,blk.22.ffn_gate_exps.weight,8014,44,10;23;20;39
744,34550,blk.23.ffn_gate_exps.weight,8014,44,12;51;6;0
745,34601,blk.0.ffn_gate_exps.weight,8014,44,43;56;20;47
746,34649,blk.1.ffn_gate_exps.weight,8014,44,21;38;57;49
747,34696,blk.2.ffn_gate_exps.weight,8014,44,25;49;50;39
748,34742,blk.3.ffn_gate_exps.weight,8014,44,0;40;25;33
749,34788,blk.4.ffn_gate_exps.weight,8014,44,52;53;30;49
750,34834,blk.5.ffn_gate_exps.weight,8014,44,19;2;17;47
751,34880,blk.6.ffn_gate_exps.weight,8014,44,47;56;49;18
752,34926,blk.7.ffn_gate_exps.weight,8014,44,33;34;46;23
753,34972,blk.8.ffn_gate_exps.weight,8014,44,14;32;59;45
754,35018,blk.9.ffn_gate_exps.weight,8014,44,25;19;52;4
755,35064,blk.10.ffn_gate_exps.weight,8014,44,21;32;39;26
756,35110,blk.11.ffn_gate_exps.weight,8014,44,35;20;2;8
757,35156,blk.12.ffn_gate_exps.weight,8014,44,25;38;33;1
758,35202,blk.13.ffn_gate_exps.weight,8014,44,6;38;19;20
759,35248,blk.14.ffn_gate_exps.weight,8014,44,16;10;39;4
760,35295,blk.15.ffn_gate_exps.weight,8014,44,31;3;49;13
761,35341,blk.16.ffn_gate_exps.weight,8014,44,13;36;0;12
762,35387,blk.17.ffn_gate_exps.weight,8014,44,10;6;1;17
763,35433,blk.18.ffn_gate_exps.weight,8014,44,38;42;13;40
764,35479,blk.19.ffn_gate_exps.weight,8014,44,25;22;54;19
765,35525,blk.20.ffn_gate_exps.weight,8014,44,22;12;41;47
766,35571,blk.21.ffn_gate_exps.weight,8014,44,3;10;11;28
767,35617,blk.22.ffn_gate_exps.weight,8014,44,12;11;37;58
768,35665,blk.23.ffn_gate_exps.weight,8014,44,36;2;22;23
769,35716,blk.0.ffn_gate_exps.weight,8014,44,51;42;34;50
770,35764,blk.1.ffn_gate_exps.weight,8014,44,5;37;17;0
771,35811,blk.2.ffn_gate_exps.weight,8014,44,25;2;31;36
772,35857,blk.3.ffn_gate_exps.weight,8014,44,11;27;57;52
773,35903,blk.4.ffn_gate_exps.weight,8014,44,28;42;16;15
774,35949,blk.5.ffn_gate_exps.weight,8014,44,11;5;48;22
775,35995,blk.6.ffn_gate_exps.weight,8014,44,10;44;16;6
776,36041,blk.7.ffn_gate_exps.weight,8014,44,6;0;14;22
777,36087,blk.8.ffn_gate_exps.weight,8014,44,53;19;25;51
778,36133,blk.9.ffn_gate_exps.weight,8014,44,53;30;51;15
779,36179,blk.10.ffn_gate_exps.weight,8014,44,35;29;5;15
780,36225,blk.11.ffn_gate_exps.weight,8014,44,24;15;12;2
781,36271,blk.12.ffn_gate_exps.weight,8014,44,14;54;6;4
782,36317,blk.13.ffn_gate_exps.weight,8014,44,58;5;33;26
783,36363,blk.14.ffn_gate_exps.weight,8014,44,21;20;44;59
784,36410,blk.15.ffn_gate_exps.weight,8014,44,53;16;35;38
785,36456,blk.16.ffn_gate_exps.weight,8014,44,37;16;31;44
786,36502,blk.17.ffn_gate_exps.weight,8014,44,26;56;37;50
787,36548,blk.18.ffn_gate_exps.weight,8014,44,1;39;11;38
788,36594,blk.19.ffn_gate_exps.weight,8014,44,25;45;54;22
789,36640,blk.20.ffn_gate_exps.weight,8014,44,0;47;35;3
790,36686,blk.21.ffn_gate_exps.weight,8014,44,55;7;12;9
791,36732,blk.22.ffn_gate_exps.weight,8014,44,34;12;11;37
792,36780,blk.23.ffn_gate_exps.weight,8014,44,36;17;30;2
793,36831,blk.0.ffn_gate_exps.weight,8014,44,0;19;52;54
794,36879,blk.1.ffn_gate_exps.weight,8014,44,12;25;5;7
795,36926,blk.2.ffn_gate_exps.weight,8014,44,25;30;17;26
796,36972,blk.3.ffn_gate_exps.weight,8014,44,56;42;34;21
797,37018,blk.4.ffn_gate_exps.weight,8014,44,28;18;16;21
798,37064,blk.5.ffn_gate_exps.weight,8014,44,44;22;36;25
799,37110,blk.6.ffn_gate_exps.weight,8014,44,10;53;43;44
800,37156,blk.7.ffn_gate_exps.weight,8014,44,0;6;22;3
801,37202,blk.8.ffn_gate_exps.weight,8014,44,25;19;17;30
802,37248,blk.9.ffn_gate_exps.weight,8014,44,53;30;28;51
803,37294,blk.10.ffn_gate_exps.weight,8014,44,35;8;54;15
804,37340,blk.11.ffn_gate_exps.weight,8014,44,31;12;24;32
805,37386,blk.12.ffn_gate_exps.weight,8014,44,12;6;23;2
806,37432,blk.13.ffn_gate_exps.weight,8014,44,33;23;2;50
807,37478,blk.14.ffn_gate_exps.weight,8014,44,13;25;44;18
808,37525,blk.15.ffn_gate_exps.weight,8015,44,1;16;10;48
809,37571,blk.16.ffn_gate_exps.weight,8015,44,52;32;43;41
810,37617,blk.17.ffn_gate_exps.weight,8015,44,37;56;9;16
811,37663,blk.18.ffn_gate_exps.weight,8015,44,36;39;53;11
812,37709,blk.19.ffn_gate_exps.weight,8015,44,4;2;51;40
813,37755,blk.20.ffn_gate_exps.weight,8015,44,42;16;39;10
814,37801,blk.21.ffn_gate_exps.weight,8015,44,55;57;9;11
815,37847,blk.22.ffn_gate_exps.weight,8015,44,34;41;12;55
816,37895,blk.23.ffn_gate_exps.weight,8015,44,17;25;1;32
817,37946,blk.0.ffn_gate_exps.weight,8015,44,41;29;49;3
818,37994,blk.1.ffn_gate_exps.weight,8015,44,40;45;3;49
819,38041,blk.2.ffn_gate_exps.weight,8015,44,57;20;40;28
820,38087,blk.3.ffn_gate_exps.weight,8015,44,14;19;50;24
821,38133,blk.4.ffn_gate_exps.weight,8015,44,38;36;24;29
822,38179,blk.5.ffn_gate_exps.weight,8015,44,49;10;56;7
823,38225,blk.6.ffn_gate_exps.weight,8015,44,12;40;23;37
824,38271,blk.7.ffn_gate_exps.weight,8015,44,28;26;32;47
825,38317,blk.8.ffn_gate_exps.weight,8015,44,1;36;44;57
826,38363,blk.9.ffn_gate_exps.weight,8015,44,56;29;45;43
827,38409,blk.10.ffn_gate_exps.weight,8015,44,16;6;28;46
828,38455,blk.11.ffn_gate_exps.weight,8015,44,54;26;25;57
829,38501,blk.12.ffn_gate_exps.weight,8015,44,45;31;22;29
830,38547,blk.13.ffn_gate_exps.weight,8015,44,25;42;12;36
831,38593,blk.14.ffn_gate_exps.weight,8015,44,37;4;26;16
832,38640,blk.15.ffn_gate_exps.weight,8015,44,56;12;28;13
833,38686,blk.16.ffn_gate_exps.weight,8015,44,42;26;10;31
834,38732,blk.17.ffn_gate_exps.weight,8015,44,53;6;39;28
835,38778,blk.18.ffn_gate_exps.weight,8015,44,22;43;50;33
836,38824,blk.19.ffn_gate_exps.weight,8015,44,41;25;0;9
837,38870,blk.20.ffn_gate_exps.weight,8015,44,27;47;1;54
838,38916,blk.21.ffn_gate_exps.weight,8015,44,50;12;3;19
839,38962,blk.22.ffn_gate_exps.weight,8015,44,59;12;21;58
840,39010,blk.23.ffn_gate_exps.weight,8015,44,4;36;3;35
841,39061,blk.0.ffn_gate_exps.weight,8015,44,26;37;16;1
842,39109,blk.1.ffn_gate_exps.weight,8015,44,26;47;4;50
843,39156,blk.2.ffn_gate_exps.weight,8015,44,11;13;41;20
844,39202,blk.3.ffn_gate_exps.weight,8015,44,14;50;37;38
845,39248,blk.4.ffn_gate_exps.weight,8015,44,38;11;2;29
846,39294,blk.5.ffn_gate_exps.weight,8015,44,49;42;51;55
847,39340,blk.6.ffn_gate_exps.weight,8015,44,27;12;24;49
848,39386,blk.7.ffn_gate_exps.weight,8015,44,47;52;28;8
849,39432,blk.8.ffn_gate_exps.weight,8015,44,11;1;57;36
850,39478,blk.9.ffn_gate_exps.weight,8015,44,56;27;2;57
851,39524,blk.10.ffn_gate_exps.weight,8015,44,51;6;52;31
852,39570,blk.11.ffn_gate_exps.weight,8015,44,28;26;11;39
853,39616,blk.12.ffn_gate_exps.weight,8015,44,58;45;29;31
854,39662,blk.13.ffn_gate_exps.weight,8015,44,25;55;34;22
855,39708,blk.14.ffn_gate_exps.weight,8015,44,37;9;4;26
856,39755,blk.15.ffn_gate_exps.weight,8015,44,50;56;17;6
857,39801,blk.16.ffn_gate_exps.weight,8015,44,7;30;53;36
858,39847,blk.17.ffn_gate_exps.weight,8015,44,25;19;17;6
859,39893,blk.18.ffn_gate_exps.weight,8015,44,24;32;18;38
860,39939,blk.19.ffn_gate_exps.weight,8015,44,49;25;9;54
861,39985,blk.20.ffn_gate_exps.weight,8015,44,47;5;23;12
862,40031,blk.21.ffn_gate_exps.weight,8015,44,19;3;9;30
863,40077,blk.22.ffn_gate_exps.weight,8015,44,19;15;28;11
864,40125,blk.23.ffn_gate_exps.weight,8015,44,44;36;52;23
865,40176,blk.0.ffn_gate_exps.weight,8015,44,42;8;26;45
866,40224,blk.1.ffn_gate_exps.weight,8015,44,33;0;47;34
867,40271,blk.2.ffn_gate_exps.weight,8015,44,36;16;24;3
868,40317,blk.3.ffn_gate_exps.weight,8015,44,6;4;54;33
869,40363,blk.4.ffn_gate_exps.weight,8015,44,7;42;30;46
870,40409,blk.5.ffn_gate_exps.weight,8015,44,5;27;57;28
871,40455,blk.6.ffn_gate_exps.weight,8015,44,16;7;44;53
872,40501,blk.7.ffn_gate_exps.weight,8015,44,23;44;15;17
873,40547,blk.8.ffn_gate_exps.weight,8015,44,45;59;41;19
874,40593,blk.9.ffn_gate_exps.weight,8015,44,50;47;37;52
875,40639,blk.10.ffn_gate_exps.weight,8015,44,2;54;15;39
876,40685,blk.11.ffn_gate_exps.weight,8015,44,4;45;46;38
877,40731,blk.12.ffn_gate_exps.weight,8015,44,50;57;41;2
878,40777,blk.13.ffn_gate_exps.weight,8015,44,32;43;19;23
879,40823,blk.14.ffn_gate_exps.weight,8015,44,30;16;40;57
880,40870,blk.15.ffn_gate_exps.weight,8015,44,1;39;36;55
881,40916,blk.16.ffn_gate_exps.weight,8015,44,11;21;29;25
882,40962,blk.17.ffn_gate_exps.weight,8015,44,37;42;43;7
883,41008,blk.18.ffn_gate_exps.weight,8015,44,44;26;54;1
884,41054,blk.19.ffn_gate_exps.weight,8015,44,4;12;40;52
885,41100,blk.20.ffn_gate_exps.weight,8015,44,40;9;10;43
886,41146,blk.21.ffn_gate_exps.weight,8015,44,49;37;34;0
887,41192,blk.22.ffn_gate_exps.weight,8020,44,3;10;22;34
888,41240,blk.23.ffn_gate_exps.weight,8020,44,32;6;40;43
889,41291,blk.0.ffn_gate_exps.weight,8020,44,43;20;24;1
890,41339,blk.1.ffn_gate_exps.weight,8020,44,38;21;57;1
891,41386,blk.2.ffn_gate_exps.weight,8020,44,25;10;15;16
892,41432,blk.3.ffn_gate_exps.weight,8020,44,40;0;25;33
893,41478,blk.4.ffn_gate_exps.weight,8020,44,52;53;38;49
894,41524,blk.5.ffn_gate_exps.weight,8020,44,19;47;17;2
895,41570,blk.6.ffn_gate_exps.weight,8020,44,12;47;7;55
896,41616,blk.7.ffn_gate_exps.weight,8020,44,33;15;34;23
897,41662,blk.8.ffn_gate_exps.weight,8020,44,14;32;45;18
898,41708,blk.9.ffn_gate_exps.weight,8020,44,25;19;48;59
899,41754,blk.10.ffn_gate_exps.weight,8020,44,21;32;56;31
900,41800,blk.11.ffn_gate_exps.weight,8020,44,35;45;8;20
901,41846,blk.12.ffn_gate_exps.weight,8020,44,33;25;1;35
902,41892,blk.13.ffn_gate_exps.weight,8020,44,6;38;9;20
903,41938,blk.14.ffn_gate_exps.weight,8020,44,16;10;37;39
904,41985,blk.15.ffn_gate_exps.weight,8020,44,49;3;45;31
905,42031,blk.16.ffn_gate_exps.weight,8020,44,12;13;0;36
906,42077,blk.17.ffn_gate_exps.weight,8020,44,10;1;6;17
907,42123,blk.18.ffn_gate_exps.weight,8020,44,38;43;5;13
908,42169,blk.19.ffn_gate_exps.weight,8020,44,25;54;22;24
909,42215,blk.20.ffn_gate_exps.weight,8020,44,51;27;59;23
910,42261,blk.21.ffn_gate_exps.weight,8020,44,21;25;35;30
911,42307,blk.22.ffn_gate_exps.weight,8020,44,11;1;5;58
912,42355,blk.23.ffn_gate_exps.weight,8020,44,36;2;54;33
913,42406,blk.0.ffn_gate_exps.weight,8020,44,51;34;50;31
914,42454,blk.1.ffn_gate_exps.weight,8020,44,14;35;23;37
915,42501,blk.2.ffn_gate_exps.weight,8020,44,58;24;25;36
916,42547,blk.3.ffn_gate_exps.weight,8020,44,42;21;52;6
917,42593,blk.4.ffn_gate_exps.weight,8020,44,58;16;21;46
918,42639,blk.5.ffn_gate_exps.weight,8020,44,5;22;0;28
919,42685,blk.6.ffn_gate_exps.weight,8020,44,10;46;58;30
920,42731,blk.7.ffn_gate_exps.weight,8020,44,37;22;45;0
921,42777,blk.8.ffn_gate_exps.weight,8021,44,17;19;29;25
922,42823,blk.9.ffn_gate_exps.weight,8021,44,6;30;13;47
923,42869,blk.10.ffn_gate_exps.weight,8021,44,27;35;15;41
924,42915,blk.11.ffn_gate_exps.weight,8021,44,47;12;46;37
925,42961,blk.12.ffn_gate_exps.weight,8021,44,43;41;13;6
926,43007,blk.13.ffn_gate_exps.weight,8021,44,2;26;53;33
927,43053,blk.14.ffn_gate_exps.weight,8021,44,30;38;25;44
928,43100,blk.15.ffn_gate_exps.weight,8021,44,16;35;46;33
929,43146,blk.16.ffn_gate_exps.weight,8021,44,43;4;47;25
930,43192,blk.17.ffn_gate_exps.weight,8021,44,43;56;37;35
931,43238,blk.18.ffn_gate_exps.weight,8021,44,39;1;20;40
932,43284,blk.19.ffn_gate_exps.weight,8021,44,4;51;59;45
933,43330,blk.20.ffn_gate_exps.weight,8021,44,10;17;35;51
934,43376,blk.21.ffn_gate_exps.weight,8021,44,55;18;31;36
935,43422,blk.22.ffn_gate_exps.weight,8021,44,45;34;11;56
936,43470,blk.23.ffn_gate_exps.weight,8021,44,30;2;17;11
937,43521,blk.0.ffn_gate_exps.weight,8021,44,23;41;2;19
938,43569,blk.1.ffn_gate_exps.weight,8021,44,58;8;12;11
939,43616,blk.2.ffn_gate_exps.weight,8021,44,36;51;33;46
940,43662,blk.3.ffn_gate_exps.weight,8021,44,54;27;56;42
941,43708,blk.4.ffn_gate_exps.weight,8021,44,42;48;46;9
942,43754,blk.5.ffn_gate_exps.weight,8021,44,43;28;5;25
943,43800,blk.6.ffn_gate_exps.weight,8021,44,10;3;58;2
944,43846,blk.7.ffn_gate_exps.weight,8021,44,0;56;45;36
945,43892,blk.8.ffn_gate_exps.weight,8021,44,54;19;53;24
946,43938,blk.9.ffn_gate_exps.weight,8021,44,6;14;47;12
947,43984,blk.10.ffn_gate_exps.weight,8021,44,33;0;15;54
948,44030,blk.11.ffn_gate_exps.weight,8021,44,5;36;47;21
949,44076,blk.12.ffn_gate_exps.weight,8021,44,41;43;8;48
950,44122,blk.13.ffn_gate_exps.weight,8021,44,54;11;26;43
951,44168,blk.14.ffn_gate_exps.weight,8021,44,59;23;44;38
952,44215,blk.15.ffn_gate_exps.weight,8021,44,16;21;51;13
953,44261,blk.16.ffn_gate_exps.weight,8021,44,43;44;47;14
954,44307,blk.17.ffn_gate_exps.weight,8021,44,43;26;37;21
955,44353,blk.18.ffn_gate_exps.weight,8021,44,1;39;36;8
956,44399,blk.19.ffn_gate_exps.weight,8021,44,4;40;35;6
957,44445,blk.20.ffn_gate_exps.weight,8021,44,10;17;0;21
958,44491,blk.21.ffn_gate_exps.weight,8021,44,55;31;7;20
959,44537,blk.22.ffn_gate_exps.weight,8021,44,45;17;41;39
960,44585,blk.23.ffn_gate_exps.weight,8021,44,1;11;17;30
961,44636,blk.0.ffn_gate_exps.weight,8021,44,25;41;7;39
962,44684,blk.1.ffn_gate_exps.weight,8021,44,11;12;58;7
963,44731,blk.2.ffn_gate_exps.weight,8021,44,31;36;15;23
964,44777,blk.3.ffn_gate_exps.weight,8021,44,21;1;27;56
965,44823,blk.4.ffn_gate_exps.weight,8021,44,9;21;28;42
966,44869,blk.5.ffn_gate_exps.weight,8021,44,11;27;5;36
967,44915,blk.6.ffn_gate_exps.weight,8021,44,10;53;3;5
968,44961,blk.7.ffn_gate_exps.weight,8021,44,38;48;14;39
969,45007,blk.8.ffn_gate_exps.weight,8021,44,41;25;19;4
970,45053,blk.9.ffn_gate_exps.weight,8022,44,53;44;13;6
971,45099,blk.10.ffn_gate_exps.weight,8022,44,0;54;7;50
972,45145,blk.11.ffn_gate_exps.weight,8022,44,47;32;24;27
973,45191,blk.12.ffn_gate_exps.weight,8022,44,12;6;23;0
974,45237,blk.13.ffn_gate_exps.weight,8022,44,33;23;54;2
975,45283,blk.14.ffn_gate_exps.weight,8022,44,13;19;39;28
976,45330,blk.15.ffn_gate_exps.weight,8022,44,1;13;51;40
977,45376,blk.16.ffn_gate_exps.weight,8022,44,37;25;27;59
978,45422,blk.17.ffn_gate_exps.weight,8022,44,54;52;37;16
979,45468,blk.18.ffn_gate_exps.weight,8022,44,19;36;46;52
980,45514,blk.19.ffn_gate_exps.weight,8022,44,51;31;11;40
981,45560,blk.20.ffn_gate_exps.weight,8022,44,19;42;4;15
982,45606,blk.21.ffn_gate_exps.weight,8022,44,57;20;29;48
983,45652,blk.22.ffn_gate_exps.weight,8022,44,41;10;29;46
984,45700,blk.23.ffn_gate_exps.weight,8022,44,27;25;12;37
985,45751,blk.0.ffn_gate_exps.weight,8022,44,59;52;30;48
986,45799,blk.1.ffn_gate_exps.weight,8022,44,56;3;10;9
987,45846,blk.2.ffn_gate_exps.weight,8022,44,50;57;52;12
988,45892,blk.3.ffn_gate_exps.weight,8022,44,40;43;19;47
989,45938,blk.4.ffn_gate_exps.weight,8022,44,4;56;17;36
990,45984,blk.5.ffn_gate_exps.weight,8022,44,10;3;46;56
991,46030,blk.6.ffn_gate_exps.weight,8022,44,40;23;4;13
992,46076,blk.7.ffn_gate_exps.weight,8022,44,26;13;49;32
993,46122,blk.8.ffn_gate_exps.weight,8022,44,49;22;44;10
994,46168,blk.9.ffn_gate_exps.weight,8022,44,33;42;14;45
995,46214,blk.10.ffn_gate_exps.weight,8022,44,28;53;20;25
996,46260,blk.11.ffn_gate_exps.weight,8022,44,56;29;16;57
997,46306,blk.12.ffn_gate_exps.weight,8022,44,21;5;49;11
998,46352,blk.13.ffn_gate_exps.weight,8022,44,39;12;41;1
999,46398,blk.14.ffn_gate_exps.weight,8022,44,46;45;43;14
1000,46445,blk.15.ffn_gate_exps.weight,8022,44,5;29;59;58
1001,46491,blk.16.ffn_gate_exps.weight,8022,44,57;45;3;19
1002,46537,blk.17.ffn_gate_exps.weight,8022,44,49;38;5;15
1003,46583,blk.18.ffn_gate_exps.weight,8022,44,4;35;6;56
1004,46629,blk.19.ffn_gate_exps.weight,8022,44,58;44;5;24
1005,46675,blk.20.ffn_gate_exps.weight,8023,44,26;36;38;59
1006,46721,blk.21.ffn_gate_exps.weight,8023,44,23;39;29;48
1007,46767,blk.22.ffn_gate_exps.weight,8023,44,6;46;1;29
1008,46815,blk.23.ffn_gate_exps.weight,8023,44,58;38;18;12
1009,46866,blk.0.ffn_gate_exps.weight,8023,44,18;23;16;3
1010,46914,blk.1.ffn_gate_exps.weight,8023,44,26;56;3;51
1011,46961,blk.2.ffn_gate_exps.weight,8023,44,18;43;20;41
1012,47007,blk.3.ffn_gate_exps.weight,8023,44,20;22;32;39
1013,47053,blk.4.ffn_gate_exps.weight,8023,44,11;13;29;59
1014,47099,blk.5.ffn_gate_exps.weight,8023,44,51;42;6;55
1015,47145,blk.6.ffn_gate_exps.weight,8023,44,27;49;46;24
1016,47191,blk.7.ffn_gate_exps.weight,8023,44,52;8;32;47
1017,47237,blk.8.ffn_gate_exps.weight,8023,44,11;47;40;16
1018,47283,blk.9.ffn_gate_exps.weight,8023,44,27;57;4;41
1019,47329,blk.10.ffn_gate_exps.weight,8023,44,51;52;42;3
1020,47375,blk.11.ffn_gate_exps.weight,8023,44,28;11;56;17
1021,47421,blk.12.ffn_gate_exps.weight,8023,44,58;40;21;24
1022,47467,blk.13.ffn_gate_exps.weight,8023,44,55;34;10;39
1023,47513,blk.14.ffn_gate_exps.weight,8023,44,8;9;24;43
1024,47560,blk.15.ffn_gate_exps.weight,8023,44,17;50;30;29
1025,47606,blk.16.ffn_gate_exps.weight,8023,44,30;7;53;36
1026,47652,blk.17.ffn_gate_exps.weight,8023,44,19;25;17;5
1027,47698,blk.18.ffn_gate_exps.weight,8023,44,32;24;17;21
1028,47744,blk.19.ffn_gate_exps.weight,8023,44,49;46;33;55
1029,47790,blk.20.ffn_gate_exps.weight,8023,44,5;23;12;43
1030,47836,blk.21.ffn_gate_exps.weight,8023,44,19;35;29;43
1031,47882,blk.22.ffn_gate_exps.weight,8023,44,19;11;28;5
1032,47930,blk.23.ffn_gate_exps.weight,8023,44,44;52;38;33
1033,47981,blk.0.ffn_gate_exps.weight,8023,44,8;18;44;5
1034,48029,blk.1.ffn_gate_exps.weight,8023,44,25;0;34;33
1035,48076,blk.2.ffn_gate_exps.weight,8023,44,31;36;38;50
1036,48122,blk.3.ffn_gate_exps.weight,8023,44,59;1;46;57
1037,48168,blk.4.ffn_gate_exps.weight,8023,44,9;13;15;21
1038,48214,blk.5.ffn_gate_exps.weight,8023,44,26;34;1;9
1039,48260,blk.6.ffn_gate_exps.weight,8023,44,53;46;5;42
1040,48306,blk.7.ffn_gate_exps.weight,8023,44,48;38;14;35
1041,48352,blk.8.ffn_gate_exps.weight,8023,44,25;39;12;4
1042,48398,blk.9.ffn_gate_exps.weight,8023,44,47;49;44;26
1043,48444,blk.10.ffn_gate_exps.weight,8023,44,3;7;54;30
1044,48490,blk.11.ffn_gate_exps.weight,8023,44,27;32;1;47
1045,48536,blk.12.ffn_gate_exps.weight,8023,44,12;44;51;52
1046,48582,blk.13.ffn_gate_exps.weight,8023,44,41;23;40;31
1047,48628,blk.14.ffn_gate_exps.weight,8024,44,56;13;57;3
1048,48675,blk.15.ffn_gate_exps.weight,8024,44,54;39;55;23
1049,48721,blk.16.ffn_gate_exps.weight,8024,44,29;37;41;14
1050,48767,blk.17.ffn_gate_exps.weight,8024,44,12;54;33;46
1051,48813,blk.18.ffn_gate_exps.weight,8024,44,30;45;11;46
1052,48859,blk.19.ffn_gate_exps.weight,8024,44,13;41;57;38
1053,48905,blk.20.ffn_gate_exps.weight,8024,44,24;37;54;15
1054,48951,blk.21.ffn_gate_exps.weight,8024,44,26;50;53;42
1055,48997,blk.22.ffn_gate_exps.weight,8024,44,4;10;21;32
1056,49045,blk.23.ffn_gate_exps.weight,8024,44,4;50;46;24
1057,49096,blk.0.ffn_gate_exps.weight,8024,44,36;32;28;43
1058,49144,blk.1.ffn_gate_exps.weight,8024,44,30;52;44;31
1059,49191,blk.2.ffn_gate_exps.weight,8024,44,56;32;37;9
1060,49237,blk.3.ffn_gate_exps.weight,8024,44,7;25;46;13
1061,49283,blk.4.ffn_gate_exps.weight,8024,44,19;43;23;10
1062,49329,blk.5.ffn_gate_exps.weight,8024,44,52;43;33;17
1063,49375,blk.6.ffn_gate_exps.weight,8024,44,55;51;59;49
1064,49421,blk.7.ffn_gate_exps.weight,8024,44,57;19;20;21
1065,49467,blk.8.ffn_gate_exps.weight,8024,44,52;7;32;46
1066,49513,blk.9.ffn_gate_exps.weight,8024,44,16;49;26;19
1067,49559,blk.10.ffn_gate_exps.weight,8024,44,23;32;26;48
1068,49605,blk.11.ffn_gate_exps.weight,8024,44,44;8;55;35
1069,49651,blk.12.ffn_gate_exps.weight,8024,44,24;25;17;10
1070,49697,blk.13.ffn_gate_exps.weight,8024,44,8;59;46;29
1071,49743,blk.14.ffn_gate_exps.weight,8024,44,4;53;47;51
1072,49790,blk.15.ffn_gate_exps.weight,8024,44,47;28;49;13
1073,49836,blk.16.ffn_gate_exps.weight,8024,44,0;35;8;2
1074,49882,blk.17.ffn_gate_exps.weight,8024,44,36;46;28;29
1075,49928,blk.18.ffn_gate_exps.weight,8024,44,45;18;10;27
1076,49974,blk.19.ffn_gate_exps.weight,8024,44,32;56;41;33
1077,50020,blk.20.ffn_gate_exps.weight,8024,44,44;25;47;30
1078,50066,blk.21.ffn_gate_exps.weight,8024,44,53;42;50;54
1079,50112,blk.22.ffn_gate_exps.weight,8024,44,32;21;35;15
1080,50160,blk.23.ffn_gate_exps.weight,8024,44,54;36;50;13
1081,50211,blk.0.ffn_gate_exps.weight,8025,44,37;28;22;56
1082,50259,blk.1.ffn_gate_exps.weight,8025,44,26;42;50;15
1083,50306,blk.2.ffn_gate_exps.weight,8025,44,11;20;4;39
1084,50352,blk.3.ffn_gate_exps.weight,8025,44,22;3;45;50
1085,50398,blk.4.ffn_gate_exps.weight,8025,44,11;19;29;12
1086,50444,blk.5.ffn_gate_exps.weight,8025,44,42;51;41;55
1087,50490,blk.6.ffn_gate_exps.weight,8025,44,27;24;15;49
1088,50536,blk.7.ffn_gate_exps.weight,8025,44,47;52;8;21
1089,50582,blk.8.ffn_gate_exps.weight,8025,44,11;32;8;7
1090,50628,blk.9.ffn_gate_exps.weight,8025,44,27;2;3;41
1091,50674,blk.10.ffn_gate_exps.weight,8025,44,51;52;4;57
1092,50720,blk.11.ffn_gate_exps.weight,8025,44,28;11;58;3
1093,50766,blk.12.ffn_gate_exps.weight,8025,44,24;58;40;25
1094,50812,blk.13.ffn_gate_exps.weight,8025,44,55;34;8;44
1095,50858,blk.14.ffn_gate_exps.weight,8025,44,9;8;4;7
1096,50905,blk.15.ffn_gate_exps.weight,8025,44,17;50;28;6
1097,50951,blk.16.ffn_gate_exps.weight,8025,44,30;7;53;35
1098,50997,blk.17.ffn_gate_exps.weight,8025,44,19;25;17;46
1099,51043,blk.18.ffn_gate_exps.weight,8025,44,32;24;45;33
1100,51089,blk.19.ffn_gate_exps.weight,8025,44,49;32;18;38
1101,51135,blk.20.ffn_gate_exps.weight,8025,44,5;23;43;12
1102,51181,blk.21.ffn_gate_exps.weight,8025,44,19;2;53;56
1103,51227,blk.22.ffn_gate_exps.weight,8025,44,19;39;43;50
1104,51275,blk.23.ffn_gate_exps.weight,8025,44,44;9;32;38
1105,51326,blk.0.ffn_gate_exps.weight,8025,44,8;46;27;49
1106,51374,blk.1.ffn_gate_exps.weight,8025,44,8;41;22;31
1107,51421,blk.2.ffn_gate_exps.weight,8025,44,51;12;23;54
1108,51467,blk.3.ffn_gate_exps.weight,8025,44,12;46;1;37
1109,51513,blk.4.ffn_gate_exps.weight,8025,44,1;15;6;48
1110,51559,blk.5.ffn_gate_exps.weight,8025,44,58;2;29;18
1111,51605,blk.6.ffn_gate_exps.weight,8025,44,27;51;55;49
1112,51651,blk.7.ffn_gate_exps.weight,8025,44,46;41;31;38
1113,51697,blk.8.ffn_gate_exps.weight,8025,44,39;7;14;27
1114,51743,blk.9.ffn_gate_exps.weight,8025,44,16;7;11;49
1115,51789,blk.10.ffn_gate_exps.weight,8025,44,38;26;13;51
1116,51835,blk.11.ffn_gate_exps.weight,8025,44,1;18;9;28
1117,51881,blk.12.ffn_gate_exps.weight,8025,44,52;38;54;58
1118,51927,blk.13.ffn_gate_exps.weight,8025,44,21;58;34;50
1119,51973,blk.14.ffn_gate_exps.weight,8025,44,24;32;41;9
1120,52020,blk.15.ffn_gate_exps.weight,8025,44,27;31;11;6
1121,52066,blk.16.ffn_gate_exps.weight,8025,44,50;53;51;58
1122,52112,blk.17.ffn_gate_exps.weight,8025,44,23;25;17;58
1123,52158,blk.18.ffn_gate_exps.weight,8025,44,3;51;28;56
1124,52204,blk.19.ffn_gate_exps.weight,8025,44,47;18;57;49
1125,52250,blk.20.ffn_gate_exps.weight,8026,44,5;7;59;41
1126,52296,blk.21.ffn_gate_exps.weight,8026,44,10;7;35;29
1127,52342,blk.22.ffn_gate_exps.weight,8026,44,11;39;19;12
1128,52390,blk.23.ffn_gate_exps.weight,8026,44,52;41;48;44
1129,52441,blk.0.ffn_gate_exps.weight,8026,44,50;29;49;30
1130,52489,blk.1.ffn_gate_exps.weight,8026,44,25;46;41;2
1131,52536,blk.2.ffn_gate_exps.weight,8026,44,31;36;15;12
1132,52582,blk.3.ffn_gate_exps.weight,8026,44,21;1;6;59
1133,52628,blk.4.ffn_gate_exps.weight,8026,44,9;28;21;33
1134,52674,blk.5.ffn_gate_exps.weight,8026,44,26;27;59;58
1135,52720,blk.6.ffn_gate_exps.weight,8026,44,42;53;7;51
1136,52766,blk.7.ffn_gate_exps.weight,8026,44,38;31;48;44
1137,52812,blk.8.ffn_gate_exps.weight,8026,44,29;41;28;18
1138,52858,blk.9.ffn_gate_exps.weight,8026,44,53;11;47;26
1139,52904,blk.10.ffn_gate_exps.weight,8026,44,54;13;11;3
1140,52950,blk.11.ffn_gate_exps.weight,8026,44,48;27;15;32
1141,52996,blk.12.ffn_gate_exps.weight,8026,44,6;32;54;51
1142,53042,blk.13.ffn_gate_exps.weight,8026,44,23;50;41;19
1143,53088,blk.14.ffn_gate_exps.weight,8026,44,24;13;57;2
1144,53135,blk.15.ffn_gate_exps.weight,8026,44,2;1;23;39
1145,53181,blk.16.ffn_gate_exps.weight,8026,44,15;37;29;27
1146,53227,blk.17.ffn_gate_exps.weight,8026,44,51;24;54;42
1147,53273,blk.18.ffn_gate_exps.weight,8026,44,11;19;28;46
1148,53319,blk.19.ffn_gate_exps.weight,8035,44,57;3;47;40
1149,53365,blk.20.ffn_gate_exps.weight,8035,44,4;8;19;43
1150,53411,blk.21.ffn_gate_exps.weight,8035,44,29;49;48;45
1151,53457,blk.22.ffn_gate_exps.weight,8035,44,52;10;41;25
1152,53505,blk.23.ffn_gate_exps.weight,8035,44,42;7;27;34
1153,53556,blk.0.ffn_gate_exps.weight,8035,44,42;54;0;52
1154,53604,blk.1.ffn_gate_exps.weight,8035,44,56;13;59;29
1155,53651,blk.2.ffn_gate_exps.weight,8035,44,54;52;23;42
1156,53697,blk.3.ffn_gate_exps.weight,8035,44,41;9;43;19
1157,53743,blk.4.ffn_gate_exps.weight,8035,44,17;37;4;36
1158,53789,blk.5.ffn_gate_exps.weight,8035,44,10;46;16;58
1159,53835,blk.6.ffn_gate_exps.weight,8035,44,40;21;23;4
1160,53881,blk.7.ffn_gate_exps.weight,8035,44,26;13;49;59
1161,53927,blk.8.ffn_gate_exps.weight,8035,44,10;49;21;37
1162,53973,blk.9.ffn_gate_exps.weight,8035,44,42;33;31;14
1163,54019,blk.10.ffn_gate_exps.weight,8035,44,25;53;28;20
1164,54065,blk.11.ffn_gate_exps.weight,8035,44,16;56;9;29
1165,54111,blk.12.ffn_gate_exps.weight,8035,44,5;21;36;20
1166,54157,blk.13.ffn_gate_exps.weight,8034,44,0;39;29;1
1167,54203,blk.14.ffn_gate_exps.weight,8034,44,45;46;52;12
1168,54250,blk.15.ffn_gate_exps.weight,8034,44,58;59;29;43
1169,54296,blk.16.ffn_gate_exps.weight,8034,44,6;45;1;15
1170,54342,blk.17.ffn_gate_exps.weight,8034,44,49;24;15;38
1171,54388,blk.18.ffn_gate_exps.weight,8034,44,35;4;6;56
1172,54434,blk.19.ffn_gate_exps.weight,8034,44,44;5;17;58
1173,54480,blk.20.ffn_gate_exps.weight,8034,44,26;53;38;59
1174,54526,blk.21.ffn_gate_exps.weight,8034,44,39;23;29;48
1175,54572,blk.22.ffn_gate_exps.weight,8034,44,48;6;14;1
1176,54620,blk.23.ffn_gate_exps.weight,8034,44,21;5;31;58
1177,54671,blk.0.ffn_gate_exps.weight,8034,44,6;28;52;54
1178,54719,blk.1.ffn_gate_exps.weight,8034,44,56;13;19;48
1179,54766,blk.2.ffn_gate_exps.weight,8034,44,16;42;54;43
1180,54812,blk.3.ffn_gate_exps.weight,8034,44,17;38;2;41
1181,54858,blk.4.ffn_gate_exps.weight,8034,44,31;6;44;18
1182,54904,blk.5.ffn_gate_exps.weight,8034,44,34;58;25;20
1183,54950,blk.6.ffn_gate_exps.weight,8034,44,41;7;4;1
1184,54996,blk.7.ffn_gate_exps.weight,8034,44,5;29;2;37
1185,55042,blk.8.ffn_gate_exps.weight,8034,44,16;9;10;40
1186,55088,blk.9.ffn_gate_exps.weight,8034,44,46;57;16;32
1187,55134,blk.10.ffn_gate_exps.weight,8034,44,42;30;25;56
1188,55180,blk.11.ffn_gate_exps.weight,8034,44,9;43;53;14
1189,55226,blk.12.ffn_gate_exps.weight,8034,44,7;36;54;52
1190,55272,blk.13.ffn_gate_exps.weight,8034,44,29;40;44;3
1191,55318,blk.14.ffn_gate_exps.weight,8033,44,17;12;41;49
1192,55365,blk.15.ffn_gate_exps.weight,8033,44,22;42;40;33
1193,55411,blk.16.ffn_gate_exps.weight,8033,44,31;58;15;22
1194,55457,blk.17.ffn_gate_exps.weight,8033,44,32;24;22;12
1195,55503,blk.18.ffn_gate_exps.weight,8033,44,42;23;28;48
1196,55549,blk.19.ffn_gate_exps.weight,8033,44,6;24;16;7
1197,55595,blk.20.ffn_gate_exps.weight,8033,44,7;14;34;8
1198,55641,blk.21.ffn_gate_exps.weight,8033,44,45;39;51;9
1199,55687,blk.22.ffn_gate_exps.weight,8033,44,12;29;24;25
1200,55735,blk.23.ffn_gate_exps.weight,8033,44,37;48;49;12
1201,55786,blk.0.ffn_gate_exps.weight,8033,44,59;14;12;6
1202,55834,blk.1.ffn_gate_exps.weight,8033,44,51;13;53;38
1203,55881,blk.2.ffn_gate_exps.weight,8033,44,51;57;52;54
1204,55927,blk.3.ffn_gate_exps.weight,8033,44,40;17;47;19
1205,55973,blk.4.ffn_gate_exps.weight,8033,44,32;10;37;40
1206,56019,blk.5.ffn_gate_exps.weight,8033,44,58;46;16;10
1207,56065,blk.6.ffn_gate_exps.weight,8033,44,20;4;23;36
1208,56111,blk.7.ffn_gate_exps.weight,8033,44,13;51;28;20
1209,56157,blk.8.ffn_gate_exps.weight,8033,44,37;7;21;42
1210,56203,blk.9.ffn_gate_exps.weight,8033,44,46;33;16;42
1211,56249,blk.10.ffn_gate_exps.weight,8033,44,53;22;30;25
1212,56295,blk.11.ffn_gate_exps.weight,8033,44,9;43;15;25
1213,56341,blk.12.ffn_gate_exps.weight,8033,44,20;39;21;24
1214,56387,blk.13.ffn_gate_exps.weight,8033,44,0;29;1;39
1215,56433,blk.14.ffn_gate_exps.weight,8033,44,46;45;3;12
1216,56480,blk.15.ffn_gate_exps.weight,8033,44,58;12;29;59
1217,56526,blk.16.ffn_gate_exps.weight,8033,44,49;45;35;42
1218,56572,blk.17.ffn_gate_exps.weight,8033,44,24;49;46;39
1219,56618,blk.18.ffn_gate_exps.weight,8033,44,45;4;56;43
1220,56664,blk.19.ffn_gate_exps.weight,8033,44,32;36;5;47
1221,56710,blk.20.ffn_gate_exps.weight,8033,44,47;26;11;52
1222,56756,blk.21.ffn_gate_exps.weight,8033,44,53;12;21;2
1223,56802,blk.22.ffn_gate_exps.weight,8033,44,14;58;11;54
1224,56850,blk.23.ffn_gate_exps.weight,8032,44,58;36;2;30
1225,56901,blk.0.ffn_gate_exps.weight,8032,44,18;3;14;44
1226,56949,blk.1.ffn_gate_exps.weight,8032,44,51;48;3;19
1227,56996,blk.2.ffn_gate_exps.weight,8032,44,47;29;51;12
1228,57042,blk.3.ffn_gate_exps.weight,8032,44,17;47;30;38
1229,57088,blk.4.ffn_gate_exps.weight,8032,44,19;32;36;47
1230,57134,blk.5.ffn_gate_exps.weight,8032,44,56;16;32;58
1231,57180,blk.6.ffn_gate_exps.weight,8032,44,24;4;21;20
1232,57226,blk.7.ffn_gate_exps.weight,8032,44,52;25;59;13
1233,57272,blk.8.ffn_gate_exps.weight,8032,44,8;15;21;37
1234,57318,blk.9.ffn_gate_exps.weight,8032,44,46;31;42;33
1235,57364,blk.10.ffn_gate_exps.weight,8032,44,58;30;52;42
1236,57410,blk.11.ffn_gate_exps.weight,8032,44,13;53;43;9
1237,57456,blk.12.ffn_gate_exps.weight,8032,44,5;20;37;39
1238,57502,blk.13.ffn_gate_exps.weight,8032,44,29;1;0;31
1239,57548,blk.14.ffn_gate_exps.weight,8032,44,15;12;8;46
1240,57595,blk.15.ffn_gate_exps.weight,8032,44,43;58;14;50
1241,57641,blk.16.ffn_gate_exps.weight,8032,44,49;10;1;35
1242,57687,blk.17.ffn_gate_exps.weight,8032,44,49;15;24;39
1243,57733,blk.18.ffn_gate_exps.weight,8032,44,45;4;41;56
1244,57779,blk.19.ffn_gate_exps.weight,8032,44,5;20;32;36
1245,57825,blk.20.ffn_gate_exps.weight,8032,44,47;26;52;3
1246,57871,blk.21.ffn_gate_exps.weight,8032,44,53;12;21;2
1247,57917,blk.22.ffn_gate_exps.weight,8032,44,48;11;14;58
1248,57965,blk.23.ffn_gate_exps.weight,8032,44,21;5;58;36
1249,58016,blk.0.ffn_gate_exps.weight,8032,44,9;38;28;3
1250,58064,blk.1.ffn_gate_exps.weight,8032,44,13;34;49;55
1251,58111,blk.2.ffn_gate_exps.weight,8032,44,34;27;58;3
1252,58157,blk.3.ffn_gate_exps.weight,8032,44,4;48;54;49
1253,58203,blk.4.ffn_gate_exps.weight,8032,44,22;42;29;20
1254,58249,blk.5.ffn_gate_exps.weight,8032,44,37;5;57;4
1255,58295,blk.6.ffn_gate_exps.weight,8032,44,18;44;16;10
1256,58341,blk.7.ffn_gate_exps.weight,8032,44,34;17;55;23
1257,58387,blk.8.ffn_gate_exps.weight,8032,44,45;59;41;33
1258,58433,blk.9.ffn_gate_exps.weight,8032,44,6;47;30;26
1259,58479,blk.10.ffn_gate_exps.weight,8032,44,2;33;11;9
1260,58525,blk.11.ffn_gate_exps.weight,8032,44,52;2;42;51
1261,58571,blk.12.ffn_gate_exps.weight,8032,44,34;4;57;46
1262,58617,blk.13.ffn_gate_exps.weight,8031,44,32;56;28;26
1263,58663,blk.14.ffn_gate_exps.weight,8031,44,30;20;48;21
1264,58710,blk.15.ffn_gate_exps.weight,8031,44,36;45;31;16
1265,58756,blk.16.ffn_gate_exps.weight,8031,44,21;11;50;55
1266,58802,blk.17.ffn_gate_exps.weight,8031,44,43;26;7;35
1267,58848,blk.18.ffn_gate_exps.weight,8031,44,1;20;39;14
1268,58894,blk.19.ffn_gate_exps.weight,8031,44,25;36;57;45
1269,58940,blk.20.ffn_gate_exps.weight,8031,44,21;47;35;41
1270,58986,blk.21.ffn_gate_exps.weight,8031,44,53;9;12;16
1271,59032,blk.22.ffn_gate_exps.weight,8031,44,34;12;58;0
1272,59080,blk.23.ffn_gate_exps.weight,8031,44,58;2;36;30
1273,59131,blk.0.ffn_gate_exps.weight,8031,44,41;57;22;58
1274,59179,blk.1.ffn_gate_exps.weight,8031,44,12;55;7;50
1275,59226,blk.2.ffn_gate_exps.weight,8031,44,24;25;36;15
1276,59272,blk.3.ffn_gate_exps.weight,8031,44,52;42;34;21
1277,59318,blk.4.ffn_gate_exps.weight,8031,44,21;16;42;46
1278,59364,blk.5.ffn_gate_exps.weight,8031,44,5;15;4;55
1279,59410,blk.6.ffn_gate_exps.weight,8031,44,44;10;51;6
1280,59456,blk.7.ffn_gate_exps.weight,8031,44,44;17;0;45
1281,59502,blk.8.ffn_gate_exps.weight,8031,44,19;41;2;51
1282,59548,blk.9.ffn_gate_exps.weight,8031,44,36;30;51;37
1283,59594,blk.10.ffn_gate_exps.weight,8031,44,15;54;33;7
1284,59640,blk.11.ffn_gate_exps.weight,8031,44,52;12;31;32
1285,59686,blk.12.ffn_gate_exps.weight,8028,44,34;43;15;0
1286,59732,blk.13.ffn_gate_exps.weight,8028,44,26;28;2;53
1287,59778,blk.14.ffn_gate_exps.weight,8028,44,44;2;48;18
1288,59825,blk.15.ffn_gate_exps.weight,8028,44,16;46;18;21
1289,59871,blk.16.ffn_gate_exps.weight,8028,44,14;11;43;16
1290,59917,blk.17.ffn_gate_exps.weight,8028,44,56;37;42;43
1291,59963,blk.18.ffn_gate_exps.weight,8028,44,39;1;49;21
1292,60009,blk.19.ffn_gate_exps.weight,8028,44,4;2;57;23
1293,60055,blk.20.ffn_gate_exps.weight,8028,44,35;47;10;1
1294,60101,blk.21.ffn_gate_exps.weight,8028,44,55;9;5;42
1295,60147,blk.22.ffn_gate_exps.weight,8015,44,34;45;18;58
1296,60195,blk.23.ffn_gate_exps.weight,8015,44,30;58;1;2
1297,60246,blk.0.ffn_gate_exps.weight,8015,44,17;48;57;2
1298,60294,blk.1.ffn_gate_exps.weight,8015,44,58;12;20;7
1299,60341,blk.2.ffn_gate_exps.weight,8015,44,24;49;25;46
1300,60387,blk.3.ffn_gate_exps.weight,8015,44,23;56;54;49
1301,60433,blk.4.ffn_gate_exps.weight,8015,44,14;42;34;28
1302,60479,blk.5.ffn_gate_exps.weight,8002,44,15;5;4;26
1303,60525,blk.6.ffn_gate_exps.weight,8002,44,44;6;51;38
1304,60571,blk.7.ffn_gate_exps.weight,8002,44,40;11;0;17
1305,60617,blk.8.ffn_gate_exps.weight,8002,44,19;13;2;41
1306,60663,blk.9.ffn_gate_exps.weight,8002,44,36;37;51;47
1307,60709,blk.10.ffn_gate_exps.weight,8002,44,33;54;5;24
1308,60755,blk.11.ffn_gate_exps.weight,8002,44,5;21;31;23
1309,60801,blk.12.ffn_gate_exps.weight,8002,44,12;34;56;8
1310,60847,blk.13.ffn_gate_exps.weight,8002,44,28;57;26;51
1311,60893,blk.14.ffn_gate_exps.weight,8002,44,59;2;44;55
1312,60940,blk.15.ffn_gate_exps.weight,8002,44,21;16;39;11
1313,60986,blk.16.ffn_gate_exps.weight,7989,44,44;55;14;16
1314,61032,blk.17.ffn_gate_exps.weight,7989,44,52;16;37;43
1315,61078,blk.18.ffn_gate_exps.weight,7989,44,8;48;1;29
1316,61124,blk.19.ffn_gate_exps.weight,7989,44,57;55;33;14
1317,61170,blk.20.ffn_gate_exps.weight,7989,44,10;55;6;45
1318,61216,blk.21.ffn_gate_exps.weight,7989,44,20;49;31;43
1319,61262,blk.22.ffn_gate_exps.weight,7989,44,17;50;20;7
1320,61310,blk.23.ffn_gate_exps.weight,7975,44,26;1;19;58
1321,61361,blk.0.ffn_gate_exps.weight,7975,44,19;11;2;26
1322,61409,blk.1.ffn_gate_exps.weight,7975,44,13;27;53;38
1323,61456,blk.2.ffn_gate_exps.weight,7975,44,23;47;51;10
1324,61502,blk.3.ffn_gate_exps.weight,7975,44,47;17;9;3
1325,61548,blk.4.ffn_gate_exps.weight,7975,44,32;56;4;10
1326,61594,blk.5.ffn_gate_exps.weight,7962,44,16;3;46;32
1327,61640,blk.6.ffn_gate_exps.weight,7962,44,20;4;23;13
1328,61686,blk.7.ffn_gate_exps.weight,7962,44,13;51;26;49
1329,61732,blk.8.ffn_gate_exps.weight,7962,44,37;42;21;49
1330,61778,blk.9.ffn_gate_exps.weight,7962,44,33;42;16;31
1331,61824,blk.10.ffn_gate_exps.weight,7962,44,53;22;30;46
1332,61870,blk.11.ffn_gate_exps.weight,7962,44,43;9;56;16
1333,61916,blk.12.ffn_gate_exps.weight,7962,44,20;21;5;36
1334,61962,blk.13.ffn_gate_exps.weight,7962,44,39;0;10;1
1335,62008,blk.14.ffn_gate_exps.weight,7962,44,46;43;52;12
1336,62055,blk.15.ffn_gate_exps.weight,7962,44,58;29;59;30
1337,62101,blk.16.ffn_gate_exps.weight,7962,44,45;3;57;39
1338,62147,blk.17.ffn_gate_exps.weight,7949,44,49;38;8;5
1339,62193,blk.18.ffn_gate_exps.weight,7949,44,45;4;35;6
1340,62239,blk.19.ffn_gate_exps.weight,7949,44,32;58;14;44
1341,62285,blk.20.ffn_gate_exps.weight,7949,44,26;53;59;36
1342,62331,blk.21.ffn_gate_exps.weight,7949,44,39;23;42;56
1343,62377,blk.22.ffn_gate_exps.weight,7949,44,6;59;4;2
1344,62425,blk.23.ffn_gate_exps.weight,7949,44,58;38;4;50
1345,62476,blk.0.ffn_gate_exps.weight,7949,44,50;23;49;28
1346,62524,blk.1.ffn_gate_exps.weight,7936,44,26;51;27;13
1347,62571,blk.2.ffn_gate_exps.weight,7936,44,18;23;59;1
1348,62617,blk.3.ffn_gate_exps.weight,7936,44,46;18;10;22
1349,62663,blk.4.ffn_gate_exps.weight,7936,44,11;13;36;26
1350,62709,blk.5.ffn_gate_exps.weight,7936,44,51;42;16;32
1351,62755,blk.6.ffn_gate_exps.weight,7936,44,27;4;24;57
1352,62801,blk.7.ffn_gate_exps.weight,7936,44,52;8;12;51
1353,62847,blk.8.ffn_gate_exps.weight,7923,44,11;47;26;12
1354,62893,blk.9.ffn_gate_exps.weight,7923,44,27;24;16;57
1355,62939,blk.10.ffn_gate_exps.weight,7923,44,51;22;52;4
1356,62985,blk.11.ffn_gate_exps.weight,7923,44,28;11;17;39
1357,63031,blk.12.ffn_gate_exps.weight,7923,44,40;58;24;10
1358,63077,blk.13.ffn_gate_exps.weight,7923,44,55;34;10;58
1359,63123,blk.14.ffn_gate_exps.weight,7923,44,9;8;43;52
1360,63170,blk.15.ffn_gate_exps.weight,7923,44,17;50;4;30
1361,63216,blk.16.ffn_gate_exps.weight,7910,44,30;7;53;36
1362,63262,blk.17.ffn_gate_exps.weight,7910,44,25;19;17;47
1363,63308,blk.18.ffn_gate_exps.weight,7910,44,32;24;51;56
1364,63354,blk.19.ffn_gate_exps.weight,7910,44,49;25;46;19
1365,63400,blk.20.ffn_gate_exps.weight,7910,44,12;31;47;23
1366,63446,blk.21.ffn_gate_exps.weight,7910,44,19;6;52;35
1367,63492,blk.22.ffn_gate_exps.weight,7910,44,19;47;11;56
1368,63540,blk.23.ffn_gate_exps.weight,7910,44,38;36;44;11
1369,63591,blk.0.ffn_gate_exps.weight,7910,44,8;18;44;5
1370,63639,blk.1.ffn_gate_exps.weight,7896,44,34;0;25;33
1371,63686,blk.2.ffn_gate_exps.weight,7896,44,25;58;18;20
1372,63732,blk.3.ffn_gate_exps.weight,7896,44,44;5;52;39
1373,63778,blk.4.ffn_gate_exps.weight,7896,44,21;20;13;9
1374,63824,blk.5.ffn_gate_exps.weight,7896,44,11;5;4;22
1375,63870,blk.6.ffn_gate_exps.weight,7896,44,10;53;6;44
1376,63916,blk.7.ffn_gate_exps.weight,7896,44,35;4;48;39
1377,63962,blk.8.ffn_gate_exps.weight,7896,44,25;39;51;56
1378,64008,blk.9.ffn_gate_exps.weight,7896,44,13;30;4;44
1379,64054,blk.10.ffn_gate_exps.weight,7896,44,59;29;3;9
1380,64100,blk.11.ffn_gate_exps.weight,7883,44,47;27;7;14
1381,64146,blk.12.ffn_gate_exps.weight,7883,44,12;51;0;59
1382,64192,blk.13.ffn_gate_exps.weight,7883,44,47;33;41;11
1383,64238,blk.14.ffn_gate_exps.weight,7883,44,49;56;25;19
1384,64285,blk.15.ffn_gate_exps.weight,7883,44,54;32;18;38
1385,64331,blk.16.ffn_gate_exps.weight,7870,44,9;17;4;16
1386,64377,blk.17.ffn_gate_exps.weight,7870,44,46;33;41;40
1387,64423,blk.18.ffn_gate_exps.weight,7870,44,45;30;37;2
1388,64469,blk.19.ffn_gate_exps.weight,7870,44,13;32;1;38
1389,64515,blk.20.ffn_gate_exps.weight,7870,44,44;24;47;37
1390,64561,blk.21.ffn_gate_exps.weight,7870,44,42;50;26;56
1391,64607,blk.22.ffn_gate_exps.weight,7857,44,32;4;21;2
1392,64655,blk.23.ffn_gate_exps.weight,7857,44,4;46;50;56
1393,64706,blk.0.ffn_gate_exps.weight,7791,44,13;36;32;22
1394,64754,blk.1.ffn_gate_exps.weight,7791,44,31;12;44;11
1395,64801,blk.2.ffn_gate_exps.weight,7791,44,58;34;37;16
1396,64847,blk.3.ffn_gate_exps.weight,7791,44,4;54;48;5
1397,64893,blk.4.ffn_gate_exps.weight,7791,44,5;40;42;20
1398,64939,blk.5.ffn_gate_exps.weight,7778,44,40;12;37;4
1399,64985,blk.6.ffn_gate_exps.weight,7778,44,44;14;18;16
1400,65031,blk.7.ffn_gate_exps.weight,7778,44,34;17;3;2
1401,65077,blk.8.ffn_gate_exps.weight,7778,44,45;59;55;52
1402,65123,blk.9.ffn_gate_exps.weight,7778,44,9;18;12;30
1403,65169,blk.10.ffn_gate_exps.weight,7778,44,33;2;9;11
1404,65215,blk.11.ffn_gate_exps.weight,7778,44,2;15;6;33
1405,65261,blk.12.ffn_gate_exps.weight,7768,44,47;57;46;50
1406,65307,blk.13.ffn_gate_exps.weight,7768,44,32;56;4;19
1407,65353,blk.14.ffn_gate_exps.weight,7768,44,16;20;34;30
1408,65400,blk.15.ffn_gate_exps.weight,7768,44,36;8;44;53
1409,65446,blk.16.ffn_gate_exps.weight,7768,44,35;11;9;34
1410,65492,blk.17.ffn_gate_exps.weight,7768,44,46;7;43;21
1411,65538,blk.18.ffn_gate_exps.weight,7768,44,45;43;30;2
1412,65584,blk.19.ffn_gate_exps.weight,7768,44,32;29;1;13
1413,65630,blk.20.ffn_gate_exps.weight,7768,44,47;44;54;37
1414,65676,blk.21.ffn_gate_exps.weight,7768,44,42;50;53;4
1415,65722,blk.22.ffn_gate_exps.weight,7768,44,21;32;4;34
1416,65770,blk.23.ffn_gate_exps.weight,7768,44,4;46;56;50
1417,65821,blk.0.ffn_gate_exps.weight,7768,44,39;40;20;47
1418,65869,blk.1.ffn_gate_exps.weight,7768,44,52;55;12;31
1419,65916,blk.2.ffn_gate_exps.weight,7768,44,46;24;45;9
1420,65962,blk.3.ffn_gate_exps.weight,7768,44,23;55;49;20
1421,66008,blk.4.ffn_gate_exps.weight,7768,44,14;34;24;42
1422,66054,blk.5.ffn_gate_exps.weight,7768,44,15;1;13;41
1423,66100,blk.6.ffn_gate_exps.weight,7768,44,44;6;38;51
1424,66146,blk.7.ffn_gate_exps.weight,7768,44,40;11;17;0
1425,66192,blk.8.ffn_gate_exps.weight,7768,44,13;19;2;3
1426,66238,blk.9.ffn_gate_exps.weight,7768,44,51;21;55;38
1427,66284,blk.10.ffn_gate_exps.weight,7768,44,45;5;33;24
1428,66330,blk.11.ffn_gate_exps.weight,7768,44,23;21;5;3
1429,66376,blk.12.ffn_gate_exps.weight,7768,44,8;28;26;14
1430,66422,blk.13.ffn_gate_exps.weight,7768,44,57;14;35;51
1431,66468,blk.14.ffn_gate_exps.weight,7768,44,0;31;47;40
1432,66515,blk.15.ffn_gate_exps.weight,7768,44,52;34;41;55
1433,66561,blk.16.ffn_gate_exps.weight,7767,44,51;5;18;48
1434,66607,blk.17.ffn_gate_exps.weight,7767,44,55;30;31;26
1435,66653,blk.18.ffn_gate_exps.weight,7767,44,29;58;54;2
1436,66699,blk.19.ffn_gate_exps.weight,7767,44,37;34;35;12
1437,66745,blk.20.ffn_gate_exps.weight,7767,44,9;39;48;7
1438,66791,blk.21.ffn_gate_exps.weight,7767,44,40;24;0;11
1439,66837,blk.22.ffn_gate_exps.weight,7767,44,3;26;36;34
1440,66885,blk.23.ffn_gate_exps.weight,7767,44,57;10;51;32
1441,66936,blk.0.ffn_gate_exps.weight,7767,44,29;48;19;30
1442,66984,blk.1.ffn_gate_exps.weight,7767,44,52;12;4;31
1443,67031,blk.2.ffn_gate_exps.weight,7767,44,9;46;45;49
1444,67077,blk.3.ffn_gate_exps.weight,7767,44,23;55;54;36
1445,67123,blk.4.ffn_gate_exps.weight,7767,44,14;34;42;23
1446,67169,blk.5.ffn_gate_exps.weight,7767,44,15;54;26;4
1447,67215,blk.6.ffn_gate_exps.weight,7767,44,44;51;33;6
1448,67261,blk.7.ffn_gate_exps.weight,7767,44,11;40;16;0
1449,67307,blk.8.ffn_gate_exps.weight,7767,44,13;48;52;19
1450,67353,blk.9.ffn_gate_exps.weight,7767,44,38;55;51;37
1451,67399,blk.10.ffn_gate_exps.weight,7767,44,24;33;5;18
1452,67445,blk.11.ffn_gate_exps.weight,7767,44,5;23;6;10
1453,67491,blk.12.ffn_gate_exps.weight,7767,44,28;55;8;50
1454,67537,blk.13.ffn_gate_exps.weight,7767,44,57;20;48;6
1455,67583,blk.14.ffn_gate_exps.weight,7767,44,31;22;1;47
1456,67630,blk.15.ffn_gate_exps.weight,7767,44,52;26;0;47
1457,67676,blk.16.ffn_gate_exps.weight,7767,44,24;18;44;51
1458,67722,blk.17.ffn_gate_exps.weight,7767,44,30;28;29;36
1459,67768,blk.18.ffn_gate_exps.weight,7767,44,27;5;14;34
1460,67814,blk.19.ffn_gate_exps.weight,7767,44,10;22;35;26
1461,67860,blk.20.ffn_gate_exps.weight,7767,44,47;22;52;21
1462,67906,blk.21.ffn_gate_exps.weight,7767,44,10;12;21;9
1463,67952,blk.22.ffn_gate_exps.weight,7767,44,37;12;35;8
1464,68000,blk.23.ffn_gate_exps.weight,7767,44,19;41;36;15
1465,68051,blk.0.ffn_gate_exps.weight,7767,44,41;53;39;49
1466,68099,blk.1.ffn_gate_exps.weight,7767,44,40;45;47;3
1467,68146,blk.2.ffn_gate_exps.weight,7767,44,28;5;0;20
1468,68192,blk.3.ffn_gate_exps.weight,7767,44,14;22;45;36
1469,68238,blk.4.ffn_gate_exps.weight,7767,44,38;40;12;29
1470,68284,blk.5.ffn_gate_exps.weight,7767,44,49;19;40;14
1471,68330,blk.6.ffn_gate_exps.weight,7767,44,12;34;54;32
1472,68376,blk.7.ffn_gate_exps.weight,7767,44,47;28;12;21
1473,68422,blk.8.ffn_gate_exps.weight,7767,44,5;36;1;57
1474,68468,blk.9.ffn_gate_exps.weight,7767,44,56;29;48;43
1475,68514,blk.10.ffn_gate_exps.weight,7767,44,6;16;4;31
1476,68560,blk.11.ffn_gate_exps.weight,7767,44,26;33;54;25
1477,68606,blk.12.ffn_gate_exps.weight,7767,44,45;29;22;46
1478,68652,blk.13.ffn_gate_exps.weight,7766,44,25;42;15;24
1479,68698,blk.14.ffn_gate_exps.weight,7766,44,37;7;12;11
1480,68745,blk.15.ffn_gate_exps.weight,7766,44,56;8;42;44
1481,68791,blk.16.ffn_gate_exps.weight,7766,44,42;26;35;48
1482,68837,blk.17.ffn_gate_exps.weight,7766,44,53;46;7;39
1483,68883,blk.18.ffn_gate_exps.weight,7766,44,47;43;45;22
1484,68929,blk.19.ffn_gate_exps.weight,7766,44,32;29;36;26
1485,68975,blk.20.ffn_gate_exps.weight,7766,44,27;47;44;54
1486,69021,blk.21.ffn_gate_exps.weight,7766,44,42;50;11;4
1487,69067,blk.22.ffn_gate_exps.weight,7766,44,0;32;4;21
1488,69115,blk.23.ffn_gate_exps.weight,7766,44,4;56;46;50
1489,69166,blk.0.ffn_gate_exps.weight,7766,44,26;44;38;21
1490,69214,blk.1.ffn_gate_exps.weight,7766,44,47;13;40;23
1491,69261,blk.2.ffn_gate_exps.weight,7766,44,49;24;46;4
1492,69307,blk.3.ffn_gate_exps.weight,7766,44,14;54;24;55
1493,69353,blk.4.ffn_gate_exps.weight,7766,44,34;14;42;22
1494,69399,blk.5.ffn_gate_exps.weight,7766,44,15;54;1;41
1495,69445,blk.6.ffn_gate_exps.weight,7766,44,12;32;56;44
1496,69491,blk.7.ffn_gate_exps.weight,7766,44,40;16;23;24
1497,69537,blk.8.ffn_gate_exps.weight,7766,44,13;27;46;40
1498,69583,blk.9.ffn_gate_exps.weight,7766,44,21;55;41;23
1499,69629,blk.10.ffn_gate_exps.weight,7766,44,45;24;5;56
1500,69675,blk.11.ffn_gate_exps.weight,7766,44,3;23;50;41
1501,69721,blk.12.ffn_gate_exps.weight,7766,44,26;42;32;7
1502,69767,blk.13.ffn_gate_exps.weight,7766,44,24;14;35;56
1503,69813,blk.14.ffn_gate_exps.weight,7766,44,0;47;12;11
1504,69860,blk.15.ffn_gate_exps.weight,7766,44,38;34;36;22
1505,69906,blk.16.ffn_gate_exps.weight,7766,44,5;44;46;51
1506,69952,blk.17.ffn_gate_exps.weight,7766,44,26;55;31;48
1507,69998,blk.18.ffn_gate_exps.weight,7766,44,55;58;29;9
1508,70044,blk.19.ffn_gate_exps.weight,7766,44,37;35;7;34
1509,70090,blk.20.ffn_gate_exps.weight,7766,44,9;43;32;7
1510,70136,blk.21.ffn_gate_exps.weight,7766,44,40;49;24;11
1511,70182,blk.22.ffn_gate_exps.weight,7766,44,26;3;40;31
1512,70230,blk.23.ffn_gate_exps.weight,7766,44,10;51;8;14
1513,70281,blk.0.ffn_gate_exps.weight,7766,44,48;29;14;13
1514,70329,blk.1.ffn_gate_exps.weight,7766,44,4;35;52;41
1515,70376,blk.2.ffn_gate_exps.weight,7766,44,49;46;45;24
1516,70422,blk.3.ffn_gate_exps.weight,7766,44,14;55;54;23
1517,70468,blk.4.ffn_gate_exps.weight,7766,44,34;14;23;2
1518,70514,blk.5.ffn_gate_exps.weight,7766,44,15;26;17;54
1519,70560,blk.6.ffn_gate_exps.weight,7766,44,44;12;56;8
1520,70606,blk.7.ffn_gate_exps.weight,7766,44,40;23;16;3
1521,70652,blk.8.ffn_gate_exps.weight,7766,44,13;2;31;3
1522,70698,blk.9.ffn_gate_exps.weight,7766,44,55;38;1;51
1523,70744,blk.10.ffn_gate_exps.weight,7766,44,24;5;33;11
1524,70790,blk.11.ffn_gate_exps.weight,7766,44,23;5;48;6
1525,70836,blk.12.ffn_gate_exps.weight,7766,44,8;50;28;46
1526,70882,blk.13.ffn_gate_exps.weight,7766,44,56;57;20;54
1527,70928,blk.14.ffn_gate_exps.weight,7766,44,31;22;1;23
1528,70975,blk.15.ffn_gate_exps.weight,7766,44,52;26;0;47
1529,71021,blk.16.ffn_gate_exps.weight,7766,44,24;18;44;13
1530,71067,blk.17.ffn_gate_exps.weight,7766,44,30;16;9;36
1531,71113,blk.18.ffn_gate_exps.weight,7765,44,14;5;27;56
1532,71159,blk.19.ffn_gate_exps.weight,7765,44,10;22;26;24
1533,71205,blk.20.ffn_gate_exps.weight,7765,44,22;47;21;43
1534,71251,blk.21.ffn_gate_exps.weight,7765,44,10;52;9;28
1535,71297,blk.22.ffn_gate_exps.weight,7765,44,37;12;35;8
1536,71345,blk.23.ffn_gate_exps.weight,7765,44,36;15;45;33
1537,71396,blk.0.ffn_gate_exps.weight,7765,44,39;2;25;44
1538,71444,blk.1.ffn_gate_exps.weight,7765,44,54;35;28;33
1539,71491,blk.2.ffn_gate_exps.weight,7765,44,25;36;40;15
1540,71537,blk.3.ffn_gate_exps.weight,7765,44,49;21;34;24
1541,71583,blk.4.ffn_gate_exps.weight,7765,44,21;16;18;58
1542,71629,blk.5.ffn_gate_exps.weight,7765,44,27;59;4;5
1543,71675,blk.6.ffn_gate_exps.weight,7765,44,44;6;52;10
1544,71721,blk.7.ffn_gate_exps.weight,7765,44,44;0;3;39
1545,71767,blk.8.ffn_gate_exps.weight,7765,44,19;51;31;2
1546,71813,blk.9.ffn_gate_exps.weight,7765,44,37;30;51;1
1547,71859,blk.10.ffn_gate_exps.weight,7765,44,15;54;1;36
1548,71905,blk.11.ffn_gate_exps.weight,7765,44,12;38;45;31
1549,71951,blk.12.ffn_gate_exps.weight,7765,44,43;46;0;15
1550,71997,blk.13.ffn_gate_exps.weight,7765,44,51;2;37;45
1551,72043,blk.14.ffn_gate_exps.weight,7765,44,44;59;18;1
1552,72090,blk.15.ffn_gate_exps.weight,7765,44,16;1;18;39
1553,72136,blk.16.ffn_gate_exps.weight,7765,44,16;25;11;48
1554,72182,blk.17.ffn_gate_exps.weight,7765,44,37;56;42;52
1555,72228,blk.18.ffn_gate_exps.weight,7765,44,36;59;39;53
1556,72274,blk.19.ffn_gate_exps.weight,7765,44,2;4;23;40
1557,72320,blk.20.ffn_gate_exps.weight,7765,44,42;10;50;33
1558,72366,blk.21.ffn_gate_exps.weight,7765,44,57;55;5;31
1559,72412,blk.22.ffn_gate_exps.weight,7765,44,44;49;12;8
1560,72460,blk.23.ffn_gate_exps.weight,7765,44,27;30;17;15
1561,72511,blk.0.ffn_gate_exps.weight,7765,44,17;48;43;15
1562,72559,blk.1.ffn_gate_exps.weight,7765,44,31;40;58;6
1563,72606,blk.2.ffn_gate_exps.weight,7765,44,14;15;28;1
1564,72652,blk.3.ffn_gate_exps.weight,7765,44,12;3;1;33
1565,72698,blk.4.ffn_gate_exps.weight,7765,44,35;12;24;18
1566,72744,blk.5.ffn_gate_exps.weight,7765,44,17;33;52;56
1567,72790,blk.6.ffn_gate_exps.weight,7765,44,9;36;55;35
1568,72836,blk.7.ffn_gate_exps.weight,7765,44,33;27;16;25
1569,72882,blk.8.ffn_gate_exps.weight,7765,44,23;38;7;55
1570,72928,blk.9.ffn_gate_exps.weight,7765,44,20;25;19;8
1571,72974,blk.10.ffn_gate_exps.weight,7765,44,11;32;21;40
1572,73020,blk.11.ffn_gate_exps.weight,7765,44,20;15;30;49
1573,73066,blk.12.ffn_gate_exps.weight,7765,44,9;18;33;32
1574,73112,blk.13.ffn_gate_exps.weight,7765,44,22;38;9;59
1575,73158,blk.14.ffn_gate_exps.weight,7765,44,26;4;33;5
1576,73205,blk.15.ffn_gate_exps.weight,7765,44,4;30;19;20
1577,73251,blk.16.ffn_gate_exps.weight,7765,44,39;10;27;8
1578,73297,blk.17.ffn_gate_exps.weight,7765,44,59;4;48;52
1579,73343,blk.18.ffn_gate_exps.weight,7765,44,18;28;57;10
1580,73389,blk.19.ffn_gate_exps.weight,7765,44,14;56;48;8
1581,73435,blk.20.ffn_gate_exps.weight,7765,44,30;40;16;13
1582,73481,blk.21.ffn_gate_exps.weight,7765,44,8;41;48;30
1583,73527,blk.22.ffn_gate_exps.weight,7765,44,14;37;29;7
1584,73575,blk.23.ffn_gate_exps.weight,7765,44,12;19;37;48
1585,73626,blk.0.ffn_gate_exps.weight,7765,44,50;49;15;14
1586,73674,blk.1.ffn_gate_exps.weight,7765,44,41;39;22;18
1587,73721,blk.2.ffn_gate_exps.weight,7766,44,32;15;9;55
1588,73767,blk.3.ffn_gate_exps.weight,7766,44,23;13;1;24
1589,73813,blk.4.ffn_gate_exps.weight,7766,44,6;18;15;24
1590,73859,blk.5.ffn_gate_exps.weight,7766,44,27;25;34;0
1591,73905,blk.6.ffn_gate_exps.weight,7766,44,28;55;14;39
1592,73951,blk.7.ffn_gate_exps.weight,7766,44,34;38;23;29
1593,73997,blk.8.ffn_gate_exps.weight,7766,44,18;55;59;40
1594,74043,blk.9.ffn_gate_exps.weight,7766,44,9;34;35;37
1595,74089,blk.10.ffn_gate_exps.weight,7766,44,40;5;11;56
1596,74135,blk.11.ffn_gate_exps.weight,7766,44,48;15;23;45
1597,74181,blk.12.ffn_gate_exps.weight,7766,44,32;11;46;28
1598,74227,blk.13.ffn_gate_exps.weight,7766,44,51;4;37;24
1599,74273,blk.14.ffn_gate_exps.weight,7766,44,54;28;11;1
1600,74320,blk.15.ffn_gate_exps.weight,7766,44,33;38;13;34
1601,74366,blk.16.ffn_gate_exps.weight,7766,44,51;44;25;22
1602,74412,blk.17.ffn_gate_exps.weight,7766,44,18;20;51;42
1603,74458,blk.18.ffn_gate_exps.weight,7766,44,36;29;44;16
1604,74504,blk.19.ffn_gate_exps.weight,7766,44,23;40;39;33
1605,74550,blk.20.ffn_gate_exps.weight,7766,44,42;28;16;14
1606,74596,blk.21.ffn_gate_exps.weight,7766,44,57;43;45;44
1607,74642,blk.22.ffn_gate_exps.weight,7766,44,41;29;57;46
1608,74690,blk.23.ffn_gate_exps.weight,7766,44,27;25;12;37
1609,74741,blk.0.ffn_gate_exps.weight,7766,44,55;24;53;38
1610,74789,blk.1.ffn_gate_exps.weight,7766,44,24;18;43;50
1611,74836,blk.2.ffn_gate_exps.weight,7766,44,14;15;16;40
1612,74882,blk.3.ffn_gate_exps.weight,7766,44,25;38;26;2
1613,74928,blk.4.ffn_gate_exps.weight,7766,44,53;35;52;18
1614,74974,blk.5.ffn_gate_exps.weight,7766,44,48;17;13;9
1615,75020,blk.6.ffn_gate_exps.weight,7766,44,29;36;1;22
1616,75066,blk.7.ffn_gate_exps.weight,7766,44,33;27;42;1
1617,75112,blk.8.ffn_gate_exps.weight,7766,44,55;38;23;53
1618,75158,blk.9.ffn_gate_exps.weight,7766,44,20;25;19;8
1619,75204,blk.10.ffn_gate_exps.weight,7766,44,47;11;21;32
1620,75250,blk.11.ffn_gate_exps.weight,7766,44,15;30;49;20
1621,75296,blk.12.ffn_gate_exps.weight,7766,44,9;33;32;42
1622,75342,blk.13.ffn_gate_exps.weight,7766,44,38;9;22;5
1623,75388,blk.14.ffn_gate_exps.weight,7766,44,33;10;7;26
1624,75435,blk.15.ffn_gate_exps.weight,7766,44,49;37;25;40
1625,75481,blk.16.ffn_gate_exps.weight,7766,44,12;23;13;10
1626,75527,blk.17.ffn_gate_exps.weight,7766,44,10;1;17;5
1627,75573,blk.18.ffn_gate_exps.weight,7766,44,38;23;56;43
1628,75619,blk.19.ffn_gate_exps.weight,7766,44,36;56;54;22
1629,75665,blk.20.ffn_gate_exps.weight,7766,44,20;47;0;2
1630,75711,blk.21.ffn_gate_exps.weight,7766,44,14;22;11;43
1631,75757,blk.22.ffn_gate_exps.weight,7766,44,14;35;37;8
1632,75805,blk.23.ffn_gate_exps.weight,7766,44,2;36;54;9
1633,75856,blk.0.ffn_gate_exps.weight,7766,44,50;28;10;15
1634,75904,blk.1.ffn_gate_exps.weight,7766,44,28;9;41;21
1635,75951,blk.2.ffn_gate_exps.weight,7766,44,26;49;24;41
1636,75997,blk.3.ffn_gate_exps.weight,7766,44,54;6;38;11
1637,76043,blk.4.ffn_gate_exps.weight,7766,44,42;22;51;9
1638,76089,blk.5.ffn_gate_exps.weight,7766,44,5;0;4;59
1639,76135,blk.6.ffn_gate_exps.weight,7766,44,6;10;58;44
1640,76181,blk.7.ffn_gate_exps.weight,7766,44,0;6;40;39
1641,76227,blk.8.ffn_gate_exps.weight,7766,44,54;41;53;19
1642,76273,blk.9.ffn_gate_exps.weight,7766,44,53;6;52;35
1643,76319,blk.10.ffn_gate_exps.weight,7766,44,0;33;11;5
1644,76365,blk.11.ffn_gate_exps.weight,7766,44,24;15;52;47
1645,76411,blk.12.ffn_gate_exps.weight,7766,44,14;6;12;46
1646,76457,blk.13.ffn_gate_exps.weight,7766,44,37;26;56;2
1647,76503,blk.14.ffn_gate_exps.weight,7766,44,44;59;23;48
1648,76550,blk.15.ffn_gate_exps.weight,7766,44,16;15;34;35
1649,76596,blk.16.ffn_gate_exps.weight,7766,44,47;44;14;32
1650,76642,blk.17.ffn_gate_exps.weight,7766,44,42;26;18;50
1651,76688,blk.18.ffn_gate_exps.weight,7766,44,1;39;49;36
1652,76734,blk.19.ffn_gate_exps.weight,7766,44,4;51;6;55
1653,76780,blk.20.ffn_gate_exps.weight,7766,44,0;28;10;50
1654,76826,blk.21.ffn_gate_exps.weight,7766,44,55;31;57;43
1655,76872,blk.22.ffn_gate_exps.weight,7766,44,41;29;55;45
1656,76920,blk.23.ffn_gate_exps.weight,7766,44,25;1;17;48
1657,76971,blk.0.ffn_gate_exps.weight,7766,44,45;56;52;13
1658,77019,blk.1.ffn_gate_exps.weight,7766,44,45;15;3;56
1659,77066,blk.2.ffn_gate_exps.weight,7766,44,0;20;28;3
1660,77112,blk.3.ffn_gate_exps.weight,7766,44,51;43;10;35
1661,77158,blk.4.ffn_gate_exps.weight,7766,44,56;4;59;48
1662,77204,blk.5.ffn_gate_exps.weight,7766,44,10;46;49;6
1663,77250,blk.6.ffn_gate_exps.weight,7766,44,40;13;23;4
1664,77296,blk.7.ffn_gate_exps.weight,7766,44,58;26;13;49
1665,77342,blk.8.ffn_gate_exps.weight,7767,44,49;44;22;10
1666,77388,blk.9.ffn_gate_exps.weight,7767,44,22;33;45;42
1667,77434,blk.10.ffn_gate_exps.weight,7767,44,53;28;20;16
1668,77480,blk.11.ffn_gate_exps.weight,7767,44,57;29;56;54
1669,77526,blk.12.ffn_gate_exps.weight,7767,44,20;49;21;22
1670,77572,blk.13.ffn_gate_exps.weight,7767,44,12;42;39;0
1671,77618,blk.14.ffn_gate_exps.weight,7767,44,50;14;43;28
1672,77665,blk.15.ffn_gate_exps.weight,7767,44,5;12;56;55
1673,77711,blk.16.ffn_gate_exps.weight,7767,44,19;42;45;25
1674,77757,blk.17.ffn_gate_exps.weight,7767,44,8;53;46;39
1675,77803,blk.18.ffn_gate_exps.weight,7767,44,45;34;21;43
1676,77849,blk.19.ffn_gate_exps.weight,7767,44,41;58;32;38
1677,77895,blk.20.ffn_gate_exps.weight,7767,44,15;37;36;47
1678,77941,blk.21.ffn_gate_exps.weight,7767,44,50;57;42;56
1679,77987,blk.22.ffn_gate_exps.weight,7767,44,21;13;55;32
1680,78035,blk.23.ffn_gate_exps.weight,7767,44,54;3;50;56
1681,78086,blk.0.ffn_gate_exps.weight,7767,44,31;59;45;5
1682,78134,blk.1.ffn_gate_exps.weight,7767,44,16;27;8;4
1683,78181,blk.2.ffn_gate_exps.weight,7767,44,45;46;9;24
1684,78227,blk.3.ffn_gate_exps.weight,7767,44,54;7;55;28
1685,78273,blk.4.ffn_gate_exps.weight,7767,44,14;34;23;42
1686,78319,blk.5.ffn_gate_exps.weight,7767,44,43;4;26;17
1687,78365,blk.6.ffn_gate_exps.weight,7767,44,44;56;8;6
1688,78411,blk.7.ffn_gate_exps.weight,7767,44,23;3;36;0
1689,78457,blk.8.ffn_gate_exps.weight,7767,44,45;48;13;2
1690,78503,blk.9.ffn_gate_exps.weight,7767,44,55;38;1;21
1691,78549,blk.10.ffn_gate_exps.weight,7767,44,33;24;32;11
1692,78595,blk.11.ffn_gate_exps.weight,7767,44,5;23;10;6
1693,78641,blk.12.ffn_gate_exps.weight,7767,44,50;28;1;8
1694,78687,blk.13.ffn_gate_exps.weight,7767,44,56;19;20;48
1695,78733,blk.14.ffn_gate_exps.weight,7767,44,22;31;1;54
1696,78780,blk.15.ffn_gate_exps.weight,7767,44,0;52;26;49
1697,78826,blk.16.ffn_gate_exps.weight,7767,44,24;44;18;15
1698,78872,blk.17.ffn_gate_exps.weight,7767,44,30;51;10;50
1699,78918,blk.18.ffn_gate_exps.weight,7767,44,59;16;29;33
1700,78964,blk.19.ffn_gate_exps.weight,7767,44,10;37;50;39
1701,79010,blk.20.ffn_gate_exps.weight,7767,44,33;58;42;34
1702,79056,blk.21.ffn_gate_exps.weight,7767,44,16;57;43;47
1703,79102,blk.22.ffn_gate_exps.weight,7767,44,44;25;29;7
1704,79150,blk.23.ffn_gate_exps.weight,7767,44,15;34;9;10
1705,79201,blk.0.ffn_gate_exps.weight,7767,44,49;57;12;14
1706,79249,blk.1.ffn_gate_exps.weight,7767,44,23;16;28;27
1707,79296,blk.2.ffn_gate_exps.weight,7767,44,22;14;3;1
1708,79342,blk.3.ffn_gate_exps.weight,7767,44,31;26;5;16
1709,79388,blk.4.ffn_gate_exps.weight,7767,44,49;35;24;52
1710,79434,blk.5.ffn_gate_exps.weight,7767,44,17;43;47;7
1711,79480,blk.6.ffn_gate_exps.weight,7767,44,8;56;59;54
1712,79526,blk.7.ffn_gate_exps.weight,7767,44,57;1;33;34
1713,79572,blk.8.ffn_gate_exps.weight,7767,44,23;32;48;38
1714,79618,blk.9.ffn_gate_exps.weight,7767,44,19;59;25;20
1715,79664,blk.10.ffn_gate_exps.weight,7767,44,32;40;21;11
1716,79710,blk.11.ffn_gate_exps.weight,7767,44,8;20;10;35
1717,79756,blk.12.ffn_gate_exps.weight,7767,44,1;35;33;25
1718,79802,blk.13.ffn_gate_exps.weight,7767,44,9;6;20;17
1719,79848,blk.14.ffn_gate_exps.weight,7767,44,4;33;26;27
1720,79895,blk.15.ffn_gate_exps.weight,7767,44,49;44;37;26
1721,79941,blk.16.ffn_gate_exps.weight,7767,44,0;13;12;10
1722,79987,blk.17.ffn_gate_exps.weight,7767,44,10;1;30;14
1723,80033,blk.18.ffn_gate_exps.weight,7767,44,13;31;27;18
1724,80079,blk.19.ffn_gate_exps.weight,7767,44,9;56;36;54
1725,80125,blk.20.ffn_gate_exps.weight,7767,44,54;22;3;47
1726,80171,blk.21.ffn_gate_exps.weight,7767,44,32;4;20;43
1727,80217,blk.22.ffn_gate_exps.weight,7767,44,59;58;37;35
1728,80265,blk.23.ffn_gate_exps.weight,7767,44,23;19;45;4
1729,80316,blk.0.ffn_gate_exps.weight,7767,44,37;47;20;13
1730,80364,blk.1.ffn_gate_exps.weight,7767,44,42;0;26;6
1731,80411,blk.2.ffn_gate_exps.weight,7767,44,0;11;38;39
1732,80457,blk.3.ffn_gate_exps.weight,7767,44,20;15;18;39
1733,80503,blk.4.ffn_gate_exps.weight,7767,44,11;2;26;55
1734,80549,blk.5.ffn_gate_exps.weight,7767,44,42;25;39;6
1735,80595,blk.6.ffn_gate_exps.weight,7767,44,27;59;54;31
1736,80641,blk.7.ffn_gate_exps.weight,7767,44,47;52;37;2
1737,80687,blk.8.ffn_gate_exps.weight,7767,44,11;16;32;40
1738,80733,blk.9.ffn_gate_exps.weight,7767,44,57;27;20;54
1739,80779,blk.10.ffn_gate_exps.weight,7767,44,51;52;31;19
1740,80825,blk.11.ffn_gate_exps.weight,7767,44,28;11;58;22
1741,80871,blk.12.ffn_gate_exps.weight,7768,44,58;38;40;25
1742,80917,blk.13.ffn_gate_exps.weight,7768,44,55;34;22;52
1743,80963,blk.14.ffn_gate_exps.weight,7768,44,9;26;16;8
1744,81010,blk.15.ffn_gate_exps.weight,7768,44,50;17;6;15
1745,81056,blk.16.ffn_gate_exps.weight,7768,44,7;30;53;36
1746,81102,blk.17.ffn_gate_exps.weight,7768,44,17;19;25;21
1747,81148,blk.18.ffn_gate_exps.weight,7768,44,32;24;56;38
1748,81194,blk.19.ffn_gate_exps.weight,7768,44,25;49;9;27
1749,81240,blk.20.ffn_gate_exps.weight,7768,44,12;23;47;3
1750,81286,blk.21.ffn_gate_exps.weight,7768,44,19;52;9;30
1751,81332,blk.22.ffn_gate_exps.weight,7768,44,19;28;12;11
1752,81380,blk.23.ffn_gate_exps.weight,7768,44,44;36;23;45
1753,81431,blk.0.ffn_gate_exps.weight,7768,44,42;8;46;5
1754,81479,blk.1.ffn_gate_exps.weight,7768,44,0;48;33;5
1755,81526,blk.2.ffn_gate_exps.weight,7768,44,15;36;22;20
1756,81572,blk.3.ffn_gate_exps.weight,7768,44,28;27;1;21
1757,81618,blk.4.ffn_gate_exps.weight,7768,44,46;28;53;39
1758,81664,blk.5.ffn_gate_exps.weight,7768,44,5;8;59;24
1759,81710,blk.6.ffn_gate_exps.weight,7768,44,19;18;44;6
1760,81756,blk.7.ffn_gate_exps.weight,7768,44,44;15;17;3
1761,81802,blk.8.ffn_gate_exps.weight,7768,44,28;29;19;59
1762,81848,blk.9.ffn_gate_exps.weight,7768,44,37;28;50;1
1763,81894,blk.10.ffn_gate_exps.weight,7768,44,1;39;54;2
1764,81940,blk.11.ffn_gate_exps.weight,7768,44,45;38;23;4
1765,81986,blk.12.ffn_gate_exps.weight,7768,44,6;57;41;23
1766,82032,blk.13.ffn_gate_exps.weight,7768,44,23;19;43;51
1767,82078,blk.14.ffn_gate_exps.weight,7768,44,59;13;16;57
1768,82125,blk.15.ffn_gate_exps.weight,7768,44,39;1;11;46
1769,82171,blk.16.ffn_gate_exps.weight,7768,44,37;11;31;29
1770,82217,blk.17.ffn_gate_exps.weight,7768,44,42;37;43;21
1771,82263,blk.18.ffn_gate_exps.weight,7768,44,44;54;26;53
1772,82309,blk.19.ffn_gate_exps.weight,7768,44,4;23;21;11
1773,82355,blk.20.ffn_gate_exps.weight,7768,44,40;16;9;10
1774,82401,blk.21.ffn_gate_exps.weight,7768,44,37;43;0;44
1775,82447,blk.22.ffn_gate_exps.weight,7768,44,3;33;7;34
1776,82495,blk.23.ffn_gate_exps.weight,7768,44,32;0;43;39
1777,82546,blk.0.ffn_gate_exps.weight,7768,44,41;8;21;22
1778,82594,blk.1.ffn_gate_exps.weight,7768,44,40;45;4;1
1779,82641,blk.2.ffn_gate_exps.weight,7768,44,20;5;1;38
1780,82687,blk.3.ffn_gate_exps.weight,7768,44,14;33;45;15
1781,82733,blk.4.ffn_gate_exps.weight,7768,44,38;55;25;41
1782,82779,blk.5.ffn_gate_exps.weight,7768,44,49;19;8;25
1783,82825,blk.6.ffn_gate_exps.weight,7768,44,12;35;26;39
1784,82871,blk.7.ffn_gate_exps.weight,7768,44,47;28;15;12
1785,82917,blk.8.ffn_gate_exps.weight,7768,44,5;1;36;9
1786,82963,blk.9.ffn_gate_exps.weight,7768,44,56;48;37;54
1787,83009,blk.10.ffn_gate_exps.weight,7768,44,6;16;51;1
1788,83055,blk.11.ffn_gate_exps.weight,7768,44,26;54;25;45
1789,83101,blk.12.ffn_gate_exps.weight,7768,44,45;29;38;31
1790,83147,blk.13.ffn_gate_exps.weight,7768,44,25;22;42;52
1791,83193,blk.14.ffn_gate_exps.weight,7768,44,37;16;9;26
1792,83240,blk.15.ffn_gate_exps.weight,7768,44,56;50;12;28
1793,83286,blk.16.ffn_gate_exps.weight,7768,44,42;26;31;43
1794,83332,blk.17.ffn_gate_exps.weight,7768,44,7;53;39;19
1795,83378,blk.18.ffn_gate_exps.weight,7768,44,22;32;50;24
1796,83424,blk.19.ffn_gate_exps.weight,7768,44,25;49;22;26
1797,83470,blk.20.ffn_gate_exps.weight,7768,44,47;27;3;31
1798,83516,blk.21.ffn_gate_exps.weight,7768,44,19;9;35;3
1799,83562,blk.22.ffn_gate_exps.weight,7768,44,12;15;28;19
1800,83610,blk.23.ffn_gate_exps.weight,7768,44,44;36;3;2
1801,83661,blk.0.ffn_gate_exps.weight,7768,44,26;42;45;59
1802,83709,blk.1.ffn_gate_exps.weight,7768,44,47;20;18;35
1803,83756,blk.2.ffn_gate_exps.weight,7768,44,53;16;36;40
1804,83802,blk.3.ffn_gate_exps.weight,7768,44,8;28;14;6
1805,83848,blk.4.ffn_gate_exps.weight,7768,44,7;42;30;27
1806,83894,blk.5.ffn_gate_exps.weight,7768,44,5;57;27;59
1807,83940,blk.6.ffn_gate_exps.weight,7768,44,16;7;18;3
1808,83986,blk.7.ffn_gate_exps.weight,7768,44,15;44;23;17
1809,84032,blk.8.ffn_gate_exps.weight,7768,44,45;59;41;19
1810,84078,blk.9.ffn_gate_exps.weight,7768,44,37;50;47;52
1811,84124,blk.10.ffn_gate_exps.weight,7768,44,2;54;39;15
1812,84170,blk.11.ffn_gate_exps.weight,7768,44,4;52;45;38
1813,84216,blk.12.ffn_gate_exps.weight,7768,44,57;41;23;50
1814,84262,blk.13.ffn_gate_exps.weight,7768,44,32;43;19;23
1815,84308,blk.14.ffn_gate_exps.weight,7768,44,30;59;40;16
1816,84355,blk.15.ffn_gate_exps.weight,7768,44,1;39;36;11
1817,84401,blk.16.ffn_gate_exps.weight,7768,44,11;47;25;21
1818,84447,blk.17.ffn_gate_exps.weight,7768,44,37;42;43;31
1819,84493,blk.18.ffn_gate_exps.weight,7768,44,44;11;26;37
1820,84539,blk.19.ffn_gate_exps.weight,7768,44,4;12;52;38
1821,84585,blk.20.ffn_gate_exps.weight,7768,44,9;40;16;56
1822,84631,blk.21.ffn_gate_exps.weight,7768,44,43;49;34;44
1823,84677,blk.22.ffn_gate_exps.weight,7768,44,10;29;22;36
1824,84725,blk.23.ffn_gate_exps.weight,7769,44,32;43;55;51
1825,84776,blk.0.ffn_gate_exps.weight,7769,44,43;20;24;1
1826,84824,blk.1.ffn_gate_exps.weight,7769,44,21;38;18;37
1827,84871,blk.2.ffn_gate_exps.weight,7769,44,25;10;15;22
1828,84917,blk.3.ffn_gate_exps.weight,7769,44,40;0;25;33
1829,84963,blk.4.ffn_gate_exps.weight,7769,44,53;52;49;55
1830,85009,blk.5.ffn_gate_exps.weight,7769,44,19;47;17;25
1831,85055,blk.6.ffn_gate_exps.weight,7769,44,47;26;7;59
1832,85101,blk.7.ffn_gate_exps.weight,7769,44,33;15;44;29
1833,85147,blk.8.ffn_gate_exps.weight,7769,44,14;32;36;28
1834,85193,blk.9.ffn_gate_exps.weight,7769,44,25;19;37;20
1835,85239,blk.10.ffn_gate_exps.weight,7769,44,21;32;31;39
1836,85285,blk.11.ffn_gate_exps.weight,7769,44,35;20;30;45
1837,85331,blk.12.ffn_gate_exps.weight,7769,44,33;25;38;16
1838,85377,blk.13.ffn_gate_exps.weight,7769,44,38;6;9;22
1839,85423,blk.14.ffn_gate_exps.weight,7769,44,10;16;33;26
1840,85470,blk.15.ffn_gate_exps.weight,7769,44,49;45;3;31
1841,85516,blk.16.ffn_gate_exps.weight,7769,44,12;13;36;0
1842,85562,blk.17.ffn_gate_exps.weight,7769,44,10;1;30;58
1843,85608,blk.18.ffn_gate_exps.weight,7769,44,13;38;5;29
1844,85654,blk.19.ffn_gate_exps.weight,7769,44,22;54;25;33
1845,85700,blk.20.ffn_gate_exps.weight,7769,44,22;47;12;3
1846,85746,blk.21.ffn_gate_exps.weight,7769,44,43;20;44;54
1847,85792,blk.22.ffn_gate_exps.weight,7769,44,37;58;14;7
1848,85840,blk.23.ffn_gate_exps.weight,7769,44,36;2;22;52
1849,85891,blk.0.ffn_gate_exps.weight,7769,44,51;37;14;22
1850,85939,blk.1.ffn_gate_exps.weight,7769,44,42;26;50;6
1851,85986,blk.2.ffn_gate_exps.weight,7769,44,11;20;41;39
1852,86032,blk.3.ffn_gate_exps.weight,7769,44,15;37;10;2
1853,86078,blk.4.ffn_gate_exps.weight,7769,44,11;18;0;26
1854,86124,blk.5.ffn_gate_exps.weight,7769,44,42;6;25;9
1855,86170,blk.6.ffn_gate_exps.weight,7769,44,27;57;7;43
1856,86216,blk.7.ffn_gate_exps.weight,7769,44,15;52;47;8
1857,86262,blk.8.ffn_gate_exps.weight,7769,44,11;14;9;40
1858,86308,blk.9.ffn_gate_exps.weight,7769,44,27;57;43;54
1859,86354,blk.10.ffn_gate_exps.weight,7769,44,4;51;52;58
1860,86400,blk.11.ffn_gate_exps.weight,7769,44,28;11;58;14
1861,86446,blk.12.ffn_gate_exps.weight,7769,44,58;38;40;2
1862,86492,blk.13.ffn_gate_exps.weight,7769,44,34;55;52;58
1863,86538,blk.14.ffn_gate_exps.weight,7769,44,9;10;16;32
1864,86585,blk.15.ffn_gate_exps.weight,7769,44,17;6;45;50
1865,86631,blk.16.ffn_gate_exps.weight,7769,44,53;30;7;36
1866,86677,blk.17.ffn_gate_exps.weight,7769,44,25;19;17;23
1867,86723,blk.18.ffn_gate_exps.weight,7769,44,24;32;51;3
1868,86769,blk.19.ffn_gate_exps.weight,7769,44,25;49;54;27
1869,86815,blk.20.ffn_gate_exps.weight,7769,44,12;23;3;47
1870,86861,blk.21.ffn_gate_exps.weight,7769,44,19;7;52;35
1871,86907,blk.22.ffn_gate_exps.weight,7769,44,19;11;37;5
1872,86955,blk.23.ffn_gate_exps.weight,7769,44,52;36;2;44
1873,87006,blk.0.ffn_gate_exps.weight,7769,44,42;8;51;46
1874,87054,blk.1.ffn_gate_exps.weight,7769,44,33;0;37;2
1875,87101,blk.2.ffn_gate_exps.weight,7769,44,26;40;38;19
1876,87147,blk.3.ffn_gate_exps.weight,7769,44,11;26;57;34
1877,87193,blk.4.ffn_gate_exps.weight,7769,44,28;42;15;16
1878,87239,blk.5.ffn_gate_exps.weight,7769,44,25;24;22;1
1879,87285,blk.6.ffn_gate_exps.weight,7769,44,10;16;18;5
1880,87331,blk.7.ffn_gate_exps.weight,7769,44,6;0;41;22
1881,87377,blk.8.ffn_gate_exps.weight,7769,44,53;19;25;51
1882,87423,blk.9.ffn_gate_exps.weight,7769,44,53;51;30;1
1883,87469,blk.10.ffn_gate_exps.weight,7769,44,35;29;41;3
1884,87515,blk.11.ffn_gate_exps.weight,7769,44,24;12;15;40
1885,87561,blk.12.ffn_gate_exps.weight,7769,44,14;6;54;51
1886,87607,blk.13.ffn_gate_exps.weight,7769,44,58;5;33;26
1887,87653,blk.14.ffn_gate_exps.weight,7769,44,21;20;44;25
1888,87700,blk.15.ffn_gate_exps.weight,7769,44,53;16;45;38
1889,87746,blk.16.ffn_gate_exps.weight,7768,44,37;16;54;29
1890,87792,blk.17.ffn_gate_exps.weight,7768,44,26;56;37;31
1891,87838,blk.18.ffn_gate_exps.weight,7768,44,1;53;39;11
1892,87884,blk.19.ffn_gate_exps.weight,7768,44,45;54;51;8
1893,87930,blk.20.ffn_gate_exps.weight,7768,44,47;35;3;40
1894,87976,blk.21.ffn_gate_exps.weight,7768,44,55;7;2;35
1895,88022,blk.22.ffn_gate_exps.weight,7768,44,11;41;34;7
1896,88070,blk.23.ffn_gate_exps.weight,7768,44,36;2;17;30
1897,88121,blk.0.ffn_gate_exps.weight,7768,44,19;0;52;54
1898,88169,blk.1.ffn_gate_exps.weight,7768,44,12;7;46;5
1899,88216,blk.2.ffn_gate_exps.weight,7768,44,25;17;30;26
1900,88262,blk.3.ffn_gate_exps.weight,7768,44,56;39;34;21
1901,88308,blk.4.ffn_gate_exps.weight,7768,44,28;44;18;21
1902,88354,blk.5.ffn_gate_exps.weight,7768,44,44;36;13;24
1903,88400,blk.6.ffn_gate_exps.weight,7768,44,43;31;41;54
1904,88446,blk.7.ffn_gate_exps.weight,7768,44,22;6;3;29
1905,88492,blk.8.ffn_gate_exps.weight,7768,44,25;19;31;17
1906,88538,blk.9.ffn_gate_exps.weight,7768,44,53;51;54;30
1907,88584,blk.10.ffn_gate_exps.weight,7768,44,35;54;8;55
1908,88630,blk.11.ffn_gate_exps.weight,7768,44,31;24;12;39
1909,88676,blk.12.ffn_gate_exps.weight,7768,44,6;23;12;2
1910,88722,blk.13.ffn_gate_exps.weight,7768,44,33;37;23;2
1911,88768,blk.14.ffn_gate_exps.weight,7768,44,25;13;6;19
1912,88815,blk.15.ffn_gate_exps.weight,7768,44,1;55;48;10
1913,88861,blk.16.ffn_gate_exps.weight,7768,44,52;54;59;32
1914,88907,blk.17.ffn_gate_exps.weight,7768,44,56;9;37;45
1915,88953,blk.18.ffn_gate_exps.weight,7768,44,36;39;53;9
1916,88999,blk.19.ffn_gate_exps.weight,7768,44,51;4;11;35
1917,89045,blk.20.ffn_gate_exps.weight,7768,44,15;39;56;28
1918,89091,blk.21.ffn_gate_exps.weight,7767,44,57;55;31;54
1919,89137,blk.22.ffn_gate_exps.weight,7767,44,41;55;33;29
1920,89185,blk.23.ffn_gate_exps.weight,7767,44,25;12;43;27
1921,89236,blk.0.ffn_gate_exps.weight,7767,44,59;52;48;27
1922,89284,blk.1.ffn_gate_exps.weight,7767,44,10;56;9;3
1923,89331,blk.2.ffn_gate_exps.weight,7767,44,52;50;57;23
1924,89377,blk.3.ffn_gate_exps.weight,7767,44,43;40;32;2
1925,89423,blk.4.ffn_gate_exps.weight,7767,44,56;4;48;32
1926,89469,blk.5.ffn_gate_exps.weight,7767,44,10;3;46;13
1927,89515,blk.6.ffn_gate_exps.weight,7767,44,40;23;13;4
1928,89561,blk.7.ffn_gate_exps.weight,7767,44,26;49;13;51
1929,89607,blk.8.ffn_gate_exps.weight,7767,44,49;22;44;37
1930,89653,blk.9.ffn_gate_exps.weight,7767,44,33;42;45;14
1931,89699,blk.10.ffn_gate_exps.weight,7767,44,28;53;20;57
1932,89745,blk.11.ffn_gate_exps.weight,7767,44,57;29;56;16
1933,89791,blk.12.ffn_gate_exps.weight,7767,44,49;21;5;20
1934,89837,blk.13.ffn_gate_exps.weight,7767,44,39;12;15;36
1935,89883,blk.14.ffn_gate_exps.weight,7767,44,43;14;46;45
1936,89930,blk.15.ffn_gate_exps.weight,7767,44,29;5;58;59
1937,89976,blk.16.ffn_gate_exps.weight,7767,44,3;45;57;19
1938,90022,blk.17.ffn_gate_exps.weight,7767,44,38;5;49;52
1939,90068,blk.18.ffn_gate_exps.weight,7767,44,4;35;56;6
1940,90114,blk.19.ffn_gate_exps.weight,7767,44,58;44;31;5
1941,90160,blk.20.ffn_gate_exps.weight,7767,44,36;26;38;59
1942,90206,blk.21.ffn_gate_exps.weight,7767,44,39;23;43;30
1943,90252,blk.22.ffn_gate_exps.weight,7767,44,6;33;29;1
1944,90300,blk.23.ffn_gate_exps.weight,7767,44,58;38;39;12
1945,90351,blk.0.ffn_gate_exps.weight,7767,44,18;52;3;13
1946,90399,blk.1.ffn_gate_exps.weight,7767,44,41;50;51;1
1947,90446,blk.2.ffn_gate_exps.weight,7767,44,18;43;28;5
1948,90492,blk.3.ffn_gate_exps.weight,7767,44,12;46;10;1
1949,90538,blk.4.ffn_gate_exps.weight,7767,44,13;1;15;55
1950,90584,blk.5.ffn_gate_exps.weight,7767,44,55;36;6;53
1951,90630,blk.6.ffn_gate_exps.weight,7766,44,57;49;46;43
1952,90676,blk.7.ffn_gate_exps.weight,7766,44,52;8;21;10
1953,90722,blk.8.ffn_gate_exps.weight,7766,44,26;39;47;6
1954,90768,blk.9.ffn_gate_exps.weight,7766,44,7;57;49;32
1955,90814,blk.10.ffn_gate_exps.weight,7766,44,51;52;13;42
1956,90860,blk.11.ffn_gate_exps.weight,7766,44,17;1;58;22
1957,90906,blk.12.ffn_gate_exps.weight,7766,44,52;58;40;22
1958,90952,blk.13.ffn_gate_exps.weight,7766,44,58;10;4;17
1959,90998,blk.14.ffn_gate_exps.weight,7766,44,28;24;41;58
1960,91045,blk.15.ffn_gate_exps.weight,7766,44,55;17;27;24
1961,91091,blk.16.ffn_gate_exps.weight,7766,44,53;29;30;28
1962,91137,blk.17.ffn_gate_exps.weight,7766,44,8;25;12;52
1963,91183,blk.18.ffn_gate_exps.weight,7766,44,34;51;48;21
1964,91229,blk.19.ffn_gate_exps.weight,7766,44,41;13;18;49
1965,91275,blk.20.ffn_gate_exps.weight,7766,44,24;37;50;43
1966,91321,blk.21.ffn_gate_exps.weight,7766,44,7;50;26;53
1967,91367,blk.22.ffn_gate_exps.weight,7766,44,4;39;21;55
1968,91415,blk.23.ffn_gate_exps.weight,7766,44,24;4;50;36
1969,91466,blk.0.ffn_gate_exps.weight,7766,44,11;35;4;27
1970,91514,blk.1.ffn_gate_exps.weight,7766,44,46;18;36;27
1971,91561,blk.2.ffn_gate_exps.weight,7766,44,37;56;32;41
1972,91607,blk.3.ffn_gate_exps.weight,7766,44,3;46;13;32
1973,91653,blk.4.ffn_gate_exps.weight,7766,44,13;43;1;48
1974,91699,blk.5.ffn_gate_exps.weight,7765,44,29;6;55;53
1975,91745,blk.6.ffn_gate_exps.weight,7765,44,9;49;41;11
1976,91791,blk.7.ffn_gate_exps.weight,7765,44,58;53;41;19
1977,91837,blk.8.ffn_gate_exps.weight,7765,44,26;27;39;50
1978,91883,blk.9.ffn_gate_exps.weight,7765,44,58;3;49;32
1979,91929,blk.10.ffn_gate_exps.weight,7765,44,23;13;57;58
1980,91975,blk.11.ffn_gate_exps.weight,7765,44,27;1;44;55
1981,92021,blk.12.ffn_gate_exps.weight,7765,44,18;17;53;24
1982,92067,blk.13.ffn_gate_exps.weight,7765,44,46;4;41;31
1983,92113,blk.14.ffn_gate_exps.weight,7765,44,53;41;24;34
1984,92160,blk.15.ffn_gate_exps.weight,7765,44,8;20;24;55
1985,92206,blk.16.ffn_gate_exps.weight,7765,44,8;2;17;48
1986,92252,blk.17.ffn_gate_exps.weight,7765,44,4;11;8;58
1987,92298,blk.18.ffn_gate_exps.weight,7765,44,10;22;47;45
1988,92344,blk.19.ffn_gate_exps.weight,7765,44,29;3;48;0
1989,92390,blk.20.ffn_gate_exps.weight,7765,44,19;13;43;46
1990,92436,blk.21.ffn_gate_exps.weight,7765,44,15;13;27;8
1991,92482,blk.22.ffn_gate_exps.weight,7764,44,43;42;15;25
1992,92530,blk.23.ffn_gate_exps.weight,7764,44,13;53;7;47
1993,92581,blk.0.ffn_gate_exps.weight,7764,44,40;45;5;37
1994,92629,blk.1.ffn_gate_exps.weight,7764,44,46;36;21;44
1995,92676,blk.2.ffn_gate_exps.weight,7764,44,34;56;32;19
1996,92722,blk.3.ffn_gate_exps.weight,7764,44,13;4;23;53
1997,92768,blk.4.ffn_gate_exps.weight,7764,44,7;15;1;24
1998,92814,blk.5.ffn_gate_exps.weight,7764,44,29;51;2;27
1999,92860,blk.6.ffn_gate_exps.weight,7764,44,16;28;37;42
2000,92906,blk.7.ffn_gate_exps.weight,7764,44,38;23;34;46
2001,92952,blk.8.ffn_gate_exps.weight,7764,44,18;52;45;26
2002,92998,blk.9.ffn_gate_exps.weight,7764,44,49;35;34;5
2003,93044,blk.10.ffn_gate_exps.weight,7764,44,40;37;42;49
2004,93090,blk.11.ffn_gate_exps.weight,7764,44,27;8;48;4
2005,93136,blk.12.ffn_gate_exps.weight,7764,44,53;18;4;17
2006,93182,blk.13.ffn_gate_exps.weight,7764,44,32;17;19;4
2007,93228,blk.14.ffn_gate_exps.weight,7764,44,54;20;24;2
2008,93275,blk.15.ffn_gate_exps.weight,7763,44,36;31;33;40
2009,93321,blk.16.ffn_gate_exps.weight,7763,44,15;51;21;46
2010,93367,blk.17.ffn_gate_exps.weight,7763,44,20;51;34;52
2011,93413,blk.18.ffn_gate_exps.weight,7763,44,11;59;12;28
2012,93459,blk.19.ffn_gate_exps.weight,7763,44,40;50;3;35
2013,93505,blk.20.ffn_gate_exps.weight,7763,44,9;7;43;4
2014,93551,blk.21.ffn_gate_exps.weight,7763,44,16;57;1;18
2015,93597,blk.22.ffn_gate_exps.weight,7763,44,49;25;55;50
2016,93645,blk.23.ffn_gate_exps.weight,7763,44,7;25;27;12
2017,93696,blk.0.ffn_gate_exps.weight,7763,44,41;35;30;16
2018,93744,blk.1.ffn_gate_exps.weight,7763,44,42;24;46;36
2019,93791,blk.2.ffn_gate_exps.weight,7763,44,57;14;50;53
2020,93837,blk.3.ffn_gate_exps.weight,7763,44,25;7;53;33
2021,93883,blk.4.ffn_gate_exps.weight,7763,44,53;52;49;29
2022,93929,blk.5.ffn_gate_exps.weight,7763,44,47;17;23;59
2023,93975,blk.6.ffn_gate_exps.weight,7763,44,8;47;28;55
2024,94021,blk.7.ffn_gate_exps.weight,7763,44,57;33;20;18
2025,94067,blk.8.ffn_gate_exps.weight,7763,44,23;18;27;52
2026,94113,blk.9.ffn_gate_exps.weight,7763,44,59;19;25;3
2027,94159,blk.10.ffn_gate_exps.weight,7763,44,21;40;32;11
2028,94205,blk.11.ffn_gate_exps.weight,7763,44,35;8;0;20
2029,94251,blk.12.ffn_gate_exps.weight,7762,44,35;33;1;25
2030,94297,blk.13.ffn_gate_exps.weight,7762,44,38;17;9;6
2031,94343,blk.14.ffn_gate_exps.weight,7762,44,58;33;10;5
2032,94390,blk.15.ffn_gate_exps.weight,7762,44,37;49;44;3
2033,94436,blk.16.ffn_gate_exps.weight,7762,44,0;13;35;6
2034,94482,blk.17.ffn_gate_exps.weight,7762,44,1;10;46;40
2035,94528,blk.18.ffn_gate_exps.weight,7762,44,43;23;31;56
2036,94574,blk.19.ffn_gate_exps.weight,7762,44,56;41;26;32
2037,94620,blk.20.ffn_gate_exps.weight,7762,44,51;52;22;20
2038,94666,blk.21.ffn_gate_exps.weight,7762,44,14;53;21;25
2039,94712,blk.22.ffn_gate_exps.weight,7762,44,15;21;37;35
2040,94760,blk.23.ffn_gate_exps.weight,7762,44,54;36;23;16
2041,94811,blk.0.ffn_gate_exps.weight,7762,44,50;10;37;42
2042,94859,blk.1.ffn_gate_exps.weight,7762,44,35;54;34;36
2043,94906,blk.2.ffn_gate_exps.weight,7762,44,58;25;24;16
2044,94952,blk.3.ffn_gate_exps.weight,7762,44,8;4;52;59
2045,94998,blk.4.ffn_gate_exps.weight,7762,44,58;26;21;55
2046,95044,blk.5.ffn_gate_exps.weight,7761,44,37;11;4;57
2047,95090,blk.6.ffn_gate_exps.weight,7761,44,18;6;16;30
2048,95136,blk.7.ffn_gate_exps.weight,7761,44,15;30;34;39
2049,95182,blk.8.ffn_gate_exps.weight,7761,44,51;45;17;53
2050,95228,blk.9.ffn_gate_exps.weight,7761,44,30;6;1;2
2051,95274,blk.10.ffn_gate_exps.weight,7761,44,41;15;2;50
2052,95320,blk.11.ffn_gate_exps.weight,7761,44,24;52;12;37
2053,95366,blk.12.ffn_gate_exps.weight,7761,44,57;4;0;13
2054,95412,blk.13.ffn_gate_exps.weight,7761,44,11;32;56;28
2055,95458,blk.14.ffn_gate_exps.weight,7761,44,21;20;48;30
2056,95505,blk.15.ffn_gate_exps.weight,7761,44,53;16;35;36
2057,95551,blk.16.ffn_gate_exps.weight,7761,44,16;11;4;14
2058,95597,blk.17.ffn_gate_exps.weight,7761,44,35;43;3;47
2059,95643,blk.18.ffn_gate_exps.weight,7761,44,20;56;39;3
2060,95689,blk.19.ffn_gate_exps.weight,7761,44,2;26;46;12
2061,95735,blk.20.ffn_gate_exps.weight,7761,44,51;17;22;21
2062,95781,blk.21.ffn_gate_exps.weight,7761,44,36;30;25;10
2063,95827,blk.22.ffn_gate_exps.weight,7761,44,37;45;34;11
2064,95875,blk.23.ffn_gate_exps.weight,7761,44,30;33;1;36
2065,95926,blk.0.ffn_gate_exps.weight,7761,44,27;22;13;47
2066,95974,blk.1.ffn_gate_exps.weight,7761,44,7;11;37;39
2067,96021,blk.2.ffn_gate_exps.weight,7761,44,25;58;16;3
2068,96067,blk.3.ffn_gate_exps.weight,7761,44,21;57;8;44
2069,96113,blk.4.ffn_gate_exps.weight,7761,44,21;58;44;8
2070,96159,blk.5.ffn_gate_exps.weight,7761,44,11;22;32;56
2071,96205,blk.6.ffn_gate_exps.weight,7760,44,6;46;5;53
2072,96251,blk.7.ffn_gate_exps.weight,7760,44,35;39;54;48
2073,96297,blk.8.ffn_gate_exps.weight,7760,44,20;51;56;17
2074,96343,blk.9.ffn_gate_exps.weight,7760,44,30;13;6;51
2075,96389,blk.10.ffn_gate_exps.weight,7760,44,41;15;29;17
2076,96435,blk.11.ffn_gate_exps.weight,7760,44,12;37;24;59
2077,96481,blk.12.ffn_gate_exps.weight,7760,44,0;12;51;13
2078,96527,blk.13.ffn_gate_exps.weight,7760,44,33;11;2;47
2079,96573,blk.14.ffn_gate_exps.weight,7760,44,19;25;56;18
2080,96620,blk.15.ffn_gate_exps.weight,7760,44,18;1;23;21
2081,96666,blk.16.ffn_gate_exps.weight,7760,44,16;14;25;56
2082,96712,blk.17.ffn_gate_exps.weight,7760,44,33;56;2;40
2083,96758,blk.18.ffn_gate_exps.weight,7760,44,19;46;53;37
2084,96804,blk.19.ffn_gate_exps.weight,7760,44,48;51;38;11
2085,96850,blk.20.ffn_gate_exps.weight,7760,44,13;19;2;28
2086,96896,blk.21.ffn_gate_exps.weight,7759,44,43;59;13;3
2087,96942,blk.22.ffn_gate_exps.weight,7759,44,32;42;50;33
2088,96990,blk.23.ffn_gate_exps.weight,7759,44,7;12;25;54
2089,97041,blk.0.ffn_gate_exps.weight,7759,44,43;22;27;17
2090,97089,blk.1.ffn_gate_exps.weight,7759,44,24;23;43;6
2091,97136,blk.2.ffn_gate_exps.weight,7759,44,14;6;10;4
2092,97182,blk.3.ffn_gate_exps.weight,7759,44,7;23;25;38
2093,97228,blk.4.ffn_gate_exps.weight,7759,44,35;52;53;23
2094,97274,blk.5.ffn_gate_exps.weight,7759,44,52;50;33;19
2095,97320,blk.6.ffn_gate_exps.weight,7759,44,59;35;47;36
2096,97366,blk.7.ffn_gate_exps.weight,7759,44,33;11;27;24
2097,97412,blk.8.ffn_gate_exps.weight,7759,44,26;57;32;0
2098,97458,blk.9.ffn_gate_exps.weight,7759,44,20;19;25;2
2099,97504,blk.10.ffn_gate_exps.weight,7759,44,48;43;47;41
2100,97550,blk.11.ffn_gate_exps.weight,7759,44,18;35;49;46
2101,97596,blk.12.ffn_gate_exps.weight,7759,44,25;33;29;47
2102,97642,blk.13.ffn_gate_exps.weight,7759,44,22;38;9;47
2103,97688,blk.14.ffn_gate_exps.weight,7759,44,26;4;33;10
2104,97735,blk.15.ffn_gate_exps.weight,7759,44,47;49;24;26
2105,97781,blk.16.ffn_gate_exps.weight,7759,44,0;12;13;10
2106,97827,blk.17.ffn_gate_exps.weight,7759,44,28;36;29;47
2107,97873,blk.18.ffn_gate_exps.weight,7758,44,27;18;14;10
2108,97919,blk.19.ffn_gate_exps.weight,7758,44,26;9;56;36
2109,97965,blk.20.ffn_gate_exps.weight,7758,44,25;20;51;12
2110,98011,blk.21.ffn_gate_exps.weight,7758,44,12;9;52;15
2111,98057,blk.22.ffn_gate_exps.weight,7758,44,15;35;12;28
2112,98105,blk.23.ffn_gate_exps.weight,7758,44,13;36;35;19
2113,98156,blk.0.ffn_gate_exps.weight,7758,44,34;50;45;5
2114,98204,blk.1.ffn_gate_exps.weight,7758,44,22;54;44;38
2115,98251,blk.2.ffn_gate_exps.weight,7758,44,9;12;21;53
2116,98297,blk.3.ffn_gate_exps.weight,7758,44,23;4;50;24
2117,98343,blk.4.ffn_gate_exps.weight,7758,44,39;2;29;6
2118,98389,blk.5.ffn_gate_exps.weight,7758,44,37;57;2;29
2119,98435,blk.6.ffn_gate_exps.weight,7758,44,48;18;6;16
2120,98481,blk.7.ffn_gate_exps.weight,7758,44,44;34;7;46
2121,98527,blk.8.ffn_gate_exps.weight,7758,44,0;59;26;45
2122,98573,blk.9.ffn_gate_exps.weight,7757,44,37;52;30;2
2123,98619,blk.10.ffn_gate_exps.weight,7757,44,39;37;15;2
2124,98665,blk.11.ffn_gate_exps.weight,7757,44,45;2;4;18
2125,98711,blk.12.ffn_gate_exps.weight,7757,44,4;57;50;38
2126,98757,blk.13.ffn_gate_exps.weight,7757,44,45;19;32;21
2127,98803,blk.14.ffn_gate_exps.weight,7757,44,16;39;20;1
2128,98850,blk.15.ffn_gate_exps.weight,7757,44,31;53;36;47
2129,98896,blk.16.ffn_gate_exps.weight,7757,44,50;11;51;46
2130,98942,blk.17.ffn_gate_exps.weight,7757,44,7;47;28;23
2131,98988,blk.18.ffn_gate_exps.weight,7757,44,14;18;24;38
2132,99034,blk.19.ffn_gate_exps.weight,7757,44,26;22;25;50
2133,99080,blk.20.ffn_gate_exps.weight,7757,44,25;51;31;3
2134,99126,blk.21.ffn_gate_exps.weight,7757,44,8;52;9;19
2135,99172,blk.22.ffn_gate_exps.weight,7757,44,12;28;37;35
2136,99220,blk.23.ffn_gate_exps.weight,7757,44,36;45;11;22
2137,99271,blk.0.ffn_gate_exps.weight,7757,44,58;0;14;53
2138,99319,blk.1.ffn_gate_exps.weight,7757,44,35;55;39;28
2139,99366,blk.2.ffn_gate_exps.weight,7757,44,25;17;15;36
2140,99412,blk.3.ffn_gate_exps.weight,7757,44,24;34;52;21
2141,99458,blk.4.ffn_gate_exps.weight,7757,44,16;21;58;2
2142,99504,blk.5.ffn_gate_exps.weight,7757,44,59;29;15;55
2143,99550,blk.6.ffn_gate_exps.weight,7757,44,6;44;17;3
2144,99596,blk.7.ffn_gate_exps.weight,7757,44,44;45;0;3
2145,99642,blk.8.ffn_gate_exps.weight,7757,44,51;2;19;20
2146,99688,blk.9.ffn_gate_exps.weight,7757,44,30;51;37;44
2147,99734,blk.10.ffn_gate_exps.weight,7757,44,15;54;41;2
2148,99780,blk.11.ffn_gate_exps.weight,7757,44,12;38;31;45
2149,99826,blk.12.ffn_gate_exps.weight,7757,44,43;0;46;23
2150,99872,blk.13.ffn_gate_exps.weight,7757,44,51;2;53;45
2151,99918,blk.14.ffn_gate_exps.weight,7757,44,44;47;18;30
2152,99965,blk.15.ffn_gate_exps.weight,7757,44,16;1;46;18
2153,100011,blk.16.ffn_gate_exps.weight,7756,44,16;11;31;25
2154,100057,blk.17.ffn_gate_exps.weight,7756,44,56;37;42;2
2155,100103,blk.18.ffn_gate_exps.weight,7756,44,44;53;39;49
2156,100149,blk.19.ffn_gate_exps.weight,7756,44,4;2;23;24
2157,100195,blk.20.ffn_gate_exps.weight,7756,44,2;35;10;51
2158,100241,blk.21.ffn_gate_exps.weight,7756,44,9;55;43;18
2159,100287,blk.22.ffn_gate_exps.weight,7756,44,34;41;12;29
2160,100335,blk.23.ffn_gate_exps.weight,7756,44,1;30;17;25
2161,100386,blk.0.ffn_gate_exps.weight,7756,44,17;48;57;2
2162,100434,blk.1.ffn_gate_exps.weight,7756,44,58;12;20;50
2163,100481,blk.2.ffn_gate_exps.weight,7756,44,36;17;25;15
2164,100527,blk.3.ffn_gate_exps.weight,7756,44,27;24;56;52
2165,100573,blk.4.ffn_gate_exps.weight,7756,44,46;20;30;21
2166,100619,blk.5.ffn_gate_exps.weight,7756,44,29;27;11;32
2167,100665,blk.6.ffn_gate_exps.weight,7756,44,6;53;44;17
2168,100711,blk.7.ffn_gate_exps.weight,7756,44,44;14;15;3
2169,100757,blk.8.ffn_gate_exps.weight,7756,44,30;10;43;6
2170,100803,blk.9.ffn_gate_exps.weight,7756,44,37;44;23;51
2171,100849,blk.10.ffn_gate_exps.weight,7756,44,15;34;54;41
2172,100895,blk.11.ffn_gate_exps.weight,7756,44,45;46;4;38
2173,100941,blk.12.ffn_gate_exps.weight,7756,44,23;42;48;30
2174,100987,blk.13.ffn_gate_exps.weight,7756,44,51;54;45;37
2175,101033,blk.14.ffn_gate_exps.weight,7756,44,47;57;28;40
2176,101080,blk.15.ffn_gate_exps.weight,7756,44,1;23;42;18
2177,101126,blk.16.ffn_gate_exps.weight,7756,44,37;59;52;25
2178,101172,blk.17.ffn_gate_exps.weight,7756,44,37;18;2;40
2179,101218,blk.18.ffn_gate_exps.weight,7756,44,19;46;9;53
2180,101264,blk.19.ffn_gate_exps.weight,7756,44,0;40;38;35
2181,101310,blk.20.ffn_gate_exps.weight,7756,44,28;4;43;45
2182,101356,blk.21.ffn_gate_exps.weight,7756,44,43;45;18;0
2183,101402,blk.22.ffn_gate_exps.weight,7756,44,41;33;23;50
2184,101450,blk.23.ffn_gate_exps.weight,7756,44,25;7;43;32
2185,101501,blk.0.ffn_gate_exps.weight,7756,44,44;3;21;53
2186,101549,blk.1.ffn_gate_exps.weight,7756,44,10;56;59;4
2187,101596,blk.2.ffn_gate_exps.weight,7756,44,54;52;47;27
2188,101642,blk.3.ffn_gate_exps.weight,7755,44,9;43;41;40
2189,101688,blk.4.ffn_gate_exps.weight,7755,44,17;4;37;44
2190,101734,blk.5.ffn_gate_exps.weight,7755,44,10;3;58;20
2191,101780,blk.6.ffn_gate_exps.weight,7755,44,21;23;40;4
2192,101826,blk.7.ffn_gate_exps.weight,7755,44,26;49;13;59
2193,101872,blk.8.ffn_gate_exps.weight,7755,44,49;10;22;37
2194,101918,blk.9.ffn_gate_exps.weight,7755,44,42;33;14;31
2195,101964,blk.10.ffn_gate_exps.weight,7755,44,28;53;25;20
2196,102010,blk.11.ffn_gate_exps.weight,7755,44,16;56;29;9
2197,102056,blk.12.ffn_gate_exps.weight,7755,44,21;5;49;36
2198,102102,blk.13.ffn_gate_exps.weight,7755,44,39;29;12;15
2199,102148,blk.14.ffn_gate_exps.weight,7755,44,45;46;14;43
2200,102195,blk.15.ffn_gate_exps.weight,7755,44,59;29;58;43
2201,102241,blk.16.ffn_gate_exps.weight,7755,44,6;45;57;10
2202,102287,blk.17.ffn_gate_exps.weight,7755,44,49;22;24;15
2203,102333,blk.18.ffn_gate_exps.weight,7755,44,35;6;4;7
2204,102379,blk.19.ffn_gate_exps.weight,7755,44,44;17;5;58
2205,102425,blk.20.ffn_gate_exps.weight,7755,44,26;53;38;43
2206,102471,blk.21.ffn_gate_exps.weight,7755,44,29;0;51;39
2207,102517,blk.22.ffn_gate_exps.weight,7755,44,6;48;25;2
2208,102565,blk.23.ffn_gate_exps.weight,7755,44,31;5;21;58
2209,102616,blk.0.ffn_gate_exps.weight,7755,44,6;18;17;4
2210,102664,blk.1.ffn_gate_exps.weight,7755,44,19;48;46;10
2211,102711,blk.2.ffn_gate_exps.weight,7755,44,16;20;54;55
2212,102757,blk.3.ffn_gate_exps.weight,7755,44,17;2;38;39
2213,102803,blk.4.ffn_gate_exps.weight,7755,44,31;6;59;44
2214,102849,blk.5.ffn_gate_exps.weight,7755,44,34;20;6;58
2215,102895,blk.6.ffn_gate_exps.weight,7755,44,7;41;25;1
2216,102941,blk.7.ffn_gate_exps.weight,7755,44,29;12;10;2
2217,102987,blk.8.ffn_gate_exps.weight,7755,44,16;9;40;34
2218,103033,blk.9.ffn_gate_exps.weight,7755,44,57;46;32;39
2219,103079,blk.10.ffn_gate_exps.weight,7754,44,42;57;25;50
2220,103125,blk.11.ffn_gate_exps.weight,7754,44,9;43;22;3
2221,103171,blk.12.ffn_gate_exps.weight,7754,44,31;7;10;32
2222,103217,blk.13.ffn_gate_exps.weight,7754,44,29;40;44;24
2223,103263,blk.14.ffn_gate_exps.weight,7754,44,17;3;28;47
2224,103310,blk.15.ffn_gate_exps.weight,7754,44,22;42;23;8
2225,103356,blk.16.ffn_gate_exps.weight,7754,44,31;58;48;22
2226,103402,blk.17.ffn_gate_exps.weight,7754,44,32;10;3;29
2227,103448,blk.18.ffn_gate_exps.weight,7754,44,42;28;59;23
2228,103494,blk.19.ffn_gate_exps.weight,7754,44,6;12;26;38
2229,103540,blk.20.ffn_gate_exps.weight,7754,44,32;34;15;7
2230,103586,blk.21.ffn_gate_exps.weight,7754,44,41;49;27;56
2231,103632,blk.22.ffn_gate_exps.weight,7754,44,30;4;32;42
2232,103680,blk.23.ffn_gate_exps.weight,7754,44,53;43;14;24
2233,103731,blk.0.ffn_gate_exps.weight,7754,44,59;14;51;52
2234,103779,blk.1.ffn_gate_exps.weight,7754,44,13;51;44;5
2235,103826,blk.2.ffn_gate_exps.weight,7754,44,51;52;22;18
2236,103872,blk.3.ffn_gate_exps.weight,7754,44,17;40;35;47
2237,103918,blk.4.ffn_gate_exps.weight,7754,44,32;37;10;55
2238,103964,blk.5.ffn_gate_exps.weight,7754,44,58;10;49;41
2239,104010,blk.6.ffn_gate_exps.weight,7754,44,4;20;34;36
2240,104056,blk.7.ffn_gate_exps.weight,7754,44,28;13;21;51
2241,104102,blk.8.ffn_gate_exps.weight,7754,44,49;37;1;10
2242,104148,blk.9.ffn_gate_exps.weight,7754,44,29;56;42;14
2243,104194,blk.10.ffn_gate_exps.weight,7754,44,28;6;53;20
2244,104240,blk.11.ffn_gate_exps.weight,7754,44,9;43;25;16
2245,104286,blk.12.ffn_gate_exps.weight,7754,44,31;21;45;11
2246,104332,blk.13.ffn_gate_exps.weight,7754,44,29;39;36;12
2247,104378,blk.14.ffn_gate_exps.weight,7754,44,46;45;14;50
2248,104425,blk.15.ffn_gate_exps.weight,7754,44,56;58;59;11
2249,104471,blk.16.ffn_gate_exps.weight,7754,44,57;58;25;6
2250,104517,blk.17.ffn_gate_exps.weight,7754,44,3;32;52;58
2251,104563,blk.18.ffn_gate_exps.weight,7754,44,6;17;33;0
2252,104609,blk.19.ffn_gate_exps.weight,7753,44,38;36;41;0
2253,104655,blk.20.ffn_gate_exps.weight,7753,44,15;59;43;52
2254,104701,blk.21.ffn_gate_exps.weight,7753,44,48;43;34;49
2255,104747,blk.22.ffn_gate_exps.weight,7753,44,2;47;14;57
2256,104795,blk.23.ffn_gate_exps.weight,7753,44,53;55;3;58
2257,104846,blk.0.ffn_gate_exps.weight,7753,44,18;3;14;44
2258,104894,blk.1.ffn_gate_exps.weight,7753,44,51;48;2;3
2259,104941,blk.2.ffn_gate_exps.weight,7753,44,47;29;12;51
2260,104987,blk.3.ffn_gate_exps.weight,7753,44,30;17;47;3
2261,105033,blk.4.ffn_gate_exps.weight,7753,44,19;32;36;12
2262,105079,blk.5.ffn_gate_exps.weight,7753,44,56;16;10;49
2263,105125,blk.6.ffn_gate_exps.weight,7753,44,24;21;4;25
2264,105171,blk.7.ffn_gate_exps.weight,7753,44,52;25;21;43
2265,105217,blk.8.ffn_gate_exps.weight,7753,44,15;8;21;47
2266,105263,blk.9.ffn_gate_exps.weight,7753,44,46;39;56;42
2267,105309,blk.10.ffn_gate_exps.weight,7753,44,58;6;30;42
2268,105355,blk.11.ffn_gate_exps.weight,7753,44,13;43;53;9
2269,105401,blk.12.ffn_gate_exps.weight,7753,44,31;20;37;5
2270,105447,blk.13.ffn_gate_exps.weight,7753,44,29;0;1;25
2271,105493,blk.14.ffn_gate_exps.weight,7753,44,37;46;12;15
2272,105540,blk.15.ffn_gate_exps.weight,7753,44,56;43;58;11
2273,105586,blk.16.ffn_gate_exps.weight,7753,44,49;42;45;10
2274,105632,blk.17.ffn_gate_exps.weight,7753,44,49;5;39;21
2275,105678,blk.18.ffn_gate_exps.weight,7753,44,4;58;18;45
2276,105724,blk.19.ffn_gate_exps.weight,7753,44,36;33;26;44
2277,105770,blk.20.ffn_gate_exps.weight,7753,44,47;52;26;15
2278,105816,blk.21.ffn_gate_exps.weight,7753,44,53;21;12;30
2279,105862,blk.22.ffn_gate_exps.weight,7753,44,48;58;6;11
2280,105910,blk.23.ffn_gate_exps.weight,7753,44,21;5;58;36
2281,105961,blk.0.ffn_gate_exps.weight,7753,44,38;9;28;20
2282,106009,blk.1.ffn_gate_exps.weight,7753,44,59;13;4;2
2283,106056,blk.2.ffn_gate_exps.weight,7753,44,43;19;10;20
2284,106102,blk.3.ffn_gate_exps.weight,7753,44,15;30;17;41
2285,106148,blk.4.ffn_gate_exps.weight,7753,44,16;24;51;12
2286,106194,blk.5.ffn_gate_exps.weight,7752,44,53;6;7;35
2287,106240,blk.6.ffn_gate_exps.weight,7752,44,31;43;52;5
2288,106286,blk.7.ffn_gate_exps.weight,7752,44,5;30;15;43
2289,106332,blk.8.ffn_gate_exps.weight,7752,44,30;43;34;27
2290,106378,blk.9.ffn_gate_exps.weight,7752,44,41;24;32;49
2291,106424,blk.10.ffn_gate_exps.weight,7752,44,10;19;41;45
2292,106470,blk.11.ffn_gate_exps.weight,7752,44,42;50;46;22
2293,106516,blk.12.ffn_gate_exps.weight,7752,44,2;34;30;26
2294,106562,blk.13.ffn_gate_exps.weight,7752,44,14;13;29;31
2295,106608,blk.14.ffn_gate_exps.weight,7752,44,40;36;49;15
2296,106655,blk.15.ffn_gate_exps.weight,7752,44,42;48;40;54
2297,106701,blk.16.ffn_gate_exps.weight,7752,44,59;20;51;40
2298,106747,blk.17.ffn_gate_exps.weight,7752,44,45;55;50;16
2299,106793,blk.18.ffn_gate_exps.weight,7752,44,48;17;55;25
2300,106839,blk.19.ffn_gate_exps.weight,7752,44,35;43;11;8
2301,106885,blk.20.ffn_gate_exps.weight,7752,44,58;50;56;49
2302,106931,blk.21.ffn_gate_exps.weight,7752,44,1;58;47;24
2303,106977,blk.22.ffn_gate_exps.weight,7752,44,20;26;33;34
2304,107025,blk.23.ffn_gate_exps.weight,7752,44,6;40;8;28
2305,107076,blk.0.ffn_gate_exps.weight,7752,44,35;44;21;16
2306,107124,blk.1.ffn_gate_exps.weight,7752,44,19;14;13;43
2307,107171,blk.2.ffn_gate_exps.weight,7752,44,58;24;18;16
2308,107217,blk.3.ffn_gate_exps.weight,7752,44,4;52;59;27
2309,107263,blk.4.ffn_gate_exps.weight,7752,44,26;42;30;57
2310,107309,blk.5.ffn_gate_exps.weight,7752,44,4;37;5;15
2311,107355,blk.6.ffn_gate_exps.weight,7752,44,18;6;44;48
2312,107401,blk.7.ffn_gate_exps.weight,7752,44,34;23;55;3
2313,107447,blk.8.ffn_gate_exps.weight,7752,44,45;59;31;19
2314,107493,blk.9.ffn_gate_exps.weight,7752,44,37;1;52;17
2315,107539,blk.10.ffn_gate_exps.weight,7752,44,33;2;55;10
2316,107585,blk.11.ffn_gate_exps.weight,7752,44,52;2;39;23
2317,107631,blk.12.ffn_gate_exps.weight,7752,44,4;34;57;50
2318,107677,blk.13.ffn_gate_exps.weight,7752,44,32;56;53;28
2319,107723,blk.14.ffn_gate_exps.weight,7752,44,48;20;30;21
2320,107770,blk.15.ffn_gate_exps.weight,7752,44,36;45;7;10
2321,107816,blk.16.ffn_gate_exps.weight,7752,44,11;21;28;55
2322,107862,blk.17.ffn_gate_exps.weight,7752,44,43;3;35;7
2323,107908,blk.18.ffn_gate_exps.weight,7752,44,20;52;24;49
2324,107954,blk.19.ffn_gate_exps.weight,7752,44,37;25;26;57
2325,108000,blk.20.ffn_gate_exps.weight,7751,44,35;51;41;47
2326,108046,blk.21.ffn_gate_exps.weight,7751,44,17;9;16;40
2327,108092,blk.22.ffn_gate_exps.weight,7751,44,34;18;56;58
2328,108140,blk.23.ffn_gate_exps.weight,7751,44,58;22;2;30
2329,108191,blk.0.ffn_gate_exps.weight,7751,44,57;41;2;51
2330,108239,blk.1.ffn_gate_exps.weight,7751,44,20;12;4;55
2331,108286,blk.2.ffn_gate_exps.weight,7751,44,36;24;58;8
2332,108332,blk.3.ffn_gate_exps.weight,7751,44,4;28;27;52
2333,108378,blk.4.ffn_gate_exps.weight,7751,44,42;57;30;14
2334,108424,blk.5.ffn_gate_exps.weight,7751,44,4;5;28;15
2335,108470,blk.6.ffn_gate_exps.weight,7751,44,18;44;6;56
2336,108516,blk.7.ffn_gate_exps.weight,7751,44,23;34;55;44
2337,108562,blk.8.ffn_gate_exps.weight,7751,44,45;2;59;19
2338,108608,blk.9.ffn_gate_exps.weight,7751,44,37;47;52;1
2339,108654,blk.10.ffn_gate_exps.weight,7751,44,33;2;55;54
2340,108700,blk.11.ffn_gate_exps.weight,7751,44,23;38;41;4
2341,108746,blk.12.ffn_gate_exps.weight,7751,44,44;50;41;34
2342,108792,blk.13.ffn_gate_exps.weight,7751,44,32;28;43;26
2343,108838,blk.14.ffn_gate_exps.weight,7751,44,2;30;11;57
2344,108885,blk.15.ffn_gate_exps.weight,7751,44,39;21;36;45
2345,108931,blk.16.ffn_gate_exps.weight,7751,44,47;11;28;44
2346,108977,blk.17.ffn_gate_exps.weight,7751,44,43;37;3;52
2347,109023,blk.18.ffn_gate_exps.weight,7751,44,44;52;28;11
2348,109069,blk.19.ffn_gate_exps.weight,7751,44,4;57;33;17
2349,109115,blk.20.ffn_gate_exps.weight,7751,44,28;35;10;55
2350,109161,blk.21.ffn_gate_exps.weight,7751,44,31;55;1;20
2351,109207,blk.22.ffn_gate_exps.weight,7751,44,33;17;23;24
2352,109255,blk.23.ffn_gate_exps.weight,7751,44,26;58;1;30
2353,109306,blk.0.ffn_gate_exps.weight,7751,44,11;39;40;2
2354,109354,blk.1.ffn_gate_exps.weight,7751,44,13;27;53;30
2355,109401,blk.2.ffn_gate_exps.weight,7751,44,23;47;3;10
2356,109447,blk.3.ffn_gate_exps.weight,7751,44,47;17;9;3
2357,109493,blk.4.ffn_gate_exps.weight,7751,44,32;56;4;10
2358,109539,blk.5.ffn_gate_exps.weight,7751,44,16;3;32;46
2359,109585,blk.6.ffn_gate_exps.weight,7751,44,20;4;23;13
2360,109631,blk.7.ffn_gate_exps.weight,7751,44,51;13;50;49
2361,109677,blk.8.ffn_gate_exps.weight,7751,44,42;21;37;49
2362,109723,blk.9.ffn_gate_exps.weight,7751,44,42;33;0;45
2363,109769,blk.10.ffn_gate_exps.weight,7751,44,53;22;46;30
2364,109815,blk.11.ffn_gate_exps.weight,7751,44,43;9;55;56
2365,109861,blk.12.ffn_gate_exps.weight,7751,44,20;21;5;24
2366,109907,blk.13.ffn_gate_exps.weight,7751,44,10;39;0;1
2367,109953,blk.14.ffn_gate_exps.weight,7751,44,46;43;52;12
2368,110000,blk.15.ffn_gate_exps.weight,7751,44,58;29;59;4
2369,110046,blk.16.ffn_gate_exps.weight,7751,44,3;45;57;39
2370,110092,blk.17.ffn_gate_exps.weight,7751,44,38;49;8;24
2371,110138,blk.18.ffn_gate_exps.weight,7751,44,4;6;2;35
2372,110184,blk.19.ffn_gate_exps.weight,7751,44,58;14;44;5
2373,110230,blk.20.ffn_gate_exps.weight,7751,44,26;36;59;53
2374,110276,blk.21.ffn_gate_exps.weight,7751,44,23;39;43;40
2375,110322,blk.22.ffn_gate_exps.weight,7751,44,6;55;1;38
2376,110370,blk.23.ffn_gate_exps.weight,7751,44,58;38;18;33
2377,110421,blk.0.ffn_gate_exps.weight,7751,44,50;23;49;29
2378,110469,blk.1.ffn_gate_exps.weight,7751,44,26;51;27;13
2379,110516,blk.2.ffn_gate_exps.weight,7751,44,18;23;59;28
2380,110562,blk.3.ffn_gate_exps.weight,7751,44,20;18;46;10
2381,110608,blk.4.ffn_gate_exps.weight,7751,44,11;13;36;18
2382,110654,blk.5.ffn_gate_exps.weight,7751,44,51;42;32;50
2383,110700,blk.6.ffn_gate_exps.weight,7751,44,27;24;57;15
2384,110746,blk.7.ffn_gate_exps.weight,7751,44,52;8;47;25
2385,110792,blk.8.ffn_gate_exps.weight,7751,44,11;26;27;6
2386,110838,blk.9.ffn_gate_exps.weight,7751,44,27;32;36;16
2387,110884,blk.10.ffn_gate_exps.weight,7751,44,51;52;4;49
2388,110930,blk.11.ffn_gate_exps.weight,7751,44,28;11;39;17
2389,110976,blk.12.ffn_gate_exps.weight,7751,44,40;58;24;3
2390,111022,blk.13.ffn_gate_exps.weight,7751,44,55;34;10;58
2391,111068,blk.14.ffn_gate_exps.weight,7751,44,8;9;41;43
2392,111115,blk.15.ffn_gate_exps.weight,7751,44,17;50;30;4
2393,111161,blk.16.ffn_gate_exps.weight,7751,44,30;53;7;36
2394,111207,blk.17.ffn_gate_exps.weight,7751,44,25;19;17;16
2395,111253,blk.18.ffn_gate_exps.weight,7751,44,32;24;14;55
2396,111299,blk.19.ffn_gate_exps.weight,7751,44,49;25;33;47
2397,111345,blk.20.ffn_gate_exps.weight,7751,44,2;18;5;23
2398,111391,blk.21.ffn_gate_exps.weight,7751,44,19;35;9;8
2399,111437,blk.22.ffn_gate_exps.weight,7751,44,19;11;56;8
2400,111485,blk.23.ffn_gate_exps.weight,7751,44,44;33;36;38
2401,111536,blk.0.ffn_gate_exps.weight,7751,44,8;18;44;5
2402,111584,blk.1.ffn_gate_exps.weight,7751,44,34;0;25;33
2403,111631,blk.2.ffn_gate_exps.weight,7751,44,25;18;58;20
2404,111677,blk.3.ffn_gate_exps.weight,7751,44,44;5;18;39
2405,111723,blk.4.ffn_gate_exps.weight,7751,44,21;13;20;9
2406,111769,blk.5.ffn_gate_exps.weight,7751,44,11;22;4;39
2407,111815,blk.6.ffn_gate_exps.weight,7751,44,6;53;57;5
2408,111861,blk.7.ffn_gate_exps.weight,7751,44,35;4;39;48
2409,111907,blk.8.ffn_gate_exps.weight,7751,44,6;39;33;56
2410,111953,blk.9.ffn_gate_exps.weight,7750,44,13;32;44;4
2411,111999,blk.10.ffn_gate_exps.weight,7750,44,59;7;3;9
2412,112045,blk.11.ffn_gate_exps.weight,7750,44,7;17;14;59
2413,112091,blk.12.ffn_gate_exps.weight,7750,44,51;12;10;47
2414,112137,blk.13.ffn_gate_exps.weight,7750,44,41;47;46;25
2415,112183,blk.14.ffn_gate_exps.weight,7750,44,49;56;6;19
2416,112230,blk.15.ffn_gate_exps.weight,7750,44,54;32;18;38
2417,112276,blk.16.ffn_gate_exps.weight,7750,44,9;17;56;4
2418,112322,blk.17.ffn_gate_exps.weight,7750,44,46;33;41;44
2419,112368,blk.18.ffn_gate_exps.weight,7750,44,30;45;22;37
2420,112414,blk.19.ffn_gate_exps.weight,7750,44,13;1;51;32
2421,112460,blk.20.ffn_gate_exps.weight,7750,44,24;37;44;54
2422,112506,blk.21.ffn_gate_exps.weight,7750,44,50;26;42;53
2423,112552,blk.22.ffn_gate_exps.weight,7750,44,21;4;2;32
2424,112600,blk.23.ffn_gate_exps.weight,7750,44,4;46;50;56
2425,112651,blk.0.ffn_gate_exps.weight,7750,44,43;13;36;11
2426,112699,blk.1.ffn_gate_exps.weight,7750,44,36;30;44;18
2427,112746,blk.2.ffn_gate_exps.weight,7750,44,56;37;32;41
2428,112792,blk.3.ffn_gate_exps.weight,7750,44,3;32;45;15
2429,112838,blk.4.ffn_gate_exps.weight,7750,44,13;43;48;55
2430,112884,blk.5.ffn_gate_exps.weight,7750,44,12;33;45;14
2431,112930,blk.6.ffn_gate_exps.weight,7750,44,9;33;34;32
2432,112976,blk.7.ffn_gate_exps.weight,7750,44,58;53;19;20
2433,113022,blk.8.ffn_gate_exps.weight,7750,44,50;52;58;30
2434,113068,blk.9.ffn_gate_exps.weight,7750,44,32;3;58;48
2435,113114,blk.10.ffn_gate_exps.weight,7753,44,23;59;57;19
2436,113160,blk.11.ffn_gate_exps.weight,7753,44,44;17;55;39
2437,113206,blk.12.ffn_gate_exps.weight,7753,44,17;18;47;24
2438,113252,blk.13.ffn_gate_exps.weight,7759,44,46;25;47;41
2439,113298,blk.14.ffn_gate_exps.weight,7759,44,53;34;49;47
2440,113345,blk.15.ffn_gate_exps.weight,7759,44,8;20;24;57
2441,113391,blk.16.ffn_gate_exps.weight,7765,44,2;8;17;31
2442,113437,blk.17.ffn_gate_exps.weight,7765,44,4;11;41;8
2443,113483,blk.18.ffn_gate_exps.weight,7765,44,10;47;22;27
2444,113529,blk.19.ffn_gate_exps.weight,7765,44,48;29;39;15
2445,113575,blk.20.ffn_gate_exps.weight,7771,44,46;13;19;14
2446,113621,blk.21.ffn_gate_exps.weight,7771,44,15;13;53;46
2447,113667,blk.22.ffn_gate_exps.weight,7771,44,42;15;43;32
2448,113715,blk.23.ffn_gate_exps.weight,7771,44,13;53;22;54
2449,113766,blk.0.ffn_gate_exps.weight,7777,44,40;45;15;12
2450,113814,blk.1.ffn_gate_exps.weight,7777,44,36;18;31;12
2451,113861,blk.2.ffn_gate_exps.weight,7777,44,9;37;2;3
2452,113907,blk.3.ffn_gate_exps.weight,7777,44,13;54;37;46
2453,113953,blk.4.ffn_gate_exps.weight,7777,44,14;20;15;5
2454,113999,blk.5.ffn_gate_exps.weight,7777,44,26;33;29;4
2455,114045,blk.6.ffn_gate_exps.weight,7777,44,50;33;53;22
2456,114091,blk.7.ffn_gate_exps.weight,7782,44,22;36;11;4
2457,114137,blk.8.ffn_gate_exps.weight,7782,44,45;52;25;24
2458,114183,blk.9.ffn_gate_exps.weight,7782,44,35;26;32;9
2459,114229,blk.10.ffn_gate_exps.weight,7782,44,3;44;40;37
2460,114275,blk.11.ffn_gate_exps.weight,7782,44,27;5;55;8
2461,114321,blk.12.ffn_gate_exps.weight,7782,44,28;18;24;3
2462,114367,blk.13.ffn_gate_exps.weight,7788,44,51;17;48;18
2463,114413,blk.14.ffn_gate_exps.weight,7788,44,54;23;3;40
2464,114460,blk.15.ffn_gate_exps.weight,7788,44,8;52;51;19
2465,114506,blk.16.ffn_gate_exps.weight,7788,44,24;37;51;32
2466,114552,blk.17.ffn_gate_exps.weight,7788,44,34;51;20;29
2467,114598,blk.18.ffn_gate_exps.weight,7794,44,16;59;36;28
2468,114644,blk.19.ffn_gate_exps.weight,7794,44,39;3;34;48
2469,114690,blk.20.ffn_gate_exps.weight,7794,44,16;33;9;46
2470,114736,blk.21.ffn_gate_exps.weight,7794,44,57;18;13;41
2471,114782,blk.22.ffn_gate_exps.weight,7794,44,44;50;30;43
2472,114830,blk.23.ffn_gate_exps.weight,7800,44,34;7;15;12
2473,114881,blk.0.ffn_gate_exps.weight,7800,44,41;55;40;22
2474,114929,blk.1.ffn_gate_exps.weight,7800,44,23;36;44;34
2475,114976,blk.2.ffn_gate_exps.weight,7800,44,14;6;22;53
2476,115022,blk.3.ffn_gate_exps.weight,7800,44,31;16;7;5
2477,115068,blk.4.ffn_gate_exps.weight,7806,44,49;5;19;52
2478,115114,blk.5.ffn_gate_exps.weight,7806,44,12;40;45;50
2479,115160,blk.6.ffn_gate_exps.weight,7806,44,8;28;34;59
2480,115206,blk.7.ffn_gate_exps.weight,7806,44,20;57;19;24
2481,115252,blk.8.ffn_gate_exps.weight,7806,44,23;52;18;16
2482,115298,blk.9.ffn_gate_exps.weight,7806,44,59;3;32;34
2483,115344,blk.10.ffn_gate_exps.weight,7811,44,21;40;32;56
2484,115390,blk.11.ffn_gate_exps.weight,7811,44,0;8;55;44
2485,115436,blk.12.ffn_gate_exps.weight,7811,44,35;24;1;47
2486,115482,blk.13.ffn_gate_exps.weight,7811,44,8;17;25;44
2487,115528,blk.14.ffn_gate_exps.weight,7811,44,34;27;47;58
2488,115575,blk.15.ffn_gate_exps.weight,7811,44,44;24;57;41
2489,115621,blk.16.ffn_gate_exps.weight,7811,44,34;9;35;49
2490,115667,blk.17.ffn_gate_exps.weight,7817,44,46;11;41;45
2491,115713,blk.18.ffn_gate_exps.weight,7817,44,43;45;47;2
2492,115759,blk.19.ffn_gate_exps.weight,7817,44,1;41;32;38
2493,115805,blk.20.ffn_gate_exps.weight,7817,44,54;37;24;44
2494,115851,blk.21.ffn_gate_exps.weight,7817,44,50;42;4;53
2495,115897,blk.22.ffn_gate_exps.weight,7817,44,21;59;32;36
2496,115945,blk.23.ffn_gate_exps.weight,7817,44,4;46;57;50
2497,115996,blk.0.ffn_gate_exps.weight,7823,44,34;10;32;51
2498,116044,blk.1.ffn_gate_exps.weight,7823,44,53;5;6;27
2499,116091,blk.2.ffn_gate_exps.weight,7823,44,22;9;32;2
2500,116137,blk.3.ffn_gate_exps.weight,7823,44,3;44;16;13
2501,116183,blk.4.ffn_gate_exps.weight,7823,44,46;5;12;43
2502,116229,blk.5.ffn_gate_exps.weight,7823,44,12;33;23;14
2503,116275,blk.6.ffn_gate_exps.weight,7829,44,9;28;49;33
2504,116321,blk.7.ffn_gate_exps.weight,7829,44,20;19;58;57
2505,116367,blk.8.ffn_gate_exps.weight,7829,44,23;58;18;50
2506,116413,blk.9.ffn_gate_exps.weight,7829,44,58;59;3;35
2507,116459,blk.10.ffn_gate_exps.weight,7829,44,23;19;40;11
2508,116505,blk.11.ffn_gate_exps.weight,7829,44,44;0;51;27
2509,116551,blk.12.ffn_gate_exps.weight,7829,44,18;35;17;53
2510,116597,blk.13.ffn_gate_exps.weight,7829,44,17;8;46;22
2511,116643,blk.14.ffn_gate_exps.weight,7835,44,34;53;11;47
2512,116690,blk.15.ffn_gate_exps.weight,7835,44,8;20;24;44
2513,116736,blk.16.ffn_gate_exps.weight,7835,44,8;2;49;1
2514,116782,blk.17.ffn_gate_exps.weight,7835,44,4;11;45;57
2515,116828,blk.18.ffn_gate_exps.weight,7835,44,10;47;43;27
2516,116874,blk.19.ffn_gate_exps.weight,7835,44,48;29;15;39
2517,116920,blk.20.ffn_gate_exps.weight,7835,44,46;13;19;47
2518,116966,blk.21.ffn_gate_exps.weight,7835,44,15;13;53;58
2519,117012,blk.22.ffn_gate_exps.weight,7840,44,15;42;43;32
2520,117060,blk.23.ffn_gate_exps.weight,7840,44,13;22;36;53
2521,117111,blk.0.ffn_gate_exps.weight,7840,44,54;40;20;51
2522,117159,blk.1.ffn_gate_exps.weight,7840,44,36;35;56;46
2523,117206,blk.2.ffn_gate_exps.weight,7840,44,58;24;16;27
2524,117252,blk.3.ffn_gate_exps.weight,7840,44,4;27;59;52
2525,117298,blk.4.ffn_gate_exps.weight,7840,44,42;30;26;14
2526,117344,blk.5.ffn_gate_exps.weight,7840,44,4;37;57;15
2527,117390,blk.6.ffn_gate_exps.weight,7846,44,18;6;44;56
2528,117436,blk.7.ffn_gate_exps.weight,7846,44,34;23;55;3
2529,117482,blk.8.ffn_gate_exps.weight,7846,44,45;59;33;2
2530,117528,blk.9.ffn_gate_exps.weight,7846,44,37;1;52;50
2531,117574,blk.10.ffn_gate_exps.weight,7846,44,33;2;11;55
2532,117620,blk.11.ffn_gate_exps.weight,7846,44,23;48;2;52
2533,117666,blk.12.ffn_gate_exps.weight,7846,44,50;57;44;41
2534,117712,blk.13.ffn_gate_exps.weight,7846,44,32;28;19;56
2535,117758,blk.14.ffn_gate_exps.weight,7846,44,30;20;54;48
2536,117805,blk.15.ffn_gate_exps.weight,7846,44,36;7;21;45
2537,117851,blk.16.ffn_gate_exps.weight,7846,44,11;21;51;47
2538,117897,blk.17.ffn_gate_exps.weight,7846,44,43;20;3;7
2539,117943,blk.18.ffn_gate_exps.weight,7846,44,52;36;20;9
2540,117989,blk.19.ffn_gate_exps.weight,7846,44,37;57;40;30
2541,118035,blk.20.ffn_gate_exps.weight,7852,44,35;39;42;29
2542,118081,blk.21.ffn_gate_exps.weight,7852,44,16;17;57;43
2543,118127,blk.22.ffn_gate_exps.weight,7852,44,41;55;6;50
2544,118175,blk.23.ffn_gate_exps.weight,7852,44,25;8;10;33
2545,118226,blk.0.ffn_gate_exps.weight,7858,44,45;27;56;57
2546,118274,blk.1.ffn_gate_exps.weight,7858,44,45;49;50;10
2547,118321,blk.2.ffn_gate_exps.weight,7858,44,0;39;20;53
2548,118367,blk.3.ffn_gate_exps.weight,7858,44,51;43;32;20
2549,118413,blk.4.ffn_gate_exps.weight,7858,44,56;59;44;29
2550,118459,blk.5.ffn_gate_exps.weight,7858,44,46;10;49;45
2551,118505,blk.6.ffn_gate_exps.weight,7858,44,13;40;23;54
2552,118551,blk.7.ffn_gate_exps.weight,7858,44,58;51;26;2
2553,118597,blk.8.ffn_gate_exps.weight,7864,44,44;22;49;42
2554,118643,blk.9.ffn_gate_exps.weight,7864,44,22;45;32;0
2555,118689,blk.10.ffn_gate_exps.weight,7864,44,16;53;20;28
2556,118735,blk.11.ffn_gate_exps.weight,7864,44,57;54;29;25
2557,118781,blk.12.ffn_gate_exps.weight,7864,44,20;49;39;22
2558,118827,blk.13.ffn_gate_exps.weight,7864,44,0;12;42;41
2559,118873,blk.14.ffn_gate_exps.weight,7864,44,50;14;3;43
2560,118920,blk.15.ffn_gate_exps.weight,7866,44,12;5;56;8
2561,118966,blk.16.ffn_gate_exps.weight,7866,44,19;42;8;35
2562,119012,blk.17.ffn_gate_exps.weight,7866,44,8;53;46;39
2563,119058,blk.18.ffn_gate_exps.weight,7866,44,45;50;34;10
2564,119104,blk.19.ffn_gate_exps.weight,7866,44,58;41;48;32
2565,119150,blk.20.ffn_gate_exps.weight,7866,44,37;13;19;39
2566,119196,blk.21.ffn_gate_exps.weight,7866,44,50;15;4;54
2567,119242,blk.22.ffn_gate_exps.weight,7866,44,55;42;13;25
2568,119290,blk.23.ffn_gate_exps.weight,7866,44,54;3;50;18
2569,119341,blk.0.ffn_gate_exps.weight,7866,44,31;59;39;27
2570,119389,blk.1.ffn_gate_exps.weight,7866,44,27;16;52;8
2571,119436,blk.2.ffn_gate_exps.weight,7866,44,45;51;36;9
2572,119482,blk.3.ffn_gate_exps.weight,7866,44,1;7;46;13
2573,119528,blk.4.ffn_gate_exps.weight,7866,44,10;31;28;19
2574,119574,blk.5.ffn_gate_exps.weight,7866,44,31;33;18;45
2575,119620,blk.6.ffn_gate_exps.weight,7866,44,55;36;2;24
2576,119666,blk.7.ffn_gate_exps.weight,7866,44,50;56;36;25
2577,119712,blk.8.ffn_gate_exps.weight,7866,44,7;26;44;4
2578,119758,blk.9.ffn_gate_exps.weight,7866,44,16;5;49;58
2579,119804,blk.10.ffn_gate_exps.weight,7866,44,44;40;16;13
2580,119850,blk.11.ffn_gate_exps.weight,7866,44,55;8;1;57
2581,119896,blk.12.ffn_gate_exps.weight,7866,44,24;18;49;1
2582,119942,blk.13.ffn_gate_exps.weight,7866,44,18;1;10;48
2583,119988,blk.14.ffn_gate_exps.weight,7866,44,43;12;11;35
2584,120035,blk.15.ffn_gate_exps.weight,7866,44,30;12;4;19
2585,120081,blk.16.ffn_gate_exps.weight,7866,44,39;3;15;48
2586,120127,blk.17.ffn_gate_exps.weight,7866,44,28;38;58;57
2587,120173,blk.18.ffn_gate_exps.weight,7866,44,57;31;33;28
2588,120219,blk.19.ffn_gate_exps.weight,7866,44,14;31;48;19
2589,120265,blk.20.ffn_gate_exps.weight,7866,44,40;14;30;36
2590,120311,blk.21.ffn_gate_exps.weight,7866,44,23;59;43;54
2591,120357,blk.22.ffn_gate_exps.weight,7866,44,57;55;7;33
2592,120405,blk.23.ffn_gate_exps.weight,7866,44,19;47;33;39
2593,120456,blk.0.ffn_gate_exps.weight,7866,44,2;32;41;23
2594,120504,blk.1.ffn_gate_exps.weight,7866,44,34;1;35;16
2595,120551,blk.2.ffn_gate_exps.weight,7866,44,18;41;37;20
2596,120597,blk.3.ffn_gate_exps.weight,7866,44,44;5;2;15
2597,120643,blk.4.ffn_gate_exps.weight,7866,44,13;40;10;48
2598,120689,blk.5.ffn_gate_exps.weight,7866,44,40;19;6;31
2599,120735,blk.6.ffn_gate_exps.weight,7866,44,57;34;36;37
2600,120781,blk.7.ffn_gate_exps.weight,7866,44,35;53;50;5
2601,120827,blk.8.ffn_gate_exps.weight,7866,44,50;39;26;40
2602,120873,blk.9.ffn_gate_exps.weight,7866,44,4;41;16;5
2603,120919,blk.10.ffn_gate_exps.weight,7866,44,59;4;45;9
2604,120965,blk.11.ffn_gate_exps.weight,7866,44,17;41;37;46
2605,121011,blk.12.ffn_gate_exps.weight,7866,44,47;24;59;18
2606,121057,blk.13.ffn_gate_exps.weight,7866,44,46;17;24;25
2607,121103,blk.14.ffn_gate_exps.weight,7866,44,28;49;11;17
2608,121150,blk.15.ffn_gate_exps.weight,7866,44,55;32;54;57
2609,121196,blk.16.ffn_gate_exps.weight,7866,44,9;34;17;48
2610,121242,blk.17.ffn_gate_exps.weight,7866,44,46;12;41;8
2611,121288,blk.18.ffn_gate_exps.weight,7866,44,45;30;34;2
2612,121334,blk.19.ffn_gate_exps.weight,7866,44,13;1;32;38
2613,121380,blk.20.ffn_gate_exps.weight,7866,44,37;24;44;54
2614,121426,blk.21.ffn_gate_exps.weight,7866,44,50;26;53;42
2615,121472,blk.22.ffn_gate_exps.weight,7866,44,21;4;32;25
2616,121520,blk.23.ffn_gate_exps.weight,7866,44,4;46;50;56
2617,121571,blk.0.ffn_gate_exps.weight,7866,44,7;54;19;32
2618,121619,blk.1.ffn_gate_exps.weight,7866,44,44;6;46;59
2619,121666,blk.2.ffn_gate_exps.weight,7866,44,32;6;20;1
2620,121712,blk.3.ffn_gate_exps.weight,7866,44,5;31;16;44
2621,121758,blk.4.ffn_gate_exps.weight,7866,44,43;46;13;41
2622,121804,blk.5.ffn_gate_exps.weight,7866,44,40;12;23;6
2623,121850,blk.6.ffn_gate_exps.weight,7866,44,34;28;7;37
2624,121896,blk.7.ffn_gate_exps.weight,7866,44,20;24;19;5
2625,121942,blk.8.ffn_gate_exps.weight,7865,44,18;50;52;0
2626,121988,blk.9.ffn_gate_exps.weight,7865,44,9;34;59;41
2627,122034,blk.10.ffn_gate_exps.weight,7865,44,23;4;18;57
2628,122080,blk.11.ffn_gate_exps.weight,7865,44,0;44;33;39
2629,122126,blk.12.ffn_gate_exps.weight,7865,44,47;17;35;53
2630,122172,blk.13.ffn_gate_exps.weight,7865,44,8;17;46;25
2631,122218,blk.14.ffn_gate_exps.weight,7865,44,34;35;53;47
2632,122265,blk.15.ffn_gate_exps.weight,7865,44,44;42;57;8
2633,122311,blk.16.ffn_gate_exps.weight,7865,44,34;35;9;59
2634,122357,blk.17.ffn_gate_exps.weight,7865,44,46;11;14;41
2635,122403,blk.18.ffn_gate_exps.weight,7865,44,43;45;47;58
2636,122449,blk.19.ffn_gate_exps.weight,7865,44,1;32;29;26
2637,122495,blk.20.ffn_gate_exps.weight,7865,44,54;37;47;24
2638,122541,blk.21.ffn_gate_exps.weight,7865,44,50;53;42;4
2639,122587,blk.22.ffn_gate_exps.weight,7865,44,21;59;32;36
2640,122635,blk.23.ffn_gate_exps.weight,7865,44,4;46;55;50
2641,122686,blk.0.ffn_gate_exps.weight,7865,44,47;20;42;15
2642,122734,blk.1.ffn_gate_exps.weight,7865,44,52;46;35;9
2643,122781,blk.2.ffn_gate_exps.weight,7865,44,45;46;8;9
2644,122827,blk.3.ffn_gate_exps.weight,7865,44,55;54;59;7
2645,122873,blk.4.ffn_gate_exps.weight,7865,44,14;34;42;23
2646,122919,blk.5.ffn_gate_exps.weight,7865,44,17;43;21;15
2647,122965,blk.6.ffn_gate_exps.weight,7865,44,56;44;8;6
2648,123011,blk.7.ffn_gate_exps.weight,7865,44,23;40;3;16
2649,123057,blk.8.ffn_gate_exps.weight,7865,44,13;2;48;59
2650,123103,blk.9.ffn_gate_exps.weight,7865,44,38;55;37;1
2651,123149,blk.10.ffn_gate_exps.weight,7865,44,33;24;5;45
2652,123195,blk.11.ffn_gate_exps.weight,7865,44,23;5;6;51
2653,123241,blk.12.ffn_gate_exps.weight,7865,44,50;28;8;1
2654,123287,blk.13.ffn_gate_exps.weight,7865,44,56;20;19;57
2655,123333,blk.14.ffn_gate_exps.weight,7865,44,31;22;16;40
2656,123380,blk.15.ffn_gate_exps.weight,7865,44,0;52;26;51
2657,123426,blk.16.ffn_gate_exps.weight,7865,44,24;44;12;18
2658,123472,blk.17.ffn_gate_exps.weight,7865,44,10;30;27;26
2659,123518,blk.18.ffn_gate_exps.weight,7865,44,59;44;14;21
2660,123564,blk.19.ffn_gate_exps.weight,7865,44,10;25;50;37
2661,123610,blk.20.ffn_gate_exps.weight,7865,44,33;42;14;29
2662,123656,blk.21.ffn_gate_exps.weight,7865,44,16;32;57;43
2663,123702,blk.22.ffn_gate_exps.weight,7865,44,44;12;25;58
2664,123750,blk.23.ffn_gate_exps.weight,7865,44,15;11;34;36
2665,123801,blk.0.ffn_gate_exps.weight,7865,44,25;56;3;19
2666,123849,blk.1.ffn_gate_exps.weight,7865,44,44;46;5;14
2667,123896,blk.2.ffn_gate_exps.weight,7865,44,59;18;41;16
2668,123942,blk.3.ffn_gate_exps.weight,7865,44,0;12;32;37
2669,123988,blk.4.ffn_gate_exps.weight,7865,44,11;13;18;8
2670,124034,blk.5.ffn_gate_exps.weight,7865,44,19;57;55;24
2671,124080,blk.6.ffn_gate_exps.weight,7865,44,49;57;27;5
2672,124126,blk.7.ffn_gate_exps.weight,7865,44,8;35;41;53
2673,124172,blk.8.ffn_gate_exps.weight,7865,44,39;11;8;6
2674,124218,blk.9.ffn_gate_exps.weight,7865,44,27;4;21;32
2675,124264,blk.10.ffn_gate_exps.weight,7865,44,59;9;24;47
2676,124310,blk.11.ffn_gate_exps.weight,7865,44,28;17;11;51
2677,124356,blk.12.ffn_gate_exps.weight,7865,44,58;47;50;40
2678,124402,blk.13.ffn_gate_exps.weight,7865,44,58;55;52;34
2679,124448,blk.14.ffn_gate_exps.weight,7865,44,16;9;10;27
2680,124495,blk.15.ffn_gate_exps.weight,7865,44,17;6;50;41
2681,124541,blk.16.ffn_gate_exps.weight,7865,44,7;53;30;50
2682,124587,blk.17.ffn_gate_exps.weight,7865,44,23;25;19;14
2683,124633,blk.18.ffn_gate_exps.weight,7865,44,32;38;14;44
2684,124679,blk.19.ffn_gate_exps.weight,7865,44,25;27;28;49
2685,124725,blk.20.ffn_gate_exps.weight,7865,44,31;47;41;18
2686,124771,blk.21.ffn_gate_exps.weight,7865,44,19;9;47;52
2687,124817,blk.22.ffn_gate_exps.weight,7865,44,12;28;58;39
2688,124865,blk.23.ffn_gate_exps.weight,7865,44,36;44;22;2
2689,124916,blk.0.ffn_gate_exps.weight,7865,44,58;11;40;56
2690,124964,blk.1.ffn_gate_exps.weight,7865,44,33;28;46;5
2691,125011,blk.2.ffn_gate_exps.weight,7865,44,17;36;25;13
2692,125057,blk.3.ffn_gate_exps.weight,7865,44,52;42;27;47
2693,125103,blk.4.ffn_gate_exps.weight,7865,44,16;21;58;2
2694,125149,blk.5.ffn_gate_exps.weight,7865,44,5;4;55;56
2695,125195,blk.6.ffn_gate_exps.weight,7865,44,44;6;52;58
2696,125241,blk.7.ffn_gate_exps.weight,7865,44,44;0;45;3
2697,125287,blk.8.ffn_gate_exps.weight,7865,44,19;2;51;41
2698,125333,blk.9.ffn_gate_exps.weight,7865,44,51;37;30;1
2699,125379,blk.10.ffn_gate_exps.weight,7865,44,15;36;54;1
2700,125425,blk.11.ffn_gate_exps.weight,7865,44,38;12;31;24
2701,125471,blk.12.ffn_gate_exps.weight,7865,44,43;46;0;51
2702,125517,blk.13.ffn_gate_exps.weight,7865,44,2;53;26;7
2703,125563,blk.14.ffn_gate_exps.weight,7865,44,44;1;18;39
2704,125610,blk.15.ffn_gate_exps.weight,7865,44,16;46;18;55
2705,125656,blk.16.ffn_gate_exps.weight,7865,44,11;16;43;31
2706,125702,blk.17.ffn_gate_exps.weight,7865,44,37;56;52;2
2707,125748,blk.18.ffn_gate_exps.weight,7865,44,39;49;44;1
2708,125794,blk.19.ffn_gate_exps.weight,7865,44,2;4;23;7
2709,125840,blk.20.ffn_gate_exps.weight,7865,44,35;10;47;18
2710,125886,blk.21.ffn_gate_exps.weight,7865,44,9;55;5;31
2711,125932,blk.22.ffn_gate_exps.weight,7865,44,34;12;28;58
2712,125980,blk.23.ffn_gate_exps.weight,7865,44,17;30;1;36
2713,126031,blk.0.ffn_gate_exps.weight,7865,44,17;48;57;2
2714,126079,blk.1.ffn_gate_exps.weight,7865,44,58;12;7;5
2715,126126,blk.2.ffn_gate_exps.weight,7865,44,32;36;41;17
2716,126172,blk.3.ffn_gate_exps.weight,7865,44,23;28;56;27
2717,126218,blk.4.ffn_gate_exps.weight,7865,44,46;42;2;57
2718,126264,blk.5.ffn_gate_exps.weight,7865,44,5;55;53;24
2719,126310,blk.6.ffn_gate_exps.weight,7865,44,6;19;44;53
2720,126356,blk.7.ffn_gate_exps.weight,7865,44,44;17;14;3
2721,126402,blk.8.ffn_gate_exps.weight,7865,44,19;29;31;28
2722,126448,blk.9.ffn_gate_exps.weight,7865,44,37;51;47;28
2723,126494,blk.10.ffn_gate_exps.weight,7865,44,54;1;15;39
2724,126540,blk.11.ffn_gate_exps.weight,7865,44,38;45;23;31
2725,126586,blk.12.ffn_gate_exps.weight,7865,44,41;6;57;50
2726,126632,blk.13.ffn_gate_exps.weight,7865,44,23;51;54;37
2727,126678,blk.14.ffn_gate_exps.weight,7865,44,59;13;57;1
2728,126725,blk.15.ffn_gate_exps.weight,7865,44,1;39;21;46
2729,126771,blk.16.ffn_gate_exps.weight,7865,44,37;31;59;52
2730,126817,blk.17.ffn_gate_exps.weight,7865,44,37;42;20;51
2731,126863,blk.18.ffn_gate_exps.weight,7865,44,59;36;44;29
2732,126909,blk.19.ffn_gate_exps.weight,7865,44,23;40;3;10
2733,126955,blk.20.ffn_gate_exps.weight,7865,44,33;42;14;49
2734,127001,blk.21.ffn_gate_exps.weight,7865,44,57;16;43;44
2735,127047,blk.22.ffn_gate_exps.weight,7865,44,44;49;15;46
2736,127095,blk.23.ffn_gate_exps.weight,7865,44,27;34;15;25
2737,127146,blk.0.ffn_gate_exps.weight,7865,44,43;17;44;48
2738,127194,blk.1.ffn_gate_exps.weight,7865,44,23;38;37;46
2739,127241,blk.2.ffn_gate_exps.weight,7865,44,14;22;21;20
2740,127287,blk.3.ffn_gate_exps.weight,7865,44,31;16;5;15
2741,127333,blk.4.ffn_gate_exps.weight,7865,44,49;52;18;35
2742,127379,blk.5.ffn_gate_exps.weight,7865,44,17;23;47;7
2743,127425,blk.6.ffn_gate_exps.weight,7865,44,8;59;47;56
2744,127471,blk.7.ffn_gate_exps.weight,7865,44,57;1;20;16
2745,127517,blk.8.ffn_gate_exps.weight,7865,44,23;38;18;32
2746,127563,blk.9.ffn_gate_exps.weight,7865,44,25;59;19;20
2747,127609,blk.10.ffn_gate_exps.weight,7865,44,21;32;40;24
2748,127655,blk.11.ffn_gate_exps.weight,7865,44,20;8;10;30
2749,127701,blk.12.ffn_gate_exps.weight,7865,44,35;1;33;25
2750,127747,blk.13.ffn_gate_exps.weight,7865,44,9;17;38;6
2751,127793,blk.14.ffn_gate_exps.weight,7865,44,33;4;27;58
2752,127840,blk.15.ffn_gate_exps.weight,7865,44,44;49;37;3
2753,127886,blk.16.ffn_gate_exps.weight,7865,44,0;35;13;12
2754,127932,blk.17.ffn_gate_exps.weight,7865,44,10;1;46;14
2755,127978,blk.18.ffn_gate_exps.weight,7865,44,43;45;13;27
2756,128024,blk.19.ffn_gate_exps.weight,7865,44,41;1;32;56
2757,128070,blk.20.ffn_gate_exps.weight,7865,44,54;37;44;24
2758,128116,blk.21.ffn_gate_exps.weight,7865,44,50;42;4;53
2759,128162,blk.22.ffn_gate_exps.weight,7865,44,59;21;32;2
2760,128210,blk.23.ffn_gate_exps.weight,7865,44,4;46;50;34
2761,128261,blk.0.ffn_gate_exps.weight,7865,44,34;10;47;20
2762,128309,blk.1.ffn_gate_exps.weight,7865,44,52;37;48;4
2763,128356,blk.2.ffn_gate_exps.weight,7865,44,22;45;49;41
2764,128402,blk.3.ffn_gate_exps.weight,7865,44,7;23;22;25
2765,128448,blk.4.ffn_gate_exps.weight,7865,44,53;24;14;34
2766,128494,blk.5.ffn_gate_exps.weight,7865,44,17;43;39;47
2767,128540,blk.6.ffn_gate_exps.weight,7865,44,8;56;44;55
2768,128586,blk.7.ffn_gate_exps.weight,7865,44,57;16;1;3
2769,128632,blk.8.ffn_gate_exps.weight,7865,44,48;2;31;43
2770,128678,blk.9.ffn_gate_exps.weight,7865,44,19;59;38;37
2771,128724,blk.10.ffn_gate_exps.weight,7865,44,32;40;24;45
2772,128770,blk.11.ffn_gate_exps.weight,7865,44,20;10;8;5
2773,128816,blk.12.ffn_gate_exps.weight,7865,44,1;35;25;8
2774,128862,blk.13.ffn_gate_exps.weight,7865,44,17;20;6;9
2775,128908,blk.14.ffn_gate_exps.weight,7865,44,4;22;33;1
2776,128955,blk.15.ffn_gate_exps.weight,7865,44,0;49;26;3
2777,129001,blk.16.ffn_gate_exps.weight,7865,44,13;24;12;0
2778,129047,blk.17.ffn_gate_exps.weight,7865,44,10;30;28;1
2779,129093,blk.18.ffn_gate_exps.weight,7865,44,27;31;29;13
2780,129139,blk.19.ffn_gate_exps.weight,7865,44,9;10;56;36
2781,129185,blk.20.ffn_gate_exps.weight,7865,44,22;52;3;20
2782,129231,blk.21.ffn_gate_exps.weight,7865,44,32;58;20;44
2783,129277,blk.22.ffn_gate_exps.weight,7865,44,35;15;37;11
2784,129325,blk.23.ffn_gate_exps.weight,7865,44,23;36;13;45
2785,129376,blk.0.ffn_gate_exps.weight,7865,44,50;57;28;25
2786,129424,blk.1.ffn_gate_exps.weight,7865,44,8;22;13;29
2787,129471,blk.2.ffn_gate_exps.weight,7865,44,9;24;2;10
2788,129517,blk.3.ffn_gate_exps.weight,7865,44,0;4;28;50
2789,129563,blk.4.ffn_gate_exps.weight,7865,44,39;14;47;42
2790,129609,blk.5.ffn_gate_exps.weight,7865,44,57;2;37;12
2791,129655,blk.6.ffn_gate_exps.weight,7865,44,48;56;18;49
2792,129701,blk.7.ffn_gate_exps.weight,7865,44,46;23;41;3
2793,129747,blk.8.ffn_gate_exps.weight,7865,44,59;16;34;28
2794,129793,blk.9.ffn_gate_exps.weight,7865,44,37;1;28;4
2795,129839,blk.10.ffn_gate_exps.weight,7865,44,39;26;38;11
2796,129885,blk.11.ffn_gate_exps.weight,7865,44,2;23;4;48
2797,129931,blk.12.ffn_gate_exps.weight,7865,44,50;4;38;57
2798,129977,blk.13.ffn_gate_exps.weight,7865,44,21;19;58;56
2799,130023,blk.14.ffn_gate_exps.weight,7865,44,16;20;21;32
2800,130070,blk.15.ffn_gate_exps.weight,7864,44,31;27;48;11
2801,130116,blk.16.ffn_gate_exps.weight,7864,44,50;24;58;7
2802,130162,blk.17.ffn_gate_exps.weight,7864,44,17;23;6;21
2803,130208,blk.18.ffn_gate_exps.weight,7864,44,24;3;48;16
2804,130254,blk.19.ffn_gate_exps.weight,7864,44,25;18;10;27
2805,130300,blk.20.ffn_gate_exps.weight,7864,44,41;47;50;22
2806,130346,blk.21.ffn_gate_exps.weight,7864,44,7;47;17;52
2807,130392,blk.22.ffn_gate_exps.weight,7864,44,12;11;58;28
2808,130440,blk.23.ffn_gate_exps.weight,7864,44,36;22;8;52
