backend,kind,name,op,quant,token,op_id,weight_id,ne0,ne1,ne2,ne3,bytes,ms,ok,extra
"CPU_Elastic","COMPUTE_GRAPH","ggml_cgraph","GRAPH","",-1,1,-1,0,0,0,0,0,0.706302,1,"delegate_cpu_graph"
"OpenCL","COMPUTE","node_3","MUL_MAT","f32",-1,2,-1,896,18,1,1,64512,13.554322,1,"clFinish_profiled"
"OpenCL","COMPUTE","Qcur-0","ADD","f32",-1,3,-1,896,18,1,1,64512,0.772812,1,"clFinish_profiled"
"OpenCL","COMPUTE","Qcur-0","ROPE","f32",-1,5,-1,64,14,18,1,64512,0.428281,1,"clFinish_profiled"
"OpenCL","COMPUTE","node_7","MUL_MAT","f32",-1,6,-1,128,18,1,1,9216,0.456719,1,"clFinish_profiled"
"OpenCL","COMPUTE","Kcur-0","ADD","f32",-1,7,-1,128,18,1,1,9216,0.293490,1,"clFinish_profiled"
"OpenCL","COMPUTE","Kcur-0","ROPE","f32",-1,9,-1,64,2,18,1,9216,0.292083,1,"clFinish_profiled"
"OpenCL","COMPUTE","node_11","MUL_MAT","f32",-1,10,-1,128,18,1,1,9216,0.431979,1,"clFinish_profiled"
"OpenCL","COMPUTE","Vcur-0","ADD","f32",-1,11,-1,128,18,1,1,9216,0.289427,1,"clFinish_profiled"
"OpenCL","COMPUTE","cache_k_l0 (view)","SET_ROWS","f16",-1,14,-1,128,512,1,1,131072,0.300261,1,"clFinish_profiled"
"OpenCL","COMPUTE","cache_v_l0 (view)","SET_ROWS","f16",-1,16,-1,128,512,1,1,131072,0.288438,1,"clFinish_profiled"
"OpenCL","COMPUTE"," (copy)","CPY","f16",-1,23,-1,256,64,1,1,32768,0.304375,1,"clFinish_profiled"
"OpenCL","COMPUTE","__fattn__-0","FLASH_ATTN_EXT","f32",-1,24,-1,64,14,18,1,64512,2.100730,1,"clFinish_profiled"
"OpenCL","COMPUTE","node_27","MUL_MAT","f32",-1,26,-1,896,18,1,1,64512,1.943385,1,"clFinish_profiled"
"OpenCL","COMPUTE","ffn_inp-0","ADD","f32",-1,27,-1,896,18,1,1,64512,0.726406,1,"clFinish_profiled"
"OpenCL","COMPUTE","ffn_gate-0","MUL_MAT","f32",-1,30,-1,4864,18,1,1,350208,5.652240,1,"clFinish_profiled"
"OpenCL","COMPUTE","ffn_up-0","MUL_MAT","f32",-1,31,-1,4864,18,1,1,350208,5.971354,1,"clFinish_profiled"
"OpenCL","COMPUTE","ffn_swiglu-0","GLU","f32",-1,32,-1,4864,18,1,1,350208,0.801406,1,"clFinish_profiled"
"OpenCL","COMPUTE","ffn_out-0","MUL_MAT","f32",-1,33,-1,896,18,1,1,64512,5.083542,1,"clFinish_profiled"
"OpenCL","COMPUTE","l_out-0","ADD","f32",-1,34,-1,896,18,1,1,64512,0.762761,1,"clFinish_profiled"
"OpenCL","COMPUTE","node_38","MUL_MAT","f32",-1,37,-1,896,18,1,1,64512,1.568386,1,"clFinish_profiled"
"OpenCL","COMPUTE","Qcur-1","ADD","f32",-1,38,-1,896,18,1,1,64512,0.741198,1,"clFinish_profiled"
"OpenCL","COMPUTE","Qcur-1","ROPE","f32",-1,40,-1,64,14,18,1,64512,0.434114,1,"clFinish_profiled"
"OpenCL","COMPUTE","node_42","MUL_MAT","f32",-1,41,-1,128,18,1,1,9216,0.604063,1,"clFinish_profiled"
"OpenCL","COMPUTE","Kcur-1","ADD","f32",-1,42,-1,128,18,1,1,9216,0.385313,1,"clFinish_profiled"
"OpenCL","COMPUTE","Kcur-1","ROPE","f32",-1,44,-1,64,2,18,1,9216,0.393959,1,"clFinish_profiled"
"OpenCL","COMPUTE","node_46","MUL_MAT","f32",-1,45,-1,128,18,1,1,9216,0.616823,1,"clFinish_profiled"
"OpenCL","COMPUTE","Vcur-1","ADD","f32",-1,46,-1,128,18,1,1,9216,0.385312,1,"clFinish_profiled"
"OpenCL","COMPUTE","cache_k_l1 (view)","SET_ROWS","f16",-1,49,-1,128,512,1,1,131072,0.388490,1,"clFinish_profiled"
"OpenCL","COMPUTE","cache_v_l1 (view)","SET_ROWS","f16",-1,51,-1,128,512,1,1,131072,0.385000,1,"clFinish_profiled"
"OpenCL","COMPUTE","__fattn__-1","FLASH_ATTN_EXT","f32",-1,58,-1,64,14,18,1,64512,2.028542,1,"clFinish_profiled"
"OpenCL","COMPUTE","node_61","MUL_MAT","f32",-1,60,-1,896,18,1,1,64512,1.919636,1,"clFinish_profiled"
"OpenCL","COMPUTE","ffn_inp-1","ADD","f32",-1,61,-1,896,18,1,1,64512,0.767656,1,"clFinish_profiled"
"OpenCL","COMPUTE","ffn_gate-1","MUL_MAT","f32",-1,64,-1,4864,18,1,1,350208,6.308490,1,"clFinish_profiled"
"OpenCL","COMPUTE","ffn_up-1","MUL_MAT","f32",-1,65,-1,4864,18,1,1,350208,6.967135,1,"clFinish_profiled"
"OpenCL","COMPUTE","ffn_swiglu-1","GLU","f32",-1,66,-1,4864,18,1,1,350208,1.145782,1,"clFinish_profiled"
"OpenCL","COMPUTE","ffn_out-1","MUL_MAT","f32",-1,67,-1,896,18,1,1,64512,6.411406,1,"clFinish_profiled"
"OpenCL","COMPUTE","l_out-1","ADD","f32",-1,68,-1,896,18,1,1,64512,0.939271,1,"clFinish_profiled"
"OpenCL","COMPUTE","node_72","MUL_MAT","f32",-1,71,-1,896,18,1,1,64512,1.933750,1,"clFinish_profiled"
"OpenCL","COMPUTE","Qcur-2","ADD","f32",-1,72,-1,896,18,1,1,64512,1.202500,1,"clFinish_profiled"
"OpenCL","COMPUTE","Qcur-2","ROPE","f32",-1,74,-1,64,14,18,1,64512,1.045313,1,"clFinish_profiled"
"OpenCL","COMPUTE","node_76","MUL_MAT","f32",-1,75,-1,128,18,1,1,9216,1.314323,1,"clFinish_profiled"
"OpenCL","COMPUTE","Kcur-2","ADD","f32",-1,76,-1,128,18,1,1,9216,0.983021,1,"clFinish_profiled"
"OpenCL","COMPUTE","Kcur-2","ROPE","f32",-1,78,-1,64,2,18,1,9216,0.703125,1,"clFinish_profiled"
"OpenCL","COMPUTE","node_80","MUL_MAT","f32",-1,79,-1,128,18,1,1,9216,1.158958,1,"clFinish_profiled"
"OpenCL","COMPUTE","Vcur-2","ADD","f32",-1,80,-1,128,18,1,1,9216,0.749271,1,"clFinish_profiled"
"OpenCL","COMPUTE","cache_k_l2 (view)","SET_ROWS","f16",-1,83,-1,128,512,1,1,131072,0.436094,1,"clFinish_profiled"
"OpenCL","COMPUTE","cache_v_l2 (view)","SET_ROWS","f16",-1,85,-1,128,512,1,1,131072,0.684583,1,"clFinish_profiled"
"OpenCL","COMPUTE","__fattn__-2","FLASH_ATTN_EXT","f32",-1,92,-1,64,14,18,1,64512,2.660052,1,"clFinish_profiled"
"OpenCL","COMPUTE","node_95","MUL_MAT","f32",-1,94,-1,896,18,1,1,64512,2.146510,1,"clFinish_profiled"
"OpenCL","COMPUTE","ffn_inp-2","ADD","f32",-1,95,-1,896,18,1,1,64512,0.901302,1,"clFinish_profiled"
"OpenCL","COMPUTE","ffn_gate-2","MUL_MAT","f32",-1,98,-1,4864,18,1,1,350208,6.687292,1,"clFinish_profiled"
"OpenCL","COMPUTE","ffn_up-2","MUL_MAT","f32",-1,99,-1,4864,18,1,1,350208,6.421511,1,"clFinish_profiled"
"OpenCL","COMPUTE","ffn_swiglu-2","GLU","f32",-1,100,-1,4864,18,1,1,350208,1.022343,1,"clFinish_profiled"
"OpenCL","COMPUTE","ffn_out-2","MUL_MAT","f32",-1,101,-1,896,18,1,1,64512,6.592396,1,"clFinish_profiled"
"OpenCL","COMPUTE","l_out-2","ADD","f32",-1,102,-1,896,18,1,1,64512,0.882239,1,"clFinish_profiled"
"OpenCL","COMPUTE","node_106","MUL_MAT","f32",-1,105,-1,896,18,1,1,64512,2.587709,1,"clFinish_profiled"
"OpenCL","COMPUTE","Qcur-3","ADD","f32",-1,106,-1,896,18,1,1,64512,0.899323,1,"clFinish_profiled"
"OpenCL","COMPUTE","Qcur-3","ROPE","f32",-1,108,-1,64,14,18,1,64512,0.559896,1,"clFinish_profiled"
"OpenCL","COMPUTE","node_110","MUL_MAT","f32",-1,109,-1,128,18,1,1,9216,1.126823,1,"clFinish_profiled"
"OpenCL","COMPUTE","Kcur-3","ADD","f32",-1,110,-1,128,18,1,1,9216,0.540989,1,"clFinish_profiled"
"OpenCL","COMPUTE","Kcur-3","ROPE","f32",-1,112,-1,64,2,18,1,9216,0.922864,1,"clFinish_profiled"
"OpenCL","COMPUTE","node_114","MUL_MAT","f32",-1,113,-1,128,18,1,1,9216,0.742136,1,"clFinish_profiled"
"OpenCL","COMPUTE","Vcur-3","ADD","f32",-1,114,-1,128,18,1,1,9216,0.895417,1,"clFinish_profiled"
"OpenCL","COMPUTE","cache_k_l3 (view)","SET_ROWS","f16",-1,117,-1,128,512,1,1,131072,1.070208,1,"clFinish_profiled"
"OpenCL","COMPUTE","cache_v_l3 (view)","SET_ROWS","f16",-1,119,-1,128,512,1,1,131072,0.872813,1,"clFinish_profiled"
"OpenCL","COMPUTE","__fattn__-3","FLASH_ATTN_EXT","f32",-1,126,-1,64,14,18,1,64512,3.107188,1,"clFinish_profiled"
"OpenCL","COMPUTE","node_129","MUL_MAT","f32",-1,128,-1,896,18,1,1,64512,2.406667,1,"clFinish_profiled"
"OpenCL","COMPUTE","ffn_inp-3","ADD","f32",-1,129,-1,896,18,1,1,64512,0.779531,1,"clFinish_profiled"
"OpenCL","COMPUTE","ffn_gate-3","MUL_MAT","f32",-1,132,-1,4864,18,1,1,350208,7.659843,1,"clFinish_profiled"
"OpenCL","COMPUTE","ffn_up-3","MUL_MAT","f32",-1,133,-1,4864,18,1,1,350208,7.686927,1,"clFinish_profiled"
"OpenCL","COMPUTE","ffn_swiglu-3","GLU","f32",-1,134,-1,4864,18,1,1,350208,1.010729,1,"clFinish_profiled"
"OpenCL","COMPUTE","ffn_out-3","MUL_MAT","f32",-1,135,-1,896,18,1,1,64512,9.968385,1,"clFinish_profiled"
"OpenCL","COMPUTE","l_out-3","ADD","f32",-1,136,-1,896,18,1,1,64512,1.312656,1,"clFinish_profiled"
"OpenCL","COMPUTE","node_140","MUL_MAT","f32",-1,139,-1,896,18,1,1,64512,2.111823,1,"clFinish_profiled"
"OpenCL","COMPUTE","Qcur-4","ADD","f32",-1,140,-1,896,18,1,1,64512,1.249219,1,"clFinish_profiled"
"OpenCL","COMPUTE","Qcur-4","ROPE","f32",-1,142,-1,64,14,18,1,64512,0.808334,1,"clFinish_profiled"
"OpenCL","COMPUTE","node_144","MUL_MAT","f32",-1,143,-1,128,18,1,1,9216,0.647812,1,"clFinish_profiled"
"OpenCL","COMPUTE","Kcur-4","ADD","f32",-1,144,-1,128,18,1,1,9216,0.911510,1,"clFinish_profiled"
"OpenCL","COMPUTE","Kcur-4","ROPE","f32",-1,146,-1,64,2,18,1,9216,1.093489,1,"clFinish_profiled"
"OpenCL","COMPUTE","node_148","MUL_MAT","f32",-1,147,-1,128,18,1,1,9216,1.011458,1,"clFinish_profiled"
"OpenCL","COMPUTE","Vcur-4","ADD","f32",-1,148,-1,128,18,1,1,9216,0.448125,1,"clFinish_profiled"
"OpenCL","COMPUTE","cache_k_l4 (view)","SET_ROWS","f16",-1,151,-1,128,512,1,1,131072,0.414062,1,"clFinish_profiled"
"OpenCL","COMPUTE","cache_v_l4 (view)","SET_ROWS","f16",-1,153,-1,128,512,1,1,131072,0.404896,1,"clFinish_profiled"
"OpenCL","COMPUTE","__fattn__-4","FLASH_ATTN_EXT","f32",-1,160,-1,64,14,18,1,64512,2.672656,1,"clFinish_profiled"
"OpenCL","COMPUTE","node_163","MUL_MAT","f32",-1,162,-1,896,18,1,1,64512,2.043802,1,"clFinish_profiled"
"OpenCL","COMPUTE","ffn_inp-4","ADD","f32",-1,163,-1,896,18,1,1,64512,0.565730,1,"clFinish_profiled"
"OpenCL","COMPUTE","ffn_gate-4","MUL_MAT","f32",-1,166,-1,4864,18,1,1,350208,7.829271,1,"clFinish_profiled"
"OpenCL","COMPUTE","ffn_up-4","MUL_MAT","f32",-1,167,-1,4864,18,1,1,350208,7.409688,1,"clFinish_profiled"
"OpenCL","COMPUTE","ffn_swiglu-4","GLU","f32",-1,168,-1,4864,18,1,1,350208,0.991407,1,"clFinish_profiled"
"OpenCL","COMPUTE","ffn_out-4","MUL_MAT","f32",-1,169,-1,896,18,1,1,64512,6.968958,1,"clFinish_profiled"
"OpenCL","COMPUTE","l_out-4","ADD","f32",-1,170,-1,896,18,1,1,64512,0.916771,1,"clFinish_profiled"
"OpenCL","COMPUTE","node_174","MUL_MAT","f32",-1,173,-1,896,18,1,1,64512,2.171458,1,"clFinish_profiled"
"OpenCL","COMPUTE","Qcur-5","ADD","f32",-1,174,-1,896,18,1,1,64512,1.350677,1,"clFinish_profiled"
"OpenCL","COMPUTE","Qcur-5","ROPE","f32",-1,176,-1,64,14,18,1,64512,1.168907,1,"clFinish_profiled"
"OpenCL","COMPUTE","node_178","MUL_MAT","f32",-1,177,-1,128,18,1,1,9216,1.041615,1,"clFinish_profiled"
"OpenCL","COMPUTE","Kcur-5","ADD","f32",-1,178,-1,128,18,1,1,9216,1.063490,1,"clFinish_profiled"
"OpenCL","COMPUTE","Kcur-5","ROPE","f32",-1,180,-1,64,2,18,1,9216,0.880886,1,"clFinish_profiled"
"OpenCL","COMPUTE","node_182","MUL_MAT","f32",-1,181,-1,128,18,1,1,9216,1.003438,1,"clFinish_profiled"
"OpenCL","COMPUTE","Vcur-5","ADD","f32",-1,182,-1,128,18,1,1,9216,0.452604,1,"clFinish_profiled"
"OpenCL","COMPUTE","cache_k_l5 (view)","SET_ROWS","f16",-1,185,-1,128,512,1,1,131072,0.411459,1,"clFinish_profiled"
"OpenCL","COMPUTE","cache_v_l5 (view)","SET_ROWS","f16",-1,187,-1,128,512,1,1,131072,0.444010,1,"clFinish_profiled"
"OpenCL","COMPUTE","__fattn__-5","FLASH_ATTN_EXT","f32",-1,194,-1,64,14,18,1,64512,2.833229,1,"clFinish_profiled"
"OpenCL","COMPUTE","node_197","MUL_MAT","f32",-1,196,-1,896,18,1,1,64512,2.130937,1,"clFinish_profiled"
"OpenCL","COMPUTE","ffn_inp-5","ADD","f32",-1,197,-1,896,18,1,1,64512,0.972708,1,"clFinish_profiled"
"OpenCL","COMPUTE","ffn_gate-5","MUL_MAT","f32",-1,200,-1,4864,18,1,1,350208,8.144062,1,"clFinish_profiled"
"OpenCL","COMPUTE","ffn_up-5","MUL_MAT","f32",-1,201,-1,4864,18,1,1,350208,7.795053,1,"clFinish_profiled"
"OpenCL","COMPUTE","ffn_swiglu-5","GLU","f32",-1,202,-1,4864,18,1,1,350208,0.925312,1,"clFinish_profiled"
"OpenCL","COMPUTE","ffn_out-5","MUL_MAT","f32",-1,203,-1,896,18,1,1,64512,6.447969,1,"clFinish_profiled"
"OpenCL","COMPUTE","l_out-5","ADD","f32",-1,204,-1,896,18,1,1,64512,0.547448,1,"clFinish_profiled"
"OpenCL","COMPUTE","node_208","MUL_MAT","f32",-1,207,-1,896,18,1,1,64512,2.250886,1,"clFinish_profiled"
"OpenCL","COMPUTE","Qcur-6","ADD","f32",-1,208,-1,896,18,1,1,64512,0.973021,1,"clFinish_profiled"
"OpenCL","COMPUTE","Qcur-6","ROPE","f32",-1,210,-1,64,14,18,1,64512,0.986198,1,"clFinish_profiled"
"OpenCL","COMPUTE","node_212","MUL_MAT","f32",-1,211,-1,128,18,1,1,9216,1.406979,1,"clFinish_profiled"
"OpenCL","COMPUTE","Kcur-6","ADD","f32",-1,212,-1,128,18,1,1,9216,0.936458,1,"clFinish_profiled"
"OpenCL","COMPUTE","Kcur-6","ROPE","f32",-1,214,-1,64,2,18,1,9216,0.898542,1,"clFinish_profiled"
"OpenCL","COMPUTE","node_216","MUL_MAT","f32",-1,215,-1,128,18,1,1,9216,1.128073,1,"clFinish_profiled"
"OpenCL","COMPUTE","Vcur-6","ADD","f32",-1,216,-1,128,18,1,1,9216,0.527552,1,"clFinish_profiled"
"OpenCL","COMPUTE","cache_k_l6 (view)","SET_ROWS","f16",-1,219,-1,128,512,1,1,131072,0.923281,1,"clFinish_profiled"
"OpenCL","COMPUTE","cache_v_l6 (view)","SET_ROWS","f16",-1,221,-1,128,512,1,1,131072,0.923854,1,"clFinish_profiled"
"OpenCL","COMPUTE","__fattn__-6","FLASH_ATTN_EXT","f32",-1,228,-1,64,14,18,1,64512,2.867135,1,"clFinish_profiled"
"OpenCL","COMPUTE","node_231","MUL_MAT","f32",-1,230,-1,896,18,1,1,64512,2.235989,1,"clFinish_profiled"
"OpenCL","COMPUTE","ffn_inp-6","ADD","f32",-1,231,-1,896,18,1,1,64512,0.857812,1,"clFinish_profiled"
"OpenCL","COMPUTE","ffn_gate-6","MUL_MAT","f32",-1,234,-1,4864,18,1,1,350208,7.445000,1,"clFinish_profiled"
"OpenCL","COMPUTE","ffn_up-6","MUL_MAT","f32",-1,235,-1,4864,18,1,1,350208,7.753542,1,"clFinish_profiled"
"OpenCL","COMPUTE","ffn_swiglu-6","GLU","f32",-1,236,-1,4864,18,1,1,350208,0.653178,1,"clFinish_profiled"
"OpenCL","COMPUTE","ffn_out-6","MUL_MAT","f32",-1,237,-1,896,18,1,1,64512,7.006615,1,"clFinish_profiled"
"OpenCL","COMPUTE","l_out-6","ADD","f32",-1,238,-1,896,18,1,1,64512,6.128750,1,"clFinish_profiled"
"OpenCL","COMPUTE","node_242","MUL_MAT","f32",-1,241,-1,896,18,1,1,64512,2.393802,1,"clFinish_profiled"
"OpenCL","COMPUTE","Qcur-7","ADD","f32",-1,242,-1,896,18,1,1,64512,1.184271,1,"clFinish_profiled"
"OpenCL","COMPUTE","Qcur-7","ROPE","f32",-1,244,-1,64,14,18,1,64512,1.082396,1,"clFinish_profiled"
"OpenCL","COMPUTE","node_246","MUL_MAT","f32",-1,245,-1,128,18,1,1,9216,1.696927,1,"clFinish_profiled"
"OpenCL","COMPUTE","Kcur-7","ADD","f32",-1,246,-1,128,18,1,1,9216,1.746146,1,"clFinish_profiled"
"OpenCL","COMPUTE","Kcur-7","ROPE","f32",-1,248,-1,64,2,18,1,9216,0.903958,1,"clFinish_profiled"
"OpenCL","COMPUTE","node_250","MUL_MAT","f32",-1,249,-1,128,18,1,1,9216,1.007396,1,"clFinish_profiled"
"OpenCL","COMPUTE","Vcur-7","ADD","f32",-1,250,-1,128,18,1,1,9216,0.457500,1,"clFinish_profiled"
"OpenCL","COMPUTE","cache_k_l7 (view)","SET_ROWS","f16",-1,253,-1,128,512,1,1,131072,0.422760,1,"clFinish_profiled"
"OpenCL","COMPUTE","cache_v_l7 (view)","SET_ROWS","f16",-1,255,-1,128,512,1,1,131072,0.600260,1,"clFinish_profiled"
"OpenCL","COMPUTE","__fattn__-7","FLASH_ATTN_EXT","f32",-1,262,-1,64,14,18,1,64512,3.228854,1,"clFinish_profiled"
"OpenCL","COMPUTE","node_265","MUL_MAT","f32",-1,264,-1,896,18,1,1,64512,2.241094,1,"clFinish_profiled"
"OpenCL","COMPUTE","ffn_inp-7","ADD","f32",-1,265,-1,896,18,1,1,64512,0.960834,1,"clFinish_profiled"
"OpenCL","COMPUTE","ffn_gate-7","MUL_MAT","f32",-1,268,-1,4864,18,1,1,350208,7.804427,1,"clFinish_profiled"
"OpenCL","COMPUTE","ffn_up-7","MUL_MAT","f32",-1,269,-1,4864,18,1,1,350208,7.787396,1,"clFinish_profiled"
"OpenCL","COMPUTE","ffn_swiglu-7","GLU","f32",-1,270,-1,4864,18,1,1,350208,1.013073,1,"clFinish_profiled"
"OpenCL","COMPUTE","ffn_out-7","MUL_MAT","f32",-1,271,-1,896,18,1,1,64512,6.549219,1,"clFinish_profiled"
"OpenCL","COMPUTE","l_out-7","ADD","f32",-1,272,-1,896,18,1,1,64512,0.931354,1,"clFinish_profiled"
"OpenCL","COMPUTE","node_276","MUL_MAT","f32",-1,275,-1,896,18,1,1,64512,2.207239,1,"clFinish_profiled"
"OpenCL","COMPUTE","Qcur-8","ADD","f32",-1,276,-1,896,18,1,1,64512,0.903438,1,"clFinish_profiled"
"OpenCL","COMPUTE","Qcur-8","ROPE","f32",-1,278,-1,64,14,18,1,64512,0.825105,1,"clFinish_profiled"
"OpenCL","COMPUTE","node_280","MUL_MAT","f32",-1,279,-1,128,18,1,1,9216,0.867500,1,"clFinish_profiled"
"OpenCL","COMPUTE","Kcur-8","ADD","f32",-1,280,-1,128,18,1,1,9216,0.797448,1,"clFinish_profiled"
"OpenCL","COMPUTE","Kcur-8","ROPE","f32",-1,282,-1,64,2,18,1,9216,0.541875,1,"clFinish_profiled"
"OpenCL","COMPUTE","node_284","MUL_MAT","f32",-1,283,-1,128,18,1,1,9216,0.639427,1,"clFinish_profiled"
"OpenCL","COMPUTE","Vcur-8","ADD","f32",-1,284,-1,128,18,1,1,9216,0.421666,1,"clFinish_profiled"
"OpenCL","COMPUTE","cache_k_l8 (view)","SET_ROWS","f16",-1,287,-1,128,512,1,1,131072,0.429063,1,"clFinish_profiled"
"OpenCL","COMPUTE","cache_v_l8 (view)","SET_ROWS","f16",-1,289,-1,128,512,1,1,131072,0.419739,1,"clFinish_profiled"
"OpenCL","COMPUTE","__fattn__-8","FLASH_ATTN_EXT","f32",-1,296,-1,64,14,18,1,64512,2.992708,1,"clFinish_profiled"
"OpenCL","COMPUTE","node_299","MUL_MAT","f32",-1,298,-1,896,18,1,1,64512,2.093541,1,"clFinish_profiled"
"OpenCL","COMPUTE","ffn_inp-8","ADD","f32",-1,299,-1,896,18,1,1,64512,0.945417,1,"clFinish_profiled"
"OpenCL","COMPUTE","ffn_gate-8","MUL_MAT","f32",-1,302,-1,4864,18,1,1,350208,7.731354,1,"clFinish_profiled"
"OpenCL","COMPUTE","ffn_up-8","MUL_MAT","f32",-1,303,-1,4864,18,1,1,350208,8.179218,1,"clFinish_profiled"
"OpenCL","COMPUTE","ffn_swiglu-8","GLU","f32",-1,304,-1,4864,18,1,1,350208,0.921771,1,"clFinish_profiled"
"OpenCL","COMPUTE","ffn_out-8","MUL_MAT","f32",-1,305,-1,896,18,1,1,64512,7.029583,1,"clFinish_profiled"
"OpenCL","COMPUTE","l_out-8","ADD","f32",-1,306,-1,896,18,1,1,64512,0.869739,1,"clFinish_profiled"
"OpenCL","COMPUTE","node_310","MUL_MAT","f32",-1,309,-1,896,18,1,1,64512,2.400417,1,"clFinish_profiled"
"OpenCL","COMPUTE","Qcur-9","ADD","f32",-1,310,-1,896,18,1,1,64512,0.515260,1,"clFinish_profiled"
"OpenCL","COMPUTE","Qcur-9","ROPE","f32",-1,312,-1,64,14,18,1,64512,0.788229,1,"clFinish_profiled"
"OpenCL","COMPUTE","node_314","MUL_MAT","f32",-1,313,-1,128,18,1,1,9216,1.168333,1,"clFinish_profiled"
"OpenCL","COMPUTE","Kcur-9","ADD","f32",-1,314,-1,128,18,1,1,9216,0.877136,1,"clFinish_profiled"
"OpenCL","COMPUTE","Kcur-9","ROPE","f32",-1,316,-1,64,2,18,1,9216,0.540260,1,"clFinish_profiled"
"OpenCL","COMPUTE","node_318","MUL_MAT","f32",-1,317,-1,128,18,1,1,9216,1.092500,1,"clFinish_profiled"
"OpenCL","COMPUTE","Vcur-9","ADD","f32",-1,318,-1,128,18,1,1,9216,0.522605,1,"clFinish_profiled"
"OpenCL","COMPUTE","cache_k_l9 (view)","SET_ROWS","f16",-1,321,-1,128,512,1,1,131072,1.012396,1,"clFinish_profiled"
"OpenCL","COMPUTE","cache_v_l9 (view)","SET_ROWS","f16",-1,323,-1,128,512,1,1,131072,0.507136,1,"clFinish_profiled"
"OpenCL","COMPUTE","__fattn__-9","FLASH_ATTN_EXT","f32",-1,330,-1,64,14,18,1,64512,3.009948,1,"clFinish_profiled"
"OpenCL","COMPUTE","node_333","MUL_MAT","f32",-1,332,-1,896,18,1,1,64512,1.987969,1,"clFinish_profiled"
"OpenCL","COMPUTE","ffn_inp-9","ADD","f32",-1,333,-1,896,18,1,1,64512,0.828646,1,"clFinish_profiled"
"OpenCL","COMPUTE","ffn_gate-9","MUL_MAT","f32",-1,336,-1,4864,18,1,1,350208,7.444375,1,"clFinish_profiled"
"OpenCL","COMPUTE","ffn_up-9","MUL_MAT","f32",-1,337,-1,4864,18,1,1,350208,7.780156,1,"clFinish_profiled"
"OpenCL","COMPUTE","ffn_swiglu-9","GLU","f32",-1,338,-1,4864,18,1,1,350208,0.990209,1,"clFinish_profiled"
"OpenCL","COMPUTE","ffn_out-9","MUL_MAT","f32",-1,339,-1,896,18,1,1,64512,6.603593,1,"clFinish_profiled"
"OpenCL","COMPUTE","l_out-9","ADD","f32",-1,340,-1,896,18,1,1,64512,0.949011,1,"clFinish_profiled"
"OpenCL","COMPUTE","node_344","MUL_MAT","f32",-1,343,-1,896,18,1,1,64512,2.155417,1,"clFinish_profiled"
"OpenCL","COMPUTE","Qcur-10","ADD","f32",-1,344,-1,896,18,1,1,64512,1.019427,1,"clFinish_profiled"
"OpenCL","COMPUTE","Qcur-10","ROPE","f32",-1,346,-1,64,14,18,1,64512,0.534115,1,"clFinish_profiled"
"OpenCL","COMPUTE","node_348","MUL_MAT","f32",-1,347,-1,128,18,1,1,9216,1.490209,1,"clFinish_profiled"
"OpenCL","COMPUTE","Kcur-10","ADD","f32",-1,348,-1,128,18,1,1,9216,0.870365,1,"clFinish_profiled"
"OpenCL","COMPUTE","Kcur-10","ROPE","f32",-1,350,-1,64,2,18,1,9216,0.975000,1,"clFinish_profiled"
"OpenCL","COMPUTE","node_352","MUL_MAT","f32",-1,351,-1,128,18,1,1,9216,1.097291,1,"clFinish_profiled"
"OpenCL","COMPUTE","Vcur-10","ADD","f32",-1,352,-1,128,18,1,1,9216,0.437135,1,"clFinish_profiled"
"OpenCL","COMPUTE","cache_k_l10 (view)","SET_ROWS","f16",-1,355,-1,128,512,1,1,131072,0.493230,1,"clFinish_profiled"
"OpenCL","COMPUTE","cache_v_l10 (view)","SET_ROWS","f16",-1,357,-1,128,512,1,1,131072,0.916406,1,"clFinish_profiled"
"OpenCL","COMPUTE","__fattn__-10","FLASH_ATTN_EXT","f32",-1,364,-1,64,14,18,1,64512,3.219427,1,"clFinish_profiled"
"OpenCL","COMPUTE","node_367","MUL_MAT","f32",-1,366,-1,896,18,1,1,64512,2.207968,1,"clFinish_profiled"
"OpenCL","COMPUTE","ffn_inp-10","ADD","f32",-1,367,-1,896,18,1,1,64512,0.974739,1,"clFinish_profiled"
"OpenCL","COMPUTE","ffn_gate-10","MUL_MAT","f32",-1,370,-1,4864,18,1,1,350208,7.734583,1,"clFinish_profiled"
"OpenCL","COMPUTE","ffn_up-10","MUL_MAT","f32",-1,371,-1,4864,18,1,1,350208,7.306927,1,"clFinish_profiled"
"OpenCL","COMPUTE","ffn_swiglu-10","GLU","f32",-1,372,-1,4864,18,1,1,350208,0.966250,1,"clFinish_profiled"
"OpenCL","COMPUTE","ffn_out-10","MUL_MAT","f32",-1,373,-1,896,18,1,1,64512,7.020677,1,"clFinish_profiled"
"OpenCL","COMPUTE","l_out-10","ADD","f32",-1,374,-1,896,18,1,1,64512,0.915365,1,"clFinish_profiled"
"OpenCL","COMPUTE","node_378","MUL_MAT","f32",-1,377,-1,896,18,1,1,64512,2.497761,1,"clFinish_profiled"
"OpenCL","COMPUTE","Qcur-11","ADD","f32",-1,378,-1,896,18,1,1,64512,1.057291,1,"clFinish_profiled"
"OpenCL","COMPUTE","Qcur-11","ROPE","f32",-1,380,-1,64,14,18,1,64512,1.233542,1,"clFinish_profiled"
"OpenCL","COMPUTE","node_382","MUL_MAT","f32",-1,381,-1,128,18,1,1,9216,1.097448,1,"clFinish_profiled"
"OpenCL","COMPUTE","Kcur-11","ADD","f32",-1,382,-1,128,18,1,1,9216,0.897760,1,"clFinish_profiled"
"OpenCL","COMPUTE","Kcur-11","ROPE","f32",-1,384,-1,64,2,18,1,9216,0.534010,1,"clFinish_profiled"
"OpenCL","COMPUTE","node_386","MUL_MAT","f32",-1,385,-1,128,18,1,1,9216,1.124948,1,"clFinish_profiled"
"OpenCL","COMPUTE","Vcur-11","ADD","f32",-1,386,-1,128,18,1,1,9216,0.528334,1,"clFinish_profiled"
"OpenCL","COMPUTE","cache_k_l11 (view)","SET_ROWS","f16",-1,389,-1,128,512,1,1,131072,0.907709,1,"clFinish_profiled"
"OpenCL","COMPUTE","cache_v_l11 (view)","SET_ROWS","f16",-1,391,-1,128,512,1,1,131072,1.404896,1,"clFinish_profiled"
"OpenCL","COMPUTE","__fattn__-11","FLASH_ATTN_EXT","f32",-1,398,-1,64,14,18,1,64512,3.093750,1,"clFinish_profiled"
"OpenCL","COMPUTE","node_401","MUL_MAT","f32",-1,400,-1,896,18,1,1,64512,2.350573,1,"clFinish_profiled"
"OpenCL","COMPUTE","ffn_inp-11","ADD","f32",-1,401,-1,896,18,1,1,64512,0.796771,1,"clFinish_profiled"
"OpenCL","COMPUTE","ffn_gate-11","MUL_MAT","f32",-1,404,-1,4864,18,1,1,350208,7.432239,1,"clFinish_profiled"
"OpenCL","COMPUTE","ffn_up-11","MUL_MAT","f32",-1,405,-1,4864,18,1,1,350208,7.857344,1,"clFinish_profiled"
"OpenCL","COMPUTE","ffn_swiglu-11","GLU","f32",-1,406,-1,4864,18,1,1,350208,1.003490,1,"clFinish_profiled"
"OpenCL","COMPUTE","ffn_out-11","MUL_MAT","f32",-1,407,-1,896,18,1,1,64512,6.579427,1,"clFinish_profiled"
"OpenCL","COMPUTE","l_out-11","ADD","f32",-1,408,-1,896,18,1,1,64512,0.922604,1,"clFinish_profiled"
"OpenCL","COMPUTE","node_412","MUL_MAT","f32",-1,411,-1,896,18,1,1,64512,2.198906,1,"clFinish_profiled"
"OpenCL","COMPUTE","Qcur-12","ADD","f32",-1,412,-1,896,18,1,1,64512,0.589375,1,"clFinish_profiled"
"OpenCL","COMPUTE","Qcur-12","ROPE","f32",-1,414,-1,64,14,18,1,64512,0.889480,1,"clFinish_profiled"
"OpenCL","COMPUTE","node_416","MUL_MAT","f32",-1,415,-1,128,18,1,1,9216,1.227604,1,"clFinish_profiled"
"OpenCL","COMPUTE","Kcur-12","ADD","f32",-1,416,-1,128,18,1,1,9216,0.511458,1,"clFinish_profiled"
"OpenCL","COMPUTE","Kcur-12","ROPE","f32",-1,418,-1,64,2,18,1,9216,0.937344,1,"clFinish_profiled"
"OpenCL","COMPUTE","node_420","MUL_MAT","f32",-1,419,-1,128,18,1,1,9216,0.735781,1,"clFinish_profiled"
"OpenCL","COMPUTE","Vcur-12","ADD","f32",-1,420,-1,128,18,1,1,9216,0.911927,1,"clFinish_profiled"
"OpenCL","COMPUTE","cache_k_l12 (view)","SET_ROWS","f16",-1,423,-1,128,512,1,1,131072,0.538698,1,"clFinish_profiled"
"OpenCL","COMPUTE","cache_v_l12 (view)","SET_ROWS","f16",-1,425,-1,128,512,1,1,131072,0.920365,1,"clFinish_profiled"
"OpenCL","COMPUTE","__fattn__-12","FLASH_ATTN_EXT","f32",-1,432,-1,64,14,18,1,64512,3.073907,1,"clFinish_profiled"
"OpenCL","COMPUTE","node_435","MUL_MAT","f32",-1,434,-1,896,18,1,1,64512,2.503542,1,"clFinish_profiled"
"OpenCL","COMPUTE","ffn_inp-12","ADD","f32",-1,435,-1,896,18,1,1,64512,0.861875,1,"clFinish_profiled"
"OpenCL","COMPUTE","ffn_gate-12","MUL_MAT","f32",-1,438,-1,4864,18,1,1,350208,7.452395,1,"clFinish_profiled"
"OpenCL","COMPUTE","ffn_up-12","MUL_MAT","f32",-1,439,-1,4864,18,1,1,350208,8.043333,1,"clFinish_profiled"
"OpenCL","COMPUTE","ffn_swiglu-12","GLU","f32",-1,440,-1,4864,18,1,1,350208,0.941510,1,"clFinish_profiled"
"OpenCL","COMPUTE","ffn_out-12","MUL_MAT","f32",-1,441,-1,896,18,1,1,64512,7.000677,1,"clFinish_profiled"
"OpenCL","COMPUTE","l_out-12","ADD","f32",-1,442,-1,896,18,1,1,64512,1.510261,1,"clFinish_profiled"
"OpenCL","COMPUTE","node_446","MUL_MAT","f32",-1,445,-1,896,18,1,1,64512,2.373229,1,"clFinish_profiled"
"OpenCL","COMPUTE","Qcur-13","ADD","f32",-1,446,-1,896,18,1,1,64512,1.171979,1,"clFinish_profiled"
"OpenCL","COMPUTE","Qcur-13","ROPE","f32",-1,448,-1,64,14,18,1,64512,1.066771,1,"clFinish_profiled"
"OpenCL","COMPUTE","node_450","MUL_MAT","f32",-1,449,-1,128,18,1,1,9216,1.399584,1,"clFinish_profiled"
"OpenCL","COMPUTE","Kcur-13","ADD","f32",-1,450,-1,128,18,1,1,9216,0.931198,1,"clFinish_profiled"
"OpenCL","COMPUTE","Kcur-13","ROPE","f32",-1,452,-1,64,2,18,1,9216,0.857552,1,"clFinish_profiled"
"OpenCL","COMPUTE","node_454","MUL_MAT","f32",-1,453,-1,128,18,1,1,9216,1.118125,1,"clFinish_profiled"
"OpenCL","COMPUTE","Vcur-13","ADD","f32",-1,454,-1,128,18,1,1,9216,1.132500,1,"clFinish_profiled"
"OpenCL","COMPUTE","cache_k_l13 (view)","SET_ROWS","f16",-1,457,-1,128,512,1,1,131072,0.741719,1,"clFinish_profiled"
"OpenCL","COMPUTE","cache_v_l13 (view)","SET_ROWS","f16",-1,459,-1,128,512,1,1,131072,0.920938,1,"clFinish_profiled"
"OpenCL","COMPUTE","__fattn__-13","FLASH_ATTN_EXT","f32",-1,466,-1,64,14,18,1,64512,2.828490,1,"clFinish_profiled"
"OpenCL","COMPUTE","node_469","MUL_MAT","f32",-1,468,-1,896,18,1,1,64512,2.440729,1,"clFinish_profiled"
"OpenCL","COMPUTE","ffn_inp-13","ADD","f32",-1,469,-1,896,18,1,1,64512,0.814323,1,"clFinish_profiled"
"OpenCL","COMPUTE","ffn_gate-13","MUL_MAT","f32",-1,472,-1,4864,18,1,1,350208,7.772708,1,"clFinish_profiled"
"OpenCL","COMPUTE","ffn_up-13","MUL_MAT","f32",-1,473,-1,4864,18,1,1,350208,7.808646,1,"clFinish_profiled"
"OpenCL","COMPUTE","ffn_swiglu-13","GLU","f32",-1,474,-1,4864,18,1,1,350208,1.037343,1,"clFinish_profiled"
"OpenCL","COMPUTE","ffn_out-13","MUL_MAT","f32",-1,475,-1,896,18,1,1,64512,7.320364,1,"clFinish_profiled"
"OpenCL","COMPUTE","l_out-13","ADD","f32",-1,476,-1,896,18,1,1,64512,0.980208,1,"clFinish_profiled"
"OpenCL","COMPUTE","node_480","MUL_MAT","f32",-1,479,-1,896,18,1,1,64512,2.205260,1,"clFinish_profiled"
"OpenCL","COMPUTE","Qcur-14","ADD","f32",-1,480,-1,896,18,1,1,64512,0.807708,1,"clFinish_profiled"
"OpenCL","COMPUTE","Qcur-14","ROPE","f32",-1,482,-1,64,14,18,1,64512,0.552500,1,"clFinish_profiled"
"OpenCL","COMPUTE","node_484","MUL_MAT","f32",-1,483,-1,128,18,1,1,9216,1.157343,1,"clFinish_profiled"
"OpenCL","COMPUTE","Kcur-14","ADD","f32",-1,484,-1,128,18,1,1,9216,0.521458,1,"clFinish_profiled"
"OpenCL","COMPUTE","Kcur-14","ROPE","f32",-1,486,-1,64,2,18,1,9216,1.129062,1,"clFinish_profiled"
"OpenCL","COMPUTE","node_488","MUL_MAT","f32",-1,487,-1,128,18,1,1,9216,1.003803,1,"clFinish_profiled"
"OpenCL","COMPUTE","Vcur-14","ADD","f32",-1,488,-1,128,18,1,1,9216,0.480469,1,"clFinish_profiled"
"OpenCL","COMPUTE","cache_k_l14 (view)","SET_ROWS","f16",-1,491,-1,128,512,1,1,131072,0.427500,1,"clFinish_profiled"
"OpenCL","COMPUTE","cache_v_l14 (view)","SET_ROWS","f16",-1,493,-1,128,512,1,1,131072,0.422552,1,"clFinish_profiled"
"OpenCL","COMPUTE","__fattn__-14","FLASH_ATTN_EXT","f32",-1,500,-1,64,14,18,1,64512,2.652083,1,"clFinish_profiled"
"OpenCL","COMPUTE","node_503","MUL_MAT","f32",-1,502,-1,896,18,1,1,64512,2.381146,1,"clFinish_profiled"
"OpenCL","COMPUTE","ffn_inp-14","ADD","f32",-1,503,-1,896,18,1,1,64512,0.876875,1,"clFinish_profiled"
"OpenCL","COMPUTE","ffn_gate-14","MUL_MAT","f32",-1,506,-1,4864,18,1,1,350208,7.750468,1,"clFinish_profiled"
"OpenCL","COMPUTE","ffn_up-14","MUL_MAT","f32",-1,507,-1,4864,18,1,1,350208,8.342031,1,"clFinish_profiled"
"OpenCL","COMPUTE","ffn_swiglu-14","GLU","f32",-1,508,-1,4864,18,1,1,350208,1.120156,1,"clFinish_profiled"
"OpenCL","COMPUTE","ffn_out-14","MUL_MAT","f32",-1,509,-1,896,18,1,1,64512,6.938125,1,"clFinish_profiled"
"OpenCL","COMPUTE","l_out-14","ADD","f32",-1,510,-1,896,18,1,1,64512,0.870990,1,"clFinish_profiled"
"OpenCL","COMPUTE","node_514","MUL_MAT","f32",-1,513,-1,896,18,1,1,64512,2.129844,1,"clFinish_profiled"
"OpenCL","COMPUTE","Qcur-15","ADD","f32",-1,514,-1,896,18,1,1,64512,0.938281,1,"clFinish_profiled"
"OpenCL","COMPUTE","Qcur-15","ROPE","f32",-1,516,-1,64,14,18,1,64512,0.558125,1,"clFinish_profiled"
"OpenCL","COMPUTE","node_518","MUL_MAT","f32",-1,517,-1,128,18,1,1,9216,1.077187,1,"clFinish_profiled"
"OpenCL","COMPUTE","Kcur-15","ADD","f32",-1,518,-1,128,18,1,1,9216,0.525000,1,"clFinish_profiled"
"OpenCL","COMPUTE","Kcur-15","ROPE","f32",-1,520,-1,64,2,18,1,9216,1.152969,1,"clFinish_profiled"
"OpenCL","COMPUTE","node_522","MUL_MAT","f32",-1,521,-1,128,18,1,1,9216,1.035885,1,"clFinish_profiled"
"OpenCL","COMPUTE","Vcur-15","ADD","f32",-1,522,-1,128,18,1,1,9216,0.465937,1,"clFinish_profiled"
"OpenCL","COMPUTE","cache_k_l15 (view)","SET_ROWS","f16",-1,525,-1,128,512,1,1,131072,0.443542,1,"clFinish_profiled"
"OpenCL","COMPUTE","cache_v_l15 (view)","SET_ROWS","f16",-1,527,-1,128,512,1,1,131072,0.414583,1,"clFinish_profiled"
"OpenCL","COMPUTE","__fattn__-15","FLASH_ATTN_EXT","f32",-1,534,-1,64,14,18,1,64512,2.984427,1,"clFinish_profiled"
"OpenCL","COMPUTE","node_537","MUL_MAT","f32",-1,536,-1,896,18,1,1,64512,2.150886,1,"clFinish_profiled"
"OpenCL","COMPUTE","ffn_inp-15","ADD","f32",-1,537,-1,896,18,1,1,64512,0.923282,1,"clFinish_profiled"
"OpenCL","COMPUTE","ffn_gate-15","MUL_MAT","f32",-1,540,-1,4864,18,1,1,350208,7.791927,1,"clFinish_profiled"
"OpenCL","COMPUTE","ffn_up-15","MUL_MAT","f32",-1,541,-1,4864,18,1,1,350208,7.807604,1,"clFinish_profiled"
"OpenCL","COMPUTE","ffn_swiglu-15","GLU","f32",-1,542,-1,4864,18,1,1,350208,0.992969,1,"clFinish_profiled"
"OpenCL","COMPUTE","ffn_out-15","MUL_MAT","f32",-1,543,-1,896,18,1,1,64512,6.582968,1,"clFinish_profiled"
"OpenCL","COMPUTE","l_out-15","ADD","f32",-1,544,-1,896,18,1,1,64512,0.967708,1,"clFinish_profiled"
"OpenCL","COMPUTE","node_548","MUL_MAT","f32",-1,547,-1,896,18,1,1,64512,2.491667,1,"clFinish_profiled"
"OpenCL","COMPUTE","Qcur-16","ADD","f32",-1,548,-1,896,18,1,1,64512,1.045573,1,"clFinish_profiled"
"OpenCL","COMPUTE","Qcur-16","ROPE","f32",-1,550,-1,64,14,18,1,64512,1.175157,1,"clFinish_profiled"
"OpenCL","COMPUTE","node_552","MUL_MAT","f32",-1,551,-1,128,18,1,1,9216,1.298125,1,"clFinish_profiled"
"OpenCL","COMPUTE","Kcur-16","ADD","f32",-1,552,-1,128,18,1,1,9216,0.851354,1,"clFinish_profiled"
"OpenCL","COMPUTE","Kcur-16","ROPE","f32",-1,554,-1,64,2,18,1,9216,0.976667,1,"clFinish_profiled"
"OpenCL","COMPUTE","node_556","MUL_MAT","f32",-1,555,-1,128,18,1,1,9216,1.099167,1,"clFinish_profiled"
"OpenCL","COMPUTE","Vcur-16","ADD","f32",-1,556,-1,128,18,1,1,9216,0.519635,1,"clFinish_profiled"
"OpenCL","COMPUTE","cache_k_l16 (view)","SET_ROWS","f16",-1,559,-1,128,512,1,1,131072,0.914792,1,"clFinish_profiled"
"OpenCL","COMPUTE","cache_v_l16 (view)","SET_ROWS","f16",-1,561,-1,128,512,1,1,131072,0.535469,1,"clFinish_profiled"
"OpenCL","COMPUTE","__fattn__-16","FLASH_ATTN_EXT","f32",-1,568,-1,64,14,18,1,64512,3.174375,1,"clFinish_profiled"
"OpenCL","COMPUTE","node_571","MUL_MAT","f32",-1,570,-1,896,18,1,1,64512,2.367136,1,"clFinish_profiled"
"OpenCL","COMPUTE","ffn_inp-16","ADD","f32",-1,571,-1,896,18,1,1,64512,0.932136,1,"clFinish_profiled"
"OpenCL","COMPUTE","ffn_gate-16","MUL_MAT","f32",-1,574,-1,4864,18,1,1,350208,7.791511,1,"clFinish_profiled"
"OpenCL","COMPUTE","ffn_up-16","MUL_MAT","f32",-1,575,-1,4864,18,1,1,350208,7.700261,1,"clFinish_profiled"
"OpenCL","COMPUTE","ffn_swiglu-16","GLU","f32",-1,576,-1,4864,18,1,1,350208,0.989219,1,"clFinish_profiled"
"OpenCL","COMPUTE","ffn_out-16","MUL_MAT","f32",-1,577,-1,896,18,1,1,64512,6.566614,1,"clFinish_profiled"
"OpenCL","COMPUTE","l_out-16","ADD","f32",-1,578,-1,896,18,1,1,64512,0.980677,1,"clFinish_profiled"
"OpenCL","COMPUTE","node_582","MUL_MAT","f32",-1,581,-1,896,18,1,1,64512,2.210573,1,"clFinish_profiled"
"OpenCL","COMPUTE","Qcur-17","ADD","f32",-1,582,-1,896,18,1,1,64512,0.543541,1,"clFinish_profiled"
"OpenCL","COMPUTE","Qcur-17","ROPE","f32",-1,584,-1,64,14,18,1,64512,0.933541,1,"clFinish_profiled"
"OpenCL","COMPUTE","node_586","MUL_MAT","f32",-1,585,-1,128,18,1,1,9216,0.785365,1,"clFinish_profiled"
"OpenCL","COMPUTE","Kcur-17","ADD","f32",-1,586,-1,128,18,1,1,9216,0.864115,1,"clFinish_profiled"
"OpenCL","COMPUTE","Kcur-17","ROPE","f32",-1,588,-1,64,2,18,1,9216,0.536511,1,"clFinish_profiled"
"OpenCL","COMPUTE","node_590","MUL_MAT","f32",-1,589,-1,128,18,1,1,9216,0.631406,1,"clFinish_profiled"
"OpenCL","COMPUTE","Vcur-17","ADD","f32",-1,590,-1,128,18,1,1,9216,0.882240,1,"clFinish_profiled"
"OpenCL","COMPUTE","cache_k_l17 (view)","SET_ROWS","f16",-1,593,-1,128,512,1,1,131072,0.579843,1,"clFinish_profiled"
"OpenCL","COMPUTE","cache_v_l17 (view)","SET_ROWS","f16",-1,595,-1,128,512,1,1,131072,0.921875,1,"clFinish_profiled"
"OpenCL","COMPUTE","__fattn__-17","FLASH_ATTN_EXT","f32",-1,602,-1,64,14,18,1,64512,2.575729,1,"clFinish_profiled"
"OpenCL","COMPUTE","node_605","MUL_MAT","f32",-1,604,-1,896,18,1,1,64512,2.636458,1,"clFinish_profiled"
"OpenCL","COMPUTE","ffn_inp-17","ADD","f32",-1,605,-1,896,18,1,1,64512,0.873906,1,"clFinish_profiled"
"OpenCL","COMPUTE","ffn_gate-17","MUL_MAT","f32",-1,608,-1,4864,18,1,1,350208,7.822552,1,"clFinish_profiled"
"OpenCL","COMPUTE","ffn_up-17","MUL_MAT","f32",-1,609,-1,4864,18,1,1,350208,8.257552,1,"clFinish_profiled"
"OpenCL","COMPUTE","ffn_swiglu-17","GLU","f32",-1,610,-1,4864,18,1,1,350208,1.472343,1,"clFinish_profiled"
"OpenCL","COMPUTE","ffn_out-17","MUL_MAT","f32",-1,611,-1,896,18,1,1,64512,7.221927,1,"clFinish_profiled"
"OpenCL","COMPUTE","l_out-17","ADD","f32",-1,612,-1,896,18,1,1,64512,0.923229,1,"clFinish_profiled"
"OpenCL","COMPUTE","node_616","MUL_MAT","f32",-1,615,-1,896,18,1,1,64512,2.599636,1,"clFinish_profiled"
"OpenCL","COMPUTE","Qcur-18","ADD","f32",-1,616,-1,896,18,1,1,64512,1.197552,1,"clFinish_profiled"
"OpenCL","COMPUTE","Qcur-18","ROPE","f32",-1,618,-1,64,14,18,1,64512,0.852605,1,"clFinish_profiled"
"OpenCL","COMPUTE","node_620","MUL_MAT","f32",-1,619,-1,128,18,1,1,9216,1.071459,1,"clFinish_profiled"
"OpenCL","COMPUTE","Kcur-18","ADD","f32",-1,620,-1,128,18,1,1,9216,0.532292,1,"clFinish_profiled"
"OpenCL","COMPUTE","Kcur-18","ROPE","f32",-1,622,-1,64,2,18,1,9216,0.937865,1,"clFinish_profiled"
"OpenCL","COMPUTE","node_624","MUL_MAT","f32",-1,623,-1,128,18,1,1,9216,1.090834,1,"clFinish_profiled"
"OpenCL","COMPUTE","Vcur-18","ADD","f32",-1,624,-1,128,18,1,1,9216,0.536146,1,"clFinish_profiled"
"OpenCL","COMPUTE","cache_k_l18 (view)","SET_ROWS","f16",-1,627,-1,128,512,1,1,131072,0.949583,1,"clFinish_profiled"
"OpenCL","COMPUTE","cache_v_l18 (view)","SET_ROWS","f16",-1,629,-1,128,512,1,1,131072,0.523021,1,"clFinish_profiled"
"OpenCL","COMPUTE","__fattn__-18","FLASH_ATTN_EXT","f32",-1,636,-1,64,14,18,1,64512,3.230730,1,"clFinish_profiled"
"OpenCL","COMPUTE","node_639","MUL_MAT","f32",-1,638,-1,896,18,1,1,64512,2.177865,1,"clFinish_profiled"
"OpenCL","COMPUTE","ffn_inp-18","ADD","f32",-1,639,-1,896,18,1,1,64512,0.978333,1,"clFinish_profiled"
"OpenCL","COMPUTE","ffn_gate-18","MUL_MAT","f32",-1,642,-1,4864,18,1,1,350208,7.784375,1,"clFinish_profiled"
"OpenCL","COMPUTE","ffn_up-18","MUL_MAT","f32",-1,643,-1,4864,18,1,1,350208,7.961406,1,"clFinish_profiled"
"OpenCL","COMPUTE","ffn_swiglu-18","GLU","f32",-1,644,-1,4864,18,1,1,350208,0.905208,1,"clFinish_profiled"
"OpenCL","COMPUTE","ffn_out-18","MUL_MAT","f32",-1,645,-1,896,18,1,1,64512,6.594115,1,"clFinish_profiled"
"OpenCL","COMPUTE","l_out-18","ADD","f32",-1,646,-1,896,18,1,1,64512,0.944375,1,"clFinish_profiled"
"OpenCL","COMPUTE","node_650","MUL_MAT","f32",-1,649,-1,896,18,1,1,64512,2.264636,1,"clFinish_profiled"
"OpenCL","COMPUTE","Qcur-19","ADD","f32",-1,650,-1,896,18,1,1,64512,0.908386,1,"clFinish_profiled"
"OpenCL","COMPUTE","Qcur-19","ROPE","f32",-1,652,-1,64,14,18,1,64512,0.599219,1,"clFinish_profiled"
"OpenCL","COMPUTE","node_654","MUL_MAT","f32",-1,653,-1,128,18,1,1,9216,1.018750,1,"clFinish_profiled"
"OpenCL","COMPUTE","Kcur-19","ADD","f32",-1,654,-1,128,18,1,1,9216,0.530157,1,"clFinish_profiled"
"OpenCL","COMPUTE","Kcur-19","ROPE","f32",-1,656,-1,64,2,18,1,9216,0.915729,1,"clFinish_profiled"
"OpenCL","COMPUTE","node_658","MUL_MAT","f32",-1,657,-1,128,18,1,1,9216,0.758802,1,"clFinish_profiled"
"OpenCL","COMPUTE","Vcur-19","ADD","f32",-1,658,-1,128,18,1,1,9216,0.886198,1,"clFinish_profiled"
"OpenCL","COMPUTE","cache_k_l19 (view)","SET_ROWS","f16",-1,661,-1,128,512,1,1,131072,0.529688,1,"clFinish_profiled"
"OpenCL","COMPUTE","cache_v_l19 (view)","SET_ROWS","f16",-1,663,-1,128,512,1,1,131072,1.116303,1,"clFinish_profiled"
"OpenCL","COMPUTE","__fattn__-19","FLASH_ATTN_EXT","f32",-1,670,-1,64,14,18,1,64512,3.017865,1,"clFinish_profiled"
"OpenCL","COMPUTE","node_673","MUL_MAT","f32",-1,672,-1,896,18,1,1,64512,2.238854,1,"clFinish_profiled"
"OpenCL","COMPUTE","ffn_inp-19","ADD","f32",-1,673,-1,896,18,1,1,64512,0.970989,1,"clFinish_profiled"
"OpenCL","COMPUTE","ffn_gate-19","MUL_MAT","f32",-1,676,-1,4864,18,1,1,350208,7.752500,1,"clFinish_profiled"
"OpenCL","COMPUTE","ffn_up-19","MUL_MAT","f32",-1,677,-1,4864,18,1,1,350208,7.762812,1,"clFinish_profiled"
"OpenCL","COMPUTE","ffn_swiglu-19","GLU","f32",-1,678,-1,4864,18,1,1,350208,0.635312,1,"clFinish_profiled"
"OpenCL","COMPUTE","ffn_out-19","MUL_MAT","f32",-1,679,-1,896,18,1,1,64512,10.162292,1,"clFinish_profiled"
"OpenCL","COMPUTE","l_out-19","ADD","f32",-1,680,-1,896,18,1,1,64512,1.504011,1,"clFinish_profiled"
"OpenCL","COMPUTE","node_684","MUL_MAT","f32",-1,683,-1,896,18,1,1,64512,2.494791,1,"clFinish_profiled"
"OpenCL","COMPUTE","Qcur-20","ADD","f32",-1,684,-1,896,18,1,1,64512,1.353542,1,"clFinish_profiled"
"OpenCL","COMPUTE","Qcur-20","ROPE","f32",-1,686,-1,64,14,18,1,64512,0.880469,1,"clFinish_profiled"
"OpenCL","COMPUTE","node_688","MUL_MAT","f32",-1,687,-1,128,18,1,1,9216,1.460365,1,"clFinish_profiled"
"OpenCL","COMPUTE","Kcur-20","ADD","f32",-1,688,-1,128,18,1,1,9216,0.747240,1,"clFinish_profiled"
"OpenCL","COMPUTE","Kcur-20","ROPE","f32",-1,690,-1,64,2,18,1,9216,0.450937,1,"clFinish_profiled"
"OpenCL","COMPUTE","node_692","MUL_MAT","f32",-1,691,-1,128,18,1,1,9216,0.641823,1,"clFinish_profiled"
"OpenCL","COMPUTE","Vcur-20","ADD","f32",-1,692,-1,128,18,1,1,9216,0.409115,1,"clFinish_profiled"
"OpenCL","COMPUTE","cache_k_l20 (view)","SET_ROWS","f16",-1,695,-1,128,512,1,1,131072,0.413490,1,"clFinish_profiled"
"OpenCL","COMPUTE","cache_v_l20 (view)","SET_ROWS","f16",-1,697,-1,128,512,1,1,131072,0.403802,1,"clFinish_profiled"
"OpenCL","COMPUTE","__fattn__-20","FLASH_ATTN_EXT","f32",-1,704,-1,64,14,18,1,64512,2.983802,1,"clFinish_profiled"
"OpenCL","COMPUTE","node_707","MUL_MAT","f32",-1,706,-1,896,18,1,1,64512,2.109792,1,"clFinish_profiled"
"OpenCL","COMPUTE","ffn_inp-20","ADD","f32",-1,707,-1,896,18,1,1,64512,0.955104,1,"clFinish_profiled"
"OpenCL","COMPUTE","ffn_gate-20","MUL_MAT","f32",-1,710,-1,4864,18,1,1,350208,7.882396,1,"clFinish_profiled"
"OpenCL","COMPUTE","ffn_up-20","MUL_MAT","f32",-1,711,-1,4864,18,1,1,350208,7.669479,1,"clFinish_profiled"
"OpenCL","COMPUTE","ffn_swiglu-20","GLU","f32",-1,712,-1,4864,18,1,1,350208,0.668230,1,"clFinish_profiled"
"OpenCL","COMPUTE","ffn_out-20","MUL_MAT","f32",-1,713,-1,896,18,1,1,64512,6.986198,1,"clFinish_profiled"
"OpenCL","COMPUTE","l_out-20","ADD","f32",-1,714,-1,896,18,1,1,64512,0.935781,1,"clFinish_profiled"
"OpenCL","COMPUTE","node_718","MUL_MAT","f32",-1,717,-1,896,18,1,1,64512,2.219063,1,"clFinish_profiled"
"OpenCL","COMPUTE","Qcur-21","ADD","f32",-1,718,-1,896,18,1,1,64512,0.540938,1,"clFinish_profiled"
"OpenCL","COMPUTE","Qcur-21","ROPE","f32",-1,720,-1,64,14,18,1,64512,0.944896,1,"clFinish_profiled"
"OpenCL","COMPUTE","node_722","MUL_MAT","f32",-1,721,-1,128,18,1,1,9216,0.732344,1,"clFinish_profiled"
"OpenCL","COMPUTE","Kcur-21","ADD","f32",-1,722,-1,128,18,1,1,9216,0.959219,1,"clFinish_profiled"
"OpenCL","COMPUTE","Kcur-21","ROPE","f32",-1,724,-1,64,2,18,1,9216,0.897917,1,"clFinish_profiled"
"OpenCL","COMPUTE","node_726","MUL_MAT","f32",-1,725,-1,128,18,1,1,9216,0.975312,1,"clFinish_profiled"
"OpenCL","COMPUTE","Vcur-21","ADD","f32",-1,726,-1,128,18,1,1,9216,0.720417,1,"clFinish_profiled"
"OpenCL","COMPUTE","cache_k_l21 (view)","SET_ROWS","f16",-1,729,-1,128,512,1,1,131072,0.527136,1,"clFinish_profiled"
"OpenCL","COMPUTE","cache_v_l21 (view)","SET_ROWS","f16",-1,731,-1,128,512,1,1,131072,0.918750,1,"clFinish_profiled"
"OpenCL","COMPUTE","__fattn__-21","FLASH_ATTN_EXT","f32",-1,738,-1,64,14,18,1,64512,3.207604,1,"clFinish_profiled"
"OpenCL","COMPUTE","node_741","MUL_MAT","f32",-1,740,-1,896,18,1,1,64512,1.859062,1,"clFinish_profiled"
"OpenCL","COMPUTE","ffn_inp-21","ADD","f32",-1,741,-1,896,18,1,1,64512,0.920312,1,"clFinish_profiled"
"OpenCL","COMPUTE","ffn_gate-21","MUL_MAT","f32",-1,744,-1,4864,18,1,1,350208,7.780989,1,"clFinish_profiled"
"OpenCL","COMPUTE","ffn_up-21","MUL_MAT","f32",-1,745,-1,4864,18,1,1,350208,11.158334,1,"clFinish_profiled"
"OpenCL","COMPUTE","ffn_swiglu-21","GLU","f32",-1,746,-1,4864,18,1,1,350208,1.367916,1,"clFinish_profiled"
"OpenCL","COMPUTE","ffn_out-21","MUL_MAT","f32",-1,747,-1,896,18,1,1,64512,7.353854,1,"clFinish_profiled"
"OpenCL","COMPUTE","l_out-21","ADD","f32",-1,748,-1,896,18,1,1,64512,1.006614,1,"clFinish_profiled"
"OpenCL","COMPUTE","node_752","MUL_MAT","f32",-1,751,-1,896,18,1,1,64512,2.085260,1,"clFinish_profiled"
"OpenCL","COMPUTE","Qcur-22","ADD","f32",-1,752,-1,896,18,1,1,64512,0.537084,1,"clFinish_profiled"
"OpenCL","COMPUTE","Qcur-22","ROPE","f32",-1,754,-1,64,14,18,1,64512,0.938959,1,"clFinish_profiled"
"OpenCL","COMPUTE","node_756","MUL_MAT","f32",-1,755,-1,128,18,1,1,9216,0.876146,1,"clFinish_profiled"
"OpenCL","COMPUTE","Kcur-22","ADD","f32",-1,756,-1,128,18,1,1,9216,0.776719,1,"clFinish_profiled"
"OpenCL","COMPUTE","Kcur-22","ROPE","f32",-1,758,-1,64,2,18,1,9216,0.525729,1,"clFinish_profiled"
"OpenCL","COMPUTE","node_760","MUL_MAT","f32",-1,759,-1,128,18,1,1,9216,1.113906,1,"clFinish_profiled"
"OpenCL","COMPUTE","Vcur-22","ADD","f32",-1,760,-1,128,18,1,1,9216,0.621718,1,"clFinish_profiled"
"OpenCL","COMPUTE","cache_k_l22 (view)","SET_ROWS","f16",-1,763,-1,128,512,1,1,131072,1.152083,1,"clFinish_profiled"
"OpenCL","COMPUTE","cache_v_l22 (view)","SET_ROWS","f16",-1,765,-1,128,512,1,1,131072,0.827031,1,"clFinish_profiled"
"OpenCL","COMPUTE","__fattn__-22","FLASH_ATTN_EXT","f32",-1,772,-1,64,14,18,1,64512,2.711094,1,"clFinish_profiled"
"OpenCL","COMPUTE","node_775","MUL_MAT","f32",-1,774,-1,896,18,1,1,64512,2.229792,1,"clFinish_profiled"
"OpenCL","COMPUTE","ffn_inp-22","ADD","f32",-1,775,-1,896,18,1,1,64512,0.845573,1,"clFinish_profiled"
"OpenCL","COMPUTE","ffn_gate-22","MUL_MAT","f32",-1,778,-1,4864,18,1,1,350208,7.534375,1,"clFinish_profiled"
"OpenCL","COMPUTE","ffn_up-22","MUL_MAT","f32",-1,779,-1,4864,18,1,1,350208,7.849635,1,"clFinish_profiled"
"OpenCL","COMPUTE","ffn_swiglu-22","GLU","f32",-1,780,-1,4864,18,1,1,350208,0.959583,1,"clFinish_profiled"
"OpenCL","COMPUTE","ffn_out-22","MUL_MAT","f32",-1,781,-1,896,18,1,1,64512,6.621250,1,"clFinish_profiled"
"OpenCL","COMPUTE","l_out-22","ADD","f32",-1,782,-1,896,18,1,1,64512,0.923490,1,"clFinish_profiled"
"OpenCL","COMPUTE","node_786","MUL_MAT","f32",-1,785,-1,896,18,1,1,64512,7.640104,1,"clFinish_profiled"
"OpenCL","COMPUTE","Qcur-23","ADD","f32",-1,786,-1,896,18,1,1,64512,1.711823,1,"clFinish_profiled"
"OpenCL","COMPUTE","Qcur-23","ROPE","f32",-1,788,-1,64,14,18,1,64512,0.981302,1,"clFinish_profiled"
"OpenCL","COMPUTE","node_790","MUL_MAT","f32",-1,789,-1,128,18,1,1,9216,1.115521,1,"clFinish_profiled"
"OpenCL","COMPUTE","Kcur-23","ADD","f32",-1,790,-1,128,18,1,1,9216,0.519167,1,"clFinish_profiled"
"OpenCL","COMPUTE","Kcur-23","ROPE","f32",-1,792,-1,64,2,18,1,9216,0.905156,1,"clFinish_profiled"
"OpenCL","COMPUTE","node_794","MUL_MAT","f32",-1,793,-1,128,18,1,1,9216,0.738177,1,"clFinish_profiled"
"OpenCL","COMPUTE","Vcur-23","ADD","f32",-1,794,-1,128,18,1,1,9216,1.018333,1,"clFinish_profiled"
"OpenCL","COMPUTE","cache_k_l23 (view)","SET_ROWS","f16",-1,797,-1,128,512,1,1,131072,0.790886,1,"clFinish_profiled"
"OpenCL","COMPUTE","cache_v_l23 (view)","SET_ROWS","f16",-1,799,-1,128,512,1,1,131072,0.981719,1,"clFinish_profiled"
"OpenCL","COMPUTE","__fattn__-23","FLASH_ATTN_EXT","f32",-1,806,-1,64,14,18,1,64512,3.221667,1,"clFinish_profiled"
"OpenCL","COMPUTE","node_809","MUL_MAT","f32",-1,808,-1,896,18,1,1,64512,1.968438,1,"clFinish_profiled"
"OpenCL","COMPUTE","node_810","GET_ROWS","f32",-1,809,-1,896,1,1,1,3584,0.626302,1,"clFinish_profiled"
"OpenCL","COMPUTE","node_811","GET_ROWS","f32",-1,810,-1,896,1,1,1,3584,0.363177,1,"clFinish_profiled"
"OpenCL","COMPUTE","ffn_inp-23","ADD","f32",-1,811,-1,896,1,1,1,3584,0.389166,1,"clFinish_profiled"
"OpenCL","COMPUTE","ffn_gate-23","MUL_MAT","f32",-1,814,-1,4864,1,1,1,19456,0.729218,1,"clFinish_profiled"
"OpenCL","COMPUTE","ffn_up-23","MUL_MAT","f32",-1,815,-1,4864,1,1,1,19456,0.655938,1,"clFinish_profiled"
"OpenCL","COMPUTE","ffn_swiglu-23","GLU","f32",-1,816,-1,4864,1,1,1,19456,0.345729,1,"clFinish_profiled"
"OpenCL","COMPUTE","ffn_out-23","MUL_MAT","f32",-1,817,-1,896,1,1,1,3584,0.755782,1,"clFinish_profiled"
"OpenCL","COMPUTE","l_out-23","ADD","f32",-1,818,-1,896,1,1,1,3584,0.348334,1,"clFinish_profiled"
"OpenCL","COMPUTE","result_output","MUL_MAT","f32",-1,821,-1,151936,1,1,1,607744,8.774479,1,"clFinish_profiled"
"CPU_Elastic","COMPUTE_GRAPH","ggml_cgraph","GRAPH","",-1,1,-1,0,0,0,0,0,0.018959,1,"delegate_cpu_graph"
"OpenCL","COMPUTE","node_3","MUL_MAT","f32",-1,2,-1,896,1,1,1,3584,0.762396,1,"clFinish_profiled"
"OpenCL","COMPUTE","Qcur-0","ADD","f32",-1,3,-1,896,1,1,1,3584,0.451979,1,"clFinish_profiled"
"OpenCL","COMPUTE","Qcur-0","ROPE","f32",-1,5,-1,64,14,1,1,3584,0.377344,1,"clFinish_profiled"
"OpenCL","COMPUTE","node_7","MUL_MAT","f32",-1,6,-1,128,1,1,1,512,0.338855,1,"clFinish_profiled"
"OpenCL","COMPUTE","Kcur-0","ADD","f32",-1,7,-1,128,1,1,1,512,0.293542,1,"clFinish_profiled"
"OpenCL","COMPUTE","Kcur-0","ROPE","f32",-1,9,-1,64,2,1,1,512,0.292657,1,"clFinish_profiled"
"OpenCL","COMPUTE","node_11","MUL_MAT","f32",-1,10,-1,128,1,1,1,512,0.362187,1,"clFinish_profiled"
"OpenCL","COMPUTE","Vcur-0","ADD","f32",-1,11,-1,128,1,1,1,512,0.285261,1,"clFinish_profiled"
"OpenCL","COMPUTE","cache_k_l0 (view)","SET_ROWS","f16",-1,14,-1,128,512,1,1,131072,0.261823,1,"clFinish_profiled"
"OpenCL","COMPUTE","cache_v_l0 (view)","SET_ROWS","f16",-1,16,-1,128,512,1,1,131072,0.310573,1,"clFinish_profiled"
"OpenCL","COMPUTE"," (copy)","CPY","f16",-1,23,-1,256,64,1,1,32768,0.325312,1,"clFinish_profiled"
"OpenCL","COMPUTE","__fattn__-0","FLASH_ATTN_EXT","f32",-1,24,-1,64,14,1,1,3584,0.625625,1,"clFinish_profiled"
"OpenCL","COMPUTE","node_27","MUL_MAT","f32",-1,26,-1,896,1,1,1,3584,0.408750,1,"clFinish_profiled"
"OpenCL","COMPUTE","ffn_inp-0","ADD","f32",-1,27,-1,896,1,1,1,3584,0.291979,1,"clFinish_profiled"
"OpenCL","COMPUTE","ffn_gate-0","MUL_MAT","f32",-1,30,-1,4864,1,1,1,19456,0.665677,1,"clFinish_profiled"
"OpenCL","COMPUTE","ffn_up-0","MUL_MAT","f32",-1,31,-1,4864,1,1,1,19456,0.727500,1,"clFinish_profiled"
"OpenCL","COMPUTE","ffn_swiglu-0","GLU","f32",-1,32,-1,4864,1,1,1,19456,0.702552,1,"clFinish_profiled"
"OpenCL","COMPUTE","ffn_out-0","MUL_MAT","f32",-1,33,-1,896,1,1,1,3584,0.723229,1,"clFinish_profiled"
"OpenCL","COMPUTE","l_out-0","ADD","f32",-1,34,-1,896,1,1,1,3584,0.299010,1,"clFinish_profiled"
"OpenCL","COMPUTE","node_38","MUL_MAT","f32",-1,37,-1,896,1,1,1,3584,0.450520,1,"clFinish_profiled"
"OpenCL","COMPUTE","Qcur-1","ADD","f32",-1,38,-1,896,1,1,1,3584,0.266823,1,"clFinish_profiled"
"OpenCL","COMPUTE","Qcur-1","ROPE","f32",-1,40,-1,64,14,1,1,3584,0.276771,1,"clFinish_profiled"
"OpenCL","COMPUTE","node_42","MUL_MAT","f32",-1,41,-1,128,1,1,1,512,0.296510,1,"clFinish_profiled"
"OpenCL","COMPUTE","Kcur-1","ADD","f32",-1,42,-1,128,1,1,1,512,0.262552,1,"clFinish_profiled"
"OpenCL","COMPUTE","Kcur-1","ROPE","f32",-1,44,-1,64,2,1,1,512,0.271250,1,"clFinish_profiled"
"OpenCL","COMPUTE","node_46","MUL_MAT","f32",-1,45,-1,128,1,1,1,512,0.305834,1,"clFinish_profiled"
"OpenCL","COMPUTE","Vcur-1","ADD","f32",-1,46,-1,128,1,1,1,512,0.263594,1,"clFinish_profiled"
"OpenCL","COMPUTE","cache_k_l1 (view)","SET_ROWS","f16",-1,49,-1,128,512,1,1,131072,0.266042,1,"clFinish_profiled"
"OpenCL","COMPUTE","cache_v_l1 (view)","SET_ROWS","f16",-1,51,-1,128,512,1,1,131072,0.270677,1,"clFinish_profiled"
"OpenCL","COMPUTE","__fattn__-1","FLASH_ATTN_EXT","f32",-1,58,-1,64,14,1,1,3584,0.652448,1,"clFinish_profiled"
"OpenCL","COMPUTE","node_61","MUL_MAT","f32",-1,60,-1,896,1,1,1,3584,0.361823,1,"clFinish_profiled"
"OpenCL","COMPUTE","ffn_inp-1","ADD","f32",-1,61,-1,896,1,1,1,3584,0.260937,1,"clFinish_profiled"
"OpenCL","COMPUTE","ffn_gate-1","MUL_MAT","f32",-1,64,-1,4864,1,1,1,19456,0.638906,1,"clFinish_profiled"
"OpenCL","COMPUTE","ffn_up-1","MUL_MAT","f32",-1,65,-1,4864,1,1,1,19456,0.599740,1,"clFinish_profiled"
"OpenCL","COMPUTE","ffn_swiglu-1","GLU","f32",-1,66,-1,4864,1,1,1,19456,0.287657,1,"clFinish_profiled"
"OpenCL","COMPUTE","ffn_out-1","MUL_MAT","f32",-1,67,-1,896,1,1,1,3584,0.651041,1,"clFinish_profiled"
"OpenCL","COMPUTE","l_out-1","ADD","f32",-1,68,-1,896,1,1,1,3584,0.262553,1,"clFinish_profiled"
"OpenCL","COMPUTE","node_72","MUL_MAT","f32",-1,71,-1,896,1,1,1,3584,0.383802,1,"clFinish_profiled"
"OpenCL","COMPUTE","Qcur-2","ADD","f32",-1,72,-1,896,1,1,1,3584,0.267604,1,"clFinish_profiled"
"OpenCL","COMPUTE","Qcur-2","ROPE","f32",-1,74,-1,64,14,1,1,3584,0.266563,1,"clFinish_profiled"
"OpenCL","COMPUTE","node_76","MUL_MAT","f32",-1,75,-1,128,1,1,1,512,0.352969,1,"clFinish_profiled"
"OpenCL","COMPUTE","Kcur-2","ADD","f32",-1,76,-1,128,1,1,1,512,0.276042,1,"clFinish_profiled"
"OpenCL","COMPUTE","Kcur-2","ROPE","f32",-1,78,-1,64,2,1,1,512,0.286511,1,"clFinish_profiled"
"OpenCL","COMPUTE","node_80","MUL_MAT","f32",-1,79,-1,128,1,1,1,512,0.321823,1,"clFinish_profiled"
"OpenCL","COMPUTE","Vcur-2","ADD","f32",-1,80,-1,128,1,1,1,512,0.284062,1,"clFinish_profiled"
"OpenCL","COMPUTE","cache_k_l2 (view)","SET_ROWS","f16",-1,83,-1,128,512,1,1,131072,0.274531,1,"clFinish_profiled"
"OpenCL","COMPUTE","cache_v_l2 (view)","SET_ROWS","f16",-1,85,-1,128,512,1,1,131072,0.274427,1,"clFinish_profiled"
"OpenCL","COMPUTE","__fattn__-2","FLASH_ATTN_EXT","f32",-1,92,-1,64,14,1,1,3584,0.692344,1,"clFinish_profiled"
"OpenCL","COMPUTE","node_95","MUL_MAT","f32",-1,94,-1,896,1,1,1,3584,0.369531,1,"clFinish_profiled"
"OpenCL","COMPUTE","ffn_inp-2","ADD","f32",-1,95,-1,896,1,1,1,3584,0.275520,1,"clFinish_profiled"
"OpenCL","COMPUTE","ffn_gate-2","MUL_MAT","f32",-1,98,-1,4864,1,1,1,19456,0.646927,1,"clFinish_profiled"
"OpenCL","COMPUTE","ffn_up-2","MUL_MAT","f32",-1,99,-1,4864,1,1,1,19456,0.618229,1,"clFinish_profiled"
"OpenCL","COMPUTE","ffn_swiglu-2","GLU","f32",-1,100,-1,4864,1,1,1,19456,0.301302,1,"clFinish_profiled"
"OpenCL","COMPUTE","ffn_out-2","MUL_MAT","f32",-1,101,-1,896,1,1,1,3584,0.658959,1,"clFinish_profiled"
"OpenCL","COMPUTE","l_out-2","ADD","f32",-1,102,-1,896,1,1,1,3584,0.280260,1,"clFinish_profiled"
"OpenCL","COMPUTE","node_106","MUL_MAT","f32",-1,105,-1,896,1,1,1,3584,0.418855,1,"clFinish_profiled"
"OpenCL","COMPUTE","Qcur-3","ADD","f32",-1,106,-1,896,1,1,1,3584,0.287032,1,"clFinish_profiled"
"OpenCL","COMPUTE","Qcur-3","ROPE","f32",-1,108,-1,64,14,1,1,3584,0.282187,1,"clFinish_profiled"
"OpenCL","COMPUTE","node_110","MUL_MAT","f32",-1,109,-1,128,1,1,1,512,0.313177,1,"clFinish_profiled"
"OpenCL","COMPUTE","Kcur-3","ADD","f32",-1,110,-1,128,1,1,1,512,0.284011,1,"clFinish_profiled"
"OpenCL","COMPUTE","Kcur-3","ROPE","f32",-1,112,-1,64,2,1,1,512,0.288021,1,"clFinish_profiled"
"OpenCL","COMPUTE","node_114","MUL_MAT","f32",-1,113,-1,128,1,1,1,512,0.344844,1,"clFinish_profiled"
"OpenCL","COMPUTE","Vcur-3","ADD","f32",-1,114,-1,128,1,1,1,512,0.284844,1,"clFinish_profiled"
"OpenCL","COMPUTE","cache_k_l3 (view)","SET_ROWS","f16",-1,117,-1,128,512,1,1,131072,0.277969,1,"clFinish_profiled"
"OpenCL","COMPUTE","cache_v_l3 (view)","SET_ROWS","f16",-1,119,-1,128,512,1,1,131072,0.275885,1,"clFinish_profiled"
"OpenCL","COMPUTE","__fattn__-3","FLASH_ATTN_EXT","f32",-1,126,-1,64,14,1,1,3584,0.640729,1,"clFinish_profiled"
"OpenCL","COMPUTE","node_129","MUL_MAT","f32",-1,128,-1,896,1,1,1,3584,0.383385,1,"clFinish_profiled"
"OpenCL","COMPUTE","ffn_inp-3","ADD","f32",-1,129,-1,896,1,1,1,3584,0.282032,1,"clFinish_profiled"
"OpenCL","COMPUTE","ffn_gate-3","MUL_MAT","f32",-1,132,-1,4864,1,1,1,19456,0.640260,1,"clFinish_profiled"
"OpenCL","COMPUTE","ffn_up-3","MUL_MAT","f32",-1,133,-1,4864,1,1,1,19456,0.611459,1,"clFinish_profiled"
"OpenCL","COMPUTE","ffn_swiglu-3","GLU","f32",-1,134,-1,4864,1,1,1,19456,0.307188,1,"clFinish_profiled"
"OpenCL","COMPUTE","ffn_out-3","MUL_MAT","f32",-1,135,-1,896,1,1,1,3584,0.657292,1,"clFinish_profiled"
"OpenCL","COMPUTE","l_out-3","ADD","f32",-1,136,-1,896,1,1,1,3584,0.266198,1,"clFinish_profiled"
"OpenCL","COMPUTE","node_140","MUL_MAT","f32",-1,139,-1,896,1,1,1,3584,0.395677,1,"clFinish_profiled"
"OpenCL","COMPUTE","Qcur-4","ADD","f32",-1,140,-1,896,1,1,1,3584,0.278021,1,"clFinish_profiled"
"OpenCL","COMPUTE","Qcur-4","ROPE","f32",-1,142,-1,64,14,1,1,3584,0.319479,1,"clFinish_profiled"
"OpenCL","COMPUTE","node_144","MUL_MAT","f32",-1,143,-1,128,1,1,1,512,0.306093,1,"clFinish_profiled"
"OpenCL","COMPUTE","Kcur-4","ADD","f32",-1,144,-1,128,1,1,1,512,0.390833,1,"clFinish_profiled"
"OpenCL","COMPUTE","Kcur-4","ROPE","f32",-1,146,-1,64,2,1,1,512,0.308854,1,"clFinish_profiled"
"OpenCL","COMPUTE","node_148","MUL_MAT","f32",-1,147,-1,128,1,1,1,512,0.316823,1,"clFinish_profiled"
"OpenCL","COMPUTE","Vcur-4","ADD","f32",-1,148,-1,128,1,1,1,512,0.233646,1,"clFinish_profiled"
"OpenCL","COMPUTE","cache_k_l4 (view)","SET_ROWS","f16",-1,151,-1,128,512,1,1,131072,0.314896,1,"clFinish_profiled"
"OpenCL","COMPUTE","cache_v_l4 (view)","SET_ROWS","f16",-1,153,-1,128,512,1,1,131072,0.265520,1,"clFinish_profiled"
"OpenCL","COMPUTE","__fattn__-4","FLASH_ATTN_EXT","f32",-1,160,-1,64,14,1,1,3584,0.639427,1,"clFinish_profiled"
"OpenCL","COMPUTE","node_163","MUL_MAT","f32",-1,162,-1,896,1,1,1,3584,0.366250,1,"clFinish_profiled"
"OpenCL","COMPUTE","ffn_inp-4","ADD","f32",-1,163,-1,896,1,1,1,3584,0.270417,1,"clFinish_profiled"
"OpenCL","COMPUTE","ffn_gate-4","MUL_MAT","f32",-1,166,-1,4864,1,1,1,19456,0.624583,1,"clFinish_profiled"
"OpenCL","COMPUTE","ffn_up-4","MUL_MAT","f32",-1,167,-1,4864,1,1,1,19456,0.618282,1,"clFinish_profiled"
"OpenCL","COMPUTE","ffn_swiglu-4","GLU","f32",-1,168,-1,4864,1,1,1,19456,0.290052,1,"clFinish_profiled"
"OpenCL","COMPUTE","ffn_out-4","MUL_MAT","f32",-1,169,-1,896,1,1,1,3584,0.661145,1,"clFinish_profiled"
"OpenCL","COMPUTE","l_out-4","ADD","f32",-1,170,-1,896,1,1,1,3584,0.362500,1,"clFinish_profiled"
"OpenCL","COMPUTE","node_174","MUL_MAT","f32",-1,173,-1,896,1,1,1,3584,0.423281,1,"clFinish_profiled"
"OpenCL","COMPUTE","Qcur-5","ADD","f32",-1,174,-1,896,1,1,1,3584,0.272292,1,"clFinish_profiled"
"OpenCL","COMPUTE","Qcur-5","ROPE","f32",-1,176,-1,64,14,1,1,3584,0.277709,1,"clFinish_profiled"
"OpenCL","COMPUTE","node_178","MUL_MAT","f32",-1,177,-1,128,1,1,1,512,0.307656,1,"clFinish_profiled"
"OpenCL","COMPUTE","Kcur-5","ADD","f32",-1,178,-1,128,1,1,1,512,0.272448,1,"clFinish_profiled"
"OpenCL","COMPUTE","Kcur-5","ROPE","f32",-1,180,-1,64,2,1,1,512,0.275104,1,"clFinish_profiled"
"OpenCL","COMPUTE","node_182","MUL_MAT","f32",-1,181,-1,128,1,1,1,512,0.306771,1,"clFinish_profiled"
"OpenCL","COMPUTE","Vcur-5","ADD","f32",-1,182,-1,128,1,1,1,512,0.270105,1,"clFinish_profiled"
"OpenCL","COMPUTE","cache_k_l5 (view)","SET_ROWS","f16",-1,185,-1,128,512,1,1,131072,0.269739,1,"clFinish_profiled"
"OpenCL","COMPUTE","cache_v_l5 (view)","SET_ROWS","f16",-1,187,-1,128,512,1,1,131072,0.272396,1,"clFinish_profiled"
"OpenCL","COMPUTE","__fattn__-5","FLASH_ATTN_EXT","f32",-1,194,-1,64,14,1,1,3584,0.648386,1,"clFinish_profiled"
"OpenCL","COMPUTE","node_197","MUL_MAT","f32",-1,196,-1,896,1,1,1,3584,0.412552,1,"clFinish_profiled"
"OpenCL","COMPUTE","ffn_inp-5","ADD","f32",-1,197,-1,896,1,1,1,3584,0.270260,1,"clFinish_profiled"
"OpenCL","COMPUTE","ffn_gate-5","MUL_MAT","f32",-1,200,-1,4864,1,1,1,19456,0.642812,1,"clFinish_profiled"
"OpenCL","COMPUTE","ffn_up-5","MUL_MAT","f32",-1,201,-1,4864,1,1,1,19456,0.662760,1,"clFinish_profiled"
"OpenCL","COMPUTE","ffn_swiglu-5","GLU","f32",-1,202,-1,4864,1,1,1,19456,0.297135,1,"clFinish_profiled"
"OpenCL","COMPUTE","ffn_out-5","MUL_MAT","f32",-1,203,-1,896,1,1,1,3584,0.676041,1,"clFinish_profiled"
"OpenCL","COMPUTE","l_out-5","ADD","f32",-1,204,-1,896,1,1,1,3584,0.297291,1,"clFinish_profiled"
"OpenCL","COMPUTE","node_208","MUL_MAT","f32",-1,207,-1,896,1,1,1,3584,0.523333,1,"clFinish_profiled"
"OpenCL","COMPUTE","Qcur-6","ADD","f32",-1,208,-1,896,1,1,1,3584,0.392031,1,"clFinish_profiled"
"OpenCL","COMPUTE","Qcur-6","ROPE","f32",-1,210,-1,64,14,1,1,3584,0.424062,1,"clFinish_profiled"
"OpenCL","COMPUTE","node_212","MUL_MAT","f32",-1,211,-1,128,1,1,1,512,0.425729,1,"clFinish_profiled"
"OpenCL","COMPUTE","Kcur-6","ADD","f32",-1,212,-1,128,1,1,1,512,0.386250,1,"clFinish_profiled"
"OpenCL","COMPUTE","Kcur-6","ROPE","f32",-1,214,-1,64,2,1,1,512,0.471458,1,"clFinish_profiled"
"OpenCL","COMPUTE","node_216","MUL_MAT","f32",-1,215,-1,128,1,1,1,512,0.915573,1,"clFinish_profiled"
"OpenCL","COMPUTE","Vcur-6","ADD","f32",-1,216,-1,128,1,1,1,512,0.435886,1,"clFinish_profiled"
"OpenCL","COMPUTE","cache_k_l6 (view)","SET_ROWS","f16",-1,219,-1,128,512,1,1,131072,0.408802,1,"clFinish_profiled"
"OpenCL","COMPUTE","cache_v_l6 (view)","SET_ROWS","f16",-1,221,-1,128,512,1,1,131072,0.390416,1,"clFinish_profiled"
"OpenCL","COMPUTE","__fattn__-6","FLASH_ATTN_EXT","f32",-1,228,-1,64,14,1,1,3584,0.833646,1,"clFinish_profiled"
"OpenCL","COMPUTE","node_231","MUL_MAT","f32",-1,230,-1,896,1,1,1,3584,0.540365,1,"clFinish_profiled"
"OpenCL","COMPUTE","ffn_inp-6","ADD","f32",-1,231,-1,896,1,1,1,3584,0.388959,1,"clFinish_profiled"
"OpenCL","COMPUTE","ffn_gate-6","MUL_MAT","f32",-1,234,-1,4864,1,1,1,19456,1.024896,1,"clFinish_profiled"
"OpenCL","COMPUTE","ffn_up-6","MUL_MAT","f32",-1,235,-1,4864,1,1,1,19456,0.999219,1,"clFinish_profiled"
"OpenCL","COMPUTE","ffn_swiglu-6","GLU","f32",-1,236,-1,4864,1,1,1,19456,0.410990,1,"clFinish_profiled"
"OpenCL","COMPUTE","ffn_out-6","MUL_MAT","f32",-1,237,-1,896,1,1,1,3584,1.279219,1,"clFinish_profiled"
"OpenCL","COMPUTE","l_out-6","ADD","f32",-1,238,-1,896,1,1,1,3584,0.911354,1,"clFinish_profiled"
"OpenCL","COMPUTE","node_242","MUL_MAT","f32",-1,241,-1,896,1,1,1,3584,1.240625,1,"clFinish_profiled"
"OpenCL","COMPUTE","Qcur-7","ADD","f32",-1,242,-1,896,1,1,1,3584,0.793073,1,"clFinish_profiled"
"OpenCL","COMPUTE","Qcur-7","ROPE","f32",-1,244,-1,64,14,1,1,3584,0.468282,1,"clFinish_profiled"
"OpenCL","COMPUTE","node_246","MUL_MAT","f32",-1,245,-1,128,1,1,1,512,0.446718,1,"clFinish_profiled"
"OpenCL","COMPUTE","Kcur-7","ADD","f32",-1,246,-1,128,1,1,1,512,0.441198,1,"clFinish_profiled"
"OpenCL","COMPUTE","Kcur-7","ROPE","f32",-1,248,-1,64,2,1,1,512,0.415365,1,"clFinish_profiled"
"OpenCL","COMPUTE","node_250","MUL_MAT","f32",-1,249,-1,128,1,1,1,512,0.431719,1,"clFinish_profiled"
"OpenCL","COMPUTE","Vcur-7","ADD","f32",-1,250,-1,128,1,1,1,512,0.388802,1,"clFinish_profiled"
"OpenCL","COMPUTE","cache_k_l7 (view)","SET_ROWS","f16",-1,253,-1,128,512,1,1,131072,0.386823,1,"clFinish_profiled"
"OpenCL","COMPUTE","cache_v_l7 (view)","SET_ROWS","f16",-1,255,-1,128,512,1,1,131072,0.388802,1,"clFinish_profiled"
"OpenCL","COMPUTE","__fattn__-7","FLASH_ATTN_EXT","f32",-1,262,-1,64,14,1,1,3584,0.791198,1,"clFinish_profiled"
"OpenCL","COMPUTE","node_265","MUL_MAT","f32",-1,264,-1,896,1,1,1,3584,0.581094,1,"clFinish_profiled"
"OpenCL","COMPUTE","ffn_inp-7","ADD","f32",-1,265,-1,896,1,1,1,3584,0.409948,1,"clFinish_profiled"
"OpenCL","COMPUTE","ffn_gate-7","MUL_MAT","f32",-1,268,-1,4864,1,1,1,19456,1.020469,1,"clFinish_profiled"
"OpenCL","COMPUTE","ffn_up-7","MUL_MAT","f32",-1,269,-1,4864,1,1,1,19456,1.039532,1,"clFinish_profiled"
"OpenCL","COMPUTE","ffn_swiglu-7","GLU","f32",-1,270,-1,4864,1,1,1,19456,0.418021,1,"clFinish_profiled"
"OpenCL","COMPUTE","ffn_out-7","MUL_MAT","f32",-1,271,-1,896,1,1,1,3584,1.086146,1,"clFinish_profiled"
"OpenCL","COMPUTE","l_out-7","ADD","f32",-1,272,-1,896,1,1,1,3584,0.418073,1,"clFinish_profiled"
"OpenCL","COMPUTE","node_276","MUL_MAT","f32",-1,275,-1,896,1,1,1,3584,0.571094,1,"clFinish_profiled"
"OpenCL","COMPUTE","Qcur-8","ADD","f32",-1,276,-1,896,1,1,1,3584,0.393333,1,"clFinish_profiled"
"OpenCL","COMPUTE","Qcur-8","ROPE","f32",-1,278,-1,64,14,1,1,3584,0.396979,1,"clFinish_profiled"
"OpenCL","COMPUTE","node_280","MUL_MAT","f32",-1,279,-1,128,1,1,1,512,0.434792,1,"clFinish_profiled"
"OpenCL","COMPUTE","Kcur-8","ADD","f32",-1,280,-1,128,1,1,1,512,0.397292,1,"clFinish_profiled"
"OpenCL","COMPUTE","Kcur-8","ROPE","f32",-1,282,-1,64,2,1,1,512,0.391823,1,"clFinish_profiled"
"OpenCL","COMPUTE","node_284","MUL_MAT","f32",-1,283,-1,128,1,1,1,512,0.425417,1,"clFinish_profiled"
"OpenCL","COMPUTE","Vcur-8","ADD","f32",-1,284,-1,128,1,1,1,512,0.461927,1,"clFinish_profiled"
"OpenCL","COMPUTE","cache_k_l8 (view)","SET_ROWS","f16",-1,287,-1,128,512,1,1,131072,0.421459,1,"clFinish_profiled"
"OpenCL","COMPUTE","cache_v_l8 (view)","SET_ROWS","f16",-1,289,-1,128,512,1,1,131072,0.387813,1,"clFinish_profiled"
"OpenCL","COMPUTE","__fattn__-8","FLASH_ATTN_EXT","f32",-1,296,-1,64,14,1,1,3584,0.767709,1,"clFinish_profiled"
"OpenCL","COMPUTE","node_299","MUL_MAT","f32",-1,298,-1,896,1,1,1,3584,0.607656,1,"clFinish_profiled"
"OpenCL","COMPUTE","ffn_inp-8","ADD","f32",-1,299,-1,896,1,1,1,3584,0.413438,1,"clFinish_profiled"
"OpenCL","COMPUTE","ffn_gate-8","MUL_MAT","f32",-1,302,-1,4864,1,1,1,19456,1.052448,1,"clFinish_profiled"
"OpenCL","COMPUTE","ffn_up-8","MUL_MAT","f32",-1,303,-1,4864,1,1,1,19456,1.016354,1,"clFinish_profiled"
"OpenCL","COMPUTE","ffn_swiglu-8","GLU","f32",-1,304,-1,4864,1,1,1,19456,0.407604,1,"clFinish_profiled"
"OpenCL","COMPUTE","ffn_out-8","MUL_MAT","f32",-1,305,-1,896,1,1,1,3584,1.054270,1,"clFinish_profiled"
"OpenCL","COMPUTE","l_out-8","ADD","f32",-1,306,-1,896,1,1,1,3584,0.353646,1,"clFinish_profiled"
"OpenCL","COMPUTE","node_310","MUL_MAT","f32",-1,309,-1,896,1,1,1,3584,0.421562,1,"clFinish_profiled"
"OpenCL","COMPUTE","Qcur-9","ADD","f32",-1,310,-1,896,1,1,1,3584,0.283386,1,"clFinish_profiled"
"OpenCL","COMPUTE","Qcur-9","ROPE","f32",-1,312,-1,64,14,1,1,3584,0.286927,1,"clFinish_profiled"
"OpenCL","COMPUTE","node_314","MUL_MAT","f32",-1,313,-1,128,1,1,1,512,0.340313,1,"clFinish_profiled"
"OpenCL","COMPUTE","Kcur-9","ADD","f32",-1,314,-1,128,1,1,1,512,0.293281,1,"clFinish_profiled"
"OpenCL","COMPUTE","Kcur-9","ROPE","f32",-1,316,-1,64,2,1,1,512,0.293334,1,"clFinish_profiled"
"OpenCL","COMPUTE","node_318","MUL_MAT","f32",-1,317,-1,128,1,1,1,512,0.315208,1,"clFinish_profiled"
"OpenCL","COMPUTE","Vcur-9","ADD","f32",-1,318,-1,128,1,1,1,512,0.286250,1,"clFinish_profiled"
"OpenCL","COMPUTE","cache_k_l9 (view)","SET_ROWS","f16",-1,321,-1,128,512,1,1,131072,0.283698,1,"clFinish_profiled"
"OpenCL","COMPUTE","cache_v_l9 (view)","SET_ROWS","f16",-1,323,-1,128,512,1,1,131072,0.374271,1,"clFinish_profiled"
"OpenCL","COMPUTE","__fattn__-9","FLASH_ATTN_EXT","f32",-1,330,-1,64,14,1,1,3584,0.702344,1,"clFinish_profiled"
"OpenCL","COMPUTE","node_333","MUL_MAT","f32",-1,332,-1,896,1,1,1,3584,0.411875,1,"clFinish_profiled"
"OpenCL","COMPUTE","ffn_inp-9","ADD","f32",-1,333,-1,896,1,1,1,3584,0.299115,1,"clFinish_profiled"
"OpenCL","COMPUTE","ffn_gate-9","MUL_MAT","f32",-1,336,-1,4864,1,1,1,19456,0.742135,1,"clFinish_profiled"
"OpenCL","COMPUTE","ffn_up-9","MUL_MAT","f32",-1,337,-1,4864,1,1,1,19456,0.647032,1,"clFinish_profiled"
"OpenCL","COMPUTE","ffn_swiglu-9","GLU","f32",-1,338,-1,4864,1,1,1,19456,0.308855,1,"clFinish_profiled"
"OpenCL","COMPUTE","ffn_out-9","MUL_MAT","f32",-1,339,-1,896,1,1,1,3584,0.676406,1,"clFinish_profiled"
"OpenCL","COMPUTE","l_out-9","ADD","f32",-1,340,-1,896,1,1,1,3584,0.291354,1,"clFinish_profiled"
"OpenCL","COMPUTE","node_344","MUL_MAT","f32",-1,343,-1,896,1,1,1,3584,0.406042,1,"clFinish_profiled"
"OpenCL","COMPUTE","Qcur-10","ADD","f32",-1,344,-1,896,1,1,1,3584,0.281406,1,"clFinish_profiled"
"OpenCL","COMPUTE","Qcur-10","ROPE","f32",-1,346,-1,64,14,1,1,3584,0.364427,1,"clFinish_profiled"
"OpenCL","COMPUTE","node_348","MUL_MAT","f32",-1,347,-1,128,1,1,1,512,0.399531,1,"clFinish_profiled"
"OpenCL","COMPUTE","Kcur-10","ADD","f32",-1,348,-1,128,1,1,1,512,0.429427,1,"clFinish_profiled"
"OpenCL","COMPUTE","Kcur-10","ROPE","f32",-1,350,-1,64,2,1,1,512,1.130469,1,"clFinish_profiled"
"OpenCL","COMPUTE","node_352","MUL_MAT","f32",-1,351,-1,128,1,1,1,512,0.516406,1,"clFinish_profiled"
"OpenCL","COMPUTE","Vcur-10","ADD","f32",-1,352,-1,128,1,1,1,512,0.564323,1,"clFinish_profiled"
"OpenCL","COMPUTE","cache_k_l10 (view)","SET_ROWS","f16",-1,355,-1,128,512,1,1,131072,0.765781,1,"clFinish_profiled"
"OpenCL","COMPUTE","cache_v_l10 (view)","SET_ROWS","f16",-1,357,-1,128,512,1,1,131072,0.421042,1,"clFinish_profiled"
"OpenCL","COMPUTE","__fattn__-10","FLASH_ATTN_EXT","f32",-1,364,-1,64,14,1,1,3584,0.797240,1,"clFinish_profiled"
"OpenCL","COMPUTE","node_367","MUL_MAT","f32",-1,366,-1,896,1,1,1,3584,0.538021,1,"clFinish_profiled"
"OpenCL","COMPUTE","ffn_inp-10","ADD","f32",-1,367,-1,896,1,1,1,3584,0.390781,1,"clFinish_profiled"
"OpenCL","COMPUTE","ffn_gate-10","MUL_MAT","f32",-1,370,-1,4864,1,1,1,19456,1.006927,1,"clFinish_profiled"
"OpenCL","COMPUTE","ffn_up-10","MUL_MAT","f32",-1,371,-1,4864,1,1,1,19456,0.983282,1,"clFinish_profiled"
"OpenCL","COMPUTE","ffn_swiglu-10","GLU","f32",-1,372,-1,4864,1,1,1,19456,0.415573,1,"clFinish_profiled"
"OpenCL","COMPUTE","ffn_out-10","MUL_MAT","f32",-1,373,-1,896,1,1,1,3584,1.087917,1,"clFinish_profiled"
"OpenCL","COMPUTE","l_out-10","ADD","f32",-1,374,-1,896,1,1,1,3584,0.424740,1,"clFinish_profiled"
"OpenCL","COMPUTE","node_378","MUL_MAT","f32",-1,377,-1,896,1,1,1,3584,0.572448,1,"clFinish_profiled"
"OpenCL","COMPUTE","Qcur-11","ADD","f32",-1,378,-1,896,1,1,1,3584,0.385468,1,"clFinish_profiled"
"OpenCL","COMPUTE","Qcur-11","ROPE","f32",-1,380,-1,64,14,1,1,3584,0.397865,1,"clFinish_profiled"
"OpenCL","COMPUTE","node_382","MUL_MAT","f32",-1,381,-1,128,1,1,1,512,0.427031,1,"clFinish_profiled"
"OpenCL","COMPUTE","Kcur-11","ADD","f32",-1,382,-1,128,1,1,1,512,0.396719,1,"clFinish_profiled"
"OpenCL","COMPUTE","Kcur-11","ROPE","f32",-1,384,-1,64,2,1,1,512,0.471146,1,"clFinish_profiled"
"OpenCL","COMPUTE","node_386","MUL_MAT","f32",-1,385,-1,128,1,1,1,512,0.460885,1,"clFinish_profiled"
"OpenCL","COMPUTE","Vcur-11","ADD","f32",-1,386,-1,128,1,1,1,512,0.405833,1,"clFinish_profiled"
"OpenCL","COMPUTE","cache_k_l11 (view)","SET_ROWS","f16",-1,389,-1,128,512,1,1,131072,0.400573,1,"clFinish_profiled"
"OpenCL","COMPUTE","cache_v_l11 (view)","SET_ROWS","f16",-1,391,-1,128,512,1,1,131072,0.391146,1,"clFinish_profiled"
"OpenCL","COMPUTE","__fattn__-11","FLASH_ATTN_EXT","f32",-1,398,-1,64,14,1,1,3584,0.784844,1,"clFinish_profiled"
"OpenCL","COMPUTE","node_401","MUL_MAT","f32",-1,400,-1,896,1,1,1,3584,0.545521,1,"clFinish_profiled"
"OpenCL","COMPUTE","ffn_inp-11","ADD","f32",-1,401,-1,896,1,1,1,3584,0.389427,1,"clFinish_profiled"
"OpenCL","COMPUTE","ffn_gate-11","MUL_MAT","f32",-1,404,-1,4864,1,1,1,19456,1.015834,1,"clFinish_profiled"
"OpenCL","COMPUTE","ffn_up-11","MUL_MAT","f32",-1,405,-1,4864,1,1,1,19456,0.997604,1,"clFinish_profiled"
"OpenCL","COMPUTE","ffn_swiglu-11","GLU","f32",-1,406,-1,4864,1,1,1,19456,0.503802,1,"clFinish_profiled"
"OpenCL","COMPUTE","ffn_out-11","MUL_MAT","f32",-1,407,-1,896,1,1,1,3584,1.821979,1,"clFinish_profiled"
"OpenCL","COMPUTE","l_out-11","ADD","f32",-1,408,-1,896,1,1,1,3584,0.810677,1,"clFinish_profiled"
"OpenCL","COMPUTE","node_412","MUL_MAT","f32",-1,411,-1,896,1,1,1,3584,0.657604,1,"clFinish_profiled"
"OpenCL","COMPUTE","Qcur-12","ADD","f32",-1,412,-1,896,1,1,1,3584,0.419271,1,"clFinish_profiled"
"OpenCL","COMPUTE","Qcur-12","ROPE","f32",-1,414,-1,64,14,1,1,3584,0.410312,1,"clFinish_profiled"
"OpenCL","COMPUTE","node_416","MUL_MAT","f32",-1,415,-1,128,1,1,1,512,0.434062,1,"clFinish_profiled"
"OpenCL","COMPUTE","Kcur-12","ADD","f32",-1,416,-1,128,1,1,1,512,0.390625,1,"clFinish_profiled"
"OpenCL","COMPUTE","Kcur-12","ROPE","f32",-1,418,-1,64,2,1,1,512,0.389896,1,"clFinish_profiled"
"OpenCL","COMPUTE","node_420","MUL_MAT","f32",-1,419,-1,128,1,1,1,512,0.519948,1,"clFinish_profiled"
"OpenCL","COMPUTE","Vcur-12","ADD","f32",-1,420,-1,128,1,1,1,512,0.823750,1,"clFinish_profiled"
"OpenCL","COMPUTE","cache_k_l12 (view)","SET_ROWS","f16",-1,423,-1,128,512,1,1,131072,0.432552,1,"clFinish_profiled"
"OpenCL","COMPUTE","cache_v_l12 (view)","SET_ROWS","f16",-1,425,-1,128,512,1,1,131072,0.469635,1,"clFinish_profiled"
"OpenCL","COMPUTE","__fattn__-12","FLASH_ATTN_EXT","f32",-1,432,-1,64,14,1,1,3584,0.804218,1,"clFinish_profiled"
"OpenCL","COMPUTE","node_435","MUL_MAT","f32",-1,434,-1,896,1,1,1,3584,0.533020,1,"clFinish_profiled"
"OpenCL","COMPUTE","ffn_inp-12","ADD","f32",-1,435,-1,896,1,1,1,3584,0.391250,1,"clFinish_profiled"
"OpenCL","COMPUTE","ffn_gate-12","MUL_MAT","f32",-1,438,-1,4864,1,1,1,19456,1.104010,1,"clFinish_profiled"
"OpenCL","COMPUTE","ffn_up-12","MUL_MAT","f32",-1,439,-1,4864,1,1,1,19456,1.455260,1,"clFinish_profiled"
"OpenCL","COMPUTE","ffn_swiglu-12","GLU","f32",-1,440,-1,4864,1,1,1,19456,0.629323,1,"clFinish_profiled"
"OpenCL","COMPUTE","ffn_out-12","MUL_MAT","f32",-1,441,-1,896,1,1,1,3584,1.622292,1,"clFinish_profiled"
"OpenCL","COMPUTE","l_out-12","ADD","f32",-1,442,-1,896,1,1,1,3584,0.808177,1,"clFinish_profiled"
"OpenCL","COMPUTE","node_446","MUL_MAT","f32",-1,445,-1,896,1,1,1,3584,1.314167,1,"clFinish_profiled"
"OpenCL","COMPUTE","Qcur-13","ADD","f32",-1,446,-1,896,1,1,1,3584,0.795313,1,"clFinish_profiled"
"OpenCL","COMPUTE","Qcur-13","ROPE","f32",-1,448,-1,64,14,1,1,3584,0.461614,1,"clFinish_profiled"
"OpenCL","COMPUTE","node_450","MUL_MAT","f32",-1,449,-1,128,1,1,1,512,0.448854,1,"clFinish_profiled"
"OpenCL","COMPUTE","Kcur-13","ADD","f32",-1,450,-1,128,1,1,1,512,0.396563,1,"clFinish_profiled"
"OpenCL","COMPUTE","Kcur-13","ROPE","f32",-1,452,-1,64,2,1,1,512,0.399010,1,"clFinish_profiled"
"OpenCL","COMPUTE","node_454","MUL_MAT","f32",-1,453,-1,128,1,1,1,512,0.438073,1,"clFinish_profiled"
"OpenCL","COMPUTE","Vcur-13","ADD","f32",-1,454,-1,128,1,1,1,512,0.388230,1,"clFinish_profiled"
"OpenCL","COMPUTE","cache_k_l13 (view)","SET_ROWS","f16",-1,457,-1,128,512,1,1,131072,0.398698,1,"clFinish_profiled"
"OpenCL","COMPUTE","cache_v_l13 (view)","SET_ROWS","f16",-1,459,-1,128,512,1,1,131072,0.386406,1,"clFinish_profiled"
"OpenCL","COMPUTE","__fattn__-13","FLASH_ATTN_EXT","f32",-1,466,-1,64,14,1,1,3584,0.786615,1,"clFinish_profiled"
"OpenCL","COMPUTE","node_469","MUL_MAT","f32",-1,468,-1,896,1,1,1,3584,1.090313,1,"clFinish_profiled"
"OpenCL","COMPUTE","ffn_inp-13","ADD","f32",-1,469,-1,896,1,1,1,3584,0.422553,1,"clFinish_profiled"
"OpenCL","COMPUTE","ffn_gate-13","MUL_MAT","f32",-1,472,-1,4864,1,1,1,19456,1.258438,1,"clFinish_profiled"
"OpenCL","COMPUTE","ffn_up-13","MUL_MAT","f32",-1,473,-1,4864,1,1,1,19456,1.503646,1,"clFinish_profiled"
"OpenCL","COMPUTE","ffn_swiglu-13","GLU","f32",-1,474,-1,4864,1,1,1,19456,1.007344,1,"clFinish_profiled"
"OpenCL","COMPUTE","ffn_out-13","MUL_MAT","f32",-1,475,-1,896,1,1,1,3584,1.603073,1,"clFinish_profiled"
"OpenCL","COMPUTE","l_out-13","ADD","f32",-1,476,-1,896,1,1,1,3584,0.751510,1,"clFinish_profiled"
"OpenCL","COMPUTE","node_480","MUL_MAT","f32",-1,479,-1,896,1,1,1,3584,0.652343,1,"clFinish_profiled"
"OpenCL","COMPUTE","Qcur-14","ADD","f32",-1,480,-1,896,1,1,1,3584,0.406146,1,"clFinish_profiled"
"OpenCL","COMPUTE","Qcur-14","ROPE","f32",-1,482,-1,64,14,1,1,3584,0.403958,1,"clFinish_profiled"
"OpenCL","COMPUTE","node_484","MUL_MAT","f32",-1,483,-1,128,1,1,1,512,0.431771,1,"clFinish_profiled"
"OpenCL","COMPUTE","Kcur-14","ADD","f32",-1,484,-1,128,1,1,1,512,0.435364,1,"clFinish_profiled"
"OpenCL","COMPUTE","Kcur-14","ROPE","f32",-1,486,-1,64,2,1,1,512,0.405052,1,"clFinish_profiled"
"OpenCL","COMPUTE","node_488","MUL_MAT","f32",-1,487,-1,128,1,1,1,512,0.621562,1,"clFinish_profiled"
"OpenCL","COMPUTE","Vcur-14","ADD","f32",-1,488,-1,128,1,1,1,512,0.423594,1,"clFinish_profiled"
"OpenCL","COMPUTE","cache_k_l14 (view)","SET_ROWS","f16",-1,491,-1,128,512,1,1,131072,0.614687,1,"clFinish_profiled"
"OpenCL","COMPUTE","cache_v_l14 (view)","SET_ROWS","f16",-1,493,-1,128,512,1,1,131072,0.746771,1,"clFinish_profiled"
"OpenCL","COMPUTE","__fattn__-14","FLASH_ATTN_EXT","f32",-1,500,-1,64,14,1,1,3584,0.823177,1,"clFinish_profiled"
"OpenCL","COMPUTE","node_503","MUL_MAT","f32",-1,502,-1,896,1,1,1,3584,0.537812,1,"clFinish_profiled"
"OpenCL","COMPUTE","ffn_inp-14","ADD","f32",-1,503,-1,896,1,1,1,3584,0.385990,1,"clFinish_profiled"
"OpenCL","COMPUTE","ffn_gate-14","MUL_MAT","f32",-1,506,-1,4864,1,1,1,19456,1.010885,1,"clFinish_profiled"
"OpenCL","COMPUTE","ffn_up-14","MUL_MAT","f32",-1,507,-1,4864,1,1,1,19456,1.141198,1,"clFinish_profiled"
"OpenCL","COMPUTE","ffn_swiglu-14","GLU","f32",-1,508,-1,4864,1,1,1,19456,1.074375,1,"clFinish_profiled"
"OpenCL","COMPUTE","ffn_out-14","MUL_MAT","f32",-1,509,-1,896,1,1,1,3584,1.689584,1,"clFinish_profiled"
"OpenCL","COMPUTE","l_out-14","ADD","f32",-1,510,-1,896,1,1,1,3584,0.892761,1,"clFinish_profiled"
"OpenCL","COMPUTE","node_514","MUL_MAT","f32",-1,513,-1,896,1,1,1,3584,1.117865,1,"clFinish_profiled"
"OpenCL","COMPUTE","Qcur-15","ADD","f32",-1,514,-1,896,1,1,1,3584,0.825625,1,"clFinish_profiled"
"OpenCL","COMPUTE","Qcur-15","ROPE","f32",-1,516,-1,64,14,1,1,3584,0.444114,1,"clFinish_profiled"
"OpenCL","COMPUTE","node_518","MUL_MAT","f32",-1,517,-1,128,1,1,1,512,0.438750,1,"clFinish_profiled"
"OpenCL","COMPUTE","Kcur-15","ADD","f32",-1,518,-1,128,1,1,1,512,0.396875,1,"clFinish_profiled"
"OpenCL","COMPUTE","Kcur-15","ROPE","f32",-1,520,-1,64,2,1,1,512,0.400886,1,"clFinish_profiled"
"OpenCL","COMPUTE","node_522","MUL_MAT","f32",-1,521,-1,128,1,1,1,512,0.425209,1,"clFinish_profiled"
"OpenCL","COMPUTE","Vcur-15","ADD","f32",-1,522,-1,128,1,1,1,512,0.389010,1,"clFinish_profiled"
"OpenCL","COMPUTE","cache_k_l15 (view)","SET_ROWS","f16",-1,525,-1,128,512,1,1,131072,0.395313,1,"clFinish_profiled"
"OpenCL","COMPUTE","cache_v_l15 (view)","SET_ROWS","f16",-1,527,-1,128,512,1,1,131072,0.436979,1,"clFinish_profiled"
"OpenCL","COMPUTE","__fattn__-15","FLASH_ATTN_EXT","f32",-1,534,-1,64,14,1,1,3584,0.797187,1,"clFinish_profiled"
"OpenCL","COMPUTE","node_537","MUL_MAT","f32",-1,536,-1,896,1,1,1,3584,0.542500,1,"clFinish_profiled"
"OpenCL","COMPUTE","ffn_inp-15","ADD","f32",-1,537,-1,896,1,1,1,3584,0.459166,1,"clFinish_profiled"
"OpenCL","COMPUTE","ffn_gate-15","MUL_MAT","f32",-1,540,-1,4864,1,1,1,19456,1.025937,1,"clFinish_profiled"
"OpenCL","COMPUTE","ffn_up-15","MUL_MAT","f32",-1,541,-1,4864,1,1,1,19456,1.013750,1,"clFinish_profiled"
"OpenCL","COMPUTE","ffn_swiglu-15","GLU","f32",-1,542,-1,4864,1,1,1,19456,0.421041,1,"clFinish_profiled"
"OpenCL","COMPUTE","ffn_out-15","MUL_MAT","f32",-1,543,-1,896,1,1,1,3584,1.059635,1,"clFinish_profiled"
"OpenCL","COMPUTE","l_out-15","ADD","f32",-1,544,-1,896,1,1,1,3584,0.398542,1,"clFinish_profiled"
"OpenCL","COMPUTE","node_548","MUL_MAT","f32",-1,547,-1,896,1,1,1,3584,0.574010,1,"clFinish_profiled"
"OpenCL","COMPUTE","Qcur-16","ADD","f32",-1,548,-1,896,1,1,1,3584,0.399688,1,"clFinish_profiled"
"OpenCL","COMPUTE","Qcur-16","ROPE","f32",-1,550,-1,64,14,1,1,3584,0.401354,1,"clFinish_profiled"
"OpenCL","COMPUTE","node_552","MUL_MAT","f32",-1,551,-1,128,1,1,1,512,0.435208,1,"clFinish_profiled"
"OpenCL","COMPUTE","Kcur-16","ADD","f32",-1,552,-1,128,1,1,1,512,0.503073,1,"clFinish_profiled"
"OpenCL","COMPUTE","Kcur-16","ROPE","f32",-1,554,-1,64,2,1,1,512,0.402135,1,"clFinish_profiled"
"OpenCL","COMPUTE","node_556","MUL_MAT","f32",-1,555,-1,128,1,1,1,512,0.432968,1,"clFinish_profiled"
"OpenCL","COMPUTE","Vcur-16","ADD","f32",-1,556,-1,128,1,1,1,512,0.385625,1,"clFinish_profiled"
"OpenCL","COMPUTE","cache_k_l16 (view)","SET_ROWS","f16",-1,559,-1,128,512,1,1,131072,0.392812,1,"clFinish_profiled"
"OpenCL","COMPUTE","cache_v_l16 (view)","SET_ROWS","f16",-1,561,-1,128,512,1,1,131072,0.416718,1,"clFinish_profiled"
"OpenCL","COMPUTE","__fattn__-16","FLASH_ATTN_EXT","f32",-1,568,-1,64,14,1,1,3584,0.829219,1,"clFinish_profiled"
"OpenCL","COMPUTE","node_571","MUL_MAT","f32",-1,570,-1,896,1,1,1,3584,0.538178,1,"clFinish_profiled"
"OpenCL","COMPUTE","ffn_inp-16","ADD","f32",-1,571,-1,896,1,1,1,3584,0.401406,1,"clFinish_profiled"
"OpenCL","COMPUTE","ffn_gate-16","MUL_MAT","f32",-1,574,-1,4864,1,1,1,19456,1.051614,1,"clFinish_profiled"
"OpenCL","COMPUTE","ffn_up-16","MUL_MAT","f32",-1,575,-1,4864,1,1,1,19456,1.001146,1,"clFinish_profiled"
"OpenCL","COMPUTE","ffn_swiglu-16","GLU","f32",-1,576,-1,4864,1,1,1,19456,0.411510,1,"clFinish_profiled"
"OpenCL","COMPUTE","ffn_out-16","MUL_MAT","f32",-1,577,-1,896,1,1,1,3584,1.153229,1,"clFinish_profiled"
"OpenCL","COMPUTE","l_out-16","ADD","f32",-1,578,-1,896,1,1,1,3584,0.852032,1,"clFinish_profiled"
"OpenCL","COMPUTE","node_582","MUL_MAT","f32",-1,581,-1,896,1,1,1,3584,0.601406,1,"clFinish_profiled"
"OpenCL","COMPUTE","Qcur-17","ADD","f32",-1,582,-1,896,1,1,1,3584,0.494844,1,"clFinish_profiled"
"OpenCL","COMPUTE","Qcur-17","ROPE","f32",-1,584,-1,64,14,1,1,3584,0.938333,1,"clFinish_profiled"
"OpenCL","COMPUTE","node_586","MUL_MAT","f32",-1,585,-1,128,1,1,1,512,0.547396,1,"clFinish_profiled"
"OpenCL","COMPUTE","Kcur-17","ADD","f32",-1,586,-1,128,1,1,1,512,0.400157,1,"clFinish_profiled"
"OpenCL","COMPUTE","Kcur-17","ROPE","f32",-1,588,-1,64,2,1,1,512,0.398334,1,"clFinish_profiled"
"OpenCL","COMPUTE","node_590","MUL_MAT","f32",-1,589,-1,128,1,1,1,512,0.434583,1,"clFinish_profiled"
"OpenCL","COMPUTE","Vcur-17","ADD","f32",-1,590,-1,128,1,1,1,512,0.396198,1,"clFinish_profiled"
"OpenCL","COMPUTE","cache_k_l17 (view)","SET_ROWS","f16",-1,593,-1,128,512,1,1,131072,0.401666,1,"clFinish_profiled"
"OpenCL","COMPUTE","cache_v_l17 (view)","SET_ROWS","f16",-1,595,-1,128,512,1,1,131072,0.400729,1,"clFinish_profiled"
"OpenCL","COMPUTE","__fattn__-17","FLASH_ATTN_EXT","f32",-1,602,-1,64,14,1,1,3584,0.790729,1,"clFinish_profiled"
"OpenCL","COMPUTE","node_605","MUL_MAT","f32",-1,604,-1,896,1,1,1,3584,0.540781,1,"clFinish_profiled"
"OpenCL","COMPUTE","ffn_inp-17","ADD","f32",-1,605,-1,896,1,1,1,3584,0.397188,1,"clFinish_profiled"
"OpenCL","COMPUTE","ffn_gate-17","MUL_MAT","f32",-1,608,-1,4864,1,1,1,19456,1.033854,1,"clFinish_profiled"
"OpenCL","COMPUTE","ffn_up-17","MUL_MAT","f32",-1,609,-1,4864,1,1,1,19456,1.255469,1,"clFinish_profiled"
"OpenCL","COMPUTE","ffn_swiglu-17","GLU","f32",-1,610,-1,4864,1,1,1,19456,0.822135,1,"clFinish_profiled"
"OpenCL","COMPUTE","ffn_out-17","MUL_MAT","f32",-1,611,-1,896,1,1,1,3584,1.293178,1,"clFinish_profiled"
"OpenCL","COMPUTE","l_out-17","ADD","f32",-1,612,-1,896,1,1,1,3584,0.803177,1,"clFinish_profiled"
"OpenCL","COMPUTE","node_616","MUL_MAT","f32",-1,615,-1,896,1,1,1,3584,0.695521,1,"clFinish_profiled"
"OpenCL","COMPUTE","Qcur-18","ADD","f32",-1,616,-1,896,1,1,1,3584,0.426614,1,"clFinish_profiled"
"OpenCL","COMPUTE","Qcur-18","ROPE","f32",-1,618,-1,64,14,1,1,3584,0.430521,1,"clFinish_profiled"
"OpenCL","COMPUTE","node_620","MUL_MAT","f32",-1,619,-1,128,1,1,1,512,0.441146,1,"clFinish_profiled"
"OpenCL","COMPUTE","Kcur-18","ADD","f32",-1,620,-1,128,1,1,1,512,0.393229,1,"clFinish_profiled"
"OpenCL","COMPUTE","Kcur-18","ROPE","f32",-1,622,-1,64,2,1,1,512,0.445156,1,"clFinish_profiled"
"OpenCL","COMPUTE","node_624","MUL_MAT","f32",-1,623,-1,128,1,1,1,512,0.436197,1,"clFinish_profiled"
"OpenCL","COMPUTE","Vcur-18","ADD","f32",-1,624,-1,128,1,1,1,512,0.392396,1,"clFinish_profiled"
"OpenCL","COMPUTE","cache_k_l18 (view)","SET_ROWS","f16",-1,627,-1,128,512,1,1,131072,0.405677,1,"clFinish_profiled"
"OpenCL","COMPUTE","cache_v_l18 (view)","SET_ROWS","f16",-1,629,-1,128,512,1,1,131072,0.391042,1,"clFinish_profiled"
"OpenCL","COMPUTE","__fattn__-18","FLASH_ATTN_EXT","f32",-1,636,-1,64,14,1,1,3584,0.827657,1,"clFinish_profiled"
"OpenCL","COMPUTE","node_639","MUL_MAT","f32",-1,638,-1,896,1,1,1,3584,0.542343,1,"clFinish_profiled"
"OpenCL","COMPUTE","ffn_inp-18","ADD","f32",-1,639,-1,896,1,1,1,3584,0.521146,1,"clFinish_profiled"
"OpenCL","COMPUTE","ffn_gate-18","MUL_MAT","f32",-1,642,-1,4864,1,1,1,19456,1.044427,1,"clFinish_profiled"
"OpenCL","COMPUTE","ffn_up-18","MUL_MAT","f32",-1,643,-1,4864,1,1,1,19456,1.130678,1,"clFinish_profiled"
"OpenCL","COMPUTE","ffn_swiglu-18","GLU","f32",-1,644,-1,4864,1,1,1,19456,0.821823,1,"clFinish_profiled"
"OpenCL","COMPUTE","ffn_out-18","MUL_MAT","f32",-1,645,-1,896,1,1,1,3584,1.279114,1,"clFinish_profiled"
"OpenCL","COMPUTE","l_out-18","ADD","f32",-1,646,-1,896,1,1,1,3584,0.822500,1,"clFinish_profiled"
"OpenCL","COMPUTE","node_650","MUL_MAT","f32",-1,649,-1,896,1,1,1,3584,0.634792,1,"clFinish_profiled"
"OpenCL","COMPUTE","Qcur-19","ADD","f32",-1,650,-1,896,1,1,1,3584,0.665104,1,"clFinish_profiled"
"OpenCL","COMPUTE","Qcur-19","ROPE","f32",-1,652,-1,64,14,1,1,3584,0.715677,1,"clFinish_profiled"
"OpenCL","COMPUTE","node_654","MUL_MAT","f32",-1,653,-1,128,1,1,1,512,0.488646,1,"clFinish_profiled"
"OpenCL","COMPUTE","Kcur-19","ADD","f32",-1,654,-1,128,1,1,1,512,0.479271,1,"clFinish_profiled"
"OpenCL","COMPUTE","Kcur-19","ROPE","f32",-1,656,-1,64,2,1,1,512,0.416094,1,"clFinish_profiled"
"OpenCL","COMPUTE","node_658","MUL_MAT","f32",-1,657,-1,128,1,1,1,512,0.423646,1,"clFinish_profiled"
"OpenCL","COMPUTE","Vcur-19","ADD","f32",-1,658,-1,128,1,1,1,512,0.385730,1,"clFinish_profiled"
"OpenCL","COMPUTE","cache_k_l19 (view)","SET_ROWS","f16",-1,661,-1,128,512,1,1,131072,0.384219,1,"clFinish_profiled"
"OpenCL","COMPUTE","cache_v_l19 (view)","SET_ROWS","f16",-1,663,-1,128,512,1,1,131072,0.438750,1,"clFinish_profiled"
"OpenCL","COMPUTE","__fattn__-19","FLASH_ATTN_EXT","f32",-1,670,-1,64,14,1,1,3584,1.258542,1,"clFinish_profiled"
"OpenCL","COMPUTE","node_673","MUL_MAT","f32",-1,672,-1,896,1,1,1,3584,0.646406,1,"clFinish_profiled"
"OpenCL","COMPUTE","ffn_inp-19","ADD","f32",-1,673,-1,896,1,1,1,3584,0.462395,1,"clFinish_profiled"
"OpenCL","COMPUTE","ffn_gate-19","MUL_MAT","f32",-1,676,-1,4864,1,1,1,19456,1.599583,1,"clFinish_profiled"
"OpenCL","COMPUTE","ffn_up-19","MUL_MAT","f32",-1,677,-1,4864,1,1,1,19456,1.595261,1,"clFinish_profiled"
"OpenCL","COMPUTE","ffn_swiglu-19","GLU","f32",-1,678,-1,4864,1,1,1,19456,0.899948,1,"clFinish_profiled"
"OpenCL","COMPUTE","ffn_out-19","MUL_MAT","f32",-1,679,-1,896,1,1,1,3584,1.300729,1,"clFinish_profiled"
"OpenCL","COMPUTE","l_out-19","ADD","f32",-1,680,-1,896,1,1,1,3584,0.766094,1,"clFinish_profiled"
"OpenCL","COMPUTE","node_684","MUL_MAT","f32",-1,683,-1,896,1,1,1,3584,0.663073,1,"clFinish_profiled"
"OpenCL","COMPUTE","Qcur-20","ADD","f32",-1,684,-1,896,1,1,1,3584,0.463437,1,"clFinish_profiled"
"OpenCL","COMPUTE","Qcur-20","ROPE","f32",-1,686,-1,64,14,1,1,3584,0.409427,1,"clFinish_profiled"
"OpenCL","COMPUTE","node_688","MUL_MAT","f32",-1,687,-1,128,1,1,1,512,0.437344,1,"clFinish_profiled"
"OpenCL","COMPUTE","Kcur-20","ADD","f32",-1,688,-1,128,1,1,1,512,0.396927,1,"clFinish_profiled"
"OpenCL","COMPUTE","Kcur-20","ROPE","f32",-1,690,-1,64,2,1,1,512,0.394635,1,"clFinish_profiled"
"OpenCL","COMPUTE","node_692","MUL_MAT","f32",-1,691,-1,128,1,1,1,512,0.499636,1,"clFinish_profiled"
"OpenCL","COMPUTE","Vcur-20","ADD","f32",-1,692,-1,128,1,1,1,512,0.386510,1,"clFinish_profiled"
"OpenCL","COMPUTE","cache_k_l20 (view)","SET_ROWS","f16",-1,695,-1,128,512,1,1,131072,0.391719,1,"clFinish_profiled"
"OpenCL","COMPUTE","cache_v_l20 (view)","SET_ROWS","f16",-1,697,-1,128,512,1,1,131072,0.384688,1,"clFinish_profiled"
"OpenCL","COMPUTE","__fattn__-20","FLASH_ATTN_EXT","f32",-1,704,-1,64,14,1,1,3584,0.778959,1,"clFinish_profiled"
"OpenCL","COMPUTE","node_707","MUL_MAT","f32",-1,706,-1,896,1,1,1,3584,0.621407,1,"clFinish_profiled"
"OpenCL","COMPUTE","ffn_inp-20","ADD","f32",-1,707,-1,896,1,1,1,3584,0.402917,1,"clFinish_profiled"
"OpenCL","COMPUTE","ffn_gate-20","MUL_MAT","f32",-1,710,-1,4864,1,1,1,19456,1.052292,1,"clFinish_profiled"
"OpenCL","COMPUTE","ffn_up-20","MUL_MAT","f32",-1,711,-1,4864,1,1,1,19456,1.006302,1,"clFinish_profiled"
"OpenCL","COMPUTE","ffn_swiglu-20","GLU","f32",-1,712,-1,4864,1,1,1,19456,0.413229,1,"clFinish_profiled"
"OpenCL","COMPUTE","ffn_out-20","MUL_MAT","f32",-1,713,-1,896,1,1,1,3584,1.744427,1,"clFinish_profiled"
"OpenCL","COMPUTE","l_out-20","ADD","f32",-1,714,-1,896,1,1,1,3584,0.800677,1,"clFinish_profiled"
"OpenCL","COMPUTE","node_718","MUL_MAT","f32",-1,717,-1,896,1,1,1,3584,1.210781,1,"clFinish_profiled"
"OpenCL","COMPUTE","Qcur-21","ADD","f32",-1,718,-1,896,1,1,1,3584,0.776354,1,"clFinish_profiled"
"OpenCL","COMPUTE","Qcur-21","ROPE","f32",-1,720,-1,64,14,1,1,3584,0.437292,1,"clFinish_profiled"
"OpenCL","COMPUTE","node_722","MUL_MAT","f32",-1,721,-1,128,1,1,1,512,0.483281,1,"clFinish_profiled"
"OpenCL","COMPUTE","Kcur-21","ADD","f32",-1,722,-1,128,1,1,1,512,0.427709,1,"clFinish_profiled"
"OpenCL","COMPUTE","Kcur-21","ROPE","f32",-1,724,-1,64,2,1,1,512,0.493594,1,"clFinish_profiled"
"OpenCL","COMPUTE","node_726","MUL_MAT","f32",-1,725,-1,128,1,1,1,512,0.784271,1,"clFinish_profiled"
"OpenCL","COMPUTE","Vcur-21","ADD","f32",-1,726,-1,128,1,1,1,512,0.402136,1,"clFinish_profiled"
"OpenCL","COMPUTE","cache_k_l21 (view)","SET_ROWS","f16",-1,729,-1,128,512,1,1,131072,0.416511,1,"clFinish_profiled"
"OpenCL","COMPUTE","cache_v_l21 (view)","SET_ROWS","f16",-1,731,-1,128,512,1,1,131072,0.430313,1,"clFinish_profiled"
"OpenCL","COMPUTE","__fattn__-21","FLASH_ATTN_EXT","f32",-1,738,-1,64,14,1,1,3584,1.272552,1,"clFinish_profiled"
"OpenCL","COMPUTE","node_741","MUL_MAT","f32",-1,740,-1,896,1,1,1,3584,1.178073,1,"clFinish_profiled"
"OpenCL","COMPUTE","ffn_inp-21","ADD","f32",-1,741,-1,896,1,1,1,3584,0.779167,1,"clFinish_profiled"
"OpenCL","COMPUTE","ffn_gate-21","MUL_MAT","f32",-1,744,-1,4864,1,1,1,19456,1.256823,1,"clFinish_profiled"
"OpenCL","COMPUTE","ffn_up-21","MUL_MAT","f32",-1,745,-1,4864,1,1,1,19456,1.768229,1,"clFinish_profiled"
"OpenCL","COMPUTE","ffn_swiglu-21","GLU","f32",-1,746,-1,4864,1,1,1,19456,0.824323,1,"clFinish_profiled"
"OpenCL","COMPUTE","ffn_out-21","MUL_MAT","f32",-1,747,-1,896,1,1,1,3584,1.153959,1,"clFinish_profiled"
"OpenCL","COMPUTE","l_out-21","ADD","f32",-1,748,-1,896,1,1,1,3584,0.560886,1,"clFinish_profiled"
"OpenCL","COMPUTE","node_752","MUL_MAT","f32",-1,751,-1,896,1,1,1,3584,0.955260,1,"clFinish_profiled"
"OpenCL","COMPUTE","Qcur-22","ADD","f32",-1,752,-1,896,1,1,1,3584,0.600261,1,"clFinish_profiled"
"OpenCL","COMPUTE","Qcur-22","ROPE","f32",-1,754,-1,64,14,1,1,3584,0.785677,1,"clFinish_profiled"
"OpenCL","COMPUTE","node_756","MUL_MAT","f32",-1,755,-1,128,1,1,1,512,0.468021,1,"clFinish_profiled"
"OpenCL","COMPUTE","Kcur-22","ADD","f32",-1,756,-1,128,1,1,1,512,0.397760,1,"clFinish_profiled"
"OpenCL","COMPUTE","Kcur-22","ROPE","f32",-1,758,-1,64,2,1,1,512,0.392292,1,"clFinish_profiled"
"OpenCL","COMPUTE","node_760","MUL_MAT","f32",-1,759,-1,128,1,1,1,512,0.430156,1,"clFinish_profiled"
"OpenCL","COMPUTE","Vcur-22","ADD","f32",-1,760,-1,128,1,1,1,512,0.596302,1,"clFinish_profiled"
"OpenCL","COMPUTE","cache_k_l22 (view)","SET_ROWS","f16",-1,763,-1,128,512,1,1,131072,0.438855,1,"clFinish_profiled"
"OpenCL","COMPUTE","cache_v_l22 (view)","SET_ROWS","f16",-1,765,-1,128,512,1,1,131072,0.408906,1,"clFinish_profiled"
"OpenCL","COMPUTE","__fattn__-22","FLASH_ATTN_EXT","f32",-1,772,-1,64,14,1,1,3584,0.831146,1,"clFinish_profiled"
"OpenCL","COMPUTE","node_775","MUL_MAT","f32",-1,774,-1,896,1,1,1,3584,0.543645,1,"clFinish_profiled"
"OpenCL","COMPUTE","ffn_inp-22","ADD","f32",-1,775,-1,896,1,1,1,3584,0.395312,1,"clFinish_profiled"
"OpenCL","COMPUTE","ffn_gate-22","MUL_MAT","f32",-1,778,-1,4864,1,1,1,19456,1.059218,1,"clFinish_profiled"
"OpenCL","COMPUTE","ffn_up-22","MUL_MAT","f32",-1,779,-1,4864,1,1,1,19456,0.996198,1,"clFinish_profiled"
"OpenCL","COMPUTE","ffn_swiglu-22","GLU","f32",-1,780,-1,4864,1,1,1,19456,0.412032,1,"clFinish_profiled"
"OpenCL","COMPUTE","ffn_out-22","MUL_MAT","f32",-1,781,-1,896,1,1,1,3584,1.079531,1,"clFinish_profiled"
"OpenCL","COMPUTE","l_out-22","ADD","f32",-1,782,-1,896,1,1,1,3584,0.386511,1,"clFinish_profiled"
"OpenCL","COMPUTE","node_786","MUL_MAT","f32",-1,785,-1,896,1,1,1,3584,0.570625,1,"clFinish_profiled"
"OpenCL","COMPUTE","Qcur-23","ADD","f32",-1,786,-1,896,1,1,1,3584,0.396198,1,"clFinish_profiled"
"OpenCL","COMPUTE","Qcur-23","ROPE","f32",-1,788,-1,64,14,1,1,3584,0.391666,1,"clFinish_profiled"
"OpenCL","COMPUTE","node_790","MUL_MAT","f32",-1,789,-1,128,1,1,1,512,0.465156,1,"clFinish_profiled"
"OpenCL","COMPUTE","Kcur-23","ADD","f32",-1,790,-1,128,1,1,1,512,0.413333,1,"clFinish_profiled"
"OpenCL","COMPUTE","Kcur-23","ROPE","f32",-1,792,-1,64,2,1,1,512,0.393802,1,"clFinish_profiled"
"OpenCL","COMPUTE","node_794","MUL_MAT","f32",-1,793,-1,128,1,1,1,512,0.428802,1,"clFinish_profiled"
"OpenCL","COMPUTE","Vcur-23","ADD","f32",-1,794,-1,128,1,1,1,512,0.394584,1,"clFinish_profiled"
"OpenCL","COMPUTE","cache_k_l23 (view)","SET_ROWS","f16",-1,797,-1,128,512,1,1,131072,0.394219,1,"clFinish_profiled"
"OpenCL","COMPUTE","cache_v_l23 (view)","SET_ROWS","f16",-1,799,-1,128,512,1,1,131072,0.408229,1,"clFinish_profiled"
"OpenCL","COMPUTE","__fattn__-23","FLASH_ATTN_EXT","f32",-1,806,-1,64,14,1,1,3584,0.921041,1,"clFinish_profiled"
"OpenCL","COMPUTE","node_809","MUL_MAT","f32",-1,808,-1,896,1,1,1,3584,0.918750,1,"clFinish_profiled"
"OpenCL","COMPUTE","node_810","GET_ROWS","f32",-1,809,-1,896,1,1,1,3584,0.499167,1,"clFinish_profiled"
"OpenCL","COMPUTE","node_811","GET_ROWS","f32",-1,810,-1,896,1,1,1,3584,0.521771,1,"clFinish_profiled"
"OpenCL","COMPUTE","ffn_inp-23","ADD","f32",-1,811,-1,896,1,1,1,3584,0.722708,1,"clFinish_profiled"
"OpenCL","COMPUTE","ffn_gate-23","MUL_MAT","f32",-1,814,-1,4864,1,1,1,19456,0.895209,1,"clFinish_profiled"
"OpenCL","COMPUTE","ffn_up-23","MUL_MAT","f32",-1,815,-1,4864,1,1,1,19456,1.121302,1,"clFinish_profiled"
"OpenCL","COMPUTE","ffn_swiglu-23","GLU","f32",-1,816,-1,4864,1,1,1,19456,0.732552,1,"clFinish_profiled"
"OpenCL","COMPUTE","ffn_out-23","MUL_MAT","f32",-1,817,-1,896,1,1,1,3584,1.135885,1,"clFinish_profiled"
"OpenCL","COMPUTE","l_out-23","ADD","f32",-1,818,-1,896,1,1,1,3584,0.571250,1,"clFinish_profiled"
"OpenCL","COMPUTE","result_output","MUL_MAT","f32",-1,821,-1,151936,1,1,1,607744,8.941771,1,"clFinish_profiled"
"CPU_Elastic","COMPUTE_GRAPH","ggml_cgraph","GRAPH","",-1,1,-1,0,0,0,0,0,0.012968,1,"delegate_cpu_graph"
"OpenCL","COMPUTE","node_3","MUL_MAT","f32",-1,2,-1,896,1,1,1,3584,0.769375,1,"clFinish_profiled"
"OpenCL","COMPUTE","Qcur-0","ADD","f32",-1,3,-1,896,1,1,1,3584,0.595989,1,"clFinish_profiled"
"OpenCL","COMPUTE","Qcur-0","ROPE","f32",-1,5,-1,64,14,1,1,3584,0.307031,1,"clFinish_profiled"
"OpenCL","COMPUTE","node_7","MUL_MAT","f32",-1,6,-1,128,1,1,1,512,0.313229,1,"clFinish_profiled"
"OpenCL","COMPUTE","Kcur-0","ADD","f32",-1,7,-1,128,1,1,1,512,0.333229,1,"clFinish_profiled"
"OpenCL","COMPUTE","Kcur-0","ROPE","f32",-1,9,-1,64,2,1,1,512,0.288907,1,"clFinish_profiled"
"OpenCL","COMPUTE","node_11","MUL_MAT","f32",-1,10,-1,128,1,1,1,512,0.300833,1,"clFinish_profiled"
"OpenCL","COMPUTE","Vcur-0","ADD","f32",-1,11,-1,128,1,1,1,512,0.268489,1,"clFinish_profiled"
"OpenCL","COMPUTE","cache_k_l0 (view)","SET_ROWS","f16",-1,14,-1,128,512,1,1,131072,0.249114,1,"clFinish_profiled"
"OpenCL","COMPUTE","cache_v_l0 (view)","SET_ROWS","f16",-1,16,-1,128,512,1,1,131072,0.247761,1,"clFinish_profiled"
"OpenCL","COMPUTE"," (copy)","CPY","f16",-1,23,-1,256,64,1,1,32768,0.287500,1,"clFinish_profiled"
"OpenCL","COMPUTE","__fattn__-0","FLASH_ATTN_EXT","f32",-1,24,-1,64,14,1,1,3584,0.675417,1,"clFinish_profiled"
"OpenCL","COMPUTE","node_27","MUL_MAT","f32",-1,26,-1,896,1,1,1,3584,0.369323,1,"clFinish_profiled"
"OpenCL","COMPUTE","ffn_inp-0","ADD","f32",-1,27,-1,896,1,1,1,3584,0.241927,1,"clFinish_profiled"
"OpenCL","COMPUTE","ffn_gate-0","MUL_MAT","f32",-1,30,-1,4864,1,1,1,19456,0.651250,1,"clFinish_profiled"
"OpenCL","COMPUTE","ffn_up-0","MUL_MAT","f32",-1,31,-1,4864,1,1,1,19456,0.581302,1,"clFinish_profiled"
"OpenCL","COMPUTE","ffn_swiglu-0","GLU","f32",-1,32,-1,4864,1,1,1,19456,0.265781,1,"clFinish_profiled"
"OpenCL","COMPUTE","ffn_out-0","MUL_MAT","f32",-1,33,-1,896,1,1,1,3584,0.628437,1,"clFinish_profiled"
"OpenCL","COMPUTE","l_out-0","ADD","f32",-1,34,-1,896,1,1,1,3584,0.263697,1,"clFinish_profiled"
"OpenCL","COMPUTE","node_38","MUL_MAT","f32",-1,37,-1,896,1,1,1,3584,0.403386,1,"clFinish_profiled"
"OpenCL","COMPUTE","Qcur-1","ADD","f32",-1,38,-1,896,1,1,1,3584,0.255781,1,"clFinish_profiled"
"OpenCL","COMPUTE","Qcur-1","ROPE","f32",-1,40,-1,64,14,1,1,3584,0.271355,1,"clFinish_profiled"
"OpenCL","COMPUTE","node_42","MUL_MAT","f32",-1,41,-1,128,1,1,1,512,0.294271,1,"clFinish_profiled"
"OpenCL","COMPUTE","Kcur-1","ADD","f32",-1,42,-1,128,1,1,1,512,0.275104,1,"clFinish_profiled"
"OpenCL","COMPUTE","Kcur-1","ROPE","f32",-1,44,-1,64,2,1,1,512,0.298750,1,"clFinish_profiled"
"OpenCL","COMPUTE","node_46","MUL_MAT","f32",-1,45,-1,128,1,1,1,512,0.355208,1,"clFinish_profiled"
"OpenCL","COMPUTE","Vcur-1","ADD","f32",-1,46,-1,128,1,1,1,512,0.264844,1,"clFinish_profiled"
"OpenCL","COMPUTE","cache_k_l1 (view)","SET_ROWS","f16",-1,49,-1,128,512,1,1,131072,0.263854,1,"clFinish_profiled"
"OpenCL","COMPUTE","cache_v_l1 (view)","SET_ROWS","f16",-1,51,-1,128,512,1,1,131072,0.259375,1,"clFinish_profiled"
"OpenCL","COMPUTE","__fattn__-1","FLASH_ATTN_EXT","f32",-1,58,-1,64,14,1,1,3584,0.627760,1,"clFinish_profiled"
"OpenCL","COMPUTE","node_61","MUL_MAT","f32",-1,60,-1,896,1,1,1,3584,0.355052,1,"clFinish_profiled"
"OpenCL","COMPUTE","ffn_inp-1","ADD","f32",-1,61,-1,896,1,1,1,3584,0.350364,1,"clFinish_profiled"
"OpenCL","COMPUTE","ffn_gate-1","MUL_MAT","f32",-1,64,-1,4864,1,1,1,19456,0.697396,1,"clFinish_profiled"
"OpenCL","COMPUTE","ffn_up-1","MUL_MAT","f32",-1,65,-1,4864,1,1,1,19456,0.605312,1,"clFinish_profiled"
"OpenCL","COMPUTE","ffn_swiglu-1","GLU","f32",-1,66,-1,4864,1,1,1,19456,0.303386,1,"clFinish_profiled"
"OpenCL","COMPUTE","ffn_out-1","MUL_MAT","f32",-1,67,-1,896,1,1,1,3584,0.695520,1,"clFinish_profiled"
"OpenCL","COMPUTE","l_out-1","ADD","f32",-1,68,-1,896,1,1,1,3584,0.282656,1,"clFinish_profiled"
"OpenCL","COMPUTE","node_72","MUL_MAT","f32",-1,71,-1,896,1,1,1,3584,0.392031,1,"clFinish_profiled"
"OpenCL","COMPUTE","Qcur-2","ADD","f32",-1,72,-1,896,1,1,1,3584,0.282813,1,"clFinish_profiled"
"OpenCL","COMPUTE","Qcur-2","ROPE","f32",-1,74,-1,64,14,1,1,3584,0.277031,1,"clFinish_profiled"
"OpenCL","COMPUTE","node_76","MUL_MAT","f32",-1,75,-1,128,1,1,1,512,0.307084,1,"clFinish_profiled"
"OpenCL","COMPUTE","Kcur-2","ADD","f32",-1,76,-1,128,1,1,1,512,0.273386,1,"clFinish_profiled"
"OpenCL","COMPUTE","Kcur-2","ROPE","f32",-1,78,-1,64,2,1,1,512,0.290000,1,"clFinish_profiled"
"OpenCL","COMPUTE","node_80","MUL_MAT","f32",-1,79,-1,128,1,1,1,512,0.320208,1,"clFinish_profiled"
"OpenCL","COMPUTE","Vcur-2","ADD","f32",-1,80,-1,128,1,1,1,512,0.281562,1,"clFinish_profiled"
"OpenCL","COMPUTE","cache_k_l2 (view)","SET_ROWS","f16",-1,83,-1,128,512,1,1,131072,0.272240,1,"clFinish_profiled"
"OpenCL","COMPUTE","cache_v_l2 (view)","SET_ROWS","f16",-1,85,-1,128,512,1,1,131072,0.290521,1,"clFinish_profiled"
"OpenCL","COMPUTE","__fattn__-2","FLASH_ATTN_EXT","f32",-1,92,-1,64,14,1,1,3584,0.684688,1,"clFinish_profiled"
"OpenCL","COMPUTE","node_95","MUL_MAT","f32",-1,94,-1,896,1,1,1,3584,0.361094,1,"clFinish_profiled"
"OpenCL","COMPUTE","ffn_inp-2","ADD","f32",-1,95,-1,896,1,1,1,3584,0.277917,1,"clFinish_profiled"
"OpenCL","COMPUTE","ffn_gate-2","MUL_MAT","f32",-1,98,-1,4864,1,1,1,19456,0.674062,1,"clFinish_profiled"
"OpenCL","COMPUTE","ffn_up-2","MUL_MAT","f32",-1,99,-1,4864,1,1,1,19456,0.616406,1,"clFinish_profiled"
"OpenCL","COMPUTE","ffn_swiglu-2","GLU","f32",-1,100,-1,4864,1,1,1,19456,0.307969,1,"clFinish_profiled"
"OpenCL","COMPUTE","ffn_out-2","MUL_MAT","f32",-1,101,-1,896,1,1,1,3584,0.648489,1,"clFinish_profiled"
"OpenCL","COMPUTE","l_out-2","ADD","f32",-1,102,-1,896,1,1,1,3584,0.275521,1,"clFinish_profiled"
"OpenCL","COMPUTE","node_106","MUL_MAT","f32",-1,105,-1,896,1,1,1,3584,0.393385,1,"clFinish_profiled"
"OpenCL","COMPUTE","Qcur-3","ADD","f32",-1,106,-1,896,1,1,1,3584,0.273854,1,"clFinish_profiled"
"OpenCL","COMPUTE","Qcur-3","ROPE","f32",-1,108,-1,64,14,1,1,3584,0.274375,1,"clFinish_profiled"
"OpenCL","COMPUTE","node_110","MUL_MAT","f32",-1,109,-1,128,1,1,1,512,0.307552,1,"clFinish_profiled"
"OpenCL","COMPUTE","Kcur-3","ADD","f32",-1,110,-1,128,1,1,1,512,0.270573,1,"clFinish_profiled"
"OpenCL","COMPUTE","Kcur-3","ROPE","f32",-1,112,-1,64,2,1,1,512,0.276614,1,"clFinish_profiled"
"OpenCL","COMPUTE","node_114","MUL_MAT","f32",-1,113,-1,128,1,1,1,512,0.308229,1,"clFinish_profiled"
"OpenCL","COMPUTE","Vcur-3","ADD","f32",-1,114,-1,128,1,1,1,512,0.272343,1,"clFinish_profiled"
"OpenCL","COMPUTE","cache_k_l3 (view)","SET_ROWS","f16",-1,117,-1,128,512,1,1,131072,0.273073,1,"clFinish_profiled"
"OpenCL","COMPUTE","cache_v_l3 (view)","SET_ROWS","f16",-1,119,-1,128,512,1,1,131072,0.273020,1,"clFinish_profiled"
"OpenCL","COMPUTE","__fattn__-3","FLASH_ATTN_EXT","f32",-1,126,-1,64,14,1,1,3584,0.645104,1,"clFinish_profiled"
"OpenCL","COMPUTE","node_129","MUL_MAT","f32",-1,128,-1,896,1,1,1,3584,0.359792,1,"clFinish_profiled"
"OpenCL","COMPUTE","ffn_inp-3","ADD","f32",-1,129,-1,896,1,1,1,3584,0.284948,1,"clFinish_profiled"
"OpenCL","COMPUTE","ffn_gate-3","MUL_MAT","f32",-1,132,-1,4864,1,1,1,19456,0.649531,1,"clFinish_profiled"
"OpenCL","COMPUTE","ffn_up-3","MUL_MAT","f32",-1,133,-1,4864,1,1,1,19456,0.603854,1,"clFinish_profiled"
"OpenCL","COMPUTE","ffn_swiglu-3","GLU","f32",-1,134,-1,4864,1,1,1,19456,0.313906,1,"clFinish_profiled"
"OpenCL","COMPUTE","ffn_out-3","MUL_MAT","f32",-1,135,-1,896,1,1,1,3584,0.660000,1,"clFinish_profiled"
"OpenCL","COMPUTE","l_out-3","ADD","f32",-1,136,-1,896,1,1,1,3584,0.316146,1,"clFinish_profiled"
"OpenCL","COMPUTE","node_140","MUL_MAT","f32",-1,139,-1,896,1,1,1,3584,0.424636,1,"clFinish_profiled"
"OpenCL","COMPUTE","Qcur-4","ADD","f32",-1,140,-1,896,1,1,1,3584,0.276980,1,"clFinish_profiled"
"OpenCL","COMPUTE","Qcur-4","ROPE","f32",-1,142,-1,64,14,1,1,3584,0.280104,1,"clFinish_profiled"
"OpenCL","COMPUTE","node_144","MUL_MAT","f32",-1,143,-1,128,1,1,1,512,0.308438,1,"clFinish_profiled"
"OpenCL","COMPUTE","Kcur-4","ADD","f32",-1,144,-1,128,1,1,1,512,0.270052,1,"clFinish_profiled"
"OpenCL","COMPUTE","Kcur-4","ROPE","f32",-1,146,-1,64,2,1,1,512,0.274532,1,"clFinish_profiled"
"OpenCL","COMPUTE","node_148","MUL_MAT","f32",-1,147,-1,128,1,1,1,512,0.305313,1,"clFinish_profiled"
"OpenCL","COMPUTE","Vcur-4","ADD","f32",-1,148,-1,128,1,1,1,512,0.269479,1,"clFinish_profiled"
"OpenCL","COMPUTE","cache_k_l4 (view)","SET_ROWS","f16",-1,151,-1,128,512,1,1,131072,0.271302,1,"clFinish_profiled"
"OpenCL","COMPUTE","cache_v_l4 (view)","SET_ROWS","f16",-1,153,-1,128,512,1,1,131072,0.273594,1,"clFinish_profiled"
"OpenCL","COMPUTE","__fattn__-4","FLASH_ATTN_EXT","f32",-1,160,-1,64,14,1,1,3584,0.639271,1,"clFinish_profiled"
"OpenCL","COMPUTE","node_163","MUL_MAT","f32",-1,162,-1,896,1,1,1,3584,0.360729,1,"clFinish_profiled"
"OpenCL","COMPUTE","ffn_inp-4","ADD","f32",-1,163,-1,896,1,1,1,3584,0.271041,1,"clFinish_profiled"
"OpenCL","COMPUTE","ffn_gate-4","MUL_MAT","f32",-1,166,-1,4864,1,1,1,19456,0.643594,1,"clFinish_profiled"
"OpenCL","COMPUTE","ffn_up-4","MUL_MAT","f32",-1,167,-1,4864,1,1,1,19456,0.604166,1,"clFinish_profiled"
"OpenCL","COMPUTE","ffn_swiglu-4","GLU","f32",-1,168,-1,4864,1,1,1,19456,0.300104,1,"clFinish_profiled"
"OpenCL","COMPUTE","ffn_out-4","MUL_MAT","f32",-1,169,-1,896,1,1,1,3584,0.651927,1,"clFinish_profiled"
"OpenCL","COMPUTE","l_out-4","ADD","f32",-1,170,-1,896,1,1,1,3584,0.295937,1,"clFinish_profiled"
"OpenCL","COMPUTE","node_174","MUL_MAT","f32",-1,173,-1,896,1,1,1,3584,0.418334,1,"clFinish_profiled"
"OpenCL","COMPUTE","Qcur-5","ADD","f32",-1,174,-1,896,1,1,1,3584,0.281719,1,"clFinish_profiled"
"OpenCL","COMPUTE","Qcur-5","ROPE","f32",-1,176,-1,64,14,1,1,3584,0.275052,1,"clFinish_profiled"
"OpenCL","COMPUTE","node_178","MUL_MAT","f32",-1,177,-1,128,1,1,1,512,0.351979,1,"clFinish_profiled"
"OpenCL","COMPUTE","Kcur-5","ADD","f32",-1,178,-1,128,1,1,1,512,0.274739,1,"clFinish_profiled"
"OpenCL","COMPUTE","Kcur-5","ROPE","f32",-1,180,-1,64,2,1,1,512,0.279635,1,"clFinish_profiled"
"OpenCL","COMPUTE","node_182","MUL_MAT","f32",-1,181,-1,128,1,1,1,512,0.307344,1,"clFinish_profiled"
"OpenCL","COMPUTE","Vcur-5","ADD","f32",-1,182,-1,128,1,1,1,512,0.265156,1,"clFinish_profiled"
"OpenCL","COMPUTE","cache_k_l5 (view)","SET_ROWS","f16",-1,185,-1,128,512,1,1,131072,0.269167,1,"clFinish_profiled"
"OpenCL","COMPUTE","cache_v_l5 (view)","SET_ROWS","f16",-1,187,-1,128,512,1,1,131072,0.272552,1,"clFinish_profiled"
"OpenCL","COMPUTE","__fattn__-5","FLASH_ATTN_EXT","f32",-1,194,-1,64,14,1,1,3584,0.640209,1,"clFinish_profiled"
"OpenCL","COMPUTE","node_197","MUL_MAT","f32",-1,196,-1,896,1,1,1,3584,0.363229,1,"clFinish_profiled"
"OpenCL","COMPUTE","ffn_inp-5","ADD","f32",-1,197,-1,896,1,1,1,3584,0.280625,1,"clFinish_profiled"
"OpenCL","COMPUTE","ffn_gate-5","MUL_MAT","f32",-1,200,-1,4864,1,1,1,19456,0.636927,1,"clFinish_profiled"
"OpenCL","COMPUTE","ffn_up-5","MUL_MAT","f32",-1,201,-1,4864,1,1,1,19456,0.613802,1,"clFinish_profiled"
"OpenCL","COMPUTE","ffn_swiglu-5","GLU","f32",-1,202,-1,4864,1,1,1,19456,0.320156,1,"clFinish_profiled"
"OpenCL","COMPUTE","ffn_out-5","MUL_MAT","f32",-1,203,-1,896,1,1,1,3584,0.729115,1,"clFinish_profiled"
"OpenCL","COMPUTE","l_out-5","ADD","f32",-1,204,-1,896,1,1,1,3584,0.316250,1,"clFinish_profiled"
"OpenCL","COMPUTE","node_208","MUL_MAT","f32",-1,207,-1,896,1,1,1,3584,0.433073,1,"clFinish_profiled"
"OpenCL","COMPUTE","Qcur-6","ADD","f32",-1,208,-1,896,1,1,1,3584,0.320990,1,"clFinish_profiled"
"OpenCL","COMPUTE","Qcur-6","ROPE","f32",-1,210,-1,64,14,1,1,3584,0.268073,1,"clFinish_profiled"
"OpenCL","COMPUTE","node_212","MUL_MAT","f32",-1,211,-1,128,1,1,1,512,0.305469,1,"clFinish_profiled"
"OpenCL","COMPUTE","Kcur-6","ADD","f32",-1,212,-1,128,1,1,1,512,0.268125,1,"clFinish_profiled"
"OpenCL","COMPUTE","Kcur-6","ROPE","f32",-1,214,-1,64,2,1,1,512,0.276875,1,"clFinish_profiled"
"OpenCL","COMPUTE","node_216","MUL_MAT","f32",-1,215,-1,128,1,1,1,512,0.307865,1,"clFinish_profiled"
"OpenCL","COMPUTE","Vcur-6","ADD","f32",-1,216,-1,128,1,1,1,512,0.280573,1,"clFinish_profiled"
"OpenCL","COMPUTE","cache_k_l6 (view)","SET_ROWS","f16",-1,219,-1,128,512,1,1,131072,0.272084,1,"clFinish_profiled"
"OpenCL","COMPUTE","cache_v_l6 (view)","SET_ROWS","f16",-1,221,-1,128,512,1,1,131072,0.258803,1,"clFinish_profiled"
"OpenCL","COMPUTE","__fattn__-6","FLASH_ATTN_EXT","f32",-1,228,-1,64,14,1,1,3584,0.637396,1,"clFinish_profiled"
"OpenCL","COMPUTE","node_231","MUL_MAT","f32",-1,230,-1,896,1,1,1,3584,0.363333,1,"clFinish_profiled"
"OpenCL","COMPUTE","ffn_inp-6","ADD","f32",-1,231,-1,896,1,1,1,3584,0.271354,1,"clFinish_profiled"
"OpenCL","COMPUTE","ffn_gate-6","MUL_MAT","f32",-1,234,-1,4864,1,1,1,19456,0.661250,1,"clFinish_profiled"
"OpenCL","COMPUTE","ffn_up-6","MUL_MAT","f32",-1,235,-1,4864,1,1,1,19456,0.598438,1,"clFinish_profiled"
"OpenCL","COMPUTE","ffn_swiglu-6","GLU","f32",-1,236,-1,4864,1,1,1,19456,0.302813,1,"clFinish_profiled"
"OpenCL","COMPUTE","ffn_out-6","MUL_MAT","f32",-1,237,-1,896,1,1,1,3584,0.743541,1,"clFinish_profiled"
"OpenCL","COMPUTE","l_out-6","ADD","f32",-1,238,-1,896,1,1,1,3584,0.291667,1,"clFinish_profiled"
"OpenCL","COMPUTE","node_242","MUL_MAT","f32",-1,241,-1,896,1,1,1,3584,0.402604,1,"clFinish_profiled"
"OpenCL","COMPUTE","Qcur-7","ADD","f32",-1,242,-1,896,1,1,1,3584,0.271094,1,"clFinish_profiled"
"OpenCL","COMPUTE","Qcur-7","ROPE","f32",-1,244,-1,64,14,1,1,3584,0.274791,1,"clFinish_profiled"
"OpenCL","COMPUTE","node_246","MUL_MAT","f32",-1,245,-1,128,1,1,1,512,0.308021,1,"clFinish_profiled"
"OpenCL","COMPUTE","Kcur-7","ADD","f32",-1,246,-1,128,1,1,1,512,0.323021,1,"clFinish_profiled"
"OpenCL","COMPUTE","Kcur-7","ROPE","f32",-1,248,-1,64,2,1,1,512,0.275417,1,"clFinish_profiled"
"OpenCL","COMPUTE","node_250","MUL_MAT","f32",-1,249,-1,128,1,1,1,512,0.303542,1,"clFinish_profiled"
"OpenCL","COMPUTE","Vcur-7","ADD","f32",-1,250,-1,128,1,1,1,512,0.269480,1,"clFinish_profiled"
"OpenCL","COMPUTE","cache_k_l7 (view)","SET_ROWS","f16",-1,253,-1,128,512,1,1,131072,0.268438,1,"clFinish_profiled"
"OpenCL","COMPUTE","cache_v_l7 (view)","SET_ROWS","f16",-1,255,-1,128,512,1,1,131072,0.270938,1,"clFinish_profiled"
"OpenCL","COMPUTE","__fattn__-7","FLASH_ATTN_EXT","f32",-1,262,-1,64,14,1,1,3584,0.647083,1,"clFinish_profiled"
"OpenCL","COMPUTE","node_265","MUL_MAT","f32",-1,264,-1,896,1,1,1,3584,0.376250,1,"clFinish_profiled"
"OpenCL","COMPUTE","ffn_inp-7","ADD","f32",-1,265,-1,896,1,1,1,3584,0.270573,1,"clFinish_profiled"
"OpenCL","COMPUTE","ffn_gate-7","MUL_MAT","f32",-1,268,-1,4864,1,1,1,19456,0.636302,1,"clFinish_profiled"
"OpenCL","COMPUTE","ffn_up-7","MUL_MAT","f32",-1,269,-1,4864,1,1,1,19456,0.604219,1,"clFinish_profiled"
"OpenCL","COMPUTE","ffn_swiglu-7","GLU","f32",-1,270,-1,4864,1,1,1,19456,0.288437,1,"clFinish_profiled"
"OpenCL","COMPUTE","ffn_out-7","MUL_MAT","f32",-1,271,-1,896,1,1,1,3584,0.665000,1,"clFinish_profiled"
"OpenCL","COMPUTE","l_out-7","ADD","f32",-1,272,-1,896,1,1,1,3584,0.281354,1,"clFinish_profiled"
"OpenCL","COMPUTE","node_276","MUL_MAT","f32",-1,275,-1,896,1,1,1,3584,0.390365,1,"clFinish_profiled"
"OpenCL","COMPUTE","Qcur-8","ADD","f32",-1,276,-1,896,1,1,1,3584,0.319895,1,"clFinish_profiled"
"OpenCL","COMPUTE","Qcur-8","ROPE","f32",-1,278,-1,64,14,1,1,3584,0.300625,1,"clFinish_profiled"
"OpenCL","COMPUTE","node_280","MUL_MAT","f32",-1,279,-1,128,1,1,1,512,0.301927,1,"clFinish_profiled"
"OpenCL","COMPUTE","Kcur-8","ADD","f32",-1,280,-1,128,1,1,1,512,0.292187,1,"clFinish_profiled"
"OpenCL","COMPUTE","Kcur-8","ROPE","f32",-1,282,-1,64,2,1,1,512,0.291562,1,"clFinish_profiled"
"OpenCL","COMPUTE","node_284","MUL_MAT","f32",-1,283,-1,128,1,1,1,512,0.444896,1,"clFinish_profiled"
"OpenCL","COMPUTE","Vcur-8","ADD","f32",-1,284,-1,128,1,1,1,512,0.874792,1,"clFinish_profiled"
"OpenCL","COMPUTE","cache_k_l8 (view)","SET_ROWS","f16",-1,287,-1,128,512,1,1,131072,0.439740,1,"clFinish_profiled"
"OpenCL","COMPUTE","cache_v_l8 (view)","SET_ROWS","f16",-1,289,-1,128,512,1,1,131072,0.401823,1,"clFinish_profiled"
"OpenCL","COMPUTE","__fattn__-8","FLASH_ATTN_EXT","f32",-1,296,-1,64,14,1,1,3584,0.783698,1,"clFinish_profiled"
"OpenCL","COMPUTE","node_299","MUL_MAT","f32",-1,298,-1,896,1,1,1,3584,0.593906,1,"clFinish_profiled"
"OpenCL","COMPUTE","ffn_inp-8","ADD","f32",-1,299,-1,896,1,1,1,3584,0.414688,1,"clFinish_profiled"
"OpenCL","COMPUTE","ffn_gate-8","MUL_MAT","f32",-1,302,-1,4864,1,1,1,19456,1.019479,1,"clFinish_profiled"
"OpenCL","COMPUTE","ffn_up-8","MUL_MAT","f32",-1,303,-1,4864,1,1,1,19456,1.016563,1,"clFinish_profiled"
"OpenCL","COMPUTE","ffn_swiglu-8","GLU","f32",-1,304,-1,4864,1,1,1,19456,0.621563,1,"clFinish_profiled"
"OpenCL","COMPUTE","ffn_out-8","MUL_MAT","f32",-1,305,-1,896,1,1,1,3584,1.497760,1,"clFinish_profiled"
"OpenCL","COMPUTE","l_out-8","ADD","f32",-1,306,-1,896,1,1,1,3584,0.549219,1,"clFinish_profiled"
"OpenCL","COMPUTE","node_310","MUL_MAT","f32",-1,309,-1,896,1,1,1,3584,0.994375,1,"clFinish_profiled"
"OpenCL","COMPUTE","Qcur-9","ADD","f32",-1,310,-1,896,1,1,1,3584,0.434844,1,"clFinish_profiled"
"OpenCL","COMPUTE","Qcur-9","ROPE","f32",-1,312,-1,64,14,1,1,3584,0.400729,1,"clFinish_profiled"
"OpenCL","COMPUTE","node_314","MUL_MAT","f32",-1,313,-1,128,1,1,1,512,0.430521,1,"clFinish_profiled"
"OpenCL","COMPUTE","Kcur-9","ADD","f32",-1,314,-1,128,1,1,1,512,0.549687,1,"clFinish_profiled"
"OpenCL","COMPUTE","Kcur-9","ROPE","f32",-1,316,-1,64,2,1,1,512,0.427813,1,"clFinish_profiled"
"OpenCL","COMPUTE","node_318","MUL_MAT","f32",-1,317,-1,128,1,1,1,512,0.435989,1,"clFinish_profiled"
"OpenCL","COMPUTE","Vcur-9","ADD","f32",-1,318,-1,128,1,1,1,512,0.405989,1,"clFinish_profiled"
"OpenCL","COMPUTE","cache_k_l9 (view)","SET_ROWS","f16",-1,321,-1,128,512,1,1,131072,0.394114,1,"clFinish_profiled"
"OpenCL","COMPUTE","cache_v_l9 (view)","SET_ROWS","f16",-1,323,-1,128,512,1,1,131072,0.385781,1,"clFinish_profiled"
"OpenCL","COMPUTE","__fattn__-9","FLASH_ATTN_EXT","f32",-1,330,-1,64,14,1,1,3584,0.776146,1,"clFinish_profiled"
"OpenCL","COMPUTE","node_333","MUL_MAT","f32",-1,332,-1,896,1,1,1,3584,0.546354,1,"clFinish_profiled"
"OpenCL","COMPUTE","ffn_inp-9","ADD","f32",-1,333,-1,896,1,1,1,3584,0.401614,1,"clFinish_profiled"
"OpenCL","COMPUTE","ffn_gate-9","MUL_MAT","f32",-1,336,-1,4864,1,1,1,19456,1.092292,1,"clFinish_profiled"
"OpenCL","COMPUTE","ffn_up-9","MUL_MAT","f32",-1,337,-1,4864,1,1,1,19456,1.033542,1,"clFinish_profiled"
"OpenCL","COMPUTE","ffn_swiglu-9","GLU","f32",-1,338,-1,4864,1,1,1,19456,0.421510,1,"clFinish_profiled"
"OpenCL","COMPUTE","ffn_out-9","MUL_MAT","f32",-1,339,-1,896,1,1,1,3584,1.084062,1,"clFinish_profiled"
"OpenCL","COMPUTE","l_out-9","ADD","f32",-1,340,-1,896,1,1,1,3584,0.387604,1,"clFinish_profiled"
"OpenCL","COMPUTE","node_344","MUL_MAT","f32",-1,343,-1,896,1,1,1,3584,0.644479,1,"clFinish_profiled"
"OpenCL","COMPUTE","Qcur-10","ADD","f32",-1,344,-1,896,1,1,1,3584,0.409010,1,"clFinish_profiled"
"OpenCL","COMPUTE","Qcur-10","ROPE","f32",-1,346,-1,64,14,1,1,3584,0.408438,1,"clFinish_profiled"
"OpenCL","COMPUTE","node_348","MUL_MAT","f32",-1,347,-1,128,1,1,1,512,0.429792,1,"clFinish_profiled"
"OpenCL","COMPUTE","Kcur-10","ADD","f32",-1,348,-1,128,1,1,1,512,0.392240,1,"clFinish_profiled"
"OpenCL","COMPUTE","Kcur-10","ROPE","f32",-1,350,-1,64,2,1,1,512,0.417813,1,"clFinish_profiled"
"OpenCL","COMPUTE","node_352","MUL_MAT","f32",-1,351,-1,128,1,1,1,512,0.437292,1,"clFinish_profiled"
"OpenCL","COMPUTE","Vcur-10","ADD","f32",-1,352,-1,128,1,1,1,512,0.386511,1,"clFinish_profiled"
"OpenCL","COMPUTE","cache_k_l10 (view)","SET_ROWS","f16",-1,355,-1,128,512,1,1,131072,0.392708,1,"clFinish_profiled"
"OpenCL","COMPUTE","cache_v_l10 (view)","SET_ROWS","f16",-1,357,-1,128,512,1,1,131072,0.391458,1,"clFinish_profiled"
"OpenCL","COMPUTE","__fattn__-10","FLASH_ATTN_EXT","f32",-1,364,-1,64,14,1,1,3584,0.836250,1,"clFinish_profiled"
"OpenCL","COMPUTE","node_367","MUL_MAT","f32",-1,366,-1,896,1,1,1,3584,0.519896,1,"clFinish_profiled"
"OpenCL","COMPUTE","ffn_inp-10","ADD","f32",-1,367,-1,896,1,1,1,3584,0.381407,1,"clFinish_profiled"
"OpenCL","COMPUTE","ffn_gate-10","MUL_MAT","f32",-1,370,-1,4864,1,1,1,19456,1.059583,1,"clFinish_profiled"
"OpenCL","COMPUTE","ffn_up-10","MUL_MAT","f32",-1,371,-1,4864,1,1,1,19456,0.987917,1,"clFinish_profiled"
"OpenCL","COMPUTE","ffn_swiglu-10","GLU","f32",-1,372,-1,4864,1,1,1,19456,0.439479,1,"clFinish_profiled"
"OpenCL","COMPUTE","ffn_out-10","MUL_MAT","f32",-1,373,-1,896,1,1,1,3584,1.073177,1,"clFinish_profiled"
"OpenCL","COMPUTE","l_out-10","ADD","f32",-1,374,-1,896,1,1,1,3584,0.388646,1,"clFinish_profiled"
"OpenCL","COMPUTE","node_378","MUL_MAT","f32",-1,377,-1,896,1,1,1,3584,0.563333,1,"clFinish_profiled"
"OpenCL","COMPUTE","Qcur-11","ADD","f32",-1,378,-1,896,1,1,1,3584,0.389323,1,"clFinish_profiled"
"OpenCL","COMPUTE","Qcur-11","ROPE","f32",-1,380,-1,64,14,1,1,3584,0.391927,1,"clFinish_profiled"
"OpenCL","COMPUTE","node_382","MUL_MAT","f32",-1,381,-1,128,1,1,1,512,0.423803,1,"clFinish_profiled"
"OpenCL","COMPUTE","Kcur-11","ADD","f32",-1,382,-1,128,1,1,1,512,0.391094,1,"clFinish_profiled"
"OpenCL","COMPUTE","Kcur-11","ROPE","f32",-1,384,-1,64,2,1,1,512,0.438854,1,"clFinish_profiled"
"OpenCL","COMPUTE","node_386","MUL_MAT","f32",-1,385,-1,128,1,1,1,512,0.438959,1,"clFinish_profiled"
"OpenCL","COMPUTE","Vcur-11","ADD","f32",-1,386,-1,128,1,1,1,512,0.385729,1,"clFinish_profiled"
"OpenCL","COMPUTE","cache_k_l11 (view)","SET_ROWS","f16",-1,389,-1,128,512,1,1,131072,0.384740,1,"clFinish_profiled"
"OpenCL","COMPUTE","cache_v_l11 (view)","SET_ROWS","f16",-1,391,-1,128,512,1,1,131072,0.386875,1,"clFinish_profiled"
"OpenCL","COMPUTE","__fattn__-11","FLASH_ATTN_EXT","f32",-1,398,-1,64,14,1,1,3584,0.773958,1,"clFinish_profiled"
"OpenCL","COMPUTE","node_401","MUL_MAT","f32",-1,400,-1,896,1,1,1,3584,0.534375,1,"clFinish_profiled"
"OpenCL","COMPUTE","ffn_inp-11","ADD","f32",-1,401,-1,896,1,1,1,3584,0.383855,1,"clFinish_profiled"
"OpenCL","COMPUTE","ffn_gate-11","MUL_MAT","f32",-1,404,-1,4864,1,1,1,19456,1.007032,1,"clFinish_profiled"
"OpenCL","COMPUTE","ffn_up-11","MUL_MAT","f32",-1,405,-1,4864,1,1,1,19456,1.025885,1,"clFinish_profiled"
"OpenCL","COMPUTE","ffn_swiglu-11","GLU","f32",-1,406,-1,4864,1,1,1,19456,0.553802,1,"clFinish_profiled"
"OpenCL","COMPUTE","ffn_out-11","MUL_MAT","f32",-1,407,-1,896,1,1,1,3584,1.685052,1,"clFinish_profiled"
"OpenCL","COMPUTE","l_out-11","ADD","f32",-1,408,-1,896,1,1,1,3584,0.836406,1,"clFinish_profiled"
"OpenCL","COMPUTE","node_412","MUL_MAT","f32",-1,411,-1,896,1,1,1,3584,0.960417,1,"clFinish_profiled"
"OpenCL","COMPUTE","Qcur-12","ADD","f32",-1,412,-1,896,1,1,1,3584,0.486875,1,"clFinish_profiled"
"OpenCL","COMPUTE","Qcur-12","ROPE","f32",-1,414,-1,64,14,1,1,3584,0.400520,1,"clFinish_profiled"
"OpenCL","COMPUTE","node_416","MUL_MAT","f32",-1,415,-1,128,1,1,1,512,0.462500,1,"clFinish_profiled"
"OpenCL","COMPUTE","Kcur-12","ADD","f32",-1,416,-1,128,1,1,1,512,0.425521,1,"clFinish_profiled"
"OpenCL","COMPUTE","Kcur-12","ROPE","f32",-1,418,-1,64,2,1,1,512,0.394583,1,"clFinish_profiled"
"OpenCL","COMPUTE","node_420","MUL_MAT","f32",-1,419,-1,128,1,1,1,512,0.471562,1,"clFinish_profiled"
"OpenCL","COMPUTE","Vcur-12","ADD","f32",-1,420,-1,128,1,1,1,512,0.406042,1,"clFinish_profiled"
"OpenCL","COMPUTE","cache_k_l12 (view)","SET_ROWS","f16",-1,423,-1,128,512,1,1,131072,0.388646,1,"clFinish_profiled"
"OpenCL","COMPUTE","cache_v_l12 (view)","SET_ROWS","f16",-1,425,-1,128,512,1,1,131072,0.385104,1,"clFinish_profiled"
"OpenCL","COMPUTE","__fattn__-12","FLASH_ATTN_EXT","f32",-1,432,-1,64,14,1,1,3584,0.828073,1,"clFinish_profiled"
"OpenCL","COMPUTE","node_435","MUL_MAT","f32",-1,434,-1,896,1,1,1,3584,0.541041,1,"clFinish_profiled"
"OpenCL","COMPUTE","ffn_inp-12","ADD","f32",-1,435,-1,896,1,1,1,3584,0.380781,1,"clFinish_profiled"
"OpenCL","COMPUTE","ffn_gate-12","MUL_MAT","f32",-1,438,-1,4864,1,1,1,19456,1.231198,1,"clFinish_profiled"
"OpenCL","COMPUTE","ffn_up-12","MUL_MAT","f32",-1,439,-1,4864,1,1,1,19456,1.683021,1,"clFinish_profiled"
"OpenCL","COMPUTE","ffn_swiglu-12","GLU","f32",-1,440,-1,4864,1,1,1,19456,0.849531,1,"clFinish_profiled"
"OpenCL","COMPUTE","ffn_out-12","MUL_MAT","f32",-1,441,-1,896,1,1,1,3584,1.262343,1,"clFinish_profiled"
"OpenCL","COMPUTE","l_out-12","ADD","f32",-1,442,-1,896,1,1,1,3584,0.806354,1,"clFinish_profiled"
"OpenCL","COMPUTE","node_446","MUL_MAT","f32",-1,445,-1,896,1,1,1,3584,0.684635,1,"clFinish_profiled"
"OpenCL","COMPUTE","Qcur-13","ADD","f32",-1,446,-1,896,1,1,1,3584,0.400156,1,"clFinish_profiled"
"OpenCL","COMPUTE","Qcur-13","ROPE","f32",-1,448,-1,64,14,1,1,3584,0.400104,1,"clFinish_profiled"
"OpenCL","COMPUTE","node_450","MUL_MAT","f32",-1,449,-1,128,1,1,1,512,0.431302,1,"clFinish_profiled"
"OpenCL","COMPUTE","Kcur-13","ADD","f32",-1,450,-1,128,1,1,1,512,0.384427,1,"clFinish_profiled"
"OpenCL","COMPUTE","Kcur-13","ROPE","f32",-1,452,-1,64,2,1,1,512,0.461823,1,"clFinish_profiled"
"OpenCL","COMPUTE","node_454","MUL_MAT","f32",-1,453,-1,128,1,1,1,512,0.426198,1,"clFinish_profiled"
"OpenCL","COMPUTE","Vcur-13","ADD","f32",-1,454,-1,128,1,1,1,512,0.390625,1,"clFinish_profiled"
"OpenCL","COMPUTE","cache_k_l13 (view)","SET_ROWS","f16",-1,457,-1,128,512,1,1,131072,0.383802,1,"clFinish_profiled"
"OpenCL","COMPUTE","cache_v_l13 (view)","SET_ROWS","f16",-1,459,-1,128,512,1,1,131072,0.386406,1,"clFinish_profiled"
"OpenCL","COMPUTE","__fattn__-13","FLASH_ATTN_EXT","f32",-1,466,-1,64,14,1,1,3584,0.773906,1,"clFinish_profiled"
"OpenCL","COMPUTE","node_469","MUL_MAT","f32",-1,468,-1,896,1,1,1,3584,0.544218,1,"clFinish_profiled"
"OpenCL","COMPUTE","ffn_inp-13","ADD","f32",-1,469,-1,896,1,1,1,3584,0.405468,1,"clFinish_profiled"
"OpenCL","COMPUTE","ffn_gate-13","MUL_MAT","f32",-1,472,-1,4864,1,1,1,19456,1.042864,1,"clFinish_profiled"
"OpenCL","COMPUTE","ffn_up-13","MUL_MAT","f32",-1,473,-1,4864,1,1,1,19456,1.037760,1,"clFinish_profiled"
"OpenCL","COMPUTE","ffn_swiglu-13","GLU","f32",-1,474,-1,4864,1,1,1,19456,0.452604,1,"clFinish_profiled"
"OpenCL","COMPUTE","ffn_out-13","MUL_MAT","f32",-1,475,-1,896,1,1,1,3584,1.086250,1,"clFinish_profiled"
"OpenCL","COMPUTE","l_out-13","ADD","f32",-1,476,-1,896,1,1,1,3584,0.392136,1,"clFinish_profiled"
"OpenCL","COMPUTE","node_480","MUL_MAT","f32",-1,479,-1,896,1,1,1,3584,1.159427,1,"clFinish_profiled"
"OpenCL","COMPUTE","Qcur-14","ADD","f32",-1,480,-1,896,1,1,1,3584,0.770625,1,"clFinish_profiled"
"OpenCL","COMPUTE","Qcur-14","ROPE","f32",-1,482,-1,64,14,1,1,3584,0.488333,1,"clFinish_profiled"
"OpenCL","COMPUTE","node_484","MUL_MAT","f32",-1,483,-1,128,1,1,1,512,0.437396,1,"clFinish_profiled"
"OpenCL","COMPUTE","Kcur-14","ADD","f32",-1,484,-1,128,1,1,1,512,0.406146,1,"clFinish_profiled"
"OpenCL","COMPUTE","Kcur-14","ROPE","f32",-1,486,-1,64,2,1,1,512,0.403386,1,"clFinish_profiled"
"OpenCL","COMPUTE","node_488","MUL_MAT","f32",-1,487,-1,128,1,1,1,512,0.422917,1,"clFinish_profiled"
"OpenCL","COMPUTE","Vcur-14","ADD","f32",-1,488,-1,128,1,1,1,512,0.386146,1,"clFinish_profiled"
"OpenCL","COMPUTE","cache_k_l14 (view)","SET_ROWS","f16",-1,491,-1,128,512,1,1,131072,0.379167,1,"clFinish_profiled"
"OpenCL","COMPUTE","cache_v_l14 (view)","SET_ROWS","f16",-1,493,-1,128,512,1,1,131072,0.383854,1,"clFinish_profiled"
"OpenCL","COMPUTE","__fattn__-14","FLASH_ATTN_EXT","f32",-1,500,-1,64,14,1,1,3584,0.783646,1,"clFinish_profiled"
"OpenCL","COMPUTE","node_503","MUL_MAT","f32",-1,502,-1,896,1,1,1,3584,0.543802,1,"clFinish_profiled"
"OpenCL","COMPUTE","ffn_inp-14","ADD","f32",-1,503,-1,896,1,1,1,3584,0.390365,1,"clFinish_profiled"
"OpenCL","COMPUTE","ffn_gate-14","MUL_MAT","f32",-1,506,-1,4864,1,1,1,19456,1.222604,1,"clFinish_profiled"
"OpenCL","COMPUTE","ffn_up-14","MUL_MAT","f32",-1,507,-1,4864,1,1,1,19456,1.335937,1,"clFinish_profiled"
"OpenCL","COMPUTE","ffn_swiglu-14","GLU","f32",-1,508,-1,4864,1,1,1,19456,0.481145,1,"clFinish_profiled"
"OpenCL","COMPUTE","ffn_out-14","MUL_MAT","f32",-1,509,-1,896,1,1,1,3584,1.074479,1,"clFinish_profiled"
"OpenCL","COMPUTE","l_out-14","ADD","f32",-1,510,-1,896,1,1,1,3584,0.394531,1,"clFinish_profiled"
"OpenCL","COMPUTE","node_514","MUL_MAT","f32",-1,513,-1,896,1,1,1,3584,0.617604,1,"clFinish_profiled"
"OpenCL","COMPUTE","Qcur-15","ADD","f32",-1,514,-1,896,1,1,1,3584,0.402188,1,"clFinish_profiled"
"OpenCL","COMPUTE","Qcur-15","ROPE","f32",-1,516,-1,64,14,1,1,3584,0.398906,1,"clFinish_profiled"
"OpenCL","COMPUTE","node_518","MUL_MAT","f32",-1,517,-1,128,1,1,1,512,0.424687,1,"clFinish_profiled"
"OpenCL","COMPUTE","Kcur-15","ADD","f32",-1,518,-1,128,1,1,1,512,0.393437,1,"clFinish_profiled"
"OpenCL","COMPUTE","Kcur-15","ROPE","f32",-1,520,-1,64,2,1,1,512,0.481458,1,"clFinish_profiled"
"OpenCL","COMPUTE","node_522","MUL_MAT","f32",-1,521,-1,128,1,1,1,512,0.434636,1,"clFinish_profiled"
"OpenCL","COMPUTE","Vcur-15","ADD","f32",-1,522,-1,128,1,1,1,512,0.390625,1,"clFinish_profiled"
"OpenCL","COMPUTE","cache_k_l15 (view)","SET_ROWS","f16",-1,525,-1,128,512,1,1,131072,0.390834,1,"clFinish_profiled"
"OpenCL","COMPUTE","cache_v_l15 (view)","SET_ROWS","f16",-1,527,-1,128,512,1,1,131072,0.384739,1,"clFinish_profiled"
"OpenCL","COMPUTE","__fattn__-15","FLASH_ATTN_EXT","f32",-1,534,-1,64,14,1,1,3584,0.773021,1,"clFinish_profiled"
"OpenCL","COMPUTE","node_537","MUL_MAT","f32",-1,536,-1,896,1,1,1,3584,0.537344,1,"clFinish_profiled"
"OpenCL","COMPUTE","ffn_inp-15","ADD","f32",-1,537,-1,896,1,1,1,3584,0.436823,1,"clFinish_profiled"
"OpenCL","COMPUTE","ffn_gate-15","MUL_MAT","f32",-1,540,-1,4864,1,1,1,19456,1.470521,1,"clFinish_profiled"
"OpenCL","COMPUTE","ffn_up-15","MUL_MAT","f32",-1,541,-1,4864,1,1,1,19456,1.189375,1,"clFinish_profiled"
"OpenCL","COMPUTE","ffn_swiglu-15","GLU","f32",-1,542,-1,4864,1,1,1,19456,0.824167,1,"clFinish_profiled"
"OpenCL","COMPUTE","ffn_out-15","MUL_MAT","f32",-1,543,-1,896,1,1,1,3584,1.169427,1,"clFinish_profiled"
"OpenCL","COMPUTE","l_out-15","ADD","f32",-1,544,-1,896,1,1,1,3584,0.873282,1,"clFinish_profiled"
"OpenCL","COMPUTE","node_548","MUL_MAT","f32",-1,547,-1,896,1,1,1,3584,0.658698,1,"clFinish_profiled"
"OpenCL","COMPUTE","Qcur-16","ADD","f32",-1,548,-1,896,1,1,1,3584,0.398073,1,"clFinish_profiled"
"OpenCL","COMPUTE","Qcur-16","ROPE","f32",-1,550,-1,64,14,1,1,3584,0.394063,1,"clFinish_profiled"
"OpenCL","COMPUTE","node_552","MUL_MAT","f32",-1,551,-1,128,1,1,1,512,0.437500,1,"clFinish_profiled"
"OpenCL","COMPUTE","Kcur-16","ADD","f32",-1,552,-1,128,1,1,1,512,0.401250,1,"clFinish_profiled"
"OpenCL","COMPUTE","Kcur-16","ROPE","f32",-1,554,-1,64,2,1,1,512,0.391042,1,"clFinish_profiled"
"OpenCL","COMPUTE","node_556","MUL_MAT","f32",-1,555,-1,128,1,1,1,512,0.432812,1,"clFinish_profiled"
"OpenCL","COMPUTE","Vcur-16","ADD","f32",-1,556,-1,128,1,1,1,512,0.388594,1,"clFinish_profiled"
"OpenCL","COMPUTE","cache_k_l16 (view)","SET_ROWS","f16",-1,559,-1,128,512,1,1,131072,0.397656,1,"clFinish_profiled"
"OpenCL","COMPUTE","cache_v_l16 (view)","SET_ROWS","f16",-1,561,-1,128,512,1,1,131072,0.397604,1,"clFinish_profiled"
"OpenCL","COMPUTE","__fattn__-16","FLASH_ATTN_EXT","f32",-1,568,-1,64,14,1,1,3584,0.784479,1,"clFinish_profiled"
"OpenCL","COMPUTE","node_571","MUL_MAT","f32",-1,570,-1,896,1,1,1,3584,0.545052,1,"clFinish_profiled"
"OpenCL","COMPUTE","ffn_inp-16","ADD","f32",-1,571,-1,896,1,1,1,3584,0.527136,1,"clFinish_profiled"
"OpenCL","COMPUTE","ffn_gate-16","MUL_MAT","f32",-1,574,-1,4864,1,1,1,19456,1.426771,1,"clFinish_profiled"
"OpenCL","COMPUTE","ffn_up-16","MUL_MAT","f32",-1,575,-1,4864,1,1,1,19456,1.034010,1,"clFinish_profiled"
"OpenCL","COMPUTE","ffn_swiglu-16","GLU","f32",-1,576,-1,4864,1,1,1,19456,0.411198,1,"clFinish_profiled"
"OpenCL","COMPUTE","ffn_out-16","MUL_MAT","f32",-1,577,-1,896,1,1,1,3584,1.242968,1,"clFinish_profiled"
"OpenCL","COMPUTE","l_out-16","ADD","f32",-1,578,-1,896,1,1,1,3584,0.778594,1,"clFinish_profiled"
"OpenCL","COMPUTE","node_582","MUL_MAT","f32",-1,581,-1,896,1,1,1,3584,0.719792,1,"clFinish_profiled"
"OpenCL","COMPUTE","Qcur-17","ADD","f32",-1,582,-1,896,1,1,1,3584,0.820208,1,"clFinish_profiled"
"OpenCL","COMPUTE","Qcur-17","ROPE","f32",-1,584,-1,64,14,1,1,3584,0.464479,1,"clFinish_profiled"
"OpenCL","COMPUTE","node_586","MUL_MAT","f32",-1,585,-1,128,1,1,1,512,0.441615,1,"clFinish_profiled"
"OpenCL","COMPUTE","Kcur-17","ADD","f32",-1,586,-1,128,1,1,1,512,0.415782,1,"clFinish_profiled"
"OpenCL","COMPUTE","Kcur-17","ROPE","f32",-1,588,-1,64,2,1,1,512,0.407552,1,"clFinish_profiled"
"OpenCL","COMPUTE","node_590","MUL_MAT","f32",-1,589,-1,128,1,1,1,512,0.437917,1,"clFinish_profiled"
"OpenCL","COMPUTE","Vcur-17","ADD","f32",-1,590,-1,128,1,1,1,512,0.386823,1,"clFinish_profiled"
"OpenCL","COMPUTE","cache_k_l17 (view)","SET_ROWS","f16",-1,593,-1,128,512,1,1,131072,0.386146,1,"clFinish_profiled"
"OpenCL","COMPUTE","cache_v_l17 (view)","SET_ROWS","f16",-1,595,-1,128,512,1,1,131072,0.468906,1,"clFinish_profiled"
"OpenCL","COMPUTE","__fattn__-17","FLASH_ATTN_EXT","f32",-1,602,-1,64,14,1,1,3584,0.806354,1,"clFinish_profiled"
"OpenCL","COMPUTE","node_605","MUL_MAT","f32",-1,604,-1,896,1,1,1,3584,0.554219,1,"clFinish_profiled"
"OpenCL","COMPUTE","ffn_inp-17","ADD","f32",-1,605,-1,896,1,1,1,3584,0.423021,1,"clFinish_profiled"
"OpenCL","COMPUTE","ffn_gate-17","MUL_MAT","f32",-1,608,-1,4864,1,1,1,19456,1.513177,1,"clFinish_profiled"
"OpenCL","COMPUTE","ffn_up-17","MUL_MAT","f32",-1,609,-1,4864,1,1,1,19456,1.024011,1,"clFinish_profiled"
"OpenCL","COMPUTE","ffn_swiglu-17","GLU","f32",-1,610,-1,4864,1,1,1,19456,0.411875,1,"clFinish_profiled"
"OpenCL","COMPUTE","ffn_out-17","MUL_MAT","f32",-1,611,-1,896,1,1,1,3584,1.061823,1,"clFinish_profiled"
"OpenCL","COMPUTE","l_out-17","ADD","f32",-1,612,-1,896,1,1,1,3584,0.385573,1,"clFinish_profiled"
"OpenCL","COMPUTE","node_616","MUL_MAT","f32",-1,615,-1,896,1,1,1,3584,0.569844,1,"clFinish_profiled"
"OpenCL","COMPUTE","Qcur-18","ADD","f32",-1,616,-1,896,1,1,1,3584,0.399948,1,"clFinish_profiled"
"OpenCL","COMPUTE","Qcur-18","ROPE","f32",-1,618,-1,64,14,1,1,3584,0.391407,1,"clFinish_profiled"
"OpenCL","COMPUTE","node_620","MUL_MAT","f32",-1,619,-1,128,1,1,1,512,0.615833,1,"clFinish_profiled"
"OpenCL","COMPUTE","Kcur-18","ADD","f32",-1,620,-1,128,1,1,1,512,0.395104,1,"clFinish_profiled"
"OpenCL","COMPUTE","Kcur-18","ROPE","f32",-1,622,-1,64,2,1,1,512,0.395729,1,"clFinish_profiled"
"OpenCL","COMPUTE","node_624","MUL_MAT","f32",-1,623,-1,128,1,1,1,512,0.425573,1,"clFinish_profiled"
"OpenCL","COMPUTE","Vcur-18","ADD","f32",-1,624,-1,128,1,1,1,512,0.428489,1,"clFinish_profiled"
"OpenCL","COMPUTE","cache_k_l18 (view)","SET_ROWS","f16",-1,627,-1,128,512,1,1,131072,0.406771,1,"clFinish_profiled"
"OpenCL","COMPUTE","cache_v_l18 (view)","SET_ROWS","f16",-1,629,-1,128,512,1,1,131072,0.387605,1,"clFinish_profiled"
"OpenCL","COMPUTE","__fattn__-18","FLASH_ATTN_EXT","f32",-1,636,-1,64,14,1,1,3584,0.770209,1,"clFinish_profiled"
"OpenCL","COMPUTE","node_639","MUL_MAT","f32",-1,638,-1,896,1,1,1,3584,0.525261,1,"clFinish_profiled"
"OpenCL","COMPUTE","ffn_inp-18","ADD","f32",-1,639,-1,896,1,1,1,3584,0.379531,1,"clFinish_profiled"
"OpenCL","COMPUTE","ffn_gate-18","MUL_MAT","f32",-1,642,-1,4864,1,1,1,19456,1.012812,1,"clFinish_profiled"
"OpenCL","COMPUTE","ffn_up-18","MUL_MAT","f32",-1,643,-1,4864,1,1,1,19456,0.976823,1,"clFinish_profiled"
"OpenCL","COMPUTE","ffn_swiglu-18","GLU","f32",-1,644,-1,4864,1,1,1,19456,0.409531,1,"clFinish_profiled"
"OpenCL","COMPUTE","ffn_out-18","MUL_MAT","f32",-1,645,-1,896,1,1,1,3584,1.252344,1,"clFinish_profiled"
"OpenCL","COMPUTE","l_out-18","ADD","f32",-1,646,-1,896,1,1,1,3584,0.811771,1,"clFinish_profiled"
"OpenCL","COMPUTE","node_650","MUL_MAT","f32",-1,649,-1,896,1,1,1,3584,0.739687,1,"clFinish_profiled"
"OpenCL","COMPUTE","Qcur-19","ADD","f32",-1,650,-1,896,1,1,1,3584,0.833333,1,"clFinish_profiled"
"OpenCL","COMPUTE","Qcur-19","ROPE","f32",-1,652,-1,64,14,1,1,3584,0.436979,1,"clFinish_profiled"
"OpenCL","COMPUTE","node_654","MUL_MAT","f32",-1,653,-1,128,1,1,1,512,0.452865,1,"clFinish_profiled"
"OpenCL","COMPUTE","Kcur-19","ADD","f32",-1,654,-1,128,1,1,1,512,0.399323,1,"clFinish_profiled"
"OpenCL","COMPUTE","Kcur-19","ROPE","f32",-1,656,-1,64,2,1,1,512,0.393229,1,"clFinish_profiled"
"OpenCL","COMPUTE","node_658","MUL_MAT","f32",-1,657,-1,128,1,1,1,512,0.425156,1,"clFinish_profiled"
"OpenCL","COMPUTE","Vcur-19","ADD","f32",-1,658,-1,128,1,1,1,512,0.383489,1,"clFinish_profiled"
"OpenCL","COMPUTE","cache_k_l19 (view)","SET_ROWS","f16",-1,661,-1,128,512,1,1,131072,0.406459,1,"clFinish_profiled"
"OpenCL","COMPUTE","cache_v_l19 (view)","SET_ROWS","f16",-1,663,-1,128,512,1,1,131072,0.399063,1,"clFinish_profiled"
"OpenCL","COMPUTE","__fattn__-19","FLASH_ATTN_EXT","f32",-1,670,-1,64,14,1,1,3584,0.776041,1,"clFinish_profiled"
"OpenCL","COMPUTE","node_673","MUL_MAT","f32",-1,672,-1,896,1,1,1,3584,0.548802,1,"clFinish_profiled"
"OpenCL","COMPUTE","ffn_inp-19","ADD","f32",-1,673,-1,896,1,1,1,3584,0.454427,1,"clFinish_profiled"
"OpenCL","COMPUTE","ffn_gate-19","MUL_MAT","f32",-1,676,-1,4864,1,1,1,19456,1.449531,1,"clFinish_profiled"
"OpenCL","COMPUTE","ffn_up-19","MUL_MAT","f32",-1,677,-1,4864,1,1,1,19456,1.038177,1,"clFinish_profiled"
"OpenCL","COMPUTE","ffn_swiglu-19","GLU","f32",-1,678,-1,4864,1,1,1,19456,0.415885,1,"clFinish_profiled"
"OpenCL","COMPUTE","ffn_out-19","MUL_MAT","f32",-1,679,-1,896,1,1,1,3584,1.096719,1,"clFinish_profiled"
"OpenCL","COMPUTE","l_out-19","ADD","f32",-1,680,-1,896,1,1,1,3584,0.387708,1,"clFinish_profiled"
"OpenCL","COMPUTE","node_684","MUL_MAT","f32",-1,683,-1,896,1,1,1,3584,0.628333,1,"clFinish_profiled"
"OpenCL","COMPUTE","Qcur-20","ADD","f32",-1,684,-1,896,1,1,1,3584,0.401875,1,"clFinish_profiled"
"OpenCL","COMPUTE","Qcur-20","ROPE","f32",-1,686,-1,64,14,1,1,3584,0.405625,1,"clFinish_profiled"
"OpenCL","COMPUTE","node_688","MUL_MAT","f32",-1,687,-1,128,1,1,1,512,0.436875,1,"clFinish_profiled"
"OpenCL","COMPUTE","Kcur-20","ADD","f32",-1,688,-1,128,1,1,1,512,0.391511,1,"clFinish_profiled"
"OpenCL","COMPUTE","Kcur-20","ROPE","f32",-1,690,-1,64,2,1,1,512,0.394844,1,"clFinish_profiled"
"OpenCL","COMPUTE","node_692","MUL_MAT","f32",-1,691,-1,128,1,1,1,512,0.432656,1,"clFinish_profiled"
"OpenCL","COMPUTE","Vcur-20","ADD","f32",-1,692,-1,128,1,1,1,512,0.377343,1,"clFinish_profiled"
"OpenCL","COMPUTE","cache_k_l20 (view)","SET_ROWS","f16",-1,695,-1,128,512,1,1,131072,0.380312,1,"clFinish_profiled"
"OpenCL","COMPUTE","cache_v_l20 (view)","SET_ROWS","f16",-1,697,-1,128,512,1,1,131072,0.381823,1,"clFinish_profiled"
"OpenCL","COMPUTE","__fattn__-20","FLASH_ATTN_EXT","f32",-1,704,-1,64,14,1,1,3584,0.818906,1,"clFinish_profiled"
"OpenCL","COMPUTE","node_707","MUL_MAT","f32",-1,706,-1,896,1,1,1,3584,1.020312,1,"clFinish_profiled"
"OpenCL","COMPUTE","ffn_inp-20","ADD","f32",-1,707,-1,896,1,1,1,3584,0.419219,1,"clFinish_profiled"
"OpenCL","COMPUTE","ffn_gate-20","MUL_MAT","f32",-1,710,-1,4864,1,1,1,19456,1.017813,1,"clFinish_profiled"
"OpenCL","COMPUTE","ffn_up-20","MUL_MAT","f32",-1,711,-1,4864,1,1,1,19456,0.988386,1,"clFinish_profiled"
"OpenCL","COMPUTE","ffn_swiglu-20","GLU","f32",-1,712,-1,4864,1,1,1,19456,0.474687,1,"clFinish_profiled"
"OpenCL","COMPUTE","ffn_out-20","MUL_MAT","f32",-1,713,-1,896,1,1,1,3584,1.239062,1,"clFinish_profiled"
"OpenCL","COMPUTE","l_out-20","ADD","f32",-1,714,-1,896,1,1,1,3584,0.809740,1,"clFinish_profiled"
"OpenCL","COMPUTE","node_718","MUL_MAT","f32",-1,717,-1,896,1,1,1,3584,1.003646,1,"clFinish_profiled"
"OpenCL","COMPUTE","Qcur-21","ADD","f32",-1,718,-1,896,1,1,1,3584,0.444740,1,"clFinish_profiled"
"OpenCL","COMPUTE","Qcur-21","ROPE","f32",-1,720,-1,64,14,1,1,3584,0.425990,1,"clFinish_profiled"
"OpenCL","COMPUTE","node_722","MUL_MAT","f32",-1,721,-1,128,1,1,1,512,0.437344,1,"clFinish_profiled"
"OpenCL","COMPUTE","Kcur-21","ADD","f32",-1,722,-1,128,1,1,1,512,0.398229,1,"clFinish_profiled"
"OpenCL","COMPUTE","Kcur-21","ROPE","f32",-1,724,-1,64,2,1,1,512,0.389791,1,"clFinish_profiled"
"OpenCL","COMPUTE","node_726","MUL_MAT","f32",-1,725,-1,128,1,1,1,512,0.428802,1,"clFinish_profiled"
"OpenCL","COMPUTE","Vcur-21","ADD","f32",-1,726,-1,128,1,1,1,512,0.394844,1,"clFinish_profiled"
"OpenCL","COMPUTE","cache_k_l21 (view)","SET_ROWS","f16",-1,729,-1,128,512,1,1,131072,0.399218,1,"clFinish_profiled"
"OpenCL","COMPUTE","cache_v_l21 (view)","SET_ROWS","f16",-1,731,-1,128,512,1,1,131072,0.384271,1,"clFinish_profiled"
"OpenCL","COMPUTE","__fattn__-21","FLASH_ATTN_EXT","f32",-1,738,-1,64,14,1,1,3584,0.785000,1,"clFinish_profiled"
"OpenCL","COMPUTE","node_741","MUL_MAT","f32",-1,740,-1,896,1,1,1,3584,0.529480,1,"clFinish_profiled"
"OpenCL","COMPUTE","ffn_inp-21","ADD","f32",-1,741,-1,896,1,1,1,3584,0.596823,1,"clFinish_profiled"
"OpenCL","COMPUTE","ffn_gate-21","MUL_MAT","f32",-1,744,-1,4864,1,1,1,19456,1.347500,1,"clFinish_profiled"
"OpenCL","COMPUTE","ffn_up-21","MUL_MAT","f32",-1,745,-1,4864,1,1,1,19456,0.988021,1,"clFinish_profiled"
"OpenCL","COMPUTE","ffn_swiglu-21","GLU","f32",-1,746,-1,4864,1,1,1,19456,0.523698,1,"clFinish_profiled"
"OpenCL","COMPUTE","ffn_out-21","MUL_MAT","f32",-1,747,-1,896,1,1,1,3584,1.719791,1,"clFinish_profiled"
"OpenCL","COMPUTE","l_out-21","ADD","f32",-1,748,-1,896,1,1,1,3584,0.737604,1,"clFinish_profiled"
"OpenCL","COMPUTE","node_752","MUL_MAT","f32",-1,751,-1,896,1,1,1,3584,0.648333,1,"clFinish_profiled"
"OpenCL","COMPUTE","Qcur-22","ADD","f32",-1,752,-1,896,1,1,1,3584,0.370990,1,"clFinish_profiled"
"OpenCL","COMPUTE","Qcur-22","ROPE","f32",-1,754,-1,64,14,1,1,3584,0.357448,1,"clFinish_profiled"
"OpenCL","COMPUTE","node_756","MUL_MAT","f32",-1,755,-1,128,1,1,1,512,0.445781,1,"clFinish_profiled"
"OpenCL","COMPUTE","Kcur-22","ADD","f32",-1,756,-1,128,1,1,1,512,0.360885,1,"clFinish_profiled"
"OpenCL","COMPUTE","Kcur-22","ROPE","f32",-1,758,-1,64,2,1,1,512,0.356823,1,"clFinish_profiled"
"OpenCL","COMPUTE","node_760","MUL_MAT","f32",-1,759,-1,128,1,1,1,512,0.384792,1,"clFinish_profiled"
"OpenCL","COMPUTE","Vcur-22","ADD","f32",-1,760,-1,128,1,1,1,512,0.346459,1,"clFinish_profiled"
"OpenCL","COMPUTE","cache_k_l22 (view)","SET_ROWS","f16",-1,763,-1,128,512,1,1,131072,0.419635,1,"clFinish_profiled"
"OpenCL","COMPUTE","cache_v_l22 (view)","SET_ROWS","f16",-1,765,-1,128,512,1,1,131072,0.396250,1,"clFinish_profiled"
"OpenCL","COMPUTE","__fattn__-22","FLASH_ATTN_EXT","f32",-1,772,-1,64,14,1,1,3584,0.835572,1,"clFinish_profiled"
"OpenCL","COMPUTE","node_775","MUL_MAT","f32",-1,774,-1,896,1,1,1,3584,0.553177,1,"clFinish_profiled"
"OpenCL","COMPUTE","ffn_inp-22","ADD","f32",-1,775,-1,896,1,1,1,3584,0.390104,1,"clFinish_profiled"
"OpenCL","COMPUTE","ffn_gate-22","MUL_MAT","f32",-1,778,-1,4864,1,1,1,19456,1.583021,1,"clFinish_profiled"
"OpenCL","COMPUTE","ffn_up-22","MUL_MAT","f32",-1,779,-1,4864,1,1,1,19456,1.010364,1,"clFinish_profiled"
"OpenCL","COMPUTE","ffn_swiglu-22","GLU","f32",-1,780,-1,4864,1,1,1,19456,0.423125,1,"clFinish_profiled"
"OpenCL","COMPUTE","ffn_out-22","MUL_MAT","f32",-1,781,-1,896,1,1,1,3584,1.082761,1,"clFinish_profiled"
"OpenCL","COMPUTE","l_out-22","ADD","f32",-1,782,-1,896,1,1,1,3584,0.392500,1,"clFinish_profiled"
"OpenCL","COMPUTE","node_786","MUL_MAT","f32",-1,785,-1,896,1,1,1,3584,0.583021,1,"clFinish_profiled"
"OpenCL","COMPUTE","Qcur-23","ADD","f32",-1,786,-1,896,1,1,1,3584,0.440990,1,"clFinish_profiled"
"OpenCL","COMPUTE","Qcur-23","ROPE","f32",-1,788,-1,64,14,1,1,3584,0.393490,1,"clFinish_profiled"
"OpenCL","COMPUTE","node_790","MUL_MAT","f32",-1,789,-1,128,1,1,1,512,0.428906,1,"clFinish_profiled"
"OpenCL","COMPUTE","Kcur-23","ADD","f32",-1,790,-1,128,1,1,1,512,0.385260,1,"clFinish_profiled"
"OpenCL","COMPUTE","Kcur-23","ROPE","f32",-1,792,-1,64,2,1,1,512,0.391979,1,"clFinish_profiled"
"OpenCL","COMPUTE","node_794","MUL_MAT","f32",-1,793,-1,128,1,1,1,512,0.442344,1,"clFinish_profiled"
"OpenCL","COMPUTE","Vcur-23","ADD","f32",-1,794,-1,128,1,1,1,512,0.390052,1,"clFinish_profiled"
"OpenCL","COMPUTE","cache_k_l23 (view)","SET_ROWS","f16",-1,797,-1,128,512,1,1,131072,0.462709,1,"clFinish_profiled"
"OpenCL","COMPUTE","cache_v_l23 (view)","SET_ROWS","f16",-1,799,-1,128,512,1,1,131072,0.406927,1,"clFinish_profiled"
"OpenCL","COMPUTE","__fattn__-23","FLASH_ATTN_EXT","f32",-1,806,-1,64,14,1,1,3584,0.787188,1,"clFinish_profiled"
"OpenCL","COMPUTE","node_809","MUL_MAT","f32",-1,808,-1,896,1,1,1,3584,0.532969,1,"clFinish_profiled"
"OpenCL","COMPUTE","node_810","GET_ROWS","f32",-1,809,-1,896,1,1,1,3584,0.405521,1,"clFinish_profiled"
"OpenCL","COMPUTE","node_811","GET_ROWS","f32",-1,810,-1,896,1,1,1,3584,0.389583,1,"clFinish_profiled"
"OpenCL","COMPUTE","ffn_inp-23","ADD","f32",-1,811,-1,896,1,1,1,3584,0.372812,1,"clFinish_profiled"
"OpenCL","COMPUTE","ffn_gate-23","MUL_MAT","f32",-1,814,-1,4864,1,1,1,19456,1.020886,1,"clFinish_profiled"
"OpenCL","COMPUTE","ffn_up-23","MUL_MAT","f32",-1,815,-1,4864,1,1,1,19456,1.036614,1,"clFinish_profiled"
"OpenCL","COMPUTE","ffn_swiglu-23","GLU","f32",-1,816,-1,4864,1,1,1,19456,0.411562,1,"clFinish_profiled"
"OpenCL","COMPUTE","ffn_out-23","MUL_MAT","f32",-1,817,-1,896,1,1,1,3584,1.054271,1,"clFinish_profiled"
"OpenCL","COMPUTE","l_out-23","ADD","f32",-1,818,-1,896,1,1,1,3584,0.392552,1,"clFinish_profiled"
"OpenCL","COMPUTE","result_output","MUL_MAT","f32",-1,821,-1,151936,1,1,1,607744,18.583490,1,"clFinish_profiled"
"CPU_Elastic","COMPUTE_GRAPH","ggml_cgraph","GRAPH","",-1,1,-1,0,0,0,0,0,0.014636,1,"delegate_cpu_graph"
"OpenCL","COMPUTE","node_3","MUL_MAT","f32",-1,2,-1,896,1,1,1,3584,1.116198,1,"clFinish_profiled"
"OpenCL","COMPUTE","Qcur-0","ADD","f32",-1,3,-1,896,1,1,1,3584,0.446042,1,"clFinish_profiled"
"OpenCL","COMPUTE","Qcur-0","ROPE","f32",-1,5,-1,64,14,1,1,3584,0.905417,1,"clFinish_profiled"
"OpenCL","COMPUTE","node_7","MUL_MAT","f32",-1,6,-1,128,1,1,1,512,0.488541,1,"clFinish_profiled"
"OpenCL","COMPUTE","Kcur-0","ADD","f32",-1,7,-1,128,1,1,1,512,0.417083,1,"clFinish_profiled"
"OpenCL","COMPUTE","Kcur-0","ROPE","f32",-1,9,-1,64,2,1,1,512,0.461042,1,"clFinish_profiled"
"OpenCL","COMPUTE","node_11","MUL_MAT","f32",-1,10,-1,128,1,1,1,512,0.440469,1,"clFinish_profiled"
"OpenCL","COMPUTE","Vcur-0","ADD","f32",-1,11,-1,128,1,1,1,512,0.405730,1,"clFinish_profiled"
"OpenCL","COMPUTE","cache_k_l0 (view)","SET_ROWS","f16",-1,14,-1,128,512,1,1,131072,0.408020,1,"clFinish_profiled"
"OpenCL","COMPUTE","cache_v_l0 (view)","SET_ROWS","f16",-1,16,-1,128,512,1,1,131072,0.401302,1,"clFinish_profiled"
"OpenCL","COMPUTE"," (copy)","CPY","f16",-1,23,-1,256,64,1,1,32768,0.434375,1,"clFinish_profiled"
"OpenCL","COMPUTE","__fattn__-0","FLASH_ATTN_EXT","f32",-1,24,-1,64,14,1,1,3584,0.799271,1,"clFinish_profiled"
"OpenCL","COMPUTE","node_27","MUL_MAT","f32",-1,26,-1,896,1,1,1,3584,0.575156,1,"clFinish_profiled"
"OpenCL","COMPUTE","ffn_inp-0","ADD","f32",-1,27,-1,896,1,1,1,3584,0.592135,1,"clFinish_profiled"
"OpenCL","COMPUTE","ffn_gate-0","MUL_MAT","f32",-1,30,-1,4864,1,1,1,19456,1.499062,1,"clFinish_profiled"
"OpenCL","COMPUTE","ffn_up-0","MUL_MAT","f32",-1,31,-1,4864,1,1,1,19456,1.508020,1,"clFinish_profiled"
"OpenCL","COMPUTE","ffn_swiglu-0","GLU","f32",-1,32,-1,4864,1,1,1,19456,0.792188,1,"clFinish_profiled"
"OpenCL","COMPUTE","ffn_out-0","MUL_MAT","f32",-1,33,-1,896,1,1,1,3584,1.329531,1,"clFinish_profiled"
"OpenCL","COMPUTE","l_out-0","ADD","f32",-1,34,-1,896,1,1,1,3584,0.881406,1,"clFinish_profiled"
"OpenCL","COMPUTE","node_38","MUL_MAT","f32",-1,37,-1,896,1,1,1,3584,1.027917,1,"clFinish_profiled"
"OpenCL","COMPUTE","Qcur-1","ADD","f32",-1,38,-1,896,1,1,1,3584,0.440053,1,"clFinish_profiled"
"OpenCL","COMPUTE","Qcur-1","ROPE","f32",-1,40,-1,64,14,1,1,3584,0.432500,1,"clFinish_profiled"
"OpenCL","COMPUTE","node_42","MUL_MAT","f32",-1,41,-1,128,1,1,1,512,0.402500,1,"clFinish_profiled"
"OpenCL","COMPUTE","Kcur-1","ADD","f32",-1,42,-1,128,1,1,1,512,0.348281,1,"clFinish_profiled"
"OpenCL","COMPUTE","Kcur-1","ROPE","f32",-1,44,-1,64,2,1,1,512,0.356355,1,"clFinish_profiled"
"OpenCL","COMPUTE","node_46","MUL_MAT","f32",-1,45,-1,128,1,1,1,512,0.394844,1,"clFinish_profiled"
"OpenCL","COMPUTE","Vcur-1","ADD","f32",-1,46,-1,128,1,1,1,512,0.400312,1,"clFinish_profiled"
"OpenCL","COMPUTE","cache_k_l1 (view)","SET_ROWS","f16",-1,49,-1,128,512,1,1,131072,0.418333,1,"clFinish_profiled"
"OpenCL","COMPUTE","cache_v_l1 (view)","SET_ROWS","f16",-1,51,-1,128,512,1,1,131072,0.415520,1,"clFinish_profiled"
"OpenCL","COMPUTE","__fattn__-1","FLASH_ATTN_EXT","f32",-1,58,-1,64,14,1,1,3584,0.833177,1,"clFinish_profiled"
"OpenCL","COMPUTE","node_61","MUL_MAT","f32",-1,60,-1,896,1,1,1,3584,0.597032,1,"clFinish_profiled"
"OpenCL","COMPUTE","ffn_inp-1","ADD","f32",-1,61,-1,896,1,1,1,3584,0.421302,1,"clFinish_profiled"
"OpenCL","COMPUTE","ffn_gate-1","MUL_MAT","f32",-1,64,-1,4864,1,1,1,19456,1.042187,1,"clFinish_profiled"
"OpenCL","COMPUTE","ffn_up-1","MUL_MAT","f32",-1,65,-1,4864,1,1,1,19456,1.007604,1,"clFinish_profiled"
"OpenCL","COMPUTE","ffn_swiglu-1","GLU","f32",-1,66,-1,4864,1,1,1,19456,0.420261,1,"clFinish_profiled"
"OpenCL","COMPUTE","ffn_out-1","MUL_MAT","f32",-1,67,-1,896,1,1,1,3584,1.100104,1,"clFinish_profiled"
"OpenCL","COMPUTE","l_out-1","ADD","f32",-1,68,-1,896,1,1,1,3584,0.410052,1,"clFinish_profiled"
"OpenCL","COMPUTE","node_72","MUL_MAT","f32",-1,71,-1,896,1,1,1,3584,0.598073,1,"clFinish_profiled"
"OpenCL","COMPUTE","Qcur-2","ADD","f32",-1,72,-1,896,1,1,1,3584,0.611875,1,"clFinish_profiled"
"OpenCL","COMPUTE","Qcur-2","ROPE","f32",-1,74,-1,64,14,1,1,3584,0.804531,1,"clFinish_profiled"
"OpenCL","COMPUTE","node_76","MUL_MAT","f32",-1,75,-1,128,1,1,1,512,0.493125,1,"clFinish_profiled"
"OpenCL","COMPUTE","Kcur-2","ADD","f32",-1,76,-1,128,1,1,1,512,0.459323,1,"clFinish_profiled"
"OpenCL","COMPUTE","Kcur-2","ROPE","f32",-1,78,-1,64,2,1,1,512,0.446979,1,"clFinish_profiled"
"OpenCL","COMPUTE","node_80","MUL_MAT","f32",-1,79,-1,128,1,1,1,512,0.444323,1,"clFinish_profiled"
"OpenCL","COMPUTE","Vcur-2","ADD","f32",-1,80,-1,128,1,1,1,512,0.389792,1,"clFinish_profiled"
"OpenCL","COMPUTE","cache_k_l2 (view)","SET_ROWS","f16",-1,83,-1,128,512,1,1,131072,0.394896,1,"clFinish_profiled"
"OpenCL","COMPUTE","cache_v_l2 (view)","SET_ROWS","f16",-1,85,-1,128,512,1,1,131072,0.386250,1,"clFinish_profiled"
"OpenCL","COMPUTE","__fattn__-2","FLASH_ATTN_EXT","f32",-1,92,-1,64,14,1,1,3584,0.787187,1,"clFinish_profiled"
"OpenCL","COMPUTE","node_95","MUL_MAT","f32",-1,94,-1,896,1,1,1,3584,0.552448,1,"clFinish_profiled"
"OpenCL","COMPUTE","ffn_inp-2","ADD","f32",-1,95,-1,896,1,1,1,3584,0.483177,1,"clFinish_profiled"
"OpenCL","COMPUTE","ffn_gate-2","MUL_MAT","f32",-1,98,-1,4864,1,1,1,19456,1.050104,1,"clFinish_profiled"
"OpenCL","COMPUTE","ffn_up-2","MUL_MAT","f32",-1,99,-1,4864,1,1,1,19456,1.153542,1,"clFinish_profiled"
"OpenCL","COMPUTE","ffn_swiglu-2","GLU","f32",-1,100,-1,4864,1,1,1,19456,0.813490,1,"clFinish_profiled"
"OpenCL","COMPUTE","ffn_out-2","MUL_MAT","f32",-1,101,-1,896,1,1,1,3584,1.252344,1,"clFinish_profiled"
"OpenCL","COMPUTE","l_out-2","ADD","f32",-1,102,-1,896,1,1,1,3584,0.784948,1,"clFinish_profiled"
"OpenCL","COMPUTE","node_106","MUL_MAT","f32",-1,105,-1,896,1,1,1,3584,1.222968,1,"clFinish_profiled"
"OpenCL","COMPUTE","Qcur-3","ADD","f32",-1,106,-1,896,1,1,1,3584,0.779219,1,"clFinish_profiled"
"OpenCL","COMPUTE","Qcur-3","ROPE","f32",-1,108,-1,64,14,1,1,3584,0.462969,1,"clFinish_profiled"
"OpenCL","COMPUTE","node_110","MUL_MAT","f32",-1,109,-1,128,1,1,1,512,0.472188,1,"clFinish_profiled"
"OpenCL","COMPUTE","Kcur-3","ADD","f32",-1,110,-1,128,1,1,1,512,0.451823,1,"clFinish_profiled"
"OpenCL","COMPUTE","Kcur-3","ROPE","f32",-1,112,-1,64,2,1,1,512,0.425261,1,"clFinish_profiled"
"OpenCL","COMPUTE","node_114","MUL_MAT","f32",-1,113,-1,128,1,1,1,512,0.435468,1,"clFinish_profiled"
"OpenCL","COMPUTE","Vcur-3","ADD","f32",-1,114,-1,128,1,1,1,512,0.442396,1,"clFinish_profiled"
"OpenCL","COMPUTE","cache_k_l3 (view)","SET_ROWS","f16",-1,117,-1,128,512,1,1,131072,0.403489,1,"clFinish_profiled"
"OpenCL","COMPUTE","cache_v_l3 (view)","SET_ROWS","f16",-1,119,-1,128,512,1,1,131072,0.388802,1,"clFinish_profiled"
"OpenCL","COMPUTE","__fattn__-3","FLASH_ATTN_EXT","f32",-1,126,-1,64,14,1,1,3584,0.778698,1,"clFinish_profiled"
"OpenCL","COMPUTE","node_129","MUL_MAT","f32",-1,128,-1,896,1,1,1,3584,0.628490,1,"clFinish_profiled"
"OpenCL","COMPUTE","ffn_inp-3","ADD","f32",-1,129,-1,896,1,1,1,3584,0.398073,1,"clFinish_profiled"
"OpenCL","COMPUTE","ffn_gate-3","MUL_MAT","f32",-1,132,-1,4864,1,1,1,19456,1.043072,1,"clFinish_profiled"
"OpenCL","COMPUTE","ffn_up-3","MUL_MAT","f32",-1,133,-1,4864,1,1,1,19456,1.048281,1,"clFinish_profiled"
"OpenCL","COMPUTE","ffn_swiglu-3","GLU","f32",-1,134,-1,4864,1,1,1,19456,1.091198,1,"clFinish_profiled"
"OpenCL","COMPUTE","ffn_out-3","MUL_MAT","f32",-1,135,-1,896,1,1,1,3584,1.423854,1,"clFinish_profiled"
"OpenCL","COMPUTE","l_out-3","ADD","f32",-1,136,-1,896,1,1,1,3584,0.870625,1,"clFinish_profiled"
"OpenCL","COMPUTE","node_140","MUL_MAT","f32",-1,139,-1,896,1,1,1,3584,1.014635,1,"clFinish_profiled"
"OpenCL","COMPUTE","Qcur-4","ADD","f32",-1,140,-1,896,1,1,1,3584,0.605365,1,"clFinish_profiled"
"OpenCL","COMPUTE","Qcur-4","ROPE","f32",-1,142,-1,64,14,1,1,3584,0.778958,1,"clFinish_profiled"
"OpenCL","COMPUTE","node_144","MUL_MAT","f32",-1,143,-1,128,1,1,1,512,0.755885,1,"clFinish_profiled"
"OpenCL","COMPUTE","Kcur-4","ADD","f32",-1,144,-1,128,1,1,1,512,0.986875,1,"clFinish_profiled"
"OpenCL","COMPUTE","Kcur-4","ROPE","f32",-1,146,-1,64,2,1,1,512,0.762656,1,"clFinish_profiled"
"OpenCL","COMPUTE","node_148","MUL_MAT","f32",-1,147,-1,128,1,1,1,512,0.590209,1,"clFinish_profiled"
"OpenCL","COMPUTE","Vcur-4","ADD","f32",-1,148,-1,128,1,1,1,512,0.832708,1,"clFinish_profiled"
"OpenCL","COMPUTE","cache_k_l4 (view)","SET_ROWS","f16",-1,151,-1,128,512,1,1,131072,0.517917,1,"clFinish_profiled"
"OpenCL","COMPUTE","cache_v_l4 (view)","SET_ROWS","f16",-1,153,-1,128,512,1,1,131072,0.391250,1,"clFinish_profiled"
"OpenCL","COMPUTE","__fattn__-4","FLASH_ATTN_EXT","f32",-1,160,-1,64,14,1,1,3584,1.048907,1,"clFinish_profiled"
"OpenCL","COMPUTE","node_163","MUL_MAT","f32",-1,162,-1,896,1,1,1,3584,0.978594,1,"clFinish_profiled"
"OpenCL","COMPUTE","ffn_inp-4","ADD","f32",-1,163,-1,896,1,1,1,3584,0.412292,1,"clFinish_profiled"
"OpenCL","COMPUTE","ffn_gate-4","MUL_MAT","f32",-1,166,-1,4864,1,1,1,19456,1.027604,1,"clFinish_profiled"
"OpenCL","COMPUTE","ffn_up-4","MUL_MAT","f32",-1,167,-1,4864,1,1,1,19456,0.957344,1,"clFinish_profiled"
"OpenCL","COMPUTE","ffn_swiglu-4","GLU","f32",-1,168,-1,4864,1,1,1,19456,0.370156,1,"clFinish_profiled"
"OpenCL","COMPUTE","ffn_out-4","MUL_MAT","f32",-1,169,-1,896,1,1,1,3584,1.068490,1,"clFinish_profiled"
"OpenCL","COMPUTE","l_out-4","ADD","f32",-1,170,-1,896,1,1,1,3584,0.370573,1,"clFinish_profiled"
"OpenCL","COMPUTE","node_174","MUL_MAT","f32",-1,173,-1,896,1,1,1,3584,0.595625,1,"clFinish_profiled"
"OpenCL","COMPUTE","Qcur-5","ADD","f32",-1,174,-1,896,1,1,1,3584,0.396770,1,"clFinish_profiled"
"OpenCL","COMPUTE","Qcur-5","ROPE","f32",-1,176,-1,64,14,1,1,3584,0.702240,1,"clFinish_profiled"
"OpenCL","COMPUTE","node_178","MUL_MAT","f32",-1,177,-1,128,1,1,1,512,0.923750,1,"clFinish_profiled"
"OpenCL","COMPUTE","Kcur-5","ADD","f32",-1,178,-1,128,1,1,1,512,0.445104,1,"clFinish_profiled"
"OpenCL","COMPUTE","Kcur-5","ROPE","f32",-1,180,-1,64,2,1,1,512,0.456770,1,"clFinish_profiled"
"OpenCL","COMPUTE","node_182","MUL_MAT","f32",-1,181,-1,128,1,1,1,512,0.457344,1,"clFinish_profiled"
"OpenCL","COMPUTE","Vcur-5","ADD","f32",-1,182,-1,128,1,1,1,512,0.409010,1,"clFinish_profiled"
"OpenCL","COMPUTE","cache_k_l5 (view)","SET_ROWS","f16",-1,185,-1,128,512,1,1,131072,0.471198,1,"clFinish_profiled"
"OpenCL","COMPUTE","cache_v_l5 (view)","SET_ROWS","f16",-1,187,-1,128,512,1,1,131072,0.855469,1,"clFinish_profiled"
"OpenCL","COMPUTE","__fattn__-5","FLASH_ATTN_EXT","f32",-1,194,-1,64,14,1,1,3584,0.831614,1,"clFinish_profiled"
"OpenCL","COMPUTE","node_197","MUL_MAT","f32",-1,196,-1,896,1,1,1,3584,0.555365,1,"clFinish_profiled"
"OpenCL","COMPUTE","ffn_inp-5","ADD","f32",-1,197,-1,896,1,1,1,3584,0.410364,1,"clFinish_profiled"
"OpenCL","COMPUTE","ffn_gate-5","MUL_MAT","f32",-1,200,-1,4864,1,1,1,19456,1.052760,1,"clFinish_profiled"
"OpenCL","COMPUTE","ffn_up-5","MUL_MAT","f32",-1,201,-1,4864,1,1,1,19456,1.098594,1,"clFinish_profiled"
"OpenCL","COMPUTE","ffn_swiglu-5","GLU","f32",-1,202,-1,4864,1,1,1,19456,0.477239,1,"clFinish_profiled"
"OpenCL","COMPUTE","ffn_out-5","MUL_MAT","f32",-1,203,-1,896,1,1,1,3584,1.310781,1,"clFinish_profiled"
"OpenCL","COMPUTE","l_out-5","ADD","f32",-1,204,-1,896,1,1,1,3584,0.798334,1,"clFinish_profiled"
"OpenCL","COMPUTE","node_208","MUL_MAT","f32",-1,207,-1,896,1,1,1,3584,0.637032,1,"clFinish_profiled"
"OpenCL","COMPUTE","Qcur-6","ADD","f32",-1,208,-1,896,1,1,1,3584,0.411718,1,"clFinish_profiled"
"OpenCL","COMPUTE","Qcur-6","ROPE","f32",-1,210,-1,64,14,1,1,3584,0.405208,1,"clFinish_profiled"
"OpenCL","COMPUTE","node_212","MUL_MAT","f32",-1,211,-1,128,1,1,1,512,0.434480,1,"clFinish_profiled"
"OpenCL","COMPUTE","Kcur-6","ADD","f32",-1,212,-1,128,1,1,1,512,0.390730,1,"clFinish_profiled"
"OpenCL","COMPUTE","Kcur-6","ROPE","f32",-1,214,-1,64,2,1,1,512,0.410677,1,"clFinish_profiled"
"OpenCL","COMPUTE","node_216","MUL_MAT","f32",-1,215,-1,128,1,1,1,512,0.439114,1,"clFinish_profiled"
"OpenCL","COMPUTE","Vcur-6","ADD","f32",-1,216,-1,128,1,1,1,512,0.387135,1,"clFinish_profiled"
"OpenCL","COMPUTE","cache_k_l6 (view)","SET_ROWS","f16",-1,219,-1,128,512,1,1,131072,0.390105,1,"clFinish_profiled"
"OpenCL","COMPUTE","cache_v_l6 (view)","SET_ROWS","f16",-1,221,-1,128,512,1,1,131072,0.386406,1,"clFinish_profiled"
"OpenCL","COMPUTE","__fattn__-6","FLASH_ATTN_EXT","f32",-1,228,-1,64,14,1,1,3584,0.829063,1,"clFinish_profiled"
"OpenCL","COMPUTE","node_231","MUL_MAT","f32",-1,230,-1,896,1,1,1,3584,0.623438,1,"clFinish_profiled"
"OpenCL","COMPUTE","ffn_inp-6","ADD","f32",-1,231,-1,896,1,1,1,3584,0.395104,1,"clFinish_profiled"
"OpenCL","COMPUTE","ffn_gate-6","MUL_MAT","f32",-1,234,-1,4864,1,1,1,19456,1.052448,1,"clFinish_profiled"
"OpenCL","COMPUTE","ffn_up-6","MUL_MAT","f32",-1,235,-1,4864,1,1,1,19456,1.008229,1,"clFinish_profiled"
"OpenCL","COMPUTE","ffn_swiglu-6","GLU","f32",-1,236,-1,4864,1,1,1,19456,0.412812,1,"clFinish_profiled"
"OpenCL","COMPUTE","ffn_out-6","MUL_MAT","f32",-1,237,-1,896,1,1,1,3584,1.054427,1,"clFinish_profiled"
"OpenCL","COMPUTE","l_out-6","ADD","f32",-1,238,-1,896,1,1,1,3584,0.392135,1,"clFinish_profiled"
"OpenCL","COMPUTE","node_242","MUL_MAT","f32",-1,241,-1,896,1,1,1,3584,0.782656,1,"clFinish_profiled"
"OpenCL","COMPUTE","Qcur-7","ADD","f32",-1,242,-1,896,1,1,1,3584,0.761979,1,"clFinish_profiled"
"OpenCL","COMPUTE","Qcur-7","ROPE","f32",-1,244,-1,64,14,1,1,3584,0.444063,1,"clFinish_profiled"
"OpenCL","COMPUTE","node_246","MUL_MAT","f32",-1,245,-1,128,1,1,1,512,0.444792,1,"clFinish_profiled"
"OpenCL","COMPUTE","Kcur-7","ADD","f32",-1,246,-1,128,1,1,1,512,0.402292,1,"clFinish_profiled"
"OpenCL","COMPUTE","Kcur-7","ROPE","f32",-1,248,-1,64,2,1,1,512,0.398698,1,"clFinish_profiled"
"OpenCL","COMPUTE","node_250","MUL_MAT","f32",-1,249,-1,128,1,1,1,512,0.510834,1,"clFinish_profiled"
"OpenCL","COMPUTE","Vcur-7","ADD","f32",-1,250,-1,128,1,1,1,512,0.398125,1,"clFinish_profiled"
"OpenCL","COMPUTE","cache_k_l7 (view)","SET_ROWS","f16",-1,253,-1,128,512,1,1,131072,0.403021,1,"clFinish_profiled"
"OpenCL","COMPUTE","cache_v_l7 (view)","SET_ROWS","f16",-1,255,-1,128,512,1,1,131072,0.401041,1,"clFinish_profiled"
"OpenCL","COMPUTE","__fattn__-7","FLASH_ATTN_EXT","f32",-1,262,-1,64,14,1,1,3584,0.770625,1,"clFinish_profiled"
"OpenCL","COMPUTE","node_265","MUL_MAT","f32",-1,264,-1,896,1,1,1,3584,0.543021,1,"clFinish_profiled"
"OpenCL","COMPUTE","ffn_inp-7","ADD","f32",-1,265,-1,896,1,1,1,3584,0.393281,1,"clFinish_profiled"
"OpenCL","COMPUTE","ffn_gate-7","MUL_MAT","f32",-1,268,-1,4864,1,1,1,19456,1.024896,1,"clFinish_profiled"
"OpenCL","COMPUTE","ffn_up-7","MUL_MAT","f32",-1,269,-1,4864,1,1,1,19456,1.000833,1,"clFinish_profiled"
"OpenCL","COMPUTE","ffn_swiglu-7","GLU","f32",-1,270,-1,4864,1,1,1,19456,0.409688,1,"clFinish_profiled"
"OpenCL","COMPUTE","ffn_out-7","MUL_MAT","f32",-1,271,-1,896,1,1,1,3584,1.048229,1,"clFinish_profiled"
"OpenCL","COMPUTE","l_out-7","ADD","f32",-1,272,-1,896,1,1,1,3584,0.440365,1,"clFinish_profiled"
"OpenCL","COMPUTE","node_276","MUL_MAT","f32",-1,275,-1,896,1,1,1,3584,0.570781,1,"clFinish_profiled"
"OpenCL","COMPUTE","Qcur-8","ADD","f32",-1,276,-1,896,1,1,1,3584,0.392396,1,"clFinish_profiled"
"OpenCL","COMPUTE","Qcur-8","ROPE","f32",-1,278,-1,64,14,1,1,3584,0.425938,1,"clFinish_profiled"
"OpenCL","COMPUTE","node_280","MUL_MAT","f32",-1,279,-1,128,1,1,1,512,0.437500,1,"clFinish_profiled"
"OpenCL","COMPUTE","Kcur-8","ADD","f32",-1,280,-1,128,1,1,1,512,0.385781,1,"clFinish_profiled"
"OpenCL","COMPUTE","Kcur-8","ROPE","f32",-1,282,-1,64,2,1,1,512,0.395833,1,"clFinish_profiled"
"OpenCL","COMPUTE","node_284","MUL_MAT","f32",-1,283,-1,128,1,1,1,512,0.425417,1,"clFinish_profiled"
"OpenCL","COMPUTE","Vcur-8","ADD","f32",-1,284,-1,128,1,1,1,512,0.386562,1,"clFinish_profiled"
"OpenCL","COMPUTE","cache_k_l8 (view)","SET_ROWS","f16",-1,287,-1,128,512,1,1,131072,0.371823,1,"clFinish_profiled"
"OpenCL","COMPUTE","cache_v_l8 (view)","SET_ROWS","f16",-1,289,-1,128,512,1,1,131072,0.387084,1,"clFinish_profiled"
"OpenCL","COMPUTE","__fattn__-8","FLASH_ATTN_EXT","f32",-1,296,-1,64,14,1,1,3584,0.827917,1,"clFinish_profiled"
"OpenCL","COMPUTE","node_299","MUL_MAT","f32",-1,298,-1,896,1,1,1,3584,0.853542,1,"clFinish_profiled"
"OpenCL","COMPUTE","ffn_inp-8","ADD","f32",-1,299,-1,896,1,1,1,3584,0.803646,1,"clFinish_profiled"
"OpenCL","COMPUTE","ffn_gate-8","MUL_MAT","f32",-1,302,-1,4864,1,1,1,19456,1.137552,1,"clFinish_profiled"
"OpenCL","COMPUTE","ffn_up-8","MUL_MAT","f32",-1,303,-1,4864,1,1,1,19456,1.846980,1,"clFinish_profiled"
"OpenCL","COMPUTE","ffn_swiglu-8","GLU","f32",-1,304,-1,4864,1,1,1,19456,0.826927,1,"clFinish_profiled"
"OpenCL","COMPUTE","ffn_out-8","MUL_MAT","f32",-1,305,-1,896,1,1,1,3584,1.146250,1,"clFinish_profiled"
"OpenCL","COMPUTE","l_out-8","ADD","f32",-1,306,-1,896,1,1,1,3584,0.562865,1,"clFinish_profiled"
"OpenCL","COMPUTE","node_310","MUL_MAT","f32",-1,309,-1,896,1,1,1,3584,0.985990,1,"clFinish_profiled"
"OpenCL","COMPUTE","Qcur-9","ADD","f32",-1,310,-1,896,1,1,1,3584,0.523229,1,"clFinish_profiled"
"OpenCL","COMPUTE","Qcur-9","ROPE","f32",-1,312,-1,64,14,1,1,3584,0.414218,1,"clFinish_profiled"
"OpenCL","COMPUTE","node_314","MUL_MAT","f32",-1,313,-1,128,1,1,1,512,0.438229,1,"clFinish_profiled"
"OpenCL","COMPUTE","Kcur-9","ADD","f32",-1,314,-1,128,1,1,1,512,0.389635,1,"clFinish_profiled"
"OpenCL","COMPUTE","Kcur-9","ROPE","f32",-1,316,-1,64,2,1,1,512,0.446407,1,"clFinish_profiled"
"OpenCL","COMPUTE","node_318","MUL_MAT","f32",-1,317,-1,128,1,1,1,512,0.430677,1,"clFinish_profiled"
"OpenCL","COMPUTE","Vcur-9","ADD","f32",-1,318,-1,128,1,1,1,512,0.385156,1,"clFinish_profiled"
"OpenCL","COMPUTE","cache_k_l9 (view)","SET_ROWS","f16",-1,321,-1,128,512,1,1,131072,0.394740,1,"clFinish_profiled"
"OpenCL","COMPUTE","cache_v_l9 (view)","SET_ROWS","f16",-1,323,-1,128,512,1,1,131072,0.389635,1,"clFinish_profiled"
"OpenCL","COMPUTE","__fattn__-9","FLASH_ATTN_EXT","f32",-1,330,-1,64,14,1,1,3584,0.883282,1,"clFinish_profiled"
"OpenCL","COMPUTE","node_333","MUL_MAT","f32",-1,332,-1,896,1,1,1,3584,0.569792,1,"clFinish_profiled"
"OpenCL","COMPUTE","ffn_inp-9","ADD","f32",-1,333,-1,896,1,1,1,3584,0.392969,1,"clFinish_profiled"
"OpenCL","COMPUTE","ffn_gate-9","MUL_MAT","f32",-1,336,-1,4864,1,1,1,19456,1.042917,1,"clFinish_profiled"
"OpenCL","COMPUTE","ffn_up-9","MUL_MAT","f32",-1,337,-1,4864,1,1,1,19456,0.976719,1,"clFinish_profiled"
"OpenCL","COMPUTE","ffn_swiglu-9","GLU","f32",-1,338,-1,4864,1,1,1,19456,0.484583,1,"clFinish_profiled"
"OpenCL","COMPUTE","ffn_out-9","MUL_MAT","f32",-1,339,-1,896,1,1,1,3584,1.827291,1,"clFinish_profiled"
"OpenCL","COMPUTE","l_out-9","ADD","f32",-1,340,-1,896,1,1,1,3584,0.834115,1,"clFinish_profiled"
"OpenCL","COMPUTE","node_344","MUL_MAT","f32",-1,343,-1,896,1,1,1,3584,1.064740,1,"clFinish_profiled"
"OpenCL","COMPUTE","Qcur-10","ADD","f32",-1,344,-1,896,1,1,1,3584,1.020104,1,"clFinish_profiled"
"OpenCL","COMPUTE","Qcur-10","ROPE","f32",-1,346,-1,64,14,1,1,3584,0.785573,1,"clFinish_profiled"
"OpenCL","COMPUTE","node_348","MUL_MAT","f32",-1,347,-1,128,1,1,1,512,0.494947,1,"clFinish_profiled"
"OpenCL","COMPUTE","Kcur-10","ADD","f32",-1,348,-1,128,1,1,1,512,0.581198,1,"clFinish_profiled"
"OpenCL","COMPUTE","Kcur-10","ROPE","f32",-1,350,-1,64,2,1,1,512,0.774896,1,"clFinish_profiled"
"OpenCL","COMPUTE","node_352","MUL_MAT","f32",-1,351,-1,128,1,1,1,512,0.986875,1,"clFinish_profiled"
"OpenCL","COMPUTE","Vcur-10","ADD","f32",-1,352,-1,128,1,1,1,512,0.436146,1,"clFinish_profiled"
"OpenCL","COMPUTE","cache_k_l10 (view)","SET_ROWS","f16",-1,355,-1,128,512,1,1,131072,0.406198,1,"clFinish_profiled"
"OpenCL","COMPUTE","cache_v_l10 (view)","SET_ROWS","f16",-1,357,-1,128,512,1,1,131072,0.442135,1,"clFinish_profiled"
"OpenCL","COMPUTE","__fattn__-10","FLASH_ATTN_EXT","f32",-1,364,-1,64,14,1,1,3584,0.783802,1,"clFinish_profiled"
"OpenCL","COMPUTE","node_367","MUL_MAT","f32",-1,366,-1,896,1,1,1,3584,0.543854,1,"clFinish_profiled"
"OpenCL","COMPUTE","ffn_inp-10","ADD","f32",-1,367,-1,896,1,1,1,3584,0.411718,1,"clFinish_profiled"
"OpenCL","COMPUTE","ffn_gate-10","MUL_MAT","f32",-1,370,-1,4864,1,1,1,19456,1.094688,1,"clFinish_profiled"
"OpenCL","COMPUTE","ffn_up-10","MUL_MAT","f32",-1,371,-1,4864,1,1,1,19456,1.033802,1,"clFinish_profiled"
"OpenCL","COMPUTE","ffn_swiglu-10","GLU","f32",-1,372,-1,4864,1,1,1,19456,0.418645,1,"clFinish_profiled"
"OpenCL","COMPUTE","ffn_out-10","MUL_MAT","f32",-1,373,-1,896,1,1,1,3584,1.092031,1,"clFinish_profiled"
"OpenCL","COMPUTE","l_out-10","ADD","f32",-1,374,-1,896,1,1,1,3584,0.401094,1,"clFinish_profiled"
"OpenCL","COMPUTE","node_378","MUL_MAT","f32",-1,377,-1,896,1,1,1,3584,0.595468,1,"clFinish_profiled"
"OpenCL","COMPUTE","Qcur-11","ADD","f32",-1,378,-1,896,1,1,1,3584,0.394271,1,"clFinish_profiled"
"OpenCL","COMPUTE","Qcur-11","ROPE","f32",-1,380,-1,64,14,1,1,3584,0.414635,1,"clFinish_profiled"
"OpenCL","COMPUTE","node_382","MUL_MAT","f32",-1,381,-1,128,1,1,1,512,0.467708,1,"clFinish_profiled"
"OpenCL","COMPUTE","Kcur-11","ADD","f32",-1,382,-1,128,1,1,1,512,0.386563,1,"clFinish_profiled"
"OpenCL","COMPUTE","Kcur-11","ROPE","f32",-1,384,-1,64,2,1,1,512,0.399114,1,"clFinish_profiled"
"OpenCL","COMPUTE","node_386","MUL_MAT","f32",-1,385,-1,128,1,1,1,512,0.426198,1,"clFinish_profiled"
"OpenCL","COMPUTE","Vcur-11","ADD","f32",-1,386,-1,128,1,1,1,512,0.397864,1,"clFinish_profiled"
"OpenCL","COMPUTE","cache_k_l11 (view)","SET_ROWS","f16",-1,389,-1,128,512,1,1,131072,0.394792,1,"clFinish_profiled"
"OpenCL","COMPUTE","cache_v_l11 (view)","SET_ROWS","f16",-1,391,-1,128,512,1,1,131072,0.397083,1,"clFinish_profiled"
"OpenCL","COMPUTE","__fattn__-11","FLASH_ATTN_EXT","f32",-1,398,-1,64,14,1,1,3584,0.779584,1,"clFinish_profiled"
"OpenCL","COMPUTE","node_401","MUL_MAT","f32",-1,400,-1,896,1,1,1,3584,0.560990,1,"clFinish_profiled"
"OpenCL","COMPUTE","ffn_inp-11","ADD","f32",-1,401,-1,896,1,1,1,3584,0.410573,1,"clFinish_profiled"
"OpenCL","COMPUTE","ffn_gate-11","MUL_MAT","f32",-1,404,-1,4864,1,1,1,19456,1.023333,1,"clFinish_profiled"
"OpenCL","COMPUTE","ffn_up-11","MUL_MAT","f32",-1,405,-1,4864,1,1,1,19456,0.993334,1,"clFinish_profiled"
"OpenCL","COMPUTE","ffn_swiglu-11","GLU","f32",-1,406,-1,4864,1,1,1,19456,0.432031,1,"clFinish_profiled"
"OpenCL","COMPUTE","ffn_out-11","MUL_MAT","f32",-1,407,-1,896,1,1,1,3584,1.050885,1,"clFinish_profiled"
"OpenCL","COMPUTE","l_out-11","ADD","f32",-1,408,-1,896,1,1,1,3584,0.956562,1,"clFinish_profiled"
"OpenCL","COMPUTE","node_412","MUL_MAT","f32",-1,411,-1,896,1,1,1,3584,0.610781,1,"clFinish_profiled"
"OpenCL","COMPUTE","Qcur-12","ADD","f32",-1,412,-1,896,1,1,1,3584,0.581094,1,"clFinish_profiled"
"OpenCL","COMPUTE","Qcur-12","ROPE","f32",-1,414,-1,64,14,1,1,3584,0.766302,1,"clFinish_profiled"
"OpenCL","COMPUTE","node_416","MUL_MAT","f32",-1,415,-1,128,1,1,1,512,0.467187,1,"clFinish_profiled"
"OpenCL","COMPUTE","Kcur-12","ADD","f32",-1,416,-1,128,1,1,1,512,0.467031,1,"clFinish_profiled"
"OpenCL","COMPUTE","Kcur-12","ROPE","f32",-1,418,-1,64,2,1,1,512,0.414010,1,"clFinish_profiled"
"OpenCL","COMPUTE","node_420","MUL_MAT","f32",-1,419,-1,128,1,1,1,512,0.441614,1,"clFinish_profiled"
"OpenCL","COMPUTE","Vcur-12","ADD","f32",-1,420,-1,128,1,1,1,512,0.399114,1,"clFinish_profiled"
"OpenCL","COMPUTE","cache_k_l12 (view)","SET_ROWS","f16",-1,423,-1,128,512,1,1,131072,0.399635,1,"clFinish_profiled"
"OpenCL","COMPUTE","cache_v_l12 (view)","SET_ROWS","f16",-1,425,-1,128,512,1,1,131072,0.407657,1,"clFinish_profiled"
"OpenCL","COMPUTE","__fattn__-12","FLASH_ATTN_EXT","f32",-1,432,-1,64,14,1,1,3584,0.772031,1,"clFinish_profiled"
"OpenCL","COMPUTE","node_435","MUL_MAT","f32",-1,434,-1,896,1,1,1,3584,0.527239,1,"clFinish_profiled"
"OpenCL","COMPUTE","ffn_inp-12","ADD","f32",-1,435,-1,896,1,1,1,3584,0.396198,1,"clFinish_profiled"
"OpenCL","COMPUTE","ffn_gate-12","MUL_MAT","f32",-1,438,-1,4864,1,1,1,19456,1.067344,1,"clFinish_profiled"
"OpenCL","COMPUTE","ffn_up-12","MUL_MAT","f32",-1,439,-1,4864,1,1,1,19456,0.970677,1,"clFinish_profiled"
"OpenCL","COMPUTE","ffn_swiglu-12","GLU","f32",-1,440,-1,4864,1,1,1,19456,0.481198,1,"clFinish_profiled"
"OpenCL","COMPUTE","ffn_out-12","MUL_MAT","f32",-1,441,-1,896,1,1,1,3584,1.245208,1,"clFinish_profiled"
"OpenCL","COMPUTE","l_out-12","ADD","f32",-1,442,-1,896,1,1,1,3584,0.999219,1,"clFinish_profiled"
"OpenCL","COMPUTE","node_446","MUL_MAT","f32",-1,445,-1,896,1,1,1,3584,0.981562,1,"clFinish_profiled"
"OpenCL","COMPUTE","Qcur-13","ADD","f32",-1,446,-1,896,1,1,1,3584,0.447343,1,"clFinish_profiled"
"OpenCL","COMPUTE","Qcur-13","ROPE","f32",-1,448,-1,64,14,1,1,3584,0.408489,1,"clFinish_profiled"
"OpenCL","COMPUTE","node_450","MUL_MAT","f32",-1,449,-1,128,1,1,1,512,0.442864,1,"clFinish_profiled"
"OpenCL","COMPUTE","Kcur-13","ADD","f32",-1,450,-1,128,1,1,1,512,0.388697,1,"clFinish_profiled"
"OpenCL","COMPUTE","Kcur-13","ROPE","f32",-1,452,-1,64,2,1,1,512,0.403073,1,"clFinish_profiled"
"OpenCL","COMPUTE","node_454","MUL_MAT","f32",-1,453,-1,128,1,1,1,512,0.426041,1,"clFinish_profiled"
"OpenCL","COMPUTE","Vcur-13","ADD","f32",-1,454,-1,128,1,1,1,512,0.399532,1,"clFinish_profiled"
"OpenCL","COMPUTE","cache_k_l13 (view)","SET_ROWS","f16",-1,457,-1,128,512,1,1,131072,0.393021,1,"clFinish_profiled"
"OpenCL","COMPUTE","cache_v_l13 (view)","SET_ROWS","f16",-1,459,-1,128,512,1,1,131072,0.385052,1,"clFinish_profiled"
"OpenCL","COMPUTE","__fattn__-13","FLASH_ATTN_EXT","f32",-1,466,-1,64,14,1,1,3584,0.795000,1,"clFinish_profiled"
"OpenCL","COMPUTE","node_469","MUL_MAT","f32",-1,468,-1,896,1,1,1,3584,0.537188,1,"clFinish_profiled"
"OpenCL","COMPUTE","ffn_inp-13","ADD","f32",-1,469,-1,896,1,1,1,3584,0.389219,1,"clFinish_profiled"
"OpenCL","COMPUTE","ffn_gate-13","MUL_MAT","f32",-1,472,-1,4864,1,1,1,19456,1.014479,1,"clFinish_profiled"
"OpenCL","COMPUTE","ffn_up-13","MUL_MAT","f32",-1,473,-1,4864,1,1,1,19456,1.378334,1,"clFinish_profiled"
"OpenCL","COMPUTE","ffn_swiglu-13","GLU","f32",-1,474,-1,4864,1,1,1,19456,0.896302,1,"clFinish_profiled"
"OpenCL","COMPUTE","ffn_out-13","MUL_MAT","f32",-1,475,-1,896,1,1,1,3584,1.377135,1,"clFinish_profiled"
"OpenCL","COMPUTE","l_out-13","ADD","f32",-1,476,-1,896,1,1,1,3584,0.923438,1,"clFinish_profiled"
"OpenCL","COMPUTE","node_480","MUL_MAT","f32",-1,479,-1,896,1,1,1,3584,0.942760,1,"clFinish_profiled"
"OpenCL","COMPUTE","Qcur-14","ADD","f32",-1,480,-1,896,1,1,1,3584,0.449792,1,"clFinish_profiled"
"OpenCL","COMPUTE","Qcur-14","ROPE","f32",-1,482,-1,64,14,1,1,3584,0.428125,1,"clFinish_profiled"
"OpenCL","COMPUTE","node_484","MUL_MAT","f32",-1,483,-1,128,1,1,1,512,0.444375,1,"clFinish_profiled"
"OpenCL","COMPUTE","Kcur-14","ADD","f32",-1,484,-1,128,1,1,1,512,0.393177,1,"clFinish_profiled"
"OpenCL","COMPUTE","Kcur-14","ROPE","f32",-1,486,-1,64,2,1,1,512,0.398802,1,"clFinish_profiled"
"OpenCL","COMPUTE","node_488","MUL_MAT","f32",-1,487,-1,128,1,1,1,512,0.433125,1,"clFinish_profiled"
"OpenCL","COMPUTE","Vcur-14","ADD","f32",-1,488,-1,128,1,1,1,512,0.466094,1,"clFinish_profiled"
"OpenCL","COMPUTE","cache_k_l14 (view)","SET_ROWS","f16",-1,491,-1,128,512,1,1,131072,0.404427,1,"clFinish_profiled"
"OpenCL","COMPUTE","cache_v_l14 (view)","SET_ROWS","f16",-1,493,-1,128,512,1,1,131072,0.455261,1,"clFinish_profiled"
"OpenCL","COMPUTE","__fattn__-14","FLASH_ATTN_EXT","f32",-1,500,-1,64,14,1,1,3584,0.903541,1,"clFinish_profiled"
"OpenCL","COMPUTE","node_503","MUL_MAT","f32",-1,502,-1,896,1,1,1,3584,1.108646,1,"clFinish_profiled"
"OpenCL","COMPUTE","ffn_inp-14","ADD","f32",-1,503,-1,896,1,1,1,3584,0.786510,1,"clFinish_profiled"
"OpenCL","COMPUTE","ffn_gate-14","MUL_MAT","f32",-1,506,-1,4864,1,1,1,19456,1.275312,1,"clFinish_profiled"
"OpenCL","COMPUTE","ffn_up-14","MUL_MAT","f32",-1,507,-1,4864,1,1,1,19456,1.588750,1,"clFinish_profiled"
"OpenCL","COMPUTE","ffn_swiglu-14","GLU","f32",-1,508,-1,4864,1,1,1,19456,0.812083,1,"clFinish_profiled"
"OpenCL","COMPUTE","ffn_out-14","MUL_MAT","f32",-1,509,-1,896,1,1,1,3584,1.130990,1,"clFinish_profiled"
"OpenCL","COMPUTE","l_out-14","ADD","f32",-1,510,-1,896,1,1,1,3584,0.431406,1,"clFinish_profiled"
"OpenCL","COMPUTE","node_514","MUL_MAT","f32",-1,513,-1,896,1,1,1,3584,0.580000,1,"clFinish_profiled"
"OpenCL","COMPUTE","Qcur-15","ADD","f32",-1,514,-1,896,1,1,1,3584,0.396510,1,"clFinish_profiled"
"OpenCL","COMPUTE","Qcur-15","ROPE","f32",-1,516,-1,64,14,1,1,3584,0.400312,1,"clFinish_profiled"
"OpenCL","COMPUTE","node_518","MUL_MAT","f32",-1,517,-1,128,1,1,1,512,0.477344,1,"clFinish_profiled"
"OpenCL","COMPUTE","Kcur-15","ADD","f32",-1,518,-1,128,1,1,1,512,0.400521,1,"clFinish_profiled"
"OpenCL","COMPUTE","Kcur-15","ROPE","f32",-1,520,-1,64,2,1,1,512,0.396093,1,"clFinish_profiled"
"OpenCL","COMPUTE","node_522","MUL_MAT","f32",-1,521,-1,128,1,1,1,512,0.430000,1,"clFinish_profiled"
"OpenCL","COMPUTE","Vcur-15","ADD","f32",-1,522,-1,128,1,1,1,512,0.393073,1,"clFinish_profiled"
"OpenCL","COMPUTE","cache_k_l15 (view)","SET_ROWS","f16",-1,525,-1,128,512,1,1,131072,0.435625,1,"clFinish_profiled"
"OpenCL","COMPUTE","cache_v_l15 (view)","SET_ROWS","f16",-1,527,-1,128,512,1,1,131072,0.399843,1,"clFinish_profiled"
"OpenCL","COMPUTE","__fattn__-15","FLASH_ATTN_EXT","f32",-1,534,-1,64,14,1,1,3584,0.785208,1,"clFinish_profiled"
"OpenCL","COMPUTE","node_537","MUL_MAT","f32",-1,536,-1,896,1,1,1,3584,0.523698,1,"clFinish_profiled"
"OpenCL","COMPUTE","ffn_inp-15","ADD","f32",-1,537,-1,896,1,1,1,3584,0.350000,1,"clFinish_profiled"
"OpenCL","COMPUTE","ffn_gate-15","MUL_MAT","f32",-1,540,-1,4864,1,1,1,19456,0.663593,1,"clFinish_profiled"
"OpenCL","COMPUTE","ffn_up-15","MUL_MAT","f32",-1,541,-1,4864,1,1,1,19456,0.622187,1,"clFinish_profiled"
"OpenCL","COMPUTE","ffn_swiglu-15","GLU","f32",-1,542,-1,4864,1,1,1,19456,0.319271,1,"clFinish_profiled"
"OpenCL","COMPUTE","ffn_out-15","MUL_MAT","f32",-1,543,-1,896,1,1,1,3584,0.677031,1,"clFinish_profiled"
"OpenCL","COMPUTE","l_out-15","ADD","f32",-1,544,-1,896,1,1,1,3584,0.285312,1,"clFinish_profiled"
"OpenCL","COMPUTE","node_548","MUL_MAT","f32",-1,547,-1,896,1,1,1,3584,0.400885,1,"clFinish_profiled"
"OpenCL","COMPUTE","Qcur-16","ADD","f32",-1,548,-1,896,1,1,1,3584,0.283437,1,"clFinish_profiled"
"OpenCL","COMPUTE","Qcur-16","ROPE","f32",-1,550,-1,64,14,1,1,3584,0.326146,1,"clFinish_profiled"
"OpenCL","COMPUTE","node_552","MUL_MAT","f32",-1,551,-1,128,1,1,1,512,0.316823,1,"clFinish_profiled"
"OpenCL","COMPUTE","Kcur-16","ADD","f32",-1,552,-1,128,1,1,1,512,0.282552,1,"clFinish_profiled"
"OpenCL","COMPUTE","Kcur-16","ROPE","f32",-1,554,-1,64,2,1,1,512,0.287605,1,"clFinish_profiled"
"OpenCL","COMPUTE","node_556","MUL_MAT","f32",-1,555,-1,128,1,1,1,512,0.343489,1,"clFinish_profiled"
"OpenCL","COMPUTE","Vcur-16","ADD","f32",-1,556,-1,128,1,1,1,512,0.289115,1,"clFinish_profiled"
"OpenCL","COMPUTE","cache_k_l16 (view)","SET_ROWS","f16",-1,559,-1,128,512,1,1,131072,0.289948,1,"clFinish_profiled"
"OpenCL","COMPUTE","cache_v_l16 (view)","SET_ROWS","f16",-1,561,-1,128,512,1,1,131072,0.283906,1,"clFinish_profiled"
"OpenCL","COMPUTE","__fattn__-16","FLASH_ATTN_EXT","f32",-1,568,-1,64,14,1,1,3584,0.644219,1,"clFinish_profiled"
"OpenCL","COMPUTE","node_571","MUL_MAT","f32",-1,570,-1,896,1,1,1,3584,0.374948,1,"clFinish_profiled"
"OpenCL","COMPUTE","ffn_inp-16","ADD","f32",-1,571,-1,896,1,1,1,3584,0.284739,1,"clFinish_profiled"
"OpenCL","COMPUTE","ffn_gate-16","MUL_MAT","f32",-1,574,-1,4864,1,1,1,19456,0.642031,1,"clFinish_profiled"
"OpenCL","COMPUTE","ffn_up-16","MUL_MAT","f32",-1,575,-1,4864,1,1,1,19456,0.632552,1,"clFinish_profiled"
"OpenCL","COMPUTE","ffn_swiglu-16","GLU","f32",-1,576,-1,4864,1,1,1,19456,0.311406,1,"clFinish_profiled"
"OpenCL","COMPUTE","ffn_out-16","MUL_MAT","f32",-1,577,-1,896,1,1,1,3584,0.987604,1,"clFinish_profiled"
"OpenCL","COMPUTE","l_out-16","ADD","f32",-1,578,-1,896,1,1,1,3584,0.308073,1,"clFinish_profiled"
"OpenCL","COMPUTE","node_582","MUL_MAT","f32",-1,581,-1,896,1,1,1,3584,0.473438,1,"clFinish_profiled"
"OpenCL","COMPUTE","Qcur-17","ADD","f32",-1,582,-1,896,1,1,1,3584,0.301302,1,"clFinish_profiled"
"OpenCL","COMPUTE","Qcur-17","ROPE","f32",-1,584,-1,64,14,1,1,3584,0.315313,1,"clFinish_profiled"
"OpenCL","COMPUTE","node_586","MUL_MAT","f32",-1,585,-1,128,1,1,1,512,0.379166,1,"clFinish_profiled"
"OpenCL","COMPUTE","Kcur-17","ADD","f32",-1,586,-1,128,1,1,1,512,0.306250,1,"clFinish_profiled"
"OpenCL","COMPUTE","Kcur-17","ROPE","f32",-1,588,-1,64,2,1,1,512,0.334062,1,"clFinish_profiled"
"OpenCL","COMPUTE","node_590","MUL_MAT","f32",-1,589,-1,128,1,1,1,512,0.342136,1,"clFinish_profiled"
"OpenCL","COMPUTE","Vcur-17","ADD","f32",-1,590,-1,128,1,1,1,512,0.307708,1,"clFinish_profiled"
"OpenCL","COMPUTE","cache_k_l17 (view)","SET_ROWS","f16",-1,593,-1,128,512,1,1,131072,0.335520,1,"clFinish_profiled"
"OpenCL","COMPUTE","cache_v_l17 (view)","SET_ROWS","f16",-1,595,-1,128,512,1,1,131072,0.340000,1,"clFinish_profiled"
"OpenCL","COMPUTE","__fattn__-17","FLASH_ATTN_EXT","f32",-1,602,-1,64,14,1,1,3584,0.718594,1,"clFinish_profiled"
"OpenCL","COMPUTE","node_605","MUL_MAT","f32",-1,604,-1,896,1,1,1,3584,0.638646,1,"clFinish_profiled"
"OpenCL","COMPUTE","ffn_inp-17","ADD","f32",-1,605,-1,896,1,1,1,3584,0.765938,1,"clFinish_profiled"
"OpenCL","COMPUTE","ffn_gate-17","MUL_MAT","f32",-1,608,-1,4864,1,1,1,19456,1.478021,1,"clFinish_profiled"
"OpenCL","COMPUTE","ffn_up-17","MUL_MAT","f32",-1,609,-1,4864,1,1,1,19456,1.454583,1,"clFinish_profiled"
"OpenCL","COMPUTE","ffn_swiglu-17","GLU","f32",-1,610,-1,4864,1,1,1,19456,0.828230,1,"clFinish_profiled"
"OpenCL","COMPUTE","ffn_out-17","MUL_MAT","f32",-1,611,-1,896,1,1,1,3584,1.270885,1,"clFinish_profiled"
"OpenCL","COMPUTE","l_out-17","ADD","f32",-1,612,-1,896,1,1,1,3584,0.812292,1,"clFinish_profiled"
"OpenCL","COMPUTE","node_616","MUL_MAT","f32",-1,615,-1,896,1,1,1,3584,0.926823,1,"clFinish_profiled"
"OpenCL","COMPUTE","Qcur-18","ADD","f32",-1,616,-1,896,1,1,1,3584,0.431719,1,"clFinish_profiled"
"OpenCL","COMPUTE","Qcur-18","ROPE","f32",-1,618,-1,64,14,1,1,3584,0.387187,1,"clFinish_profiled"
"OpenCL","COMPUTE","node_620","MUL_MAT","f32",-1,619,-1,128,1,1,1,512,0.418282,1,"clFinish_profiled"
"OpenCL","COMPUTE","Kcur-18","ADD","f32",-1,620,-1,128,1,1,1,512,0.358385,1,"clFinish_profiled"
"OpenCL","COMPUTE","Kcur-18","ROPE","f32",-1,622,-1,64,2,1,1,512,0.360208,1,"clFinish_profiled"
"OpenCL","COMPUTE","node_624","MUL_MAT","f32",-1,623,-1,128,1,1,1,512,0.385417,1,"clFinish_profiled"
"OpenCL","COMPUTE","Vcur-18","ADD","f32",-1,624,-1,128,1,1,1,512,0.343021,1,"clFinish_profiled"
"OpenCL","COMPUTE","cache_k_l18 (view)","SET_ROWS","f16",-1,627,-1,128,512,1,1,131072,0.341302,1,"clFinish_profiled"
"OpenCL","COMPUTE","cache_v_l18 (view)","SET_ROWS","f16",-1,629,-1,128,512,1,1,131072,0.331146,1,"clFinish_profiled"
"OpenCL","COMPUTE","__fattn__-18","FLASH_ATTN_EXT","f32",-1,636,-1,64,14,1,1,3584,0.898906,1,"clFinish_profiled"
"OpenCL","COMPUTE","node_639","MUL_MAT","f32",-1,638,-1,896,1,1,1,3584,0.520625,1,"clFinish_profiled"
"OpenCL","COMPUTE","ffn_inp-18","ADD","f32",-1,639,-1,896,1,1,1,3584,0.323750,1,"clFinish_profiled"
"OpenCL","COMPUTE","ffn_gate-18","MUL_MAT","f32",-1,642,-1,4864,1,1,1,19456,0.663958,1,"clFinish_profiled"
"OpenCL","COMPUTE","ffn_up-18","MUL_MAT","f32",-1,643,-1,4864,1,1,1,19456,0.648594,1,"clFinish_profiled"
"OpenCL","COMPUTE","ffn_swiglu-18","GLU","f32",-1,644,-1,4864,1,1,1,19456,0.324896,1,"clFinish_profiled"
"OpenCL","COMPUTE","ffn_out-18","MUL_MAT","f32",-1,645,-1,896,1,1,1,3584,0.692709,1,"clFinish_profiled"
"OpenCL","COMPUTE","l_out-18","ADD","f32",-1,646,-1,896,1,1,1,3584,0.307448,1,"clFinish_profiled"
"OpenCL","COMPUTE","node_650","MUL_MAT","f32",-1,649,-1,896,1,1,1,3584,0.433750,1,"clFinish_profiled"
"OpenCL","COMPUTE","Qcur-19","ADD","f32",-1,650,-1,896,1,1,1,3584,0.309948,1,"clFinish_profiled"
"OpenCL","COMPUTE","Qcur-19","ROPE","f32",-1,652,-1,64,14,1,1,3584,0.311459,1,"clFinish_profiled"
"OpenCL","COMPUTE","node_654","MUL_MAT","f32",-1,653,-1,128,1,1,1,512,0.341250,1,"clFinish_profiled"
"OpenCL","COMPUTE","Kcur-19","ADD","f32",-1,654,-1,128,1,1,1,512,0.303438,1,"clFinish_profiled"
"OpenCL","COMPUTE","Kcur-19","ROPE","f32",-1,656,-1,64,2,1,1,512,0.311250,1,"clFinish_profiled"
"OpenCL","COMPUTE","node_658","MUL_MAT","f32",-1,657,-1,128,1,1,1,512,0.337813,1,"clFinish_profiled"
"OpenCL","COMPUTE","Vcur-19","ADD","f32",-1,658,-1,128,1,1,1,512,0.304219,1,"clFinish_profiled"
"OpenCL","COMPUTE","cache_k_l19 (view)","SET_ROWS","f16",-1,661,-1,128,512,1,1,131072,0.310469,1,"clFinish_profiled"
"OpenCL","COMPUTE","cache_v_l19 (view)","SET_ROWS","f16",-1,663,-1,128,512,1,1,131072,0.303959,1,"clFinish_profiled"
"OpenCL","COMPUTE","__fattn__-19","FLASH_ATTN_EXT","f32",-1,670,-1,64,14,1,1,3584,0.666458,1,"clFinish_profiled"
"OpenCL","COMPUTE","node_673","MUL_MAT","f32",-1,672,-1,896,1,1,1,3584,0.416875,1,"clFinish_profiled"
"OpenCL","COMPUTE","ffn_inp-19","ADD","f32",-1,673,-1,896,1,1,1,3584,0.322500,1,"clFinish_profiled"
"OpenCL","COMPUTE","ffn_gate-19","MUL_MAT","f32",-1,676,-1,4864,1,1,1,19456,0.690886,1,"clFinish_profiled"
"OpenCL","COMPUTE","ffn_up-19","MUL_MAT","f32",-1,677,-1,4864,1,1,1,19456,0.612344,1,"clFinish_profiled"
"OpenCL","COMPUTE","ffn_swiglu-19","GLU","f32",-1,678,-1,4864,1,1,1,19456,0.330990,1,"clFinish_profiled"
"OpenCL","COMPUTE","ffn_out-19","MUL_MAT","f32",-1,679,-1,896,1,1,1,3584,0.719427,1,"clFinish_profiled"
"OpenCL","COMPUTE","l_out-19","ADD","f32",-1,680,-1,896,1,1,1,3584,0.314739,1,"clFinish_profiled"
"OpenCL","COMPUTE","node_684","MUL_MAT","f32",-1,683,-1,896,1,1,1,3584,0.402708,1,"clFinish_profiled"
"OpenCL","COMPUTE","Qcur-20","ADD","f32",-1,684,-1,896,1,1,1,3584,0.314375,1,"clFinish_profiled"
"OpenCL","COMPUTE","Qcur-20","ROPE","f32",-1,686,-1,64,14,1,1,3584,0.282500,1,"clFinish_profiled"
"OpenCL","COMPUTE","node_688","MUL_MAT","f32",-1,687,-1,128,1,1,1,512,0.348177,1,"clFinish_profiled"
"OpenCL","COMPUTE","Kcur-20","ADD","f32",-1,688,-1,128,1,1,1,512,0.278750,1,"clFinish_profiled"
"OpenCL","COMPUTE","Kcur-20","ROPE","f32",-1,690,-1,64,2,1,1,512,0.311355,1,"clFinish_profiled"
"OpenCL","COMPUTE","node_692","MUL_MAT","f32",-1,691,-1,128,1,1,1,512,0.309947,1,"clFinish_profiled"
"OpenCL","COMPUTE","Vcur-20","ADD","f32",-1,692,-1,128,1,1,1,512,0.258229,1,"clFinish_profiled"
"OpenCL","COMPUTE","cache_k_l20 (view)","SET_ROWS","f16",-1,695,-1,128,512,1,1,131072,0.272344,1,"clFinish_profiled"
"OpenCL","COMPUTE","cache_v_l20 (view)","SET_ROWS","f16",-1,697,-1,128,512,1,1,131072,0.275573,1,"clFinish_profiled"
"OpenCL","COMPUTE","__fattn__-20","FLASH_ATTN_EXT","f32",-1,704,-1,64,14,1,1,3584,0.746459,1,"clFinish_profiled"
"OpenCL","COMPUTE","node_707","MUL_MAT","f32",-1,706,-1,896,1,1,1,3584,0.341459,1,"clFinish_profiled"
"OpenCL","COMPUTE","ffn_inp-20","ADD","f32",-1,707,-1,896,1,1,1,3584,0.272292,1,"clFinish_profiled"
"OpenCL","COMPUTE","ffn_gate-20","MUL_MAT","f32",-1,710,-1,4864,1,1,1,19456,0.632292,1,"clFinish_profiled"
"OpenCL","COMPUTE","ffn_up-20","MUL_MAT","f32",-1,711,-1,4864,1,1,1,19456,0.558959,1,"clFinish_profiled"
"OpenCL","COMPUTE","ffn_swiglu-20","GLU","f32",-1,712,-1,4864,1,1,1,19456,0.236875,1,"clFinish_profiled"
"OpenCL","COMPUTE","ffn_out-20","MUL_MAT","f32",-1,713,-1,896,1,1,1,3584,0.601927,1,"clFinish_profiled"
"OpenCL","COMPUTE","l_out-20","ADD","f32",-1,714,-1,896,1,1,1,3584,0.212448,1,"clFinish_profiled"
"OpenCL","COMPUTE","node_718","MUL_MAT","f32",-1,717,-1,896,1,1,1,3584,0.351667,1,"clFinish_profiled"
"OpenCL","COMPUTE","Qcur-21","ADD","f32",-1,718,-1,896,1,1,1,3584,0.242292,1,"clFinish_profiled"
"OpenCL","COMPUTE","Qcur-21","ROPE","f32",-1,720,-1,64,14,1,1,3584,0.230000,1,"clFinish_profiled"
"OpenCL","COMPUTE","node_722","MUL_MAT","f32",-1,721,-1,128,1,1,1,512,0.254635,1,"clFinish_profiled"
"OpenCL","COMPUTE","Kcur-21","ADD","f32",-1,722,-1,128,1,1,1,512,0.220625,1,"clFinish_profiled"
"OpenCL","COMPUTE","Kcur-21","ROPE","f32",-1,724,-1,64,2,1,1,512,0.223802,1,"clFinish_profiled"
"OpenCL","COMPUTE","node_726","MUL_MAT","f32",-1,725,-1,128,1,1,1,512,0.269062,1,"clFinish_profiled"
"OpenCL","COMPUTE","Vcur-21","ADD","f32",-1,726,-1,128,1,1,1,512,0.192084,1,"clFinish_profiled"
"OpenCL","COMPUTE","cache_k_l21 (view)","SET_ROWS","f16",-1,729,-1,128,512,1,1,131072,0.206563,1,"clFinish_profiled"
"OpenCL","COMPUTE","cache_v_l21 (view)","SET_ROWS","f16",-1,731,-1,128,512,1,1,131072,0.202344,1,"clFinish_profiled"
"OpenCL","COMPUTE","__fattn__-21","FLASH_ATTN_EXT","f32",-1,738,-1,64,14,1,1,3584,0.575886,1,"clFinish_profiled"
"OpenCL","COMPUTE","node_741","MUL_MAT","f32",-1,740,-1,896,1,1,1,3584,0.294739,1,"clFinish_profiled"
"OpenCL","COMPUTE","ffn_inp-21","ADD","f32",-1,741,-1,896,1,1,1,3584,0.225989,1,"clFinish_profiled"
"OpenCL","COMPUTE","ffn_gate-21","MUL_MAT","f32",-1,744,-1,4864,1,1,1,19456,0.530104,1,"clFinish_profiled"
"OpenCL","COMPUTE","ffn_up-21","MUL_MAT","f32",-1,745,-1,4864,1,1,1,19456,0.521614,1,"clFinish_profiled"
"OpenCL","COMPUTE","ffn_swiglu-21","GLU","f32",-1,746,-1,4864,1,1,1,19456,0.201979,1,"clFinish_profiled"
"OpenCL","COMPUTE","ffn_out-21","MUL_MAT","f32",-1,747,-1,896,1,1,1,3584,0.565260,1,"clFinish_profiled"
"OpenCL","COMPUTE","l_out-21","ADD","f32",-1,748,-1,896,1,1,1,3584,0.195208,1,"clFinish_profiled"
"OpenCL","COMPUTE","node_752","MUL_MAT","f32",-1,751,-1,896,1,1,1,3584,0.324375,1,"clFinish_profiled"
"OpenCL","COMPUTE","Qcur-22","ADD","f32",-1,752,-1,896,1,1,1,3584,0.196041,1,"clFinish_profiled"
"OpenCL","COMPUTE","Qcur-22","ROPE","f32",-1,754,-1,64,14,1,1,3584,0.351979,1,"clFinish_profiled"
"OpenCL","COMPUTE","node_756","MUL_MAT","f32",-1,755,-1,128,1,1,1,512,0.276146,1,"clFinish_profiled"
"OpenCL","COMPUTE","Kcur-22","ADD","f32",-1,756,-1,128,1,1,1,512,0.234271,1,"clFinish_profiled"
"OpenCL","COMPUTE","Kcur-22","ROPE","f32",-1,758,-1,64,2,1,1,512,0.236718,1,"clFinish_profiled"
"OpenCL","COMPUTE","node_760","MUL_MAT","f32",-1,759,-1,128,1,1,1,512,0.268073,1,"clFinish_profiled"
"OpenCL","COMPUTE","Vcur-22","ADD","f32",-1,760,-1,128,1,1,1,512,0.227812,1,"clFinish_profiled"
"OpenCL","COMPUTE","cache_k_l22 (view)","SET_ROWS","f16",-1,763,-1,128,512,1,1,131072,0.230781,1,"clFinish_profiled"
"OpenCL","COMPUTE","cache_v_l22 (view)","SET_ROWS","f16",-1,765,-1,128,512,1,1,131072,0.231615,1,"clFinish_profiled"
"OpenCL","COMPUTE","__fattn__-22","FLASH_ATTN_EXT","f32",-1,772,-1,64,14,1,1,3584,0.600313,1,"clFinish_profiled"
"OpenCL","COMPUTE","node_775","MUL_MAT","f32",-1,774,-1,896,1,1,1,3584,0.343438,1,"clFinish_profiled"
"OpenCL","COMPUTE","ffn_inp-22","ADD","f32",-1,775,-1,896,1,1,1,3584,0.231614,1,"clFinish_profiled"
"OpenCL","COMPUTE","ffn_gate-22","MUL_MAT","f32",-1,778,-1,4864,1,1,1,19456,0.573490,1,"clFinish_profiled"
"OpenCL","COMPUTE","ffn_up-22","MUL_MAT","f32",-1,779,-1,4864,1,1,1,19456,0.557761,1,"clFinish_profiled"
"OpenCL","COMPUTE","ffn_swiglu-22","GLU","f32",-1,780,-1,4864,1,1,1,19456,0.246979,1,"clFinish_profiled"
"OpenCL","COMPUTE","ffn_out-22","MUL_MAT","f32",-1,781,-1,896,1,1,1,3584,0.608334,1,"clFinish_profiled"
"OpenCL","COMPUTE","l_out-22","ADD","f32",-1,782,-1,896,1,1,1,3584,0.224219,1,"clFinish_profiled"
"OpenCL","COMPUTE","node_786","MUL_MAT","f32",-1,785,-1,896,1,1,1,3584,0.382448,1,"clFinish_profiled"
"OpenCL","COMPUTE","Qcur-23","ADD","f32",-1,786,-1,896,1,1,1,3584,0.225729,1,"clFinish_profiled"
"OpenCL","COMPUTE","Qcur-23","ROPE","f32",-1,788,-1,64,14,1,1,3584,0.237292,1,"clFinish_profiled"
"OpenCL","COMPUTE","node_790","MUL_MAT","f32",-1,789,-1,128,1,1,1,512,0.262761,1,"clFinish_profiled"
"OpenCL","COMPUTE","Kcur-23","ADD","f32",-1,790,-1,128,1,1,1,512,0.224844,1,"clFinish_profiled"
"OpenCL","COMPUTE","Kcur-23","ROPE","f32",-1,792,-1,64,2,1,1,512,0.226198,1,"clFinish_profiled"
"OpenCL","COMPUTE","node_794","MUL_MAT","f32",-1,793,-1,128,1,1,1,512,0.266146,1,"clFinish_profiled"
"OpenCL","COMPUTE","Vcur-23","ADD","f32",-1,794,-1,128,1,1,1,512,0.225572,1,"clFinish_profiled"
"OpenCL","COMPUTE","cache_k_l23 (view)","SET_ROWS","f16",-1,797,-1,128,512,1,1,131072,0.228750,1,"clFinish_profiled"
"OpenCL","COMPUTE","cache_v_l23 (view)","SET_ROWS","f16",-1,799,-1,128,512,1,1,131072,0.266771,1,"clFinish_profiled"
"OpenCL","COMPUTE","__fattn__-23","FLASH_ATTN_EXT","f32",-1,806,-1,64,14,1,1,3584,0.616354,1,"clFinish_profiled"
"OpenCL","COMPUTE","node_809","MUL_MAT","f32",-1,808,-1,896,1,1,1,3584,0.406979,1,"clFinish_profiled"
"OpenCL","COMPUTE","node_810","GET_ROWS","f32",-1,809,-1,896,1,1,1,3584,0.275261,1,"clFinish_profiled"
"OpenCL","COMPUTE","node_811","GET_ROWS","f32",-1,810,-1,896,1,1,1,3584,0.273646,1,"clFinish_profiled"
"OpenCL","COMPUTE","ffn_inp-23","ADD","f32",-1,811,-1,896,1,1,1,3584,0.283177,1,"clFinish_profiled"
"OpenCL","COMPUTE","ffn_gate-23","MUL_MAT","f32",-1,814,-1,4864,1,1,1,19456,0.633802,1,"clFinish_profiled"
"OpenCL","COMPUTE","ffn_up-23","MUL_MAT","f32",-1,815,-1,4864,1,1,1,19456,0.577031,1,"clFinish_profiled"
"OpenCL","COMPUTE","ffn_swiglu-23","GLU","f32",-1,816,-1,4864,1,1,1,19456,0.277135,1,"clFinish_profiled"
"OpenCL","COMPUTE","ffn_out-23","MUL_MAT","f32",-1,817,-1,896,1,1,1,3584,0.676980,1,"clFinish_profiled"
"OpenCL","COMPUTE","l_out-23","ADD","f32",-1,818,-1,896,1,1,1,3584,0.297760,1,"clFinish_profiled"
"OpenCL","COMPUTE","result_output","MUL_MAT","f32",-1,821,-1,151936,1,1,1,607744,8.711510,1,"clFinish_profiled"
"CPU_Elastic","COMPUTE_GRAPH","ggml_cgraph","GRAPH","",-1,1,-1,0,0,0,0,0,0.011510,1,"delegate_cpu_graph"
"OpenCL","COMPUTE","node_3","MUL_MAT","f32",-1,2,-1,896,1,1,1,3584,0.693073,1,"clFinish_profiled"
"OpenCL","COMPUTE","Qcur-0","ADD","f32",-1,3,-1,896,1,1,1,3584,0.331771,1,"clFinish_profiled"
"OpenCL","COMPUTE","Qcur-0","ROPE","f32",-1,5,-1,64,14,1,1,3584,0.304011,1,"clFinish_profiled"
"OpenCL","COMPUTE","node_7","MUL_MAT","f32",-1,6,-1,128,1,1,1,512,0.359115,1,"clFinish_profiled"
"OpenCL","COMPUTE","Kcur-0","ADD","f32",-1,7,-1,128,1,1,1,512,0.317187,1,"clFinish_profiled"
"OpenCL","COMPUTE","Kcur-0","ROPE","f32",-1,9,-1,64,2,1,1,512,0.279583,1,"clFinish_profiled"
"OpenCL","COMPUTE","node_11","MUL_MAT","f32",-1,10,-1,128,1,1,1,512,0.307448,1,"clFinish_profiled"
"OpenCL","COMPUTE","Vcur-0","ADD","f32",-1,11,-1,128,1,1,1,512,0.265521,1,"clFinish_profiled"
"OpenCL","COMPUTE","cache_k_l0 (view)","SET_ROWS","f16",-1,14,-1,128,512,1,1,131072,0.306146,1,"clFinish_profiled"
"OpenCL","COMPUTE","cache_v_l0 (view)","SET_ROWS","f16",-1,16,-1,128,512,1,1,131072,0.278125,1,"clFinish_profiled"
"OpenCL","COMPUTE"," (copy)","CPY","f16",-1,23,-1,256,64,1,1,32768,0.315052,1,"clFinish_profiled"
"OpenCL","COMPUTE","__fattn__-0","FLASH_ATTN_EXT","f32",-1,24,-1,64,14,1,1,3584,0.638073,1,"clFinish_profiled"
"OpenCL","COMPUTE","node_27","MUL_MAT","f32",-1,26,-1,896,1,1,1,3584,0.368958,1,"clFinish_profiled"
"OpenCL","COMPUTE","ffn_inp-0","ADD","f32",-1,27,-1,896,1,1,1,3584,0.275782,1,"clFinish_profiled"
"OpenCL","COMPUTE","ffn_gate-0","MUL_MAT","f32",-1,30,-1,4864,1,1,1,19456,0.620782,1,"clFinish_profiled"
"OpenCL","COMPUTE","ffn_up-0","MUL_MAT","f32",-1,31,-1,4864,1,1,1,19456,0.633125,1,"clFinish_profiled"
"OpenCL","COMPUTE","ffn_swiglu-0","GLU","f32",-1,32,-1,4864,1,1,1,19456,0.296042,1,"clFinish_profiled"
"OpenCL","COMPUTE","ffn_out-0","MUL_MAT","f32",-1,33,-1,896,1,1,1,3584,0.661198,1,"clFinish_profiled"
"OpenCL","COMPUTE","l_out-0","ADD","f32",-1,34,-1,896,1,1,1,3584,0.281719,1,"clFinish_profiled"
"OpenCL","COMPUTE","node_38","MUL_MAT","f32",-1,37,-1,896,1,1,1,3584,0.411094,1,"clFinish_profiled"
"OpenCL","COMPUTE","Qcur-1","ADD","f32",-1,38,-1,896,1,1,1,3584,0.271667,1,"clFinish_profiled"
"OpenCL","COMPUTE","Qcur-1","ROPE","f32",-1,40,-1,64,14,1,1,3584,0.281510,1,"clFinish_profiled"
"OpenCL","COMPUTE","node_42","MUL_MAT","f32",-1,41,-1,128,1,1,1,512,0.306927,1,"clFinish_profiled"
"OpenCL","COMPUTE","Kcur-1","ADD","f32",-1,42,-1,128,1,1,1,512,0.273281,1,"clFinish_profiled"
"OpenCL","COMPUTE","Kcur-1","ROPE","f32",-1,44,-1,64,2,1,1,512,0.327761,1,"clFinish_profiled"
"OpenCL","COMPUTE","node_46","MUL_MAT","f32",-1,45,-1,128,1,1,1,512,0.307292,1,"clFinish_profiled"
"OpenCL","COMPUTE","Vcur-1","ADD","f32",-1,46,-1,128,1,1,1,512,0.271563,1,"clFinish_profiled"
"OpenCL","COMPUTE","cache_k_l1 (view)","SET_ROWS","f16",-1,49,-1,128,512,1,1,131072,0.271094,1,"clFinish_profiled"
"OpenCL","COMPUTE","cache_v_l1 (view)","SET_ROWS","f16",-1,51,-1,128,512,1,1,131072,0.272812,1,"clFinish_profiled"
"OpenCL","COMPUTE","__fattn__-1","FLASH_ATTN_EXT","f32",-1,58,-1,64,14,1,1,3584,0.650104,1,"clFinish_profiled"
"OpenCL","COMPUTE","node_61","MUL_MAT","f32",-1,60,-1,896,1,1,1,3584,0.375677,1,"clFinish_profiled"
"OpenCL","COMPUTE","ffn_inp-1","ADD","f32",-1,61,-1,896,1,1,1,3584,0.273802,1,"clFinish_profiled"
"OpenCL","COMPUTE","ffn_gate-1","MUL_MAT","f32",-1,64,-1,4864,1,1,1,19456,0.643906,1,"clFinish_profiled"
"OpenCL","COMPUTE","ffn_up-1","MUL_MAT","f32",-1,65,-1,4864,1,1,1,19456,0.596250,1,"clFinish_profiled"
"OpenCL","COMPUTE","ffn_swiglu-1","GLU","f32",-1,66,-1,4864,1,1,1,19456,0.292760,1,"clFinish_profiled"
"OpenCL","COMPUTE","ffn_out-1","MUL_MAT","f32",-1,67,-1,896,1,1,1,3584,0.656615,1,"clFinish_profiled"
"OpenCL","COMPUTE","l_out-1","ADD","f32",-1,68,-1,896,1,1,1,3584,0.271250,1,"clFinish_profiled"
"OpenCL","COMPUTE","node_72","MUL_MAT","f32",-1,71,-1,896,1,1,1,3584,0.390260,1,"clFinish_profiled"
"OpenCL","COMPUTE","Qcur-2","ADD","f32",-1,72,-1,896,1,1,1,3584,0.268958,1,"clFinish_profiled"
"OpenCL","COMPUTE","Qcur-2","ROPE","f32",-1,74,-1,64,14,1,1,3584,0.294948,1,"clFinish_profiled"
"OpenCL","COMPUTE","node_76","MUL_MAT","f32",-1,75,-1,128,1,1,1,512,0.302135,1,"clFinish_profiled"
"OpenCL","COMPUTE","Kcur-2","ADD","f32",-1,76,-1,128,1,1,1,512,0.265416,1,"clFinish_profiled"
"OpenCL","COMPUTE","Kcur-2","ROPE","f32",-1,78,-1,64,2,1,1,512,0.270990,1,"clFinish_profiled"
"OpenCL","COMPUTE","node_80","MUL_MAT","f32",-1,79,-1,128,1,1,1,512,0.298021,1,"clFinish_profiled"
"OpenCL","COMPUTE","Vcur-2","ADD","f32",-1,80,-1,128,1,1,1,512,0.267188,1,"clFinish_profiled"
"OpenCL","COMPUTE","cache_k_l2 (view)","SET_ROWS","f16",-1,83,-1,128,512,1,1,131072,0.288593,1,"clFinish_profiled"
"OpenCL","COMPUTE","cache_v_l2 (view)","SET_ROWS","f16",-1,85,-1,128,512,1,1,131072,0.277708,1,"clFinish_profiled"
"OpenCL","COMPUTE","__fattn__-2","FLASH_ATTN_EXT","f32",-1,92,-1,64,14,1,1,3584,0.646145,1,"clFinish_profiled"
"OpenCL","COMPUTE","node_95","MUL_MAT","f32",-1,94,-1,896,1,1,1,3584,0.357031,1,"clFinish_profiled"
"OpenCL","COMPUTE","ffn_inp-2","ADD","f32",-1,95,-1,896,1,1,1,3584,0.266302,1,"clFinish_profiled"
"OpenCL","COMPUTE","ffn_gate-2","MUL_MAT","f32",-1,98,-1,4864,1,1,1,19456,0.632500,1,"clFinish_profiled"
"OpenCL","COMPUTE","ffn_up-2","MUL_MAT","f32",-1,99,-1,4864,1,1,1,19456,0.607291,1,"clFinish_profiled"
"OpenCL","COMPUTE","ffn_swiglu-2","GLU","f32",-1,100,-1,4864,1,1,1,19456,0.287916,1,"clFinish_profiled"
"OpenCL","COMPUTE","ffn_out-2","MUL_MAT","f32",-1,101,-1,896,1,1,1,3584,0.651198,1,"clFinish_profiled"
"OpenCL","COMPUTE","l_out-2","ADD","f32",-1,102,-1,896,1,1,1,3584,0.268646,1,"clFinish_profiled"
"OpenCL","COMPUTE","node_106","MUL_MAT","f32",-1,105,-1,896,1,1,1,3584,0.387761,1,"clFinish_profiled"
"OpenCL","COMPUTE","Qcur-3","ADD","f32",-1,106,-1,896,1,1,1,3584,0.270052,1,"clFinish_profiled"
"OpenCL","COMPUTE","Qcur-3","ROPE","f32",-1,108,-1,64,14,1,1,3584,0.269218,1,"clFinish_profiled"
"OpenCL","COMPUTE","node_110","MUL_MAT","f32",-1,109,-1,128,1,1,1,512,0.305000,1,"clFinish_profiled"
"OpenCL","COMPUTE","Kcur-3","ADD","f32",-1,110,-1,128,1,1,1,512,0.268125,1,"clFinish_profiled"
"OpenCL","COMPUTE","Kcur-3","ROPE","f32",-1,112,-1,64,2,1,1,512,0.333750,1,"clFinish_profiled"
"OpenCL","COMPUTE","node_114","MUL_MAT","f32",-1,113,-1,128,1,1,1,512,0.339063,1,"clFinish_profiled"
"OpenCL","COMPUTE","Vcur-3","ADD","f32",-1,114,-1,128,1,1,1,512,0.275313,1,"clFinish_profiled"
"OpenCL","COMPUTE","cache_k_l3 (view)","SET_ROWS","f16",-1,117,-1,128,512,1,1,131072,0.403854,1,"clFinish_profiled"
"OpenCL","COMPUTE","cache_v_l3 (view)","SET_ROWS","f16",-1,119,-1,128,512,1,1,131072,0.343073,1,"clFinish_profiled"
"OpenCL","COMPUTE","__fattn__-3","FLASH_ATTN_EXT","f32",-1,126,-1,64,14,1,1,3584,0.701302,1,"clFinish_profiled"
"OpenCL","COMPUTE","node_129","MUL_MAT","f32",-1,128,-1,896,1,1,1,3584,0.392448,1,"clFinish_profiled"
"OpenCL","COMPUTE","ffn_inp-3","ADD","f32",-1,129,-1,896,1,1,1,3584,0.269636,1,"clFinish_profiled"
"OpenCL","COMPUTE","ffn_gate-3","MUL_MAT","f32",-1,132,-1,4864,1,1,1,19456,0.648073,1,"clFinish_profiled"
"OpenCL","COMPUTE","ffn_up-3","MUL_MAT","f32",-1,133,-1,4864,1,1,1,19456,0.652188,1,"clFinish_profiled"
"OpenCL","COMPUTE","ffn_swiglu-3","GLU","f32",-1,134,-1,4864,1,1,1,19456,0.335260,1,"clFinish_profiled"
"OpenCL","COMPUTE","ffn_out-3","MUL_MAT","f32",-1,135,-1,896,1,1,1,3584,0.664427,1,"clFinish_profiled"
"OpenCL","COMPUTE","l_out-3","ADD","f32",-1,136,-1,896,1,1,1,3584,0.281198,1,"clFinish_profiled"
"OpenCL","COMPUTE","node_140","MUL_MAT","f32",-1,139,-1,896,1,1,1,3584,0.402448,1,"clFinish_profiled"
"OpenCL","COMPUTE","Qcur-4","ADD","f32",-1,140,-1,896,1,1,1,3584,0.279895,1,"clFinish_profiled"
"OpenCL","COMPUTE","Qcur-4","ROPE","f32",-1,142,-1,64,14,1,1,3584,0.284271,1,"clFinish_profiled"
"OpenCL","COMPUTE","node_144","MUL_MAT","f32",-1,143,-1,128,1,1,1,512,0.310364,1,"clFinish_profiled"
"OpenCL","COMPUTE","Kcur-4","ADD","f32",-1,144,-1,128,1,1,1,512,0.267604,1,"clFinish_profiled"
"OpenCL","COMPUTE","Kcur-4","ROPE","f32",-1,146,-1,64,2,1,1,512,0.289375,1,"clFinish_profiled"
"OpenCL","COMPUTE","node_148","MUL_MAT","f32",-1,147,-1,128,1,1,1,512,0.312083,1,"clFinish_profiled"
"OpenCL","COMPUTE","Vcur-4","ADD","f32",-1,148,-1,128,1,1,1,512,0.283855,1,"clFinish_profiled"
"OpenCL","COMPUTE","cache_k_l4 (view)","SET_ROWS","f16",-1,151,-1,128,512,1,1,131072,0.272500,1,"clFinish_profiled"
"OpenCL","COMPUTE","cache_v_l4 (view)","SET_ROWS","f16",-1,153,-1,128,512,1,1,131072,0.273073,1,"clFinish_profiled"
"OpenCL","COMPUTE","__fattn__-4","FLASH_ATTN_EXT","f32",-1,160,-1,64,14,1,1,3584,0.680104,1,"clFinish_profiled"
"OpenCL","COMPUTE","node_163","MUL_MAT","f32",-1,162,-1,896,1,1,1,3584,0.372552,1,"clFinish_profiled"
"OpenCL","COMPUTE","ffn_inp-4","ADD","f32",-1,163,-1,896,1,1,1,3584,0.270052,1,"clFinish_profiled"
"OpenCL","COMPUTE","ffn_gate-4","MUL_MAT","f32",-1,166,-1,4864,1,1,1,19456,0.623073,1,"clFinish_profiled"
"OpenCL","COMPUTE","ffn_up-4","MUL_MAT","f32",-1,167,-1,4864,1,1,1,19456,0.587448,1,"clFinish_profiled"
"OpenCL","COMPUTE","ffn_swiglu-4","GLU","f32",-1,168,-1,4864,1,1,1,19456,0.296146,1,"clFinish_profiled"
"OpenCL","COMPUTE","ffn_out-4","MUL_MAT","f32",-1,169,-1,896,1,1,1,3584,0.661823,1,"clFinish_profiled"
"OpenCL","COMPUTE","l_out-4","ADD","f32",-1,170,-1,896,1,1,1,3584,0.286666,1,"clFinish_profiled"
"OpenCL","COMPUTE","node_174","MUL_MAT","f32",-1,173,-1,896,1,1,1,3584,0.395312,1,"clFinish_profiled"
"OpenCL","COMPUTE","Qcur-5","ADD","f32",-1,174,-1,896,1,1,1,3584,0.275208,1,"clFinish_profiled"
"OpenCL","COMPUTE","Qcur-5","ROPE","f32",-1,176,-1,64,14,1,1,3584,0.280104,1,"clFinish_profiled"
"OpenCL","COMPUTE","node_178","MUL_MAT","f32",-1,177,-1,128,1,1,1,512,0.309323,1,"clFinish_profiled"
"OpenCL","COMPUTE","Kcur-5","ADD","f32",-1,178,-1,128,1,1,1,512,0.267344,1,"clFinish_profiled"
"OpenCL","COMPUTE","Kcur-5","ROPE","f32",-1,180,-1,64,2,1,1,512,0.278125,1,"clFinish_profiled"
"OpenCL","COMPUTE","node_182","MUL_MAT","f32",-1,181,-1,128,1,1,1,512,0.304322,1,"clFinish_profiled"
"OpenCL","COMPUTE","Vcur-5","ADD","f32",-1,182,-1,128,1,1,1,512,0.272552,1,"clFinish_profiled"
"OpenCL","COMPUTE","cache_k_l5 (view)","SET_ROWS","f16",-1,185,-1,128,512,1,1,131072,0.274480,1,"clFinish_profiled"
"OpenCL","COMPUTE","cache_v_l5 (view)","SET_ROWS","f16",-1,187,-1,128,512,1,1,131072,0.274219,1,"clFinish_profiled"
"OpenCL","COMPUTE","__fattn__-5","FLASH_ATTN_EXT","f32",-1,194,-1,64,14,1,1,3584,0.645625,1,"clFinish_profiled"
"OpenCL","COMPUTE","node_197","MUL_MAT","f32",-1,196,-1,896,1,1,1,3584,0.364219,1,"clFinish_profiled"
"OpenCL","COMPUTE","ffn_inp-5","ADD","f32",-1,197,-1,896,1,1,1,3584,0.269792,1,"clFinish_profiled"
"OpenCL","COMPUTE","ffn_gate-5","MUL_MAT","f32",-1,200,-1,4864,1,1,1,19456,0.625104,1,"clFinish_profiled"
"OpenCL","COMPUTE","ffn_up-5","MUL_MAT","f32",-1,201,-1,4864,1,1,1,19456,0.632500,1,"clFinish_profiled"
"OpenCL","COMPUTE","ffn_swiglu-5","GLU","f32",-1,202,-1,4864,1,1,1,19456,0.290157,1,"clFinish_profiled"
"OpenCL","COMPUTE","ffn_out-5","MUL_MAT","f32",-1,203,-1,896,1,1,1,3584,0.643021,1,"clFinish_profiled"
"OpenCL","COMPUTE","l_out-5","ADD","f32",-1,204,-1,896,1,1,1,3584,0.272292,1,"clFinish_profiled"
"OpenCL","COMPUTE","node_208","MUL_MAT","f32",-1,207,-1,896,1,1,1,3584,0.388854,1,"clFinish_profiled"
"OpenCL","COMPUTE","Qcur-6","ADD","f32",-1,208,-1,896,1,1,1,3584,0.302136,1,"clFinish_profiled"
"OpenCL","COMPUTE","Qcur-6","ROPE","f32",-1,210,-1,64,14,1,1,3584,0.273958,1,"clFinish_profiled"
"OpenCL","COMPUTE","node_212","MUL_MAT","f32",-1,211,-1,128,1,1,1,512,0.304427,1,"clFinish_profiled"
"OpenCL","COMPUTE","Kcur-6","ADD","f32",-1,212,-1,128,1,1,1,512,0.268855,1,"clFinish_profiled"
"OpenCL","COMPUTE","Kcur-6","ROPE","f32",-1,214,-1,64,2,1,1,512,0.286823,1,"clFinish_profiled"
"OpenCL","COMPUTE","node_216","MUL_MAT","f32",-1,215,-1,128,1,1,1,512,0.308854,1,"clFinish_profiled"
"OpenCL","COMPUTE","Vcur-6","ADD","f32",-1,216,-1,128,1,1,1,512,0.268907,1,"clFinish_profiled"
"OpenCL","COMPUTE","cache_k_l6 (view)","SET_ROWS","f16",-1,219,-1,128,512,1,1,131072,0.268698,1,"clFinish_profiled"
"OpenCL","COMPUTE","cache_v_l6 (view)","SET_ROWS","f16",-1,221,-1,128,512,1,1,131072,0.266042,1,"clFinish_profiled"
"OpenCL","COMPUTE","__fattn__-6","FLASH_ATTN_EXT","f32",-1,228,-1,64,14,1,1,3584,0.641354,1,"clFinish_profiled"
"OpenCL","COMPUTE","node_231","MUL_MAT","f32",-1,230,-1,896,1,1,1,3584,0.361302,1,"clFinish_profiled"
"OpenCL","COMPUTE","ffn_inp-6","ADD","f32",-1,231,-1,896,1,1,1,3584,0.269167,1,"clFinish_profiled"
"OpenCL","COMPUTE","ffn_gate-6","MUL_MAT","f32",-1,234,-1,4864,1,1,1,19456,0.667448,1,"clFinish_profiled"
"OpenCL","COMPUTE","ffn_up-6","MUL_MAT","f32",-1,235,-1,4864,1,1,1,19456,0.625520,1,"clFinish_profiled"
"OpenCL","COMPUTE","ffn_swiglu-6","GLU","f32",-1,236,-1,4864,1,1,1,19456,0.288594,1,"clFinish_profiled"
"OpenCL","COMPUTE","ffn_out-6","MUL_MAT","f32",-1,237,-1,896,1,1,1,3584,0.676771,1,"clFinish_profiled"
"OpenCL","COMPUTE","l_out-6","ADD","f32",-1,238,-1,896,1,1,1,3584,0.265781,1,"clFinish_profiled"
"OpenCL","COMPUTE","node_242","MUL_MAT","f32",-1,241,-1,896,1,1,1,3584,0.388646,1,"clFinish_profiled"
"OpenCL","COMPUTE","Qcur-7","ADD","f32",-1,242,-1,896,1,1,1,3584,0.268542,1,"clFinish_profiled"
"OpenCL","COMPUTE","Qcur-7","ROPE","f32",-1,244,-1,64,14,1,1,3584,0.271770,1,"clFinish_profiled"
"OpenCL","COMPUTE","node_246","MUL_MAT","f32",-1,245,-1,128,1,1,1,512,0.302760,1,"clFinish_profiled"
"OpenCL","COMPUTE","Kcur-7","ADD","f32",-1,246,-1,128,1,1,1,512,0.290000,1,"clFinish_profiled"
"OpenCL","COMPUTE","Kcur-7","ROPE","f32",-1,248,-1,64,2,1,1,512,0.291770,1,"clFinish_profiled"
"OpenCL","COMPUTE","node_250","MUL_MAT","f32",-1,249,-1,128,1,1,1,512,0.305000,1,"clFinish_profiled"
"OpenCL","COMPUTE","Vcur-7","ADD","f32",-1,250,-1,128,1,1,1,512,0.303021,1,"clFinish_profiled"
"OpenCL","COMPUTE","cache_k_l7 (view)","SET_ROWS","f16",-1,253,-1,128,512,1,1,131072,0.298177,1,"clFinish_profiled"
"OpenCL","COMPUTE","cache_v_l7 (view)","SET_ROWS","f16",-1,255,-1,128,512,1,1,131072,0.515781,1,"clFinish_profiled"
"OpenCL","COMPUTE","__fattn__-7","FLASH_ATTN_EXT","f32",-1,262,-1,64,14,1,1,3584,1.284843,1,"clFinish_profiled"
"OpenCL","COMPUTE","node_265","MUL_MAT","f32",-1,264,-1,896,1,1,1,3584,0.571563,1,"clFinish_profiled"
"OpenCL","COMPUTE","ffn_inp-7","ADD","f32",-1,265,-1,896,1,1,1,3584,0.445000,1,"clFinish_profiled"
"OpenCL","COMPUTE","ffn_gate-7","MUL_MAT","f32",-1,268,-1,4864,1,1,1,19456,1.621041,1,"clFinish_profiled"
"OpenCL","COMPUTE","ffn_up-7","MUL_MAT","f32",-1,269,-1,4864,1,1,1,19456,1.709792,1,"clFinish_profiled"
"OpenCL","COMPUTE","ffn_swiglu-7","GLU","f32",-1,270,-1,4864,1,1,1,19456,0.814948,1,"clFinish_profiled"
"OpenCL","COMPUTE","ffn_out-7","MUL_MAT","f32",-1,271,-1,896,1,1,1,3584,1.304323,1,"clFinish_profiled"
"OpenCL","COMPUTE","l_out-7","ADD","f32",-1,272,-1,896,1,1,1,3584,0.976927,1,"clFinish_profiled"
"OpenCL","COMPUTE","node_276","MUL_MAT","f32",-1,275,-1,896,1,1,1,3584,0.928489,1,"clFinish_profiled"
"OpenCL","COMPUTE","Qcur-8","ADD","f32",-1,276,-1,896,1,1,1,3584,0.439323,1,"clFinish_profiled"
"OpenCL","COMPUTE","Qcur-8","ROPE","f32",-1,278,-1,64,14,1,1,3584,0.402083,1,"clFinish_profiled"
"OpenCL","COMPUTE","node_280","MUL_MAT","f32",-1,279,-1,128,1,1,1,512,0.443646,1,"clFinish_profiled"
"OpenCL","COMPUTE","Kcur-8","ADD","f32",-1,280,-1,128,1,1,1,512,0.391459,1,"clFinish_profiled"
"OpenCL","COMPUTE","Kcur-8","ROPE","f32",-1,282,-1,64,2,1,1,512,0.397031,1,"clFinish_profiled"
"OpenCL","COMPUTE","node_284","MUL_MAT","f32",-1,283,-1,128,1,1,1,512,0.425156,1,"clFinish_profiled"
"OpenCL","COMPUTE","Vcur-8","ADD","f32",-1,284,-1,128,1,1,1,512,0.392031,1,"clFinish_profiled"
"OpenCL","COMPUTE","cache_k_l8 (view)","SET_ROWS","f16",-1,287,-1,128,512,1,1,131072,0.391407,1,"clFinish_profiled"
"OpenCL","COMPUTE","cache_v_l8 (view)","SET_ROWS","f16",-1,289,-1,128,512,1,1,131072,0.388958,1,"clFinish_profiled"
"OpenCL","COMPUTE","__fattn__-8","FLASH_ATTN_EXT","f32",-1,296,-1,64,14,1,1,3584,0.781875,1,"clFinish_profiled"
"OpenCL","COMPUTE","node_299","MUL_MAT","f32",-1,298,-1,896,1,1,1,3584,0.532552,1,"clFinish_profiled"
"OpenCL","COMPUTE","ffn_inp-8","ADD","f32",-1,299,-1,896,1,1,1,3584,0.376719,1,"clFinish_profiled"
"OpenCL","COMPUTE","ffn_gate-8","MUL_MAT","f32",-1,302,-1,4864,1,1,1,19456,1.013958,1,"clFinish_profiled"
"OpenCL","COMPUTE","ffn_up-8","MUL_MAT","f32",-1,303,-1,4864,1,1,1,19456,1.151928,1,"clFinish_profiled"
"OpenCL","COMPUTE","ffn_swiglu-8","GLU","f32",-1,304,-1,4864,1,1,1,19456,0.916667,1,"clFinish_profiled"
"OpenCL","COMPUTE","ffn_out-8","MUL_MAT","f32",-1,305,-1,896,1,1,1,3584,1.688073,1,"clFinish_profiled"
"OpenCL","COMPUTE","l_out-8","ADD","f32",-1,306,-1,896,1,1,1,3584,0.802552,1,"clFinish_profiled"
"OpenCL","COMPUTE","node_310","MUL_MAT","f32",-1,309,-1,896,1,1,1,3584,0.800364,1,"clFinish_profiled"
"OpenCL","COMPUTE","Qcur-9","ADD","f32",-1,310,-1,896,1,1,1,3584,0.802188,1,"clFinish_profiled"
"OpenCL","COMPUTE","Qcur-9","ROPE","f32",-1,312,-1,64,14,1,1,3584,0.443802,1,"clFinish_profiled"
"OpenCL","COMPUTE","node_314","MUL_MAT","f32",-1,313,-1,128,1,1,1,512,0.437187,1,"clFinish_profiled"
"OpenCL","COMPUTE","Kcur-9","ADD","f32",-1,314,-1,128,1,1,1,512,0.387917,1,"clFinish_profiled"
"OpenCL","COMPUTE","Kcur-9","ROPE","f32",-1,316,-1,64,2,1,1,512,0.408333,1,"clFinish_profiled"
"OpenCL","COMPUTE","node_318","MUL_MAT","f32",-1,317,-1,128,1,1,1,512,0.432865,1,"clFinish_profiled"
"OpenCL","COMPUTE","Vcur-9","ADD","f32",-1,318,-1,128,1,1,1,512,0.408854,1,"clFinish_profiled"
"OpenCL","COMPUTE","cache_k_l9 (view)","SET_ROWS","f16",-1,321,-1,128,512,1,1,131072,0.393229,1,"clFinish_profiled"
"OpenCL","COMPUTE","cache_v_l9 (view)","SET_ROWS","f16",-1,323,-1,128,512,1,1,131072,0.496667,1,"clFinish_profiled"
"OpenCL","COMPUTE","__fattn__-9","FLASH_ATTN_EXT","f32",-1,330,-1,64,14,1,1,3584,1.212917,1,"clFinish_profiled"
"OpenCL","COMPUTE","node_333","MUL_MAT","f32",-1,332,-1,896,1,1,1,3584,0.668594,1,"clFinish_profiled"
"OpenCL","COMPUTE","ffn_inp-9","ADD","f32",-1,333,-1,896,1,1,1,3584,0.463177,1,"clFinish_profiled"
"OpenCL","COMPUTE","ffn_gate-9","MUL_MAT","f32",-1,336,-1,4864,1,1,1,19456,1.431614,1,"clFinish_profiled"
"OpenCL","COMPUTE","ffn_up-9","MUL_MAT","f32",-1,337,-1,4864,1,1,1,19456,1.013125,1,"clFinish_profiled"
"OpenCL","COMPUTE","ffn_swiglu-9","GLU","f32",-1,338,-1,4864,1,1,1,19456,0.470000,1,"clFinish_profiled"
"OpenCL","COMPUTE","ffn_out-9","MUL_MAT","f32",-1,339,-1,896,1,1,1,3584,1.619896,1,"clFinish_profiled"
"OpenCL","COMPUTE","l_out-9","ADD","f32",-1,340,-1,896,1,1,1,3584,0.916770,1,"clFinish_profiled"
"OpenCL","COMPUTE","node_344","MUL_MAT","f32",-1,343,-1,896,1,1,1,3584,1.114010,1,"clFinish_profiled"
"OpenCL","COMPUTE","Qcur-10","ADD","f32",-1,344,-1,896,1,1,1,3584,0.847448,1,"clFinish_profiled"
"OpenCL","COMPUTE","Qcur-10","ROPE","f32",-1,346,-1,64,14,1,1,3584,0.462188,1,"clFinish_profiled"
"OpenCL","COMPUTE","node_348","MUL_MAT","f32",-1,347,-1,128,1,1,1,512,0.443177,1,"clFinish_profiled"
"OpenCL","COMPUTE","Kcur-10","ADD","f32",-1,348,-1,128,1,1,1,512,0.393177,1,"clFinish_profiled"
"OpenCL","COMPUTE","Kcur-10","ROPE","f32",-1,350,-1,64,2,1,1,512,0.423334,1,"clFinish_profiled"
"OpenCL","COMPUTE","node_352","MUL_MAT","f32",-1,351,-1,128,1,1,1,512,0.438542,1,"clFinish_profiled"
"OpenCL","COMPUTE","Vcur-10","ADD","f32",-1,352,-1,128,1,1,1,512,0.403386,1,"clFinish_profiled"
"OpenCL","COMPUTE","cache_k_l10 (view)","SET_ROWS","f16",-1,355,-1,128,512,1,1,131072,0.389062,1,"clFinish_profiled"
"OpenCL","COMPUTE","cache_v_l10 (view)","SET_ROWS","f16",-1,357,-1,128,512,1,1,131072,0.394323,1,"clFinish_profiled"
"OpenCL","COMPUTE","__fattn__-10","FLASH_ATTN_EXT","f32",-1,364,-1,64,14,1,1,3584,0.779687,1,"clFinish_profiled"
"OpenCL","COMPUTE","node_367","MUL_MAT","f32",-1,366,-1,896,1,1,1,3584,0.529791,1,"clFinish_profiled"
"OpenCL","COMPUTE","ffn_inp-10","ADD","f32",-1,367,-1,896,1,1,1,3584,0.384688,1,"clFinish_profiled"
"OpenCL","COMPUTE","ffn_gate-10","MUL_MAT","f32",-1,370,-1,4864,1,1,1,19456,1.112292,1,"clFinish_profiled"
"OpenCL","COMPUTE","ffn_up-10","MUL_MAT","f32",-1,371,-1,4864,1,1,1,19456,0.994948,1,"clFinish_profiled"
"OpenCL","COMPUTE","ffn_swiglu-10","GLU","f32",-1,372,-1,4864,1,1,1,19456,0.413698,1,"clFinish_profiled"
"OpenCL","COMPUTE","ffn_out-10","MUL_MAT","f32",-1,373,-1,896,1,1,1,3584,1.057604,1,"clFinish_profiled"
"OpenCL","COMPUTE","l_out-10","ADD","f32",-1,374,-1,896,1,1,1,3584,0.391823,1,"clFinish_profiled"
"OpenCL","COMPUTE","node_378","MUL_MAT","f32",-1,377,-1,896,1,1,1,3584,0.564480,1,"clFinish_profiled"
"OpenCL","COMPUTE","Qcur-11","ADD","f32",-1,378,-1,896,1,1,1,3584,0.393854,1,"clFinish_profiled"
"OpenCL","COMPUTE","Qcur-11","ROPE","f32",-1,380,-1,64,14,1,1,3584,0.394270,1,"clFinish_profiled"
"OpenCL","COMPUTE","node_382","MUL_MAT","f32",-1,381,-1,128,1,1,1,512,0.425938,1,"clFinish_profiled"
"OpenCL","COMPUTE","Kcur-11","ADD","f32",-1,382,-1,128,1,1,1,512,0.390989,1,"clFinish_profiled"
"OpenCL","COMPUTE","Kcur-11","ROPE","f32",-1,384,-1,64,2,1,1,512,0.395261,1,"clFinish_profiled"
"OpenCL","COMPUTE","node_386","MUL_MAT","f32",-1,385,-1,128,1,1,1,512,0.426093,1,"clFinish_profiled"
"OpenCL","COMPUTE","Vcur-11","ADD","f32",-1,386,-1,128,1,1,1,512,0.384531,1,"clFinish_profiled"
"OpenCL","COMPUTE","cache_k_l11 (view)","SET_ROWS","f16",-1,389,-1,128,512,1,1,131072,0.384531,1,"clFinish_profiled"
"OpenCL","COMPUTE","cache_v_l11 (view)","SET_ROWS","f16",-1,391,-1,128,512,1,1,131072,0.385156,1,"clFinish_profiled"
"OpenCL","COMPUTE","__fattn__-11","FLASH_ATTN_EXT","f32",-1,398,-1,64,14,1,1,3584,0.979271,1,"clFinish_profiled"
"OpenCL","COMPUTE","node_401","MUL_MAT","f32",-1,400,-1,896,1,1,1,3584,0.575156,1,"clFinish_profiled"
"OpenCL","COMPUTE","ffn_inp-11","ADD","f32",-1,401,-1,896,1,1,1,3584,0.390156,1,"clFinish_profiled"
"OpenCL","COMPUTE","ffn_gate-11","MUL_MAT","f32",-1,404,-1,4864,1,1,1,19456,1.072083,1,"clFinish_profiled"
"OpenCL","COMPUTE","ffn_up-11","MUL_MAT","f32",-1,405,-1,4864,1,1,1,19456,0.991875,1,"clFinish_profiled"
"OpenCL","COMPUTE","ffn_swiglu-11","GLU","f32",-1,406,-1,4864,1,1,1,19456,0.462968,1,"clFinish_profiled"
"OpenCL","COMPUTE","ffn_out-11","MUL_MAT","f32",-1,407,-1,896,1,1,1,3584,1.049010,1,"clFinish_profiled"
"OpenCL","COMPUTE","l_out-11","ADD","f32",-1,408,-1,896,1,1,1,3584,0.389636,1,"clFinish_profiled"
"OpenCL","COMPUTE","node_412","MUL_MAT","f32",-1,411,-1,896,1,1,1,3584,0.570000,1,"clFinish_profiled"
"OpenCL","COMPUTE","Qcur-12","ADD","f32",-1,412,-1,896,1,1,1,3584,0.391041,1,"clFinish_profiled"
"OpenCL","COMPUTE","Qcur-12","ROPE","f32",-1,414,-1,64,14,1,1,3584,0.399114,1,"clFinish_profiled"
"OpenCL","COMPUTE","node_416","MUL_MAT","f32",-1,415,-1,128,1,1,1,512,0.433750,1,"clFinish_profiled"
"OpenCL","COMPUTE","Kcur-12","ADD","f32",-1,416,-1,128,1,1,1,512,0.389114,1,"clFinish_profiled"
"OpenCL","COMPUTE","Kcur-12","ROPE","f32",-1,418,-1,64,2,1,1,512,0.462708,1,"clFinish_profiled"
"OpenCL","COMPUTE","node_420","MUL_MAT","f32",-1,419,-1,128,1,1,1,512,0.448906,1,"clFinish_profiled"
"OpenCL","COMPUTE","Vcur-12","ADD","f32",-1,420,-1,128,1,1,1,512,0.404427,1,"clFinish_profiled"
"OpenCL","COMPUTE","cache_k_l12 (view)","SET_ROWS","f16",-1,423,-1,128,512,1,1,131072,0.393021,1,"clFinish_profiled"
"OpenCL","COMPUTE","cache_v_l12 (view)","SET_ROWS","f16",-1,425,-1,128,512,1,1,131072,0.440156,1,"clFinish_profiled"
"OpenCL","COMPUTE","__fattn__-12","FLASH_ATTN_EXT","f32",-1,432,-1,64,14,1,1,3584,0.778698,1,"clFinish_profiled"
"OpenCL","COMPUTE","node_435","MUL_MAT","f32",-1,434,-1,896,1,1,1,3584,0.539844,1,"clFinish_profiled"
"OpenCL","COMPUTE","ffn_inp-12","ADD","f32",-1,435,-1,896,1,1,1,3584,0.400989,1,"clFinish_profiled"
"OpenCL","COMPUTE","ffn_gate-12","MUL_MAT","f32",-1,438,-1,4864,1,1,1,19456,1.022448,1,"clFinish_profiled"
"OpenCL","COMPUTE","ffn_up-12","MUL_MAT","f32",-1,439,-1,4864,1,1,1,19456,1.006615,1,"clFinish_profiled"
"OpenCL","COMPUTE","ffn_swiglu-12","GLU","f32",-1,440,-1,4864,1,1,1,19456,0.411718,1,"clFinish_profiled"
"OpenCL","COMPUTE","ffn_out-12","MUL_MAT","f32",-1,441,-1,896,1,1,1,3584,1.083281,1,"clFinish_profiled"
"OpenCL","COMPUTE","l_out-12","ADD","f32",-1,442,-1,896,1,1,1,3584,0.394792,1,"clFinish_profiled"
"OpenCL","COMPUTE","node_446","MUL_MAT","f32",-1,445,-1,896,1,1,1,3584,0.578437,1,"clFinish_profiled"
"OpenCL","COMPUTE","Qcur-13","ADD","f32",-1,446,-1,896,1,1,1,3584,0.414948,1,"clFinish_profiled"
"OpenCL","COMPUTE","Qcur-13","ROPE","f32",-1,448,-1,64,14,1,1,3584,0.399739,1,"clFinish_profiled"
"OpenCL","COMPUTE","node_450","MUL_MAT","f32",-1,449,-1,128,1,1,1,512,0.428489,1,"clFinish_profiled"
"OpenCL","COMPUTE","Kcur-13","ADD","f32",-1,450,-1,128,1,1,1,512,0.950625,1,"clFinish_profiled"
"OpenCL","COMPUTE","Kcur-13","ROPE","f32",-1,452,-1,64,2,1,1,512,0.436302,1,"clFinish_profiled"
"OpenCL","COMPUTE","node_454","MUL_MAT","f32",-1,453,-1,128,1,1,1,512,0.428333,1,"clFinish_profiled"
"OpenCL","COMPUTE","Vcur-13","ADD","f32",-1,454,-1,128,1,1,1,512,0.480886,1,"clFinish_profiled"
"OpenCL","COMPUTE","cache_k_l13 (view)","SET_ROWS","f16",-1,457,-1,128,512,1,1,131072,0.847500,1,"clFinish_profiled"
"OpenCL","COMPUTE","cache_v_l13 (view)","SET_ROWS","f16",-1,459,-1,128,512,1,1,131072,0.452292,1,"clFinish_profiled"
"OpenCL","COMPUTE","__fattn__-13","FLASH_ATTN_EXT","f32",-1,466,-1,64,14,1,1,3584,0.845989,1,"clFinish_profiled"
"OpenCL","COMPUTE","node_469","MUL_MAT","f32",-1,468,-1,896,1,1,1,3584,0.536302,1,"clFinish_profiled"
"OpenCL","COMPUTE","ffn_inp-13","ADD","f32",-1,469,-1,896,1,1,1,3584,0.401250,1,"clFinish_profiled"
"OpenCL","COMPUTE","ffn_gate-13","MUL_MAT","f32",-1,472,-1,4864,1,1,1,19456,1.019480,1,"clFinish_profiled"
"OpenCL","COMPUTE","ffn_up-13","MUL_MAT","f32",-1,473,-1,4864,1,1,1,19456,0.994167,1,"clFinish_profiled"
"OpenCL","COMPUTE","ffn_swiglu-13","GLU","f32",-1,474,-1,4864,1,1,1,19456,0.435677,1,"clFinish_profiled"
"OpenCL","COMPUTE","ffn_out-13","MUL_MAT","f32",-1,475,-1,896,1,1,1,3584,1.078282,1,"clFinish_profiled"
"OpenCL","COMPUTE","l_out-13","ADD","f32",-1,476,-1,896,1,1,1,3584,0.393698,1,"clFinish_profiled"
"OpenCL","COMPUTE","node_480","MUL_MAT","f32",-1,479,-1,896,1,1,1,3584,0.586719,1,"clFinish_profiled"
"OpenCL","COMPUTE","Qcur-14","ADD","f32",-1,480,-1,896,1,1,1,3584,0.739687,1,"clFinish_profiled"
"OpenCL","COMPUTE","Qcur-14","ROPE","f32",-1,482,-1,64,14,1,1,3584,0.796875,1,"clFinish_profiled"
"OpenCL","COMPUTE","node_484","MUL_MAT","f32",-1,483,-1,128,1,1,1,512,0.473177,1,"clFinish_profiled"
"OpenCL","COMPUTE","Kcur-14","ADD","f32",-1,484,-1,128,1,1,1,512,0.394167,1,"clFinish_profiled"
"OpenCL","COMPUTE","Kcur-14","ROPE","f32",-1,486,-1,64,2,1,1,512,0.411146,1,"clFinish_profiled"
"OpenCL","COMPUTE","node_488","MUL_MAT","f32",-1,487,-1,128,1,1,1,512,0.427240,1,"clFinish_profiled"
"OpenCL","COMPUTE","Vcur-14","ADD","f32",-1,488,-1,128,1,1,1,512,0.390834,1,"clFinish_profiled"
"OpenCL","COMPUTE","cache_k_l14 (view)","SET_ROWS","f16",-1,491,-1,128,512,1,1,131072,0.462864,1,"clFinish_profiled"
"OpenCL","COMPUTE","cache_v_l14 (view)","SET_ROWS","f16",-1,493,-1,128,512,1,1,131072,0.596354,1,"clFinish_profiled"
"OpenCL","COMPUTE","__fattn__-14","FLASH_ATTN_EXT","f32",-1,500,-1,64,14,1,1,3584,1.250417,1,"clFinish_profiled"
"OpenCL","COMPUTE","node_503","MUL_MAT","f32",-1,502,-1,896,1,1,1,3584,0.936875,1,"clFinish_profiled"
"OpenCL","COMPUTE","ffn_inp-14","ADD","f32",-1,503,-1,896,1,1,1,3584,0.401719,1,"clFinish_profiled"
"OpenCL","COMPUTE","ffn_gate-14","MUL_MAT","f32",-1,506,-1,4864,1,1,1,19456,1.005312,1,"clFinish_profiled"
"OpenCL","COMPUTE","ffn_up-14","MUL_MAT","f32",-1,507,-1,4864,1,1,1,19456,0.960156,1,"clFinish_profiled"
"OpenCL","COMPUTE","ffn_swiglu-14","GLU","f32",-1,508,-1,4864,1,1,1,19456,0.401042,1,"clFinish_profiled"
"OpenCL","COMPUTE","ffn_out-14","MUL_MAT","f32",-1,509,-1,896,1,1,1,3584,1.049167,1,"clFinish_profiled"
"OpenCL","COMPUTE","l_out-14","ADD","f32",-1,510,-1,896,1,1,1,3584,0.363333,1,"clFinish_profiled"
"OpenCL","COMPUTE","node_514","MUL_MAT","f32",-1,513,-1,896,1,1,1,3584,0.541459,1,"clFinish_profiled"
"OpenCL","COMPUTE","Qcur-15","ADD","f32",-1,514,-1,896,1,1,1,3584,0.356719,1,"clFinish_profiled"
"OpenCL","COMPUTE","Qcur-15","ROPE","f32",-1,516,-1,64,14,1,1,3584,0.353489,1,"clFinish_profiled"
"OpenCL","COMPUTE","node_518","MUL_MAT","f32",-1,517,-1,128,1,1,1,512,0.387813,1,"clFinish_profiled"
"OpenCL","COMPUTE","Kcur-15","ADD","f32",-1,518,-1,128,1,1,1,512,0.349011,1,"clFinish_profiled"
"OpenCL","COMPUTE","Kcur-15","ROPE","f32",-1,520,-1,64,2,1,1,512,0.359010,1,"clFinish_profiled"
"OpenCL","COMPUTE","node_522","MUL_MAT","f32",-1,521,-1,128,1,1,1,512,0.516355,1,"clFinish_profiled"
"OpenCL","COMPUTE","Vcur-15","ADD","f32",-1,522,-1,128,1,1,1,512,0.417708,1,"clFinish_profiled"
"OpenCL","COMPUTE","cache_k_l15 (view)","SET_ROWS","f16",-1,525,-1,128,512,1,1,131072,0.399740,1,"clFinish_profiled"
"OpenCL","COMPUTE","cache_v_l15 (view)","SET_ROWS","f16",-1,527,-1,128,512,1,1,131072,0.420000,1,"clFinish_profiled"
"OpenCL","COMPUTE","__fattn__-15","FLASH_ATTN_EXT","f32",-1,534,-1,64,14,1,1,3584,0.810677,1,"clFinish_profiled"
"OpenCL","COMPUTE","node_537","MUL_MAT","f32",-1,536,-1,896,1,1,1,3584,0.542865,1,"clFinish_profiled"
"OpenCL","COMPUTE","ffn_inp-15","ADD","f32",-1,537,-1,896,1,1,1,3584,0.392188,1,"clFinish_profiled"
"OpenCL","COMPUTE","ffn_gate-15","MUL_MAT","f32",-1,540,-1,4864,1,1,1,19456,1.027448,1,"clFinish_profiled"
"OpenCL","COMPUTE","ffn_up-15","MUL_MAT","f32",-1,541,-1,4864,1,1,1,19456,0.980573,1,"clFinish_profiled"
"OpenCL","COMPUTE","ffn_swiglu-15","GLU","f32",-1,542,-1,4864,1,1,1,19456,0.593854,1,"clFinish_profiled"
"OpenCL","COMPUTE","ffn_out-15","MUL_MAT","f32",-1,543,-1,896,1,1,1,3584,1.710937,1,"clFinish_profiled"
"OpenCL","COMPUTE","l_out-15","ADD","f32",-1,544,-1,896,1,1,1,3584,1.038282,1,"clFinish_profiled"
"OpenCL","COMPUTE","node_548","MUL_MAT","f32",-1,547,-1,896,1,1,1,3584,0.672552,1,"clFinish_profiled"
"OpenCL","COMPUTE","Qcur-16","ADD","f32",-1,548,-1,896,1,1,1,3584,0.402657,1,"clFinish_profiled"
"OpenCL","COMPUTE","Qcur-16","ROPE","f32",-1,550,-1,64,14,1,1,3584,0.411823,1,"clFinish_profiled"
"OpenCL","COMPUTE","node_552","MUL_MAT","f32",-1,551,-1,128,1,1,1,512,0.435261,1,"clFinish_profiled"
"OpenCL","COMPUTE","Kcur-16","ADD","f32",-1,552,-1,128,1,1,1,512,0.392657,1,"clFinish_profiled"
"OpenCL","COMPUTE","Kcur-16","ROPE","f32",-1,554,-1,64,2,1,1,512,0.398646,1,"clFinish_profiled"
"OpenCL","COMPUTE","node_556","MUL_MAT","f32",-1,555,-1,128,1,1,1,512,0.433593,1,"clFinish_profiled"
"OpenCL","COMPUTE","Vcur-16","ADD","f32",-1,556,-1,128,1,1,1,512,0.393958,1,"clFinish_profiled"
"OpenCL","COMPUTE","cache_k_l16 (view)","SET_ROWS","f16",-1,559,-1,128,512,1,1,131072,0.464792,1,"clFinish_profiled"
"OpenCL","COMPUTE","cache_v_l16 (view)","SET_ROWS","f16",-1,561,-1,128,512,1,1,131072,0.814375,1,"clFinish_profiled"
"OpenCL","COMPUTE","__fattn__-16","FLASH_ATTN_EXT","f32",-1,568,-1,64,14,1,1,3584,0.845885,1,"clFinish_profiled"
"OpenCL","COMPUTE","node_571","MUL_MAT","f32",-1,570,-1,896,1,1,1,3584,0.570208,1,"clFinish_profiled"
"OpenCL","COMPUTE","ffn_inp-16","ADD","f32",-1,571,-1,896,1,1,1,3584,0.396979,1,"clFinish_profiled"
"OpenCL","COMPUTE","ffn_gate-16","MUL_MAT","f32",-1,574,-1,4864,1,1,1,19456,1.023959,1,"clFinish_profiled"
"OpenCL","COMPUTE","ffn_up-16","MUL_MAT","f32",-1,575,-1,4864,1,1,1,19456,1.205261,1,"clFinish_profiled"
"OpenCL","COMPUTE","ffn_swiglu-16","GLU","f32",-1,576,-1,4864,1,1,1,19456,0.807604,1,"clFinish_profiled"
"OpenCL","COMPUTE","ffn_out-16","MUL_MAT","f32",-1,577,-1,896,1,1,1,3584,1.319687,1,"clFinish_profiled"
"OpenCL","COMPUTE","l_out-16","ADD","f32",-1,578,-1,896,1,1,1,3584,0.779896,1,"clFinish_profiled"
"OpenCL","COMPUTE","node_582","MUL_MAT","f32",-1,581,-1,896,1,1,1,3584,0.650573,1,"clFinish_profiled"
"OpenCL","COMPUTE","Qcur-17","ADD","f32",-1,582,-1,896,1,1,1,3584,0.455886,1,"clFinish_profiled"
"OpenCL","COMPUTE","Qcur-17","ROPE","f32",-1,584,-1,64,14,1,1,3584,0.406042,1,"clFinish_profiled"
"OpenCL","COMPUTE","node_586","MUL_MAT","f32",-1,585,-1,128,1,1,1,512,0.432968,1,"clFinish_profiled"
"OpenCL","COMPUTE","Kcur-17","ADD","f32",-1,586,-1,128,1,1,1,512,0.385209,1,"clFinish_profiled"
"OpenCL","COMPUTE","Kcur-17","ROPE","f32",-1,588,-1,64,2,1,1,512,0.450000,1,"clFinish_profiled"
"OpenCL","COMPUTE","node_590","MUL_MAT","f32",-1,589,-1,128,1,1,1,512,0.426979,1,"clFinish_profiled"
"OpenCL","COMPUTE","Vcur-17","ADD","f32",-1,590,-1,128,1,1,1,512,0.390521,1,"clFinish_profiled"
"OpenCL","COMPUTE","cache_k_l17 (view)","SET_ROWS","f16",-1,593,-1,128,512,1,1,131072,0.395104,1,"clFinish_profiled"
"OpenCL","COMPUTE","cache_v_l17 (view)","SET_ROWS","f16",-1,595,-1,128,512,1,1,131072,0.412552,1,"clFinish_profiled"
"OpenCL","COMPUTE","__fattn__-17","FLASH_ATTN_EXT","f32",-1,602,-1,64,14,1,1,3584,0.783438,1,"clFinish_profiled"
"OpenCL","COMPUTE","node_605","MUL_MAT","f32",-1,604,-1,896,1,1,1,3584,0.556875,1,"clFinish_profiled"
"OpenCL","COMPUTE","ffn_inp-17","ADD","f32",-1,605,-1,896,1,1,1,3584,0.401718,1,"clFinish_profiled"
"OpenCL","COMPUTE","ffn_gate-17","MUL_MAT","f32",-1,608,-1,4864,1,1,1,19456,1.512812,1,"clFinish_profiled"
"OpenCL","COMPUTE","ffn_up-17","MUL_MAT","f32",-1,609,-1,4864,1,1,1,19456,1.057343,1,"clFinish_profiled"
"OpenCL","COMPUTE","ffn_swiglu-17","GLU","f32",-1,610,-1,4864,1,1,1,19456,0.425938,1,"clFinish_profiled"
"OpenCL","COMPUTE","ffn_out-17","MUL_MAT","f32",-1,611,-1,896,1,1,1,3584,1.055834,1,"clFinish_profiled"
"OpenCL","COMPUTE","l_out-17","ADD","f32",-1,612,-1,896,1,1,1,3584,0.439531,1,"clFinish_profiled"
"OpenCL","COMPUTE","node_616","MUL_MAT","f32",-1,615,-1,896,1,1,1,3584,0.598750,1,"clFinish_profiled"
"OpenCL","COMPUTE","Qcur-18","ADD","f32",-1,616,-1,896,1,1,1,3584,0.401041,1,"clFinish_profiled"
"OpenCL","COMPUTE","Qcur-18","ROPE","f32",-1,618,-1,64,14,1,1,3584,0.413646,1,"clFinish_profiled"
"OpenCL","COMPUTE","node_620","MUL_MAT","f32",-1,619,-1,128,1,1,1,512,0.488438,1,"clFinish_profiled"
"OpenCL","COMPUTE","Kcur-18","ADD","f32",-1,620,-1,128,1,1,1,512,0.395261,1,"clFinish_profiled"
"OpenCL","COMPUTE","Kcur-18","ROPE","f32",-1,622,-1,64,2,1,1,512,0.398125,1,"clFinish_profiled"
"OpenCL","COMPUTE","node_624","MUL_MAT","f32",-1,623,-1,128,1,1,1,512,0.432865,1,"clFinish_profiled"
"OpenCL","COMPUTE","Vcur-18","ADD","f32",-1,624,-1,128,1,1,1,512,0.390469,1,"clFinish_profiled"
"OpenCL","COMPUTE","cache_k_l18 (view)","SET_ROWS","f16",-1,627,-1,128,512,1,1,131072,0.387031,1,"clFinish_profiled"
"OpenCL","COMPUTE","cache_v_l18 (view)","SET_ROWS","f16",-1,629,-1,128,512,1,1,131072,0.391146,1,"clFinish_profiled"
"OpenCL","COMPUTE","__fattn__-18","FLASH_ATTN_EXT","f32",-1,636,-1,64,14,1,1,3584,0.782240,1,"clFinish_profiled"
"OpenCL","COMPUTE","node_639","MUL_MAT","f32",-1,638,-1,896,1,1,1,3584,0.535052,1,"clFinish_profiled"
"OpenCL","COMPUTE","ffn_inp-18","ADD","f32",-1,639,-1,896,1,1,1,3584,0.421354,1,"clFinish_profiled"
"OpenCL","COMPUTE","ffn_gate-18","MUL_MAT","f32",-1,642,-1,4864,1,1,1,19456,1.260729,1,"clFinish_profiled"
"OpenCL","COMPUTE","ffn_up-18","MUL_MAT","f32",-1,643,-1,4864,1,1,1,19456,1.692761,1,"clFinish_profiled"
"OpenCL","COMPUTE","ffn_swiglu-18","GLU","f32",-1,644,-1,4864,1,1,1,19456,0.819636,1,"clFinish_profiled"
"OpenCL","COMPUTE","ffn_out-18","MUL_MAT","f32",-1,645,-1,896,1,1,1,3584,1.285885,1,"clFinish_profiled"
"OpenCL","COMPUTE","l_out-18","ADD","f32",-1,646,-1,896,1,1,1,3584,0.775730,1,"clFinish_profiled"
"OpenCL","COMPUTE","node_650","MUL_MAT","f32",-1,649,-1,896,1,1,1,3584,0.648229,1,"clFinish_profiled"
"OpenCL","COMPUTE","Qcur-19","ADD","f32",-1,650,-1,896,1,1,1,3584,0.405678,1,"clFinish_profiled"
"OpenCL","COMPUTE","Qcur-19","ROPE","f32",-1,652,-1,64,14,1,1,3584,0.404270,1,"clFinish_profiled"
"OpenCL","COMPUTE","node_654","MUL_MAT","f32",-1,653,-1,128,1,1,1,512,0.496562,1,"clFinish_profiled"
"OpenCL","COMPUTE","Kcur-19","ADD","f32",-1,654,-1,128,1,1,1,512,0.835573,1,"clFinish_profiled"
"OpenCL","COMPUTE","Kcur-19","ROPE","f32",-1,656,-1,64,2,1,1,512,0.848906,1,"clFinish_profiled"
"OpenCL","COMPUTE","node_658","MUL_MAT","f32",-1,657,-1,128,1,1,1,512,0.843698,1,"clFinish_profiled"
"OpenCL","COMPUTE","Vcur-19","ADD","f32",-1,658,-1,128,1,1,1,512,0.493125,1,"clFinish_profiled"
"OpenCL","COMPUTE","cache_k_l19 (view)","SET_ROWS","f16",-1,661,-1,128,512,1,1,131072,0.416198,1,"clFinish_profiled"
"OpenCL","COMPUTE","cache_v_l19 (view)","SET_ROWS","f16",-1,663,-1,128,512,1,1,131072,0.426198,1,"clFinish_profiled"
"OpenCL","COMPUTE","__fattn__-19","FLASH_ATTN_EXT","f32",-1,670,-1,64,14,1,1,3584,0.879323,1,"clFinish_profiled"
"OpenCL","COMPUTE","node_673","MUL_MAT","f32",-1,672,-1,896,1,1,1,3584,0.552292,1,"clFinish_profiled"
"OpenCL","COMPUTE","ffn_inp-19","ADD","f32",-1,673,-1,896,1,1,1,3584,0.400000,1,"clFinish_profiled"
"OpenCL","COMPUTE","ffn_gate-19","MUL_MAT","f32",-1,676,-1,4864,1,1,1,19456,1.034531,1,"clFinish_profiled"
"OpenCL","COMPUTE","ffn_up-19","MUL_MAT","f32",-1,677,-1,4864,1,1,1,19456,0.993646,1,"clFinish_profiled"
"OpenCL","COMPUTE","ffn_swiglu-19","GLU","f32",-1,678,-1,4864,1,1,1,19456,0.421615,1,"clFinish_profiled"
"OpenCL","COMPUTE","ffn_out-19","MUL_MAT","f32",-1,679,-1,896,1,1,1,3584,1.093906,1,"clFinish_profiled"
"OpenCL","COMPUTE","l_out-19","ADD","f32",-1,680,-1,896,1,1,1,3584,0.388854,1,"clFinish_profiled"
"OpenCL","COMPUTE","node_684","MUL_MAT","f32",-1,683,-1,896,1,1,1,3584,0.572864,1,"clFinish_profiled"
"OpenCL","COMPUTE","Qcur-20","ADD","f32",-1,684,-1,896,1,1,1,3584,0.400156,1,"clFinish_profiled"
"OpenCL","COMPUTE","Qcur-20","ROPE","f32",-1,686,-1,64,14,1,1,3584,0.394948,1,"clFinish_profiled"
"OpenCL","COMPUTE","node_688","MUL_MAT","f32",-1,687,-1,128,1,1,1,512,0.430000,1,"clFinish_profiled"
"OpenCL","COMPUTE","Kcur-20","ADD","f32",-1,688,-1,128,1,1,1,512,0.397969,1,"clFinish_profiled"
"OpenCL","COMPUTE","Kcur-20","ROPE","f32",-1,690,-1,64,2,1,1,512,0.398073,1,"clFinish_profiled"
"OpenCL","COMPUTE","node_692","MUL_MAT","f32",-1,691,-1,128,1,1,1,512,0.490416,1,"clFinish_profiled"
"OpenCL","COMPUTE","Vcur-20","ADD","f32",-1,692,-1,128,1,1,1,512,0.402292,1,"clFinish_profiled"
"OpenCL","COMPUTE","cache_k_l20 (view)","SET_ROWS","f16",-1,695,-1,128,512,1,1,131072,0.385885,1,"clFinish_profiled"
"OpenCL","COMPUTE","cache_v_l20 (view)","SET_ROWS","f16",-1,697,-1,128,512,1,1,131072,0.393333,1,"clFinish_profiled"
"OpenCL","COMPUTE","__fattn__-20","FLASH_ATTN_EXT","f32",-1,704,-1,64,14,1,1,3584,0.784843,1,"clFinish_profiled"
"OpenCL","COMPUTE","node_707","MUL_MAT","f32",-1,706,-1,896,1,1,1,3584,0.799114,1,"clFinish_profiled"
"OpenCL","COMPUTE","ffn_inp-20","ADD","f32",-1,707,-1,896,1,1,1,3584,0.793750,1,"clFinish_profiled"
"OpenCL","COMPUTE","ffn_gate-20","MUL_MAT","f32",-1,710,-1,4864,1,1,1,19456,1.281041,1,"clFinish_profiled"
"OpenCL","COMPUTE","ffn_up-20","MUL_MAT","f32",-1,711,-1,4864,1,1,1,19456,1.766146,1,"clFinish_profiled"
"OpenCL","COMPUTE","ffn_swiglu-20","GLU","f32",-1,712,-1,4864,1,1,1,19456,0.831250,1,"clFinish_profiled"
"OpenCL","COMPUTE","ffn_out-20","MUL_MAT","f32",-1,713,-1,896,1,1,1,3584,1.316979,1,"clFinish_profiled"
"OpenCL","COMPUTE","l_out-20","ADD","f32",-1,714,-1,896,1,1,1,3584,0.827395,1,"clFinish_profiled"
"OpenCL","COMPUTE","node_718","MUL_MAT","f32",-1,717,-1,896,1,1,1,3584,0.674844,1,"clFinish_profiled"
"OpenCL","COMPUTE","Qcur-21","ADD","f32",-1,718,-1,896,1,1,1,3584,0.423750,1,"clFinish_profiled"
"OpenCL","COMPUTE","Qcur-21","ROPE","f32",-1,720,-1,64,14,1,1,3584,0.416667,1,"clFinish_profiled"
"OpenCL","COMPUTE","node_722","MUL_MAT","f32",-1,721,-1,128,1,1,1,512,0.437709,1,"clFinish_profiled"
"OpenCL","COMPUTE","Kcur-21","ADD","f32",-1,722,-1,128,1,1,1,512,0.397709,1,"clFinish_profiled"
"OpenCL","COMPUTE","Kcur-21","ROPE","f32",-1,724,-1,64,2,1,1,512,0.453385,1,"clFinish_profiled"
"OpenCL","COMPUTE","node_726","MUL_MAT","f32",-1,725,-1,128,1,1,1,512,0.434687,1,"clFinish_profiled"
"OpenCL","COMPUTE","Vcur-21","ADD","f32",-1,726,-1,128,1,1,1,512,0.389323,1,"clFinish_profiled"
"OpenCL","COMPUTE","cache_k_l21 (view)","SET_ROWS","f16",-1,729,-1,128,512,1,1,131072,0.391979,1,"clFinish_profiled"
"OpenCL","COMPUTE","cache_v_l21 (view)","SET_ROWS","f16",-1,731,-1,128,512,1,1,131072,0.382396,1,"clFinish_profiled"
"OpenCL","COMPUTE","__fattn__-21","FLASH_ATTN_EXT","f32",-1,738,-1,64,14,1,1,3584,0.867136,1,"clFinish_profiled"
"OpenCL","COMPUTE","node_741","MUL_MAT","f32",-1,740,-1,896,1,1,1,3584,0.554740,1,"clFinish_profiled"
"OpenCL","COMPUTE","ffn_inp-21","ADD","f32",-1,741,-1,896,1,1,1,3584,0.397708,1,"clFinish_profiled"
"OpenCL","COMPUTE","ffn_gate-21","MUL_MAT","f32",-1,744,-1,4864,1,1,1,19456,1.040261,1,"clFinish_profiled"
"OpenCL","COMPUTE","ffn_up-21","MUL_MAT","f32",-1,745,-1,4864,1,1,1,19456,0.985469,1,"clFinish_profiled"
"OpenCL","COMPUTE","ffn_swiglu-21","GLU","f32",-1,746,-1,4864,1,1,1,19456,0.424062,1,"clFinish_profiled"
"OpenCL","COMPUTE","ffn_out-21","MUL_MAT","f32",-1,747,-1,896,1,1,1,3584,1.073698,1,"clFinish_profiled"
"OpenCL","COMPUTE","l_out-21","ADD","f32",-1,748,-1,896,1,1,1,3584,0.389636,1,"clFinish_profiled"
"OpenCL","COMPUTE","node_752","MUL_MAT","f32",-1,751,-1,896,1,1,1,3584,0.604167,1,"clFinish_profiled"
"OpenCL","COMPUTE","Qcur-22","ADD","f32",-1,752,-1,896,1,1,1,3584,0.395573,1,"clFinish_profiled"
"OpenCL","COMPUTE","Qcur-22","ROPE","f32",-1,754,-1,64,14,1,1,3584,0.391511,1,"clFinish_profiled"
"OpenCL","COMPUTE","node_756","MUL_MAT","f32",-1,755,-1,128,1,1,1,512,0.428907,1,"clFinish_profiled"
"OpenCL","COMPUTE","Kcur-22","ADD","f32",-1,756,-1,128,1,1,1,512,0.389167,1,"clFinish_profiled"
"OpenCL","COMPUTE","Kcur-22","ROPE","f32",-1,758,-1,64,2,1,1,512,0.392032,1,"clFinish_profiled"
"OpenCL","COMPUTE","node_760","MUL_MAT","f32",-1,759,-1,128,1,1,1,512,0.418020,1,"clFinish_profiled"
"OpenCL","COMPUTE","Vcur-22","ADD","f32",-1,760,-1,128,1,1,1,512,0.369010,1,"clFinish_profiled"
"OpenCL","COMPUTE","cache_k_l22 (view)","SET_ROWS","f16",-1,763,-1,128,512,1,1,131072,0.371198,1,"clFinish_profiled"
"OpenCL","COMPUTE","cache_v_l22 (view)","SET_ROWS","f16",-1,765,-1,128,512,1,1,131072,0.371719,1,"clFinish_profiled"
"OpenCL","COMPUTE","__fattn__-22","FLASH_ATTN_EXT","f32",-1,772,-1,64,14,1,1,3584,0.793073,1,"clFinish_profiled"
"OpenCL","COMPUTE","node_775","MUL_MAT","f32",-1,774,-1,896,1,1,1,3584,0.523490,1,"clFinish_profiled"
"OpenCL","COMPUTE","ffn_inp-22","ADD","f32",-1,775,-1,896,1,1,1,3584,0.377187,1,"clFinish_profiled"
"OpenCL","COMPUTE","ffn_gate-22","MUL_MAT","f32",-1,778,-1,4864,1,1,1,19456,1.047657,1,"clFinish_profiled"
"OpenCL","COMPUTE","ffn_up-22","MUL_MAT","f32",-1,779,-1,4864,1,1,1,19456,0.986563,1,"clFinish_profiled"
"OpenCL","COMPUTE","ffn_swiglu-22","GLU","f32",-1,780,-1,4864,1,1,1,19456,0.408855,1,"clFinish_profiled"
"OpenCL","COMPUTE","ffn_out-22","MUL_MAT","f32",-1,781,-1,896,1,1,1,3584,1.081719,1,"clFinish_profiled"
"OpenCL","COMPUTE","l_out-22","ADD","f32",-1,782,-1,896,1,1,1,3584,0.406823,1,"clFinish_profiled"
"OpenCL","COMPUTE","node_786","MUL_MAT","f32",-1,785,-1,896,1,1,1,3584,0.568177,1,"clFinish_profiled"
"OpenCL","COMPUTE","Qcur-23","ADD","f32",-1,786,-1,896,1,1,1,3584,0.390469,1,"clFinish_profiled"
"OpenCL","COMPUTE","Qcur-23","ROPE","f32",-1,788,-1,64,14,1,1,3584,0.392812,1,"clFinish_profiled"
"OpenCL","COMPUTE","node_790","MUL_MAT","f32",-1,789,-1,128,1,1,1,512,0.428386,1,"clFinish_profiled"
"OpenCL","COMPUTE","Kcur-23","ADD","f32",-1,790,-1,128,1,1,1,512,0.394479,1,"clFinish_profiled"
"OpenCL","COMPUTE","Kcur-23","ROPE","f32",-1,792,-1,64,2,1,1,512,0.396719,1,"clFinish_profiled"
"OpenCL","COMPUTE","node_794","MUL_MAT","f32",-1,793,-1,128,1,1,1,512,0.446771,1,"clFinish_profiled"
"OpenCL","COMPUTE","Vcur-23","ADD","f32",-1,794,-1,128,1,1,1,512,0.387813,1,"clFinish_profiled"
"OpenCL","COMPUTE","cache_k_l23 (view)","SET_ROWS","f16",-1,797,-1,128,512,1,1,131072,0.385052,1,"clFinish_profiled"
"OpenCL","COMPUTE","cache_v_l23 (view)","SET_ROWS","f16",-1,799,-1,128,512,1,1,131072,0.389323,1,"clFinish_profiled"
"OpenCL","COMPUTE","__fattn__-23","FLASH_ATTN_EXT","f32",-1,806,-1,64,14,1,1,3584,0.781563,1,"clFinish_profiled"
"OpenCL","COMPUTE","node_809","MUL_MAT","f32",-1,808,-1,896,1,1,1,3584,0.541667,1,"clFinish_profiled"
"OpenCL","COMPUTE","node_810","GET_ROWS","f32",-1,809,-1,896,1,1,1,3584,0.407656,1,"clFinish_profiled"
"OpenCL","COMPUTE","node_811","GET_ROWS","f32",-1,810,-1,896,1,1,1,3584,0.401771,1,"clFinish_profiled"
"OpenCL","COMPUTE","ffn_inp-23","ADD","f32",-1,811,-1,896,1,1,1,3584,0.388542,1,"clFinish_profiled"
"OpenCL","COMPUTE","ffn_gate-23","MUL_MAT","f32",-1,814,-1,4864,1,1,1,19456,1.015521,1,"clFinish_profiled"
"OpenCL","COMPUTE","ffn_up-23","MUL_MAT","f32",-1,815,-1,4864,1,1,1,19456,0.998802,1,"clFinish_profiled"
"OpenCL","COMPUTE","ffn_swiglu-23","GLU","f32",-1,816,-1,4864,1,1,1,19456,0.397657,1,"clFinish_profiled"
"OpenCL","COMPUTE","ffn_out-23","MUL_MAT","f32",-1,817,-1,896,1,1,1,3584,1.024792,1,"clFinish_profiled"
"OpenCL","COMPUTE","l_out-23","ADD","f32",-1,818,-1,896,1,1,1,3584,0.368646,1,"clFinish_profiled"
"OpenCL","COMPUTE","result_output","MUL_MAT","f32",-1,821,-1,151936,1,1,1,607744,18.745156,1,"clFinish_profiled"
"CPU_Elastic","COMPUTE_GRAPH","ggml_cgraph","GRAPH","",-1,1,-1,0,0,0,0,0,0.092656,1,"delegate_cpu_graph"
"OpenCL","COMPUTE","node_3","MUL_MAT","f32",-1,2,-1,896,1,1,1,3584,1.177500,1,"clFinish_profiled"
"OpenCL","COMPUTE","Qcur-0","ADD","f32",-1,3,-1,896,1,1,1,3584,0.897292,1,"clFinish_profiled"
"OpenCL","COMPUTE","Qcur-0","ROPE","f32",-1,5,-1,64,14,1,1,3584,0.888438,1,"clFinish_profiled"
"OpenCL","COMPUTE","node_7","MUL_MAT","f32",-1,6,-1,128,1,1,1,512,0.568229,1,"clFinish_profiled"
"OpenCL","COMPUTE","Kcur-0","ADD","f32",-1,7,-1,128,1,1,1,512,0.920260,1,"clFinish_profiled"
"OpenCL","COMPUTE","Kcur-0","ROPE","f32",-1,9,-1,64,2,1,1,512,0.541771,1,"clFinish_profiled"
"OpenCL","COMPUTE","node_11","MUL_MAT","f32",-1,10,-1,128,1,1,1,512,0.996198,1,"clFinish_profiled"
"OpenCL","COMPUTE","Vcur-0","ADD","f32",-1,11,-1,128,1,1,1,512,0.539844,1,"clFinish_profiled"
"OpenCL","COMPUTE","cache_k_l0 (view)","SET_ROWS","f16",-1,14,-1,128,512,1,1,131072,1.144687,1,"clFinish_profiled"
"OpenCL","COMPUTE","cache_v_l0 (view)","SET_ROWS","f16",-1,16,-1,128,512,1,1,131072,0.867917,1,"clFinish_profiled"
"OpenCL","COMPUTE"," (copy)","CPY","f16",-1,23,-1,256,64,1,1,32768,0.802552,1,"clFinish_profiled"
"OpenCL","COMPUTE","__fattn__-0","FLASH_ATTN_EXT","f32",-1,24,-1,64,14,1,1,3584,0.827917,1,"clFinish_profiled"
"OpenCL","COMPUTE","node_27","MUL_MAT","f32",-1,26,-1,896,1,1,1,3584,0.550469,1,"clFinish_profiled"
"OpenCL","COMPUTE","ffn_inp-0","ADD","f32",-1,27,-1,896,1,1,1,3584,0.400573,1,"clFinish_profiled"
"OpenCL","COMPUTE","ffn_gate-0","MUL_MAT","f32",-1,30,-1,4864,1,1,1,19456,1.018438,1,"clFinish_profiled"
"OpenCL","COMPUTE","ffn_up-0","MUL_MAT","f32",-1,31,-1,4864,1,1,1,19456,0.986354,1,"clFinish_profiled"
"OpenCL","COMPUTE","ffn_swiglu-0","GLU","f32",-1,32,-1,4864,1,1,1,19456,0.411979,1,"clFinish_profiled"
"OpenCL","COMPUTE","ffn_out-0","MUL_MAT","f32",-1,33,-1,896,1,1,1,3584,1.075989,1,"clFinish_profiled"
"OpenCL","COMPUTE","l_out-0","ADD","f32",-1,34,-1,896,1,1,1,3584,0.490729,1,"clFinish_profiled"
"OpenCL","COMPUTE","node_38","MUL_MAT","f32",-1,37,-1,896,1,1,1,3584,1.014583,1,"clFinish_profiled"
"OpenCL","COMPUTE","Qcur-1","ADD","f32",-1,38,-1,896,1,1,1,3584,0.503698,1,"clFinish_profiled"
"OpenCL","COMPUTE","Qcur-1","ROPE","f32",-1,40,-1,64,14,1,1,3584,0.422448,1,"clFinish_profiled"
"OpenCL","COMPUTE","node_42","MUL_MAT","f32",-1,41,-1,128,1,1,1,512,0.445104,1,"clFinish_profiled"
"OpenCL","COMPUTE","Kcur-1","ADD","f32",-1,42,-1,128,1,1,1,512,0.405625,1,"clFinish_profiled"
"OpenCL","COMPUTE","Kcur-1","ROPE","f32",-1,44,-1,64,2,1,1,512,0.399532,1,"clFinish_profiled"
"OpenCL","COMPUTE","node_46","MUL_MAT","f32",-1,45,-1,128,1,1,1,512,0.429948,1,"clFinish_profiled"
"OpenCL","COMPUTE","Vcur-1","ADD","f32",-1,46,-1,128,1,1,1,512,0.388073,1,"clFinish_profiled"
"OpenCL","COMPUTE","cache_k_l1 (view)","SET_ROWS","f16",-1,49,-1,128,512,1,1,131072,0.386563,1,"clFinish_profiled"
"OpenCL","COMPUTE","cache_v_l1 (view)","SET_ROWS","f16",-1,51,-1,128,512,1,1,131072,0.390104,1,"clFinish_profiled"
"OpenCL","COMPUTE","__fattn__-1","FLASH_ATTN_EXT","f32",-1,58,-1,64,14,1,1,3584,0.780625,1,"clFinish_profiled"
"OpenCL","COMPUTE","node_61","MUL_MAT","f32",-1,60,-1,896,1,1,1,3584,1.047604,1,"clFinish_profiled"
"OpenCL","COMPUTE","ffn_inp-1","ADD","f32",-1,61,-1,896,1,1,1,3584,0.416042,1,"clFinish_profiled"
"OpenCL","COMPUTE","ffn_gate-1","MUL_MAT","f32",-1,64,-1,4864,1,1,1,19456,1.119010,1,"clFinish_profiled"
"OpenCL","COMPUTE","ffn_up-1","MUL_MAT","f32",-1,65,-1,4864,1,1,1,19456,1.025625,1,"clFinish_profiled"
"OpenCL","COMPUTE","ffn_swiglu-1","GLU","f32",-1,66,-1,4864,1,1,1,19456,0.459270,1,"clFinish_profiled"
"OpenCL","COMPUTE","ffn_out-1","MUL_MAT","f32",-1,67,-1,896,1,1,1,3584,1.078021,1,"clFinish_profiled"
"OpenCL","COMPUTE","l_out-1","ADD","f32",-1,68,-1,896,1,1,1,3584,0.393750,1,"clFinish_profiled"
"OpenCL","COMPUTE","node_72","MUL_MAT","f32",-1,71,-1,896,1,1,1,3584,0.577240,1,"clFinish_profiled"
"OpenCL","COMPUTE","Qcur-2","ADD","f32",-1,72,-1,896,1,1,1,3584,0.406094,1,"clFinish_profiled"
"OpenCL","COMPUTE","Qcur-2","ROPE","f32",-1,74,-1,64,14,1,1,3584,0.402761,1,"clFinish_profiled"
"OpenCL","COMPUTE","node_76","MUL_MAT","f32",-1,75,-1,128,1,1,1,512,0.438542,1,"clFinish_profiled"
"OpenCL","COMPUTE","Kcur-2","ADD","f32",-1,76,-1,128,1,1,1,512,0.386615,1,"clFinish_profiled"
"OpenCL","COMPUTE","Kcur-2","ROPE","f32",-1,78,-1,64,2,1,1,512,0.407656,1,"clFinish_profiled"
"OpenCL","COMPUTE","node_80","MUL_MAT","f32",-1,79,-1,128,1,1,1,512,0.438437,1,"clFinish_profiled"
"OpenCL","COMPUTE","Vcur-2","ADD","f32",-1,80,-1,128,1,1,1,512,0.401042,1,"clFinish_profiled"
"OpenCL","COMPUTE","cache_k_l2 (view)","SET_ROWS","f16",-1,83,-1,128,512,1,1,131072,0.389479,1,"clFinish_profiled"
"OpenCL","COMPUTE","cache_v_l2 (view)","SET_ROWS","f16",-1,85,-1,128,512,1,1,131072,0.459427,1,"clFinish_profiled"
"OpenCL","COMPUTE","__fattn__-2","FLASH_ATTN_EXT","f32",-1,92,-1,64,14,1,1,3584,1.318855,1,"clFinish_profiled"
"OpenCL","COMPUTE","node_95","MUL_MAT","f32",-1,94,-1,896,1,1,1,3584,0.556041,1,"clFinish_profiled"
"OpenCL","COMPUTE","ffn_inp-2","ADD","f32",-1,95,-1,896,1,1,1,3584,0.419895,1,"clFinish_profiled"
"OpenCL","COMPUTE","ffn_gate-2","MUL_MAT","f32",-1,98,-1,4864,1,1,1,19456,1.055313,1,"clFinish_profiled"
"OpenCL","COMPUTE","ffn_up-2","MUL_MAT","f32",-1,99,-1,4864,1,1,1,19456,1.003073,1,"clFinish_profiled"
"OpenCL","COMPUTE","ffn_swiglu-2","GLU","f32",-1,100,-1,4864,1,1,1,19456,0.423646,1,"clFinish_profiled"
"OpenCL","COMPUTE","ffn_out-2","MUL_MAT","f32",-1,101,-1,896,1,1,1,3584,1.053854,1,"clFinish_profiled"
"OpenCL","COMPUTE","l_out-2","ADD","f32",-1,102,-1,896,1,1,1,3584,0.398854,1,"clFinish_profiled"
"OpenCL","COMPUTE","node_106","MUL_MAT","f32",-1,105,-1,896,1,1,1,3584,0.633698,1,"clFinish_profiled"
"OpenCL","COMPUTE","Qcur-3","ADD","f32",-1,106,-1,896,1,1,1,3584,0.464740,1,"clFinish_profiled"
"OpenCL","COMPUTE","Qcur-3","ROPE","f32",-1,108,-1,64,14,1,1,3584,0.411666,1,"clFinish_profiled"
"OpenCL","COMPUTE","node_110","MUL_MAT","f32",-1,109,-1,128,1,1,1,512,1.067917,1,"clFinish_profiled"
"OpenCL","COMPUTE","Kcur-3","ADD","f32",-1,110,-1,128,1,1,1,512,0.423177,1,"clFinish_profiled"
"OpenCL","COMPUTE","Kcur-3","ROPE","f32",-1,112,-1,64,2,1,1,512,0.402031,1,"clFinish_profiled"
"OpenCL","COMPUTE","node_114","MUL_MAT","f32",-1,113,-1,128,1,1,1,512,0.450989,1,"clFinish_profiled"
"OpenCL","COMPUTE","Vcur-3","ADD","f32",-1,114,-1,128,1,1,1,512,0.382605,1,"clFinish_profiled"
"OpenCL","COMPUTE","cache_k_l3 (view)","SET_ROWS","f16",-1,117,-1,128,512,1,1,131072,0.495521,1,"clFinish_profiled"
"OpenCL","COMPUTE","cache_v_l3 (view)","SET_ROWS","f16",-1,119,-1,128,512,1,1,131072,0.833646,1,"clFinish_profiled"
"OpenCL","COMPUTE","__fattn__-3","FLASH_ATTN_EXT","f32",-1,126,-1,64,14,1,1,3584,0.816875,1,"clFinish_profiled"
"OpenCL","COMPUTE","node_129","MUL_MAT","f32",-1,128,-1,896,1,1,1,3584,0.551822,1,"clFinish_profiled"
"OpenCL","COMPUTE","ffn_inp-3","ADD","f32",-1,129,-1,896,1,1,1,3584,0.394323,1,"clFinish_profiled"
"OpenCL","COMPUTE","ffn_gate-3","MUL_MAT","f32",-1,132,-1,4864,1,1,1,19456,1.245990,1,"clFinish_profiled"
"OpenCL","COMPUTE","ffn_up-3","MUL_MAT","f32",-1,133,-1,4864,1,1,1,19456,1.667083,1,"clFinish_profiled"
"OpenCL","COMPUTE","ffn_swiglu-3","GLU","f32",-1,134,-1,4864,1,1,1,19456,0.819063,1,"clFinish_profiled"
"OpenCL","COMPUTE","ffn_out-3","MUL_MAT","f32",-1,135,-1,896,1,1,1,3584,1.128750,1,"clFinish_profiled"
"OpenCL","COMPUTE","l_out-3","ADD","f32",-1,136,-1,896,1,1,1,3584,0.403698,1,"clFinish_profiled"
"OpenCL","COMPUTE","node_140","MUL_MAT","f32",-1,139,-1,896,1,1,1,3584,0.564323,1,"clFinish_profiled"
"OpenCL","COMPUTE","Qcur-4","ADD","f32",-1,140,-1,896,1,1,1,3584,0.408542,1,"clFinish_profiled"
"OpenCL","COMPUTE","Qcur-4","ROPE","f32",-1,142,-1,64,14,1,1,3584,0.398541,1,"clFinish_profiled"
"OpenCL","COMPUTE","node_144","MUL_MAT","f32",-1,143,-1,128,1,1,1,512,0.426823,1,"clFinish_profiled"
"OpenCL","COMPUTE","Kcur-4","ADD","f32",-1,144,-1,128,1,1,1,512,0.386510,1,"clFinish_profiled"
"OpenCL","COMPUTE","Kcur-4","ROPE","f32",-1,146,-1,64,2,1,1,512,0.483177,1,"clFinish_profiled"
"OpenCL","COMPUTE","node_148","MUL_MAT","f32",-1,147,-1,128,1,1,1,512,0.915938,1,"clFinish_profiled"
"OpenCL","COMPUTE","Vcur-4","ADD","f32",-1,148,-1,128,1,1,1,512,0.487708,1,"clFinish_profiled"
"OpenCL","COMPUTE","cache_k_l4 (view)","SET_ROWS","f16",-1,151,-1,128,512,1,1,131072,0.414167,1,"clFinish_profiled"
"OpenCL","COMPUTE","cache_v_l4 (view)","SET_ROWS","f16",-1,153,-1,128,512,1,1,131072,0.915521,1,"clFinish_profiled"
"OpenCL","COMPUTE","__fattn__-4","FLASH_ATTN_EXT","f32",-1,160,-1,64,14,1,1,3584,0.847448,1,"clFinish_profiled"
"OpenCL","COMPUTE","node_163","MUL_MAT","f32",-1,162,-1,896,1,1,1,3584,0.563646,1,"clFinish_profiled"
"OpenCL","COMPUTE","ffn_inp-4","ADD","f32",-1,163,-1,896,1,1,1,3584,0.399479,1,"clFinish_profiled"
"OpenCL","COMPUTE","ffn_gate-4","MUL_MAT","f32",-1,166,-1,4864,1,1,1,19456,1.055468,1,"clFinish_profiled"
"OpenCL","COMPUTE","ffn_up-4","MUL_MAT","f32",-1,167,-1,4864,1,1,1,19456,1.008542,1,"clFinish_profiled"
"OpenCL","COMPUTE","ffn_swiglu-4","GLU","f32",-1,168,-1,4864,1,1,1,19456,0.443385,1,"clFinish_profiled"
"OpenCL","COMPUTE","ffn_out-4","MUL_MAT","f32",-1,169,-1,896,1,1,1,3584,1.080104,1,"clFinish_profiled"
"OpenCL","COMPUTE","l_out-4","ADD","f32",-1,170,-1,896,1,1,1,3584,0.409948,1,"clFinish_profiled"
"OpenCL","COMPUTE","node_174","MUL_MAT","f32",-1,173,-1,896,1,1,1,3584,0.606667,1,"clFinish_profiled"
"OpenCL","COMPUTE","Qcur-5","ADD","f32",-1,174,-1,896,1,1,1,3584,0.395417,1,"clFinish_profiled"
"OpenCL","COMPUTE","Qcur-5","ROPE","f32",-1,176,-1,64,14,1,1,3584,0.405104,1,"clFinish_profiled"
"OpenCL","COMPUTE","node_178","MUL_MAT","f32",-1,177,-1,128,1,1,1,512,0.437083,1,"clFinish_profiled"
"OpenCL","COMPUTE","Kcur-5","ADD","f32",-1,178,-1,128,1,1,1,512,0.385156,1,"clFinish_profiled"
"OpenCL","COMPUTE","Kcur-5","ROPE","f32",-1,180,-1,64,2,1,1,512,0.445469,1,"clFinish_profiled"
"OpenCL","COMPUTE","node_182","MUL_MAT","f32",-1,181,-1,128,1,1,1,512,0.448906,1,"clFinish_profiled"
"OpenCL","COMPUTE","Vcur-5","ADD","f32",-1,182,-1,128,1,1,1,512,0.390886,1,"clFinish_profiled"
"OpenCL","COMPUTE","cache_k_l5 (view)","SET_ROWS","f16",-1,185,-1,128,512,1,1,131072,0.398490,1,"clFinish_profiled"
"OpenCL","COMPUTE","cache_v_l5 (view)","SET_ROWS","f16",-1,187,-1,128,512,1,1,131072,0.389791,1,"clFinish_profiled"
"OpenCL","COMPUTE","__fattn__-5","FLASH_ATTN_EXT","f32",-1,194,-1,64,14,1,1,3584,0.779062,1,"clFinish_profiled"
"OpenCL","COMPUTE","node_197","MUL_MAT","f32",-1,196,-1,896,1,1,1,3584,0.527395,1,"clFinish_profiled"
"OpenCL","COMPUTE","ffn_inp-5","ADD","f32",-1,197,-1,896,1,1,1,3584,0.394792,1,"clFinish_profiled"
"OpenCL","COMPUTE","ffn_gate-5","MUL_MAT","f32",-1,200,-1,4864,1,1,1,19456,1.051614,1,"clFinish_profiled"
"OpenCL","COMPUTE","ffn_up-5","MUL_MAT","f32",-1,201,-1,4864,1,1,1,19456,1.013958,1,"clFinish_profiled"
"OpenCL","COMPUTE","ffn_swiglu-5","GLU","f32",-1,202,-1,4864,1,1,1,19456,0.415625,1,"clFinish_profiled"
"OpenCL","COMPUTE","ffn_out-5","MUL_MAT","f32",-1,203,-1,896,1,1,1,3584,1.186093,1,"clFinish_profiled"
"OpenCL","COMPUTE","l_out-5","ADD","f32",-1,204,-1,896,1,1,1,3584,0.812812,1,"clFinish_profiled"
"OpenCL","COMPUTE","node_208","MUL_MAT","f32",-1,207,-1,896,1,1,1,3584,0.633073,1,"clFinish_profiled"
"OpenCL","COMPUTE","Qcur-6","ADD","f32",-1,208,-1,896,1,1,1,3584,0.409011,1,"clFinish_profiled"
"OpenCL","COMPUTE","Qcur-6","ROPE","f32",-1,210,-1,64,14,1,1,3584,0.389635,1,"clFinish_profiled"
"OpenCL","COMPUTE","node_212","MUL_MAT","f32",-1,211,-1,128,1,1,1,512,0.432031,1,"clFinish_profiled"
"OpenCL","COMPUTE","Kcur-6","ADD","f32",-1,212,-1,128,1,1,1,512,0.390677,1,"clFinish_profiled"
"OpenCL","COMPUTE","Kcur-6","ROPE","f32",-1,214,-1,64,2,1,1,512,0.400573,1,"clFinish_profiled"
"OpenCL","COMPUTE","node_216","MUL_MAT","f32",-1,215,-1,128,1,1,1,512,0.430781,1,"clFinish_profiled"
"OpenCL","COMPUTE","Vcur-6","ADD","f32",-1,216,-1,128,1,1,1,512,0.397500,1,"clFinish_profiled"
"OpenCL","COMPUTE","cache_k_l6 (view)","SET_ROWS","f16",-1,219,-1,128,512,1,1,131072,0.397448,1,"clFinish_profiled"
"OpenCL","COMPUTE","cache_v_l6 (view)","SET_ROWS","f16",-1,221,-1,128,512,1,1,131072,0.452500,1,"clFinish_profiled"
"OpenCL","COMPUTE","__fattn__-6","FLASH_ATTN_EXT","f32",-1,228,-1,64,14,1,1,3584,0.839114,1,"clFinish_profiled"
"OpenCL","COMPUTE","node_231","MUL_MAT","f32",-1,230,-1,896,1,1,1,3584,0.565260,1,"clFinish_profiled"
"OpenCL","COMPUTE","ffn_inp-6","ADD","f32",-1,231,-1,896,1,1,1,3584,0.423802,1,"clFinish_profiled"
"OpenCL","COMPUTE","ffn_gate-6","MUL_MAT","f32",-1,234,-1,4864,1,1,1,19456,1.453021,1,"clFinish_profiled"
"OpenCL","COMPUTE","ffn_up-6","MUL_MAT","f32",-1,235,-1,4864,1,1,1,19456,1.000729,1,"clFinish_profiled"
"OpenCL","COMPUTE","ffn_swiglu-6","GLU","f32",-1,236,-1,4864,1,1,1,19456,0.408645,1,"clFinish_profiled"
"OpenCL","COMPUTE","ffn_out-6","MUL_MAT","f32",-1,237,-1,896,1,1,1,3584,1.027240,1,"clFinish_profiled"
"OpenCL","COMPUTE","l_out-6","ADD","f32",-1,238,-1,896,1,1,1,3584,0.359636,1,"clFinish_profiled"
"OpenCL","COMPUTE","node_242","MUL_MAT","f32",-1,241,-1,896,1,1,1,3584,0.552656,1,"clFinish_profiled"
"OpenCL","COMPUTE","Qcur-7","ADD","f32",-1,242,-1,896,1,1,1,3584,0.359948,1,"clFinish_profiled"
"OpenCL","COMPUTE","Qcur-7","ROPE","f32",-1,244,-1,64,14,1,1,3584,0.352604,1,"clFinish_profiled"
"OpenCL","COMPUTE","node_246","MUL_MAT","f32",-1,245,-1,128,1,1,1,512,0.393437,1,"clFinish_profiled"
"OpenCL","COMPUTE","Kcur-7","ADD","f32",-1,246,-1,128,1,1,1,512,0.348542,1,"clFinish_profiled"
"OpenCL","COMPUTE","Kcur-7","ROPE","f32",-1,248,-1,64,2,1,1,512,0.357604,1,"clFinish_profiled"
"OpenCL","COMPUTE","node_250","MUL_MAT","f32",-1,249,-1,128,1,1,1,512,0.389115,1,"clFinish_profiled"
"OpenCL","COMPUTE","Vcur-7","ADD","f32",-1,250,-1,128,1,1,1,512,0.346563,1,"clFinish_profiled"
"OpenCL","COMPUTE","cache_k_l7 (view)","SET_ROWS","f16",-1,253,-1,128,512,1,1,131072,0.345365,1,"clFinish_profiled"
"OpenCL","COMPUTE","cache_v_l7 (view)","SET_ROWS","f16",-1,255,-1,128,512,1,1,131072,0.381823,1,"clFinish_profiled"
"OpenCL","COMPUTE","__fattn__-7","FLASH_ATTN_EXT","f32",-1,262,-1,64,14,1,1,3584,0.769843,1,"clFinish_profiled"
"OpenCL","COMPUTE","node_265","MUL_MAT","f32",-1,264,-1,896,1,1,1,3584,0.532500,1,"clFinish_profiled"
"OpenCL","COMPUTE","ffn_inp-7","ADD","f32",-1,265,-1,896,1,1,1,3584,0.430156,1,"clFinish_profiled"
"OpenCL","COMPUTE","ffn_gate-7","MUL_MAT","f32",-1,268,-1,4864,1,1,1,19456,1.693593,1,"clFinish_profiled"
"OpenCL","COMPUTE","ffn_up-7","MUL_MAT","f32",-1,269,-1,4864,1,1,1,19456,1.188645,1,"clFinish_profiled"
"OpenCL","COMPUTE","ffn_swiglu-7","GLU","f32",-1,270,-1,4864,1,1,1,19456,0.819480,1,"clFinish_profiled"
"OpenCL","COMPUTE","ffn_out-7","MUL_MAT","f32",-1,271,-1,896,1,1,1,3584,1.446354,1,"clFinish_profiled"
"OpenCL","COMPUTE","l_out-7","ADD","f32",-1,272,-1,896,1,1,1,3584,1.039115,1,"clFinish_profiled"
"OpenCL","COMPUTE","node_276","MUL_MAT","f32",-1,275,-1,896,1,1,1,3584,0.892240,1,"clFinish_profiled"
"OpenCL","COMPUTE","Qcur-8","ADD","f32",-1,276,-1,896,1,1,1,3584,0.461562,1,"clFinish_profiled"
"OpenCL","COMPUTE","Qcur-8","ROPE","f32",-1,278,-1,64,14,1,1,3584,0.410469,1,"clFinish_profiled"
"OpenCL","COMPUTE","node_280","MUL_MAT","f32",-1,279,-1,128,1,1,1,512,0.432500,1,"clFinish_profiled"
"OpenCL","COMPUTE","Kcur-8","ADD","f32",-1,280,-1,128,1,1,1,512,0.399271,1,"clFinish_profiled"
"OpenCL","COMPUTE","Kcur-8","ROPE","f32",-1,282,-1,64,2,1,1,512,0.409323,1,"clFinish_profiled"
"OpenCL","COMPUTE","node_284","MUL_MAT","f32",-1,283,-1,128,1,1,1,512,0.448073,1,"clFinish_profiled"
"OpenCL","COMPUTE","Vcur-8","ADD","f32",-1,284,-1,128,1,1,1,512,0.396563,1,"clFinish_profiled"
"OpenCL","COMPUTE","cache_k_l8 (view)","SET_ROWS","f16",-1,287,-1,128,512,1,1,131072,0.399844,1,"clFinish_profiled"
"OpenCL","COMPUTE","cache_v_l8 (view)","SET_ROWS","f16",-1,289,-1,128,512,1,1,131072,0.388073,1,"clFinish_profiled"
"OpenCL","COMPUTE","__fattn__-8","FLASH_ATTN_EXT","f32",-1,296,-1,64,14,1,1,3584,0.801510,1,"clFinish_profiled"
"OpenCL","COMPUTE","node_299","MUL_MAT","f32",-1,298,-1,896,1,1,1,3584,0.517708,1,"clFinish_profiled"
"OpenCL","COMPUTE","ffn_inp-8","ADD","f32",-1,299,-1,896,1,1,1,3584,0.385365,1,"clFinish_profiled"
"OpenCL","COMPUTE","ffn_gate-8","MUL_MAT","f32",-1,302,-1,4864,1,1,1,19456,0.995521,1,"clFinish_profiled"
"OpenCL","COMPUTE","ffn_up-8","MUL_MAT","f32",-1,303,-1,4864,1,1,1,19456,1.059323,1,"clFinish_profiled"
"OpenCL","COMPUTE","ffn_swiglu-8","GLU","f32",-1,304,-1,4864,1,1,1,19456,0.374948,1,"clFinish_profiled"
"OpenCL","COMPUTE","ffn_out-8","MUL_MAT","f32",-1,305,-1,896,1,1,1,3584,1.016511,1,"clFinish_profiled"
"OpenCL","COMPUTE","l_out-8","ADD","f32",-1,306,-1,896,1,1,1,3584,0.377292,1,"clFinish_profiled"
"OpenCL","COMPUTE","node_310","MUL_MAT","f32",-1,309,-1,896,1,1,1,3584,0.548802,1,"clFinish_profiled"
"OpenCL","COMPUTE","Qcur-9","ADD","f32",-1,310,-1,896,1,1,1,3584,0.407032,1,"clFinish_profiled"
"OpenCL","COMPUTE","Qcur-9","ROPE","f32",-1,312,-1,64,14,1,1,3584,0.361979,1,"clFinish_profiled"
"OpenCL","COMPUTE","node_314","MUL_MAT","f32",-1,313,-1,128,1,1,1,512,0.389688,1,"clFinish_profiled"
"OpenCL","COMPUTE","Kcur-9","ADD","f32",-1,314,-1,128,1,1,1,512,0.345885,1,"clFinish_profiled"
"OpenCL","COMPUTE","Kcur-9","ROPE","f32",-1,316,-1,64,2,1,1,512,0.360677,1,"clFinish_profiled"
"OpenCL","COMPUTE","node_318","MUL_MAT","f32",-1,317,-1,128,1,1,1,512,0.387917,1,"clFinish_profiled"
"OpenCL","COMPUTE","Vcur-9","ADD","f32",-1,318,-1,128,1,1,1,512,0.350469,1,"clFinish_profiled"
"OpenCL","COMPUTE","cache_k_l9 (view)","SET_ROWS","f16",-1,321,-1,128,512,1,1,131072,0.350312,1,"clFinish_profiled"
"OpenCL","COMPUTE","cache_v_l9 (view)","SET_ROWS","f16",-1,323,-1,128,512,1,1,131072,0.352500,1,"clFinish_profiled"
"OpenCL","COMPUTE","__fattn__-9","FLASH_ATTN_EXT","f32",-1,330,-1,64,14,1,1,3584,0.748333,1,"clFinish_profiled"
"OpenCL","COMPUTE","node_333","MUL_MAT","f32",-1,332,-1,896,1,1,1,3584,0.562135,1,"clFinish_profiled"
"OpenCL","COMPUTE","ffn_inp-9","ADD","f32",-1,333,-1,896,1,1,1,3584,0.402187,1,"clFinish_profiled"
"OpenCL","COMPUTE","ffn_gate-9","MUL_MAT","f32",-1,336,-1,4864,1,1,1,19456,1.049792,1,"clFinish_profiled"
"OpenCL","COMPUTE","ffn_up-9","MUL_MAT","f32",-1,337,-1,4864,1,1,1,19456,0.993802,1,"clFinish_profiled"
"OpenCL","COMPUTE","ffn_swiglu-9","GLU","f32",-1,338,-1,4864,1,1,1,19456,0.411511,1,"clFinish_profiled"
"OpenCL","COMPUTE","ffn_out-9","MUL_MAT","f32",-1,339,-1,896,1,1,1,3584,1.056302,1,"clFinish_profiled"
"OpenCL","COMPUTE","l_out-9","ADD","f32",-1,340,-1,896,1,1,1,3584,0.415677,1,"clFinish_profiled"
"OpenCL","COMPUTE","node_344","MUL_MAT","f32",-1,343,-1,896,1,1,1,3584,0.579115,1,"clFinish_profiled"
"OpenCL","COMPUTE","Qcur-10","ADD","f32",-1,344,-1,896,1,1,1,3584,0.386094,1,"clFinish_profiled"
"OpenCL","COMPUTE","Qcur-10","ROPE","f32",-1,346,-1,64,14,1,1,3584,0.396459,1,"clFinish_profiled"
"OpenCL","COMPUTE","node_348","MUL_MAT","f32",-1,347,-1,128,1,1,1,512,0.641093,1,"clFinish_profiled"
"OpenCL","COMPUTE","Kcur-10","ADD","f32",-1,348,-1,128,1,1,1,512,0.790156,1,"clFinish_profiled"
"OpenCL","COMPUTE","Kcur-10","ROPE","f32",-1,350,-1,64,2,1,1,512,0.536562,1,"clFinish_profiled"
"OpenCL","COMPUTE","node_352","MUL_MAT","f32",-1,351,-1,128,1,1,1,512,0.905573,1,"clFinish_profiled"
"OpenCL","COMPUTE","Vcur-10","ADD","f32",-1,352,-1,128,1,1,1,512,0.444375,1,"clFinish_profiled"
"OpenCL","COMPUTE","cache_k_l10 (view)","SET_ROWS","f16",-1,355,-1,128,512,1,1,131072,0.398125,1,"clFinish_profiled"
"OpenCL","COMPUTE","cache_v_l10 (view)","SET_ROWS","f16",-1,357,-1,128,512,1,1,131072,0.453594,1,"clFinish_profiled"
"OpenCL","COMPUTE","__fattn__-10","FLASH_ATTN_EXT","f32",-1,364,-1,64,14,1,1,3584,0.825833,1,"clFinish_profiled"
"OpenCL","COMPUTE","node_367","MUL_MAT","f32",-1,366,-1,896,1,1,1,3584,0.550781,1,"clFinish_profiled"
"OpenCL","COMPUTE","ffn_inp-10","ADD","f32",-1,367,-1,896,1,1,1,3584,0.394323,1,"clFinish_profiled"
"OpenCL","COMPUTE","ffn_gate-10","MUL_MAT","f32",-1,370,-1,4864,1,1,1,19456,1.056094,1,"clFinish_profiled"
"OpenCL","COMPUTE","ffn_up-10","MUL_MAT","f32",-1,371,-1,4864,1,1,1,19456,1.005677,1,"clFinish_profiled"
"OpenCL","COMPUTE","ffn_swiglu-10","GLU","f32",-1,372,-1,4864,1,1,1,19456,0.422656,1,"clFinish_profiled"
"OpenCL","COMPUTE","ffn_out-10","MUL_MAT","f32",-1,373,-1,896,1,1,1,3584,1.078854,1,"clFinish_profiled"
"OpenCL","COMPUTE","l_out-10","ADD","f32",-1,374,-1,896,1,1,1,3584,0.445417,1,"clFinish_profiled"
"OpenCL","COMPUTE","node_378","MUL_MAT","f32",-1,377,-1,896,1,1,1,3584,0.590886,1,"clFinish_profiled"
"OpenCL","COMPUTE","Qcur-11","ADD","f32",-1,378,-1,896,1,1,1,3584,0.405312,1,"clFinish_profiled"
"OpenCL","COMPUTE","Qcur-11","ROPE","f32",-1,380,-1,64,14,1,1,3584,0.398906,1,"clFinish_profiled"
"OpenCL","COMPUTE","node_382","MUL_MAT","f32",-1,381,-1,128,1,1,1,512,0.432656,1,"clFinish_profiled"
"OpenCL","COMPUTE","Kcur-11","ADD","f32",-1,382,-1,128,1,1,1,512,0.399219,1,"clFinish_profiled"
"OpenCL","COMPUTE","Kcur-11","ROPE","f32",-1,384,-1,64,2,1,1,512,0.404166,1,"clFinish_profiled"
"OpenCL","COMPUTE","node_386","MUL_MAT","f32",-1,385,-1,128,1,1,1,512,0.427812,1,"clFinish_profiled"
"OpenCL","COMPUTE","Vcur-11","ADD","f32",-1,386,-1,128,1,1,1,512,0.397343,1,"clFinish_profiled"
"OpenCL","COMPUTE","cache_k_l11 (view)","SET_ROWS","f16",-1,389,-1,128,512,1,1,131072,0.395782,1,"clFinish_profiled"
"OpenCL","COMPUTE","cache_v_l11 (view)","SET_ROWS","f16",-1,391,-1,128,512,1,1,131072,0.395000,1,"clFinish_profiled"
"OpenCL","COMPUTE","__fattn__-11","FLASH_ATTN_EXT","f32",-1,398,-1,64,14,1,1,3584,0.804375,1,"clFinish_profiled"
"OpenCL","COMPUTE","node_401","MUL_MAT","f32",-1,400,-1,896,1,1,1,3584,0.581615,1,"clFinish_profiled"
"OpenCL","COMPUTE","ffn_inp-11","ADD","f32",-1,401,-1,896,1,1,1,3584,0.446510,1,"clFinish_profiled"
"OpenCL","COMPUTE","ffn_gate-11","MUL_MAT","f32",-1,404,-1,4864,1,1,1,19456,1.545938,1,"clFinish_profiled"
"OpenCL","COMPUTE","ffn_up-11","MUL_MAT","f32",-1,405,-1,4864,1,1,1,19456,1.184114,1,"clFinish_profiled"
"OpenCL","COMPUTE","ffn_swiglu-11","GLU","f32",-1,406,-1,4864,1,1,1,19456,0.820000,1,"clFinish_profiled"
"OpenCL","COMPUTE","ffn_out-11","MUL_MAT","f32",-1,407,-1,896,1,1,1,3584,1.269115,1,"clFinish_profiled"
"OpenCL","COMPUTE","l_out-11","ADD","f32",-1,408,-1,896,1,1,1,3584,0.756562,1,"clFinish_profiled"
"OpenCL","COMPUTE","node_412","MUL_MAT","f32",-1,411,-1,896,1,1,1,3584,0.659323,1,"clFinish_profiled"
"OpenCL","COMPUTE","Qcur-12","ADD","f32",-1,412,-1,896,1,1,1,3584,0.518802,1,"clFinish_profiled"
"OpenCL","COMPUTE","Qcur-12","ROPE","f32",-1,414,-1,64,14,1,1,3584,0.409583,1,"clFinish_profiled"
"OpenCL","COMPUTE","node_416","MUL_MAT","f32",-1,415,-1,128,1,1,1,512,0.435052,1,"clFinish_profiled"
"OpenCL","COMPUTE","Kcur-12","ADD","f32",-1,416,-1,128,1,1,1,512,0.388594,1,"clFinish_profiled"
"OpenCL","COMPUTE","Kcur-12","ROPE","f32",-1,418,-1,64,2,1,1,512,0.395937,1,"clFinish_profiled"
"OpenCL","COMPUTE","node_420","MUL_MAT","f32",-1,419,-1,128,1,1,1,512,0.430625,1,"clFinish_profiled"
"OpenCL","COMPUTE","Vcur-12","ADD","f32",-1,420,-1,128,1,1,1,512,0.437083,1,"clFinish_profiled"
"OpenCL","COMPUTE","cache_k_l12 (view)","SET_ROWS","f16",-1,423,-1,128,512,1,1,131072,0.392605,1,"clFinish_profiled"
"OpenCL","COMPUTE","cache_v_l12 (view)","SET_ROWS","f16",-1,425,-1,128,512,1,1,131072,0.388438,1,"clFinish_profiled"
"OpenCL","COMPUTE","__fattn__-12","FLASH_ATTN_EXT","f32",-1,432,-1,64,14,1,1,3584,0.778490,1,"clFinish_profiled"
"OpenCL","COMPUTE","node_435","MUL_MAT","f32",-1,434,-1,896,1,1,1,3584,0.549740,1,"clFinish_profiled"
"OpenCL","COMPUTE","ffn_inp-12","ADD","f32",-1,435,-1,896,1,1,1,3584,0.384062,1,"clFinish_profiled"
"OpenCL","COMPUTE","ffn_gate-12","MUL_MAT","f32",-1,438,-1,4864,1,1,1,19456,1.010156,1,"clFinish_profiled"
"OpenCL","COMPUTE","ffn_up-12","MUL_MAT","f32",-1,439,-1,4864,1,1,1,19456,1.001407,1,"clFinish_profiled"
"OpenCL","COMPUTE","ffn_swiglu-12","GLU","f32",-1,440,-1,4864,1,1,1,19456,0.405468,1,"clFinish_profiled"
"OpenCL","COMPUTE","ffn_out-12","MUL_MAT","f32",-1,441,-1,896,1,1,1,3584,1.131927,1,"clFinish_profiled"
"OpenCL","COMPUTE","l_out-12","ADD","f32",-1,442,-1,896,1,1,1,3584,0.410989,1,"clFinish_profiled"
"OpenCL","COMPUTE","node_446","MUL_MAT","f32",-1,445,-1,896,1,1,1,3584,0.558802,1,"clFinish_profiled"
"OpenCL","COMPUTE","Qcur-13","ADD","f32",-1,446,-1,896,1,1,1,3584,0.376615,1,"clFinish_profiled"
"OpenCL","COMPUTE","Qcur-13","ROPE","f32",-1,448,-1,64,14,1,1,3584,0.419218,1,"clFinish_profiled"
"OpenCL","COMPUTE","node_450","MUL_MAT","f32",-1,449,-1,128,1,1,1,512,0.492448,1,"clFinish_profiled"
"OpenCL","COMPUTE","Kcur-13","ADD","f32",-1,450,-1,128,1,1,1,512,0.403646,1,"clFinish_profiled"
"OpenCL","COMPUTE","Kcur-13","ROPE","f32",-1,452,-1,64,2,1,1,512,0.403907,1,"clFinish_profiled"
"OpenCL","COMPUTE","node_454","MUL_MAT","f32",-1,453,-1,128,1,1,1,512,0.444166,1,"clFinish_profiled"
"OpenCL","COMPUTE","Vcur-13","ADD","f32",-1,454,-1,128,1,1,1,512,0.443541,1,"clFinish_profiled"
"OpenCL","COMPUTE","cache_k_l13 (view)","SET_ROWS","f16",-1,457,-1,128,512,1,1,131072,0.402865,1,"clFinish_profiled"
"OpenCL","COMPUTE","cache_v_l13 (view)","SET_ROWS","f16",-1,459,-1,128,512,1,1,131072,0.396562,1,"clFinish_profiled"
"OpenCL","COMPUTE","__fattn__-13","FLASH_ATTN_EXT","f32",-1,466,-1,64,14,1,1,3584,0.780000,1,"clFinish_profiled"
"OpenCL","COMPUTE","node_469","MUL_MAT","f32",-1,468,-1,896,1,1,1,3584,0.534218,1,"clFinish_profiled"
"OpenCL","COMPUTE","ffn_inp-13","ADD","f32",-1,469,-1,896,1,1,1,3584,0.404739,1,"clFinish_profiled"
"OpenCL","COMPUTE","ffn_gate-13","MUL_MAT","f32",-1,472,-1,4864,1,1,1,19456,1.100156,1,"clFinish_profiled"
"OpenCL","COMPUTE","ffn_up-13","MUL_MAT","f32",-1,473,-1,4864,1,1,1,19456,1.003437,1,"clFinish_profiled"
"OpenCL","COMPUTE","ffn_swiglu-13","GLU","f32",-1,474,-1,4864,1,1,1,19456,0.425209,1,"clFinish_profiled"
"OpenCL","COMPUTE","ffn_out-13","MUL_MAT","f32",-1,475,-1,896,1,1,1,3584,1.141615,1,"clFinish_profiled"
"OpenCL","COMPUTE","l_out-13","ADD","f32",-1,476,-1,896,1,1,1,3584,0.981250,1,"clFinish_profiled"
"OpenCL","COMPUTE","node_480","MUL_MAT","f32",-1,479,-1,896,1,1,1,3584,1.058958,1,"clFinish_profiled"
"OpenCL","COMPUTE","Qcur-14","ADD","f32",-1,480,-1,896,1,1,1,3584,0.459635,1,"clFinish_profiled"
"OpenCL","COMPUTE","Qcur-14","ROPE","f32",-1,482,-1,64,14,1,1,3584,0.409948,1,"clFinish_profiled"
"OpenCL","COMPUTE","node_484","MUL_MAT","f32",-1,483,-1,128,1,1,1,512,0.429479,1,"clFinish_profiled"
"OpenCL","COMPUTE","Kcur-14","ADD","f32",-1,484,-1,128,1,1,1,512,0.395469,1,"clFinish_profiled"
"OpenCL","COMPUTE","Kcur-14","ROPE","f32",-1,486,-1,64,2,1,1,512,0.397969,1,"clFinish_profiled"
"OpenCL","COMPUTE","node_488","MUL_MAT","f32",-1,487,-1,128,1,1,1,512,0.427344,1,"clFinish_profiled"
"OpenCL","COMPUTE","Vcur-14","ADD","f32",-1,488,-1,128,1,1,1,512,0.385625,1,"clFinish_profiled"
"OpenCL","COMPUTE","cache_k_l14 (view)","SET_ROWS","f16",-1,491,-1,128,512,1,1,131072,0.408177,1,"clFinish_profiled"
"OpenCL","COMPUTE","cache_v_l14 (view)","SET_ROWS","f16",-1,493,-1,128,512,1,1,131072,0.415885,1,"clFinish_profiled"
"OpenCL","COMPUTE","__fattn__-14","FLASH_ATTN_EXT","f32",-1,500,-1,64,14,1,1,3584,0.781562,1,"clFinish_profiled"
"OpenCL","COMPUTE","node_503","MUL_MAT","f32",-1,502,-1,896,1,1,1,3584,0.603750,1,"clFinish_profiled"
"OpenCL","COMPUTE","ffn_inp-14","ADD","f32",-1,503,-1,896,1,1,1,3584,0.426510,1,"clFinish_profiled"
"OpenCL","COMPUTE","ffn_gate-14","MUL_MAT","f32",-1,506,-1,4864,1,1,1,19456,1.049219,1,"clFinish_profiled"
"OpenCL","COMPUTE","ffn_up-14","MUL_MAT","f32",-1,507,-1,4864,1,1,1,19456,1.023385,1,"clFinish_profiled"
"OpenCL","COMPUTE","ffn_swiglu-14","GLU","f32",-1,508,-1,4864,1,1,1,19456,0.426667,1,"clFinish_profiled"
"OpenCL","COMPUTE","ffn_out-14","MUL_MAT","f32",-1,509,-1,896,1,1,1,3584,1.079792,1,"clFinish_profiled"
"OpenCL","COMPUTE","l_out-14","ADD","f32",-1,510,-1,896,1,1,1,3584,0.389063,1,"clFinish_profiled"
"OpenCL","COMPUTE","node_514","MUL_MAT","f32",-1,513,-1,896,1,1,1,3584,0.564584,1,"clFinish_profiled"
"OpenCL","COMPUTE","Qcur-15","ADD","f32",-1,514,-1,896,1,1,1,3584,0.389323,1,"clFinish_profiled"
"OpenCL","COMPUTE","Qcur-15","ROPE","f32",-1,516,-1,64,14,1,1,3584,0.400677,1,"clFinish_profiled"
"OpenCL","COMPUTE","node_518","MUL_MAT","f32",-1,517,-1,128,1,1,1,512,0.425365,1,"clFinish_profiled"
"OpenCL","COMPUTE","Kcur-15","ADD","f32",-1,518,-1,128,1,1,1,512,0.454427,1,"clFinish_profiled"
"OpenCL","COMPUTE","Kcur-15","ROPE","f32",-1,520,-1,64,2,1,1,512,0.406094,1,"clFinish_profiled"
"OpenCL","COMPUTE","node_522","MUL_MAT","f32",-1,521,-1,128,1,1,1,512,0.422447,1,"clFinish_profiled"
"OpenCL","COMPUTE","Vcur-15","ADD","f32",-1,522,-1,128,1,1,1,512,0.440833,1,"clFinish_profiled"
"OpenCL","COMPUTE","cache_k_l15 (view)","SET_ROWS","f16",-1,525,-1,128,512,1,1,131072,0.401198,1,"clFinish_profiled"
"OpenCL","COMPUTE","cache_v_l15 (view)","SET_ROWS","f16",-1,527,-1,128,512,1,1,131072,0.387604,1,"clFinish_profiled"
"OpenCL","COMPUTE","__fattn__-15","FLASH_ATTN_EXT","f32",-1,534,-1,64,14,1,1,3584,0.777604,1,"clFinish_profiled"
"OpenCL","COMPUTE","node_537","MUL_MAT","f32",-1,536,-1,896,1,1,1,3584,0.587552,1,"clFinish_profiled"
"OpenCL","COMPUTE","ffn_inp-15","ADD","f32",-1,537,-1,896,1,1,1,3584,0.395052,1,"clFinish_profiled"
"OpenCL","COMPUTE","ffn_gate-15","MUL_MAT","f32",-1,540,-1,4864,1,1,1,19456,1.051198,1,"clFinish_profiled"
"OpenCL","COMPUTE","ffn_up-15","MUL_MAT","f32",-1,541,-1,4864,1,1,1,19456,0.988385,1,"clFinish_profiled"
"OpenCL","COMPUTE","ffn_swiglu-15","GLU","f32",-1,542,-1,4864,1,1,1,19456,0.406459,1,"clFinish_profiled"
"OpenCL","COMPUTE","ffn_out-15","MUL_MAT","f32",-1,543,-1,896,1,1,1,3584,1.043489,1,"clFinish_profiled"
"OpenCL","COMPUTE","l_out-15","ADD","f32",-1,544,-1,896,1,1,1,3584,0.535625,1,"clFinish_profiled"
"OpenCL","COMPUTE","node_548","MUL_MAT","f32",-1,547,-1,896,1,1,1,3584,1.046875,1,"clFinish_profiled"
"OpenCL","COMPUTE","Qcur-16","ADD","f32",-1,548,-1,896,1,1,1,3584,0.434635,1,"clFinish_profiled"
"OpenCL","COMPUTE","Qcur-16","ROPE","f32",-1,550,-1,64,14,1,1,3584,0.399011,1,"clFinish_profiled"
"OpenCL","COMPUTE","node_552","MUL_MAT","f32",-1,551,-1,128,1,1,1,512,0.434739,1,"clFinish_profiled"
"OpenCL","COMPUTE","Kcur-16","ADD","f32",-1,552,-1,128,1,1,1,512,0.387865,1,"clFinish_profiled"
"OpenCL","COMPUTE","Kcur-16","ROPE","f32",-1,554,-1,64,2,1,1,512,0.394636,1,"clFinish_profiled"
"OpenCL","COMPUTE","node_556","MUL_MAT","f32",-1,555,-1,128,1,1,1,512,0.425677,1,"clFinish_profiled"
"OpenCL","COMPUTE","Vcur-16","ADD","f32",-1,556,-1,128,1,1,1,512,0.387240,1,"clFinish_profiled"
"OpenCL","COMPUTE","cache_k_l16 (view)","SET_ROWS","f16",-1,559,-1,128,512,1,1,131072,0.375052,1,"clFinish_profiled"
"OpenCL","COMPUTE","cache_v_l16 (view)","SET_ROWS","f16",-1,561,-1,128,512,1,1,131072,0.370990,1,"clFinish_profiled"
"OpenCL","COMPUTE","__fattn__-16","FLASH_ATTN_EXT","f32",-1,568,-1,64,14,1,1,3584,0.775156,1,"clFinish_profiled"
"OpenCL","COMPUTE","node_571","MUL_MAT","f32",-1,570,-1,896,1,1,1,3584,0.540364,1,"clFinish_profiled"
"OpenCL","COMPUTE","ffn_inp-16","ADD","f32",-1,571,-1,896,1,1,1,3584,0.391927,1,"clFinish_profiled"
"OpenCL","COMPUTE","ffn_gate-16","MUL_MAT","f32",-1,574,-1,4864,1,1,1,19456,1.051875,1,"clFinish_profiled"
"OpenCL","COMPUTE","ffn_up-16","MUL_MAT","f32",-1,575,-1,4864,1,1,1,19456,0.986042,1,"clFinish_profiled"
"OpenCL","COMPUTE","ffn_swiglu-16","GLU","f32",-1,576,-1,4864,1,1,1,19456,0.523958,1,"clFinish_profiled"
"OpenCL","COMPUTE","ffn_out-16","MUL_MAT","f32",-1,577,-1,896,1,1,1,3584,1.074531,1,"clFinish_profiled"
"OpenCL","COMPUTE","l_out-16","ADD","f32",-1,578,-1,896,1,1,1,3584,0.392969,1,"clFinish_profiled"
"OpenCL","COMPUTE","node_582","MUL_MAT","f32",-1,581,-1,896,1,1,1,3584,0.584062,1,"clFinish_profiled"
"OpenCL","COMPUTE","Qcur-17","ADD","f32",-1,582,-1,896,1,1,1,3584,0.405573,1,"clFinish_profiled"
"OpenCL","COMPUTE","Qcur-17","ROPE","f32",-1,584,-1,64,14,1,1,3584,0.403698,1,"clFinish_profiled"
"OpenCL","COMPUTE","node_586","MUL_MAT","f32",-1,585,-1,128,1,1,1,512,0.425104,1,"clFinish_profiled"
"OpenCL","COMPUTE","Kcur-17","ADD","f32",-1,586,-1,128,1,1,1,512,0.391667,1,"clFinish_profiled"
"OpenCL","COMPUTE","Kcur-17","ROPE","f32",-1,588,-1,64,2,1,1,512,0.396980,1,"clFinish_profiled"
"OpenCL","COMPUTE","node_590","MUL_MAT","f32",-1,589,-1,128,1,1,1,512,0.441406,1,"clFinish_profiled"
"OpenCL","COMPUTE","Vcur-17","ADD","f32",-1,590,-1,128,1,1,1,512,0.398281,1,"clFinish_profiled"
"OpenCL","COMPUTE","cache_k_l17 (view)","SET_ROWS","f16",-1,593,-1,128,512,1,1,131072,0.396771,1,"clFinish_profiled"
"OpenCL","COMPUTE","cache_v_l17 (view)","SET_ROWS","f16",-1,595,-1,128,512,1,1,131072,0.474063,1,"clFinish_profiled"
"OpenCL","COMPUTE","__fattn__-17","FLASH_ATTN_EXT","f32",-1,602,-1,64,14,1,1,3584,0.788646,1,"clFinish_profiled"
"OpenCL","COMPUTE","node_605","MUL_MAT","f32",-1,604,-1,896,1,1,1,3584,0.532812,1,"clFinish_profiled"
"OpenCL","COMPUTE","ffn_inp-17","ADD","f32",-1,605,-1,896,1,1,1,3584,0.394115,1,"clFinish_profiled"
"OpenCL","COMPUTE","ffn_gate-17","MUL_MAT","f32",-1,608,-1,4864,1,1,1,19456,1.031302,1,"clFinish_profiled"
"OpenCL","COMPUTE","ffn_up-17","MUL_MAT","f32",-1,609,-1,4864,1,1,1,19456,0.949948,1,"clFinish_profiled"
"OpenCL","COMPUTE","ffn_swiglu-17","GLU","f32",-1,610,-1,4864,1,1,1,19456,0.392709,1,"clFinish_profiled"
"OpenCL","COMPUTE","ffn_out-17","MUL_MAT","f32",-1,611,-1,896,1,1,1,3584,1.039375,1,"clFinish_profiled"
"OpenCL","COMPUTE","l_out-17","ADD","f32",-1,612,-1,896,1,1,1,3584,0.353906,1,"clFinish_profiled"
"OpenCL","COMPUTE","node_616","MUL_MAT","f32",-1,615,-1,896,1,1,1,3584,0.526094,1,"clFinish_profiled"
"OpenCL","COMPUTE","Qcur-18","ADD","f32",-1,616,-1,896,1,1,1,3584,0.359375,1,"clFinish_profiled"
"OpenCL","COMPUTE","Qcur-18","ROPE","f32",-1,618,-1,64,14,1,1,3584,0.351875,1,"clFinish_profiled"
"OpenCL","COMPUTE","node_620","MUL_MAT","f32",-1,619,-1,128,1,1,1,512,0.386927,1,"clFinish_profiled"
"OpenCL","COMPUTE","Kcur-18","ADD","f32",-1,620,-1,128,1,1,1,512,0.344740,1,"clFinish_profiled"
"OpenCL","COMPUTE","Kcur-18","ROPE","f32",-1,622,-1,64,2,1,1,512,0.454583,1,"clFinish_profiled"
"OpenCL","COMPUTE","node_624","MUL_MAT","f32",-1,623,-1,128,1,1,1,512,0.922761,1,"clFinish_profiled"
"OpenCL","COMPUTE","Vcur-18","ADD","f32",-1,624,-1,128,1,1,1,512,0.408542,1,"clFinish_profiled"
"OpenCL","COMPUTE","cache_k_l18 (view)","SET_ROWS","f16",-1,627,-1,128,512,1,1,131072,0.407604,1,"clFinish_profiled"
"OpenCL","COMPUTE","cache_v_l18 (view)","SET_ROWS","f16",-1,629,-1,128,512,1,1,131072,0.404115,1,"clFinish_profiled"
"OpenCL","COMPUTE","__fattn__-18","FLASH_ATTN_EXT","f32",-1,636,-1,64,14,1,1,3584,0.806979,1,"clFinish_profiled"
"OpenCL","COMPUTE","node_639","MUL_MAT","f32",-1,638,-1,896,1,1,1,3584,0.560834,1,"clFinish_profiled"
"OpenCL","COMPUTE","ffn_inp-18","ADD","f32",-1,639,-1,896,1,1,1,3584,0.455260,1,"clFinish_profiled"
"OpenCL","COMPUTE","ffn_gate-18","MUL_MAT","f32",-1,642,-1,4864,1,1,1,19456,1.037500,1,"clFinish_profiled"
"OpenCL","COMPUTE","ffn_up-18","MUL_MAT","f32",-1,643,-1,4864,1,1,1,19456,1.131458,1,"clFinish_profiled"
"OpenCL","COMPUTE","ffn_swiglu-18","GLU","f32",-1,644,-1,4864,1,1,1,19456,0.832031,1,"clFinish_profiled"
"OpenCL","COMPUTE","ffn_out-18","MUL_MAT","f32",-1,645,-1,896,1,1,1,3584,1.144323,1,"clFinish_profiled"
"OpenCL","COMPUTE","l_out-18","ADD","f32",-1,646,-1,896,1,1,1,3584,0.551719,1,"clFinish_profiled"
"OpenCL","COMPUTE","node_650","MUL_MAT","f32",-1,649,-1,896,1,1,1,3584,0.964479,1,"clFinish_profiled"
"OpenCL","COMPUTE","Qcur-19","ADD","f32",-1,650,-1,896,1,1,1,3584,0.581354,1,"clFinish_profiled"
"OpenCL","COMPUTE","Qcur-19","ROPE","f32",-1,652,-1,64,14,1,1,3584,0.785782,1,"clFinish_profiled"
"OpenCL","COMPUTE","node_654","MUL_MAT","f32",-1,653,-1,128,1,1,1,512,0.477396,1,"clFinish_profiled"
"OpenCL","COMPUTE","Kcur-19","ADD","f32",-1,654,-1,128,1,1,1,512,0.393802,1,"clFinish_profiled"
"OpenCL","COMPUTE","Kcur-19","ROPE","f32",-1,656,-1,64,2,1,1,512,0.394218,1,"clFinish_profiled"
"OpenCL","COMPUTE","node_658","MUL_MAT","f32",-1,657,-1,128,1,1,1,512,0.429062,1,"clFinish_profiled"
"OpenCL","COMPUTE","Vcur-19","ADD","f32",-1,658,-1,128,1,1,1,512,0.395260,1,"clFinish_profiled"
"OpenCL","COMPUTE","cache_k_l19 (view)","SET_ROWS","f16",-1,661,-1,128,512,1,1,131072,0.388073,1,"clFinish_profiled"
"OpenCL","COMPUTE","cache_v_l19 (view)","SET_ROWS","f16",-1,663,-1,128,512,1,1,131072,0.394687,1,"clFinish_profiled"
"OpenCL","COMPUTE","__fattn__-19","FLASH_ATTN_EXT","f32",-1,670,-1,64,14,1,1,3584,0.779531,1,"clFinish_profiled"
"OpenCL","COMPUTE","node_673","MUL_MAT","f32",-1,672,-1,896,1,1,1,3584,0.693229,1,"clFinish_profiled"
"OpenCL","COMPUTE","ffn_inp-19","ADD","f32",-1,673,-1,896,1,1,1,3584,0.785678,1,"clFinish_profiled"
"OpenCL","COMPUTE","ffn_gate-19","MUL_MAT","f32",-1,676,-1,4864,1,1,1,19456,1.115729,1,"clFinish_profiled"
"OpenCL","COMPUTE","ffn_up-19","MUL_MAT","f32",-1,677,-1,4864,1,1,1,19456,1.452500,1,"clFinish_profiled"
"OpenCL","COMPUTE","ffn_swiglu-19","GLU","f32",-1,678,-1,4864,1,1,1,19456,0.539896,1,"clFinish_profiled"
"OpenCL","COMPUTE","ffn_out-19","MUL_MAT","f32",-1,679,-1,896,1,1,1,3584,1.552344,1,"clFinish_profiled"
"OpenCL","COMPUTE","l_out-19","ADD","f32",-1,680,-1,896,1,1,1,3584,0.582500,1,"clFinish_profiled"
"OpenCL","COMPUTE","node_684","MUL_MAT","f32",-1,683,-1,896,1,1,1,3584,0.970782,1,"clFinish_profiled"
"OpenCL","COMPUTE","Qcur-20","ADD","f32",-1,684,-1,896,1,1,1,3584,0.430520,1,"clFinish_profiled"
"OpenCL","COMPUTE","Qcur-20","ROPE","f32",-1,686,-1,64,14,1,1,3584,0.407344,1,"clFinish_profiled"
"OpenCL","COMPUTE","node_688","MUL_MAT","f32",-1,687,-1,128,1,1,1,512,0.424427,1,"clFinish_profiled"
"OpenCL","COMPUTE","Kcur-20","ADD","f32",-1,688,-1,128,1,1,1,512,0.371407,1,"clFinish_profiled"
"OpenCL","COMPUTE","Kcur-20","ROPE","f32",-1,690,-1,64,2,1,1,512,0.388906,1,"clFinish_profiled"
"OpenCL","COMPUTE","node_692","MUL_MAT","f32",-1,691,-1,128,1,1,1,512,0.432083,1,"clFinish_profiled"
"OpenCL","COMPUTE","Vcur-20","ADD","f32",-1,692,-1,128,1,1,1,512,0.371511,1,"clFinish_profiled"
"OpenCL","COMPUTE","cache_k_l20 (view)","SET_ROWS","f16",-1,695,-1,128,512,1,1,131072,0.391355,1,"clFinish_profiled"
"OpenCL","COMPUTE","cache_v_l20 (view)","SET_ROWS","f16",-1,697,-1,128,512,1,1,131072,0.390521,1,"clFinish_profiled"
"OpenCL","COMPUTE","__fattn__-20","FLASH_ATTN_EXT","f32",-1,704,-1,64,14,1,1,3584,0.786406,1,"clFinish_profiled"
"OpenCL","COMPUTE","node_707","MUL_MAT","f32",-1,706,-1,896,1,1,1,3584,0.580417,1,"clFinish_profiled"
"OpenCL","COMPUTE","ffn_inp-20","ADD","f32",-1,707,-1,896,1,1,1,3584,0.392552,1,"clFinish_profiled"
"OpenCL","COMPUTE","ffn_gate-20","MUL_MAT","f32",-1,710,-1,4864,1,1,1,19456,1.023021,1,"clFinish_profiled"
"OpenCL","COMPUTE","ffn_up-20","MUL_MAT","f32",-1,711,-1,4864,1,1,1,19456,0.975885,1,"clFinish_profiled"
"OpenCL","COMPUTE","ffn_swiglu-20","GLU","f32",-1,712,-1,4864,1,1,1,19456,0.406928,1,"clFinish_profiled"
"OpenCL","COMPUTE","ffn_out-20","MUL_MAT","f32",-1,713,-1,896,1,1,1,3584,1.054166,1,"clFinish_profiled"
"OpenCL","COMPUTE","l_out-20","ADD","f32",-1,714,-1,896,1,1,1,3584,0.398334,1,"clFinish_profiled"
"OpenCL","COMPUTE","node_718","MUL_MAT","f32",-1,717,-1,896,1,1,1,3584,0.566614,1,"clFinish_profiled"
"OpenCL","COMPUTE","Qcur-21","ADD","f32",-1,718,-1,896,1,1,1,3584,0.386822,1,"clFinish_profiled"
"OpenCL","COMPUTE","Qcur-21","ROPE","f32",-1,720,-1,64,14,1,1,3584,0.424375,1,"clFinish_profiled"
"OpenCL","COMPUTE","node_722","MUL_MAT","f32",-1,721,-1,128,1,1,1,512,0.428437,1,"clFinish_profiled"
"OpenCL","COMPUTE","Kcur-21","ADD","f32",-1,722,-1,128,1,1,1,512,0.391145,1,"clFinish_profiled"
"OpenCL","COMPUTE","Kcur-21","ROPE","f32",-1,724,-1,64,2,1,1,512,0.392291,1,"clFinish_profiled"
"OpenCL","COMPUTE","node_726","MUL_MAT","f32",-1,725,-1,128,1,1,1,512,0.454792,1,"clFinish_profiled"
"OpenCL","COMPUTE","Vcur-21","ADD","f32",-1,726,-1,128,1,1,1,512,0.532292,1,"clFinish_profiled"
"OpenCL","COMPUTE","cache_k_l21 (view)","SET_ROWS","f16",-1,729,-1,128,512,1,1,131072,0.397865,1,"clFinish_profiled"
"OpenCL","COMPUTE","cache_v_l21 (view)","SET_ROWS","f16",-1,731,-1,128,512,1,1,131072,0.386927,1,"clFinish_profiled"
"OpenCL","COMPUTE","__fattn__-21","FLASH_ATTN_EXT","f32",-1,738,-1,64,14,1,1,3584,0.781510,1,"clFinish_profiled"
"OpenCL","COMPUTE","node_741","MUL_MAT","f32",-1,740,-1,896,1,1,1,3584,0.543334,1,"clFinish_profiled"
"OpenCL","COMPUTE","ffn_inp-21","ADD","f32",-1,741,-1,896,1,1,1,3584,0.387083,1,"clFinish_profiled"
"OpenCL","COMPUTE","ffn_gate-21","MUL_MAT","f32",-1,744,-1,4864,1,1,1,19456,1.049636,1,"clFinish_profiled"
"OpenCL","COMPUTE","ffn_up-21","MUL_MAT","f32",-1,745,-1,4864,1,1,1,19456,0.985781,1,"clFinish_profiled"
"OpenCL","COMPUTE","ffn_swiglu-21","GLU","f32",-1,746,-1,4864,1,1,1,19456,0.420260,1,"clFinish_profiled"
"OpenCL","COMPUTE","ffn_out-21","MUL_MAT","f32",-1,747,-1,896,1,1,1,3584,1.208073,1,"clFinish_profiled"
"OpenCL","COMPUTE","l_out-21","ADD","f32",-1,748,-1,896,1,1,1,3584,0.816615,1,"clFinish_profiled"
"OpenCL","COMPUTE","node_752","MUL_MAT","f32",-1,751,-1,896,1,1,1,3584,0.608854,1,"clFinish_profiled"
"OpenCL","COMPUTE","Qcur-22","ADD","f32",-1,752,-1,896,1,1,1,3584,0.450052,1,"clFinish_profiled"
"OpenCL","COMPUTE","Qcur-22","ROPE","f32",-1,754,-1,64,14,1,1,3584,0.401823,1,"clFinish_profiled"
"OpenCL","COMPUTE","node_756","MUL_MAT","f32",-1,755,-1,128,1,1,1,512,0.431302,1,"clFinish_profiled"
"OpenCL","COMPUTE","Kcur-22","ADD","f32",-1,756,-1,128,1,1,1,512,0.395468,1,"clFinish_profiled"
"OpenCL","COMPUTE","Kcur-22","ROPE","f32",-1,758,-1,64,2,1,1,512,0.394583,1,"clFinish_profiled"
"OpenCL","COMPUTE","node_760","MUL_MAT","f32",-1,759,-1,128,1,1,1,512,0.430312,1,"clFinish_profiled"
"OpenCL","COMPUTE","Vcur-22","ADD","f32",-1,760,-1,128,1,1,1,512,0.404479,1,"clFinish_profiled"
"OpenCL","COMPUTE","cache_k_l22 (view)","SET_ROWS","f16",-1,763,-1,128,512,1,1,131072,0.389063,1,"clFinish_profiled"
"OpenCL","COMPUTE","cache_v_l22 (view)","SET_ROWS","f16",-1,765,-1,128,512,1,1,131072,0.389427,1,"clFinish_profiled"
"OpenCL","COMPUTE","__fattn__-22","FLASH_ATTN_EXT","f32",-1,772,-1,64,14,1,1,3584,0.777812,1,"clFinish_profiled"
"OpenCL","COMPUTE","node_775","MUL_MAT","f32",-1,774,-1,896,1,1,1,3584,0.543021,1,"clFinish_profiled"
"OpenCL","COMPUTE","ffn_inp-22","ADD","f32",-1,775,-1,896,1,1,1,3584,0.385261,1,"clFinish_profiled"
"OpenCL","COMPUTE","ffn_gate-22","MUL_MAT","f32",-1,778,-1,4864,1,1,1,19456,1.049063,1,"clFinish_profiled"
"OpenCL","COMPUTE","ffn_up-22","MUL_MAT","f32",-1,779,-1,4864,1,1,1,19456,0.993906,1,"clFinish_profiled"
"OpenCL","COMPUTE","ffn_swiglu-22","GLU","f32",-1,780,-1,4864,1,1,1,19456,0.414427,1,"clFinish_profiled"
"OpenCL","COMPUTE","ffn_out-22","MUL_MAT","f32",-1,781,-1,896,1,1,1,3584,1.059792,1,"clFinish_profiled"
"OpenCL","COMPUTE","l_out-22","ADD","f32",-1,782,-1,896,1,1,1,3584,0.406355,1,"clFinish_profiled"
"OpenCL","COMPUTE","node_786","MUL_MAT","f32",-1,785,-1,896,1,1,1,3584,0.559323,1,"clFinish_profiled"
"OpenCL","COMPUTE","Qcur-23","ADD","f32",-1,786,-1,896,1,1,1,3584,0.388541,1,"clFinish_profiled"
"OpenCL","COMPUTE","Qcur-23","ROPE","f32",-1,788,-1,64,14,1,1,3584,0.392032,1,"clFinish_profiled"
"OpenCL","COMPUTE","node_790","MUL_MAT","f32",-1,789,-1,128,1,1,1,512,0.430053,1,"clFinish_profiled"
"OpenCL","COMPUTE","Kcur-23","ADD","f32",-1,790,-1,128,1,1,1,512,0.444479,1,"clFinish_profiled"
"OpenCL","COMPUTE","Kcur-23","ROPE","f32",-1,792,-1,64,2,1,1,512,0.430365,1,"clFinish_profiled"
"OpenCL","COMPUTE","node_794","MUL_MAT","f32",-1,793,-1,128,1,1,1,512,0.485625,1,"clFinish_profiled"
"OpenCL","COMPUTE","Vcur-23","ADD","f32",-1,794,-1,128,1,1,1,512,0.413333,1,"clFinish_profiled"
"OpenCL","COMPUTE","cache_k_l23 (view)","SET_ROWS","f16",-1,797,-1,128,512,1,1,131072,0.394688,1,"clFinish_profiled"
"OpenCL","COMPUTE","cache_v_l23 (view)","SET_ROWS","f16",-1,799,-1,128,512,1,1,131072,0.406719,1,"clFinish_profiled"
"OpenCL","COMPUTE","__fattn__-23","FLASH_ATTN_EXT","f32",-1,806,-1,64,14,1,1,3584,0.756562,1,"clFinish_profiled"
"OpenCL","COMPUTE","node_809","MUL_MAT","f32",-1,808,-1,896,1,1,1,3584,0.586042,1,"clFinish_profiled"
"OpenCL","COMPUTE","node_810","GET_ROWS","f32",-1,809,-1,896,1,1,1,3584,0.431719,1,"clFinish_profiled"
"OpenCL","COMPUTE","node_811","GET_ROWS","f32",-1,810,-1,896,1,1,1,3584,0.412291,1,"clFinish_profiled"
"OpenCL","COMPUTE","ffn_inp-23","ADD","f32",-1,811,-1,896,1,1,1,3584,0.379948,1,"clFinish_profiled"
"OpenCL","COMPUTE","ffn_gate-23","MUL_MAT","f32",-1,814,-1,4864,1,1,1,19456,1.040938,1,"clFinish_profiled"
"OpenCL","COMPUTE","ffn_up-23","MUL_MAT","f32",-1,815,-1,4864,1,1,1,19456,0.998438,1,"clFinish_profiled"
"OpenCL","COMPUTE","ffn_swiglu-23","GLU","f32",-1,816,-1,4864,1,1,1,19456,0.422188,1,"clFinish_profiled"
"OpenCL","COMPUTE","ffn_out-23","MUL_MAT","f32",-1,817,-1,896,1,1,1,3584,1.076510,1,"clFinish_profiled"
"OpenCL","COMPUTE","l_out-23","ADD","f32",-1,818,-1,896,1,1,1,3584,0.406510,1,"clFinish_profiled"
"OpenCL","COMPUTE","result_output","MUL_MAT","f32",-1,821,-1,151936,1,1,1,607744,18.649791,1,"clFinish_profiled"
"CPU_Elastic","COMPUTE_GRAPH","ggml_cgraph","GRAPH","",-1,1,-1,0,0,0,0,0,0.010677,1,"delegate_cpu_graph"
"OpenCL","COMPUTE","node_3","MUL_MAT","f32",-1,2,-1,896,1,1,1,3584,1.179688,1,"clFinish_profiled"
"OpenCL","COMPUTE","Qcur-0","ADD","f32",-1,3,-1,896,1,1,1,3584,1.259740,1,"clFinish_profiled"
"OpenCL","COMPUTE","Qcur-0","ROPE","f32",-1,5,-1,64,14,1,1,3584,0.781094,1,"clFinish_profiled"
"OpenCL","COMPUTE","node_7","MUL_MAT","f32",-1,6,-1,128,1,1,1,512,0.373229,1,"clFinish_profiled"
"OpenCL","COMPUTE","Kcur-0","ADD","f32",-1,7,-1,128,1,1,1,512,0.301927,1,"clFinish_profiled"
"OpenCL","COMPUTE","Kcur-0","ROPE","f32",-1,9,-1,64,2,1,1,512,0.301823,1,"clFinish_profiled"
"OpenCL","COMPUTE","node_11","MUL_MAT","f32",-1,10,-1,128,1,1,1,512,0.326615,1,"clFinish_profiled"
"OpenCL","COMPUTE","Vcur-0","ADD","f32",-1,11,-1,128,1,1,1,512,0.289218,1,"clFinish_profiled"
"OpenCL","COMPUTE","cache_k_l0 (view)","SET_ROWS","f16",-1,14,-1,128,512,1,1,131072,0.294844,1,"clFinish_profiled"
"OpenCL","COMPUTE","cache_v_l0 (view)","SET_ROWS","f16",-1,16,-1,128,512,1,1,131072,0.285521,1,"clFinish_profiled"
"OpenCL","COMPUTE"," (copy)","CPY","f16",-1,23,-1,256,64,1,1,32768,0.315937,1,"clFinish_profiled"
"OpenCL","COMPUTE","__fattn__-0","FLASH_ATTN_EXT","f32",-1,24,-1,64,14,1,1,3584,0.650677,1,"clFinish_profiled"
"OpenCL","COMPUTE","node_27","MUL_MAT","f32",-1,26,-1,896,1,1,1,3584,0.398542,1,"clFinish_profiled"
"OpenCL","COMPUTE","ffn_inp-0","ADD","f32",-1,27,-1,896,1,1,1,3584,0.329479,1,"clFinish_profiled"
"OpenCL","COMPUTE","ffn_gate-0","MUL_MAT","f32",-1,30,-1,4864,1,1,1,19456,0.647448,1,"clFinish_profiled"
"OpenCL","COMPUTE","ffn_up-0","MUL_MAT","f32",-1,31,-1,4864,1,1,1,19456,0.614375,1,"clFinish_profiled"
"OpenCL","COMPUTE","ffn_swiglu-0","GLU","f32",-1,32,-1,4864,1,1,1,19456,0.321302,1,"clFinish_profiled"
"OpenCL","COMPUTE","ffn_out-0","MUL_MAT","f32",-1,33,-1,896,1,1,1,3584,0.680312,1,"clFinish_profiled"
"OpenCL","COMPUTE","l_out-0","ADD","f32",-1,34,-1,896,1,1,1,3584,0.285677,1,"clFinish_profiled"
"OpenCL","COMPUTE","node_38","MUL_MAT","f32",-1,37,-1,896,1,1,1,3584,0.424844,1,"clFinish_profiled"
"OpenCL","COMPUTE","Qcur-1","ADD","f32",-1,38,-1,896,1,1,1,3584,0.311146,1,"clFinish_profiled"
"OpenCL","COMPUTE","Qcur-1","ROPE","f32",-1,40,-1,64,14,1,1,3584,0.359427,1,"clFinish_profiled"
"OpenCL","COMPUTE","node_42","MUL_MAT","f32",-1,41,-1,128,1,1,1,512,0.339584,1,"clFinish_profiled"
"OpenCL","COMPUTE","Kcur-1","ADD","f32",-1,42,-1,128,1,1,1,512,0.305937,1,"clFinish_profiled"
"OpenCL","COMPUTE","Kcur-1","ROPE","f32",-1,44,-1,64,2,1,1,512,0.310104,1,"clFinish_profiled"
"OpenCL","COMPUTE","node_46","MUL_MAT","f32",-1,45,-1,128,1,1,1,512,0.336459,1,"clFinish_profiled"
"OpenCL","COMPUTE","Vcur-1","ADD","f32",-1,46,-1,128,1,1,1,512,0.304375,1,"clFinish_profiled"
"OpenCL","COMPUTE","cache_k_l1 (view)","SET_ROWS","f16",-1,49,-1,128,512,1,1,131072,0.334271,1,"clFinish_profiled"
"OpenCL","COMPUTE","cache_v_l1 (view)","SET_ROWS","f16",-1,51,-1,128,512,1,1,131072,0.297917,1,"clFinish_profiled"
"OpenCL","COMPUTE","__fattn__-1","FLASH_ATTN_EXT","f32",-1,58,-1,64,14,1,1,3584,0.772240,1,"clFinish_profiled"
"OpenCL","COMPUTE","node_61","MUL_MAT","f32",-1,60,-1,896,1,1,1,3584,0.429844,1,"clFinish_profiled"
"OpenCL","COMPUTE","ffn_inp-1","ADD","f32",-1,61,-1,896,1,1,1,3584,0.350989,1,"clFinish_profiled"
"OpenCL","COMPUTE","ffn_gate-1","MUL_MAT","f32",-1,64,-1,4864,1,1,1,19456,0.671510,1,"clFinish_profiled"
"OpenCL","COMPUTE","ffn_up-1","MUL_MAT","f32",-1,65,-1,4864,1,1,1,19456,0.634375,1,"clFinish_profiled"
"OpenCL","COMPUTE","ffn_swiglu-1","GLU","f32",-1,66,-1,4864,1,1,1,19456,0.303698,1,"clFinish_profiled"
"OpenCL","COMPUTE","ffn_out-1","MUL_MAT","f32",-1,67,-1,896,1,1,1,3584,0.675312,1,"clFinish_profiled"
"OpenCL","COMPUTE","l_out-1","ADD","f32",-1,68,-1,896,1,1,1,3584,0.286927,1,"clFinish_profiled"
"OpenCL","COMPUTE","node_72","MUL_MAT","f32",-1,71,-1,896,1,1,1,3584,0.455052,1,"clFinish_profiled"
"OpenCL","COMPUTE","Qcur-2","ADD","f32",-1,72,-1,896,1,1,1,3584,0.425417,1,"clFinish_profiled"
"OpenCL","COMPUTE","Qcur-2","ROPE","f32",-1,74,-1,64,14,1,1,3584,0.906459,1,"clFinish_profiled"
"OpenCL","COMPUTE","node_76","MUL_MAT","f32",-1,75,-1,128,1,1,1,512,0.925260,1,"clFinish_profiled"
"OpenCL","COMPUTE","Kcur-2","ADD","f32",-1,76,-1,128,1,1,1,512,0.431563,1,"clFinish_profiled"
"OpenCL","COMPUTE","Kcur-2","ROPE","f32",-1,78,-1,64,2,1,1,512,0.396354,1,"clFinish_profiled"
"OpenCL","COMPUTE","node_80","MUL_MAT","f32",-1,79,-1,128,1,1,1,512,0.440937,1,"clFinish_profiled"
"OpenCL","COMPUTE","Vcur-2","ADD","f32",-1,80,-1,128,1,1,1,512,0.402812,1,"clFinish_profiled"
"OpenCL","COMPUTE","cache_k_l2 (view)","SET_ROWS","f16",-1,83,-1,128,512,1,1,131072,0.388959,1,"clFinish_profiled"
"OpenCL","COMPUTE","cache_v_l2 (view)","SET_ROWS","f16",-1,85,-1,128,512,1,1,131072,0.419271,1,"clFinish_profiled"
"OpenCL","COMPUTE","__fattn__-2","FLASH_ATTN_EXT","f32",-1,92,-1,64,14,1,1,3584,0.790365,1,"clFinish_profiled"
"OpenCL","COMPUTE","node_95","MUL_MAT","f32",-1,94,-1,896,1,1,1,3584,0.530937,1,"clFinish_profiled"
"OpenCL","COMPUTE","ffn_inp-2","ADD","f32",-1,95,-1,896,1,1,1,3584,0.383177,1,"clFinish_profiled"
"OpenCL","COMPUTE","ffn_gate-2","MUL_MAT","f32",-1,98,-1,4864,1,1,1,19456,1.023020,1,"clFinish_profiled"
"OpenCL","COMPUTE","ffn_up-2","MUL_MAT","f32",-1,99,-1,4864,1,1,1,19456,0.994271,1,"clFinish_profiled"
"OpenCL","COMPUTE","ffn_swiglu-2","GLU","f32",-1,100,-1,4864,1,1,1,19456,0.492084,1,"clFinish_profiled"
"OpenCL","COMPUTE","ffn_out-2","MUL_MAT","f32",-1,101,-1,896,1,1,1,3584,1.088385,1,"clFinish_profiled"
"OpenCL","COMPUTE","l_out-2","ADD","f32",-1,102,-1,896,1,1,1,3584,0.460573,1,"clFinish_profiled"
"OpenCL","COMPUTE","node_106","MUL_MAT","f32",-1,105,-1,896,1,1,1,3584,1.170260,1,"clFinish_profiled"
"OpenCL","COMPUTE","Qcur-3","ADD","f32",-1,106,-1,896,1,1,1,3584,0.846667,1,"clFinish_profiled"
"OpenCL","COMPUTE","Qcur-3","ROPE","f32",-1,108,-1,64,14,1,1,3584,0.481614,1,"clFinish_profiled"
"OpenCL","COMPUTE","node_110","MUL_MAT","f32",-1,109,-1,128,1,1,1,512,0.439844,1,"clFinish_profiled"
"OpenCL","COMPUTE","Kcur-3","ADD","f32",-1,110,-1,128,1,1,1,512,0.416146,1,"clFinish_profiled"
"OpenCL","COMPUTE","Kcur-3","ROPE","f32",-1,112,-1,64,2,1,1,512,0.400833,1,"clFinish_profiled"
"OpenCL","COMPUTE","node_114","MUL_MAT","f32",-1,113,-1,128,1,1,1,512,0.443073,1,"clFinish_profiled"
"OpenCL","COMPUTE","Vcur-3","ADD","f32",-1,114,-1,128,1,1,1,512,0.384844,1,"clFinish_profiled"
"OpenCL","COMPUTE","cache_k_l3 (view)","SET_ROWS","f16",-1,117,-1,128,512,1,1,131072,0.385000,1,"clFinish_profiled"
"OpenCL","COMPUTE","cache_v_l3 (view)","SET_ROWS","f16",-1,119,-1,128,512,1,1,131072,0.387604,1,"clFinish_profiled"
"OpenCL","COMPUTE","__fattn__-3","FLASH_ATTN_EXT","f32",-1,126,-1,64,14,1,1,3584,0.772656,1,"clFinish_profiled"
"OpenCL","COMPUTE","node_129","MUL_MAT","f32",-1,128,-1,896,1,1,1,3584,0.616667,1,"clFinish_profiled"
"OpenCL","COMPUTE","ffn_inp-3","ADD","f32",-1,129,-1,896,1,1,1,3584,0.402865,1,"clFinish_profiled"
"OpenCL","COMPUTE","ffn_gate-3","MUL_MAT","f32",-1,132,-1,4864,1,1,1,19456,1.092344,1,"clFinish_profiled"
"OpenCL","COMPUTE","ffn_up-3","MUL_MAT","f32",-1,133,-1,4864,1,1,1,19456,0.986823,1,"clFinish_profiled"
"OpenCL","COMPUTE","ffn_swiglu-3","GLU","f32",-1,134,-1,4864,1,1,1,19456,0.434740,1,"clFinish_profiled"
"OpenCL","COMPUTE","ffn_out-3","MUL_MAT","f32",-1,135,-1,896,1,1,1,3584,1.733386,1,"clFinish_profiled"
"OpenCL","COMPUTE","l_out-3","ADD","f32",-1,136,-1,896,1,1,1,3584,0.790312,1,"clFinish_profiled"
"OpenCL","COMPUTE","node_140","MUL_MAT","f32",-1,139,-1,896,1,1,1,3584,0.652031,1,"clFinish_profiled"
"OpenCL","COMPUTE","Qcur-4","ADD","f32",-1,140,-1,896,1,1,1,3584,0.405521,1,"clFinish_profiled"
"OpenCL","COMPUTE","Qcur-4","ROPE","f32",-1,142,-1,64,14,1,1,3584,0.436823,1,"clFinish_profiled"
"OpenCL","COMPUTE","node_144","MUL_MAT","f32",-1,143,-1,128,1,1,1,512,0.440677,1,"clFinish_profiled"
"OpenCL","COMPUTE","Kcur-4","ADD","f32",-1,144,-1,128,1,1,1,512,0.395000,1,"clFinish_profiled"
"OpenCL","COMPUTE","Kcur-4","ROPE","f32",-1,146,-1,64,2,1,1,512,0.413698,1,"clFinish_profiled"
"OpenCL","COMPUTE","node_148","MUL_MAT","f32",-1,147,-1,128,1,1,1,512,0.435885,1,"clFinish_profiled"
"OpenCL","COMPUTE","Vcur-4","ADD","f32",-1,148,-1,128,1,1,1,512,0.447344,1,"clFinish_profiled"
"OpenCL","COMPUTE","cache_k_l4 (view)","SET_ROWS","f16",-1,151,-1,128,512,1,1,131072,0.395000,1,"clFinish_profiled"
"OpenCL","COMPUTE","cache_v_l4 (view)","SET_ROWS","f16",-1,153,-1,128,512,1,1,131072,0.389948,1,"clFinish_profiled"
"OpenCL","COMPUTE","__fattn__-4","FLASH_ATTN_EXT","f32",-1,160,-1,64,14,1,1,3584,0.788281,1,"clFinish_profiled"
"OpenCL","COMPUTE","node_163","MUL_MAT","f32",-1,162,-1,896,1,1,1,3584,0.541563,1,"clFinish_profiled"
"OpenCL","COMPUTE","ffn_inp-4","ADD","f32",-1,163,-1,896,1,1,1,3584,0.389948,1,"clFinish_profiled"
"OpenCL","COMPUTE","ffn_gate-4","MUL_MAT","f32",-1,166,-1,4864,1,1,1,19456,1.020417,1,"clFinish_profiled"
"OpenCL","COMPUTE","ffn_up-4","MUL_MAT","f32",-1,167,-1,4864,1,1,1,19456,0.980938,1,"clFinish_profiled"
"OpenCL","COMPUTE","ffn_swiglu-4","GLU","f32",-1,168,-1,4864,1,1,1,19456,0.409375,1,"clFinish_profiled"
"OpenCL","COMPUTE","ffn_out-4","MUL_MAT","f32",-1,169,-1,896,1,1,1,3584,1.062812,1,"clFinish_profiled"
"OpenCL","COMPUTE","l_out-4","ADD","f32",-1,170,-1,896,1,1,1,3584,0.393021,1,"clFinish_profiled"
"OpenCL","COMPUTE","node_174","MUL_MAT","f32",-1,173,-1,896,1,1,1,3584,0.714375,1,"clFinish_profiled"
"OpenCL","COMPUTE","Qcur-5","ADD","f32",-1,174,-1,896,1,1,1,3584,0.432552,1,"clFinish_profiled"
"OpenCL","COMPUTE","Qcur-5","ROPE","f32",-1,176,-1,64,14,1,1,3584,0.399218,1,"clFinish_profiled"
"OpenCL","COMPUTE","node_178","MUL_MAT","f32",-1,177,-1,128,1,1,1,512,0.433854,1,"clFinish_profiled"
"OpenCL","COMPUTE","Kcur-5","ADD","f32",-1,178,-1,128,1,1,1,512,0.393646,1,"clFinish_profiled"
"OpenCL","COMPUTE","Kcur-5","ROPE","f32",-1,180,-1,64,2,1,1,512,0.446928,1,"clFinish_profiled"
"OpenCL","COMPUTE","node_182","MUL_MAT","f32",-1,181,-1,128,1,1,1,512,0.539792,1,"clFinish_profiled"
"OpenCL","COMPUTE","Vcur-5","ADD","f32",-1,182,-1,128,1,1,1,512,0.820209,1,"clFinish_profiled"
"OpenCL","COMPUTE","cache_k_l5 (view)","SET_ROWS","f16",-1,185,-1,128,512,1,1,131072,0.436458,1,"clFinish_profiled"
"OpenCL","COMPUTE","cache_v_l5 (view)","SET_ROWS","f16",-1,187,-1,128,512,1,1,131072,0.387448,1,"clFinish_profiled"
"OpenCL","COMPUTE","__fattn__-5","FLASH_ATTN_EXT","f32",-1,194,-1,64,14,1,1,3584,0.777708,1,"clFinish_profiled"
"OpenCL","COMPUTE","node_197","MUL_MAT","f32",-1,196,-1,896,1,1,1,3584,0.541719,1,"clFinish_profiled"
"OpenCL","COMPUTE","ffn_inp-5","ADD","f32",-1,197,-1,896,1,1,1,3584,0.393490,1,"clFinish_profiled"
"OpenCL","COMPUTE","ffn_gate-5","MUL_MAT","f32",-1,200,-1,4864,1,1,1,19456,1.019323,1,"clFinish_profiled"
"OpenCL","COMPUTE","ffn_up-5","MUL_MAT","f32",-1,201,-1,4864,1,1,1,19456,1.053385,1,"clFinish_profiled"
"OpenCL","COMPUTE","ffn_swiglu-5","GLU","f32",-1,202,-1,4864,1,1,1,19456,0.479063,1,"clFinish_profiled"
"OpenCL","COMPUTE","ffn_out-5","MUL_MAT","f32",-1,203,-1,896,1,1,1,3584,1.056406,1,"clFinish_profiled"
"OpenCL","COMPUTE","l_out-5","ADD","f32",-1,204,-1,896,1,1,1,3584,0.390104,1,"clFinish_profiled"
"OpenCL","COMPUTE","node_208","MUL_MAT","f32",-1,207,-1,896,1,1,1,3584,0.575730,1,"clFinish_profiled"
"OpenCL","COMPUTE","Qcur-6","ADD","f32",-1,208,-1,896,1,1,1,3584,0.394010,1,"clFinish_profiled"
"OpenCL","COMPUTE","Qcur-6","ROPE","f32",-1,210,-1,64,14,1,1,3584,0.405157,1,"clFinish_profiled"
"OpenCL","COMPUTE","node_212","MUL_MAT","f32",-1,211,-1,128,1,1,1,512,0.429271,1,"clFinish_profiled"
"OpenCL","COMPUTE","Kcur-6","ADD","f32",-1,212,-1,128,1,1,1,512,0.386875,1,"clFinish_profiled"
"OpenCL","COMPUTE","Kcur-6","ROPE","f32",-1,214,-1,64,2,1,1,512,0.391406,1,"clFinish_profiled"
"OpenCL","COMPUTE","node_216","MUL_MAT","f32",-1,215,-1,128,1,1,1,512,0.430417,1,"clFinish_profiled"
"OpenCL","COMPUTE","Vcur-6","ADD","f32",-1,216,-1,128,1,1,1,512,0.421302,1,"clFinish_profiled"
"OpenCL","COMPUTE","cache_k_l6 (view)","SET_ROWS","f16",-1,219,-1,128,512,1,1,131072,0.407500,1,"clFinish_profiled"
"OpenCL","COMPUTE","cache_v_l6 (view)","SET_ROWS","f16",-1,221,-1,128,512,1,1,131072,0.397864,1,"clFinish_profiled"
"OpenCL","COMPUTE","__fattn__-6","FLASH_ATTN_EXT","f32",-1,228,-1,64,14,1,1,3584,0.780209,1,"clFinish_profiled"
"OpenCL","COMPUTE","node_231","MUL_MAT","f32",-1,230,-1,896,1,1,1,3584,0.537187,1,"clFinish_profiled"
"OpenCL","COMPUTE","ffn_inp-6","ADD","f32",-1,231,-1,896,1,1,1,3584,0.382813,1,"clFinish_profiled"
"OpenCL","COMPUTE","ffn_gate-6","MUL_MAT","f32",-1,234,-1,4864,1,1,1,19456,1.023489,1,"clFinish_profiled"
"OpenCL","COMPUTE","ffn_up-6","MUL_MAT","f32",-1,235,-1,4864,1,1,1,19456,0.944844,1,"clFinish_profiled"
"OpenCL","COMPUTE","ffn_swiglu-6","GLU","f32",-1,236,-1,4864,1,1,1,19456,0.416354,1,"clFinish_profiled"
"OpenCL","COMPUTE","ffn_out-6","MUL_MAT","f32",-1,237,-1,896,1,1,1,3584,1.016406,1,"clFinish_profiled"
"OpenCL","COMPUTE","l_out-6","ADD","f32",-1,238,-1,896,1,1,1,3584,0.348802,1,"clFinish_profiled"
"OpenCL","COMPUTE","node_242","MUL_MAT","f32",-1,241,-1,896,1,1,1,3584,0.549688,1,"clFinish_profiled"
"OpenCL","COMPUTE","Qcur-7","ADD","f32",-1,242,-1,896,1,1,1,3584,0.364531,1,"clFinish_profiled"
"OpenCL","COMPUTE","Qcur-7","ROPE","f32",-1,244,-1,64,14,1,1,3584,0.344323,1,"clFinish_profiled"
"OpenCL","COMPUTE","node_246","MUL_MAT","f32",-1,245,-1,128,1,1,1,512,0.388802,1,"clFinish_profiled"
"OpenCL","COMPUTE","Kcur-7","ADD","f32",-1,246,-1,128,1,1,1,512,0.343646,1,"clFinish_profiled"
"OpenCL","COMPUTE","Kcur-7","ROPE","f32",-1,248,-1,64,2,1,1,512,0.351719,1,"clFinish_profiled"
"OpenCL","COMPUTE","node_250","MUL_MAT","f32",-1,249,-1,128,1,1,1,512,0.384479,1,"clFinish_profiled"
"OpenCL","COMPUTE","Vcur-7","ADD","f32",-1,250,-1,128,1,1,1,512,0.347084,1,"clFinish_profiled"
"OpenCL","COMPUTE","cache_k_l7 (view)","SET_ROWS","f16",-1,253,-1,128,512,1,1,131072,0.343021,1,"clFinish_profiled"
"OpenCL","COMPUTE","cache_v_l7 (view)","SET_ROWS","f16",-1,255,-1,128,512,1,1,131072,0.346667,1,"clFinish_profiled"
"OpenCL","COMPUTE","__fattn__-7","FLASH_ATTN_EXT","f32",-1,262,-1,64,14,1,1,3584,0.809740,1,"clFinish_profiled"
"OpenCL","COMPUTE","node_265","MUL_MAT","f32",-1,264,-1,896,1,1,1,3584,0.563438,1,"clFinish_profiled"
"OpenCL","COMPUTE","ffn_inp-7","ADD","f32",-1,265,-1,896,1,1,1,3584,0.380000,1,"clFinish_profiled"
"OpenCL","COMPUTE","ffn_gate-7","MUL_MAT","f32",-1,268,-1,4864,1,1,1,19456,1.056563,1,"clFinish_profiled"
"OpenCL","COMPUTE","ffn_up-7","MUL_MAT","f32",-1,269,-1,4864,1,1,1,19456,0.990052,1,"clFinish_profiled"
"OpenCL","COMPUTE","ffn_swiglu-7","GLU","f32",-1,270,-1,4864,1,1,1,19456,0.409427,1,"clFinish_profiled"
"OpenCL","COMPUTE","ffn_out-7","MUL_MAT","f32",-1,271,-1,896,1,1,1,3584,1.060573,1,"clFinish_profiled"
"OpenCL","COMPUTE","l_out-7","ADD","f32",-1,272,-1,896,1,1,1,3584,0.390781,1,"clFinish_profiled"
"OpenCL","COMPUTE","node_276","MUL_MAT","f32",-1,275,-1,896,1,1,1,3584,0.715208,1,"clFinish_profiled"
"OpenCL","COMPUTE","Qcur-8","ADD","f32",-1,276,-1,896,1,1,1,3584,0.849844,1,"clFinish_profiled"
"OpenCL","COMPUTE","Qcur-8","ROPE","f32",-1,278,-1,64,14,1,1,3584,1.099323,1,"clFinish_profiled"
"OpenCL","COMPUTE","node_280","MUL_MAT","f32",-1,279,-1,128,1,1,1,512,0.770990,1,"clFinish_profiled"
"OpenCL","COMPUTE","Kcur-8","ADD","f32",-1,280,-1,128,1,1,1,512,0.505729,1,"clFinish_profiled"
"OpenCL","COMPUTE","Kcur-8","ROPE","f32",-1,282,-1,64,2,1,1,512,0.410937,1,"clFinish_profiled"
"OpenCL","COMPUTE","node_284","MUL_MAT","f32",-1,283,-1,128,1,1,1,512,0.472083,1,"clFinish_profiled"
"OpenCL","COMPUTE","Vcur-8","ADD","f32",-1,284,-1,128,1,1,1,512,0.393906,1,"clFinish_profiled"
"OpenCL","COMPUTE","cache_k_l8 (view)","SET_ROWS","f16",-1,287,-1,128,512,1,1,131072,0.389063,1,"clFinish_profiled"
"OpenCL","COMPUTE","cache_v_l8 (view)","SET_ROWS","f16",-1,289,-1,128,512,1,1,131072,0.394791,1,"clFinish_profiled"
"OpenCL","COMPUTE","__fattn__-8","FLASH_ATTN_EXT","f32",-1,296,-1,64,14,1,1,3584,0.769218,1,"clFinish_profiled"
"OpenCL","COMPUTE","node_299","MUL_MAT","f32",-1,298,-1,896,1,1,1,3584,0.549740,1,"clFinish_profiled"
"OpenCL","COMPUTE","ffn_inp-8","ADD","f32",-1,299,-1,896,1,1,1,3584,0.392136,1,"clFinish_profiled"
"OpenCL","COMPUTE","ffn_gate-8","MUL_MAT","f32",-1,302,-1,4864,1,1,1,19456,1.041614,1,"clFinish_profiled"
"OpenCL","COMPUTE","ffn_up-8","MUL_MAT","f32",-1,303,-1,4864,1,1,1,19456,1.128802,1,"clFinish_profiled"
"OpenCL","COMPUTE","ffn_swiglu-8","GLU","f32",-1,304,-1,4864,1,1,1,19456,1.040261,1,"clFinish_profiled"
"OpenCL","COMPUTE","ffn_out-8","MUL_MAT","f32",-1,305,-1,896,1,1,1,3584,1.793906,1,"clFinish_profiled"
"OpenCL","COMPUTE","l_out-8","ADD","f32",-1,306,-1,896,1,1,1,3584,0.798645,1,"clFinish_profiled"
"OpenCL","COMPUTE","node_310","MUL_MAT","f32",-1,309,-1,896,1,1,1,3584,0.654896,1,"clFinish_profiled"
"OpenCL","COMPUTE","Qcur-9","ADD","f32",-1,310,-1,896,1,1,1,3584,0.406667,1,"clFinish_profiled"
"OpenCL","COMPUTE","Qcur-9","ROPE","f32",-1,312,-1,64,14,1,1,3584,0.401302,1,"clFinish_profiled"
"OpenCL","COMPUTE","node_314","MUL_MAT","f32",-1,313,-1,128,1,1,1,512,0.436042,1,"clFinish_profiled"
"OpenCL","COMPUTE","Kcur-9","ADD","f32",-1,314,-1,128,1,1,1,512,0.392656,1,"clFinish_profiled"
"OpenCL","COMPUTE","Kcur-9","ROPE","f32",-1,316,-1,64,2,1,1,512,0.394114,1,"clFinish_profiled"
"OpenCL","COMPUTE","node_318","MUL_MAT","f32",-1,317,-1,128,1,1,1,512,0.430625,1,"clFinish_profiled"
"OpenCL","COMPUTE","Vcur-9","ADD","f32",-1,318,-1,128,1,1,1,512,0.388438,1,"clFinish_profiled"
"OpenCL","COMPUTE","cache_k_l9 (view)","SET_ROWS","f16",-1,321,-1,128,512,1,1,131072,0.395886,1,"clFinish_profiled"
"OpenCL","COMPUTE","cache_v_l9 (view)","SET_ROWS","f16",-1,323,-1,128,512,1,1,131072,0.388646,1,"clFinish_profiled"
"OpenCL","COMPUTE","__fattn__-9","FLASH_ATTN_EXT","f32",-1,330,-1,64,14,1,1,3584,0.826823,1,"clFinish_profiled"
"OpenCL","COMPUTE","node_333","MUL_MAT","f32",-1,332,-1,896,1,1,1,3584,0.549271,1,"clFinish_profiled"
"OpenCL","COMPUTE","ffn_inp-9","ADD","f32",-1,333,-1,896,1,1,1,3584,0.388385,1,"clFinish_profiled"
"OpenCL","COMPUTE","ffn_gate-9","MUL_MAT","f32",-1,336,-1,4864,1,1,1,19456,1.091927,1,"clFinish_profiled"
"OpenCL","COMPUTE","ffn_up-9","MUL_MAT","f32",-1,337,-1,4864,1,1,1,19456,0.985573,1,"clFinish_profiled"
"OpenCL","COMPUTE","ffn_swiglu-9","GLU","f32",-1,338,-1,4864,1,1,1,19456,0.414219,1,"clFinish_profiled"
"OpenCL","COMPUTE","ffn_out-9","MUL_MAT","f32",-1,339,-1,896,1,1,1,3584,1.052031,1,"clFinish_profiled"
"OpenCL","COMPUTE","l_out-9","ADD","f32",-1,340,-1,896,1,1,1,3584,0.385469,1,"clFinish_profiled"
"OpenCL","COMPUTE","node_344","MUL_MAT","f32",-1,343,-1,896,1,1,1,3584,0.572344,1,"clFinish_profiled"
"OpenCL","COMPUTE","Qcur-10","ADD","f32",-1,344,-1,896,1,1,1,3584,0.398542,1,"clFinish_profiled"
"OpenCL","COMPUTE","Qcur-10","ROPE","f32",-1,346,-1,64,14,1,1,3584,0.396302,1,"clFinish_profiled"
"OpenCL","COMPUTE","node_348","MUL_MAT","f32",-1,347,-1,128,1,1,1,512,0.430260,1,"clFinish_profiled"
"OpenCL","COMPUTE","Kcur-10","ADD","f32",-1,348,-1,128,1,1,1,512,0.387240,1,"clFinish_profiled"
"OpenCL","COMPUTE","Kcur-10","ROPE","f32",-1,350,-1,64,2,1,1,512,0.402396,1,"clFinish_profiled"
"OpenCL","COMPUTE","node_352","MUL_MAT","f32",-1,351,-1,128,1,1,1,512,0.434792,1,"clFinish_profiled"
"OpenCL","COMPUTE","Vcur-10","ADD","f32",-1,352,-1,128,1,1,1,512,0.386667,1,"clFinish_profiled"
"OpenCL","COMPUTE","cache_k_l10 (view)","SET_ROWS","f16",-1,355,-1,128,512,1,1,131072,0.388281,1,"clFinish_profiled"
"OpenCL","COMPUTE","cache_v_l10 (view)","SET_ROWS","f16",-1,357,-1,128,512,1,1,131072,0.395313,1,"clFinish_profiled"
"OpenCL","COMPUTE","__fattn__-10","FLASH_ATTN_EXT","f32",-1,364,-1,64,14,1,1,3584,1.300834,1,"clFinish_profiled"
"OpenCL","COMPUTE","node_367","MUL_MAT","f32",-1,366,-1,896,1,1,1,3584,0.585833,1,"clFinish_profiled"
"OpenCL","COMPUTE","ffn_inp-10","ADD","f32",-1,367,-1,896,1,1,1,3584,0.390989,1,"clFinish_profiled"
"OpenCL","COMPUTE","ffn_gate-10","MUL_MAT","f32",-1,370,-1,4864,1,1,1,19456,1.052448,1,"clFinish_profiled"
"OpenCL","COMPUTE","ffn_up-10","MUL_MAT","f32",-1,371,-1,4864,1,1,1,19456,0.976458,1,"clFinish_profiled"
"OpenCL","COMPUTE","ffn_swiglu-10","GLU","f32",-1,372,-1,4864,1,1,1,19456,0.424896,1,"clFinish_profiled"
"OpenCL","COMPUTE","ffn_out-10","MUL_MAT","f32",-1,373,-1,896,1,1,1,3584,1.045886,1,"clFinish_profiled"
"OpenCL","COMPUTE","l_out-10","ADD","f32",-1,374,-1,896,1,1,1,3584,0.386145,1,"clFinish_profiled"
"OpenCL","COMPUTE","node_378","MUL_MAT","f32",-1,377,-1,896,1,1,1,3584,0.575573,1,"clFinish_profiled"
"OpenCL","COMPUTE","Qcur-11","ADD","f32",-1,378,-1,896,1,1,1,3584,0.384062,1,"clFinish_profiled"
"OpenCL","COMPUTE","Qcur-11","ROPE","f32",-1,380,-1,64,14,1,1,3584,0.392083,1,"clFinish_profiled"
"OpenCL","COMPUTE","node_382","MUL_MAT","f32",-1,381,-1,128,1,1,1,512,0.437083,1,"clFinish_profiled"
"OpenCL","COMPUTE","Kcur-11","ADD","f32",-1,382,-1,128,1,1,1,512,0.476354,1,"clFinish_profiled"
"OpenCL","COMPUTE","Kcur-11","ROPE","f32",-1,384,-1,64,2,1,1,512,0.404531,1,"clFinish_profiled"
"OpenCL","COMPUTE","node_386","MUL_MAT","f32",-1,385,-1,128,1,1,1,512,0.429583,1,"clFinish_profiled"
"OpenCL","COMPUTE","Vcur-11","ADD","f32",-1,386,-1,128,1,1,1,512,0.393490,1,"clFinish_profiled"
"OpenCL","COMPUTE","cache_k_l11 (view)","SET_ROWS","f16",-1,389,-1,128,512,1,1,131072,0.390833,1,"clFinish_profiled"
"OpenCL","COMPUTE","cache_v_l11 (view)","SET_ROWS","f16",-1,391,-1,128,512,1,1,131072,0.396823,1,"clFinish_profiled"
"OpenCL","COMPUTE","__fattn__-11","FLASH_ATTN_EXT","f32",-1,398,-1,64,14,1,1,3584,0.773802,1,"clFinish_profiled"
"OpenCL","COMPUTE","node_401","MUL_MAT","f32",-1,400,-1,896,1,1,1,3584,0.548230,1,"clFinish_profiled"
"OpenCL","COMPUTE","ffn_inp-11","ADD","f32",-1,401,-1,896,1,1,1,3584,0.398021,1,"clFinish_profiled"
"OpenCL","COMPUTE","ffn_gate-11","MUL_MAT","f32",-1,404,-1,4864,1,1,1,19456,1.044167,1,"clFinish_profiled"
"OpenCL","COMPUTE","ffn_up-11","MUL_MAT","f32",-1,405,-1,4864,1,1,1,19456,1.022084,1,"clFinish_profiled"
"OpenCL","COMPUTE","ffn_swiglu-11","GLU","f32",-1,406,-1,4864,1,1,1,19456,0.411198,1,"clFinish_profiled"
"OpenCL","COMPUTE","ffn_out-11","MUL_MAT","f32",-1,407,-1,896,1,1,1,3584,1.079010,1,"clFinish_profiled"
"OpenCL","COMPUTE","l_out-11","ADD","f32",-1,408,-1,896,1,1,1,3584,0.392812,1,"clFinish_profiled"
"OpenCL","COMPUTE","node_412","MUL_MAT","f32",-1,411,-1,896,1,1,1,3584,0.642292,1,"clFinish_profiled"
"OpenCL","COMPUTE","Qcur-12","ADD","f32",-1,412,-1,896,1,1,1,3584,0.396094,1,"clFinish_profiled"
"OpenCL","COMPUTE","Qcur-12","ROPE","f32",-1,414,-1,64,14,1,1,3584,0.403594,1,"clFinish_profiled"
"OpenCL","COMPUTE","node_416","MUL_MAT","f32",-1,415,-1,128,1,1,1,512,0.425729,1,"clFinish_profiled"
"OpenCL","COMPUTE","Kcur-12","ADD","f32",-1,416,-1,128,1,1,1,512,0.388229,1,"clFinish_profiled"
"OpenCL","COMPUTE","Kcur-12","ROPE","f32",-1,418,-1,64,2,1,1,512,0.392032,1,"clFinish_profiled"
"OpenCL","COMPUTE","node_420","MUL_MAT","f32",-1,419,-1,128,1,1,1,512,0.425000,1,"clFinish_profiled"
"OpenCL","COMPUTE","Vcur-12","ADD","f32",-1,420,-1,128,1,1,1,512,0.386510,1,"clFinish_profiled"
"OpenCL","COMPUTE","cache_k_l12 (view)","SET_ROWS","f16",-1,423,-1,128,512,1,1,131072,0.392968,1,"clFinish_profiled"
"OpenCL","COMPUTE","cache_v_l12 (view)","SET_ROWS","f16",-1,425,-1,128,512,1,1,131072,0.382917,1,"clFinish_profiled"
"OpenCL","COMPUTE","__fattn__-12","FLASH_ATTN_EXT","f32",-1,432,-1,64,14,1,1,3584,0.768594,1,"clFinish_profiled"
"OpenCL","COMPUTE","node_435","MUL_MAT","f32",-1,434,-1,896,1,1,1,3584,0.577083,1,"clFinish_profiled"
"OpenCL","COMPUTE","ffn_inp-12","ADD","f32",-1,435,-1,896,1,1,1,3584,0.383958,1,"clFinish_profiled"
"OpenCL","COMPUTE","ffn_gate-12","MUL_MAT","f32",-1,438,-1,4864,1,1,1,19456,1.009062,1,"clFinish_profiled"
"OpenCL","COMPUTE","ffn_up-12","MUL_MAT","f32",-1,439,-1,4864,1,1,1,19456,0.985104,1,"clFinish_profiled"
"OpenCL","COMPUTE","ffn_swiglu-12","GLU","f32",-1,440,-1,4864,1,1,1,19456,0.409375,1,"clFinish_profiled"
"OpenCL","COMPUTE","ffn_out-12","MUL_MAT","f32",-1,441,-1,896,1,1,1,3584,1.083229,1,"clFinish_profiled"
"OpenCL","COMPUTE","l_out-12","ADD","f32",-1,442,-1,896,1,1,1,3584,0.400052,1,"clFinish_profiled"
"OpenCL","COMPUTE","node_446","MUL_MAT","f32",-1,445,-1,896,1,1,1,3584,0.558542,1,"clFinish_profiled"
"OpenCL","COMPUTE","Qcur-13","ADD","f32",-1,446,-1,896,1,1,1,3584,0.401198,1,"clFinish_profiled"
"OpenCL","COMPUTE","Qcur-13","ROPE","f32",-1,448,-1,64,14,1,1,3584,0.614844,1,"clFinish_profiled"
"OpenCL","COMPUTE","node_450","MUL_MAT","f32",-1,449,-1,128,1,1,1,512,0.901302,1,"clFinish_profiled"
"OpenCL","COMPUTE","Kcur-13","ADD","f32",-1,450,-1,128,1,1,1,512,0.729010,1,"clFinish_profiled"
"OpenCL","COMPUTE","Kcur-13","ROPE","f32",-1,452,-1,64,2,1,1,512,0.928386,1,"clFinish_profiled"
"OpenCL","COMPUTE","node_454","MUL_MAT","f32",-1,453,-1,128,1,1,1,512,0.849063,1,"clFinish_profiled"
"OpenCL","COMPUTE","Vcur-13","ADD","f32",-1,454,-1,128,1,1,1,512,0.432657,1,"clFinish_profiled"
"OpenCL","COMPUTE","cache_k_l13 (view)","SET_ROWS","f16",-1,457,-1,128,512,1,1,131072,0.405521,1,"clFinish_profiled"
"OpenCL","COMPUTE","cache_v_l13 (view)","SET_ROWS","f16",-1,459,-1,128,512,1,1,131072,0.383593,1,"clFinish_profiled"
"OpenCL","COMPUTE","__fattn__-13","FLASH_ATTN_EXT","f32",-1,466,-1,64,14,1,1,3584,0.782708,1,"clFinish_profiled"
"OpenCL","COMPUTE","node_469","MUL_MAT","f32",-1,468,-1,896,1,1,1,3584,0.562396,1,"clFinish_profiled"
"OpenCL","COMPUTE","ffn_inp-13","ADD","f32",-1,469,-1,896,1,1,1,3584,0.399219,1,"clFinish_profiled"
"OpenCL","COMPUTE","ffn_gate-13","MUL_MAT","f32",-1,472,-1,4864,1,1,1,19456,1.096510,1,"clFinish_profiled"
"OpenCL","COMPUTE","ffn_up-13","MUL_MAT","f32",-1,473,-1,4864,1,1,1,19456,1.207344,1,"clFinish_profiled"
"OpenCL","COMPUTE","ffn_swiglu-13","GLU","f32",-1,474,-1,4864,1,1,1,19456,0.969062,1,"clFinish_profiled"
"OpenCL","COMPUTE","ffn_out-13","MUL_MAT","f32",-1,475,-1,896,1,1,1,3584,1.796771,1,"clFinish_profiled"
"OpenCL","COMPUTE","l_out-13","ADD","f32",-1,476,-1,896,1,1,1,3584,0.781510,1,"clFinish_profiled"
"OpenCL","COMPUTE","node_480","MUL_MAT","f32",-1,479,-1,896,1,1,1,3584,1.036406,1,"clFinish_profiled"
"OpenCL","COMPUTE","Qcur-14","ADD","f32",-1,480,-1,896,1,1,1,3584,0.481719,1,"clFinish_profiled"
"OpenCL","COMPUTE","Qcur-14","ROPE","f32",-1,482,-1,64,14,1,1,3584,0.409635,1,"clFinish_profiled"
"OpenCL","COMPUTE","node_484","MUL_MAT","f32",-1,483,-1,128,1,1,1,512,0.432448,1,"clFinish_profiled"
"OpenCL","COMPUTE","Kcur-14","ADD","f32",-1,484,-1,128,1,1,1,512,0.390417,1,"clFinish_profiled"
"OpenCL","COMPUTE","Kcur-14","ROPE","f32",-1,486,-1,64,2,1,1,512,0.402813,1,"clFinish_profiled"
"OpenCL","COMPUTE","node_488","MUL_MAT","f32",-1,487,-1,128,1,1,1,512,0.427812,1,"clFinish_profiled"
"OpenCL","COMPUTE","Vcur-14","ADD","f32",-1,488,-1,128,1,1,1,512,0.394895,1,"clFinish_profiled"
"OpenCL","COMPUTE","cache_k_l14 (view)","SET_ROWS","f16",-1,491,-1,128,512,1,1,131072,0.393906,1,"clFinish_profiled"
"OpenCL","COMPUTE","cache_v_l14 (view)","SET_ROWS","f16",-1,493,-1,128,512,1,1,131072,0.394479,1,"clFinish_profiled"
"OpenCL","COMPUTE","__fattn__-14","FLASH_ATTN_EXT","f32",-1,500,-1,64,14,1,1,3584,0.869480,1,"clFinish_profiled"
"OpenCL","COMPUTE","node_503","MUL_MAT","f32",-1,502,-1,896,1,1,1,3584,0.995781,1,"clFinish_profiled"
"OpenCL","COMPUTE","ffn_inp-14","ADD","f32",-1,503,-1,896,1,1,1,3584,0.434896,1,"clFinish_profiled"
"OpenCL","COMPUTE","ffn_gate-14","MUL_MAT","f32",-1,506,-1,4864,1,1,1,19456,1.012500,1,"clFinish_profiled"
"OpenCL","COMPUTE","ffn_up-14","MUL_MAT","f32",-1,507,-1,4864,1,1,1,19456,0.986459,1,"clFinish_profiled"
"OpenCL","COMPUTE","ffn_swiglu-14","GLU","f32",-1,508,-1,4864,1,1,1,19456,0.493178,1,"clFinish_profiled"
"OpenCL","COMPUTE","ffn_out-14","MUL_MAT","f32",-1,509,-1,896,1,1,1,3584,1.861771,1,"clFinish_profiled"
"OpenCL","COMPUTE","l_out-14","ADD","f32",-1,510,-1,896,1,1,1,3584,0.784844,1,"clFinish_profiled"
"OpenCL","COMPUTE","node_514","MUL_MAT","f32",-1,513,-1,896,1,1,1,3584,0.674583,1,"clFinish_profiled"
"OpenCL","COMPUTE","Qcur-15","ADD","f32",-1,514,-1,896,1,1,1,3584,0.405000,1,"clFinish_profiled"
"OpenCL","COMPUTE","Qcur-15","ROPE","f32",-1,516,-1,64,14,1,1,3584,0.404167,1,"clFinish_profiled"
"OpenCL","COMPUTE","node_518","MUL_MAT","f32",-1,517,-1,128,1,1,1,512,0.433490,1,"clFinish_profiled"
"OpenCL","COMPUTE","Kcur-15","ADD","f32",-1,518,-1,128,1,1,1,512,0.381615,1,"clFinish_profiled"
"OpenCL","COMPUTE","Kcur-15","ROPE","f32",-1,520,-1,64,2,1,1,512,0.600989,1,"clFinish_profiled"
"OpenCL","COMPUTE","node_522","MUL_MAT","f32",-1,521,-1,128,1,1,1,512,0.841041,1,"clFinish_profiled"
"OpenCL","COMPUTE","Vcur-15","ADD","f32",-1,522,-1,128,1,1,1,512,0.448854,1,"clFinish_profiled"
"OpenCL","COMPUTE","cache_k_l15 (view)","SET_ROWS","f16",-1,525,-1,128,512,1,1,131072,0.395364,1,"clFinish_profiled"
"OpenCL","COMPUTE","cache_v_l15 (view)","SET_ROWS","f16",-1,527,-1,128,512,1,1,131072,0.389896,1,"clFinish_profiled"
"OpenCL","COMPUTE","__fattn__-15","FLASH_ATTN_EXT","f32",-1,534,-1,64,14,1,1,3584,0.839896,1,"clFinish_profiled"
"OpenCL","COMPUTE","node_537","MUL_MAT","f32",-1,536,-1,896,1,1,1,3584,0.589375,1,"clFinish_profiled"
"OpenCL","COMPUTE","ffn_inp-15","ADD","f32",-1,537,-1,896,1,1,1,3584,0.399584,1,"clFinish_profiled"
"OpenCL","COMPUTE","ffn_gate-15","MUL_MAT","f32",-1,540,-1,4864,1,1,1,19456,1.020052,1,"clFinish_profiled"
"OpenCL","COMPUTE","ffn_up-15","MUL_MAT","f32",-1,541,-1,4864,1,1,1,19456,1.076771,1,"clFinish_profiled"
"OpenCL","COMPUTE","ffn_swiglu-15","GLU","f32",-1,542,-1,4864,1,1,1,19456,0.442500,1,"clFinish_profiled"
"OpenCL","COMPUTE","ffn_out-15","MUL_MAT","f32",-1,543,-1,896,1,1,1,3584,1.060208,1,"clFinish_profiled"
"OpenCL","COMPUTE","l_out-15","ADD","f32",-1,544,-1,896,1,1,1,3584,0.396510,1,"clFinish_profiled"
"OpenCL","COMPUTE","node_548","MUL_MAT","f32",-1,547,-1,896,1,1,1,3584,0.580677,1,"clFinish_profiled"
"OpenCL","COMPUTE","Qcur-16","ADD","f32",-1,548,-1,896,1,1,1,3584,0.395521,1,"clFinish_profiled"
"OpenCL","COMPUTE","Qcur-16","ROPE","f32",-1,550,-1,64,14,1,1,3584,0.401094,1,"clFinish_profiled"
"OpenCL","COMPUTE","node_552","MUL_MAT","f32",-1,551,-1,128,1,1,1,512,0.428698,1,"clFinish_profiled"
"OpenCL","COMPUTE","Kcur-16","ADD","f32",-1,552,-1,128,1,1,1,512,0.386041,1,"clFinish_profiled"
"OpenCL","COMPUTE","Kcur-16","ROPE","f32",-1,554,-1,64,2,1,1,512,0.441302,1,"clFinish_profiled"
"OpenCL","COMPUTE","node_556","MUL_MAT","f32",-1,555,-1,128,1,1,1,512,0.445729,1,"clFinish_profiled"
"OpenCL","COMPUTE","Vcur-16","ADD","f32",-1,556,-1,128,1,1,1,512,0.396823,1,"clFinish_profiled"
"OpenCL","COMPUTE","cache_k_l16 (view)","SET_ROWS","f16",-1,559,-1,128,512,1,1,131072,0.390885,1,"clFinish_profiled"
"OpenCL","COMPUTE","cache_v_l16 (view)","SET_ROWS","f16",-1,561,-1,128,512,1,1,131072,0.392135,1,"clFinish_profiled"
"OpenCL","COMPUTE","__fattn__-16","FLASH_ATTN_EXT","f32",-1,568,-1,64,14,1,1,3584,0.779583,1,"clFinish_profiled"
"OpenCL","COMPUTE","node_571","MUL_MAT","f32",-1,570,-1,896,1,1,1,3584,0.576198,1,"clFinish_profiled"
"OpenCL","COMPUTE","ffn_inp-16","ADD","f32",-1,571,-1,896,1,1,1,3584,0.393958,1,"clFinish_profiled"
"OpenCL","COMPUTE","ffn_gate-16","MUL_MAT","f32",-1,574,-1,4864,1,1,1,19456,1.045885,1,"clFinish_profiled"
"OpenCL","COMPUTE","ffn_up-16","MUL_MAT","f32",-1,575,-1,4864,1,1,1,19456,0.981198,1,"clFinish_profiled"
"OpenCL","COMPUTE","ffn_swiglu-16","GLU","f32",-1,576,-1,4864,1,1,1,19456,0.411198,1,"clFinish_profiled"
"OpenCL","COMPUTE","ffn_out-16","MUL_MAT","f32",-1,577,-1,896,1,1,1,3584,1.060417,1,"clFinish_profiled"
"OpenCL","COMPUTE","l_out-16","ADD","f32",-1,578,-1,896,1,1,1,3584,0.390573,1,"clFinish_profiled"
"OpenCL","COMPUTE","node_582","MUL_MAT","f32",-1,581,-1,896,1,1,1,3584,0.579167,1,"clFinish_profiled"
"OpenCL","COMPUTE","Qcur-17","ADD","f32",-1,582,-1,896,1,1,1,3584,0.452865,1,"clFinish_profiled"
"OpenCL","COMPUTE","Qcur-17","ROPE","f32",-1,584,-1,64,14,1,1,3584,0.402032,1,"clFinish_profiled"
"OpenCL","COMPUTE","node_586","MUL_MAT","f32",-1,585,-1,128,1,1,1,512,0.435677,1,"clFinish_profiled"
"OpenCL","COMPUTE","Kcur-17","ADD","f32",-1,586,-1,128,1,1,1,512,0.389948,1,"clFinish_profiled"
"OpenCL","COMPUTE","Kcur-17","ROPE","f32",-1,588,-1,64,2,1,1,512,0.394844,1,"clFinish_profiled"
"OpenCL","COMPUTE","node_590","MUL_MAT","f32",-1,589,-1,128,1,1,1,512,0.421875,1,"clFinish_profiled"
"OpenCL","COMPUTE","Vcur-17","ADD","f32",-1,590,-1,128,1,1,1,512,0.387864,1,"clFinish_profiled"
"OpenCL","COMPUTE","cache_k_l17 (view)","SET_ROWS","f16",-1,593,-1,128,512,1,1,131072,0.389323,1,"clFinish_profiled"
"OpenCL","COMPUTE","cache_v_l17 (view)","SET_ROWS","f16",-1,595,-1,128,512,1,1,131072,0.390782,1,"clFinish_profiled"
"OpenCL","COMPUTE","__fattn__-17","FLASH_ATTN_EXT","f32",-1,602,-1,64,14,1,1,3584,0.770104,1,"clFinish_profiled"
"OpenCL","COMPUTE","node_605","MUL_MAT","f32",-1,604,-1,896,1,1,1,3584,0.577448,1,"clFinish_profiled"
"OpenCL","COMPUTE","ffn_inp-17","ADD","f32",-1,605,-1,896,1,1,1,3584,0.382604,1,"clFinish_profiled"
"OpenCL","COMPUTE","ffn_gate-17","MUL_MAT","f32",-1,608,-1,4864,1,1,1,19456,1.011875,1,"clFinish_profiled"
"OpenCL","COMPUTE","ffn_up-17","MUL_MAT","f32",-1,609,-1,4864,1,1,1,19456,0.982500,1,"clFinish_profiled"
"OpenCL","COMPUTE","ffn_swiglu-17","GLU","f32",-1,610,-1,4864,1,1,1,19456,0.407448,1,"clFinish_profiled"
"OpenCL","COMPUTE","ffn_out-17","MUL_MAT","f32",-1,611,-1,896,1,1,1,3584,1.044584,1,"clFinish_profiled"
"OpenCL","COMPUTE","l_out-17","ADD","f32",-1,612,-1,896,1,1,1,3584,0.598541,1,"clFinish_profiled"
"OpenCL","COMPUTE","node_616","MUL_MAT","f32",-1,615,-1,896,1,1,1,3584,1.047552,1,"clFinish_profiled"
"OpenCL","COMPUTE","Qcur-18","ADD","f32",-1,616,-1,896,1,1,1,3584,0.798646,1,"clFinish_profiled"
"OpenCL","COMPUTE","Qcur-18","ROPE","f32",-1,618,-1,64,14,1,1,3584,0.499844,1,"clFinish_profiled"
"OpenCL","COMPUTE","node_620","MUL_MAT","f32",-1,619,-1,128,1,1,1,512,0.494114,1,"clFinish_profiled"
"OpenCL","COMPUTE","Kcur-18","ADD","f32",-1,620,-1,128,1,1,1,512,0.418646,1,"clFinish_profiled"
"OpenCL","COMPUTE","Kcur-18","ROPE","f32",-1,622,-1,64,2,1,1,512,0.394687,1,"clFinish_profiled"
"OpenCL","COMPUTE","node_624","MUL_MAT","f32",-1,623,-1,128,1,1,1,512,0.495208,1,"clFinish_profiled"
"OpenCL","COMPUTE","Vcur-18","ADD","f32",-1,624,-1,128,1,1,1,512,0.833177,1,"clFinish_profiled"
"OpenCL","COMPUTE","cache_k_l18 (view)","SET_ROWS","f16",-1,627,-1,128,512,1,1,131072,0.423646,1,"clFinish_profiled"
"OpenCL","COMPUTE","cache_v_l18 (view)","SET_ROWS","f16",-1,629,-1,128,512,1,1,131072,0.389479,1,"clFinish_profiled"
"OpenCL","COMPUTE","__fattn__-18","FLASH_ATTN_EXT","f32",-1,636,-1,64,14,1,1,3584,0.778490,1,"clFinish_profiled"
"OpenCL","COMPUTE","node_639","MUL_MAT","f32",-1,638,-1,896,1,1,1,3584,0.542240,1,"clFinish_profiled"
"OpenCL","COMPUTE","ffn_inp-18","ADD","f32",-1,639,-1,896,1,1,1,3584,0.555885,1,"clFinish_profiled"
"OpenCL","COMPUTE","ffn_gate-18","MUL_MAT","f32",-1,642,-1,4864,1,1,1,19456,1.035364,1,"clFinish_profiled"
"OpenCL","COMPUTE","ffn_up-18","MUL_MAT","f32",-1,643,-1,4864,1,1,1,19456,0.988698,1,"clFinish_profiled"
"OpenCL","COMPUTE","ffn_swiglu-18","GLU","f32",-1,644,-1,4864,1,1,1,19456,0.428333,1,"clFinish_profiled"
"OpenCL","COMPUTE","ffn_out-18","MUL_MAT","f32",-1,645,-1,896,1,1,1,3584,1.073489,1,"clFinish_profiled"
"OpenCL","COMPUTE","l_out-18","ADD","f32",-1,646,-1,896,1,1,1,3584,0.396510,1,"clFinish_profiled"
"OpenCL","COMPUTE","node_650","MUL_MAT","f32",-1,649,-1,896,1,1,1,3584,0.559687,1,"clFinish_profiled"
"OpenCL","COMPUTE","Qcur-19","ADD","f32",-1,650,-1,896,1,1,1,3584,0.392135,1,"clFinish_profiled"
"OpenCL","COMPUTE","Qcur-19","ROPE","f32",-1,652,-1,64,14,1,1,3584,0.388646,1,"clFinish_profiled"
"OpenCL","COMPUTE","node_654","MUL_MAT","f32",-1,653,-1,128,1,1,1,512,0.433333,1,"clFinish_profiled"
"OpenCL","COMPUTE","Kcur-19","ADD","f32",-1,654,-1,128,1,1,1,512,0.387448,1,"clFinish_profiled"
"OpenCL","COMPUTE","Kcur-19","ROPE","f32",-1,656,-1,64,2,1,1,512,0.403906,1,"clFinish_profiled"
"OpenCL","COMPUTE","node_658","MUL_MAT","f32",-1,657,-1,128,1,1,1,512,0.438438,1,"clFinish_profiled"
"OpenCL","COMPUTE","Vcur-19","ADD","f32",-1,658,-1,128,1,1,1,512,0.381094,1,"clFinish_profiled"
"OpenCL","COMPUTE","cache_k_l19 (view)","SET_ROWS","f16",-1,661,-1,128,512,1,1,131072,0.386510,1,"clFinish_profiled"
"OpenCL","COMPUTE","cache_v_l19 (view)","SET_ROWS","f16",-1,663,-1,128,512,1,1,131072,0.418698,1,"clFinish_profiled"
"OpenCL","COMPUTE","__fattn__-19","FLASH_ATTN_EXT","f32",-1,670,-1,64,14,1,1,3584,0.814323,1,"clFinish_profiled"
"OpenCL","COMPUTE","node_673","MUL_MAT","f32",-1,672,-1,896,1,1,1,3584,0.541302,1,"clFinish_profiled"
"OpenCL","COMPUTE","ffn_inp-19","ADD","f32",-1,673,-1,896,1,1,1,3584,0.390729,1,"clFinish_profiled"
"OpenCL","COMPUTE","ffn_gate-19","MUL_MAT","f32",-1,676,-1,4864,1,1,1,19456,1.066770,1,"clFinish_profiled"
"OpenCL","COMPUTE","ffn_up-19","MUL_MAT","f32",-1,677,-1,4864,1,1,1,19456,0.997344,1,"clFinish_profiled"
"OpenCL","COMPUTE","ffn_swiglu-19","GLU","f32",-1,678,-1,4864,1,1,1,19456,0.420416,1,"clFinish_profiled"
"OpenCL","COMPUTE","ffn_out-19","MUL_MAT","f32",-1,679,-1,896,1,1,1,3584,1.285469,1,"clFinish_profiled"
"OpenCL","COMPUTE","l_out-19","ADD","f32",-1,680,-1,896,1,1,1,3584,0.704323,1,"clFinish_profiled"
"OpenCL","COMPUTE","node_684","MUL_MAT","f32",-1,683,-1,896,1,1,1,3584,0.780104,1,"clFinish_profiled"
"OpenCL","COMPUTE","Qcur-20","ADD","f32",-1,684,-1,896,1,1,1,3584,0.787969,1,"clFinish_profiled"
"OpenCL","COMPUTE","Qcur-20","ROPE","f32",-1,686,-1,64,14,1,1,3584,0.486250,1,"clFinish_profiled"
"OpenCL","COMPUTE","node_688","MUL_MAT","f32",-1,687,-1,128,1,1,1,512,0.496980,1,"clFinish_profiled"
"OpenCL","COMPUTE","Kcur-20","ADD","f32",-1,688,-1,128,1,1,1,512,0.395052,1,"clFinish_profiled"
"OpenCL","COMPUTE","Kcur-20","ROPE","f32",-1,690,-1,64,2,1,1,512,0.408073,1,"clFinish_profiled"
"OpenCL","COMPUTE","node_692","MUL_MAT","f32",-1,691,-1,128,1,1,1,512,0.432500,1,"clFinish_profiled"
"OpenCL","COMPUTE","Vcur-20","ADD","f32",-1,692,-1,128,1,1,1,512,0.430781,1,"clFinish_profiled"
"OpenCL","COMPUTE","cache_k_l20 (view)","SET_ROWS","f16",-1,695,-1,128,512,1,1,131072,0.386250,1,"clFinish_profiled"
"OpenCL","COMPUTE","cache_v_l20 (view)","SET_ROWS","f16",-1,697,-1,128,512,1,1,131072,0.397292,1,"clFinish_profiled"
"OpenCL","COMPUTE","__fattn__-20","FLASH_ATTN_EXT","f32",-1,704,-1,64,14,1,1,3584,0.769167,1,"clFinish_profiled"
"OpenCL","COMPUTE","node_707","MUL_MAT","f32",-1,706,-1,896,1,1,1,3584,0.529167,1,"clFinish_profiled"
"OpenCL","COMPUTE","ffn_inp-20","ADD","f32",-1,707,-1,896,1,1,1,3584,0.390521,1,"clFinish_profiled"
"OpenCL","COMPUTE","ffn_gate-20","MUL_MAT","f32",-1,710,-1,4864,1,1,1,19456,1.055209,1,"clFinish_profiled"
"OpenCL","COMPUTE","ffn_up-20","MUL_MAT","f32",-1,711,-1,4864,1,1,1,19456,1.018021,1,"clFinish_profiled"
"OpenCL","COMPUTE","ffn_swiglu-20","GLU","f32",-1,712,-1,4864,1,1,1,19456,0.419166,1,"clFinish_profiled"
"OpenCL","COMPUTE","ffn_out-20","MUL_MAT","f32",-1,713,-1,896,1,1,1,3584,1.205833,1,"clFinish_profiled"
"OpenCL","COMPUTE","l_out-20","ADD","f32",-1,714,-1,896,1,1,1,3584,0.834583,1,"clFinish_profiled"
"OpenCL","COMPUTE","node_718","MUL_MAT","f32",-1,717,-1,896,1,1,1,3584,0.604739,1,"clFinish_profiled"
"OpenCL","COMPUTE","Qcur-21","ADD","f32",-1,718,-1,896,1,1,1,3584,0.433073,1,"clFinish_profiled"
"OpenCL","COMPUTE","Qcur-21","ROPE","f32",-1,720,-1,64,14,1,1,3584,0.433385,1,"clFinish_profiled"
"OpenCL","COMPUTE","node_722","MUL_MAT","f32",-1,721,-1,128,1,1,1,512,0.453021,1,"clFinish_profiled"
"OpenCL","COMPUTE","Kcur-21","ADD","f32",-1,722,-1,128,1,1,1,512,0.408281,1,"clFinish_profiled"
"OpenCL","COMPUTE","Kcur-21","ROPE","f32",-1,724,-1,64,2,1,1,512,0.468125,1,"clFinish_profiled"
"OpenCL","COMPUTE","node_726","MUL_MAT","f32",-1,725,-1,128,1,1,1,512,0.445937,1,"clFinish_profiled"
"OpenCL","COMPUTE","Vcur-21","ADD","f32",-1,726,-1,128,1,1,1,512,0.397136,1,"clFinish_profiled"
"OpenCL","COMPUTE","cache_k_l21 (view)","SET_ROWS","f16",-1,729,-1,128,512,1,1,131072,0.406355,1,"clFinish_profiled"
"OpenCL","COMPUTE","cache_v_l21 (view)","SET_ROWS","f16",-1,731,-1,128,512,1,1,131072,0.388386,1,"clFinish_profiled"
"OpenCL","COMPUTE","__fattn__-21","FLASH_ATTN_EXT","f32",-1,738,-1,64,14,1,1,3584,0.783854,1,"clFinish_profiled"
"OpenCL","COMPUTE","node_741","MUL_MAT","f32",-1,740,-1,896,1,1,1,3584,0.535313,1,"clFinish_profiled"
"OpenCL","COMPUTE","ffn_inp-21","ADD","f32",-1,741,-1,896,1,1,1,3584,0.401666,1,"clFinish_profiled"
"OpenCL","COMPUTE","ffn_gate-21","MUL_MAT","f32",-1,744,-1,4864,1,1,1,19456,1.069167,1,"clFinish_profiled"
"OpenCL","COMPUTE","ffn_up-21","MUL_MAT","f32",-1,745,-1,4864,1,1,1,19456,1.011198,1,"clFinish_profiled"
"OpenCL","COMPUTE","ffn_swiglu-21","GLU","f32",-1,746,-1,4864,1,1,1,19456,0.411198,1,"clFinish_profiled"
"OpenCL","COMPUTE","ffn_out-21","MUL_MAT","f32",-1,747,-1,896,1,1,1,3584,1.060000,1,"clFinish_profiled"
"OpenCL","COMPUTE","l_out-21","ADD","f32",-1,748,-1,896,1,1,1,3584,0.388542,1,"clFinish_profiled"
"OpenCL","COMPUTE","node_752","MUL_MAT","f32",-1,751,-1,896,1,1,1,3584,0.568072,1,"clFinish_profiled"
"OpenCL","COMPUTE","Qcur-22","ADD","f32",-1,752,-1,896,1,1,1,3584,0.389479,1,"clFinish_profiled"
"OpenCL","COMPUTE","Qcur-22","ROPE","f32",-1,754,-1,64,14,1,1,3584,0.398906,1,"clFinish_profiled"
"OpenCL","COMPUTE","node_756","MUL_MAT","f32",-1,755,-1,128,1,1,1,512,0.428802,1,"clFinish_profiled"
"OpenCL","COMPUTE","Kcur-22","ADD","f32",-1,756,-1,128,1,1,1,512,0.389948,1,"clFinish_profiled"
"OpenCL","COMPUTE","Kcur-22","ROPE","f32",-1,758,-1,64,2,1,1,512,0.429532,1,"clFinish_profiled"
"OpenCL","COMPUTE","node_760","MUL_MAT","f32",-1,759,-1,128,1,1,1,512,0.457604,1,"clFinish_profiled"
"OpenCL","COMPUTE","Vcur-22","ADD","f32",-1,760,-1,128,1,1,1,512,0.386771,1,"clFinish_profiled"
"OpenCL","COMPUTE","cache_k_l22 (view)","SET_ROWS","f16",-1,763,-1,128,512,1,1,131072,0.396875,1,"clFinish_profiled"
"OpenCL","COMPUTE","cache_v_l22 (view)","SET_ROWS","f16",-1,765,-1,128,512,1,1,131072,0.384895,1,"clFinish_profiled"
"OpenCL","COMPUTE","__fattn__-22","FLASH_ATTN_EXT","f32",-1,772,-1,64,14,1,1,3584,0.785365,1,"clFinish_profiled"
"OpenCL","COMPUTE","node_775","MUL_MAT","f32",-1,774,-1,896,1,1,1,3584,0.543959,1,"clFinish_profiled"
"OpenCL","COMPUTE","ffn_inp-22","ADD","f32",-1,775,-1,896,1,1,1,3584,0.391823,1,"clFinish_profiled"
"OpenCL","COMPUTE","ffn_gate-22","MUL_MAT","f32",-1,778,-1,4864,1,1,1,19456,1.051093,1,"clFinish_profiled"
"OpenCL","COMPUTE","ffn_up-22","MUL_MAT","f32",-1,779,-1,4864,1,1,1,19456,0.991615,1,"clFinish_profiled"
"OpenCL","COMPUTE","ffn_swiglu-22","GLU","f32",-1,780,-1,4864,1,1,1,19456,0.409532,1,"clFinish_profiled"
"OpenCL","COMPUTE","ffn_out-22","MUL_MAT","f32",-1,781,-1,896,1,1,1,3584,1.045989,1,"clFinish_profiled"
"OpenCL","COMPUTE","l_out-22","ADD","f32",-1,782,-1,896,1,1,1,3584,0.390834,1,"clFinish_profiled"
"OpenCL","COMPUTE","node_786","MUL_MAT","f32",-1,785,-1,896,1,1,1,3584,0.623282,1,"clFinish_profiled"
"OpenCL","COMPUTE","Qcur-23","ADD","f32",-1,786,-1,896,1,1,1,3584,0.409010,1,"clFinish_profiled"
"OpenCL","COMPUTE","Qcur-23","ROPE","f32",-1,788,-1,64,14,1,1,3584,0.414740,1,"clFinish_profiled"
"OpenCL","COMPUTE","node_790","MUL_MAT","f32",-1,789,-1,128,1,1,1,512,0.454428,1,"clFinish_profiled"
"OpenCL","COMPUTE","Kcur-23","ADD","f32",-1,790,-1,128,1,1,1,512,0.569583,1,"clFinish_profiled"
"OpenCL","COMPUTE","Kcur-23","ROPE","f32",-1,792,-1,64,2,1,1,512,0.741250,1,"clFinish_profiled"
"OpenCL","COMPUTE","node_794","MUL_MAT","f32",-1,793,-1,128,1,1,1,512,0.583490,1,"clFinish_profiled"
"OpenCL","COMPUTE","Vcur-23","ADD","f32",-1,794,-1,128,1,1,1,512,0.445260,1,"clFinish_profiled"
"OpenCL","COMPUTE","cache_k_l23 (view)","SET_ROWS","f16",-1,797,-1,128,512,1,1,131072,0.403802,1,"clFinish_profiled"
"OpenCL","COMPUTE","cache_v_l23 (view)","SET_ROWS","f16",-1,799,-1,128,512,1,1,131072,0.397969,1,"clFinish_profiled"
"OpenCL","COMPUTE","__fattn__-23","FLASH_ATTN_EXT","f32",-1,806,-1,64,14,1,1,3584,0.778229,1,"clFinish_profiled"
"OpenCL","COMPUTE","node_809","MUL_MAT","f32",-1,808,-1,896,1,1,1,3584,0.526562,1,"clFinish_profiled"
"OpenCL","COMPUTE","node_810","GET_ROWS","f32",-1,809,-1,896,1,1,1,3584,0.409010,1,"clFinish_profiled"
"OpenCL","COMPUTE","node_811","GET_ROWS","f32",-1,810,-1,896,1,1,1,3584,0.409583,1,"clFinish_profiled"
"OpenCL","COMPUTE","ffn_inp-23","ADD","f32",-1,811,-1,896,1,1,1,3584,0.394635,1,"clFinish_profiled"
"OpenCL","COMPUTE","ffn_gate-23","MUL_MAT","f32",-1,814,-1,4864,1,1,1,19456,1.013959,1,"clFinish_profiled"
"OpenCL","COMPUTE","ffn_up-23","MUL_MAT","f32",-1,815,-1,4864,1,1,1,19456,0.987292,1,"clFinish_profiled"
"OpenCL","COMPUTE","ffn_swiglu-23","GLU","f32",-1,816,-1,4864,1,1,1,19456,0.413177,1,"clFinish_profiled"
"OpenCL","COMPUTE","ffn_out-23","MUL_MAT","f32",-1,817,-1,896,1,1,1,3584,1.064427,1,"clFinish_profiled"
"OpenCL","COMPUTE","l_out-23","ADD","f32",-1,818,-1,896,1,1,1,3584,0.387240,1,"clFinish_profiled"
"OpenCL","COMPUTE","result_output","MUL_MAT","f32",-1,821,-1,151936,1,1,1,607744,18.454114,1,"clFinish_profiled"
"CPU_Elastic","COMPUTE_GRAPH","ggml_cgraph","GRAPH","",-1,1,-1,0,0,0,0,0,0.009635,1,"delegate_cpu_graph"
"OpenCL","COMPUTE","node_3","MUL_MAT","f32",-1,2,-1,896,1,1,1,3584,0.951250,1,"clFinish_profiled"
"OpenCL","COMPUTE","Qcur-0","ADD","f32",-1,3,-1,896,1,1,1,3584,0.867500,1,"clFinish_profiled"
"OpenCL","COMPUTE","Qcur-0","ROPE","f32",-1,5,-1,64,14,1,1,3584,0.924167,1,"clFinish_profiled"
"OpenCL","COMPUTE","node_7","MUL_MAT","f32",-1,6,-1,128,1,1,1,512,0.777292,1,"clFinish_profiled"
"OpenCL","COMPUTE","Kcur-0","ADD","f32",-1,7,-1,128,1,1,1,512,0.858593,1,"clFinish_profiled"
"OpenCL","COMPUTE","Kcur-0","ROPE","f32",-1,9,-1,64,2,1,1,512,0.793385,1,"clFinish_profiled"
"OpenCL","COMPUTE","node_11","MUL_MAT","f32",-1,10,-1,128,1,1,1,512,0.483906,1,"clFinish_profiled"
"OpenCL","COMPUTE","Vcur-0","ADD","f32",-1,11,-1,128,1,1,1,512,0.430677,1,"clFinish_profiled"
"OpenCL","COMPUTE","cache_k_l0 (view)","SET_ROWS","f16",-1,14,-1,128,512,1,1,131072,0.402344,1,"clFinish_profiled"
"OpenCL","COMPUTE","cache_v_l0 (view)","SET_ROWS","f16",-1,16,-1,128,512,1,1,131072,0.393021,1,"clFinish_profiled"
"OpenCL","COMPUTE"," (copy)","CPY","f16",-1,23,-1,256,64,1,1,32768,0.418281,1,"clFinish_profiled"
"OpenCL","COMPUTE","__fattn__-0","FLASH_ATTN_EXT","f32",-1,24,-1,64,14,1,1,3584,0.818750,1,"clFinish_profiled"
"OpenCL","COMPUTE","node_27","MUL_MAT","f32",-1,26,-1,896,1,1,1,3584,0.593125,1,"clFinish_profiled"
"OpenCL","COMPUTE","ffn_inp-0","ADD","f32",-1,27,-1,896,1,1,1,3584,0.444740,1,"clFinish_profiled"
"OpenCL","COMPUTE","ffn_gate-0","MUL_MAT","f32",-1,30,-1,4864,1,1,1,19456,1.027916,1,"clFinish_profiled"
"OpenCL","COMPUTE","ffn_up-0","MUL_MAT","f32",-1,31,-1,4864,1,1,1,19456,1.075937,1,"clFinish_profiled"
"OpenCL","COMPUTE","ffn_swiglu-0","GLU","f32",-1,32,-1,4864,1,1,1,19456,0.986250,1,"clFinish_profiled"
"OpenCL","COMPUTE","ffn_out-0","MUL_MAT","f32",-1,33,-1,896,1,1,1,3584,1.560000,1,"clFinish_profiled"
"OpenCL","COMPUTE","l_out-0","ADD","f32",-1,34,-1,896,1,1,1,3584,0.797344,1,"clFinish_profiled"
"OpenCL","COMPUTE","node_38","MUL_MAT","f32",-1,37,-1,896,1,1,1,3584,0.646458,1,"clFinish_profiled"
"OpenCL","COMPUTE","Qcur-1","ADD","f32",-1,38,-1,896,1,1,1,3584,0.366354,1,"clFinish_profiled"
"OpenCL","COMPUTE","Qcur-1","ROPE","f32",-1,40,-1,64,14,1,1,3584,0.358698,1,"clFinish_profiled"
"OpenCL","COMPUTE","node_42","MUL_MAT","f32",-1,41,-1,128,1,1,1,512,0.390729,1,"clFinish_profiled"
"OpenCL","COMPUTE","Kcur-1","ADD","f32",-1,42,-1,128,1,1,1,512,0.377969,1,"clFinish_profiled"
"OpenCL","COMPUTE","Kcur-1","ROPE","f32",-1,44,-1,64,2,1,1,512,0.373958,1,"clFinish_profiled"
"OpenCL","COMPUTE","node_46","MUL_MAT","f32",-1,45,-1,128,1,1,1,512,0.397917,1,"clFinish_profiled"
"OpenCL","COMPUTE","Vcur-1","ADD","f32",-1,46,-1,128,1,1,1,512,0.351302,1,"clFinish_profiled"
"OpenCL","COMPUTE","cache_k_l1 (view)","SET_ROWS","f16",-1,49,-1,128,512,1,1,131072,0.353073,1,"clFinish_profiled"
"OpenCL","COMPUTE","cache_v_l1 (view)","SET_ROWS","f16",-1,51,-1,128,512,1,1,131072,0.459115,1,"clFinish_profiled"
"OpenCL","COMPUTE","__fattn__-1","FLASH_ATTN_EXT","f32",-1,58,-1,64,14,1,1,3584,1.240364,1,"clFinish_profiled"
"OpenCL","COMPUTE","node_61","MUL_MAT","f32",-1,60,-1,896,1,1,1,3584,0.620052,1,"clFinish_profiled"
"OpenCL","COMPUTE","ffn_inp-1","ADD","f32",-1,61,-1,896,1,1,1,3584,0.418646,1,"clFinish_profiled"
"OpenCL","COMPUTE","ffn_gate-1","MUL_MAT","f32",-1,64,-1,4864,1,1,1,19456,1.034115,1,"clFinish_profiled"
"OpenCL","COMPUTE","ffn_up-1","MUL_MAT","f32",-1,65,-1,4864,1,1,1,19456,1.077656,1,"clFinish_profiled"
"OpenCL","COMPUTE","ffn_swiglu-1","GLU","f32",-1,66,-1,4864,1,1,1,19456,0.428906,1,"clFinish_profiled"
"OpenCL","COMPUTE","ffn_out-1","MUL_MAT","f32",-1,67,-1,896,1,1,1,3584,1.174531,1,"clFinish_profiled"
"OpenCL","COMPUTE","l_out-1","ADD","f32",-1,68,-1,896,1,1,1,3584,0.863177,1,"clFinish_profiled"
"OpenCL","COMPUTE","node_72","MUL_MAT","f32",-1,71,-1,896,1,1,1,3584,1.051979,1,"clFinish_profiled"
"OpenCL","COMPUTE","Qcur-2","ADD","f32",-1,72,-1,896,1,1,1,3584,0.464635,1,"clFinish_profiled"
"OpenCL","COMPUTE","Qcur-2","ROPE","f32",-1,74,-1,64,14,1,1,3584,0.414063,1,"clFinish_profiled"
"OpenCL","COMPUTE","node_76","MUL_MAT","f32",-1,75,-1,128,1,1,1,512,0.444531,1,"clFinish_profiled"
"OpenCL","COMPUTE","Kcur-2","ADD","f32",-1,76,-1,128,1,1,1,512,0.402083,1,"clFinish_profiled"
"OpenCL","COMPUTE","Kcur-2","ROPE","f32",-1,78,-1,64,2,1,1,512,0.401354,1,"clFinish_profiled"
"OpenCL","COMPUTE","node_80","MUL_MAT","f32",-1,79,-1,128,1,1,1,512,0.422760,1,"clFinish_profiled"
"OpenCL","COMPUTE","Vcur-2","ADD","f32",-1,80,-1,128,1,1,1,512,0.190313,1,"clFinish_profiled"
"OpenCL","COMPUTE","cache_k_l2 (view)","SET_ROWS","f16",-1,83,-1,128,512,1,1,131072,0.210261,1,"clFinish_profiled"
"OpenCL","COMPUTE","cache_v_l2 (view)","SET_ROWS","f16",-1,85,-1,128,512,1,1,131072,0.369166,1,"clFinish_profiled"
"OpenCL","COMPUTE","__fattn__-2","FLASH_ATTN_EXT","f32",-1,92,-1,64,14,1,1,3584,0.867448,1,"clFinish_profiled"
"OpenCL","COMPUTE","node_95","MUL_MAT","f32",-1,94,-1,896,1,1,1,3584,0.538542,1,"clFinish_profiled"
"OpenCL","COMPUTE","ffn_inp-2","ADD","f32",-1,95,-1,896,1,1,1,3584,0.391563,1,"clFinish_profiled"
"OpenCL","COMPUTE","ffn_gate-2","MUL_MAT","f32",-1,98,-1,4864,1,1,1,19456,1.030677,1,"clFinish_profiled"
"OpenCL","COMPUTE","ffn_up-2","MUL_MAT","f32",-1,99,-1,4864,1,1,1,19456,1.008958,1,"clFinish_profiled"
"OpenCL","COMPUTE","ffn_swiglu-2","GLU","f32",-1,100,-1,4864,1,1,1,19456,0.463907,1,"clFinish_profiled"
"OpenCL","COMPUTE","ffn_out-2","MUL_MAT","f32",-1,101,-1,896,1,1,1,3584,1.089583,1,"clFinish_profiled"
"OpenCL","COMPUTE","l_out-2","ADD","f32",-1,102,-1,896,1,1,1,3584,0.397031,1,"clFinish_profiled"
"OpenCL","COMPUTE","node_106","MUL_MAT","f32",-1,105,-1,896,1,1,1,3584,0.580781,1,"clFinish_profiled"
"OpenCL","COMPUTE","Qcur-3","ADD","f32",-1,106,-1,896,1,1,1,3584,0.390052,1,"clFinish_profiled"
"OpenCL","COMPUTE","Qcur-3","ROPE","f32",-1,108,-1,64,14,1,1,3584,0.388594,1,"clFinish_profiled"
"OpenCL","COMPUTE","node_110","MUL_MAT","f32",-1,109,-1,128,1,1,1,512,0.421719,1,"clFinish_profiled"
"OpenCL","COMPUTE","Kcur-3","ADD","f32",-1,110,-1,128,1,1,1,512,0.383438,1,"clFinish_profiled"
"OpenCL","COMPUTE","Kcur-3","ROPE","f32",-1,112,-1,64,2,1,1,512,0.395417,1,"clFinish_profiled"
"OpenCL","COMPUTE","node_114","MUL_MAT","f32",-1,113,-1,128,1,1,1,512,0.449010,1,"clFinish_profiled"
"OpenCL","COMPUTE","Vcur-3","ADD","f32",-1,114,-1,128,1,1,1,512,0.396823,1,"clFinish_profiled"
"OpenCL","COMPUTE","cache_k_l3 (view)","SET_ROWS","f16",-1,117,-1,128,512,1,1,131072,0.384583,1,"clFinish_profiled"
"OpenCL","COMPUTE","cache_v_l3 (view)","SET_ROWS","f16",-1,119,-1,128,512,1,1,131072,0.468698,1,"clFinish_profiled"
"OpenCL","COMPUTE","__fattn__-3","FLASH_ATTN_EXT","f32",-1,126,-1,64,14,1,1,3584,1.228437,1,"clFinish_profiled"
"OpenCL","COMPUTE","node_129","MUL_MAT","f32",-1,128,-1,896,1,1,1,3584,0.588437,1,"clFinish_profiled"
"OpenCL","COMPUTE","ffn_inp-3","ADD","f32",-1,129,-1,896,1,1,1,3584,0.399427,1,"clFinish_profiled"
"OpenCL","COMPUTE","ffn_gate-3","MUL_MAT","f32",-1,132,-1,4864,1,1,1,19456,1.036719,1,"clFinish_profiled"
"OpenCL","COMPUTE","ffn_up-3","MUL_MAT","f32",-1,133,-1,4864,1,1,1,19456,0.999062,1,"clFinish_profiled"
"OpenCL","COMPUTE","ffn_swiglu-3","GLU","f32",-1,134,-1,4864,1,1,1,19456,0.437292,1,"clFinish_profiled"
"OpenCL","COMPUTE","ffn_out-3","MUL_MAT","f32",-1,135,-1,896,1,1,1,3584,1.077865,1,"clFinish_profiled"
"OpenCL","COMPUTE","l_out-3","ADD","f32",-1,136,-1,896,1,1,1,3584,0.387812,1,"clFinish_profiled"
"OpenCL","COMPUTE","node_140","MUL_MAT","f32",-1,139,-1,896,1,1,1,3584,0.579011,1,"clFinish_profiled"
"OpenCL","COMPUTE","Qcur-4","ADD","f32",-1,140,-1,896,1,1,1,3584,0.403959,1,"clFinish_profiled"
"OpenCL","COMPUTE","Qcur-4","ROPE","f32",-1,142,-1,64,14,1,1,3584,0.394635,1,"clFinish_profiled"
"OpenCL","COMPUTE","node_144","MUL_MAT","f32",-1,143,-1,128,1,1,1,512,0.428125,1,"clFinish_profiled"
"OpenCL","COMPUTE","Kcur-4","ADD","f32",-1,144,-1,128,1,1,1,512,0.381667,1,"clFinish_profiled"
"OpenCL","COMPUTE","Kcur-4","ROPE","f32",-1,146,-1,64,2,1,1,512,0.392813,1,"clFinish_profiled"
"OpenCL","COMPUTE","node_148","MUL_MAT","f32",-1,147,-1,128,1,1,1,512,0.418490,1,"clFinish_profiled"
"OpenCL","COMPUTE","Vcur-4","ADD","f32",-1,148,-1,128,1,1,1,512,0.382813,1,"clFinish_profiled"
"OpenCL","COMPUTE","cache_k_l4 (view)","SET_ROWS","f16",-1,151,-1,128,512,1,1,131072,0.383959,1,"clFinish_profiled"
"OpenCL","COMPUTE","cache_v_l4 (view)","SET_ROWS","f16",-1,153,-1,128,512,1,1,131072,0.388855,1,"clFinish_profiled"
"OpenCL","COMPUTE","__fattn__-4","FLASH_ATTN_EXT","f32",-1,160,-1,64,14,1,1,3584,0.967031,1,"clFinish_profiled"
"OpenCL","COMPUTE","node_163","MUL_MAT","f32",-1,162,-1,896,1,1,1,3584,0.926094,1,"clFinish_profiled"
"OpenCL","COMPUTE","ffn_inp-4","ADD","f32",-1,163,-1,896,1,1,1,3584,0.456302,1,"clFinish_profiled"
"OpenCL","COMPUTE","ffn_gate-4","MUL_MAT","f32",-1,166,-1,4864,1,1,1,19456,1.080313,1,"clFinish_profiled"
"OpenCL","COMPUTE","ffn_up-4","MUL_MAT","f32",-1,167,-1,4864,1,1,1,19456,1.257343,1,"clFinish_profiled"
"OpenCL","COMPUTE","ffn_swiglu-4","GLU","f32",-1,168,-1,4864,1,1,1,19456,0.834010,1,"clFinish_profiled"
"OpenCL","COMPUTE","ffn_out-4","MUL_MAT","f32",-1,169,-1,896,1,1,1,3584,1.531042,1,"clFinish_profiled"
"OpenCL","COMPUTE","l_out-4","ADD","f32",-1,170,-1,896,1,1,1,3584,0.428282,1,"clFinish_profiled"
"OpenCL","COMPUTE","node_174","MUL_MAT","f32",-1,173,-1,896,1,1,1,3584,0.633854,1,"clFinish_profiled"
"OpenCL","COMPUTE","Qcur-5","ADD","f32",-1,174,-1,896,1,1,1,3584,0.459323,1,"clFinish_profiled"
"OpenCL","COMPUTE","Qcur-5","ROPE","f32",-1,176,-1,64,14,1,1,3584,0.884687,1,"clFinish_profiled"
"OpenCL","COMPUTE","node_178","MUL_MAT","f32",-1,177,-1,128,1,1,1,512,0.461563,1,"clFinish_profiled"
"OpenCL","COMPUTE","Kcur-5","ADD","f32",-1,178,-1,128,1,1,1,512,0.392239,1,"clFinish_profiled"
"OpenCL","COMPUTE","Kcur-5","ROPE","f32",-1,180,-1,64,2,1,1,512,0.399480,1,"clFinish_profiled"
"OpenCL","COMPUTE","node_182","MUL_MAT","f32",-1,181,-1,128,1,1,1,512,0.424688,1,"clFinish_profiled"
"OpenCL","COMPUTE","Vcur-5","ADD","f32",-1,182,-1,128,1,1,1,512,0.400781,1,"clFinish_profiled"
"OpenCL","COMPUTE","cache_k_l5 (view)","SET_ROWS","f16",-1,185,-1,128,512,1,1,131072,0.389063,1,"clFinish_profiled"
"OpenCL","COMPUTE","cache_v_l5 (view)","SET_ROWS","f16",-1,187,-1,128,512,1,1,131072,0.386094,1,"clFinish_profiled"
"OpenCL","COMPUTE","__fattn__-5","FLASH_ATTN_EXT","f32",-1,194,-1,64,14,1,1,3584,0.872709,1,"clFinish_profiled"
"OpenCL","COMPUTE","node_197","MUL_MAT","f32",-1,196,-1,896,1,1,1,3584,0.550000,1,"clFinish_profiled"
"OpenCL","COMPUTE","ffn_inp-5","ADD","f32",-1,197,-1,896,1,1,1,3584,0.382969,1,"clFinish_profiled"
"OpenCL","COMPUTE","ffn_gate-5","MUL_MAT","f32",-1,200,-1,4864,1,1,1,19456,1.086927,1,"clFinish_profiled"
"OpenCL","COMPUTE","ffn_up-5","MUL_MAT","f32",-1,201,-1,4864,1,1,1,19456,1.017604,1,"clFinish_profiled"
"OpenCL","COMPUTE","ffn_swiglu-5","GLU","f32",-1,202,-1,4864,1,1,1,19456,0.426198,1,"clFinish_profiled"
"OpenCL","COMPUTE","ffn_out-5","MUL_MAT","f32",-1,203,-1,896,1,1,1,3584,1.161458,1,"clFinish_profiled"
"OpenCL","COMPUTE","l_out-5","ADD","f32",-1,204,-1,896,1,1,1,3584,0.847343,1,"clFinish_profiled"
"OpenCL","COMPUTE","node_208","MUL_MAT","f32",-1,207,-1,896,1,1,1,3584,0.588281,1,"clFinish_profiled"
"OpenCL","COMPUTE","Qcur-6","ADD","f32",-1,208,-1,896,1,1,1,3584,0.393646,1,"clFinish_profiled"
"OpenCL","COMPUTE","Qcur-6","ROPE","f32",-1,210,-1,64,14,1,1,3584,0.394688,1,"clFinish_profiled"
"OpenCL","COMPUTE","node_212","MUL_MAT","f32",-1,211,-1,128,1,1,1,512,0.425989,1,"clFinish_profiled"
"OpenCL","COMPUTE","Kcur-6","ADD","f32",-1,212,-1,128,1,1,1,512,0.616094,1,"clFinish_profiled"
"OpenCL","COMPUTE","Kcur-6","ROPE","f32",-1,214,-1,64,2,1,1,512,0.438907,1,"clFinish_profiled"
"OpenCL","COMPUTE","node_216","MUL_MAT","f32",-1,215,-1,128,1,1,1,512,0.448802,1,"clFinish_profiled"
"OpenCL","COMPUTE","Vcur-6","ADD","f32",-1,216,-1,128,1,1,1,512,0.399166,1,"clFinish_profiled"
"OpenCL","COMPUTE","cache_k_l6 (view)","SET_ROWS","f16",-1,219,-1,128,512,1,1,131072,0.424791,1,"clFinish_profiled"
"OpenCL","COMPUTE","cache_v_l6 (view)","SET_ROWS","f16",-1,221,-1,128,512,1,1,131072,0.393073,1,"clFinish_profiled"
"OpenCL","COMPUTE","__fattn__-6","FLASH_ATTN_EXT","f32",-1,228,-1,64,14,1,1,3584,0.776094,1,"clFinish_profiled"
"OpenCL","COMPUTE","node_231","MUL_MAT","f32",-1,230,-1,896,1,1,1,3584,0.529896,1,"clFinish_profiled"
"OpenCL","COMPUTE","ffn_inp-6","ADD","f32",-1,231,-1,896,1,1,1,3584,0.419479,1,"clFinish_profiled"
"OpenCL","COMPUTE","ffn_gate-6","MUL_MAT","f32",-1,234,-1,4864,1,1,1,19456,1.047187,1,"clFinish_profiled"
"OpenCL","COMPUTE","ffn_up-6","MUL_MAT","f32",-1,235,-1,4864,1,1,1,19456,0.986771,1,"clFinish_profiled"
"OpenCL","COMPUTE","ffn_swiglu-6","GLU","f32",-1,236,-1,4864,1,1,1,19456,0.406875,1,"clFinish_profiled"
"OpenCL","COMPUTE","ffn_out-6","MUL_MAT","f32",-1,237,-1,896,1,1,1,3584,1.054167,1,"clFinish_profiled"
"OpenCL","COMPUTE","l_out-6","ADD","f32",-1,238,-1,896,1,1,1,3584,0.550521,1,"clFinish_profiled"
"OpenCL","COMPUTE","node_242","MUL_MAT","f32",-1,241,-1,896,1,1,1,3584,0.987292,1,"clFinish_profiled"
"OpenCL","COMPUTE","Qcur-7","ADD","f32",-1,242,-1,896,1,1,1,3584,0.675781,1,"clFinish_profiled"
"OpenCL","COMPUTE","Qcur-7","ROPE","f32",-1,244,-1,64,14,1,1,3584,0.693958,1,"clFinish_profiled"
"OpenCL","COMPUTE","node_246","MUL_MAT","f32",-1,245,-1,128,1,1,1,512,0.473958,1,"clFinish_profiled"
"OpenCL","COMPUTE","Kcur-7","ADD","f32",-1,246,-1,128,1,1,1,512,0.400625,1,"clFinish_profiled"
"OpenCL","COMPUTE","Kcur-7","ROPE","f32",-1,248,-1,64,2,1,1,512,0.404896,1,"clFinish_profiled"
"OpenCL","COMPUTE","node_250","MUL_MAT","f32",-1,249,-1,128,1,1,1,512,0.425730,1,"clFinish_profiled"
"OpenCL","COMPUTE","Vcur-7","ADD","f32",-1,250,-1,128,1,1,1,512,0.383593,1,"clFinish_profiled"
"OpenCL","COMPUTE","cache_k_l7 (view)","SET_ROWS","f16",-1,253,-1,128,512,1,1,131072,0.556146,1,"clFinish_profiled"
"OpenCL","COMPUTE","cache_v_l7 (view)","SET_ROWS","f16",-1,255,-1,128,512,1,1,131072,0.804479,1,"clFinish_profiled"
"OpenCL","COMPUTE","__fattn__-7","FLASH_ATTN_EXT","f32",-1,262,-1,64,14,1,1,3584,0.819114,1,"clFinish_profiled"
"OpenCL","COMPUTE","node_265","MUL_MAT","f32",-1,264,-1,896,1,1,1,3584,0.547760,1,"clFinish_profiled"
"OpenCL","COMPUTE","ffn_inp-7","ADD","f32",-1,265,-1,896,1,1,1,3584,0.408803,1,"clFinish_profiled"
"OpenCL","COMPUTE","ffn_gate-7","MUL_MAT","f32",-1,268,-1,4864,1,1,1,19456,1.050625,1,"clFinish_profiled"
"OpenCL","COMPUTE","ffn_up-7","MUL_MAT","f32",-1,269,-1,4864,1,1,1,19456,1.044114,1,"clFinish_profiled"
"OpenCL","COMPUTE","ffn_swiglu-7","GLU","f32",-1,270,-1,4864,1,1,1,19456,0.427604,1,"clFinish_profiled"
"OpenCL","COMPUTE","ffn_out-7","MUL_MAT","f32",-1,271,-1,896,1,1,1,3584,1.052708,1,"clFinish_profiled"
"OpenCL","COMPUTE","l_out-7","ADD","f32",-1,272,-1,896,1,1,1,3584,0.435573,1,"clFinish_profiled"
"OpenCL","COMPUTE","node_276","MUL_MAT","f32",-1,275,-1,896,1,1,1,3584,0.584740,1,"clFinish_profiled"
"OpenCL","COMPUTE","Qcur-8","ADD","f32",-1,276,-1,896,1,1,1,3584,0.397500,1,"clFinish_profiled"
"OpenCL","COMPUTE","Qcur-8","ROPE","f32",-1,278,-1,64,14,1,1,3584,0.416979,1,"clFinish_profiled"
"OpenCL","COMPUTE","node_280","MUL_MAT","f32",-1,279,-1,128,1,1,1,512,0.430261,1,"clFinish_profiled"
"OpenCL","COMPUTE","Kcur-8","ADD","f32",-1,280,-1,128,1,1,1,512,0.387083,1,"clFinish_profiled"
"OpenCL","COMPUTE","Kcur-8","ROPE","f32",-1,282,-1,64,2,1,1,512,0.398386,1,"clFinish_profiled"
"OpenCL","COMPUTE","node_284","MUL_MAT","f32",-1,283,-1,128,1,1,1,512,0.421042,1,"clFinish_profiled"
"OpenCL","COMPUTE","Vcur-8","ADD","f32",-1,284,-1,128,1,1,1,512,0.386302,1,"clFinish_profiled"
"OpenCL","COMPUTE","cache_k_l8 (view)","SET_ROWS","f16",-1,287,-1,128,512,1,1,131072,0.421354,1,"clFinish_profiled"
"OpenCL","COMPUTE","cache_v_l8 (view)","SET_ROWS","f16",-1,289,-1,128,512,1,1,131072,0.394583,1,"clFinish_profiled"
"OpenCL","COMPUTE","__fattn__-8","FLASH_ATTN_EXT","f32",-1,296,-1,64,14,1,1,3584,0.778855,1,"clFinish_profiled"
"OpenCL","COMPUTE","node_299","MUL_MAT","f32",-1,298,-1,896,1,1,1,3584,0.600104,1,"clFinish_profiled"
"OpenCL","COMPUTE","ffn_inp-8","ADD","f32",-1,299,-1,896,1,1,1,3584,0.369844,1,"clFinish_profiled"
"OpenCL","COMPUTE","ffn_gate-8","MUL_MAT","f32",-1,302,-1,4864,1,1,1,19456,1.011510,1,"clFinish_profiled"
"OpenCL","COMPUTE","ffn_up-8","MUL_MAT","f32",-1,303,-1,4864,1,1,1,19456,0.975833,1,"clFinish_profiled"
"OpenCL","COMPUTE","ffn_swiglu-8","GLU","f32",-1,304,-1,4864,1,1,1,19456,0.376094,1,"clFinish_profiled"
"OpenCL","COMPUTE","ffn_out-8","MUL_MAT","f32",-1,305,-1,896,1,1,1,3584,1.023021,1,"clFinish_profiled"
"OpenCL","COMPUTE","l_out-8","ADD","f32",-1,306,-1,896,1,1,1,3584,0.352240,1,"clFinish_profiled"
"OpenCL","COMPUTE","node_310","MUL_MAT","f32",-1,309,-1,896,1,1,1,3584,0.542187,1,"clFinish_profiled"
"OpenCL","COMPUTE","Qcur-9","ADD","f32",-1,310,-1,896,1,1,1,3584,0.353593,1,"clFinish_profiled"
"OpenCL","COMPUTE","Qcur-9","ROPE","f32",-1,312,-1,64,14,1,1,3584,0.354688,1,"clFinish_profiled"
"OpenCL","COMPUTE","node_314","MUL_MAT","f32",-1,313,-1,128,1,1,1,512,0.387292,1,"clFinish_profiled"
"OpenCL","COMPUTE","Kcur-9","ADD","f32",-1,314,-1,128,1,1,1,512,0.346823,1,"clFinish_profiled"
"OpenCL","COMPUTE","Kcur-9","ROPE","f32",-1,316,-1,64,2,1,1,512,0.352709,1,"clFinish_profiled"
"OpenCL","COMPUTE","node_318","MUL_MAT","f32",-1,317,-1,128,1,1,1,512,0.394166,1,"clFinish_profiled"
"OpenCL","COMPUTE","Vcur-9","ADD","f32",-1,318,-1,128,1,1,1,512,0.351198,1,"clFinish_profiled"
"OpenCL","COMPUTE","cache_k_l9 (view)","SET_ROWS","f16",-1,321,-1,128,512,1,1,131072,0.381093,1,"clFinish_profiled"
"OpenCL","COMPUTE","cache_v_l9 (view)","SET_ROWS","f16",-1,323,-1,128,512,1,1,131072,0.474427,1,"clFinish_profiled"
"OpenCL","COMPUTE","__fattn__-9","FLASH_ATTN_EXT","f32",-1,330,-1,64,14,1,1,3584,0.789167,1,"clFinish_profiled"
"OpenCL","COMPUTE","node_333","MUL_MAT","f32",-1,332,-1,896,1,1,1,3584,0.525052,1,"clFinish_profiled"
"OpenCL","COMPUTE","ffn_inp-9","ADD","f32",-1,333,-1,896,1,1,1,3584,0.396823,1,"clFinish_profiled"
"OpenCL","COMPUTE","ffn_gate-9","MUL_MAT","f32",-1,336,-1,4864,1,1,1,19456,1.023854,1,"clFinish_profiled"
"OpenCL","COMPUTE","ffn_up-9","MUL_MAT","f32",-1,337,-1,4864,1,1,1,19456,0.986146,1,"clFinish_profiled"
"OpenCL","COMPUTE","ffn_swiglu-9","GLU","f32",-1,338,-1,4864,1,1,1,19456,0.417344,1,"clFinish_profiled"
"OpenCL","COMPUTE","ffn_out-9","MUL_MAT","f32",-1,339,-1,896,1,1,1,3584,1.056459,1,"clFinish_profiled"
"OpenCL","COMPUTE","l_out-9","ADD","f32",-1,340,-1,896,1,1,1,3584,0.394740,1,"clFinish_profiled"
"OpenCL","COMPUTE","node_344","MUL_MAT","f32",-1,343,-1,896,1,1,1,3584,0.584479,1,"clFinish_profiled"
"OpenCL","COMPUTE","Qcur-10","ADD","f32",-1,344,-1,896,1,1,1,3584,0.394011,1,"clFinish_profiled"
"OpenCL","COMPUTE","Qcur-10","ROPE","f32",-1,346,-1,64,14,1,1,3584,0.399636,1,"clFinish_profiled"
"OpenCL","COMPUTE","node_348","MUL_MAT","f32",-1,347,-1,128,1,1,1,512,0.470000,1,"clFinish_profiled"
"OpenCL","COMPUTE","Kcur-10","ADD","f32",-1,348,-1,128,1,1,1,512,0.411250,1,"clFinish_profiled"
"OpenCL","COMPUTE","Kcur-10","ROPE","f32",-1,350,-1,64,2,1,1,512,0.406562,1,"clFinish_profiled"
"OpenCL","COMPUTE","node_352","MUL_MAT","f32",-1,351,-1,128,1,1,1,512,0.436875,1,"clFinish_profiled"
"OpenCL","COMPUTE","Vcur-10","ADD","f32",-1,352,-1,128,1,1,1,512,0.393698,1,"clFinish_profiled"
"OpenCL","COMPUTE","cache_k_l10 (view)","SET_ROWS","f16",-1,355,-1,128,512,1,1,131072,0.393854,1,"clFinish_profiled"
"OpenCL","COMPUTE","cache_v_l10 (view)","SET_ROWS","f16",-1,357,-1,128,512,1,1,131072,0.388542,1,"clFinish_profiled"
"OpenCL","COMPUTE","__fattn__-10","FLASH_ATTN_EXT","f32",-1,364,-1,64,14,1,1,3584,0.818854,1,"clFinish_profiled"
"OpenCL","COMPUTE","node_367","MUL_MAT","f32",-1,366,-1,896,1,1,1,3584,0.541615,1,"clFinish_profiled"
"OpenCL","COMPUTE","ffn_inp-10","ADD","f32",-1,367,-1,896,1,1,1,3584,0.392240,1,"clFinish_profiled"
"OpenCL","COMPUTE","ffn_gate-10","MUL_MAT","f32",-1,370,-1,4864,1,1,1,19456,1.026302,1,"clFinish_profiled"
"OpenCL","COMPUTE","ffn_up-10","MUL_MAT","f32",-1,371,-1,4864,1,1,1,19456,0.999688,1,"clFinish_profiled"
"OpenCL","COMPUTE","ffn_swiglu-10","GLU","f32",-1,372,-1,4864,1,1,1,19456,0.409428,1,"clFinish_profiled"
"OpenCL","COMPUTE","ffn_out-10","MUL_MAT","f32",-1,373,-1,896,1,1,1,3584,1.083021,1,"clFinish_profiled"
"OpenCL","COMPUTE","l_out-10","ADD","f32",-1,374,-1,896,1,1,1,3584,0.476875,1,"clFinish_profiled"
"OpenCL","COMPUTE","node_378","MUL_MAT","f32",-1,377,-1,896,1,1,1,3584,0.626407,1,"clFinish_profiled"
"OpenCL","COMPUTE","Qcur-11","ADD","f32",-1,378,-1,896,1,1,1,3584,0.394948,1,"clFinish_profiled"
"OpenCL","COMPUTE","Qcur-11","ROPE","f32",-1,380,-1,64,14,1,1,3584,0.443281,1,"clFinish_profiled"
"OpenCL","COMPUTE","node_382","MUL_MAT","f32",-1,381,-1,128,1,1,1,512,0.487188,1,"clFinish_profiled"
"OpenCL","COMPUTE","Kcur-11","ADD","f32",-1,382,-1,128,1,1,1,512,0.884584,1,"clFinish_profiled"
"OpenCL","COMPUTE","Kcur-11","ROPE","f32",-1,384,-1,64,2,1,1,512,0.694115,1,"clFinish_profiled"
"OpenCL","COMPUTE","node_386","MUL_MAT","f32",-1,385,-1,128,1,1,1,512,0.816094,1,"clFinish_profiled"
"OpenCL","COMPUTE","Vcur-11","ADD","f32",-1,386,-1,128,1,1,1,512,0.472344,1,"clFinish_profiled"
"OpenCL","COMPUTE","cache_k_l11 (view)","SET_ROWS","f16",-1,389,-1,128,512,1,1,131072,0.411042,1,"clFinish_profiled"
"OpenCL","COMPUTE","cache_v_l11 (view)","SET_ROWS","f16",-1,391,-1,128,512,1,1,131072,0.467135,1,"clFinish_profiled"
"OpenCL","COMPUTE","__fattn__-11","FLASH_ATTN_EXT","f32",-1,398,-1,64,14,1,1,3584,0.804739,1,"clFinish_profiled"
"OpenCL","COMPUTE","node_401","MUL_MAT","f32",-1,400,-1,896,1,1,1,3584,0.562344,1,"clFinish_profiled"
"OpenCL","COMPUTE","ffn_inp-11","ADD","f32",-1,401,-1,896,1,1,1,3584,0.451250,1,"clFinish_profiled"
"OpenCL","COMPUTE","ffn_gate-11","MUL_MAT","f32",-1,404,-1,4864,1,1,1,19456,1.531875,1,"clFinish_profiled"
"OpenCL","COMPUTE","ffn_up-11","MUL_MAT","f32",-1,405,-1,4864,1,1,1,19456,1.073646,1,"clFinish_profiled"
"OpenCL","COMPUTE","ffn_swiglu-11","GLU","f32",-1,406,-1,4864,1,1,1,19456,0.417500,1,"clFinish_profiled"
"OpenCL","COMPUTE","ffn_out-11","MUL_MAT","f32",-1,407,-1,896,1,1,1,3584,1.086146,1,"clFinish_profiled"
"OpenCL","COMPUTE","l_out-11","ADD","f32",-1,408,-1,896,1,1,1,3584,0.391406,1,"clFinish_profiled"
"OpenCL","COMPUTE","node_412","MUL_MAT","f32",-1,411,-1,896,1,1,1,3584,0.575990,1,"clFinish_profiled"
"OpenCL","COMPUTE","Qcur-12","ADD","f32",-1,412,-1,896,1,1,1,3584,0.390572,1,"clFinish_profiled"
"OpenCL","COMPUTE","Qcur-12","ROPE","f32",-1,414,-1,64,14,1,1,3584,0.223333,1,"clFinish_profiled"
"OpenCL","COMPUTE","node_416","MUL_MAT","f32",-1,415,-1,128,1,1,1,512,0.450729,1,"clFinish_profiled"
"OpenCL","COMPUTE","Kcur-12","ADD","f32",-1,416,-1,128,1,1,1,512,0.572344,1,"clFinish_profiled"
"OpenCL","COMPUTE","Kcur-12","ROPE","f32",-1,418,-1,64,2,1,1,512,0.811198,1,"clFinish_profiled"
"OpenCL","COMPUTE","node_420","MUL_MAT","f32",-1,419,-1,128,1,1,1,512,0.921771,1,"clFinish_profiled"
"OpenCL","COMPUTE","Vcur-12","ADD","f32",-1,420,-1,128,1,1,1,512,0.495365,1,"clFinish_profiled"
"OpenCL","COMPUTE","cache_k_l12 (view)","SET_ROWS","f16",-1,423,-1,128,512,1,1,131072,0.415261,1,"clFinish_profiled"
"OpenCL","COMPUTE","cache_v_l12 (view)","SET_ROWS","f16",-1,425,-1,128,512,1,1,131072,0.353489,1,"clFinish_profiled"
"OpenCL","COMPUTE","__fattn__-12","FLASH_ATTN_EXT","f32",-1,432,-1,64,14,1,1,3584,0.755521,1,"clFinish_profiled"
"OpenCL","COMPUTE","node_435","MUL_MAT","f32",-1,434,-1,896,1,1,1,3584,0.641875,1,"clFinish_profiled"
"OpenCL","COMPUTE","ffn_inp-12","ADD","f32",-1,435,-1,896,1,1,1,3584,0.811146,1,"clFinish_profiled"
"OpenCL","COMPUTE","ffn_gate-12","MUL_MAT","f32",-1,438,-1,4864,1,1,1,19456,1.040781,1,"clFinish_profiled"
"OpenCL","COMPUTE","ffn_up-12","MUL_MAT","f32",-1,439,-1,4864,1,1,1,19456,0.994427,1,"clFinish_profiled"
"OpenCL","COMPUTE","ffn_swiglu-12","GLU","f32",-1,440,-1,4864,1,1,1,19456,0.406510,1,"clFinish_profiled"
"OpenCL","COMPUTE","ffn_out-12","MUL_MAT","f32",-1,441,-1,896,1,1,1,3584,1.106146,1,"clFinish_profiled"
"OpenCL","COMPUTE","l_out-12","ADD","f32",-1,442,-1,896,1,1,1,3584,0.551666,1,"clFinish_profiled"
"OpenCL","COMPUTE","node_446","MUL_MAT","f32",-1,445,-1,896,1,1,1,3584,1.092604,1,"clFinish_profiled"
"OpenCL","COMPUTE","Qcur-13","ADD","f32",-1,446,-1,896,1,1,1,3584,0.838282,1,"clFinish_profiled"
"OpenCL","COMPUTE","Qcur-13","ROPE","f32",-1,448,-1,64,14,1,1,3584,0.433802,1,"clFinish_profiled"
"OpenCL","COMPUTE","node_450","MUL_MAT","f32",-1,449,-1,128,1,1,1,512,0.441042,1,"clFinish_profiled"
"OpenCL","COMPUTE","Kcur-13","ADD","f32",-1,450,-1,128,1,1,1,512,0.380000,1,"clFinish_profiled"
"OpenCL","COMPUTE","Kcur-13","ROPE","f32",-1,452,-1,64,2,1,1,512,0.372292,1,"clFinish_profiled"
"OpenCL","COMPUTE","node_454","MUL_MAT","f32",-1,453,-1,128,1,1,1,512,0.421979,1,"clFinish_profiled"
"OpenCL","COMPUTE","Vcur-13","ADD","f32",-1,454,-1,128,1,1,1,512,0.364115,1,"clFinish_profiled"
"OpenCL","COMPUTE","cache_k_l13 (view)","SET_ROWS","f16",-1,457,-1,128,512,1,1,131072,0.367291,1,"clFinish_profiled"
"OpenCL","COMPUTE","cache_v_l13 (view)","SET_ROWS","f16",-1,459,-1,128,512,1,1,131072,0.458593,1,"clFinish_profiled"
"OpenCL","COMPUTE","__fattn__-13","FLASH_ATTN_EXT","f32",-1,466,-1,64,14,1,1,3584,1.249167,1,"clFinish_profiled"
"OpenCL","COMPUTE","node_469","MUL_MAT","f32",-1,468,-1,896,1,1,1,3584,0.596354,1,"clFinish_profiled"
"OpenCL","COMPUTE","ffn_inp-13","ADD","f32",-1,469,-1,896,1,1,1,3584,0.469115,1,"clFinish_profiled"
"OpenCL","COMPUTE","ffn_gate-13","MUL_MAT","f32",-1,472,-1,4864,1,1,1,19456,1.050156,1,"clFinish_profiled"
"OpenCL","COMPUTE","ffn_up-13","MUL_MAT","f32",-1,473,-1,4864,1,1,1,19456,1.000834,1,"clFinish_profiled"
"OpenCL","COMPUTE","ffn_swiglu-13","GLU","f32",-1,474,-1,4864,1,1,1,19456,0.447083,1,"clFinish_profiled"
"OpenCL","COMPUTE","ffn_out-13","MUL_MAT","f32",-1,475,-1,896,1,1,1,3584,1.065104,1,"clFinish_profiled"
"OpenCL","COMPUTE","l_out-13","ADD","f32",-1,476,-1,896,1,1,1,3584,0.417865,1,"clFinish_profiled"
"OpenCL","COMPUTE","node_480","MUL_MAT","f32",-1,479,-1,896,1,1,1,3584,0.568385,1,"clFinish_profiled"
"OpenCL","COMPUTE","Qcur-14","ADD","f32",-1,480,-1,896,1,1,1,3584,0.369010,1,"clFinish_profiled"
"OpenCL","COMPUTE","Qcur-14","ROPE","f32",-1,482,-1,64,14,1,1,3584,0.372187,1,"clFinish_profiled"
"OpenCL","COMPUTE","node_484","MUL_MAT","f32",-1,483,-1,128,1,1,1,512,0.464115,1,"clFinish_profiled"
"OpenCL","COMPUTE","Kcur-14","ADD","f32",-1,484,-1,128,1,1,1,512,1.014791,1,"clFinish_profiled"
"OpenCL","COMPUTE","Kcur-14","ROPE","f32",-1,486,-1,64,2,1,1,512,0.816250,1,"clFinish_profiled"
"OpenCL","COMPUTE","node_488","MUL_MAT","f32",-1,487,-1,128,1,1,1,512,0.864010,1,"clFinish_profiled"
"OpenCL","COMPUTE","Vcur-14","ADD","f32",-1,488,-1,128,1,1,1,512,0.427396,1,"clFinish_profiled"
"OpenCL","COMPUTE","cache_k_l14 (view)","SET_ROWS","f16",-1,491,-1,128,512,1,1,131072,0.447395,1,"clFinish_profiled"
"OpenCL","COMPUTE","cache_v_l14 (view)","SET_ROWS","f16",-1,493,-1,128,512,1,1,131072,0.418698,1,"clFinish_profiled"
"OpenCL","COMPUTE","__fattn__-14","FLASH_ATTN_EXT","f32",-1,500,-1,64,14,1,1,3584,0.844427,1,"clFinish_profiled"
"OpenCL","COMPUTE","node_503","MUL_MAT","f32",-1,502,-1,896,1,1,1,3584,0.556666,1,"clFinish_profiled"
"OpenCL","COMPUTE","ffn_inp-14","ADD","f32",-1,503,-1,896,1,1,1,3584,0.389115,1,"clFinish_profiled"
"OpenCL","COMPUTE","ffn_gate-14","MUL_MAT","f32",-1,506,-1,4864,1,1,1,19456,1.038698,1,"clFinish_profiled"
"OpenCL","COMPUTE","ffn_up-14","MUL_MAT","f32",-1,507,-1,4864,1,1,1,19456,0.998750,1,"clFinish_profiled"
"OpenCL","COMPUTE","ffn_swiglu-14","GLU","f32",-1,508,-1,4864,1,1,1,19456,0.411771,1,"clFinish_profiled"
"OpenCL","COMPUTE","ffn_out-14","MUL_MAT","f32",-1,509,-1,896,1,1,1,3584,1.060781,1,"clFinish_profiled"
"OpenCL","COMPUTE","l_out-14","ADD","f32",-1,510,-1,896,1,1,1,3584,0.451198,1,"clFinish_profiled"
"OpenCL","COMPUTE","node_514","MUL_MAT","f32",-1,513,-1,896,1,1,1,3584,1.009740,1,"clFinish_profiled"
"OpenCL","COMPUTE","Qcur-15","ADD","f32",-1,514,-1,896,1,1,1,3584,0.423907,1,"clFinish_profiled"
"OpenCL","COMPUTE","Qcur-15","ROPE","f32",-1,516,-1,64,14,1,1,3584,0.408750,1,"clFinish_profiled"
"OpenCL","COMPUTE","node_518","MUL_MAT","f32",-1,517,-1,128,1,1,1,512,0.416459,1,"clFinish_profiled"
"OpenCL","COMPUTE","Kcur-15","ADD","f32",-1,518,-1,128,1,1,1,512,0.364167,1,"clFinish_profiled"
"OpenCL","COMPUTE","Kcur-15","ROPE","f32",-1,520,-1,64,2,1,1,512,0.456302,1,"clFinish_profiled"
"OpenCL","COMPUTE","node_522","MUL_MAT","f32",-1,521,-1,128,1,1,1,512,0.433750,1,"clFinish_profiled"
"OpenCL","COMPUTE","Vcur-15","ADD","f32",-1,522,-1,128,1,1,1,512,0.380885,1,"clFinish_profiled"
"OpenCL","COMPUTE","cache_k_l15 (view)","SET_ROWS","f16",-1,525,-1,128,512,1,1,131072,0.389062,1,"clFinish_profiled"
"OpenCL","COMPUTE","cache_v_l15 (view)","SET_ROWS","f16",-1,527,-1,128,512,1,1,131072,0.382188,1,"clFinish_profiled"
"OpenCL","COMPUTE","__fattn__-15","FLASH_ATTN_EXT","f32",-1,534,-1,64,14,1,1,3584,0.771355,1,"clFinish_profiled"
"OpenCL","COMPUTE","node_537","MUL_MAT","f32",-1,536,-1,896,1,1,1,3584,0.551093,1,"clFinish_profiled"
"OpenCL","COMPUTE","ffn_inp-15","ADD","f32",-1,537,-1,896,1,1,1,3584,0.386302,1,"clFinish_profiled"
"OpenCL","COMPUTE","ffn_gate-15","MUL_MAT","f32",-1,540,-1,4864,1,1,1,19456,1.044479,1,"clFinish_profiled"
"OpenCL","COMPUTE","ffn_up-15","MUL_MAT","f32",-1,541,-1,4864,1,1,1,19456,1.341041,1,"clFinish_profiled"
"OpenCL","COMPUTE","ffn_swiglu-15","GLU","f32",-1,542,-1,4864,1,1,1,19456,0.718438,1,"clFinish_profiled"
"OpenCL","COMPUTE","ffn_out-15","MUL_MAT","f32",-1,543,-1,896,1,1,1,3584,1.258541,1,"clFinish_profiled"
"OpenCL","COMPUTE","l_out-15","ADD","f32",-1,544,-1,896,1,1,1,3584,0.956198,1,"clFinish_profiled"
"OpenCL","COMPUTE","node_548","MUL_MAT","f32",-1,547,-1,896,1,1,1,3584,0.923594,1,"clFinish_profiled"
"OpenCL","COMPUTE","Qcur-16","ADD","f32",-1,548,-1,896,1,1,1,3584,0.435989,1,"clFinish_profiled"
"OpenCL","COMPUTE","Qcur-16","ROPE","f32",-1,550,-1,64,14,1,1,3584,0.407448,1,"clFinish_profiled"
"OpenCL","COMPUTE","node_552","MUL_MAT","f32",-1,551,-1,128,1,1,1,512,0.428437,1,"clFinish_profiled"
"OpenCL","COMPUTE","Kcur-16","ADD","f32",-1,552,-1,128,1,1,1,512,0.389219,1,"clFinish_profiled"
"OpenCL","COMPUTE","Kcur-16","ROPE","f32",-1,554,-1,64,2,1,1,512,0.384896,1,"clFinish_profiled"
"OpenCL","COMPUTE","node_556","MUL_MAT","f32",-1,555,-1,128,1,1,1,512,0.429844,1,"clFinish_profiled"
"OpenCL","COMPUTE","Vcur-16","ADD","f32",-1,556,-1,128,1,1,1,512,0.436459,1,"clFinish_profiled"
"OpenCL","COMPUTE","cache_k_l16 (view)","SET_ROWS","f16",-1,559,-1,128,512,1,1,131072,0.385416,1,"clFinish_profiled"
"OpenCL","COMPUTE","cache_v_l16 (view)","SET_ROWS","f16",-1,561,-1,128,512,1,1,131072,0.381510,1,"clFinish_profiled"
"OpenCL","COMPUTE","__fattn__-16","FLASH_ATTN_EXT","f32",-1,568,-1,64,14,1,1,3584,0.767604,1,"clFinish_profiled"
"OpenCL","COMPUTE","node_571","MUL_MAT","f32",-1,570,-1,896,1,1,1,3584,0.547760,1,"clFinish_profiled"
"OpenCL","COMPUTE","ffn_inp-16","ADD","f32",-1,571,-1,896,1,1,1,3584,0.367136,1,"clFinish_profiled"
"OpenCL","COMPUTE","ffn_gate-16","MUL_MAT","f32",-1,574,-1,4864,1,1,1,19456,1.015313,1,"clFinish_profiled"
"OpenCL","COMPUTE","ffn_up-16","MUL_MAT","f32",-1,575,-1,4864,1,1,1,19456,1.045417,1,"clFinish_profiled"
"OpenCL","COMPUTE","ffn_swiglu-16","GLU","f32",-1,576,-1,4864,1,1,1,19456,0.412292,1,"clFinish_profiled"
"OpenCL","COMPUTE","ffn_out-16","MUL_MAT","f32",-1,577,-1,896,1,1,1,3584,1.046146,1,"clFinish_profiled"
"OpenCL","COMPUTE","l_out-16","ADD","f32",-1,578,-1,896,1,1,1,3584,0.565886,1,"clFinish_profiled"
"OpenCL","COMPUTE","node_582","MUL_MAT","f32",-1,581,-1,896,1,1,1,3584,1.078125,1,"clFinish_profiled"
"OpenCL","COMPUTE","Qcur-17","ADD","f32",-1,582,-1,896,1,1,1,3584,0.711823,1,"clFinish_profiled"
"OpenCL","COMPUTE","Qcur-17","ROPE","f32",-1,584,-1,64,14,1,1,3584,0.454323,1,"clFinish_profiled"
"OpenCL","COMPUTE","node_586","MUL_MAT","f32",-1,585,-1,128,1,1,1,512,0.474739,1,"clFinish_profiled"
"OpenCL","COMPUTE","Kcur-17","ADD","f32",-1,586,-1,128,1,1,1,512,0.406250,1,"clFinish_profiled"
"OpenCL","COMPUTE","Kcur-17","ROPE","f32",-1,588,-1,64,2,1,1,512,0.401302,1,"clFinish_profiled"
"OpenCL","COMPUTE","node_590","MUL_MAT","f32",-1,589,-1,128,1,1,1,512,0.438698,1,"clFinish_profiled"
"OpenCL","COMPUTE","Vcur-17","ADD","f32",-1,590,-1,128,1,1,1,512,0.382291,1,"clFinish_profiled"
"OpenCL","COMPUTE","cache_k_l17 (view)","SET_ROWS","f16",-1,593,-1,128,512,1,1,131072,0.385729,1,"clFinish_profiled"
"OpenCL","COMPUTE","cache_v_l17 (view)","SET_ROWS","f16",-1,595,-1,128,512,1,1,131072,0.383906,1,"clFinish_profiled"
"OpenCL","COMPUTE","__fattn__-17","FLASH_ATTN_EXT","f32",-1,602,-1,64,14,1,1,3584,0.810885,1,"clFinish_profiled"
"OpenCL","COMPUTE","node_605","MUL_MAT","f32",-1,604,-1,896,1,1,1,3584,0.552084,1,"clFinish_profiled"
"OpenCL","COMPUTE","ffn_inp-17","ADD","f32",-1,605,-1,896,1,1,1,3584,0.403021,1,"clFinish_profiled"
"OpenCL","COMPUTE","ffn_gate-17","MUL_MAT","f32",-1,608,-1,4864,1,1,1,19456,1.040156,1,"clFinish_profiled"
"OpenCL","COMPUTE","ffn_up-17","MUL_MAT","f32",-1,609,-1,4864,1,1,1,19456,1.041927,1,"clFinish_profiled"
"OpenCL","COMPUTE","ffn_swiglu-17","GLU","f32",-1,610,-1,4864,1,1,1,19456,0.408281,1,"clFinish_profiled"
"OpenCL","COMPUTE","ffn_out-17","MUL_MAT","f32",-1,611,-1,896,1,1,1,3584,1.054375,1,"clFinish_profiled"
"OpenCL","COMPUTE","l_out-17","ADD","f32",-1,612,-1,896,1,1,1,3584,0.378125,1,"clFinish_profiled"
"OpenCL","COMPUTE","node_616","MUL_MAT","f32",-1,615,-1,896,1,1,1,3584,0.567343,1,"clFinish_profiled"
"OpenCL","COMPUTE","Qcur-18","ADD","f32",-1,616,-1,896,1,1,1,3584,0.390104,1,"clFinish_profiled"
"OpenCL","COMPUTE","Qcur-18","ROPE","f32",-1,618,-1,64,14,1,1,3584,0.400000,1,"clFinish_profiled"
"OpenCL","COMPUTE","node_620","MUL_MAT","f32",-1,619,-1,128,1,1,1,512,0.422865,1,"clFinish_profiled"
"OpenCL","COMPUTE","Kcur-18","ADD","f32",-1,620,-1,128,1,1,1,512,0.386354,1,"clFinish_profiled"
"OpenCL","COMPUTE","Kcur-18","ROPE","f32",-1,622,-1,64,2,1,1,512,0.389948,1,"clFinish_profiled"
"OpenCL","COMPUTE","node_624","MUL_MAT","f32",-1,623,-1,128,1,1,1,512,0.441145,1,"clFinish_profiled"
"OpenCL","COMPUTE","Vcur-18","ADD","f32",-1,624,-1,128,1,1,1,512,0.388385,1,"clFinish_profiled"
"OpenCL","COMPUTE","cache_k_l18 (view)","SET_ROWS","f16",-1,627,-1,128,512,1,1,131072,0.630677,1,"clFinish_profiled"
"OpenCL","COMPUTE","cache_v_l18 (view)","SET_ROWS","f16",-1,629,-1,128,512,1,1,131072,0.693229,1,"clFinish_profiled"
"OpenCL","COMPUTE","__fattn__-18","FLASH_ATTN_EXT","f32",-1,636,-1,64,14,1,1,3584,0.803542,1,"clFinish_profiled"
"OpenCL","COMPUTE","node_639","MUL_MAT","f32",-1,638,-1,896,1,1,1,3584,0.583021,1,"clFinish_profiled"
"OpenCL","COMPUTE","ffn_inp-18","ADD","f32",-1,639,-1,896,1,1,1,3584,0.389063,1,"clFinish_profiled"
"OpenCL","COMPUTE","ffn_gate-18","MUL_MAT","f32",-1,642,-1,4864,1,1,1,19456,1.049479,1,"clFinish_profiled"
"OpenCL","COMPUTE","ffn_up-18","MUL_MAT","f32",-1,643,-1,4864,1,1,1,19456,1.034740,1,"clFinish_profiled"
"OpenCL","COMPUTE","ffn_swiglu-18","GLU","f32",-1,644,-1,4864,1,1,1,19456,0.407031,1,"clFinish_profiled"
"OpenCL","COMPUTE","ffn_out-18","MUL_MAT","f32",-1,645,-1,896,1,1,1,3584,1.063021,1,"clFinish_profiled"
"OpenCL","COMPUTE","l_out-18","ADD","f32",-1,646,-1,896,1,1,1,3584,0.393020,1,"clFinish_profiled"
"OpenCL","COMPUTE","node_650","MUL_MAT","f32",-1,649,-1,896,1,1,1,3584,0.558125,1,"clFinish_profiled"
"OpenCL","COMPUTE","Qcur-19","ADD","f32",-1,650,-1,896,1,1,1,3584,0.402813,1,"clFinish_profiled"
"OpenCL","COMPUTE","Qcur-19","ROPE","f32",-1,652,-1,64,14,1,1,3584,0.407969,1,"clFinish_profiled"
"OpenCL","COMPUTE","node_654","MUL_MAT","f32",-1,653,-1,128,1,1,1,512,0.425885,1,"clFinish_profiled"
"OpenCL","COMPUTE","Kcur-19","ADD","f32",-1,654,-1,128,1,1,1,512,0.381667,1,"clFinish_profiled"
"OpenCL","COMPUTE","Kcur-19","ROPE","f32",-1,656,-1,64,2,1,1,512,0.386927,1,"clFinish_profiled"
"OpenCL","COMPUTE","node_658","MUL_MAT","f32",-1,657,-1,128,1,1,1,512,0.422343,1,"clFinish_profiled"
"OpenCL","COMPUTE","Vcur-19","ADD","f32",-1,658,-1,128,1,1,1,512,0.381927,1,"clFinish_profiled"
"OpenCL","COMPUTE","cache_k_l19 (view)","SET_ROWS","f16",-1,661,-1,128,512,1,1,131072,0.382552,1,"clFinish_profiled"
"OpenCL","COMPUTE","cache_v_l19 (view)","SET_ROWS","f16",-1,663,-1,128,512,1,1,131072,0.381823,1,"clFinish_profiled"
"OpenCL","COMPUTE","__fattn__-19","FLASH_ATTN_EXT","f32",-1,670,-1,64,14,1,1,3584,0.771042,1,"clFinish_profiled"
"OpenCL","COMPUTE","node_673","MUL_MAT","f32",-1,672,-1,896,1,1,1,3584,0.571615,1,"clFinish_profiled"
"OpenCL","COMPUTE","ffn_inp-19","ADD","f32",-1,673,-1,896,1,1,1,3584,0.383281,1,"clFinish_profiled"
"OpenCL","COMPUTE","ffn_gate-19","MUL_MAT","f32",-1,676,-1,4864,1,1,1,19456,1.021562,1,"clFinish_profiled"
"OpenCL","COMPUTE","ffn_up-19","MUL_MAT","f32",-1,677,-1,4864,1,1,1,19456,0.972083,1,"clFinish_profiled"
"OpenCL","COMPUTE","ffn_swiglu-19","GLU","f32",-1,678,-1,4864,1,1,1,19456,0.400261,1,"clFinish_profiled"
"OpenCL","COMPUTE","ffn_out-19","MUL_MAT","f32",-1,679,-1,896,1,1,1,3584,1.073958,1,"clFinish_profiled"
"OpenCL","COMPUTE","l_out-19","ADD","f32",-1,680,-1,896,1,1,1,3584,0.424323,1,"clFinish_profiled"
"OpenCL","COMPUTE","node_684","MUL_MAT","f32",-1,683,-1,896,1,1,1,3584,0.566250,1,"clFinish_profiled"
"OpenCL","COMPUTE","Qcur-20","ADD","f32",-1,684,-1,896,1,1,1,3584,0.403438,1,"clFinish_profiled"
"OpenCL","COMPUTE","Qcur-20","ROPE","f32",-1,686,-1,64,14,1,1,3584,0.397760,1,"clFinish_profiled"
"OpenCL","COMPUTE","node_688","MUL_MAT","f32",-1,687,-1,128,1,1,1,512,0.424948,1,"clFinish_profiled"
"OpenCL","COMPUTE","Kcur-20","ADD","f32",-1,688,-1,128,1,1,1,512,0.382344,1,"clFinish_profiled"
"OpenCL","COMPUTE","Kcur-20","ROPE","f32",-1,690,-1,64,2,1,1,512,0.386563,1,"clFinish_profiled"
"OpenCL","COMPUTE","node_692","MUL_MAT","f32",-1,691,-1,128,1,1,1,512,0.471458,1,"clFinish_profiled"
"OpenCL","COMPUTE","Vcur-20","ADD","f32",-1,692,-1,128,1,1,1,512,0.387396,1,"clFinish_profiled"
"OpenCL","COMPUTE","cache_k_l20 (view)","SET_ROWS","f16",-1,695,-1,128,512,1,1,131072,0.384531,1,"clFinish_profiled"
"OpenCL","COMPUTE","cache_v_l20 (view)","SET_ROWS","f16",-1,697,-1,128,512,1,1,131072,0.382500,1,"clFinish_profiled"
"OpenCL","COMPUTE","__fattn__-20","FLASH_ATTN_EXT","f32",-1,704,-1,64,14,1,1,3584,0.778906,1,"clFinish_profiled"
"OpenCL","COMPUTE","node_707","MUL_MAT","f32",-1,706,-1,896,1,1,1,3584,0.522344,1,"clFinish_profiled"
"OpenCL","COMPUTE","ffn_inp-20","ADD","f32",-1,707,-1,896,1,1,1,3584,0.382500,1,"clFinish_profiled"
"OpenCL","COMPUTE","ffn_gate-20","MUL_MAT","f32",-1,710,-1,4864,1,1,1,19456,1.055833,1,"clFinish_profiled"
"OpenCL","COMPUTE","ffn_up-20","MUL_MAT","f32",-1,711,-1,4864,1,1,1,19456,1.294270,1,"clFinish_profiled"
"OpenCL","COMPUTE","ffn_swiglu-20","GLU","f32",-1,712,-1,4864,1,1,1,19456,0.767083,1,"clFinish_profiled"
"OpenCL","COMPUTE","ffn_out-20","MUL_MAT","f32",-1,713,-1,896,1,1,1,3584,1.093854,1,"clFinish_profiled"
"OpenCL","COMPUTE","l_out-20","ADD","f32",-1,714,-1,896,1,1,1,3584,0.390312,1,"clFinish_profiled"
"OpenCL","COMPUTE","node_718","MUL_MAT","f32",-1,717,-1,896,1,1,1,3584,0.573958,1,"clFinish_profiled"
"OpenCL","COMPUTE","Qcur-21","ADD","f32",-1,718,-1,896,1,1,1,3584,0.404948,1,"clFinish_profiled"
"OpenCL","COMPUTE","Qcur-21","ROPE","f32",-1,720,-1,64,14,1,1,3584,0.394063,1,"clFinish_profiled"
"OpenCL","COMPUTE","node_722","MUL_MAT","f32",-1,721,-1,128,1,1,1,512,0.425052,1,"clFinish_profiled"
"OpenCL","COMPUTE","Kcur-21","ADD","f32",-1,722,-1,128,1,1,1,512,0.364895,1,"clFinish_profiled"
"OpenCL","COMPUTE","Kcur-21","ROPE","f32",-1,724,-1,64,2,1,1,512,0.369166,1,"clFinish_profiled"
"OpenCL","COMPUTE","node_726","MUL_MAT","f32",-1,725,-1,128,1,1,1,512,0.403229,1,"clFinish_profiled"
"OpenCL","COMPUTE","Vcur-21","ADD","f32",-1,726,-1,128,1,1,1,512,0.365209,1,"clFinish_profiled"
"OpenCL","COMPUTE","cache_k_l21 (view)","SET_ROWS","f16",-1,729,-1,128,512,1,1,131072,0.373802,1,"clFinish_profiled"
"OpenCL","COMPUTE","cache_v_l21 (view)","SET_ROWS","f16",-1,731,-1,128,512,1,1,131072,0.372291,1,"clFinish_profiled"
"OpenCL","COMPUTE","__fattn__-21","FLASH_ATTN_EXT","f32",-1,738,-1,64,14,1,1,3584,0.784011,1,"clFinish_profiled"
"OpenCL","COMPUTE","node_741","MUL_MAT","f32",-1,740,-1,896,1,1,1,3584,0.541093,1,"clFinish_profiled"
"OpenCL","COMPUTE","ffn_inp-21","ADD","f32",-1,741,-1,896,1,1,1,3584,0.385260,1,"clFinish_profiled"
"OpenCL","COMPUTE","ffn_gate-21","MUL_MAT","f32",-1,744,-1,4864,1,1,1,19456,1.100781,1,"clFinish_profiled"
"OpenCL","COMPUTE","ffn_up-21","MUL_MAT","f32",-1,745,-1,4864,1,1,1,19456,0.987448,1,"clFinish_profiled"
"OpenCL","COMPUTE","ffn_swiglu-21","GLU","f32",-1,746,-1,4864,1,1,1,19456,0.404531,1,"clFinish_profiled"
"OpenCL","COMPUTE","ffn_out-21","MUL_MAT","f32",-1,747,-1,896,1,1,1,3584,1.087760,1,"clFinish_profiled"
"OpenCL","COMPUTE","l_out-21","ADD","f32",-1,748,-1,896,1,1,1,3584,0.380833,1,"clFinish_profiled"
"OpenCL","COMPUTE","node_752","MUL_MAT","f32",-1,751,-1,896,1,1,1,3584,0.559219,1,"clFinish_profiled"
"OpenCL","COMPUTE","Qcur-22","ADD","f32",-1,752,-1,896,1,1,1,3584,0.369636,1,"clFinish_profiled"
"OpenCL","COMPUTE","Qcur-22","ROPE","f32",-1,754,-1,64,14,1,1,3584,0.366302,1,"clFinish_profiled"
"OpenCL","COMPUTE","node_756","MUL_MAT","f32",-1,755,-1,128,1,1,1,512,0.397136,1,"clFinish_profiled"
"OpenCL","COMPUTE","Kcur-22","ADD","f32",-1,756,-1,128,1,1,1,512,0.366094,1,"clFinish_profiled"
"OpenCL","COMPUTE","Kcur-22","ROPE","f32",-1,758,-1,64,2,1,1,512,0.466354,1,"clFinish_profiled"
"OpenCL","COMPUTE","node_760","MUL_MAT","f32",-1,759,-1,128,1,1,1,512,0.937395,1,"clFinish_profiled"
"OpenCL","COMPUTE","Vcur-22","ADD","f32",-1,760,-1,128,1,1,1,512,0.426718,1,"clFinish_profiled"
"OpenCL","COMPUTE","cache_k_l22 (view)","SET_ROWS","f16",-1,763,-1,128,512,1,1,131072,0.371197,1,"clFinish_profiled"
"OpenCL","COMPUTE","cache_v_l22 (view)","SET_ROWS","f16",-1,765,-1,128,512,1,1,131072,0.486666,1,"clFinish_profiled"
"OpenCL","COMPUTE","__fattn__-22","FLASH_ATTN_EXT","f32",-1,772,-1,64,14,1,1,3584,0.766042,1,"clFinish_profiled"
"OpenCL","COMPUTE","node_775","MUL_MAT","f32",-1,774,-1,896,1,1,1,3584,0.524323,1,"clFinish_profiled"
"OpenCL","COMPUTE","ffn_inp-22","ADD","f32",-1,775,-1,896,1,1,1,3584,0.373750,1,"clFinish_profiled"
"OpenCL","COMPUTE","ffn_gate-22","MUL_MAT","f32",-1,778,-1,4864,1,1,1,19456,1.016041,1,"clFinish_profiled"
"OpenCL","COMPUTE","ffn_up-22","MUL_MAT","f32",-1,779,-1,4864,1,1,1,19456,0.986614,1,"clFinish_profiled"
"OpenCL","COMPUTE","ffn_swiglu-22","GLU","f32",-1,780,-1,4864,1,1,1,19456,0.408594,1,"clFinish_profiled"
"OpenCL","COMPUTE","ffn_out-22","MUL_MAT","f32",-1,781,-1,896,1,1,1,3584,1.049167,1,"clFinish_profiled"
"OpenCL","COMPUTE","l_out-22","ADD","f32",-1,782,-1,896,1,1,1,3584,0.391771,1,"clFinish_profiled"
"OpenCL","COMPUTE","node_786","MUL_MAT","f32",-1,785,-1,896,1,1,1,3584,0.561719,1,"clFinish_profiled"
"OpenCL","COMPUTE","Qcur-23","ADD","f32",-1,786,-1,896,1,1,1,3584,0.387500,1,"clFinish_profiled"
"OpenCL","COMPUTE","Qcur-23","ROPE","f32",-1,788,-1,64,14,1,1,3584,0.459583,1,"clFinish_profiled"
"OpenCL","COMPUTE","node_790","MUL_MAT","f32",-1,789,-1,128,1,1,1,512,0.522448,1,"clFinish_profiled"
"OpenCL","COMPUTE","Kcur-23","ADD","f32",-1,790,-1,128,1,1,1,512,0.831875,1,"clFinish_profiled"
"OpenCL","COMPUTE","Kcur-23","ROPE","f32",-1,792,-1,64,2,1,1,512,0.419219,1,"clFinish_profiled"
"OpenCL","COMPUTE","node_794","MUL_MAT","f32",-1,793,-1,128,1,1,1,512,0.414531,1,"clFinish_profiled"
"OpenCL","COMPUTE","Vcur-23","ADD","f32",-1,794,-1,128,1,1,1,512,0.380365,1,"clFinish_profiled"
"OpenCL","COMPUTE","cache_k_l23 (view)","SET_ROWS","f16",-1,797,-1,128,512,1,1,131072,0.388229,1,"clFinish_profiled"
"OpenCL","COMPUTE","cache_v_l23 (view)","SET_ROWS","f16",-1,799,-1,128,512,1,1,131072,0.379114,1,"clFinish_profiled"
"OpenCL","COMPUTE","__fattn__-23","FLASH_ATTN_EXT","f32",-1,806,-1,64,14,1,1,3584,0.770625,1,"clFinish_profiled"
"OpenCL","COMPUTE","node_809","MUL_MAT","f32",-1,808,-1,896,1,1,1,3584,0.534896,1,"clFinish_profiled"
"OpenCL","COMPUTE","node_810","GET_ROWS","f32",-1,809,-1,896,1,1,1,3584,0.382239,1,"clFinish_profiled"
"OpenCL","COMPUTE","node_811","GET_ROWS","f32",-1,810,-1,896,1,1,1,3584,0.385469,1,"clFinish_profiled"
"OpenCL","COMPUTE","ffn_inp-23","ADD","f32",-1,811,-1,896,1,1,1,3584,0.378541,1,"clFinish_profiled"
"OpenCL","COMPUTE","ffn_gate-23","MUL_MAT","f32",-1,814,-1,4864,1,1,1,19456,1.047708,1,"clFinish_profiled"
"OpenCL","COMPUTE","ffn_up-23","MUL_MAT","f32",-1,815,-1,4864,1,1,1,19456,0.985052,1,"clFinish_profiled"
"OpenCL","COMPUTE","ffn_swiglu-23","GLU","f32",-1,816,-1,4864,1,1,1,19456,0.502812,1,"clFinish_profiled"
"OpenCL","COMPUTE","ffn_out-23","MUL_MAT","f32",-1,817,-1,896,1,1,1,3584,1.389740,1,"clFinish_profiled"
"OpenCL","COMPUTE","l_out-23","ADD","f32",-1,818,-1,896,1,1,1,3584,0.790104,1,"clFinish_profiled"
"OpenCL","COMPUTE","result_output","MUL_MAT","f32",-1,821,-1,151936,1,1,1,607744,19.368072,1,"clFinish_profiled"
"CPU_Elastic","COMPUTE_GRAPH","ggml_cgraph","GRAPH","",-1,1,-1,0,0,0,0,0,0.030312,1,"delegate_cpu_graph"
"OpenCL","COMPUTE","node_3","MUL_MAT","f32",-1,2,-1,896,1,1,1,3584,1.420208,1,"clFinish_profiled"
"OpenCL","COMPUTE","Qcur-0","ADD","f32",-1,3,-1,896,1,1,1,3584,0.847813,1,"clFinish_profiled"
"OpenCL","COMPUTE","Qcur-0","ROPE","f32",-1,5,-1,64,14,1,1,3584,0.428385,1,"clFinish_profiled"
"OpenCL","COMPUTE","node_7","MUL_MAT","f32",-1,6,-1,128,1,1,1,512,0.438385,1,"clFinish_profiled"
"OpenCL","COMPUTE","Kcur-0","ADD","f32",-1,7,-1,128,1,1,1,512,0.363073,1,"clFinish_profiled"
"OpenCL","COMPUTE","Kcur-0","ROPE","f32",-1,9,-1,64,2,1,1,512,0.377448,1,"clFinish_profiled"
"OpenCL","COMPUTE","node_11","MUL_MAT","f32",-1,10,-1,128,1,1,1,512,0.453698,1,"clFinish_profiled"
"OpenCL","COMPUTE","Vcur-0","ADD","f32",-1,11,-1,128,1,1,1,512,0.399062,1,"clFinish_profiled"
"OpenCL","COMPUTE","cache_k_l0 (view)","SET_ROWS","f16",-1,14,-1,128,512,1,1,131072,0.377657,1,"clFinish_profiled"
"OpenCL","COMPUTE","cache_v_l0 (view)","SET_ROWS","f16",-1,16,-1,128,512,1,1,131072,0.368438,1,"clFinish_profiled"
"OpenCL","COMPUTE"," (copy)","CPY","f16",-1,23,-1,256,64,1,1,32768,0.409948,1,"clFinish_profiled"
"OpenCL","COMPUTE","__fattn__-0","FLASH_ATTN_EXT","f32",-1,24,-1,64,14,1,1,3584,0.773542,1,"clFinish_profiled"
"OpenCL","COMPUTE","node_27","MUL_MAT","f32",-1,26,-1,896,1,1,1,3584,0.540729,1,"clFinish_profiled"
"OpenCL","COMPUTE","ffn_inp-0","ADD","f32",-1,27,-1,896,1,1,1,3584,0.364062,1,"clFinish_profiled"
"OpenCL","COMPUTE","ffn_gate-0","MUL_MAT","f32",-1,30,-1,4864,1,1,1,19456,1.153125,1,"clFinish_profiled"
"OpenCL","COMPUTE","ffn_up-0","MUL_MAT","f32",-1,31,-1,4864,1,1,1,19456,1.513282,1,"clFinish_profiled"
"OpenCL","COMPUTE","ffn_swiglu-0","GLU","f32",-1,32,-1,4864,1,1,1,19456,0.883125,1,"clFinish_profiled"
"OpenCL","COMPUTE","ffn_out-0","MUL_MAT","f32",-1,33,-1,896,1,1,1,3584,1.705833,1,"clFinish_profiled"
"OpenCL","COMPUTE","l_out-0","ADD","f32",-1,34,-1,896,1,1,1,3584,0.731406,1,"clFinish_profiled"
"OpenCL","COMPUTE","node_38","MUL_MAT","f32",-1,37,-1,896,1,1,1,3584,0.897240,1,"clFinish_profiled"
"OpenCL","COMPUTE","Qcur-1","ADD","f32",-1,38,-1,896,1,1,1,3584,0.733125,1,"clFinish_profiled"
"OpenCL","COMPUTE","Qcur-1","ROPE","f32",-1,40,-1,64,14,1,1,3584,0.436354,1,"clFinish_profiled"
"OpenCL","COMPUTE","node_42","MUL_MAT","f32",-1,41,-1,128,1,1,1,512,0.510157,1,"clFinish_profiled"
"OpenCL","COMPUTE","Kcur-1","ADD","f32",-1,42,-1,128,1,1,1,512,0.425261,1,"clFinish_profiled"
"OpenCL","COMPUTE","Kcur-1","ROPE","f32",-1,44,-1,64,2,1,1,512,0.408803,1,"clFinish_profiled"
"OpenCL","COMPUTE","node_46","MUL_MAT","f32",-1,45,-1,128,1,1,1,512,0.926667,1,"clFinish_profiled"
"OpenCL","COMPUTE","Vcur-1","ADD","f32",-1,46,-1,128,1,1,1,512,0.514636,1,"clFinish_profiled"
"OpenCL","COMPUTE","cache_k_l1 (view)","SET_ROWS","f16",-1,49,-1,128,512,1,1,131072,0.392084,1,"clFinish_profiled"
"OpenCL","COMPUTE","cache_v_l1 (view)","SET_ROWS","f16",-1,51,-1,128,512,1,1,131072,0.394532,1,"clFinish_profiled"
"OpenCL","COMPUTE","__fattn__-1","FLASH_ATTN_EXT","f32",-1,58,-1,64,14,1,1,3584,0.763646,1,"clFinish_profiled"
"OpenCL","COMPUTE","node_61","MUL_MAT","f32",-1,60,-1,896,1,1,1,3584,0.544480,1,"clFinish_profiled"
"OpenCL","COMPUTE","ffn_inp-1","ADD","f32",-1,61,-1,896,1,1,1,3584,0.385469,1,"clFinish_profiled"
"OpenCL","COMPUTE","ffn_gate-1","MUL_MAT","f32",-1,64,-1,4864,1,1,1,19456,1.050209,1,"clFinish_profiled"
"OpenCL","COMPUTE","ffn_up-1","MUL_MAT","f32",-1,65,-1,4864,1,1,1,19456,0.986406,1,"clFinish_profiled"
"OpenCL","COMPUTE","ffn_swiglu-1","GLU","f32",-1,66,-1,4864,1,1,1,19456,0.414792,1,"clFinish_profiled"
"OpenCL","COMPUTE","ffn_out-1","MUL_MAT","f32",-1,67,-1,896,1,1,1,3584,1.290625,1,"clFinish_profiled"
"OpenCL","COMPUTE","l_out-1","ADD","f32",-1,68,-1,896,1,1,1,3584,0.770677,1,"clFinish_profiled"
"OpenCL","COMPUTE","node_72","MUL_MAT","f32",-1,71,-1,896,1,1,1,3584,0.628959,1,"clFinish_profiled"
"OpenCL","COMPUTE","Qcur-2","ADD","f32",-1,72,-1,896,1,1,1,3584,0.485260,1,"clFinish_profiled"
"OpenCL","COMPUTE","Qcur-2","ROPE","f32",-1,74,-1,64,14,1,1,3584,0.404010,1,"clFinish_profiled"
"OpenCL","COMPUTE","node_76","MUL_MAT","f32",-1,75,-1,128,1,1,1,512,0.430313,1,"clFinish_profiled"
"OpenCL","COMPUTE","Kcur-2","ADD","f32",-1,76,-1,128,1,1,1,512,0.386510,1,"clFinish_profiled"
"OpenCL","COMPUTE","Kcur-2","ROPE","f32",-1,78,-1,64,2,1,1,512,0.386302,1,"clFinish_profiled"
"OpenCL","COMPUTE","node_80","MUL_MAT","f32",-1,79,-1,128,1,1,1,512,0.578958,1,"clFinish_profiled"
"OpenCL","COMPUTE","Vcur-2","ADD","f32",-1,80,-1,128,1,1,1,512,0.668646,1,"clFinish_profiled"
"OpenCL","COMPUTE","cache_k_l2 (view)","SET_ROWS","f16",-1,83,-1,128,512,1,1,131072,0.508646,1,"clFinish_profiled"
"OpenCL","COMPUTE","cache_v_l2 (view)","SET_ROWS","f16",-1,85,-1,128,512,1,1,131072,0.815886,1,"clFinish_profiled"
"OpenCL","COMPUTE","__fattn__-2","FLASH_ATTN_EXT","f32",-1,92,-1,64,14,1,1,3584,0.822604,1,"clFinish_profiled"
"OpenCL","COMPUTE","node_95","MUL_MAT","f32",-1,94,-1,896,1,1,1,3584,0.529270,1,"clFinish_profiled"
"OpenCL","COMPUTE","ffn_inp-2","ADD","f32",-1,95,-1,896,1,1,1,3584,0.384219,1,"clFinish_profiled"
"OpenCL","COMPUTE","ffn_gate-2","MUL_MAT","f32",-1,98,-1,4864,1,1,1,19456,1.072083,1,"clFinish_profiled"
"OpenCL","COMPUTE","ffn_up-2","MUL_MAT","f32",-1,99,-1,4864,1,1,1,19456,1.526094,1,"clFinish_profiled"
"OpenCL","COMPUTE","ffn_swiglu-2","GLU","f32",-1,100,-1,4864,1,1,1,19456,0.959895,1,"clFinish_profiled"
"OpenCL","COMPUTE","ffn_out-2","MUL_MAT","f32",-1,101,-1,896,1,1,1,3584,1.682657,1,"clFinish_profiled"
"OpenCL","COMPUTE","l_out-2","ADD","f32",-1,102,-1,896,1,1,1,3584,0.797135,1,"clFinish_profiled"
"OpenCL","COMPUTE","node_106","MUL_MAT","f32",-1,105,-1,896,1,1,1,3584,1.161823,1,"clFinish_profiled"
"OpenCL","COMPUTE","Qcur-3","ADD","f32",-1,106,-1,896,1,1,1,3584,0.755677,1,"clFinish_profiled"
"OpenCL","COMPUTE","Qcur-3","ROPE","f32",-1,108,-1,64,14,1,1,3584,0.433907,1,"clFinish_profiled"
"OpenCL","COMPUTE","node_110","MUL_MAT","f32",-1,109,-1,128,1,1,1,512,0.530417,1,"clFinish_profiled"
"OpenCL","COMPUTE","Kcur-3","ADD","f32",-1,110,-1,128,1,1,1,512,0.805104,1,"clFinish_profiled"
"OpenCL","COMPUTE","Kcur-3","ROPE","f32",-1,112,-1,64,2,1,1,512,0.418958,1,"clFinish_profiled"
"OpenCL","COMPUTE","node_114","MUL_MAT","f32",-1,113,-1,128,1,1,1,512,0.450052,1,"clFinish_profiled"
"OpenCL","COMPUTE","Vcur-3","ADD","f32",-1,114,-1,128,1,1,1,512,0.388854,1,"clFinish_profiled"
"OpenCL","COMPUTE","cache_k_l3 (view)","SET_ROWS","f16",-1,117,-1,128,512,1,1,131072,0.386094,1,"clFinish_profiled"
"OpenCL","COMPUTE","cache_v_l3 (view)","SET_ROWS","f16",-1,119,-1,128,512,1,1,131072,0.387083,1,"clFinish_profiled"
"OpenCL","COMPUTE","__fattn__-3","FLASH_ATTN_EXT","f32",-1,126,-1,64,14,1,1,3584,0.764739,1,"clFinish_profiled"
"OpenCL","COMPUTE","node_129","MUL_MAT","f32",-1,128,-1,896,1,1,1,3584,0.530156,1,"clFinish_profiled"
"OpenCL","COMPUTE","ffn_inp-3","ADD","f32",-1,129,-1,896,1,1,1,3584,0.382916,1,"clFinish_profiled"
"OpenCL","COMPUTE","ffn_gate-3","MUL_MAT","f32",-1,132,-1,4864,1,1,1,19456,1.039115,1,"clFinish_profiled"
"OpenCL","COMPUTE","ffn_up-3","MUL_MAT","f32",-1,133,-1,4864,1,1,1,19456,1.033073,1,"clFinish_profiled"
"OpenCL","COMPUTE","ffn_swiglu-3","GLU","f32",-1,134,-1,4864,1,1,1,19456,0.405104,1,"clFinish_profiled"
"OpenCL","COMPUTE","ffn_out-3","MUL_MAT","f32",-1,135,-1,896,1,1,1,3584,1.079583,1,"clFinish_profiled"
"OpenCL","COMPUTE","l_out-3","ADD","f32",-1,136,-1,896,1,1,1,3584,0.383698,1,"clFinish_profiled"
"OpenCL","COMPUTE","node_140","MUL_MAT","f32",-1,139,-1,896,1,1,1,3584,0.551511,1,"clFinish_profiled"
"OpenCL","COMPUTE","Qcur-4","ADD","f32",-1,140,-1,896,1,1,1,3584,0.384792,1,"clFinish_profiled"
"OpenCL","COMPUTE","Qcur-4","ROPE","f32",-1,142,-1,64,14,1,1,3584,0.403125,1,"clFinish_profiled"
"OpenCL","COMPUTE","node_144","MUL_MAT","f32",-1,143,-1,128,1,1,1,512,0.426042,1,"clFinish_profiled"
"OpenCL","COMPUTE","Kcur-4","ADD","f32",-1,144,-1,128,1,1,1,512,0.381771,1,"clFinish_profiled"
"OpenCL","COMPUTE","Kcur-4","ROPE","f32",-1,146,-1,64,2,1,1,512,0.391146,1,"clFinish_profiled"
"OpenCL","COMPUTE","node_148","MUL_MAT","f32",-1,147,-1,128,1,1,1,512,0.422969,1,"clFinish_profiled"
"OpenCL","COMPUTE","Vcur-4","ADD","f32",-1,148,-1,128,1,1,1,512,0.478386,1,"clFinish_profiled"
"OpenCL","COMPUTE","cache_k_l4 (view)","SET_ROWS","f16",-1,151,-1,128,512,1,1,131072,0.423750,1,"clFinish_profiled"
"OpenCL","COMPUTE","cache_v_l4 (view)","SET_ROWS","f16",-1,153,-1,128,512,1,1,131072,0.407292,1,"clFinish_profiled"
"OpenCL","COMPUTE","__fattn__-4","FLASH_ATTN_EXT","f32",-1,160,-1,64,14,1,1,3584,0.771562,1,"clFinish_profiled"
"OpenCL","COMPUTE","node_163","MUL_MAT","f32",-1,162,-1,896,1,1,1,3584,0.629063,1,"clFinish_profiled"
"OpenCL","COMPUTE","ffn_inp-4","ADD","f32",-1,163,-1,896,1,1,1,3584,0.375573,1,"clFinish_profiled"
"OpenCL","COMPUTE","ffn_gate-4","MUL_MAT","f32",-1,166,-1,4864,1,1,1,19456,1.019739,1,"clFinish_profiled"
"OpenCL","COMPUTE","ffn_up-4","MUL_MAT","f32",-1,167,-1,4864,1,1,1,19456,1.010885,1,"clFinish_profiled"
"OpenCL","COMPUTE","ffn_swiglu-4","GLU","f32",-1,168,-1,4864,1,1,1,19456,0.401562,1,"clFinish_profiled"
"OpenCL","COMPUTE","ffn_out-4","MUL_MAT","f32",-1,169,-1,896,1,1,1,3584,1.078229,1,"clFinish_profiled"
"OpenCL","COMPUTE","l_out-4","ADD","f32",-1,170,-1,896,1,1,1,3584,0.414687,1,"clFinish_profiled"
"OpenCL","COMPUTE","node_174","MUL_MAT","f32",-1,173,-1,896,1,1,1,3584,0.560260,1,"clFinish_profiled"
"OpenCL","COMPUTE","Qcur-5","ADD","f32",-1,174,-1,896,1,1,1,3584,0.558333,1,"clFinish_profiled"
"OpenCL","COMPUTE","Qcur-5","ROPE","f32",-1,176,-1,64,14,1,1,3584,0.802240,1,"clFinish_profiled"
"OpenCL","COMPUTE","node_178","MUL_MAT","f32",-1,177,-1,128,1,1,1,512,0.475521,1,"clFinish_profiled"
"OpenCL","COMPUTE","Kcur-5","ADD","f32",-1,178,-1,128,1,1,1,512,0.403854,1,"clFinish_profiled"
"OpenCL","COMPUTE","Kcur-5","ROPE","f32",-1,180,-1,64,2,1,1,512,0.490313,1,"clFinish_profiled"
"OpenCL","COMPUTE","node_182","MUL_MAT","f32",-1,181,-1,128,1,1,1,512,0.441041,1,"clFinish_profiled"
"OpenCL","COMPUTE","Vcur-5","ADD","f32",-1,182,-1,128,1,1,1,512,0.401823,1,"clFinish_profiled"
"OpenCL","COMPUTE","cache_k_l5 (view)","SET_ROWS","f16",-1,185,-1,128,512,1,1,131072,0.386406,1,"clFinish_profiled"
"OpenCL","COMPUTE","cache_v_l5 (view)","SET_ROWS","f16",-1,187,-1,128,512,1,1,131072,0.387187,1,"clFinish_profiled"
"OpenCL","COMPUTE","__fattn__-5","FLASH_ATTN_EXT","f32",-1,194,-1,64,14,1,1,3584,0.772604,1,"clFinish_profiled"
"OpenCL","COMPUTE","node_197","MUL_MAT","f32",-1,196,-1,896,1,1,1,3584,0.546510,1,"clFinish_profiled"
"OpenCL","COMPUTE","ffn_inp-5","ADD","f32",-1,197,-1,896,1,1,1,3584,0.384218,1,"clFinish_profiled"
"OpenCL","COMPUTE","ffn_gate-5","MUL_MAT","f32",-1,200,-1,4864,1,1,1,19456,1.048698,1,"clFinish_profiled"
"OpenCL","COMPUTE","ffn_up-5","MUL_MAT","f32",-1,201,-1,4864,1,1,1,19456,1.028593,1,"clFinish_profiled"
"OpenCL","COMPUTE","ffn_swiglu-5","GLU","f32",-1,202,-1,4864,1,1,1,19456,0.430312,1,"clFinish_profiled"
"OpenCL","COMPUTE","ffn_out-5","MUL_MAT","f32",-1,203,-1,896,1,1,1,3584,1.049010,1,"clFinish_profiled"
"OpenCL","COMPUTE","l_out-5","ADD","f32",-1,204,-1,896,1,1,1,3584,0.448125,1,"clFinish_profiled"
"OpenCL","COMPUTE","node_208","MUL_MAT","f32",-1,207,-1,896,1,1,1,3584,0.929895,1,"clFinish_profiled"
"OpenCL","COMPUTE","Qcur-6","ADD","f32",-1,208,-1,896,1,1,1,3584,0.443854,1,"clFinish_profiled"
"OpenCL","COMPUTE","Qcur-6","ROPE","f32",-1,210,-1,64,14,1,1,3584,0.407708,1,"clFinish_profiled"
"OpenCL","COMPUTE","node_212","MUL_MAT","f32",-1,211,-1,128,1,1,1,512,0.470260,1,"clFinish_profiled"
"OpenCL","COMPUTE","Kcur-6","ADD","f32",-1,212,-1,128,1,1,1,512,0.463959,1,"clFinish_profiled"
"OpenCL","COMPUTE","Kcur-6","ROPE","f32",-1,214,-1,64,2,1,1,512,0.413646,1,"clFinish_profiled"
"OpenCL","COMPUTE","node_216","MUL_MAT","f32",-1,215,-1,128,1,1,1,512,0.431666,1,"clFinish_profiled"
"OpenCL","COMPUTE","Vcur-6","ADD","f32",-1,216,-1,128,1,1,1,512,0.371823,1,"clFinish_profiled"
"OpenCL","COMPUTE","cache_k_l6 (view)","SET_ROWS","f16",-1,219,-1,128,512,1,1,131072,0.328855,1,"clFinish_profiled"
"OpenCL","COMPUTE","cache_v_l6 (view)","SET_ROWS","f16",-1,221,-1,128,512,1,1,131072,0.278021,1,"clFinish_profiled"
"OpenCL","COMPUTE","__fattn__-6","FLASH_ATTN_EXT","f32",-1,228,-1,64,14,1,1,3584,0.683125,1,"clFinish_profiled"
"OpenCL","COMPUTE","node_231","MUL_MAT","f32",-1,230,-1,896,1,1,1,3584,0.392552,1,"clFinish_profiled"
"OpenCL","COMPUTE","ffn_inp-6","ADD","f32",-1,231,-1,896,1,1,1,3584,0.319687,1,"clFinish_profiled"
"OpenCL","COMPUTE","ffn_gate-6","MUL_MAT","f32",-1,234,-1,4864,1,1,1,19456,0.671042,1,"clFinish_profiled"
"OpenCL","COMPUTE","ffn_up-6","MUL_MAT","f32",-1,235,-1,4864,1,1,1,19456,0.624739,1,"clFinish_profiled"
"OpenCL","COMPUTE","ffn_swiglu-6","GLU","f32",-1,236,-1,4864,1,1,1,19456,0.308385,1,"clFinish_profiled"
"OpenCL","COMPUTE","ffn_out-6","MUL_MAT","f32",-1,237,-1,896,1,1,1,3584,0.853437,1,"clFinish_profiled"
"OpenCL","COMPUTE","l_out-6","ADD","f32",-1,238,-1,896,1,1,1,3584,0.618593,1,"clFinish_profiled"
"OpenCL","COMPUTE","node_242","MUL_MAT","f32",-1,241,-1,896,1,1,1,3584,0.486198,1,"clFinish_profiled"
"OpenCL","COMPUTE","Qcur-7","ADD","f32",-1,242,-1,896,1,1,1,3584,0.376718,1,"clFinish_profiled"
"OpenCL","COMPUTE","Qcur-7","ROPE","f32",-1,244,-1,64,14,1,1,3584,0.304948,1,"clFinish_profiled"
"OpenCL","COMPUTE","node_246","MUL_MAT","f32",-1,245,-1,128,1,1,1,512,0.328541,1,"clFinish_profiled"
"OpenCL","COMPUTE","Kcur-7","ADD","f32",-1,246,-1,128,1,1,1,512,0.287084,1,"clFinish_profiled"
"OpenCL","COMPUTE","Kcur-7","ROPE","f32",-1,248,-1,64,2,1,1,512,0.292188,1,"clFinish_profiled"
"OpenCL","COMPUTE","node_250","MUL_MAT","f32",-1,249,-1,128,1,1,1,512,0.319583,1,"clFinish_profiled"
"OpenCL","COMPUTE","Vcur-7","ADD","f32",-1,250,-1,128,1,1,1,512,0.285209,1,"clFinish_profiled"
"OpenCL","COMPUTE","cache_k_l7 (view)","SET_ROWS","f16",-1,253,-1,128,512,1,1,131072,0.287448,1,"clFinish_profiled"
"OpenCL","COMPUTE","cache_v_l7 (view)","SET_ROWS","f16",-1,255,-1,128,512,1,1,131072,0.285365,1,"clFinish_profiled"
"OpenCL","COMPUTE","__fattn__-7","FLASH_ATTN_EXT","f32",-1,262,-1,64,14,1,1,3584,0.728594,1,"clFinish_profiled"
"OpenCL","COMPUTE","node_265","MUL_MAT","f32",-1,264,-1,896,1,1,1,3584,0.569219,1,"clFinish_profiled"
"OpenCL","COMPUTE","ffn_inp-7","ADD","f32",-1,265,-1,896,1,1,1,3584,0.359636,1,"clFinish_profiled"
"OpenCL","COMPUTE","ffn_gate-7","MUL_MAT","f32",-1,268,-1,4864,1,1,1,19456,1.003906,1,"clFinish_profiled"
"OpenCL","COMPUTE","ffn_up-7","MUL_MAT","f32",-1,269,-1,4864,1,1,1,19456,1.019062,1,"clFinish_profiled"
"OpenCL","COMPUTE","ffn_swiglu-7","GLU","f32",-1,270,-1,4864,1,1,1,19456,0.380312,1,"clFinish_profiled"
"OpenCL","COMPUTE","ffn_out-7","MUL_MAT","f32",-1,271,-1,896,1,1,1,3584,1.078230,1,"clFinish_profiled"
"OpenCL","COMPUTE","l_out-7","ADD","f32",-1,272,-1,896,1,1,1,3584,0.408802,1,"clFinish_profiled"
"OpenCL","COMPUTE","node_276","MUL_MAT","f32",-1,275,-1,896,1,1,1,3584,0.616614,1,"clFinish_profiled"
"OpenCL","COMPUTE","Qcur-8","ADD","f32",-1,276,-1,896,1,1,1,3584,0.390989,1,"clFinish_profiled"
"OpenCL","COMPUTE","Qcur-8","ROPE","f32",-1,278,-1,64,14,1,1,3584,0.406041,1,"clFinish_profiled"
"OpenCL","COMPUTE","node_280","MUL_MAT","f32",-1,279,-1,128,1,1,1,512,0.420885,1,"clFinish_profiled"
"OpenCL","COMPUTE","Kcur-8","ADD","f32",-1,280,-1,128,1,1,1,512,0.387292,1,"clFinish_profiled"
"OpenCL","COMPUTE","Kcur-8","ROPE","f32",-1,282,-1,64,2,1,1,512,0.384531,1,"clFinish_profiled"
"OpenCL","COMPUTE","node_284","MUL_MAT","f32",-1,283,-1,128,1,1,1,512,0.422761,1,"clFinish_profiled"
"OpenCL","COMPUTE","Vcur-8","ADD","f32",-1,284,-1,128,1,1,1,512,0.421562,1,"clFinish_profiled"
"OpenCL","COMPUTE","cache_k_l8 (view)","SET_ROWS","f16",-1,287,-1,128,512,1,1,131072,0.399896,1,"clFinish_profiled"
"OpenCL","COMPUTE","cache_v_l8 (view)","SET_ROWS","f16",-1,289,-1,128,512,1,1,131072,0.394896,1,"clFinish_profiled"
"OpenCL","COMPUTE","__fattn__-8","FLASH_ATTN_EXT","f32",-1,296,-1,64,14,1,1,3584,0.778073,1,"clFinish_profiled"
"OpenCL","COMPUTE","node_299","MUL_MAT","f32",-1,298,-1,896,1,1,1,3584,0.581042,1,"clFinish_profiled"
"OpenCL","COMPUTE","ffn_inp-8","ADD","f32",-1,299,-1,896,1,1,1,3584,0.389896,1,"clFinish_profiled"
"OpenCL","COMPUTE","ffn_gate-8","MUL_MAT","f32",-1,302,-1,4864,1,1,1,19456,1.040677,1,"clFinish_profiled"
"OpenCL","COMPUTE","ffn_up-8","MUL_MAT","f32",-1,303,-1,4864,1,1,1,19456,1.014532,1,"clFinish_profiled"
"OpenCL","COMPUTE","ffn_swiglu-8","GLU","f32",-1,304,-1,4864,1,1,1,19456,0.409063,1,"clFinish_profiled"
"OpenCL","COMPUTE","ffn_out-8","MUL_MAT","f32",-1,305,-1,896,1,1,1,3584,1.083750,1,"clFinish_profiled"
"OpenCL","COMPUTE","l_out-8","ADD","f32",-1,306,-1,896,1,1,1,3584,0.384219,1,"clFinish_profiled"
"OpenCL","COMPUTE","node_310","MUL_MAT","f32",-1,309,-1,896,1,1,1,3584,0.579166,1,"clFinish_profiled"
"OpenCL","COMPUTE","Qcur-9","ADD","f32",-1,310,-1,896,1,1,1,3584,0.388854,1,"clFinish_profiled"
"OpenCL","COMPUTE","Qcur-9","ROPE","f32",-1,312,-1,64,14,1,1,3584,0.393282,1,"clFinish_profiled"
"OpenCL","COMPUTE","node_314","MUL_MAT","f32",-1,313,-1,128,1,1,1,512,0.475104,1,"clFinish_profiled"
"OpenCL","COMPUTE","Kcur-9","ADD","f32",-1,314,-1,128,1,1,1,512,0.395156,1,"clFinish_profiled"
"OpenCL","COMPUTE","Kcur-9","ROPE","f32",-1,316,-1,64,2,1,1,512,0.395990,1,"clFinish_profiled"
"OpenCL","COMPUTE","node_318","MUL_MAT","f32",-1,317,-1,128,1,1,1,512,0.436198,1,"clFinish_profiled"
"OpenCL","COMPUTE","Vcur-9","ADD","f32",-1,318,-1,128,1,1,1,512,0.388177,1,"clFinish_profiled"
"OpenCL","COMPUTE","cache_k_l9 (view)","SET_ROWS","f16",-1,321,-1,128,512,1,1,131072,0.386719,1,"clFinish_profiled"
"OpenCL","COMPUTE","cache_v_l9 (view)","SET_ROWS","f16",-1,323,-1,128,512,1,1,131072,0.392605,1,"clFinish_profiled"
"OpenCL","COMPUTE","__fattn__-9","FLASH_ATTN_EXT","f32",-1,330,-1,64,14,1,1,3584,0.761875,1,"clFinish_profiled"
"OpenCL","COMPUTE","node_333","MUL_MAT","f32",-1,332,-1,896,1,1,1,3584,0.608907,1,"clFinish_profiled"
"OpenCL","COMPUTE","ffn_inp-9","ADD","f32",-1,333,-1,896,1,1,1,3584,0.411250,1,"clFinish_profiled"
"OpenCL","COMPUTE","ffn_gate-9","MUL_MAT","f32",-1,336,-1,4864,1,1,1,19456,1.045000,1,"clFinish_profiled"
"OpenCL","COMPUTE","ffn_up-9","MUL_MAT","f32",-1,337,-1,4864,1,1,1,19456,1.005625,1,"clFinish_profiled"
"OpenCL","COMPUTE","ffn_swiglu-9","GLU","f32",-1,338,-1,4864,1,1,1,19456,0.404896,1,"clFinish_profiled"
"OpenCL","COMPUTE","ffn_out-9","MUL_MAT","f32",-1,339,-1,896,1,1,1,3584,1.057448,1,"clFinish_profiled"
"OpenCL","COMPUTE","l_out-9","ADD","f32",-1,340,-1,896,1,1,1,3584,0.442135,1,"clFinish_profiled"
"OpenCL","COMPUTE","node_344","MUL_MAT","f32",-1,343,-1,896,1,1,1,3584,0.569479,1,"clFinish_profiled"
"OpenCL","COMPUTE","Qcur-10","ADD","f32",-1,344,-1,896,1,1,1,3584,0.386979,1,"clFinish_profiled"
"OpenCL","COMPUTE","Qcur-10","ROPE","f32",-1,346,-1,64,14,1,1,3584,0.928594,1,"clFinish_profiled"
"OpenCL","COMPUTE","node_348","MUL_MAT","f32",-1,347,-1,128,1,1,1,512,0.457813,1,"clFinish_profiled"
"OpenCL","COMPUTE","Kcur-10","ADD","f32",-1,348,-1,128,1,1,1,512,0.382188,1,"clFinish_profiled"
"OpenCL","COMPUTE","Kcur-10","ROPE","f32",-1,350,-1,64,2,1,1,512,0.635885,1,"clFinish_profiled"
"OpenCL","COMPUTE","node_352","MUL_MAT","f32",-1,351,-1,128,1,1,1,512,0.860990,1,"clFinish_profiled"
"OpenCL","COMPUTE","Vcur-10","ADD","f32",-1,352,-1,128,1,1,1,512,0.446666,1,"clFinish_profiled"
"OpenCL","COMPUTE","cache_k_l10 (view)","SET_ROWS","f16",-1,355,-1,128,512,1,1,131072,0.538230,1,"clFinish_profiled"
"OpenCL","COMPUTE","cache_v_l10 (view)","SET_ROWS","f16",-1,357,-1,128,512,1,1,131072,0.761719,1,"clFinish_profiled"
"OpenCL","COMPUTE","__fattn__-10","FLASH_ATTN_EXT","f32",-1,364,-1,64,14,1,1,3584,0.853698,1,"clFinish_profiled"
"OpenCL","COMPUTE","node_367","MUL_MAT","f32",-1,366,-1,896,1,1,1,3584,0.542552,1,"clFinish_profiled"
"OpenCL","COMPUTE","ffn_inp-10","ADD","f32",-1,367,-1,896,1,1,1,3584,0.376875,1,"clFinish_profiled"
"OpenCL","COMPUTE","ffn_gate-10","MUL_MAT","f32",-1,370,-1,4864,1,1,1,19456,1.104948,1,"clFinish_profiled"
"OpenCL","COMPUTE","ffn_up-10","MUL_MAT","f32",-1,371,-1,4864,1,1,1,19456,0.996979,1,"clFinish_profiled"
"OpenCL","COMPUTE","ffn_swiglu-10","GLU","f32",-1,372,-1,4864,1,1,1,19456,0.415782,1,"clFinish_profiled"
"OpenCL","COMPUTE","ffn_out-10","MUL_MAT","f32",-1,373,-1,896,1,1,1,3584,1.074896,1,"clFinish_profiled"
"OpenCL","COMPUTE","l_out-10","ADD","f32",-1,374,-1,896,1,1,1,3584,0.378958,1,"clFinish_profiled"
"OpenCL","COMPUTE","node_378","MUL_MAT","f32",-1,377,-1,896,1,1,1,3584,0.563855,1,"clFinish_profiled"
"OpenCL","COMPUTE","Qcur-11","ADD","f32",-1,378,-1,896,1,1,1,3584,0.390729,1,"clFinish_profiled"
"OpenCL","COMPUTE","Qcur-11","ROPE","f32",-1,380,-1,64,14,1,1,3584,0.416094,1,"clFinish_profiled"
"OpenCL","COMPUTE","node_382","MUL_MAT","f32",-1,381,-1,128,1,1,1,512,0.434063,1,"clFinish_profiled"
"OpenCL","COMPUTE","Kcur-11","ADD","f32",-1,382,-1,128,1,1,1,512,0.384167,1,"clFinish_profiled"
"OpenCL","COMPUTE","Kcur-11","ROPE","f32",-1,384,-1,64,2,1,1,512,0.379115,1,"clFinish_profiled"
"OpenCL","COMPUTE","node_386","MUL_MAT","f32",-1,385,-1,128,1,1,1,512,0.521510,1,"clFinish_profiled"
"OpenCL","COMPUTE","Vcur-11","ADD","f32",-1,386,-1,128,1,1,1,512,0.958125,1,"clFinish_profiled"
"OpenCL","COMPUTE","cache_k_l11 (view)","SET_ROWS","f16",-1,389,-1,128,512,1,1,131072,0.871979,1,"clFinish_profiled"
"OpenCL","COMPUTE","cache_v_l11 (view)","SET_ROWS","f16",-1,391,-1,128,512,1,1,131072,0.507605,1,"clFinish_profiled"
"OpenCL","COMPUTE","__fattn__-11","FLASH_ATTN_EXT","f32",-1,398,-1,64,14,1,1,3584,1.212083,1,"clFinish_profiled"
"OpenCL","COMPUTE","node_401","MUL_MAT","f32",-1,400,-1,896,1,1,1,3584,0.584740,1,"clFinish_profiled"
"OpenCL","COMPUTE","ffn_inp-11","ADD","f32",-1,401,-1,896,1,1,1,3584,0.397239,1,"clFinish_profiled"
"OpenCL","COMPUTE","ffn_gate-11","MUL_MAT","f32",-1,404,-1,4864,1,1,1,19456,1.004687,1,"clFinish_profiled"
"OpenCL","COMPUTE","ffn_up-11","MUL_MAT","f32",-1,405,-1,4864,1,1,1,19456,0.987396,1,"clFinish_profiled"
"OpenCL","COMPUTE","ffn_swiglu-11","GLU","f32",-1,406,-1,4864,1,1,1,19456,0.427344,1,"clFinish_profiled"
"OpenCL","COMPUTE","ffn_out-11","MUL_MAT","f32",-1,407,-1,896,1,1,1,3584,1.309219,1,"clFinish_profiled"
"OpenCL","COMPUTE","l_out-11","ADD","f32",-1,408,-1,896,1,1,1,3584,0.713854,1,"clFinish_profiled"
"OpenCL","COMPUTE","node_412","MUL_MAT","f32",-1,411,-1,896,1,1,1,3584,0.780104,1,"clFinish_profiled"
"OpenCL","COMPUTE","Qcur-12","ADD","f32",-1,412,-1,896,1,1,1,3584,0.427084,1,"clFinish_profiled"
"OpenCL","COMPUTE","Qcur-12","ROPE","f32",-1,414,-1,64,14,1,1,3584,0.410156,1,"clFinish_profiled"
"OpenCL","COMPUTE","node_416","MUL_MAT","f32",-1,415,-1,128,1,1,1,512,0.436823,1,"clFinish_profiled"
"OpenCL","COMPUTE","Kcur-12","ADD","f32",-1,416,-1,128,1,1,1,512,0.390365,1,"clFinish_profiled"
"OpenCL","COMPUTE","Kcur-12","ROPE","f32",-1,418,-1,64,2,1,1,512,0.430156,1,"clFinish_profiled"
"OpenCL","COMPUTE","node_420","MUL_MAT","f32",-1,419,-1,128,1,1,1,512,0.431302,1,"clFinish_profiled"
"OpenCL","COMPUTE","Vcur-12","ADD","f32",-1,420,-1,128,1,1,1,512,0.378073,1,"clFinish_profiled"
"OpenCL","COMPUTE","cache_k_l12 (view)","SET_ROWS","f16",-1,423,-1,128,512,1,1,131072,0.379375,1,"clFinish_profiled"
"OpenCL","COMPUTE","cache_v_l12 (view)","SET_ROWS","f16",-1,425,-1,128,512,1,1,131072,0.385573,1,"clFinish_profiled"
"OpenCL","COMPUTE","__fattn__-12","FLASH_ATTN_EXT","f32",-1,432,-1,64,14,1,1,3584,0.775678,1,"clFinish_profiled"
"OpenCL","COMPUTE","node_435","MUL_MAT","f32",-1,434,-1,896,1,1,1,3584,0.522344,1,"clFinish_profiled"
"OpenCL","COMPUTE","ffn_inp-12","ADD","f32",-1,435,-1,896,1,1,1,3584,0.365625,1,"clFinish_profiled"
"OpenCL","COMPUTE","ffn_gate-12","MUL_MAT","f32",-1,438,-1,4864,1,1,1,19456,1.016823,1,"clFinish_profiled"
"OpenCL","COMPUTE","ffn_up-12","MUL_MAT","f32",-1,439,-1,4864,1,1,1,19456,0.982343,1,"clFinish_profiled"
"OpenCL","COMPUTE","ffn_swiglu-12","GLU","f32",-1,440,-1,4864,1,1,1,19456,0.455208,1,"clFinish_profiled"
"OpenCL","COMPUTE","ffn_out-12","MUL_MAT","f32",-1,441,-1,896,1,1,1,3584,1.083125,1,"clFinish_profiled"
"OpenCL","COMPUTE","l_out-12","ADD","f32",-1,442,-1,896,1,1,1,3584,0.402291,1,"clFinish_profiled"
"OpenCL","COMPUTE","node_446","MUL_MAT","f32",-1,445,-1,896,1,1,1,3584,0.572864,1,"clFinish_profiled"
"OpenCL","COMPUTE","Qcur-13","ADD","f32",-1,446,-1,896,1,1,1,3584,0.390678,1,"clFinish_profiled"
"OpenCL","COMPUTE","Qcur-13","ROPE","f32",-1,448,-1,64,14,1,1,3584,0.394531,1,"clFinish_profiled"
"OpenCL","COMPUTE","node_450","MUL_MAT","f32",-1,449,-1,128,1,1,1,512,0.429427,1,"clFinish_profiled"
"OpenCL","COMPUTE","Kcur-13","ADD","f32",-1,450,-1,128,1,1,1,512,0.390521,1,"clFinish_profiled"
"OpenCL","COMPUTE","Kcur-13","ROPE","f32",-1,452,-1,64,2,1,1,512,0.389896,1,"clFinish_profiled"
"OpenCL","COMPUTE","node_454","MUL_MAT","f32",-1,453,-1,128,1,1,1,512,0.424687,1,"clFinish_profiled"
"OpenCL","COMPUTE","Vcur-13","ADD","f32",-1,454,-1,128,1,1,1,512,0.385677,1,"clFinish_profiled"
"OpenCL","COMPUTE","cache_k_l13 (view)","SET_ROWS","f16",-1,457,-1,128,512,1,1,131072,0.384218,1,"clFinish_profiled"
"OpenCL","COMPUTE","cache_v_l13 (view)","SET_ROWS","f16",-1,459,-1,128,512,1,1,131072,0.495052,1,"clFinish_profiled"
"OpenCL","COMPUTE","__fattn__-13","FLASH_ATTN_EXT","f32",-1,466,-1,64,14,1,1,3584,1.193281,1,"clFinish_profiled"
"OpenCL","COMPUTE","node_469","MUL_MAT","f32",-1,468,-1,896,1,1,1,3584,0.769895,1,"clFinish_profiled"
"OpenCL","COMPUTE","ffn_inp-13","ADD","f32",-1,469,-1,896,1,1,1,3584,0.828542,1,"clFinish_profiled"
"OpenCL","COMPUTE","ffn_gate-13","MUL_MAT","f32",-1,472,-1,4864,1,1,1,19456,1.076042,1,"clFinish_profiled"
"OpenCL","COMPUTE","ffn_up-13","MUL_MAT","f32",-1,473,-1,4864,1,1,1,19456,0.989740,1,"clFinish_profiled"
"OpenCL","COMPUTE","ffn_swiglu-13","GLU","f32",-1,474,-1,4864,1,1,1,19456,0.399375,1,"clFinish_profiled"
"OpenCL","COMPUTE","ffn_out-13","MUL_MAT","f32",-1,475,-1,896,1,1,1,3584,1.056823,1,"clFinish_profiled"
"OpenCL","COMPUTE","l_out-13","ADD","f32",-1,476,-1,896,1,1,1,3584,0.382604,1,"clFinish_profiled"
"OpenCL","COMPUTE","node_480","MUL_MAT","f32",-1,479,-1,896,1,1,1,3584,0.557761,1,"clFinish_profiled"
"OpenCL","COMPUTE","Qcur-14","ADD","f32",-1,480,-1,896,1,1,1,3584,0.403229,1,"clFinish_profiled"
"OpenCL","COMPUTE","Qcur-14","ROPE","f32",-1,482,-1,64,14,1,1,3584,0.391511,1,"clFinish_profiled"
"OpenCL","COMPUTE","node_484","MUL_MAT","f32",-1,483,-1,128,1,1,1,512,0.417916,1,"clFinish_profiled"
"OpenCL","COMPUTE","Kcur-14","ADD","f32",-1,484,-1,128,1,1,1,512,0.360625,1,"clFinish_profiled"
"OpenCL","COMPUTE","Kcur-14","ROPE","f32",-1,486,-1,64,2,1,1,512,0.408282,1,"clFinish_profiled"
"OpenCL","COMPUTE","node_488","MUL_MAT","f32",-1,487,-1,128,1,1,1,512,0.575625,1,"clFinish_profiled"
"OpenCL","COMPUTE","Vcur-14","ADD","f32",-1,488,-1,128,1,1,1,512,0.822656,1,"clFinish_profiled"
"OpenCL","COMPUTE","cache_k_l14 (view)","SET_ROWS","f16",-1,491,-1,128,512,1,1,131072,0.454323,1,"clFinish_profiled"
"OpenCL","COMPUTE","cache_v_l14 (view)","SET_ROWS","f16",-1,493,-1,128,512,1,1,131072,0.460208,1,"clFinish_profiled"
"OpenCL","COMPUTE","__fattn__-14","FLASH_ATTN_EXT","f32",-1,500,-1,64,14,1,1,3584,1.224062,1,"clFinish_profiled"
"OpenCL","COMPUTE","node_503","MUL_MAT","f32",-1,502,-1,896,1,1,1,3584,0.572552,1,"clFinish_profiled"
"OpenCL","COMPUTE","ffn_inp-14","ADD","f32",-1,503,-1,896,1,1,1,3584,0.406042,1,"clFinish_profiled"
"OpenCL","COMPUTE","ffn_gate-14","MUL_MAT","f32",-1,506,-1,4864,1,1,1,19456,1.054218,1,"clFinish_profiled"
"OpenCL","COMPUTE","ffn_up-14","MUL_MAT","f32",-1,507,-1,4864,1,1,1,19456,0.979375,1,"clFinish_profiled"
"OpenCL","COMPUTE","ffn_swiglu-14","GLU","f32",-1,508,-1,4864,1,1,1,19456,0.417344,1,"clFinish_profiled"
"OpenCL","COMPUTE","ffn_out-14","MUL_MAT","f32",-1,509,-1,896,1,1,1,3584,1.067865,1,"clFinish_profiled"
"OpenCL","COMPUTE","l_out-14","ADD","f32",-1,510,-1,896,1,1,1,3584,0.375417,1,"clFinish_profiled"
"OpenCL","COMPUTE","node_514","MUL_MAT","f32",-1,513,-1,896,1,1,1,3584,0.556510,1,"clFinish_profiled"
"OpenCL","COMPUTE","Qcur-15","ADD","f32",-1,514,-1,896,1,1,1,3584,0.386615,1,"clFinish_profiled"
"OpenCL","COMPUTE","Qcur-15","ROPE","f32",-1,516,-1,64,14,1,1,3584,0.474427,1,"clFinish_profiled"
"OpenCL","COMPUTE","node_518","MUL_MAT","f32",-1,517,-1,128,1,1,1,512,0.448385,1,"clFinish_profiled"
"OpenCL","COMPUTE","Kcur-15","ADD","f32",-1,518,-1,128,1,1,1,512,0.390886,1,"clFinish_profiled"
"OpenCL","COMPUTE","Kcur-15","ROPE","f32",-1,520,-1,64,2,1,1,512,0.386198,1,"clFinish_profiled"
"OpenCL","COMPUTE","node_522","MUL_MAT","f32",-1,521,-1,128,1,1,1,512,0.420209,1,"clFinish_profiled"
"OpenCL","COMPUTE","Vcur-15","ADD","f32",-1,522,-1,128,1,1,1,512,0.370156,1,"clFinish_profiled"
"OpenCL","COMPUTE","cache_k_l15 (view)","SET_ROWS","f16",-1,525,-1,128,512,1,1,131072,0.367552,1,"clFinish_profiled"
"OpenCL","COMPUTE","cache_v_l15 (view)","SET_ROWS","f16",-1,527,-1,128,512,1,1,131072,0.365730,1,"clFinish_profiled"
"OpenCL","COMPUTE","__fattn__-15","FLASH_ATTN_EXT","f32",-1,534,-1,64,14,1,1,3584,0.755052,1,"clFinish_profiled"
"OpenCL","COMPUTE","node_537","MUL_MAT","f32",-1,536,-1,896,1,1,1,3584,0.537865,1,"clFinish_profiled"
"OpenCL","COMPUTE","ffn_inp-15","ADD","f32",-1,537,-1,896,1,1,1,3584,0.434427,1,"clFinish_profiled"
"OpenCL","COMPUTE","ffn_gate-15","MUL_MAT","f32",-1,540,-1,4864,1,1,1,19456,1.027865,1,"clFinish_profiled"
"OpenCL","COMPUTE","ffn_up-15","MUL_MAT","f32",-1,541,-1,4864,1,1,1,19456,1.039636,1,"clFinish_profiled"
"OpenCL","COMPUTE","ffn_swiglu-15","GLU","f32",-1,542,-1,4864,1,1,1,19456,0.405156,1,"clFinish_profiled"
"OpenCL","COMPUTE","ffn_out-15","MUL_MAT","f32",-1,543,-1,896,1,1,1,3584,1.129532,1,"clFinish_profiled"
"OpenCL","COMPUTE","l_out-15","ADD","f32",-1,544,-1,896,1,1,1,3584,0.546615,1,"clFinish_profiled"
"OpenCL","COMPUTE","node_548","MUL_MAT","f32",-1,547,-1,896,1,1,1,3584,0.947500,1,"clFinish_profiled"
"OpenCL","COMPUTE","Qcur-16","ADD","f32",-1,548,-1,896,1,1,1,3584,0.428907,1,"clFinish_profiled"
"OpenCL","COMPUTE","Qcur-16","ROPE","f32",-1,550,-1,64,14,1,1,3584,0.388021,1,"clFinish_profiled"
"OpenCL","COMPUTE","node_552","MUL_MAT","f32",-1,551,-1,128,1,1,1,512,0.693854,1,"clFinish_profiled"
"OpenCL","COMPUTE","Kcur-16","ADD","f32",-1,552,-1,128,1,1,1,512,0.777188,1,"clFinish_profiled"
"OpenCL","COMPUTE","Kcur-16","ROPE","f32",-1,554,-1,64,2,1,1,512,0.441459,1,"clFinish_profiled"
"OpenCL","COMPUTE","node_556","MUL_MAT","f32",-1,555,-1,128,1,1,1,512,0.443125,1,"clFinish_profiled"
"OpenCL","COMPUTE","Vcur-16","ADD","f32",-1,556,-1,128,1,1,1,512,0.399948,1,"clFinish_profiled"
"OpenCL","COMPUTE","cache_k_l16 (view)","SET_ROWS","f16",-1,559,-1,128,512,1,1,131072,0.394063,1,"clFinish_profiled"
"OpenCL","COMPUTE","cache_v_l16 (view)","SET_ROWS","f16",-1,561,-1,128,512,1,1,131072,0.437917,1,"clFinish_profiled"
"OpenCL","COMPUTE","__fattn__-16","FLASH_ATTN_EXT","f32",-1,568,-1,64,14,1,1,3584,0.847604,1,"clFinish_profiled"
"OpenCL","COMPUTE","node_571","MUL_MAT","f32",-1,570,-1,896,1,1,1,3584,0.977604,1,"clFinish_profiled"
"OpenCL","COMPUTE","ffn_inp-16","ADD","f32",-1,571,-1,896,1,1,1,3584,0.654895,1,"clFinish_profiled"
"OpenCL","COMPUTE","ffn_gate-16","MUL_MAT","f32",-1,574,-1,4864,1,1,1,19456,1.034792,1,"clFinish_profiled"
"OpenCL","COMPUTE","ffn_up-16","MUL_MAT","f32",-1,575,-1,4864,1,1,1,19456,0.983386,1,"clFinish_profiled"
"OpenCL","COMPUTE","ffn_swiglu-16","GLU","f32",-1,576,-1,4864,1,1,1,19456,0.404479,1,"clFinish_profiled"
"OpenCL","COMPUTE","ffn_out-16","MUL_MAT","f32",-1,577,-1,896,1,1,1,3584,1.075573,1,"clFinish_profiled"
"OpenCL","COMPUTE","l_out-16","ADD","f32",-1,578,-1,896,1,1,1,3584,0.385208,1,"clFinish_profiled"
"OpenCL","COMPUTE","node_582","MUL_MAT","f32",-1,581,-1,896,1,1,1,3584,0.702083,1,"clFinish_profiled"
"OpenCL","COMPUTE","Qcur-17","ADD","f32",-1,582,-1,896,1,1,1,3584,0.821875,1,"clFinish_profiled"
"OpenCL","COMPUTE","Qcur-17","ROPE","f32",-1,584,-1,64,14,1,1,3584,0.547448,1,"clFinish_profiled"
"OpenCL","COMPUTE","node_586","MUL_MAT","f32",-1,585,-1,128,1,1,1,512,0.834063,1,"clFinish_profiled"
"OpenCL","COMPUTE","Kcur-17","ADD","f32",-1,586,-1,128,1,1,1,512,0.446615,1,"clFinish_profiled"
"OpenCL","COMPUTE","Kcur-17","ROPE","f32",-1,588,-1,64,2,1,1,512,0.393177,1,"clFinish_profiled"
"OpenCL","COMPUTE","node_590","MUL_MAT","f32",-1,589,-1,128,1,1,1,512,0.457604,1,"clFinish_profiled"
"OpenCL","COMPUTE","Vcur-17","ADD","f32",-1,590,-1,128,1,1,1,512,0.401458,1,"clFinish_profiled"
"OpenCL","COMPUTE","cache_k_l17 (view)","SET_ROWS","f16",-1,593,-1,128,512,1,1,131072,0.498125,1,"clFinish_profiled"
"OpenCL","COMPUTE","cache_v_l17 (view)","SET_ROWS","f16",-1,595,-1,128,512,1,1,131072,0.828229,1,"clFinish_profiled"
"OpenCL","COMPUTE","__fattn__-17","FLASH_ATTN_EXT","f32",-1,602,-1,64,14,1,1,3584,0.874062,1,"clFinish_profiled"
"OpenCL","COMPUTE","node_605","MUL_MAT","f32",-1,604,-1,896,1,1,1,3584,0.566042,1,"clFinish_profiled"
"OpenCL","COMPUTE","ffn_inp-17","ADD","f32",-1,605,-1,896,1,1,1,3584,0.400730,1,"clFinish_profiled"
"OpenCL","COMPUTE","ffn_gate-17","MUL_MAT","f32",-1,608,-1,4864,1,1,1,19456,1.049375,1,"clFinish_profiled"
"OpenCL","COMPUTE","ffn_up-17","MUL_MAT","f32",-1,609,-1,4864,1,1,1,19456,1.001771,1,"clFinish_profiled"
"OpenCL","COMPUTE","ffn_swiglu-17","GLU","f32",-1,610,-1,4864,1,1,1,19456,0.497292,1,"clFinish_profiled"
"OpenCL","COMPUTE","ffn_out-17","MUL_MAT","f32",-1,611,-1,896,1,1,1,3584,1.830365,1,"clFinish_profiled"
"OpenCL","COMPUTE","l_out-17","ADD","f32",-1,612,-1,896,1,1,1,3584,0.807291,1,"clFinish_profiled"
"OpenCL","COMPUTE","node_616","MUL_MAT","f32",-1,615,-1,896,1,1,1,3584,1.164791,1,"clFinish_profiled"
"OpenCL","COMPUTE","Qcur-18","ADD","f32",-1,616,-1,896,1,1,1,3584,0.828542,1,"clFinish_profiled"
"OpenCL","COMPUTE","Qcur-18","ROPE","f32",-1,618,-1,64,14,1,1,3584,0.701250,1,"clFinish_profiled"
"OpenCL","COMPUTE","node_620","MUL_MAT","f32",-1,619,-1,128,1,1,1,512,0.727864,1,"clFinish_profiled"
"OpenCL","COMPUTE","Kcur-18","ADD","f32",-1,620,-1,128,1,1,1,512,0.496354,1,"clFinish_profiled"
"OpenCL","COMPUTE","Kcur-18","ROPE","f32",-1,622,-1,64,2,1,1,512,0.431563,1,"clFinish_profiled"
"OpenCL","COMPUTE","node_624","MUL_MAT","f32",-1,623,-1,128,1,1,1,512,0.901614,1,"clFinish_profiled"
"OpenCL","COMPUTE","Vcur-18","ADD","f32",-1,624,-1,128,1,1,1,512,0.426354,1,"clFinish_profiled"
"OpenCL","COMPUTE","cache_k_l18 (view)","SET_ROWS","f16",-1,627,-1,128,512,1,1,131072,0.422135,1,"clFinish_profiled"
"OpenCL","COMPUTE","cache_v_l18 (view)","SET_ROWS","f16",-1,629,-1,128,512,1,1,131072,0.399531,1,"clFinish_profiled"
"OpenCL","COMPUTE","__fattn__-18","FLASH_ATTN_EXT","f32",-1,636,-1,64,14,1,1,3584,0.778593,1,"clFinish_profiled"
"OpenCL","COMPUTE","node_639","MUL_MAT","f32",-1,638,-1,896,1,1,1,3584,0.555886,1,"clFinish_profiled"
"OpenCL","COMPUTE","ffn_inp-18","ADD","f32",-1,639,-1,896,1,1,1,3584,0.390573,1,"clFinish_profiled"
"OpenCL","COMPUTE","ffn_gate-18","MUL_MAT","f32",-1,642,-1,4864,1,1,1,19456,1.011198,1,"clFinish_profiled"
"OpenCL","COMPUTE","ffn_up-18","MUL_MAT","f32",-1,643,-1,4864,1,1,1,19456,0.995989,1,"clFinish_profiled"
"OpenCL","COMPUTE","ffn_swiglu-18","GLU","f32",-1,644,-1,4864,1,1,1,19456,0.419115,1,"clFinish_profiled"
"OpenCL","COMPUTE","ffn_out-18","MUL_MAT","f32",-1,645,-1,896,1,1,1,3584,1.253698,1,"clFinish_profiled"
"OpenCL","COMPUTE","l_out-18","ADD","f32",-1,646,-1,896,1,1,1,3584,0.757031,1,"clFinish_profiled"
"OpenCL","COMPUTE","node_650","MUL_MAT","f32",-1,649,-1,896,1,1,1,3584,1.041302,1,"clFinish_profiled"
"OpenCL","COMPUTE","Qcur-19","ADD","f32",-1,650,-1,896,1,1,1,3584,0.430469,1,"clFinish_profiled"
"OpenCL","COMPUTE","Qcur-19","ROPE","f32",-1,652,-1,64,14,1,1,3584,0.391041,1,"clFinish_profiled"
"OpenCL","COMPUTE","node_654","MUL_MAT","f32",-1,653,-1,128,1,1,1,512,0.425573,1,"clFinish_profiled"
"OpenCL","COMPUTE","Kcur-19","ADD","f32",-1,654,-1,128,1,1,1,512,0.381354,1,"clFinish_profiled"
"OpenCL","COMPUTE","Kcur-19","ROPE","f32",-1,656,-1,64,2,1,1,512,0.405416,1,"clFinish_profiled"
"OpenCL","COMPUTE","node_658","MUL_MAT","f32",-1,657,-1,128,1,1,1,512,0.428177,1,"clFinish_profiled"
"OpenCL","COMPUTE","Vcur-19","ADD","f32",-1,658,-1,128,1,1,1,512,0.378229,1,"clFinish_profiled"
"OpenCL","COMPUTE","cache_k_l19 (view)","SET_ROWS","f16",-1,661,-1,128,512,1,1,131072,0.389948,1,"clFinish_profiled"
"OpenCL","COMPUTE","cache_v_l19 (view)","SET_ROWS","f16",-1,663,-1,128,512,1,1,131072,0.671250,1,"clFinish_profiled"
"OpenCL","COMPUTE","__fattn__-19","FLASH_ATTN_EXT","f32",-1,670,-1,64,14,1,1,3584,1.168697,1,"clFinish_profiled"
"OpenCL","COMPUTE","node_673","MUL_MAT","f32",-1,672,-1,896,1,1,1,3584,0.634271,1,"clFinish_profiled"
"OpenCL","COMPUTE","ffn_inp-19","ADD","f32",-1,673,-1,896,1,1,1,3584,0.398698,1,"clFinish_profiled"
"OpenCL","COMPUTE","ffn_gate-19","MUL_MAT","f32",-1,676,-1,4864,1,1,1,19456,1.037709,1,"clFinish_profiled"
"OpenCL","COMPUTE","ffn_up-19","MUL_MAT","f32",-1,677,-1,4864,1,1,1,19456,0.987604,1,"clFinish_profiled"
"OpenCL","COMPUTE","ffn_swiglu-19","GLU","f32",-1,678,-1,4864,1,1,1,19456,0.408125,1,"clFinish_profiled"
"OpenCL","COMPUTE","ffn_out-19","MUL_MAT","f32",-1,679,-1,896,1,1,1,3584,1.059166,1,"clFinish_profiled"
"OpenCL","COMPUTE","l_out-19","ADD","f32",-1,680,-1,896,1,1,1,3584,0.480938,1,"clFinish_profiled"
"OpenCL","COMPUTE","node_684","MUL_MAT","f32",-1,683,-1,896,1,1,1,3584,0.618646,1,"clFinish_profiled"
"OpenCL","COMPUTE","Qcur-20","ADD","f32",-1,684,-1,896,1,1,1,3584,0.393854,1,"clFinish_profiled"
"OpenCL","COMPUTE","Qcur-20","ROPE","f32",-1,686,-1,64,14,1,1,3584,0.403177,1,"clFinish_profiled"
"OpenCL","COMPUTE","node_688","MUL_MAT","f32",-1,687,-1,128,1,1,1,512,0.434531,1,"clFinish_profiled"
"OpenCL","COMPUTE","Kcur-20","ADD","f32",-1,688,-1,128,1,1,1,512,0.390000,1,"clFinish_profiled"
"OpenCL","COMPUTE","Kcur-20","ROPE","f32",-1,690,-1,64,2,1,1,512,0.389896,1,"clFinish_profiled"
"OpenCL","COMPUTE","node_692","MUL_MAT","f32",-1,691,-1,128,1,1,1,512,0.422708,1,"clFinish_profiled"
"OpenCL","COMPUTE","Vcur-20","ADD","f32",-1,692,-1,128,1,1,1,512,0.431667,1,"clFinish_profiled"
"OpenCL","COMPUTE","cache_k_l20 (view)","SET_ROWS","f16",-1,695,-1,128,512,1,1,131072,0.417656,1,"clFinish_profiled"
"OpenCL","COMPUTE","cache_v_l20 (view)","SET_ROWS","f16",-1,697,-1,128,512,1,1,131072,0.395989,1,"clFinish_profiled"
"OpenCL","COMPUTE","__fattn__-20","FLASH_ATTN_EXT","f32",-1,704,-1,64,14,1,1,3584,0.888593,1,"clFinish_profiled"
"OpenCL","COMPUTE","node_707","MUL_MAT","f32",-1,706,-1,896,1,1,1,3584,0.893906,1,"clFinish_profiled"
"OpenCL","COMPUTE","ffn_inp-20","ADD","f32",-1,707,-1,896,1,1,1,3584,0.519167,1,"clFinish_profiled"
"OpenCL","COMPUTE","ffn_gate-20","MUL_MAT","f32",-1,710,-1,4864,1,1,1,19456,1.710000,1,"clFinish_profiled"
"OpenCL","COMPUTE","ffn_up-20","MUL_MAT","f32",-1,711,-1,4864,1,1,1,19456,1.544583,1,"clFinish_profiled"
"OpenCL","COMPUTE","ffn_swiglu-20","GLU","f32",-1,712,-1,4864,1,1,1,19456,0.800469,1,"clFinish_profiled"
"OpenCL","COMPUTE","ffn_out-20","MUL_MAT","f32",-1,713,-1,896,1,1,1,3584,1.136094,1,"clFinish_profiled"
"OpenCL","COMPUTE","l_out-20","ADD","f32",-1,714,-1,896,1,1,1,3584,0.550937,1,"clFinish_profiled"
"OpenCL","COMPUTE","node_718","MUL_MAT","f32",-1,717,-1,896,1,1,1,3584,0.973594,1,"clFinish_profiled"
"OpenCL","COMPUTE","Qcur-21","ADD","f32",-1,718,-1,896,1,1,1,3584,0.523229,1,"clFinish_profiled"
"OpenCL","COMPUTE","Qcur-21","ROPE","f32",-1,720,-1,64,14,1,1,3584,0.822969,1,"clFinish_profiled"
"OpenCL","COMPUTE","node_722","MUL_MAT","f32",-1,721,-1,128,1,1,1,512,0.463438,1,"clFinish_profiled"
"OpenCL","COMPUTE","Kcur-21","ADD","f32",-1,722,-1,128,1,1,1,512,0.378229,1,"clFinish_profiled"
"OpenCL","COMPUTE","Kcur-21","ROPE","f32",-1,724,-1,64,2,1,1,512,0.384271,1,"clFinish_profiled"
"OpenCL","COMPUTE","node_726","MUL_MAT","f32",-1,725,-1,128,1,1,1,512,0.471563,1,"clFinish_profiled"
"OpenCL","COMPUTE","Vcur-21","ADD","f32",-1,726,-1,128,1,1,1,512,0.445468,1,"clFinish_profiled"
"OpenCL","COMPUTE","cache_k_l21 (view)","SET_ROWS","f16",-1,729,-1,128,512,1,1,131072,0.412813,1,"clFinish_profiled"
"OpenCL","COMPUTE","cache_v_l21 (view)","SET_ROWS","f16",-1,731,-1,128,512,1,1,131072,0.533541,1,"clFinish_profiled"
"OpenCL","COMPUTE","__fattn__-21","FLASH_ATTN_EXT","f32",-1,738,-1,64,14,1,1,3584,1.204166,1,"clFinish_profiled"
"OpenCL","COMPUTE","node_741","MUL_MAT","f32",-1,740,-1,896,1,1,1,3584,0.591459,1,"clFinish_profiled"
"OpenCL","COMPUTE","ffn_inp-21","ADD","f32",-1,741,-1,896,1,1,1,3584,0.398281,1,"clFinish_profiled"
"OpenCL","COMPUTE","ffn_gate-21","MUL_MAT","f32",-1,744,-1,4864,1,1,1,19456,1.050000,1,"clFinish_profiled"
"OpenCL","COMPUTE","ffn_up-21","MUL_MAT","f32",-1,745,-1,4864,1,1,1,19456,0.993906,1,"clFinish_profiled"
"OpenCL","COMPUTE","ffn_swiglu-21","GLU","f32",-1,746,-1,4864,1,1,1,19456,0.404948,1,"clFinish_profiled"
"OpenCL","COMPUTE","ffn_out-21","MUL_MAT","f32",-1,747,-1,896,1,1,1,3584,1.060729,1,"clFinish_profiled"
"OpenCL","COMPUTE","l_out-21","ADD","f32",-1,748,-1,896,1,1,1,3584,0.382448,1,"clFinish_profiled"
"OpenCL","COMPUTE","node_752","MUL_MAT","f32",-1,751,-1,896,1,1,1,3584,0.567447,1,"clFinish_profiled"
"OpenCL","COMPUTE","Qcur-22","ADD","f32",-1,752,-1,896,1,1,1,3584,0.628646,1,"clFinish_profiled"
"OpenCL","COMPUTE","Qcur-22","ROPE","f32",-1,754,-1,64,14,1,1,3584,0.785105,1,"clFinish_profiled"
"OpenCL","COMPUTE","node_756","MUL_MAT","f32",-1,755,-1,128,1,1,1,512,0.474948,1,"clFinish_profiled"
"OpenCL","COMPUTE","Kcur-22","ADD","f32",-1,756,-1,128,1,1,1,512,0.453437,1,"clFinish_profiled"
"OpenCL","COMPUTE","Kcur-22","ROPE","f32",-1,758,-1,64,2,1,1,512,0.393750,1,"clFinish_profiled"
"OpenCL","COMPUTE","node_760","MUL_MAT","f32",-1,759,-1,128,1,1,1,512,0.421406,1,"clFinish_profiled"
"OpenCL","COMPUTE","Vcur-22","ADD","f32",-1,760,-1,128,1,1,1,512,0.396510,1,"clFinish_profiled"
"OpenCL","COMPUTE","cache_k_l22 (view)","SET_ROWS","f16",-1,763,-1,128,512,1,1,131072,0.396302,1,"clFinish_profiled"
"OpenCL","COMPUTE","cache_v_l22 (view)","SET_ROWS","f16",-1,765,-1,128,512,1,1,131072,0.440782,1,"clFinish_profiled"
"OpenCL","COMPUTE","__fattn__-22","FLASH_ATTN_EXT","f32",-1,772,-1,64,14,1,1,3584,0.774584,1,"clFinish_profiled"
"OpenCL","COMPUTE","node_775","MUL_MAT","f32",-1,774,-1,896,1,1,1,3584,0.534479,1,"clFinish_profiled"
"OpenCL","COMPUTE","ffn_inp-22","ADD","f32",-1,775,-1,896,1,1,1,3584,0.364479,1,"clFinish_profiled"
"OpenCL","COMPUTE","ffn_gate-22","MUL_MAT","f32",-1,778,-1,4864,1,1,1,19456,1.012552,1,"clFinish_profiled"
"OpenCL","COMPUTE","ffn_up-22","MUL_MAT","f32",-1,779,-1,4864,1,1,1,19456,1.132708,1,"clFinish_profiled"
"OpenCL","COMPUTE","ffn_swiglu-22","GLU","f32",-1,780,-1,4864,1,1,1,19456,0.876875,1,"clFinish_profiled"
"OpenCL","COMPUTE","ffn_out-22","MUL_MAT","f32",-1,781,-1,896,1,1,1,3584,1.297708,1,"clFinish_profiled"
"OpenCL","COMPUTE","l_out-22","ADD","f32",-1,782,-1,896,1,1,1,3584,0.767344,1,"clFinish_profiled"
"OpenCL","COMPUTE","node_786","MUL_MAT","f32",-1,785,-1,896,1,1,1,3584,1.184844,1,"clFinish_profiled"
"OpenCL","COMPUTE","Qcur-23","ADD","f32",-1,786,-1,896,1,1,1,3584,0.796667,1,"clFinish_profiled"
"OpenCL","COMPUTE","Qcur-23","ROPE","f32",-1,788,-1,64,14,1,1,3584,0.447865,1,"clFinish_profiled"
"OpenCL","COMPUTE","node_790","MUL_MAT","f32",-1,789,-1,128,1,1,1,512,0.428333,1,"clFinish_profiled"
"OpenCL","COMPUTE","Kcur-23","ADD","f32",-1,790,-1,128,1,1,1,512,0.397292,1,"clFinish_profiled"
"OpenCL","COMPUTE","Kcur-23","ROPE","f32",-1,792,-1,64,2,1,1,512,0.385990,1,"clFinish_profiled"
"OpenCL","COMPUTE","node_794","MUL_MAT","f32",-1,793,-1,128,1,1,1,512,0.426562,1,"clFinish_profiled"
"OpenCL","COMPUTE","Vcur-23","ADD","f32",-1,794,-1,128,1,1,1,512,0.382344,1,"clFinish_profiled"
"OpenCL","COMPUTE","cache_k_l23 (view)","SET_ROWS","f16",-1,797,-1,128,512,1,1,131072,0.431822,1,"clFinish_profiled"
"OpenCL","COMPUTE","cache_v_l23 (view)","SET_ROWS","f16",-1,799,-1,128,512,1,1,131072,0.413333,1,"clFinish_profiled"
"OpenCL","COMPUTE","__fattn__-23","FLASH_ATTN_EXT","f32",-1,806,-1,64,14,1,1,3584,0.775989,1,"clFinish_profiled"
"OpenCL","COMPUTE","node_809","MUL_MAT","f32",-1,808,-1,896,1,1,1,3584,0.601667,1,"clFinish_profiled"
"OpenCL","COMPUTE","node_810","GET_ROWS","f32",-1,809,-1,896,1,1,1,3584,0.410156,1,"clFinish_profiled"
"OpenCL","COMPUTE","node_811","GET_ROWS","f32",-1,810,-1,896,1,1,1,3584,0.388177,1,"clFinish_profiled"
"OpenCL","COMPUTE","ffn_inp-23","ADD","f32",-1,811,-1,896,1,1,1,3584,0.382031,1,"clFinish_profiled"
"OpenCL","COMPUTE","ffn_gate-23","MUL_MAT","f32",-1,814,-1,4864,1,1,1,19456,1.041979,1,"clFinish_profiled"
"OpenCL","COMPUTE","ffn_up-23","MUL_MAT","f32",-1,815,-1,4864,1,1,1,19456,0.992969,1,"clFinish_profiled"
"OpenCL","COMPUTE","ffn_swiglu-23","GLU","f32",-1,816,-1,4864,1,1,1,19456,0.407343,1,"clFinish_profiled"
"OpenCL","COMPUTE","ffn_out-23","MUL_MAT","f32",-1,817,-1,896,1,1,1,3584,1.054531,1,"clFinish_profiled"
"OpenCL","COMPUTE","l_out-23","ADD","f32",-1,818,-1,896,1,1,1,3584,0.367395,1,"clFinish_profiled"
"OpenCL","COMPUTE","result_output","MUL_MAT","f32",-1,821,-1,151936,1,1,1,607744,18.978802,1,"clFinish_profiled"
"CPU_Elastic","COMPUTE_GRAPH","ggml_cgraph","GRAPH","",-1,1,-1,0,0,0,0,0,0.563646,1,"delegate_cpu_graph"
"OpenCL","COMPUTE","node_3","MUL_MAT","f32",-1,2,-1,896,18,1,1,64512,9.573594,1,"clFinish_profiled"
"OpenCL","COMPUTE","Qcur-0","ADD","f32",-1,3,-1,896,18,1,1,64512,0.289740,1,"clFinish_profiled"
"OpenCL","COMPUTE","Qcur-0","ROPE","f32",-1,5,-1,64,14,18,1,64512,0.390937,1,"clFinish_profiled"
"OpenCL","COMPUTE","node_7","MUL_MAT","f32",-1,6,-1,128,18,1,1,9216,0.425625,1,"clFinish_profiled"
"OpenCL","COMPUTE","Kcur-0","ADD","f32",-1,7,-1,128,18,1,1,9216,0.255469,1,"clFinish_profiled"
"OpenCL","COMPUTE","Kcur-0","ROPE","f32",-1,9,-1,64,2,18,1,9216,0.255886,1,"clFinish_profiled"
"OpenCL","COMPUTE","node_11","MUL_MAT","f32",-1,10,-1,128,18,1,1,9216,0.456875,1,"clFinish_profiled"
"OpenCL","COMPUTE","Vcur-0","ADD","f32",-1,11,-1,128,18,1,1,9216,0.220885,1,"clFinish_profiled"
"OpenCL","COMPUTE","cache_k_l0 (view)","SET_ROWS","f16",-1,14,-1,128,512,1,1,131072,0.374532,1,"clFinish_profiled"
"OpenCL","COMPUTE","cache_v_l0 (view)","SET_ROWS","f16",-1,16,-1,128,512,1,1,131072,0.283334,1,"clFinish_profiled"
"OpenCL","COMPUTE"," (copy)","CPY","f16",-1,23,-1,256,64,1,1,32768,0.300573,1,"clFinish_profiled"
"OpenCL","COMPUTE","__fattn__-0","FLASH_ATTN_EXT","f32",-1,24,-1,64,14,18,1,64512,1.892657,1,"clFinish_profiled"
"OpenCL","COMPUTE","node_27","MUL_MAT","f32",-1,26,-1,896,18,1,1,64512,1.561615,1,"clFinish_profiled"
"OpenCL","COMPUTE","ffn_inp-0","ADD","f32",-1,27,-1,896,18,1,1,64512,0.352396,1,"clFinish_profiled"
"OpenCL","COMPUTE","ffn_gate-0","MUL_MAT","f32",-1,30,-1,4864,18,1,1,350208,5.260573,1,"clFinish_profiled"
"OpenCL","COMPUTE","ffn_up-0","MUL_MAT","f32",-1,31,-1,4864,18,1,1,350208,5.585885,1,"clFinish_profiled"
"OpenCL","COMPUTE","ffn_swiglu-0","GLU","f32",-1,32,-1,4864,18,1,1,350208,0.675781,1,"clFinish_profiled"
"OpenCL","COMPUTE","ffn_out-0","MUL_MAT","f32",-1,33,-1,896,18,1,1,64512,4.576979,1,"clFinish_profiled"
"OpenCL","COMPUTE","l_out-0","ADD","f32",-1,34,-1,896,18,1,1,64512,0.711927,1,"clFinish_profiled"
"OpenCL","COMPUTE","node_38","MUL_MAT","f32",-1,37,-1,896,18,1,1,64512,1.430885,1,"clFinish_profiled"
"OpenCL","COMPUTE","Qcur-1","ADD","f32",-1,38,-1,896,18,1,1,64512,0.655364,1,"clFinish_profiled"
"OpenCL","COMPUTE","Qcur-1","ROPE","f32",-1,40,-1,64,14,18,1,64512,0.350104,1,"clFinish_profiled"
"OpenCL","COMPUTE","node_42","MUL_MAT","f32",-1,41,-1,128,18,1,1,9216,0.456823,1,"clFinish_profiled"
"OpenCL","COMPUTE","Kcur-1","ADD","f32",-1,42,-1,128,18,1,1,9216,0.301302,1,"clFinish_profiled"
"OpenCL","COMPUTE","Kcur-1","ROPE","f32",-1,44,-1,64,2,18,1,9216,0.304688,1,"clFinish_profiled"
"OpenCL","COMPUTE","node_46","MUL_MAT","f32",-1,45,-1,128,18,1,1,9216,0.449532,1,"clFinish_profiled"
"OpenCL","COMPUTE","Vcur-1","ADD","f32",-1,46,-1,128,18,1,1,9216,0.292084,1,"clFinish_profiled"
"OpenCL","COMPUTE","cache_k_l1 (view)","SET_ROWS","f16",-1,49,-1,128,512,1,1,131072,0.296563,1,"clFinish_profiled"
"OpenCL","COMPUTE","cache_v_l1 (view)","SET_ROWS","f16",-1,51,-1,128,512,1,1,131072,0.295000,1,"clFinish_profiled"
"OpenCL","COMPUTE","__fattn__-1","FLASH_ATTN_EXT","f32",-1,58,-1,64,14,18,1,64512,1.891093,1,"clFinish_profiled"
"OpenCL","COMPUTE","node_61","MUL_MAT","f32",-1,60,-1,896,18,1,1,64512,1.670833,1,"clFinish_profiled"
"OpenCL","COMPUTE","ffn_inp-1","ADD","f32",-1,61,-1,896,18,1,1,64512,0.673698,1,"clFinish_profiled"
"OpenCL","COMPUTE","ffn_gate-1","MUL_MAT","f32",-1,64,-1,4864,18,1,1,350208,5.414635,1,"clFinish_profiled"
"OpenCL","COMPUTE","ffn_up-1","MUL_MAT","f32",-1,65,-1,4864,18,1,1,350208,6.154740,1,"clFinish_profiled"
"OpenCL","COMPUTE","ffn_swiglu-1","GLU","f32",-1,66,-1,4864,18,1,1,350208,0.503698,1,"clFinish_profiled"
"OpenCL","COMPUTE","ffn_out-1","MUL_MAT","f32",-1,67,-1,896,18,1,1,64512,5.247031,1,"clFinish_profiled"
"OpenCL","COMPUTE","l_out-1","ADD","f32",-1,68,-1,896,18,1,1,64512,0.768334,1,"clFinish_profiled"
"OpenCL","COMPUTE","node_72","MUL_MAT","f32",-1,71,-1,896,18,1,1,64512,1.448282,1,"clFinish_profiled"
"OpenCL","COMPUTE","Qcur-2","ADD","f32",-1,72,-1,896,18,1,1,64512,0.378594,1,"clFinish_profiled"
"OpenCL","COMPUTE","Qcur-2","ROPE","f32",-1,74,-1,64,14,18,1,64512,0.537552,1,"clFinish_profiled"
"OpenCL","COMPUTE","node_76","MUL_MAT","f32",-1,75,-1,128,18,1,1,9216,0.908386,1,"clFinish_profiled"
"OpenCL","COMPUTE","Kcur-2","ADD","f32",-1,76,-1,128,18,1,1,9216,0.482396,1,"clFinish_profiled"
"OpenCL","COMPUTE","Kcur-2","ROPE","f32",-1,78,-1,64,2,18,1,9216,0.945469,1,"clFinish_profiled"
"OpenCL","COMPUTE","node_80","MUL_MAT","f32",-1,79,-1,128,18,1,1,9216,1.004479,1,"clFinish_profiled"
"OpenCL","COMPUTE","Vcur-2","ADD","f32",-1,80,-1,128,18,1,1,9216,0.512657,1,"clFinish_profiled"
"OpenCL","COMPUTE","cache_k_l2 (view)","SET_ROWS","f16",-1,83,-1,128,512,1,1,131072,0.828333,1,"clFinish_profiled"
"OpenCL","COMPUTE","cache_v_l2 (view)","SET_ROWS","f16",-1,85,-1,128,512,1,1,131072,0.475625,1,"clFinish_profiled"
"OpenCL","COMPUTE","__fattn__-2","FLASH_ATTN_EXT","f32",-1,92,-1,64,14,18,1,64512,2.192187,1,"clFinish_profiled"
"OpenCL","COMPUTE","node_95","MUL_MAT","f32",-1,94,-1,896,18,1,1,64512,1.536459,1,"clFinish_profiled"
"OpenCL","COMPUTE","ffn_inp-2","ADD","f32",-1,95,-1,896,18,1,1,64512,0.922761,1,"clFinish_profiled"
"OpenCL","COMPUTE","ffn_gate-2","MUL_MAT","f32",-1,98,-1,4864,18,1,1,350208,6.366197,1,"clFinish_profiled"
"OpenCL","COMPUTE","ffn_up-2","MUL_MAT","f32",-1,99,-1,4864,18,1,1,350208,6.119219,1,"clFinish_profiled"
"OpenCL","COMPUTE","ffn_swiglu-2","GLU","f32",-1,100,-1,4864,18,1,1,350208,0.830833,1,"clFinish_profiled"
"OpenCL","COMPUTE","ffn_out-2","MUL_MAT","f32",-1,101,-1,896,18,1,1,64512,5.927240,1,"clFinish_profiled"
"OpenCL","COMPUTE","l_out-2","ADD","f32",-1,102,-1,896,18,1,1,64512,1.471562,1,"clFinish_profiled"
"OpenCL","COMPUTE","node_106","MUL_MAT","f32",-1,105,-1,896,18,1,1,64512,1.786615,1,"clFinish_profiled"
"OpenCL","COMPUTE","Qcur-3","ADD","f32",-1,106,-1,896,18,1,1,64512,0.501719,1,"clFinish_profiled"
"OpenCL","COMPUTE","Qcur-3","ROPE","f32",-1,108,-1,64,14,18,1,64512,1.137084,1,"clFinish_profiled"
"OpenCL","COMPUTE","node_110","MUL_MAT","f32",-1,109,-1,128,18,1,1,9216,0.937396,1,"clFinish_profiled"
"OpenCL","COMPUTE","Kcur-3","ADD","f32",-1,110,-1,128,18,1,1,9216,0.436094,1,"clFinish_profiled"
"OpenCL","COMPUTE","Kcur-3","ROPE","f32",-1,112,-1,64,2,18,1,9216,0.441719,1,"clFinish_profiled"
"OpenCL","COMPUTE","node_114","MUL_MAT","f32",-1,113,-1,128,18,1,1,9216,0.588073,1,"clFinish_profiled"
"OpenCL","COMPUTE","Vcur-3","ADD","f32",-1,114,-1,128,18,1,1,9216,0.388281,1,"clFinish_profiled"
"OpenCL","COMPUTE","cache_k_l3 (view)","SET_ROWS","f16",-1,117,-1,128,512,1,1,131072,0.403646,1,"clFinish_profiled"
"OpenCL","COMPUTE","cache_v_l3 (view)","SET_ROWS","f16",-1,119,-1,128,512,1,1,131072,0.490782,1,"clFinish_profiled"
"OpenCL","COMPUTE","__fattn__-3","FLASH_ATTN_EXT","f32",-1,126,-1,64,14,18,1,64512,2.588385,1,"clFinish_profiled"
"OpenCL","COMPUTE","node_129","MUL_MAT","f32",-1,128,-1,896,18,1,1,64512,1.835938,1,"clFinish_profiled"
"OpenCL","COMPUTE","ffn_inp-3","ADD","f32",-1,129,-1,896,18,1,1,64512,0.976719,1,"clFinish_profiled"
"OpenCL","COMPUTE","ffn_gate-3","MUL_MAT","f32",-1,132,-1,4864,18,1,1,350208,6.492812,1,"clFinish_profiled"
"OpenCL","COMPUTE","ffn_up-3","MUL_MAT","f32",-1,133,-1,4864,18,1,1,350208,6.648958,1,"clFinish_profiled"
"OpenCL","COMPUTE","ffn_swiglu-3","GLU","f32",-1,134,-1,4864,18,1,1,350208,0.932344,1,"clFinish_profiled"
"OpenCL","COMPUTE","ffn_out-3","MUL_MAT","f32",-1,135,-1,896,18,1,1,64512,6.731771,1,"clFinish_profiled"
"OpenCL","COMPUTE","l_out-3","ADD","f32",-1,136,-1,896,18,1,1,64512,0.996719,1,"clFinish_profiled"
"OpenCL","COMPUTE","node_140","MUL_MAT","f32",-1,139,-1,896,18,1,1,64512,2.163593,1,"clFinish_profiled"
"OpenCL","COMPUTE","Qcur-4","ADD","f32",-1,140,-1,896,18,1,1,64512,0.537917,1,"clFinish_profiled"
"OpenCL","COMPUTE","Qcur-4","ROPE","f32",-1,142,-1,64,14,18,1,64512,0.935261,1,"clFinish_profiled"
"OpenCL","COMPUTE","node_144","MUL_MAT","f32",-1,143,-1,128,18,1,1,9216,0.782708,1,"clFinish_profiled"
"OpenCL","COMPUTE","Kcur-4","ADD","f32",-1,144,-1,128,18,1,1,9216,0.912136,1,"clFinish_profiled"
"OpenCL","COMPUTE","Kcur-4","ROPE","f32",-1,146,-1,64,2,18,1,9216,0.615521,1,"clFinish_profiled"
"OpenCL","COMPUTE","node_148","MUL_MAT","f32",-1,147,-1,128,18,1,1,9216,1.052396,1,"clFinish_profiled"
"OpenCL","COMPUTE","Vcur-4","ADD","f32",-1,148,-1,128,18,1,1,9216,0.536666,1,"clFinish_profiled"
"OpenCL","COMPUTE","cache_k_l4 (view)","SET_ROWS","f16",-1,151,-1,128,512,1,1,131072,1.106927,1,"clFinish_profiled"
"OpenCL","COMPUTE","cache_v_l4 (view)","SET_ROWS","f16",-1,153,-1,128,512,1,1,131072,0.812500,1,"clFinish_profiled"
"OpenCL","COMPUTE","__fattn__-4","FLASH_ATTN_EXT","f32",-1,160,-1,64,14,18,1,64512,2.735260,1,"clFinish_profiled"
"OpenCL","COMPUTE","node_163","MUL_MAT","f32",-1,162,-1,896,18,1,1,64512,2.267291,1,"clFinish_profiled"
"OpenCL","COMPUTE","ffn_inp-4","ADD","f32",-1,163,-1,896,18,1,1,64512,0.853542,1,"clFinish_profiled"
"OpenCL","COMPUTE","ffn_gate-4","MUL_MAT","f32",-1,166,-1,4864,18,1,1,350208,7.422604,1,"clFinish_profiled"
"OpenCL","COMPUTE","ffn_up-4","MUL_MAT","f32",-1,167,-1,4864,18,1,1,350208,8.251042,1,"clFinish_profiled"
"OpenCL","COMPUTE","ffn_swiglu-4","GLU","f32",-1,168,-1,4864,18,1,1,350208,1.115833,1,"clFinish_profiled"
"OpenCL","COMPUTE","ffn_out-4","MUL_MAT","f32",-1,169,-1,896,18,1,1,64512,6.853906,1,"clFinish_profiled"
"OpenCL","COMPUTE","l_out-4","ADD","f32",-1,170,-1,896,18,1,1,64512,0.504166,1,"clFinish_profiled"
"OpenCL","COMPUTE","node_174","MUL_MAT","f32",-1,173,-1,896,18,1,1,64512,2.452344,1,"clFinish_profiled"
"OpenCL","COMPUTE","Qcur-5","ADD","f32",-1,174,-1,896,18,1,1,64512,1.999531,1,"clFinish_profiled"
"OpenCL","COMPUTE","Qcur-5","ROPE","f32",-1,176,-1,64,14,18,1,64512,1.237812,1,"clFinish_profiled"
"OpenCL","COMPUTE","node_178","MUL_MAT","f32",-1,177,-1,128,18,1,1,9216,1.120104,1,"clFinish_profiled"
"OpenCL","COMPUTE","Kcur-5","ADD","f32",-1,178,-1,128,18,1,1,9216,0.886458,1,"clFinish_profiled"
"OpenCL","COMPUTE","Kcur-5","ROPE","f32",-1,180,-1,64,2,18,1,9216,1.055677,1,"clFinish_profiled"
"OpenCL","COMPUTE","node_182","MUL_MAT","f32",-1,181,-1,128,18,1,1,9216,1.046354,1,"clFinish_profiled"
"OpenCL","COMPUTE","Vcur-5","ADD","f32",-1,182,-1,128,18,1,1,9216,0.479375,1,"clFinish_profiled"
"OpenCL","COMPUTE","cache_k_l5 (view)","SET_ROWS","f16",-1,185,-1,128,512,1,1,131072,0.426407,1,"clFinish_profiled"
"OpenCL","COMPUTE","cache_v_l5 (view)","SET_ROWS","f16",-1,187,-1,128,512,1,1,131072,0.405261,1,"clFinish_profiled"
"OpenCL","COMPUTE","__fattn__-5","FLASH_ATTN_EXT","f32",-1,194,-1,64,14,18,1,64512,2.690781,1,"clFinish_profiled"
"OpenCL","COMPUTE","node_197","MUL_MAT","f32",-1,196,-1,896,18,1,1,64512,2.203334,1,"clFinish_profiled"
"OpenCL","COMPUTE","ffn_inp-5","ADD","f32",-1,197,-1,896,18,1,1,64512,0.909219,1,"clFinish_profiled"
"OpenCL","COMPUTE","ffn_gate-5","MUL_MAT","f32",-1,200,-1,4864,18,1,1,350208,7.796302,1,"clFinish_profiled"
"OpenCL","COMPUTE","ffn_up-5","MUL_MAT","f32",-1,201,-1,4864,18,1,1,350208,7.814635,1,"clFinish_profiled"
"OpenCL","COMPUTE","ffn_swiglu-5","GLU","f32",-1,202,-1,4864,18,1,1,350208,0.991458,1,"clFinish_profiled"
"OpenCL","COMPUTE","ffn_out-5","MUL_MAT","f32",-1,203,-1,896,18,1,1,64512,6.598490,1,"clFinish_profiled"
"OpenCL","COMPUTE","l_out-5","ADD","f32",-1,204,-1,896,18,1,1,64512,0.938542,1,"clFinish_profiled"
"OpenCL","COMPUTE","node_208","MUL_MAT","f32",-1,207,-1,896,18,1,1,64512,2.534688,1,"clFinish_profiled"
"OpenCL","COMPUTE","Qcur-6","ADD","f32",-1,208,-1,896,18,1,1,64512,1.044739,1,"clFinish_profiled"
"OpenCL","COMPUTE","Qcur-6","ROPE","f32",-1,210,-1,64,14,18,1,64512,0.999115,1,"clFinish_profiled"
"OpenCL","COMPUTE","node_212","MUL_MAT","f32",-1,211,-1,128,18,1,1,9216,1.124740,1,"clFinish_profiled"
"OpenCL","COMPUTE","Kcur-6","ADD","f32",-1,212,-1,128,18,1,1,9216,0.997917,1,"clFinish_profiled"
"OpenCL","COMPUTE","Kcur-6","ROPE","f32",-1,214,-1,64,2,18,1,9216,0.805833,1,"clFinish_profiled"
"OpenCL","COMPUTE","node_216","MUL_MAT","f32",-1,215,-1,128,18,1,1,9216,0.728490,1,"clFinish_profiled"
"OpenCL","COMPUTE","Vcur-6","ADD","f32",-1,216,-1,128,18,1,1,9216,0.910365,1,"clFinish_profiled"
"OpenCL","COMPUTE","cache_k_l6 (view)","SET_ROWS","f16",-1,219,-1,128,512,1,1,131072,0.529792,1,"clFinish_profiled"
"OpenCL","COMPUTE","cache_v_l6 (view)","SET_ROWS","f16",-1,221,-1,128,512,1,1,131072,0.870417,1,"clFinish_profiled"
"OpenCL","COMPUTE","__fattn__-6","FLASH_ATTN_EXT","f32",-1,228,-1,64,14,18,1,64512,2.571302,1,"clFinish_profiled"
"OpenCL","COMPUTE","node_231","MUL_MAT","f32",-1,230,-1,896,18,1,1,64512,2.278907,1,"clFinish_profiled"
"OpenCL","COMPUTE","ffn_inp-6","ADD","f32",-1,231,-1,896,18,1,1,64512,0.941458,1,"clFinish_profiled"
"OpenCL","COMPUTE","ffn_gate-6","MUL_MAT","f32",-1,234,-1,4864,18,1,1,350208,7.843490,1,"clFinish_profiled"
"OpenCL","COMPUTE","ffn_up-6","MUL_MAT","f32",-1,235,-1,4864,18,1,1,350208,10.754948,1,"clFinish_profiled"
"OpenCL","COMPUTE","ffn_swiglu-6","GLU","f32",-1,236,-1,4864,18,1,1,350208,1.148646,1,"clFinish_profiled"
"OpenCL","COMPUTE","ffn_out-6","MUL_MAT","f32",-1,237,-1,896,18,1,1,64512,6.935104,1,"clFinish_profiled"
"OpenCL","COMPUTE","l_out-6","ADD","f32",-1,238,-1,896,18,1,1,64512,0.902136,1,"clFinish_profiled"
"OpenCL","COMPUTE","node_242","MUL_MAT","f32",-1,241,-1,896,18,1,1,64512,2.352500,1,"clFinish_profiled"
"OpenCL","COMPUTE","Qcur-7","ADD","f32",-1,242,-1,896,18,1,1,64512,0.818542,1,"clFinish_profiled"
"OpenCL","COMPUTE","Qcur-7","ROPE","f32",-1,244,-1,64,14,18,1,64512,1.109688,1,"clFinish_profiled"
"OpenCL","COMPUTE","node_246","MUL_MAT","f32",-1,245,-1,128,18,1,1,9216,1.076823,1,"clFinish_profiled"
"OpenCL","COMPUTE","Kcur-7","ADD","f32",-1,246,-1,128,18,1,1,9216,0.522552,1,"clFinish_profiled"
"OpenCL","COMPUTE","Kcur-7","ROPE","f32",-1,248,-1,64,2,18,1,9216,0.908177,1,"clFinish_profiled"
"OpenCL","COMPUTE","node_250","MUL_MAT","f32",-1,249,-1,128,18,1,1,9216,0.999167,1,"clFinish_profiled"
"OpenCL","COMPUTE","Vcur-7","ADD","f32",-1,250,-1,128,18,1,1,9216,0.579219,1,"clFinish_profiled"
"OpenCL","COMPUTE","cache_k_l7 (view)","SET_ROWS","f16",-1,253,-1,128,512,1,1,131072,0.359271,1,"clFinish_profiled"
"OpenCL","COMPUTE","cache_v_l7 (view)","SET_ROWS","f16",-1,255,-1,128,512,1,1,131072,0.335156,1,"clFinish_profiled"
"OpenCL","COMPUTE","__fattn__-7","FLASH_ATTN_EXT","f32",-1,262,-1,64,14,18,1,64512,2.924948,1,"clFinish_profiled"
"OpenCL","COMPUTE","node_265","MUL_MAT","f32",-1,264,-1,896,18,1,1,64512,2.131354,1,"clFinish_profiled"
"OpenCL","COMPUTE","ffn_inp-7","ADD","f32",-1,265,-1,896,18,1,1,64512,0.738021,1,"clFinish_profiled"
"OpenCL","COMPUTE","ffn_gate-7","MUL_MAT","f32",-1,268,-1,4864,18,1,1,350208,7.324740,1,"clFinish_profiled"
"OpenCL","COMPUTE","ffn_up-7","MUL_MAT","f32",-1,269,-1,4864,18,1,1,350208,7.073489,1,"clFinish_profiled"
"OpenCL","COMPUTE","ffn_swiglu-7","GLU","f32",-1,270,-1,4864,18,1,1,350208,0.435157,1,"clFinish_profiled"
"OpenCL","COMPUTE","ffn_out-7","MUL_MAT","f32",-1,271,-1,896,18,1,1,64512,5.982865,1,"clFinish_profiled"
"OpenCL","COMPUTE","l_out-7","ADD","f32",-1,272,-1,896,18,1,1,64512,0.389895,1,"clFinish_profiled"
"OpenCL","COMPUTE","node_276","MUL_MAT","f32",-1,275,-1,896,18,1,1,64512,1.618958,1,"clFinish_profiled"
"OpenCL","COMPUTE","Qcur-8","ADD","f32",-1,276,-1,896,18,1,1,64512,0.371823,1,"clFinish_profiled"
"OpenCL","COMPUTE","Qcur-8","ROPE","f32",-1,278,-1,64,14,18,1,64512,0.709739,1,"clFinish_profiled"
"OpenCL","COMPUTE","node_280","MUL_MAT","f32",-1,279,-1,128,18,1,1,9216,1.040105,1,"clFinish_profiled"
"OpenCL","COMPUTE","Kcur-8","ADD","f32",-1,280,-1,128,18,1,1,9216,0.677917,1,"clFinish_profiled"
"OpenCL","COMPUTE","Kcur-8","ROPE","f32",-1,282,-1,64,2,18,1,9216,0.401146,1,"clFinish_profiled"
"OpenCL","COMPUTE","node_284","MUL_MAT","f32",-1,283,-1,128,18,1,1,9216,0.734427,1,"clFinish_profiled"
"OpenCL","COMPUTE","Vcur-8","ADD","f32",-1,284,-1,128,18,1,1,9216,0.620833,1,"clFinish_profiled"
"OpenCL","COMPUTE","cache_k_l8 (view)","SET_ROWS","f16",-1,287,-1,128,512,1,1,131072,0.327187,1,"clFinish_profiled"
"OpenCL","COMPUTE","cache_v_l8 (view)","SET_ROWS","f16",-1,289,-1,128,512,1,1,131072,0.298385,1,"clFinish_profiled"
"OpenCL","COMPUTE","__fattn__-8","FLASH_ATTN_EXT","f32",-1,296,-1,64,14,18,1,64512,2.443438,1,"clFinish_profiled"
"OpenCL","COMPUTE","node_299","MUL_MAT","f32",-1,298,-1,896,18,1,1,64512,2.040364,1,"clFinish_profiled"
"OpenCL","COMPUTE","ffn_inp-8","ADD","f32",-1,299,-1,896,18,1,1,64512,0.695573,1,"clFinish_profiled"
"OpenCL","COMPUTE","ffn_gate-8","MUL_MAT","f32",-1,302,-1,4864,18,1,1,350208,7.069479,1,"clFinish_profiled"
"OpenCL","COMPUTE","ffn_up-8","MUL_MAT","f32",-1,303,-1,4864,18,1,1,350208,7.031510,1,"clFinish_profiled"
"OpenCL","COMPUTE","ffn_swiglu-8","GLU","f32",-1,304,-1,4864,18,1,1,350208,0.392291,1,"clFinish_profiled"
"OpenCL","COMPUTE","ffn_out-8","MUL_MAT","f32",-1,305,-1,896,18,1,1,64512,5.983645,1,"clFinish_profiled"
"OpenCL","COMPUTE","l_out-8","ADD","f32",-1,306,-1,896,18,1,1,64512,0.430573,1,"clFinish_profiled"
"OpenCL","COMPUTE","node_310","MUL_MAT","f32",-1,309,-1,896,18,1,1,64512,1.628177,1,"clFinish_profiled"
"OpenCL","COMPUTE","Qcur-9","ADD","f32",-1,310,-1,896,18,1,1,64512,0.379011,1,"clFinish_profiled"
"OpenCL","COMPUTE","Qcur-9","ROPE","f32",-1,312,-1,64,14,18,1,64512,0.547448,1,"clFinish_profiled"
"OpenCL","COMPUTE","node_314","MUL_MAT","f32",-1,313,-1,128,18,1,1,9216,0.971927,1,"clFinish_profiled"
"OpenCL","COMPUTE","Kcur-9","ADD","f32",-1,314,-1,128,18,1,1,9216,0.664063,1,"clFinish_profiled"
"OpenCL","COMPUTE","Kcur-9","ROPE","f32",-1,316,-1,64,2,18,1,9216,0.383750,1,"clFinish_profiled"
"OpenCL","COMPUTE","node_318","MUL_MAT","f32",-1,317,-1,128,18,1,1,9216,0.563854,1,"clFinish_profiled"
"OpenCL","COMPUTE","Vcur-9","ADD","f32",-1,318,-1,128,18,1,1,9216,0.418698,1,"clFinish_profiled"
"OpenCL","COMPUTE","cache_k_l9 (view)","SET_ROWS","f16",-1,321,-1,128,512,1,1,131072,0.278178,1,"clFinish_profiled"
"OpenCL","COMPUTE","cache_v_l9 (view)","SET_ROWS","f16",-1,323,-1,128,512,1,1,131072,0.342344,1,"clFinish_profiled"
"OpenCL","COMPUTE","__fattn__-9","FLASH_ATTN_EXT","f32",-1,330,-1,64,14,18,1,64512,2.406042,1,"clFinish_profiled"
"OpenCL","COMPUTE","node_333","MUL_MAT","f32",-1,332,-1,896,18,1,1,64512,1.610312,1,"clFinish_profiled"
"OpenCL","COMPUTE","ffn_inp-9","ADD","f32",-1,333,-1,896,18,1,1,64512,0.383021,1,"clFinish_profiled"
"OpenCL","COMPUTE","ffn_gate-9","MUL_MAT","f32",-1,336,-1,4864,18,1,1,350208,7.109114,1,"clFinish_profiled"
"OpenCL","COMPUTE","ffn_up-9","MUL_MAT","f32",-1,337,-1,4864,18,1,1,350208,7.289271,1,"clFinish_profiled"
"OpenCL","COMPUTE","ffn_swiglu-9","GLU","f32",-1,338,-1,4864,18,1,1,350208,0.451823,1,"clFinish_profiled"
"OpenCL","COMPUTE","ffn_out-9","MUL_MAT","f32",-1,339,-1,896,18,1,1,64512,6.283333,1,"clFinish_profiled"
"OpenCL","COMPUTE","l_out-9","ADD","f32",-1,340,-1,896,18,1,1,64512,0.866667,1,"clFinish_profiled"
"OpenCL","COMPUTE","node_344","MUL_MAT","f32",-1,343,-1,896,18,1,1,64512,2.144843,1,"clFinish_profiled"
"OpenCL","COMPUTE","Qcur-10","ADD","f32",-1,344,-1,896,18,1,1,64512,0.746875,1,"clFinish_profiled"
"OpenCL","COMPUTE","Qcur-10","ROPE","f32",-1,346,-1,64,14,18,1,64512,0.736667,1,"clFinish_profiled"
"OpenCL","COMPUTE","node_348","MUL_MAT","f32",-1,347,-1,128,18,1,1,9216,0.598698,1,"clFinish_profiled"
"OpenCL","COMPUTE","Kcur-10","ADD","f32",-1,348,-1,128,18,1,1,9216,0.348854,1,"clFinish_profiled"
"OpenCL","COMPUTE","Kcur-10","ROPE","f32",-1,350,-1,64,2,18,1,9216,0.363490,1,"clFinish_profiled"
"OpenCL","COMPUTE","node_352","MUL_MAT","f32",-1,351,-1,128,18,1,1,9216,0.557865,1,"clFinish_profiled"
"OpenCL","COMPUTE","Vcur-10","ADD","f32",-1,352,-1,128,18,1,1,9216,0.341719,1,"clFinish_profiled"
"OpenCL","COMPUTE","cache_k_l10 (view)","SET_ROWS","f16",-1,355,-1,128,512,1,1,131072,0.343125,1,"clFinish_profiled"
"OpenCL","COMPUTE","cache_v_l10 (view)","SET_ROWS","f16",-1,357,-1,128,512,1,1,131072,0.342344,1,"clFinish_profiled"
"OpenCL","COMPUTE","__fattn__-10","FLASH_ATTN_EXT","f32",-1,364,-1,64,14,18,1,64512,2.380312,1,"clFinish_profiled"
"OpenCL","COMPUTE","node_367","MUL_MAT","f32",-1,366,-1,896,18,1,1,64512,1.619948,1,"clFinish_profiled"
"OpenCL","COMPUTE","ffn_inp-10","ADD","f32",-1,367,-1,896,18,1,1,64512,0.253854,1,"clFinish_profiled"
"OpenCL","COMPUTE","ffn_gate-10","MUL_MAT","f32",-1,370,-1,4864,18,1,1,350208,7.094479,1,"clFinish_profiled"
"OpenCL","COMPUTE","ffn_up-10","MUL_MAT","f32",-1,371,-1,4864,18,1,1,350208,6.974583,1,"clFinish_profiled"
"OpenCL","COMPUTE","ffn_swiglu-10","GLU","f32",-1,372,-1,4864,18,1,1,350208,0.420833,1,"clFinish_profiled"
"OpenCL","COMPUTE","ffn_out-10","MUL_MAT","f32",-1,373,-1,896,18,1,1,64512,6.145313,1,"clFinish_profiled"
"OpenCL","COMPUTE","l_out-10","ADD","f32",-1,374,-1,896,18,1,1,64512,0.990052,1,"clFinish_profiled"
"OpenCL","COMPUTE","node_378","MUL_MAT","f32",-1,377,-1,896,18,1,1,64512,2.085729,1,"clFinish_profiled"
"OpenCL","COMPUTE","Qcur-11","ADD","f32",-1,378,-1,896,18,1,1,64512,0.917448,1,"clFinish_profiled"
"OpenCL","COMPUTE","Qcur-11","ROPE","f32",-1,380,-1,64,14,18,1,64512,0.689948,1,"clFinish_profiled"
"OpenCL","COMPUTE","node_382","MUL_MAT","f32",-1,381,-1,128,18,1,1,9216,0.656198,1,"clFinish_profiled"
"OpenCL","COMPUTE","Kcur-11","ADD","f32",-1,382,-1,128,18,1,1,9216,0.370729,1,"clFinish_profiled"
"OpenCL","COMPUTE","Kcur-11","ROPE","f32",-1,384,-1,64,2,18,1,9216,0.372813,1,"clFinish_profiled"
"OpenCL","COMPUTE","node_386","MUL_MAT","f32",-1,385,-1,128,18,1,1,9216,0.567500,1,"clFinish_profiled"
"OpenCL","COMPUTE","Vcur-11","ADD","f32",-1,386,-1,128,18,1,1,9216,0.348542,1,"clFinish_profiled"
"OpenCL","COMPUTE","cache_k_l11 (view)","SET_ROWS","f16",-1,389,-1,128,512,1,1,131072,0.352344,1,"clFinish_profiled"
"OpenCL","COMPUTE","cache_v_l11 (view)","SET_ROWS","f16",-1,391,-1,128,512,1,1,131072,0.344323,1,"clFinish_profiled"
"OpenCL","COMPUTE","__fattn__-11","FLASH_ATTN_EXT","f32",-1,398,-1,64,14,18,1,64512,2.390156,1,"clFinish_profiled"
"OpenCL","COMPUTE","node_401","MUL_MAT","f32",-1,400,-1,896,18,1,1,64512,1.783958,1,"clFinish_profiled"
"OpenCL","COMPUTE","ffn_inp-11","ADD","f32",-1,401,-1,896,18,1,1,64512,0.784688,1,"clFinish_profiled"
"OpenCL","COMPUTE","ffn_gate-11","MUL_MAT","f32",-1,404,-1,4864,18,1,1,350208,7.326562,1,"clFinish_profiled"
"OpenCL","COMPUTE","ffn_up-11","MUL_MAT","f32",-1,405,-1,4864,18,1,1,350208,7.832448,1,"clFinish_profiled"
"OpenCL","COMPUTE","ffn_swiglu-11","GLU","f32",-1,406,-1,4864,18,1,1,350208,1.418438,1,"clFinish_profiled"
"OpenCL","COMPUTE","ffn_out-11","MUL_MAT","f32",-1,407,-1,896,18,1,1,64512,7.380886,1,"clFinish_profiled"
"OpenCL","COMPUTE","l_out-11","ADD","f32",-1,408,-1,896,18,1,1,64512,0.865833,1,"clFinish_profiled"
"OpenCL","COMPUTE","node_412","MUL_MAT","f32",-1,411,-1,896,18,1,1,64512,2.128646,1,"clFinish_profiled"
"OpenCL","COMPUTE","Qcur-12","ADD","f32",-1,412,-1,896,18,1,1,64512,0.903281,1,"clFinish_profiled"
"OpenCL","COMPUTE","Qcur-12","ROPE","f32",-1,414,-1,64,14,18,1,64512,0.966667,1,"clFinish_profiled"
"OpenCL","COMPUTE","node_416","MUL_MAT","f32",-1,415,-1,128,18,1,1,9216,1.017135,1,"clFinish_profiled"
"OpenCL","COMPUTE","Kcur-12","ADD","f32",-1,416,-1,128,18,1,1,9216,0.781667,1,"clFinish_profiled"
"OpenCL","COMPUTE","Kcur-12","ROPE","f32",-1,418,-1,64,2,18,1,9216,0.911198,1,"clFinish_profiled"
"OpenCL","COMPUTE","node_420","MUL_MAT","f32",-1,419,-1,128,18,1,1,9216,0.740000,1,"clFinish_profiled"
"OpenCL","COMPUTE","Vcur-12","ADD","f32",-1,420,-1,128,18,1,1,9216,0.903594,1,"clFinish_profiled"
"OpenCL","COMPUTE","cache_k_l12 (view)","SET_ROWS","f16",-1,423,-1,128,512,1,1,131072,0.516250,1,"clFinish_profiled"
"OpenCL","COMPUTE","cache_v_l12 (view)","SET_ROWS","f16",-1,425,-1,128,512,1,1,131072,0.908854,1,"clFinish_profiled"
"OpenCL","COMPUTE","__fattn__-12","FLASH_ATTN_EXT","f32",-1,432,-1,64,14,18,1,64512,3.049323,1,"clFinish_profiled"
"OpenCL","COMPUTE","node_435","MUL_MAT","f32",-1,434,-1,896,18,1,1,64512,2.193281,1,"clFinish_profiled"
"OpenCL","COMPUTE","ffn_inp-12","ADD","f32",-1,435,-1,896,18,1,1,64512,0.582760,1,"clFinish_profiled"
"OpenCL","COMPUTE","ffn_gate-12","MUL_MAT","f32",-1,438,-1,4864,18,1,1,350208,7.802760,1,"clFinish_profiled"
"OpenCL","COMPUTE","ffn_up-12","MUL_MAT","f32",-1,439,-1,4864,18,1,1,350208,7.821093,1,"clFinish_profiled"
"OpenCL","COMPUTE","ffn_swiglu-12","GLU","f32",-1,440,-1,4864,18,1,1,350208,1.190260,1,"clFinish_profiled"
"OpenCL","COMPUTE","ffn_out-12","MUL_MAT","f32",-1,441,-1,896,18,1,1,64512,6.556302,1,"clFinish_profiled"
"OpenCL","COMPUTE","l_out-12","ADD","f32",-1,442,-1,896,18,1,1,64512,0.947708,1,"clFinish_profiled"
"OpenCL","COMPUTE","node_446","MUL_MAT","f32",-1,445,-1,896,18,1,1,64512,2.583697,1,"clFinish_profiled"
"OpenCL","COMPUTE","Qcur-13","ADD","f32",-1,446,-1,896,18,1,1,64512,0.785469,1,"clFinish_profiled"
"OpenCL","COMPUTE","Qcur-13","ROPE","f32",-1,448,-1,64,14,18,1,64512,0.504687,1,"clFinish_profiled"
"OpenCL","COMPUTE","node_450","MUL_MAT","f32",-1,449,-1,128,18,1,1,9216,0.701146,1,"clFinish_profiled"
"OpenCL","COMPUTE","Kcur-13","ADD","f32",-1,450,-1,128,18,1,1,9216,0.834427,1,"clFinish_profiled"
"OpenCL","COMPUTE","Kcur-13","ROPE","f32",-1,452,-1,64,2,18,1,9216,0.539270,1,"clFinish_profiled"
"OpenCL","COMPUTE","node_454","MUL_MAT","f32",-1,453,-1,128,18,1,1,9216,1.122552,1,"clFinish_profiled"
"OpenCL","COMPUTE","Vcur-13","ADD","f32",-1,454,-1,128,18,1,1,9216,0.522291,1,"clFinish_profiled"
"OpenCL","COMPUTE","cache_k_l13 (view)","SET_ROWS","f16",-1,457,-1,128,512,1,1,131072,0.984063,1,"clFinish_profiled"
"OpenCL","COMPUTE","cache_v_l13 (view)","SET_ROWS","f16",-1,459,-1,128,512,1,1,131072,0.537604,1,"clFinish_profiled"
"OpenCL","COMPUTE","__fattn__-13","FLASH_ATTN_EXT","f32",-1,466,-1,64,14,18,1,64512,2.996823,1,"clFinish_profiled"
"OpenCL","COMPUTE","node_469","MUL_MAT","f32",-1,468,-1,896,18,1,1,64512,2.252187,1,"clFinish_profiled"
"OpenCL","COMPUTE","ffn_inp-13","ADD","f32",-1,469,-1,896,18,1,1,64512,0.922917,1,"clFinish_profiled"
"OpenCL","COMPUTE","ffn_gate-13","MUL_MAT","f32",-1,472,-1,4864,18,1,1,350208,7.382813,1,"clFinish_profiled"
"OpenCL","COMPUTE","ffn_up-13","MUL_MAT","f32",-1,473,-1,4864,18,1,1,350208,7.838333,1,"clFinish_profiled"
"OpenCL","COMPUTE","ffn_swiglu-13","GLU","f32",-1,474,-1,4864,18,1,1,350208,0.999167,1,"clFinish_profiled"
"OpenCL","COMPUTE","ffn_out-13","MUL_MAT","f32",-1,475,-1,896,18,1,1,64512,6.625052,1,"clFinish_profiled"
"OpenCL","COMPUTE","l_out-13","ADD","f32",-1,476,-1,896,18,1,1,64512,0.916303,1,"clFinish_profiled"
"OpenCL","COMPUTE","node_480","MUL_MAT","f32",-1,479,-1,896,18,1,1,64512,2.198645,1,"clFinish_profiled"
"OpenCL","COMPUTE","Qcur-14","ADD","f32",-1,480,-1,896,18,1,1,64512,1.335104,1,"clFinish_profiled"
"OpenCL","COMPUTE","Qcur-14","ROPE","f32",-1,482,-1,64,14,18,1,64512,0.854010,1,"clFinish_profiled"
"OpenCL","COMPUTE","node_484","MUL_MAT","f32",-1,483,-1,128,18,1,1,9216,1.315260,1,"clFinish_profiled"
"OpenCL","COMPUTE","Kcur-14","ADD","f32",-1,484,-1,128,18,1,1,9216,0.789896,1,"clFinish_profiled"
"OpenCL","COMPUTE","Kcur-14","ROPE","f32",-1,486,-1,64,2,18,1,9216,0.470885,1,"clFinish_profiled"
"OpenCL","COMPUTE","node_488","MUL_MAT","f32",-1,487,-1,128,18,1,1,9216,0.637083,1,"clFinish_profiled"
"OpenCL","COMPUTE","Vcur-14","ADD","f32",-1,488,-1,128,18,1,1,9216,0.420208,1,"clFinish_profiled"
"OpenCL","COMPUTE","cache_k_l14 (view)","SET_ROWS","f16",-1,491,-1,128,512,1,1,131072,0.414218,1,"clFinish_profiled"
"OpenCL","COMPUTE","cache_v_l14 (view)","SET_ROWS","f16",-1,493,-1,128,512,1,1,131072,0.414896,1,"clFinish_profiled"
"OpenCL","COMPUTE","__fattn__-14","FLASH_ATTN_EXT","f32",-1,500,-1,64,14,18,1,64512,2.647239,1,"clFinish_profiled"
"OpenCL","COMPUTE","node_503","MUL_MAT","f32",-1,502,-1,896,18,1,1,64512,2.107552,1,"clFinish_profiled"
"OpenCL","COMPUTE","ffn_inp-14","ADD","f32",-1,503,-1,896,18,1,1,64512,0.561563,1,"clFinish_profiled"
"OpenCL","COMPUTE","ffn_gate-14","MUL_MAT","f32",-1,506,-1,4864,18,1,1,350208,7.815625,1,"clFinish_profiled"
"OpenCL","COMPUTE","ffn_up-14","MUL_MAT","f32",-1,507,-1,4864,18,1,1,350208,8.122708,1,"clFinish_profiled"
"OpenCL","COMPUTE","ffn_swiglu-14","GLU","f32",-1,508,-1,4864,18,1,1,350208,1.137187,1,"clFinish_profiled"
"OpenCL","COMPUTE","ffn_out-14","MUL_MAT","f32",-1,509,-1,896,18,1,1,64512,7.109010,1,"clFinish_profiled"
"OpenCL","COMPUTE","l_out-14","ADD","f32",-1,510,-1,896,18,1,1,64512,0.902552,1,"clFinish_profiled"
"OpenCL","COMPUTE","node_514","MUL_MAT","f32",-1,513,-1,896,18,1,1,64512,2.140625,1,"clFinish_profiled"
"OpenCL","COMPUTE","Qcur-15","ADD","f32",-1,514,-1,896,18,1,1,64512,1.018021,1,"clFinish_profiled"
"OpenCL","COMPUTE","Qcur-15","ROPE","f32",-1,516,-1,64,14,18,1,64512,0.961250,1,"clFinish_profiled"
"OpenCL","COMPUTE","node_518","MUL_MAT","f32",-1,517,-1,128,18,1,1,9216,0.961979,1,"clFinish_profiled"
"OpenCL","COMPUTE","Kcur-15","ADD","f32",-1,518,-1,128,18,1,1,9216,0.795052,1,"clFinish_profiled"
"OpenCL","COMPUTE","Kcur-15","ROPE","f32",-1,520,-1,64,2,18,1,9216,0.570000,1,"clFinish_profiled"
"OpenCL","COMPUTE","node_522","MUL_MAT","f32",-1,521,-1,128,18,1,1,9216,1.068958,1,"clFinish_profiled"
"OpenCL","COMPUTE","Vcur-15","ADD","f32",-1,522,-1,128,18,1,1,9216,0.543698,1,"clFinish_profiled"
"OpenCL","COMPUTE","cache_k_l15 (view)","SET_ROWS","f16",-1,525,-1,128,512,1,1,131072,0.857813,1,"clFinish_profiled"
"OpenCL","COMPUTE","cache_v_l15 (view)","SET_ROWS","f16",-1,527,-1,128,512,1,1,131072,0.833385,1,"clFinish_profiled"
"OpenCL","COMPUTE","__fattn__-15","FLASH_ATTN_EXT","f32",-1,534,-1,64,14,18,1,64512,3.250677,1,"clFinish_profiled"
"OpenCL","COMPUTE","node_537","MUL_MAT","f32",-1,536,-1,896,18,1,1,64512,2.246250,1,"clFinish_profiled"
"OpenCL","COMPUTE","ffn_inp-15","ADD","f32",-1,537,-1,896,18,1,1,64512,0.766666,1,"clFinish_profiled"
"OpenCL","COMPUTE","ffn_gate-15","MUL_MAT","f32",-1,540,-1,4864,18,1,1,350208,7.797344,1,"clFinish_profiled"
"OpenCL","COMPUTE","ffn_up-15","MUL_MAT","f32",-1,541,-1,4864,18,1,1,350208,7.819323,1,"clFinish_profiled"
"OpenCL","COMPUTE","ffn_swiglu-15","GLU","f32",-1,542,-1,4864,18,1,1,350208,0.956771,1,"clFinish_profiled"
"OpenCL","COMPUTE","ffn_out-15","MUL_MAT","f32",-1,543,-1,896,18,1,1,64512,6.627812,1,"clFinish_profiled"
"OpenCL","COMPUTE","l_out-15","ADD","f32",-1,544,-1,896,18,1,1,64512,0.925052,1,"clFinish_profiled"
"OpenCL","COMPUTE","node_548","MUL_MAT","f32",-1,547,-1,896,18,1,1,64512,2.207917,1,"clFinish_profiled"
"OpenCL","COMPUTE","Qcur-16","ADD","f32",-1,548,-1,896,18,1,1,64512,0.366927,1,"clFinish_profiled"
"OpenCL","COMPUTE","Qcur-16","ROPE","f32",-1,550,-1,64,14,18,1,64512,0.473854,1,"clFinish_profiled"
"OpenCL","COMPUTE","node_552","MUL_MAT","f32",-1,551,-1,128,18,1,1,9216,0.695730,1,"clFinish_profiled"
"OpenCL","COMPUTE","Kcur-16","ADD","f32",-1,552,-1,128,18,1,1,9216,0.869740,1,"clFinish_profiled"
"OpenCL","COMPUTE","Kcur-16","ROPE","f32",-1,554,-1,64,2,18,1,9216,0.936718,1,"clFinish_profiled"
"OpenCL","COMPUTE","node_556","MUL_MAT","f32",-1,555,-1,128,18,1,1,9216,0.742084,1,"clFinish_profiled"
"OpenCL","COMPUTE","Vcur-16","ADD","f32",-1,556,-1,128,18,1,1,9216,0.935469,1,"clFinish_profiled"
"OpenCL","COMPUTE","cache_k_l16 (view)","SET_ROWS","f16",-1,559,-1,128,512,1,1,131072,0.532292,1,"clFinish_profiled"
"OpenCL","COMPUTE","cache_v_l16 (view)","SET_ROWS","f16",-1,561,-1,128,512,1,1,131072,0.927500,1,"clFinish_profiled"
"OpenCL","COMPUTE","__fattn__-16","FLASH_ATTN_EXT","f32",-1,568,-1,64,14,18,1,64512,2.727708,1,"clFinish_profiled"
"OpenCL","COMPUTE","node_571","MUL_MAT","f32",-1,570,-1,896,18,1,1,64512,2.080834,1,"clFinish_profiled"
"OpenCL","COMPUTE","ffn_inp-16","ADD","f32",-1,571,-1,896,18,1,1,64512,0.567761,1,"clFinish_profiled"
"OpenCL","COMPUTE","ffn_gate-16","MUL_MAT","f32",-1,574,-1,4864,18,1,1,350208,7.904479,1,"clFinish_profiled"
"OpenCL","COMPUTE","ffn_up-16","MUL_MAT","f32",-1,575,-1,4864,18,1,1,350208,7.884427,1,"clFinish_profiled"
"OpenCL","COMPUTE","ffn_swiglu-16","GLU","f32",-1,576,-1,4864,18,1,1,350208,0.967291,1,"clFinish_profiled"
"OpenCL","COMPUTE","ffn_out-16","MUL_MAT","f32",-1,577,-1,896,18,1,1,64512,7.029219,1,"clFinish_profiled"
"OpenCL","COMPUTE","l_out-16","ADD","f32",-1,578,-1,896,18,1,1,64512,1.292865,1,"clFinish_profiled"
"OpenCL","COMPUTE","node_582","MUL_MAT","f32",-1,581,-1,896,18,1,1,64512,2.390572,1,"clFinish_profiled"
"OpenCL","COMPUTE","Qcur-17","ADD","f32",-1,582,-1,896,18,1,1,64512,1.133802,1,"clFinish_profiled"
"OpenCL","COMPUTE","Qcur-17","ROPE","f32",-1,584,-1,64,14,18,1,64512,0.485000,1,"clFinish_profiled"
"OpenCL","COMPUTE","node_586","MUL_MAT","f32",-1,585,-1,128,18,1,1,9216,1.354375,1,"clFinish_profiled"
"OpenCL","COMPUTE","Kcur-17","ADD","f32",-1,586,-1,128,18,1,1,9216,0.863177,1,"clFinish_profiled"
"OpenCL","COMPUTE","Kcur-17","ROPE","f32",-1,588,-1,64,2,18,1,9216,0.779375,1,"clFinish_profiled"
"OpenCL","COMPUTE","node_590","MUL_MAT","f32",-1,589,-1,128,18,1,1,9216,0.656875,1,"clFinish_profiled"
"OpenCL","COMPUTE","Vcur-17","ADD","f32",-1,590,-1,128,18,1,1,9216,0.399271,1,"clFinish_profiled"
"OpenCL","COMPUTE","cache_k_l17 (view)","SET_ROWS","f16",-1,593,-1,128,512,1,1,131072,0.401719,1,"clFinish_profiled"
"OpenCL","COMPUTE","cache_v_l17 (view)","SET_ROWS","f16",-1,595,-1,128,512,1,1,131072,0.484531,1,"clFinish_profiled"
"OpenCL","COMPUTE","__fattn__-17","FLASH_ATTN_EXT","f32",-1,602,-1,64,14,18,1,64512,2.797552,1,"clFinish_profiled"
"OpenCL","COMPUTE","node_605","MUL_MAT","f32",-1,604,-1,896,18,1,1,64512,2.108958,1,"clFinish_profiled"
"OpenCL","COMPUTE","ffn_inp-17","ADD","f32",-1,605,-1,896,18,1,1,64512,0.959896,1,"clFinish_profiled"
"OpenCL","COMPUTE","ffn_gate-17","MUL_MAT","f32",-1,608,-1,4864,18,1,1,350208,7.828646,1,"clFinish_profiled"
"OpenCL","COMPUTE","ffn_up-17","MUL_MAT","f32",-1,609,-1,4864,18,1,1,350208,7.734167,1,"clFinish_profiled"
"OpenCL","COMPUTE","ffn_swiglu-17","GLU","f32",-1,610,-1,4864,18,1,1,350208,0.623802,1,"clFinish_profiled"
"OpenCL","COMPUTE","ffn_out-17","MUL_MAT","f32",-1,611,-1,896,18,1,1,64512,6.962812,1,"clFinish_profiled"
"OpenCL","COMPUTE","l_out-17","ADD","f32",-1,612,-1,896,18,1,1,64512,0.948333,1,"clFinish_profiled"
"OpenCL","COMPUTE","node_616","MUL_MAT","f32",-1,615,-1,896,18,1,1,64512,2.176875,1,"clFinish_profiled"
"OpenCL","COMPUTE","Qcur-18","ADD","f32",-1,616,-1,896,18,1,1,64512,0.543333,1,"clFinish_profiled"
"OpenCL","COMPUTE","Qcur-18","ROPE","f32",-1,618,-1,64,14,18,1,64512,1.030209,1,"clFinish_profiled"
"OpenCL","COMPUTE","node_620","MUL_MAT","f32",-1,619,-1,128,18,1,1,9216,0.710833,1,"clFinish_profiled"
"OpenCL","COMPUTE","Kcur-18","ADD","f32",-1,620,-1,128,18,1,1,9216,0.943489,1,"clFinish_profiled"
"OpenCL","COMPUTE","Kcur-18","ROPE","f32",-1,622,-1,64,2,18,1,9216,0.892292,1,"clFinish_profiled"
"OpenCL","COMPUTE","node_624","MUL_MAT","f32",-1,623,-1,128,18,1,1,9216,0.741875,1,"clFinish_profiled"
"OpenCL","COMPUTE","Vcur-18","ADD","f32",-1,624,-1,128,18,1,1,9216,0.887865,1,"clFinish_profiled"
"OpenCL","COMPUTE","cache_k_l18 (view)","SET_ROWS","f16",-1,627,-1,128,512,1,1,131072,0.537083,1,"clFinish_profiled"
"OpenCL","COMPUTE","cache_v_l18 (view)","SET_ROWS","f16",-1,629,-1,128,512,1,1,131072,0.905104,1,"clFinish_profiled"
"OpenCL","COMPUTE","__fattn__-18","FLASH_ATTN_EXT","f32",-1,636,-1,64,14,18,1,64512,2.592500,1,"clFinish_profiled"
"OpenCL","COMPUTE","node_639","MUL_MAT","f32",-1,638,-1,896,18,1,1,64512,2.267500,1,"clFinish_profiled"
"OpenCL","COMPUTE","ffn_inp-18","ADD","f32",-1,639,-1,896,18,1,1,64512,0.946093,1,"clFinish_profiled"
"OpenCL","COMPUTE","ffn_gate-18","MUL_MAT","f32",-1,642,-1,4864,18,1,1,350208,7.821980,1,"clFinish_profiled"
"OpenCL","COMPUTE","ffn_up-18","MUL_MAT","f32",-1,643,-1,4864,18,1,1,350208,8.525313,1,"clFinish_profiled"
"OpenCL","COMPUTE","ffn_swiglu-18","GLU","f32",-1,644,-1,4864,18,1,1,350208,1.350104,1,"clFinish_profiled"
"OpenCL","COMPUTE","ffn_out-18","MUL_MAT","f32",-1,645,-1,896,18,1,1,64512,7.212240,1,"clFinish_profiled"
"OpenCL","COMPUTE","l_out-18","ADD","f32",-1,646,-1,896,18,1,1,64512,0.925052,1,"clFinish_profiled"
"OpenCL","COMPUTE","node_650","MUL_MAT","f32",-1,649,-1,896,18,1,1,64512,2.366719,1,"clFinish_profiled"
"OpenCL","COMPUTE","Qcur-19","ADD","f32",-1,650,-1,896,18,1,1,64512,0.816979,1,"clFinish_profiled"
"OpenCL","COMPUTE","Qcur-19","ROPE","f32",-1,652,-1,64,14,18,1,64512,1.213750,1,"clFinish_profiled"
"OpenCL","COMPUTE","node_654","MUL_MAT","f32",-1,653,-1,128,18,1,1,9216,1.056354,1,"clFinish_profiled"
"OpenCL","COMPUTE","Kcur-19","ADD","f32",-1,654,-1,128,18,1,1,9216,0.455521,1,"clFinish_profiled"
"OpenCL","COMPUTE","Kcur-19","ROPE","f32",-1,656,-1,64,2,18,1,9216,0.413385,1,"clFinish_profiled"
"OpenCL","COMPUTE","node_658","MUL_MAT","f32",-1,657,-1,128,18,1,1,9216,0.597812,1,"clFinish_profiled"
"OpenCL","COMPUTE","Vcur-19","ADD","f32",-1,658,-1,128,18,1,1,9216,0.387500,1,"clFinish_profiled"
"OpenCL","COMPUTE","cache_k_l19 (view)","SET_ROWS","f16",-1,661,-1,128,512,1,1,131072,0.402917,1,"clFinish_profiled"
"OpenCL","COMPUTE","cache_v_l19 (view)","SET_ROWS","f16",-1,663,-1,128,512,1,1,131072,0.396146,1,"clFinish_profiled"
"OpenCL","COMPUTE","__fattn__-19","FLASH_ATTN_EXT","f32",-1,670,-1,64,14,18,1,64512,2.820885,1,"clFinish_profiled"
"OpenCL","COMPUTE","node_673","MUL_MAT","f32",-1,672,-1,896,18,1,1,64512,2.433125,1,"clFinish_profiled"
"OpenCL","COMPUTE","ffn_inp-19","ADD","f32",-1,673,-1,896,18,1,1,64512,0.959948,1,"clFinish_profiled"
"OpenCL","COMPUTE","ffn_gate-19","MUL_MAT","f32",-1,676,-1,4864,18,1,1,350208,7.788958,1,"clFinish_profiled"
"OpenCL","COMPUTE","ffn_up-19","MUL_MAT","f32",-1,677,-1,4864,18,1,1,350208,7.738282,1,"clFinish_profiled"
"OpenCL","COMPUTE","ffn_swiglu-19","GLU","f32",-1,678,-1,4864,18,1,1,350208,0.622448,1,"clFinish_profiled"
"OpenCL","COMPUTE","ffn_out-19","MUL_MAT","f32",-1,679,-1,896,18,1,1,64512,6.875417,1,"clFinish_profiled"
"OpenCL","COMPUTE","l_out-19","ADD","f32",-1,680,-1,896,18,1,1,64512,0.442553,1,"clFinish_profiled"
"OpenCL","COMPUTE","node_684","MUL_MAT","f32",-1,683,-1,896,18,1,1,64512,1.626718,1,"clFinish_profiled"
"OpenCL","COMPUTE","Qcur-20","ADD","f32",-1,684,-1,896,18,1,1,64512,0.375469,1,"clFinish_profiled"
"OpenCL","COMPUTE","Qcur-20","ROPE","f32",-1,686,-1,64,14,18,1,64512,0.398020,1,"clFinish_profiled"
"OpenCL","COMPUTE","node_688","MUL_MAT","f32",-1,687,-1,128,18,1,1,9216,0.574323,1,"clFinish_profiled"
"OpenCL","COMPUTE","Kcur-20","ADD","f32",-1,688,-1,128,18,1,1,9216,0.622760,1,"clFinish_profiled"
"OpenCL","COMPUTE","Kcur-20","ROPE","f32",-1,690,-1,64,2,18,1,9216,0.656146,1,"clFinish_profiled"
"OpenCL","COMPUTE","node_692","MUL_MAT","f32",-1,691,-1,128,18,1,1,9216,0.622291,1,"clFinish_profiled"
"OpenCL","COMPUTE","Vcur-20","ADD","f32",-1,692,-1,128,18,1,1,9216,0.541250,1,"clFinish_profiled"
"OpenCL","COMPUTE","cache_k_l20 (view)","SET_ROWS","f16",-1,695,-1,128,512,1,1,131072,0.650365,1,"clFinish_profiled"
"OpenCL","COMPUTE","cache_v_l20 (view)","SET_ROWS","f16",-1,697,-1,128,512,1,1,131072,0.338854,1,"clFinish_profiled"
"OpenCL","COMPUTE","__fattn__-20","FLASH_ATTN_EXT","f32",-1,704,-1,64,14,18,1,64512,2.480834,1,"clFinish_profiled"
"OpenCL","COMPUTE","node_707","MUL_MAT","f32",-1,706,-1,896,18,1,1,64512,2.097708,1,"clFinish_profiled"
"OpenCL","COMPUTE","ffn_inp-20","ADD","f32",-1,707,-1,896,18,1,1,64512,0.709687,1,"clFinish_profiled"
"OpenCL","COMPUTE","ffn_gate-20","MUL_MAT","f32",-1,710,-1,4864,18,1,1,350208,7.356771,1,"clFinish_profiled"
"OpenCL","COMPUTE","ffn_up-20","MUL_MAT","f32",-1,711,-1,4864,18,1,1,350208,7.672813,1,"clFinish_profiled"
"OpenCL","COMPUTE","ffn_swiglu-20","GLU","f32",-1,712,-1,4864,18,1,1,350208,1.038698,1,"clFinish_profiled"
"OpenCL","COMPUTE","ffn_out-20","MUL_MAT","f32",-1,713,-1,896,18,1,1,64512,6.860312,1,"clFinish_profiled"
"OpenCL","COMPUTE","l_out-20","ADD","f32",-1,714,-1,896,18,1,1,64512,1.353542,1,"clFinish_profiled"
"OpenCL","COMPUTE","node_718","MUL_MAT","f32",-1,717,-1,896,18,1,1,64512,2.191823,1,"clFinish_profiled"
"OpenCL","COMPUTE","Qcur-21","ADD","f32",-1,718,-1,896,18,1,1,64512,0.862187,1,"clFinish_profiled"
"OpenCL","COMPUTE","Qcur-21","ROPE","f32",-1,720,-1,64,14,18,1,64512,0.544739,1,"clFinish_profiled"
"OpenCL","COMPUTE","node_722","MUL_MAT","f32",-1,721,-1,128,18,1,1,9216,1.118177,1,"clFinish_profiled"
"OpenCL","COMPUTE","Kcur-21","ADD","f32",-1,722,-1,128,18,1,1,9216,0.529635,1,"clFinish_profiled"
"OpenCL","COMPUTE","Kcur-21","ROPE","f32",-1,724,-1,64,2,18,1,9216,0.925834,1,"clFinish_profiled"
"OpenCL","COMPUTE","node_726","MUL_MAT","f32",-1,725,-1,128,18,1,1,9216,1.227291,1,"clFinish_profiled"
"OpenCL","COMPUTE","Vcur-21","ADD","f32",-1,726,-1,128,18,1,1,9216,0.758021,1,"clFinish_profiled"
"OpenCL","COMPUTE","cache_k_l21 (view)","SET_ROWS","f16",-1,729,-1,128,512,1,1,131072,0.486614,1,"clFinish_profiled"
"OpenCL","COMPUTE","cache_v_l21 (view)","SET_ROWS","f16",-1,731,-1,128,512,1,1,131072,0.491250,1,"clFinish_profiled"
"OpenCL","COMPUTE","__fattn__-21","FLASH_ATTN_EXT","f32",-1,738,-1,64,14,18,1,64512,3.325625,1,"clFinish_profiled"
"OpenCL","COMPUTE","node_741","MUL_MAT","f32",-1,740,-1,896,18,1,1,64512,2.574635,1,"clFinish_profiled"
"OpenCL","COMPUTE","ffn_inp-21","ADD","f32",-1,741,-1,896,18,1,1,64512,0.839479,1,"clFinish_profiled"
"OpenCL","COMPUTE","ffn_gate-21","MUL_MAT","f32",-1,744,-1,4864,18,1,1,350208,7.456823,1,"clFinish_profiled"
"OpenCL","COMPUTE","ffn_up-21","MUL_MAT","f32",-1,745,-1,4864,18,1,1,350208,7.835885,1,"clFinish_profiled"
"OpenCL","COMPUTE","ffn_swiglu-21","GLU","f32",-1,746,-1,4864,18,1,1,350208,1.545417,1,"clFinish_profiled"
"OpenCL","COMPUTE","ffn_out-21","MUL_MAT","f32",-1,747,-1,896,18,1,1,64512,6.922187,1,"clFinish_profiled"
"OpenCL","COMPUTE","l_out-21","ADD","f32",-1,748,-1,896,18,1,1,64512,1.249948,1,"clFinish_profiled"
"OpenCL","COMPUTE","node_752","MUL_MAT","f32",-1,751,-1,896,18,1,1,64512,2.164010,1,"clFinish_profiled"
"OpenCL","COMPUTE","Qcur-22","ADD","f32",-1,752,-1,896,18,1,1,64512,0.835781,1,"clFinish_profiled"
"OpenCL","COMPUTE","Qcur-22","ROPE","f32",-1,754,-1,64,14,18,1,64512,0.629167,1,"clFinish_profiled"
"OpenCL","COMPUTE","node_756","MUL_MAT","f32",-1,755,-1,128,18,1,1,9216,1.028281,1,"clFinish_profiled"
"OpenCL","COMPUTE","Kcur-22","ADD","f32",-1,756,-1,128,18,1,1,9216,0.617500,1,"clFinish_profiled"
"OpenCL","COMPUTE","Kcur-22","ROPE","f32",-1,758,-1,64,2,18,1,9216,1.044844,1,"clFinish_profiled"
"OpenCL","COMPUTE","node_760","MUL_MAT","f32",-1,759,-1,128,18,1,1,9216,0.748281,1,"clFinish_profiled"
"OpenCL","COMPUTE","Vcur-22","ADD","f32",-1,760,-1,128,18,1,1,9216,1.128281,1,"clFinish_profiled"
"OpenCL","COMPUTE","cache_k_l22 (view)","SET_ROWS","f16",-1,763,-1,128,512,1,1,131072,0.855938,1,"clFinish_profiled"
"OpenCL","COMPUTE","cache_v_l22 (view)","SET_ROWS","f16",-1,765,-1,128,512,1,1,131072,0.788489,1,"clFinish_profiled"
"OpenCL","COMPUTE","__fattn__-22","FLASH_ATTN_EXT","f32",-1,772,-1,64,14,18,1,64512,2.800312,1,"clFinish_profiled"
"OpenCL","COMPUTE","node_775","MUL_MAT","f32",-1,774,-1,896,18,1,1,64512,2.387760,1,"clFinish_profiled"
"OpenCL","COMPUTE","ffn_inp-22","ADD","f32",-1,775,-1,896,18,1,1,64512,0.909062,1,"clFinish_profiled"
"OpenCL","COMPUTE","ffn_gate-22","MUL_MAT","f32",-1,778,-1,4864,18,1,1,350208,7.764167,1,"clFinish_profiled"
"OpenCL","COMPUTE","ffn_up-22","MUL_MAT","f32",-1,779,-1,4864,18,1,1,350208,8.110573,1,"clFinish_profiled"
"OpenCL","COMPUTE","ffn_swiglu-22","GLU","f32",-1,780,-1,4864,18,1,1,350208,1.141979,1,"clFinish_profiled"
"OpenCL","COMPUTE","ffn_out-22","MUL_MAT","f32",-1,781,-1,896,18,1,1,64512,7.246823,1,"clFinish_profiled"
"OpenCL","COMPUTE","l_out-22","ADD","f32",-1,782,-1,896,18,1,1,64512,1.116458,1,"clFinish_profiled"
"OpenCL","COMPUTE","node_786","MUL_MAT","f32",-1,785,-1,896,18,1,1,64512,2.423229,1,"clFinish_profiled"
"OpenCL","COMPUTE","Qcur-23","ADD","f32",-1,786,-1,896,18,1,1,64512,1.052343,1,"clFinish_profiled"
"OpenCL","COMPUTE","Qcur-23","ROPE","f32",-1,788,-1,64,14,18,1,64512,0.810261,1,"clFinish_profiled"
"OpenCL","COMPUTE","node_790","MUL_MAT","f32",-1,789,-1,128,18,1,1,9216,1.391146,1,"clFinish_profiled"
"OpenCL","COMPUTE","Kcur-23","ADD","f32",-1,790,-1,128,18,1,1,9216,0.969896,1,"clFinish_profiled"
"OpenCL","COMPUTE","Kcur-23","ROPE","f32",-1,792,-1,64,2,18,1,9216,0.804844,1,"clFinish_profiled"
"OpenCL","COMPUTE","node_794","MUL_MAT","f32",-1,793,-1,128,18,1,1,9216,0.696250,1,"clFinish_profiled"
"OpenCL","COMPUTE","Vcur-23","ADD","f32",-1,794,-1,128,18,1,1,9216,0.414584,1,"clFinish_profiled"
"OpenCL","COMPUTE","cache_k_l23 (view)","SET_ROWS","f16",-1,797,-1,128,512,1,1,131072,0.419791,1,"clFinish_profiled"
"OpenCL","COMPUTE","cache_v_l23 (view)","SET_ROWS","f16",-1,799,-1,128,512,1,1,131072,0.413281,1,"clFinish_profiled"
"OpenCL","COMPUTE","__fattn__-23","FLASH_ATTN_EXT","f32",-1,806,-1,64,14,18,1,64512,2.977813,1,"clFinish_profiled"
"OpenCL","COMPUTE","node_809","MUL_MAT","f32",-1,808,-1,896,18,1,1,64512,2.050208,1,"clFinish_profiled"
"OpenCL","COMPUTE","node_810","GET_ROWS","f32",-1,809,-1,896,1,1,1,3584,0.971614,1,"clFinish_profiled"
"OpenCL","COMPUTE","node_811","GET_ROWS","f32",-1,810,-1,896,1,1,1,3584,0.904583,1,"clFinish_profiled"
"OpenCL","COMPUTE","ffn_inp-23","ADD","f32",-1,811,-1,896,1,1,1,3584,0.518334,1,"clFinish_profiled"
"OpenCL","COMPUTE","ffn_gate-23","MUL_MAT","f32",-1,814,-1,4864,1,1,1,19456,1.491771,1,"clFinish_profiled"
"OpenCL","COMPUTE","ffn_up-23","MUL_MAT","f32",-1,815,-1,4864,1,1,1,19456,1.147552,1,"clFinish_profiled"
"OpenCL","COMPUTE","ffn_swiglu-23","GLU","f32",-1,816,-1,4864,1,1,1,19456,0.967708,1,"clFinish_profiled"
"OpenCL","COMPUTE","ffn_out-23","MUL_MAT","f32",-1,817,-1,896,1,1,1,3584,1.676407,1,"clFinish_profiled"
"OpenCL","COMPUTE","l_out-23","ADD","f32",-1,818,-1,896,1,1,1,3584,0.808750,1,"clFinish_profiled"
"OpenCL","COMPUTE","result_output","MUL_MAT","f32",-1,821,-1,151936,1,1,1,607744,19.955781,1,"clFinish_profiled"
"CPU_Elastic","COMPUTE_GRAPH","ggml_cgraph","GRAPH","",-1,1,-1,0,0,0,0,0,0.028698,1,"delegate_cpu_graph"
"OpenCL","COMPUTE","node_3","MUL_MAT","f32",-1,2,-1,896,1,1,1,3584,1.112136,1,"clFinish_profiled"
"OpenCL","COMPUTE","Qcur-0","ADD","f32",-1,3,-1,896,1,1,1,3584,0.660938,1,"clFinish_profiled"
"OpenCL","COMPUTE","Qcur-0","ROPE","f32",-1,5,-1,64,14,1,1,3584,0.759427,1,"clFinish_profiled"
"OpenCL","COMPUTE","node_7","MUL_MAT","f32",-1,6,-1,128,1,1,1,512,0.502084,1,"clFinish_profiled"
"OpenCL","COMPUTE","Kcur-0","ADD","f32",-1,7,-1,128,1,1,1,512,0.421666,1,"clFinish_profiled"
"OpenCL","COMPUTE","Kcur-0","ROPE","f32",-1,9,-1,64,2,1,1,512,0.420000,1,"clFinish_profiled"
"OpenCL","COMPUTE","node_11","MUL_MAT","f32",-1,10,-1,128,1,1,1,512,0.501511,1,"clFinish_profiled"
"OpenCL","COMPUTE","Vcur-0","ADD","f32",-1,11,-1,128,1,1,1,512,0.441979,1,"clFinish_profiled"
"OpenCL","COMPUTE","cache_k_l0 (view)","SET_ROWS","f16",-1,14,-1,128,512,1,1,131072,0.413177,1,"clFinish_profiled"
"OpenCL","COMPUTE","cache_v_l0 (view)","SET_ROWS","f16",-1,16,-1,128,512,1,1,131072,0.410625,1,"clFinish_profiled"
"OpenCL","COMPUTE"," (copy)","CPY","f16",-1,23,-1,256,64,1,1,32768,0.434375,1,"clFinish_profiled"
"OpenCL","COMPUTE","__fattn__-0","FLASH_ATTN_EXT","f32",-1,24,-1,64,14,1,1,3584,1.333021,1,"clFinish_profiled"
"OpenCL","COMPUTE","node_27","MUL_MAT","f32",-1,26,-1,896,1,1,1,3584,0.610104,1,"clFinish_profiled"
"OpenCL","COMPUTE","ffn_inp-0","ADD","f32",-1,27,-1,896,1,1,1,3584,0.412031,1,"clFinish_profiled"
"OpenCL","COMPUTE","ffn_gate-0","MUL_MAT","f32",-1,30,-1,4864,1,1,1,19456,1.081042,1,"clFinish_profiled"
"OpenCL","COMPUTE","ffn_up-0","MUL_MAT","f32",-1,31,-1,4864,1,1,1,19456,1.056198,1,"clFinish_profiled"
"OpenCL","COMPUTE","ffn_swiglu-0","GLU","f32",-1,32,-1,4864,1,1,1,19456,0.435573,1,"clFinish_profiled"
"OpenCL","COMPUTE","ffn_out-0","MUL_MAT","f32",-1,33,-1,896,1,1,1,3584,1.271146,1,"clFinish_profiled"
"OpenCL","COMPUTE","l_out-0","ADD","f32",-1,34,-1,896,1,1,1,3584,0.902083,1,"clFinish_profiled"
"OpenCL","COMPUTE","node_38","MUL_MAT","f32",-1,37,-1,896,1,1,1,3584,0.959688,1,"clFinish_profiled"
"OpenCL","COMPUTE","Qcur-1","ADD","f32",-1,38,-1,896,1,1,1,3584,0.477969,1,"clFinish_profiled"
"OpenCL","COMPUTE","Qcur-1","ROPE","f32",-1,40,-1,64,14,1,1,3584,0.433646,1,"clFinish_profiled"
"OpenCL","COMPUTE","node_42","MUL_MAT","f32",-1,41,-1,128,1,1,1,512,0.440000,1,"clFinish_profiled"
"OpenCL","COMPUTE","Kcur-1","ADD","f32",-1,42,-1,128,1,1,1,512,0.397760,1,"clFinish_profiled"
"OpenCL","COMPUTE","Kcur-1","ROPE","f32",-1,44,-1,64,2,1,1,512,0.407604,1,"clFinish_profiled"
"OpenCL","COMPUTE","node_46","MUL_MAT","f32",-1,45,-1,128,1,1,1,512,0.426823,1,"clFinish_profiled"
"OpenCL","COMPUTE","Vcur-1","ADD","f32",-1,46,-1,128,1,1,1,512,0.377553,1,"clFinish_profiled"
"OpenCL","COMPUTE","cache_k_l1 (view)","SET_ROWS","f16",-1,49,-1,128,512,1,1,131072,0.396511,1,"clFinish_profiled"
"OpenCL","COMPUTE","cache_v_l1 (view)","SET_ROWS","f16",-1,51,-1,128,512,1,1,131072,0.508958,1,"clFinish_profiled"
"OpenCL","COMPUTE","__fattn__-1","FLASH_ATTN_EXT","f32",-1,58,-1,64,14,1,1,3584,1.213594,1,"clFinish_profiled"
"OpenCL","COMPUTE","node_61","MUL_MAT","f32",-1,60,-1,896,1,1,1,3584,0.694375,1,"clFinish_profiled"
"OpenCL","COMPUTE","ffn_inp-1","ADD","f32",-1,61,-1,896,1,1,1,3584,0.776927,1,"clFinish_profiled"
"OpenCL","COMPUTE","ffn_gate-1","MUL_MAT","f32",-1,64,-1,4864,1,1,1,19456,1.146771,1,"clFinish_profiled"
"OpenCL","COMPUTE","ffn_up-1","MUL_MAT","f32",-1,65,-1,4864,1,1,1,19456,1.755052,1,"clFinish_profiled"
"OpenCL","COMPUTE","ffn_swiglu-1","GLU","f32",-1,66,-1,4864,1,1,1,19456,0.826771,1,"clFinish_profiled"
"OpenCL","COMPUTE","ffn_out-1","MUL_MAT","f32",-1,67,-1,896,1,1,1,3584,1.267917,1,"clFinish_profiled"
"OpenCL","COMPUTE","l_out-1","ADD","f32",-1,68,-1,896,1,1,1,3584,0.793333,1,"clFinish_profiled"
"OpenCL","COMPUTE","node_72","MUL_MAT","f32",-1,71,-1,896,1,1,1,3584,0.613750,1,"clFinish_profiled"
"OpenCL","COMPUTE","Qcur-2","ADD","f32",-1,72,-1,896,1,1,1,3584,0.401927,1,"clFinish_profiled"
"OpenCL","COMPUTE","Qcur-2","ROPE","f32",-1,74,-1,64,14,1,1,3584,0.420886,1,"clFinish_profiled"
"OpenCL","COMPUTE","node_76","MUL_MAT","f32",-1,75,-1,128,1,1,1,512,0.446302,1,"clFinish_profiled"
"OpenCL","COMPUTE","Kcur-2","ADD","f32",-1,76,-1,128,1,1,1,512,0.404375,1,"clFinish_profiled"
"OpenCL","COMPUTE","Kcur-2","ROPE","f32",-1,78,-1,64,2,1,1,512,0.413750,1,"clFinish_profiled"
"OpenCL","COMPUTE","node_80","MUL_MAT","f32",-1,79,-1,128,1,1,1,512,0.497604,1,"clFinish_profiled"
"OpenCL","COMPUTE","Vcur-2","ADD","f32",-1,80,-1,128,1,1,1,512,0.441666,1,"clFinish_profiled"
"OpenCL","COMPUTE","cache_k_l2 (view)","SET_ROWS","f16",-1,83,-1,128,512,1,1,131072,0.411875,1,"clFinish_profiled"
"OpenCL","COMPUTE","cache_v_l2 (view)","SET_ROWS","f16",-1,85,-1,128,512,1,1,131072,0.460729,1,"clFinish_profiled"
"OpenCL","COMPUTE","__fattn__-2","FLASH_ATTN_EXT","f32",-1,92,-1,64,14,1,1,3584,0.803802,1,"clFinish_profiled"
"OpenCL","COMPUTE","node_95","MUL_MAT","f32",-1,94,-1,896,1,1,1,3584,0.589739,1,"clFinish_profiled"
"OpenCL","COMPUTE","ffn_inp-2","ADD","f32",-1,95,-1,896,1,1,1,3584,0.377135,1,"clFinish_profiled"
"OpenCL","COMPUTE","ffn_gate-2","MUL_MAT","f32",-1,98,-1,4864,1,1,1,19456,1.217708,1,"clFinish_profiled"
"OpenCL","COMPUTE","ffn_up-2","MUL_MAT","f32",-1,99,-1,4864,1,1,1,19456,1.524323,1,"clFinish_profiled"
"OpenCL","COMPUTE","ffn_swiglu-2","GLU","f32",-1,100,-1,4864,1,1,1,19456,0.595261,1,"clFinish_profiled"
"OpenCL","COMPUTE","ffn_out-2","MUL_MAT","f32",-1,101,-1,896,1,1,1,3584,1.603646,1,"clFinish_profiled"
"OpenCL","COMPUTE","l_out-2","ADD","f32",-1,102,-1,896,1,1,1,3584,0.777552,1,"clFinish_profiled"
"OpenCL","COMPUTE","node_106","MUL_MAT","f32",-1,105,-1,896,1,1,1,3584,0.732812,1,"clFinish_profiled"
"OpenCL","COMPUTE","Qcur-3","ADD","f32",-1,106,-1,896,1,1,1,3584,0.386250,1,"clFinish_profiled"
"OpenCL","COMPUTE","Qcur-3","ROPE","f32",-1,108,-1,64,14,1,1,3584,0.374584,1,"clFinish_profiled"
"OpenCL","COMPUTE","node_110","MUL_MAT","f32",-1,109,-1,128,1,1,1,512,0.406094,1,"clFinish_profiled"
"OpenCL","COMPUTE","Kcur-3","ADD","f32",-1,110,-1,128,1,1,1,512,0.361511,1,"clFinish_profiled"
"OpenCL","COMPUTE","Kcur-3","ROPE","f32",-1,112,-1,64,2,1,1,512,0.356927,1,"clFinish_profiled"
"OpenCL","COMPUTE","node_114","MUL_MAT","f32",-1,113,-1,128,1,1,1,512,0.457917,1,"clFinish_profiled"
"OpenCL","COMPUTE","Vcur-3","ADD","f32",-1,114,-1,128,1,1,1,512,0.375365,1,"clFinish_profiled"
"OpenCL","COMPUTE","cache_k_l3 (view)","SET_ROWS","f16",-1,117,-1,128,512,1,1,131072,0.358281,1,"clFinish_profiled"
"OpenCL","COMPUTE","cache_v_l3 (view)","SET_ROWS","f16",-1,119,-1,128,512,1,1,131072,0.355834,1,"clFinish_profiled"
"OpenCL","COMPUTE","__fattn__-3","FLASH_ATTN_EXT","f32",-1,126,-1,64,14,1,1,3584,0.851615,1,"clFinish_profiled"
"OpenCL","COMPUTE","node_129","MUL_MAT","f32",-1,128,-1,896,1,1,1,3584,0.992605,1,"clFinish_profiled"
"OpenCL","COMPUTE","ffn_inp-3","ADD","f32",-1,129,-1,896,1,1,1,3584,0.424480,1,"clFinish_profiled"
"OpenCL","COMPUTE","ffn_gate-3","MUL_MAT","f32",-1,132,-1,4864,1,1,1,19456,1.060990,1,"clFinish_profiled"
"OpenCL","COMPUTE","ffn_up-3","MUL_MAT","f32",-1,133,-1,4864,1,1,1,19456,1.024479,1,"clFinish_profiled"
"OpenCL","COMPUTE","ffn_swiglu-3","GLU","f32",-1,134,-1,4864,1,1,1,19456,0.477292,1,"clFinish_profiled"
"OpenCL","COMPUTE","ffn_out-3","MUL_MAT","f32",-1,135,-1,896,1,1,1,3584,1.236510,1,"clFinish_profiled"
"OpenCL","COMPUTE","l_out-3","ADD","f32",-1,136,-1,896,1,1,1,3584,0.803021,1,"clFinish_profiled"
"OpenCL","COMPUTE","node_140","MUL_MAT","f32",-1,139,-1,896,1,1,1,3584,1.202188,1,"clFinish_profiled"
"OpenCL","COMPUTE","Qcur-4","ADD","f32",-1,140,-1,896,1,1,1,3584,0.816979,1,"clFinish_profiled"
"OpenCL","COMPUTE","Qcur-4","ROPE","f32",-1,142,-1,64,14,1,1,3584,0.454219,1,"clFinish_profiled"
"OpenCL","COMPUTE","node_144","MUL_MAT","f32",-1,143,-1,128,1,1,1,512,0.435781,1,"clFinish_profiled"
"OpenCL","COMPUTE","Kcur-4","ADD","f32",-1,144,-1,128,1,1,1,512,0.393490,1,"clFinish_profiled"
"OpenCL","COMPUTE","Kcur-4","ROPE","f32",-1,146,-1,64,2,1,1,512,0.897605,1,"clFinish_profiled"
"OpenCL","COMPUTE","node_148","MUL_MAT","f32",-1,147,-1,128,1,1,1,512,0.471718,1,"clFinish_profiled"
"OpenCL","COMPUTE","Vcur-4","ADD","f32",-1,148,-1,128,1,1,1,512,0.393021,1,"clFinish_profiled"
"OpenCL","COMPUTE","cache_k_l4 (view)","SET_ROWS","f16",-1,151,-1,128,512,1,1,131072,0.387656,1,"clFinish_profiled"
"OpenCL","COMPUTE","cache_v_l4 (view)","SET_ROWS","f16",-1,153,-1,128,512,1,1,131072,0.420677,1,"clFinish_profiled"
"OpenCL","COMPUTE","__fattn__-4","FLASH_ATTN_EXT","f32",-1,160,-1,64,14,1,1,3584,0.781563,1,"clFinish_profiled"
"OpenCL","COMPUTE","node_163","MUL_MAT","f32",-1,162,-1,896,1,1,1,3584,0.580416,1,"clFinish_profiled"
"OpenCL","COMPUTE","ffn_inp-4","ADD","f32",-1,163,-1,896,1,1,1,3584,0.398958,1,"clFinish_profiled"
"OpenCL","COMPUTE","ffn_gate-4","MUL_MAT","f32",-1,166,-1,4864,1,1,1,19456,1.048645,1,"clFinish_profiled"
"OpenCL","COMPUTE","ffn_up-4","MUL_MAT","f32",-1,167,-1,4864,1,1,1,19456,1.086250,1,"clFinish_profiled"
"OpenCL","COMPUTE","ffn_swiglu-4","GLU","f32",-1,168,-1,4864,1,1,1,19456,0.411459,1,"clFinish_profiled"
"OpenCL","COMPUTE","ffn_out-4","MUL_MAT","f32",-1,169,-1,896,1,1,1,3584,1.090729,1,"clFinish_profiled"
"OpenCL","COMPUTE","l_out-4","ADD","f32",-1,170,-1,896,1,1,1,3584,0.413698,1,"clFinish_profiled"
"OpenCL","COMPUTE","node_174","MUL_MAT","f32",-1,173,-1,896,1,1,1,3584,1.214427,1,"clFinish_profiled"
"OpenCL","COMPUTE","Qcur-5","ADD","f32",-1,174,-1,896,1,1,1,3584,0.786250,1,"clFinish_profiled"
"OpenCL","COMPUTE","Qcur-5","ROPE","f32",-1,176,-1,64,14,1,1,3584,0.466302,1,"clFinish_profiled"
"OpenCL","COMPUTE","node_178","MUL_MAT","f32",-1,177,-1,128,1,1,1,512,0.453489,1,"clFinish_profiled"
"OpenCL","COMPUTE","Kcur-5","ADD","f32",-1,178,-1,128,1,1,1,512,0.415781,1,"clFinish_profiled"
"OpenCL","COMPUTE","Kcur-5","ROPE","f32",-1,180,-1,64,2,1,1,512,0.394532,1,"clFinish_profiled"
"OpenCL","COMPUTE","node_182","MUL_MAT","f32",-1,181,-1,128,1,1,1,512,0.431146,1,"clFinish_profiled"
"OpenCL","COMPUTE","Vcur-5","ADD","f32",-1,182,-1,128,1,1,1,512,0.378177,1,"clFinish_profiled"
"OpenCL","COMPUTE","cache_k_l5 (view)","SET_ROWS","f16",-1,185,-1,128,512,1,1,131072,0.384427,1,"clFinish_profiled"
"OpenCL","COMPUTE","cache_v_l5 (view)","SET_ROWS","f16",-1,187,-1,128,512,1,1,131072,0.492761,1,"clFinish_profiled"
"OpenCL","COMPUTE","__fattn__-5","FLASH_ATTN_EXT","f32",-1,194,-1,64,14,1,1,3584,1.237448,1,"clFinish_profiled"
"OpenCL","COMPUTE","node_197","MUL_MAT","f32",-1,196,-1,896,1,1,1,3584,0.744584,1,"clFinish_profiled"
"OpenCL","COMPUTE","ffn_inp-5","ADD","f32",-1,197,-1,896,1,1,1,3584,0.772396,1,"clFinish_profiled"
"OpenCL","COMPUTE","ffn_gate-5","MUL_MAT","f32",-1,200,-1,4864,1,1,1,19456,1.829219,1,"clFinish_profiled"
"OpenCL","COMPUTE","ffn_up-5","MUL_MAT","f32",-1,201,-1,4864,1,1,1,19456,1.670104,1,"clFinish_profiled"
"OpenCL","COMPUTE","ffn_swiglu-5","GLU","f32",-1,202,-1,4864,1,1,1,19456,0.880677,1,"clFinish_profiled"
"OpenCL","COMPUTE","ffn_out-5","MUL_MAT","f32",-1,203,-1,896,1,1,1,3584,1.692344,1,"clFinish_profiled"
"OpenCL","COMPUTE","l_out-5","ADD","f32",-1,204,-1,896,1,1,1,3584,0.794532,1,"clFinish_profiled"
"OpenCL","COMPUTE","node_208","MUL_MAT","f32",-1,207,-1,896,1,1,1,3584,0.639427,1,"clFinish_profiled"
"OpenCL","COMPUTE","Qcur-6","ADD","f32",-1,208,-1,896,1,1,1,3584,0.395208,1,"clFinish_profiled"
"OpenCL","COMPUTE","Qcur-6","ROPE","f32",-1,210,-1,64,14,1,1,3584,0.463542,1,"clFinish_profiled"
"OpenCL","COMPUTE","node_212","MUL_MAT","f32",-1,211,-1,128,1,1,1,512,0.858750,1,"clFinish_profiled"
"OpenCL","COMPUTE","Kcur-6","ADD","f32",-1,212,-1,128,1,1,1,512,0.432968,1,"clFinish_profiled"
"OpenCL","COMPUTE","Kcur-6","ROPE","f32",-1,214,-1,64,2,1,1,512,0.429062,1,"clFinish_profiled"
"OpenCL","COMPUTE","node_216","MUL_MAT","f32",-1,215,-1,128,1,1,1,512,0.512656,1,"clFinish_profiled"
"OpenCL","COMPUTE","Vcur-6","ADD","f32",-1,216,-1,128,1,1,1,512,0.440625,1,"clFinish_profiled"
"OpenCL","COMPUTE","cache_k_l6 (view)","SET_ROWS","f16",-1,219,-1,128,512,1,1,131072,0.398541,1,"clFinish_profiled"
"OpenCL","COMPUTE","cache_v_l6 (view)","SET_ROWS","f16",-1,221,-1,128,512,1,1,131072,0.389688,1,"clFinish_profiled"
"OpenCL","COMPUTE","__fattn__-6","FLASH_ATTN_EXT","f32",-1,228,-1,64,14,1,1,3584,0.856042,1,"clFinish_profiled"
"OpenCL","COMPUTE","node_231","MUL_MAT","f32",-1,230,-1,896,1,1,1,3584,0.575937,1,"clFinish_profiled"
"OpenCL","COMPUTE","ffn_inp-6","ADD","f32",-1,231,-1,896,1,1,1,3584,0.401615,1,"clFinish_profiled"
"OpenCL","COMPUTE","ffn_gate-6","MUL_MAT","f32",-1,234,-1,4864,1,1,1,19456,1.124948,1,"clFinish_profiled"
"OpenCL","COMPUTE","ffn_up-6","MUL_MAT","f32",-1,235,-1,4864,1,1,1,19456,1.036250,1,"clFinish_profiled"
"OpenCL","COMPUTE","ffn_swiglu-6","GLU","f32",-1,236,-1,4864,1,1,1,19456,0.420937,1,"clFinish_profiled"
"OpenCL","COMPUTE","ffn_out-6","MUL_MAT","f32",-1,237,-1,896,1,1,1,3584,1.095625,1,"clFinish_profiled"
"OpenCL","COMPUTE","l_out-6","ADD","f32",-1,238,-1,896,1,1,1,3584,0.387083,1,"clFinish_profiled"
"OpenCL","COMPUTE","node_242","MUL_MAT","f32",-1,241,-1,896,1,1,1,3584,0.566719,1,"clFinish_profiled"
"OpenCL","COMPUTE","Qcur-7","ADD","f32",-1,242,-1,896,1,1,1,3584,0.418594,1,"clFinish_profiled"
"OpenCL","COMPUTE","Qcur-7","ROPE","f32",-1,244,-1,64,14,1,1,3584,0.398907,1,"clFinish_profiled"
"OpenCL","COMPUTE","node_246","MUL_MAT","f32",-1,245,-1,128,1,1,1,512,0.433802,1,"clFinish_profiled"
"OpenCL","COMPUTE","Kcur-7","ADD","f32",-1,246,-1,128,1,1,1,512,0.388907,1,"clFinish_profiled"
"OpenCL","COMPUTE","Kcur-7","ROPE","f32",-1,248,-1,64,2,1,1,512,0.394427,1,"clFinish_profiled"
"OpenCL","COMPUTE","node_250","MUL_MAT","f32",-1,249,-1,128,1,1,1,512,0.430834,1,"clFinish_profiled"
"OpenCL","COMPUTE","Vcur-7","ADD","f32",-1,250,-1,128,1,1,1,512,0.385157,1,"clFinish_profiled"
"OpenCL","COMPUTE","cache_k_l7 (view)","SET_ROWS","f16",-1,253,-1,128,512,1,1,131072,0.381980,1,"clFinish_profiled"
"OpenCL","COMPUTE","cache_v_l7 (view)","SET_ROWS","f16",-1,255,-1,128,512,1,1,131072,0.390156,1,"clFinish_profiled"
"OpenCL","COMPUTE","__fattn__-7","FLASH_ATTN_EXT","f32",-1,262,-1,64,14,1,1,3584,0.789739,1,"clFinish_profiled"
"OpenCL","COMPUTE","node_265","MUL_MAT","f32",-1,264,-1,896,1,1,1,3584,0.553906,1,"clFinish_profiled"
"OpenCL","COMPUTE","ffn_inp-7","ADD","f32",-1,265,-1,896,1,1,1,3584,0.389584,1,"clFinish_profiled"
"OpenCL","COMPUTE","ffn_gate-7","MUL_MAT","f32",-1,268,-1,4864,1,1,1,19456,1.054270,1,"clFinish_profiled"
"OpenCL","COMPUTE","ffn_up-7","MUL_MAT","f32",-1,269,-1,4864,1,1,1,19456,1.029531,1,"clFinish_profiled"
"OpenCL","COMPUTE","ffn_swiglu-7","GLU","f32",-1,270,-1,4864,1,1,1,19456,0.411354,1,"clFinish_profiled"
"OpenCL","COMPUTE","ffn_out-7","MUL_MAT","f32",-1,271,-1,896,1,1,1,3584,1.156198,1,"clFinish_profiled"
"OpenCL","COMPUTE","l_out-7","ADD","f32",-1,272,-1,896,1,1,1,3584,0.585625,1,"clFinish_profiled"
"OpenCL","COMPUTE","node_276","MUL_MAT","f32",-1,275,-1,896,1,1,1,3584,0.981041,1,"clFinish_profiled"
"OpenCL","COMPUTE","Qcur-8","ADD","f32",-1,276,-1,896,1,1,1,3584,0.443646,1,"clFinish_profiled"
"OpenCL","COMPUTE","Qcur-8","ROPE","f32",-1,278,-1,64,14,1,1,3584,0.421823,1,"clFinish_profiled"
"OpenCL","COMPUTE","node_280","MUL_MAT","f32",-1,279,-1,128,1,1,1,512,0.441979,1,"clFinish_profiled"
"OpenCL","COMPUTE","Kcur-8","ADD","f32",-1,280,-1,128,1,1,1,512,0.410521,1,"clFinish_profiled"
"OpenCL","COMPUTE","Kcur-8","ROPE","f32",-1,282,-1,64,2,1,1,512,0.399271,1,"clFinish_profiled"
"OpenCL","COMPUTE","node_284","MUL_MAT","f32",-1,283,-1,128,1,1,1,512,0.431510,1,"clFinish_profiled"
"OpenCL","COMPUTE","Vcur-8","ADD","f32",-1,284,-1,128,1,1,1,512,0.382083,1,"clFinish_profiled"
"OpenCL","COMPUTE","cache_k_l8 (view)","SET_ROWS","f16",-1,287,-1,128,512,1,1,131072,0.387344,1,"clFinish_profiled"
"OpenCL","COMPUTE","cache_v_l8 (view)","SET_ROWS","f16",-1,289,-1,128,512,1,1,131072,0.386875,1,"clFinish_profiled"
"OpenCL","COMPUTE","__fattn__-8","FLASH_ATTN_EXT","f32",-1,296,-1,64,14,1,1,3584,0.780990,1,"clFinish_profiled"
"OpenCL","COMPUTE","node_299","MUL_MAT","f32",-1,298,-1,896,1,1,1,3584,0.534635,1,"clFinish_profiled"
"OpenCL","COMPUTE","ffn_inp-8","ADD","f32",-1,299,-1,896,1,1,1,3584,0.496198,1,"clFinish_profiled"
"OpenCL","COMPUTE","ffn_gate-8","MUL_MAT","f32",-1,302,-1,4864,1,1,1,19456,1.057083,1,"clFinish_profiled"
"OpenCL","COMPUTE","ffn_up-8","MUL_MAT","f32",-1,303,-1,4864,1,1,1,19456,1.253281,1,"clFinish_profiled"
"OpenCL","COMPUTE","ffn_swiglu-8","GLU","f32",-1,304,-1,4864,1,1,1,19456,0.831406,1,"clFinish_profiled"
"OpenCL","COMPUTE","ffn_out-8","MUL_MAT","f32",-1,305,-1,896,1,1,1,3584,1.299739,1,"clFinish_profiled"
"OpenCL","COMPUTE","l_out-8","ADD","f32",-1,306,-1,896,1,1,1,3584,0.791823,1,"clFinish_profiled"
"OpenCL","COMPUTE","node_310","MUL_MAT","f32",-1,309,-1,896,1,1,1,3584,1.198229,1,"clFinish_profiled"
"OpenCL","COMPUTE","Qcur-9","ADD","f32",-1,310,-1,896,1,1,1,3584,0.773177,1,"clFinish_profiled"
"OpenCL","COMPUTE","Qcur-9","ROPE","f32",-1,312,-1,64,14,1,1,3584,0.543281,1,"clFinish_profiled"
"OpenCL","COMPUTE","node_314","MUL_MAT","f32",-1,313,-1,128,1,1,1,512,0.452136,1,"clFinish_profiled"
"OpenCL","COMPUTE","Kcur-9","ADD","f32",-1,314,-1,128,1,1,1,512,0.403490,1,"clFinish_profiled"
"OpenCL","COMPUTE","Kcur-9","ROPE","f32",-1,316,-1,64,2,1,1,512,0.404010,1,"clFinish_profiled"
"OpenCL","COMPUTE","node_318","MUL_MAT","f32",-1,317,-1,128,1,1,1,512,0.476718,1,"clFinish_profiled"
"OpenCL","COMPUTE","Vcur-9","ADD","f32",-1,318,-1,128,1,1,1,512,0.396719,1,"clFinish_profiled"
"OpenCL","COMPUTE","cache_k_l9 (view)","SET_ROWS","f16",-1,321,-1,128,512,1,1,131072,0.384687,1,"clFinish_profiled"
"OpenCL","COMPUTE","cache_v_l9 (view)","SET_ROWS","f16",-1,323,-1,128,512,1,1,131072,0.373646,1,"clFinish_profiled"
"OpenCL","COMPUTE","__fattn__-9","FLASH_ATTN_EXT","f32",-1,330,-1,64,14,1,1,3584,0.790364,1,"clFinish_profiled"
"OpenCL","COMPUTE","node_333","MUL_MAT","f32",-1,332,-1,896,1,1,1,3584,0.557240,1,"clFinish_profiled"
"OpenCL","COMPUTE","ffn_inp-9","ADD","f32",-1,333,-1,896,1,1,1,3584,0.367083,1,"clFinish_profiled"
"OpenCL","COMPUTE","ffn_gate-9","MUL_MAT","f32",-1,336,-1,4864,1,1,1,19456,1.071042,1,"clFinish_profiled"
"OpenCL","COMPUTE","ffn_up-9","MUL_MAT","f32",-1,337,-1,4864,1,1,1,19456,1.013646,1,"clFinish_profiled"
"OpenCL","COMPUTE","ffn_swiglu-9","GLU","f32",-1,338,-1,4864,1,1,1,19456,0.433541,1,"clFinish_profiled"
"OpenCL","COMPUTE","ffn_out-9","MUL_MAT","f32",-1,339,-1,896,1,1,1,3584,1.238542,1,"clFinish_profiled"
"OpenCL","COMPUTE","l_out-9","ADD","f32",-1,340,-1,896,1,1,1,3584,0.795364,1,"clFinish_profiled"
"OpenCL","COMPUTE","node_344","MUL_MAT","f32",-1,343,-1,896,1,1,1,3584,0.673385,1,"clFinish_profiled"
"OpenCL","COMPUTE","Qcur-10","ADD","f32",-1,344,-1,896,1,1,1,3584,0.406146,1,"clFinish_profiled"
"OpenCL","COMPUTE","Qcur-10","ROPE","f32",-1,346,-1,64,14,1,1,3584,0.404532,1,"clFinish_profiled"
"OpenCL","COMPUTE","node_348","MUL_MAT","f32",-1,347,-1,128,1,1,1,512,0.433334,1,"clFinish_profiled"
"OpenCL","COMPUTE","Kcur-10","ADD","f32",-1,348,-1,128,1,1,1,512,0.448542,1,"clFinish_profiled"
"OpenCL","COMPUTE","Kcur-10","ROPE","f32",-1,350,-1,64,2,1,1,512,0.391719,1,"clFinish_profiled"
"OpenCL","COMPUTE","node_352","MUL_MAT","f32",-1,351,-1,128,1,1,1,512,0.434531,1,"clFinish_profiled"
"OpenCL","COMPUTE","Vcur-10","ADD","f32",-1,352,-1,128,1,1,1,512,0.396615,1,"clFinish_profiled"
"OpenCL","COMPUTE","cache_k_l10 (view)","SET_ROWS","f16",-1,355,-1,128,512,1,1,131072,0.385156,1,"clFinish_profiled"
"OpenCL","COMPUTE","cache_v_l10 (view)","SET_ROWS","f16",-1,357,-1,128,512,1,1,131072,0.387916,1,"clFinish_profiled"
"OpenCL","COMPUTE","__fattn__-10","FLASH_ATTN_EXT","f32",-1,364,-1,64,14,1,1,3584,0.781302,1,"clFinish_profiled"
"OpenCL","COMPUTE","node_367","MUL_MAT","f32",-1,366,-1,896,1,1,1,3584,0.569948,1,"clFinish_profiled"
"OpenCL","COMPUTE","ffn_inp-10","ADD","f32",-1,367,-1,896,1,1,1,3584,0.453593,1,"clFinish_profiled"
"OpenCL","COMPUTE","ffn_gate-10","MUL_MAT","f32",-1,370,-1,4864,1,1,1,19456,1.478542,1,"clFinish_profiled"
"OpenCL","COMPUTE","ffn_up-10","MUL_MAT","f32",-1,371,-1,4864,1,1,1,19456,1.203542,1,"clFinish_profiled"
"OpenCL","COMPUTE","ffn_swiglu-10","GLU","f32",-1,372,-1,4864,1,1,1,19456,0.610156,1,"clFinish_profiled"
"OpenCL","COMPUTE","ffn_out-10","MUL_MAT","f32",-1,373,-1,896,1,1,1,3584,1.624167,1,"clFinish_profiled"
"OpenCL","COMPUTE","l_out-10","ADD","f32",-1,374,-1,896,1,1,1,3584,0.767344,1,"clFinish_profiled"
"OpenCL","COMPUTE","node_378","MUL_MAT","f32",-1,377,-1,896,1,1,1,3584,0.639219,1,"clFinish_profiled"
"OpenCL","COMPUTE","Qcur-11","ADD","f32",-1,378,-1,896,1,1,1,3584,0.401459,1,"clFinish_profiled"
"OpenCL","COMPUTE","Qcur-11","ROPE","f32",-1,380,-1,64,14,1,1,3584,0.394584,1,"clFinish_profiled"
"OpenCL","COMPUTE","node_382","MUL_MAT","f32",-1,381,-1,128,1,1,1,512,0.446041,1,"clFinish_profiled"
"OpenCL","COMPUTE","Kcur-11","ADD","f32",-1,382,-1,128,1,1,1,512,0.388490,1,"clFinish_profiled"
"OpenCL","COMPUTE","Kcur-11","ROPE","f32",-1,384,-1,64,2,1,1,512,0.394687,1,"clFinish_profiled"
"OpenCL","COMPUTE","node_386","MUL_MAT","f32",-1,385,-1,128,1,1,1,512,0.430157,1,"clFinish_profiled"
"OpenCL","COMPUTE","Vcur-11","ADD","f32",-1,386,-1,128,1,1,1,512,0.390469,1,"clFinish_profiled"
"OpenCL","COMPUTE","cache_k_l11 (view)","SET_ROWS","f16",-1,389,-1,128,512,1,1,131072,0.435209,1,"clFinish_profiled"
"OpenCL","COMPUTE","cache_v_l11 (view)","SET_ROWS","f16",-1,391,-1,128,512,1,1,131072,0.459636,1,"clFinish_profiled"
"OpenCL","COMPUTE","__fattn__-11","FLASH_ATTN_EXT","f32",-1,398,-1,64,14,1,1,3584,0.816823,1,"clFinish_profiled"
"OpenCL","COMPUTE","node_401","MUL_MAT","f32",-1,400,-1,896,1,1,1,3584,0.588698,1,"clFinish_profiled"
"OpenCL","COMPUTE","ffn_inp-11","ADD","f32",-1,401,-1,896,1,1,1,3584,0.888229,1,"clFinish_profiled"
"OpenCL","COMPUTE","ffn_gate-11","MUL_MAT","f32",-1,404,-1,4864,1,1,1,19456,1.098125,1,"clFinish_profiled"
"OpenCL","COMPUTE","ffn_up-11","MUL_MAT","f32",-1,405,-1,4864,1,1,1,19456,1.178333,1,"clFinish_profiled"
"OpenCL","COMPUTE","ffn_swiglu-11","GLU","f32",-1,406,-1,4864,1,1,1,19456,0.831041,1,"clFinish_profiled"
"OpenCL","COMPUTE","ffn_out-11","MUL_MAT","f32",-1,407,-1,896,1,1,1,3584,1.269792,1,"clFinish_profiled"
"OpenCL","COMPUTE","l_out-11","ADD","f32",-1,408,-1,896,1,1,1,3584,0.825156,1,"clFinish_profiled"
"OpenCL","COMPUTE","node_412","MUL_MAT","f32",-1,411,-1,896,1,1,1,3584,1.339584,1,"clFinish_profiled"
"OpenCL","COMPUTE","Qcur-12","ADD","f32",-1,412,-1,896,1,1,1,3584,0.833281,1,"clFinish_profiled"
"OpenCL","COMPUTE","Qcur-12","ROPE","f32",-1,414,-1,64,14,1,1,3584,0.526510,1,"clFinish_profiled"
"OpenCL","COMPUTE","node_416","MUL_MAT","f32",-1,415,-1,128,1,1,1,512,0.460573,1,"clFinish_profiled"
"OpenCL","COMPUTE","Kcur-12","ADD","f32",-1,416,-1,128,1,1,1,512,0.402864,1,"clFinish_profiled"
"OpenCL","COMPUTE","Kcur-12","ROPE","f32",-1,418,-1,64,2,1,1,512,0.404479,1,"clFinish_profiled"
"OpenCL","COMPUTE","node_420","MUL_MAT","f32",-1,419,-1,128,1,1,1,512,0.429375,1,"clFinish_profiled"
"OpenCL","COMPUTE","Vcur-12","ADD","f32",-1,420,-1,128,1,1,1,512,0.391042,1,"clFinish_profiled"
"OpenCL","COMPUTE","cache_k_l12 (view)","SET_ROWS","f16",-1,423,-1,128,512,1,1,131072,0.385209,1,"clFinish_profiled"
"OpenCL","COMPUTE","cache_v_l12 (view)","SET_ROWS","f16",-1,425,-1,128,512,1,1,131072,0.401771,1,"clFinish_profiled"
"OpenCL","COMPUTE","__fattn__-12","FLASH_ATTN_EXT","f32",-1,432,-1,64,14,1,1,3584,0.777292,1,"clFinish_profiled"
"OpenCL","COMPUTE","node_435","MUL_MAT","f32",-1,434,-1,896,1,1,1,3584,0.537344,1,"clFinish_profiled"
"OpenCL","COMPUTE","ffn_inp-12","ADD","f32",-1,435,-1,896,1,1,1,3584,0.382084,1,"clFinish_profiled"
"OpenCL","COMPUTE","ffn_gate-12","MUL_MAT","f32",-1,438,-1,4864,1,1,1,19456,1.090521,1,"clFinish_profiled"
"OpenCL","COMPUTE","ffn_up-12","MUL_MAT","f32",-1,439,-1,4864,1,1,1,19456,1.791615,1,"clFinish_profiled"
"OpenCL","COMPUTE","ffn_swiglu-12","GLU","f32",-1,440,-1,4864,1,1,1,19456,0.813073,1,"clFinish_profiled"
"OpenCL","COMPUTE","ffn_out-12","MUL_MAT","f32",-1,441,-1,896,1,1,1,3584,1.703646,1,"clFinish_profiled"
"OpenCL","COMPUTE","l_out-12","ADD","f32",-1,442,-1,896,1,1,1,3584,0.803698,1,"clFinish_profiled"
"OpenCL","COMPUTE","node_446","MUL_MAT","f32",-1,445,-1,896,1,1,1,3584,0.777500,1,"clFinish_profiled"
"OpenCL","COMPUTE","Qcur-13","ADD","f32",-1,446,-1,896,1,1,1,3584,0.780833,1,"clFinish_profiled"
"OpenCL","COMPUTE","Qcur-13","ROPE","f32",-1,448,-1,64,14,1,1,3584,0.503594,1,"clFinish_profiled"
"OpenCL","COMPUTE","node_450","MUL_MAT","f32",-1,449,-1,128,1,1,1,512,0.446145,1,"clFinish_profiled"
"OpenCL","COMPUTE","Kcur-13","ADD","f32",-1,450,-1,128,1,1,1,512,0.394062,1,"clFinish_profiled"
"OpenCL","COMPUTE","Kcur-13","ROPE","f32",-1,452,-1,64,2,1,1,512,0.397084,1,"clFinish_profiled"
"OpenCL","COMPUTE","node_454","MUL_MAT","f32",-1,453,-1,128,1,1,1,512,0.467396,1,"clFinish_profiled"
"OpenCL","COMPUTE","Vcur-13","ADD","f32",-1,454,-1,128,1,1,1,512,0.401719,1,"clFinish_profiled"
"OpenCL","COMPUTE","cache_k_l13 (view)","SET_ROWS","f16",-1,457,-1,128,512,1,1,131072,0.393073,1,"clFinish_profiled"
"OpenCL","COMPUTE","cache_v_l13 (view)","SET_ROWS","f16",-1,459,-1,128,512,1,1,131072,0.384843,1,"clFinish_profiled"
"OpenCL","COMPUTE","__fattn__-13","FLASH_ATTN_EXT","f32",-1,466,-1,64,14,1,1,3584,0.780052,1,"clFinish_profiled"
"OpenCL","COMPUTE","node_469","MUL_MAT","f32",-1,468,-1,896,1,1,1,3584,0.551250,1,"clFinish_profiled"
"OpenCL","COMPUTE","ffn_inp-13","ADD","f32",-1,469,-1,896,1,1,1,3584,0.370990,1,"clFinish_profiled"
"OpenCL","COMPUTE","ffn_gate-13","MUL_MAT","f32",-1,472,-1,4864,1,1,1,19456,1.251823,1,"clFinish_profiled"
"OpenCL","COMPUTE","ffn_up-13","MUL_MAT","f32",-1,473,-1,4864,1,1,1,19456,1.551927,1,"clFinish_profiled"
"OpenCL","COMPUTE","ffn_swiglu-13","GLU","f32",-1,474,-1,4864,1,1,1,19456,0.979635,1,"clFinish_profiled"
"OpenCL","COMPUTE","ffn_out-13","MUL_MAT","f32",-1,475,-1,896,1,1,1,3584,1.820730,1,"clFinish_profiled"
"OpenCL","COMPUTE","l_out-13","ADD","f32",-1,476,-1,896,1,1,1,3584,0.782708,1,"clFinish_profiled"
"OpenCL","COMPUTE","node_480","MUL_MAT","f32",-1,479,-1,896,1,1,1,3584,0.643958,1,"clFinish_profiled"
"OpenCL","COMPUTE","Qcur-14","ADD","f32",-1,480,-1,896,1,1,1,3584,0.421094,1,"clFinish_profiled"
"OpenCL","COMPUTE","Qcur-14","ROPE","f32",-1,482,-1,64,14,1,1,3584,0.412343,1,"clFinish_profiled"
"OpenCL","COMPUTE","node_484","MUL_MAT","f32",-1,483,-1,128,1,1,1,512,0.439427,1,"clFinish_profiled"
"OpenCL","COMPUTE","Kcur-14","ADD","f32",-1,484,-1,128,1,1,1,512,0.413750,1,"clFinish_profiled"
"OpenCL","COMPUTE","Kcur-14","ROPE","f32",-1,486,-1,64,2,1,1,512,0.408281,1,"clFinish_profiled"
"OpenCL","COMPUTE","node_488","MUL_MAT","f32",-1,487,-1,128,1,1,1,512,0.432032,1,"clFinish_profiled"
"OpenCL","COMPUTE","Vcur-14","ADD","f32",-1,488,-1,128,1,1,1,512,0.389010,1,"clFinish_profiled"
"OpenCL","COMPUTE","cache_k_l14 (view)","SET_ROWS","f16",-1,491,-1,128,512,1,1,131072,0.388594,1,"clFinish_profiled"
"OpenCL","COMPUTE","cache_v_l14 (view)","SET_ROWS","f16",-1,493,-1,128,512,1,1,131072,0.443178,1,"clFinish_profiled"
"OpenCL","COMPUTE","__fattn__-14","FLASH_ATTN_EXT","f32",-1,500,-1,64,14,1,1,3584,0.778698,1,"clFinish_profiled"
"OpenCL","COMPUTE","node_503","MUL_MAT","f32",-1,502,-1,896,1,1,1,3584,0.545417,1,"clFinish_profiled"
"OpenCL","COMPUTE","ffn_inp-14","ADD","f32",-1,503,-1,896,1,1,1,3584,0.388073,1,"clFinish_profiled"
"OpenCL","COMPUTE","ffn_gate-14","MUL_MAT","f32",-1,506,-1,4864,1,1,1,19456,1.832708,1,"clFinish_profiled"
"OpenCL","COMPUTE","ffn_up-14","MUL_MAT","f32",-1,507,-1,4864,1,1,1,19456,1.705782,1,"clFinish_profiled"
"OpenCL","COMPUTE","ffn_swiglu-14","GLU","f32",-1,508,-1,4864,1,1,1,19456,0.809167,1,"clFinish_profiled"
"OpenCL","COMPUTE","ffn_out-14","MUL_MAT","f32",-1,509,-1,896,1,1,1,3584,1.307187,1,"clFinish_profiled"
"OpenCL","COMPUTE","l_out-14","ADD","f32",-1,510,-1,896,1,1,1,3584,0.992761,1,"clFinish_profiled"
"OpenCL","COMPUTE","node_514","MUL_MAT","f32",-1,513,-1,896,1,1,1,3584,0.985469,1,"clFinish_profiled"
"OpenCL","COMPUTE","Qcur-15","ADD","f32",-1,514,-1,896,1,1,1,3584,0.504218,1,"clFinish_profiled"
"OpenCL","COMPUTE","Qcur-15","ROPE","f32",-1,516,-1,64,14,1,1,3584,0.399636,1,"clFinish_profiled"
"OpenCL","COMPUTE","node_518","MUL_MAT","f32",-1,517,-1,128,1,1,1,512,0.515678,1,"clFinish_profiled"
"OpenCL","COMPUTE","Kcur-15","ADD","f32",-1,518,-1,128,1,1,1,512,0.397344,1,"clFinish_profiled"
"OpenCL","COMPUTE","Kcur-15","ROPE","f32",-1,520,-1,64,2,1,1,512,0.386042,1,"clFinish_profiled"
"OpenCL","COMPUTE","node_522","MUL_MAT","f32",-1,521,-1,128,1,1,1,512,0.433958,1,"clFinish_profiled"
"OpenCL","COMPUTE","Vcur-15","ADD","f32",-1,522,-1,128,1,1,1,512,0.384687,1,"clFinish_profiled"
"OpenCL","COMPUTE","cache_k_l15 (view)","SET_ROWS","f16",-1,525,-1,128,512,1,1,131072,0.391094,1,"clFinish_profiled"
"OpenCL","COMPUTE","cache_v_l15 (view)","SET_ROWS","f16",-1,527,-1,128,512,1,1,131072,0.394428,1,"clFinish_profiled"
"OpenCL","COMPUTE","__fattn__-15","FLASH_ATTN_EXT","f32",-1,534,-1,64,14,1,1,3584,0.794063,1,"clFinish_profiled"
"OpenCL","COMPUTE","node_537","MUL_MAT","f32",-1,536,-1,896,1,1,1,3584,0.540365,1,"clFinish_profiled"
"OpenCL","COMPUTE","ffn_inp-15","ADD","f32",-1,537,-1,896,1,1,1,3584,0.391407,1,"clFinish_profiled"
"OpenCL","COMPUTE","ffn_gate-15","MUL_MAT","f32",-1,540,-1,4864,1,1,1,19456,1.098802,1,"clFinish_profiled"
"OpenCL","COMPUTE","ffn_up-15","MUL_MAT","f32",-1,541,-1,4864,1,1,1,19456,1.019532,1,"clFinish_profiled"
"OpenCL","COMPUTE","ffn_swiglu-15","GLU","f32",-1,542,-1,4864,1,1,1,19456,0.415937,1,"clFinish_profiled"
"OpenCL","COMPUTE","ffn_out-15","MUL_MAT","f32",-1,543,-1,896,1,1,1,3584,1.392396,1,"clFinish_profiled"
"OpenCL","COMPUTE","l_out-15","ADD","f32",-1,544,-1,896,1,1,1,3584,0.832135,1,"clFinish_profiled"
"OpenCL","COMPUTE","node_548","MUL_MAT","f32",-1,547,-1,896,1,1,1,3584,0.652188,1,"clFinish_profiled"
"OpenCL","COMPUTE","Qcur-16","ADD","f32",-1,548,-1,896,1,1,1,3584,0.406198,1,"clFinish_profiled"
"OpenCL","COMPUTE","Qcur-16","ROPE","f32",-1,550,-1,64,14,1,1,3584,0.538073,1,"clFinish_profiled"
"OpenCL","COMPUTE","node_552","MUL_MAT","f32",-1,551,-1,128,1,1,1,512,0.860834,1,"clFinish_profiled"
"OpenCL","COMPUTE","Kcur-16","ADD","f32",-1,552,-1,128,1,1,1,512,0.464427,1,"clFinish_profiled"
"OpenCL","COMPUTE","Kcur-16","ROPE","f32",-1,554,-1,64,2,1,1,512,0.407917,1,"clFinish_profiled"
"OpenCL","COMPUTE","node_556","MUL_MAT","f32",-1,555,-1,128,1,1,1,512,0.430000,1,"clFinish_profiled"
"OpenCL","COMPUTE","Vcur-16","ADD","f32",-1,556,-1,128,1,1,1,512,0.393229,1,"clFinish_profiled"
"OpenCL","COMPUTE","cache_k_l16 (view)","SET_ROWS","f16",-1,559,-1,128,512,1,1,131072,0.393229,1,"clFinish_profiled"
"OpenCL","COMPUTE","cache_v_l16 (view)","SET_ROWS","f16",-1,561,-1,128,512,1,1,131072,0.404166,1,"clFinish_profiled"
"OpenCL","COMPUTE","__fattn__-16","FLASH_ATTN_EXT","f32",-1,568,-1,64,14,1,1,3584,0.831406,1,"clFinish_profiled"
"OpenCL","COMPUTE","node_571","MUL_MAT","f32",-1,570,-1,896,1,1,1,3584,0.538750,1,"clFinish_profiled"
"OpenCL","COMPUTE","ffn_inp-16","ADD","f32",-1,571,-1,896,1,1,1,3584,0.385105,1,"clFinish_profiled"
"OpenCL","COMPUTE","ffn_gate-16","MUL_MAT","f32",-1,574,-1,4864,1,1,1,19456,1.066250,1,"clFinish_profiled"
"OpenCL","COMPUTE","ffn_up-16","MUL_MAT","f32",-1,575,-1,4864,1,1,1,19456,1.038334,1,"clFinish_profiled"
"OpenCL","COMPUTE","ffn_swiglu-16","GLU","f32",-1,576,-1,4864,1,1,1,19456,0.428542,1,"clFinish_profiled"
"OpenCL","COMPUTE","ffn_out-16","MUL_MAT","f32",-1,577,-1,896,1,1,1,3584,1.388230,1,"clFinish_profiled"
"OpenCL","COMPUTE","l_out-16","ADD","f32",-1,578,-1,896,1,1,1,3584,0.842760,1,"clFinish_profiled"
"OpenCL","COMPUTE","node_582","MUL_MAT","f32",-1,581,-1,896,1,1,1,3584,1.168178,1,"clFinish_profiled"
"OpenCL","COMPUTE","Qcur-17","ADD","f32",-1,582,-1,896,1,1,1,3584,0.790677,1,"clFinish_profiled"
"OpenCL","COMPUTE","Qcur-17","ROPE","f32",-1,584,-1,64,14,1,1,3584,0.451875,1,"clFinish_profiled"
"OpenCL","COMPUTE","node_586","MUL_MAT","f32",-1,585,-1,128,1,1,1,512,0.436823,1,"clFinish_profiled"
"OpenCL","COMPUTE","Kcur-17","ADD","f32",-1,586,-1,128,1,1,1,512,0.406406,1,"clFinish_profiled"
"OpenCL","COMPUTE","Kcur-17","ROPE","f32",-1,588,-1,64,2,1,1,512,0.403438,1,"clFinish_profiled"
"OpenCL","COMPUTE","node_590","MUL_MAT","f32",-1,589,-1,128,1,1,1,512,0.513907,1,"clFinish_profiled"
"OpenCL","COMPUTE","Vcur-17","ADD","f32",-1,590,-1,128,1,1,1,512,0.400937,1,"clFinish_profiled"
"OpenCL","COMPUTE","cache_k_l17 (view)","SET_ROWS","f16",-1,593,-1,128,512,1,1,131072,0.385781,1,"clFinish_profiled"
"OpenCL","COMPUTE","cache_v_l17 (view)","SET_ROWS","f16",-1,595,-1,128,512,1,1,131072,0.393438,1,"clFinish_profiled"
"OpenCL","COMPUTE","__fattn__-17","FLASH_ATTN_EXT","f32",-1,602,-1,64,14,1,1,3584,0.791303,1,"clFinish_profiled"
"OpenCL","COMPUTE","node_605","MUL_MAT","f32",-1,604,-1,896,1,1,1,3584,0.571250,1,"clFinish_profiled"
"OpenCL","COMPUTE","ffn_inp-17","ADD","f32",-1,605,-1,896,1,1,1,3584,0.415468,1,"clFinish_profiled"
"OpenCL","COMPUTE","ffn_gate-17","MUL_MAT","f32",-1,608,-1,4864,1,1,1,19456,1.115833,1,"clFinish_profiled"
"OpenCL","COMPUTE","ffn_up-17","MUL_MAT","f32",-1,609,-1,4864,1,1,1,19456,1.069791,1,"clFinish_profiled"
"OpenCL","COMPUTE","ffn_swiglu-17","GLU","f32",-1,610,-1,4864,1,1,1,19456,0.421771,1,"clFinish_profiled"
"OpenCL","COMPUTE","ffn_out-17","MUL_MAT","f32",-1,611,-1,896,1,1,1,3584,1.251250,1,"clFinish_profiled"
"OpenCL","COMPUTE","l_out-17","ADD","f32",-1,612,-1,896,1,1,1,3584,0.795833,1,"clFinish_profiled"
"OpenCL","COMPUTE","node_616","MUL_MAT","f32",-1,615,-1,896,1,1,1,3584,0.691094,1,"clFinish_profiled"
"OpenCL","COMPUTE","Qcur-18","ADD","f32",-1,616,-1,896,1,1,1,3584,0.408386,1,"clFinish_profiled"
"OpenCL","COMPUTE","Qcur-18","ROPE","f32",-1,618,-1,64,14,1,1,3584,0.432969,1,"clFinish_profiled"
"OpenCL","COMPUTE","node_620","MUL_MAT","f32",-1,619,-1,128,1,1,1,512,0.435989,1,"clFinish_profiled"
"OpenCL","COMPUTE","Kcur-18","ADD","f32",-1,620,-1,128,1,1,1,512,0.387031,1,"clFinish_profiled"
"OpenCL","COMPUTE","Kcur-18","ROPE","f32",-1,622,-1,64,2,1,1,512,0.389688,1,"clFinish_profiled"
"OpenCL","COMPUTE","node_624","MUL_MAT","f32",-1,623,-1,128,1,1,1,512,0.426979,1,"clFinish_profiled"
"OpenCL","COMPUTE","Vcur-18","ADD","f32",-1,624,-1,128,1,1,1,512,0.476823,1,"clFinish_profiled"
"OpenCL","COMPUTE","cache_k_l18 (view)","SET_ROWS","f16",-1,627,-1,128,512,1,1,131072,0.407864,1,"clFinish_profiled"
"OpenCL","COMPUTE","cache_v_l18 (view)","SET_ROWS","f16",-1,629,-1,128,512,1,1,131072,0.381094,1,"clFinish_profiled"
"OpenCL","COMPUTE","__fattn__-18","FLASH_ATTN_EXT","f32",-1,636,-1,64,14,1,1,3584,0.790312,1,"clFinish_profiled"
"OpenCL","COMPUTE","node_639","MUL_MAT","f32",-1,638,-1,896,1,1,1,3584,0.548698,1,"clFinish_profiled"
"OpenCL","COMPUTE","ffn_inp-18","ADD","f32",-1,639,-1,896,1,1,1,3584,0.385000,1,"clFinish_profiled"
"OpenCL","COMPUTE","ffn_gate-18","MUL_MAT","f32",-1,642,-1,4864,1,1,1,19456,1.048646,1,"clFinish_profiled"
"OpenCL","COMPUTE","ffn_up-18","MUL_MAT","f32",-1,643,-1,4864,1,1,1,19456,1.030313,1,"clFinish_profiled"
"OpenCL","COMPUTE","ffn_swiglu-18","GLU","f32",-1,644,-1,4864,1,1,1,19456,0.481979,1,"clFinish_profiled"
"OpenCL","COMPUTE","ffn_out-18","MUL_MAT","f32",-1,645,-1,896,1,1,1,3584,1.179636,1,"clFinish_profiled"
"OpenCL","COMPUTE","l_out-18","ADD","f32",-1,646,-1,896,1,1,1,3584,0.855417,1,"clFinish_profiled"
"OpenCL","COMPUTE","node_650","MUL_MAT","f32",-1,649,-1,896,1,1,1,3584,0.648386,1,"clFinish_profiled"
"OpenCL","COMPUTE","Qcur-19","ADD","f32",-1,650,-1,896,1,1,1,3584,0.406615,1,"clFinish_profiled"
"OpenCL","COMPUTE","Qcur-19","ROPE","f32",-1,652,-1,64,14,1,1,3584,0.397448,1,"clFinish_profiled"
"OpenCL","COMPUTE","node_654","MUL_MAT","f32",-1,653,-1,128,1,1,1,512,0.436146,1,"clFinish_profiled"
"OpenCL","COMPUTE","Kcur-19","ADD","f32",-1,654,-1,128,1,1,1,512,0.390677,1,"clFinish_profiled"
"OpenCL","COMPUTE","Kcur-19","ROPE","f32",-1,656,-1,64,2,1,1,512,0.395989,1,"clFinish_profiled"
"OpenCL","COMPUTE","node_658","MUL_MAT","f32",-1,657,-1,128,1,1,1,512,0.422396,1,"clFinish_profiled"
"OpenCL","COMPUTE","Vcur-19","ADD","f32",-1,658,-1,128,1,1,1,512,0.379583,1,"clFinish_profiled"
"OpenCL","COMPUTE","cache_k_l19 (view)","SET_ROWS","f16",-1,661,-1,128,512,1,1,131072,0.370208,1,"clFinish_profiled"
"OpenCL","COMPUTE","cache_v_l19 (view)","SET_ROWS","f16",-1,663,-1,128,512,1,1,131072,0.368854,1,"clFinish_profiled"
"OpenCL","COMPUTE","__fattn__-19","FLASH_ATTN_EXT","f32",-1,670,-1,64,14,1,1,3584,0.772188,1,"clFinish_profiled"
"OpenCL","COMPUTE","node_673","MUL_MAT","f32",-1,672,-1,896,1,1,1,3584,0.523229,1,"clFinish_profiled"
"OpenCL","COMPUTE","ffn_inp-19","ADD","f32",-1,673,-1,896,1,1,1,3584,0.371563,1,"clFinish_profiled"
"OpenCL","COMPUTE","ffn_gate-19","MUL_MAT","f32",-1,676,-1,4864,1,1,1,19456,1.057083,1,"clFinish_profiled"
"OpenCL","COMPUTE","ffn_up-19","MUL_MAT","f32",-1,677,-1,4864,1,1,1,19456,1.038281,1,"clFinish_profiled"
"OpenCL","COMPUTE","ffn_swiglu-19","GLU","f32",-1,678,-1,4864,1,1,1,19456,0.514792,1,"clFinish_profiled"
"OpenCL","COMPUTE","ffn_out-19","MUL_MAT","f32",-1,679,-1,896,1,1,1,3584,1.736771,1,"clFinish_profiled"
"OpenCL","COMPUTE","l_out-19","ADD","f32",-1,680,-1,896,1,1,1,3584,0.837084,1,"clFinish_profiled"
"OpenCL","COMPUTE","node_684","MUL_MAT","f32",-1,683,-1,896,1,1,1,3584,0.919635,1,"clFinish_profiled"
"OpenCL","COMPUTE","Qcur-20","ADD","f32",-1,684,-1,896,1,1,1,3584,0.473438,1,"clFinish_profiled"
"OpenCL","COMPUTE","Qcur-20","ROPE","f32",-1,686,-1,64,14,1,1,3584,0.428958,1,"clFinish_profiled"
"OpenCL","COMPUTE","node_688","MUL_MAT","f32",-1,687,-1,128,1,1,1,512,0.453698,1,"clFinish_profiled"
"OpenCL","COMPUTE","Kcur-20","ADD","f32",-1,688,-1,128,1,1,1,512,0.410313,1,"clFinish_profiled"
"OpenCL","COMPUTE","Kcur-20","ROPE","f32",-1,690,-1,64,2,1,1,512,0.493333,1,"clFinish_profiled"
"OpenCL","COMPUTE","node_692","MUL_MAT","f32",-1,691,-1,128,1,1,1,512,0.469011,1,"clFinish_profiled"
"OpenCL","COMPUTE","Vcur-20","ADD","f32",-1,692,-1,128,1,1,1,512,0.410677,1,"clFinish_profiled"
"OpenCL","COMPUTE","cache_k_l20 (view)","SET_ROWS","f16",-1,695,-1,128,512,1,1,131072,0.408385,1,"clFinish_profiled"
"OpenCL","COMPUTE","cache_v_l20 (view)","SET_ROWS","f16",-1,697,-1,128,512,1,1,131072,0.407657,1,"clFinish_profiled"
"OpenCL","COMPUTE","__fattn__-20","FLASH_ATTN_EXT","f32",-1,704,-1,64,14,1,1,3584,0.843698,1,"clFinish_profiled"
"OpenCL","COMPUTE","node_707","MUL_MAT","f32",-1,706,-1,896,1,1,1,3584,0.592552,1,"clFinish_profiled"
"OpenCL","COMPUTE","ffn_inp-20","ADD","f32",-1,707,-1,896,1,1,1,3584,0.903385,1,"clFinish_profiled"
"OpenCL","COMPUTE","ffn_gate-20","MUL_MAT","f32",-1,710,-1,4864,1,1,1,19456,1.107448,1,"clFinish_profiled"
"OpenCL","COMPUTE","ffn_up-20","MUL_MAT","f32",-1,711,-1,4864,1,1,1,19456,1.018489,1,"clFinish_profiled"
"OpenCL","COMPUTE","ffn_swiglu-20","GLU","f32",-1,712,-1,4864,1,1,1,19456,0.409114,1,"clFinish_profiled"
"OpenCL","COMPUTE","ffn_out-20","MUL_MAT","f32",-1,713,-1,896,1,1,1,3584,1.314687,1,"clFinish_profiled"
"OpenCL","COMPUTE","l_out-20","ADD","f32",-1,714,-1,896,1,1,1,3584,0.794688,1,"clFinish_profiled"
"OpenCL","COMPUTE","node_718","MUL_MAT","f32",-1,717,-1,896,1,1,1,3584,0.573854,1,"clFinish_profiled"
"OpenCL","COMPUTE","Qcur-21","ADD","f32",-1,718,-1,896,1,1,1,3584,0.392605,1,"clFinish_profiled"
"OpenCL","COMPUTE","Qcur-21","ROPE","f32",-1,720,-1,64,14,1,1,3584,0.503906,1,"clFinish_profiled"
"OpenCL","COMPUTE","node_722","MUL_MAT","f32",-1,721,-1,128,1,1,1,512,0.433855,1,"clFinish_profiled"
"OpenCL","COMPUTE","Kcur-21","ADD","f32",-1,722,-1,128,1,1,1,512,0.398854,1,"clFinish_profiled"
"OpenCL","COMPUTE","Kcur-21","ROPE","f32",-1,724,-1,64,2,1,1,512,0.394010,1,"clFinish_profiled"
"OpenCL","COMPUTE","node_726","MUL_MAT","f32",-1,725,-1,128,1,1,1,512,0.440417,1,"clFinish_profiled"
"OpenCL","COMPUTE","Vcur-21","ADD","f32",-1,726,-1,128,1,1,1,512,0.403021,1,"clFinish_profiled"
"OpenCL","COMPUTE","cache_k_l21 (view)","SET_ROWS","f16",-1,729,-1,128,512,1,1,131072,0.394896,1,"clFinish_profiled"
"OpenCL","COMPUTE","cache_v_l21 (view)","SET_ROWS","f16",-1,731,-1,128,512,1,1,131072,0.393698,1,"clFinish_profiled"
"OpenCL","COMPUTE","__fattn__-21","FLASH_ATTN_EXT","f32",-1,738,-1,64,14,1,1,3584,0.795625,1,"clFinish_profiled"
"OpenCL","COMPUTE","node_741","MUL_MAT","f32",-1,740,-1,896,1,1,1,3584,0.548281,1,"clFinish_profiled"
"OpenCL","COMPUTE","ffn_inp-21","ADD","f32",-1,741,-1,896,1,1,1,3584,0.391250,1,"clFinish_profiled"
"OpenCL","COMPUTE","ffn_gate-21","MUL_MAT","f32",-1,744,-1,4864,1,1,1,19456,1.062032,1,"clFinish_profiled"
"OpenCL","COMPUTE","ffn_up-21","MUL_MAT","f32",-1,745,-1,4864,1,1,1,19456,1.044375,1,"clFinish_profiled"
"OpenCL","COMPUTE","ffn_swiglu-21","GLU","f32",-1,746,-1,4864,1,1,1,19456,0.425157,1,"clFinish_profiled"
"OpenCL","COMPUTE","ffn_out-21","MUL_MAT","f32",-1,747,-1,896,1,1,1,3584,1.293750,1,"clFinish_profiled"
"OpenCL","COMPUTE","l_out-21","ADD","f32",-1,748,-1,896,1,1,1,3584,0.890990,1,"clFinish_profiled"
"OpenCL","COMPUTE","node_752","MUL_MAT","f32",-1,751,-1,896,1,1,1,3584,0.984792,1,"clFinish_profiled"
"OpenCL","COMPUTE","Qcur-22","ADD","f32",-1,752,-1,896,1,1,1,3584,0.443958,1,"clFinish_profiled"
"OpenCL","COMPUTE","Qcur-22","ROPE","f32",-1,754,-1,64,14,1,1,3584,0.404947,1,"clFinish_profiled"
"OpenCL","COMPUTE","node_756","MUL_MAT","f32",-1,755,-1,128,1,1,1,512,0.428125,1,"clFinish_profiled"
"OpenCL","COMPUTE","Kcur-22","ADD","f32",-1,756,-1,128,1,1,1,512,0.391718,1,"clFinish_profiled"
"OpenCL","COMPUTE","Kcur-22","ROPE","f32",-1,758,-1,64,2,1,1,512,0.402500,1,"clFinish_profiled"
"OpenCL","COMPUTE","node_760","MUL_MAT","f32",-1,759,-1,128,1,1,1,512,0.429375,1,"clFinish_profiled"
"OpenCL","COMPUTE","Vcur-22","ADD","f32",-1,760,-1,128,1,1,1,512,0.397656,1,"clFinish_profiled"
"OpenCL","COMPUTE","cache_k_l22 (view)","SET_ROWS","f16",-1,763,-1,128,512,1,1,131072,0.386094,1,"clFinish_profiled"
"OpenCL","COMPUTE","cache_v_l22 (view)","SET_ROWS","f16",-1,765,-1,128,512,1,1,131072,0.388021,1,"clFinish_profiled"
"OpenCL","COMPUTE","__fattn__-22","FLASH_ATTN_EXT","f32",-1,772,-1,64,14,1,1,3584,0.783073,1,"clFinish_profiled"
"OpenCL","COMPUTE","node_775","MUL_MAT","f32",-1,774,-1,896,1,1,1,3584,0.592917,1,"clFinish_profiled"
"OpenCL","COMPUTE","ffn_inp-22","ADD","f32",-1,775,-1,896,1,1,1,3584,0.394948,1,"clFinish_profiled"
"OpenCL","COMPUTE","ffn_gate-22","MUL_MAT","f32",-1,778,-1,4864,1,1,1,19456,1.052917,1,"clFinish_profiled"
"OpenCL","COMPUTE","ffn_up-22","MUL_MAT","f32",-1,779,-1,4864,1,1,1,19456,1.046979,1,"clFinish_profiled"
"OpenCL","COMPUTE","ffn_swiglu-22","GLU","f32",-1,780,-1,4864,1,1,1,19456,0.417135,1,"clFinish_profiled"
"OpenCL","COMPUTE","ffn_out-22","MUL_MAT","f32",-1,781,-1,896,1,1,1,3584,1.245781,1,"clFinish_profiled"
"OpenCL","COMPUTE","l_out-22","ADD","f32",-1,782,-1,896,1,1,1,3584,0.802084,1,"clFinish_profiled"
"OpenCL","COMPUTE","node_786","MUL_MAT","f32",-1,785,-1,896,1,1,1,3584,0.678541,1,"clFinish_profiled"
"OpenCL","COMPUTE","Qcur-23","ADD","f32",-1,786,-1,896,1,1,1,3584,0.422240,1,"clFinish_profiled"
"OpenCL","COMPUTE","Qcur-23","ROPE","f32",-1,788,-1,64,14,1,1,3584,0.426719,1,"clFinish_profiled"
"OpenCL","COMPUTE","node_790","MUL_MAT","f32",-1,789,-1,128,1,1,1,512,0.442031,1,"clFinish_profiled"
"OpenCL","COMPUTE","Kcur-23","ADD","f32",-1,790,-1,128,1,1,1,512,0.480365,1,"clFinish_profiled"
"OpenCL","COMPUTE","Kcur-23","ROPE","f32",-1,792,-1,64,2,1,1,512,0.394635,1,"clFinish_profiled"
"OpenCL","COMPUTE","node_794","MUL_MAT","f32",-1,793,-1,128,1,1,1,512,0.428229,1,"clFinish_profiled"
"OpenCL","COMPUTE","Vcur-23","ADD","f32",-1,794,-1,128,1,1,1,512,0.385052,1,"clFinish_profiled"
"OpenCL","COMPUTE","cache_k_l23 (view)","SET_ROWS","f16",-1,797,-1,128,512,1,1,131072,0.386510,1,"clFinish_profiled"
"OpenCL","COMPUTE","cache_v_l23 (view)","SET_ROWS","f16",-1,799,-1,128,512,1,1,131072,0.418073,1,"clFinish_profiled"
"OpenCL","COMPUTE","__fattn__-23","FLASH_ATTN_EXT","f32",-1,806,-1,64,14,1,1,3584,0.778073,1,"clFinish_profiled"
"OpenCL","COMPUTE","node_809","MUL_MAT","f32",-1,808,-1,896,1,1,1,3584,0.532864,1,"clFinish_profiled"
"OpenCL","COMPUTE","node_810","GET_ROWS","f32",-1,809,-1,896,1,1,1,3584,0.399844,1,"clFinish_profiled"
"OpenCL","COMPUTE","node_811","GET_ROWS","f32",-1,810,-1,896,1,1,1,3584,0.402604,1,"clFinish_profiled"
"OpenCL","COMPUTE","ffn_inp-23","ADD","f32",-1,811,-1,896,1,1,1,3584,0.391927,1,"clFinish_profiled"
"OpenCL","COMPUTE","ffn_gate-23","MUL_MAT","f32",-1,814,-1,4864,1,1,1,19456,1.057917,1,"clFinish_profiled"
"OpenCL","COMPUTE","ffn_up-23","MUL_MAT","f32",-1,815,-1,4864,1,1,1,19456,1.016615,1,"clFinish_profiled"
"OpenCL","COMPUTE","ffn_swiglu-23","GLU","f32",-1,816,-1,4864,1,1,1,19456,0.412864,1,"clFinish_profiled"
"OpenCL","COMPUTE","ffn_out-23","MUL_MAT","f32",-1,817,-1,896,1,1,1,3584,1.303073,1,"clFinish_profiled"
"OpenCL","COMPUTE","l_out-23","ADD","f32",-1,818,-1,896,1,1,1,3584,0.798334,1,"clFinish_profiled"
"OpenCL","COMPUTE","result_output","MUL_MAT","f32",-1,821,-1,151936,1,1,1,607744,20.750157,1,"clFinish_profiled"
"CPU_Elastic","COMPUTE_GRAPH","ggml_cgraph","GRAPH","",-1,1,-1,0,0,0,0,0,0.029739,1,"delegate_cpu_graph"
"OpenCL","COMPUTE","node_3","MUL_MAT","f32",-1,2,-1,896,1,1,1,3584,1.231875,1,"clFinish_profiled"
"OpenCL","COMPUTE","Qcur-0","ADD","f32",-1,3,-1,896,1,1,1,3584,0.821042,1,"clFinish_profiled"
"OpenCL","COMPUTE","Qcur-0","ROPE","f32",-1,5,-1,64,14,1,1,3584,0.512604,1,"clFinish_profiled"
"OpenCL","COMPUTE","node_7","MUL_MAT","f32",-1,6,-1,128,1,1,1,512,0.476718,1,"clFinish_profiled"
"OpenCL","COMPUTE","Kcur-0","ADD","f32",-1,7,-1,128,1,1,1,512,0.415468,1,"clFinish_profiled"
"OpenCL","COMPUTE","Kcur-0","ROPE","f32",-1,9,-1,64,2,1,1,512,0.422083,1,"clFinish_profiled"
"OpenCL","COMPUTE","node_11","MUL_MAT","f32",-1,10,-1,128,1,1,1,512,0.456094,1,"clFinish_profiled"
"OpenCL","COMPUTE","Vcur-0","ADD","f32",-1,11,-1,128,1,1,1,512,0.409219,1,"clFinish_profiled"
"OpenCL","COMPUTE","cache_k_l0 (view)","SET_ROWS","f16",-1,14,-1,128,512,1,1,131072,0.418229,1,"clFinish_profiled"
"OpenCL","COMPUTE","cache_v_l0 (view)","SET_ROWS","f16",-1,16,-1,128,512,1,1,131072,0.418437,1,"clFinish_profiled"
"OpenCL","COMPUTE"," (copy)","CPY","f16",-1,23,-1,256,64,1,1,32768,0.443750,1,"clFinish_profiled"
"OpenCL","COMPUTE","__fattn__-0","FLASH_ATTN_EXT","f32",-1,24,-1,64,14,1,1,3584,0.979167,1,"clFinish_profiled"
"OpenCL","COMPUTE","node_27","MUL_MAT","f32",-1,26,-1,896,1,1,1,3584,0.976719,1,"clFinish_profiled"
"OpenCL","COMPUTE","ffn_inp-0","ADD","f32",-1,27,-1,896,1,1,1,3584,0.496979,1,"clFinish_profiled"
"OpenCL","COMPUTE","ffn_gate-0","MUL_MAT","f32",-1,30,-1,4864,1,1,1,19456,1.639479,1,"clFinish_profiled"
"OpenCL","COMPUTE","ffn_up-0","MUL_MAT","f32",-1,31,-1,4864,1,1,1,19456,1.713490,1,"clFinish_profiled"
"OpenCL","COMPUTE","ffn_swiglu-0","GLU","f32",-1,32,-1,4864,1,1,1,19456,0.782500,1,"clFinish_profiled"
"OpenCL","COMPUTE","ffn_out-0","MUL_MAT","f32",-1,33,-1,896,1,1,1,3584,1.412136,1,"clFinish_profiled"
"OpenCL","COMPUTE","l_out-0","ADD","f32",-1,34,-1,896,1,1,1,3584,0.728802,1,"clFinish_profiled"
"OpenCL","COMPUTE","node_38","MUL_MAT","f32",-1,37,-1,896,1,1,1,3584,1.174635,1,"clFinish_profiled"
"OpenCL","COMPUTE","Qcur-1","ADD","f32",-1,38,-1,896,1,1,1,3584,0.884063,1,"clFinish_profiled"
"OpenCL","COMPUTE","Qcur-1","ROPE","f32",-1,40,-1,64,14,1,1,3584,0.905000,1,"clFinish_profiled"
"OpenCL","COMPUTE","node_42","MUL_MAT","f32",-1,41,-1,128,1,1,1,512,1.042657,1,"clFinish_profiled"
"OpenCL","COMPUTE","Kcur-1","ADD","f32",-1,42,-1,128,1,1,1,512,0.510625,1,"clFinish_profiled"
"OpenCL","COMPUTE","Kcur-1","ROPE","f32",-1,44,-1,64,2,1,1,512,0.923698,1,"clFinish_profiled"
"OpenCL","COMPUTE","node_46","MUL_MAT","f32",-1,45,-1,128,1,1,1,512,0.577344,1,"clFinish_profiled"
"OpenCL","COMPUTE","Vcur-1","ADD","f32",-1,46,-1,128,1,1,1,512,0.916198,1,"clFinish_profiled"
"OpenCL","COMPUTE","cache_k_l1 (view)","SET_ROWS","f16",-1,49,-1,128,512,1,1,131072,0.532083,1,"clFinish_profiled"
"OpenCL","COMPUTE","cache_v_l1 (view)","SET_ROWS","f16",-1,51,-1,128,512,1,1,131072,0.912552,1,"clFinish_profiled"
"OpenCL","COMPUTE","__fattn__-1","FLASH_ATTN_EXT","f32",-1,58,-1,64,14,1,1,3584,1.128333,1,"clFinish_profiled"
"OpenCL","COMPUTE","node_61","MUL_MAT","f32",-1,60,-1,896,1,1,1,3584,1.025677,1,"clFinish_profiled"
"OpenCL","COMPUTE","ffn_inp-1","ADD","f32",-1,61,-1,896,1,1,1,3584,0.790157,1,"clFinish_profiled"
"OpenCL","COMPUTE","ffn_gate-1","MUL_MAT","f32",-1,64,-1,4864,1,1,1,19456,1.861771,1,"clFinish_profiled"
"OpenCL","COMPUTE","ffn_up-1","MUL_MAT","f32",-1,65,-1,4864,1,1,1,19456,1.551666,1,"clFinish_profiled"
"OpenCL","COMPUTE","ffn_swiglu-1","GLU","f32",-1,66,-1,4864,1,1,1,19456,0.892656,1,"clFinish_profiled"
"OpenCL","COMPUTE","ffn_out-1","MUL_MAT","f32",-1,67,-1,896,1,1,1,3584,1.160000,1,"clFinish_profiled"
"OpenCL","COMPUTE","l_out-1","ADD","f32",-1,68,-1,896,1,1,1,3584,0.945677,1,"clFinish_profiled"
"OpenCL","COMPUTE","node_72","MUL_MAT","f32",-1,71,-1,896,1,1,1,3584,0.671615,1,"clFinish_profiled"
"OpenCL","COMPUTE","Qcur-2","ADD","f32",-1,72,-1,896,1,1,1,3584,0.429219,1,"clFinish_profiled"
"OpenCL","COMPUTE","Qcur-2","ROPE","f32",-1,74,-1,64,14,1,1,3584,0.414896,1,"clFinish_profiled"
"OpenCL","COMPUTE","node_76","MUL_MAT","f32",-1,75,-1,128,1,1,1,512,0.460000,1,"clFinish_profiled"
"OpenCL","COMPUTE","Kcur-2","ADD","f32",-1,76,-1,128,1,1,1,512,0.653490,1,"clFinish_profiled"
"OpenCL","COMPUTE","Kcur-2","ROPE","f32",-1,78,-1,64,2,1,1,512,0.428385,1,"clFinish_profiled"
"OpenCL","COMPUTE","node_80","MUL_MAT","f32",-1,79,-1,128,1,1,1,512,0.449948,1,"clFinish_profiled"
"OpenCL","COMPUTE","Vcur-2","ADD","f32",-1,80,-1,128,1,1,1,512,0.420000,1,"clFinish_profiled"
"OpenCL","COMPUTE","cache_k_l2 (view)","SET_ROWS","f16",-1,83,-1,128,512,1,1,131072,0.401614,1,"clFinish_profiled"
"OpenCL","COMPUTE","cache_v_l2 (view)","SET_ROWS","f16",-1,85,-1,128,512,1,1,131072,0.405260,1,"clFinish_profiled"
"OpenCL","COMPUTE","__fattn__-2","FLASH_ATTN_EXT","f32",-1,92,-1,64,14,1,1,3584,0.838594,1,"clFinish_profiled"
"OpenCL","COMPUTE","node_95","MUL_MAT","f32",-1,94,-1,896,1,1,1,3584,1.334219,1,"clFinish_profiled"
"OpenCL","COMPUTE","ffn_inp-2","ADD","f32",-1,95,-1,896,1,1,1,3584,0.850938,1,"clFinish_profiled"
"OpenCL","COMPUTE","ffn_gate-2","MUL_MAT","f32",-1,98,-1,4864,1,1,1,19456,1.084688,1,"clFinish_profiled"
"OpenCL","COMPUTE","ffn_up-2","MUL_MAT","f32",-1,99,-1,4864,1,1,1,19456,1.003073,1,"clFinish_profiled"
"OpenCL","COMPUTE","ffn_swiglu-2","GLU","f32",-1,100,-1,4864,1,1,1,19456,0.618438,1,"clFinish_profiled"
"OpenCL","COMPUTE","ffn_out-2","MUL_MAT","f32",-1,101,-1,896,1,1,1,3584,1.553906,1,"clFinish_profiled"
"OpenCL","COMPUTE","l_out-2","ADD","f32",-1,102,-1,896,1,1,1,3584,0.773541,1,"clFinish_profiled"
"OpenCL","COMPUTE","node_106","MUL_MAT","f32",-1,105,-1,896,1,1,1,3584,0.614583,1,"clFinish_profiled"
"OpenCL","COMPUTE","Qcur-3","ADD","f32",-1,106,-1,896,1,1,1,3584,0.374739,1,"clFinish_profiled"
"OpenCL","COMPUTE","Qcur-3","ROPE","f32",-1,108,-1,64,14,1,1,3584,0.433645,1,"clFinish_profiled"
"OpenCL","COMPUTE","node_110","MUL_MAT","f32",-1,109,-1,128,1,1,1,512,0.419167,1,"clFinish_profiled"
"OpenCL","COMPUTE","Kcur-3","ADD","f32",-1,110,-1,128,1,1,1,512,0.523542,1,"clFinish_profiled"
"OpenCL","COMPUTE","Kcur-3","ROPE","f32",-1,112,-1,64,2,1,1,512,0.871041,1,"clFinish_profiled"
"OpenCL","COMPUTE","node_114","MUL_MAT","f32",-1,113,-1,128,1,1,1,512,0.497969,1,"clFinish_profiled"
"OpenCL","COMPUTE","Vcur-3","ADD","f32",-1,114,-1,128,1,1,1,512,0.861875,1,"clFinish_profiled"
"OpenCL","COMPUTE","cache_k_l3 (view)","SET_ROWS","f16",-1,117,-1,128,512,1,1,131072,0.445937,1,"clFinish_profiled"
"OpenCL","COMPUTE","cache_v_l3 (view)","SET_ROWS","f16",-1,119,-1,128,512,1,1,131072,0.405573,1,"clFinish_profiled"
"OpenCL","COMPUTE","__fattn__-3","FLASH_ATTN_EXT","f32",-1,126,-1,64,14,1,1,3584,0.889479,1,"clFinish_profiled"
"OpenCL","COMPUTE","node_129","MUL_MAT","f32",-1,128,-1,896,1,1,1,3584,0.594011,1,"clFinish_profiled"
"OpenCL","COMPUTE","ffn_inp-3","ADD","f32",-1,129,-1,896,1,1,1,3584,0.415625,1,"clFinish_profiled"
"OpenCL","COMPUTE","ffn_gate-3","MUL_MAT","f32",-1,132,-1,4864,1,1,1,19456,1.125989,1,"clFinish_profiled"
"OpenCL","COMPUTE","ffn_up-3","MUL_MAT","f32",-1,133,-1,4864,1,1,1,19456,1.046302,1,"clFinish_profiled"
"OpenCL","COMPUTE","ffn_swiglu-3","GLU","f32",-1,134,-1,4864,1,1,1,19456,0.554688,1,"clFinish_profiled"
"OpenCL","COMPUTE","ffn_out-3","MUL_MAT","f32",-1,135,-1,896,1,1,1,3584,1.863333,1,"clFinish_profiled"
"OpenCL","COMPUTE","l_out-3","ADD","f32",-1,136,-1,896,1,1,1,3584,0.922187,1,"clFinish_profiled"
"OpenCL","COMPUTE","node_140","MUL_MAT","f32",-1,139,-1,896,1,1,1,3584,0.975885,1,"clFinish_profiled"
"OpenCL","COMPUTE","Qcur-4","ADD","f32",-1,140,-1,896,1,1,1,3584,0.602760,1,"clFinish_profiled"
"OpenCL","COMPUTE","Qcur-4","ROPE","f32",-1,142,-1,64,14,1,1,3584,0.782135,1,"clFinish_profiled"
"OpenCL","COMPUTE","node_144","MUL_MAT","f32",-1,143,-1,128,1,1,1,512,0.550833,1,"clFinish_profiled"
"OpenCL","COMPUTE","Kcur-4","ADD","f32",-1,144,-1,128,1,1,1,512,0.407865,1,"clFinish_profiled"
"OpenCL","COMPUTE","Kcur-4","ROPE","f32",-1,146,-1,64,2,1,1,512,0.404011,1,"clFinish_profiled"
"OpenCL","COMPUTE","node_148","MUL_MAT","f32",-1,147,-1,128,1,1,1,512,0.424792,1,"clFinish_profiled"
"OpenCL","COMPUTE","Vcur-4","ADD","f32",-1,148,-1,128,1,1,1,512,0.428958,1,"clFinish_profiled"
"OpenCL","COMPUTE","cache_k_l4 (view)","SET_ROWS","f16",-1,151,-1,128,512,1,1,131072,0.391250,1,"clFinish_profiled"
"OpenCL","COMPUTE","cache_v_l4 (view)","SET_ROWS","f16",-1,153,-1,128,512,1,1,131072,0.394531,1,"clFinish_profiled"
"OpenCL","COMPUTE","__fattn__-4","FLASH_ATTN_EXT","f32",-1,160,-1,64,14,1,1,3584,0.783229,1,"clFinish_profiled"
"OpenCL","COMPUTE","node_163","MUL_MAT","f32",-1,162,-1,896,1,1,1,3584,0.557500,1,"clFinish_profiled"
"OpenCL","COMPUTE","ffn_inp-4","ADD","f32",-1,163,-1,896,1,1,1,3584,0.388229,1,"clFinish_profiled"
"OpenCL","COMPUTE","ffn_gate-4","MUL_MAT","f32",-1,166,-1,4864,1,1,1,19456,1.272292,1,"clFinish_profiled"
"OpenCL","COMPUTE","ffn_up-4","MUL_MAT","f32",-1,167,-1,4864,1,1,1,19456,1.395416,1,"clFinish_profiled"
"OpenCL","COMPUTE","ffn_swiglu-4","GLU","f32",-1,168,-1,4864,1,1,1,19456,0.546146,1,"clFinish_profiled"
"OpenCL","COMPUTE","ffn_out-4","MUL_MAT","f32",-1,169,-1,896,1,1,1,3584,1.682396,1,"clFinish_profiled"
"OpenCL","COMPUTE","l_out-4","ADD","f32",-1,170,-1,896,1,1,1,3584,0.847032,1,"clFinish_profiled"
"OpenCL","COMPUTE","node_174","MUL_MAT","f32",-1,173,-1,896,1,1,1,3584,1.013593,1,"clFinish_profiled"
"OpenCL","COMPUTE","Qcur-5","ADD","f32",-1,174,-1,896,1,1,1,3584,0.450625,1,"clFinish_profiled"
"OpenCL","COMPUTE","Qcur-5","ROPE","f32",-1,176,-1,64,14,1,1,3584,0.407708,1,"clFinish_profiled"
"OpenCL","COMPUTE","node_178","MUL_MAT","f32",-1,177,-1,128,1,1,1,512,0.443698,1,"clFinish_profiled"
"OpenCL","COMPUTE","Kcur-5","ADD","f32",-1,178,-1,128,1,1,1,512,0.395625,1,"clFinish_profiled"
"OpenCL","COMPUTE","Kcur-5","ROPE","f32",-1,180,-1,64,2,1,1,512,0.394219,1,"clFinish_profiled"
"OpenCL","COMPUTE","node_182","MUL_MAT","f32",-1,181,-1,128,1,1,1,512,0.425000,1,"clFinish_profiled"
"OpenCL","COMPUTE","Vcur-5","ADD","f32",-1,182,-1,128,1,1,1,512,0.389167,1,"clFinish_profiled"
"OpenCL","COMPUTE","cache_k_l5 (view)","SET_ROWS","f16",-1,185,-1,128,512,1,1,131072,0.387136,1,"clFinish_profiled"
"OpenCL","COMPUTE","cache_v_l5 (view)","SET_ROWS","f16",-1,187,-1,128,512,1,1,131072,0.443959,1,"clFinish_profiled"
"OpenCL","COMPUTE","__fattn__-5","FLASH_ATTN_EXT","f32",-1,194,-1,64,14,1,1,3584,0.802240,1,"clFinish_profiled"
"OpenCL","COMPUTE","node_197","MUL_MAT","f32",-1,196,-1,896,1,1,1,3584,0.539427,1,"clFinish_profiled"
"OpenCL","COMPUTE","ffn_inp-5","ADD","f32",-1,197,-1,896,1,1,1,3584,0.388438,1,"clFinish_profiled"
"OpenCL","COMPUTE","ffn_gate-5","MUL_MAT","f32",-1,200,-1,4864,1,1,1,19456,1.091875,1,"clFinish_profiled"
"OpenCL","COMPUTE","ffn_up-5","MUL_MAT","f32",-1,201,-1,4864,1,1,1,19456,1.059375,1,"clFinish_profiled"
"OpenCL","COMPUTE","ffn_swiglu-5","GLU","f32",-1,202,-1,4864,1,1,1,19456,0.473438,1,"clFinish_profiled"
"OpenCL","COMPUTE","ffn_out-5","MUL_MAT","f32",-1,203,-1,896,1,1,1,3584,1.101198,1,"clFinish_profiled"
"OpenCL","COMPUTE","l_out-5","ADD","f32",-1,204,-1,896,1,1,1,3584,0.392500,1,"clFinish_profiled"
"OpenCL","COMPUTE","node_208","MUL_MAT","f32",-1,207,-1,896,1,1,1,3584,0.571198,1,"clFinish_profiled"
"OpenCL","COMPUTE","Qcur-6","ADD","f32",-1,208,-1,896,1,1,1,3584,0.385730,1,"clFinish_profiled"
"OpenCL","COMPUTE","Qcur-6","ROPE","f32",-1,210,-1,64,14,1,1,3584,0.385781,1,"clFinish_profiled"
"OpenCL","COMPUTE","node_212","MUL_MAT","f32",-1,211,-1,128,1,1,1,512,0.423854,1,"clFinish_profiled"
"OpenCL","COMPUTE","Kcur-6","ADD","f32",-1,212,-1,128,1,1,1,512,0.556406,1,"clFinish_profiled"
"OpenCL","COMPUTE","Kcur-6","ROPE","f32",-1,214,-1,64,2,1,1,512,0.433490,1,"clFinish_profiled"
"OpenCL","COMPUTE","node_216","MUL_MAT","f32",-1,215,-1,128,1,1,1,512,0.431094,1,"clFinish_profiled"
"OpenCL","COMPUTE","Vcur-6","ADD","f32",-1,216,-1,128,1,1,1,512,0.400833,1,"clFinish_profiled"
"OpenCL","COMPUTE","cache_k_l6 (view)","SET_ROWS","f16",-1,219,-1,128,512,1,1,131072,0.385886,1,"clFinish_profiled"
"OpenCL","COMPUTE","cache_v_l6 (view)","SET_ROWS","f16",-1,221,-1,128,512,1,1,131072,0.433125,1,"clFinish_profiled"
"OpenCL","COMPUTE","__fattn__-6","FLASH_ATTN_EXT","f32",-1,228,-1,64,14,1,1,3584,0.781510,1,"clFinish_profiled"
"OpenCL","COMPUTE","node_231","MUL_MAT","f32",-1,230,-1,896,1,1,1,3584,0.546250,1,"clFinish_profiled"
"OpenCL","COMPUTE","ffn_inp-6","ADD","f32",-1,231,-1,896,1,1,1,3584,0.402864,1,"clFinish_profiled"
"OpenCL","COMPUTE","ffn_gate-6","MUL_MAT","f32",-1,234,-1,4864,1,1,1,19456,1.572656,1,"clFinish_profiled"
"OpenCL","COMPUTE","ffn_up-6","MUL_MAT","f32",-1,235,-1,4864,1,1,1,19456,1.039896,1,"clFinish_profiled"
"OpenCL","COMPUTE","ffn_swiglu-6","GLU","f32",-1,236,-1,4864,1,1,1,19456,0.409115,1,"clFinish_profiled"
"OpenCL","COMPUTE","ffn_out-6","MUL_MAT","f32",-1,237,-1,896,1,1,1,3584,1.285730,1,"clFinish_profiled"
"OpenCL","COMPUTE","l_out-6","ADD","f32",-1,238,-1,896,1,1,1,3584,0.809323,1,"clFinish_profiled"
"OpenCL","COMPUTE","node_242","MUL_MAT","f32",-1,241,-1,896,1,1,1,3584,1.117552,1,"clFinish_profiled"
"OpenCL","COMPUTE","Qcur-7","ADD","f32",-1,242,-1,896,1,1,1,3584,0.818906,1,"clFinish_profiled"
"OpenCL","COMPUTE","Qcur-7","ROPE","f32",-1,244,-1,64,14,1,1,3584,0.586302,1,"clFinish_profiled"
"OpenCL","COMPUTE","node_246","MUL_MAT","f32",-1,245,-1,128,1,1,1,512,0.822448,1,"clFinish_profiled"
"OpenCL","COMPUTE","Kcur-7","ADD","f32",-1,246,-1,128,1,1,1,512,0.437239,1,"clFinish_profiled"
"OpenCL","COMPUTE","Kcur-7","ROPE","f32",-1,248,-1,64,2,1,1,512,0.431928,1,"clFinish_profiled"
"OpenCL","COMPUTE","node_250","MUL_MAT","f32",-1,249,-1,128,1,1,1,512,0.443229,1,"clFinish_profiled"
"OpenCL","COMPUTE","Vcur-7","ADD","f32",-1,250,-1,128,1,1,1,512,0.400625,1,"clFinish_profiled"
"OpenCL","COMPUTE","cache_k_l7 (view)","SET_ROWS","f16",-1,253,-1,128,512,1,1,131072,0.400157,1,"clFinish_profiled"
"OpenCL","COMPUTE","cache_v_l7 (view)","SET_ROWS","f16",-1,255,-1,128,512,1,1,131072,0.392604,1,"clFinish_profiled"
"OpenCL","COMPUTE","__fattn__-7","FLASH_ATTN_EXT","f32",-1,262,-1,64,14,1,1,3584,0.778541,1,"clFinish_profiled"
"OpenCL","COMPUTE","node_265","MUL_MAT","f32",-1,264,-1,896,1,1,1,3584,0.621094,1,"clFinish_profiled"
"OpenCL","COMPUTE","ffn_inp-7","ADD","f32",-1,265,-1,896,1,1,1,3584,0.401563,1,"clFinish_profiled"
"OpenCL","COMPUTE","ffn_gate-7","MUL_MAT","f32",-1,268,-1,4864,1,1,1,19456,1.089531,1,"clFinish_profiled"
"OpenCL","COMPUTE","ffn_up-7","MUL_MAT","f32",-1,269,-1,4864,1,1,1,19456,1.150052,1,"clFinish_profiled"
"OpenCL","COMPUTE","ffn_swiglu-7","GLU","f32",-1,270,-1,4864,1,1,1,19456,0.877708,1,"clFinish_profiled"
"OpenCL","COMPUTE","ffn_out-7","MUL_MAT","f32",-1,271,-1,896,1,1,1,3584,1.184792,1,"clFinish_profiled"
"OpenCL","COMPUTE","l_out-7","ADD","f32",-1,272,-1,896,1,1,1,3584,0.410625,1,"clFinish_profiled"
"OpenCL","COMPUTE","node_276","MUL_MAT","f32",-1,275,-1,896,1,1,1,3584,0.578229,1,"clFinish_profiled"
"OpenCL","COMPUTE","Qcur-8","ADD","f32",-1,276,-1,896,1,1,1,3584,0.392552,1,"clFinish_profiled"
"OpenCL","COMPUTE","Qcur-8","ROPE","f32",-1,278,-1,64,14,1,1,3584,0.396458,1,"clFinish_profiled"
"OpenCL","COMPUTE","node_280","MUL_MAT","f32",-1,279,-1,128,1,1,1,512,0.434010,1,"clFinish_profiled"
"OpenCL","COMPUTE","Kcur-8","ADD","f32",-1,280,-1,128,1,1,1,512,0.457657,1,"clFinish_profiled"
"OpenCL","COMPUTE","Kcur-8","ROPE","f32",-1,282,-1,64,2,1,1,512,0.836042,1,"clFinish_profiled"
"OpenCL","COMPUTE","node_284","MUL_MAT","f32",-1,283,-1,128,1,1,1,512,0.475521,1,"clFinish_profiled"
"OpenCL","COMPUTE","Vcur-8","ADD","f32",-1,284,-1,128,1,1,1,512,0.387812,1,"clFinish_profiled"
"OpenCL","COMPUTE","cache_k_l8 (view)","SET_ROWS","f16",-1,287,-1,128,512,1,1,131072,0.384427,1,"clFinish_profiled"
"OpenCL","COMPUTE","cache_v_l8 (view)","SET_ROWS","f16",-1,289,-1,128,512,1,1,131072,0.383750,1,"clFinish_profiled"
"OpenCL","COMPUTE","__fattn__-8","FLASH_ATTN_EXT","f32",-1,296,-1,64,14,1,1,3584,0.777344,1,"clFinish_profiled"
"OpenCL","COMPUTE","node_299","MUL_MAT","f32",-1,298,-1,896,1,1,1,3584,0.539739,1,"clFinish_profiled"
"OpenCL","COMPUTE","ffn_inp-8","ADD","f32",-1,299,-1,896,1,1,1,3584,0.387448,1,"clFinish_profiled"
"OpenCL","COMPUTE","ffn_gate-8","MUL_MAT","f32",-1,302,-1,4864,1,1,1,19456,1.589635,1,"clFinish_profiled"
"OpenCL","COMPUTE","ffn_up-8","MUL_MAT","f32",-1,303,-1,4864,1,1,1,19456,1.078073,1,"clFinish_profiled"
"OpenCL","COMPUTE","ffn_swiglu-8","GLU","f32",-1,304,-1,4864,1,1,1,19456,0.436198,1,"clFinish_profiled"
"OpenCL","COMPUTE","ffn_out-8","MUL_MAT","f32",-1,305,-1,896,1,1,1,3584,1.247604,1,"clFinish_profiled"
"OpenCL","COMPUTE","l_out-8","ADD","f32",-1,306,-1,896,1,1,1,3584,0.848385,1,"clFinish_profiled"
"OpenCL","COMPUTE","node_310","MUL_MAT","f32",-1,309,-1,896,1,1,1,3584,0.696146,1,"clFinish_profiled"
"OpenCL","COMPUTE","Qcur-9","ADD","f32",-1,310,-1,896,1,1,1,3584,0.405833,1,"clFinish_profiled"
"OpenCL","COMPUTE","Qcur-9","ROPE","f32",-1,312,-1,64,14,1,1,3584,0.397343,1,"clFinish_profiled"
"OpenCL","COMPUTE","node_314","MUL_MAT","f32",-1,313,-1,128,1,1,1,512,0.440000,1,"clFinish_profiled"
"OpenCL","COMPUTE","Kcur-9","ADD","f32",-1,314,-1,128,1,1,1,512,0.406302,1,"clFinish_profiled"
"OpenCL","COMPUTE","Kcur-9","ROPE","f32",-1,316,-1,64,2,1,1,512,0.397656,1,"clFinish_profiled"
"OpenCL","COMPUTE","node_318","MUL_MAT","f32",-1,317,-1,128,1,1,1,512,0.429166,1,"clFinish_profiled"
"OpenCL","COMPUTE","Vcur-9","ADD","f32",-1,318,-1,128,1,1,1,512,0.387760,1,"clFinish_profiled"
"OpenCL","COMPUTE","cache_k_l9 (view)","SET_ROWS","f16",-1,321,-1,128,512,1,1,131072,0.385052,1,"clFinish_profiled"
"OpenCL","COMPUTE","cache_v_l9 (view)","SET_ROWS","f16",-1,323,-1,128,512,1,1,131072,0.385938,1,"clFinish_profiled"
"OpenCL","COMPUTE","__fattn__-9","FLASH_ATTN_EXT","f32",-1,330,-1,64,14,1,1,3584,0.777656,1,"clFinish_profiled"
"OpenCL","COMPUTE","node_333","MUL_MAT","f32",-1,332,-1,896,1,1,1,3584,0.544115,1,"clFinish_profiled"
"OpenCL","COMPUTE","ffn_inp-9","ADD","f32",-1,333,-1,896,1,1,1,3584,0.389688,1,"clFinish_profiled"
"OpenCL","COMPUTE","ffn_gate-9","MUL_MAT","f32",-1,336,-1,4864,1,1,1,19456,1.052135,1,"clFinish_profiled"
"OpenCL","COMPUTE","ffn_up-9","MUL_MAT","f32",-1,337,-1,4864,1,1,1,19456,1.089948,1,"clFinish_profiled"
"OpenCL","COMPUTE","ffn_swiglu-9","GLU","f32",-1,338,-1,4864,1,1,1,19456,0.424636,1,"clFinish_profiled"
"OpenCL","COMPUTE","ffn_out-9","MUL_MAT","f32",-1,339,-1,896,1,1,1,3584,1.101615,1,"clFinish_profiled"
"OpenCL","COMPUTE","l_out-9","ADD","f32",-1,340,-1,896,1,1,1,3584,0.395469,1,"clFinish_profiled"
"OpenCL","COMPUTE","node_344","MUL_MAT","f32",-1,343,-1,896,1,1,1,3584,0.682865,1,"clFinish_profiled"
"OpenCL","COMPUTE","Qcur-10","ADD","f32",-1,344,-1,896,1,1,1,3584,0.790729,1,"clFinish_profiled"
"OpenCL","COMPUTE","Qcur-10","ROPE","f32",-1,346,-1,64,14,1,1,3584,0.479375,1,"clFinish_profiled"
"OpenCL","COMPUTE","node_348","MUL_MAT","f32",-1,347,-1,128,1,1,1,512,0.438854,1,"clFinish_profiled"
"OpenCL","COMPUTE","Kcur-10","ADD","f32",-1,348,-1,128,1,1,1,512,0.385781,1,"clFinish_profiled"
"OpenCL","COMPUTE","Kcur-10","ROPE","f32",-1,350,-1,64,2,1,1,512,0.383073,1,"clFinish_profiled"
"OpenCL","COMPUTE","node_352","MUL_MAT","f32",-1,351,-1,128,1,1,1,512,0.440834,1,"clFinish_profiled"
"OpenCL","COMPUTE","Vcur-10","ADD","f32",-1,352,-1,128,1,1,1,512,0.849271,1,"clFinish_profiled"
"OpenCL","COMPUTE","cache_k_l10 (view)","SET_ROWS","f16",-1,355,-1,128,512,1,1,131072,0.445521,1,"clFinish_profiled"
"OpenCL","COMPUTE","cache_v_l10 (view)","SET_ROWS","f16",-1,357,-1,128,512,1,1,131072,0.400937,1,"clFinish_profiled"
"OpenCL","COMPUTE","__fattn__-10","FLASH_ATTN_EXT","f32",-1,364,-1,64,14,1,1,3584,0.838594,1,"clFinish_profiled"
"OpenCL","COMPUTE","node_367","MUL_MAT","f32",-1,366,-1,896,1,1,1,3584,0.564531,1,"clFinish_profiled"
"OpenCL","COMPUTE","ffn_inp-10","ADD","f32",-1,367,-1,896,1,1,1,3584,0.394584,1,"clFinish_profiled"
"OpenCL","COMPUTE","ffn_gate-10","MUL_MAT","f32",-1,370,-1,4864,1,1,1,19456,1.059218,1,"clFinish_profiled"
"OpenCL","COMPUTE","ffn_up-10","MUL_MAT","f32",-1,371,-1,4864,1,1,1,19456,1.016875,1,"clFinish_profiled"
"OpenCL","COMPUTE","ffn_swiglu-10","GLU","f32",-1,372,-1,4864,1,1,1,19456,0.412396,1,"clFinish_profiled"
"OpenCL","COMPUTE","ffn_out-10","MUL_MAT","f32",-1,373,-1,896,1,1,1,3584,1.311927,1,"clFinish_profiled"
"OpenCL","COMPUTE","l_out-10","ADD","f32",-1,374,-1,896,1,1,1,3584,0.711250,1,"clFinish_profiled"
"OpenCL","COMPUTE","node_378","MUL_MAT","f32",-1,377,-1,896,1,1,1,3584,0.600208,1,"clFinish_profiled"
"OpenCL","COMPUTE","Qcur-11","ADD","f32",-1,378,-1,896,1,1,1,3584,0.388906,1,"clFinish_profiled"
"OpenCL","COMPUTE","Qcur-11","ROPE","f32",-1,380,-1,64,14,1,1,3584,0.389166,1,"clFinish_profiled"
"OpenCL","COMPUTE","node_382","MUL_MAT","f32",-1,381,-1,128,1,1,1,512,0.468698,1,"clFinish_profiled"
"OpenCL","COMPUTE","Kcur-11","ADD","f32",-1,382,-1,128,1,1,1,512,0.388021,1,"clFinish_profiled"
"OpenCL","COMPUTE","Kcur-11","ROPE","f32",-1,384,-1,64,2,1,1,512,0.411563,1,"clFinish_profiled"
"OpenCL","COMPUTE","node_386","MUL_MAT","f32",-1,385,-1,128,1,1,1,512,0.434114,1,"clFinish_profiled"
"OpenCL","COMPUTE","Vcur-11","ADD","f32",-1,386,-1,128,1,1,1,512,0.383803,1,"clFinish_profiled"
"OpenCL","COMPUTE","cache_k_l11 (view)","SET_ROWS","f16",-1,389,-1,128,512,1,1,131072,0.385052,1,"clFinish_profiled"
"OpenCL","COMPUTE","cache_v_l11 (view)","SET_ROWS","f16",-1,391,-1,128,512,1,1,131072,0.387917,1,"clFinish_profiled"
"OpenCL","COMPUTE","__fattn__-11","FLASH_ATTN_EXT","f32",-1,398,-1,64,14,1,1,3584,0.776302,1,"clFinish_profiled"
"OpenCL","COMPUTE","node_401","MUL_MAT","f32",-1,400,-1,896,1,1,1,3584,0.526302,1,"clFinish_profiled"
"OpenCL","COMPUTE","ffn_inp-11","ADD","f32",-1,401,-1,896,1,1,1,3584,0.382709,1,"clFinish_profiled"
"OpenCL","COMPUTE","ffn_gate-11","MUL_MAT","f32",-1,404,-1,4864,1,1,1,19456,1.049011,1,"clFinish_profiled"
"OpenCL","COMPUTE","ffn_up-11","MUL_MAT","f32",-1,405,-1,4864,1,1,1,19456,1.036771,1,"clFinish_profiled"
"OpenCL","COMPUTE","ffn_swiglu-11","GLU","f32",-1,406,-1,4864,1,1,1,19456,0.622969,1,"clFinish_profiled"
"OpenCL","COMPUTE","ffn_out-11","MUL_MAT","f32",-1,407,-1,896,1,1,1,3584,1.796250,1,"clFinish_profiled"
"OpenCL","COMPUTE","l_out-11","ADD","f32",-1,408,-1,896,1,1,1,3584,0.827084,1,"clFinish_profiled"
"OpenCL","COMPUTE","node_412","MUL_MAT","f32",-1,411,-1,896,1,1,1,3584,1.162396,1,"clFinish_profiled"
"OpenCL","COMPUTE","Qcur-12","ADD","f32",-1,412,-1,896,1,1,1,3584,0.745469,1,"clFinish_profiled"
"OpenCL","COMPUTE","Qcur-12","ROPE","f32",-1,414,-1,64,14,1,1,3584,0.412708,1,"clFinish_profiled"
"OpenCL","COMPUTE","node_416","MUL_MAT","f32",-1,415,-1,128,1,1,1,512,0.336094,1,"clFinish_profiled"
"OpenCL","COMPUTE","Kcur-12","ADD","f32",-1,416,-1,128,1,1,1,512,0.289271,1,"clFinish_profiled"
"OpenCL","COMPUTE","Kcur-12","ROPE","f32",-1,418,-1,64,2,1,1,512,0.296875,1,"clFinish_profiled"
"OpenCL","COMPUTE","node_420","MUL_MAT","f32",-1,419,-1,128,1,1,1,512,0.320365,1,"clFinish_profiled"
"OpenCL","COMPUTE","Vcur-12","ADD","f32",-1,420,-1,128,1,1,1,512,0.286562,1,"clFinish_profiled"
"OpenCL","COMPUTE","cache_k_l12 (view)","SET_ROWS","f16",-1,423,-1,128,512,1,1,131072,0.297761,1,"clFinish_profiled"
"OpenCL","COMPUTE","cache_v_l12 (view)","SET_ROWS","f16",-1,425,-1,128,512,1,1,131072,0.278907,1,"clFinish_profiled"
"OpenCL","COMPUTE","__fattn__-12","FLASH_ATTN_EXT","f32",-1,432,-1,64,14,1,1,3584,0.679375,1,"clFinish_profiled"
"OpenCL","COMPUTE","node_435","MUL_MAT","f32",-1,434,-1,896,1,1,1,3584,0.434427,1,"clFinish_profiled"
"OpenCL","COMPUTE","ffn_inp-12","ADD","f32",-1,435,-1,896,1,1,1,3584,0.282604,1,"clFinish_profiled"
"OpenCL","COMPUTE","ffn_gate-12","MUL_MAT","f32",-1,438,-1,4864,1,1,1,19456,0.703958,1,"clFinish_profiled"
"OpenCL","COMPUTE","ffn_up-12","MUL_MAT","f32",-1,439,-1,4864,1,1,1,19456,0.633021,1,"clFinish_profiled"
"OpenCL","COMPUTE","ffn_swiglu-12","GLU","f32",-1,440,-1,4864,1,1,1,19456,0.324740,1,"clFinish_profiled"
"OpenCL","COMPUTE","ffn_out-12","MUL_MAT","f32",-1,441,-1,896,1,1,1,3584,0.695364,1,"clFinish_profiled"
"OpenCL","COMPUTE","l_out-12","ADD","f32",-1,442,-1,896,1,1,1,3584,0.290209,1,"clFinish_profiled"
"OpenCL","COMPUTE","node_446","MUL_MAT","f32",-1,445,-1,896,1,1,1,3584,0.413594,1,"clFinish_profiled"
"OpenCL","COMPUTE","Qcur-13","ADD","f32",-1,446,-1,896,1,1,1,3584,0.288334,1,"clFinish_profiled"
"OpenCL","COMPUTE","Qcur-13","ROPE","f32",-1,448,-1,64,14,1,1,3584,0.299063,1,"clFinish_profiled"
"OpenCL","COMPUTE","node_450","MUL_MAT","f32",-1,449,-1,128,1,1,1,512,0.320885,1,"clFinish_profiled"
"OpenCL","COMPUTE","Kcur-13","ADD","f32",-1,450,-1,128,1,1,1,512,0.284271,1,"clFinish_profiled"
"OpenCL","COMPUTE","Kcur-13","ROPE","f32",-1,452,-1,64,2,1,1,512,0.302969,1,"clFinish_profiled"
"OpenCL","COMPUTE","node_454","MUL_MAT","f32",-1,453,-1,128,1,1,1,512,0.391250,1,"clFinish_profiled"
"OpenCL","COMPUTE","Vcur-13","ADD","f32",-1,454,-1,128,1,1,1,512,0.360469,1,"clFinish_profiled"
"OpenCL","COMPUTE","cache_k_l13 (view)","SET_ROWS","f16",-1,457,-1,128,512,1,1,131072,0.358646,1,"clFinish_profiled"
"OpenCL","COMPUTE","cache_v_l13 (view)","SET_ROWS","f16",-1,459,-1,128,512,1,1,131072,0.360468,1,"clFinish_profiled"
"OpenCL","COMPUTE","__fattn__-13","FLASH_ATTN_EXT","f32",-1,466,-1,64,14,1,1,3584,0.766198,1,"clFinish_profiled"
"OpenCL","COMPUTE","node_469","MUL_MAT","f32",-1,468,-1,896,1,1,1,3584,0.523177,1,"clFinish_profiled"
"OpenCL","COMPUTE","ffn_inp-13","ADD","f32",-1,469,-1,896,1,1,1,3584,0.371614,1,"clFinish_profiled"
"OpenCL","COMPUTE","ffn_gate-13","MUL_MAT","f32",-1,472,-1,4864,1,1,1,19456,1.121979,1,"clFinish_profiled"
"OpenCL","COMPUTE","ffn_up-13","MUL_MAT","f32",-1,473,-1,4864,1,1,1,19456,1.087396,1,"clFinish_profiled"
"OpenCL","COMPUTE","ffn_swiglu-13","GLU","f32",-1,474,-1,4864,1,1,1,19456,0.435989,1,"clFinish_profiled"
"OpenCL","COMPUTE","ffn_out-13","MUL_MAT","f32",-1,475,-1,896,1,1,1,3584,1.185781,1,"clFinish_profiled"
"OpenCL","COMPUTE","l_out-13","ADD","f32",-1,476,-1,896,1,1,1,3584,0.860885,1,"clFinish_profiled"
"OpenCL","COMPUTE","node_480","MUL_MAT","f32",-1,479,-1,896,1,1,1,3584,0.655573,1,"clFinish_profiled"
"OpenCL","COMPUTE","Qcur-14","ADD","f32",-1,480,-1,896,1,1,1,3584,0.401771,1,"clFinish_profiled"
"OpenCL","COMPUTE","Qcur-14","ROPE","f32",-1,482,-1,64,14,1,1,3584,0.408750,1,"clFinish_profiled"
"OpenCL","COMPUTE","node_484","MUL_MAT","f32",-1,483,-1,128,1,1,1,512,0.432812,1,"clFinish_profiled"
"OpenCL","COMPUTE","Kcur-14","ADD","f32",-1,484,-1,128,1,1,1,512,0.396511,1,"clFinish_profiled"
"OpenCL","COMPUTE","Kcur-14","ROPE","f32",-1,486,-1,64,2,1,1,512,0.397083,1,"clFinish_profiled"
"OpenCL","COMPUTE","node_488","MUL_MAT","f32",-1,487,-1,128,1,1,1,512,0.425104,1,"clFinish_profiled"
"OpenCL","COMPUTE","Vcur-14","ADD","f32",-1,488,-1,128,1,1,1,512,0.429948,1,"clFinish_profiled"
"OpenCL","COMPUTE","cache_k_l14 (view)","SET_ROWS","f16",-1,491,-1,128,512,1,1,131072,0.397136,1,"clFinish_profiled"
"OpenCL","COMPUTE","cache_v_l14 (view)","SET_ROWS","f16",-1,493,-1,128,512,1,1,131072,0.391823,1,"clFinish_profiled"
"OpenCL","COMPUTE","__fattn__-14","FLASH_ATTN_EXT","f32",-1,500,-1,64,14,1,1,3584,0.779895,1,"clFinish_profiled"
"OpenCL","COMPUTE","node_503","MUL_MAT","f32",-1,502,-1,896,1,1,1,3584,1.030625,1,"clFinish_profiled"
"OpenCL","COMPUTE","ffn_inp-14","ADD","f32",-1,503,-1,896,1,1,1,3584,0.424115,1,"clFinish_profiled"
"OpenCL","COMPUTE","ffn_gate-14","MUL_MAT","f32",-1,506,-1,4864,1,1,1,19456,1.048750,1,"clFinish_profiled"
"OpenCL","COMPUTE","ffn_up-14","MUL_MAT","f32",-1,507,-1,4864,1,1,1,19456,1.031042,1,"clFinish_profiled"
"OpenCL","COMPUTE","ffn_swiglu-14","GLU","f32",-1,508,-1,4864,1,1,1,19456,0.416354,1,"clFinish_profiled"
"OpenCL","COMPUTE","ffn_out-14","MUL_MAT","f32",-1,509,-1,896,1,1,1,3584,1.282343,1,"clFinish_profiled"
"OpenCL","COMPUTE","l_out-14","ADD","f32",-1,510,-1,896,1,1,1,3584,0.863073,1,"clFinish_profiled"
"OpenCL","COMPUTE","node_514","MUL_MAT","f32",-1,513,-1,896,1,1,1,3584,1.012812,1,"clFinish_profiled"
"OpenCL","COMPUTE","Qcur-15","ADD","f32",-1,514,-1,896,1,1,1,3584,0.597864,1,"clFinish_profiled"
"OpenCL","COMPUTE","Qcur-15","ROPE","f32",-1,516,-1,64,14,1,1,3584,0.813073,1,"clFinish_profiled"
"OpenCL","COMPUTE","node_518","MUL_MAT","f32",-1,517,-1,128,1,1,1,512,0.533907,1,"clFinish_profiled"
"OpenCL","COMPUTE","Kcur-15","ADD","f32",-1,518,-1,128,1,1,1,512,0.400573,1,"clFinish_profiled"
"OpenCL","COMPUTE","Kcur-15","ROPE","f32",-1,520,-1,64,2,1,1,512,0.399114,1,"clFinish_profiled"
"OpenCL","COMPUTE","node_522","MUL_MAT","f32",-1,521,-1,128,1,1,1,512,0.430312,1,"clFinish_profiled"
"OpenCL","COMPUTE","Vcur-15","ADD","f32",-1,522,-1,128,1,1,1,512,0.393334,1,"clFinish_profiled"
"OpenCL","COMPUTE","cache_k_l15 (view)","SET_ROWS","f16",-1,525,-1,128,512,1,1,131072,0.391615,1,"clFinish_profiled"
"OpenCL","COMPUTE","cache_v_l15 (view)","SET_ROWS","f16",-1,527,-1,128,512,1,1,131072,0.389948,1,"clFinish_profiled"
"OpenCL","COMPUTE","__fattn__-15","FLASH_ATTN_EXT","f32",-1,534,-1,64,14,1,1,3584,0.787812,1,"clFinish_profiled"
"OpenCL","COMPUTE","node_537","MUL_MAT","f32",-1,536,-1,896,1,1,1,3584,0.560053,1,"clFinish_profiled"
"OpenCL","COMPUTE","ffn_inp-15","ADD","f32",-1,537,-1,896,1,1,1,3584,0.391770,1,"clFinish_profiled"
"OpenCL","COMPUTE","ffn_gate-15","MUL_MAT","f32",-1,540,-1,4864,1,1,1,19456,1.110416,1,"clFinish_profiled"
"OpenCL","COMPUTE","ffn_up-15","MUL_MAT","f32",-1,541,-1,4864,1,1,1,19456,1.033542,1,"clFinish_profiled"
"OpenCL","COMPUTE","ffn_swiglu-15","GLU","f32",-1,542,-1,4864,1,1,1,19456,0.434428,1,"clFinish_profiled"
"OpenCL","COMPUTE","ffn_out-15","MUL_MAT","f32",-1,543,-1,896,1,1,1,3584,1.240572,1,"clFinish_profiled"
"OpenCL","COMPUTE","l_out-15","ADD","f32",-1,544,-1,896,1,1,1,3584,0.807031,1,"clFinish_profiled"
"OpenCL","COMPUTE","node_548","MUL_MAT","f32",-1,547,-1,896,1,1,1,3584,0.606927,1,"clFinish_profiled"
"OpenCL","COMPUTE","Qcur-16","ADD","f32",-1,548,-1,896,1,1,1,3584,0.398125,1,"clFinish_profiled"
"OpenCL","COMPUTE","Qcur-16","ROPE","f32",-1,550,-1,64,14,1,1,3584,0.394115,1,"clFinish_profiled"
"OpenCL","COMPUTE","node_552","MUL_MAT","f32",-1,551,-1,128,1,1,1,512,0.436094,1,"clFinish_profiled"
"OpenCL","COMPUTE","Kcur-16","ADD","f32",-1,552,-1,128,1,1,1,512,0.390313,1,"clFinish_profiled"
"OpenCL","COMPUTE","Kcur-16","ROPE","f32",-1,554,-1,64,2,1,1,512,0.395105,1,"clFinish_profiled"
"OpenCL","COMPUTE","node_556","MUL_MAT","f32",-1,555,-1,128,1,1,1,512,0.431927,1,"clFinish_profiled"
"OpenCL","COMPUTE","Vcur-16","ADD","f32",-1,556,-1,128,1,1,1,512,0.392552,1,"clFinish_profiled"
"OpenCL","COMPUTE","cache_k_l16 (view)","SET_ROWS","f16",-1,559,-1,128,512,1,1,131072,0.439115,1,"clFinish_profiled"
"OpenCL","COMPUTE","cache_v_l16 (view)","SET_ROWS","f16",-1,561,-1,128,512,1,1,131072,0.389688,1,"clFinish_profiled"
"OpenCL","COMPUTE","__fattn__-16","FLASH_ATTN_EXT","f32",-1,568,-1,64,14,1,1,3584,0.769531,1,"clFinish_profiled"
"OpenCL","COMPUTE","node_571","MUL_MAT","f32",-1,570,-1,896,1,1,1,3584,0.647344,1,"clFinish_profiled"
"OpenCL","COMPUTE","ffn_inp-16","ADD","f32",-1,571,-1,896,1,1,1,3584,0.822709,1,"clFinish_profiled"
"OpenCL","COMPUTE","ffn_gate-16","MUL_MAT","f32",-1,574,-1,4864,1,1,1,19456,1.939011,1,"clFinish_profiled"
"OpenCL","COMPUTE","ffn_up-16","MUL_MAT","f32",-1,575,-1,4864,1,1,1,19456,1.728282,1,"clFinish_profiled"
"OpenCL","COMPUTE","ffn_swiglu-16","GLU","f32",-1,576,-1,4864,1,1,1,19456,1.020885,1,"clFinish_profiled"
"OpenCL","COMPUTE","ffn_out-16","MUL_MAT","f32",-1,577,-1,896,1,1,1,3584,1.610989,1,"clFinish_profiled"
"OpenCL","COMPUTE","l_out-16","ADD","f32",-1,578,-1,896,1,1,1,3584,0.783698,1,"clFinish_profiled"
"OpenCL","COMPUTE","node_582","MUL_MAT","f32",-1,581,-1,896,1,1,1,3584,1.235625,1,"clFinish_profiled"
"OpenCL","COMPUTE","Qcur-17","ADD","f32",-1,582,-1,896,1,1,1,3584,0.877917,1,"clFinish_profiled"
"OpenCL","COMPUTE","Qcur-17","ROPE","f32",-1,584,-1,64,14,1,1,3584,0.455261,1,"clFinish_profiled"
"OpenCL","COMPUTE","node_586","MUL_MAT","f32",-1,585,-1,128,1,1,1,512,0.448594,1,"clFinish_profiled"
"OpenCL","COMPUTE","Kcur-17","ADD","f32",-1,586,-1,128,1,1,1,512,0.397396,1,"clFinish_profiled"
"OpenCL","COMPUTE","Kcur-17","ROPE","f32",-1,588,-1,64,2,1,1,512,0.408230,1,"clFinish_profiled"
"OpenCL","COMPUTE","node_590","MUL_MAT","f32",-1,589,-1,128,1,1,1,512,0.432917,1,"clFinish_profiled"
"OpenCL","COMPUTE","Vcur-17","ADD","f32",-1,590,-1,128,1,1,1,512,0.385468,1,"clFinish_profiled"
"OpenCL","COMPUTE","cache_k_l17 (view)","SET_ROWS","f16",-1,593,-1,128,512,1,1,131072,0.384792,1,"clFinish_profiled"
"OpenCL","COMPUTE","cache_v_l17 (view)","SET_ROWS","f16",-1,595,-1,128,512,1,1,131072,0.390417,1,"clFinish_profiled"
"OpenCL","COMPUTE","__fattn__-17","FLASH_ATTN_EXT","f32",-1,602,-1,64,14,1,1,3584,0.834531,1,"clFinish_profiled"
"OpenCL","COMPUTE","node_605","MUL_MAT","f32",-1,604,-1,896,1,1,1,3584,0.600157,1,"clFinish_profiled"
"OpenCL","COMPUTE","ffn_inp-17","ADD","f32",-1,605,-1,896,1,1,1,3584,0.391979,1,"clFinish_profiled"
"OpenCL","COMPUTE","ffn_gate-17","MUL_MAT","f32",-1,608,-1,4864,1,1,1,19456,1.090000,1,"clFinish_profiled"
"OpenCL","COMPUTE","ffn_up-17","MUL_MAT","f32",-1,609,-1,4864,1,1,1,19456,1.003437,1,"clFinish_profiled"
"OpenCL","COMPUTE","ffn_swiglu-17","GLU","f32",-1,610,-1,4864,1,1,1,19456,0.485000,1,"clFinish_profiled"
"OpenCL","COMPUTE","ffn_out-17","MUL_MAT","f32",-1,611,-1,896,1,1,1,3584,1.497656,1,"clFinish_profiled"
"OpenCL","COMPUTE","l_out-17","ADD","f32",-1,612,-1,896,1,1,1,3584,0.493906,1,"clFinish_profiled"
"OpenCL","COMPUTE","node_616","MUL_MAT","f32",-1,615,-1,896,1,1,1,3584,0.583698,1,"clFinish_profiled"
"OpenCL","COMPUTE","Qcur-18","ADD","f32",-1,616,-1,896,1,1,1,3584,0.406198,1,"clFinish_profiled"
"OpenCL","COMPUTE","Qcur-18","ROPE","f32",-1,618,-1,64,14,1,1,3584,0.409323,1,"clFinish_profiled"
"OpenCL","COMPUTE","node_620","MUL_MAT","f32",-1,619,-1,128,1,1,1,512,0.437916,1,"clFinish_profiled"
"OpenCL","COMPUTE","Kcur-18","ADD","f32",-1,620,-1,128,1,1,1,512,0.388646,1,"clFinish_profiled"
"OpenCL","COMPUTE","Kcur-18","ROPE","f32",-1,622,-1,64,2,1,1,512,0.391302,1,"clFinish_profiled"
"OpenCL","COMPUTE","node_624","MUL_MAT","f32",-1,623,-1,128,1,1,1,512,0.435156,1,"clFinish_profiled"
"OpenCL","COMPUTE","Vcur-18","ADD","f32",-1,624,-1,128,1,1,1,512,0.407344,1,"clFinish_profiled"
"OpenCL","COMPUTE","cache_k_l18 (view)","SET_ROWS","f16",-1,627,-1,128,512,1,1,131072,0.385781,1,"clFinish_profiled"
"OpenCL","COMPUTE","cache_v_l18 (view)","SET_ROWS","f16",-1,629,-1,128,512,1,1,131072,0.392553,1,"clFinish_profiled"
"OpenCL","COMPUTE","__fattn__-18","FLASH_ATTN_EXT","f32",-1,636,-1,64,14,1,1,3584,0.779532,1,"clFinish_profiled"
"OpenCL","COMPUTE","node_639","MUL_MAT","f32",-1,638,-1,896,1,1,1,3584,0.531771,1,"clFinish_profiled"
"OpenCL","COMPUTE","ffn_inp-18","ADD","f32",-1,639,-1,896,1,1,1,3584,0.387136,1,"clFinish_profiled"
"OpenCL","COMPUTE","ffn_gate-18","MUL_MAT","f32",-1,642,-1,4864,1,1,1,19456,1.135052,1,"clFinish_profiled"
"OpenCL","COMPUTE","ffn_up-18","MUL_MAT","f32",-1,643,-1,4864,1,1,1,19456,1.035469,1,"clFinish_profiled"
"OpenCL","COMPUTE","ffn_swiglu-18","GLU","f32",-1,644,-1,4864,1,1,1,19456,0.409166,1,"clFinish_profiled"
"OpenCL","COMPUTE","ffn_out-18","MUL_MAT","f32",-1,645,-1,896,1,1,1,3584,1.311198,1,"clFinish_profiled"
"OpenCL","COMPUTE","l_out-18","ADD","f32",-1,646,-1,896,1,1,1,3584,0.799010,1,"clFinish_profiled"
"OpenCL","COMPUTE","node_650","MUL_MAT","f32",-1,649,-1,896,1,1,1,3584,0.639739,1,"clFinish_profiled"
"OpenCL","COMPUTE","Qcur-19","ADD","f32",-1,650,-1,896,1,1,1,3584,0.400208,1,"clFinish_profiled"
"OpenCL","COMPUTE","Qcur-19","ROPE","f32",-1,652,-1,64,14,1,1,3584,0.397187,1,"clFinish_profiled"
"OpenCL","COMPUTE","node_654","MUL_MAT","f32",-1,653,-1,128,1,1,1,512,0.448073,1,"clFinish_profiled"
"OpenCL","COMPUTE","Kcur-19","ADD","f32",-1,654,-1,128,1,1,1,512,0.392344,1,"clFinish_profiled"
"OpenCL","COMPUTE","Kcur-19","ROPE","f32",-1,656,-1,64,2,1,1,512,0.409271,1,"clFinish_profiled"
"OpenCL","COMPUTE","node_658","MUL_MAT","f32",-1,657,-1,128,1,1,1,512,0.426250,1,"clFinish_profiled"
"OpenCL","COMPUTE","Vcur-19","ADD","f32",-1,658,-1,128,1,1,1,512,0.394218,1,"clFinish_profiled"
"OpenCL","COMPUTE","cache_k_l19 (view)","SET_ROWS","f16",-1,661,-1,128,512,1,1,131072,0.581979,1,"clFinish_profiled"
"OpenCL","COMPUTE","cache_v_l19 (view)","SET_ROWS","f16",-1,663,-1,128,512,1,1,131072,0.439323,1,"clFinish_profiled"
"OpenCL","COMPUTE","__fattn__-19","FLASH_ATTN_EXT","f32",-1,670,-1,64,14,1,1,3584,0.780834,1,"clFinish_profiled"
"OpenCL","COMPUTE","node_673","MUL_MAT","f32",-1,672,-1,896,1,1,1,3584,0.530261,1,"clFinish_profiled"
"OpenCL","COMPUTE","ffn_inp-19","ADD","f32",-1,673,-1,896,1,1,1,3584,0.387032,1,"clFinish_profiled"
"OpenCL","COMPUTE","ffn_gate-19","MUL_MAT","f32",-1,676,-1,4864,1,1,1,19456,1.085312,1,"clFinish_profiled"
"OpenCL","COMPUTE","ffn_up-19","MUL_MAT","f32",-1,677,-1,4864,1,1,1,19456,1.025156,1,"clFinish_profiled"
"OpenCL","COMPUTE","ffn_swiglu-19","GLU","f32",-1,678,-1,4864,1,1,1,19456,0.415104,1,"clFinish_profiled"
"OpenCL","COMPUTE","ffn_out-19","MUL_MAT","f32",-1,679,-1,896,1,1,1,3584,1.042916,1,"clFinish_profiled"
"OpenCL","COMPUTE","l_out-19","ADD","f32",-1,680,-1,896,1,1,1,3584,0.342813,1,"clFinish_profiled"
"OpenCL","COMPUTE","node_684","MUL_MAT","f32",-1,683,-1,896,1,1,1,3584,0.566458,1,"clFinish_profiled"
"OpenCL","COMPUTE","Qcur-20","ADD","f32",-1,684,-1,896,1,1,1,3584,0.354011,1,"clFinish_profiled"
"OpenCL","COMPUTE","Qcur-20","ROPE","f32",-1,686,-1,64,14,1,1,3584,0.355833,1,"clFinish_profiled"
"OpenCL","COMPUTE","node_688","MUL_MAT","f32",-1,687,-1,128,1,1,1,512,0.382500,1,"clFinish_profiled"
"OpenCL","COMPUTE","Kcur-20","ADD","f32",-1,688,-1,128,1,1,1,512,0.415625,1,"clFinish_profiled"
"OpenCL","COMPUTE","Kcur-20","ROPE","f32",-1,690,-1,64,2,1,1,512,0.366458,1,"clFinish_profiled"
"OpenCL","COMPUTE","node_692","MUL_MAT","f32",-1,691,-1,128,1,1,1,512,0.391666,1,"clFinish_profiled"
"OpenCL","COMPUTE","Vcur-20","ADD","f32",-1,692,-1,128,1,1,1,512,0.348333,1,"clFinish_profiled"
"OpenCL","COMPUTE","cache_k_l20 (view)","SET_ROWS","f16",-1,695,-1,128,512,1,1,131072,0.346302,1,"clFinish_profiled"
"OpenCL","COMPUTE","cache_v_l20 (view)","SET_ROWS","f16",-1,697,-1,128,512,1,1,131072,0.349114,1,"clFinish_profiled"
"OpenCL","COMPUTE","__fattn__-20","FLASH_ATTN_EXT","f32",-1,704,-1,64,14,1,1,3584,0.759270,1,"clFinish_profiled"
"OpenCL","COMPUTE","node_707","MUL_MAT","f32",-1,706,-1,896,1,1,1,3584,0.529166,1,"clFinish_profiled"
"OpenCL","COMPUTE","ffn_inp-20","ADD","f32",-1,707,-1,896,1,1,1,3584,0.395781,1,"clFinish_profiled"
"OpenCL","COMPUTE","ffn_gate-20","MUL_MAT","f32",-1,710,-1,4864,1,1,1,19456,1.071927,1,"clFinish_profiled"
"OpenCL","COMPUTE","ffn_up-20","MUL_MAT","f32",-1,711,-1,4864,1,1,1,19456,1.022135,1,"clFinish_profiled"
"OpenCL","COMPUTE","ffn_swiglu-20","GLU","f32",-1,712,-1,4864,1,1,1,19456,0.425365,1,"clFinish_profiled"
"OpenCL","COMPUTE","ffn_out-20","MUL_MAT","f32",-1,713,-1,896,1,1,1,3584,1.309271,1,"clFinish_profiled"
"OpenCL","COMPUTE","l_out-20","ADD","f32",-1,714,-1,896,1,1,1,3584,0.706614,1,"clFinish_profiled"
"OpenCL","COMPUTE","node_718","MUL_MAT","f32",-1,717,-1,896,1,1,1,3584,0.613021,1,"clFinish_profiled"
"OpenCL","COMPUTE","Qcur-21","ADD","f32",-1,718,-1,896,1,1,1,3584,0.393125,1,"clFinish_profiled"
"OpenCL","COMPUTE","Qcur-21","ROPE","f32",-1,720,-1,64,14,1,1,3584,0.387292,1,"clFinish_profiled"
"OpenCL","COMPUTE","node_722","MUL_MAT","f32",-1,721,-1,128,1,1,1,512,0.475260,1,"clFinish_profiled"
"OpenCL","COMPUTE","Kcur-21","ADD","f32",-1,722,-1,128,1,1,1,512,0.397656,1,"clFinish_profiled"
"OpenCL","COMPUTE","Kcur-21","ROPE","f32",-1,724,-1,64,2,1,1,512,0.400782,1,"clFinish_profiled"
"OpenCL","COMPUTE","node_726","MUL_MAT","f32",-1,725,-1,128,1,1,1,512,0.436614,1,"clFinish_profiled"
"OpenCL","COMPUTE","Vcur-21","ADD","f32",-1,726,-1,128,1,1,1,512,0.388854,1,"clFinish_profiled"
"OpenCL","COMPUTE","cache_k_l21 (view)","SET_ROWS","f16",-1,729,-1,128,512,1,1,131072,0.429375,1,"clFinish_profiled"
"OpenCL","COMPUTE","cache_v_l21 (view)","SET_ROWS","f16",-1,731,-1,128,512,1,1,131072,0.394688,1,"clFinish_profiled"
"OpenCL","COMPUTE","__fattn__-21","FLASH_ATTN_EXT","f32",-1,738,-1,64,14,1,1,3584,0.775990,1,"clFinish_profiled"
"OpenCL","COMPUTE","node_741","MUL_MAT","f32",-1,740,-1,896,1,1,1,3584,0.528072,1,"clFinish_profiled"
"OpenCL","COMPUTE","ffn_inp-21","ADD","f32",-1,741,-1,896,1,1,1,3584,0.368645,1,"clFinish_profiled"
"OpenCL","COMPUTE","ffn_gate-21","MUL_MAT","f32",-1,744,-1,4864,1,1,1,19456,1.059844,1,"clFinish_profiled"
"OpenCL","COMPUTE","ffn_up-21","MUL_MAT","f32",-1,745,-1,4864,1,1,1,19456,1.048333,1,"clFinish_profiled"
"OpenCL","COMPUTE","ffn_swiglu-21","GLU","f32",-1,746,-1,4864,1,1,1,19456,0.462657,1,"clFinish_profiled"
"OpenCL","COMPUTE","ffn_out-21","MUL_MAT","f32",-1,747,-1,896,1,1,1,3584,1.294792,1,"clFinish_profiled"
"OpenCL","COMPUTE","l_out-21","ADD","f32",-1,748,-1,896,1,1,1,3584,0.760938,1,"clFinish_profiled"
"OpenCL","COMPUTE","node_752","MUL_MAT","f32",-1,751,-1,896,1,1,1,3584,0.629480,1,"clFinish_profiled"
"OpenCL","COMPUTE","Qcur-22","ADD","f32",-1,752,-1,896,1,1,1,3584,0.481771,1,"clFinish_profiled"
"OpenCL","COMPUTE","Qcur-22","ROPE","f32",-1,754,-1,64,14,1,1,3584,0.835885,1,"clFinish_profiled"
"OpenCL","COMPUTE","node_756","MUL_MAT","f32",-1,755,-1,128,1,1,1,512,0.510313,1,"clFinish_profiled"
"OpenCL","COMPUTE","Kcur-22","ADD","f32",-1,756,-1,128,1,1,1,512,0.400625,1,"clFinish_profiled"
"OpenCL","COMPUTE","Kcur-22","ROPE","f32",-1,758,-1,64,2,1,1,512,0.396719,1,"clFinish_profiled"
"OpenCL","COMPUTE","node_760","MUL_MAT","f32",-1,759,-1,128,1,1,1,512,0.423541,1,"clFinish_profiled"
"OpenCL","COMPUTE","Vcur-22","ADD","f32",-1,760,-1,128,1,1,1,512,0.389844,1,"clFinish_profiled"
"OpenCL","COMPUTE","cache_k_l22 (view)","SET_ROWS","f16",-1,763,-1,128,512,1,1,131072,0.384532,1,"clFinish_profiled"
"OpenCL","COMPUTE","cache_v_l22 (view)","SET_ROWS","f16",-1,765,-1,128,512,1,1,131072,0.394948,1,"clFinish_profiled"
"OpenCL","COMPUTE","__fattn__-22","FLASH_ATTN_EXT","f32",-1,772,-1,64,14,1,1,3584,0.826198,1,"clFinish_profiled"
"OpenCL","COMPUTE","node_775","MUL_MAT","f32",-1,774,-1,896,1,1,1,3584,1.071562,1,"clFinish_profiled"
"OpenCL","COMPUTE","ffn_inp-22","ADD","f32",-1,775,-1,896,1,1,1,3584,0.415677,1,"clFinish_profiled"
"OpenCL","COMPUTE","ffn_gate-22","MUL_MAT","f32",-1,778,-1,4864,1,1,1,19456,1.203282,1,"clFinish_profiled"
"OpenCL","COMPUTE","ffn_up-22","MUL_MAT","f32",-1,779,-1,4864,1,1,1,19456,1.688177,1,"clFinish_profiled"
"OpenCL","COMPUTE","ffn_swiglu-22","GLU","f32",-1,780,-1,4864,1,1,1,19456,0.849167,1,"clFinish_profiled"
"OpenCL","COMPUTE","ffn_out-22","MUL_MAT","f32",-1,781,-1,896,1,1,1,3584,1.566875,1,"clFinish_profiled"
"OpenCL","COMPUTE","l_out-22","ADD","f32",-1,782,-1,896,1,1,1,3584,0.454427,1,"clFinish_profiled"
"OpenCL","COMPUTE","node_786","MUL_MAT","f32",-1,785,-1,896,1,1,1,3584,0.576875,1,"clFinish_profiled"
"OpenCL","COMPUTE","Qcur-23","ADD","f32",-1,786,-1,896,1,1,1,3584,0.420104,1,"clFinish_profiled"
"OpenCL","COMPUTE","Qcur-23","ROPE","f32",-1,788,-1,64,14,1,1,3584,0.407135,1,"clFinish_profiled"
"OpenCL","COMPUTE","node_790","MUL_MAT","f32",-1,789,-1,128,1,1,1,512,0.522187,1,"clFinish_profiled"
"OpenCL","COMPUTE","Kcur-23","ADD","f32",-1,790,-1,128,1,1,1,512,0.393698,1,"clFinish_profiled"
"OpenCL","COMPUTE","Kcur-23","ROPE","f32",-1,792,-1,64,2,1,1,512,0.407500,1,"clFinish_profiled"
"OpenCL","COMPUTE","node_794","MUL_MAT","f32",-1,793,-1,128,1,1,1,512,0.431614,1,"clFinish_profiled"
"OpenCL","COMPUTE","Vcur-23","ADD","f32",-1,794,-1,128,1,1,1,512,0.398542,1,"clFinish_profiled"
"OpenCL","COMPUTE","cache_k_l23 (view)","SET_ROWS","f16",-1,797,-1,128,512,1,1,131072,0.398698,1,"clFinish_profiled"
"OpenCL","COMPUTE","cache_v_l23 (view)","SET_ROWS","f16",-1,799,-1,128,512,1,1,131072,0.386303,1,"clFinish_profiled"
"OpenCL","COMPUTE","__fattn__-23","FLASH_ATTN_EXT","f32",-1,806,-1,64,14,1,1,3584,0.778698,1,"clFinish_profiled"
"OpenCL","COMPUTE","node_809","MUL_MAT","f32",-1,808,-1,896,1,1,1,3584,0.547239,1,"clFinish_profiled"
"OpenCL","COMPUTE","node_810","GET_ROWS","f32",-1,809,-1,896,1,1,1,3584,0.403750,1,"clFinish_profiled"
"OpenCL","COMPUTE","node_811","GET_ROWS","f32",-1,810,-1,896,1,1,1,3584,0.391979,1,"clFinish_profiled"
"OpenCL","COMPUTE","ffn_inp-23","ADD","f32",-1,811,-1,896,1,1,1,3584,0.384114,1,"clFinish_profiled"
"OpenCL","COMPUTE","ffn_gate-23","MUL_MAT","f32",-1,814,-1,4864,1,1,1,19456,1.061145,1,"clFinish_profiled"
"OpenCL","COMPUTE","ffn_up-23","MUL_MAT","f32",-1,815,-1,4864,1,1,1,19456,1.180573,1,"clFinish_profiled"
"OpenCL","COMPUTE","ffn_swiglu-23","GLU","f32",-1,816,-1,4864,1,1,1,19456,0.532552,1,"clFinish_profiled"
"OpenCL","COMPUTE","ffn_out-23","MUL_MAT","f32",-1,817,-1,896,1,1,1,3584,1.698073,1,"clFinish_profiled"
"OpenCL","COMPUTE","l_out-23","ADD","f32",-1,818,-1,896,1,1,1,3584,0.789011,1,"clFinish_profiled"
"OpenCL","COMPUTE","result_output","MUL_MAT","f32",-1,821,-1,151936,1,1,1,607744,19.466406,1,"clFinish_profiled"
"CPU_Elastic","COMPUTE_GRAPH","ggml_cgraph","GRAPH","",-1,1,-1,0,0,0,0,0,0.011510,1,"delegate_cpu_graph"
"OpenCL","COMPUTE","node_3","MUL_MAT","f32",-1,2,-1,896,1,1,1,3584,1.146562,1,"clFinish_profiled"
"OpenCL","COMPUTE","Qcur-0","ADD","f32",-1,3,-1,896,1,1,1,3584,0.880469,1,"clFinish_profiled"
"OpenCL","COMPUTE","Qcur-0","ROPE","f32",-1,5,-1,64,14,1,1,3584,0.513281,1,"clFinish_profiled"
"OpenCL","COMPUTE","node_7","MUL_MAT","f32",-1,6,-1,128,1,1,1,512,0.486354,1,"clFinish_profiled"
"OpenCL","COMPUTE","Kcur-0","ADD","f32",-1,7,-1,128,1,1,1,512,0.423594,1,"clFinish_profiled"
"OpenCL","COMPUTE","Kcur-0","ROPE","f32",-1,9,-1,64,2,1,1,512,0.407344,1,"clFinish_profiled"
"OpenCL","COMPUTE","node_11","MUL_MAT","f32",-1,10,-1,128,1,1,1,512,0.447239,1,"clFinish_profiled"
"OpenCL","COMPUTE","Vcur-0","ADD","f32",-1,11,-1,128,1,1,1,512,0.406459,1,"clFinish_profiled"
"OpenCL","COMPUTE","cache_k_l0 (view)","SET_ROWS","f16",-1,14,-1,128,512,1,1,131072,0.408177,1,"clFinish_profiled"
"OpenCL","COMPUTE","cache_v_l0 (view)","SET_ROWS","f16",-1,16,-1,128,512,1,1,131072,0.408177,1,"clFinish_profiled"
"OpenCL","COMPUTE"," (copy)","CPY","f16",-1,23,-1,256,64,1,1,32768,0.434375,1,"clFinish_profiled"
"OpenCL","COMPUTE","__fattn__-0","FLASH_ATTN_EXT","f32",-1,24,-1,64,14,1,1,3584,0.793490,1,"clFinish_profiled"
"OpenCL","COMPUTE","node_27","MUL_MAT","f32",-1,26,-1,896,1,1,1,3584,0.771667,1,"clFinish_profiled"
"OpenCL","COMPUTE","ffn_inp-0","ADD","f32",-1,27,-1,896,1,1,1,3584,0.889062,1,"clFinish_profiled"
"OpenCL","COMPUTE","ffn_gate-0","MUL_MAT","f32",-1,30,-1,4864,1,1,1,19456,1.719219,1,"clFinish_profiled"
"OpenCL","COMPUTE","ffn_up-0","MUL_MAT","f32",-1,31,-1,4864,1,1,1,19456,1.825105,1,"clFinish_profiled"
"OpenCL","COMPUTE","ffn_swiglu-0","GLU","f32",-1,32,-1,4864,1,1,1,19456,0.791511,1,"clFinish_profiled"
"OpenCL","COMPUTE","ffn_out-0","MUL_MAT","f32",-1,33,-1,896,1,1,1,3584,1.320052,1,"clFinish_profiled"
"OpenCL","COMPUTE","l_out-0","ADD","f32",-1,34,-1,896,1,1,1,3584,0.753854,1,"clFinish_profiled"
"OpenCL","COMPUTE","node_38","MUL_MAT","f32",-1,37,-1,896,1,1,1,3584,0.585938,1,"clFinish_profiled"
"OpenCL","COMPUTE","Qcur-1","ADD","f32",-1,38,-1,896,1,1,1,3584,0.363437,1,"clFinish_profiled"
"OpenCL","COMPUTE","Qcur-1","ROPE","f32",-1,40,-1,64,14,1,1,3584,0.413281,1,"clFinish_profiled"
"OpenCL","COMPUTE","node_42","MUL_MAT","f32",-1,41,-1,128,1,1,1,512,0.459895,1,"clFinish_profiled"
"OpenCL","COMPUTE","Kcur-1","ADD","f32",-1,42,-1,128,1,1,1,512,0.410208,1,"clFinish_profiled"
"OpenCL","COMPUTE","Kcur-1","ROPE","f32",-1,44,-1,64,2,1,1,512,0.418906,1,"clFinish_profiled"
"OpenCL","COMPUTE","node_46","MUL_MAT","f32",-1,45,-1,128,1,1,1,512,0.489688,1,"clFinish_profiled"
"OpenCL","COMPUTE","Vcur-1","ADD","f32",-1,46,-1,128,1,1,1,512,0.555834,1,"clFinish_profiled"
"OpenCL","COMPUTE","cache_k_l1 (view)","SET_ROWS","f16",-1,49,-1,128,512,1,1,131072,0.842865,1,"clFinish_profiled"
"OpenCL","COMPUTE","cache_v_l1 (view)","SET_ROWS","f16",-1,51,-1,128,512,1,1,131072,0.450313,1,"clFinish_profiled"
"OpenCL","COMPUTE","__fattn__-1","FLASH_ATTN_EXT","f32",-1,58,-1,64,14,1,1,3584,0.806927,1,"clFinish_profiled"
"OpenCL","COMPUTE","node_61","MUL_MAT","f32",-1,60,-1,896,1,1,1,3584,0.559584,1,"clFinish_profiled"
"OpenCL","COMPUTE","ffn_inp-1","ADD","f32",-1,61,-1,896,1,1,1,3584,0.418021,1,"clFinish_profiled"
"OpenCL","COMPUTE","ffn_gate-1","MUL_MAT","f32",-1,64,-1,4864,1,1,1,19456,1.112552,1,"clFinish_profiled"
"OpenCL","COMPUTE","ffn_up-1","MUL_MAT","f32",-1,65,-1,4864,1,1,1,19456,1.026250,1,"clFinish_profiled"
"OpenCL","COMPUTE","ffn_swiglu-1","GLU","f32",-1,66,-1,4864,1,1,1,19456,0.562188,1,"clFinish_profiled"
"OpenCL","COMPUTE","ffn_out-1","MUL_MAT","f32",-1,67,-1,896,1,1,1,3584,1.640781,1,"clFinish_profiled"
"OpenCL","COMPUTE","l_out-1","ADD","f32",-1,68,-1,896,1,1,1,3584,0.915052,1,"clFinish_profiled"
"OpenCL","COMPUTE","node_72","MUL_MAT","f32",-1,71,-1,896,1,1,1,3584,1.088541,1,"clFinish_profiled"
"OpenCL","COMPUTE","Qcur-2","ADD","f32",-1,72,-1,896,1,1,1,3584,0.575833,1,"clFinish_profiled"
"OpenCL","COMPUTE","Qcur-2","ROPE","f32",-1,74,-1,64,14,1,1,3584,0.785313,1,"clFinish_profiled"
"OpenCL","COMPUTE","node_76","MUL_MAT","f32",-1,75,-1,128,1,1,1,512,0.478177,1,"clFinish_profiled"
"OpenCL","COMPUTE","Kcur-2","ADD","f32",-1,76,-1,128,1,1,1,512,0.393021,1,"clFinish_profiled"
"OpenCL","COMPUTE","Kcur-2","ROPE","f32",-1,78,-1,64,2,1,1,512,0.397917,1,"clFinish_profiled"
"OpenCL","COMPUTE","node_80","MUL_MAT","f32",-1,79,-1,128,1,1,1,512,0.423490,1,"clFinish_profiled"
"OpenCL","COMPUTE","Vcur-2","ADD","f32",-1,80,-1,128,1,1,1,512,0.396094,1,"clFinish_profiled"
"OpenCL","COMPUTE","cache_k_l2 (view)","SET_ROWS","f16",-1,83,-1,128,512,1,1,131072,0.438073,1,"clFinish_profiled"
"OpenCL","COMPUTE","cache_v_l2 (view)","SET_ROWS","f16",-1,85,-1,128,512,1,1,131072,0.389115,1,"clFinish_profiled"
"OpenCL","COMPUTE","__fattn__-2","FLASH_ATTN_EXT","f32",-1,92,-1,64,14,1,1,3584,0.771198,1,"clFinish_profiled"
"OpenCL","COMPUTE","node_95","MUL_MAT","f32",-1,94,-1,896,1,1,1,3584,0.538229,1,"clFinish_profiled"
"OpenCL","COMPUTE","ffn_inp-2","ADD","f32",-1,95,-1,896,1,1,1,3584,0.470625,1,"clFinish_profiled"
"OpenCL","COMPUTE","ffn_gate-2","MUL_MAT","f32",-1,98,-1,4864,1,1,1,19456,1.589271,1,"clFinish_profiled"
"OpenCL","COMPUTE","ffn_up-2","MUL_MAT","f32",-1,99,-1,4864,1,1,1,19456,1.125365,1,"clFinish_profiled"
"OpenCL","COMPUTE","ffn_swiglu-2","GLU","f32",-1,100,-1,4864,1,1,1,19456,0.461407,1,"clFinish_profiled"
"OpenCL","COMPUTE","ffn_out-2","MUL_MAT","f32",-1,101,-1,896,1,1,1,3584,1.719739,1,"clFinish_profiled"
"OpenCL","COMPUTE","l_out-2","ADD","f32",-1,102,-1,896,1,1,1,3584,0.852864,1,"clFinish_profiled"
"OpenCL","COMPUTE","node_106","MUL_MAT","f32",-1,105,-1,896,1,1,1,3584,0.986823,1,"clFinish_profiled"
"OpenCL","COMPUTE","Qcur-3","ADD","f32",-1,106,-1,896,1,1,1,3584,0.429635,1,"clFinish_profiled"
"OpenCL","COMPUTE","Qcur-3","ROPE","f32",-1,108,-1,64,14,1,1,3584,0.402969,1,"clFinish_profiled"
"OpenCL","COMPUTE","node_110","MUL_MAT","f32",-1,109,-1,128,1,1,1,512,0.428177,1,"clFinish_profiled"
"OpenCL","COMPUTE","Kcur-3","ADD","f32",-1,110,-1,128,1,1,1,512,0.388959,1,"clFinish_profiled"
"OpenCL","COMPUTE","Kcur-3","ROPE","f32",-1,112,-1,64,2,1,1,512,0.451719,1,"clFinish_profiled"
"OpenCL","COMPUTE","node_114","MUL_MAT","f32",-1,113,-1,128,1,1,1,512,0.438542,1,"clFinish_profiled"
"OpenCL","COMPUTE","Vcur-3","ADD","f32",-1,114,-1,128,1,1,1,512,0.397448,1,"clFinish_profiled"
"OpenCL","COMPUTE","cache_k_l3 (view)","SET_ROWS","f16",-1,117,-1,128,512,1,1,131072,0.393229,1,"clFinish_profiled"
"OpenCL","COMPUTE","cache_v_l3 (view)","SET_ROWS","f16",-1,119,-1,128,512,1,1,131072,0.390937,1,"clFinish_profiled"
"OpenCL","COMPUTE","__fattn__-3","FLASH_ATTN_EXT","f32",-1,126,-1,64,14,1,1,3584,0.826823,1,"clFinish_profiled"
"OpenCL","COMPUTE","node_129","MUL_MAT","f32",-1,128,-1,896,1,1,1,3584,0.552604,1,"clFinish_profiled"
"OpenCL","COMPUTE","ffn_inp-3","ADD","f32",-1,129,-1,896,1,1,1,3584,0.394740,1,"clFinish_profiled"
"OpenCL","COMPUTE","ffn_gate-3","MUL_MAT","f32",-1,132,-1,4864,1,1,1,19456,1.222031,1,"clFinish_profiled"
"OpenCL","COMPUTE","ffn_up-3","MUL_MAT","f32",-1,133,-1,4864,1,1,1,19456,1.412917,1,"clFinish_profiled"
"OpenCL","COMPUTE","ffn_swiglu-3","GLU","f32",-1,134,-1,4864,1,1,1,19456,0.472813,1,"clFinish_profiled"
"OpenCL","COMPUTE","ffn_out-3","MUL_MAT","f32",-1,135,-1,896,1,1,1,3584,1.093334,1,"clFinish_profiled"
"OpenCL","COMPUTE","l_out-3","ADD","f32",-1,136,-1,896,1,1,1,3584,0.478281,1,"clFinish_profiled"
"OpenCL","COMPUTE","node_140","MUL_MAT","f32",-1,139,-1,896,1,1,1,3584,0.599635,1,"clFinish_profiled"
"OpenCL","COMPUTE","Qcur-4","ADD","f32",-1,140,-1,896,1,1,1,3584,0.400834,1,"clFinish_profiled"
"OpenCL","COMPUTE","Qcur-4","ROPE","f32",-1,142,-1,64,14,1,1,3584,0.404636,1,"clFinish_profiled"
"OpenCL","COMPUTE","node_144","MUL_MAT","f32",-1,143,-1,128,1,1,1,512,0.432500,1,"clFinish_profiled"
"OpenCL","COMPUTE","Kcur-4","ADD","f32",-1,144,-1,128,1,1,1,512,0.388750,1,"clFinish_profiled"
"OpenCL","COMPUTE","Kcur-4","ROPE","f32",-1,146,-1,64,2,1,1,512,0.388386,1,"clFinish_profiled"
"OpenCL","COMPUTE","node_148","MUL_MAT","f32",-1,147,-1,128,1,1,1,512,0.423073,1,"clFinish_profiled"
"OpenCL","COMPUTE","Vcur-4","ADD","f32",-1,148,-1,128,1,1,1,512,0.399427,1,"clFinish_profiled"
"OpenCL","COMPUTE","cache_k_l4 (view)","SET_ROWS","f16",-1,151,-1,128,512,1,1,131072,0.390052,1,"clFinish_profiled"
"OpenCL","COMPUTE","cache_v_l4 (view)","SET_ROWS","f16",-1,153,-1,128,512,1,1,131072,0.438802,1,"clFinish_profiled"
"OpenCL","COMPUTE","__fattn__-4","FLASH_ATTN_EXT","f32",-1,160,-1,64,14,1,1,3584,0.810781,1,"clFinish_profiled"
"OpenCL","COMPUTE","node_163","MUL_MAT","f32",-1,162,-1,896,1,1,1,3584,0.558385,1,"clFinish_profiled"
"OpenCL","COMPUTE","ffn_inp-4","ADD","f32",-1,163,-1,896,1,1,1,3584,0.432188,1,"clFinish_profiled"
"OpenCL","COMPUTE","ffn_gate-4","MUL_MAT","f32",-1,166,-1,4864,1,1,1,19456,1.492500,1,"clFinish_profiled"
"OpenCL","COMPUTE","ffn_up-4","MUL_MAT","f32",-1,167,-1,4864,1,1,1,19456,1.077395,1,"clFinish_profiled"
"OpenCL","COMPUTE","ffn_swiglu-4","GLU","f32",-1,168,-1,4864,1,1,1,19456,0.426198,1,"clFinish_profiled"
"OpenCL","COMPUTE","ffn_out-4","MUL_MAT","f32",-1,169,-1,896,1,1,1,3584,1.407291,1,"clFinish_profiled"
"OpenCL","COMPUTE","l_out-4","ADD","f32",-1,170,-1,896,1,1,1,3584,0.861875,1,"clFinish_profiled"
"OpenCL","COMPUTE","node_174","MUL_MAT","f32",-1,173,-1,896,1,1,1,3584,0.971302,1,"clFinish_profiled"
"OpenCL","COMPUTE","Qcur-5","ADD","f32",-1,174,-1,896,1,1,1,3584,0.424896,1,"clFinish_profiled"
"OpenCL","COMPUTE","Qcur-5","ROPE","f32",-1,176,-1,64,14,1,1,3584,0.392812,1,"clFinish_profiled"
"OpenCL","COMPUTE","node_178","MUL_MAT","f32",-1,177,-1,128,1,1,1,512,0.434479,1,"clFinish_profiled"
"OpenCL","COMPUTE","Kcur-5","ADD","f32",-1,178,-1,128,1,1,1,512,0.391302,1,"clFinish_profiled"
"OpenCL","COMPUTE","Kcur-5","ROPE","f32",-1,180,-1,64,2,1,1,512,0.400209,1,"clFinish_profiled"
"OpenCL","COMPUTE","node_182","MUL_MAT","f32",-1,181,-1,128,1,1,1,512,0.424636,1,"clFinish_profiled"
"OpenCL","COMPUTE","Vcur-5","ADD","f32",-1,182,-1,128,1,1,1,512,0.454948,1,"clFinish_profiled"
"OpenCL","COMPUTE","cache_k_l5 (view)","SET_ROWS","f16",-1,185,-1,128,512,1,1,131072,0.427760,1,"clFinish_profiled"
"OpenCL","COMPUTE","cache_v_l5 (view)","SET_ROWS","f16",-1,187,-1,128,512,1,1,131072,0.413229,1,"clFinish_profiled"
"OpenCL","COMPUTE","__fattn__-5","FLASH_ATTN_EXT","f32",-1,194,-1,64,14,1,1,3584,0.810520,1,"clFinish_profiled"
"OpenCL","COMPUTE","node_197","MUL_MAT","f32",-1,196,-1,896,1,1,1,3584,0.543489,1,"clFinish_profiled"
"OpenCL","COMPUTE","ffn_inp-5","ADD","f32",-1,197,-1,896,1,1,1,3584,0.403073,1,"clFinish_profiled"
"OpenCL","COMPUTE","ffn_gate-5","MUL_MAT","f32",-1,200,-1,4864,1,1,1,19456,1.059375,1,"clFinish_profiled"
"OpenCL","COMPUTE","ffn_up-5","MUL_MAT","f32",-1,201,-1,4864,1,1,1,19456,1.094896,1,"clFinish_profiled"
"OpenCL","COMPUTE","ffn_swiglu-5","GLU","f32",-1,202,-1,4864,1,1,1,19456,0.883073,1,"clFinish_profiled"
"OpenCL","COMPUTE","ffn_out-5","MUL_MAT","f32",-1,203,-1,896,1,1,1,3584,1.280521,1,"clFinish_profiled"
"OpenCL","COMPUTE","l_out-5","ADD","f32",-1,204,-1,896,1,1,1,3584,0.778750,1,"clFinish_profiled"
"OpenCL","COMPUTE","node_208","MUL_MAT","f32",-1,207,-1,896,1,1,1,3584,1.202761,1,"clFinish_profiled"
"OpenCL","COMPUTE","Qcur-6","ADD","f32",-1,208,-1,896,1,1,1,3584,1.131406,1,"clFinish_profiled"
"OpenCL","COMPUTE","Qcur-6","ROPE","f32",-1,210,-1,64,14,1,1,3584,0.822291,1,"clFinish_profiled"
"OpenCL","COMPUTE","node_212","MUL_MAT","f32",-1,211,-1,128,1,1,1,512,0.489635,1,"clFinish_profiled"
"OpenCL","COMPUTE","Kcur-6","ADD","f32",-1,212,-1,128,1,1,1,512,0.397448,1,"clFinish_profiled"
"OpenCL","COMPUTE","Kcur-6","ROPE","f32",-1,214,-1,64,2,1,1,512,0.407812,1,"clFinish_profiled"
"OpenCL","COMPUTE","node_216","MUL_MAT","f32",-1,215,-1,128,1,1,1,512,0.532032,1,"clFinish_profiled"
"OpenCL","COMPUTE","Vcur-6","ADD","f32",-1,216,-1,128,1,1,1,512,0.401615,1,"clFinish_profiled"
"OpenCL","COMPUTE","cache_k_l6 (view)","SET_ROWS","f16",-1,219,-1,128,512,1,1,131072,0.415521,1,"clFinish_profiled"
"OpenCL","COMPUTE","cache_v_l6 (view)","SET_ROWS","f16",-1,221,-1,128,512,1,1,131072,0.386146,1,"clFinish_profiled"
"OpenCL","COMPUTE","__fattn__-6","FLASH_ATTN_EXT","f32",-1,228,-1,64,14,1,1,3584,0.793385,1,"clFinish_profiled"
"OpenCL","COMPUTE","node_231","MUL_MAT","f32",-1,230,-1,896,1,1,1,3584,0.576615,1,"clFinish_profiled"
"OpenCL","COMPUTE","ffn_inp-6","ADD","f32",-1,231,-1,896,1,1,1,3584,0.423073,1,"clFinish_profiled"
"OpenCL","COMPUTE","ffn_gate-6","MUL_MAT","f32",-1,234,-1,4864,1,1,1,19456,1.047344,1,"clFinish_profiled"
"OpenCL","COMPUTE","ffn_up-6","MUL_MAT","f32",-1,235,-1,4864,1,1,1,19456,1.034635,1,"clFinish_profiled"
"OpenCL","COMPUTE","ffn_swiglu-6","GLU","f32",-1,236,-1,4864,1,1,1,19456,0.462291,1,"clFinish_profiled"
"OpenCL","COMPUTE","ffn_out-6","MUL_MAT","f32",-1,237,-1,896,1,1,1,3584,1.262969,1,"clFinish_profiled"
"OpenCL","COMPUTE","l_out-6","ADD","f32",-1,238,-1,896,1,1,1,3584,0.830729,1,"clFinish_profiled"
"OpenCL","COMPUTE","node_242","MUL_MAT","f32",-1,241,-1,896,1,1,1,3584,1.020365,1,"clFinish_profiled"
"OpenCL","COMPUTE","Qcur-7","ADD","f32",-1,242,-1,896,1,1,1,3584,0.433802,1,"clFinish_profiled"
"OpenCL","COMPUTE","Qcur-7","ROPE","f32",-1,244,-1,64,14,1,1,3584,0.442760,1,"clFinish_profiled"
"OpenCL","COMPUTE","node_246","MUL_MAT","f32",-1,245,-1,128,1,1,1,512,0.442344,1,"clFinish_profiled"
"OpenCL","COMPUTE","Kcur-7","ADD","f32",-1,246,-1,128,1,1,1,512,0.386615,1,"clFinish_profiled"
"OpenCL","COMPUTE","Kcur-7","ROPE","f32",-1,248,-1,64,2,1,1,512,0.398281,1,"clFinish_profiled"
"OpenCL","COMPUTE","node_250","MUL_MAT","f32",-1,249,-1,128,1,1,1,512,0.419635,1,"clFinish_profiled"
"OpenCL","COMPUTE","Vcur-7","ADD","f32",-1,250,-1,128,1,1,1,512,0.381875,1,"clFinish_profiled"
"OpenCL","COMPUTE","cache_k_l7 (view)","SET_ROWS","f16",-1,253,-1,128,512,1,1,131072,0.394532,1,"clFinish_profiled"
"OpenCL","COMPUTE","cache_v_l7 (view)","SET_ROWS","f16",-1,255,-1,128,512,1,1,131072,0.394844,1,"clFinish_profiled"
"OpenCL","COMPUTE","__fattn__-7","FLASH_ATTN_EXT","f32",-1,262,-1,64,14,1,1,3584,0.809271,1,"clFinish_profiled"
"OpenCL","COMPUTE","node_265","MUL_MAT","f32",-1,264,-1,896,1,1,1,3584,0.560209,1,"clFinish_profiled"
"OpenCL","COMPUTE","ffn_inp-7","ADD","f32",-1,265,-1,896,1,1,1,3584,0.391354,1,"clFinish_profiled"
"OpenCL","COMPUTE","ffn_gate-7","MUL_MAT","f32",-1,268,-1,4864,1,1,1,19456,1.276563,1,"clFinish_profiled"
"OpenCL","COMPUTE","ffn_up-7","MUL_MAT","f32",-1,269,-1,4864,1,1,1,19456,1.369740,1,"clFinish_profiled"
"OpenCL","COMPUTE","ffn_swiglu-7","GLU","f32",-1,270,-1,4864,1,1,1,19456,0.503802,1,"clFinish_profiled"
"OpenCL","COMPUTE","ffn_out-7","MUL_MAT","f32",-1,271,-1,896,1,1,1,3584,1.115677,1,"clFinish_profiled"
"OpenCL","COMPUTE","l_out-7","ADD","f32",-1,272,-1,896,1,1,1,3584,0.392552,1,"clFinish_profiled"
"OpenCL","COMPUTE","node_276","MUL_MAT","f32",-1,275,-1,896,1,1,1,3584,0.585781,1,"clFinish_profiled"
"OpenCL","COMPUTE","Qcur-8","ADD","f32",-1,276,-1,896,1,1,1,3584,0.395052,1,"clFinish_profiled"
"OpenCL","COMPUTE","Qcur-8","ROPE","f32",-1,278,-1,64,14,1,1,3584,0.393333,1,"clFinish_profiled"
"OpenCL","COMPUTE","node_280","MUL_MAT","f32",-1,279,-1,128,1,1,1,512,0.428438,1,"clFinish_profiled"
"OpenCL","COMPUTE","Kcur-8","ADD","f32",-1,280,-1,128,1,1,1,512,0.393385,1,"clFinish_profiled"
"OpenCL","COMPUTE","Kcur-8","ROPE","f32",-1,282,-1,64,2,1,1,512,0.420000,1,"clFinish_profiled"
"OpenCL","COMPUTE","node_284","MUL_MAT","f32",-1,283,-1,128,1,1,1,512,0.436771,1,"clFinish_profiled"
"OpenCL","COMPUTE","Vcur-8","ADD","f32",-1,284,-1,128,1,1,1,512,0.393282,1,"clFinish_profiled"
"OpenCL","COMPUTE","cache_k_l8 (view)","SET_ROWS","f16",-1,287,-1,128,512,1,1,131072,0.388906,1,"clFinish_profiled"
"OpenCL","COMPUTE","cache_v_l8 (view)","SET_ROWS","f16",-1,289,-1,128,512,1,1,131072,0.437760,1,"clFinish_profiled"
"OpenCL","COMPUTE","__fattn__-8","FLASH_ATTN_EXT","f32",-1,296,-1,64,14,1,1,3584,0.784636,1,"clFinish_profiled"
"OpenCL","COMPUTE","node_299","MUL_MAT","f32",-1,298,-1,896,1,1,1,3584,0.551406,1,"clFinish_profiled"
"OpenCL","COMPUTE","ffn_inp-8","ADD","f32",-1,299,-1,896,1,1,1,3584,0.416823,1,"clFinish_profiled"
"OpenCL","COMPUTE","ffn_gate-8","MUL_MAT","f32",-1,302,-1,4864,1,1,1,19456,1.049218,1,"clFinish_profiled"
"OpenCL","COMPUTE","ffn_up-8","MUL_MAT","f32",-1,303,-1,4864,1,1,1,19456,1.034219,1,"clFinish_profiled"
"OpenCL","COMPUTE","ffn_swiglu-8","GLU","f32",-1,304,-1,4864,1,1,1,19456,0.418646,1,"clFinish_profiled"
"OpenCL","COMPUTE","ffn_out-8","MUL_MAT","f32",-1,305,-1,896,1,1,1,3584,1.085520,1,"clFinish_profiled"
"OpenCL","COMPUTE","l_out-8","ADD","f32",-1,306,-1,896,1,1,1,3584,0.397917,1,"clFinish_profiled"
"OpenCL","COMPUTE","node_310","MUL_MAT","f32",-1,309,-1,896,1,1,1,3584,0.583333,1,"clFinish_profiled"
"OpenCL","COMPUTE","Qcur-9","ADD","f32",-1,310,-1,896,1,1,1,3584,0.421198,1,"clFinish_profiled"
"OpenCL","COMPUTE","Qcur-9","ROPE","f32",-1,312,-1,64,14,1,1,3584,0.394791,1,"clFinish_profiled"
"OpenCL","COMPUTE","node_314","MUL_MAT","f32",-1,313,-1,128,1,1,1,512,0.432552,1,"clFinish_profiled"
"OpenCL","COMPUTE","Kcur-9","ADD","f32",-1,314,-1,128,1,1,1,512,0.491094,1,"clFinish_profiled"
"OpenCL","COMPUTE","Kcur-9","ROPE","f32",-1,316,-1,64,2,1,1,512,0.394063,1,"clFinish_profiled"
"OpenCL","COMPUTE","node_318","MUL_MAT","f32",-1,317,-1,128,1,1,1,512,0.442239,1,"clFinish_profiled"
"OpenCL","COMPUTE","Vcur-9","ADD","f32",-1,318,-1,128,1,1,1,512,0.389271,1,"clFinish_profiled"
"OpenCL","COMPUTE","cache_k_l9 (view)","SET_ROWS","f16",-1,321,-1,128,512,1,1,131072,0.387344,1,"clFinish_profiled"
"OpenCL","COMPUTE","cache_v_l9 (view)","SET_ROWS","f16",-1,323,-1,128,512,1,1,131072,0.382187,1,"clFinish_profiled"
"OpenCL","COMPUTE","__fattn__-9","FLASH_ATTN_EXT","f32",-1,330,-1,64,14,1,1,3584,0.782031,1,"clFinish_profiled"
"OpenCL","COMPUTE","node_333","MUL_MAT","f32",-1,332,-1,896,1,1,1,3584,0.540365,1,"clFinish_profiled"
"OpenCL","COMPUTE","ffn_inp-9","ADD","f32",-1,333,-1,896,1,1,1,3584,0.381354,1,"clFinish_profiled"
"OpenCL","COMPUTE","ffn_gate-9","MUL_MAT","f32",-1,336,-1,4864,1,1,1,19456,1.057240,1,"clFinish_profiled"
"OpenCL","COMPUTE","ffn_up-9","MUL_MAT","f32",-1,337,-1,4864,1,1,1,19456,1.044687,1,"clFinish_profiled"
"OpenCL","COMPUTE","ffn_swiglu-9","GLU","f32",-1,338,-1,4864,1,1,1,19456,0.415468,1,"clFinish_profiled"
"OpenCL","COMPUTE","ffn_out-9","MUL_MAT","f32",-1,339,-1,896,1,1,1,3584,1.292344,1,"clFinish_profiled"
"OpenCL","COMPUTE","l_out-9","ADD","f32",-1,340,-1,896,1,1,1,3584,0.874010,1,"clFinish_profiled"
"OpenCL","COMPUTE","node_344","MUL_MAT","f32",-1,343,-1,896,1,1,1,3584,0.966355,1,"clFinish_profiled"
"OpenCL","COMPUTE","Qcur-10","ADD","f32",-1,344,-1,896,1,1,1,3584,0.586355,1,"clFinish_profiled"
"OpenCL","COMPUTE","Qcur-10","ROPE","f32",-1,346,-1,64,14,1,1,3584,0.763854,1,"clFinish_profiled"
"OpenCL","COMPUTE","node_348","MUL_MAT","f32",-1,347,-1,128,1,1,1,512,0.454739,1,"clFinish_profiled"
"OpenCL","COMPUTE","Kcur-10","ADD","f32",-1,348,-1,128,1,1,1,512,0.384636,1,"clFinish_profiled"
"OpenCL","COMPUTE","Kcur-10","ROPE","f32",-1,350,-1,64,2,1,1,512,0.389844,1,"clFinish_profiled"
"OpenCL","COMPUTE","node_352","MUL_MAT","f32",-1,351,-1,128,1,1,1,512,0.420677,1,"clFinish_profiled"
"OpenCL","COMPUTE","Vcur-10","ADD","f32",-1,352,-1,128,1,1,1,512,0.393854,1,"clFinish_profiled"
"OpenCL","COMPUTE","cache_k_l10 (view)","SET_ROWS","f16",-1,355,-1,128,512,1,1,131072,0.401614,1,"clFinish_profiled"
"OpenCL","COMPUTE","cache_v_l10 (view)","SET_ROWS","f16",-1,357,-1,128,512,1,1,131072,0.386354,1,"clFinish_profiled"
"OpenCL","COMPUTE","__fattn__-10","FLASH_ATTN_EXT","f32",-1,364,-1,64,14,1,1,3584,0.774271,1,"clFinish_profiled"
"OpenCL","COMPUTE","node_367","MUL_MAT","f32",-1,366,-1,896,1,1,1,3584,0.566666,1,"clFinish_profiled"
"OpenCL","COMPUTE","ffn_inp-10","ADD","f32",-1,367,-1,896,1,1,1,3584,0.431093,1,"clFinish_profiled"
"OpenCL","COMPUTE","ffn_gate-10","MUL_MAT","f32",-1,370,-1,4864,1,1,1,19456,1.059270,1,"clFinish_profiled"
"OpenCL","COMPUTE","ffn_up-10","MUL_MAT","f32",-1,371,-1,4864,1,1,1,19456,1.024635,1,"clFinish_profiled"
"OpenCL","COMPUTE","ffn_swiglu-10","GLU","f32",-1,372,-1,4864,1,1,1,19456,0.416823,1,"clFinish_profiled"
"OpenCL","COMPUTE","ffn_out-10","MUL_MAT","f32",-1,373,-1,896,1,1,1,3584,1.085365,1,"clFinish_profiled"
"OpenCL","COMPUTE","l_out-10","ADD","f32",-1,374,-1,896,1,1,1,3584,0.387865,1,"clFinish_profiled"
"OpenCL","COMPUTE","node_378","MUL_MAT","f32",-1,377,-1,896,1,1,1,3584,0.574270,1,"clFinish_profiled"
"OpenCL","COMPUTE","Qcur-11","ADD","f32",-1,378,-1,896,1,1,1,3584,0.365417,1,"clFinish_profiled"
"OpenCL","COMPUTE","Qcur-11","ROPE","f32",-1,380,-1,64,14,1,1,3584,0.373750,1,"clFinish_profiled"
"OpenCL","COMPUTE","node_382","MUL_MAT","f32",-1,381,-1,128,1,1,1,512,0.406667,1,"clFinish_profiled"
"OpenCL","COMPUTE","Kcur-11","ADD","f32",-1,382,-1,128,1,1,1,512,0.368021,1,"clFinish_profiled"
"OpenCL","COMPUTE","Kcur-11","ROPE","f32",-1,384,-1,64,2,1,1,512,0.395782,1,"clFinish_profiled"
"OpenCL","COMPUTE","node_386","MUL_MAT","f32",-1,385,-1,128,1,1,1,512,0.422396,1,"clFinish_profiled"
"OpenCL","COMPUTE","Vcur-11","ADD","f32",-1,386,-1,128,1,1,1,512,0.380989,1,"clFinish_profiled"
"OpenCL","COMPUTE","cache_k_l11 (view)","SET_ROWS","f16",-1,389,-1,128,512,1,1,131072,0.460313,1,"clFinish_profiled"
"OpenCL","COMPUTE","cache_v_l11 (view)","SET_ROWS","f16",-1,391,-1,128,512,1,1,131072,0.394896,1,"clFinish_profiled"
"OpenCL","COMPUTE","__fattn__-11","FLASH_ATTN_EXT","f32",-1,398,-1,64,14,1,1,3584,0.784792,1,"clFinish_profiled"
"OpenCL","COMPUTE","node_401","MUL_MAT","f32",-1,400,-1,896,1,1,1,3584,0.572709,1,"clFinish_profiled"
"OpenCL","COMPUTE","ffn_inp-11","ADD","f32",-1,401,-1,896,1,1,1,3584,0.383438,1,"clFinish_profiled"
"OpenCL","COMPUTE","ffn_gate-11","MUL_MAT","f32",-1,404,-1,4864,1,1,1,19456,1.058802,1,"clFinish_profiled"
"OpenCL","COMPUTE","ffn_up-11","MUL_MAT","f32",-1,405,-1,4864,1,1,1,19456,1.013437,1,"clFinish_profiled"
"OpenCL","COMPUTE","ffn_swiglu-11","GLU","f32",-1,406,-1,4864,1,1,1,19456,0.410417,1,"clFinish_profiled"
"OpenCL","COMPUTE","ffn_out-11","MUL_MAT","f32",-1,407,-1,896,1,1,1,3584,1.093177,1,"clFinish_profiled"
"OpenCL","COMPUTE","l_out-11","ADD","f32",-1,408,-1,896,1,1,1,3584,0.385938,1,"clFinish_profiled"
"OpenCL","COMPUTE","node_412","MUL_MAT","f32",-1,411,-1,896,1,1,1,3584,0.571719,1,"clFinish_profiled"
"OpenCL","COMPUTE","Qcur-12","ADD","f32",-1,412,-1,896,1,1,1,3584,0.388438,1,"clFinish_profiled"
"OpenCL","COMPUTE","Qcur-12","ROPE","f32",-1,414,-1,64,14,1,1,3584,0.393437,1,"clFinish_profiled"
"OpenCL","COMPUTE","node_416","MUL_MAT","f32",-1,415,-1,128,1,1,1,512,0.542291,1,"clFinish_profiled"
"OpenCL","COMPUTE","Kcur-12","ADD","f32",-1,416,-1,128,1,1,1,512,0.554011,1,"clFinish_profiled"
"OpenCL","COMPUTE","Kcur-12","ROPE","f32",-1,418,-1,64,2,1,1,512,0.779010,1,"clFinish_profiled"
"OpenCL","COMPUTE","node_420","MUL_MAT","f32",-1,419,-1,128,1,1,1,512,0.521771,1,"clFinish_profiled"
"OpenCL","COMPUTE","Vcur-12","ADD","f32",-1,420,-1,128,1,1,1,512,0.394948,1,"clFinish_profiled"
"OpenCL","COMPUTE","cache_k_l12 (view)","SET_ROWS","f16",-1,423,-1,128,512,1,1,131072,0.393281,1,"clFinish_profiled"
"OpenCL","COMPUTE","cache_v_l12 (view)","SET_ROWS","f16",-1,425,-1,128,512,1,1,131072,0.390260,1,"clFinish_profiled"
"OpenCL","COMPUTE","__fattn__-12","FLASH_ATTN_EXT","f32",-1,432,-1,64,14,1,1,3584,0.773646,1,"clFinish_profiled"
"OpenCL","COMPUTE","node_435","MUL_MAT","f32",-1,434,-1,896,1,1,1,3584,0.526041,1,"clFinish_profiled"
"OpenCL","COMPUTE","ffn_inp-12","ADD","f32",-1,435,-1,896,1,1,1,3584,0.400208,1,"clFinish_profiled"
"OpenCL","COMPUTE","ffn_gate-12","MUL_MAT","f32",-1,438,-1,4864,1,1,1,19456,1.098072,1,"clFinish_profiled"
"OpenCL","COMPUTE","ffn_up-12","MUL_MAT","f32",-1,439,-1,4864,1,1,1,19456,1.017552,1,"clFinish_profiled"
"OpenCL","COMPUTE","ffn_swiglu-12","GLU","f32",-1,440,-1,4864,1,1,1,19456,0.408542,1,"clFinish_profiled"
"OpenCL","COMPUTE","ffn_out-12","MUL_MAT","f32",-1,441,-1,896,1,1,1,3584,1.288333,1,"clFinish_profiled"
"OpenCL","COMPUTE","l_out-12","ADD","f32",-1,442,-1,896,1,1,1,3584,0.831927,1,"clFinish_profiled"
"OpenCL","COMPUTE","node_446","MUL_MAT","f32",-1,445,-1,896,1,1,1,3584,0.622083,1,"clFinish_profiled"
"OpenCL","COMPUTE","Qcur-13","ADD","f32",-1,446,-1,896,1,1,1,3584,0.396823,1,"clFinish_profiled"
"OpenCL","COMPUTE","Qcur-13","ROPE","f32",-1,448,-1,64,14,1,1,3584,0.402604,1,"clFinish_profiled"
"OpenCL","COMPUTE","node_450","MUL_MAT","f32",-1,449,-1,128,1,1,1,512,0.428334,1,"clFinish_profiled"
"OpenCL","COMPUTE","Kcur-13","ADD","f32",-1,450,-1,128,1,1,1,512,0.385365,1,"clFinish_profiled"
"OpenCL","COMPUTE","Kcur-13","ROPE","f32",-1,452,-1,64,2,1,1,512,0.398958,1,"clFinish_profiled"
"OpenCL","COMPUTE","node_454","MUL_MAT","f32",-1,453,-1,128,1,1,1,512,0.432552,1,"clFinish_profiled"
"OpenCL","COMPUTE","Vcur-13","ADD","f32",-1,454,-1,128,1,1,1,512,0.383333,1,"clFinish_profiled"
"OpenCL","COMPUTE","cache_k_l13 (view)","SET_ROWS","f16",-1,457,-1,128,512,1,1,131072,0.407709,1,"clFinish_profiled"
"OpenCL","COMPUTE","cache_v_l13 (view)","SET_ROWS","f16",-1,459,-1,128,512,1,1,131072,0.394062,1,"clFinish_profiled"
"OpenCL","COMPUTE","__fattn__-13","FLASH_ATTN_EXT","f32",-1,466,-1,64,14,1,1,3584,0.776979,1,"clFinish_profiled"
"OpenCL","COMPUTE","node_469","MUL_MAT","f32",-1,468,-1,896,1,1,1,3584,0.549688,1,"clFinish_profiled"
"OpenCL","COMPUTE","ffn_inp-13","ADD","f32",-1,469,-1,896,1,1,1,3584,0.442031,1,"clFinish_profiled"
"OpenCL","COMPUTE","ffn_gate-13","MUL_MAT","f32",-1,472,-1,4864,1,1,1,19456,1.087656,1,"clFinish_profiled"
"OpenCL","COMPUTE","ffn_up-13","MUL_MAT","f32",-1,473,-1,4864,1,1,1,19456,1.033802,1,"clFinish_profiled"
"OpenCL","COMPUTE","ffn_swiglu-13","GLU","f32",-1,474,-1,4864,1,1,1,19456,0.428959,1,"clFinish_profiled"
"OpenCL","COMPUTE","ffn_out-13","MUL_MAT","f32",-1,475,-1,896,1,1,1,3584,1.881146,1,"clFinish_profiled"
"OpenCL","COMPUTE","l_out-13","ADD","f32",-1,476,-1,896,1,1,1,3584,0.780834,1,"clFinish_profiled"
"OpenCL","COMPUTE","node_480","MUL_MAT","f32",-1,479,-1,896,1,1,1,3584,0.670677,1,"clFinish_profiled"
"OpenCL","COMPUTE","Qcur-14","ADD","f32",-1,480,-1,896,1,1,1,3584,0.407239,1,"clFinish_profiled"
"OpenCL","COMPUTE","Qcur-14","ROPE","f32",-1,482,-1,64,14,1,1,3584,0.406250,1,"clFinish_profiled"
"OpenCL","COMPUTE","node_484","MUL_MAT","f32",-1,483,-1,128,1,1,1,512,0.431979,1,"clFinish_profiled"
"OpenCL","COMPUTE","Kcur-14","ADD","f32",-1,484,-1,128,1,1,1,512,0.384844,1,"clFinish_profiled"
"OpenCL","COMPUTE","Kcur-14","ROPE","f32",-1,486,-1,64,2,1,1,512,0.887708,1,"clFinish_profiled"
"OpenCL","COMPUTE","node_488","MUL_MAT","f32",-1,487,-1,128,1,1,1,512,0.462188,1,"clFinish_profiled"
"OpenCL","COMPUTE","Vcur-14","ADD","f32",-1,488,-1,128,1,1,1,512,0.407396,1,"clFinish_profiled"
"OpenCL","COMPUTE","cache_k_l14 (view)","SET_ROWS","f16",-1,491,-1,128,512,1,1,131072,0.404167,1,"clFinish_profiled"
"OpenCL","COMPUTE","cache_v_l14 (view)","SET_ROWS","f16",-1,493,-1,128,512,1,1,131072,0.388438,1,"clFinish_profiled"
"OpenCL","COMPUTE","__fattn__-14","FLASH_ATTN_EXT","f32",-1,500,-1,64,14,1,1,3584,0.775572,1,"clFinish_profiled"
"OpenCL","COMPUTE","node_503","MUL_MAT","f32",-1,502,-1,896,1,1,1,3584,0.541198,1,"clFinish_profiled"
"OpenCL","COMPUTE","ffn_inp-14","ADD","f32",-1,503,-1,896,1,1,1,3584,0.371042,1,"clFinish_profiled"
"OpenCL","COMPUTE","ffn_gate-14","MUL_MAT","f32",-1,506,-1,4864,1,1,1,19456,1.047604,1,"clFinish_profiled"
"OpenCL","COMPUTE","ffn_up-14","MUL_MAT","f32",-1,507,-1,4864,1,1,1,19456,1.007083,1,"clFinish_profiled"
"OpenCL","COMPUTE","ffn_swiglu-14","GLU","f32",-1,508,-1,4864,1,1,1,19456,0.593750,1,"clFinish_profiled"
"OpenCL","COMPUTE","ffn_out-14","MUL_MAT","f32",-1,509,-1,896,1,1,1,3584,1.792969,1,"clFinish_profiled"
"OpenCL","COMPUTE","l_out-14","ADD","f32",-1,510,-1,896,1,1,1,3584,0.805000,1,"clFinish_profiled"
"OpenCL","COMPUTE","node_514","MUL_MAT","f32",-1,513,-1,896,1,1,1,3584,1.271615,1,"clFinish_profiled"
"OpenCL","COMPUTE","Qcur-15","ADD","f32",-1,514,-1,896,1,1,1,3584,0.773282,1,"clFinish_profiled"
"OpenCL","COMPUTE","Qcur-15","ROPE","f32",-1,516,-1,64,14,1,1,3584,0.450729,1,"clFinish_profiled"
"OpenCL","COMPUTE","node_518","MUL_MAT","f32",-1,517,-1,128,1,1,1,512,0.437656,1,"clFinish_profiled"
"OpenCL","COMPUTE","Kcur-15","ADD","f32",-1,518,-1,128,1,1,1,512,0.391094,1,"clFinish_profiled"
"OpenCL","COMPUTE","Kcur-15","ROPE","f32",-1,520,-1,64,2,1,1,512,0.389792,1,"clFinish_profiled"
"OpenCL","COMPUTE","node_522","MUL_MAT","f32",-1,521,-1,128,1,1,1,512,0.528697,1,"clFinish_profiled"
"OpenCL","COMPUTE","Vcur-15","ADD","f32",-1,522,-1,128,1,1,1,512,0.862969,1,"clFinish_profiled"
"OpenCL","COMPUTE","cache_k_l15 (view)","SET_ROWS","f16",-1,525,-1,128,512,1,1,131072,0.457969,1,"clFinish_profiled"
"OpenCL","COMPUTE","cache_v_l15 (view)","SET_ROWS","f16",-1,527,-1,128,512,1,1,131072,0.400052,1,"clFinish_profiled"
"OpenCL","COMPUTE","__fattn__-15","FLASH_ATTN_EXT","f32",-1,534,-1,64,14,1,1,3584,0.830573,1,"clFinish_profiled"
"OpenCL","COMPUTE","node_537","MUL_MAT","f32",-1,536,-1,896,1,1,1,3584,0.558802,1,"clFinish_profiled"
"OpenCL","COMPUTE","ffn_inp-15","ADD","f32",-1,537,-1,896,1,1,1,3584,0.393333,1,"clFinish_profiled"
"OpenCL","COMPUTE","ffn_gate-15","MUL_MAT","f32",-1,540,-1,4864,1,1,1,19456,1.077761,1,"clFinish_profiled"
"OpenCL","COMPUTE","ffn_up-15","MUL_MAT","f32",-1,541,-1,4864,1,1,1,19456,1.028021,1,"clFinish_profiled"
"OpenCL","COMPUTE","ffn_swiglu-15","GLU","f32",-1,542,-1,4864,1,1,1,19456,0.424896,1,"clFinish_profiled"
"OpenCL","COMPUTE","ffn_out-15","MUL_MAT","f32",-1,543,-1,896,1,1,1,3584,1.089010,1,"clFinish_profiled"
"OpenCL","COMPUTE","l_out-15","ADD","f32",-1,544,-1,896,1,1,1,3584,0.392657,1,"clFinish_profiled"
"OpenCL","COMPUTE","node_548","MUL_MAT","f32",-1,547,-1,896,1,1,1,3584,0.587291,1,"clFinish_profiled"
"OpenCL","COMPUTE","Qcur-16","ADD","f32",-1,548,-1,896,1,1,1,3584,0.387135,1,"clFinish_profiled"
"OpenCL","COMPUTE","Qcur-16","ROPE","f32",-1,550,-1,64,14,1,1,3584,0.392135,1,"clFinish_profiled"
"OpenCL","COMPUTE","node_552","MUL_MAT","f32",-1,551,-1,128,1,1,1,512,0.420209,1,"clFinish_profiled"
"OpenCL","COMPUTE","Kcur-16","ADD","f32",-1,552,-1,128,1,1,1,512,0.414219,1,"clFinish_profiled"
"OpenCL","COMPUTE","Kcur-16","ROPE","f32",-1,554,-1,64,2,1,1,512,0.388073,1,"clFinish_profiled"
"OpenCL","COMPUTE","node_556","MUL_MAT","f32",-1,555,-1,128,1,1,1,512,0.430052,1,"clFinish_profiled"
"OpenCL","COMPUTE","Vcur-16","ADD","f32",-1,556,-1,128,1,1,1,512,0.386563,1,"clFinish_profiled"
"OpenCL","COMPUTE","cache_k_l16 (view)","SET_ROWS","f16",-1,559,-1,128,512,1,1,131072,0.372448,1,"clFinish_profiled"
"OpenCL","COMPUTE","cache_v_l16 (view)","SET_ROWS","f16",-1,561,-1,128,512,1,1,131072,0.412865,1,"clFinish_profiled"
"OpenCL","COMPUTE","__fattn__-16","FLASH_ATTN_EXT","f32",-1,568,-1,64,14,1,1,3584,0.785886,1,"clFinish_profiled"
"OpenCL","COMPUTE","node_571","MUL_MAT","f32",-1,570,-1,896,1,1,1,3584,0.559687,1,"clFinish_profiled"
"OpenCL","COMPUTE","ffn_inp-16","ADD","f32",-1,571,-1,896,1,1,1,3584,0.391718,1,"clFinish_profiled"
"OpenCL","COMPUTE","ffn_gate-16","MUL_MAT","f32",-1,574,-1,4864,1,1,1,19456,1.066302,1,"clFinish_profiled"
"OpenCL","COMPUTE","ffn_up-16","MUL_MAT","f32",-1,575,-1,4864,1,1,1,19456,1.066927,1,"clFinish_profiled"
"OpenCL","COMPUTE","ffn_swiglu-16","GLU","f32",-1,576,-1,4864,1,1,1,19456,0.444375,1,"clFinish_profiled"
"OpenCL","COMPUTE","ffn_out-16","MUL_MAT","f32",-1,577,-1,896,1,1,1,3584,1.263177,1,"clFinish_profiled"
"OpenCL","COMPUTE","l_out-16","ADD","f32",-1,578,-1,896,1,1,1,3584,0.794271,1,"clFinish_profiled"
"OpenCL","COMPUTE","node_582","MUL_MAT","f32",-1,581,-1,896,1,1,1,3584,0.641875,1,"clFinish_profiled"
"OpenCL","COMPUTE","Qcur-17","ADD","f32",-1,582,-1,896,1,1,1,3584,0.393802,1,"clFinish_profiled"
"OpenCL","COMPUTE","Qcur-17","ROPE","f32",-1,584,-1,64,14,1,1,3584,0.412500,1,"clFinish_profiled"
"OpenCL","COMPUTE","node_586","MUL_MAT","f32",-1,585,-1,128,1,1,1,512,0.431875,1,"clFinish_profiled"
"OpenCL","COMPUTE","Kcur-17","ADD","f32",-1,586,-1,128,1,1,1,512,0.373177,1,"clFinish_profiled"
"OpenCL","COMPUTE","Kcur-17","ROPE","f32",-1,588,-1,64,2,1,1,512,0.407031,1,"clFinish_profiled"
"OpenCL","COMPUTE","node_590","MUL_MAT","f32",-1,589,-1,128,1,1,1,512,0.428125,1,"clFinish_profiled"
"OpenCL","COMPUTE","Vcur-17","ADD","f32",-1,590,-1,128,1,1,1,512,0.381927,1,"clFinish_profiled"
"OpenCL","COMPUTE","cache_k_l17 (view)","SET_ROWS","f16",-1,593,-1,128,512,1,1,131072,0.390209,1,"clFinish_profiled"
"OpenCL","COMPUTE","cache_v_l17 (view)","SET_ROWS","f16",-1,595,-1,128,512,1,1,131072,0.399375,1,"clFinish_profiled"
"OpenCL","COMPUTE","__fattn__-17","FLASH_ATTN_EXT","f32",-1,602,-1,64,14,1,1,3584,0.784218,1,"clFinish_profiled"
"OpenCL","COMPUTE","node_605","MUL_MAT","f32",-1,604,-1,896,1,1,1,3584,0.562552,1,"clFinish_profiled"
"OpenCL","COMPUTE","ffn_inp-17","ADD","f32",-1,605,-1,896,1,1,1,3584,0.389948,1,"clFinish_profiled"
"OpenCL","COMPUTE","ffn_gate-17","MUL_MAT","f32",-1,608,-1,4864,1,1,1,19456,1.084792,1,"clFinish_profiled"
"OpenCL","COMPUTE","ffn_up-17","MUL_MAT","f32",-1,609,-1,4864,1,1,1,19456,1.712084,1,"clFinish_profiled"
"OpenCL","COMPUTE","ffn_swiglu-17","GLU","f32",-1,610,-1,4864,1,1,1,19456,0.828125,1,"clFinish_profiled"
"OpenCL","COMPUTE","ffn_out-17","MUL_MAT","f32",-1,611,-1,896,1,1,1,3584,1.292032,1,"clFinish_profiled"
"OpenCL","COMPUTE","l_out-17","ADD","f32",-1,612,-1,896,1,1,1,3584,0.779063,1,"clFinish_profiled"
"OpenCL","COMPUTE","node_616","MUL_MAT","f32",-1,615,-1,896,1,1,1,3584,0.662187,1,"clFinish_profiled"
"OpenCL","COMPUTE","Qcur-18","ADD","f32",-1,616,-1,896,1,1,1,3584,0.406146,1,"clFinish_profiled"
"OpenCL","COMPUTE","Qcur-18","ROPE","f32",-1,618,-1,64,14,1,1,3584,0.424375,1,"clFinish_profiled"
"OpenCL","COMPUTE","node_620","MUL_MAT","f32",-1,619,-1,128,1,1,1,512,0.429479,1,"clFinish_profiled"
"OpenCL","COMPUTE","Kcur-18","ADD","f32",-1,620,-1,128,1,1,1,512,0.381875,1,"clFinish_profiled"
"OpenCL","COMPUTE","Kcur-18","ROPE","f32",-1,622,-1,64,2,1,1,512,0.392604,1,"clFinish_profiled"
"OpenCL","COMPUTE","node_624","MUL_MAT","f32",-1,623,-1,128,1,1,1,512,0.428594,1,"clFinish_profiled"
"OpenCL","COMPUTE","Vcur-18","ADD","f32",-1,624,-1,128,1,1,1,512,0.390782,1,"clFinish_profiled"
"OpenCL","COMPUTE","cache_k_l18 (view)","SET_ROWS","f16",-1,627,-1,128,512,1,1,131072,0.372135,1,"clFinish_profiled"
"OpenCL","COMPUTE","cache_v_l18 (view)","SET_ROWS","f16",-1,629,-1,128,512,1,1,131072,0.367760,1,"clFinish_profiled"
"OpenCL","COMPUTE","__fattn__-18","FLASH_ATTN_EXT","f32",-1,636,-1,64,14,1,1,3584,0.780156,1,"clFinish_profiled"
"OpenCL","COMPUTE","node_639","MUL_MAT","f32",-1,638,-1,896,1,1,1,3584,0.597761,1,"clFinish_profiled"
"OpenCL","COMPUTE","ffn_inp-18","ADD","f32",-1,639,-1,896,1,1,1,3584,0.383854,1,"clFinish_profiled"
"OpenCL","COMPUTE","ffn_gate-18","MUL_MAT","f32",-1,642,-1,4864,1,1,1,19456,1.072760,1,"clFinish_profiled"
"OpenCL","COMPUTE","ffn_up-18","MUL_MAT","f32",-1,643,-1,4864,1,1,1,19456,1.050833,1,"clFinish_profiled"
"OpenCL","COMPUTE","ffn_swiglu-18","GLU","f32",-1,644,-1,4864,1,1,1,19456,0.414010,1,"clFinish_profiled"
"OpenCL","COMPUTE","ffn_out-18","MUL_MAT","f32",-1,645,-1,896,1,1,1,3584,1.315885,1,"clFinish_profiled"
"OpenCL","COMPUTE","l_out-18","ADD","f32",-1,646,-1,896,1,1,1,3584,0.700312,1,"clFinish_profiled"
"OpenCL","COMPUTE","node_650","MUL_MAT","f32",-1,649,-1,896,1,1,1,3584,0.651459,1,"clFinish_profiled"
"OpenCL","COMPUTE","Qcur-19","ADD","f32",-1,650,-1,896,1,1,1,3584,0.393125,1,"clFinish_profiled"
"OpenCL","COMPUTE","Qcur-19","ROPE","f32",-1,652,-1,64,14,1,1,3584,0.396771,1,"clFinish_profiled"
"OpenCL","COMPUTE","node_654","MUL_MAT","f32",-1,653,-1,128,1,1,1,512,0.427552,1,"clFinish_profiled"
"OpenCL","COMPUTE","Kcur-19","ADD","f32",-1,654,-1,128,1,1,1,512,0.381562,1,"clFinish_profiled"
"OpenCL","COMPUTE","Kcur-19","ROPE","f32",-1,656,-1,64,2,1,1,512,0.444635,1,"clFinish_profiled"
"OpenCL","COMPUTE","node_658","MUL_MAT","f32",-1,657,-1,128,1,1,1,512,0.422187,1,"clFinish_profiled"
"OpenCL","COMPUTE","Vcur-19","ADD","f32",-1,658,-1,128,1,1,1,512,0.369531,1,"clFinish_profiled"
"OpenCL","COMPUTE","cache_k_l19 (view)","SET_ROWS","f16",-1,661,-1,128,512,1,1,131072,0.381719,1,"clFinish_profiled"
"OpenCL","COMPUTE","cache_v_l19 (view)","SET_ROWS","f16",-1,663,-1,128,512,1,1,131072,0.382864,1,"clFinish_profiled"
"OpenCL","COMPUTE","__fattn__-19","FLASH_ATTN_EXT","f32",-1,670,-1,64,14,1,1,3584,0.783333,1,"clFinish_profiled"
"OpenCL","COMPUTE","node_673","MUL_MAT","f32",-1,672,-1,896,1,1,1,3584,0.578594,1,"clFinish_profiled"
"OpenCL","COMPUTE","ffn_inp-19","ADD","f32",-1,673,-1,896,1,1,1,3584,0.385677,1,"clFinish_profiled"
"OpenCL","COMPUTE","ffn_gate-19","MUL_MAT","f32",-1,676,-1,4864,1,1,1,19456,1.207761,1,"clFinish_profiled"
"OpenCL","COMPUTE","ffn_up-19","MUL_MAT","f32",-1,677,-1,4864,1,1,1,19456,1.578906,1,"clFinish_profiled"
"OpenCL","COMPUTE","ffn_swiglu-19","GLU","f32",-1,678,-1,4864,1,1,1,19456,0.817448,1,"clFinish_profiled"
"OpenCL","COMPUTE","ffn_out-19","MUL_MAT","f32",-1,679,-1,896,1,1,1,3584,1.315469,1,"clFinish_profiled"
"OpenCL","COMPUTE","l_out-19","ADD","f32",-1,680,-1,896,1,1,1,3584,0.803698,1,"clFinish_profiled"
"OpenCL","COMPUTE","node_684","MUL_MAT","f32",-1,683,-1,896,1,1,1,3584,1.102917,1,"clFinish_profiled"
"OpenCL","COMPUTE","Qcur-20","ADD","f32",-1,684,-1,896,1,1,1,3584,0.861406,1,"clFinish_profiled"
"OpenCL","COMPUTE","Qcur-20","ROPE","f32",-1,686,-1,64,14,1,1,3584,0.440521,1,"clFinish_profiled"
"OpenCL","COMPUTE","node_688","MUL_MAT","f32",-1,687,-1,128,1,1,1,512,0.431094,1,"clFinish_profiled"
"OpenCL","COMPUTE","Kcur-20","ADD","f32",-1,688,-1,128,1,1,1,512,0.391875,1,"clFinish_profiled"
"OpenCL","COMPUTE","Kcur-20","ROPE","f32",-1,690,-1,64,2,1,1,512,0.401719,1,"clFinish_profiled"
"OpenCL","COMPUTE","node_692","MUL_MAT","f32",-1,691,-1,128,1,1,1,512,0.424583,1,"clFinish_profiled"
"OpenCL","COMPUTE","Vcur-20","ADD","f32",-1,692,-1,128,1,1,1,512,0.426927,1,"clFinish_profiled"
"OpenCL","COMPUTE","cache_k_l20 (view)","SET_ROWS","f16",-1,695,-1,128,512,1,1,131072,0.393385,1,"clFinish_profiled"
"OpenCL","COMPUTE","cache_v_l20 (view)","SET_ROWS","f16",-1,697,-1,128,512,1,1,131072,0.391667,1,"clFinish_profiled"
"OpenCL","COMPUTE","__fattn__-20","FLASH_ATTN_EXT","f32",-1,704,-1,64,14,1,1,3584,0.787657,1,"clFinish_profiled"
"OpenCL","COMPUTE","node_707","MUL_MAT","f32",-1,706,-1,896,1,1,1,3584,0.591614,1,"clFinish_profiled"
"OpenCL","COMPUTE","ffn_inp-20","ADD","f32",-1,707,-1,896,1,1,1,3584,0.389271,1,"clFinish_profiled"
"OpenCL","COMPUTE","ffn_gate-20","MUL_MAT","f32",-1,710,-1,4864,1,1,1,19456,1.057031,1,"clFinish_profiled"
"OpenCL","COMPUTE","ffn_up-20","MUL_MAT","f32",-1,711,-1,4864,1,1,1,19456,1.013854,1,"clFinish_profiled"
"OpenCL","COMPUTE","ffn_swiglu-20","GLU","f32",-1,712,-1,4864,1,1,1,19456,0.445781,1,"clFinish_profiled"
"OpenCL","COMPUTE","ffn_out-20","MUL_MAT","f32",-1,713,-1,896,1,1,1,3584,1.172760,1,"clFinish_profiled"
"OpenCL","COMPUTE","l_out-20","ADD","f32",-1,714,-1,896,1,1,1,3584,0.407813,1,"clFinish_profiled"
"OpenCL","COMPUTE","node_718","MUL_MAT","f32",-1,717,-1,896,1,1,1,3584,0.577760,1,"clFinish_profiled"
"OpenCL","COMPUTE","Qcur-21","ADD","f32",-1,718,-1,896,1,1,1,3584,0.451980,1,"clFinish_profiled"
"OpenCL","COMPUTE","Qcur-21","ROPE","f32",-1,720,-1,64,14,1,1,3584,0.405468,1,"clFinish_profiled"
"OpenCL","COMPUTE","node_722","MUL_MAT","f32",-1,721,-1,128,1,1,1,512,0.432136,1,"clFinish_profiled"
"OpenCL","COMPUTE","Kcur-21","ADD","f32",-1,722,-1,128,1,1,1,512,0.393906,1,"clFinish_profiled"
"OpenCL","COMPUTE","Kcur-21","ROPE","f32",-1,724,-1,64,2,1,1,512,0.402604,1,"clFinish_profiled"
"OpenCL","COMPUTE","node_726","MUL_MAT","f32",-1,725,-1,128,1,1,1,512,0.434636,1,"clFinish_profiled"
"OpenCL","COMPUTE","Vcur-21","ADD","f32",-1,726,-1,128,1,1,1,512,0.387500,1,"clFinish_profiled"
"OpenCL","COMPUTE","cache_k_l21 (view)","SET_ROWS","f16",-1,729,-1,128,512,1,1,131072,0.390990,1,"clFinish_profiled"
"OpenCL","COMPUTE","cache_v_l21 (view)","SET_ROWS","f16",-1,731,-1,128,512,1,1,131072,0.388906,1,"clFinish_profiled"
"OpenCL","COMPUTE","__fattn__-21","FLASH_ATTN_EXT","f32",-1,738,-1,64,14,1,1,3584,0.791614,1,"clFinish_profiled"
"OpenCL","COMPUTE","node_741","MUL_MAT","f32",-1,740,-1,896,1,1,1,3584,0.531614,1,"clFinish_profiled"
"OpenCL","COMPUTE","ffn_inp-21","ADD","f32",-1,741,-1,896,1,1,1,3584,0.388750,1,"clFinish_profiled"
"OpenCL","COMPUTE","ffn_gate-21","MUL_MAT","f32",-1,744,-1,4864,1,1,1,19456,1.111458,1,"clFinish_profiled"
"OpenCL","COMPUTE","ffn_up-21","MUL_MAT","f32",-1,745,-1,4864,1,1,1,19456,1.007187,1,"clFinish_profiled"
"OpenCL","COMPUTE","ffn_swiglu-21","GLU","f32",-1,746,-1,4864,1,1,1,19456,0.412864,1,"clFinish_profiled"
"OpenCL","COMPUTE","ffn_out-21","MUL_MAT","f32",-1,747,-1,896,1,1,1,3584,1.289792,1,"clFinish_profiled"
"OpenCL","COMPUTE","l_out-21","ADD","f32",-1,748,-1,896,1,1,1,3584,0.957605,1,"clFinish_profiled"
"OpenCL","COMPUTE","node_752","MUL_MAT","f32",-1,751,-1,896,1,1,1,3584,0.926771,1,"clFinish_profiled"
"OpenCL","COMPUTE","Qcur-22","ADD","f32",-1,752,-1,896,1,1,1,3584,0.426511,1,"clFinish_profiled"
"OpenCL","COMPUTE","Qcur-22","ROPE","f32",-1,754,-1,64,14,1,1,3584,0.397657,1,"clFinish_profiled"
"OpenCL","COMPUTE","node_756","MUL_MAT","f32",-1,755,-1,128,1,1,1,512,0.425364,1,"clFinish_profiled"
"OpenCL","COMPUTE","Kcur-22","ADD","f32",-1,756,-1,128,1,1,1,512,0.393646,1,"clFinish_profiled"
"OpenCL","COMPUTE","Kcur-22","ROPE","f32",-1,758,-1,64,2,1,1,512,0.392448,1,"clFinish_profiled"
"OpenCL","COMPUTE","node_760","MUL_MAT","f32",-1,759,-1,128,1,1,1,512,0.435573,1,"clFinish_profiled"
"OpenCL","COMPUTE","Vcur-22","ADD","f32",-1,760,-1,128,1,1,1,512,0.474688,1,"clFinish_profiled"
"OpenCL","COMPUTE","cache_k_l22 (view)","SET_ROWS","f16",-1,763,-1,128,512,1,1,131072,0.391355,1,"clFinish_profiled"
"OpenCL","COMPUTE","cache_v_l22 (view)","SET_ROWS","f16",-1,765,-1,128,512,1,1,131072,0.391146,1,"clFinish_profiled"
"OpenCL","COMPUTE","__fattn__-22","FLASH_ATTN_EXT","f32",-1,772,-1,64,14,1,1,3584,0.774167,1,"clFinish_profiled"
"OpenCL","COMPUTE","node_775","MUL_MAT","f32",-1,774,-1,896,1,1,1,3584,0.541510,1,"clFinish_profiled"
"OpenCL","COMPUTE","ffn_inp-22","ADD","f32",-1,775,-1,896,1,1,1,3584,0.385000,1,"clFinish_profiled"
"OpenCL","COMPUTE","ffn_gate-22","MUL_MAT","f32",-1,778,-1,4864,1,1,1,19456,1.097031,1,"clFinish_profiled"
"OpenCL","COMPUTE","ffn_up-22","MUL_MAT","f32",-1,779,-1,4864,1,1,1,19456,1.029740,1,"clFinish_profiled"
"OpenCL","COMPUTE","ffn_swiglu-22","GLU","f32",-1,780,-1,4864,1,1,1,19456,0.409114,1,"clFinish_profiled"
"OpenCL","COMPUTE","ffn_out-22","MUL_MAT","f32",-1,781,-1,896,1,1,1,3584,1.085782,1,"clFinish_profiled"
"OpenCL","COMPUTE","l_out-22","ADD","f32",-1,782,-1,896,1,1,1,3584,0.399375,1,"clFinish_profiled"
"OpenCL","COMPUTE","node_786","MUL_MAT","f32",-1,785,-1,896,1,1,1,3584,0.575417,1,"clFinish_profiled"
"OpenCL","COMPUTE","Qcur-23","ADD","f32",-1,786,-1,896,1,1,1,3584,0.379896,1,"clFinish_profiled"
"OpenCL","COMPUTE","Qcur-23","ROPE","f32",-1,788,-1,64,14,1,1,3584,0.400364,1,"clFinish_profiled"
"OpenCL","COMPUTE","node_790","MUL_MAT","f32",-1,789,-1,128,1,1,1,512,0.450417,1,"clFinish_profiled"
"OpenCL","COMPUTE","Kcur-23","ADD","f32",-1,790,-1,128,1,1,1,512,0.390312,1,"clFinish_profiled"
"OpenCL","COMPUTE","Kcur-23","ROPE","f32",-1,792,-1,64,2,1,1,512,0.395834,1,"clFinish_profiled"
"OpenCL","COMPUTE","node_794","MUL_MAT","f32",-1,793,-1,128,1,1,1,512,0.424687,1,"clFinish_profiled"
"OpenCL","COMPUTE","Vcur-23","ADD","f32",-1,794,-1,128,1,1,1,512,0.379532,1,"clFinish_profiled"
"OpenCL","COMPUTE","cache_k_l23 (view)","SET_ROWS","f16",-1,797,-1,128,512,1,1,131072,0.382552,1,"clFinish_profiled"
"OpenCL","COMPUTE","cache_v_l23 (view)","SET_ROWS","f16",-1,799,-1,128,512,1,1,131072,0.390573,1,"clFinish_profiled"
"OpenCL","COMPUTE","__fattn__-23","FLASH_ATTN_EXT","f32",-1,806,-1,64,14,1,1,3584,0.781719,1,"clFinish_profiled"
"OpenCL","COMPUTE","node_809","MUL_MAT","f32",-1,808,-1,896,1,1,1,3584,0.577291,1,"clFinish_profiled"
"OpenCL","COMPUTE","node_810","GET_ROWS","f32",-1,809,-1,896,1,1,1,3584,0.401979,1,"clFinish_profiled"
"OpenCL","COMPUTE","node_811","GET_ROWS","f32",-1,810,-1,896,1,1,1,3584,0.401302,1,"clFinish_profiled"
"OpenCL","COMPUTE","ffn_inp-23","ADD","f32",-1,811,-1,896,1,1,1,3584,0.384740,1,"clFinish_profiled"
"OpenCL","COMPUTE","ffn_gate-23","MUL_MAT","f32",-1,814,-1,4864,1,1,1,19456,1.062500,1,"clFinish_profiled"
"OpenCL","COMPUTE","ffn_up-23","MUL_MAT","f32",-1,815,-1,4864,1,1,1,19456,1.036093,1,"clFinish_profiled"
"OpenCL","COMPUTE","ffn_swiglu-23","GLU","f32",-1,816,-1,4864,1,1,1,19456,0.429948,1,"clFinish_profiled"
"OpenCL","COMPUTE","ffn_out-23","MUL_MAT","f32",-1,817,-1,896,1,1,1,3584,1.387344,1,"clFinish_profiled"
"OpenCL","COMPUTE","l_out-23","ADD","f32",-1,818,-1,896,1,1,1,3584,0.862135,1,"clFinish_profiled"
"OpenCL","COMPUTE","result_output","MUL_MAT","f32",-1,821,-1,151936,1,1,1,607744,20.095208,1,"clFinish_profiled"
"CPU_Elastic","COMPUTE_GRAPH","ggml_cgraph","GRAPH","",-1,1,-1,0,0,0,0,0,0.011302,1,"delegate_cpu_graph"
"OpenCL","COMPUTE","node_3","MUL_MAT","f32",-1,2,-1,896,1,1,1,3584,1.128698,1,"clFinish_profiled"
"OpenCL","COMPUTE","Qcur-0","ADD","f32",-1,3,-1,896,1,1,1,3584,0.779323,1,"clFinish_profiled"
"OpenCL","COMPUTE","Qcur-0","ROPE","f32",-1,5,-1,64,14,1,1,3584,0.563750,1,"clFinish_profiled"
"OpenCL","COMPUTE","node_7","MUL_MAT","f32",-1,6,-1,128,1,1,1,512,0.449583,1,"clFinish_profiled"
"OpenCL","COMPUTE","Kcur-0","ADD","f32",-1,7,-1,128,1,1,1,512,0.393854,1,"clFinish_profiled"
"OpenCL","COMPUTE","Kcur-0","ROPE","f32",-1,9,-1,64,2,1,1,512,0.408541,1,"clFinish_profiled"
"OpenCL","COMPUTE","node_11","MUL_MAT","f32",-1,10,-1,128,1,1,1,512,0.488698,1,"clFinish_profiled"
"OpenCL","COMPUTE","Vcur-0","ADD","f32",-1,11,-1,128,1,1,1,512,0.417031,1,"clFinish_profiled"
"OpenCL","COMPUTE","cache_k_l0 (view)","SET_ROWS","f16",-1,14,-1,128,512,1,1,131072,0.411250,1,"clFinish_profiled"
"OpenCL","COMPUTE","cache_v_l0 (view)","SET_ROWS","f16",-1,16,-1,128,512,1,1,131072,0.402188,1,"clFinish_profiled"
"OpenCL","COMPUTE"," (copy)","CPY","f16",-1,23,-1,256,64,1,1,32768,0.441093,1,"clFinish_profiled"
"OpenCL","COMPUTE","__fattn__-0","FLASH_ATTN_EXT","f32",-1,24,-1,64,14,1,1,3584,0.786354,1,"clFinish_profiled"
"OpenCL","COMPUTE","node_27","MUL_MAT","f32",-1,26,-1,896,1,1,1,3584,0.566406,1,"clFinish_profiled"
"OpenCL","COMPUTE","ffn_inp-0","ADD","f32",-1,27,-1,896,1,1,1,3584,0.408125,1,"clFinish_profiled"
"OpenCL","COMPUTE","ffn_gate-0","MUL_MAT","f32",-1,30,-1,4864,1,1,1,19456,1.077552,1,"clFinish_profiled"
"OpenCL","COMPUTE","ffn_up-0","MUL_MAT","f32",-1,31,-1,4864,1,1,1,19456,1.057604,1,"clFinish_profiled"
"OpenCL","COMPUTE","ffn_swiglu-0","GLU","f32",-1,32,-1,4864,1,1,1,19456,0.461771,1,"clFinish_profiled"
"OpenCL","COMPUTE","ffn_out-0","MUL_MAT","f32",-1,33,-1,896,1,1,1,3584,1.143334,1,"clFinish_profiled"
"OpenCL","COMPUTE","l_out-0","ADD","f32",-1,34,-1,896,1,1,1,3584,0.563229,1,"clFinish_profiled"
"OpenCL","COMPUTE","node_38","MUL_MAT","f32",-1,37,-1,896,1,1,1,3584,0.900052,1,"clFinish_profiled"
"OpenCL","COMPUTE","Qcur-1","ADD","f32",-1,38,-1,896,1,1,1,3584,0.412605,1,"clFinish_profiled"
"OpenCL","COMPUTE","Qcur-1","ROPE","f32",-1,40,-1,64,14,1,1,3584,0.363229,1,"clFinish_profiled"
"OpenCL","COMPUTE","node_42","MUL_MAT","f32",-1,41,-1,128,1,1,1,512,0.396146,1,"clFinish_profiled"
"OpenCL","COMPUTE","Kcur-1","ADD","f32",-1,42,-1,128,1,1,1,512,0.357552,1,"clFinish_profiled"
"OpenCL","COMPUTE","Kcur-1","ROPE","f32",-1,44,-1,64,2,1,1,512,0.354427,1,"clFinish_profiled"
"OpenCL","COMPUTE","node_46","MUL_MAT","f32",-1,45,-1,128,1,1,1,512,0.390417,1,"clFinish_profiled"
"OpenCL","COMPUTE","Vcur-1","ADD","f32",-1,46,-1,128,1,1,1,512,0.356198,1,"clFinish_profiled"
"OpenCL","COMPUTE","cache_k_l1 (view)","SET_ROWS","f16",-1,49,-1,128,512,1,1,131072,0.351510,1,"clFinish_profiled"
"OpenCL","COMPUTE","cache_v_l1 (view)","SET_ROWS","f16",-1,51,-1,128,512,1,1,131072,0.341927,1,"clFinish_profiled"
"OpenCL","COMPUTE","__fattn__-1","FLASH_ATTN_EXT","f32",-1,58,-1,64,14,1,1,3584,0.742135,1,"clFinish_profiled"
"OpenCL","COMPUTE","node_61","MUL_MAT","f32",-1,60,-1,896,1,1,1,3584,0.500573,1,"clFinish_profiled"
"OpenCL","COMPUTE","ffn_inp-1","ADD","f32",-1,61,-1,896,1,1,1,3584,0.423750,1,"clFinish_profiled"
"OpenCL","COMPUTE","ffn_gate-1","MUL_MAT","f32",-1,64,-1,4864,1,1,1,19456,1.070000,1,"clFinish_profiled"
"OpenCL","COMPUTE","ffn_up-1","MUL_MAT","f32",-1,65,-1,4864,1,1,1,19456,1.039323,1,"clFinish_profiled"
"OpenCL","COMPUTE","ffn_swiglu-1","GLU","f32",-1,66,-1,4864,1,1,1,19456,0.412240,1,"clFinish_profiled"
"OpenCL","COMPUTE","ffn_out-1","MUL_MAT","f32",-1,67,-1,896,1,1,1,3584,1.093073,1,"clFinish_profiled"
"OpenCL","COMPUTE","l_out-1","ADD","f32",-1,68,-1,896,1,1,1,3584,0.416510,1,"clFinish_profiled"
"OpenCL","COMPUTE","node_72","MUL_MAT","f32",-1,71,-1,896,1,1,1,3584,1.281354,1,"clFinish_profiled"
"OpenCL","COMPUTE","Qcur-2","ADD","f32",-1,72,-1,896,1,1,1,3584,0.716302,1,"clFinish_profiled"
"OpenCL","COMPUTE","Qcur-2","ROPE","f32",-1,74,-1,64,14,1,1,3584,0.434584,1,"clFinish_profiled"
"OpenCL","COMPUTE","node_76","MUL_MAT","f32",-1,75,-1,128,1,1,1,512,0.428177,1,"clFinish_profiled"
"OpenCL","COMPUTE","Kcur-2","ADD","f32",-1,76,-1,128,1,1,1,512,0.385989,1,"clFinish_profiled"
"OpenCL","COMPUTE","Kcur-2","ROPE","f32",-1,78,-1,64,2,1,1,512,0.448281,1,"clFinish_profiled"
"OpenCL","COMPUTE","node_80","MUL_MAT","f32",-1,79,-1,128,1,1,1,512,0.884375,1,"clFinish_profiled"
"OpenCL","COMPUTE","Vcur-2","ADD","f32",-1,80,-1,128,1,1,1,512,1.015104,1,"clFinish_profiled"
"OpenCL","COMPUTE","cache_k_l2 (view)","SET_ROWS","f16",-1,83,-1,128,512,1,1,131072,0.510834,1,"clFinish_profiled"
"OpenCL","COMPUTE","cache_v_l2 (view)","SET_ROWS","f16",-1,85,-1,128,512,1,1,131072,0.466094,1,"clFinish_profiled"
"OpenCL","COMPUTE","__fattn__-2","FLASH_ATTN_EXT","f32",-1,92,-1,64,14,1,1,3584,1.468282,1,"clFinish_profiled"
"OpenCL","COMPUTE","node_95","MUL_MAT","f32",-1,94,-1,896,1,1,1,3584,0.966146,1,"clFinish_profiled"
"OpenCL","COMPUTE","ffn_inp-2","ADD","f32",-1,95,-1,896,1,1,1,3584,0.551718,1,"clFinish_profiled"
"OpenCL","COMPUTE","ffn_gate-2","MUL_MAT","f32",-1,98,-1,4864,1,1,1,19456,1.469583,1,"clFinish_profiled"
"OpenCL","COMPUTE","ffn_up-2","MUL_MAT","f32",-1,99,-1,4864,1,1,1,19456,1.874271,1,"clFinish_profiled"
"OpenCL","COMPUTE","ffn_swiglu-2","GLU","f32",-1,100,-1,4864,1,1,1,19456,0.964375,1,"clFinish_profiled"
"OpenCL","COMPUTE","ffn_out-2","MUL_MAT","f32",-1,101,-1,896,1,1,1,3584,1.606354,1,"clFinish_profiled"
"OpenCL","COMPUTE","l_out-2","ADD","f32",-1,102,-1,896,1,1,1,3584,0.787917,1,"clFinish_profiled"
"OpenCL","COMPUTE","node_106","MUL_MAT","f32",-1,105,-1,896,1,1,1,3584,0.640417,1,"clFinish_profiled"
"OpenCL","COMPUTE","Qcur-3","ADD","f32",-1,106,-1,896,1,1,1,3584,0.463281,1,"clFinish_profiled"
"OpenCL","COMPUTE","Qcur-3","ROPE","f32",-1,108,-1,64,14,1,1,3584,0.867656,1,"clFinish_profiled"
"OpenCL","COMPUTE","node_110","MUL_MAT","f32",-1,109,-1,128,1,1,1,512,0.470625,1,"clFinish_profiled"
"OpenCL","COMPUTE","Kcur-3","ADD","f32",-1,110,-1,128,1,1,1,512,0.395000,1,"clFinish_profiled"
"OpenCL","COMPUTE","Kcur-3","ROPE","f32",-1,112,-1,64,2,1,1,512,0.423229,1,"clFinish_profiled"
"OpenCL","COMPUTE","node_114","MUL_MAT","f32",-1,113,-1,128,1,1,1,512,0.510937,1,"clFinish_profiled"
"OpenCL","COMPUTE","Vcur-3","ADD","f32",-1,114,-1,128,1,1,1,512,0.861875,1,"clFinish_profiled"
"OpenCL","COMPUTE","cache_k_l3 (view)","SET_ROWS","f16",-1,117,-1,128,512,1,1,131072,0.569375,1,"clFinish_profiled"
"OpenCL","COMPUTE","cache_v_l3 (view)","SET_ROWS","f16",-1,119,-1,128,512,1,1,131072,0.419271,1,"clFinish_profiled"
"OpenCL","COMPUTE","__fattn__-3","FLASH_ATTN_EXT","f32",-1,126,-1,64,14,1,1,3584,0.809948,1,"clFinish_profiled"
"OpenCL","COMPUTE","node_129","MUL_MAT","f32",-1,128,-1,896,1,1,1,3584,0.554843,1,"clFinish_profiled"
"OpenCL","COMPUTE","ffn_inp-3","ADD","f32",-1,129,-1,896,1,1,1,3584,0.450573,1,"clFinish_profiled"
"OpenCL","COMPUTE","ffn_gate-3","MUL_MAT","f32",-1,132,-1,4864,1,1,1,19456,1.635052,1,"clFinish_profiled"
"OpenCL","COMPUTE","ffn_up-3","MUL_MAT","f32",-1,133,-1,4864,1,1,1,19456,1.543021,1,"clFinish_profiled"
"OpenCL","COMPUTE","ffn_swiglu-3","GLU","f32",-1,134,-1,4864,1,1,1,19456,0.783177,1,"clFinish_profiled"
"OpenCL","COMPUTE","ffn_out-3","MUL_MAT","f32",-1,135,-1,896,1,1,1,3584,1.323958,1,"clFinish_profiled"
"OpenCL","COMPUTE","l_out-3","ADD","f32",-1,136,-1,896,1,1,1,3584,0.855625,1,"clFinish_profiled"
"OpenCL","COMPUTE","node_140","MUL_MAT","f32",-1,139,-1,896,1,1,1,3584,0.657240,1,"clFinish_profiled"
"OpenCL","COMPUTE","Qcur-4","ADD","f32",-1,140,-1,896,1,1,1,3584,0.412708,1,"clFinish_profiled"
"OpenCL","COMPUTE","Qcur-4","ROPE","f32",-1,142,-1,64,14,1,1,3584,0.410417,1,"clFinish_profiled"
"OpenCL","COMPUTE","node_144","MUL_MAT","f32",-1,143,-1,128,1,1,1,512,0.445573,1,"clFinish_profiled"
"OpenCL","COMPUTE","Kcur-4","ADD","f32",-1,144,-1,128,1,1,1,512,0.392292,1,"clFinish_profiled"
"OpenCL","COMPUTE","Kcur-4","ROPE","f32",-1,146,-1,64,2,1,1,512,0.401980,1,"clFinish_profiled"
"OpenCL","COMPUTE","node_148","MUL_MAT","f32",-1,147,-1,128,1,1,1,512,0.442031,1,"clFinish_profiled"
"OpenCL","COMPUTE","Vcur-4","ADD","f32",-1,148,-1,128,1,1,1,512,0.395677,1,"clFinish_profiled"
"OpenCL","COMPUTE","cache_k_l4 (view)","SET_ROWS","f16",-1,151,-1,128,512,1,1,131072,0.395156,1,"clFinish_profiled"
"OpenCL","COMPUTE","cache_v_l4 (view)","SET_ROWS","f16",-1,153,-1,128,512,1,1,131072,0.393854,1,"clFinish_profiled"
"OpenCL","COMPUTE","__fattn__-4","FLASH_ATTN_EXT","f32",-1,160,-1,64,14,1,1,3584,0.871771,1,"clFinish_profiled"
"OpenCL","COMPUTE","node_163","MUL_MAT","f32",-1,162,-1,896,1,1,1,3584,0.988281,1,"clFinish_profiled"
"OpenCL","COMPUTE","ffn_inp-4","ADD","f32",-1,163,-1,896,1,1,1,3584,0.415417,1,"clFinish_profiled"
"OpenCL","COMPUTE","ffn_gate-4","MUL_MAT","f32",-1,166,-1,4864,1,1,1,19456,1.212292,1,"clFinish_profiled"
"OpenCL","COMPUTE","ffn_up-4","MUL_MAT","f32",-1,167,-1,4864,1,1,1,19456,1.562604,1,"clFinish_profiled"
"OpenCL","COMPUTE","ffn_swiglu-4","GLU","f32",-1,168,-1,4864,1,1,1,19456,0.801927,1,"clFinish_profiled"
"OpenCL","COMPUTE","ffn_out-4","MUL_MAT","f32",-1,169,-1,896,1,1,1,3584,1.144948,1,"clFinish_profiled"
"OpenCL","COMPUTE","l_out-4","ADD","f32",-1,170,-1,896,1,1,1,3584,0.418541,1,"clFinish_profiled"
"OpenCL","COMPUTE","node_174","MUL_MAT","f32",-1,173,-1,896,1,1,1,3584,0.573697,1,"clFinish_profiled"
"OpenCL","COMPUTE","Qcur-5","ADD","f32",-1,174,-1,896,1,1,1,3584,0.456823,1,"clFinish_profiled"
"OpenCL","COMPUTE","Qcur-5","ROPE","f32",-1,176,-1,64,14,1,1,3584,0.464844,1,"clFinish_profiled"
"OpenCL","COMPUTE","node_178","MUL_MAT","f32",-1,177,-1,128,1,1,1,512,0.457187,1,"clFinish_profiled"
"OpenCL","COMPUTE","Kcur-5","ADD","f32",-1,178,-1,128,1,1,1,512,0.394532,1,"clFinish_profiled"
"OpenCL","COMPUTE","Kcur-5","ROPE","f32",-1,180,-1,64,2,1,1,512,0.399115,1,"clFinish_profiled"
"OpenCL","COMPUTE","node_182","MUL_MAT","f32",-1,181,-1,128,1,1,1,512,0.508281,1,"clFinish_profiled"
"OpenCL","COMPUTE","Vcur-5","ADD","f32",-1,182,-1,128,1,1,1,512,0.416927,1,"clFinish_profiled"
"OpenCL","COMPUTE","cache_k_l5 (view)","SET_ROWS","f16",-1,185,-1,128,512,1,1,131072,0.412396,1,"clFinish_profiled"
"OpenCL","COMPUTE","cache_v_l5 (view)","SET_ROWS","f16",-1,187,-1,128,512,1,1,131072,0.417500,1,"clFinish_profiled"
"OpenCL","COMPUTE","__fattn__-5","FLASH_ATTN_EXT","f32",-1,194,-1,64,14,1,1,3584,0.796146,1,"clFinish_profiled"
"OpenCL","COMPUTE","node_197","MUL_MAT","f32",-1,196,-1,896,1,1,1,3584,0.534062,1,"clFinish_profiled"
"OpenCL","COMPUTE","ffn_inp-5","ADD","f32",-1,197,-1,896,1,1,1,3584,0.398177,1,"clFinish_profiled"
"OpenCL","COMPUTE","ffn_gate-5","MUL_MAT","f32",-1,200,-1,4864,1,1,1,19456,1.061667,1,"clFinish_profiled"
"OpenCL","COMPUTE","ffn_up-5","MUL_MAT","f32",-1,201,-1,4864,1,1,1,19456,1.029219,1,"clFinish_profiled"
"OpenCL","COMPUTE","ffn_swiglu-5","GLU","f32",-1,202,-1,4864,1,1,1,19456,0.466615,1,"clFinish_profiled"
"OpenCL","COMPUTE","ffn_out-5","MUL_MAT","f32",-1,203,-1,896,1,1,1,3584,1.927343,1,"clFinish_profiled"
"OpenCL","COMPUTE","l_out-5","ADD","f32",-1,204,-1,896,1,1,1,3584,0.804114,1,"clFinish_profiled"
"OpenCL","COMPUTE","node_208","MUL_MAT","f32",-1,207,-1,896,1,1,1,3584,0.638490,1,"clFinish_profiled"
"OpenCL","COMPUTE","Qcur-6","ADD","f32",-1,208,-1,896,1,1,1,3584,0.621563,1,"clFinish_profiled"
"OpenCL","COMPUTE","Qcur-6","ROPE","f32",-1,210,-1,64,14,1,1,3584,0.416615,1,"clFinish_profiled"
"OpenCL","COMPUTE","node_212","MUL_MAT","f32",-1,211,-1,128,1,1,1,512,0.434636,1,"clFinish_profiled"
"OpenCL","COMPUTE","Kcur-6","ADD","f32",-1,212,-1,128,1,1,1,512,0.397500,1,"clFinish_profiled"
"OpenCL","COMPUTE","Kcur-6","ROPE","f32",-1,214,-1,64,2,1,1,512,0.402552,1,"clFinish_profiled"
"OpenCL","COMPUTE","node_216","MUL_MAT","f32",-1,215,-1,128,1,1,1,512,0.478854,1,"clFinish_profiled"
"OpenCL","COMPUTE","Vcur-6","ADD","f32",-1,216,-1,128,1,1,1,512,0.389114,1,"clFinish_profiled"
"OpenCL","COMPUTE","cache_k_l6 (view)","SET_ROWS","f16",-1,219,-1,128,512,1,1,131072,0.395312,1,"clFinish_profiled"
"OpenCL","COMPUTE","cache_v_l6 (view)","SET_ROWS","f16",-1,221,-1,128,512,1,1,131072,0.387813,1,"clFinish_profiled"
"OpenCL","COMPUTE","__fattn__-6","FLASH_ATTN_EXT","f32",-1,228,-1,64,14,1,1,3584,0.831511,1,"clFinish_profiled"
"OpenCL","COMPUTE","node_231","MUL_MAT","f32",-1,230,-1,896,1,1,1,3584,0.541979,1,"clFinish_profiled"
"OpenCL","COMPUTE","ffn_inp-6","ADD","f32",-1,231,-1,896,1,1,1,3584,0.386562,1,"clFinish_profiled"
"OpenCL","COMPUTE","ffn_gate-6","MUL_MAT","f32",-1,234,-1,4864,1,1,1,19456,1.049323,1,"clFinish_profiled"
"OpenCL","COMPUTE","ffn_up-6","MUL_MAT","f32",-1,235,-1,4864,1,1,1,19456,1.006458,1,"clFinish_profiled"
"OpenCL","COMPUTE","ffn_swiglu-6","GLU","f32",-1,236,-1,4864,1,1,1,19456,0.400364,1,"clFinish_profiled"
"OpenCL","COMPUTE","ffn_out-6","MUL_MAT","f32",-1,237,-1,896,1,1,1,3584,1.311354,1,"clFinish_profiled"
"OpenCL","COMPUTE","l_out-6","ADD","f32",-1,238,-1,896,1,1,1,3584,0.818281,1,"clFinish_profiled"
"OpenCL","COMPUTE","node_242","MUL_MAT","f32",-1,241,-1,896,1,1,1,3584,0.627448,1,"clFinish_profiled"
"OpenCL","COMPUTE","Qcur-7","ADD","f32",-1,242,-1,896,1,1,1,3584,0.398906,1,"clFinish_profiled"
"OpenCL","COMPUTE","Qcur-7","ROPE","f32",-1,244,-1,64,14,1,1,3584,0.390781,1,"clFinish_profiled"
"OpenCL","COMPUTE","node_246","MUL_MAT","f32",-1,245,-1,128,1,1,1,512,0.479375,1,"clFinish_profiled"
"OpenCL","COMPUTE","Kcur-7","ADD","f32",-1,246,-1,128,1,1,1,512,0.386718,1,"clFinish_profiled"
"OpenCL","COMPUTE","Kcur-7","ROPE","f32",-1,248,-1,64,2,1,1,512,0.385000,1,"clFinish_profiled"
"OpenCL","COMPUTE","node_250","MUL_MAT","f32",-1,249,-1,128,1,1,1,512,0.430157,1,"clFinish_profiled"
"OpenCL","COMPUTE","Vcur-7","ADD","f32",-1,250,-1,128,1,1,1,512,0.391406,1,"clFinish_profiled"
"OpenCL","COMPUTE","cache_k_l7 (view)","SET_ROWS","f16",-1,253,-1,128,512,1,1,131072,0.483334,1,"clFinish_profiled"
"OpenCL","COMPUTE","cache_v_l7 (view)","SET_ROWS","f16",-1,255,-1,128,512,1,1,131072,0.909791,1,"clFinish_profiled"
"OpenCL","COMPUTE","__fattn__-7","FLASH_ATTN_EXT","f32",-1,262,-1,64,14,1,1,3584,1.150521,1,"clFinish_profiled"
"OpenCL","COMPUTE","node_265","MUL_MAT","f32",-1,264,-1,896,1,1,1,3584,0.705364,1,"clFinish_profiled"
"OpenCL","COMPUTE","ffn_inp-7","ADD","f32",-1,265,-1,896,1,1,1,3584,0.396458,1,"clFinish_profiled"
"OpenCL","COMPUTE","ffn_gate-7","MUL_MAT","f32",-1,268,-1,4864,1,1,1,19456,1.220209,1,"clFinish_profiled"
"OpenCL","COMPUTE","ffn_up-7","MUL_MAT","f32",-1,269,-1,4864,1,1,1,19456,1.592188,1,"clFinish_profiled"
"OpenCL","COMPUTE","ffn_swiglu-7","GLU","f32",-1,270,-1,4864,1,1,1,19456,0.782135,1,"clFinish_profiled"
"OpenCL","COMPUTE","ffn_out-7","MUL_MAT","f32",-1,271,-1,896,1,1,1,3584,1.162760,1,"clFinish_profiled"
"OpenCL","COMPUTE","l_out-7","ADD","f32",-1,272,-1,896,1,1,1,3584,0.779427,1,"clFinish_profiled"
"OpenCL","COMPUTE","node_276","MUL_MAT","f32",-1,275,-1,896,1,1,1,3584,0.915781,1,"clFinish_profiled"
"OpenCL","COMPUTE","Qcur-8","ADD","f32",-1,276,-1,896,1,1,1,3584,0.464635,1,"clFinish_profiled"
"OpenCL","COMPUTE","Qcur-8","ROPE","f32",-1,278,-1,64,14,1,1,3584,0.548594,1,"clFinish_profiled"
"OpenCL","COMPUTE","node_280","MUL_MAT","f32",-1,279,-1,128,1,1,1,512,0.831875,1,"clFinish_profiled"
"OpenCL","COMPUTE","Kcur-8","ADD","f32",-1,280,-1,128,1,1,1,512,0.420677,1,"clFinish_profiled"
"OpenCL","COMPUTE","Kcur-8","ROPE","f32",-1,282,-1,64,2,1,1,512,0.401093,1,"clFinish_profiled"
"OpenCL","COMPUTE","node_284","MUL_MAT","f32",-1,283,-1,128,1,1,1,512,0.423385,1,"clFinish_profiled"
"OpenCL","COMPUTE","Vcur-8","ADD","f32",-1,284,-1,128,1,1,1,512,0.376980,1,"clFinish_profiled"
"OpenCL","COMPUTE","cache_k_l8 (view)","SET_ROWS","f16",-1,287,-1,128,512,1,1,131072,0.420104,1,"clFinish_profiled"
"OpenCL","COMPUTE","cache_v_l8 (view)","SET_ROWS","f16",-1,289,-1,128,512,1,1,131072,0.389791,1,"clFinish_profiled"
"OpenCL","COMPUTE","__fattn__-8","FLASH_ATTN_EXT","f32",-1,296,-1,64,14,1,1,3584,0.771979,1,"clFinish_profiled"
"OpenCL","COMPUTE","node_299","MUL_MAT","f32",-1,298,-1,896,1,1,1,3584,0.555782,1,"clFinish_profiled"
"OpenCL","COMPUTE","ffn_inp-8","ADD","f32",-1,299,-1,896,1,1,1,3584,0.455104,1,"clFinish_profiled"
"OpenCL","COMPUTE","ffn_gate-8","MUL_MAT","f32",-1,302,-1,4864,1,1,1,19456,1.053333,1,"clFinish_profiled"
"OpenCL","COMPUTE","ffn_up-8","MUL_MAT","f32",-1,303,-1,4864,1,1,1,19456,1.022136,1,"clFinish_profiled"
"OpenCL","COMPUTE","ffn_swiglu-8","GLU","f32",-1,304,-1,4864,1,1,1,19456,0.403333,1,"clFinish_profiled"
"OpenCL","COMPUTE","ffn_out-8","MUL_MAT","f32",-1,305,-1,896,1,1,1,3584,1.097031,1,"clFinish_profiled"
"OpenCL","COMPUTE","l_out-8","ADD","f32",-1,306,-1,896,1,1,1,3584,0.398541,1,"clFinish_profiled"
"OpenCL","COMPUTE","node_310","MUL_MAT","f32",-1,309,-1,896,1,1,1,3584,0.568333,1,"clFinish_profiled"
"OpenCL","COMPUTE","Qcur-9","ADD","f32",-1,310,-1,896,1,1,1,3584,0.398281,1,"clFinish_profiled"
"OpenCL","COMPUTE","Qcur-9","ROPE","f32",-1,312,-1,64,14,1,1,3584,0.400781,1,"clFinish_profiled"
"OpenCL","COMPUTE","node_314","MUL_MAT","f32",-1,313,-1,128,1,1,1,512,0.468646,1,"clFinish_profiled"
"OpenCL","COMPUTE","Kcur-9","ADD","f32",-1,314,-1,128,1,1,1,512,0.381511,1,"clFinish_profiled"
"OpenCL","COMPUTE","Kcur-9","ROPE","f32",-1,316,-1,64,2,1,1,512,0.376146,1,"clFinish_profiled"
"OpenCL","COMPUTE","node_318","MUL_MAT","f32",-1,317,-1,128,1,1,1,512,0.493593,1,"clFinish_profiled"
"OpenCL","COMPUTE","Vcur-9","ADD","f32",-1,318,-1,128,1,1,1,512,0.815885,1,"clFinish_profiled"
"OpenCL","COMPUTE","cache_k_l9 (view)","SET_ROWS","f16",-1,321,-1,128,512,1,1,131072,0.427917,1,"clFinish_profiled"
"OpenCL","COMPUTE","cache_v_l9 (view)","SET_ROWS","f16",-1,323,-1,128,512,1,1,131072,0.385052,1,"clFinish_profiled"
"OpenCL","COMPUTE","__fattn__-9","FLASH_ATTN_EXT","f32",-1,330,-1,64,14,1,1,3584,0.767083,1,"clFinish_profiled"
"OpenCL","COMPUTE","node_333","MUL_MAT","f32",-1,332,-1,896,1,1,1,3584,0.537031,1,"clFinish_profiled"
"OpenCL","COMPUTE","ffn_inp-9","ADD","f32",-1,333,-1,896,1,1,1,3584,0.370000,1,"clFinish_profiled"
"OpenCL","COMPUTE","ffn_gate-9","MUL_MAT","f32",-1,336,-1,4864,1,1,1,19456,1.052709,1,"clFinish_profiled"
"OpenCL","COMPUTE","ffn_up-9","MUL_MAT","f32",-1,337,-1,4864,1,1,1,19456,1.030937,1,"clFinish_profiled"
"OpenCL","COMPUTE","ffn_swiglu-9","GLU","f32",-1,338,-1,4864,1,1,1,19456,0.405885,1,"clFinish_profiled"
"OpenCL","COMPUTE","ffn_out-9","MUL_MAT","f32",-1,339,-1,896,1,1,1,3584,1.286979,1,"clFinish_profiled"
"OpenCL","COMPUTE","l_out-9","ADD","f32",-1,340,-1,896,1,1,1,3584,0.790313,1,"clFinish_profiled"
"OpenCL","COMPUTE","node_344","MUL_MAT","f32",-1,343,-1,896,1,1,1,3584,0.616562,1,"clFinish_profiled"
"OpenCL","COMPUTE","Qcur-10","ADD","f32",-1,344,-1,896,1,1,1,3584,0.395209,1,"clFinish_profiled"
"OpenCL","COMPUTE","Qcur-10","ROPE","f32",-1,346,-1,64,14,1,1,3584,0.383906,1,"clFinish_profiled"
"OpenCL","COMPUTE","node_348","MUL_MAT","f32",-1,347,-1,128,1,1,1,512,0.420469,1,"clFinish_profiled"
"OpenCL","COMPUTE","Kcur-10","ADD","f32",-1,348,-1,128,1,1,1,512,0.367656,1,"clFinish_profiled"
"OpenCL","COMPUTE","Kcur-10","ROPE","f32",-1,350,-1,64,2,1,1,512,0.366979,1,"clFinish_profiled"
"OpenCL","COMPUTE","node_352","MUL_MAT","f32",-1,351,-1,128,1,1,1,512,0.404063,1,"clFinish_profiled"
"OpenCL","COMPUTE","Vcur-10","ADD","f32",-1,352,-1,128,1,1,1,512,0.363542,1,"clFinish_profiled"
"OpenCL","COMPUTE","cache_k_l10 (view)","SET_ROWS","f16",-1,355,-1,128,512,1,1,131072,0.363177,1,"clFinish_profiled"
"OpenCL","COMPUTE","cache_v_l10 (view)","SET_ROWS","f16",-1,357,-1,128,512,1,1,131072,0.368334,1,"clFinish_profiled"
"OpenCL","COMPUTE","__fattn__-10","FLASH_ATTN_EXT","f32",-1,364,-1,64,14,1,1,3584,0.834896,1,"clFinish_profiled"
"OpenCL","COMPUTE","node_367","MUL_MAT","f32",-1,366,-1,896,1,1,1,3584,0.548073,1,"clFinish_profiled"
"OpenCL","COMPUTE","ffn_inp-10","ADD","f32",-1,367,-1,896,1,1,1,3584,0.386354,1,"clFinish_profiled"
"OpenCL","COMPUTE","ffn_gate-10","MUL_MAT","f32",-1,370,-1,4864,1,1,1,19456,1.097292,1,"clFinish_profiled"
"OpenCL","COMPUTE","ffn_up-10","MUL_MAT","f32",-1,371,-1,4864,1,1,1,19456,1.021562,1,"clFinish_profiled"
"OpenCL","COMPUTE","ffn_swiglu-10","GLU","f32",-1,372,-1,4864,1,1,1,19456,0.482812,1,"clFinish_profiled"
"OpenCL","COMPUTE","ffn_out-10","MUL_MAT","f32",-1,373,-1,896,1,1,1,3584,1.269219,1,"clFinish_profiled"
"OpenCL","COMPUTE","l_out-10","ADD","f32",-1,374,-1,896,1,1,1,3584,0.778854,1,"clFinish_profiled"
"OpenCL","COMPUTE","node_378","MUL_MAT","f32",-1,377,-1,896,1,1,1,3584,1.164844,1,"clFinish_profiled"
"OpenCL","COMPUTE","Qcur-11","ADD","f32",-1,378,-1,896,1,1,1,3584,0.774479,1,"clFinish_profiled"
"OpenCL","COMPUTE","Qcur-11","ROPE","f32",-1,380,-1,64,14,1,1,3584,0.521771,1,"clFinish_profiled"
"OpenCL","COMPUTE","node_382","MUL_MAT","f32",-1,381,-1,128,1,1,1,512,0.439375,1,"clFinish_profiled"
"OpenCL","COMPUTE","Kcur-11","ADD","f32",-1,382,-1,128,1,1,1,512,0.388541,1,"clFinish_profiled"
"OpenCL","COMPUTE","Kcur-11","ROPE","f32",-1,384,-1,64,2,1,1,512,0.420730,1,"clFinish_profiled"
"OpenCL","COMPUTE","node_386","MUL_MAT","f32",-1,385,-1,128,1,1,1,512,0.452031,1,"clFinish_profiled"
"OpenCL","COMPUTE","Vcur-11","ADD","f32",-1,386,-1,128,1,1,1,512,0.406979,1,"clFinish_profiled"
"OpenCL","COMPUTE","cache_k_l11 (view)","SET_ROWS","f16",-1,389,-1,128,512,1,1,131072,0.390417,1,"clFinish_profiled"
"OpenCL","COMPUTE","cache_v_l11 (view)","SET_ROWS","f16",-1,391,-1,128,512,1,1,131072,0.416770,1,"clFinish_profiled"
"OpenCL","COMPUTE","__fattn__-11","FLASH_ATTN_EXT","f32",-1,398,-1,64,14,1,1,3584,0.789739,1,"clFinish_profiled"
"OpenCL","COMPUTE","node_401","MUL_MAT","f32",-1,400,-1,896,1,1,1,3584,0.533906,1,"clFinish_profiled"
"OpenCL","COMPUTE","ffn_inp-11","ADD","f32",-1,401,-1,896,1,1,1,3584,0.384896,1,"clFinish_profiled"
"OpenCL","COMPUTE","ffn_gate-11","MUL_MAT","f32",-1,404,-1,4864,1,1,1,19456,1.052344,1,"clFinish_profiled"
"OpenCL","COMPUTE","ffn_up-11","MUL_MAT","f32",-1,405,-1,4864,1,1,1,19456,1.018385,1,"clFinish_profiled"
"OpenCL","COMPUTE","ffn_swiglu-11","GLU","f32",-1,406,-1,4864,1,1,1,19456,0.441458,1,"clFinish_profiled"
"OpenCL","COMPUTE","ffn_out-11","MUL_MAT","f32",-1,407,-1,896,1,1,1,3584,1.310677,1,"clFinish_profiled"
"OpenCL","COMPUTE","l_out-11","ADD","f32",-1,408,-1,896,1,1,1,3584,0.767916,1,"clFinish_profiled"
"OpenCL","COMPUTE","node_412","MUL_MAT","f32",-1,411,-1,896,1,1,1,3584,0.610365,1,"clFinish_profiled"
"OpenCL","COMPUTE","Qcur-12","ADD","f32",-1,412,-1,896,1,1,1,3584,0.377344,1,"clFinish_profiled"
"OpenCL","COMPUTE","Qcur-12","ROPE","f32",-1,414,-1,64,14,1,1,3584,0.447292,1,"clFinish_profiled"
"OpenCL","COMPUTE","node_416","MUL_MAT","f32",-1,415,-1,128,1,1,1,512,0.490833,1,"clFinish_profiled"
"OpenCL","COMPUTE","Kcur-12","ADD","f32",-1,416,-1,128,1,1,1,512,0.407083,1,"clFinish_profiled"
"OpenCL","COMPUTE","Kcur-12","ROPE","f32",-1,418,-1,64,2,1,1,512,0.402448,1,"clFinish_profiled"
"OpenCL","COMPUTE","node_420","MUL_MAT","f32",-1,419,-1,128,1,1,1,512,0.436562,1,"clFinish_profiled"
"OpenCL","COMPUTE","Vcur-12","ADD","f32",-1,420,-1,128,1,1,1,512,0.386927,1,"clFinish_profiled"
"OpenCL","COMPUTE","cache_k_l12 (view)","SET_ROWS","f16",-1,423,-1,128,512,1,1,131072,0.387448,1,"clFinish_profiled"
"OpenCL","COMPUTE","cache_v_l12 (view)","SET_ROWS","f16",-1,425,-1,128,512,1,1,131072,0.391980,1,"clFinish_profiled"
"OpenCL","COMPUTE","__fattn__-12","FLASH_ATTN_EXT","f32",-1,432,-1,64,14,1,1,3584,0.770208,1,"clFinish_profiled"
"OpenCL","COMPUTE","node_435","MUL_MAT","f32",-1,434,-1,896,1,1,1,3584,0.537813,1,"clFinish_profiled"
"OpenCL","COMPUTE","ffn_inp-12","ADD","f32",-1,435,-1,896,1,1,1,3584,0.383490,1,"clFinish_profiled"
"OpenCL","COMPUTE","ffn_gate-12","MUL_MAT","f32",-1,438,-1,4864,1,1,1,19456,1.056562,1,"clFinish_profiled"
"OpenCL","COMPUTE","ffn_up-12","MUL_MAT","f32",-1,439,-1,4864,1,1,1,19456,1.073593,1,"clFinish_profiled"
"OpenCL","COMPUTE","ffn_swiglu-12","GLU","f32",-1,440,-1,4864,1,1,1,19456,0.409895,1,"clFinish_profiled"
"OpenCL","COMPUTE","ffn_out-12","MUL_MAT","f32",-1,441,-1,896,1,1,1,3584,1.082396,1,"clFinish_profiled"
"OpenCL","COMPUTE","l_out-12","ADD","f32",-1,442,-1,896,1,1,1,3584,0.390052,1,"clFinish_profiled"
"OpenCL","COMPUTE","node_446","MUL_MAT","f32",-1,445,-1,896,1,1,1,3584,0.563854,1,"clFinish_profiled"
"OpenCL","COMPUTE","Qcur-13","ADD","f32",-1,446,-1,896,1,1,1,3584,0.382240,1,"clFinish_profiled"
"OpenCL","COMPUTE","Qcur-13","ROPE","f32",-1,448,-1,64,14,1,1,3584,0.388385,1,"clFinish_profiled"
"OpenCL","COMPUTE","node_450","MUL_MAT","f32",-1,449,-1,128,1,1,1,512,0.429010,1,"clFinish_profiled"
"OpenCL","COMPUTE","Kcur-13","ADD","f32",-1,450,-1,128,1,1,1,512,0.384948,1,"clFinish_profiled"
"OpenCL","COMPUTE","Kcur-13","ROPE","f32",-1,452,-1,64,2,1,1,512,0.390208,1,"clFinish_profiled"
"OpenCL","COMPUTE","node_454","MUL_MAT","f32",-1,453,-1,128,1,1,1,512,0.419114,1,"clFinish_profiled"
"OpenCL","COMPUTE","Vcur-13","ADD","f32",-1,454,-1,128,1,1,1,512,0.405782,1,"clFinish_profiled"
"OpenCL","COMPUTE","cache_k_l13 (view)","SET_ROWS","f16",-1,457,-1,128,512,1,1,131072,0.382344,1,"clFinish_profiled"
"OpenCL","COMPUTE","cache_v_l13 (view)","SET_ROWS","f16",-1,459,-1,128,512,1,1,131072,0.379062,1,"clFinish_profiled"
"OpenCL","COMPUTE","__fattn__-13","FLASH_ATTN_EXT","f32",-1,466,-1,64,14,1,1,3584,0.780781,1,"clFinish_profiled"
"OpenCL","COMPUTE","node_469","MUL_MAT","f32",-1,468,-1,896,1,1,1,3584,0.553125,1,"clFinish_profiled"
"OpenCL","COMPUTE","ffn_inp-13","ADD","f32",-1,469,-1,896,1,1,1,3584,0.381094,1,"clFinish_profiled"
"OpenCL","COMPUTE","ffn_gate-13","MUL_MAT","f32",-1,472,-1,4864,1,1,1,19456,1.050052,1,"clFinish_profiled"
"OpenCL","COMPUTE","ffn_up-13","MUL_MAT","f32",-1,473,-1,4864,1,1,1,19456,1.292812,1,"clFinish_profiled"
"OpenCL","COMPUTE","ffn_swiglu-13","GLU","f32",-1,474,-1,4864,1,1,1,19456,0.705625,1,"clFinish_profiled"
"OpenCL","COMPUTE","ffn_out-13","MUL_MAT","f32",-1,475,-1,896,1,1,1,3584,1.253802,1,"clFinish_profiled"
"OpenCL","COMPUTE","l_out-13","ADD","f32",-1,476,-1,896,1,1,1,3584,0.774166,1,"clFinish_profiled"
"OpenCL","COMPUTE","node_480","MUL_MAT","f32",-1,479,-1,896,1,1,1,3584,0.999583,1,"clFinish_profiled"
"OpenCL","COMPUTE","Qcur-14","ADD","f32",-1,480,-1,896,1,1,1,3584,0.424636,1,"clFinish_profiled"
"OpenCL","COMPUTE","Qcur-14","ROPE","f32",-1,482,-1,64,14,1,1,3584,0.394166,1,"clFinish_profiled"
"OpenCL","COMPUTE","node_484","MUL_MAT","f32",-1,483,-1,128,1,1,1,512,0.420573,1,"clFinish_profiled"
"OpenCL","COMPUTE","Kcur-14","ADD","f32",-1,484,-1,128,1,1,1,512,0.407032,1,"clFinish_profiled"
"OpenCL","COMPUTE","Kcur-14","ROPE","f32",-1,486,-1,64,2,1,1,512,0.396250,1,"clFinish_profiled"
"OpenCL","COMPUTE","node_488","MUL_MAT","f32",-1,487,-1,128,1,1,1,512,0.419010,1,"clFinish_profiled"
"OpenCL","COMPUTE","Vcur-14","ADD","f32",-1,488,-1,128,1,1,1,512,0.405052,1,"clFinish_profiled"
"OpenCL","COMPUTE","cache_k_l14 (view)","SET_ROWS","f16",-1,491,-1,128,512,1,1,131072,0.384218,1,"clFinish_profiled"
"OpenCL","COMPUTE","cache_v_l14 (view)","SET_ROWS","f16",-1,493,-1,128,512,1,1,131072,0.386459,1,"clFinish_profiled"
"OpenCL","COMPUTE","__fattn__-14","FLASH_ATTN_EXT","f32",-1,500,-1,64,14,1,1,3584,0.770365,1,"clFinish_profiled"
"OpenCL","COMPUTE","node_503","MUL_MAT","f32",-1,502,-1,896,1,1,1,3584,0.528646,1,"clFinish_profiled"
"OpenCL","COMPUTE","ffn_inp-14","ADD","f32",-1,503,-1,896,1,1,1,3584,0.378750,1,"clFinish_profiled"
"OpenCL","COMPUTE","ffn_gate-14","MUL_MAT","f32",-1,506,-1,4864,1,1,1,19456,1.060312,1,"clFinish_profiled"
"OpenCL","COMPUTE","ffn_up-14","MUL_MAT","f32",-1,507,-1,4864,1,1,1,19456,1.011771,1,"clFinish_profiled"
"OpenCL","COMPUTE","ffn_swiglu-14","GLU","f32",-1,508,-1,4864,1,1,1,19456,0.402604,1,"clFinish_profiled"
"OpenCL","COMPUTE","ffn_out-14","MUL_MAT","f32",-1,509,-1,896,1,1,1,3584,1.298489,1,"clFinish_profiled"
"OpenCL","COMPUTE","l_out-14","ADD","f32",-1,510,-1,896,1,1,1,3584,1.072552,1,"clFinish_profiled"
"OpenCL","COMPUTE","node_514","MUL_MAT","f32",-1,513,-1,896,1,1,1,3584,0.915104,1,"clFinish_profiled"
"OpenCL","COMPUTE","Qcur-15","ADD","f32",-1,514,-1,896,1,1,1,3584,0.422656,1,"clFinish_profiled"
"OpenCL","COMPUTE","Qcur-15","ROPE","f32",-1,516,-1,64,14,1,1,3584,0.394584,1,"clFinish_profiled"
"OpenCL","COMPUTE","node_518","MUL_MAT","f32",-1,517,-1,128,1,1,1,512,0.420938,1,"clFinish_profiled"
"OpenCL","COMPUTE","Kcur-15","ADD","f32",-1,518,-1,128,1,1,1,512,0.348698,1,"clFinish_profiled"
"OpenCL","COMPUTE","Kcur-15","ROPE","f32",-1,520,-1,64,2,1,1,512,0.289636,1,"clFinish_profiled"
"OpenCL","COMPUTE","node_522","MUL_MAT","f32",-1,521,-1,128,1,1,1,512,0.319636,1,"clFinish_profiled"
"OpenCL","COMPUTE","Vcur-15","ADD","f32",-1,522,-1,128,1,1,1,512,0.284167,1,"clFinish_profiled"
"OpenCL","COMPUTE","cache_k_l15 (view)","SET_ROWS","f16",-1,525,-1,128,512,1,1,131072,0.287396,1,"clFinish_profiled"
"OpenCL","COMPUTE","cache_v_l15 (view)","SET_ROWS","f16",-1,527,-1,128,512,1,1,131072,0.285156,1,"clFinish_profiled"
"OpenCL","COMPUTE","__fattn__-15","FLASH_ATTN_EXT","f32",-1,534,-1,64,14,1,1,3584,0.647083,1,"clFinish_profiled"
"OpenCL","COMPUTE","node_537","MUL_MAT","f32",-1,536,-1,896,1,1,1,3584,0.402083,1,"clFinish_profiled"
"OpenCL","COMPUTE","ffn_inp-15","ADD","f32",-1,537,-1,896,1,1,1,3584,0.283802,1,"clFinish_profiled"
"OpenCL","COMPUTE","ffn_gate-15","MUL_MAT","f32",-1,540,-1,4864,1,1,1,19456,0.650989,1,"clFinish_profiled"
"OpenCL","COMPUTE","ffn_up-15","MUL_MAT","f32",-1,541,-1,4864,1,1,1,19456,0.650782,1,"clFinish_profiled"
"OpenCL","COMPUTE","ffn_swiglu-15","GLU","f32",-1,542,-1,4864,1,1,1,19456,0.317448,1,"clFinish_profiled"
"OpenCL","COMPUTE","ffn_out-15","MUL_MAT","f32",-1,543,-1,896,1,1,1,3584,0.688438,1,"clFinish_profiled"
"OpenCL","COMPUTE","l_out-15","ADD","f32",-1,544,-1,896,1,1,1,3584,0.425209,1,"clFinish_profiled"
"OpenCL","COMPUTE","node_548","MUL_MAT","f32",-1,547,-1,896,1,1,1,3584,0.746667,1,"clFinish_profiled"
"OpenCL","COMPUTE","Qcur-16","ADD","f32",-1,548,-1,896,1,1,1,3584,0.314896,1,"clFinish_profiled"
"OpenCL","COMPUTE","Qcur-16","ROPE","f32",-1,550,-1,64,14,1,1,3584,0.298802,1,"clFinish_profiled"
"OpenCL","COMPUTE","node_552","MUL_MAT","f32",-1,551,-1,128,1,1,1,512,0.324479,1,"clFinish_profiled"
"OpenCL","COMPUTE","Kcur-16","ADD","f32",-1,552,-1,128,1,1,1,512,0.280782,1,"clFinish_profiled"
"OpenCL","COMPUTE","Kcur-16","ROPE","f32",-1,554,-1,64,2,1,1,512,0.289896,1,"clFinish_profiled"
"OpenCL","COMPUTE","node_556","MUL_MAT","f32",-1,555,-1,128,1,1,1,512,0.353698,1,"clFinish_profiled"
"OpenCL","COMPUTE","Vcur-16","ADD","f32",-1,556,-1,128,1,1,1,512,0.349636,1,"clFinish_profiled"
"OpenCL","COMPUTE","cache_k_l16 (view)","SET_ROWS","f16",-1,559,-1,128,512,1,1,131072,0.370625,1,"clFinish_profiled"
"OpenCL","COMPUTE","cache_v_l16 (view)","SET_ROWS","f16",-1,561,-1,128,512,1,1,131072,0.383542,1,"clFinish_profiled"
"OpenCL","COMPUTE","__fattn__-16","FLASH_ATTN_EXT","f32",-1,568,-1,64,14,1,1,3584,0.785365,1,"clFinish_profiled"
"OpenCL","COMPUTE","node_571","MUL_MAT","f32",-1,570,-1,896,1,1,1,3584,0.530625,1,"clFinish_profiled"
"OpenCL","COMPUTE","ffn_inp-16","ADD","f32",-1,571,-1,896,1,1,1,3584,0.366042,1,"clFinish_profiled"
"OpenCL","COMPUTE","ffn_gate-16","MUL_MAT","f32",-1,574,-1,4864,1,1,1,19456,1.074584,1,"clFinish_profiled"
"OpenCL","COMPUTE","ffn_up-16","MUL_MAT","f32",-1,575,-1,4864,1,1,1,19456,1.025937,1,"clFinish_profiled"
"OpenCL","COMPUTE","ffn_swiglu-16","GLU","f32",-1,576,-1,4864,1,1,1,19456,0.425833,1,"clFinish_profiled"
"OpenCL","COMPUTE","ffn_out-16","MUL_MAT","f32",-1,577,-1,896,1,1,1,3584,1.081614,1,"clFinish_profiled"
"OpenCL","COMPUTE","l_out-16","ADD","f32",-1,578,-1,896,1,1,1,3584,0.379948,1,"clFinish_profiled"
"OpenCL","COMPUTE","node_582","MUL_MAT","f32",-1,581,-1,896,1,1,1,3584,0.561146,1,"clFinish_profiled"
"OpenCL","COMPUTE","Qcur-17","ADD","f32",-1,582,-1,896,1,1,1,3584,0.382604,1,"clFinish_profiled"
"OpenCL","COMPUTE","Qcur-17","ROPE","f32",-1,584,-1,64,14,1,1,3584,0.384948,1,"clFinish_profiled"
"OpenCL","COMPUTE","node_586","MUL_MAT","f32",-1,585,-1,128,1,1,1,512,0.421355,1,"clFinish_profiled"
"OpenCL","COMPUTE","Kcur-17","ADD","f32",-1,586,-1,128,1,1,1,512,0.380365,1,"clFinish_profiled"
"OpenCL","COMPUTE","Kcur-17","ROPE","f32",-1,588,-1,64,2,1,1,512,0.412396,1,"clFinish_profiled"
"OpenCL","COMPUTE","node_590","MUL_MAT","f32",-1,589,-1,128,1,1,1,512,0.415885,1,"clFinish_profiled"
"OpenCL","COMPUTE","Vcur-17","ADD","f32",-1,590,-1,128,1,1,1,512,0.367865,1,"clFinish_profiled"
"OpenCL","COMPUTE","cache_k_l17 (view)","SET_ROWS","f16",-1,593,-1,128,512,1,1,131072,0.371771,1,"clFinish_profiled"
"OpenCL","COMPUTE","cache_v_l17 (view)","SET_ROWS","f16",-1,595,-1,128,512,1,1,131072,0.372240,1,"clFinish_profiled"
"OpenCL","COMPUTE","__fattn__-17","FLASH_ATTN_EXT","f32",-1,602,-1,64,14,1,1,3584,0.760156,1,"clFinish_profiled"
"OpenCL","COMPUTE","node_605","MUL_MAT","f32",-1,604,-1,896,1,1,1,3584,0.512448,1,"clFinish_profiled"
"OpenCL","COMPUTE","ffn_inp-17","ADD","f32",-1,605,-1,896,1,1,1,3584,0.360052,1,"clFinish_profiled"
"OpenCL","COMPUTE","ffn_gate-17","MUL_MAT","f32",-1,608,-1,4864,1,1,1,19456,1.052188,1,"clFinish_profiled"
"OpenCL","COMPUTE","ffn_up-17","MUL_MAT","f32",-1,609,-1,4864,1,1,1,19456,1.012552,1,"clFinish_profiled"
"OpenCL","COMPUTE","ffn_swiglu-17","GLU","f32",-1,610,-1,4864,1,1,1,19456,0.402448,1,"clFinish_profiled"
"OpenCL","COMPUTE","ffn_out-17","MUL_MAT","f32",-1,611,-1,896,1,1,1,3584,1.089479,1,"clFinish_profiled"
"OpenCL","COMPUTE","l_out-17","ADD","f32",-1,612,-1,896,1,1,1,3584,0.381302,1,"clFinish_profiled"
"OpenCL","COMPUTE","node_616","MUL_MAT","f32",-1,615,-1,896,1,1,1,3584,0.770625,1,"clFinish_profiled"
"OpenCL","COMPUTE","Qcur-18","ADD","f32",-1,616,-1,896,1,1,1,3584,0.727969,1,"clFinish_profiled"
"OpenCL","COMPUTE","Qcur-18","ROPE","f32",-1,618,-1,64,14,1,1,3584,0.439428,1,"clFinish_profiled"
"OpenCL","COMPUTE","node_620","MUL_MAT","f32",-1,619,-1,128,1,1,1,512,0.485052,1,"clFinish_profiled"
"OpenCL","COMPUTE","Kcur-18","ADD","f32",-1,620,-1,128,1,1,1,512,0.439531,1,"clFinish_profiled"
"OpenCL","COMPUTE","Kcur-18","ROPE","f32",-1,622,-1,64,2,1,1,512,0.399166,1,"clFinish_profiled"
"OpenCL","COMPUTE","node_624","MUL_MAT","f32",-1,623,-1,128,1,1,1,512,0.439740,1,"clFinish_profiled"
"OpenCL","COMPUTE","Vcur-18","ADD","f32",-1,624,-1,128,1,1,1,512,0.383750,1,"clFinish_profiled"
"OpenCL","COMPUTE","cache_k_l18 (view)","SET_ROWS","f16",-1,627,-1,128,512,1,1,131072,0.428177,1,"clFinish_profiled"
"OpenCL","COMPUTE","cache_v_l18 (view)","SET_ROWS","f16",-1,629,-1,128,512,1,1,131072,0.476771,1,"clFinish_profiled"
"OpenCL","COMPUTE","__fattn__-18","FLASH_ATTN_EXT","f32",-1,636,-1,64,14,1,1,3584,0.800885,1,"clFinish_profiled"
"OpenCL","COMPUTE","node_639","MUL_MAT","f32",-1,638,-1,896,1,1,1,3584,0.530312,1,"clFinish_profiled"
"OpenCL","COMPUTE","ffn_inp-18","ADD","f32",-1,639,-1,896,1,1,1,3584,0.383333,1,"clFinish_profiled"
"OpenCL","COMPUTE","ffn_gate-18","MUL_MAT","f32",-1,642,-1,4864,1,1,1,19456,1.054218,1,"clFinish_profiled"
"OpenCL","COMPUTE","ffn_up-18","MUL_MAT","f32",-1,643,-1,4864,1,1,1,19456,1.011042,1,"clFinish_profiled"
"OpenCL","COMPUTE","ffn_swiglu-18","GLU","f32",-1,644,-1,4864,1,1,1,19456,0.400677,1,"clFinish_profiled"
"OpenCL","COMPUTE","ffn_out-18","MUL_MAT","f32",-1,645,-1,896,1,1,1,3584,1.205781,1,"clFinish_profiled"
"OpenCL","COMPUTE","l_out-18","ADD","f32",-1,646,-1,896,1,1,1,3584,0.770157,1,"clFinish_profiled"
"OpenCL","COMPUTE","node_650","MUL_MAT","f32",-1,649,-1,896,1,1,1,3584,0.610416,1,"clFinish_profiled"
"OpenCL","COMPUTE","Qcur-19","ADD","f32",-1,650,-1,896,1,1,1,3584,0.396875,1,"clFinish_profiled"
"OpenCL","COMPUTE","Qcur-19","ROPE","f32",-1,652,-1,64,14,1,1,3584,0.399323,1,"clFinish_profiled"
"OpenCL","COMPUTE","node_654","MUL_MAT","f32",-1,653,-1,128,1,1,1,512,0.433906,1,"clFinish_profiled"
"OpenCL","COMPUTE","Kcur-19","ADD","f32",-1,654,-1,128,1,1,1,512,0.388125,1,"clFinish_profiled"
"OpenCL","COMPUTE","Kcur-19","ROPE","f32",-1,656,-1,64,2,1,1,512,0.390520,1,"clFinish_profiled"
"OpenCL","COMPUTE","node_658","MUL_MAT","f32",-1,657,-1,128,1,1,1,512,0.429635,1,"clFinish_profiled"
"OpenCL","COMPUTE","Vcur-19","ADD","f32",-1,658,-1,128,1,1,1,512,0.388541,1,"clFinish_profiled"
"OpenCL","COMPUTE","cache_k_l19 (view)","SET_ROWS","f16",-1,661,-1,128,512,1,1,131072,0.400625,1,"clFinish_profiled"
"OpenCL","COMPUTE","cache_v_l19 (view)","SET_ROWS","f16",-1,663,-1,128,512,1,1,131072,0.390469,1,"clFinish_profiled"
"OpenCL","COMPUTE","__fattn__-19","FLASH_ATTN_EXT","f32",-1,670,-1,64,14,1,1,3584,0.770312,1,"clFinish_profiled"
"OpenCL","COMPUTE","node_673","MUL_MAT","f32",-1,672,-1,896,1,1,1,3584,0.546563,1,"clFinish_profiled"
"OpenCL","COMPUTE","ffn_inp-19","ADD","f32",-1,673,-1,896,1,1,1,3584,0.386354,1,"clFinish_profiled"
"OpenCL","COMPUTE","ffn_gate-19","MUL_MAT","f32",-1,676,-1,4864,1,1,1,19456,1.308229,1,"clFinish_profiled"
"OpenCL","COMPUTE","ffn_up-19","MUL_MAT","f32",-1,677,-1,4864,1,1,1,19456,1.626250,1,"clFinish_profiled"
"OpenCL","COMPUTE","ffn_swiglu-19","GLU","f32",-1,678,-1,4864,1,1,1,19456,0.774740,1,"clFinish_profiled"
"OpenCL","COMPUTE","ffn_out-19","MUL_MAT","f32",-1,679,-1,896,1,1,1,3584,1.492552,1,"clFinish_profiled"
"OpenCL","COMPUTE","l_out-19","ADD","f32",-1,680,-1,896,1,1,1,3584,0.795990,1,"clFinish_profiled"
"OpenCL","COMPUTE","node_684","MUL_MAT","f32",-1,683,-1,896,1,1,1,3584,0.653698,1,"clFinish_profiled"
"OpenCL","COMPUTE","Qcur-20","ADD","f32",-1,684,-1,896,1,1,1,3584,0.409792,1,"clFinish_profiled"
"OpenCL","COMPUTE","Qcur-20","ROPE","f32",-1,686,-1,64,14,1,1,3584,0.390677,1,"clFinish_profiled"
"OpenCL","COMPUTE","node_688","MUL_MAT","f32",-1,687,-1,128,1,1,1,512,0.437865,1,"clFinish_profiled"
"OpenCL","COMPUTE","Kcur-20","ADD","f32",-1,688,-1,128,1,1,1,512,0.384271,1,"clFinish_profiled"
"OpenCL","COMPUTE","Kcur-20","ROPE","f32",-1,690,-1,64,2,1,1,512,0.439011,1,"clFinish_profiled"
"OpenCL","COMPUTE","node_692","MUL_MAT","f32",-1,691,-1,128,1,1,1,512,0.435000,1,"clFinish_profiled"
"OpenCL","COMPUTE","Vcur-20","ADD","f32",-1,692,-1,128,1,1,1,512,0.386875,1,"clFinish_profiled"
"OpenCL","COMPUTE","cache_k_l20 (view)","SET_ROWS","f16",-1,695,-1,128,512,1,1,131072,0.385990,1,"clFinish_profiled"
"OpenCL","COMPUTE","cache_v_l20 (view)","SET_ROWS","f16",-1,697,-1,128,512,1,1,131072,0.380729,1,"clFinish_profiled"
"OpenCL","COMPUTE","__fattn__-20","FLASH_ATTN_EXT","f32",-1,704,-1,64,14,1,1,3584,0.771355,1,"clFinish_profiled"
"OpenCL","COMPUTE","node_707","MUL_MAT","f32",-1,706,-1,896,1,1,1,3584,0.534583,1,"clFinish_profiled"
"OpenCL","COMPUTE","ffn_inp-20","ADD","f32",-1,707,-1,896,1,1,1,3584,0.371041,1,"clFinish_profiled"
"OpenCL","COMPUTE","ffn_gate-20","MUL_MAT","f32",-1,710,-1,4864,1,1,1,19456,1.110990,1,"clFinish_profiled"
"OpenCL","COMPUTE","ffn_up-20","MUL_MAT","f32",-1,711,-1,4864,1,1,1,19456,1.106511,1,"clFinish_profiled"
"OpenCL","COMPUTE","ffn_swiglu-20","GLU","f32",-1,712,-1,4864,1,1,1,19456,0.463438,1,"clFinish_profiled"
"OpenCL","COMPUTE","ffn_out-20","MUL_MAT","f32",-1,713,-1,896,1,1,1,3584,1.918490,1,"clFinish_profiled"
"OpenCL","COMPUTE","l_out-20","ADD","f32",-1,714,-1,896,1,1,1,3584,0.893125,1,"clFinish_profiled"
"OpenCL","COMPUTE","node_718","MUL_MAT","f32",-1,717,-1,896,1,1,1,3584,0.941979,1,"clFinish_profiled"
"OpenCL","COMPUTE","Qcur-21","ADD","f32",-1,718,-1,896,1,1,1,3584,0.476875,1,"clFinish_profiled"
"OpenCL","COMPUTE","Qcur-21","ROPE","f32",-1,720,-1,64,14,1,1,3584,0.454896,1,"clFinish_profiled"
"OpenCL","COMPUTE","node_722","MUL_MAT","f32",-1,721,-1,128,1,1,1,512,0.622292,1,"clFinish_profiled"
"OpenCL","COMPUTE","Kcur-21","ADD","f32",-1,722,-1,128,1,1,1,512,0.905364,1,"clFinish_profiled"
"OpenCL","COMPUTE","Kcur-21","ROPE","f32",-1,724,-1,64,2,1,1,512,0.775416,1,"clFinish_profiled"
"OpenCL","COMPUTE","node_726","MUL_MAT","f32",-1,725,-1,128,1,1,1,512,0.542500,1,"clFinish_profiled"
"OpenCL","COMPUTE","Vcur-21","ADD","f32",-1,726,-1,128,1,1,1,512,0.807709,1,"clFinish_profiled"
"OpenCL","COMPUTE","cache_k_l21 (view)","SET_ROWS","f16",-1,729,-1,128,512,1,1,131072,0.430469,1,"clFinish_profiled"
"OpenCL","COMPUTE","cache_v_l21 (view)","SET_ROWS","f16",-1,731,-1,128,512,1,1,131072,0.420625,1,"clFinish_profiled"
"OpenCL","COMPUTE","__fattn__-21","FLASH_ATTN_EXT","f32",-1,738,-1,64,14,1,1,3584,0.840416,1,"clFinish_profiled"
"OpenCL","COMPUTE","node_741","MUL_MAT","f32",-1,740,-1,896,1,1,1,3584,0.582240,1,"clFinish_profiled"
"OpenCL","COMPUTE","ffn_inp-21","ADD","f32",-1,741,-1,896,1,1,1,3584,0.385833,1,"clFinish_profiled"
"OpenCL","COMPUTE","ffn_gate-21","MUL_MAT","f32",-1,744,-1,4864,1,1,1,19456,1.059479,1,"clFinish_profiled"
"OpenCL","COMPUTE","ffn_up-21","MUL_MAT","f32",-1,745,-1,4864,1,1,1,19456,1.149167,1,"clFinish_profiled"
"OpenCL","COMPUTE","ffn_swiglu-21","GLU","f32",-1,746,-1,4864,1,1,1,19456,0.772709,1,"clFinish_profiled"
"OpenCL","COMPUTE","ffn_out-21","MUL_MAT","f32",-1,747,-1,896,1,1,1,3584,1.273125,1,"clFinish_profiled"
"OpenCL","COMPUTE","l_out-21","ADD","f32",-1,748,-1,896,1,1,1,3584,0.750886,1,"clFinish_profiled"
"OpenCL","COMPUTE","node_752","MUL_MAT","f32",-1,751,-1,896,1,1,1,3584,0.619948,1,"clFinish_profiled"
"OpenCL","COMPUTE","Qcur-22","ADD","f32",-1,752,-1,896,1,1,1,3584,0.392917,1,"clFinish_profiled"
"OpenCL","COMPUTE","Qcur-22","ROPE","f32",-1,754,-1,64,14,1,1,3584,0.436093,1,"clFinish_profiled"
"OpenCL","COMPUTE","node_756","MUL_MAT","f32",-1,755,-1,128,1,1,1,512,0.424895,1,"clFinish_profiled"
"OpenCL","COMPUTE","Kcur-22","ADD","f32",-1,756,-1,128,1,1,1,512,0.381771,1,"clFinish_profiled"
"OpenCL","COMPUTE","Kcur-22","ROPE","f32",-1,758,-1,64,2,1,1,512,0.386302,1,"clFinish_profiled"
"OpenCL","COMPUTE","node_760","MUL_MAT","f32",-1,759,-1,128,1,1,1,512,0.453437,1,"clFinish_profiled"
"OpenCL","COMPUTE","Vcur-22","ADD","f32",-1,760,-1,128,1,1,1,512,0.392656,1,"clFinish_profiled"
"OpenCL","COMPUTE","cache_k_l22 (view)","SET_ROWS","f16",-1,763,-1,128,512,1,1,131072,0.383073,1,"clFinish_profiled"
"OpenCL","COMPUTE","cache_v_l22 (view)","SET_ROWS","f16",-1,765,-1,128,512,1,1,131072,0.388021,1,"clFinish_profiled"
"OpenCL","COMPUTE","__fattn__-22","FLASH_ATTN_EXT","f32",-1,772,-1,64,14,1,1,3584,0.796146,1,"clFinish_profiled"
"OpenCL","COMPUTE","node_775","MUL_MAT","f32",-1,774,-1,896,1,1,1,3584,0.577500,1,"clFinish_profiled"
"OpenCL","COMPUTE","ffn_inp-22","ADD","f32",-1,775,-1,896,1,1,1,3584,0.392708,1,"clFinish_profiled"
"OpenCL","COMPUTE","ffn_gate-22","MUL_MAT","f32",-1,778,-1,4864,1,1,1,19456,1.089218,1,"clFinish_profiled"
"OpenCL","COMPUTE","ffn_up-22","MUL_MAT","f32",-1,779,-1,4864,1,1,1,19456,1.011823,1,"clFinish_profiled"
"OpenCL","COMPUTE","ffn_swiglu-22","GLU","f32",-1,780,-1,4864,1,1,1,19456,0.420886,1,"clFinish_profiled"
"OpenCL","COMPUTE","ffn_out-22","MUL_MAT","f32",-1,781,-1,896,1,1,1,3584,1.280417,1,"clFinish_profiled"
"OpenCL","COMPUTE","l_out-22","ADD","f32",-1,782,-1,896,1,1,1,3584,0.750625,1,"clFinish_profiled"
"OpenCL","COMPUTE","node_786","MUL_MAT","f32",-1,785,-1,896,1,1,1,3584,0.624219,1,"clFinish_profiled"
"OpenCL","COMPUTE","Qcur-23","ADD","f32",-1,786,-1,896,1,1,1,3584,0.392135,1,"clFinish_profiled"
"OpenCL","COMPUTE","Qcur-23","ROPE","f32",-1,788,-1,64,14,1,1,3584,0.395156,1,"clFinish_profiled"
"OpenCL","COMPUTE","node_790","MUL_MAT","f32",-1,789,-1,128,1,1,1,512,0.420885,1,"clFinish_profiled"
"OpenCL","COMPUTE","Kcur-23","ADD","f32",-1,790,-1,128,1,1,1,512,0.380729,1,"clFinish_profiled"
"OpenCL","COMPUTE","Kcur-23","ROPE","f32",-1,792,-1,64,2,1,1,512,0.386094,1,"clFinish_profiled"
"OpenCL","COMPUTE","node_794","MUL_MAT","f32",-1,793,-1,128,1,1,1,512,0.402448,1,"clFinish_profiled"
"OpenCL","COMPUTE","Vcur-23","ADD","f32",-1,794,-1,128,1,1,1,512,0.366406,1,"clFinish_profiled"
"OpenCL","COMPUTE","cache_k_l23 (view)","SET_ROWS","f16",-1,797,-1,128,512,1,1,131072,0.480625,1,"clFinish_profiled"
"OpenCL","COMPUTE","cache_v_l23 (view)","SET_ROWS","f16",-1,799,-1,128,512,1,1,131072,0.394844,1,"clFinish_profiled"
"OpenCL","COMPUTE","__fattn__-23","FLASH_ATTN_EXT","f32",-1,806,-1,64,14,1,1,3584,0.778073,1,"clFinish_profiled"
"OpenCL","COMPUTE","node_809","MUL_MAT","f32",-1,808,-1,896,1,1,1,3584,0.570157,1,"clFinish_profiled"
"OpenCL","COMPUTE","node_810","GET_ROWS","f32",-1,809,-1,896,1,1,1,3584,0.408021,1,"clFinish_profiled"
"OpenCL","COMPUTE","node_811","GET_ROWS","f32",-1,810,-1,896,1,1,1,3584,0.402552,1,"clFinish_profiled"
"OpenCL","COMPUTE","ffn_inp-23","ADD","f32",-1,811,-1,896,1,1,1,3584,0.510937,1,"clFinish_profiled"
"OpenCL","COMPUTE","ffn_gate-23","MUL_MAT","f32",-1,814,-1,4864,1,1,1,19456,1.414479,1,"clFinish_profiled"
"OpenCL","COMPUTE","ffn_up-23","MUL_MAT","f32",-1,815,-1,4864,1,1,1,19456,1.047084,1,"clFinish_profiled"
"OpenCL","COMPUTE","ffn_swiglu-23","GLU","f32",-1,816,-1,4864,1,1,1,19456,0.394948,1,"clFinish_profiled"
"OpenCL","COMPUTE","ffn_out-23","MUL_MAT","f32",-1,817,-1,896,1,1,1,3584,1.088437,1,"clFinish_profiled"
"OpenCL","COMPUTE","l_out-23","ADD","f32",-1,818,-1,896,1,1,1,3584,0.379271,1,"clFinish_profiled"
"OpenCL","COMPUTE","result_output","MUL_MAT","f32",-1,821,-1,151936,1,1,1,607744,19.607864,1,"clFinish_profiled"
"CPU_Elastic","COMPUTE_GRAPH","ggml_cgraph","GRAPH","",-1,1,-1,0,0,0,0,0,0.011510,1,"delegate_cpu_graph"
"OpenCL","COMPUTE","node_3","MUL_MAT","f32",-1,2,-1,896,1,1,1,3584,1.138177,1,"clFinish_profiled"
"OpenCL","COMPUTE","Qcur-0","ADD","f32",-1,3,-1,896,1,1,1,3584,0.744479,1,"clFinish_profiled"
"OpenCL","COMPUTE","Qcur-0","ROPE","f32",-1,5,-1,64,14,1,1,3584,0.432344,1,"clFinish_profiled"
"OpenCL","COMPUTE","node_7","MUL_MAT","f32",-1,6,-1,128,1,1,1,512,0.442188,1,"clFinish_profiled"
"OpenCL","COMPUTE","Kcur-0","ADD","f32",-1,7,-1,128,1,1,1,512,0.382656,1,"clFinish_profiled"
"OpenCL","COMPUTE","Kcur-0","ROPE","f32",-1,9,-1,64,2,1,1,512,0.388855,1,"clFinish_profiled"
"OpenCL","COMPUTE","node_11","MUL_MAT","f32",-1,10,-1,128,1,1,1,512,0.432813,1,"clFinish_profiled"
"OpenCL","COMPUTE","Vcur-0","ADD","f32",-1,11,-1,128,1,1,1,512,0.390104,1,"clFinish_profiled"
"OpenCL","COMPUTE","cache_k_l0 (view)","SET_ROWS","f16",-1,14,-1,128,512,1,1,131072,0.379844,1,"clFinish_profiled"
"OpenCL","COMPUTE","cache_v_l0 (view)","SET_ROWS","f16",-1,16,-1,128,512,1,1,131072,0.409323,1,"clFinish_profiled"
"OpenCL","COMPUTE"," (copy)","CPY","f16",-1,23,-1,256,64,1,1,32768,0.411719,1,"clFinish_profiled"
"OpenCL","COMPUTE","__fattn__-0","FLASH_ATTN_EXT","f32",-1,24,-1,64,14,1,1,3584,0.862344,1,"clFinish_profiled"
"OpenCL","COMPUTE","node_27","MUL_MAT","f32",-1,26,-1,896,1,1,1,3584,0.980000,1,"clFinish_profiled"
"OpenCL","COMPUTE","ffn_inp-0","ADD","f32",-1,27,-1,896,1,1,1,3584,0.431927,1,"clFinish_profiled"
"OpenCL","COMPUTE","ffn_gate-0","MUL_MAT","f32",-1,30,-1,4864,1,1,1,19456,1.227760,1,"clFinish_profiled"
"OpenCL","COMPUTE","ffn_up-0","MUL_MAT","f32",-1,31,-1,4864,1,1,1,19456,1.709844,1,"clFinish_profiled"
"OpenCL","COMPUTE","ffn_swiglu-0","GLU","f32",-1,32,-1,4864,1,1,1,19456,0.794948,1,"clFinish_profiled"
"OpenCL","COMPUTE","ffn_out-0","MUL_MAT","f32",-1,33,-1,896,1,1,1,3584,1.161093,1,"clFinish_profiled"
"OpenCL","COMPUTE","l_out-0","ADD","f32",-1,34,-1,896,1,1,1,3584,0.471770,1,"clFinish_profiled"
"OpenCL","COMPUTE","node_38","MUL_MAT","f32",-1,37,-1,896,1,1,1,3584,0.662969,1,"clFinish_profiled"
"OpenCL","COMPUTE","Qcur-1","ADD","f32",-1,38,-1,896,1,1,1,3584,0.423854,1,"clFinish_profiled"
"OpenCL","COMPUTE","Qcur-1","ROPE","f32",-1,40,-1,64,14,1,1,3584,0.415886,1,"clFinish_profiled"
"OpenCL","COMPUTE","node_42","MUL_MAT","f32",-1,41,-1,128,1,1,1,512,0.451250,1,"clFinish_profiled"
"OpenCL","COMPUTE","Kcur-1","ADD","f32",-1,42,-1,128,1,1,1,512,0.406146,1,"clFinish_profiled"
"OpenCL","COMPUTE","Kcur-1","ROPE","f32",-1,44,-1,64,2,1,1,512,0.405260,1,"clFinish_profiled"
"OpenCL","COMPUTE","node_46","MUL_MAT","f32",-1,45,-1,128,1,1,1,512,0.448021,1,"clFinish_profiled"
"OpenCL","COMPUTE","Vcur-1","ADD","f32",-1,46,-1,128,1,1,1,512,0.393490,1,"clFinish_profiled"
"OpenCL","COMPUTE","cache_k_l1 (view)","SET_ROWS","f16",-1,49,-1,128,512,1,1,131072,0.403437,1,"clFinish_profiled"
"OpenCL","COMPUTE","cache_v_l1 (view)","SET_ROWS","f16",-1,51,-1,128,512,1,1,131072,0.404739,1,"clFinish_profiled"
"OpenCL","COMPUTE","__fattn__-1","FLASH_ATTN_EXT","f32",-1,58,-1,64,14,1,1,3584,0.795677,1,"clFinish_profiled"
"OpenCL","COMPUTE","node_61","MUL_MAT","f32",-1,60,-1,896,1,1,1,3584,0.567448,1,"clFinish_profiled"
"OpenCL","COMPUTE","ffn_inp-1","ADD","f32",-1,61,-1,896,1,1,1,3584,0.421354,1,"clFinish_profiled"
"OpenCL","COMPUTE","ffn_gate-1","MUL_MAT","f32",-1,64,-1,4864,1,1,1,19456,1.386718,1,"clFinish_profiled"
"OpenCL","COMPUTE","ffn_up-1","MUL_MAT","f32",-1,65,-1,4864,1,1,1,19456,1.306927,1,"clFinish_profiled"
"OpenCL","COMPUTE","ffn_swiglu-1","GLU","f32",-1,66,-1,4864,1,1,1,19456,0.752656,1,"clFinish_profiled"
"OpenCL","COMPUTE","ffn_out-1","MUL_MAT","f32",-1,67,-1,896,1,1,1,3584,1.110729,1,"clFinish_profiled"
"OpenCL","COMPUTE","l_out-1","ADD","f32",-1,68,-1,896,1,1,1,3584,0.375105,1,"clFinish_profiled"
"OpenCL","COMPUTE","node_72","MUL_MAT","f32",-1,71,-1,896,1,1,1,3584,0.554583,1,"clFinish_profiled"
"OpenCL","COMPUTE","Qcur-2","ADD","f32",-1,72,-1,896,1,1,1,3584,0.363281,1,"clFinish_profiled"
"OpenCL","COMPUTE","Qcur-2","ROPE","f32",-1,74,-1,64,14,1,1,3584,0.360781,1,"clFinish_profiled"
"OpenCL","COMPUTE","node_76","MUL_MAT","f32",-1,75,-1,128,1,1,1,512,0.393281,1,"clFinish_profiled"
"OpenCL","COMPUTE","Kcur-2","ADD","f32",-1,76,-1,128,1,1,1,512,0.354271,1,"clFinish_profiled"
"OpenCL","COMPUTE","Kcur-2","ROPE","f32",-1,78,-1,64,2,1,1,512,0.353073,1,"clFinish_profiled"
"OpenCL","COMPUTE","node_80","MUL_MAT","f32",-1,79,-1,128,1,1,1,512,0.680729,1,"clFinish_profiled"
"OpenCL","COMPUTE","Vcur-2","ADD","f32",-1,80,-1,128,1,1,1,512,0.823750,1,"clFinish_profiled"
"OpenCL","COMPUTE","cache_k_l2 (view)","SET_ROWS","f16",-1,83,-1,128,512,1,1,131072,0.769635,1,"clFinish_profiled"
"OpenCL","COMPUTE","cache_v_l2 (view)","SET_ROWS","f16",-1,85,-1,128,512,1,1,131072,0.590782,1,"clFinish_profiled"
"OpenCL","COMPUTE","__fattn__-2","FLASH_ATTN_EXT","f32",-1,92,-1,64,14,1,1,3584,0.974271,1,"clFinish_profiled"
"OpenCL","COMPUTE","node_95","MUL_MAT","f32",-1,94,-1,896,1,1,1,3584,0.925834,1,"clFinish_profiled"
"OpenCL","COMPUTE","ffn_inp-2","ADD","f32",-1,95,-1,896,1,1,1,3584,0.569531,1,"clFinish_profiled"
"OpenCL","COMPUTE","ffn_gate-2","MUL_MAT","f32",-1,98,-1,4864,1,1,1,19456,1.544948,1,"clFinish_profiled"
"OpenCL","COMPUTE","ffn_up-2","MUL_MAT","f32",-1,99,-1,4864,1,1,1,19456,1.533542,1,"clFinish_profiled"
"OpenCL","COMPUTE","ffn_swiglu-2","GLU","f32",-1,100,-1,4864,1,1,1,19456,0.802292,1,"clFinish_profiled"
"OpenCL","COMPUTE","ffn_out-2","MUL_MAT","f32",-1,101,-1,896,1,1,1,3584,1.270209,1,"clFinish_profiled"
"OpenCL","COMPUTE","l_out-2","ADD","f32",-1,102,-1,896,1,1,1,3584,0.880833,1,"clFinish_profiled"
"OpenCL","COMPUTE","node_106","MUL_MAT","f32",-1,105,-1,896,1,1,1,3584,0.683854,1,"clFinish_profiled"
"OpenCL","COMPUTE","Qcur-3","ADD","f32",-1,106,-1,896,1,1,1,3584,0.853854,1,"clFinish_profiled"
"OpenCL","COMPUTE","Qcur-3","ROPE","f32",-1,108,-1,64,14,1,1,3584,0.432031,1,"clFinish_profiled"
"OpenCL","COMPUTE","node_110","MUL_MAT","f32",-1,109,-1,128,1,1,1,512,0.431667,1,"clFinish_profiled"
"OpenCL","COMPUTE","Kcur-3","ADD","f32",-1,110,-1,128,1,1,1,512,0.388593,1,"clFinish_profiled"
"OpenCL","COMPUTE","Kcur-3","ROPE","f32",-1,112,-1,64,2,1,1,512,0.387708,1,"clFinish_profiled"
"OpenCL","COMPUTE","node_114","MUL_MAT","f32",-1,113,-1,128,1,1,1,512,0.427969,1,"clFinish_profiled"
"OpenCL","COMPUTE","Vcur-3","ADD","f32",-1,114,-1,128,1,1,1,512,0.389011,1,"clFinish_profiled"
"OpenCL","COMPUTE","cache_k_l3 (view)","SET_ROWS","f16",-1,117,-1,128,512,1,1,131072,0.394583,1,"clFinish_profiled"
"OpenCL","COMPUTE","cache_v_l3 (view)","SET_ROWS","f16",-1,119,-1,128,512,1,1,131072,0.387761,1,"clFinish_profiled"
"OpenCL","COMPUTE","__fattn__-3","FLASH_ATTN_EXT","f32",-1,126,-1,64,14,1,1,3584,0.767031,1,"clFinish_profiled"
"OpenCL","COMPUTE","node_129","MUL_MAT","f32",-1,128,-1,896,1,1,1,3584,0.539011,1,"clFinish_profiled"
"OpenCL","COMPUTE","ffn_inp-3","ADD","f32",-1,129,-1,896,1,1,1,3584,0.392761,1,"clFinish_profiled"
"OpenCL","COMPUTE","ffn_gate-3","MUL_MAT","f32",-1,132,-1,4864,1,1,1,19456,1.473542,1,"clFinish_profiled"
"OpenCL","COMPUTE","ffn_up-3","MUL_MAT","f32",-1,133,-1,4864,1,1,1,19456,1.076615,1,"clFinish_profiled"
"OpenCL","COMPUTE","ffn_swiglu-3","GLU","f32",-1,134,-1,4864,1,1,1,19456,0.406510,1,"clFinish_profiled"
"OpenCL","COMPUTE","ffn_out-3","MUL_MAT","f32",-1,135,-1,896,1,1,1,3584,1.091302,1,"clFinish_profiled"
"OpenCL","COMPUTE","l_out-3","ADD","f32",-1,136,-1,896,1,1,1,3584,0.392344,1,"clFinish_profiled"
"OpenCL","COMPUTE","node_140","MUL_MAT","f32",-1,139,-1,896,1,1,1,3584,0.569948,1,"clFinish_profiled"
"OpenCL","COMPUTE","Qcur-4","ADD","f32",-1,140,-1,896,1,1,1,3584,0.398229,1,"clFinish_profiled"
"OpenCL","COMPUTE","Qcur-4","ROPE","f32",-1,142,-1,64,14,1,1,3584,0.506979,1,"clFinish_profiled"
"OpenCL","COMPUTE","node_144","MUL_MAT","f32",-1,143,-1,128,1,1,1,512,0.828229,1,"clFinish_profiled"
"OpenCL","COMPUTE","Kcur-4","ADD","f32",-1,144,-1,128,1,1,1,512,0.427552,1,"clFinish_profiled"
"OpenCL","COMPUTE","Kcur-4","ROPE","f32",-1,146,-1,64,2,1,1,512,0.401042,1,"clFinish_profiled"
"OpenCL","COMPUTE","node_148","MUL_MAT","f32",-1,147,-1,128,1,1,1,512,0.472395,1,"clFinish_profiled"
"OpenCL","COMPUTE","Vcur-4","ADD","f32",-1,148,-1,128,1,1,1,512,0.388229,1,"clFinish_profiled"
"OpenCL","COMPUTE","cache_k_l4 (view)","SET_ROWS","f16",-1,151,-1,128,512,1,1,131072,0.378646,1,"clFinish_profiled"
"OpenCL","COMPUTE","cache_v_l4 (view)","SET_ROWS","f16",-1,153,-1,128,512,1,1,131072,0.383230,1,"clFinish_profiled"
"OpenCL","COMPUTE","__fattn__-4","FLASH_ATTN_EXT","f32",-1,160,-1,64,14,1,1,3584,0.799218,1,"clFinish_profiled"
"OpenCL","COMPUTE","node_163","MUL_MAT","f32",-1,162,-1,896,1,1,1,3584,0.554687,1,"clFinish_profiled"
"OpenCL","COMPUTE","ffn_inp-4","ADD","f32",-1,163,-1,896,1,1,1,3584,0.388594,1,"clFinish_profiled"
"OpenCL","COMPUTE","ffn_gate-4","MUL_MAT","f32",-1,166,-1,4864,1,1,1,19456,1.044948,1,"clFinish_profiled"
"OpenCL","COMPUTE","ffn_up-4","MUL_MAT","f32",-1,167,-1,4864,1,1,1,19456,1.013230,1,"clFinish_profiled"
"OpenCL","COMPUTE","ffn_swiglu-4","GLU","f32",-1,168,-1,4864,1,1,1,19456,0.408177,1,"clFinish_profiled"
"OpenCL","COMPUTE","ffn_out-4","MUL_MAT","f32",-1,169,-1,896,1,1,1,3584,1.303229,1,"clFinish_profiled"
"OpenCL","COMPUTE","l_out-4","ADD","f32",-1,170,-1,896,1,1,1,3584,0.700781,1,"clFinish_profiled"
"OpenCL","COMPUTE","node_174","MUL_MAT","f32",-1,173,-1,896,1,1,1,3584,0.614948,1,"clFinish_profiled"
"OpenCL","COMPUTE","Qcur-5","ADD","f32",-1,174,-1,896,1,1,1,3584,0.393385,1,"clFinish_profiled"
"OpenCL","COMPUTE","Qcur-5","ROPE","f32",-1,176,-1,64,14,1,1,3584,0.382760,1,"clFinish_profiled"
"OpenCL","COMPUTE","node_178","MUL_MAT","f32",-1,177,-1,128,1,1,1,512,0.421354,1,"clFinish_profiled"
"OpenCL","COMPUTE","Kcur-5","ADD","f32",-1,178,-1,128,1,1,1,512,0.462760,1,"clFinish_profiled"
"OpenCL","COMPUTE","Kcur-5","ROPE","f32",-1,180,-1,64,2,1,1,512,0.401250,1,"clFinish_profiled"
"OpenCL","COMPUTE","node_182","MUL_MAT","f32",-1,181,-1,128,1,1,1,512,0.420521,1,"clFinish_profiled"
"OpenCL","COMPUTE","Vcur-5","ADD","f32",-1,182,-1,128,1,1,1,512,0.382031,1,"clFinish_profiled"
"OpenCL","COMPUTE","cache_k_l5 (view)","SET_ROWS","f16",-1,185,-1,128,512,1,1,131072,0.377813,1,"clFinish_profiled"
"OpenCL","COMPUTE","cache_v_l5 (view)","SET_ROWS","f16",-1,187,-1,128,512,1,1,131072,0.369271,1,"clFinish_profiled"
"OpenCL","COMPUTE","__fattn__-5","FLASH_ATTN_EXT","f32",-1,194,-1,64,14,1,1,3584,0.762135,1,"clFinish_profiled"
"OpenCL","COMPUTE","node_197","MUL_MAT","f32",-1,196,-1,896,1,1,1,3584,0.531302,1,"clFinish_profiled"
"OpenCL","COMPUTE","ffn_inp-5","ADD","f32",-1,197,-1,896,1,1,1,3584,0.415937,1,"clFinish_profiled"
"OpenCL","COMPUTE","ffn_gate-5","MUL_MAT","f32",-1,200,-1,4864,1,1,1,19456,1.093646,1,"clFinish_profiled"
"OpenCL","COMPUTE","ffn_up-5","MUL_MAT","f32",-1,201,-1,4864,1,1,1,19456,1.087864,1,"clFinish_profiled"
"OpenCL","COMPUTE","ffn_swiglu-5","GLU","f32",-1,202,-1,4864,1,1,1,19456,0.431354,1,"clFinish_profiled"
"OpenCL","COMPUTE","ffn_out-5","MUL_MAT","f32",-1,203,-1,896,1,1,1,3584,1.299739,1,"clFinish_profiled"
"OpenCL","COMPUTE","l_out-5","ADD","f32",-1,204,-1,896,1,1,1,3584,0.770469,1,"clFinish_profiled"
"OpenCL","COMPUTE","node_208","MUL_MAT","f32",-1,207,-1,896,1,1,1,3584,0.620990,1,"clFinish_profiled"
"OpenCL","COMPUTE","Qcur-6","ADD","f32",-1,208,-1,896,1,1,1,3584,0.393177,1,"clFinish_profiled"
"OpenCL","COMPUTE","Qcur-6","ROPE","f32",-1,210,-1,64,14,1,1,3584,0.390833,1,"clFinish_profiled"
"OpenCL","COMPUTE","node_212","MUL_MAT","f32",-1,211,-1,128,1,1,1,512,0.425365,1,"clFinish_profiled"
"OpenCL","COMPUTE","Kcur-6","ADD","f32",-1,212,-1,128,1,1,1,512,0.368281,1,"clFinish_profiled"
"OpenCL","COMPUTE","Kcur-6","ROPE","f32",-1,214,-1,64,2,1,1,512,0.390105,1,"clFinish_profiled"
"OpenCL","COMPUTE","node_216","MUL_MAT","f32",-1,215,-1,128,1,1,1,512,0.409218,1,"clFinish_profiled"
"OpenCL","COMPUTE","Vcur-6","ADD","f32",-1,216,-1,128,1,1,1,512,0.414583,1,"clFinish_profiled"
"OpenCL","COMPUTE","cache_k_l6 (view)","SET_ROWS","f16",-1,219,-1,128,512,1,1,131072,0.390313,1,"clFinish_profiled"
"OpenCL","COMPUTE","cache_v_l6 (view)","SET_ROWS","f16",-1,221,-1,128,512,1,1,131072,0.373958,1,"clFinish_profiled"
"OpenCL","COMPUTE","__fattn__-6","FLASH_ATTN_EXT","f32",-1,228,-1,64,14,1,1,3584,0.761667,1,"clFinish_profiled"
"OpenCL","COMPUTE","node_231","MUL_MAT","f32",-1,230,-1,896,1,1,1,3584,0.524687,1,"clFinish_profiled"
"OpenCL","COMPUTE","ffn_inp-6","ADD","f32",-1,231,-1,896,1,1,1,3584,0.380885,1,"clFinish_profiled"
"OpenCL","COMPUTE","ffn_gate-6","MUL_MAT","f32",-1,234,-1,4864,1,1,1,19456,1.058073,1,"clFinish_profiled"
"OpenCL","COMPUTE","ffn_up-6","MUL_MAT","f32",-1,235,-1,4864,1,1,1,19456,1.226458,1,"clFinish_profiled"
"OpenCL","COMPUTE","ffn_swiglu-6","GLU","f32",-1,236,-1,4864,1,1,1,19456,0.602812,1,"clFinish_profiled"
"OpenCL","COMPUTE","ffn_out-6","MUL_MAT","f32",-1,237,-1,896,1,1,1,3584,1.775885,1,"clFinish_profiled"
"OpenCL","COMPUTE","l_out-6","ADD","f32",-1,238,-1,896,1,1,1,3584,0.759843,1,"clFinish_profiled"
"OpenCL","COMPUTE","node_242","MUL_MAT","f32",-1,241,-1,896,1,1,1,3584,1.016979,1,"clFinish_profiled"
"OpenCL","COMPUTE","Qcur-7","ADD","f32",-1,242,-1,896,1,1,1,3584,0.437291,1,"clFinish_profiled"
"OpenCL","COMPUTE","Qcur-7","ROPE","f32",-1,244,-1,64,14,1,1,3584,0.396250,1,"clFinish_profiled"
"OpenCL","COMPUTE","node_246","MUL_MAT","f32",-1,245,-1,128,1,1,1,512,0.423385,1,"clFinish_profiled"
"OpenCL","COMPUTE","Kcur-7","ADD","f32",-1,246,-1,128,1,1,1,512,0.372864,1,"clFinish_profiled"
"OpenCL","COMPUTE","Kcur-7","ROPE","f32",-1,248,-1,64,2,1,1,512,0.390938,1,"clFinish_profiled"
"OpenCL","COMPUTE","node_250","MUL_MAT","f32",-1,249,-1,128,1,1,1,512,0.484219,1,"clFinish_profiled"
"OpenCL","COMPUTE","Vcur-7","ADD","f32",-1,250,-1,128,1,1,1,512,0.391562,1,"clFinish_profiled"
"OpenCL","COMPUTE","cache_k_l7 (view)","SET_ROWS","f16",-1,253,-1,128,512,1,1,131072,0.384792,1,"clFinish_profiled"
"OpenCL","COMPUTE","cache_v_l7 (view)","SET_ROWS","f16",-1,255,-1,128,512,1,1,131072,0.388437,1,"clFinish_profiled"
"OpenCL","COMPUTE","__fattn__-7","FLASH_ATTN_EXT","f32",-1,262,-1,64,14,1,1,3584,0.795834,1,"clFinish_profiled"
"OpenCL","COMPUTE","node_265","MUL_MAT","f32",-1,264,-1,896,1,1,1,3584,0.631615,1,"clFinish_profiled"
"OpenCL","COMPUTE","ffn_inp-7","ADD","f32",-1,265,-1,896,1,1,1,3584,0.849739,1,"clFinish_profiled"
"OpenCL","COMPUTE","ffn_gate-7","MUL_MAT","f32",-1,268,-1,4864,1,1,1,19456,1.842968,1,"clFinish_profiled"
"OpenCL","COMPUTE","ffn_up-7","MUL_MAT","f32",-1,269,-1,4864,1,1,1,19456,1.557083,1,"clFinish_profiled"
"OpenCL","COMPUTE","ffn_swiglu-7","GLU","f32",-1,270,-1,4864,1,1,1,19456,0.811510,1,"clFinish_profiled"
"OpenCL","COMPUTE","ffn_out-7","MUL_MAT","f32",-1,271,-1,896,1,1,1,3584,1.858021,1,"clFinish_profiled"
"OpenCL","COMPUTE","l_out-7","ADD","f32",-1,272,-1,896,1,1,1,3584,0.766563,1,"clFinish_profiled"
"OpenCL","COMPUTE","node_276","MUL_MAT","f32",-1,275,-1,896,1,1,1,3584,0.649115,1,"clFinish_profiled"
"OpenCL","COMPUTE","Qcur-8","ADD","f32",-1,276,-1,896,1,1,1,3584,0.454948,1,"clFinish_profiled"
"OpenCL","COMPUTE","Qcur-8","ROPE","f32",-1,278,-1,64,14,1,1,3584,0.868385,1,"clFinish_profiled"
"OpenCL","COMPUTE","node_280","MUL_MAT","f32",-1,279,-1,128,1,1,1,512,0.551615,1,"clFinish_profiled"
"OpenCL","COMPUTE","Kcur-8","ADD","f32",-1,280,-1,128,1,1,1,512,0.869062,1,"clFinish_profiled"
"OpenCL","COMPUTE","Kcur-8","ROPE","f32",-1,282,-1,64,2,1,1,512,0.542500,1,"clFinish_profiled"
"OpenCL","COMPUTE","node_284","MUL_MAT","f32",-1,283,-1,128,1,1,1,512,0.830208,1,"clFinish_profiled"
"OpenCL","COMPUTE","Vcur-8","ADD","f32",-1,284,-1,128,1,1,1,512,0.566562,1,"clFinish_profiled"
"OpenCL","COMPUTE","cache_k_l8 (view)","SET_ROWS","f16",-1,287,-1,128,512,1,1,131072,0.757135,1,"clFinish_profiled"
"OpenCL","COMPUTE","cache_v_l8 (view)","SET_ROWS","f16",-1,289,-1,128,512,1,1,131072,0.492812,1,"clFinish_profiled"
"OpenCL","COMPUTE","__fattn__-8","FLASH_ATTN_EXT","f32",-1,296,-1,64,14,1,1,3584,0.818750,1,"clFinish_profiled"
"OpenCL","COMPUTE","node_299","MUL_MAT","f32",-1,298,-1,896,1,1,1,3584,0.603125,1,"clFinish_profiled"
"OpenCL","COMPUTE","ffn_inp-8","ADD","f32",-1,299,-1,896,1,1,1,3584,0.437760,1,"clFinish_profiled"
"OpenCL","COMPUTE","ffn_gate-8","MUL_MAT","f32",-1,302,-1,4864,1,1,1,19456,1.622708,1,"clFinish_profiled"
"OpenCL","COMPUTE","ffn_up-8","MUL_MAT","f32",-1,303,-1,4864,1,1,1,19456,1.559218,1,"clFinish_profiled"
"OpenCL","COMPUTE","ffn_swiglu-8","GLU","f32",-1,304,-1,4864,1,1,1,19456,0.787448,1,"clFinish_profiled"
"OpenCL","COMPUTE","ffn_out-8","MUL_MAT","f32",-1,305,-1,896,1,1,1,3584,1.289583,1,"clFinish_profiled"
"OpenCL","COMPUTE","l_out-8","ADD","f32",-1,306,-1,896,1,1,1,3584,0.736510,1,"clFinish_profiled"
"OpenCL","COMPUTE","node_310","MUL_MAT","f32",-1,309,-1,896,1,1,1,3584,0.643906,1,"clFinish_profiled"
"OpenCL","COMPUTE","Qcur-9","ADD","f32",-1,310,-1,896,1,1,1,3584,0.459010,1,"clFinish_profiled"
"OpenCL","COMPUTE","Qcur-9","ROPE","f32",-1,312,-1,64,14,1,1,3584,0.408073,1,"clFinish_profiled"
"OpenCL","COMPUTE","node_314","MUL_MAT","f32",-1,313,-1,128,1,1,1,512,0.426458,1,"clFinish_profiled"
"OpenCL","COMPUTE","Kcur-9","ADD","f32",-1,314,-1,128,1,1,1,512,0.383437,1,"clFinish_profiled"
"OpenCL","COMPUTE","Kcur-9","ROPE","f32",-1,316,-1,64,2,1,1,512,0.381822,1,"clFinish_profiled"
"OpenCL","COMPUTE","node_318","MUL_MAT","f32",-1,317,-1,128,1,1,1,512,0.420313,1,"clFinish_profiled"
"OpenCL","COMPUTE","Vcur-9","ADD","f32",-1,318,-1,128,1,1,1,512,0.378229,1,"clFinish_profiled"
"OpenCL","COMPUTE","cache_k_l9 (view)","SET_ROWS","f16",-1,321,-1,128,512,1,1,131072,0.381718,1,"clFinish_profiled"
"OpenCL","COMPUTE","cache_v_l9 (view)","SET_ROWS","f16",-1,323,-1,128,512,1,1,131072,0.387239,1,"clFinish_profiled"
"OpenCL","COMPUTE","__fattn__-9","FLASH_ATTN_EXT","f32",-1,330,-1,64,14,1,1,3584,0.791719,1,"clFinish_profiled"
"OpenCL","COMPUTE","node_333","MUL_MAT","f32",-1,332,-1,896,1,1,1,3584,0.537865,1,"clFinish_profiled"
"OpenCL","COMPUTE","ffn_inp-9","ADD","f32",-1,333,-1,896,1,1,1,3584,0.410104,1,"clFinish_profiled"
"OpenCL","COMPUTE","ffn_gate-9","MUL_MAT","f32",-1,336,-1,4864,1,1,1,19456,1.467135,1,"clFinish_profiled"
"OpenCL","COMPUTE","ffn_up-9","MUL_MAT","f32",-1,337,-1,4864,1,1,1,19456,1.144219,1,"clFinish_profiled"
"OpenCL","COMPUTE","ffn_swiglu-9","GLU","f32",-1,338,-1,4864,1,1,1,19456,0.871510,1,"clFinish_profiled"
"OpenCL","COMPUTE","ffn_out-9","MUL_MAT","f32",-1,339,-1,896,1,1,1,3584,1.291615,1,"clFinish_profiled"
"OpenCL","COMPUTE","l_out-9","ADD","f32",-1,340,-1,896,1,1,1,3584,0.815834,1,"clFinish_profiled"
"OpenCL","COMPUTE","node_344","MUL_MAT","f32",-1,343,-1,896,1,1,1,3584,0.942292,1,"clFinish_profiled"
"OpenCL","COMPUTE","Qcur-10","ADD","f32",-1,344,-1,896,1,1,1,3584,0.589531,1,"clFinish_profiled"
"OpenCL","COMPUTE","Qcur-10","ROPE","f32",-1,346,-1,64,14,1,1,3584,0.769375,1,"clFinish_profiled"
"OpenCL","COMPUTE","node_348","MUL_MAT","f32",-1,347,-1,128,1,1,1,512,0.481771,1,"clFinish_profiled"
"OpenCL","COMPUTE","Kcur-10","ADD","f32",-1,348,-1,128,1,1,1,512,0.386093,1,"clFinish_profiled"
"OpenCL","COMPUTE","Kcur-10","ROPE","f32",-1,350,-1,64,2,1,1,512,0.391562,1,"clFinish_profiled"
"OpenCL","COMPUTE","node_352","MUL_MAT","f32",-1,351,-1,128,1,1,1,512,0.425156,1,"clFinish_profiled"
"OpenCL","COMPUTE","Vcur-10","ADD","f32",-1,352,-1,128,1,1,1,512,0.385937,1,"clFinish_profiled"
"OpenCL","COMPUTE","cache_k_l10 (view)","SET_ROWS","f16",-1,355,-1,128,512,1,1,131072,0.383230,1,"clFinish_profiled"
"OpenCL","COMPUTE","cache_v_l10 (view)","SET_ROWS","f16",-1,357,-1,128,512,1,1,131072,0.383177,1,"clFinish_profiled"
"OpenCL","COMPUTE","__fattn__-10","FLASH_ATTN_EXT","f32",-1,364,-1,64,14,1,1,3584,0.843333,1,"clFinish_profiled"
"OpenCL","COMPUTE","node_367","MUL_MAT","f32",-1,366,-1,896,1,1,1,3584,0.580364,1,"clFinish_profiled"
"OpenCL","COMPUTE","ffn_inp-10","ADD","f32",-1,367,-1,896,1,1,1,3584,0.391407,1,"clFinish_profiled"
"OpenCL","COMPUTE","ffn_gate-10","MUL_MAT","f32",-1,370,-1,4864,1,1,1,19456,1.053385,1,"clFinish_profiled"
"OpenCL","COMPUTE","ffn_up-10","MUL_MAT","f32",-1,371,-1,4864,1,1,1,19456,1.090157,1,"clFinish_profiled"
"OpenCL","COMPUTE","ffn_swiglu-10","GLU","f32",-1,372,-1,4864,1,1,1,19456,0.442657,1,"clFinish_profiled"
"OpenCL","COMPUTE","ffn_out-10","MUL_MAT","f32",-1,373,-1,896,1,1,1,3584,1.250157,1,"clFinish_profiled"
"OpenCL","COMPUTE","l_out-10","ADD","f32",-1,374,-1,896,1,1,1,3584,0.789010,1,"clFinish_profiled"
"OpenCL","COMPUTE","node_378","MUL_MAT","f32",-1,377,-1,896,1,1,1,3584,0.639375,1,"clFinish_profiled"
"OpenCL","COMPUTE","Qcur-11","ADD","f32",-1,378,-1,896,1,1,1,3584,0.397604,1,"clFinish_profiled"
"OpenCL","COMPUTE","Qcur-11","ROPE","f32",-1,380,-1,64,14,1,1,3584,0.386927,1,"clFinish_profiled"
"OpenCL","COMPUTE","node_382","MUL_MAT","f32",-1,381,-1,128,1,1,1,512,0.429532,1,"clFinish_profiled"
"OpenCL","COMPUTE","Kcur-11","ADD","f32",-1,382,-1,128,1,1,1,512,0.387032,1,"clFinish_profiled"
"OpenCL","COMPUTE","Kcur-11","ROPE","f32",-1,384,-1,64,2,1,1,512,0.413125,1,"clFinish_profiled"
"OpenCL","COMPUTE","node_386","MUL_MAT","f32",-1,385,-1,128,1,1,1,512,0.429375,1,"clFinish_profiled"
"OpenCL","COMPUTE","Vcur-11","ADD","f32",-1,386,-1,128,1,1,1,512,0.383177,1,"clFinish_profiled"
"OpenCL","COMPUTE","cache_k_l11 (view)","SET_ROWS","f16",-1,389,-1,128,512,1,1,131072,0.385156,1,"clFinish_profiled"
"OpenCL","COMPUTE","cache_v_l11 (view)","SET_ROWS","f16",-1,391,-1,128,512,1,1,131072,0.388906,1,"clFinish_profiled"
"OpenCL","COMPUTE","__fattn__-11","FLASH_ATTN_EXT","f32",-1,398,-1,64,14,1,1,3584,0.810625,1,"clFinish_profiled"
"OpenCL","COMPUTE","node_401","MUL_MAT","f32",-1,400,-1,896,1,1,1,3584,0.533906,1,"clFinish_profiled"
"OpenCL","COMPUTE","ffn_inp-11","ADD","f32",-1,401,-1,896,1,1,1,3584,0.379687,1,"clFinish_profiled"
"OpenCL","COMPUTE","ffn_gate-11","MUL_MAT","f32",-1,404,-1,4864,1,1,1,19456,1.055885,1,"clFinish_profiled"
"OpenCL","COMPUTE","ffn_up-11","MUL_MAT","f32",-1,405,-1,4864,1,1,1,19456,1.061719,1,"clFinish_profiled"
"OpenCL","COMPUTE","ffn_swiglu-11","GLU","f32",-1,406,-1,4864,1,1,1,19456,0.418229,1,"clFinish_profiled"
"OpenCL","COMPUTE","ffn_out-11","MUL_MAT","f32",-1,407,-1,896,1,1,1,3584,1.270521,1,"clFinish_profiled"
"OpenCL","COMPUTE","l_out-11","ADD","f32",-1,408,-1,896,1,1,1,3584,0.899219,1,"clFinish_profiled"
"OpenCL","COMPUTE","node_412","MUL_MAT","f32",-1,411,-1,896,1,1,1,3584,1.093230,1,"clFinish_profiled"
"OpenCL","COMPUTE","Qcur-12","ADD","f32",-1,412,-1,896,1,1,1,3584,0.974219,1,"clFinish_profiled"
"OpenCL","COMPUTE","Qcur-12","ROPE","f32",-1,414,-1,64,14,1,1,3584,0.751823,1,"clFinish_profiled"
"OpenCL","COMPUTE","node_416","MUL_MAT","f32",-1,415,-1,128,1,1,1,512,0.474636,1,"clFinish_profiled"
"OpenCL","COMPUTE","Kcur-12","ADD","f32",-1,416,-1,128,1,1,1,512,0.389948,1,"clFinish_profiled"
"OpenCL","COMPUTE","Kcur-12","ROPE","f32",-1,418,-1,64,2,1,1,512,0.394531,1,"clFinish_profiled"
"OpenCL","COMPUTE","node_420","MUL_MAT","f32",-1,419,-1,128,1,1,1,512,0.423229,1,"clFinish_profiled"
"OpenCL","COMPUTE","Vcur-12","ADD","f32",-1,420,-1,128,1,1,1,512,0.384063,1,"clFinish_profiled"
"OpenCL","COMPUTE","cache_k_l12 (view)","SET_ROWS","f16",-1,423,-1,128,512,1,1,131072,0.367292,1,"clFinish_profiled"
"OpenCL","COMPUTE","cache_v_l12 (view)","SET_ROWS","f16",-1,425,-1,128,512,1,1,131072,0.366927,1,"clFinish_profiled"
"OpenCL","COMPUTE","__fattn__-12","FLASH_ATTN_EXT","f32",-1,432,-1,64,14,1,1,3584,0.753906,1,"clFinish_profiled"
"OpenCL","COMPUTE","node_435","MUL_MAT","f32",-1,434,-1,896,1,1,1,3584,0.540833,1,"clFinish_profiled"
"OpenCL","COMPUTE","ffn_inp-12","ADD","f32",-1,435,-1,896,1,1,1,3584,0.389323,1,"clFinish_profiled"
"OpenCL","COMPUTE","ffn_gate-12","MUL_MAT","f32",-1,438,-1,4864,1,1,1,19456,1.081094,1,"clFinish_profiled"
"OpenCL","COMPUTE","ffn_up-12","MUL_MAT","f32",-1,439,-1,4864,1,1,1,19456,1.019948,1,"clFinish_profiled"
"OpenCL","COMPUTE","ffn_swiglu-12","GLU","f32",-1,440,-1,4864,1,1,1,19456,0.511354,1,"clFinish_profiled"
"OpenCL","COMPUTE","ffn_out-12","MUL_MAT","f32",-1,441,-1,896,1,1,1,3584,1.304010,1,"clFinish_profiled"
"OpenCL","COMPUTE","l_out-12","ADD","f32",-1,442,-1,896,1,1,1,3584,0.686250,1,"clFinish_profiled"
"OpenCL","COMPUTE","node_446","MUL_MAT","f32",-1,445,-1,896,1,1,1,3584,0.618959,1,"clFinish_profiled"
"OpenCL","COMPUTE","Qcur-13","ADD","f32",-1,446,-1,896,1,1,1,3584,0.415573,1,"clFinish_profiled"
"OpenCL","COMPUTE","Qcur-13","ROPE","f32",-1,448,-1,64,14,1,1,3584,0.397083,1,"clFinish_profiled"
"OpenCL","COMPUTE","node_450","MUL_MAT","f32",-1,449,-1,128,1,1,1,512,0.427552,1,"clFinish_profiled"
"OpenCL","COMPUTE","Kcur-13","ADD","f32",-1,450,-1,128,1,1,1,512,0.366666,1,"clFinish_profiled"
"OpenCL","COMPUTE","Kcur-13","ROPE","f32",-1,452,-1,64,2,1,1,512,0.371823,1,"clFinish_profiled"
"OpenCL","COMPUTE","node_454","MUL_MAT","f32",-1,453,-1,128,1,1,1,512,0.401511,1,"clFinish_profiled"
"OpenCL","COMPUTE","Vcur-13","ADD","f32",-1,454,-1,128,1,1,1,512,0.380469,1,"clFinish_profiled"
"OpenCL","COMPUTE","cache_k_l13 (view)","SET_ROWS","f16",-1,457,-1,128,512,1,1,131072,0.375469,1,"clFinish_profiled"
"OpenCL","COMPUTE","cache_v_l13 (view)","SET_ROWS","f16",-1,459,-1,128,512,1,1,131072,0.382760,1,"clFinish_profiled"
"OpenCL","COMPUTE","__fattn__-13","FLASH_ATTN_EXT","f32",-1,466,-1,64,14,1,1,3584,0.787083,1,"clFinish_profiled"
"OpenCL","COMPUTE","node_469","MUL_MAT","f32",-1,468,-1,896,1,1,1,3584,0.584635,1,"clFinish_profiled"
"OpenCL","COMPUTE","ffn_inp-13","ADD","f32",-1,469,-1,896,1,1,1,3584,0.386771,1,"clFinish_profiled"
"OpenCL","COMPUTE","ffn_gate-13","MUL_MAT","f32",-1,472,-1,4864,1,1,1,19456,1.045521,1,"clFinish_profiled"
"OpenCL","COMPUTE","ffn_up-13","MUL_MAT","f32",-1,473,-1,4864,1,1,1,19456,1.019948,1,"clFinish_profiled"
"OpenCL","COMPUTE","ffn_swiglu-13","GLU","f32",-1,474,-1,4864,1,1,1,19456,0.406302,1,"clFinish_profiled"
"OpenCL","COMPUTE","ffn_out-13","MUL_MAT","f32",-1,475,-1,896,1,1,1,3584,1.084427,1,"clFinish_profiled"
"OpenCL","COMPUTE","l_out-13","ADD","f32",-1,476,-1,896,1,1,1,3584,0.385260,1,"clFinish_profiled"
"OpenCL","COMPUTE","node_480","MUL_MAT","f32",-1,479,-1,896,1,1,1,3584,0.565677,1,"clFinish_profiled"
"OpenCL","COMPUTE","Qcur-14","ADD","f32",-1,480,-1,896,1,1,1,3584,0.386198,1,"clFinish_profiled"
"OpenCL","COMPUTE","Qcur-14","ROPE","f32",-1,482,-1,64,14,1,1,3584,0.388489,1,"clFinish_profiled"
"OpenCL","COMPUTE","node_484","MUL_MAT","f32",-1,483,-1,128,1,1,1,512,0.418229,1,"clFinish_profiled"
"OpenCL","COMPUTE","Kcur-14","ADD","f32",-1,484,-1,128,1,1,1,512,0.367917,1,"clFinish_profiled"
"OpenCL","COMPUTE","Kcur-14","ROPE","f32",-1,486,-1,64,2,1,1,512,0.614583,1,"clFinish_profiled"
"OpenCL","COMPUTE","node_488","MUL_MAT","f32",-1,487,-1,128,1,1,1,512,0.788854,1,"clFinish_profiled"
"OpenCL","COMPUTE","Vcur-14","ADD","f32",-1,488,-1,128,1,1,1,512,0.790990,1,"clFinish_profiled"
"OpenCL","COMPUTE","cache_k_l14 (view)","SET_ROWS","f16",-1,491,-1,128,512,1,1,131072,0.450989,1,"clFinish_profiled"
"OpenCL","COMPUTE","cache_v_l14 (view)","SET_ROWS","f16",-1,493,-1,128,512,1,1,131072,0.595260,1,"clFinish_profiled"
"OpenCL","COMPUTE","__fattn__-14","FLASH_ATTN_EXT","f32",-1,500,-1,64,14,1,1,3584,1.099687,1,"clFinish_profiled"
"OpenCL","COMPUTE","node_503","MUL_MAT","f32",-1,502,-1,896,1,1,1,3584,0.670521,1,"clFinish_profiled"
"OpenCL","COMPUTE","ffn_inp-14","ADD","f32",-1,503,-1,896,1,1,1,3584,0.404896,1,"clFinish_profiled"
"OpenCL","COMPUTE","ffn_gate-14","MUL_MAT","f32",-1,506,-1,4864,1,1,1,19456,1.065937,1,"clFinish_profiled"
"OpenCL","COMPUTE","ffn_up-14","MUL_MAT","f32",-1,507,-1,4864,1,1,1,19456,1.073073,1,"clFinish_profiled"
"OpenCL","COMPUTE","ffn_swiglu-14","GLU","f32",-1,508,-1,4864,1,1,1,19456,0.879375,1,"clFinish_profiled"
"OpenCL","COMPUTE","ffn_out-14","MUL_MAT","f32",-1,509,-1,896,1,1,1,3584,1.556302,1,"clFinish_profiled"
"OpenCL","COMPUTE","l_out-14","ADD","f32",-1,510,-1,896,1,1,1,3584,0.715781,1,"clFinish_profiled"
"OpenCL","COMPUTE","node_514","MUL_MAT","f32",-1,513,-1,896,1,1,1,3584,0.663802,1,"clFinish_profiled"
"OpenCL","COMPUTE","Qcur-15","ADD","f32",-1,514,-1,896,1,1,1,3584,0.409062,1,"clFinish_profiled"
"OpenCL","COMPUTE","Qcur-15","ROPE","f32",-1,516,-1,64,14,1,1,3584,0.405781,1,"clFinish_profiled"
"OpenCL","COMPUTE","node_518","MUL_MAT","f32",-1,517,-1,128,1,1,1,512,0.438698,1,"clFinish_profiled"
"OpenCL","COMPUTE","Kcur-15","ADD","f32",-1,518,-1,128,1,1,1,512,0.399322,1,"clFinish_profiled"
"OpenCL","COMPUTE","Kcur-15","ROPE","f32",-1,520,-1,64,2,1,1,512,0.402500,1,"clFinish_profiled"
"OpenCL","COMPUTE","node_522","MUL_MAT","f32",-1,521,-1,128,1,1,1,512,0.438593,1,"clFinish_profiled"
"OpenCL","COMPUTE","Vcur-15","ADD","f32",-1,522,-1,128,1,1,1,512,0.392031,1,"clFinish_profiled"
"OpenCL","COMPUTE","cache_k_l15 (view)","SET_ROWS","f16",-1,525,-1,128,512,1,1,131072,0.462187,1,"clFinish_profiled"
"OpenCL","COMPUTE","cache_v_l15 (view)","SET_ROWS","f16",-1,527,-1,128,512,1,1,131072,0.818073,1,"clFinish_profiled"
"OpenCL","COMPUTE","__fattn__-15","FLASH_ATTN_EXT","f32",-1,534,-1,64,14,1,1,3584,0.798021,1,"clFinish_profiled"
"OpenCL","COMPUTE","node_537","MUL_MAT","f32",-1,536,-1,896,1,1,1,3584,0.669531,1,"clFinish_profiled"
"OpenCL","COMPUTE","ffn_inp-15","ADD","f32",-1,537,-1,896,1,1,1,3584,0.402760,1,"clFinish_profiled"
"OpenCL","COMPUTE","ffn_gate-15","MUL_MAT","f32",-1,540,-1,4864,1,1,1,19456,1.660573,1,"clFinish_profiled"
"OpenCL","COMPUTE","ffn_up-15","MUL_MAT","f32",-1,541,-1,4864,1,1,1,19456,1.443282,1,"clFinish_profiled"
"OpenCL","COMPUTE","ffn_swiglu-15","GLU","f32",-1,542,-1,4864,1,1,1,19456,0.507552,1,"clFinish_profiled"
"OpenCL","COMPUTE","ffn_out-15","MUL_MAT","f32",-1,543,-1,896,1,1,1,3584,1.248698,1,"clFinish_profiled"
"OpenCL","COMPUTE","l_out-15","ADD","f32",-1,544,-1,896,1,1,1,3584,0.745260,1,"clFinish_profiled"
"OpenCL","COMPUTE","node_548","MUL_MAT","f32",-1,547,-1,896,1,1,1,3584,0.639844,1,"clFinish_profiled"
"OpenCL","COMPUTE","Qcur-16","ADD","f32",-1,548,-1,896,1,1,1,3584,0.388594,1,"clFinish_profiled"
"OpenCL","COMPUTE","Qcur-16","ROPE","f32",-1,550,-1,64,14,1,1,3584,0.447552,1,"clFinish_profiled"
"OpenCL","COMPUTE","node_552","MUL_MAT","f32",-1,551,-1,128,1,1,1,512,0.964792,1,"clFinish_profiled"
"OpenCL","COMPUTE","Kcur-16","ADD","f32",-1,552,-1,128,1,1,1,512,0.429635,1,"clFinish_profiled"
"OpenCL","COMPUTE","Kcur-16","ROPE","f32",-1,554,-1,64,2,1,1,512,0.392135,1,"clFinish_profiled"
"OpenCL","COMPUTE","node_556","MUL_MAT","f32",-1,555,-1,128,1,1,1,512,0.471198,1,"clFinish_profiled"
"OpenCL","COMPUTE","Vcur-16","ADD","f32",-1,556,-1,128,1,1,1,512,0.374480,1,"clFinish_profiled"
"OpenCL","COMPUTE","cache_k_l16 (view)","SET_ROWS","f16",-1,559,-1,128,512,1,1,131072,0.382396,1,"clFinish_profiled"
"OpenCL","COMPUTE","cache_v_l16 (view)","SET_ROWS","f16",-1,561,-1,128,512,1,1,131072,0.374219,1,"clFinish_profiled"
"OpenCL","COMPUTE","__fattn__-16","FLASH_ATTN_EXT","f32",-1,568,-1,64,14,1,1,3584,0.767552,1,"clFinish_profiled"
"OpenCL","COMPUTE","node_571","MUL_MAT","f32",-1,570,-1,896,1,1,1,3584,0.561614,1,"clFinish_profiled"
"OpenCL","COMPUTE","ffn_inp-16","ADD","f32",-1,571,-1,896,1,1,1,3584,0.393386,1,"clFinish_profiled"
"OpenCL","COMPUTE","ffn_gate-16","MUL_MAT","f32",-1,574,-1,4864,1,1,1,19456,1.226458,1,"clFinish_profiled"
"OpenCL","COMPUTE","ffn_up-16","MUL_MAT","f32",-1,575,-1,4864,1,1,1,19456,1.789323,1,"clFinish_profiled"
"OpenCL","COMPUTE","ffn_swiglu-16","GLU","f32",-1,576,-1,4864,1,1,1,19456,0.779844,1,"clFinish_profiled"
"OpenCL","COMPUTE","ffn_out-16","MUL_MAT","f32",-1,577,-1,896,1,1,1,3584,1.161198,1,"clFinish_profiled"
"OpenCL","COMPUTE","l_out-16","ADD","f32",-1,578,-1,896,1,1,1,3584,0.547708,1,"clFinish_profiled"
"OpenCL","COMPUTE","node_582","MUL_MAT","f32",-1,581,-1,896,1,1,1,3584,0.925157,1,"clFinish_profiled"
"OpenCL","COMPUTE","Qcur-17","ADD","f32",-1,582,-1,896,1,1,1,3584,0.539844,1,"clFinish_profiled"
"OpenCL","COMPUTE","Qcur-17","ROPE","f32",-1,584,-1,64,14,1,1,3584,0.798750,1,"clFinish_profiled"
"OpenCL","COMPUTE","node_586","MUL_MAT","f32",-1,585,-1,128,1,1,1,512,0.459271,1,"clFinish_profiled"
"OpenCL","COMPUTE","Kcur-17","ADD","f32",-1,586,-1,128,1,1,1,512,0.432187,1,"clFinish_profiled"
"OpenCL","COMPUTE","Kcur-17","ROPE","f32",-1,588,-1,64,2,1,1,512,0.392969,1,"clFinish_profiled"
"OpenCL","COMPUTE","node_590","MUL_MAT","f32",-1,589,-1,128,1,1,1,512,0.420208,1,"clFinish_profiled"
"OpenCL","COMPUTE","Vcur-17","ADD","f32",-1,590,-1,128,1,1,1,512,0.383802,1,"clFinish_profiled"
"OpenCL","COMPUTE","cache_k_l17 (view)","SET_ROWS","f16",-1,593,-1,128,512,1,1,131072,0.368438,1,"clFinish_profiled"
"OpenCL","COMPUTE","cache_v_l17 (view)","SET_ROWS","f16",-1,595,-1,128,512,1,1,131072,0.384166,1,"clFinish_profiled"
"OpenCL","COMPUTE","__fattn__-17","FLASH_ATTN_EXT","f32",-1,602,-1,64,14,1,1,3584,0.772395,1,"clFinish_profiled"
"OpenCL","COMPUTE","node_605","MUL_MAT","f32",-1,604,-1,896,1,1,1,3584,0.535312,1,"clFinish_profiled"
"OpenCL","COMPUTE","ffn_inp-17","ADD","f32",-1,605,-1,896,1,1,1,3584,0.400573,1,"clFinish_profiled"
"OpenCL","COMPUTE","ffn_gate-17","MUL_MAT","f32",-1,608,-1,4864,1,1,1,19456,1.067240,1,"clFinish_profiled"
"OpenCL","COMPUTE","ffn_up-17","MUL_MAT","f32",-1,609,-1,4864,1,1,1,19456,1.003854,1,"clFinish_profiled"
"OpenCL","COMPUTE","ffn_swiglu-17","GLU","f32",-1,610,-1,4864,1,1,1,19456,0.417344,1,"clFinish_profiled"
"OpenCL","COMPUTE","ffn_out-17","MUL_MAT","f32",-1,611,-1,896,1,1,1,3584,1.242865,1,"clFinish_profiled"
"OpenCL","COMPUTE","l_out-17","ADD","f32",-1,612,-1,896,1,1,1,3584,0.854531,1,"clFinish_profiled"
"OpenCL","COMPUTE","node_616","MUL_MAT","f32",-1,615,-1,896,1,1,1,3584,0.638802,1,"clFinish_profiled"
"OpenCL","COMPUTE","Qcur-18","ADD","f32",-1,616,-1,896,1,1,1,3584,0.391042,1,"clFinish_profiled"
"OpenCL","COMPUTE","Qcur-18","ROPE","f32",-1,618,-1,64,14,1,1,3584,0.396875,1,"clFinish_profiled"
"OpenCL","COMPUTE","node_620","MUL_MAT","f32",-1,619,-1,128,1,1,1,512,0.418177,1,"clFinish_profiled"
"OpenCL","COMPUTE","Kcur-18","ADD","f32",-1,620,-1,128,1,1,1,512,0.384896,1,"clFinish_profiled"
"OpenCL","COMPUTE","Kcur-18","ROPE","f32",-1,622,-1,64,2,1,1,512,0.382344,1,"clFinish_profiled"
"OpenCL","COMPUTE","node_624","MUL_MAT","f32",-1,623,-1,128,1,1,1,512,0.524270,1,"clFinish_profiled"
"OpenCL","COMPUTE","Vcur-18","ADD","f32",-1,624,-1,128,1,1,1,512,0.410885,1,"clFinish_profiled"
"OpenCL","COMPUTE","cache_k_l18 (view)","SET_ROWS","f16",-1,627,-1,128,512,1,1,131072,0.398073,1,"clFinish_profiled"
"OpenCL","COMPUTE","cache_v_l18 (view)","SET_ROWS","f16",-1,629,-1,128,512,1,1,131072,0.384323,1,"clFinish_profiled"
"OpenCL","COMPUTE","__fattn__-18","FLASH_ATTN_EXT","f32",-1,636,-1,64,14,1,1,3584,0.755782,1,"clFinish_profiled"
"OpenCL","COMPUTE","node_639","MUL_MAT","f32",-1,638,-1,896,1,1,1,3584,0.532396,1,"clFinish_profiled"
"OpenCL","COMPUTE","ffn_inp-18","ADD","f32",-1,639,-1,896,1,1,1,3584,0.383229,1,"clFinish_profiled"
"OpenCL","COMPUTE","ffn_gate-18","MUL_MAT","f32",-1,642,-1,4864,1,1,1,19456,1.066250,1,"clFinish_profiled"
"OpenCL","COMPUTE","ffn_up-18","MUL_MAT","f32",-1,643,-1,4864,1,1,1,19456,1.023333,1,"clFinish_profiled"
"OpenCL","COMPUTE","ffn_swiglu-18","GLU","f32",-1,644,-1,4864,1,1,1,19456,0.403802,1,"clFinish_profiled"
"OpenCL","COMPUTE","ffn_out-18","MUL_MAT","f32",-1,645,-1,896,1,1,1,3584,1.298854,1,"clFinish_profiled"
"OpenCL","COMPUTE","l_out-18","ADD","f32",-1,646,-1,896,1,1,1,3584,0.785729,1,"clFinish_profiled"
"OpenCL","COMPUTE","node_650","MUL_MAT","f32",-1,649,-1,896,1,1,1,3584,0.803698,1,"clFinish_profiled"
"OpenCL","COMPUTE","Qcur-19","ADD","f32",-1,650,-1,896,1,1,1,3584,0.425052,1,"clFinish_profiled"
"OpenCL","COMPUTE","Qcur-19","ROPE","f32",-1,652,-1,64,14,1,1,3584,0.389948,1,"clFinish_profiled"
"OpenCL","COMPUTE","node_654","MUL_MAT","f32",-1,653,-1,128,1,1,1,512,0.431406,1,"clFinish_profiled"
"OpenCL","COMPUTE","Kcur-19","ADD","f32",-1,654,-1,128,1,1,1,512,0.381614,1,"clFinish_profiled"
"OpenCL","COMPUTE","Kcur-19","ROPE","f32",-1,656,-1,64,2,1,1,512,0.392448,1,"clFinish_profiled"
"OpenCL","COMPUTE","node_658","MUL_MAT","f32",-1,657,-1,128,1,1,1,512,0.432292,1,"clFinish_profiled"
"OpenCL","COMPUTE","Vcur-19","ADD","f32",-1,658,-1,128,1,1,1,512,0.383750,1,"clFinish_profiled"
"OpenCL","COMPUTE","cache_k_l19 (view)","SET_ROWS","f16",-1,661,-1,128,512,1,1,131072,0.370104,1,"clFinish_profiled"
"OpenCL","COMPUTE","cache_v_l19 (view)","SET_ROWS","f16",-1,663,-1,128,512,1,1,131072,0.439479,1,"clFinish_profiled"
"OpenCL","COMPUTE","__fattn__-19","FLASH_ATTN_EXT","f32",-1,670,-1,64,14,1,1,3584,1.355521,1,"clFinish_profiled"
"OpenCL","COMPUTE","node_673","MUL_MAT","f32",-1,672,-1,896,1,1,1,3584,0.954011,1,"clFinish_profiled"
"OpenCL","COMPUTE","ffn_inp-19","ADD","f32",-1,673,-1,896,1,1,1,3584,0.429948,1,"clFinish_profiled"
"OpenCL","COMPUTE","ffn_gate-19","MUL_MAT","f32",-1,676,-1,4864,1,1,1,19456,1.055156,1,"clFinish_profiled"
"OpenCL","COMPUTE","ffn_up-19","MUL_MAT","f32",-1,677,-1,4864,1,1,1,19456,1.025937,1,"clFinish_profiled"
"OpenCL","COMPUTE","ffn_swiglu-19","GLU","f32",-1,678,-1,4864,1,1,1,19456,0.429583,1,"clFinish_profiled"
"OpenCL","COMPUTE","ffn_out-19","MUL_MAT","f32",-1,679,-1,896,1,1,1,3584,1.087813,1,"clFinish_profiled"
"OpenCL","COMPUTE","l_out-19","ADD","f32",-1,680,-1,896,1,1,1,3584,0.382136,1,"clFinish_profiled"
"OpenCL","COMPUTE","node_684","MUL_MAT","f32",-1,683,-1,896,1,1,1,3584,0.561615,1,"clFinish_profiled"
"OpenCL","COMPUTE","Qcur-20","ADD","f32",-1,684,-1,896,1,1,1,3584,0.387604,1,"clFinish_profiled"
"OpenCL","COMPUTE","Qcur-20","ROPE","f32",-1,686,-1,64,14,1,1,3584,0.385209,1,"clFinish_profiled"
"OpenCL","COMPUTE","node_688","MUL_MAT","f32",-1,687,-1,128,1,1,1,512,0.428386,1,"clFinish_profiled"
"OpenCL","COMPUTE","Kcur-20","ADD","f32",-1,688,-1,128,1,1,1,512,0.381458,1,"clFinish_profiled"
"OpenCL","COMPUTE","Kcur-20","ROPE","f32",-1,690,-1,64,2,1,1,512,0.391615,1,"clFinish_profiled"
"OpenCL","COMPUTE","node_692","MUL_MAT","f32",-1,691,-1,128,1,1,1,512,0.459584,1,"clFinish_profiled"
"OpenCL","COMPUTE","Vcur-20","ADD","f32",-1,692,-1,128,1,1,1,512,0.384792,1,"clFinish_profiled"
"OpenCL","COMPUTE","cache_k_l20 (view)","SET_ROWS","f16",-1,695,-1,128,512,1,1,131072,0.392657,1,"clFinish_profiled"
"OpenCL","COMPUTE","cache_v_l20 (view)","SET_ROWS","f16",-1,697,-1,128,512,1,1,131072,0.392031,1,"clFinish_profiled"
"OpenCL","COMPUTE","__fattn__-20","FLASH_ATTN_EXT","f32",-1,704,-1,64,14,1,1,3584,0.767969,1,"clFinish_profiled"
"OpenCL","COMPUTE","node_707","MUL_MAT","f32",-1,706,-1,896,1,1,1,3584,0.542605,1,"clFinish_profiled"
"OpenCL","COMPUTE","ffn_inp-20","ADD","f32",-1,707,-1,896,1,1,1,3584,0.430573,1,"clFinish_profiled"
"OpenCL","COMPUTE","ffn_gate-20","MUL_MAT","f32",-1,710,-1,4864,1,1,1,19456,1.073489,1,"clFinish_profiled"
"OpenCL","COMPUTE","ffn_up-20","MUL_MAT","f32",-1,711,-1,4864,1,1,1,19456,1.020729,1,"clFinish_profiled"
"OpenCL","COMPUTE","ffn_swiglu-20","GLU","f32",-1,712,-1,4864,1,1,1,19456,0.398802,1,"clFinish_profiled"
"OpenCL","COMPUTE","ffn_out-20","MUL_MAT","f32",-1,713,-1,896,1,1,1,3584,1.420833,1,"clFinish_profiled"
"OpenCL","COMPUTE","l_out-20","ADD","f32",-1,714,-1,896,1,1,1,3584,0.789166,1,"clFinish_profiled"
"OpenCL","COMPUTE","node_718","MUL_MAT","f32",-1,717,-1,896,1,1,1,3584,1.002187,1,"clFinish_profiled"
"OpenCL","COMPUTE","Qcur-21","ADD","f32",-1,718,-1,896,1,1,1,3584,0.574218,1,"clFinish_profiled"
"OpenCL","COMPUTE","Qcur-21","ROPE","f32",-1,720,-1,64,14,1,1,3584,0.758489,1,"clFinish_profiled"
"OpenCL","COMPUTE","node_722","MUL_MAT","f32",-1,721,-1,128,1,1,1,512,0.471250,1,"clFinish_profiled"
"OpenCL","COMPUTE","Kcur-21","ADD","f32",-1,722,-1,128,1,1,1,512,0.387969,1,"clFinish_profiled"
"OpenCL","COMPUTE","Kcur-21","ROPE","f32",-1,724,-1,64,2,1,1,512,0.413229,1,"clFinish_profiled"
"OpenCL","COMPUTE","node_726","MUL_MAT","f32",-1,725,-1,128,1,1,1,512,0.427604,1,"clFinish_profiled"
"OpenCL","COMPUTE","Vcur-21","ADD","f32",-1,726,-1,128,1,1,1,512,0.383437,1,"clFinish_profiled"
"OpenCL","COMPUTE","cache_k_l21 (view)","SET_ROWS","f16",-1,729,-1,128,512,1,1,131072,0.383385,1,"clFinish_profiled"
"OpenCL","COMPUTE","cache_v_l21 (view)","SET_ROWS","f16",-1,731,-1,128,512,1,1,131072,0.387084,1,"clFinish_profiled"
"OpenCL","COMPUTE","__fattn__-21","FLASH_ATTN_EXT","f32",-1,738,-1,64,14,1,1,3584,0.767136,1,"clFinish_profiled"
"OpenCL","COMPUTE","node_741","MUL_MAT","f32",-1,740,-1,896,1,1,1,3584,0.543750,1,"clFinish_profiled"
"OpenCL","COMPUTE","ffn_inp-21","ADD","f32",-1,741,-1,896,1,1,1,3584,0.368073,1,"clFinish_profiled"
"OpenCL","COMPUTE","ffn_gate-21","MUL_MAT","f32",-1,744,-1,4864,1,1,1,19456,1.062083,1,"clFinish_profiled"
"OpenCL","COMPUTE","ffn_up-21","MUL_MAT","f32",-1,745,-1,4864,1,1,1,19456,1.028906,1,"clFinish_profiled"
"OpenCL","COMPUTE","ffn_swiglu-21","GLU","f32",-1,746,-1,4864,1,1,1,19456,0.410053,1,"clFinish_profiled"
"OpenCL","COMPUTE","ffn_out-21","MUL_MAT","f32",-1,747,-1,896,1,1,1,3584,1.085417,1,"clFinish_profiled"
"OpenCL","COMPUTE","l_out-21","ADD","f32",-1,748,-1,896,1,1,1,3584,0.385729,1,"clFinish_profiled"
"OpenCL","COMPUTE","node_752","MUL_MAT","f32",-1,751,-1,896,1,1,1,3584,0.566042,1,"clFinish_profiled"
"OpenCL","COMPUTE","Qcur-22","ADD","f32",-1,752,-1,896,1,1,1,3584,0.411823,1,"clFinish_profiled"
"OpenCL","COMPUTE","Qcur-22","ROPE","f32",-1,754,-1,64,14,1,1,3584,0.397448,1,"clFinish_profiled"
"OpenCL","COMPUTE","node_756","MUL_MAT","f32",-1,755,-1,128,1,1,1,512,0.416615,1,"clFinish_profiled"
"OpenCL","COMPUTE","Kcur-22","ADD","f32",-1,756,-1,128,1,1,1,512,0.384688,1,"clFinish_profiled"
"OpenCL","COMPUTE","Kcur-22","ROPE","f32",-1,758,-1,64,2,1,1,512,0.392396,1,"clFinish_profiled"
"OpenCL","COMPUTE","node_760","MUL_MAT","f32",-1,759,-1,128,1,1,1,512,0.438646,1,"clFinish_profiled"
"OpenCL","COMPUTE","Vcur-22","ADD","f32",-1,760,-1,128,1,1,1,512,0.394791,1,"clFinish_profiled"
"OpenCL","COMPUTE","cache_k_l22 (view)","SET_ROWS","f16",-1,763,-1,128,512,1,1,131072,0.393594,1,"clFinish_profiled"
"OpenCL","COMPUTE","cache_v_l22 (view)","SET_ROWS","f16",-1,765,-1,128,512,1,1,131072,0.386407,1,"clFinish_profiled"
"OpenCL","COMPUTE","__fattn__-22","FLASH_ATTN_EXT","f32",-1,772,-1,64,14,1,1,3584,0.806510,1,"clFinish_profiled"
"OpenCL","COMPUTE","node_775","MUL_MAT","f32",-1,774,-1,896,1,1,1,3584,0.532135,1,"clFinish_profiled"
"OpenCL","COMPUTE","ffn_inp-22","ADD","f32",-1,775,-1,896,1,1,1,3584,0.370782,1,"clFinish_profiled"
"OpenCL","COMPUTE","ffn_gate-22","MUL_MAT","f32",-1,778,-1,4864,1,1,1,19456,1.045312,1,"clFinish_profiled"
"OpenCL","COMPUTE","ffn_up-22","MUL_MAT","f32",-1,779,-1,4864,1,1,1,19456,1.016771,1,"clFinish_profiled"
"OpenCL","COMPUTE","ffn_swiglu-22","GLU","f32",-1,780,-1,4864,1,1,1,19456,0.411407,1,"clFinish_profiled"
"OpenCL","COMPUTE","ffn_out-22","MUL_MAT","f32",-1,781,-1,896,1,1,1,3584,1.086823,1,"clFinish_profiled"
"OpenCL","COMPUTE","l_out-22","ADD","f32",-1,782,-1,896,1,1,1,3584,0.400885,1,"clFinish_profiled"
"OpenCL","COMPUTE","node_786","MUL_MAT","f32",-1,785,-1,896,1,1,1,3584,0.609843,1,"clFinish_profiled"
"OpenCL","COMPUTE","Qcur-23","ADD","f32",-1,786,-1,896,1,1,1,3584,0.480365,1,"clFinish_profiled"
"OpenCL","COMPUTE","Qcur-23","ROPE","f32",-1,788,-1,64,14,1,1,3584,0.424427,1,"clFinish_profiled"
"OpenCL","COMPUTE","node_790","MUL_MAT","f32",-1,789,-1,128,1,1,1,512,0.429844,1,"clFinish_profiled"
"OpenCL","COMPUTE","Kcur-23","ADD","f32",-1,790,-1,128,1,1,1,512,0.389271,1,"clFinish_profiled"
"OpenCL","COMPUTE","Kcur-23","ROPE","f32",-1,792,-1,64,2,1,1,512,0.430781,1,"clFinish_profiled"
"OpenCL","COMPUTE","node_794","MUL_MAT","f32",-1,793,-1,128,1,1,1,512,0.418802,1,"clFinish_profiled"
"OpenCL","COMPUTE","Vcur-23","ADD","f32",-1,794,-1,128,1,1,1,512,0.367343,1,"clFinish_profiled"
"OpenCL","COMPUTE","cache_k_l23 (view)","SET_ROWS","f16",-1,797,-1,128,512,1,1,131072,0.386771,1,"clFinish_profiled"
"OpenCL","COMPUTE","cache_v_l23 (view)","SET_ROWS","f16",-1,799,-1,128,512,1,1,131072,0.367916,1,"clFinish_profiled"
"OpenCL","COMPUTE","__fattn__-23","FLASH_ATTN_EXT","f32",-1,806,-1,64,14,1,1,3584,0.800521,1,"clFinish_profiled"
"OpenCL","COMPUTE","node_809","MUL_MAT","f32",-1,808,-1,896,1,1,1,3584,0.538542,1,"clFinish_profiled"
"OpenCL","COMPUTE","node_810","GET_ROWS","f32",-1,809,-1,896,1,1,1,3584,0.393750,1,"clFinish_profiled"
"OpenCL","COMPUTE","node_811","GET_ROWS","f32",-1,810,-1,896,1,1,1,3584,0.402240,1,"clFinish_profiled"
"OpenCL","COMPUTE","ffn_inp-23","ADD","f32",-1,811,-1,896,1,1,1,3584,0.376823,1,"clFinish_profiled"
"OpenCL","COMPUTE","ffn_gate-23","MUL_MAT","f32",-1,814,-1,4864,1,1,1,19456,1.245677,1,"clFinish_profiled"
"OpenCL","COMPUTE","ffn_up-23","MUL_MAT","f32",-1,815,-1,4864,1,1,1,19456,1.022187,1,"clFinish_profiled"
"OpenCL","COMPUTE","ffn_swiglu-23","GLU","f32",-1,816,-1,4864,1,1,1,19456,0.402865,1,"clFinish_profiled"
"OpenCL","COMPUTE","ffn_out-23","MUL_MAT","f32",-1,817,-1,896,1,1,1,3584,1.267552,1,"clFinish_profiled"
"OpenCL","COMPUTE","l_out-23","ADD","f32",-1,818,-1,896,1,1,1,3584,0.770365,1,"clFinish_profiled"
"OpenCL","COMPUTE","result_output","MUL_MAT","f32",-1,821,-1,151936,1,1,1,607744,19.859062,1,"clFinish_profiled"
"CPU_Elastic","COMPUTE_GRAPH","ggml_cgraph","GRAPH","",-1,1,-1,0,0,0,0,0,0.012656,1,"delegate_cpu_graph"
"OpenCL","COMPUTE","node_3","MUL_MAT","f32",-1,2,-1,896,1,1,1,3584,1.245729,1,"clFinish_profiled"
"OpenCL","COMPUTE","Qcur-0","ADD","f32",-1,3,-1,896,1,1,1,3584,0.807709,1,"clFinish_profiled"
"OpenCL","COMPUTE","Qcur-0","ROPE","f32",-1,5,-1,64,14,1,1,3584,0.670261,1,"clFinish_profiled"
"OpenCL","COMPUTE","node_7","MUL_MAT","f32",-1,6,-1,128,1,1,1,512,0.835573,1,"clFinish_profiled"
"OpenCL","COMPUTE","Kcur-0","ADD","f32",-1,7,-1,128,1,1,1,512,0.458281,1,"clFinish_profiled"
"OpenCL","COMPUTE","Kcur-0","ROPE","f32",-1,9,-1,64,2,1,1,512,0.420625,1,"clFinish_profiled"
"OpenCL","COMPUTE","node_11","MUL_MAT","f32",-1,10,-1,128,1,1,1,512,0.453437,1,"clFinish_profiled"
"OpenCL","COMPUTE","Vcur-0","ADD","f32",-1,11,-1,128,1,1,1,512,0.413021,1,"clFinish_profiled"
"OpenCL","COMPUTE","cache_k_l0 (view)","SET_ROWS","f16",-1,14,-1,128,512,1,1,131072,0.414219,1,"clFinish_profiled"
"OpenCL","COMPUTE","cache_v_l0 (view)","SET_ROWS","f16",-1,16,-1,128,512,1,1,131072,0.401562,1,"clFinish_profiled"
"OpenCL","COMPUTE"," (copy)","CPY","f16",-1,23,-1,256,64,1,1,32768,0.434115,1,"clFinish_profiled"
"OpenCL","COMPUTE","__fattn__-0","FLASH_ATTN_EXT","f32",-1,24,-1,64,14,1,1,3584,0.939948,1,"clFinish_profiled"
"OpenCL","COMPUTE","node_27","MUL_MAT","f32",-1,26,-1,896,1,1,1,3584,0.939167,1,"clFinish_profiled"
"OpenCL","COMPUTE","ffn_inp-0","ADD","f32",-1,27,-1,896,1,1,1,3584,0.474739,1,"clFinish_profiled"
"OpenCL","COMPUTE","ffn_gate-0","MUL_MAT","f32",-1,30,-1,4864,1,1,1,19456,1.766822,1,"clFinish_profiled"
"OpenCL","COMPUTE","ffn_up-0","MUL_MAT","f32",-1,31,-1,4864,1,1,1,19456,1.698385,1,"clFinish_profiled"
"OpenCL","COMPUTE","ffn_swiglu-0","GLU","f32",-1,32,-1,4864,1,1,1,19456,0.785573,1,"clFinish_profiled"
"OpenCL","COMPUTE","ffn_out-0","MUL_MAT","f32",-1,33,-1,896,1,1,1,3584,1.110365,1,"clFinish_profiled"
"OpenCL","COMPUTE","l_out-0","ADD","f32",-1,34,-1,896,1,1,1,3584,0.360833,1,"clFinish_profiled"
"OpenCL","COMPUTE","node_38","MUL_MAT","f32",-1,37,-1,896,1,1,1,3584,0.548282,1,"clFinish_profiled"
"OpenCL","COMPUTE","Qcur-1","ADD","f32",-1,38,-1,896,1,1,1,3584,0.361094,1,"clFinish_profiled"
"OpenCL","COMPUTE","Qcur-1","ROPE","f32",-1,40,-1,64,14,1,1,3584,0.437761,1,"clFinish_profiled"
"OpenCL","COMPUTE","node_42","MUL_MAT","f32",-1,41,-1,128,1,1,1,512,0.410989,1,"clFinish_profiled"
"OpenCL","COMPUTE","Kcur-1","ADD","f32",-1,42,-1,128,1,1,1,512,0.350938,1,"clFinish_profiled"
"OpenCL","COMPUTE","Kcur-1","ROPE","f32",-1,44,-1,64,2,1,1,512,0.432447,1,"clFinish_profiled"
"OpenCL","COMPUTE","node_46","MUL_MAT","f32",-1,45,-1,128,1,1,1,512,0.528438,1,"clFinish_profiled"
"OpenCL","COMPUTE","Vcur-1","ADD","f32",-1,46,-1,128,1,1,1,512,0.898281,1,"clFinish_profiled"
"OpenCL","COMPUTE","cache_k_l1 (view)","SET_ROWS","f16",-1,49,-1,128,512,1,1,131072,0.467969,1,"clFinish_profiled"
"OpenCL","COMPUTE","cache_v_l1 (view)","SET_ROWS","f16",-1,51,-1,128,512,1,1,131072,0.418177,1,"clFinish_profiled"
"OpenCL","COMPUTE","__fattn__-1","FLASH_ATTN_EXT","f32",-1,58,-1,64,14,1,1,3584,0.915208,1,"clFinish_profiled"
"OpenCL","COMPUTE","node_61","MUL_MAT","f32",-1,60,-1,896,1,1,1,3584,0.917500,1,"clFinish_profiled"
"OpenCL","COMPUTE","ffn_inp-1","ADD","f32",-1,61,-1,896,1,1,1,3584,0.445730,1,"clFinish_profiled"
"OpenCL","COMPUTE","ffn_gate-1","MUL_MAT","f32",-1,64,-1,4864,1,1,1,19456,1.112917,1,"clFinish_profiled"
"OpenCL","COMPUTE","ffn_up-1","MUL_MAT","f32",-1,65,-1,4864,1,1,1,19456,1.049480,1,"clFinish_profiled"
"OpenCL","COMPUTE","ffn_swiglu-1","GLU","f32",-1,66,-1,4864,1,1,1,19456,0.612292,1,"clFinish_profiled"
"OpenCL","COMPUTE","ffn_out-1","MUL_MAT","f32",-1,67,-1,896,1,1,1,3584,1.301146,1,"clFinish_profiled"
"OpenCL","COMPUTE","l_out-1","ADD","f32",-1,68,-1,896,1,1,1,3584,0.827552,1,"clFinish_profiled"
"OpenCL","COMPUTE","node_72","MUL_MAT","f32",-1,71,-1,896,1,1,1,3584,1.130833,1,"clFinish_profiled"
"OpenCL","COMPUTE","Qcur-2","ADD","f32",-1,72,-1,896,1,1,1,3584,0.842604,1,"clFinish_profiled"
"OpenCL","COMPUTE","Qcur-2","ROPE","f32",-1,74,-1,64,14,1,1,3584,0.435521,1,"clFinish_profiled"
"OpenCL","COMPUTE","node_76","MUL_MAT","f32",-1,75,-1,128,1,1,1,512,0.431198,1,"clFinish_profiled"
"OpenCL","COMPUTE","Kcur-2","ADD","f32",-1,76,-1,128,1,1,1,512,0.383593,1,"clFinish_profiled"
"OpenCL","COMPUTE","Kcur-2","ROPE","f32",-1,78,-1,64,2,1,1,512,0.389636,1,"clFinish_profiled"
"OpenCL","COMPUTE","node_80","MUL_MAT","f32",-1,79,-1,128,1,1,1,512,0.562500,1,"clFinish_profiled"
"OpenCL","COMPUTE","Vcur-2","ADD","f32",-1,80,-1,128,1,1,1,512,0.788594,1,"clFinish_profiled"
"OpenCL","COMPUTE","cache_k_l2 (view)","SET_ROWS","f16",-1,83,-1,128,512,1,1,131072,0.431667,1,"clFinish_profiled"
"OpenCL","COMPUTE","cache_v_l2 (view)","SET_ROWS","f16",-1,85,-1,128,512,1,1,131072,0.461094,1,"clFinish_profiled"
"OpenCL","COMPUTE","__fattn__-2","FLASH_ATTN_EXT","f32",-1,92,-1,64,14,1,1,3584,0.799636,1,"clFinish_profiled"
"OpenCL","COMPUTE","node_95","MUL_MAT","f32",-1,94,-1,896,1,1,1,3584,0.562291,1,"clFinish_profiled"
"OpenCL","COMPUTE","ffn_inp-2","ADD","f32",-1,95,-1,896,1,1,1,3584,0.394896,1,"clFinish_profiled"
"OpenCL","COMPUTE","ffn_gate-2","MUL_MAT","f32",-1,98,-1,4864,1,1,1,19456,1.058073,1,"clFinish_profiled"
"OpenCL","COMPUTE","ffn_up-2","MUL_MAT","f32",-1,99,-1,4864,1,1,1,19456,1.032240,1,"clFinish_profiled"
"OpenCL","COMPUTE","ffn_swiglu-2","GLU","f32",-1,100,-1,4864,1,1,1,19456,0.413230,1,"clFinish_profiled"
"OpenCL","COMPUTE","ffn_out-2","MUL_MAT","f32",-1,101,-1,896,1,1,1,3584,1.305209,1,"clFinish_profiled"
"OpenCL","COMPUTE","l_out-2","ADD","f32",-1,102,-1,896,1,1,1,3584,0.734740,1,"clFinish_profiled"
"OpenCL","COMPUTE","node_106","MUL_MAT","f32",-1,105,-1,896,1,1,1,3584,0.605313,1,"clFinish_profiled"
"OpenCL","COMPUTE","Qcur-3","ADD","f32",-1,106,-1,896,1,1,1,3584,0.403385,1,"clFinish_profiled"
"OpenCL","COMPUTE","Qcur-3","ROPE","f32",-1,108,-1,64,14,1,1,3584,0.401875,1,"clFinish_profiled"
"OpenCL","COMPUTE","node_110","MUL_MAT","f32",-1,109,-1,128,1,1,1,512,0.544063,1,"clFinish_profiled"
"OpenCL","COMPUTE","Kcur-3","ADD","f32",-1,110,-1,128,1,1,1,512,0.403177,1,"clFinish_profiled"
"OpenCL","COMPUTE","Kcur-3","ROPE","f32",-1,112,-1,64,2,1,1,512,0.394427,1,"clFinish_profiled"
"OpenCL","COMPUTE","node_114","MUL_MAT","f32",-1,113,-1,128,1,1,1,512,0.427760,1,"clFinish_profiled"
"OpenCL","COMPUTE","Vcur-3","ADD","f32",-1,114,-1,128,1,1,1,512,0.404375,1,"clFinish_profiled"
"OpenCL","COMPUTE","cache_k_l3 (view)","SET_ROWS","f16",-1,117,-1,128,512,1,1,131072,0.394375,1,"clFinish_profiled"
"OpenCL","COMPUTE","cache_v_l3 (view)","SET_ROWS","f16",-1,119,-1,128,512,1,1,131072,0.384323,1,"clFinish_profiled"
"OpenCL","COMPUTE","__fattn__-3","FLASH_ATTN_EXT","f32",-1,126,-1,64,14,1,1,3584,0.769687,1,"clFinish_profiled"
"OpenCL","COMPUTE","node_129","MUL_MAT","f32",-1,128,-1,896,1,1,1,3584,0.537969,1,"clFinish_profiled"
"OpenCL","COMPUTE","ffn_inp-3","ADD","f32",-1,129,-1,896,1,1,1,3584,0.388803,1,"clFinish_profiled"
"OpenCL","COMPUTE","ffn_gate-3","MUL_MAT","f32",-1,132,-1,4864,1,1,1,19456,1.051459,1,"clFinish_profiled"
"OpenCL","COMPUTE","ffn_up-3","MUL_MAT","f32",-1,133,-1,4864,1,1,1,19456,1.030052,1,"clFinish_profiled"
"OpenCL","COMPUTE","ffn_swiglu-3","GLU","f32",-1,134,-1,4864,1,1,1,19456,0.411719,1,"clFinish_profiled"
"OpenCL","COMPUTE","ffn_out-3","MUL_MAT","f32",-1,135,-1,896,1,1,1,3584,1.315000,1,"clFinish_profiled"
"OpenCL","COMPUTE","l_out-3","ADD","f32",-1,136,-1,896,1,1,1,3584,0.800677,1,"clFinish_profiled"
"OpenCL","COMPUTE","node_140","MUL_MAT","f32",-1,139,-1,896,1,1,1,3584,0.886927,1,"clFinish_profiled"
"OpenCL","COMPUTE","Qcur-4","ADD","f32",-1,140,-1,896,1,1,1,3584,0.819844,1,"clFinish_profiled"
"OpenCL","COMPUTE","Qcur-4","ROPE","f32",-1,142,-1,64,14,1,1,3584,0.502604,1,"clFinish_profiled"
"OpenCL","COMPUTE","node_144","MUL_MAT","f32",-1,143,-1,128,1,1,1,512,0.470105,1,"clFinish_profiled"
"OpenCL","COMPUTE","Kcur-4","ADD","f32",-1,144,-1,128,1,1,1,512,0.462031,1,"clFinish_profiled"
"OpenCL","COMPUTE","Kcur-4","ROPE","f32",-1,146,-1,64,2,1,1,512,0.831146,1,"clFinish_profiled"
"OpenCL","COMPUTE","node_148","MUL_MAT","f32",-1,147,-1,128,1,1,1,512,0.464531,1,"clFinish_profiled"
"OpenCL","COMPUTE","Vcur-4","ADD","f32",-1,148,-1,128,1,1,1,512,0.406614,1,"clFinish_profiled"
"OpenCL","COMPUTE","cache_k_l4 (view)","SET_ROWS","f16",-1,151,-1,128,512,1,1,131072,0.381458,1,"clFinish_profiled"
"OpenCL","COMPUTE","cache_v_l4 (view)","SET_ROWS","f16",-1,153,-1,128,512,1,1,131072,0.383750,1,"clFinish_profiled"
"OpenCL","COMPUTE","__fattn__-4","FLASH_ATTN_EXT","f32",-1,160,-1,64,14,1,1,3584,0.807605,1,"clFinish_profiled"
"OpenCL","COMPUTE","node_163","MUL_MAT","f32",-1,162,-1,896,1,1,1,3584,1.034375,1,"clFinish_profiled"
"OpenCL","COMPUTE","ffn_inp-4","ADD","f32",-1,163,-1,896,1,1,1,3584,0.435677,1,"clFinish_profiled"
"OpenCL","COMPUTE","ffn_gate-4","MUL_MAT","f32",-1,166,-1,4864,1,1,1,19456,1.058750,1,"clFinish_profiled"
"OpenCL","COMPUTE","ffn_up-4","MUL_MAT","f32",-1,167,-1,4864,1,1,1,19456,1.035260,1,"clFinish_profiled"
"OpenCL","COMPUTE","ffn_swiglu-4","GLU","f32",-1,168,-1,4864,1,1,1,19456,0.412656,1,"clFinish_profiled"
"OpenCL","COMPUTE","ffn_out-4","MUL_MAT","f32",-1,169,-1,896,1,1,1,3584,1.092084,1,"clFinish_profiled"
"OpenCL","COMPUTE","l_out-4","ADD","f32",-1,170,-1,896,1,1,1,3584,0.384896,1,"clFinish_profiled"
"OpenCL","COMPUTE","node_174","MUL_MAT","f32",-1,173,-1,896,1,1,1,3584,0.570417,1,"clFinish_profiled"
"OpenCL","COMPUTE","Qcur-5","ADD","f32",-1,174,-1,896,1,1,1,3584,0.390104,1,"clFinish_profiled"
"OpenCL","COMPUTE","Qcur-5","ROPE","f32",-1,176,-1,64,14,1,1,3584,0.389687,1,"clFinish_profiled"
"OpenCL","COMPUTE","node_178","MUL_MAT","f32",-1,177,-1,128,1,1,1,512,0.424375,1,"clFinish_profiled"
"OpenCL","COMPUTE","Kcur-5","ADD","f32",-1,178,-1,128,1,1,1,512,0.382083,1,"clFinish_profiled"
"OpenCL","COMPUTE","Kcur-5","ROPE","f32",-1,180,-1,64,2,1,1,512,0.435417,1,"clFinish_profiled"
"OpenCL","COMPUTE","node_182","MUL_MAT","f32",-1,181,-1,128,1,1,1,512,0.419792,1,"clFinish_profiled"
"OpenCL","COMPUTE","Vcur-5","ADD","f32",-1,182,-1,128,1,1,1,512,0.390625,1,"clFinish_profiled"
"OpenCL","COMPUTE","cache_k_l5 (view)","SET_ROWS","f16",-1,185,-1,128,512,1,1,131072,0.410417,1,"clFinish_profiled"
"OpenCL","COMPUTE","cache_v_l5 (view)","SET_ROWS","f16",-1,187,-1,128,512,1,1,131072,0.391355,1,"clFinish_profiled"
"OpenCL","COMPUTE","__fattn__-5","FLASH_ATTN_EXT","f32",-1,194,-1,64,14,1,1,3584,0.845260,1,"clFinish_profiled"
"OpenCL","COMPUTE","node_197","MUL_MAT","f32",-1,196,-1,896,1,1,1,3584,0.538385,1,"clFinish_profiled"
"OpenCL","COMPUTE","ffn_inp-5","ADD","f32",-1,197,-1,896,1,1,1,3584,0.392812,1,"clFinish_profiled"
"OpenCL","COMPUTE","ffn_gate-5","MUL_MAT","f32",-1,200,-1,4864,1,1,1,19456,1.052343,1,"clFinish_profiled"
"OpenCL","COMPUTE","ffn_up-5","MUL_MAT","f32",-1,201,-1,4864,1,1,1,19456,1.024114,1,"clFinish_profiled"
"OpenCL","COMPUTE","ffn_swiglu-5","GLU","f32",-1,202,-1,4864,1,1,1,19456,0.406875,1,"clFinish_profiled"
"OpenCL","COMPUTE","ffn_out-5","MUL_MAT","f32",-1,203,-1,896,1,1,1,3584,1.087188,1,"clFinish_profiled"
"OpenCL","COMPUTE","l_out-5","ADD","f32",-1,204,-1,896,1,1,1,3584,0.387135,1,"clFinish_profiled"
"OpenCL","COMPUTE","node_208","MUL_MAT","f32",-1,207,-1,896,1,1,1,3584,0.630885,1,"clFinish_profiled"
"OpenCL","COMPUTE","Qcur-6","ADD","f32",-1,208,-1,896,1,1,1,3584,0.390729,1,"clFinish_profiled"
"OpenCL","COMPUTE","Qcur-6","ROPE","f32",-1,210,-1,64,14,1,1,3584,0.390157,1,"clFinish_profiled"
"OpenCL","COMPUTE","node_212","MUL_MAT","f32",-1,211,-1,128,1,1,1,512,0.565834,1,"clFinish_profiled"
"OpenCL","COMPUTE","Kcur-6","ADD","f32",-1,212,-1,128,1,1,1,512,0.431094,1,"clFinish_profiled"
"OpenCL","COMPUTE","Kcur-6","ROPE","f32",-1,214,-1,64,2,1,1,512,0.391511,1,"clFinish_profiled"
"OpenCL","COMPUTE","node_216","MUL_MAT","f32",-1,215,-1,128,1,1,1,512,0.422969,1,"clFinish_profiled"
"OpenCL","COMPUTE","Vcur-6","ADD","f32",-1,216,-1,128,1,1,1,512,0.385990,1,"clFinish_profiled"
"OpenCL","COMPUTE","cache_k_l6 (view)","SET_ROWS","f16",-1,219,-1,128,512,1,1,131072,0.385209,1,"clFinish_profiled"
"OpenCL","COMPUTE","cache_v_l6 (view)","SET_ROWS","f16",-1,221,-1,128,512,1,1,131072,0.381771,1,"clFinish_profiled"
"OpenCL","COMPUTE","__fattn__-6","FLASH_ATTN_EXT","f32",-1,228,-1,64,14,1,1,3584,0.773645,1,"clFinish_profiled"
"OpenCL","COMPUTE","node_231","MUL_MAT","f32",-1,230,-1,896,1,1,1,3584,0.528541,1,"clFinish_profiled"
"OpenCL","COMPUTE","ffn_inp-6","ADD","f32",-1,231,-1,896,1,1,1,3584,0.404427,1,"clFinish_profiled"
"OpenCL","COMPUTE","ffn_gate-6","MUL_MAT","f32",-1,234,-1,4864,1,1,1,19456,1.111198,1,"clFinish_profiled"
"OpenCL","COMPUTE","ffn_up-6","MUL_MAT","f32",-1,235,-1,4864,1,1,1,19456,1.067552,1,"clFinish_profiled"
"OpenCL","COMPUTE","ffn_swiglu-6","GLU","f32",-1,236,-1,4864,1,1,1,19456,0.439062,1,"clFinish_profiled"
"OpenCL","COMPUTE","ffn_out-6","MUL_MAT","f32",-1,237,-1,896,1,1,1,3584,1.084739,1,"clFinish_profiled"
"OpenCL","COMPUTE","l_out-6","ADD","f32",-1,238,-1,896,1,1,1,3584,0.414948,1,"clFinish_profiled"
"OpenCL","COMPUTE","node_242","MUL_MAT","f32",-1,241,-1,896,1,1,1,3584,0.592083,1,"clFinish_profiled"
"OpenCL","COMPUTE","Qcur-7","ADD","f32",-1,242,-1,896,1,1,1,3584,0.388386,1,"clFinish_profiled"
"OpenCL","COMPUTE","Qcur-7","ROPE","f32",-1,244,-1,64,14,1,1,3584,0.395104,1,"clFinish_profiled"
"OpenCL","COMPUTE","node_246","MUL_MAT","f32",-1,245,-1,128,1,1,1,512,0.428750,1,"clFinish_profiled"
"OpenCL","COMPUTE","Kcur-7","ADD","f32",-1,246,-1,128,1,1,1,512,0.380209,1,"clFinish_profiled"
"OpenCL","COMPUTE","Kcur-7","ROPE","f32",-1,248,-1,64,2,1,1,512,0.391302,1,"clFinish_profiled"
"OpenCL","COMPUTE","node_250","MUL_MAT","f32",-1,249,-1,128,1,1,1,512,0.431458,1,"clFinish_profiled"
"OpenCL","COMPUTE","Vcur-7","ADD","f32",-1,250,-1,128,1,1,1,512,0.391979,1,"clFinish_profiled"
"OpenCL","COMPUTE","cache_k_l7 (view)","SET_ROWS","f16",-1,253,-1,128,512,1,1,131072,0.385260,1,"clFinish_profiled"
"OpenCL","COMPUTE","cache_v_l7 (view)","SET_ROWS","f16",-1,255,-1,128,512,1,1,131072,0.382605,1,"clFinish_profiled"
"OpenCL","COMPUTE","__fattn__-7","FLASH_ATTN_EXT","f32",-1,262,-1,64,14,1,1,3584,0.769531,1,"clFinish_profiled"
"OpenCL","COMPUTE","node_265","MUL_MAT","f32",-1,264,-1,896,1,1,1,3584,0.535313,1,"clFinish_profiled"
"OpenCL","COMPUTE","ffn_inp-7","ADD","f32",-1,265,-1,896,1,1,1,3584,0.370364,1,"clFinish_profiled"
"OpenCL","COMPUTE","ffn_gate-7","MUL_MAT","f32",-1,268,-1,4864,1,1,1,19456,1.048645,1,"clFinish_profiled"
"OpenCL","COMPUTE","ffn_up-7","MUL_MAT","f32",-1,269,-1,4864,1,1,1,19456,1.025208,1,"clFinish_profiled"
"OpenCL","COMPUTE","ffn_swiglu-7","GLU","f32",-1,270,-1,4864,1,1,1,19456,0.427656,1,"clFinish_profiled"
"OpenCL","COMPUTE","ffn_out-7","MUL_MAT","f32",-1,271,-1,896,1,1,1,3584,1.379688,1,"clFinish_profiled"
"OpenCL","COMPUTE","l_out-7","ADD","f32",-1,272,-1,896,1,1,1,3584,0.774427,1,"clFinish_profiled"
"OpenCL","COMPUTE","node_276","MUL_MAT","f32",-1,275,-1,896,1,1,1,3584,0.653178,1,"clFinish_profiled"
"OpenCL","COMPUTE","Qcur-8","ADD","f32",-1,276,-1,896,1,1,1,3584,0.409479,1,"clFinish_profiled"
"OpenCL","COMPUTE","Qcur-8","ROPE","f32",-1,278,-1,64,14,1,1,3584,0.405573,1,"clFinish_profiled"
"OpenCL","COMPUTE","node_280","MUL_MAT","f32",-1,279,-1,128,1,1,1,512,0.440364,1,"clFinish_profiled"
"OpenCL","COMPUTE","Kcur-8","ADD","f32",-1,280,-1,128,1,1,1,512,0.393958,1,"clFinish_profiled"
"OpenCL","COMPUTE","Kcur-8","ROPE","f32",-1,282,-1,64,2,1,1,512,0.387292,1,"clFinish_profiled"
"OpenCL","COMPUTE","node_284","MUL_MAT","f32",-1,283,-1,128,1,1,1,512,0.418750,1,"clFinish_profiled"
"OpenCL","COMPUTE","Vcur-8","ADD","f32",-1,284,-1,128,1,1,1,512,0.392031,1,"clFinish_profiled"
"OpenCL","COMPUTE","cache_k_l8 (view)","SET_ROWS","f16",-1,287,-1,128,512,1,1,131072,0.385417,1,"clFinish_profiled"
"OpenCL","COMPUTE","cache_v_l8 (view)","SET_ROWS","f16",-1,289,-1,128,512,1,1,131072,0.370052,1,"clFinish_profiled"
"OpenCL","COMPUTE","__fattn__-8","FLASH_ATTN_EXT","f32",-1,296,-1,64,14,1,1,3584,0.776458,1,"clFinish_profiled"
"OpenCL","COMPUTE","node_299","MUL_MAT","f32",-1,298,-1,896,1,1,1,3584,0.615105,1,"clFinish_profiled"
"OpenCL","COMPUTE","ffn_inp-8","ADD","f32",-1,299,-1,896,1,1,1,3584,0.409948,1,"clFinish_profiled"
"OpenCL","COMPUTE","ffn_gate-8","MUL_MAT","f32",-1,302,-1,4864,1,1,1,19456,1.065052,1,"clFinish_profiled"
"OpenCL","COMPUTE","ffn_up-8","MUL_MAT","f32",-1,303,-1,4864,1,1,1,19456,1.021510,1,"clFinish_profiled"
"OpenCL","COMPUTE","ffn_swiglu-8","GLU","f32",-1,304,-1,4864,1,1,1,19456,0.413697,1,"clFinish_profiled"
"OpenCL","COMPUTE","ffn_out-8","MUL_MAT","f32",-1,305,-1,896,1,1,1,3584,1.914063,1,"clFinish_profiled"
"OpenCL","COMPUTE","l_out-8","ADD","f32",-1,306,-1,896,1,1,1,3584,0.773593,1,"clFinish_profiled"
"OpenCL","COMPUTE","node_310","MUL_MAT","f32",-1,309,-1,896,1,1,1,3584,0.657344,1,"clFinish_profiled"
"OpenCL","COMPUTE","Qcur-9","ADD","f32",-1,310,-1,896,1,1,1,3584,0.403802,1,"clFinish_profiled"
"OpenCL","COMPUTE","Qcur-9","ROPE","f32",-1,312,-1,64,14,1,1,3584,0.647917,1,"clFinish_profiled"
"OpenCL","COMPUTE","node_314","MUL_MAT","f32",-1,313,-1,128,1,1,1,512,0.818594,1,"clFinish_profiled"
"OpenCL","COMPUTE","Kcur-9","ADD","f32",-1,314,-1,128,1,1,1,512,0.480261,1,"clFinish_profiled"
"OpenCL","COMPUTE","Kcur-9","ROPE","f32",-1,316,-1,64,2,1,1,512,0.939844,1,"clFinish_profiled"
"OpenCL","COMPUTE","node_318","MUL_MAT","f32",-1,317,-1,128,1,1,1,512,0.500990,1,"clFinish_profiled"
"OpenCL","COMPUTE","Vcur-9","ADD","f32",-1,318,-1,128,1,1,1,512,0.402448,1,"clFinish_profiled"
"OpenCL","COMPUTE","cache_k_l9 (view)","SET_ROWS","f16",-1,321,-1,128,512,1,1,131072,0.412604,1,"clFinish_profiled"
"OpenCL","COMPUTE","cache_v_l9 (view)","SET_ROWS","f16",-1,323,-1,128,512,1,1,131072,0.399792,1,"clFinish_profiled"
"OpenCL","COMPUTE","__fattn__-9","FLASH_ATTN_EXT","f32",-1,330,-1,64,14,1,1,3584,0.844323,1,"clFinish_profiled"
"OpenCL","COMPUTE","node_333","MUL_MAT","f32",-1,332,-1,896,1,1,1,3584,1.037448,1,"clFinish_profiled"
"OpenCL","COMPUTE","ffn_inp-9","ADD","f32",-1,333,-1,896,1,1,1,3584,0.438750,1,"clFinish_profiled"
"OpenCL","COMPUTE","ffn_gate-9","MUL_MAT","f32",-1,336,-1,4864,1,1,1,19456,1.233698,1,"clFinish_profiled"
"OpenCL","COMPUTE","ffn_up-9","MUL_MAT","f32",-1,337,-1,4864,1,1,1,19456,1.587552,1,"clFinish_profiled"
"OpenCL","COMPUTE","ffn_swiglu-9","GLU","f32",-1,338,-1,4864,1,1,1,19456,0.818386,1,"clFinish_profiled"
"OpenCL","COMPUTE","ffn_out-9","MUL_MAT","f32",-1,339,-1,896,1,1,1,3584,1.150365,1,"clFinish_profiled"
"OpenCL","COMPUTE","l_out-9","ADD","f32",-1,340,-1,896,1,1,1,3584,0.560209,1,"clFinish_profiled"
"OpenCL","COMPUTE","node_344","MUL_MAT","f32",-1,343,-1,896,1,1,1,3584,0.968906,1,"clFinish_profiled"
"OpenCL","COMPUTE","Qcur-10","ADD","f32",-1,344,-1,896,1,1,1,3584,0.522865,1,"clFinish_profiled"
"OpenCL","COMPUTE","Qcur-10","ROPE","f32",-1,346,-1,64,14,1,1,3584,0.849219,1,"clFinish_profiled"
"OpenCL","COMPUTE","node_348","MUL_MAT","f32",-1,347,-1,128,1,1,1,512,0.469896,1,"clFinish_profiled"
"OpenCL","COMPUTE","Kcur-10","ADD","f32",-1,348,-1,128,1,1,1,512,0.395573,1,"clFinish_profiled"
"OpenCL","COMPUTE","Kcur-10","ROPE","f32",-1,350,-1,64,2,1,1,512,0.403020,1,"clFinish_profiled"
"OpenCL","COMPUTE","node_352","MUL_MAT","f32",-1,351,-1,128,1,1,1,512,0.443490,1,"clFinish_profiled"
"OpenCL","COMPUTE","Vcur-10","ADD","f32",-1,352,-1,128,1,1,1,512,0.403125,1,"clFinish_profiled"
"OpenCL","COMPUTE","cache_k_l10 (view)","SET_ROWS","f16",-1,355,-1,128,512,1,1,131072,0.388125,1,"clFinish_profiled"
"OpenCL","COMPUTE","cache_v_l10 (view)","SET_ROWS","f16",-1,357,-1,128,512,1,1,131072,0.374792,1,"clFinish_profiled"
"OpenCL","COMPUTE","__fattn__-10","FLASH_ATTN_EXT","f32",-1,364,-1,64,14,1,1,3584,0.957031,1,"clFinish_profiled"
"OpenCL","COMPUTE","node_367","MUL_MAT","f32",-1,366,-1,896,1,1,1,3584,0.559375,1,"clFinish_profiled"
"OpenCL","COMPUTE","ffn_inp-10","ADD","f32",-1,367,-1,896,1,1,1,3584,0.395573,1,"clFinish_profiled"
"OpenCL","COMPUTE","ffn_gate-10","MUL_MAT","f32",-1,370,-1,4864,1,1,1,19456,1.062656,1,"clFinish_profiled"
"OpenCL","COMPUTE","ffn_up-10","MUL_MAT","f32",-1,371,-1,4864,1,1,1,19456,1.014531,1,"clFinish_profiled"
"OpenCL","COMPUTE","ffn_swiglu-10","GLU","f32",-1,372,-1,4864,1,1,1,19456,0.413490,1,"clFinish_profiled"
"OpenCL","COMPUTE","ffn_out-10","MUL_MAT","f32",-1,373,-1,896,1,1,1,3584,1.089166,1,"clFinish_profiled"
"OpenCL","COMPUTE","l_out-10","ADD","f32",-1,374,-1,896,1,1,1,3584,0.391146,1,"clFinish_profiled"
"OpenCL","COMPUTE","node_378","MUL_MAT","f32",-1,377,-1,896,1,1,1,3584,0.577865,1,"clFinish_profiled"
"OpenCL","COMPUTE","Qcur-11","ADD","f32",-1,378,-1,896,1,1,1,3584,0.389843,1,"clFinish_profiled"
"OpenCL","COMPUTE","Qcur-11","ROPE","f32",-1,380,-1,64,14,1,1,3584,0.388906,1,"clFinish_profiled"
"OpenCL","COMPUTE","node_382","MUL_MAT","f32",-1,381,-1,128,1,1,1,512,0.424427,1,"clFinish_profiled"
"OpenCL","COMPUTE","Kcur-11","ADD","f32",-1,382,-1,128,1,1,1,512,0.386823,1,"clFinish_profiled"
"OpenCL","COMPUTE","Kcur-11","ROPE","f32",-1,384,-1,64,2,1,1,512,0.412865,1,"clFinish_profiled"
"OpenCL","COMPUTE","node_386","MUL_MAT","f32",-1,385,-1,128,1,1,1,512,0.449010,1,"clFinish_profiled"
"OpenCL","COMPUTE","Vcur-11","ADD","f32",-1,386,-1,128,1,1,1,512,0.385677,1,"clFinish_profiled"
"OpenCL","COMPUTE","cache_k_l11 (view)","SET_ROWS","f16",-1,389,-1,128,512,1,1,131072,0.388020,1,"clFinish_profiled"
"OpenCL","COMPUTE","cache_v_l11 (view)","SET_ROWS","f16",-1,391,-1,128,512,1,1,131072,0.409218,1,"clFinish_profiled"
"OpenCL","COMPUTE","__fattn__-11","FLASH_ATTN_EXT","f32",-1,398,-1,64,14,1,1,3584,0.780052,1,"clFinish_profiled"
"OpenCL","COMPUTE","node_401","MUL_MAT","f32",-1,400,-1,896,1,1,1,3584,0.536823,1,"clFinish_profiled"
"OpenCL","COMPUTE","ffn_inp-11","ADD","f32",-1,401,-1,896,1,1,1,3584,0.387239,1,"clFinish_profiled"
"OpenCL","COMPUTE","ffn_gate-11","MUL_MAT","f32",-1,404,-1,4864,1,1,1,19456,1.092864,1,"clFinish_profiled"
"OpenCL","COMPUTE","ffn_up-11","MUL_MAT","f32",-1,405,-1,4864,1,1,1,19456,1.164219,1,"clFinish_profiled"
"OpenCL","COMPUTE","ffn_swiglu-11","GLU","f32",-1,406,-1,4864,1,1,1,19456,0.799219,1,"clFinish_profiled"
"OpenCL","COMPUTE","ffn_out-11","MUL_MAT","f32",-1,407,-1,896,1,1,1,3584,1.083125,1,"clFinish_profiled"
"OpenCL","COMPUTE","l_out-11","ADD","f32",-1,408,-1,896,1,1,1,3584,0.350885,1,"clFinish_profiled"
"OpenCL","COMPUTE","node_412","MUL_MAT","f32",-1,411,-1,896,1,1,1,3584,0.636354,1,"clFinish_profiled"
"OpenCL","COMPUTE","Qcur-12","ADD","f32",-1,412,-1,896,1,1,1,3584,0.364271,1,"clFinish_profiled"
"OpenCL","COMPUTE","Qcur-12","ROPE","f32",-1,414,-1,64,14,1,1,3584,0.400781,1,"clFinish_profiled"
"OpenCL","COMPUTE","node_416","MUL_MAT","f32",-1,415,-1,128,1,1,1,512,0.413437,1,"clFinish_profiled"
"OpenCL","COMPUTE","Kcur-12","ADD","f32",-1,416,-1,128,1,1,1,512,0.356823,1,"clFinish_profiled"
"OpenCL","COMPUTE","Kcur-12","ROPE","f32",-1,418,-1,64,2,1,1,512,0.351041,1,"clFinish_profiled"
"OpenCL","COMPUTE","node_420","MUL_MAT","f32",-1,419,-1,128,1,1,1,512,0.393438,1,"clFinish_profiled"
"OpenCL","COMPUTE","Vcur-12","ADD","f32",-1,420,-1,128,1,1,1,512,0.345521,1,"clFinish_profiled"
"OpenCL","COMPUTE","cache_k_l12 (view)","SET_ROWS","f16",-1,423,-1,128,512,1,1,131072,0.367552,1,"clFinish_profiled"
"OpenCL","COMPUTE","cache_v_l12 (view)","SET_ROWS","f16",-1,425,-1,128,512,1,1,131072,0.380364,1,"clFinish_profiled"
"OpenCL","COMPUTE","__fattn__-12","FLASH_ATTN_EXT","f32",-1,432,-1,64,14,1,1,3584,0.778281,1,"clFinish_profiled"
"OpenCL","COMPUTE","node_435","MUL_MAT","f32",-1,434,-1,896,1,1,1,3584,0.667969,1,"clFinish_profiled"
"OpenCL","COMPUTE","ffn_inp-12","ADD","f32",-1,435,-1,896,1,1,1,3584,0.835261,1,"clFinish_profiled"
"OpenCL","COMPUTE","ffn_gate-12","MUL_MAT","f32",-1,438,-1,4864,1,1,1,19456,1.259271,1,"clFinish_profiled"
"OpenCL","COMPUTE","ffn_up-12","MUL_MAT","f32",-1,439,-1,4864,1,1,1,19456,1.732760,1,"clFinish_profiled"
"OpenCL","COMPUTE","ffn_swiglu-12","GLU","f32",-1,440,-1,4864,1,1,1,19456,0.821771,1,"clFinish_profiled"
"OpenCL","COMPUTE","ffn_out-12","MUL_MAT","f32",-1,441,-1,896,1,1,1,3584,1.310521,1,"clFinish_profiled"
"OpenCL","COMPUTE","l_out-12","ADD","f32",-1,442,-1,896,1,1,1,3584,0.772084,1,"clFinish_profiled"
"OpenCL","COMPUTE","node_446","MUL_MAT","f32",-1,445,-1,896,1,1,1,3584,0.603281,1,"clFinish_profiled"
"OpenCL","COMPUTE","Qcur-13","ADD","f32",-1,446,-1,896,1,1,1,3584,0.403594,1,"clFinish_profiled"
"OpenCL","COMPUTE","Qcur-13","ROPE","f32",-1,448,-1,64,14,1,1,3584,0.401146,1,"clFinish_profiled"
"OpenCL","COMPUTE","node_450","MUL_MAT","f32",-1,449,-1,128,1,1,1,512,0.427344,1,"clFinish_profiled"
"OpenCL","COMPUTE","Kcur-13","ADD","f32",-1,450,-1,128,1,1,1,512,0.387395,1,"clFinish_profiled"
"OpenCL","COMPUTE","Kcur-13","ROPE","f32",-1,452,-1,64,2,1,1,512,0.386042,1,"clFinish_profiled"
"OpenCL","COMPUTE","node_454","MUL_MAT","f32",-1,453,-1,128,1,1,1,512,0.423021,1,"clFinish_profiled"
"OpenCL","COMPUTE","Vcur-13","ADD","f32",-1,454,-1,128,1,1,1,512,0.384740,1,"clFinish_profiled"
"OpenCL","COMPUTE","cache_k_l13 (view)","SET_ROWS","f16",-1,457,-1,128,512,1,1,131072,0.384843,1,"clFinish_profiled"
"OpenCL","COMPUTE","cache_v_l13 (view)","SET_ROWS","f16",-1,459,-1,128,512,1,1,131072,0.385156,1,"clFinish_profiled"
"OpenCL","COMPUTE","__fattn__-13","FLASH_ATTN_EXT","f32",-1,466,-1,64,14,1,1,3584,0.862032,1,"clFinish_profiled"
"OpenCL","COMPUTE","node_469","MUL_MAT","f32",-1,468,-1,896,1,1,1,3584,0.543229,1,"clFinish_profiled"
"OpenCL","COMPUTE","ffn_inp-13","ADD","f32",-1,469,-1,896,1,1,1,3584,0.386041,1,"clFinish_profiled"
"OpenCL","COMPUTE","ffn_gate-13","MUL_MAT","f32",-1,472,-1,4864,1,1,1,19456,1.108437,1,"clFinish_profiled"
"OpenCL","COMPUTE","ffn_up-13","MUL_MAT","f32",-1,473,-1,4864,1,1,1,19456,1.063021,1,"clFinish_profiled"
"OpenCL","COMPUTE","ffn_swiglu-13","GLU","f32",-1,474,-1,4864,1,1,1,19456,0.572604,1,"clFinish_profiled"
"OpenCL","COMPUTE","ffn_out-13","MUL_MAT","f32",-1,475,-1,896,1,1,1,3584,1.776406,1,"clFinish_profiled"
"OpenCL","COMPUTE","l_out-13","ADD","f32",-1,476,-1,896,1,1,1,3584,0.775677,1,"clFinish_profiled"
"OpenCL","COMPUTE","node_480","MUL_MAT","f32",-1,479,-1,896,1,1,1,3584,0.657865,1,"clFinish_profiled"
"OpenCL","COMPUTE","Qcur-14","ADD","f32",-1,480,-1,896,1,1,1,3584,0.411250,1,"clFinish_profiled"
"OpenCL","COMPUTE","Qcur-14","ROPE","f32",-1,482,-1,64,14,1,1,3584,0.492136,1,"clFinish_profiled"
"OpenCL","COMPUTE","node_484","MUL_MAT","f32",-1,483,-1,128,1,1,1,512,0.443802,1,"clFinish_profiled"
"OpenCL","COMPUTE","Kcur-14","ADD","f32",-1,484,-1,128,1,1,1,512,0.385885,1,"clFinish_profiled"
"OpenCL","COMPUTE","Kcur-14","ROPE","f32",-1,486,-1,64,2,1,1,512,0.479635,1,"clFinish_profiled"
"OpenCL","COMPUTE","node_488","MUL_MAT","f32",-1,487,-1,128,1,1,1,512,0.934166,1,"clFinish_profiled"
"OpenCL","COMPUTE","Vcur-14","ADD","f32",-1,488,-1,128,1,1,1,512,0.857292,1,"clFinish_profiled"
"OpenCL","COMPUTE","cache_k_l14 (view)","SET_ROWS","f16",-1,491,-1,128,512,1,1,131072,0.431771,1,"clFinish_profiled"
"OpenCL","COMPUTE","cache_v_l14 (view)","SET_ROWS","f16",-1,493,-1,128,512,1,1,131072,0.436927,1,"clFinish_profiled"
"OpenCL","COMPUTE","__fattn__-14","FLASH_ATTN_EXT","f32",-1,500,-1,64,14,1,1,3584,0.785208,1,"clFinish_profiled"
"OpenCL","COMPUTE","node_503","MUL_MAT","f32",-1,502,-1,896,1,1,1,3584,0.539739,1,"clFinish_profiled"
"OpenCL","COMPUTE","ffn_inp-14","ADD","f32",-1,503,-1,896,1,1,1,3584,0.380989,1,"clFinish_profiled"
"OpenCL","COMPUTE","ffn_gate-14","MUL_MAT","f32",-1,506,-1,4864,1,1,1,19456,1.061094,1,"clFinish_profiled"
"OpenCL","COMPUTE","ffn_up-14","MUL_MAT","f32",-1,507,-1,4864,1,1,1,19456,1.013541,1,"clFinish_profiled"
"OpenCL","COMPUTE","ffn_swiglu-14","GLU","f32",-1,508,-1,4864,1,1,1,19456,0.631615,1,"clFinish_profiled"
"OpenCL","COMPUTE","ffn_out-14","MUL_MAT","f32",-1,509,-1,896,1,1,1,3584,1.189531,1,"clFinish_profiled"
"OpenCL","COMPUTE","l_out-14","ADD","f32",-1,510,-1,896,1,1,1,3584,0.856771,1,"clFinish_profiled"
"OpenCL","COMPUTE","node_514","MUL_MAT","f32",-1,513,-1,896,1,1,1,3584,0.615990,1,"clFinish_profiled"
"OpenCL","COMPUTE","Qcur-15","ADD","f32",-1,514,-1,896,1,1,1,3584,0.403073,1,"clFinish_profiled"
"OpenCL","COMPUTE","Qcur-15","ROPE","f32",-1,516,-1,64,14,1,1,3584,0.390469,1,"clFinish_profiled"
"OpenCL","COMPUTE","node_518","MUL_MAT","f32",-1,517,-1,128,1,1,1,512,0.427708,1,"clFinish_profiled"
"OpenCL","COMPUTE","Kcur-15","ADD","f32",-1,518,-1,128,1,1,1,512,0.376042,1,"clFinish_profiled"
"OpenCL","COMPUTE","Kcur-15","ROPE","f32",-1,520,-1,64,2,1,1,512,0.398072,1,"clFinish_profiled"
"OpenCL","COMPUTE","node_522","MUL_MAT","f32",-1,521,-1,128,1,1,1,512,0.421823,1,"clFinish_profiled"
"OpenCL","COMPUTE","Vcur-15","ADD","f32",-1,522,-1,128,1,1,1,512,0.367500,1,"clFinish_profiled"
"OpenCL","COMPUTE","cache_k_l15 (view)","SET_ROWS","f16",-1,525,-1,128,512,1,1,131072,0.362447,1,"clFinish_profiled"
"OpenCL","COMPUTE","cache_v_l15 (view)","SET_ROWS","f16",-1,527,-1,128,512,1,1,131072,0.367396,1,"clFinish_profiled"
"OpenCL","COMPUTE","__fattn__-15","FLASH_ATTN_EXT","f32",-1,534,-1,64,14,1,1,3584,0.806823,1,"clFinish_profiled"
"OpenCL","COMPUTE","node_537","MUL_MAT","f32",-1,536,-1,896,1,1,1,3584,0.561510,1,"clFinish_profiled"
"OpenCL","COMPUTE","ffn_inp-15","ADD","f32",-1,537,-1,896,1,1,1,3584,0.499636,1,"clFinish_profiled"
"OpenCL","COMPUTE","ffn_gate-15","MUL_MAT","f32",-1,540,-1,4864,1,1,1,19456,1.709531,1,"clFinish_profiled"
"OpenCL","COMPUTE","ffn_up-15","MUL_MAT","f32",-1,541,-1,4864,1,1,1,19456,1.707812,1,"clFinish_profiled"
"OpenCL","COMPUTE","ffn_swiglu-15","GLU","f32",-1,542,-1,4864,1,1,1,19456,0.805729,1,"clFinish_profiled"
"OpenCL","COMPUTE","ffn_out-15","MUL_MAT","f32",-1,543,-1,896,1,1,1,3584,1.160260,1,"clFinish_profiled"
"OpenCL","COMPUTE","l_out-15","ADD","f32",-1,544,-1,896,1,1,1,3584,0.401667,1,"clFinish_profiled"
"OpenCL","COMPUTE","node_548","MUL_MAT","f32",-1,547,-1,896,1,1,1,3584,0.569323,1,"clFinish_profiled"
"OpenCL","COMPUTE","Qcur-16","ADD","f32",-1,548,-1,896,1,1,1,3584,0.396459,1,"clFinish_profiled"
"OpenCL","COMPUTE","Qcur-16","ROPE","f32",-1,550,-1,64,14,1,1,3584,0.398229,1,"clFinish_profiled"
"OpenCL","COMPUTE","node_552","MUL_MAT","f32",-1,551,-1,128,1,1,1,512,0.429427,1,"clFinish_profiled"
"OpenCL","COMPUTE","Kcur-16","ADD","f32",-1,552,-1,128,1,1,1,512,0.452813,1,"clFinish_profiled"
"OpenCL","COMPUTE","Kcur-16","ROPE","f32",-1,554,-1,64,2,1,1,512,0.409323,1,"clFinish_profiled"
"OpenCL","COMPUTE","node_556","MUL_MAT","f32",-1,555,-1,128,1,1,1,512,0.474531,1,"clFinish_profiled"
"OpenCL","COMPUTE","Vcur-16","ADD","f32",-1,556,-1,128,1,1,1,512,0.384531,1,"clFinish_profiled"
"OpenCL","COMPUTE","cache_k_l16 (view)","SET_ROWS","f16",-1,559,-1,128,512,1,1,131072,0.391927,1,"clFinish_profiled"
"OpenCL","COMPUTE","cache_v_l16 (view)","SET_ROWS","f16",-1,561,-1,128,512,1,1,131072,0.396875,1,"clFinish_profiled"
"OpenCL","COMPUTE","__fattn__-16","FLASH_ATTN_EXT","f32",-1,568,-1,64,14,1,1,3584,0.779583,1,"clFinish_profiled"
"OpenCL","COMPUTE","node_571","MUL_MAT","f32",-1,570,-1,896,1,1,1,3584,0.540625,1,"clFinish_profiled"
"OpenCL","COMPUTE","ffn_inp-16","ADD","f32",-1,571,-1,896,1,1,1,3584,0.386197,1,"clFinish_profiled"
"OpenCL","COMPUTE","ffn_gate-16","MUL_MAT","f32",-1,574,-1,4864,1,1,1,19456,1.070573,1,"clFinish_profiled"
"OpenCL","COMPUTE","ffn_up-16","MUL_MAT","f32",-1,575,-1,4864,1,1,1,19456,1.294688,1,"clFinish_profiled"
"OpenCL","COMPUTE","ffn_swiglu-16","GLU","f32",-1,576,-1,4864,1,1,1,19456,0.807500,1,"clFinish_profiled"
"OpenCL","COMPUTE","ffn_out-16","MUL_MAT","f32",-1,577,-1,896,1,1,1,3584,1.338906,1,"clFinish_profiled"
"OpenCL","COMPUTE","l_out-16","ADD","f32",-1,578,-1,896,1,1,1,3584,0.851823,1,"clFinish_profiled"
"OpenCL","COMPUTE","node_582","MUL_MAT","f32",-1,581,-1,896,1,1,1,3584,0.611719,1,"clFinish_profiled"
"OpenCL","COMPUTE","Qcur-17","ADD","f32",-1,582,-1,896,1,1,1,3584,0.399219,1,"clFinish_profiled"
"OpenCL","COMPUTE","Qcur-17","ROPE","f32",-1,584,-1,64,14,1,1,3584,0.422813,1,"clFinish_profiled"
"OpenCL","COMPUTE","node_586","MUL_MAT","f32",-1,585,-1,128,1,1,1,512,0.443541,1,"clFinish_profiled"
"OpenCL","COMPUTE","Kcur-17","ADD","f32",-1,586,-1,128,1,1,1,512,0.387812,1,"clFinish_profiled"
"OpenCL","COMPUTE","Kcur-17","ROPE","f32",-1,588,-1,64,2,1,1,512,0.401302,1,"clFinish_profiled"
"OpenCL","COMPUTE","node_590","MUL_MAT","f32",-1,589,-1,128,1,1,1,512,0.425521,1,"clFinish_profiled"
"OpenCL","COMPUTE","Vcur-17","ADD","f32",-1,590,-1,128,1,1,1,512,0.388229,1,"clFinish_profiled"
"OpenCL","COMPUTE","cache_k_l17 (view)","SET_ROWS","f16",-1,593,-1,128,512,1,1,131072,0.394896,1,"clFinish_profiled"
"OpenCL","COMPUTE","cache_v_l17 (view)","SET_ROWS","f16",-1,595,-1,128,512,1,1,131072,0.400156,1,"clFinish_profiled"
"OpenCL","COMPUTE","__fattn__-17","FLASH_ATTN_EXT","f32",-1,602,-1,64,14,1,1,3584,0.816145,1,"clFinish_profiled"
"OpenCL","COMPUTE","node_605","MUL_MAT","f32",-1,604,-1,896,1,1,1,3584,0.549792,1,"clFinish_profiled"
"OpenCL","COMPUTE","ffn_inp-17","ADD","f32",-1,605,-1,896,1,1,1,3584,0.383489,1,"clFinish_profiled"
"OpenCL","COMPUTE","ffn_gate-17","MUL_MAT","f32",-1,608,-1,4864,1,1,1,19456,1.086875,1,"clFinish_profiled"
"OpenCL","COMPUTE","ffn_up-17","MUL_MAT","f32",-1,609,-1,4864,1,1,1,19456,1.025573,1,"clFinish_profiled"
"OpenCL","COMPUTE","ffn_swiglu-17","GLU","f32",-1,610,-1,4864,1,1,1,19456,0.414844,1,"clFinish_profiled"
"OpenCL","COMPUTE","ffn_out-17","MUL_MAT","f32",-1,611,-1,896,1,1,1,3584,1.264114,1,"clFinish_profiled"
"OpenCL","COMPUTE","l_out-17","ADD","f32",-1,612,-1,896,1,1,1,3584,0.761510,1,"clFinish_profiled"
"OpenCL","COMPUTE","node_616","MUL_MAT","f32",-1,615,-1,896,1,1,1,3584,0.502969,1,"clFinish_profiled"
"OpenCL","COMPUTE","Qcur-18","ADD","f32",-1,616,-1,896,1,1,1,3584,0.430572,1,"clFinish_profiled"
"OpenCL","COMPUTE","Qcur-18","ROPE","f32",-1,618,-1,64,14,1,1,3584,0.623750,1,"clFinish_profiled"
"OpenCL","COMPUTE","node_620","MUL_MAT","f32",-1,619,-1,128,1,1,1,512,0.357500,1,"clFinish_profiled"
"OpenCL","COMPUTE","Kcur-18","ADD","f32",-1,620,-1,128,1,1,1,512,0.300833,1,"clFinish_profiled"
"OpenCL","COMPUTE","Kcur-18","ROPE","f32",-1,622,-1,64,2,1,1,512,0.294218,1,"clFinish_profiled"
"OpenCL","COMPUTE","node_624","MUL_MAT","f32",-1,623,-1,128,1,1,1,512,0.329635,1,"clFinish_profiled"
"OpenCL","COMPUTE","Vcur-18","ADD","f32",-1,624,-1,128,1,1,1,512,0.288854,1,"clFinish_profiled"
"OpenCL","COMPUTE","cache_k_l18 (view)","SET_ROWS","f16",-1,627,-1,128,512,1,1,131072,0.281511,1,"clFinish_profiled"
"OpenCL","COMPUTE","cache_v_l18 (view)","SET_ROWS","f16",-1,629,-1,128,512,1,1,131072,0.285417,1,"clFinish_profiled"
"OpenCL","COMPUTE","__fattn__-18","FLASH_ATTN_EXT","f32",-1,636,-1,64,14,1,1,3584,0.690990,1,"clFinish_profiled"
"OpenCL","COMPUTE","node_639","MUL_MAT","f32",-1,638,-1,896,1,1,1,3584,0.463646,1,"clFinish_profiled"
"OpenCL","COMPUTE","ffn_inp-18","ADD","f32",-1,639,-1,896,1,1,1,3584,0.295000,1,"clFinish_profiled"
"OpenCL","COMPUTE","ffn_gate-18","MUL_MAT","f32",-1,642,-1,4864,1,1,1,19456,0.664427,1,"clFinish_profiled"
"OpenCL","COMPUTE","ffn_up-18","MUL_MAT","f32",-1,643,-1,4864,1,1,1,19456,0.633177,1,"clFinish_profiled"
"OpenCL","COMPUTE","ffn_swiglu-18","GLU","f32",-1,644,-1,4864,1,1,1,19456,0.425260,1,"clFinish_profiled"
"OpenCL","COMPUTE","ffn_out-18","MUL_MAT","f32",-1,645,-1,896,1,1,1,3584,0.719896,1,"clFinish_profiled"
"OpenCL","COMPUTE","l_out-18","ADD","f32",-1,646,-1,896,1,1,1,3584,0.310000,1,"clFinish_profiled"
"OpenCL","COMPUTE","node_650","MUL_MAT","f32",-1,649,-1,896,1,1,1,3584,0.411927,1,"clFinish_profiled"
"OpenCL","COMPUTE","Qcur-19","ADD","f32",-1,650,-1,896,1,1,1,3584,0.317500,1,"clFinish_profiled"
"OpenCL","COMPUTE","Qcur-19","ROPE","f32",-1,652,-1,64,14,1,1,3584,0.386354,1,"clFinish_profiled"
"OpenCL","COMPUTE","node_654","MUL_MAT","f32",-1,653,-1,128,1,1,1,512,0.425886,1,"clFinish_profiled"
"OpenCL","COMPUTE","Kcur-19","ADD","f32",-1,654,-1,128,1,1,1,512,0.386719,1,"clFinish_profiled"
"OpenCL","COMPUTE","Kcur-19","ROPE","f32",-1,656,-1,64,2,1,1,512,0.919010,1,"clFinish_profiled"
"OpenCL","COMPUTE","node_658","MUL_MAT","f32",-1,657,-1,128,1,1,1,512,0.457500,1,"clFinish_profiled"
"OpenCL","COMPUTE","Vcur-19","ADD","f32",-1,658,-1,128,1,1,1,512,0.391093,1,"clFinish_profiled"
"OpenCL","COMPUTE","cache_k_l19 (view)","SET_ROWS","f16",-1,661,-1,128,512,1,1,131072,0.439010,1,"clFinish_profiled"
"OpenCL","COMPUTE","cache_v_l19 (view)","SET_ROWS","f16",-1,663,-1,128,512,1,1,131072,0.395781,1,"clFinish_profiled"
"OpenCL","COMPUTE","__fattn__-19","FLASH_ATTN_EXT","f32",-1,670,-1,64,14,1,1,3584,0.979427,1,"clFinish_profiled"
"OpenCL","COMPUTE","node_673","MUL_MAT","f32",-1,672,-1,896,1,1,1,3584,0.590417,1,"clFinish_profiled"
"OpenCL","COMPUTE","ffn_inp-19","ADD","f32",-1,673,-1,896,1,1,1,3584,0.393281,1,"clFinish_profiled"
"OpenCL","COMPUTE","ffn_gate-19","MUL_MAT","f32",-1,676,-1,4864,1,1,1,19456,1.064843,1,"clFinish_profiled"
"OpenCL","COMPUTE","ffn_up-19","MUL_MAT","f32",-1,677,-1,4864,1,1,1,19456,1.016666,1,"clFinish_profiled"
"OpenCL","COMPUTE","ffn_swiglu-19","GLU","f32",-1,678,-1,4864,1,1,1,19456,0.414375,1,"clFinish_profiled"
"OpenCL","COMPUTE","ffn_out-19","MUL_MAT","f32",-1,679,-1,896,1,1,1,3584,1.100052,1,"clFinish_profiled"
"OpenCL","COMPUTE","l_out-19","ADD","f32",-1,680,-1,896,1,1,1,3584,0.387552,1,"clFinish_profiled"
"OpenCL","COMPUTE","node_684","MUL_MAT","f32",-1,683,-1,896,1,1,1,3584,0.572292,1,"clFinish_profiled"
"OpenCL","COMPUTE","Qcur-20","ADD","f32",-1,684,-1,896,1,1,1,3584,0.391823,1,"clFinish_profiled"
"OpenCL","COMPUTE","Qcur-20","ROPE","f32",-1,686,-1,64,14,1,1,3584,0.433646,1,"clFinish_profiled"
"OpenCL","COMPUTE","node_688","MUL_MAT","f32",-1,687,-1,128,1,1,1,512,0.428230,1,"clFinish_profiled"
"OpenCL","COMPUTE","Kcur-20","ADD","f32",-1,688,-1,128,1,1,1,512,0.385417,1,"clFinish_profiled"
"OpenCL","COMPUTE","Kcur-20","ROPE","f32",-1,690,-1,64,2,1,1,512,0.430261,1,"clFinish_profiled"
"OpenCL","COMPUTE","node_692","MUL_MAT","f32",-1,691,-1,128,1,1,1,512,0.442812,1,"clFinish_profiled"
"OpenCL","COMPUTE","Vcur-20","ADD","f32",-1,692,-1,128,1,1,1,512,0.421823,1,"clFinish_profiled"
"OpenCL","COMPUTE","cache_k_l20 (view)","SET_ROWS","f16",-1,695,-1,128,512,1,1,131072,0.393333,1,"clFinish_profiled"
"OpenCL","COMPUTE","cache_v_l20 (view)","SET_ROWS","f16",-1,697,-1,128,512,1,1,131072,0.388021,1,"clFinish_profiled"
"OpenCL","COMPUTE","__fattn__-20","FLASH_ATTN_EXT","f32",-1,704,-1,64,14,1,1,3584,0.778802,1,"clFinish_profiled"
"OpenCL","COMPUTE","node_707","MUL_MAT","f32",-1,706,-1,896,1,1,1,3584,0.538646,1,"clFinish_profiled"
"OpenCL","COMPUTE","ffn_inp-20","ADD","f32",-1,707,-1,896,1,1,1,3584,0.389218,1,"clFinish_profiled"
"OpenCL","COMPUTE","ffn_gate-20","MUL_MAT","f32",-1,710,-1,4864,1,1,1,19456,1.114166,1,"clFinish_profiled"
"OpenCL","COMPUTE","ffn_up-20","MUL_MAT","f32",-1,711,-1,4864,1,1,1,19456,1.027605,1,"clFinish_profiled"
"OpenCL","COMPUTE","ffn_swiglu-20","GLU","f32",-1,712,-1,4864,1,1,1,19456,0.411927,1,"clFinish_profiled"
"OpenCL","COMPUTE","ffn_out-20","MUL_MAT","f32",-1,713,-1,896,1,1,1,3584,1.279740,1,"clFinish_profiled"
"OpenCL","COMPUTE","l_out-20","ADD","f32",-1,714,-1,896,1,1,1,3584,0.806667,1,"clFinish_profiled"
"OpenCL","COMPUTE","node_718","MUL_MAT","f32",-1,717,-1,896,1,1,1,3584,0.823281,1,"clFinish_profiled"
"OpenCL","COMPUTE","Qcur-21","ADD","f32",-1,718,-1,896,1,1,1,3584,0.742917,1,"clFinish_profiled"
"OpenCL","COMPUTE","Qcur-21","ROPE","f32",-1,720,-1,64,14,1,1,3584,0.429479,1,"clFinish_profiled"
"OpenCL","COMPUTE","node_722","MUL_MAT","f32",-1,721,-1,128,1,1,1,512,0.440885,1,"clFinish_profiled"
"OpenCL","COMPUTE","Kcur-21","ADD","f32",-1,722,-1,128,1,1,1,512,0.392031,1,"clFinish_profiled"
"OpenCL","COMPUTE","Kcur-21","ROPE","f32",-1,724,-1,64,2,1,1,512,0.391562,1,"clFinish_profiled"
"OpenCL","COMPUTE","node_726","MUL_MAT","f32",-1,725,-1,128,1,1,1,512,0.424167,1,"clFinish_profiled"
"OpenCL","COMPUTE","Vcur-21","ADD","f32",-1,726,-1,128,1,1,1,512,0.392813,1,"clFinish_profiled"
"OpenCL","COMPUTE","cache_k_l21 (view)","SET_ROWS","f16",-1,729,-1,128,512,1,1,131072,0.396979,1,"clFinish_profiled"
"OpenCL","COMPUTE","cache_v_l21 (view)","SET_ROWS","f16",-1,731,-1,128,512,1,1,131072,0.386354,1,"clFinish_profiled"
"OpenCL","COMPUTE","__fattn__-21","FLASH_ATTN_EXT","f32",-1,738,-1,64,14,1,1,3584,0.774270,1,"clFinish_profiled"
"OpenCL","COMPUTE","node_741","MUL_MAT","f32",-1,740,-1,896,1,1,1,3584,0.530469,1,"clFinish_profiled"
"OpenCL","COMPUTE","ffn_inp-21","ADD","f32",-1,741,-1,896,1,1,1,3584,0.377187,1,"clFinish_profiled"
"OpenCL","COMPUTE","ffn_gate-21","MUL_MAT","f32",-1,744,-1,4864,1,1,1,19456,1.069531,1,"clFinish_profiled"
"OpenCL","COMPUTE","ffn_up-21","MUL_MAT","f32",-1,745,-1,4864,1,1,1,19456,1.019583,1,"clFinish_profiled"
"OpenCL","COMPUTE","ffn_swiglu-21","GLU","f32",-1,746,-1,4864,1,1,1,19456,0.429115,1,"clFinish_profiled"
"OpenCL","COMPUTE","ffn_out-21","MUL_MAT","f32",-1,747,-1,896,1,1,1,3584,1.080416,1,"clFinish_profiled"
"OpenCL","COMPUTE","l_out-21","ADD","f32",-1,748,-1,896,1,1,1,3584,0.393750,1,"clFinish_profiled"
"OpenCL","COMPUTE","node_752","MUL_MAT","f32",-1,751,-1,896,1,1,1,3584,0.582396,1,"clFinish_profiled"
"OpenCL","COMPUTE","Qcur-22","ADD","f32",-1,752,-1,896,1,1,1,3584,0.402239,1,"clFinish_profiled"
"OpenCL","COMPUTE","Qcur-22","ROPE","f32",-1,754,-1,64,14,1,1,3584,0.398541,1,"clFinish_profiled"
"OpenCL","COMPUTE","node_756","MUL_MAT","f32",-1,755,-1,128,1,1,1,512,0.427917,1,"clFinish_profiled"
"OpenCL","COMPUTE","Kcur-22","ADD","f32",-1,756,-1,128,1,1,1,512,0.396511,1,"clFinish_profiled"
"OpenCL","COMPUTE","Kcur-22","ROPE","f32",-1,758,-1,64,2,1,1,512,0.399166,1,"clFinish_profiled"
"OpenCL","COMPUTE","node_760","MUL_MAT","f32",-1,759,-1,128,1,1,1,512,0.434167,1,"clFinish_profiled"
"OpenCL","COMPUTE","Vcur-22","ADD","f32",-1,760,-1,128,1,1,1,512,0.382656,1,"clFinish_profiled"
"OpenCL","COMPUTE","cache_k_l22 (view)","SET_ROWS","f16",-1,763,-1,128,512,1,1,131072,0.374844,1,"clFinish_profiled"
"OpenCL","COMPUTE","cache_v_l22 (view)","SET_ROWS","f16",-1,765,-1,128,512,1,1,131072,0.369062,1,"clFinish_profiled"
"OpenCL","COMPUTE","__fattn__-22","FLASH_ATTN_EXT","f32",-1,772,-1,64,14,1,1,3584,0.779219,1,"clFinish_profiled"
"OpenCL","COMPUTE","node_775","MUL_MAT","f32",-1,774,-1,896,1,1,1,3584,0.549635,1,"clFinish_profiled"
"OpenCL","COMPUTE","ffn_inp-22","ADD","f32",-1,775,-1,896,1,1,1,3584,0.390417,1,"clFinish_profiled"
"OpenCL","COMPUTE","ffn_gate-22","MUL_MAT","f32",-1,778,-1,4864,1,1,1,19456,1.067708,1,"clFinish_profiled"
"OpenCL","COMPUTE","ffn_up-22","MUL_MAT","f32",-1,779,-1,4864,1,1,1,19456,1.028125,1,"clFinish_profiled"
"OpenCL","COMPUTE","ffn_swiglu-22","GLU","f32",-1,780,-1,4864,1,1,1,19456,0.410469,1,"clFinish_profiled"
"OpenCL","COMPUTE","ffn_out-22","MUL_MAT","f32",-1,781,-1,896,1,1,1,3584,1.091927,1,"clFinish_profiled"
"OpenCL","COMPUTE","l_out-22","ADD","f32",-1,782,-1,896,1,1,1,3584,0.388958,1,"clFinish_profiled"
"OpenCL","COMPUTE","node_786","MUL_MAT","f32",-1,785,-1,896,1,1,1,3584,0.582500,1,"clFinish_profiled"
"OpenCL","COMPUTE","Qcur-23","ADD","f32",-1,786,-1,896,1,1,1,3584,0.401771,1,"clFinish_profiled"
"OpenCL","COMPUTE","Qcur-23","ROPE","f32",-1,788,-1,64,14,1,1,3584,0.389427,1,"clFinish_profiled"
"OpenCL","COMPUTE","node_790","MUL_MAT","f32",-1,789,-1,128,1,1,1,512,0.499011,1,"clFinish_profiled"
"OpenCL","COMPUTE","Kcur-23","ADD","f32",-1,790,-1,128,1,1,1,512,0.393333,1,"clFinish_profiled"
"OpenCL","COMPUTE","Kcur-23","ROPE","f32",-1,792,-1,64,2,1,1,512,0.401510,1,"clFinish_profiled"
"OpenCL","COMPUTE","node_794","MUL_MAT","f32",-1,793,-1,128,1,1,1,512,0.433594,1,"clFinish_profiled"
"OpenCL","COMPUTE","Vcur-23","ADD","f32",-1,794,-1,128,1,1,1,512,0.388125,1,"clFinish_profiled"
"OpenCL","COMPUTE","cache_k_l23 (view)","SET_ROWS","f16",-1,797,-1,128,512,1,1,131072,0.380885,1,"clFinish_profiled"
"OpenCL","COMPUTE","cache_v_l23 (view)","SET_ROWS","f16",-1,799,-1,128,512,1,1,131072,0.438438,1,"clFinish_profiled"
"OpenCL","COMPUTE","__fattn__-23","FLASH_ATTN_EXT","f32",-1,806,-1,64,14,1,1,3584,0.814739,1,"clFinish_profiled"
"OpenCL","COMPUTE","node_809","MUL_MAT","f32",-1,808,-1,896,1,1,1,3584,0.553594,1,"clFinish_profiled"
"OpenCL","COMPUTE","node_810","GET_ROWS","f32",-1,809,-1,896,1,1,1,3584,0.419740,1,"clFinish_profiled"
"OpenCL","COMPUTE","node_811","GET_ROWS","f32",-1,810,-1,896,1,1,1,3584,0.407656,1,"clFinish_profiled"
"OpenCL","COMPUTE","ffn_inp-23","ADD","f32",-1,811,-1,896,1,1,1,3584,0.382812,1,"clFinish_profiled"
"OpenCL","COMPUTE","ffn_gate-23","MUL_MAT","f32",-1,814,-1,4864,1,1,1,19456,1.053489,1,"clFinish_profiled"
"OpenCL","COMPUTE","ffn_up-23","MUL_MAT","f32",-1,815,-1,4864,1,1,1,19456,1.015365,1,"clFinish_profiled"
"OpenCL","COMPUTE","ffn_swiglu-23","GLU","f32",-1,816,-1,4864,1,1,1,19456,0.463177,1,"clFinish_profiled"
"OpenCL","COMPUTE","ffn_out-23","MUL_MAT","f32",-1,817,-1,896,1,1,1,3584,1.091771,1,"clFinish_profiled"
"OpenCL","COMPUTE","l_out-23","ADD","f32",-1,818,-1,896,1,1,1,3584,0.387396,1,"clFinish_profiled"
"OpenCL","COMPUTE","result_output","MUL_MAT","f32",-1,821,-1,151936,1,1,1,607744,19.328281,1,"clFinish_profiled"
