backend,kind,name,op,quant,token,op_id,weight_id,ne0,ne1,ne2,ne3,bytes,ms,ok,extra
"CPU_Elastic","COMPUTE","inp_embd","GET_ROWS","",-1,0,-1,2048,10,1,1,81920,0.372553,1,"chunk_size_1"
"CPU_Elastic","COMPUTE_GRAPH","ggml_cgraph","GRAPH","",-1,1,-1,0,0,0,0,0,0.372553,1,"delegate_cpu_graph"
"CPU_Elastic","COMPUTE","attn_norm-0","MUL","",-1,0,-1,2048,10,1,1,81920,0.070781,1,"chunk_size_1"
"CPU_Elastic","COMPUTE","Qcur-0","MUL_MAT","",-1,1,-1,2048,10,1,1,81920,3.173854,1,"chunk_size_1"
"CPU_Elastic","COMPUTE_GRAPH","ggml_cgraph","GRAPH","",-1,2,-1,0,0,0,0,0,3.244635,1,"delegate_cpu_graph"
"CPU_Elastic","COMPUTE","Qcur_normed-0","MUL","",-1,0,-1,2048,10,1,1,81920,0.028020,1,"chunk_size_1"
"CPU_Elastic","COMPUTE","Qcur_normed-0 (reshaped)","RESHAPE","",-1,1,-1,128,16,10,1,81920,0.001094,1,"chunk_size_1"
"CPU_Elastic","COMPUTE","Qcur-0","ROPE","",-1,2,-1,128,16,10,1,81920,2.867084,1,"chunk_size_1"
"CPU_Elastic","COMPUTE","Kcur-0","MUL_MAT","",-1,3,-1,2048,10,1,1,81920,3.348438,1,"chunk_size_1"
"CPU_Elastic","COMPUTE_GRAPH","ggml_cgraph","GRAPH","",-1,4,-1,0,0,0,0,0,6.244636,1,"delegate_cpu_graph"
"CPU_Elastic","COMPUTE","Kcur_normed-0","MUL","",-1,0,-1,2048,10,1,1,81920,0.218594,1,"chunk_size_1"
"CPU_Elastic","COMPUTE","Kcur_normed-0 (reshaped)","RESHAPE","",-1,1,-1,128,16,10,1,81920,0.000886,1,"chunk_size_1"
"CPU_Elastic","COMPUTE","Kcur-0","ROPE","",-1,2,-1,128,16,10,1,81920,0.230782,1,"chunk_size_1"
"CPU_Elastic","COMPUTE","Vcur-0","MUL_MAT","",-1,3,-1,2048,10,1,1,81920,4.742136,1,"chunk_size_1"
"CPU_Elastic","COMPUTE","Vcur-0","RESHAPE","",-1,4,-1,128,16,10,1,81920,0.001875,1,"chunk_size_1"
"CPU_Elastic","COMPUTE","Kcur-0 (view)","VIEW","",-1,5,-1,2048,10,1,1,81920,0.000573,1,"chunk_size_1"
"CPU_Elastic","COMPUTE","cache_k_l0 (view)","SET_ROWS","",-1,6,-1,2048,512,1,1,2097152,0.012448,1,"chunk_size_1"
"CPU_Elastic","COMPUTE","Vcur-0 (view)","VIEW","",-1,7,-1,2048,10,1,1,81920,0.000625,1,"chunk_size_1"
"CPU_Elastic","COMPUTE","cache_v_l0 (view)","SET_ROWS","",-1,8,-1,2048,512,1,1,2097152,0.010625,1,"chunk_size_1"
"CPU_Elastic","COMPUTE","cache_v_l0 (view)","VIEW","",-1,9,-1,128,16,256,1,1048576,0.000625,1,"chunk_size_1"
"CPU_Elastic","COMPUTE","cache_v_l0 (view) (permuted)","PERMUTE","",-1,10,-1,128,256,16,1,1048576,0.000468,1,"chunk_size_1"
"CPU_Elastic","COMPUTE","cache_v_l0 (view) (permuted) (transposed)","TRANSPOSE","",-1,11,-1,256,128,16,1,1048576,0.000521,1,"chunk_size_1"
"CPU_Elastic","COMPUTE","v_cont-0","CONT","",-1,12,-1,256,128,16,1,1048576,4.519479,1,"chunk_size_1"
"CPU_Elastic","COMPUTE","cache_k_l0 (view)","VIEW","",-1,13,-1,128,16,256,1,1048576,0.000834,1,"chunk_size_1"
"CPU_Elastic","COMPUTE","cache_k_l0 (view) (permuted)","PERMUTE","",-1,14,-1,128,256,16,1,1048576,0.000521,1,"chunk_size_1"
"CPU_Elastic","COMPUTE","Qcur-0 (view)","VIEW","",-1,15,-1,128,16,10,1,81920,0.000364,1,"chunk_size_1"
"CPU_Elastic","COMPUTE","Qcur-0 (view) (permuted)","PERMUTE","",-1,16,-1,128,10,16,1,81920,0.000677,1,"chunk_size_1"
"CPU_Elastic","COMPUTE","kq-0","MUL_MAT","",-1,17,-1,256,10,16,1,163840,0.999844,1,"chunk_size_1"
"CPU_Elastic","COMPUTE","kq_soft_max-0","SOFT_MAX","",-1,18,-1,256,10,16,1,163840,0.236719,1,"chunk_size_1"
"CPU_Elastic","COMPUTE","kqv-0","MUL_MAT","",-1,19,-1,128,10,16,1,81920,0.878542,1,"chunk_size_1"
"CPU_Elastic","COMPUTE","kqv-0 (permuted)","PERMUTE","",-1,20,-1,128,16,10,1,81920,0.000937,1,"chunk_size_1"
"CPU_Elastic","COMPUTE","kqv_out-0","CONT","",-1,21,-1,2048,10,1,1,81920,0.072448,1,"chunk_size_1"
"CPU_Elastic","COMPUTE","node_32","MUL_MAT","",-1,22,-1,2048,10,1,1,81920,3.137500,1,"chunk_size_1"
"CPU_Elastic","COMPUTE","ffn_inp-0","ADD","",-1,23,-1,2048,10,1,1,81920,0.079583,1,"chunk_size_1"
"CPU_Elastic","COMPUTE_GRAPH","ggml_cgraph","GRAPH","",-1,24,-1,0,0,0,0,0,15.147606,1,"delegate_cpu_graph"
"CPU_Elastic","COMPUTE","ffn_norm-0","MUL","",-1,0,-1,2048,10,1,1,81920,0.076979,1,"chunk_size_1"
"CPU_Elastic","COMPUTE","ffn_moe_logits-0","MUL_MAT","",-1,1,-1,64,10,1,1,2560,0.203438,1,"chunk_size_1"
"CPU_Elastic","COMPUTE","ffn_moe_probs-0","SOFT_MAX","",-1,2,-1,64,10,1,1,2560,0.059427,1,"chunk_size_1"
"CPU_Elastic","COMPUTE","ffn_moe_probs-0 (reshaped)","RESHAPE","",-1,3,-1,1,64,10,1,2560,0.000677,1,"chunk_size_1"
"CPU_Elastic","COMPUTE","ffn_moe_argsort-0","ARGSORT","",-1,4,-1,64,10,1,1,2560,0.123125,1,"chunk_size_1"
"CPU_Elastic","COMPUTE","ffn_moe_topk-0","VIEW","",-1,5,-1,8,10,1,1,2336,0.000938,1,"chunk_size_1"
"CPU_Elastic","COMPUTE","ffn_moe_weights-0","GET_ROWS","",-1,6,-1,1,8,10,1,320,0.001302,1,"chunk_size_1"
"CPU_Elastic","COMPUTE","ffn_norm-0 (reshaped)","RESHAPE","",-1,7,-1,2048,1,10,1,81920,0.000521,1,"chunk_size_1"
"CPU_Elastic","COMPUTE","ffn_moe_gate-0","MUL_MAT_ID","",-1,8,-1,1024,8,10,1,327680,8.155729,1,"chunk_size_1"
"CPU_Elastic","COMPUTE","ffn_moe_up-0","MUL_MAT_ID","",-1,9,-1,1024,8,10,1,327680,8.172396,1,"chunk_size_1"
"CPU_Elastic","COMPUTE","ffn_moe_weighted-0","GLU","",-1,10,-1,1024,8,10,1,327680,0.170365,1,"chunk_size_1"
"CPU_Elastic","COMPUTE","ffn_moe_down-0","MUL_MAT_ID","",-1,11,-1,2048,8,10,1,655360,8.477031,1,"chunk_size_1"
"CPU_Elastic","COMPUTE","node_47","MUL","",-1,12,-1,2048,8,10,1,655360,0.432656,1,"chunk_size_1"
"CPU_Elastic","COMPUTE"," (view)","VIEW","",-1,13,-1,2048,10,1,1,598016,0.001823,1,"chunk_size_1"
"CPU_Elastic","COMPUTE","node_47 (view)","VIEW","",-1,14,-1,2048,10,1,1,598016,0.000573,1,"chunk_size_1"
"CPU_Elastic","COMPUTE","node_47 (view)","VIEW","",-1,15,-1,2048,10,1,1,598016,0.000469,1,"chunk_size_1"
"CPU_Elastic","COMPUTE","node_47 (view)","VIEW","",-1,16,-1,2048,10,1,1,598016,0.000469,1,"chunk_size_1"
"CPU_Elastic","COMPUTE","node_47 (view)","VIEW","",-1,17,-1,2048,10,1,1,598016,0.000730,1,"chunk_size_1"
"CPU_Elastic","COMPUTE","node_47 (view)","VIEW","",-1,18,-1,2048,10,1,1,598016,0.000469,1,"chunk_size_1"
"CPU_Elastic","COMPUTE","node_47 (view)","VIEW","",-1,19,-1,2048,10,1,1,598016,0.000469,1,"chunk_size_1"
"CPU_Elastic","COMPUTE","node_47 (view)","VIEW","",-1,20,-1,2048,10,1,1,598016,0.000468,1,"chunk_size_1"
"CPU_Elastic","COMPUTE","node_56","ADD","",-1,21,-1,2048,10,1,1,81920,0.041615,1,"chunk_size_1"
"CPU_Elastic","COMPUTE","node_57","ADD","",-1,22,-1,2048,10,1,1,81920,0.045000,1,"chunk_size_1"
"CPU_Elastic","COMPUTE","node_58","ADD","",-1,23,-1,2048,10,1,1,81920,0.044844,1,"chunk_size_1"
"CPU_Elastic","COMPUTE","node_59","ADD","",-1,24,-1,2048,10,1,1,81920,0.050104,1,"chunk_size_1"
"CPU_Elastic","COMPUTE","node_60","ADD","",-1,25,-1,2048,10,1,1,81920,0.044062,1,"chunk_size_1"
"CPU_Elastic","COMPUTE","node_61","ADD","",-1,26,-1,2048,10,1,1,81920,0.045157,1,"chunk_size_1"
"CPU_Elastic","COMPUTE","ffn_moe_out-0","ADD","",-1,27,-1,2048,10,1,1,81920,0.051406,1,"chunk_size_1"
"CPU_Elastic","COMPUTE","l_out-0","ADD","",-1,28,-1,2048,10,1,1,81920,0.047032,1,"chunk_size_1"
"CPU_Elastic","COMPUTE_GRAPH","ggml_cgraph","GRAPH","",-1,29,-1,0,0,0,0,0,26.249274,1,"delegate_cpu_graph"
"CPU_Elastic","COMPUTE","attn_norm-1","MUL","",-1,0,-1,2048,10,1,1,81920,0.051563,1,"chunk_size_1"
"CPU_Elastic","COMPUTE","Qcur-1","MUL_MAT","",-1,1,-1,2048,10,1,1,81920,2.534270,1,"chunk_size_1"
"CPU_Elastic","COMPUTE_GRAPH","ggml_cgraph","GRAPH","",-1,2,-1,0,0,0,0,0,2.585833,1,"delegate_cpu_graph"
"CPU_Elastic","COMPUTE","Qcur_normed-1","MUL","",-1,0,-1,2048,10,1,1,81920,0.047187,1,"chunk_size_1"
"CPU_Elastic","COMPUTE","Qcur_normed-1 (reshaped)","RESHAPE","",-1,1,-1,128,16,10,1,81920,0.000625,1,"chunk_size_1"
"CPU_Elastic","COMPUTE","Qcur-1","ROPE","",-1,2,-1,128,16,10,1,81920,0.061563,1,"chunk_size_1"
"CPU_Elastic","COMPUTE","Kcur-1","MUL_MAT","",-1,3,-1,2048,10,1,1,81920,2.343698,1,"chunk_size_1"
"CPU_Elastic","COMPUTE_GRAPH","ggml_cgraph","GRAPH","",-1,4,-1,0,0,0,0,0,2.453073,1,"delegate_cpu_graph"
"CPU_Elastic","COMPUTE","Kcur_normed-1","MUL","",-1,0,-1,2048,10,1,1,81920,0.046510,1,"chunk_size_1"
"CPU_Elastic","COMPUTE","Kcur_normed-1 (reshaped)","RESHAPE","",-1,1,-1,128,16,10,1,81920,0.000938,1,"chunk_size_1"
"CPU_Elastic","COMPUTE","Kcur-1","ROPE","",-1,2,-1,128,16,10,1,81920,0.062083,1,"chunk_size_1"
"CPU_Elastic","COMPUTE","Vcur-1","MUL_MAT","",-1,3,-1,2048,10,1,1,81920,3.024167,1,"chunk_size_1"
"CPU_Elastic","COMPUTE","Vcur-1","RESHAPE","",-1,4,-1,128,16,10,1,81920,0.000521,1,"chunk_size_1"
"CPU_Elastic","COMPUTE","Kcur-1 (view)","VIEW","",-1,5,-1,2048,10,1,1,81920,0.000625,1,"chunk_size_1"
"CPU_Elastic","COMPUTE","cache_k_l1 (view)","SET_ROWS","",-1,6,-1,2048,512,1,1,2097152,0.010938,1,"chunk_size_1"
"CPU_Elastic","COMPUTE","Vcur-1 (view)","VIEW","",-1,7,-1,2048,10,1,1,81920,0.000469,1,"chunk_size_1"
"CPU_Elastic","COMPUTE","cache_v_l1 (view)","SET_ROWS","",-1,8,-1,2048,512,1,1,2097152,0.010104,1,"chunk_size_1"
"CPU_Elastic","COMPUTE","cache_v_l1 (view)","VIEW","",-1,9,-1,128,16,256,1,1048576,0.000625,1,"chunk_size_1"
"CPU_Elastic","COMPUTE","cache_v_l1 (view) (permuted)","PERMUTE","",-1,10,-1,128,256,16,1,1048576,0.000520,1,"chunk_size_1"
"CPU_Elastic","COMPUTE","cache_v_l1 (view) (permuted) (transposed)","TRANSPOSE","",-1,11,-1,256,128,16,1,1048576,0.000521,1,"chunk_size_1"
"CPU_Elastic","COMPUTE","v_cont-1","CONT","",-1,12,-1,256,128,16,1,1048576,1.349271,1,"chunk_size_1"
"CPU_Elastic","COMPUTE","cache_k_l1 (view)","VIEW","",-1,13,-1,128,16,256,1,1048576,0.000781,1,"chunk_size_1"
"CPU_Elastic","COMPUTE","cache_k_l1 (view) (permuted)","PERMUTE","",-1,14,-1,128,256,16,1,1048576,0.000416,1,"chunk_size_1"
"CPU_Elastic","COMPUTE","Qcur-1 (view)","VIEW","",-1,15,-1,128,16,10,1,81920,0.000469,1,"chunk_size_1"
"CPU_Elastic","COMPUTE","Qcur-1 (view) (permuted)","PERMUTE","",-1,16,-1,128,10,16,1,81920,0.000468,1,"chunk_size_1"
"CPU_Elastic","COMPUTE","kq-1","MUL_MAT","",-1,17,-1,256,10,16,1,163840,0.719166,1,"chunk_size_1"
"CPU_Elastic","COMPUTE","kq_soft_max-1","SOFT_MAX","",-1,18,-1,256,10,16,1,163840,0.127448,1,"chunk_size_1"
"CPU_Elastic","COMPUTE","kqv-1","MUL_MAT","",-1,19,-1,128,10,16,1,81920,1.070208,1,"chunk_size_1"
"CPU_Elastic","COMPUTE","kqv-1 (permuted)","PERMUTE","",-1,20,-1,128,16,10,1,81920,0.000521,1,"chunk_size_1"
"CPU_Elastic","COMPUTE","kqv_out-1","CONT","",-1,21,-1,2048,10,1,1,81920,0.037136,1,"chunk_size_1"
"CPU_Elastic","COMPUTE","node_95","MUL_MAT","",-1,22,-1,2048,10,1,1,81920,2.458385,1,"chunk_size_1"
"CPU_Elastic","COMPUTE","ffn_inp-1","ADD","",-1,23,-1,2048,10,1,1,81920,0.039688,1,"chunk_size_1"
"CPU_Elastic","COMPUTE_GRAPH","ggml_cgraph","GRAPH","",-1,24,-1,0,0,0,0,0,8.961978,1,"delegate_cpu_graph"
"CPU_Elastic","COMPUTE","ffn_norm-1","MUL","",-1,0,-1,2048,10,1,1,81920,0.042813,1,"chunk_size_1"
"CPU_Elastic","COMPUTE","ffn_moe_logits-1","MUL_MAT","",-1,1,-1,64,10,1,1,2560,0.101823,1,"chunk_size_1"
"CPU_Elastic","COMPUTE","ffn_moe_probs-1","SOFT_MAX","",-1,2,-1,64,10,1,1,2560,0.035313,1,"chunk_size_1"
"CPU_Elastic","COMPUTE","ffn_moe_probs-1 (reshaped)","RESHAPE","",-1,3,-1,1,64,10,1,2560,0.000572,1,"chunk_size_1"
"CPU_Elastic","COMPUTE","ffn_moe_argsort-1","ARGSORT","",-1,4,-1,64,10,1,1,2560,0.069531,1,"chunk_size_1"
"CPU_Elastic","COMPUTE","ffn_moe_topk-1","VIEW","",-1,5,-1,8,10,1,1,2336,0.000521,1,"chunk_size_1"
"CPU_Elastic","COMPUTE","ffn_moe_weights-1","GET_ROWS","",-1,6,-1,1,8,10,1,320,0.001198,1,"chunk_size_1"
"CPU_Elastic","COMPUTE","ffn_norm-1 (reshaped)","RESHAPE","",-1,7,-1,2048,1,10,1,81920,0.000469,1,"chunk_size_1"
"CPU_Elastic","COMPUTE","ffn_moe_gate-1","MUL_MAT_ID","",-1,8,-1,1024,8,10,1,327680,6.235156,1,"chunk_size_1"
"CPU_Elastic","COMPUTE","ffn_moe_up-1","MUL_MAT_ID","",-1,9,-1,1024,8,10,1,327680,8.052291,1,"chunk_size_1"
"CPU_Elastic","COMPUTE","ffn_moe_weighted-1","GLU","",-1,10,-1,1024,8,10,1,327680,0.083698,1,"chunk_size_1"
"CPU_Elastic","COMPUTE","ffn_moe_down-1","MUL_MAT_ID","",-1,11,-1,2048,8,10,1,655360,8.251667,1,"chunk_size_1"
"CPU_Elastic","COMPUTE","node_110","MUL","",-1,12,-1,2048,8,10,1,655360,0.256771,1,"chunk_size_1"
"CPU_Elastic","COMPUTE"," (view)","VIEW","",-1,13,-1,2048,10,1,1,598016,0.005156,1,"chunk_size_1"
"CPU_Elastic","COMPUTE","node_110 (view)","VIEW","",-1,14,-1,2048,10,1,1,598016,0.000833,1,"chunk_size_1"
"CPU_Elastic","COMPUTE","node_110 (view)","VIEW","",-1,15,-1,2048,10,1,1,598016,0.000469,1,"chunk_size_1"
"CPU_Elastic","COMPUTE","node_110 (view)","VIEW","",-1,16,-1,2048,10,1,1,598016,0.000417,1,"chunk_size_1"
"CPU_Elastic","COMPUTE","node_110 (view)","VIEW","",-1,17,-1,2048,10,1,1,598016,0.000417,1,"chunk_size_1"
"CPU_Elastic","COMPUTE","node_110 (view)","VIEW","",-1,18,-1,2048,10,1,1,598016,0.000677,1,"chunk_size_1"
"CPU_Elastic","COMPUTE","node_110 (view)","VIEW","",-1,19,-1,2048,10,1,1,598016,0.000417,1,"chunk_size_1"
"CPU_Elastic","COMPUTE","node_110 (view)","VIEW","",-1,20,-1,2048,10,1,1,598016,0.000417,1,"chunk_size_1"
"CPU_Elastic","COMPUTE","node_119","ADD","",-1,21,-1,2048,10,1,1,81920,0.029636,1,"chunk_size_1"
"CPU_Elastic","COMPUTE","node_120","ADD","",-1,22,-1,2048,10,1,1,81920,0.034427,1,"chunk_size_1"
"CPU_Elastic","COMPUTE","node_121","ADD","",-1,23,-1,2048,10,1,1,81920,0.037187,1,"chunk_size_1"
"CPU_Elastic","COMPUTE","node_122","ADD","",-1,24,-1,2048,10,1,1,81920,0.030729,1,"chunk_size_1"
"CPU_Elastic","COMPUTE","node_123","ADD","",-1,25,-1,2048,10,1,1,81920,0.033125,1,"chunk_size_1"
"CPU_Elastic","COMPUTE","node_124","ADD","",-1,26,-1,2048,10,1,1,81920,0.033646,1,"chunk_size_1"
"CPU_Elastic","COMPUTE","ffn_moe_out-1","ADD","",-1,27,-1,2048,10,1,1,81920,0.032812,1,"chunk_size_1"
"CPU_Elastic","COMPUTE","l_out-1","ADD","",-1,28,-1,2048,10,1,1,81920,0.031614,1,"chunk_size_1"
"CPU_Elastic","COMPUTE_GRAPH","ggml_cgraph","GRAPH","",-1,29,-1,0,0,0,0,0,23.403802,1,"delegate_cpu_graph"
"CPU_Elastic","COMPUTE","attn_norm-2","MUL","",-1,0,-1,2048,10,1,1,81920,0.035469,1,"chunk_size_1"
"CPU_Elastic","COMPUTE","Qcur-2","MUL_MAT","",-1,1,-1,2048,10,1,1,81920,2.057865,1,"chunk_size_1"
"CPU_Elastic","COMPUTE_GRAPH","ggml_cgraph","GRAPH","",-1,2,-1,0,0,0,0,0,2.093334,1,"delegate_cpu_graph"
"CPU_Elastic","COMPUTE","Qcur_normed-2","MUL","",-1,0,-1,2048,10,1,1,81920,0.035834,1,"chunk_size_1"
"CPU_Elastic","COMPUTE","Qcur_normed-2 (reshaped)","RESHAPE","",-1,1,-1,128,16,10,1,81920,0.000989,1,"chunk_size_1"
"CPU_Elastic","COMPUTE","Qcur-2","ROPE","",-1,2,-1,128,16,10,1,81920,0.040730,1,"chunk_size_1"
"CPU_Elastic","COMPUTE","Kcur-2","MUL_MAT","",-1,3,-1,2048,10,1,1,81920,1.369219,1,"chunk_size_1"
"CPU_Elastic","COMPUTE_GRAPH","ggml_cgraph","GRAPH","",-1,4,-1,0,0,0,0,0,1.446772,1,"delegate_cpu_graph"
"CPU_Elastic","COMPUTE","Kcur_normed-2","MUL","",-1,0,-1,2048,10,1,1,81920,0.033125,1,"chunk_size_1"
"CPU_Elastic","COMPUTE","Kcur_normed-2 (reshaped)","RESHAPE","",-1,1,-1,128,16,10,1,81920,0.000573,1,"chunk_size_1"
"CPU_Elastic","COMPUTE","Kcur-2","ROPE","",-1,2,-1,128,16,10,1,81920,0.043802,1,"chunk_size_1"
"CPU_Elastic","COMPUTE","Vcur-2","MUL_MAT","",-1,3,-1,2048,10,1,1,81920,2.027968,1,"chunk_size_1"
"CPU_Elastic","COMPUTE","Vcur-2","RESHAPE","",-1,4,-1,128,16,10,1,81920,0.000625,1,"chunk_size_1"
"CPU_Elastic","COMPUTE","Kcur-2 (view)","VIEW","",-1,5,-1,2048,10,1,1,81920,0.000521,1,"chunk_size_1"
"CPU_Elastic","COMPUTE","cache_k_l2 (view)","SET_ROWS","",-1,6,-1,2048,512,1,1,2097152,0.014479,1,"chunk_size_1"
"CPU_Elastic","COMPUTE","Vcur-2 (view)","VIEW","",-1,7,-1,2048,10,1,1,81920,0.000469,1,"chunk_size_1"
"CPU_Elastic","COMPUTE","cache_v_l2 (view)","SET_ROWS","",-1,8,-1,2048,512,1,1,2097152,0.012240,1,"chunk_size_1"
"CPU_Elastic","COMPUTE","cache_v_l2 (view)","VIEW","",-1,9,-1,128,16,256,1,1048576,0.000468,1,"chunk_size_1"
"CPU_Elastic","COMPUTE","cache_v_l2 (view) (permuted)","PERMUTE","",-1,10,-1,128,256,16,1,1048576,0.000677,1,"chunk_size_1"
"CPU_Elastic","COMPUTE","cache_v_l2 (view) (permuted) (transposed)","TRANSPOSE","",-1,11,-1,256,128,16,1,1048576,0.000468,1,"chunk_size_1"
"CPU_Elastic","COMPUTE","v_cont-2","CONT","",-1,12,-1,256,128,16,1,1048576,1.940000,1,"chunk_size_1"
"CPU_Elastic","COMPUTE","cache_k_l2 (view)","VIEW","",-1,13,-1,128,16,256,1,1048576,0.000625,1,"chunk_size_1"
"CPU_Elastic","COMPUTE","cache_k_l2 (view) (permuted)","PERMUTE","",-1,14,-1,128,256,16,1,1048576,0.000729,1,"chunk_size_1"
"CPU_Elastic","COMPUTE","Qcur-2 (view)","VIEW","",-1,15,-1,128,16,10,1,81920,0.000469,1,"chunk_size_1"
"CPU_Elastic","COMPUTE","Qcur-2 (view) (permuted)","PERMUTE","",-1,16,-1,128,10,16,1,81920,0.000521,1,"chunk_size_1"
"CPU_Elastic","COMPUTE","kq-2","MUL_MAT","",-1,17,-1,256,10,16,1,163840,0.600417,1,"chunk_size_1"
"CPU_Elastic","COMPUTE","kq_soft_max-2","SOFT_MAX","",-1,18,-1,256,10,16,1,163840,0.103177,1,"chunk_size_1"
"CPU_Elastic","COMPUTE","kqv-2","MUL_MAT","",-1,19,-1,128,10,16,1,81920,0.428958,1,"chunk_size_1"
"CPU_Elastic","COMPUTE","kqv-2 (permuted)","PERMUTE","",-1,20,-1,128,16,10,1,81920,0.000521,1,"chunk_size_1"
"CPU_Elastic","COMPUTE","kqv_out-2","CONT","",-1,21,-1,2048,10,1,1,81920,0.027865,1,"chunk_size_1"
"CPU_Elastic","COMPUTE","node_158","MUL_MAT","",-1,22,-1,2048,10,1,1,81920,1.395625,1,"chunk_size_1"
"CPU_Elastic","COMPUTE","ffn_inp-2","ADD","",-1,23,-1,2048,10,1,1,81920,0.046718,1,"chunk_size_1"
"CPU_Elastic","COMPUTE_GRAPH","ggml_cgraph","GRAPH","",-1,24,-1,0,0,0,0,0,6.681040,1,"delegate_cpu_graph"
"CPU_Elastic","COMPUTE","ffn_norm-2","MUL","",-1,0,-1,2048,10,1,1,81920,0.045885,1,"chunk_size_1"
"CPU_Elastic","COMPUTE","ffn_moe_logits-2","MUL_MAT","",-1,1,-1,64,10,1,1,2560,0.097813,1,"chunk_size_1"
"CPU_Elastic","COMPUTE","ffn_moe_probs-2","SOFT_MAX","",-1,2,-1,64,10,1,1,2560,0.040000,1,"chunk_size_1"
"CPU_Elastic","COMPUTE","ffn_moe_probs-2 (reshaped)","RESHAPE","",-1,3,-1,1,64,10,1,2560,0.000729,1,"chunk_size_1"
"CPU_Elastic","COMPUTE","ffn_moe_argsort-2","ARGSORT","",-1,4,-1,64,10,1,1,2560,0.045938,1,"chunk_size_1"
"CPU_Elastic","COMPUTE","ffn_moe_topk-2","VIEW","",-1,5,-1,8,10,1,1,2336,0.000469,1,"chunk_size_1"
"CPU_Elastic","COMPUTE","ffn_moe_weights-2","GET_ROWS","",-1,6,-1,1,8,10,1,320,0.001093,1,"chunk_size_1"
"CPU_Elastic","COMPUTE","ffn_norm-2 (reshaped)","RESHAPE","",-1,7,-1,2048,1,10,1,81920,0.000573,1,"chunk_size_1"
"CPU_Elastic","COMPUTE","ffn_moe_gate-2","MUL_MAT_ID","",-1,8,-1,1024,8,10,1,327680,5.442552,1,"chunk_size_1"
"CPU_Elastic","COMPUTE","ffn_moe_up-2","MUL_MAT_ID","",-1,9,-1,1024,8,10,1,327680,6.036198,1,"chunk_size_1"
"CPU_Elastic","COMPUTE","ffn_moe_weighted-2","GLU","",-1,10,-1,1024,8,10,1,327680,0.096771,1,"chunk_size_1"
"CPU_Elastic","COMPUTE","ffn_moe_down-2","MUL_MAT_ID","",-1,11,-1,2048,8,10,1,655360,6.003489,1,"chunk_size_1"
"CPU_Elastic","COMPUTE","node_173","MUL","",-1,12,-1,2048,8,10,1,655360,0.234583,1,"chunk_size_1"
"CPU_Elastic","COMPUTE"," (view)","VIEW","",-1,13,-1,2048,10,1,1,598016,0.000885,1,"chunk_size_1"
"CPU_Elastic","COMPUTE","node_173 (view)","VIEW","",-1,14,-1,2048,10,1,1,598016,0.000521,1,"chunk_size_1"
"CPU_Elastic","COMPUTE","node_173 (view)","VIEW","",-1,15,-1,2048,10,1,1,598016,0.000677,1,"chunk_size_1"
"CPU_Elastic","COMPUTE","node_173 (view)","VIEW","",-1,16,-1,2048,10,1,1,598016,0.000417,1,"chunk_size_1"
"CPU_Elastic","COMPUTE","node_173 (view)","VIEW","",-1,17,-1,2048,10,1,1,598016,0.000521,1,"chunk_size_1"
"CPU_Elastic","COMPUTE","node_173 (view)","VIEW","",-1,18,-1,2048,10,1,1,598016,0.000417,1,"chunk_size_1"
"CPU_Elastic","COMPUTE","node_173 (view)","VIEW","",-1,19,-1,2048,10,1,1,598016,0.000625,1,"chunk_size_1"
"CPU_Elastic","COMPUTE","node_173 (view)","VIEW","",-1,20,-1,2048,10,1,1,598016,0.000416,1,"chunk_size_1"
"CPU_Elastic","COMPUTE","node_182","ADD","",-1,21,-1,2048,10,1,1,81920,0.041979,1,"chunk_size_1"
"CPU_Elastic","COMPUTE","node_183","ADD","",-1,22,-1,2048,10,1,1,81920,0.046406,1,"chunk_size_1"
"CPU_Elastic","COMPUTE","node_184","ADD","",-1,23,-1,2048,10,1,1,81920,0.050052,1,"chunk_size_1"
"CPU_Elastic","COMPUTE","node_185","ADD","",-1,24,-1,2048,10,1,1,81920,0.044896,1,"chunk_size_1"
"CPU_Elastic","COMPUTE","node_186","ADD","",-1,25,-1,2048,10,1,1,81920,0.051302,1,"chunk_size_1"
"CPU_Elastic","COMPUTE","node_187","ADD","",-1,26,-1,2048,10,1,1,81920,0.067656,1,"chunk_size_1"
"CPU_Elastic","COMPUTE","ffn_moe_out-2","ADD","",-1,27,-1,2048,10,1,1,81920,0.050364,1,"chunk_size_1"
"CPU_Elastic","COMPUTE","l_out-2","ADD","",-1,28,-1,2048,10,1,1,81920,0.036093,1,"chunk_size_1"
"CPU_Elastic","COMPUTE_GRAPH","ggml_cgraph","GRAPH","",-1,29,-1,0,0,0,0,0,18.439320,1,"delegate_cpu_graph"
"CPU_Elastic","COMPUTE","attn_norm-3","MUL","",-1,0,-1,2048,10,1,1,81920,0.045469,1,"chunk_size_1"
"CPU_Elastic","COMPUTE","Qcur-3","MUL_MAT","",-1,1,-1,2048,10,1,1,81920,2.023334,1,"chunk_size_1"
"CPU_Elastic","COMPUTE_GRAPH","ggml_cgraph","GRAPH","",-1,2,-1,0,0,0,0,0,2.068803,1,"delegate_cpu_graph"
"CPU_Elastic","COMPUTE","Qcur_normed-3","MUL","",-1,0,-1,2048,10,1,1,81920,0.047344,1,"chunk_size_1"
"CPU_Elastic","COMPUTE","Qcur_normed-3 (reshaped)","RESHAPE","",-1,1,-1,128,16,10,1,81920,0.000625,1,"chunk_size_1"
"CPU_Elastic","COMPUTE","Qcur-3","ROPE","",-1,2,-1,128,16,10,1,81920,0.038854,1,"chunk_size_1"
"CPU_Elastic","COMPUTE","Kcur-3","MUL_MAT","",-1,3,-1,2048,10,1,1,81920,1.978698,1,"chunk_size_1"
"CPU_Elastic","COMPUTE_GRAPH","ggml_cgraph","GRAPH","",-1,4,-1,0,0,0,0,0,2.065521,1,"delegate_cpu_graph"
"CPU_Elastic","COMPUTE","Kcur_normed-3","MUL","",-1,0,-1,2048,10,1,1,81920,0.045261,1,"chunk_size_1"
"CPU_Elastic","COMPUTE","Kcur_normed-3 (reshaped)","RESHAPE","",-1,1,-1,128,16,10,1,81920,0.000573,1,"chunk_size_1"
"CPU_Elastic","COMPUTE","Kcur-3","ROPE","",-1,2,-1,128,16,10,1,81920,0.041354,1,"chunk_size_1"
"CPU_Elastic","COMPUTE","Vcur-3","MUL_MAT","",-1,3,-1,2048,10,1,1,81920,1.983906,1,"chunk_size_1"
"CPU_Elastic","COMPUTE","Vcur-3","RESHAPE","",-1,4,-1,128,16,10,1,81920,0.000677,1,"chunk_size_1"
"CPU_Elastic","COMPUTE","Kcur-3 (view)","VIEW","",-1,5,-1,2048,10,1,1,81920,0.000417,1,"chunk_size_1"
"CPU_Elastic","COMPUTE","cache_k_l3 (view)","SET_ROWS","",-1,6,-1,2048,512,1,1,2097152,0.010886,1,"chunk_size_1"
"CPU_Elastic","COMPUTE","Vcur-3 (view)","VIEW","",-1,7,-1,2048,10,1,1,81920,0.000677,1,"chunk_size_1"
"CPU_Elastic","COMPUTE","cache_v_l3 (view)","SET_ROWS","",-1,8,-1,2048,512,1,1,2097152,0.010209,1,"chunk_size_1"
"CPU_Elastic","COMPUTE","cache_v_l3 (view)","VIEW","",-1,9,-1,128,16,256,1,1048576,0.000469,1,"chunk_size_1"
"CPU_Elastic","COMPUTE","cache_v_l3 (view) (permuted)","PERMUTE","",-1,10,-1,128,256,16,1,1048576,0.000468,1,"chunk_size_1"
"CPU_Elastic","COMPUTE","cache_v_l3 (view) (permuted) (transposed)","TRANSPOSE","",-1,11,-1,256,128,16,1,1048576,0.000573,1,"chunk_size_1"
"CPU_Elastic","COMPUTE","v_cont-3","CONT","",-1,12,-1,256,128,16,1,1048576,0.949427,1,"chunk_size_1"
"CPU_Elastic","COMPUTE","cache_k_l3 (view)","VIEW","",-1,13,-1,128,16,256,1,1048576,0.000521,1,"chunk_size_1"
"CPU_Elastic","COMPUTE","cache_k_l3 (view) (permuted)","PERMUTE","",-1,14,-1,128,256,16,1,1048576,0.000416,1,"chunk_size_1"
"CPU_Elastic","COMPUTE","Qcur-3 (view)","VIEW","",-1,15,-1,128,16,10,1,81920,0.000573,1,"chunk_size_1"
"CPU_Elastic","COMPUTE","Qcur-3 (view) (permuted)","PERMUTE","",-1,16,-1,128,10,16,1,81920,0.000417,1,"chunk_size_1"
"CPU_Elastic","COMPUTE","kq-3","MUL_MAT","",-1,17,-1,256,10,16,1,163840,0.598802,1,"chunk_size_1"
"CPU_Elastic","COMPUTE","kq_soft_max-3","SOFT_MAX","",-1,18,-1,256,10,16,1,163840,0.099323,1,"chunk_size_1"
"CPU_Elastic","COMPUTE","kqv-3","MUL_MAT","",-1,19,-1,128,10,16,1,81920,0.431198,1,"chunk_size_1"
"CPU_Elastic","COMPUTE","kqv-3 (permuted)","PERMUTE","",-1,20,-1,128,16,10,1,81920,0.000573,1,"chunk_size_1"
"CPU_Elastic","COMPUTE","kqv_out-3","CONT","",-1,21,-1,2048,10,1,1,81920,0.029740,1,"chunk_size_1"
"CPU_Elastic","COMPUTE","node_221","MUL_MAT","",-1,22,-1,2048,10,1,1,81920,1.978386,1,"chunk_size_1"
"CPU_Elastic","COMPUTE","ffn_inp-3","ADD","",-1,23,-1,2048,10,1,1,81920,0.031041,1,"chunk_size_1"
"CPU_Elastic","COMPUTE_GRAPH","ggml_cgraph","GRAPH","",-1,24,-1,0,0,0,0,0,6.215887,1,"delegate_cpu_graph"
"CPU_Elastic","COMPUTE","ffn_norm-3","MUL","",-1,0,-1,2048,10,1,1,81920,0.051614,1,"chunk_size_1"
"CPU_Elastic","COMPUTE","ffn_moe_logits-3","MUL_MAT","",-1,1,-1,64,10,1,1,2560,0.098229,1,"chunk_size_1"
"CPU_Elastic","COMPUTE","ffn_moe_probs-3","SOFT_MAX","",-1,2,-1,64,10,1,1,2560,0.039583,1,"chunk_size_1"
"CPU_Elastic","COMPUTE","ffn_moe_probs-3 (reshaped)","RESHAPE","",-1,3,-1,1,64,10,1,2560,0.000573,1,"chunk_size_1"
"CPU_Elastic","COMPUTE","ffn_moe_argsort-3","ARGSORT","",-1,4,-1,64,10,1,1,2560,0.046302,1,"chunk_size_1"
"CPU_Elastic","COMPUTE","ffn_moe_topk-3","VIEW","",-1,5,-1,8,10,1,1,2336,0.000469,1,"chunk_size_1"
"CPU_Elastic","COMPUTE","ffn_moe_weights-3","GET_ROWS","",-1,6,-1,1,8,10,1,320,0.000885,1,"chunk_size_1"
"CPU_Elastic","COMPUTE","ffn_norm-3 (reshaped)","RESHAPE","",-1,7,-1,2048,1,10,1,81920,0.000417,1,"chunk_size_1"
"CPU_Elastic","COMPUTE","ffn_moe_gate-3","MUL_MAT_ID","",-1,8,-1,1024,8,10,1,327680,7.703334,1,"chunk_size_1"
"CPU_Elastic","COMPUTE","ffn_moe_up-3","MUL_MAT_ID","",-1,9,-1,1024,8,10,1,327680,7.895521,1,"chunk_size_1"
"CPU_Elastic","COMPUTE","ffn_moe_weighted-3","GLU","",-1,10,-1,1024,8,10,1,327680,0.096459,1,"chunk_size_1"
"CPU_Elastic","COMPUTE","ffn_moe_down-3","MUL_MAT_ID","",-1,11,-1,2048,8,10,1,655360,8.648646,1,"chunk_size_1"
"CPU_Elastic","COMPUTE","node_236","MUL","",-1,12,-1,2048,8,10,1,655360,0.214687,1,"chunk_size_1"
"CPU_Elastic","COMPUTE"," (view)","VIEW","",-1,13,-1,2048,10,1,1,598016,0.000938,1,"chunk_size_1"
"CPU_Elastic","COMPUTE","node_236 (view)","VIEW","",-1,14,-1,2048,10,1,1,598016,0.000469,1,"chunk_size_1"
"CPU_Elastic","COMPUTE","node_236 (view)","VIEW","",-1,15,-1,2048,10,1,1,598016,0.000469,1,"chunk_size_1"
"CPU_Elastic","COMPUTE","node_236 (view)","VIEW","",-1,16,-1,2048,10,1,1,598016,0.000573,1,"chunk_size_1"
"CPU_Elastic","COMPUTE","node_236 (view)","VIEW","",-1,17,-1,2048,10,1,1,598016,0.000365,1,"chunk_size_1"
"CPU_Elastic","COMPUTE","node_236 (view)","VIEW","",-1,18,-1,2048,10,1,1,598016,0.000417,1,"chunk_size_1"
"CPU_Elastic","COMPUTE","node_236 (view)","VIEW","",-1,19,-1,2048,10,1,1,598016,0.000572,1,"chunk_size_1"
"CPU_Elastic","COMPUTE","node_236 (view)","VIEW","",-1,20,-1,2048,10,1,1,598016,0.000573,1,"chunk_size_1"
"CPU_Elastic","COMPUTE","node_245","ADD","",-1,21,-1,2048,10,1,1,81920,0.042448,1,"chunk_size_1"
"CPU_Elastic","COMPUTE","node_246","ADD","",-1,22,-1,2048,10,1,1,81920,0.044792,1,"chunk_size_1"
"CPU_Elastic","COMPUTE","node_247","ADD","",-1,23,-1,2048,10,1,1,81920,0.050886,1,"chunk_size_1"
"CPU_Elastic","COMPUTE","node_248","ADD","",-1,24,-1,2048,10,1,1,81920,0.049532,1,"chunk_size_1"
"CPU_Elastic","COMPUTE","node_249","ADD","",-1,25,-1,2048,10,1,1,81920,0.045364,1,"chunk_size_1"
"CPU_Elastic","COMPUTE","node_250","ADD","",-1,26,-1,2048,10,1,1,81920,0.045521,1,"chunk_size_1"
"CPU_Elastic","COMPUTE","ffn_moe_out-3","ADD","",-1,27,-1,2048,10,1,1,81920,0.044531,1,"chunk_size_1"
"CPU_Elastic","COMPUTE","l_out-3","ADD","",-1,28,-1,2048,10,1,1,81920,0.030261,1,"chunk_size_1"
"CPU_Elastic","COMPUTE_GRAPH","ggml_cgraph","GRAPH","",-1,29,-1,0,0,0,0,0,25.154430,1,"delegate_cpu_graph"
"CPU_Elastic","COMPUTE","attn_norm-4","MUL","",-1,0,-1,2048,10,1,1,81920,0.046979,1,"chunk_size_1"
"CPU_Elastic","COMPUTE","Qcur-4","MUL_MAT","",-1,1,-1,2048,10,1,1,81920,2.024375,1,"chunk_size_1"
"CPU_Elastic","COMPUTE_GRAPH","ggml_cgraph","GRAPH","",-1,2,-1,0,0,0,0,0,2.071354,1,"delegate_cpu_graph"
"CPU_Elastic","COMPUTE","Qcur_normed-4","MUL","",-1,0,-1,2048,10,1,1,81920,0.049844,1,"chunk_size_1"
"CPU_Elastic","COMPUTE","Qcur_normed-4 (reshaped)","RESHAPE","",-1,1,-1,128,16,10,1,81920,0.000573,1,"chunk_size_1"
"CPU_Elastic","COMPUTE","Qcur-4","ROPE","",-1,2,-1,128,16,10,1,81920,0.041250,1,"chunk_size_1"
"CPU_Elastic","COMPUTE","Kcur-4","MUL_MAT","",-1,3,-1,2048,10,1,1,81920,1.974843,1,"chunk_size_1"
"CPU_Elastic","COMPUTE_GRAPH","ggml_cgraph","GRAPH","",-1,4,-1,0,0,0,0,0,2.066510,1,"delegate_cpu_graph"
"CPU_Elastic","COMPUTE","Kcur_normed-4","MUL","",-1,0,-1,2048,10,1,1,81920,0.052709,1,"chunk_size_1"
"CPU_Elastic","COMPUTE","Kcur_normed-4 (reshaped)","RESHAPE","",-1,1,-1,128,16,10,1,81920,0.000625,1,"chunk_size_1"
"CPU_Elastic","COMPUTE","Kcur-4","ROPE","",-1,2,-1,128,16,10,1,81920,0.038854,1,"chunk_size_1"
"CPU_Elastic","COMPUTE","Vcur-4","MUL_MAT","",-1,3,-1,2048,10,1,1,81920,2.684791,1,"chunk_size_1"
"CPU_Elastic","COMPUTE","Vcur-4","RESHAPE","",-1,4,-1,128,16,10,1,81920,0.000990,1,"chunk_size_1"
"CPU_Elastic","COMPUTE","Kcur-4 (view)","VIEW","",-1,5,-1,2048,10,1,1,81920,0.000521,1,"chunk_size_1"
"CPU_Elastic","COMPUTE","cache_k_l4 (view)","SET_ROWS","",-1,6,-1,2048,512,1,1,2097152,0.010886,1,"chunk_size_1"
"CPU_Elastic","COMPUTE","Vcur-4 (view)","VIEW","",-1,7,-1,2048,10,1,1,81920,0.000469,1,"chunk_size_1"
"CPU_Elastic","COMPUTE","cache_v_l4 (view)","SET_ROWS","",-1,8,-1,2048,512,1,1,2097152,0.010208,1,"chunk_size_1"
"CPU_Elastic","COMPUTE","cache_v_l4 (view)","VIEW","",-1,9,-1,128,16,256,1,1048576,0.000468,1,"chunk_size_1"
"CPU_Elastic","COMPUTE","cache_v_l4 (view) (permuted)","PERMUTE","",-1,10,-1,128,256,16,1,1048576,0.000469,1,"chunk_size_1"
"CPU_Elastic","COMPUTE","cache_v_l4 (view) (permuted) (transposed)","TRANSPOSE","",-1,11,-1,256,128,16,1,1048576,0.000521,1,"chunk_size_1"
"CPU_Elastic","COMPUTE","v_cont-4","CONT","",-1,12,-1,256,128,16,1,1048576,0.898541,1,"chunk_size_1"
"CPU_Elastic","COMPUTE","cache_k_l4 (view)","VIEW","",-1,13,-1,128,16,256,1,1048576,0.000521,1,"chunk_size_1"
"CPU_Elastic","COMPUTE","cache_k_l4 (view) (permuted)","PERMUTE","",-1,14,-1,128,256,16,1,1048576,0.000469,1,"chunk_size_1"
"CPU_Elastic","COMPUTE","Qcur-4 (view)","VIEW","",-1,15,-1,128,16,10,1,81920,0.000364,1,"chunk_size_1"
"CPU_Elastic","COMPUTE","Qcur-4 (view) (permuted)","PERMUTE","",-1,16,-1,128,10,16,1,81920,0.000573,1,"chunk_size_1"
"CPU_Elastic","COMPUTE","kq-4","MUL_MAT","",-1,17,-1,256,10,16,1,163840,0.594583,1,"chunk_size_1"
"CPU_Elastic","COMPUTE","kq_soft_max-4","SOFT_MAX","",-1,18,-1,256,10,16,1,163840,0.099532,1,"chunk_size_1"
"CPU_Elastic","COMPUTE","kqv-4","MUL_MAT","",-1,19,-1,128,10,16,1,81920,0.430312,1,"chunk_size_1"
"CPU_Elastic","COMPUTE","kqv-4 (permuted)","PERMUTE","",-1,20,-1,128,16,10,1,81920,0.000625,1,"chunk_size_1"
"CPU_Elastic","COMPUTE","kqv_out-4","CONT","",-1,21,-1,2048,10,1,1,81920,0.029740,1,"chunk_size_1"
"CPU_Elastic","COMPUTE","node_284","MUL_MAT","",-1,22,-1,2048,10,1,1,81920,1.898907,1,"chunk_size_1"
"CPU_Elastic","COMPUTE","ffn_inp-4","ADD","",-1,23,-1,2048,10,1,1,81920,0.033125,1,"chunk_size_1"
"CPU_Elastic","COMPUTE_GRAPH","ggml_cgraph","GRAPH","",-1,24,-1,0,0,0,0,0,6.788803,1,"delegate_cpu_graph"
"CPU_Elastic","COMPUTE","ffn_norm-4","MUL","",-1,0,-1,2048,10,1,1,81920,0.056927,1,"chunk_size_1"
"CPU_Elastic","COMPUTE","ffn_moe_logits-4","MUL_MAT","",-1,1,-1,64,10,1,1,2560,0.100052,1,"chunk_size_1"
"CPU_Elastic","COMPUTE","ffn_moe_probs-4","SOFT_MAX","",-1,2,-1,64,10,1,1,2560,0.045000,1,"chunk_size_1"
"CPU_Elastic","COMPUTE","ffn_moe_probs-4 (reshaped)","RESHAPE","",-1,3,-1,1,64,10,1,2560,0.000625,1,"chunk_size_1"
"CPU_Elastic","COMPUTE","ffn_moe_argsort-4","ARGSORT","",-1,4,-1,64,10,1,1,2560,0.052396,1,"chunk_size_1"
"CPU_Elastic","COMPUTE","ffn_moe_topk-4","VIEW","",-1,5,-1,8,10,1,1,2336,0.000781,1,"chunk_size_1"
"CPU_Elastic","COMPUTE","ffn_moe_weights-4","GET_ROWS","",-1,6,-1,1,8,10,1,320,0.000885,1,"chunk_size_1"
"CPU_Elastic","COMPUTE","ffn_norm-4 (reshaped)","RESHAPE","",-1,7,-1,2048,1,10,1,81920,0.000520,1,"chunk_size_1"
"CPU_Elastic","COMPUTE","ffn_moe_gate-4","MUL_MAT_ID","",-1,8,-1,1024,8,10,1,327680,5.870834,1,"chunk_size_1"
"CPU_Elastic","COMPUTE","ffn_moe_up-4","MUL_MAT_ID","",-1,9,-1,1024,8,10,1,327680,7.314687,1,"chunk_size_1"
"CPU_Elastic","COMPUTE","ffn_moe_weighted-4","GLU","",-1,10,-1,1024,8,10,1,327680,0.147864,1,"chunk_size_1"
"CPU_Elastic","COMPUTE","ffn_moe_down-4","MUL_MAT_ID","",-1,11,-1,2048,8,10,1,655360,8.253594,1,"chunk_size_1"
"CPU_Elastic","COMPUTE","node_299","MUL","",-1,12,-1,2048,8,10,1,655360,0.255937,1,"chunk_size_1"
"CPU_Elastic","COMPUTE"," (view)","VIEW","",-1,13,-1,2048,10,1,1,598016,0.001250,1,"chunk_size_1"
"CPU_Elastic","COMPUTE","node_299 (view)","VIEW","",-1,14,-1,2048,10,1,1,598016,0.000521,1,"chunk_size_1"
"CPU_Elastic","COMPUTE","node_299 (view)","VIEW","",-1,15,-1,2048,10,1,1,598016,0.000469,1,"chunk_size_1"
"CPU_Elastic","COMPUTE","node_299 (view)","VIEW","",-1,16,-1,2048,10,1,1,598016,0.000468,1,"chunk_size_1"
"CPU_Elastic","COMPUTE","node_299 (view)","VIEW","",-1,17,-1,2048,10,1,1,598016,0.000573,1,"chunk_size_1"
"CPU_Elastic","COMPUTE","node_299 (view)","VIEW","",-1,18,-1,2048,10,1,1,598016,0.000417,1,"chunk_size_1"
"CPU_Elastic","COMPUTE","node_299 (view)","VIEW","",-1,19,-1,2048,10,1,1,598016,0.000416,1,"chunk_size_1"
"CPU_Elastic","COMPUTE","node_299 (view)","VIEW","",-1,20,-1,2048,10,1,1,598016,0.000469,1,"chunk_size_1"
"CPU_Elastic","COMPUTE","node_308","ADD","",-1,21,-1,2048,10,1,1,81920,0.051510,1,"chunk_size_1"
"CPU_Elastic","COMPUTE","node_309","ADD","",-1,22,-1,2048,10,1,1,81920,0.051511,1,"chunk_size_1"
"CPU_Elastic","COMPUTE","node_310","ADD","",-1,23,-1,2048,10,1,1,81920,0.048334,1,"chunk_size_1"
"CPU_Elastic","COMPUTE","node_311","ADD","",-1,24,-1,2048,10,1,1,81920,0.052083,1,"chunk_size_1"
"CPU_Elastic","COMPUTE","node_312","ADD","",-1,25,-1,2048,10,1,1,81920,0.052500,1,"chunk_size_1"
"CPU_Elastic","COMPUTE","node_313","ADD","",-1,26,-1,2048,10,1,1,81920,0.055052,1,"chunk_size_1"
"CPU_Elastic","COMPUTE","ffn_moe_out-4","ADD","",-1,27,-1,2048,10,1,1,81920,0.050937,1,"chunk_size_1"
"CPU_Elastic","COMPUTE","l_out-4","ADD","",-1,28,-1,2048,10,1,1,81920,0.036563,1,"chunk_size_1"
"CPU_Elastic","COMPUTE_GRAPH","ggml_cgraph","GRAPH","",-1,29,-1,0,0,0,0,0,22.503175,1,"delegate_cpu_graph"
"CPU_Elastic","COMPUTE","attn_norm-5","MUL","",-1,0,-1,2048,10,1,1,81920,0.058490,1,"chunk_size_1"
"CPU_Elastic","COMPUTE","Qcur-5","MUL_MAT","",-1,1,-1,2048,10,1,1,81920,2.075104,1,"chunk_size_1"
"CPU_Elastic","COMPUTE_GRAPH","ggml_cgraph","GRAPH","",-1,2,-1,0,0,0,0,0,2.133594,1,"delegate_cpu_graph"
"CPU_Elastic","COMPUTE","Qcur_normed-5","MUL","",-1,0,-1,2048,10,1,1,81920,0.058906,1,"chunk_size_1"
"CPU_Elastic","COMPUTE","Qcur_normed-5 (reshaped)","RESHAPE","",-1,1,-1,128,16,10,1,81920,0.000521,1,"chunk_size_1"
"CPU_Elastic","COMPUTE","Qcur-5","ROPE","",-1,2,-1,128,16,10,1,81920,0.041250,1,"chunk_size_1"
"CPU_Elastic","COMPUTE","Kcur-5","MUL_MAT","",-1,3,-1,2048,10,1,1,81920,2.074375,1,"chunk_size_1"
"CPU_Elastic","COMPUTE_GRAPH","ggml_cgraph","GRAPH","",-1,4,-1,0,0,0,0,0,2.175052,1,"delegate_cpu_graph"
"CPU_Elastic","COMPUTE","Kcur_normed-5","MUL","",-1,0,-1,2048,10,1,1,81920,0.059010,1,"chunk_size_1"
"CPU_Elastic","COMPUTE","Kcur_normed-5 (reshaped)","RESHAPE","",-1,1,-1,128,16,10,1,81920,0.000677,1,"chunk_size_1"
"CPU_Elastic","COMPUTE","Kcur-5","ROPE","",-1,2,-1,128,16,10,1,81920,0.040885,1,"chunk_size_1"
"CPU_Elastic","COMPUTE","Vcur-5","MUL_MAT","",-1,3,-1,2048,10,1,1,81920,2.087760,1,"chunk_size_1"
"CPU_Elastic","COMPUTE","Vcur-5","RESHAPE","",-1,4,-1,128,16,10,1,81920,0.000572,1,"chunk_size_1"
"CPU_Elastic","COMPUTE","Kcur-5 (view)","VIEW","",-1,5,-1,2048,10,1,1,81920,0.000729,1,"chunk_size_1"
"CPU_Elastic","COMPUTE","cache_k_l5 (view)","SET_ROWS","",-1,6,-1,2048,512,1,1,2097152,0.011563,1,"chunk_size_1"
"CPU_Elastic","COMPUTE","Vcur-5 (view)","VIEW","",-1,7,-1,2048,10,1,1,81920,0.000573,1,"chunk_size_1"
"CPU_Elastic","COMPUTE","cache_v_l5 (view)","SET_ROWS","",-1,8,-1,2048,512,1,1,2097152,0.011927,1,"chunk_size_1"
"CPU_Elastic","COMPUTE","cache_v_l5 (view)","VIEW","",-1,9,-1,128,16,256,1,1048576,0.000521,1,"chunk_size_1"
"CPU_Elastic","COMPUTE","cache_v_l5 (view) (permuted)","PERMUTE","",-1,10,-1,128,256,16,1,1048576,0.000417,1,"chunk_size_1"
"CPU_Elastic","COMPUTE","cache_v_l5 (view) (permuted) (transposed)","TRANSPOSE","",-1,11,-1,256,128,16,1,1048576,0.000521,1,"chunk_size_1"
"CPU_Elastic","COMPUTE","v_cont-5","CONT","",-1,12,-1,256,128,16,1,1048576,0.928229,1,"chunk_size_1"
"CPU_Elastic","COMPUTE","cache_k_l5 (view)","VIEW","",-1,13,-1,128,16,256,1,1048576,0.000781,1,"chunk_size_1"
"CPU_Elastic","COMPUTE","cache_k_l5 (view) (permuted)","PERMUTE","",-1,14,-1,128,256,16,1,1048576,0.000521,1,"chunk_size_1"
"CPU_Elastic","COMPUTE","Qcur-5 (view)","VIEW","",-1,15,-1,128,16,10,1,81920,0.000417,1,"chunk_size_1"
"CPU_Elastic","COMPUTE","Qcur-5 (view) (permuted)","PERMUTE","",-1,16,-1,128,10,16,1,81920,0.000416,1,"chunk_size_1"
"CPU_Elastic","COMPUTE","kq-5","MUL_MAT","",-1,17,-1,256,10,16,1,163840,0.613229,1,"chunk_size_1"
"CPU_Elastic","COMPUTE","kq_soft_max-5","SOFT_MAX","",-1,18,-1,256,10,16,1,163840,0.107448,1,"chunk_size_1"
"CPU_Elastic","COMPUTE","kqv-5","MUL_MAT","",-1,19,-1,128,10,16,1,81920,0.473959,1,"chunk_size_1"
"CPU_Elastic","COMPUTE","kqv-5 (permuted)","PERMUTE","",-1,20,-1,128,16,10,1,81920,0.000521,1,"chunk_size_1"
"CPU_Elastic","COMPUTE","kqv_out-5","CONT","",-1,21,-1,2048,10,1,1,81920,0.031146,1,"chunk_size_1"
"CPU_Elastic","COMPUTE","node_347","MUL_MAT","",-1,22,-1,2048,10,1,1,81920,1.324271,1,"chunk_size_1"
"CPU_Elastic","COMPUTE","ffn_inp-5","ADD","",-1,23,-1,2048,10,1,1,81920,0.036146,1,"chunk_size_1"
"CPU_Elastic","COMPUTE_GRAPH","ggml_cgraph","GRAPH","",-1,24,-1,0,0,0,0,0,5.732239,1,"delegate_cpu_graph"
"CPU_Elastic","COMPUTE","ffn_norm-5","MUL","",-1,0,-1,2048,10,1,1,81920,0.053177,1,"chunk_size_1"
"CPU_Elastic","COMPUTE","ffn_moe_logits-5","MUL_MAT","",-1,1,-1,64,10,1,1,2560,0.099427,1,"chunk_size_1"
"CPU_Elastic","COMPUTE","ffn_moe_probs-5","SOFT_MAX","",-1,2,-1,64,10,1,1,2560,0.049219,1,"chunk_size_1"
"CPU_Elastic","COMPUTE","ffn_moe_probs-5 (reshaped)","RESHAPE","",-1,3,-1,1,64,10,1,2560,0.000521,1,"chunk_size_1"
"CPU_Elastic","COMPUTE","ffn_moe_argsort-5","ARGSORT","",-1,4,-1,64,10,1,1,2560,0.047917,1,"chunk_size_1"
"CPU_Elastic","COMPUTE","ffn_moe_topk-5","VIEW","",-1,5,-1,8,10,1,1,2336,0.000469,1,"chunk_size_1"
"CPU_Elastic","COMPUTE","ffn_moe_weights-5","GET_ROWS","",-1,6,-1,1,8,10,1,320,0.001250,1,"chunk_size_1"
"CPU_Elastic","COMPUTE","ffn_norm-5 (reshaped)","RESHAPE","",-1,7,-1,2048,1,10,1,81920,0.000469,1,"chunk_size_1"
"CPU_Elastic","COMPUTE","ffn_moe_gate-5","MUL_MAT_ID","",-1,8,-1,1024,8,10,1,327680,5.538750,1,"chunk_size_1"
"CPU_Elastic","COMPUTE","ffn_moe_up-5","MUL_MAT_ID","",-1,9,-1,1024,8,10,1,327680,6.467135,1,"chunk_size_1"
"CPU_Elastic","COMPUTE","ffn_moe_weighted-5","GLU","",-1,10,-1,1024,8,10,1,327680,0.098385,1,"chunk_size_1"
"CPU_Elastic","COMPUTE","ffn_moe_down-5","MUL_MAT_ID","",-1,11,-1,2048,8,10,1,655360,4.481875,1,"chunk_size_1"
"CPU_Elastic","COMPUTE","node_362","MUL","",-1,12,-1,2048,8,10,1,655360,0.265937,1,"chunk_size_1"
"CPU_Elastic","COMPUTE"," (view)","VIEW","",-1,13,-1,2048,10,1,1,598016,0.000781,1,"chunk_size_1"
"CPU_Elastic","COMPUTE","node_362 (view)","VIEW","",-1,14,-1,2048,10,1,1,598016,0.000625,1,"chunk_size_1"
"CPU_Elastic","COMPUTE","node_362 (view)","VIEW","",-1,15,-1,2048,10,1,1,598016,0.000468,1,"chunk_size_1"
"CPU_Elastic","COMPUTE","node_362 (view)","VIEW","",-1,16,-1,2048,10,1,1,598016,0.000469,1,"chunk_size_1"
"CPU_Elastic","COMPUTE","node_362 (view)","VIEW","",-1,17,-1,2048,10,1,1,598016,0.000365,1,"chunk_size_1"
"CPU_Elastic","COMPUTE","node_362 (view)","VIEW","",-1,18,-1,2048,10,1,1,598016,0.000573,1,"chunk_size_1"
"CPU_Elastic","COMPUTE","node_362 (view)","VIEW","",-1,19,-1,2048,10,1,1,598016,0.000468,1,"chunk_size_1"
"CPU_Elastic","COMPUTE","node_362 (view)","VIEW","",-1,20,-1,2048,10,1,1,598016,0.000417,1,"chunk_size_1"
"CPU_Elastic","COMPUTE","node_371","ADD","",-1,21,-1,2048,10,1,1,81920,0.040782,1,"chunk_size_1"
"CPU_Elastic","COMPUTE","node_372","ADD","",-1,22,-1,2048,10,1,1,81920,0.046667,1,"chunk_size_1"
"CPU_Elastic","COMPUTE","node_373","ADD","",-1,23,-1,2048,10,1,1,81920,0.046250,1,"chunk_size_1"
"CPU_Elastic","COMPUTE","node_374","ADD","",-1,24,-1,2048,10,1,1,81920,0.047135,1,"chunk_size_1"
"CPU_Elastic","COMPUTE","node_375","ADD","",-1,25,-1,2048,10,1,1,81920,0.053021,1,"chunk_size_1"
"CPU_Elastic","COMPUTE","node_376","ADD","",-1,26,-1,2048,10,1,1,81920,0.049947,1,"chunk_size_1"
"CPU_Elastic","COMPUTE","ffn_moe_out-5","ADD","",-1,27,-1,2048,10,1,1,81920,0.044844,1,"chunk_size_1"
"CPU_Elastic","COMPUTE","l_out-5","ADD","",-1,28,-1,2048,10,1,1,81920,0.036510,1,"chunk_size_1"
"CPU_Elastic","COMPUTE_GRAPH","ggml_cgraph","GRAPH","",-1,29,-1,0,0,0,0,0,17.473853,1,"delegate_cpu_graph"
"CPU_Elastic","COMPUTE","attn_norm-6","MUL","",-1,0,-1,2048,10,1,1,81920,0.047604,1,"chunk_size_1"
"CPU_Elastic","COMPUTE","Qcur-6","MUL_MAT","",-1,1,-1,2048,10,1,1,81920,1.114218,1,"chunk_size_1"
"CPU_Elastic","COMPUTE_GRAPH","ggml_cgraph","GRAPH","",-1,2,-1,0,0,0,0,0,1.161822,1,"delegate_cpu_graph"
"CPU_Elastic","COMPUTE","Qcur_normed-6","MUL","",-1,0,-1,2048,10,1,1,81920,0.045937,1,"chunk_size_1"
"CPU_Elastic","COMPUTE","Qcur_normed-6 (reshaped)","RESHAPE","",-1,1,-1,128,16,10,1,81920,0.000625,1,"chunk_size_1"
"CPU_Elastic","COMPUTE","Qcur-6","ROPE","",-1,2,-1,128,16,10,1,81920,0.041719,1,"chunk_size_1"
"CPU_Elastic","COMPUTE","Kcur-6","MUL_MAT","",-1,3,-1,2048,10,1,1,81920,2.024687,1,"chunk_size_1"
"CPU_Elastic","COMPUTE_GRAPH","ggml_cgraph","GRAPH","",-1,4,-1,0,0,0,0,0,2.112968,1,"delegate_cpu_graph"
"CPU_Elastic","COMPUTE","Kcur_normed-6","MUL","",-1,0,-1,2048,10,1,1,81920,0.052135,1,"chunk_size_1"
"CPU_Elastic","COMPUTE","Kcur_normed-6 (reshaped)","RESHAPE","",-1,1,-1,128,16,10,1,81920,0.000521,1,"chunk_size_1"
"CPU_Elastic","COMPUTE","Kcur-6","ROPE","",-1,2,-1,128,16,10,1,81920,0.042083,1,"chunk_size_1"
"CPU_Elastic","COMPUTE","Vcur-6","MUL_MAT","",-1,3,-1,2048,10,1,1,81920,1.698593,1,"chunk_size_1"
"CPU_Elastic","COMPUTE","Vcur-6","RESHAPE","",-1,4,-1,128,16,10,1,81920,0.000521,1,"chunk_size_1"
"CPU_Elastic","COMPUTE","Kcur-6 (view)","VIEW","",-1,5,-1,2048,10,1,1,81920,0.000469,1,"chunk_size_1"
"CPU_Elastic","COMPUTE","cache_k_l6 (view)","SET_ROWS","",-1,6,-1,2048,512,1,1,2097152,0.010677,1,"chunk_size_1"
"CPU_Elastic","COMPUTE","Vcur-6 (view)","VIEW","",-1,7,-1,2048,10,1,1,81920,0.000468,1,"chunk_size_1"
"CPU_Elastic","COMPUTE","cache_v_l6 (view)","SET_ROWS","",-1,8,-1,2048,512,1,1,2097152,0.010104,1,"chunk_size_1"
"CPU_Elastic","COMPUTE","cache_v_l6 (view)","VIEW","",-1,9,-1,128,16,256,1,1048576,0.000468,1,"chunk_size_1"
"CPU_Elastic","COMPUTE","cache_v_l6 (view) (permuted)","PERMUTE","",-1,10,-1,128,256,16,1,1048576,0.000521,1,"chunk_size_1"
"CPU_Elastic","COMPUTE","cache_v_l6 (view) (permuted) (transposed)","TRANSPOSE","",-1,11,-1,256,128,16,1,1048576,0.000469,1,"chunk_size_1"
"CPU_Elastic","COMPUTE","v_cont-6","CONT","",-1,12,-1,256,128,16,1,1048576,0.937344,1,"chunk_size_1"
"CPU_Elastic","COMPUTE","cache_k_l6 (view)","VIEW","",-1,13,-1,128,16,256,1,1048576,0.000521,1,"chunk_size_1"
"CPU_Elastic","COMPUTE","cache_k_l6 (view) (permuted)","PERMUTE","",-1,14,-1,128,256,16,1,1048576,0.000625,1,"chunk_size_1"
"CPU_Elastic","COMPUTE","Qcur-6 (view)","VIEW","",-1,15,-1,128,16,10,1,81920,0.000417,1,"chunk_size_1"
"CPU_Elastic","COMPUTE","Qcur-6 (view) (permuted)","PERMUTE","",-1,16,-1,128,10,16,1,81920,0.000468,1,"chunk_size_1"
"CPU_Elastic","COMPUTE","kq-6","MUL_MAT","",-1,17,-1,256,10,16,1,163840,0.595937,1,"chunk_size_1"
"CPU_Elastic","COMPUTE","kq_soft_max-6","SOFT_MAX","",-1,18,-1,256,10,16,1,163840,0.101458,1,"chunk_size_1"
"CPU_Elastic","COMPUTE","kqv-6","MUL_MAT","",-1,19,-1,128,10,16,1,81920,0.453125,1,"chunk_size_1"
"CPU_Elastic","COMPUTE","kqv-6 (permuted)","PERMUTE","",-1,20,-1,128,16,10,1,81920,0.000469,1,"chunk_size_1"
"CPU_Elastic","COMPUTE","kqv_out-6","CONT","",-1,21,-1,2048,10,1,1,81920,0.030052,1,"chunk_size_1"
"CPU_Elastic","COMPUTE","node_410","MUL_MAT","",-1,22,-1,2048,10,1,1,81920,1.468125,1,"chunk_size_1"
"CPU_Elastic","COMPUTE","ffn_inp-6","ADD","",-1,23,-1,2048,10,1,1,81920,0.030260,1,"chunk_size_1"
"CPU_Elastic","COMPUTE_GRAPH","ggml_cgraph","GRAPH","",-1,24,-1,0,0,0,0,0,5.435830,1,"delegate_cpu_graph"
"CPU_Elastic","COMPUTE","ffn_norm-6","MUL","",-1,0,-1,2048,10,1,1,81920,0.047396,1,"chunk_size_1"
"CPU_Elastic","COMPUTE","ffn_moe_logits-6","MUL_MAT","",-1,1,-1,64,10,1,1,2560,0.092604,1,"chunk_size_1"
"CPU_Elastic","COMPUTE","ffn_moe_probs-6","SOFT_MAX","",-1,2,-1,64,10,1,1,2560,0.039427,1,"chunk_size_1"
"CPU_Elastic","COMPUTE","ffn_moe_probs-6 (reshaped)","RESHAPE","",-1,3,-1,1,64,10,1,2560,0.000677,1,"chunk_size_1"
"CPU_Elastic","COMPUTE","ffn_moe_argsort-6","ARGSORT","",-1,4,-1,64,10,1,1,2560,0.046562,1,"chunk_size_1"
"CPU_Elastic","COMPUTE","ffn_moe_topk-6","VIEW","",-1,5,-1,8,10,1,1,2336,0.000573,1,"chunk_size_1"
"CPU_Elastic","COMPUTE","ffn_moe_weights-6","GET_ROWS","",-1,6,-1,1,8,10,1,320,0.000990,1,"chunk_size_1"
"CPU_Elastic","COMPUTE","ffn_norm-6 (reshaped)","RESHAPE","",-1,7,-1,2048,1,10,1,81920,0.000521,1,"chunk_size_1"
"CPU_Elastic","COMPUTE","ffn_moe_gate-6","MUL_MAT_ID","",-1,8,-1,1024,8,10,1,327680,4.625313,1,"chunk_size_1"
"CPU_Elastic","COMPUTE","ffn_moe_up-6","MUL_MAT_ID","",-1,9,-1,1024,8,10,1,327680,5.260260,1,"chunk_size_1"
"CPU_Elastic","COMPUTE","ffn_moe_weighted-6","GLU","",-1,10,-1,1024,8,10,1,327680,0.097291,1,"chunk_size_1"
"CPU_Elastic","COMPUTE","ffn_moe_down-6","MUL_MAT_ID","",-1,11,-1,2048,8,10,1,655360,8.142552,1,"chunk_size_1"
"CPU_Elastic","COMPUTE","node_425","MUL","",-1,12,-1,2048,8,10,1,655360,0.222708,1,"chunk_size_1"
"CPU_Elastic","COMPUTE"," (view)","VIEW","",-1,13,-1,2048,10,1,1,598016,0.000834,1,"chunk_size_1"
"CPU_Elastic","COMPUTE","node_425 (view)","VIEW","",-1,14,-1,2048,10,1,1,598016,0.000417,1,"chunk_size_1"
"CPU_Elastic","COMPUTE","node_425 (view)","VIEW","",-1,15,-1,2048,10,1,1,598016,0.000677,1,"chunk_size_1"
"CPU_Elastic","COMPUTE","node_425 (view)","VIEW","",-1,16,-1,2048,10,1,1,598016,0.000469,1,"chunk_size_1"
"CPU_Elastic","COMPUTE","node_425 (view)","VIEW","",-1,17,-1,2048,10,1,1,598016,0.000469,1,"chunk_size_1"
"CPU_Elastic","COMPUTE","node_425 (view)","VIEW","",-1,18,-1,2048,10,1,1,598016,0.000416,1,"chunk_size_1"
"CPU_Elastic","COMPUTE","node_425 (view)","VIEW","",-1,19,-1,2048,10,1,1,598016,0.000625,1,"chunk_size_1"
"CPU_Elastic","COMPUTE","node_425 (view)","VIEW","",-1,20,-1,2048,10,1,1,598016,0.000416,1,"chunk_size_1"
"CPU_Elastic","COMPUTE","node_434","ADD","",-1,21,-1,2048,10,1,1,81920,0.040573,1,"chunk_size_1"
"CPU_Elastic","COMPUTE","node_435","ADD","",-1,22,-1,2048,10,1,1,81920,0.047291,1,"chunk_size_1"
"CPU_Elastic","COMPUTE","node_436","ADD","",-1,23,-1,2048,10,1,1,81920,0.050156,1,"chunk_size_1"
"CPU_Elastic","COMPUTE","node_437","ADD","",-1,24,-1,2048,10,1,1,81920,0.044687,1,"chunk_size_1"
"CPU_Elastic","COMPUTE","node_438","ADD","",-1,25,-1,2048,10,1,1,81920,0.043646,1,"chunk_size_1"
"CPU_Elastic","COMPUTE","node_439","ADD","",-1,26,-1,2048,10,1,1,81920,0.044375,1,"chunk_size_1"
"CPU_Elastic","COMPUTE","ffn_moe_out-6","ADD","",-1,27,-1,2048,10,1,1,81920,0.050260,1,"chunk_size_1"
"CPU_Elastic","COMPUTE","l_out-6","ADD","",-1,28,-1,2048,10,1,1,81920,0.030781,1,"chunk_size_1"
"CPU_Elastic","COMPUTE_GRAPH","ggml_cgraph","GRAPH","",-1,29,-1,0,0,0,0,0,18.932966,1,"delegate_cpu_graph"
"CPU_Elastic","COMPUTE","attn_norm-7","MUL","",-1,0,-1,2048,10,1,1,81920,0.050781,1,"chunk_size_1"
"CPU_Elastic","COMPUTE","Qcur-7","MUL_MAT","",-1,1,-1,2048,10,1,1,81920,2.033125,1,"chunk_size_1"
"CPU_Elastic","COMPUTE_GRAPH","ggml_cgraph","GRAPH","",-1,2,-1,0,0,0,0,0,2.083906,1,"delegate_cpu_graph"
"CPU_Elastic","COMPUTE","Qcur_normed-7","MUL","",-1,0,-1,2048,10,1,1,81920,0.051458,1,"chunk_size_1"
"CPU_Elastic","COMPUTE","Qcur_normed-7 (reshaped)","RESHAPE","",-1,1,-1,128,16,10,1,81920,0.000521,1,"chunk_size_1"
"CPU_Elastic","COMPUTE","Qcur-7","ROPE","",-1,2,-1,128,16,10,1,81920,0.038802,1,"chunk_size_1"
"CPU_Elastic","COMPUTE","Kcur-7","MUL_MAT","",-1,3,-1,2048,10,1,1,81920,1.097552,1,"chunk_size_1"
"CPU_Elastic","COMPUTE_GRAPH","ggml_cgraph","GRAPH","",-1,4,-1,0,0,0,0,0,1.188333,1,"delegate_cpu_graph"
"CPU_Elastic","COMPUTE","Kcur_normed-7","MUL","",-1,0,-1,2048,10,1,1,81920,0.046667,1,"chunk_size_1"
"CPU_Elastic","COMPUTE","Kcur_normed-7 (reshaped)","RESHAPE","",-1,1,-1,128,16,10,1,81920,0.000521,1,"chunk_size_1"
"CPU_Elastic","COMPUTE","Kcur-7","ROPE","",-1,2,-1,128,16,10,1,81920,0.039948,1,"chunk_size_1"
"CPU_Elastic","COMPUTE","Vcur-7","MUL_MAT","",-1,3,-1,2048,10,1,1,81920,2.668802,1,"chunk_size_1"
"CPU_Elastic","COMPUTE","Vcur-7","RESHAPE","",-1,4,-1,128,16,10,1,81920,0.000521,1,"chunk_size_1"
"CPU_Elastic","COMPUTE","Kcur-7 (view)","VIEW","",-1,5,-1,2048,10,1,1,81920,0.000417,1,"chunk_size_1"
"CPU_Elastic","COMPUTE","cache_k_l7 (view)","SET_ROWS","",-1,6,-1,2048,512,1,1,2097152,0.010572,1,"chunk_size_1"
"CPU_Elastic","COMPUTE","Vcur-7 (view)","VIEW","",-1,7,-1,2048,10,1,1,81920,0.000782,1,"chunk_size_1"
"CPU_Elastic","COMPUTE","cache_v_l7 (view)","SET_ROWS","",-1,8,-1,2048,512,1,1,2097152,0.010261,1,"chunk_size_1"
"CPU_Elastic","COMPUTE","cache_v_l7 (view)","VIEW","",-1,9,-1,128,16,256,1,1048576,0.000469,1,"chunk_size_1"
"CPU_Elastic","COMPUTE","cache_v_l7 (view) (permuted)","PERMUTE","",-1,10,-1,128,256,16,1,1048576,0.000469,1,"chunk_size_1"
"CPU_Elastic","COMPUTE","cache_v_l7 (view) (permuted) (transposed)","TRANSPOSE","",-1,11,-1,256,128,16,1,1048576,0.000573,1,"chunk_size_1"
"CPU_Elastic","COMPUTE","v_cont-7","CONT","",-1,12,-1,256,128,16,1,1048576,0.850886,1,"chunk_size_1"
"CPU_Elastic","COMPUTE","cache_k_l7 (view)","VIEW","",-1,13,-1,128,16,256,1,1048576,0.000469,1,"chunk_size_1"
"CPU_Elastic","COMPUTE","cache_k_l7 (view) (permuted)","PERMUTE","",-1,14,-1,128,256,16,1,1048576,0.000416,1,"chunk_size_1"
"CPU_Elastic","COMPUTE","Qcur-7 (view)","VIEW","",-1,15,-1,128,16,10,1,81920,0.000469,1,"chunk_size_1"
"CPU_Elastic","COMPUTE","Qcur-7 (view) (permuted)","PERMUTE","",-1,16,-1,128,10,16,1,81920,0.000469,1,"chunk_size_1"
"CPU_Elastic","COMPUTE","kq-7","MUL_MAT","",-1,17,-1,256,10,16,1,163840,0.596510,1,"chunk_size_1"
"CPU_Elastic","COMPUTE","kq_soft_max-7","SOFT_MAX","",-1,18,-1,256,10,16,1,163840,0.097448,1,"chunk_size_1"
"CPU_Elastic","COMPUTE","kqv-7","MUL_MAT","",-1,19,-1,128,10,16,1,81920,0.421041,1,"chunk_size_1"
"CPU_Elastic","COMPUTE","kqv-7 (permuted)","PERMUTE","",-1,20,-1,128,16,10,1,81920,0.000521,1,"chunk_size_1"
"CPU_Elastic","COMPUTE","kqv_out-7","CONT","",-1,21,-1,2048,10,1,1,81920,0.029167,1,"chunk_size_1"
"CPU_Elastic","COMPUTE","node_473","MUL_MAT","",-1,22,-1,2048,10,1,1,81920,2.045417,1,"chunk_size_1"
"CPU_Elastic","COMPUTE","ffn_inp-7","ADD","",-1,23,-1,2048,10,1,1,81920,0.031042,1,"chunk_size_1"
"CPU_Elastic","COMPUTE_GRAPH","ggml_cgraph","GRAPH","",-1,24,-1,0,0,0,0,0,6.853857,1,"delegate_cpu_graph"
"CPU_Elastic","COMPUTE","ffn_norm-7","MUL","",-1,0,-1,2048,10,1,1,81920,0.049792,1,"chunk_size_1"
"CPU_Elastic","COMPUTE","ffn_moe_logits-7","MUL_MAT","",-1,1,-1,64,10,1,1,2560,0.092969,1,"chunk_size_1"
"CPU_Elastic","COMPUTE","ffn_moe_probs-7","SOFT_MAX","",-1,2,-1,64,10,1,1,2560,0.037916,1,"chunk_size_1"
"CPU_Elastic","COMPUTE","ffn_moe_probs-7 (reshaped)","RESHAPE","",-1,3,-1,1,64,10,1,2560,0.000521,1,"chunk_size_1"
"CPU_Elastic","COMPUTE","ffn_moe_argsort-7","ARGSORT","",-1,4,-1,64,10,1,1,2560,0.050000,1,"chunk_size_1"
"CPU_Elastic","COMPUTE","ffn_moe_topk-7","VIEW","",-1,5,-1,8,10,1,1,2336,0.000521,1,"chunk_size_1"
"CPU_Elastic","COMPUTE","ffn_moe_weights-7","GET_ROWS","",-1,6,-1,1,8,10,1,320,0.000938,1,"chunk_size_1"
"CPU_Elastic","COMPUTE","ffn_norm-7 (reshaped)","RESHAPE","",-1,7,-1,2048,1,10,1,81920,0.000469,1,"chunk_size_1"
"CPU_Elastic","COMPUTE","ffn_moe_gate-7","MUL_MAT_ID","",-1,8,-1,1024,8,10,1,327680,6.386302,1,"chunk_size_1"
"CPU_Elastic","COMPUTE","ffn_moe_up-7","MUL_MAT_ID","",-1,9,-1,1024,8,10,1,327680,6.733542,1,"chunk_size_1"
"CPU_Elastic","COMPUTE","ffn_moe_weighted-7","GLU","",-1,10,-1,1024,8,10,1,327680,0.096406,1,"chunk_size_1"
"CPU_Elastic","COMPUTE","ffn_moe_down-7","MUL_MAT_ID","",-1,11,-1,2048,8,10,1,655360,8.135417,1,"chunk_size_1"
"CPU_Elastic","COMPUTE","node_488","MUL","",-1,12,-1,2048,8,10,1,655360,0.216614,1,"chunk_size_1"
"CPU_Elastic","COMPUTE"," (view)","VIEW","",-1,13,-1,2048,10,1,1,598016,0.000781,1,"chunk_size_1"
"CPU_Elastic","COMPUTE","node_488 (view)","VIEW","",-1,14,-1,2048,10,1,1,598016,0.000468,1,"chunk_size_1"
"CPU_Elastic","COMPUTE","node_488 (view)","VIEW","",-1,15,-1,2048,10,1,1,598016,0.000417,1,"chunk_size_1"
"CPU_Elastic","COMPUTE","node_488 (view)","VIEW","",-1,16,-1,2048,10,1,1,598016,0.000573,1,"chunk_size_1"
"CPU_Elastic","COMPUTE","node_488 (view)","VIEW","",-1,17,-1,2048,10,1,1,598016,0.000417,1,"chunk_size_1"
"CPU_Elastic","COMPUTE","node_488 (view)","VIEW","",-1,18,-1,2048,10,1,1,598016,0.000417,1,"chunk_size_1"
"CPU_Elastic","COMPUTE","node_488 (view)","VIEW","",-1,19,-1,2048,10,1,1,598016,0.000417,1,"chunk_size_1"
"CPU_Elastic","COMPUTE","node_488 (view)","VIEW","",-1,20,-1,2048,10,1,1,598016,0.000520,1,"chunk_size_1"
"CPU_Elastic","COMPUTE","node_497","ADD","",-1,21,-1,2048,10,1,1,81920,0.043594,1,"chunk_size_1"
"CPU_Elastic","COMPUTE","node_498","ADD","",-1,22,-1,2048,10,1,1,81920,0.045052,1,"chunk_size_1"
"CPU_Elastic","COMPUTE","node_499","ADD","",-1,23,-1,2048,10,1,1,81920,0.050989,1,"chunk_size_1"
"CPU_Elastic","COMPUTE","node_500","ADD","",-1,24,-1,2048,10,1,1,81920,0.046667,1,"chunk_size_1"
"CPU_Elastic","COMPUTE","node_501","ADD","",-1,25,-1,2048,10,1,1,81920,0.050365,1,"chunk_size_1"
"CPU_Elastic","COMPUTE","node_502","ADD","",-1,26,-1,2048,10,1,1,81920,0.046041,1,"chunk_size_1"
"CPU_Elastic","COMPUTE","ffn_moe_out-7","ADD","",-1,27,-1,2048,10,1,1,81920,0.047864,1,"chunk_size_1"
"CPU_Elastic","COMPUTE","l_out-7","ADD","",-1,28,-1,2048,10,1,1,81920,0.033178,1,"chunk_size_1"
"CPU_Elastic","COMPUTE_GRAPH","ggml_cgraph","GRAPH","",-1,29,-1,0,0,0,0,0,22.169167,1,"delegate_cpu_graph"
"CPU_Elastic","COMPUTE","attn_norm-8","MUL","",-1,0,-1,2048,10,1,1,81920,0.052084,1,"chunk_size_1"
"CPU_Elastic","COMPUTE","Qcur-8","MUL_MAT","",-1,1,-1,2048,10,1,1,81920,1.103438,1,"chunk_size_1"
"CPU_Elastic","COMPUTE_GRAPH","ggml_cgraph","GRAPH","",-1,2,-1,0,0,0,0,0,1.155522,1,"delegate_cpu_graph"
"CPU_Elastic","COMPUTE","Qcur_normed-8","MUL","",-1,0,-1,2048,10,1,1,81920,0.051875,1,"chunk_size_1"
"CPU_Elastic","COMPUTE","Qcur_normed-8 (reshaped)","RESHAPE","",-1,1,-1,128,16,10,1,81920,0.000573,1,"chunk_size_1"
"CPU_Elastic","COMPUTE","Qcur-8","ROPE","",-1,2,-1,128,16,10,1,81920,0.039792,1,"chunk_size_1"
"CPU_Elastic","COMPUTE","Kcur-8","MUL_MAT","",-1,3,-1,2048,10,1,1,81920,1.964063,1,"chunk_size_1"
"CPU_Elastic","COMPUTE_GRAPH","ggml_cgraph","GRAPH","",-1,4,-1,0,0,0,0,0,2.056303,1,"delegate_cpu_graph"
"CPU_Elastic","COMPUTE","Kcur_normed-8","MUL","",-1,0,-1,2048,10,1,1,81920,0.047813,1,"chunk_size_1"
"CPU_Elastic","COMPUTE","Kcur_normed-8 (reshaped)","RESHAPE","",-1,1,-1,128,16,10,1,81920,0.000573,1,"chunk_size_1"
"CPU_Elastic","COMPUTE","Kcur-8","ROPE","",-1,2,-1,128,16,10,1,81920,0.039583,1,"chunk_size_1"
"CPU_Elastic","COMPUTE","Vcur-8","MUL_MAT","",-1,3,-1,2048,10,1,1,81920,1.854896,1,"chunk_size_1"
"CPU_Elastic","COMPUTE","Vcur-8","RESHAPE","",-1,4,-1,128,16,10,1,81920,0.000729,1,"chunk_size_1"
"CPU_Elastic","COMPUTE","Kcur-8 (view)","VIEW","",-1,5,-1,2048,10,1,1,81920,0.000417,1,"chunk_size_1"
"CPU_Elastic","COMPUTE","cache_k_l8 (view)","SET_ROWS","",-1,6,-1,2048,512,1,1,2097152,0.010730,1,"chunk_size_1"
"CPU_Elastic","COMPUTE","Vcur-8 (view)","VIEW","",-1,7,-1,2048,10,1,1,81920,0.000416,1,"chunk_size_1"
"CPU_Elastic","COMPUTE","cache_v_l8 (view)","SET_ROWS","",-1,8,-1,2048,512,1,1,2097152,0.010208,1,"chunk_size_1"
"CPU_Elastic","COMPUTE","cache_v_l8 (view)","VIEW","",-1,9,-1,128,16,256,1,1048576,0.000417,1,"chunk_size_1"
"CPU_Elastic","COMPUTE","cache_v_l8 (view) (permuted)","PERMUTE","",-1,10,-1,128,256,16,1,1048576,0.000625,1,"chunk_size_1"
"CPU_Elastic","COMPUTE","cache_v_l8 (view) (permuted) (transposed)","TRANSPOSE","",-1,11,-1,256,128,16,1,1048576,0.000417,1,"chunk_size_1"
"CPU_Elastic","COMPUTE","v_cont-8","CONT","",-1,12,-1,256,128,16,1,1048576,0.932917,1,"chunk_size_1"
"CPU_Elastic","COMPUTE","cache_k_l8 (view)","VIEW","",-1,13,-1,128,16,256,1,1048576,0.000521,1,"chunk_size_1"
"CPU_Elastic","COMPUTE","cache_k_l8 (view) (permuted)","PERMUTE","",-1,14,-1,128,256,16,1,1048576,0.000469,1,"chunk_size_1"
"CPU_Elastic","COMPUTE","Qcur-8 (view)","VIEW","",-1,15,-1,128,16,10,1,81920,0.000417,1,"chunk_size_1"
"CPU_Elastic","COMPUTE","Qcur-8 (view) (permuted)","PERMUTE","",-1,16,-1,128,10,16,1,81920,0.000521,1,"chunk_size_1"
"CPU_Elastic","COMPUTE","kq-8","MUL_MAT","",-1,17,-1,256,10,16,1,163840,0.583593,1,"chunk_size_1"
"CPU_Elastic","COMPUTE","kq_soft_max-8","SOFT_MAX","",-1,18,-1,256,10,16,1,163840,0.088125,1,"chunk_size_1"
"CPU_Elastic","COMPUTE","kqv-8","MUL_MAT","",-1,19,-1,128,10,16,1,81920,0.419219,1,"chunk_size_1"
"CPU_Elastic","COMPUTE","kqv-8 (permuted)","PERMUTE","",-1,20,-1,128,16,10,1,81920,0.000625,1,"chunk_size_1"
"CPU_Elastic","COMPUTE","kqv_out-8","CONT","",-1,21,-1,2048,10,1,1,81920,0.032292,1,"chunk_size_1"
"CPU_Elastic","COMPUTE","node_536","MUL_MAT","",-1,22,-1,2048,10,1,1,81920,1.569843,1,"chunk_size_1"
"CPU_Elastic","COMPUTE","ffn_inp-8","ADD","",-1,23,-1,2048,10,1,1,81920,0.032604,1,"chunk_size_1"
"CPU_Elastic","COMPUTE_GRAPH","ggml_cgraph","GRAPH","",-1,24,-1,0,0,0,0,0,5.627970,1,"delegate_cpu_graph"
"CPU_Elastic","COMPUTE","ffn_norm-8","MUL","",-1,0,-1,2048,10,1,1,81920,0.033021,1,"chunk_size_1"
"CPU_Elastic","COMPUTE","ffn_moe_logits-8","MUL_MAT","",-1,1,-1,64,10,1,1,2560,0.075677,1,"chunk_size_1"
"CPU_Elastic","COMPUTE","ffn_moe_probs-8","SOFT_MAX","",-1,2,-1,64,10,1,1,2560,0.026562,1,"chunk_size_1"
"CPU_Elastic","COMPUTE","ffn_moe_probs-8 (reshaped)","RESHAPE","",-1,3,-1,1,64,10,1,2560,0.000520,1,"chunk_size_1"
"CPU_Elastic","COMPUTE","ffn_moe_argsort-8","ARGSORT","",-1,4,-1,64,10,1,1,2560,0.046615,1,"chunk_size_1"
"CPU_Elastic","COMPUTE","ffn_moe_topk-8","VIEW","",-1,5,-1,8,10,1,1,2336,0.000625,1,"chunk_size_1"
"CPU_Elastic","COMPUTE","ffn_moe_weights-8","GET_ROWS","",-1,6,-1,1,8,10,1,320,0.001459,1,"chunk_size_1"
"CPU_Elastic","COMPUTE","ffn_norm-8 (reshaped)","RESHAPE","",-1,7,-1,2048,1,10,1,81920,0.000365,1,"chunk_size_1"
"CPU_Elastic","COMPUTE","ffn_moe_gate-8","MUL_MAT_ID","",-1,8,-1,1024,8,10,1,327680,4.434844,1,"chunk_size_1"
"CPU_Elastic","COMPUTE","ffn_moe_up-8","MUL_MAT_ID","",-1,9,-1,1024,8,10,1,327680,8.098802,1,"chunk_size_1"
"CPU_Elastic","COMPUTE","ffn_moe_weighted-8","GLU","",-1,10,-1,1024,8,10,1,327680,0.075208,1,"chunk_size_1"
"CPU_Elastic","COMPUTE","ffn_moe_down-8","MUL_MAT_ID","",-1,11,-1,2048,8,10,1,655360,5.999687,1,"chunk_size_1"
"CPU_Elastic","COMPUTE","node_551","MUL","",-1,12,-1,2048,8,10,1,655360,0.196250,1,"chunk_size_1"
"CPU_Elastic","COMPUTE"," (view)","VIEW","",-1,13,-1,2048,10,1,1,598016,0.001041,1,"chunk_size_1"
"CPU_Elastic","COMPUTE","node_551 (view)","VIEW","",-1,14,-1,2048,10,1,1,598016,0.000521,1,"chunk_size_1"
"CPU_Elastic","COMPUTE","node_551 (view)","VIEW","",-1,15,-1,2048,10,1,1,598016,0.000417,1,"chunk_size_1"
"CPU_Elastic","COMPUTE","node_551 (view)","VIEW","",-1,16,-1,2048,10,1,1,598016,0.000416,1,"chunk_size_1"
"CPU_Elastic","COMPUTE","node_551 (view)","VIEW","",-1,17,-1,2048,10,1,1,598016,0.000573,1,"chunk_size_1"
"CPU_Elastic","COMPUTE","node_551 (view)","VIEW","",-1,18,-1,2048,10,1,1,598016,0.000417,1,"chunk_size_1"
"CPU_Elastic","COMPUTE","node_551 (view)","VIEW","",-1,19,-1,2048,10,1,1,598016,0.000469,1,"chunk_size_1"
"CPU_Elastic","COMPUTE","node_551 (view)","VIEW","",-1,20,-1,2048,10,1,1,598016,0.000417,1,"chunk_size_1"
"CPU_Elastic","COMPUTE","node_560","ADD","",-1,21,-1,2048,10,1,1,81920,0.028281,1,"chunk_size_1"
"CPU_Elastic","COMPUTE","node_561","ADD","",-1,22,-1,2048,10,1,1,81920,0.030573,1,"chunk_size_1"
"CPU_Elastic","COMPUTE","node_562","ADD","",-1,23,-1,2048,10,1,1,81920,0.035365,1,"chunk_size_1"
"CPU_Elastic","COMPUTE","node_563","ADD","",-1,24,-1,2048,10,1,1,81920,0.032813,1,"chunk_size_1"
"CPU_Elastic","COMPUTE","node_564","ADD","",-1,25,-1,2048,10,1,1,81920,0.035000,1,"chunk_size_1"
"CPU_Elastic","COMPUTE","node_565","ADD","",-1,26,-1,2048,10,1,1,81920,0.035521,1,"chunk_size_1"
"CPU_Elastic","COMPUTE","ffn_moe_out-8","ADD","",-1,27,-1,2048,10,1,1,81920,0.034323,1,"chunk_size_1"
"CPU_Elastic","COMPUTE","l_out-8","ADD","",-1,28,-1,2048,10,1,1,81920,0.030208,1,"chunk_size_1"
"CPU_Elastic","COMPUTE_GRAPH","ggml_cgraph","GRAPH","",-1,29,-1,0,0,0,0,0,19.255990,1,"delegate_cpu_graph"
"CPU_Elastic","COMPUTE","attn_norm-9","MUL","",-1,0,-1,2048,10,1,1,81920,0.033541,1,"chunk_size_1"
"CPU_Elastic","COMPUTE","Qcur-9","MUL_MAT","",-1,1,-1,2048,10,1,1,81920,2.020521,1,"chunk_size_1"
"CPU_Elastic","COMPUTE_GRAPH","ggml_cgraph","GRAPH","",-1,2,-1,0,0,0,0,0,2.054062,1,"delegate_cpu_graph"
"CPU_Elastic","COMPUTE","Qcur_normed-9","MUL","",-1,0,-1,2048,10,1,1,81920,0.033698,1,"chunk_size_1"
"CPU_Elastic","COMPUTE","Qcur_normed-9 (reshaped)","RESHAPE","",-1,1,-1,128,16,10,1,81920,0.000521,1,"chunk_size_1"
"CPU_Elastic","COMPUTE","Qcur-9","ROPE","",-1,2,-1,128,16,10,1,81920,0.041875,1,"chunk_size_1"
"CPU_Elastic","COMPUTE","Kcur-9","MUL_MAT","",-1,3,-1,2048,10,1,1,81920,1.977343,1,"chunk_size_1"
"CPU_Elastic","COMPUTE_GRAPH","ggml_cgraph","GRAPH","",-1,4,-1,0,0,0,0,0,2.053437,1,"delegate_cpu_graph"
"CPU_Elastic","COMPUTE","Kcur_normed-9","MUL","",-1,0,-1,2048,10,1,1,81920,0.035990,1,"chunk_size_1"
"CPU_Elastic","COMPUTE","Kcur_normed-9 (reshaped)","RESHAPE","",-1,1,-1,128,16,10,1,81920,0.000677,1,"chunk_size_1"
"CPU_Elastic","COMPUTE","Kcur-9","ROPE","",-1,2,-1,128,16,10,1,81920,0.040261,1,"chunk_size_1"
"CPU_Elastic","COMPUTE","Vcur-9","MUL_MAT","",-1,3,-1,2048,10,1,1,81920,2.037657,1,"chunk_size_1"
"CPU_Elastic","COMPUTE","Vcur-9","RESHAPE","",-1,4,-1,128,16,10,1,81920,0.000521,1,"chunk_size_1"
"CPU_Elastic","COMPUTE","Kcur-9 (view)","VIEW","",-1,5,-1,2048,10,1,1,81920,0.000573,1,"chunk_size_1"
"CPU_Elastic","COMPUTE","cache_k_l9 (view)","SET_ROWS","",-1,6,-1,2048,512,1,1,2097152,0.010417,1,"chunk_size_1"
"CPU_Elastic","COMPUTE","Vcur-9 (view)","VIEW","",-1,7,-1,2048,10,1,1,81920,0.000468,1,"chunk_size_1"
"CPU_Elastic","COMPUTE","cache_v_l9 (view)","SET_ROWS","",-1,8,-1,2048,512,1,1,2097152,0.010208,1,"chunk_size_1"
"CPU_Elastic","COMPUTE","cache_v_l9 (view)","VIEW","",-1,9,-1,128,16,256,1,1048576,0.000520,1,"chunk_size_1"
"CPU_Elastic","COMPUTE","cache_v_l9 (view) (permuted)","PERMUTE","",-1,10,-1,128,256,16,1,1048576,0.000469,1,"chunk_size_1"
"CPU_Elastic","COMPUTE","cache_v_l9 (view) (permuted) (transposed)","TRANSPOSE","",-1,11,-1,256,128,16,1,1048576,0.000521,1,"chunk_size_1"
"CPU_Elastic","COMPUTE","v_cont-9","CONT","",-1,12,-1,256,128,16,1,1048576,0.931354,1,"chunk_size_1"
"CPU_Elastic","COMPUTE","cache_k_l9 (view)","VIEW","",-1,13,-1,128,16,256,1,1048576,0.000678,1,"chunk_size_1"
"CPU_Elastic","COMPUTE","cache_k_l9 (view) (permuted)","PERMUTE","",-1,14,-1,128,256,16,1,1048576,0.000468,1,"chunk_size_1"
"CPU_Elastic","COMPUTE","Qcur-9 (view)","VIEW","",-1,15,-1,128,16,10,1,81920,0.000365,1,"chunk_size_1"
"CPU_Elastic","COMPUTE","Qcur-9 (view) (permuted)","PERMUTE","",-1,16,-1,128,10,16,1,81920,0.000416,1,"chunk_size_1"
"CPU_Elastic","COMPUTE","kq-9","MUL_MAT","",-1,17,-1,256,10,16,1,163840,0.581562,1,"chunk_size_1"
"CPU_Elastic","COMPUTE","kq_soft_max-9","SOFT_MAX","",-1,18,-1,256,10,16,1,163840,0.086250,1,"chunk_size_1"
"CPU_Elastic","COMPUTE","kqv-9","MUL_MAT","",-1,19,-1,128,10,16,1,81920,0.418334,1,"chunk_size_1"
"CPU_Elastic","COMPUTE","kqv-9 (permuted)","PERMUTE","",-1,20,-1,128,16,10,1,81920,0.000521,1,"chunk_size_1"
"CPU_Elastic","COMPUTE","kqv_out-9","CONT","",-1,21,-1,2048,10,1,1,81920,0.031719,1,"chunk_size_1"
"CPU_Elastic","COMPUTE","node_599","MUL_MAT","",-1,22,-1,2048,10,1,1,81920,2.040416,1,"chunk_size_1"
"CPU_Elastic","COMPUTE","ffn_inp-9","ADD","",-1,23,-1,2048,10,1,1,81920,0.030468,1,"chunk_size_1"
"CPU_Elastic","COMPUTE_GRAPH","ggml_cgraph","GRAPH","",-1,24,-1,0,0,0,0,0,6.260833,1,"delegate_cpu_graph"
"CPU_Elastic","COMPUTE","ffn_norm-9","MUL","",-1,0,-1,2048,10,1,1,81920,0.033281,1,"chunk_size_1"
"CPU_Elastic","COMPUTE","ffn_moe_logits-9","MUL_MAT","",-1,1,-1,64,10,1,1,2560,0.080417,1,"chunk_size_1"
"CPU_Elastic","COMPUTE","ffn_moe_probs-9","SOFT_MAX","",-1,2,-1,64,10,1,1,2560,0.028750,1,"chunk_size_1"
"CPU_Elastic","COMPUTE","ffn_moe_probs-9 (reshaped)","RESHAPE","",-1,3,-1,1,64,10,1,2560,0.000521,1,"chunk_size_1"
"CPU_Elastic","COMPUTE","ffn_moe_argsort-9","ARGSORT","",-1,4,-1,64,10,1,1,2560,0.045625,1,"chunk_size_1"
"CPU_Elastic","COMPUTE","ffn_moe_topk-9","VIEW","",-1,5,-1,8,10,1,1,2336,0.000416,1,"chunk_size_1"
"CPU_Elastic","COMPUTE","ffn_moe_weights-9","GET_ROWS","",-1,6,-1,1,8,10,1,320,0.001094,1,"chunk_size_1"
"CPU_Elastic","COMPUTE","ffn_norm-9 (reshaped)","RESHAPE","",-1,7,-1,2048,1,10,1,81920,0.000469,1,"chunk_size_1"
"CPU_Elastic","COMPUTE","ffn_moe_gate-9","MUL_MAT_ID","",-1,8,-1,1024,8,10,1,327680,5.016198,1,"chunk_size_1"
"CPU_Elastic","COMPUTE","ffn_moe_up-9","MUL_MAT_ID","",-1,9,-1,1024,8,10,1,327680,5.731250,1,"chunk_size_1"
"CPU_Elastic","COMPUTE","ffn_moe_weighted-9","GLU","",-1,10,-1,1024,8,10,1,327680,0.077292,1,"chunk_size_1"
"CPU_Elastic","COMPUTE","ffn_moe_down-9","MUL_MAT_ID","",-1,11,-1,2048,8,10,1,655360,7.025208,1,"chunk_size_1"
"CPU_Elastic","COMPUTE","node_614","MUL","",-1,12,-1,2048,8,10,1,655360,0.217031,1,"chunk_size_1"
"CPU_Elastic","COMPUTE"," (view)","VIEW","",-1,13,-1,2048,10,1,1,598016,0.000781,1,"chunk_size_1"
"CPU_Elastic","COMPUTE","node_614 (view)","VIEW","",-1,14,-1,2048,10,1,1,598016,0.000573,1,"chunk_size_1"
"CPU_Elastic","COMPUTE","node_614 (view)","VIEW","",-1,15,-1,2048,10,1,1,598016,0.000417,1,"chunk_size_1"
"CPU_Elastic","COMPUTE","node_614 (view)","VIEW","",-1,16,-1,2048,10,1,1,598016,0.000469,1,"chunk_size_1"
"CPU_Elastic","COMPUTE","node_614 (view)","VIEW","",-1,17,-1,2048,10,1,1,598016,0.000468,1,"chunk_size_1"
"CPU_Elastic","COMPUTE","node_614 (view)","VIEW","",-1,18,-1,2048,10,1,1,598016,0.000521,1,"chunk_size_1"
"CPU_Elastic","COMPUTE","node_614 (view)","VIEW","",-1,19,-1,2048,10,1,1,598016,0.000417,1,"chunk_size_1"
"CPU_Elastic","COMPUTE","node_614 (view)","VIEW","",-1,20,-1,2048,10,1,1,598016,0.000417,1,"chunk_size_1"
"CPU_Elastic","COMPUTE","node_623","ADD","",-1,21,-1,2048,10,1,1,81920,0.030365,1,"chunk_size_1"
"CPU_Elastic","COMPUTE","node_624","ADD","",-1,22,-1,2048,10,1,1,81920,0.032812,1,"chunk_size_1"
"CPU_Elastic","COMPUTE","node_625","ADD","",-1,23,-1,2048,10,1,1,81920,0.033594,1,"chunk_size_1"
"CPU_Elastic","COMPUTE","node_626","ADD","",-1,24,-1,2048,10,1,1,81920,0.034167,1,"chunk_size_1"
"CPU_Elastic","COMPUTE","node_627","ADD","",-1,25,-1,2048,10,1,1,81920,0.034427,1,"chunk_size_1"
"CPU_Elastic","COMPUTE","node_628","ADD","",-1,26,-1,2048,10,1,1,81920,0.031562,1,"chunk_size_1"
"CPU_Elastic","COMPUTE","ffn_moe_out-9","ADD","",-1,27,-1,2048,10,1,1,81920,0.034636,1,"chunk_size_1"
"CPU_Elastic","COMPUTE","l_out-9","ADD","",-1,28,-1,2048,10,1,1,81920,0.029218,1,"chunk_size_1"
"CPU_Elastic","COMPUTE_GRAPH","ggml_cgraph","GRAPH","",-1,29,-1,0,0,0,0,0,18.522396,1,"delegate_cpu_graph"
"CPU_Elastic","COMPUTE","attn_norm-10","MUL","",-1,0,-1,2048,10,1,1,81920,0.033178,1,"chunk_size_1"
"CPU_Elastic","COMPUTE","Qcur-10","MUL_MAT","",-1,1,-1,2048,10,1,1,81920,2.019740,1,"chunk_size_1"
"CPU_Elastic","COMPUTE_GRAPH","ggml_cgraph","GRAPH","",-1,2,-1,0,0,0,0,0,2.052918,1,"delegate_cpu_graph"
"CPU_Elastic","COMPUTE","Qcur_normed-10","MUL","",-1,0,-1,2048,10,1,1,81920,0.033594,1,"chunk_size_1"
"CPU_Elastic","COMPUTE","Qcur_normed-10 (reshaped)","RESHAPE","",-1,1,-1,128,16,10,1,81920,0.000729,1,"chunk_size_1"
"CPU_Elastic","COMPUTE","Qcur-10","ROPE","",-1,2,-1,128,16,10,1,81920,0.040677,1,"chunk_size_1"
"CPU_Elastic","COMPUTE","Kcur-10","MUL_MAT","",-1,3,-1,2048,10,1,1,81920,1.979166,1,"chunk_size_1"
"CPU_Elastic","COMPUTE_GRAPH","ggml_cgraph","GRAPH","",-1,4,-1,0,0,0,0,0,2.054166,1,"delegate_cpu_graph"
"CPU_Elastic","COMPUTE","Kcur_normed-10","MUL","",-1,0,-1,2048,10,1,1,81920,0.033334,1,"chunk_size_1"
"CPU_Elastic","COMPUTE","Kcur_normed-10 (reshaped)","RESHAPE","",-1,1,-1,128,16,10,1,81920,0.000469,1,"chunk_size_1"
"CPU_Elastic","COMPUTE","Kcur-10","ROPE","",-1,2,-1,128,16,10,1,81920,0.043437,1,"chunk_size_1"
"CPU_Elastic","COMPUTE","Vcur-10","MUL_MAT","",-1,3,-1,2048,10,1,1,81920,2.658646,1,"chunk_size_1"
"CPU_Elastic","COMPUTE","Vcur-10","RESHAPE","",-1,4,-1,128,16,10,1,81920,0.000521,1,"chunk_size_1"
"CPU_Elastic","COMPUTE","Kcur-10 (view)","VIEW","",-1,5,-1,2048,10,1,1,81920,0.000468,1,"chunk_size_1"
"CPU_Elastic","COMPUTE","cache_k_l10 (view)","SET_ROWS","",-1,6,-1,2048,512,1,1,2097152,0.010521,1,"chunk_size_1"
"CPU_Elastic","COMPUTE","Vcur-10 (view)","VIEW","",-1,7,-1,2048,10,1,1,81920,0.000469,1,"chunk_size_1"
"CPU_Elastic","COMPUTE","cache_v_l10 (view)","SET_ROWS","",-1,8,-1,2048,512,1,1,2097152,0.010104,1,"chunk_size_1"
"CPU_Elastic","COMPUTE","cache_v_l10 (view)","VIEW","",-1,9,-1,128,16,256,1,1048576,0.000416,1,"chunk_size_1"
"CPU_Elastic","COMPUTE","cache_v_l10 (view) (permuted)","PERMUTE","",-1,10,-1,128,256,16,1,1048576,0.000625,1,"chunk_size_1"
"CPU_Elastic","COMPUTE","cache_v_l10 (view) (permuted) (transposed)","TRANSPOSE","",-1,11,-1,256,128,16,1,1048576,0.000468,1,"chunk_size_1"
"CPU_Elastic","COMPUTE","v_cont-10","CONT","",-1,12,-1,256,128,16,1,1048576,0.894062,1,"chunk_size_1"
"CPU_Elastic","COMPUTE","cache_k_l10 (view)","VIEW","",-1,13,-1,128,16,256,1,1048576,0.000469,1,"chunk_size_1"
"CPU_Elastic","COMPUTE","cache_k_l10 (view) (permuted)","PERMUTE","",-1,14,-1,128,256,16,1,1048576,0.000573,1,"chunk_size_1"
"CPU_Elastic","COMPUTE","Qcur-10 (view)","VIEW","",-1,15,-1,128,16,10,1,81920,0.000416,1,"chunk_size_1"
"CPU_Elastic","COMPUTE","Qcur-10 (view) (permuted)","PERMUTE","",-1,16,-1,128,10,16,1,81920,0.000416,1,"chunk_size_1"
"CPU_Elastic","COMPUTE","kq-10","MUL_MAT","",-1,17,-1,256,10,16,1,163840,0.589271,1,"chunk_size_1"
"CPU_Elastic","COMPUTE","kq_soft_max-10","SOFT_MAX","",-1,18,-1,256,10,16,1,163840,0.086510,1,"chunk_size_1"
"CPU_Elastic","COMPUTE","kqv-10","MUL_MAT","",-1,19,-1,128,10,16,1,81920,0.426875,1,"chunk_size_1"
"CPU_Elastic","COMPUTE","kqv-10 (permuted)","PERMUTE","",-1,20,-1,128,16,10,1,81920,0.000469,1,"chunk_size_1"
"CPU_Elastic","COMPUTE","kqv_out-10","CONT","",-1,21,-1,2048,10,1,1,81920,0.031355,1,"chunk_size_1"
"CPU_Elastic","COMPUTE","node_662","MUL_MAT","",-1,22,-1,2048,10,1,1,81920,1.983021,1,"chunk_size_1"
"CPU_Elastic","COMPUTE","ffn_inp-10","ADD","",-1,23,-1,2048,10,1,1,81920,0.036927,1,"chunk_size_1"
"CPU_Elastic","COMPUTE_GRAPH","ggml_cgraph","GRAPH","",-1,24,-1,0,0,0,0,0,6.809842,1,"delegate_cpu_graph"
"CPU_Elastic","COMPUTE","ffn_norm-10","MUL","",-1,0,-1,2048,10,1,1,81920,0.031563,1,"chunk_size_1"
"CPU_Elastic","COMPUTE","ffn_moe_logits-10","MUL_MAT","",-1,1,-1,64,10,1,1,2560,0.077291,1,"chunk_size_1"
"CPU_Elastic","COMPUTE","ffn_moe_probs-10","SOFT_MAX","",-1,2,-1,64,10,1,1,2560,0.028490,1,"chunk_size_1"
"CPU_Elastic","COMPUTE","ffn_moe_probs-10 (reshaped)","RESHAPE","",-1,3,-1,1,64,10,1,2560,0.000677,1,"chunk_size_1"
"CPU_Elastic","COMPUTE","ffn_moe_argsort-10","ARGSORT","",-1,4,-1,64,10,1,1,2560,0.048125,1,"chunk_size_1"
"CPU_Elastic","COMPUTE","ffn_moe_topk-10","VIEW","",-1,5,-1,8,10,1,1,2336,0.000521,1,"chunk_size_1"
"CPU_Elastic","COMPUTE","ffn_moe_weights-10","GET_ROWS","",-1,6,-1,1,8,10,1,320,0.000885,1,"chunk_size_1"
"CPU_Elastic","COMPUTE","ffn_norm-10 (reshaped)","RESHAPE","",-1,7,-1,2048,1,10,1,81920,0.000521,1,"chunk_size_1"
"CPU_Elastic","COMPUTE","ffn_moe_gate-10","MUL_MAT_ID","",-1,8,-1,1024,8,10,1,327680,5.648958,1,"chunk_size_1"
"CPU_Elastic","COMPUTE","ffn_moe_up-10","MUL_MAT_ID","",-1,9,-1,1024,8,10,1,327680,6.236146,1,"chunk_size_1"
"CPU_Elastic","COMPUTE","ffn_moe_weighted-10","GLU","",-1,10,-1,1024,8,10,1,327680,0.078854,1,"chunk_size_1"
"CPU_Elastic","COMPUTE","ffn_moe_down-10","MUL_MAT_ID","",-1,11,-1,2048,8,10,1,655360,6.552709,1,"chunk_size_1"
"CPU_Elastic","COMPUTE","node_677","MUL","",-1,12,-1,2048,8,10,1,655360,0.215052,1,"chunk_size_1"
"CPU_Elastic","COMPUTE"," (view)","VIEW","",-1,13,-1,2048,10,1,1,598016,0.000677,1,"chunk_size_1"
"CPU_Elastic","COMPUTE","node_677 (view)","VIEW","",-1,14,-1,2048,10,1,1,598016,0.000417,1,"chunk_size_1"
"CPU_Elastic","COMPUTE","node_677 (view)","VIEW","",-1,15,-1,2048,10,1,1,598016,0.000677,1,"chunk_size_1"
"CPU_Elastic","COMPUTE","node_677 (view)","VIEW","",-1,16,-1,2048,10,1,1,598016,0.000469,1,"chunk_size_1"
"CPU_Elastic","COMPUTE","node_677 (view)","VIEW","",-1,17,-1,2048,10,1,1,598016,0.000469,1,"chunk_size_1"
"CPU_Elastic","COMPUTE","node_677 (view)","VIEW","",-1,18,-1,2048,10,1,1,598016,0.000469,1,"chunk_size_1"
"CPU_Elastic","COMPUTE","node_677 (view)","VIEW","",-1,19,-1,2048,10,1,1,598016,0.000521,1,"chunk_size_1"
"CPU_Elastic","COMPUTE","node_677 (view)","VIEW","",-1,20,-1,2048,10,1,1,598016,0.000417,1,"chunk_size_1"
"CPU_Elastic","COMPUTE","node_686","ADD","",-1,21,-1,2048,10,1,1,81920,0.030572,1,"chunk_size_1"
"CPU_Elastic","COMPUTE","node_687","ADD","",-1,22,-1,2048,10,1,1,81920,0.031354,1,"chunk_size_1"
"CPU_Elastic","COMPUTE","node_688","ADD","",-1,23,-1,2048,10,1,1,81920,0.033698,1,"chunk_size_1"
"CPU_Elastic","COMPUTE","node_689","ADD","",-1,24,-1,2048,10,1,1,81920,0.032396,1,"chunk_size_1"
"CPU_Elastic","COMPUTE","node_690","ADD","",-1,25,-1,2048,10,1,1,81920,0.033073,1,"chunk_size_1"
"CPU_Elastic","COMPUTE","node_691","ADD","",-1,26,-1,2048,10,1,1,81920,0.036145,1,"chunk_size_1"
"CPU_Elastic","COMPUTE","ffn_moe_out-10","ADD","",-1,27,-1,2048,10,1,1,81920,0.034531,1,"chunk_size_1"
"CPU_Elastic","COMPUTE","l_out-10","ADD","",-1,28,-1,2048,10,1,1,81920,0.030625,1,"chunk_size_1"
"CPU_Elastic","COMPUTE_GRAPH","ggml_cgraph","GRAPH","",-1,29,-1,0,0,0,0,0,19.186302,1,"delegate_cpu_graph"
"CPU_Elastic","COMPUTE","attn_norm-11","MUL","",-1,0,-1,2048,10,1,1,81920,0.033229,1,"chunk_size_1"
"CPU_Elastic","COMPUTE","Qcur-11","MUL_MAT","",-1,1,-1,2048,10,1,1,81920,1.963073,1,"chunk_size_1"
"CPU_Elastic","COMPUTE_GRAPH","ggml_cgraph","GRAPH","",-1,2,-1,0,0,0,0,0,1.996302,1,"delegate_cpu_graph"
"CPU_Elastic","COMPUTE","Qcur_normed-11","MUL","",-1,0,-1,2048,10,1,1,81920,0.035729,1,"chunk_size_1"
"CPU_Elastic","COMPUTE","Qcur_normed-11 (reshaped)","RESHAPE","",-1,1,-1,128,16,10,1,81920,0.000469,1,"chunk_size_1"
"CPU_Elastic","COMPUTE","Qcur-11","ROPE","",-1,2,-1,128,16,10,1,81920,0.042344,1,"chunk_size_1"
"CPU_Elastic","COMPUTE","Kcur-11","MUL_MAT","",-1,3,-1,2048,10,1,1,81920,1.615364,1,"chunk_size_1"
"CPU_Elastic","COMPUTE_GRAPH","ggml_cgraph","GRAPH","",-1,4,-1,0,0,0,0,0,1.693906,1,"delegate_cpu_graph"
"CPU_Elastic","COMPUTE","Kcur_normed-11","MUL","",-1,0,-1,2048,10,1,1,81920,0.034166,1,"chunk_size_1"
"CPU_Elastic","COMPUTE","Kcur_normed-11 (reshaped)","RESHAPE","",-1,1,-1,128,16,10,1,81920,0.000469,1,"chunk_size_1"
"CPU_Elastic","COMPUTE","Kcur-11","ROPE","",-1,2,-1,128,16,10,1,81920,0.039218,1,"chunk_size_1"
"CPU_Elastic","COMPUTE","Vcur-11","MUL_MAT","",-1,3,-1,2048,10,1,1,81920,1.967864,1,"chunk_size_1"
"CPU_Elastic","COMPUTE","Vcur-11","RESHAPE","",-1,4,-1,128,16,10,1,81920,0.000521,1,"chunk_size_1"
"CPU_Elastic","COMPUTE","Kcur-11 (view)","VIEW","",-1,5,-1,2048,10,1,1,81920,0.000469,1,"chunk_size_1"
"CPU_Elastic","COMPUTE","cache_k_l11 (view)","SET_ROWS","",-1,6,-1,2048,512,1,1,2097152,0.010677,1,"chunk_size_1"
"CPU_Elastic","COMPUTE","Vcur-11 (view)","VIEW","",-1,7,-1,2048,10,1,1,81920,0.000573,1,"chunk_size_1"
"CPU_Elastic","COMPUTE","cache_v_l11 (view)","SET_ROWS","",-1,8,-1,2048,512,1,1,2097152,0.010104,1,"chunk_size_1"
"CPU_Elastic","COMPUTE","cache_v_l11 (view)","VIEW","",-1,9,-1,128,16,256,1,1048576,0.000417,1,"chunk_size_1"
"CPU_Elastic","COMPUTE","cache_v_l11 (view) (permuted)","PERMUTE","",-1,10,-1,128,256,16,1,1048576,0.000365,1,"chunk_size_1"
"CPU_Elastic","COMPUTE","cache_v_l11 (view) (permuted) (transposed)","TRANSPOSE","",-1,11,-1,256,128,16,1,1048576,0.001197,1,"chunk_size_1"
"CPU_Elastic","COMPUTE","v_cont-11","CONT","",-1,12,-1,256,128,16,1,1048576,0.954532,1,"chunk_size_1"
"CPU_Elastic","COMPUTE","cache_k_l11 (view)","VIEW","",-1,13,-1,128,16,256,1,1048576,0.000469,1,"chunk_size_1"
"CPU_Elastic","COMPUTE","cache_k_l11 (view) (permuted)","PERMUTE","",-1,14,-1,128,256,16,1,1048576,0.000469,1,"chunk_size_1"
"CPU_Elastic","COMPUTE","Qcur-11 (view)","VIEW","",-1,15,-1,128,16,10,1,81920,0.000625,1,"chunk_size_1"
"CPU_Elastic","COMPUTE","Qcur-11 (view) (permuted)","PERMUTE","",-1,16,-1,128,10,16,1,81920,0.000469,1,"chunk_size_1"
"CPU_Elastic","COMPUTE","kq-11","MUL_MAT","",-1,17,-1,256,10,16,1,163840,0.579011,1,"chunk_size_1"
"CPU_Elastic","COMPUTE","kq_soft_max-11","SOFT_MAX","",-1,18,-1,256,10,16,1,163840,0.088021,1,"chunk_size_1"
"CPU_Elastic","COMPUTE","kqv-11","MUL_MAT","",-1,19,-1,128,10,16,1,81920,0.440104,1,"chunk_size_1"
"CPU_Elastic","COMPUTE","kqv-11 (permuted)","PERMUTE","",-1,20,-1,128,16,10,1,81920,0.000469,1,"chunk_size_1"
"CPU_Elastic","COMPUTE","kqv_out-11","CONT","",-1,21,-1,2048,10,1,1,81920,0.033230,1,"chunk_size_1"
"CPU_Elastic","COMPUTE","node_725","MUL_MAT","",-1,22,-1,2048,10,1,1,81920,1.970938,1,"chunk_size_1"
"CPU_Elastic","COMPUTE","ffn_inp-11","ADD","",-1,23,-1,2048,10,1,1,81920,0.030157,1,"chunk_size_1"
"CPU_Elastic","COMPUTE_GRAPH","ggml_cgraph","GRAPH","",-1,24,-1,0,0,0,0,0,6.164534,1,"delegate_cpu_graph"
"CPU_Elastic","COMPUTE","ffn_norm-11","MUL","",-1,0,-1,2048,10,1,1,81920,0.033438,1,"chunk_size_1"
"CPU_Elastic","COMPUTE","ffn_moe_logits-11","MUL_MAT","",-1,1,-1,64,10,1,1,2560,0.091042,1,"chunk_size_1"
"CPU_Elastic","COMPUTE","ffn_moe_probs-11","SOFT_MAX","",-1,2,-1,64,10,1,1,2560,0.029792,1,"chunk_size_1"
"CPU_Elastic","COMPUTE","ffn_moe_probs-11 (reshaped)","RESHAPE","",-1,3,-1,1,64,10,1,2560,0.000573,1,"chunk_size_1"
"CPU_Elastic","COMPUTE","ffn_moe_argsort-11","ARGSORT","",-1,4,-1,64,10,1,1,2560,0.045729,1,"chunk_size_1"
"CPU_Elastic","COMPUTE","ffn_moe_topk-11","VIEW","",-1,5,-1,8,10,1,1,2336,0.000520,1,"chunk_size_1"
"CPU_Elastic","COMPUTE","ffn_moe_weights-11","GET_ROWS","",-1,6,-1,1,8,10,1,320,0.000885,1,"chunk_size_1"
"CPU_Elastic","COMPUTE","ffn_norm-11 (reshaped)","RESHAPE","",-1,7,-1,2048,1,10,1,81920,0.000417,1,"chunk_size_1"
"CPU_Elastic","COMPUTE","ffn_moe_gate-11","MUL_MAT_ID","",-1,8,-1,1024,8,10,1,327680,7.365521,1,"chunk_size_1"
"CPU_Elastic","COMPUTE","ffn_moe_up-11","MUL_MAT_ID","",-1,9,-1,1024,8,10,1,327680,7.588646,1,"chunk_size_1"
"CPU_Elastic","COMPUTE","ffn_moe_weighted-11","GLU","",-1,10,-1,1024,8,10,1,327680,0.079271,1,"chunk_size_1"
"CPU_Elastic","COMPUTE","ffn_moe_down-11","MUL_MAT_ID","",-1,11,-1,2048,8,10,1,655360,7.770156,1,"chunk_size_1"
"CPU_Elastic","COMPUTE","node_740","MUL","",-1,12,-1,2048,8,10,1,655360,0.207969,1,"chunk_size_1"
"CPU_Elastic","COMPUTE"," (view)","VIEW","",-1,13,-1,2048,10,1,1,598016,0.000833,1,"chunk_size_1"
"CPU_Elastic","COMPUTE","node_740 (view)","VIEW","",-1,14,-1,2048,10,1,1,598016,0.000469,1,"chunk_size_1"
"CPU_Elastic","COMPUTE","node_740 (view)","VIEW","",-1,15,-1,2048,10,1,1,598016,0.000365,1,"chunk_size_1"
"CPU_Elastic","COMPUTE","node_740 (view)","VIEW","",-1,16,-1,2048,10,1,1,598016,0.000521,1,"chunk_size_1"
"CPU_Elastic","COMPUTE","node_740 (view)","VIEW","",-1,17,-1,2048,10,1,1,598016,0.000468,1,"chunk_size_1"
"CPU_Elastic","COMPUTE","node_740 (view)","VIEW","",-1,18,-1,2048,10,1,1,598016,0.000416,1,"chunk_size_1"
"CPU_Elastic","COMPUTE","node_740 (view)","VIEW","",-1,19,-1,2048,10,1,1,598016,0.000416,1,"chunk_size_1"
"CPU_Elastic","COMPUTE","node_740 (view)","VIEW","",-1,20,-1,2048,10,1,1,598016,0.000469,1,"chunk_size_1"
"CPU_Elastic","COMPUTE","node_749","ADD","",-1,21,-1,2048,10,1,1,81920,0.029792,1,"chunk_size_1"
"CPU_Elastic","COMPUTE","node_750","ADD","",-1,22,-1,2048,10,1,1,81920,0.035781,1,"chunk_size_1"
"CPU_Elastic","COMPUTE","node_751","ADD","",-1,23,-1,2048,10,1,1,81920,0.035416,1,"chunk_size_1"
"CPU_Elastic","COMPUTE","node_752","ADD","",-1,24,-1,2048,10,1,1,81920,0.036563,1,"chunk_size_1"
"CPU_Elastic","COMPUTE","node_753","ADD","",-1,25,-1,2048,10,1,1,81920,0.037969,1,"chunk_size_1"
"CPU_Elastic","COMPUTE","node_754","ADD","",-1,26,-1,2048,10,1,1,81920,0.038594,1,"chunk_size_1"
"CPU_Elastic","COMPUTE","ffn_moe_out-11","ADD","",-1,27,-1,2048,10,1,1,81920,0.034323,1,"chunk_size_1"
"CPU_Elastic","COMPUTE","l_out-11","ADD","",-1,28,-1,2048,10,1,1,81920,0.032968,1,"chunk_size_1"
"CPU_Elastic","COMPUTE_GRAPH","ggml_cgraph","GRAPH","",-1,29,-1,0,0,0,0,0,23.499322,1,"delegate_cpu_graph"
"CPU_Elastic","COMPUTE","attn_norm-12","MUL","",-1,0,-1,2048,10,1,1,81920,0.037708,1,"chunk_size_1"
"CPU_Elastic","COMPUTE","Qcur-12","MUL_MAT","",-1,1,-1,2048,10,1,1,81920,2.051719,1,"chunk_size_1"
"CPU_Elastic","COMPUTE_GRAPH","ggml_cgraph","GRAPH","",-1,2,-1,0,0,0,0,0,2.089427,1,"delegate_cpu_graph"
"CPU_Elastic","COMPUTE","Qcur_normed-12","MUL","",-1,0,-1,2048,10,1,1,81920,0.033906,1,"chunk_size_1"
"CPU_Elastic","COMPUTE","Qcur_normed-12 (reshaped)","RESHAPE","",-1,1,-1,128,16,10,1,81920,0.000573,1,"chunk_size_1"
"CPU_Elastic","COMPUTE","Qcur-12","ROPE","",-1,2,-1,128,16,10,1,81920,0.040573,1,"chunk_size_1"
"CPU_Elastic","COMPUTE","Kcur-12","MUL_MAT","",-1,3,-1,2048,10,1,1,81920,2.069063,1,"chunk_size_1"
"CPU_Elastic","COMPUTE_GRAPH","ggml_cgraph","GRAPH","",-1,4,-1,0,0,0,0,0,2.144115,1,"delegate_cpu_graph"
"CPU_Elastic","COMPUTE","Kcur_normed-12","MUL","",-1,0,-1,2048,10,1,1,81920,0.035677,1,"chunk_size_1"
"CPU_Elastic","COMPUTE","Kcur_normed-12 (reshaped)","RESHAPE","",-1,1,-1,128,16,10,1,81920,0.000573,1,"chunk_size_1"
"CPU_Elastic","COMPUTE","Kcur-12","ROPE","",-1,2,-1,128,16,10,1,81920,0.041823,1,"chunk_size_1"
"CPU_Elastic","COMPUTE","Vcur-12","MUL_MAT","",-1,3,-1,2048,10,1,1,81920,2.057188,1,"chunk_size_1"
"CPU_Elastic","COMPUTE","Vcur-12","RESHAPE","",-1,4,-1,128,16,10,1,81920,0.000625,1,"chunk_size_1"
"CPU_Elastic","COMPUTE","Kcur-12 (view)","VIEW","",-1,5,-1,2048,10,1,1,81920,0.000417,1,"chunk_size_1"
"CPU_Elastic","COMPUTE","cache_k_l12 (view)","SET_ROWS","",-1,6,-1,2048,512,1,1,2097152,0.010313,1,"chunk_size_1"
"CPU_Elastic","COMPUTE","Vcur-12 (view)","VIEW","",-1,7,-1,2048,10,1,1,81920,0.000417,1,"chunk_size_1"
"CPU_Elastic","COMPUTE","cache_v_l12 (view)","SET_ROWS","",-1,8,-1,2048,512,1,1,2097152,0.010209,1,"chunk_size_1"
"CPU_Elastic","COMPUTE","cache_v_l12 (view)","VIEW","",-1,9,-1,128,16,256,1,1048576,0.000365,1,"chunk_size_1"
"CPU_Elastic","COMPUTE","cache_v_l12 (view) (permuted)","PERMUTE","",-1,10,-1,128,256,16,1,1048576,0.000468,1,"chunk_size_1"
"CPU_Elastic","COMPUTE","cache_v_l12 (view) (permuted) (transposed)","TRANSPOSE","",-1,11,-1,256,128,16,1,1048576,0.000521,1,"chunk_size_1"
"CPU_Elastic","COMPUTE","v_cont-12","CONT","",-1,12,-1,256,128,16,1,1048576,0.945677,1,"chunk_size_1"
"CPU_Elastic","COMPUTE","cache_k_l12 (view)","VIEW","",-1,13,-1,128,16,256,1,1048576,0.000469,1,"chunk_size_1"
"CPU_Elastic","COMPUTE","cache_k_l12 (view) (permuted)","PERMUTE","",-1,14,-1,128,256,16,1,1048576,0.000469,1,"chunk_size_1"
"CPU_Elastic","COMPUTE","Qcur-12 (view)","VIEW","",-1,15,-1,128,16,10,1,81920,0.000469,1,"chunk_size_1"
"CPU_Elastic","COMPUTE","Qcur-12 (view) (permuted)","PERMUTE","",-1,16,-1,128,10,16,1,81920,0.000573,1,"chunk_size_1"
"CPU_Elastic","COMPUTE","kq-12","MUL_MAT","",-1,17,-1,256,10,16,1,163840,0.592292,1,"chunk_size_1"
"CPU_Elastic","COMPUTE","kq_soft_max-12","SOFT_MAX","",-1,18,-1,256,10,16,1,163840,0.092032,1,"chunk_size_1"
"CPU_Elastic","COMPUTE","kqv-12","MUL_MAT","",-1,19,-1,128,10,16,1,81920,0.442605,1,"chunk_size_1"
"CPU_Elastic","COMPUTE","kqv-12 (permuted)","PERMUTE","",-1,20,-1,128,16,10,1,81920,0.000625,1,"chunk_size_1"
"CPU_Elastic","COMPUTE","kqv_out-12","CONT","",-1,21,-1,2048,10,1,1,81920,0.033125,1,"chunk_size_1"
"CPU_Elastic","COMPUTE","node_788","MUL_MAT","",-1,22,-1,2048,10,1,1,81920,2.056928,1,"chunk_size_1"
"CPU_Elastic","COMPUTE","ffn_inp-12","ADD","",-1,23,-1,2048,10,1,1,81920,0.030625,1,"chunk_size_1"
"CPU_Elastic","COMPUTE_GRAPH","ggml_cgraph","GRAPH","",-1,24,-1,0,0,0,0,0,6.354485,1,"delegate_cpu_graph"
"CPU_Elastic","COMPUTE","ffn_norm-12","MUL","",-1,0,-1,2048,10,1,1,81920,0.033281,1,"chunk_size_1"
"CPU_Elastic","COMPUTE","ffn_moe_logits-12","MUL_MAT","",-1,1,-1,64,10,1,1,2560,0.089115,1,"chunk_size_1"
"CPU_Elastic","COMPUTE","ffn_moe_probs-12","SOFT_MAX","",-1,2,-1,64,10,1,1,2560,0.028333,1,"chunk_size_1"
"CPU_Elastic","COMPUTE","ffn_moe_probs-12 (reshaped)","RESHAPE","",-1,3,-1,1,64,10,1,2560,0.000573,1,"chunk_size_1"
"CPU_Elastic","COMPUTE","ffn_moe_argsort-12","ARGSORT","",-1,4,-1,64,10,1,1,2560,0.049739,1,"chunk_size_1"
"CPU_Elastic","COMPUTE","ffn_moe_topk-12","VIEW","",-1,5,-1,8,10,1,1,2336,0.000573,1,"chunk_size_1"
"CPU_Elastic","COMPUTE","ffn_moe_weights-12","GET_ROWS","",-1,6,-1,1,8,10,1,320,0.000781,1,"chunk_size_1"
"CPU_Elastic","COMPUTE","ffn_norm-12 (reshaped)","RESHAPE","",-1,7,-1,2048,1,10,1,81920,0.000416,1,"chunk_size_1"
"CPU_Elastic","COMPUTE","ffn_moe_gate-12","MUL_MAT_ID","",-1,8,-1,1024,8,10,1,327680,7.060833,1,"chunk_size_1"
"CPU_Elastic","COMPUTE","ffn_moe_up-12","MUL_MAT_ID","",-1,9,-1,1024,8,10,1,327680,7.452240,1,"chunk_size_1"
"CPU_Elastic","COMPUTE","ffn_moe_weighted-12","GLU","",-1,10,-1,1024,8,10,1,327680,0.076042,1,"chunk_size_1"
"CPU_Elastic","COMPUTE","ffn_moe_down-12","MUL_MAT_ID","",-1,11,-1,2048,8,10,1,655360,7.293854,1,"chunk_size_1"
"CPU_Elastic","COMPUTE","node_803","MUL","",-1,12,-1,2048,8,10,1,655360,0.203229,1,"chunk_size_1"
"CPU_Elastic","COMPUTE"," (view)","VIEW","",-1,13,-1,2048,10,1,1,598016,0.000938,1,"chunk_size_1"
"CPU_Elastic","COMPUTE","node_803 (view)","VIEW","",-1,14,-1,2048,10,1,1,598016,0.000521,1,"chunk_size_1"
"CPU_Elastic","COMPUTE","node_803 (view)","VIEW","",-1,15,-1,2048,10,1,1,598016,0.000417,1,"chunk_size_1"
"CPU_Elastic","COMPUTE","node_803 (view)","VIEW","",-1,16,-1,2048,10,1,1,598016,0.000417,1,"chunk_size_1"
"CPU_Elastic","COMPUTE","node_803 (view)","VIEW","",-1,17,-1,2048,10,1,1,598016,0.000521,1,"chunk_size_1"
"CPU_Elastic","COMPUTE","node_803 (view)","VIEW","",-1,18,-1,2048,10,1,1,598016,0.000416,1,"chunk_size_1"
"CPU_Elastic","COMPUTE","node_803 (view)","VIEW","",-1,19,-1,2048,10,1,1,598016,0.000416,1,"chunk_size_1"
"CPU_Elastic","COMPUTE","node_803 (view)","VIEW","",-1,20,-1,2048,10,1,1,598016,0.000364,1,"chunk_size_1"
"CPU_Elastic","COMPUTE","node_812","ADD","",-1,21,-1,2048,10,1,1,81920,0.031145,1,"chunk_size_1"
"CPU_Elastic","COMPUTE","node_813","ADD","",-1,22,-1,2048,10,1,1,81920,0.032813,1,"chunk_size_1"
"CPU_Elastic","COMPUTE","node_814","ADD","",-1,23,-1,2048,10,1,1,81920,0.031562,1,"chunk_size_1"
"CPU_Elastic","COMPUTE","node_815","ADD","",-1,24,-1,2048,10,1,1,81920,0.032604,1,"chunk_size_1"
"CPU_Elastic","COMPUTE","node_816","ADD","",-1,25,-1,2048,10,1,1,81920,0.034271,1,"chunk_size_1"
"CPU_Elastic","COMPUTE","node_817","ADD","",-1,26,-1,2048,10,1,1,81920,0.034584,1,"chunk_size_1"
"CPU_Elastic","COMPUTE","ffn_moe_out-12","ADD","",-1,27,-1,2048,10,1,1,81920,0.033282,1,"chunk_size_1"
"CPU_Elastic","COMPUTE","l_out-12","ADD","",-1,28,-1,2048,10,1,1,81920,0.034167,1,"chunk_size_1"
"CPU_Elastic","COMPUTE_GRAPH","ggml_cgraph","GRAPH","",-1,29,-1,0,0,0,0,0,22.557447,1,"delegate_cpu_graph"
"CPU_Elastic","COMPUTE","attn_norm-13","MUL","",-1,0,-1,2048,10,1,1,81920,0.034687,1,"chunk_size_1"
"CPU_Elastic","COMPUTE","Qcur-13","MUL_MAT","",-1,1,-1,2048,10,1,1,81920,1.421979,1,"chunk_size_1"
"CPU_Elastic","COMPUTE_GRAPH","ggml_cgraph","GRAPH","",-1,2,-1,0,0,0,0,0,1.456666,1,"delegate_cpu_graph"
"CPU_Elastic","COMPUTE","Qcur_normed-13","MUL","",-1,0,-1,2048,10,1,1,81920,0.037084,1,"chunk_size_1"
"CPU_Elastic","COMPUTE","Qcur_normed-13 (reshaped)","RESHAPE","",-1,1,-1,128,16,10,1,81920,0.000521,1,"chunk_size_1"
"CPU_Elastic","COMPUTE","Qcur-13","ROPE","",-1,2,-1,128,16,10,1,81920,0.041667,1,"chunk_size_1"
"CPU_Elastic","COMPUTE","Kcur-13","MUL_MAT","",-1,3,-1,2048,10,1,1,81920,2.059010,1,"chunk_size_1"
"CPU_Elastic","COMPUTE_GRAPH","ggml_cgraph","GRAPH","",-1,4,-1,0,0,0,0,0,2.138282,1,"delegate_cpu_graph"
"CPU_Elastic","COMPUTE","Kcur_normed-13","MUL","",-1,0,-1,2048,10,1,1,81920,0.036406,1,"chunk_size_1"
"CPU_Elastic","COMPUTE","Kcur_normed-13 (reshaped)","RESHAPE","",-1,1,-1,128,16,10,1,81920,0.000625,1,"chunk_size_1"
"CPU_Elastic","COMPUTE","Kcur-13","ROPE","",-1,2,-1,128,16,10,1,81920,0.045729,1,"chunk_size_1"
"CPU_Elastic","COMPUTE","Vcur-13","MUL_MAT","",-1,3,-1,2048,10,1,1,81920,1.930052,1,"chunk_size_1"
"CPU_Elastic","COMPUTE","Vcur-13","RESHAPE","",-1,4,-1,128,16,10,1,81920,0.000521,1,"chunk_size_1"
"CPU_Elastic","COMPUTE","Kcur-13 (view)","VIEW","",-1,5,-1,2048,10,1,1,81920,0.000573,1,"chunk_size_1"
"CPU_Elastic","COMPUTE","cache_k_l13 (view)","SET_ROWS","",-1,6,-1,2048,512,1,1,2097152,0.010625,1,"chunk_size_1"
"CPU_Elastic","COMPUTE","Vcur-13 (view)","VIEW","",-1,7,-1,2048,10,1,1,81920,0.000416,1,"chunk_size_1"
"CPU_Elastic","COMPUTE","cache_v_l13 (view)","SET_ROWS","",-1,8,-1,2048,512,1,1,2097152,0.010417,1,"chunk_size_1"
"CPU_Elastic","COMPUTE","cache_v_l13 (view)","VIEW","",-1,9,-1,128,16,256,1,1048576,0.000521,1,"chunk_size_1"
"CPU_Elastic","COMPUTE","cache_v_l13 (view) (permuted)","PERMUTE","",-1,10,-1,128,256,16,1,1048576,0.000416,1,"chunk_size_1"
"CPU_Elastic","COMPUTE","cache_v_l13 (view) (permuted) (transposed)","TRANSPOSE","",-1,11,-1,256,128,16,1,1048576,0.000468,1,"chunk_size_1"
"CPU_Elastic","COMPUTE","v_cont-13","CONT","",-1,12,-1,256,128,16,1,1048576,0.931615,1,"chunk_size_1"
"CPU_Elastic","COMPUTE","cache_k_l13 (view)","VIEW","",-1,13,-1,128,16,256,1,1048576,0.000572,1,"chunk_size_1"
"CPU_Elastic","COMPUTE","cache_k_l13 (view) (permuted)","PERMUTE","",-1,14,-1,128,256,16,1,1048576,0.000417,1,"chunk_size_1"
"CPU_Elastic","COMPUTE","Qcur-13 (view)","VIEW","",-1,15,-1,128,16,10,1,81920,0.000365,1,"chunk_size_1"
"CPU_Elastic","COMPUTE","Qcur-13 (view) (permuted)","PERMUTE","",-1,16,-1,128,10,16,1,81920,0.000469,1,"chunk_size_1"
"CPU_Elastic","COMPUTE","kq-13","MUL_MAT","",-1,17,-1,256,10,16,1,163840,0.591250,1,"chunk_size_1"
"CPU_Elastic","COMPUTE","kq_soft_max-13","SOFT_MAX","",-1,18,-1,256,10,16,1,163840,0.089479,1,"chunk_size_1"
"CPU_Elastic","COMPUTE","kqv-13","MUL_MAT","",-1,19,-1,128,10,16,1,81920,0.472865,1,"chunk_size_1"
"CPU_Elastic","COMPUTE","kqv-13 (permuted)","PERMUTE","",-1,20,-1,128,16,10,1,81920,0.000521,1,"chunk_size_1"
"CPU_Elastic","COMPUTE","kqv_out-13","CONT","",-1,21,-1,2048,10,1,1,81920,0.033594,1,"chunk_size_1"
"CPU_Elastic","COMPUTE","node_851","MUL_MAT","",-1,22,-1,2048,10,1,1,81920,2.061719,1,"chunk_size_1"
"CPU_Elastic","COMPUTE","ffn_inp-13","ADD","",-1,23,-1,2048,10,1,1,81920,0.032031,1,"chunk_size_1"
"CPU_Elastic","COMPUTE_GRAPH","ggml_cgraph","GRAPH","",-1,24,-1,0,0,0,0,0,6.251666,1,"delegate_cpu_graph"
"CPU_Elastic","COMPUTE","ffn_norm-13","MUL","",-1,0,-1,2048,10,1,1,81920,0.034114,1,"chunk_size_1"
"CPU_Elastic","COMPUTE","ffn_moe_logits-13","MUL_MAT","",-1,1,-1,64,10,1,1,2560,0.079479,1,"chunk_size_1"
"CPU_Elastic","COMPUTE","ffn_moe_probs-13","SOFT_MAX","",-1,2,-1,64,10,1,1,2560,0.028541,1,"chunk_size_1"
"CPU_Elastic","COMPUTE","ffn_moe_probs-13 (reshaped)","RESHAPE","",-1,3,-1,1,64,10,1,2560,0.000573,1,"chunk_size_1"
"CPU_Elastic","COMPUTE","ffn_moe_argsort-13","ARGSORT","",-1,4,-1,64,10,1,1,2560,0.046667,1,"chunk_size_1"
"CPU_Elastic","COMPUTE","ffn_moe_topk-13","VIEW","",-1,5,-1,8,10,1,1,2336,0.000521,1,"chunk_size_1"
"CPU_Elastic","COMPUTE","ffn_moe_weights-13","GET_ROWS","",-1,6,-1,1,8,10,1,320,0.001041,1,"chunk_size_1"
"CPU_Elastic","COMPUTE","ffn_norm-13 (reshaped)","RESHAPE","",-1,7,-1,2048,1,10,1,81920,0.000469,1,"chunk_size_1"
"CPU_Elastic","COMPUTE","ffn_moe_gate-13","MUL_MAT_ID","",-1,8,-1,1024,8,10,1,327680,6.085156,1,"chunk_size_1"
"CPU_Elastic","COMPUTE","ffn_moe_up-13","MUL_MAT_ID","",-1,9,-1,1024,8,10,1,327680,6.008490,1,"chunk_size_1"
"CPU_Elastic","COMPUTE","ffn_moe_weighted-13","GLU","",-1,10,-1,1024,8,10,1,327680,0.133333,1,"chunk_size_1"
"CPU_Elastic","COMPUTE","ffn_moe_down-13","MUL_MAT_ID","",-1,11,-1,2048,8,10,1,655360,8.152656,1,"chunk_size_1"
"CPU_Elastic","COMPUTE","node_866","MUL","",-1,12,-1,2048,8,10,1,655360,0.215781,1,"chunk_size_1"
"CPU_Elastic","COMPUTE"," (view)","VIEW","",-1,13,-1,2048,10,1,1,598016,0.000886,1,"chunk_size_1"
"CPU_Elastic","COMPUTE","node_866 (view)","VIEW","",-1,14,-1,2048,10,1,1,598016,0.000782,1,"chunk_size_1"
"CPU_Elastic","COMPUTE","node_866 (view)","VIEW","",-1,15,-1,2048,10,1,1,598016,0.000417,1,"chunk_size_1"
"CPU_Elastic","COMPUTE","node_866 (view)","VIEW","",-1,16,-1,2048,10,1,1,598016,0.000417,1,"chunk_size_1"
"CPU_Elastic","COMPUTE","node_866 (view)","VIEW","",-1,17,-1,2048,10,1,1,598016,0.000365,1,"chunk_size_1"
"CPU_Elastic","COMPUTE","node_866 (view)","VIEW","",-1,18,-1,2048,10,1,1,598016,0.000521,1,"chunk_size_1"
"CPU_Elastic","COMPUTE","node_866 (view)","VIEW","",-1,19,-1,2048,10,1,1,598016,0.000417,1,"chunk_size_1"
"CPU_Elastic","COMPUTE","node_866 (view)","VIEW","",-1,20,-1,2048,10,1,1,598016,0.000364,1,"chunk_size_1"
"CPU_Elastic","COMPUTE","node_875","ADD","",-1,21,-1,2048,10,1,1,81920,0.029947,1,"chunk_size_1"
"CPU_Elastic","COMPUTE","node_876","ADD","",-1,22,-1,2048,10,1,1,81920,0.036406,1,"chunk_size_1"
"CPU_Elastic","COMPUTE","node_877","ADD","",-1,23,-1,2048,10,1,1,81920,0.033646,1,"chunk_size_1"
"CPU_Elastic","COMPUTE","node_878","ADD","",-1,24,-1,2048,10,1,1,81920,0.035052,1,"chunk_size_1"
"CPU_Elastic","COMPUTE","node_879","ADD","",-1,25,-1,2048,10,1,1,81920,0.032813,1,"chunk_size_1"
"CPU_Elastic","COMPUTE","node_880","ADD","",-1,26,-1,2048,10,1,1,81920,0.035625,1,"chunk_size_1"
"CPU_Elastic","COMPUTE","ffn_moe_out-13","ADD","",-1,27,-1,2048,10,1,1,81920,0.036667,1,"chunk_size_1"
"CPU_Elastic","COMPUTE","l_out-13","ADD","",-1,28,-1,2048,10,1,1,81920,0.032864,1,"chunk_size_1"
"CPU_Elastic","COMPUTE_GRAPH","ggml_cgraph","GRAPH","",-1,29,-1,0,0,0,0,0,21.064010,1,"delegate_cpu_graph"
"CPU_Elastic","COMPUTE","attn_norm-14","MUL","",-1,0,-1,2048,10,1,1,81920,0.033854,1,"chunk_size_1"
"CPU_Elastic","COMPUTE","Qcur-14","MUL_MAT","",-1,1,-1,2048,10,1,1,81920,2.106771,1,"chunk_size_1"
"CPU_Elastic","COMPUTE_GRAPH","ggml_cgraph","GRAPH","",-1,2,-1,0,0,0,0,0,2.140625,1,"delegate_cpu_graph"
"CPU_Elastic","COMPUTE","Qcur_normed-14","MUL","",-1,0,-1,2048,10,1,1,81920,0.040417,1,"chunk_size_1"
"CPU_Elastic","COMPUTE","Qcur_normed-14 (reshaped)","RESHAPE","",-1,1,-1,128,16,10,1,81920,0.000729,1,"chunk_size_1"
"CPU_Elastic","COMPUTE","Qcur-14","ROPE","",-1,2,-1,128,16,10,1,81920,0.045208,1,"chunk_size_1"
"CPU_Elastic","COMPUTE","Kcur-14","MUL_MAT","",-1,3,-1,2048,10,1,1,81920,2.123698,1,"chunk_size_1"
"CPU_Elastic","COMPUTE_GRAPH","ggml_cgraph","GRAPH","",-1,4,-1,0,0,0,0,0,2.210052,1,"delegate_cpu_graph"
"CPU_Elastic","COMPUTE","Kcur_normed-14","MUL","",-1,0,-1,2048,10,1,1,81920,0.035937,1,"chunk_size_1"
"CPU_Elastic","COMPUTE","Kcur_normed-14 (reshaped)","RESHAPE","",-1,1,-1,128,16,10,1,81920,0.000469,1,"chunk_size_1"
"CPU_Elastic","COMPUTE","Kcur-14","ROPE","",-1,2,-1,128,16,10,1,81920,0.041979,1,"chunk_size_1"
"CPU_Elastic","COMPUTE","Vcur-14","MUL_MAT","",-1,3,-1,2048,10,1,1,81920,2.797760,1,"chunk_size_1"
"CPU_Elastic","COMPUTE","Vcur-14","RESHAPE","",-1,4,-1,128,16,10,1,81920,0.000520,1,"chunk_size_1"
"CPU_Elastic","COMPUTE","Kcur-14 (view)","VIEW","",-1,5,-1,2048,10,1,1,81920,0.000417,1,"chunk_size_1"
"CPU_Elastic","COMPUTE","cache_k_l14 (view)","SET_ROWS","",-1,6,-1,2048,512,1,1,2097152,0.010573,1,"chunk_size_1"
"CPU_Elastic","COMPUTE","Vcur-14 (view)","VIEW","",-1,7,-1,2048,10,1,1,81920,0.000417,1,"chunk_size_1"
"CPU_Elastic","COMPUTE","cache_v_l14 (view)","SET_ROWS","",-1,8,-1,2048,512,1,1,2097152,0.010156,1,"chunk_size_1"
"CPU_Elastic","COMPUTE","cache_v_l14 (view)","VIEW","",-1,9,-1,128,16,256,1,1048576,0.000416,1,"chunk_size_1"
"CPU_Elastic","COMPUTE","cache_v_l14 (view) (permuted)","PERMUTE","",-1,10,-1,128,256,16,1,1048576,0.000625,1,"chunk_size_1"
"CPU_Elastic","COMPUTE","cache_v_l14 (view) (permuted) (transposed)","TRANSPOSE","",-1,11,-1,256,128,16,1,1048576,0.000469,1,"chunk_size_1"
"CPU_Elastic","COMPUTE","v_cont-14","CONT","",-1,12,-1,256,128,16,1,1048576,0.489844,1,"chunk_size_1"
"CPU_Elastic","COMPUTE","cache_k_l14 (view)","VIEW","",-1,13,-1,128,16,256,1,1048576,0.000469,1,"chunk_size_1"
"CPU_Elastic","COMPUTE","cache_k_l14 (view) (permuted)","PERMUTE","",-1,14,-1,128,256,16,1,1048576,0.000521,1,"chunk_size_1"
"CPU_Elastic","COMPUTE","Qcur-14 (view)","VIEW","",-1,15,-1,128,16,10,1,81920,0.000364,1,"chunk_size_1"
"CPU_Elastic","COMPUTE","Qcur-14 (view) (permuted)","PERMUTE","",-1,16,-1,128,10,16,1,81920,0.000417,1,"chunk_size_1"
"CPU_Elastic","COMPUTE","kq-14","MUL_MAT","",-1,17,-1,256,10,16,1,163840,0.257187,1,"chunk_size_1"
"CPU_Elastic","COMPUTE","kq_soft_max-14","SOFT_MAX","",-1,18,-1,256,10,16,1,163840,0.068489,1,"chunk_size_1"
"CPU_Elastic","COMPUTE","kqv-14","MUL_MAT","",-1,19,-1,128,10,16,1,81920,0.125417,1,"chunk_size_1"
"CPU_Elastic","COMPUTE","kqv-14 (permuted)","PERMUTE","",-1,20,-1,128,16,10,1,81920,0.000468,1,"chunk_size_1"
"CPU_Elastic","COMPUTE","kqv_out-14","CONT","",-1,21,-1,2048,10,1,1,81920,0.007760,1,"chunk_size_1"
"CPU_Elastic","COMPUTE","node_914","MUL_MAT","",-1,22,-1,2048,10,1,1,81920,0.851146,1,"chunk_size_1"
"CPU_Elastic","COMPUTE","ffn_inp-14","ADD","",-1,23,-1,2048,10,1,1,81920,0.059792,1,"chunk_size_1"
"CPU_Elastic","COMPUTE_GRAPH","ggml_cgraph","GRAPH","",-1,24,-1,0,0,0,0,0,4.761612,1,"delegate_cpu_graph"
"CPU_Elastic","COMPUTE","ffn_norm-14","MUL","",-1,0,-1,2048,10,1,1,81920,0.028906,1,"chunk_size_1"
"CPU_Elastic","COMPUTE","ffn_moe_logits-14","MUL_MAT","",-1,1,-1,64,10,1,1,2560,0.038646,1,"chunk_size_1"
"CPU_Elastic","COMPUTE","ffn_moe_probs-14","SOFT_MAX","",-1,2,-1,64,10,1,1,2560,0.004375,1,"chunk_size_1"
"CPU_Elastic","COMPUTE","ffn_moe_probs-14 (reshaped)","RESHAPE","",-1,3,-1,1,64,10,1,2560,0.000677,1,"chunk_size_1"
"CPU_Elastic","COMPUTE","ffn_moe_argsort-14","ARGSORT","",-1,4,-1,64,10,1,1,2560,0.024323,1,"chunk_size_1"
"CPU_Elastic","COMPUTE","ffn_moe_topk-14","VIEW","",-1,5,-1,8,10,1,1,2336,0.000573,1,"chunk_size_1"
"CPU_Elastic","COMPUTE","ffn_moe_weights-14","GET_ROWS","",-1,6,-1,1,8,10,1,320,0.000833,1,"chunk_size_1"
"CPU_Elastic","COMPUTE","ffn_norm-14 (reshaped)","RESHAPE","",-1,7,-1,2048,1,10,1,81920,0.000573,1,"chunk_size_1"
"CPU_Elastic","COMPUTE","ffn_moe_gate-14","MUL_MAT_ID","",-1,8,-1,1024,8,10,1,327680,3.450417,1,"chunk_size_1"
"CPU_Elastic","COMPUTE","ffn_moe_up-14","MUL_MAT_ID","",-1,9,-1,1024,8,10,1,327680,3.557969,1,"chunk_size_1"
"CPU_Elastic","COMPUTE","ffn_moe_weighted-14","GLU","",-1,10,-1,1024,8,10,1,327680,0.044896,1,"chunk_size_1"
"CPU_Elastic","COMPUTE","ffn_moe_down-14","MUL_MAT_ID","",-1,11,-1,2048,8,10,1,655360,4.963385,1,"chunk_size_1"
"CPU_Elastic","COMPUTE","node_929","MUL","",-1,12,-1,2048,8,10,1,655360,0.099740,1,"chunk_size_1"
"CPU_Elastic","COMPUTE"," (view)","VIEW","",-1,13,-1,2048,10,1,1,598016,0.000677,1,"chunk_size_1"
"CPU_Elastic","COMPUTE","node_929 (view)","VIEW","",-1,14,-1,2048,10,1,1,598016,0.000417,1,"chunk_size_1"
"CPU_Elastic","COMPUTE","node_929 (view)","VIEW","",-1,15,-1,2048,10,1,1,598016,0.000573,1,"chunk_size_1"
"CPU_Elastic","COMPUTE","node_929 (view)","VIEW","",-1,16,-1,2048,10,1,1,598016,0.000625,1,"chunk_size_1"
"CPU_Elastic","COMPUTE","node_929 (view)","VIEW","",-1,17,-1,2048,10,1,1,598016,0.000417,1,"chunk_size_1"
"CPU_Elastic","COMPUTE","node_929 (view)","VIEW","",-1,18,-1,2048,10,1,1,598016,0.000417,1,"chunk_size_1"
"CPU_Elastic","COMPUTE","node_929 (view)","VIEW","",-1,19,-1,2048,10,1,1,598016,0.000521,1,"chunk_size_1"
"CPU_Elastic","COMPUTE","node_929 (view)","VIEW","",-1,20,-1,2048,10,1,1,598016,0.000417,1,"chunk_size_1"
"CPU_Elastic","COMPUTE","node_938","ADD","",-1,21,-1,2048,10,1,1,81920,0.008333,1,"chunk_size_1"
"CPU_Elastic","COMPUTE","node_939","ADD","",-1,22,-1,2048,10,1,1,81920,0.027761,1,"chunk_size_1"
"CPU_Elastic","COMPUTE","node_940","ADD","",-1,23,-1,2048,10,1,1,81920,0.027969,1,"chunk_size_1"
"CPU_Elastic","COMPUTE","node_941","ADD","",-1,24,-1,2048,10,1,1,81920,0.028281,1,"chunk_size_1"
"CPU_Elastic","COMPUTE","node_942","ADD","",-1,25,-1,2048,10,1,1,81920,0.041042,1,"chunk_size_1"
"CPU_Elastic","COMPUTE","node_943","ADD","",-1,26,-1,2048,10,1,1,81920,0.027188,1,"chunk_size_1"
"CPU_Elastic","COMPUTE","ffn_moe_out-14","ADD","",-1,27,-1,2048,10,1,1,81920,0.038542,1,"chunk_size_1"
"CPU_Elastic","COMPUTE","l_out-14","ADD","",-1,28,-1,2048,10,1,1,81920,0.011615,1,"chunk_size_1"
"CPU_Elastic","COMPUTE_GRAPH","ggml_cgraph","GRAPH","",-1,29,-1,0,0,0,0,0,12.430108,1,"delegate_cpu_graph"
"CPU_Elastic","COMPUTE","attn_norm-15","MUL","",-1,0,-1,2048,10,1,1,81920,0.028802,1,"chunk_size_1"
"CPU_Elastic","COMPUTE","Qcur-15","MUL_MAT","",-1,1,-1,2048,10,1,1,81920,0.850209,1,"chunk_size_1"
"CPU_Elastic","COMPUTE_GRAPH","ggml_cgraph","GRAPH","",-1,2,-1,0,0,0,0,0,0.879011,1,"delegate_cpu_graph"
"CPU_Elastic","COMPUTE","Qcur_normed-15","MUL","",-1,0,-1,2048,10,1,1,81920,0.029584,1,"chunk_size_1"
"CPU_Elastic","COMPUTE","Qcur_normed-15 (reshaped)","RESHAPE","",-1,1,-1,128,16,10,1,81920,0.000573,1,"chunk_size_1"
"CPU_Elastic","COMPUTE","Qcur-15","ROPE","",-1,2,-1,128,16,10,1,81920,0.014844,1,"chunk_size_1"
"CPU_Elastic","COMPUTE","Kcur-15","MUL_MAT","",-1,3,-1,2048,10,1,1,81920,0.851979,1,"chunk_size_1"
"CPU_Elastic","COMPUTE_GRAPH","ggml_cgraph","GRAPH","",-1,4,-1,0,0,0,0,0,0.896980,1,"delegate_cpu_graph"
"CPU_Elastic","COMPUTE","Kcur_normed-15","MUL","",-1,0,-1,2048,10,1,1,81920,0.028646,1,"chunk_size_1"
"CPU_Elastic","COMPUTE","Kcur_normed-15 (reshaped)","RESHAPE","",-1,1,-1,128,16,10,1,81920,0.000520,1,"chunk_size_1"
"CPU_Elastic","COMPUTE","Kcur-15","ROPE","",-1,2,-1,128,16,10,1,81920,0.013802,1,"chunk_size_1"
"CPU_Elastic","COMPUTE","Vcur-15","MUL_MAT","",-1,3,-1,2048,10,1,1,81920,1.129115,1,"chunk_size_1"
"CPU_Elastic","COMPUTE","Vcur-15","RESHAPE","",-1,4,-1,128,16,10,1,81920,0.000469,1,"chunk_size_1"
"CPU_Elastic","COMPUTE","Kcur-15 (view)","VIEW","",-1,5,-1,2048,10,1,1,81920,0.000469,1,"chunk_size_1"
"CPU_Elastic","COMPUTE","cache_k_l15 (view)","SET_ROWS","",-1,6,-1,2048,512,1,1,2097152,0.010573,1,"chunk_size_1"
"CPU_Elastic","COMPUTE","Vcur-15 (view)","VIEW","",-1,7,-1,2048,10,1,1,81920,0.000573,1,"chunk_size_1"
"CPU_Elastic","COMPUTE","cache_v_l15 (view)","SET_ROWS","",-1,8,-1,2048,512,1,1,2097152,0.010104,1,"chunk_size_1"
"CPU_Elastic","COMPUTE","cache_v_l15 (view)","VIEW","",-1,9,-1,128,16,256,1,1048576,0.000469,1,"chunk_size_1"
"CPU_Elastic","COMPUTE","cache_v_l15 (view) (permuted)","PERMUTE","",-1,10,-1,128,256,16,1,1048576,0.000469,1,"chunk_size_1"
"CPU_Elastic","COMPUTE","cache_v_l15 (view) (permuted) (transposed)","TRANSPOSE","",-1,11,-1,256,128,16,1,1048576,0.000625,1,"chunk_size_1"
"CPU_Elastic","COMPUTE","v_cont-15","CONT","",-1,12,-1,256,128,16,1,1048576,0.496354,1,"chunk_size_1"
"CPU_Elastic","COMPUTE","cache_k_l15 (view)","VIEW","",-1,13,-1,128,16,256,1,1048576,0.000521,1,"chunk_size_1"
"CPU_Elastic","COMPUTE","cache_k_l15 (view) (permuted)","PERMUTE","",-1,14,-1,128,256,16,1,1048576,0.000469,1,"chunk_size_1"
"CPU_Elastic","COMPUTE","Qcur-15 (view)","VIEW","",-1,15,-1,128,16,10,1,81920,0.000521,1,"chunk_size_1"
"CPU_Elastic","COMPUTE","Qcur-15 (view) (permuted)","PERMUTE","",-1,16,-1,128,10,16,1,81920,0.000365,1,"chunk_size_1"
"CPU_Elastic","COMPUTE","kq-15","MUL_MAT","",-1,17,-1,256,10,16,1,163840,0.257292,1,"chunk_size_1"
"CPU_Elastic","COMPUTE","kq_soft_max-15","SOFT_MAX","",-1,18,-1,256,10,16,1,163840,0.068489,1,"chunk_size_1"
"CPU_Elastic","COMPUTE","kqv-15","MUL_MAT","",-1,19,-1,128,10,16,1,81920,0.105156,1,"chunk_size_1"
"CPU_Elastic","COMPUTE","kqv-15 (permuted)","PERMUTE","",-1,20,-1,128,16,10,1,81920,0.000573,1,"chunk_size_1"
"CPU_Elastic","COMPUTE","kqv_out-15","CONT","",-1,21,-1,2048,10,1,1,81920,0.007500,1,"chunk_size_1"
"CPU_Elastic","COMPUTE","node_977","MUL_MAT","",-1,22,-1,2048,10,1,1,81920,0.849532,1,"chunk_size_1"
"CPU_Elastic","COMPUTE","node_978","GET_ROWS","",-1,23,-1,2048,1,1,1,8192,0.001250,1,"chunk_size_1"
"CPU_Elastic","COMPUTE","node_979","GET_ROWS","",-1,24,-1,2048,1,1,1,8192,0.000782,1,"chunk_size_1"
"CPU_Elastic","COMPUTE","ffn_inp-15","ADD","",-1,25,-1,2048,1,1,1,8192,0.003958,1,"chunk_size_1"
"CPU_Elastic","COMPUTE_GRAPH","ggml_cgraph","GRAPH","",-1,26,-1,0,0,0,0,0,2.988596,1,"delegate_cpu_graph"
"CPU_Elastic","COMPUTE","ffn_norm-15","MUL","",-1,0,-1,2048,1,1,1,8192,0.005260,1,"chunk_size_1"
"CPU_Elastic","COMPUTE","ffn_moe_logits-15","MUL_MAT","",-1,1,-1,64,1,1,1,256,0.018073,1,"chunk_size_1"
"CPU_Elastic","COMPUTE","ffn_moe_probs-15","SOFT_MAX","",-1,2,-1,64,1,1,1,256,0.001041,1,"chunk_size_1"
"CPU_Elastic","COMPUTE","ffn_moe_probs-15 (reshaped)","RESHAPE","",-1,3,-1,1,64,1,1,256,0.000469,1,"chunk_size_1"
"CPU_Elastic","COMPUTE","ffn_moe_argsort-15","ARGSORT","",-1,4,-1,64,1,1,1,256,0.009948,1,"chunk_size_1"
"CPU_Elastic","COMPUTE","ffn_moe_topk-15","VIEW","",-1,5,-1,8,1,1,1,32,0.000521,1,"chunk_size_1"
"CPU_Elastic","COMPUTE","ffn_moe_weights-15","GET_ROWS","",-1,6,-1,1,8,1,1,32,0.000677,1,"chunk_size_1"
"CPU_Elastic","COMPUTE","ffn_norm-15 (reshaped)","RESHAPE","",-1,7,-1,2048,1,1,1,8192,0.000417,1,"chunk_size_1"
"CPU_Elastic","COMPUTE","ffn_moe_gate-15","MUL_MAT_ID","",-1,8,-1,1024,8,1,1,32768,0.351042,1,"chunk_size_1"
"CPU_Elastic","COMPUTE","ffn_moe_up-15","MUL_MAT_ID","",-1,9,-1,1024,8,1,1,32768,0.350000,1,"chunk_size_1"
"CPU_Elastic","COMPUTE","ffn_moe_weighted-15","GLU","",-1,10,-1,1024,8,1,1,32768,0.008646,1,"chunk_size_1"
"CPU_Elastic","COMPUTE","ffn_moe_down-15","MUL_MAT_ID","",-1,11,-1,2048,8,1,1,65536,0.540052,1,"chunk_size_1"
"CPU_Elastic","COMPUTE","node_994","MUL","",-1,12,-1,2048,8,1,1,65536,0.029583,1,"chunk_size_1"
"CPU_Elastic","COMPUTE"," (view)","VIEW","",-1,13,-1,2048,1,1,1,8192,0.000521,1,"chunk_size_1"
"CPU_Elastic","COMPUTE","node_994 (view)","VIEW","",-1,14,-1,2048,1,1,1,8192,0.000573,1,"chunk_size_1"
"CPU_Elastic","COMPUTE","node_994 (view)","VIEW","",-1,15,-1,2048,1,1,1,8192,0.000417,1,"chunk_size_1"
"CPU_Elastic","COMPUTE","node_994 (view)","VIEW","",-1,16,-1,2048,1,1,1,8192,0.000469,1,"chunk_size_1"
"CPU_Elastic","COMPUTE","node_994 (view)","VIEW","",-1,17,-1,2048,1,1,1,8192,0.000469,1,"chunk_size_1"
"CPU_Elastic","COMPUTE","node_994 (view)","VIEW","",-1,18,-1,2048,1,1,1,8192,0.000572,1,"chunk_size_1"
"CPU_Elastic","COMPUTE","node_994 (view)","VIEW","",-1,19,-1,2048,1,1,1,8192,0.000469,1,"chunk_size_1"
"CPU_Elastic","COMPUTE","node_994 (view)","VIEW","",-1,20,-1,2048,1,1,1,8192,0.000416,1,"chunk_size_1"
"CPU_Elastic","COMPUTE","node_1003","ADD","",-1,21,-1,2048,1,1,1,8192,0.004479,1,"chunk_size_1"
"CPU_Elastic","COMPUTE","node_1004","ADD","",-1,22,-1,2048,1,1,1,8192,0.005052,1,"chunk_size_1"
"CPU_Elastic","COMPUTE","node_1005","ADD","",-1,23,-1,2048,1,1,1,8192,0.005990,1,"chunk_size_1"
"CPU_Elastic","COMPUTE","node_1006","ADD","",-1,24,-1,2048,1,1,1,8192,0.005520,1,"chunk_size_1"
"CPU_Elastic","COMPUTE","node_1007","ADD","",-1,25,-1,2048,1,1,1,8192,0.005521,1,"chunk_size_1"
"CPU_Elastic","COMPUTE","node_1008","ADD","",-1,26,-1,2048,1,1,1,8192,0.005313,1,"chunk_size_1"
"CPU_Elastic","COMPUTE","ffn_moe_out-15","ADD","",-1,27,-1,2048,1,1,1,8192,0.005416,1,"chunk_size_1"
"CPU_Elastic","COMPUTE","l_out-15","ADD","",-1,28,-1,2048,1,1,1,8192,0.037916,1,"chunk_size_1"
"CPU_Elastic","COMPUTE","norm","RMS_NORM","",-1,29,-1,2048,1,1,1,8192,0.006250,1,"chunk_size_1"
"CPU_Elastic","COMPUTE","result_norm","MUL","",-1,30,-1,2048,1,1,1,8192,0.004479,1,"chunk_size_1"
"CPU_Elastic","COMPUTE","result_output","MUL_MAT","",-1,31,-1,50304,1,1,1,201216,2.956250,1,"chunk_size_1"
"CPU_Elastic","COMPUTE_GRAPH","ggml_cgraph","GRAPH","",-1,32,-1,0,0,0,0,0,4.361821,1,"delegate_cpu_graph"
"CPU_Elastic","COMPUTE","inp_embd","GET_ROWS","",-1,0,-1,2048,1,1,1,8192,0.002083,1,"chunk_size_1"
"CPU_Elastic","COMPUTE_GRAPH","ggml_cgraph","GRAPH","",-1,1,-1,0,0,0,0,0,0.002083,1,"delegate_cpu_graph"
"CPU_Elastic","COMPUTE","attn_norm-0","MUL","",-1,0,-1,2048,1,1,1,8192,0.005886,1,"chunk_size_1"
"CPU_Elastic","COMPUTE","Qcur-0","MUL_MAT","",-1,1,-1,2048,1,1,1,8192,0.097864,1,"chunk_size_1"
"CPU_Elastic","COMPUTE_GRAPH","ggml_cgraph","GRAPH","",-1,2,-1,0,0,0,0,0,0.103750,1,"delegate_cpu_graph"
"CPU_Elastic","COMPUTE","Qcur_normed-0","MUL","",-1,0,-1,2048,1,1,1,8192,0.006146,1,"chunk_size_1"
"CPU_Elastic","COMPUTE","Qcur_normed-0 (reshaped)","RESHAPE","",-1,1,-1,128,16,1,1,8192,0.000521,1,"chunk_size_1"
"CPU_Elastic","COMPUTE","Qcur-0","ROPE","",-1,2,-1,128,16,1,1,8192,0.005209,1,"chunk_size_1"
"CPU_Elastic","COMPUTE","Kcur-0","MUL_MAT","",-1,3,-1,2048,1,1,1,8192,0.097864,1,"chunk_size_1"
"CPU_Elastic","COMPUTE_GRAPH","ggml_cgraph","GRAPH","",-1,4,-1,0,0,0,0,0,0.109740,1,"delegate_cpu_graph"
"CPU_Elastic","COMPUTE","Kcur_normed-0","MUL","",-1,0,-1,2048,1,1,1,8192,0.005677,1,"chunk_size_1"
"CPU_Elastic","COMPUTE","Kcur_normed-0 (reshaped)","RESHAPE","",-1,1,-1,128,16,1,1,8192,0.000521,1,"chunk_size_1"
"CPU_Elastic","COMPUTE","Kcur-0","ROPE","",-1,2,-1,128,16,1,1,8192,0.120313,1,"chunk_size_1"
"CPU_Elastic","COMPUTE","Vcur-0","MUL_MAT","",-1,3,-1,2048,1,1,1,8192,0.149948,1,"chunk_size_1"
"CPU_Elastic","COMPUTE","Vcur-0","RESHAPE","",-1,4,-1,128,16,1,1,8192,0.000573,1,"chunk_size_1"
"CPU_Elastic","COMPUTE","Kcur-0 (view)","VIEW","",-1,5,-1,2048,1,1,1,8192,0.000573,1,"chunk_size_1"
"CPU_Elastic","COMPUTE","cache_k_l0 (view)","SET_ROWS","",-1,6,-1,2048,512,1,1,2097152,0.001875,1,"chunk_size_1"
"CPU_Elastic","COMPUTE","Vcur-0 (view)","VIEW","",-1,7,-1,2048,1,1,1,8192,0.000469,1,"chunk_size_1"
"CPU_Elastic","COMPUTE","cache_v_l0 (view)","SET_ROWS","",-1,8,-1,2048,512,1,1,2097152,0.001510,1,"chunk_size_1"
"CPU_Elastic","COMPUTE","cache_v_l0 (view)","VIEW","",-1,9,-1,128,16,256,1,1048576,0.000469,1,"chunk_size_1"
"CPU_Elastic","COMPUTE","cache_v_l0 (view) (permuted)","PERMUTE","",-1,10,-1,128,256,16,1,1048576,0.000573,1,"chunk_size_1"
"CPU_Elastic","COMPUTE","cache_v_l0 (view) (permuted) (transposed)","TRANSPOSE","",-1,11,-1,256,128,16,1,1048576,0.000469,1,"chunk_size_1"
"CPU_Elastic","COMPUTE","v_cont-0","CONT","",-1,12,-1,256,128,16,1,1048576,0.611614,1,"chunk_size_1"
"CPU_Elastic","COMPUTE","cache_k_l0 (view)","VIEW","",-1,13,-1,128,16,256,1,1048576,0.000520,1,"chunk_size_1"
"CPU_Elastic","COMPUTE","cache_k_l0 (view) (permuted)","PERMUTE","",-1,14,-1,128,256,16,1,1048576,0.000521,1,"chunk_size_1"
"CPU_Elastic","COMPUTE","Qcur-0 (view)","VIEW","",-1,15,-1,128,16,1,1,8192,0.000417,1,"chunk_size_1"
"CPU_Elastic","COMPUTE","Qcur-0 (view) (permuted)","PERMUTE","",-1,16,-1,128,1,16,1,8192,0.000469,1,"chunk_size_1"
"CPU_Elastic","COMPUTE","kq-0","MUL_MAT","",-1,17,-1,256,1,16,1,16384,0.056250,1,"chunk_size_1"
"CPU_Elastic","COMPUTE","kq_soft_max-0","SOFT_MAX","",-1,18,-1,256,1,16,1,16384,0.017500,1,"chunk_size_1"
"CPU_Elastic","COMPUTE","kqv-0","MUL_MAT","",-1,19,-1,128,1,16,1,8192,0.170834,1,"chunk_size_1"
"CPU_Elastic","COMPUTE","kqv-0 (permuted)","PERMUTE","",-1,20,-1,128,16,1,1,8192,0.000468,1,"chunk_size_1"
"CPU_Elastic","COMPUTE","kqv_out-0","CONT","",-1,21,-1,2048,1,1,1,8192,0.003906,1,"chunk_size_1"
"CPU_Elastic","COMPUTE","node_32","MUL_MAT","",-1,22,-1,2048,1,1,1,8192,0.107969,1,"chunk_size_1"
"CPU_Elastic","COMPUTE","ffn_inp-0","ADD","",-1,23,-1,2048,1,1,1,8192,0.004322,1,"chunk_size_1"
"CPU_Elastic","COMPUTE_GRAPH","ggml_cgraph","GRAPH","",-1,24,-1,0,0,0,0,0,1.257760,1,"delegate_cpu_graph"
"CPU_Elastic","COMPUTE","ffn_norm-0","MUL","",-1,0,-1,2048,1,1,1,8192,0.004896,1,"chunk_size_1"
"CPU_Elastic","COMPUTE","ffn_moe_logits-0","MUL_MAT","",-1,1,-1,64,1,1,1,256,0.014375,1,"chunk_size_1"
"CPU_Elastic","COMPUTE","ffn_moe_probs-0","SOFT_MAX","",-1,2,-1,64,1,1,1,256,0.000885,1,"chunk_size_1"
"CPU_Elastic","COMPUTE","ffn_moe_probs-0 (reshaped)","RESHAPE","",-1,3,-1,1,64,1,1,256,0.000521,1,"chunk_size_1"
"CPU_Elastic","COMPUTE","ffn_moe_argsort-0","ARGSORT","",-1,4,-1,64,1,1,1,256,0.009583,1,"chunk_size_1"
"CPU_Elastic","COMPUTE","ffn_moe_topk-0","VIEW","",-1,5,-1,8,1,1,1,32,0.000573,1,"chunk_size_1"
"CPU_Elastic","COMPUTE","ffn_moe_weights-0","GET_ROWS","",-1,6,-1,1,8,1,1,32,0.000468,1,"chunk_size_1"
"CPU_Elastic","COMPUTE","ffn_norm-0 (reshaped)","RESHAPE","",-1,7,-1,2048,1,1,1,8192,0.000573,1,"chunk_size_1"
"CPU_Elastic","COMPUTE","ffn_moe_gate-0","MUL_MAT_ID","",-1,8,-1,1024,8,1,1,32768,0.727552,1,"chunk_size_1"
"CPU_Elastic","COMPUTE","ffn_moe_up-0","MUL_MAT_ID","",-1,9,-1,1024,8,1,1,32768,0.367031,1,"chunk_size_1"
"CPU_Elastic","COMPUTE","ffn_moe_weighted-0","GLU","",-1,10,-1,1024,8,1,1,32768,0.271458,1,"chunk_size_1"
"CPU_Elastic","COMPUTE","ffn_moe_down-0","MUL_MAT_ID","",-1,11,-1,2048,8,1,1,65536,0.498542,1,"chunk_size_1"
"CPU_Elastic","COMPUTE","node_47","MUL","",-1,12,-1,2048,8,1,1,65536,0.031406,1,"chunk_size_1"
"CPU_Elastic","COMPUTE"," (view)","VIEW","",-1,13,-1,2048,1,1,1,8192,0.000521,1,"chunk_size_1"
"CPU_Elastic","COMPUTE","node_47 (view)","VIEW","",-1,14,-1,2048,1,1,1,8192,0.000417,1,"chunk_size_1"
"CPU_Elastic","COMPUTE","node_47 (view)","VIEW","",-1,15,-1,2048,1,1,1,8192,0.000625,1,"chunk_size_1"
"CPU_Elastic","COMPUTE","node_47 (view)","VIEW","",-1,16,-1,2048,1,1,1,8192,0.000417,1,"chunk_size_1"
"CPU_Elastic","COMPUTE","node_47 (view)","VIEW","",-1,17,-1,2048,1,1,1,8192,0.000417,1,"chunk_size_1"
"CPU_Elastic","COMPUTE","node_47 (view)","VIEW","",-1,18,-1,2048,1,1,1,8192,0.000364,1,"chunk_size_1"
"CPU_Elastic","COMPUTE","node_47 (view)","VIEW","",-1,19,-1,2048,1,1,1,8192,0.000468,1,"chunk_size_1"
"CPU_Elastic","COMPUTE","node_47 (view)","VIEW","",-1,20,-1,2048,1,1,1,8192,0.000364,1,"chunk_size_1"
"CPU_Elastic","COMPUTE","node_56","ADD","",-1,21,-1,2048,1,1,1,8192,0.003906,1,"chunk_size_1"
"CPU_Elastic","COMPUTE","node_57","ADD","",-1,22,-1,2048,1,1,1,8192,0.004166,1,"chunk_size_1"
"CPU_Elastic","COMPUTE","node_58","ADD","",-1,23,-1,2048,1,1,1,8192,0.005156,1,"chunk_size_1"
"CPU_Elastic","COMPUTE","node_59","ADD","",-1,24,-1,2048,1,1,1,8192,0.005521,1,"chunk_size_1"
"CPU_Elastic","COMPUTE","node_60","ADD","",-1,25,-1,2048,1,1,1,8192,0.004844,1,"chunk_size_1"
"CPU_Elastic","COMPUTE","node_61","ADD","",-1,26,-1,2048,1,1,1,8192,0.004219,1,"chunk_size_1"
"CPU_Elastic","COMPUTE","ffn_moe_out-0","ADD","",-1,27,-1,2048,1,1,1,8192,0.003490,1,"chunk_size_1"
"CPU_Elastic","COMPUTE","l_out-0","ADD","",-1,28,-1,2048,1,1,1,8192,0.004687,1,"chunk_size_1"
"CPU_Elastic","COMPUTE_GRAPH","ggml_cgraph","GRAPH","",-1,29,-1,0,0,0,0,0,1.967445,1,"delegate_cpu_graph"
"CPU_Elastic","COMPUTE","attn_norm-1","MUL","",-1,0,-1,2048,1,1,1,8192,0.006458,1,"chunk_size_1"
"CPU_Elastic","COMPUTE","Qcur-1","MUL_MAT","",-1,1,-1,2048,1,1,1,8192,0.097813,1,"chunk_size_1"
"CPU_Elastic","COMPUTE_GRAPH","ggml_cgraph","GRAPH","",-1,2,-1,0,0,0,0,0,0.104271,1,"delegate_cpu_graph"
"CPU_Elastic","COMPUTE","Qcur_normed-1","MUL","",-1,0,-1,2048,1,1,1,8192,0.005573,1,"chunk_size_1"
"CPU_Elastic","COMPUTE","Qcur_normed-1 (reshaped)","RESHAPE","",-1,1,-1,128,16,1,1,8192,0.000625,1,"chunk_size_1"
"CPU_Elastic","COMPUTE","Qcur-1","ROPE","",-1,2,-1,128,16,1,1,8192,0.006198,1,"chunk_size_1"
"CPU_Elastic","COMPUTE","Kcur-1","MUL_MAT","",-1,3,-1,2048,1,1,1,8192,0.096719,1,"chunk_size_1"
"CPU_Elastic","COMPUTE_GRAPH","ggml_cgraph","GRAPH","",-1,4,-1,0,0,0,0,0,0.109115,1,"delegate_cpu_graph"
"CPU_Elastic","COMPUTE","Kcur_normed-1","MUL","",-1,0,-1,2048,1,1,1,8192,0.005781,1,"chunk_size_1"
"CPU_Elastic","COMPUTE","Kcur_normed-1 (reshaped)","RESHAPE","",-1,1,-1,128,16,1,1,8192,0.000572,1,"chunk_size_1"
"CPU_Elastic","COMPUTE","Kcur-1","ROPE","",-1,2,-1,128,16,1,1,8192,0.006094,1,"chunk_size_1"
"CPU_Elastic","COMPUTE","Vcur-1","MUL_MAT","",-1,3,-1,2048,1,1,1,8192,0.124948,1,"chunk_size_1"
"CPU_Elastic","COMPUTE","Vcur-1","RESHAPE","",-1,4,-1,128,16,1,1,8192,0.000521,1,"chunk_size_1"
"CPU_Elastic","COMPUTE","Kcur-1 (view)","VIEW","",-1,5,-1,2048,1,1,1,8192,0.000417,1,"chunk_size_1"
"CPU_Elastic","COMPUTE","cache_k_l1 (view)","SET_ROWS","",-1,6,-1,2048,512,1,1,2097152,0.001667,1,"chunk_size_1"
"CPU_Elastic","COMPUTE","Vcur-1 (view)","VIEW","",-1,7,-1,2048,1,1,1,8192,0.000521,1,"chunk_size_1"
"CPU_Elastic","COMPUTE","cache_v_l1 (view)","SET_ROWS","",-1,8,-1,2048,512,1,1,2097152,0.001510,1,"chunk_size_1"
"CPU_Elastic","COMPUTE","cache_v_l1 (view)","VIEW","",-1,9,-1,128,16,256,1,1048576,0.000417,1,"chunk_size_1"
"CPU_Elastic","COMPUTE","cache_v_l1 (view) (permuted)","PERMUTE","",-1,10,-1,128,256,16,1,1048576,0.008438,1,"chunk_size_1"
"CPU_Elastic","COMPUTE","cache_v_l1 (view) (permuted) (transposed)","TRANSPOSE","",-1,11,-1,256,128,16,1,1048576,0.000521,1,"chunk_size_1"
"CPU_Elastic","COMPUTE","v_cont-1","CONT","",-1,12,-1,256,128,16,1,1048576,0.496302,1,"chunk_size_1"
"CPU_Elastic","COMPUTE","cache_k_l1 (view)","VIEW","",-1,13,-1,128,16,256,1,1048576,0.000469,1,"chunk_size_1"
"CPU_Elastic","COMPUTE","cache_k_l1 (view) (permuted)","PERMUTE","",-1,14,-1,128,256,16,1,1048576,0.000469,1,"chunk_size_1"
"CPU_Elastic","COMPUTE","Qcur-1 (view)","VIEW","",-1,15,-1,128,16,1,1,8192,0.000469,1,"chunk_size_1"
"CPU_Elastic","COMPUTE","Qcur-1 (view) (permuted)","PERMUTE","",-1,16,-1,128,1,16,1,8192,0.000469,1,"chunk_size_1"
"CPU_Elastic","COMPUTE","kq-1","MUL_MAT","",-1,17,-1,256,1,16,1,16384,0.058385,1,"chunk_size_1"
"CPU_Elastic","COMPUTE","kq_soft_max-1","SOFT_MAX","",-1,18,-1,256,1,16,1,16384,0.018177,1,"chunk_size_1"
"CPU_Elastic","COMPUTE","kqv-1","MUL_MAT","",-1,19,-1,128,1,16,1,8192,0.040521,1,"chunk_size_1"
"CPU_Elastic","COMPUTE","kqv-1 (permuted)","PERMUTE","",-1,20,-1,128,16,1,1,8192,0.000469,1,"chunk_size_1"
"CPU_Elastic","COMPUTE","kqv_out-1","CONT","",-1,21,-1,2048,1,1,1,8192,0.004427,1,"chunk_size_1"
"CPU_Elastic","COMPUTE","node_95","MUL_MAT","",-1,22,-1,2048,1,1,1,8192,0.103802,1,"chunk_size_1"
"CPU_Elastic","COMPUTE","ffn_inp-1","ADD","",-1,23,-1,2048,1,1,1,8192,0.005052,1,"chunk_size_1"
"CPU_Elastic","COMPUTE_GRAPH","ggml_cgraph","GRAPH","",-1,24,-1,0,0,0,0,0,0.880418,1,"delegate_cpu_graph"
"CPU_Elastic","COMPUTE","ffn_norm-1","MUL","",-1,0,-1,2048,1,1,1,8192,0.005833,1,"chunk_size_1"
"CPU_Elastic","COMPUTE","ffn_moe_logits-1","MUL_MAT","",-1,1,-1,64,1,1,1,256,0.012969,1,"chunk_size_1"
"CPU_Elastic","COMPUTE","ffn_moe_probs-1","SOFT_MAX","",-1,2,-1,64,1,1,1,256,0.000989,1,"chunk_size_1"
"CPU_Elastic","COMPUTE","ffn_moe_probs-1 (reshaped)","RESHAPE","",-1,3,-1,1,64,1,1,256,0.000417,1,"chunk_size_1"
"CPU_Elastic","COMPUTE","ffn_moe_argsort-1","ARGSORT","",-1,4,-1,64,1,1,1,256,0.011302,1,"chunk_size_1"
"CPU_Elastic","COMPUTE","ffn_moe_topk-1","VIEW","",-1,5,-1,8,1,1,1,32,0.000521,1,"chunk_size_1"
"CPU_Elastic","COMPUTE","ffn_moe_weights-1","GET_ROWS","",-1,6,-1,1,8,1,1,32,0.000573,1,"chunk_size_1"
"CPU_Elastic","COMPUTE","ffn_norm-1 (reshaped)","RESHAPE","",-1,7,-1,2048,1,1,1,8192,0.000417,1,"chunk_size_1"
"CPU_Elastic","COMPUTE","ffn_moe_gate-1","MUL_MAT_ID","",-1,8,-1,1024,8,1,1,32768,0.357031,1,"chunk_size_1"
"CPU_Elastic","COMPUTE","ffn_moe_up-1","MUL_MAT_ID","",-1,9,-1,1024,8,1,1,32768,0.370990,1,"chunk_size_1"
"CPU_Elastic","COMPUTE","ffn_moe_weighted-1","GLU","",-1,10,-1,1024,8,1,1,32768,0.007865,1,"chunk_size_1"
"CPU_Elastic","COMPUTE","ffn_moe_down-1","MUL_MAT_ID","",-1,11,-1,2048,8,1,1,65536,0.570365,1,"chunk_size_1"
"CPU_Elastic","COMPUTE","node_110","MUL","",-1,12,-1,2048,8,1,1,65536,0.030260,1,"chunk_size_1"
"CPU_Elastic","COMPUTE"," (view)","VIEW","",-1,13,-1,2048,1,1,1,8192,0.000573,1,"chunk_size_1"
"CPU_Elastic","COMPUTE","node_110 (view)","VIEW","",-1,14,-1,2048,1,1,1,8192,0.000468,1,"chunk_size_1"
"CPU_Elastic","COMPUTE","node_110 (view)","VIEW","",-1,15,-1,2048,1,1,1,8192,0.000469,1,"chunk_size_1"
"CPU_Elastic","COMPUTE","node_110 (view)","VIEW","",-1,16,-1,2048,1,1,1,8192,0.000469,1,"chunk_size_1"
"CPU_Elastic","COMPUTE","node_110 (view)","VIEW","",-1,17,-1,2048,1,1,1,8192,0.000417,1,"chunk_size_1"
"CPU_Elastic","COMPUTE","node_110 (view)","VIEW","",-1,18,-1,2048,1,1,1,8192,0.000417,1,"chunk_size_1"
"CPU_Elastic","COMPUTE","node_110 (view)","VIEW","",-1,19,-1,2048,1,1,1,8192,0.000469,1,"chunk_size_1"
"CPU_Elastic","COMPUTE","node_110 (view)","VIEW","",-1,20,-1,2048,1,1,1,8192,0.000469,1,"chunk_size_1"
"CPU_Elastic","COMPUTE","node_119","ADD","",-1,21,-1,2048,1,1,1,8192,0.003906,1,"chunk_size_1"
"CPU_Elastic","COMPUTE","node_120","ADD","",-1,22,-1,2048,1,1,1,8192,0.004427,1,"chunk_size_1"
"CPU_Elastic","COMPUTE","node_121","ADD","",-1,23,-1,2048,1,1,1,8192,0.003750,1,"chunk_size_1"
"CPU_Elastic","COMPUTE","node_122","ADD","",-1,24,-1,2048,1,1,1,8192,0.003750,1,"chunk_size_1"
"CPU_Elastic","COMPUTE","node_123","ADD","",-1,25,-1,2048,1,1,1,8192,0.003438,1,"chunk_size_1"
"CPU_Elastic","COMPUTE","node_124","ADD","",-1,26,-1,2048,1,1,1,8192,0.003698,1,"chunk_size_1"
"CPU_Elastic","COMPUTE","ffn_moe_out-1","ADD","",-1,27,-1,2048,1,1,1,8192,0.003489,1,"chunk_size_1"
"CPU_Elastic","COMPUTE","l_out-1","ADD","",-1,28,-1,2048,1,1,1,8192,0.005260,1,"chunk_size_1"
"CPU_Elastic","COMPUTE_GRAPH","ggml_cgraph","GRAPH","",-1,29,-1,0,0,0,0,0,1.405001,1,"delegate_cpu_graph"
"CPU_Elastic","COMPUTE","attn_norm-2","MUL","",-1,0,-1,2048,1,1,1,8192,0.005208,1,"chunk_size_1"
"CPU_Elastic","COMPUTE","Qcur-2","MUL_MAT","",-1,1,-1,2048,1,1,1,8192,0.103854,1,"chunk_size_1"
"CPU_Elastic","COMPUTE_GRAPH","ggml_cgraph","GRAPH","",-1,2,-1,0,0,0,0,0,0.109062,1,"delegate_cpu_graph"
"CPU_Elastic","COMPUTE","Qcur_normed-2","MUL","",-1,0,-1,2048,1,1,1,8192,0.005000,1,"chunk_size_1"
"CPU_Elastic","COMPUTE","Qcur_normed-2 (reshaped)","RESHAPE","",-1,1,-1,128,16,1,1,8192,0.000521,1,"chunk_size_1"
"CPU_Elastic","COMPUTE","Qcur-2","ROPE","",-1,2,-1,128,16,1,1,8192,0.006094,1,"chunk_size_1"
"CPU_Elastic","COMPUTE","Kcur-2","MUL_MAT","",-1,3,-1,2048,1,1,1,8192,0.103594,1,"chunk_size_1"
"CPU_Elastic","COMPUTE_GRAPH","ggml_cgraph","GRAPH","",-1,4,-1,0,0,0,0,0,0.115209,1,"delegate_cpu_graph"
"CPU_Elastic","COMPUTE","Kcur_normed-2","MUL","",-1,0,-1,2048,1,1,1,8192,0.005729,1,"chunk_size_1"
"CPU_Elastic","COMPUTE","Kcur_normed-2 (reshaped)","RESHAPE","",-1,1,-1,128,16,1,1,8192,0.000521,1,"chunk_size_1"
"CPU_Elastic","COMPUTE","Kcur-2","ROPE","",-1,2,-1,128,16,1,1,8192,0.005573,1,"chunk_size_1"
"CPU_Elastic","COMPUTE","Vcur-2","MUL_MAT","",-1,3,-1,2048,1,1,1,8192,0.102031,1,"chunk_size_1"
"CPU_Elastic","COMPUTE","Vcur-2","RESHAPE","",-1,4,-1,128,16,1,1,8192,0.000573,1,"chunk_size_1"
"CPU_Elastic","COMPUTE","Kcur-2 (view)","VIEW","",-1,5,-1,2048,1,1,1,8192,0.000521,1,"chunk_size_1"
"CPU_Elastic","COMPUTE","cache_k_l2 (view)","SET_ROWS","",-1,6,-1,2048,512,1,1,2097152,0.002031,1,"chunk_size_1"
"CPU_Elastic","COMPUTE","Vcur-2 (view)","VIEW","",-1,7,-1,2048,1,1,1,8192,0.000417,1,"chunk_size_1"
"CPU_Elastic","COMPUTE","cache_v_l2 (view)","SET_ROWS","",-1,8,-1,2048,512,1,1,2097152,0.001875,1,"chunk_size_1"
"CPU_Elastic","COMPUTE","cache_v_l2 (view)","VIEW","",-1,9,-1,128,16,256,1,1048576,0.000417,1,"chunk_size_1"
"CPU_Elastic","COMPUTE","cache_v_l2 (view) (permuted)","PERMUTE","",-1,10,-1,128,256,16,1,1048576,0.000468,1,"chunk_size_1"
"CPU_Elastic","COMPUTE","cache_v_l2 (view) (permuted) (transposed)","TRANSPOSE","",-1,11,-1,256,128,16,1,1048576,0.000469,1,"chunk_size_1"
"CPU_Elastic","COMPUTE","v_cont-2","CONT","",-1,12,-1,256,128,16,1,1048576,0.519427,1,"chunk_size_1"
"CPU_Elastic","COMPUTE","cache_k_l2 (view)","VIEW","",-1,13,-1,128,16,256,1,1048576,0.000468,1,"chunk_size_1"
"CPU_Elastic","COMPUTE","cache_k_l2 (view) (permuted)","PERMUTE","",-1,14,-1,128,256,16,1,1048576,0.000469,1,"chunk_size_1"
"CPU_Elastic","COMPUTE","Qcur-2 (view)","VIEW","",-1,15,-1,128,16,1,1,8192,0.000416,1,"chunk_size_1"
"CPU_Elastic","COMPUTE","Qcur-2 (view) (permuted)","PERMUTE","",-1,16,-1,128,1,16,1,8192,0.000469,1,"chunk_size_1"
"CPU_Elastic","COMPUTE","kq-2","MUL_MAT","",-1,17,-1,256,1,16,1,16384,0.055260,1,"chunk_size_1"
"CPU_Elastic","COMPUTE","kq_soft_max-2","SOFT_MAX","",-1,18,-1,256,1,16,1,16384,0.017968,1,"chunk_size_1"
"CPU_Elastic","COMPUTE","kqv-2","MUL_MAT","",-1,19,-1,128,1,16,1,8192,0.039532,1,"chunk_size_1"
"CPU_Elastic","COMPUTE","kqv-2 (permuted)","PERMUTE","",-1,20,-1,128,16,1,1,8192,0.000625,1,"chunk_size_1"
"CPU_Elastic","COMPUTE","kqv_out-2","CONT","",-1,21,-1,2048,1,1,1,8192,0.005104,1,"chunk_size_1"
"CPU_Elastic","COMPUTE","node_158","MUL_MAT","",-1,22,-1,2048,1,1,1,8192,0.113541,1,"chunk_size_1"
"CPU_Elastic","COMPUTE","ffn_inp-2","ADD","",-1,23,-1,2048,1,1,1,8192,0.004896,1,"chunk_size_1"
"CPU_Elastic","COMPUTE_GRAPH","ggml_cgraph","GRAPH","",-1,24,-1,0,0,0,0,0,0.878800,1,"delegate_cpu_graph"
"CPU_Elastic","COMPUTE","ffn_norm-2","MUL","",-1,0,-1,2048,1,1,1,8192,0.005157,1,"chunk_size_1"
"CPU_Elastic","COMPUTE","ffn_moe_logits-2","MUL_MAT","",-1,1,-1,64,1,1,1,256,0.014062,1,"chunk_size_1"
"CPU_Elastic","COMPUTE","ffn_moe_probs-2","SOFT_MAX","",-1,2,-1,64,1,1,1,256,0.000938,1,"chunk_size_1"
"CPU_Elastic","COMPUTE","ffn_moe_probs-2 (reshaped)","RESHAPE","",-1,3,-1,1,64,1,1,256,0.000520,1,"chunk_size_1"
"CPU_Elastic","COMPUTE","ffn_moe_argsort-2","ARGSORT","",-1,4,-1,64,1,1,1,256,0.009843,1,"chunk_size_1"
"CPU_Elastic","COMPUTE","ffn_moe_topk-2","VIEW","",-1,5,-1,8,1,1,1,32,0.000625,1,"chunk_size_1"
"CPU_Elastic","COMPUTE","ffn_moe_weights-2","GET_ROWS","",-1,6,-1,1,8,1,1,32,0.000625,1,"chunk_size_1"
"CPU_Elastic","COMPUTE","ffn_norm-2 (reshaped)","RESHAPE","",-1,7,-1,2048,1,1,1,8192,0.000468,1,"chunk_size_1"
"CPU_Elastic","COMPUTE","ffn_moe_gate-2","MUL_MAT_ID","",-1,8,-1,1024,8,1,1,32768,0.363437,1,"chunk_size_1"
"CPU_Elastic","COMPUTE","ffn_moe_up-2","MUL_MAT_ID","",-1,9,-1,1024,8,1,1,32768,0.373073,1,"chunk_size_1"
"CPU_Elastic","COMPUTE","ffn_moe_weighted-2","GLU","",-1,10,-1,1024,8,1,1,32768,0.025782,1,"chunk_size_1"
"CPU_Elastic","COMPUTE","ffn_moe_down-2","MUL_MAT_ID","",-1,11,-1,2048,8,1,1,65536,0.379688,1,"chunk_size_1"
"CPU_Elastic","COMPUTE","node_173","MUL","",-1,12,-1,2048,8,1,1,65536,0.030156,1,"chunk_size_1"
"CPU_Elastic","COMPUTE"," (view)","VIEW","",-1,13,-1,2048,1,1,1,8192,0.000781,1,"chunk_size_1"
"CPU_Elastic","COMPUTE","node_173 (view)","VIEW","",-1,14,-1,2048,1,1,1,8192,0.000521,1,"chunk_size_1"
"CPU_Elastic","COMPUTE","node_173 (view)","VIEW","",-1,15,-1,2048,1,1,1,8192,0.000469,1,"chunk_size_1"
"CPU_Elastic","COMPUTE","node_173 (view)","VIEW","",-1,16,-1,2048,1,1,1,8192,0.000469,1,"chunk_size_1"
"CPU_Elastic","COMPUTE","node_173 (view)","VIEW","",-1,17,-1,2048,1,1,1,8192,0.000520,1,"chunk_size_1"
"CPU_Elastic","COMPUTE","node_173 (view)","VIEW","",-1,18,-1,2048,1,1,1,8192,0.000468,1,"chunk_size_1"
"CPU_Elastic","COMPUTE","node_173 (view)","VIEW","",-1,19,-1,2048,1,1,1,8192,0.000416,1,"chunk_size_1"
"CPU_Elastic","COMPUTE","node_173 (view)","VIEW","",-1,20,-1,2048,1,1,1,8192,0.000416,1,"chunk_size_1"
"CPU_Elastic","COMPUTE","node_182","ADD","",-1,21,-1,2048,1,1,1,8192,0.004115,1,"chunk_size_1"
"CPU_Elastic","COMPUTE","node_183","ADD","",-1,22,-1,2048,1,1,1,8192,0.004948,1,"chunk_size_1"
"CPU_Elastic","COMPUTE","node_184","ADD","",-1,23,-1,2048,1,1,1,8192,0.004063,1,"chunk_size_1"
"CPU_Elastic","COMPUTE","node_185","ADD","",-1,24,-1,2048,1,1,1,8192,0.005156,1,"chunk_size_1"
"CPU_Elastic","COMPUTE","node_186","ADD","",-1,25,-1,2048,1,1,1,8192,0.004166,1,"chunk_size_1"
"CPU_Elastic","COMPUTE","node_187","ADD","",-1,26,-1,2048,1,1,1,8192,0.005261,1,"chunk_size_1"
"CPU_Elastic","COMPUTE","ffn_moe_out-2","ADD","",-1,27,-1,2048,1,1,1,8192,0.003803,1,"chunk_size_1"
"CPU_Elastic","COMPUTE","l_out-2","ADD","",-1,28,-1,2048,1,1,1,8192,0.004688,1,"chunk_size_1"
"CPU_Elastic","COMPUTE_GRAPH","ggml_cgraph","GRAPH","",-1,29,-1,0,0,0,0,0,1.244634,1,"delegate_cpu_graph"
"CPU_Elastic","COMPUTE","attn_norm-3","MUL","",-1,0,-1,2048,1,1,1,8192,0.006198,1,"chunk_size_1"
"CPU_Elastic","COMPUTE","Qcur-3","MUL_MAT","",-1,1,-1,2048,1,1,1,8192,0.103802,1,"chunk_size_1"
"CPU_Elastic","COMPUTE_GRAPH","ggml_cgraph","GRAPH","",-1,2,-1,0,0,0,0,0,0.110000,1,"delegate_cpu_graph"
"CPU_Elastic","COMPUTE","Qcur_normed-3","MUL","",-1,0,-1,2048,1,1,1,8192,0.005625,1,"chunk_size_1"
"CPU_Elastic","COMPUTE","Qcur_normed-3 (reshaped)","RESHAPE","",-1,1,-1,128,16,1,1,8192,0.000521,1,"chunk_size_1"
"CPU_Elastic","COMPUTE","Qcur-3","ROPE","",-1,2,-1,128,16,1,1,8192,0.005781,1,"chunk_size_1"
"CPU_Elastic","COMPUTE","Kcur-3","MUL_MAT","",-1,3,-1,2048,1,1,1,8192,0.101875,1,"chunk_size_1"
"CPU_Elastic","COMPUTE_GRAPH","ggml_cgraph","GRAPH","",-1,4,-1,0,0,0,0,0,0.113802,1,"delegate_cpu_graph"
"CPU_Elastic","COMPUTE","Kcur_normed-3","MUL","",-1,0,-1,2048,1,1,1,8192,0.004427,1,"chunk_size_1"
"CPU_Elastic","COMPUTE","Kcur_normed-3 (reshaped)","RESHAPE","",-1,1,-1,128,16,1,1,8192,0.000573,1,"chunk_size_1"
"CPU_Elastic","COMPUTE","Kcur-3","ROPE","",-1,2,-1,128,16,1,1,8192,0.004427,1,"chunk_size_1"
"CPU_Elastic","COMPUTE","Vcur-3","MUL_MAT","",-1,3,-1,2048,1,1,1,8192,0.102135,1,"chunk_size_1"
"CPU_Elastic","COMPUTE","Vcur-3","RESHAPE","",-1,4,-1,128,16,1,1,8192,0.000521,1,"chunk_size_1"
"CPU_Elastic","COMPUTE","Kcur-3 (view)","VIEW","",-1,5,-1,2048,1,1,1,8192,0.000469,1,"chunk_size_1"
"CPU_Elastic","COMPUTE","cache_k_l3 (view)","SET_ROWS","",-1,6,-1,2048,512,1,1,2097152,0.001823,1,"chunk_size_1"
"CPU_Elastic","COMPUTE","Vcur-3 (view)","VIEW","",-1,7,-1,2048,1,1,1,8192,0.000365,1,"chunk_size_1"
"CPU_Elastic","COMPUTE","cache_v_l3 (view)","SET_ROWS","",-1,8,-1,2048,512,1,1,2097152,0.001667,1,"chunk_size_1"
"CPU_Elastic","COMPUTE","cache_v_l3 (view)","VIEW","",-1,9,-1,128,16,256,1,1048576,0.000469,1,"chunk_size_1"
"CPU_Elastic","COMPUTE","cache_v_l3 (view) (permuted)","PERMUTE","",-1,10,-1,128,256,16,1,1048576,0.000416,1,"chunk_size_1"
"CPU_Elastic","COMPUTE","cache_v_l3 (view) (permuted) (transposed)","TRANSPOSE","",-1,11,-1,256,128,16,1,1048576,0.000416,1,"chunk_size_1"
"CPU_Elastic","COMPUTE","v_cont-3","CONT","",-1,12,-1,256,128,16,1,1048576,0.498594,1,"chunk_size_1"
"CPU_Elastic","COMPUTE","cache_k_l3 (view)","VIEW","",-1,13,-1,128,16,256,1,1048576,0.000573,1,"chunk_size_1"
"CPU_Elastic","COMPUTE","cache_k_l3 (view) (permuted)","PERMUTE","",-1,14,-1,128,256,16,1,1048576,0.000520,1,"chunk_size_1"
"CPU_Elastic","COMPUTE","Qcur-3 (view)","VIEW","",-1,15,-1,128,16,1,1,8192,0.000365,1,"chunk_size_1"
"CPU_Elastic","COMPUTE","Qcur-3 (view) (permuted)","PERMUTE","",-1,16,-1,128,1,16,1,8192,0.000416,1,"chunk_size_1"
"CPU_Elastic","COMPUTE","kq-3","MUL_MAT","",-1,17,-1,256,1,16,1,16384,0.055781,1,"chunk_size_1"
"CPU_Elastic","COMPUTE","kq_soft_max-3","SOFT_MAX","",-1,18,-1,256,1,16,1,16384,0.016771,1,"chunk_size_1"
"CPU_Elastic","COMPUTE","kqv-3","MUL_MAT","",-1,19,-1,128,1,16,1,8192,0.038437,1,"chunk_size_1"
"CPU_Elastic","COMPUTE","kqv-3 (permuted)","PERMUTE","",-1,20,-1,128,16,1,1,8192,0.000521,1,"chunk_size_1"
"CPU_Elastic","COMPUTE","kqv_out-3","CONT","",-1,21,-1,2048,1,1,1,8192,0.004948,1,"chunk_size_1"
"CPU_Elastic","COMPUTE","node_221","MUL_MAT","",-1,22,-1,2048,1,1,1,8192,0.116980,1,"chunk_size_1"
"CPU_Elastic","COMPUTE","ffn_inp-3","ADD","",-1,23,-1,2048,1,1,1,8192,0.004688,1,"chunk_size_1"
"CPU_Elastic","COMPUTE_GRAPH","ggml_cgraph","GRAPH","",-1,24,-1,0,0,0,0,0,0.856302,1,"delegate_cpu_graph"
"CPU_Elastic","COMPUTE","ffn_norm-3","MUL","",-1,0,-1,2048,1,1,1,8192,0.004948,1,"chunk_size_1"
"CPU_Elastic","COMPUTE","ffn_moe_logits-3","MUL_MAT","",-1,1,-1,64,1,1,1,256,0.013073,1,"chunk_size_1"
"CPU_Elastic","COMPUTE","ffn_moe_probs-3","SOFT_MAX","",-1,2,-1,64,1,1,1,256,0.000989,1,"chunk_size_1"
"CPU_Elastic","COMPUTE","ffn_moe_probs-3 (reshaped)","RESHAPE","",-1,3,-1,1,64,1,1,256,0.000469,1,"chunk_size_1"
"CPU_Elastic","COMPUTE","ffn_moe_argsort-3","ARGSORT","",-1,4,-1,64,1,1,1,256,0.011718,1,"chunk_size_1"
"CPU_Elastic","COMPUTE","ffn_moe_topk-3","VIEW","",-1,5,-1,8,1,1,1,32,0.000520,1,"chunk_size_1"
"CPU_Elastic","COMPUTE","ffn_moe_weights-3","GET_ROWS","",-1,6,-1,1,8,1,1,32,0.000573,1,"chunk_size_1"
"CPU_Elastic","COMPUTE","ffn_norm-3 (reshaped)","RESHAPE","",-1,7,-1,2048,1,1,1,8192,0.000417,1,"chunk_size_1"
"CPU_Elastic","COMPUTE","ffn_moe_gate-3","MUL_MAT_ID","",-1,8,-1,1024,8,1,1,32768,0.362656,1,"chunk_size_1"
"CPU_Elastic","COMPUTE","ffn_moe_up-3","MUL_MAT_ID","",-1,9,-1,1024,8,1,1,32768,0.375937,1,"chunk_size_1"
"CPU_Elastic","COMPUTE","ffn_moe_weighted-3","GLU","",-1,10,-1,1024,8,1,1,32768,0.007292,1,"chunk_size_1"
"CPU_Elastic","COMPUTE","ffn_moe_down-3","MUL_MAT_ID","",-1,11,-1,2048,8,1,1,65536,0.378177,1,"chunk_size_1"
"CPU_Elastic","COMPUTE","node_236","MUL","",-1,12,-1,2048,8,1,1,65536,0.030312,1,"chunk_size_1"
"CPU_Elastic","COMPUTE"," (view)","VIEW","",-1,13,-1,2048,1,1,1,8192,0.000521,1,"chunk_size_1"
"CPU_Elastic","COMPUTE","node_236 (view)","VIEW","",-1,14,-1,2048,1,1,1,8192,0.000469,1,"chunk_size_1"
"CPU_Elastic","COMPUTE","node_236 (view)","VIEW","",-1,15,-1,2048,1,1,1,8192,0.000416,1,"chunk_size_1"
"CPU_Elastic","COMPUTE","node_236 (view)","VIEW","",-1,16,-1,2048,1,1,1,8192,0.000469,1,"chunk_size_1"
"CPU_Elastic","COMPUTE","node_236 (view)","VIEW","",-1,17,-1,2048,1,1,1,8192,0.000416,1,"chunk_size_1"
"CPU_Elastic","COMPUTE","node_236 (view)","VIEW","",-1,18,-1,2048,1,1,1,8192,0.000469,1,"chunk_size_1"
"CPU_Elastic","COMPUTE","node_236 (view)","VIEW","",-1,19,-1,2048,1,1,1,8192,0.000417,1,"chunk_size_1"
"CPU_Elastic","COMPUTE","node_236 (view)","VIEW","",-1,20,-1,2048,1,1,1,8192,0.000416,1,"chunk_size_1"
"CPU_Elastic","COMPUTE","node_245","ADD","",-1,21,-1,2048,1,1,1,8192,0.005364,1,"chunk_size_1"
"CPU_Elastic","COMPUTE","node_246","ADD","",-1,22,-1,2048,1,1,1,8192,0.005052,1,"chunk_size_1"
"CPU_Elastic","COMPUTE","node_247","ADD","",-1,23,-1,2048,1,1,1,8192,0.005260,1,"chunk_size_1"
"CPU_Elastic","COMPUTE","node_248","ADD","",-1,24,-1,2048,1,1,1,8192,0.005209,1,"chunk_size_1"
"CPU_Elastic","COMPUTE","node_249","ADD","",-1,25,-1,2048,1,1,1,8192,0.004219,1,"chunk_size_1"
"CPU_Elastic","COMPUTE","node_250","ADD","",-1,26,-1,2048,1,1,1,8192,0.004375,1,"chunk_size_1"
"CPU_Elastic","COMPUTE","ffn_moe_out-3","ADD","",-1,27,-1,2048,1,1,1,8192,0.003490,1,"chunk_size_1"
"CPU_Elastic","COMPUTE","l_out-3","ADD","",-1,28,-1,2048,1,1,1,8192,0.004739,1,"chunk_size_1"
"CPU_Elastic","COMPUTE_GRAPH","ggml_cgraph","GRAPH","",-1,29,-1,0,0,0,0,0,1.228382,1,"delegate_cpu_graph"
"CPU_Elastic","COMPUTE","attn_norm-4","MUL","",-1,0,-1,2048,1,1,1,8192,0.004271,1,"chunk_size_1"
"CPU_Elastic","COMPUTE","Qcur-4","MUL_MAT","",-1,1,-1,2048,1,1,1,8192,0.102917,1,"chunk_size_1"
"CPU_Elastic","COMPUTE_GRAPH","ggml_cgraph","GRAPH","",-1,2,-1,0,0,0,0,0,0.107188,1,"delegate_cpu_graph"
"CPU_Elastic","COMPUTE","Qcur_normed-4","MUL","",-1,0,-1,2048,1,1,1,8192,0.005677,1,"chunk_size_1"
"CPU_Elastic","COMPUTE","Qcur_normed-4 (reshaped)","RESHAPE","",-1,1,-1,128,16,1,1,8192,0.000625,1,"chunk_size_1"
"CPU_Elastic","COMPUTE","Qcur-4","ROPE","",-1,2,-1,128,16,1,1,8192,0.004584,1,"chunk_size_1"
"CPU_Elastic","COMPUTE","Kcur-4","MUL_MAT","",-1,3,-1,2048,1,1,1,8192,0.103646,1,"chunk_size_1"
"CPU_Elastic","COMPUTE_GRAPH","ggml_cgraph","GRAPH","",-1,4,-1,0,0,0,0,0,0.114532,1,"delegate_cpu_graph"
"CPU_Elastic","COMPUTE","Kcur_normed-4","MUL","",-1,0,-1,2048,1,1,1,8192,0.005625,1,"chunk_size_1"
"CPU_Elastic","COMPUTE","Kcur_normed-4 (reshaped)","RESHAPE","",-1,1,-1,128,16,1,1,8192,0.000521,1,"chunk_size_1"
"CPU_Elastic","COMPUTE","Kcur-4","ROPE","",-1,2,-1,128,16,1,1,8192,0.005781,1,"chunk_size_1"
"CPU_Elastic","COMPUTE","Vcur-4","MUL_MAT","",-1,3,-1,2048,1,1,1,8192,1.723125,1,"chunk_size_1"
"CPU_Elastic","COMPUTE","Vcur-4","RESHAPE","",-1,4,-1,128,16,1,1,8192,0.000469,1,"chunk_size_1"
"CPU_Elastic","COMPUTE","Kcur-4 (view)","VIEW","",-1,5,-1,2048,1,1,1,8192,0.000417,1,"chunk_size_1"
"CPU_Elastic","COMPUTE","cache_k_l4 (view)","SET_ROWS","",-1,6,-1,2048,512,1,1,2097152,0.001875,1,"chunk_size_1"
"CPU_Elastic","COMPUTE","Vcur-4 (view)","VIEW","",-1,7,-1,2048,1,1,1,8192,0.000417,1,"chunk_size_1"
"CPU_Elastic","COMPUTE","cache_v_l4 (view)","SET_ROWS","",-1,8,-1,2048,512,1,1,2097152,0.001667,1,"chunk_size_1"
"CPU_Elastic","COMPUTE","cache_v_l4 (view)","VIEW","",-1,9,-1,128,16,256,1,1048576,0.000417,1,"chunk_size_1"
"CPU_Elastic","COMPUTE","cache_v_l4 (view) (permuted)","PERMUTE","",-1,10,-1,128,256,16,1,1048576,0.000625,1,"chunk_size_1"
"CPU_Elastic","COMPUTE","cache_v_l4 (view) (permuted) (transposed)","TRANSPOSE","",-1,11,-1,256,128,16,1,1048576,0.000469,1,"chunk_size_1"
"CPU_Elastic","COMPUTE","v_cont-4","CONT","",-1,12,-1,256,128,16,1,1048576,0.501666,1,"chunk_size_1"
"CPU_Elastic","COMPUTE","cache_k_l4 (view)","VIEW","",-1,13,-1,128,16,256,1,1048576,0.000520,1,"chunk_size_1"
"CPU_Elastic","COMPUTE","cache_k_l4 (view) (permuted)","PERMUTE","",-1,14,-1,128,256,16,1,1048576,0.000521,1,"chunk_size_1"
"CPU_Elastic","COMPUTE","Qcur-4 (view)","VIEW","",-1,15,-1,128,16,1,1,8192,0.000417,1,"chunk_size_1"
"CPU_Elastic","COMPUTE","Qcur-4 (view) (permuted)","PERMUTE","",-1,16,-1,128,1,16,1,8192,0.000468,1,"chunk_size_1"
"CPU_Elastic","COMPUTE","kq-4","MUL_MAT","",-1,17,-1,256,1,16,1,16384,0.056615,1,"chunk_size_1"
"CPU_Elastic","COMPUTE","kq_soft_max-4","SOFT_MAX","",-1,18,-1,256,1,16,1,16384,0.017447,1,"chunk_size_1"
"CPU_Elastic","COMPUTE","kqv-4","MUL_MAT","",-1,19,-1,128,1,16,1,8192,0.043073,1,"chunk_size_1"
"CPU_Elastic","COMPUTE","kqv-4 (permuted)","PERMUTE","",-1,20,-1,128,16,1,1,8192,0.000417,1,"chunk_size_1"
"CPU_Elastic","COMPUTE","kqv_out-4","CONT","",-1,21,-1,2048,1,1,1,8192,0.003802,1,"chunk_size_1"
"CPU_Elastic","COMPUTE","node_284","MUL_MAT","",-1,22,-1,2048,1,1,1,8192,0.125990,1,"chunk_size_1"
"CPU_Elastic","COMPUTE","ffn_inp-4","ADD","",-1,23,-1,2048,1,1,1,8192,0.003490,1,"chunk_size_1"
"CPU_Elastic","COMPUTE_GRAPH","ggml_cgraph","GRAPH","",-1,24,-1,0,0,0,0,0,2.495834,1,"delegate_cpu_graph"
"CPU_Elastic","COMPUTE","ffn_norm-4","MUL","",-1,0,-1,2048,1,1,1,8192,0.005052,1,"chunk_size_1"
"CPU_Elastic","COMPUTE","ffn_moe_logits-4","MUL_MAT","",-1,1,-1,64,1,1,1,256,0.013490,1,"chunk_size_1"
"CPU_Elastic","COMPUTE","ffn_moe_probs-4","SOFT_MAX","",-1,2,-1,64,1,1,1,256,0.000938,1,"chunk_size_1"
"CPU_Elastic","COMPUTE","ffn_moe_probs-4 (reshaped)","RESHAPE","",-1,3,-1,1,64,1,1,256,0.000520,1,"chunk_size_1"
"CPU_Elastic","COMPUTE","ffn_moe_argsort-4","ARGSORT","",-1,4,-1,64,1,1,1,256,0.011354,1,"chunk_size_1"
"CPU_Elastic","COMPUTE","ffn_moe_topk-4","VIEW","",-1,5,-1,8,1,1,1,32,0.000521,1,"chunk_size_1"
"CPU_Elastic","COMPUTE","ffn_moe_weights-4","GET_ROWS","",-1,6,-1,1,8,1,1,32,0.000573,1,"chunk_size_1"
"CPU_Elastic","COMPUTE","ffn_norm-4 (reshaped)","RESHAPE","",-1,7,-1,2048,1,1,1,8192,0.000573,1,"chunk_size_1"
"CPU_Elastic","COMPUTE","ffn_moe_gate-4","MUL_MAT_ID","",-1,8,-1,1024,8,1,1,32768,0.383282,1,"chunk_size_1"
"CPU_Elastic","COMPUTE","ffn_moe_up-4","MUL_MAT_ID","",-1,9,-1,1024,8,1,1,32768,0.373750,1,"chunk_size_1"
"CPU_Elastic","COMPUTE","ffn_moe_weighted-4","GLU","",-1,10,-1,1024,8,1,1,32768,0.008282,1,"chunk_size_1"
"CPU_Elastic","COMPUTE","ffn_moe_down-4","MUL_MAT_ID","",-1,11,-1,2048,8,1,1,65536,0.504583,1,"chunk_size_1"
"CPU_Elastic","COMPUTE","node_299","MUL","",-1,12,-1,2048,8,1,1,65536,0.028906,1,"chunk_size_1"
"CPU_Elastic","COMPUTE"," (view)","VIEW","",-1,13,-1,2048,1,1,1,8192,0.000573,1,"chunk_size_1"
"CPU_Elastic","COMPUTE","node_299 (view)","VIEW","",-1,14,-1,2048,1,1,1,8192,0.000469,1,"chunk_size_1"
"CPU_Elastic","COMPUTE","node_299 (view)","VIEW","",-1,15,-1,2048,1,1,1,8192,0.000677,1,"chunk_size_1"
"CPU_Elastic","COMPUTE","node_299 (view)","VIEW","",-1,16,-1,2048,1,1,1,8192,0.000416,1,"chunk_size_1"
"CPU_Elastic","COMPUTE","node_299 (view)","VIEW","",-1,17,-1,2048,1,1,1,8192,0.000417,1,"chunk_size_1"
"CPU_Elastic","COMPUTE","node_299 (view)","VIEW","",-1,18,-1,2048,1,1,1,8192,0.000468,1,"chunk_size_1"
"CPU_Elastic","COMPUTE","node_299 (view)","VIEW","",-1,19,-1,2048,1,1,1,8192,0.000521,1,"chunk_size_1"
"CPU_Elastic","COMPUTE","node_299 (view)","VIEW","",-1,20,-1,2048,1,1,1,8192,0.000417,1,"chunk_size_1"
"CPU_Elastic","COMPUTE","node_308","ADD","",-1,21,-1,2048,1,1,1,8192,0.004531,1,"chunk_size_1"
"CPU_Elastic","COMPUTE","node_309","ADD","",-1,22,-1,2048,1,1,1,8192,0.005313,1,"chunk_size_1"
"CPU_Elastic","COMPUTE","node_310","ADD","",-1,23,-1,2048,1,1,1,8192,0.004114,1,"chunk_size_1"
"CPU_Elastic","COMPUTE","node_311","ADD","",-1,24,-1,2048,1,1,1,8192,0.004427,1,"chunk_size_1"
"CPU_Elastic","COMPUTE","node_312","ADD","",-1,25,-1,2048,1,1,1,8192,0.004844,1,"chunk_size_1"
"CPU_Elastic","COMPUTE","node_313","ADD","",-1,26,-1,2048,1,1,1,8192,0.003541,1,"chunk_size_1"
"CPU_Elastic","COMPUTE","ffn_moe_out-4","ADD","",-1,27,-1,2048,1,1,1,8192,0.004895,1,"chunk_size_1"
"CPU_Elastic","COMPUTE","l_out-4","ADD","",-1,28,-1,2048,1,1,1,8192,0.004844,1,"chunk_size_1"
"CPU_Elastic","COMPUTE_GRAPH","ggml_cgraph","GRAPH","",-1,29,-1,0,0,0,0,0,1.372291,1,"delegate_cpu_graph"
"CPU_Elastic","COMPUTE","attn_norm-5","MUL","",-1,0,-1,2048,1,1,1,8192,0.004844,1,"chunk_size_1"
"CPU_Elastic","COMPUTE","Qcur-5","MUL_MAT","",-1,1,-1,2048,1,1,1,8192,0.103125,1,"chunk_size_1"
"CPU_Elastic","COMPUTE_GRAPH","ggml_cgraph","GRAPH","",-1,2,-1,0,0,0,0,0,0.107969,1,"delegate_cpu_graph"
"CPU_Elastic","COMPUTE","Qcur_normed-5","MUL","",-1,0,-1,2048,1,1,1,8192,0.005416,1,"chunk_size_1"
"CPU_Elastic","COMPUTE","Qcur_normed-5 (reshaped)","RESHAPE","",-1,1,-1,128,16,1,1,8192,0.000521,1,"chunk_size_1"
"CPU_Elastic","COMPUTE","Qcur-5","ROPE","",-1,2,-1,128,16,1,1,8192,0.004792,1,"chunk_size_1"
"CPU_Elastic","COMPUTE","Kcur-5","MUL_MAT","",-1,3,-1,2048,1,1,1,8192,0.103594,1,"chunk_size_1"
"CPU_Elastic","COMPUTE_GRAPH","ggml_cgraph","GRAPH","",-1,4,-1,0,0,0,0,0,0.114323,1,"delegate_cpu_graph"
"CPU_Elastic","COMPUTE","Kcur_normed-5","MUL","",-1,0,-1,2048,1,1,1,8192,0.005000,1,"chunk_size_1"
"CPU_Elastic","COMPUTE","Kcur_normed-5 (reshaped)","RESHAPE","",-1,1,-1,128,16,1,1,8192,0.000520,1,"chunk_size_1"
"CPU_Elastic","COMPUTE","Kcur-5","ROPE","",-1,2,-1,128,16,1,1,8192,0.005104,1,"chunk_size_1"
"CPU_Elastic","COMPUTE","Vcur-5","MUL_MAT","",-1,3,-1,2048,1,1,1,8192,0.103073,1,"chunk_size_1"
"CPU_Elastic","COMPUTE","Vcur-5","RESHAPE","",-1,4,-1,128,16,1,1,8192,0.000521,1,"chunk_size_1"
"CPU_Elastic","COMPUTE","Kcur-5 (view)","VIEW","",-1,5,-1,2048,1,1,1,8192,0.000469,1,"chunk_size_1"
"CPU_Elastic","COMPUTE","cache_k_l5 (view)","SET_ROWS","",-1,6,-1,2048,512,1,1,2097152,0.001927,1,"chunk_size_1"
"CPU_Elastic","COMPUTE","Vcur-5 (view)","VIEW","",-1,7,-1,2048,1,1,1,8192,0.000469,1,"chunk_size_1"
"CPU_Elastic","COMPUTE","cache_v_l5 (view)","SET_ROWS","",-1,8,-1,2048,512,1,1,2097152,0.001615,1,"chunk_size_1"
"CPU_Elastic","COMPUTE","cache_v_l5 (view)","VIEW","",-1,9,-1,128,16,256,1,1048576,0.000469,1,"chunk_size_1"
"CPU_Elastic","COMPUTE","cache_v_l5 (view) (permuted)","PERMUTE","",-1,10,-1,128,256,16,1,1048576,0.000468,1,"chunk_size_1"
"CPU_Elastic","COMPUTE","cache_v_l5 (view) (permuted) (transposed)","TRANSPOSE","",-1,11,-1,256,128,16,1,1048576,0.000521,1,"chunk_size_1"
"CPU_Elastic","COMPUTE","v_cont-5","CONT","",-1,12,-1,256,128,16,1,1048576,0.500417,1,"chunk_size_1"
"CPU_Elastic","COMPUTE","cache_k_l5 (view)","VIEW","",-1,13,-1,128,16,256,1,1048576,0.000521,1,"chunk_size_1"
"CPU_Elastic","COMPUTE","cache_k_l5 (view) (permuted)","PERMUTE","",-1,14,-1,128,256,16,1,1048576,0.000417,1,"chunk_size_1"
"CPU_Elastic","COMPUTE","Qcur-5 (view)","VIEW","",-1,15,-1,128,16,1,1,8192,0.000521,1,"chunk_size_1"
"CPU_Elastic","COMPUTE","Qcur-5 (view) (permuted)","PERMUTE","",-1,16,-1,128,1,16,1,8192,0.000417,1,"chunk_size_1"
"CPU_Elastic","COMPUTE","kq-5","MUL_MAT","",-1,17,-1,256,1,16,1,16384,0.053490,1,"chunk_size_1"
"CPU_Elastic","COMPUTE","kq_soft_max-5","SOFT_MAX","",-1,18,-1,256,1,16,1,16384,0.017552,1,"chunk_size_1"
"CPU_Elastic","COMPUTE","kqv-5","MUL_MAT","",-1,19,-1,128,1,16,1,8192,0.041407,1,"chunk_size_1"
"CPU_Elastic","COMPUTE","kqv-5 (permuted)","PERMUTE","",-1,20,-1,128,16,1,1,8192,0.000469,1,"chunk_size_1"
"CPU_Elastic","COMPUTE","kqv_out-5","CONT","",-1,21,-1,2048,1,1,1,8192,0.004375,1,"chunk_size_1"
"CPU_Elastic","COMPUTE","node_347","MUL_MAT","",-1,22,-1,2048,1,1,1,8192,0.113386,1,"chunk_size_1"
"CPU_Elastic","COMPUTE","ffn_inp-5","ADD","",-1,23,-1,2048,1,1,1,8192,0.005104,1,"chunk_size_1"
"CPU_Elastic","COMPUTE_GRAPH","ggml_cgraph","GRAPH","",-1,24,-1,0,0,0,0,0,0.858232,1,"delegate_cpu_graph"
"CPU_Elastic","COMPUTE","ffn_norm-5","MUL","",-1,0,-1,2048,1,1,1,8192,0.005677,1,"chunk_size_1"
"CPU_Elastic","COMPUTE","ffn_moe_logits-5","MUL_MAT","",-1,1,-1,64,1,1,1,256,0.012657,1,"chunk_size_1"
"CPU_Elastic","COMPUTE","ffn_moe_probs-5","SOFT_MAX","",-1,2,-1,64,1,1,1,256,0.000937,1,"chunk_size_1"
"CPU_Elastic","COMPUTE","ffn_moe_probs-5 (reshaped)","RESHAPE","",-1,3,-1,1,64,1,1,256,0.000521,1,"chunk_size_1"
"CPU_Elastic","COMPUTE","ffn_moe_argsort-5","ARGSORT","",-1,4,-1,64,1,1,1,256,0.011406,1,"chunk_size_1"
"CPU_Elastic","COMPUTE","ffn_moe_topk-5","VIEW","",-1,5,-1,8,1,1,1,32,0.000468,1,"chunk_size_1"
"CPU_Elastic","COMPUTE","ffn_moe_weights-5","GET_ROWS","",-1,6,-1,1,8,1,1,32,0.000573,1,"chunk_size_1"
"CPU_Elastic","COMPUTE","ffn_norm-5 (reshaped)","RESHAPE","",-1,7,-1,2048,1,1,1,8192,0.000469,1,"chunk_size_1"
"CPU_Elastic","COMPUTE","ffn_moe_gate-5","MUL_MAT_ID","",-1,8,-1,1024,8,1,1,32768,0.373750,1,"chunk_size_1"
"CPU_Elastic","COMPUTE","ffn_moe_up-5","MUL_MAT_ID","",-1,9,-1,1024,8,1,1,32768,0.371458,1,"chunk_size_1"
"CPU_Elastic","COMPUTE","ffn_moe_weighted-5","GLU","",-1,10,-1,1024,8,1,1,32768,0.007812,1,"chunk_size_1"
"CPU_Elastic","COMPUTE","ffn_moe_down-5","MUL_MAT_ID","",-1,11,-1,2048,8,1,1,65536,0.381198,1,"chunk_size_1"
"CPU_Elastic","COMPUTE","node_362","MUL","",-1,12,-1,2048,8,1,1,65536,0.031823,1,"chunk_size_1"
"CPU_Elastic","COMPUTE"," (view)","VIEW","",-1,13,-1,2048,1,1,1,8192,0.000729,1,"chunk_size_1"
"CPU_Elastic","COMPUTE","node_362 (view)","VIEW","",-1,14,-1,2048,1,1,1,8192,0.000417,1,"chunk_size_1"
"CPU_Elastic","COMPUTE","node_362 (view)","VIEW","",-1,15,-1,2048,1,1,1,8192,0.000417,1,"chunk_size_1"
"CPU_Elastic","COMPUTE","node_362 (view)","VIEW","",-1,16,-1,2048,1,1,1,8192,0.000469,1,"chunk_size_1"
"CPU_Elastic","COMPUTE","node_362 (view)","VIEW","",-1,17,-1,2048,1,1,1,8192,0.000417,1,"chunk_size_1"
"CPU_Elastic","COMPUTE","node_362 (view)","VIEW","",-1,18,-1,2048,1,1,1,8192,0.000417,1,"chunk_size_1"
"CPU_Elastic","COMPUTE","node_362 (view)","VIEW","",-1,19,-1,2048,1,1,1,8192,0.000365,1,"chunk_size_1"
"CPU_Elastic","COMPUTE","node_362 (view)","VIEW","",-1,20,-1,2048,1,1,1,8192,0.000521,1,"chunk_size_1"
"CPU_Elastic","COMPUTE","node_371","ADD","",-1,21,-1,2048,1,1,1,8192,0.004583,1,"chunk_size_1"
"CPU_Elastic","COMPUTE","node_372","ADD","",-1,22,-1,2048,1,1,1,8192,0.003802,1,"chunk_size_1"
"CPU_Elastic","COMPUTE","node_373","ADD","",-1,23,-1,2048,1,1,1,8192,0.005104,1,"chunk_size_1"
"CPU_Elastic","COMPUTE","node_374","ADD","",-1,24,-1,2048,1,1,1,8192,0.005260,1,"chunk_size_1"
"CPU_Elastic","COMPUTE","node_375","ADD","",-1,25,-1,2048,1,1,1,8192,0.004948,1,"chunk_size_1"
"CPU_Elastic","COMPUTE","node_376","ADD","",-1,26,-1,2048,1,1,1,8192,0.003698,1,"chunk_size_1"
"CPU_Elastic","COMPUTE","ffn_moe_out-5","ADD","",-1,27,-1,2048,1,1,1,8192,0.004166,1,"chunk_size_1"
"CPU_Elastic","COMPUTE","l_out-5","ADD","",-1,28,-1,2048,1,1,1,8192,0.004635,1,"chunk_size_1"
"CPU_Elastic","COMPUTE_GRAPH","ggml_cgraph","GRAPH","",-1,29,-1,0,0,0,0,0,1.238697,1,"delegate_cpu_graph"
"CPU_Elastic","COMPUTE","attn_norm-6","MUL","",-1,0,-1,2048,1,1,1,8192,0.006093,1,"chunk_size_1"
"CPU_Elastic","COMPUTE","Qcur-6","MUL_MAT","",-1,1,-1,2048,1,1,1,8192,0.102292,1,"chunk_size_1"
"CPU_Elastic","COMPUTE_GRAPH","ggml_cgraph","GRAPH","",-1,2,-1,0,0,0,0,0,0.108385,1,"delegate_cpu_graph"
"CPU_Elastic","COMPUTE","Qcur_normed-6","MUL","",-1,0,-1,2048,1,1,1,8192,0.005156,1,"chunk_size_1"
"CPU_Elastic","COMPUTE","Qcur_normed-6 (reshaped)","RESHAPE","",-1,1,-1,128,16,1,1,8192,0.000573,1,"chunk_size_1"
"CPU_Elastic","COMPUTE","Qcur-6","ROPE","",-1,2,-1,128,16,1,1,8192,0.005312,1,"chunk_size_1"
"CPU_Elastic","COMPUTE","Kcur-6","MUL_MAT","",-1,3,-1,2048,1,1,1,8192,0.102136,1,"chunk_size_1"
"CPU_Elastic","COMPUTE_GRAPH","ggml_cgraph","GRAPH","",-1,4,-1,0,0,0,0,0,0.113177,1,"delegate_cpu_graph"
"CPU_Elastic","COMPUTE","Kcur_normed-6","MUL","",-1,0,-1,2048,1,1,1,8192,0.004479,1,"chunk_size_1"
"CPU_Elastic","COMPUTE","Kcur_normed-6 (reshaped)","RESHAPE","",-1,1,-1,128,16,1,1,8192,0.000521,1,"chunk_size_1"
"CPU_Elastic","COMPUTE","Kcur-6","ROPE","",-1,2,-1,128,16,1,1,8192,0.004219,1,"chunk_size_1"
"CPU_Elastic","COMPUTE","Vcur-6","MUL_MAT","",-1,3,-1,2048,1,1,1,8192,0.102864,1,"chunk_size_1"
"CPU_Elastic","COMPUTE","Vcur-6","RESHAPE","",-1,4,-1,128,16,1,1,8192,0.000572,1,"chunk_size_1"
"CPU_Elastic","COMPUTE","Kcur-6 (view)","VIEW","",-1,5,-1,2048,1,1,1,8192,0.000416,1,"chunk_size_1"
"CPU_Elastic","COMPUTE","cache_k_l6 (view)","SET_ROWS","",-1,6,-1,2048,512,1,1,2097152,0.001823,1,"chunk_size_1"
"CPU_Elastic","COMPUTE","Vcur-6 (view)","VIEW","",-1,7,-1,2048,1,1,1,8192,0.000417,1,"chunk_size_1"
"CPU_Elastic","COMPUTE","cache_v_l6 (view)","SET_ROWS","",-1,8,-1,2048,512,1,1,2097152,0.001719,1,"chunk_size_1"
"CPU_Elastic","COMPUTE","cache_v_l6 (view)","VIEW","",-1,9,-1,128,16,256,1,1048576,0.000417,1,"chunk_size_1"
"CPU_Elastic","COMPUTE","cache_v_l6 (view) (permuted)","PERMUTE","",-1,10,-1,128,256,16,1,1048576,0.000469,1,"chunk_size_1"
"CPU_Elastic","COMPUTE","cache_v_l6 (view) (permuted) (transposed)","TRANSPOSE","",-1,11,-1,256,128,16,1,1048576,0.000469,1,"chunk_size_1"
"CPU_Elastic","COMPUTE","v_cont-6","CONT","",-1,12,-1,256,128,16,1,1048576,0.499427,1,"chunk_size_1"
"CPU_Elastic","COMPUTE","cache_k_l6 (view)","VIEW","",-1,13,-1,128,16,256,1,1048576,0.000469,1,"chunk_size_1"
"CPU_Elastic","COMPUTE","cache_k_l6 (view) (permuted)","PERMUTE","",-1,14,-1,128,256,16,1,1048576,0.000469,1,"chunk_size_1"
"CPU_Elastic","COMPUTE","Qcur-6 (view)","VIEW","",-1,15,-1,128,16,1,1,8192,0.000417,1,"chunk_size_1"
"CPU_Elastic","COMPUTE","Qcur-6 (view) (permuted)","PERMUTE","",-1,16,-1,128,1,16,1,8192,0.000469,1,"chunk_size_1"
"CPU_Elastic","COMPUTE","kq-6","MUL_MAT","",-1,17,-1,256,1,16,1,16384,0.038281,1,"chunk_size_1"
"CPU_Elastic","COMPUTE","kq_soft_max-6","SOFT_MAX","",-1,18,-1,256,1,16,1,16384,0.016875,1,"chunk_size_1"
"CPU_Elastic","COMPUTE","kqv-6","MUL_MAT","",-1,19,-1,128,1,16,1,8192,0.039479,1,"chunk_size_1"
"CPU_Elastic","COMPUTE","kqv-6 (permuted)","PERMUTE","",-1,20,-1,128,16,1,1,8192,0.000677,1,"chunk_size_1"
"CPU_Elastic","COMPUTE","kqv_out-6","CONT","",-1,21,-1,2048,1,1,1,8192,0.004323,1,"chunk_size_1"
"CPU_Elastic","COMPUTE","node_410","MUL_MAT","",-1,22,-1,2048,1,1,1,8192,0.113125,1,"chunk_size_1"
"CPU_Elastic","COMPUTE","ffn_inp-6","ADD","",-1,23,-1,2048,1,1,1,8192,0.004844,1,"chunk_size_1"
"CPU_Elastic","COMPUTE_GRAPH","ggml_cgraph","GRAPH","",-1,24,-1,0,0,0,0,0,0.837240,1,"delegate_cpu_graph"
"CPU_Elastic","COMPUTE","ffn_norm-6","MUL","",-1,0,-1,2048,1,1,1,8192,0.005157,1,"chunk_size_1"
"CPU_Elastic","COMPUTE","ffn_moe_logits-6","MUL_MAT","",-1,1,-1,64,1,1,1,256,0.014532,1,"chunk_size_1"
"CPU_Elastic","COMPUTE","ffn_moe_probs-6","SOFT_MAX","",-1,2,-1,64,1,1,1,256,0.000938,1,"chunk_size_1"
"CPU_Elastic","COMPUTE","ffn_moe_probs-6 (reshaped)","RESHAPE","",-1,3,-1,1,64,1,1,256,0.000469,1,"chunk_size_1"
"CPU_Elastic","COMPUTE","ffn_moe_argsort-6","ARGSORT","",-1,4,-1,64,1,1,1,256,0.011822,1,"chunk_size_1"
"CPU_Elastic","COMPUTE","ffn_moe_topk-6","VIEW","",-1,5,-1,8,1,1,1,32,0.000729,1,"chunk_size_1"
"CPU_Elastic","COMPUTE","ffn_moe_weights-6","GET_ROWS","",-1,6,-1,1,8,1,1,32,0.000469,1,"chunk_size_1"
"CPU_Elastic","COMPUTE","ffn_norm-6 (reshaped)","RESHAPE","",-1,7,-1,2048,1,1,1,8192,0.000469,1,"chunk_size_1"
"CPU_Elastic","COMPUTE","ffn_moe_gate-6","MUL_MAT_ID","",-1,8,-1,1024,8,1,1,32768,0.363802,1,"chunk_size_1"
"CPU_Elastic","COMPUTE","ffn_moe_up-6","MUL_MAT_ID","",-1,9,-1,1024,8,1,1,32768,0.375156,1,"chunk_size_1"
"CPU_Elastic","COMPUTE","ffn_moe_weighted-6","GLU","",-1,10,-1,1024,8,1,1,32768,0.026094,1,"chunk_size_1"
"CPU_Elastic","COMPUTE","ffn_moe_down-6","MUL_MAT_ID","",-1,11,-1,2048,8,1,1,65536,0.380000,1,"chunk_size_1"
"CPU_Elastic","COMPUTE","node_425","MUL","",-1,12,-1,2048,8,1,1,65536,0.028646,1,"chunk_size_1"
"CPU_Elastic","COMPUTE"," (view)","VIEW","",-1,13,-1,2048,1,1,1,8192,0.000677,1,"chunk_size_1"
"CPU_Elastic","COMPUTE","node_425 (view)","VIEW","",-1,14,-1,2048,1,1,1,8192,0.000417,1,"chunk_size_1"
"CPU_Elastic","COMPUTE","node_425 (view)","VIEW","",-1,15,-1,2048,1,1,1,8192,0.000469,1,"chunk_size_1"
"CPU_Elastic","COMPUTE","node_425 (view)","VIEW","",-1,16,-1,2048,1,1,1,8192,0.000417,1,"chunk_size_1"
"CPU_Elastic","COMPUTE","node_425 (view)","VIEW","",-1,17,-1,2048,1,1,1,8192,0.000468,1,"chunk_size_1"
"CPU_Elastic","COMPUTE","node_425 (view)","VIEW","",-1,18,-1,2048,1,1,1,8192,0.000417,1,"chunk_size_1"
"CPU_Elastic","COMPUTE","node_425 (view)","VIEW","",-1,19,-1,2048,1,1,1,8192,0.000469,1,"chunk_size_1"
"CPU_Elastic","COMPUTE","node_425 (view)","VIEW","",-1,20,-1,2048,1,1,1,8192,0.000416,1,"chunk_size_1"
"CPU_Elastic","COMPUTE","node_434","ADD","",-1,21,-1,2048,1,1,1,8192,0.005104,1,"chunk_size_1"
"CPU_Elastic","COMPUTE","node_435","ADD","",-1,22,-1,2048,1,1,1,8192,0.003489,1,"chunk_size_1"
"CPU_Elastic","COMPUTE","node_436","ADD","",-1,23,-1,2048,1,1,1,8192,0.004792,1,"chunk_size_1"
"CPU_Elastic","COMPUTE","node_437","ADD","",-1,24,-1,2048,1,1,1,8192,0.003698,1,"chunk_size_1"
"CPU_Elastic","COMPUTE","node_438","ADD","",-1,25,-1,2048,1,1,1,8192,0.003438,1,"chunk_size_1"
"CPU_Elastic","COMPUTE","node_439","ADD","",-1,26,-1,2048,1,1,1,8192,0.005208,1,"chunk_size_1"
"CPU_Elastic","COMPUTE","ffn_moe_out-6","ADD","",-1,27,-1,2048,1,1,1,8192,0.005312,1,"chunk_size_1"
"CPU_Elastic","COMPUTE","l_out-6","ADD","",-1,28,-1,2048,1,1,1,8192,0.004063,1,"chunk_size_1"
"CPU_Elastic","COMPUTE_GRAPH","ggml_cgraph","GRAPH","",-1,29,-1,0,0,0,0,0,1.247137,1,"delegate_cpu_graph"
"CPU_Elastic","COMPUTE","attn_norm-7","MUL","",-1,0,-1,2048,1,1,1,8192,0.004844,1,"chunk_size_1"
"CPU_Elastic","COMPUTE","Qcur-7","MUL_MAT","",-1,1,-1,2048,1,1,1,8192,0.103541,1,"chunk_size_1"
"CPU_Elastic","COMPUTE_GRAPH","ggml_cgraph","GRAPH","",-1,2,-1,0,0,0,0,0,0.108385,1,"delegate_cpu_graph"
"CPU_Elastic","COMPUTE","Qcur_normed-7","MUL","",-1,0,-1,2048,1,1,1,8192,0.005312,1,"chunk_size_1"
"CPU_Elastic","COMPUTE","Qcur_normed-7 (reshaped)","RESHAPE","",-1,1,-1,128,16,1,1,8192,0.000521,1,"chunk_size_1"
"CPU_Elastic","COMPUTE","Qcur-7","ROPE","",-1,2,-1,128,16,1,1,8192,0.005833,1,"chunk_size_1"
"CPU_Elastic","COMPUTE","Kcur-7","MUL_MAT","",-1,3,-1,2048,1,1,1,8192,0.103177,1,"chunk_size_1"
"CPU_Elastic","COMPUTE_GRAPH","ggml_cgraph","GRAPH","",-1,4,-1,0,0,0,0,0,0.114843,1,"delegate_cpu_graph"
"CPU_Elastic","COMPUTE","Kcur_normed-7","MUL","",-1,0,-1,2048,1,1,1,8192,0.004792,1,"chunk_size_1"
"CPU_Elastic","COMPUTE","Kcur_normed-7 (reshaped)","RESHAPE","",-1,1,-1,128,16,1,1,8192,0.000677,1,"chunk_size_1"
"CPU_Elastic","COMPUTE","Kcur-7","ROPE","",-1,2,-1,128,16,1,1,8192,0.005833,1,"chunk_size_1"
"CPU_Elastic","COMPUTE","Vcur-7","MUL_MAT","",-1,3,-1,2048,1,1,1,8192,0.128594,1,"chunk_size_1"
"CPU_Elastic","COMPUTE","Vcur-7","RESHAPE","",-1,4,-1,128,16,1,1,8192,0.000573,1,"chunk_size_1"
"CPU_Elastic","COMPUTE","Kcur-7 (view)","VIEW","",-1,5,-1,2048,1,1,1,8192,0.000573,1,"chunk_size_1"
"CPU_Elastic","COMPUTE","cache_k_l7 (view)","SET_ROWS","",-1,6,-1,2048,512,1,1,2097152,0.001875,1,"chunk_size_1"
"CPU_Elastic","COMPUTE","Vcur-7 (view)","VIEW","",-1,7,-1,2048,1,1,1,8192,0.000468,1,"chunk_size_1"
"CPU_Elastic","COMPUTE","cache_v_l7 (view)","SET_ROWS","",-1,8,-1,2048,512,1,1,2097152,0.001667,1,"chunk_size_1"
"CPU_Elastic","COMPUTE","cache_v_l7 (view)","VIEW","",-1,9,-1,128,16,256,1,1048576,0.000469,1,"chunk_size_1"
"CPU_Elastic","COMPUTE","cache_v_l7 (view) (permuted)","PERMUTE","",-1,10,-1,128,256,16,1,1048576,0.000469,1,"chunk_size_1"
"CPU_Elastic","COMPUTE","cache_v_l7 (view) (permuted) (transposed)","TRANSPOSE","",-1,11,-1,256,128,16,1,1048576,0.000521,1,"chunk_size_1"
"CPU_Elastic","COMPUTE","v_cont-7","CONT","",-1,12,-1,256,128,16,1,1048576,0.519010,1,"chunk_size_1"
"CPU_Elastic","COMPUTE","cache_k_l7 (view)","VIEW","",-1,13,-1,128,16,256,1,1048576,0.000573,1,"chunk_size_1"
"CPU_Elastic","COMPUTE","cache_k_l7 (view) (permuted)","PERMUTE","",-1,14,-1,128,256,16,1,1048576,0.000365,1,"chunk_size_1"
"CPU_Elastic","COMPUTE","Qcur-7 (view)","VIEW","",-1,15,-1,128,16,1,1,8192,0.000416,1,"chunk_size_1"
"CPU_Elastic","COMPUTE","Qcur-7 (view) (permuted)","PERMUTE","",-1,16,-1,128,1,16,1,8192,0.000417,1,"chunk_size_1"
"CPU_Elastic","COMPUTE","kq-7","MUL_MAT","",-1,17,-1,256,1,16,1,16384,0.055989,1,"chunk_size_1"
"CPU_Elastic","COMPUTE","kq_soft_max-7","SOFT_MAX","",-1,18,-1,256,1,16,1,16384,0.018073,1,"chunk_size_1"
"CPU_Elastic","COMPUTE","kqv-7","MUL_MAT","",-1,19,-1,128,1,16,1,8192,0.039895,1,"chunk_size_1"
"CPU_Elastic","COMPUTE","kqv-7 (permuted)","PERMUTE","",-1,20,-1,128,16,1,1,8192,0.000573,1,"chunk_size_1"
"CPU_Elastic","COMPUTE","kqv_out-7","CONT","",-1,21,-1,2048,1,1,1,8192,0.004323,1,"chunk_size_1"
"CPU_Elastic","COMPUTE","node_473","MUL_MAT","",-1,22,-1,2048,1,1,1,8192,0.115729,1,"chunk_size_1"
"CPU_Elastic","COMPUTE","ffn_inp-7","ADD","",-1,23,-1,2048,1,1,1,8192,0.004948,1,"chunk_size_1"
"CPU_Elastic","COMPUTE_GRAPH","ggml_cgraph","GRAPH","",-1,24,-1,0,0,0,0,0,0.906822,1,"delegate_cpu_graph"
"CPU_Elastic","COMPUTE","ffn_norm-7","MUL","",-1,0,-1,2048,1,1,1,8192,0.005625,1,"chunk_size_1"
"CPU_Elastic","COMPUTE","ffn_moe_logits-7","MUL_MAT","",-1,1,-1,64,1,1,1,256,0.014479,1,"chunk_size_1"
"CPU_Elastic","COMPUTE","ffn_moe_probs-7","SOFT_MAX","",-1,2,-1,64,1,1,1,256,0.001094,1,"chunk_size_1"
"CPU_Elastic","COMPUTE","ffn_moe_probs-7 (reshaped)","RESHAPE","",-1,3,-1,1,64,1,1,256,0.000417,1,"chunk_size_1"
"CPU_Elastic","COMPUTE","ffn_moe_argsort-7","ARGSORT","",-1,4,-1,64,1,1,1,256,0.011146,1,"chunk_size_1"
"CPU_Elastic","COMPUTE","ffn_moe_topk-7","VIEW","",-1,5,-1,8,1,1,1,32,0.000521,1,"chunk_size_1"
"CPU_Elastic","COMPUTE","ffn_moe_weights-7","GET_ROWS","",-1,6,-1,1,8,1,1,32,0.000678,1,"chunk_size_1"
"CPU_Elastic","COMPUTE","ffn_norm-7 (reshaped)","RESHAPE","",-1,7,-1,2048,1,1,1,8192,0.000416,1,"chunk_size_1"
"CPU_Elastic","COMPUTE","ffn_moe_gate-7","MUL_MAT_ID","",-1,8,-1,1024,8,1,1,32768,0.364791,1,"chunk_size_1"
"CPU_Elastic","COMPUTE","ffn_moe_up-7","MUL_MAT_ID","",-1,9,-1,1024,8,1,1,32768,0.371927,1,"chunk_size_1"
"CPU_Elastic","COMPUTE","ffn_moe_weighted-7","GLU","",-1,10,-1,1024,8,1,1,32768,0.026719,1,"chunk_size_1"
"CPU_Elastic","COMPUTE","ffn_moe_down-7","MUL_MAT_ID","",-1,11,-1,2048,8,1,1,65536,0.527709,1,"chunk_size_1"
"CPU_Elastic","COMPUTE","node_488","MUL","",-1,12,-1,2048,8,1,1,65536,0.030313,1,"chunk_size_1"
"CPU_Elastic","COMPUTE"," (view)","VIEW","",-1,13,-1,2048,1,1,1,8192,0.000521,1,"chunk_size_1"
"CPU_Elastic","COMPUTE","node_488 (view)","VIEW","",-1,14,-1,2048,1,1,1,8192,0.000521,1,"chunk_size_1"
"CPU_Elastic","COMPUTE","node_488 (view)","VIEW","",-1,15,-1,2048,1,1,1,8192,0.000416,1,"chunk_size_1"
"CPU_Elastic","COMPUTE","node_488 (view)","VIEW","",-1,16,-1,2048,1,1,1,8192,0.001093,1,"chunk_size_1"
"CPU_Elastic","COMPUTE","node_488 (view)","VIEW","",-1,17,-1,2048,1,1,1,8192,0.000365,1,"chunk_size_1"
"CPU_Elastic","COMPUTE","node_488 (view)","VIEW","",-1,18,-1,2048,1,1,1,8192,0.000469,1,"chunk_size_1"
"CPU_Elastic","COMPUTE","node_488 (view)","VIEW","",-1,19,-1,2048,1,1,1,8192,0.000417,1,"chunk_size_1"
"CPU_Elastic","COMPUTE","node_488 (view)","VIEW","",-1,20,-1,2048,1,1,1,8192,0.000469,1,"chunk_size_1"
"CPU_Elastic","COMPUTE","node_497","ADD","",-1,21,-1,2048,1,1,1,8192,0.003281,1,"chunk_size_1"
"CPU_Elastic","COMPUTE","node_498","ADD","",-1,22,-1,2048,1,1,1,8192,0.003645,1,"chunk_size_1"
"CPU_Elastic","COMPUTE","node_499","ADD","",-1,23,-1,2048,1,1,1,8192,0.005104,1,"chunk_size_1"
"CPU_Elastic","COMPUTE","node_500","ADD","",-1,24,-1,2048,1,1,1,8192,0.003593,1,"chunk_size_1"
"CPU_Elastic","COMPUTE","node_501","ADD","",-1,25,-1,2048,1,1,1,8192,0.005313,1,"chunk_size_1"
"CPU_Elastic","COMPUTE","node_502","ADD","",-1,26,-1,2048,1,1,1,8192,0.004062,1,"chunk_size_1"
"CPU_Elastic","COMPUTE","ffn_moe_out-7","ADD","",-1,27,-1,2048,1,1,1,8192,0.004948,1,"chunk_size_1"
"CPU_Elastic","COMPUTE","l_out-7","ADD","",-1,28,-1,2048,1,1,1,8192,0.004688,1,"chunk_size_1"
"CPU_Elastic","COMPUTE_GRAPH","ggml_cgraph","GRAPH","",-1,29,-1,0,0,0,0,0,1.394740,1,"delegate_cpu_graph"
"CPU_Elastic","COMPUTE","attn_norm-8","MUL","",-1,0,-1,2048,1,1,1,8192,0.006302,1,"chunk_size_1"
"CPU_Elastic","COMPUTE","Qcur-8","MUL_MAT","",-1,1,-1,2048,1,1,1,8192,0.102500,1,"chunk_size_1"
"CPU_Elastic","COMPUTE_GRAPH","ggml_cgraph","GRAPH","",-1,2,-1,0,0,0,0,0,0.108802,1,"delegate_cpu_graph"
"CPU_Elastic","COMPUTE","Qcur_normed-8","MUL","",-1,0,-1,2048,1,1,1,8192,0.004688,1,"chunk_size_1"
"CPU_Elastic","COMPUTE","Qcur_normed-8 (reshaped)","RESHAPE","",-1,1,-1,128,16,1,1,8192,0.000625,1,"chunk_size_1"
"CPU_Elastic","COMPUTE","Qcur-8","ROPE","",-1,2,-1,128,16,1,1,8192,0.005156,1,"chunk_size_1"
"CPU_Elastic","COMPUTE","Kcur-8","MUL_MAT","",-1,3,-1,2048,1,1,1,8192,0.101770,1,"chunk_size_1"
"CPU_Elastic","COMPUTE_GRAPH","ggml_cgraph","GRAPH","",-1,4,-1,0,0,0,0,0,0.112239,1,"delegate_cpu_graph"
"CPU_Elastic","COMPUTE","Kcur_normed-8","MUL","",-1,0,-1,2048,1,1,1,8192,0.005052,1,"chunk_size_1"
"CPU_Elastic","COMPUTE","Kcur_normed-8 (reshaped)","RESHAPE","",-1,1,-1,128,16,1,1,8192,0.000937,1,"chunk_size_1"
"CPU_Elastic","COMPUTE","Kcur-8","ROPE","",-1,2,-1,128,16,1,1,8192,0.006042,1,"chunk_size_1"
"CPU_Elastic","COMPUTE","Vcur-8","MUL_MAT","",-1,3,-1,2048,1,1,1,8192,0.102500,1,"chunk_size_1"
"CPU_Elastic","COMPUTE","Vcur-8","RESHAPE","",-1,4,-1,128,16,1,1,8192,0.000520,1,"chunk_size_1"
"CPU_Elastic","COMPUTE","Kcur-8 (view)","VIEW","",-1,5,-1,2048,1,1,1,8192,0.000469,1,"chunk_size_1"
"CPU_Elastic","COMPUTE","cache_k_l8 (view)","SET_ROWS","",-1,6,-1,2048,512,1,1,2097152,0.001771,1,"chunk_size_1"
"CPU_Elastic","COMPUTE","Vcur-8 (view)","VIEW","",-1,7,-1,2048,1,1,1,8192,0.000417,1,"chunk_size_1"
"CPU_Elastic","COMPUTE","cache_v_l8 (view)","SET_ROWS","",-1,8,-1,2048,512,1,1,2097152,0.001614,1,"chunk_size_1"
"CPU_Elastic","COMPUTE","cache_v_l8 (view)","VIEW","",-1,9,-1,128,16,256,1,1048576,0.000417,1,"chunk_size_1"
"CPU_Elastic","COMPUTE","cache_v_l8 (view) (permuted)","PERMUTE","",-1,10,-1,128,256,16,1,1048576,0.000573,1,"chunk_size_1"
"CPU_Elastic","COMPUTE","cache_v_l8 (view) (permuted) (transposed)","TRANSPOSE","",-1,11,-1,256,128,16,1,1048576,0.000469,1,"chunk_size_1"
"CPU_Elastic","COMPUTE","v_cont-8","CONT","",-1,12,-1,256,128,16,1,1048576,0.502916,1,"chunk_size_1"
"CPU_Elastic","COMPUTE","cache_k_l8 (view)","VIEW","",-1,13,-1,128,16,256,1,1048576,0.000469,1,"chunk_size_1"
"CPU_Elastic","COMPUTE","cache_k_l8 (view) (permuted)","PERMUTE","",-1,14,-1,128,256,16,1,1048576,0.000521,1,"chunk_size_1"
"CPU_Elastic","COMPUTE","Qcur-8 (view)","VIEW","",-1,15,-1,128,16,1,1,8192,0.000417,1,"chunk_size_1"
"CPU_Elastic","COMPUTE","Qcur-8 (view) (permuted)","PERMUTE","",-1,16,-1,128,1,16,1,8192,0.000417,1,"chunk_size_1"
"CPU_Elastic","COMPUTE","kq-8","MUL_MAT","",-1,17,-1,256,1,16,1,16384,0.039115,1,"chunk_size_1"
"CPU_Elastic","COMPUTE","kq_soft_max-8","SOFT_MAX","",-1,18,-1,256,1,16,1,16384,0.016771,1,"chunk_size_1"
"CPU_Elastic","COMPUTE","kqv-8","MUL_MAT","",-1,19,-1,128,1,16,1,8192,0.040365,1,"chunk_size_1"
"CPU_Elastic","COMPUTE","kqv-8 (permuted)","PERMUTE","",-1,20,-1,128,16,1,1,8192,0.000469,1,"chunk_size_1"
"CPU_Elastic","COMPUTE","kqv_out-8","CONT","",-1,21,-1,2048,1,1,1,8192,0.004480,1,"chunk_size_1"
"CPU_Elastic","COMPUTE","node_536","MUL_MAT","",-1,22,-1,2048,1,1,1,8192,0.113333,1,"chunk_size_1"
"CPU_Elastic","COMPUTE","ffn_inp-8","ADD","",-1,23,-1,2048,1,1,1,8192,0.003802,1,"chunk_size_1"
"CPU_Elastic","COMPUTE_GRAPH","ggml_cgraph","GRAPH","",-1,24,-1,0,0,0,0,0,0.843856,1,"delegate_cpu_graph"
"CPU_Elastic","COMPUTE","ffn_norm-8","MUL","",-1,0,-1,2048,1,1,1,8192,0.006250,1,"chunk_size_1"
"CPU_Elastic","COMPUTE","ffn_moe_logits-8","MUL_MAT","",-1,1,-1,64,1,1,1,256,0.014791,1,"chunk_size_1"
"CPU_Elastic","COMPUTE","ffn_moe_probs-8","SOFT_MAX","",-1,2,-1,64,1,1,1,256,0.000885,1,"chunk_size_1"
"CPU_Elastic","COMPUTE","ffn_moe_probs-8 (reshaped)","RESHAPE","",-1,3,-1,1,64,1,1,256,0.000521,1,"chunk_size_1"
"CPU_Elastic","COMPUTE","ffn_moe_argsort-8","ARGSORT","",-1,4,-1,64,1,1,1,256,0.011459,1,"chunk_size_1"
"CPU_Elastic","COMPUTE","ffn_moe_topk-8","VIEW","",-1,5,-1,8,1,1,1,32,0.000521,1,"chunk_size_1"
"CPU_Elastic","COMPUTE","ffn_moe_weights-8","GET_ROWS","",-1,6,-1,1,8,1,1,32,0.000572,1,"chunk_size_1"
"CPU_Elastic","COMPUTE","ffn_norm-8 (reshaped)","RESHAPE","",-1,7,-1,2048,1,1,1,8192,0.000521,1,"chunk_size_1"
"CPU_Elastic","COMPUTE","ffn_moe_gate-8","MUL_MAT_ID","",-1,8,-1,1024,8,1,1,32768,0.365416,1,"chunk_size_1"
"CPU_Elastic","COMPUTE","ffn_moe_up-8","MUL_MAT_ID","",-1,9,-1,1024,8,1,1,32768,0.375989,1,"chunk_size_1"
"CPU_Elastic","COMPUTE","ffn_moe_weighted-8","GLU","",-1,10,-1,1024,8,1,1,32768,0.026510,1,"chunk_size_1"
"CPU_Elastic","COMPUTE","ffn_moe_down-8","MUL_MAT_ID","",-1,11,-1,2048,8,1,1,65536,0.399792,1,"chunk_size_1"
"CPU_Elastic","COMPUTE","node_551","MUL","",-1,12,-1,2048,8,1,1,65536,0.029480,1,"chunk_size_1"
"CPU_Elastic","COMPUTE"," (view)","VIEW","",-1,13,-1,2048,1,1,1,8192,0.000521,1,"chunk_size_1"
"CPU_Elastic","COMPUTE","node_551 (view)","VIEW","",-1,14,-1,2048,1,1,1,8192,0.000416,1,"chunk_size_1"
"CPU_Elastic","COMPUTE","node_551 (view)","VIEW","",-1,15,-1,2048,1,1,1,8192,0.000521,1,"chunk_size_1"
"CPU_Elastic","COMPUTE","node_551 (view)","VIEW","",-1,16,-1,2048,1,1,1,8192,0.000416,1,"chunk_size_1"
"CPU_Elastic","COMPUTE","node_551 (view)","VIEW","",-1,17,-1,2048,1,1,1,8192,0.000469,1,"chunk_size_1"
"CPU_Elastic","COMPUTE","node_551 (view)","VIEW","",-1,18,-1,2048,1,1,1,8192,0.000469,1,"chunk_size_1"
"CPU_Elastic","COMPUTE","node_551 (view)","VIEW","",-1,19,-1,2048,1,1,1,8192,0.000468,1,"chunk_size_1"
"CPU_Elastic","COMPUTE","node_551 (view)","VIEW","",-1,20,-1,2048,1,1,1,8192,0.000417,1,"chunk_size_1"
"CPU_Elastic","COMPUTE","node_560","ADD","",-1,21,-1,2048,1,1,1,8192,0.005208,1,"chunk_size_1"
"CPU_Elastic","COMPUTE","node_561","ADD","",-1,22,-1,2048,1,1,1,8192,0.004531,1,"chunk_size_1"
"CPU_Elastic","COMPUTE","node_562","ADD","",-1,23,-1,2048,1,1,1,8192,0.003698,1,"chunk_size_1"
"CPU_Elastic","COMPUTE","node_563","ADD","",-1,24,-1,2048,1,1,1,8192,0.003697,1,"chunk_size_1"
"CPU_Elastic","COMPUTE","node_564","ADD","",-1,25,-1,2048,1,1,1,8192,0.003542,1,"chunk_size_1"
"CPU_Elastic","COMPUTE","node_565","ADD","",-1,26,-1,2048,1,1,1,8192,0.005365,1,"chunk_size_1"
"CPU_Elastic","COMPUTE","ffn_moe_out-8","ADD","",-1,27,-1,2048,1,1,1,8192,0.003750,1,"chunk_size_1"
"CPU_Elastic","COMPUTE","l_out-8","ADD","",-1,28,-1,2048,1,1,1,8192,0.004896,1,"chunk_size_1"
"CPU_Elastic","COMPUTE_GRAPH","ggml_cgraph","GRAPH","",-1,29,-1,0,0,0,0,0,1.271091,1,"delegate_cpu_graph"
"CPU_Elastic","COMPUTE","attn_norm-9","MUL","",-1,0,-1,2048,1,1,1,8192,0.019375,1,"chunk_size_1"
"CPU_Elastic","COMPUTE","Qcur-9","MUL_MAT","",-1,1,-1,2048,1,1,1,8192,0.104166,1,"chunk_size_1"
"CPU_Elastic","COMPUTE_GRAPH","ggml_cgraph","GRAPH","",-1,2,-1,0,0,0,0,0,0.123541,1,"delegate_cpu_graph"
"CPU_Elastic","COMPUTE","Qcur_normed-9","MUL","",-1,0,-1,2048,1,1,1,8192,0.005156,1,"chunk_size_1"
"CPU_Elastic","COMPUTE","Qcur_normed-9 (reshaped)","RESHAPE","",-1,1,-1,128,16,1,1,8192,0.000520,1,"chunk_size_1"
"CPU_Elastic","COMPUTE","Qcur-9","ROPE","",-1,2,-1,128,16,1,1,8192,0.004479,1,"chunk_size_1"
"CPU_Elastic","COMPUTE","Kcur-9","MUL_MAT","",-1,3,-1,2048,1,1,1,8192,0.104584,1,"chunk_size_1"
"CPU_Elastic","COMPUTE_GRAPH","ggml_cgraph","GRAPH","",-1,4,-1,0,0,0,0,0,0.114739,1,"delegate_cpu_graph"
"CPU_Elastic","COMPUTE","Kcur_normed-9","MUL","",-1,0,-1,2048,1,1,1,8192,0.005156,1,"chunk_size_1"
"CPU_Elastic","COMPUTE","Kcur_normed-9 (reshaped)","RESHAPE","",-1,1,-1,128,16,1,1,8192,0.000573,1,"chunk_size_1"
"CPU_Elastic","COMPUTE","Kcur-9","ROPE","",-1,2,-1,128,16,1,1,8192,0.005156,1,"chunk_size_1"
"CPU_Elastic","COMPUTE","Vcur-9","MUL_MAT","",-1,3,-1,2048,1,1,1,8192,0.103594,1,"chunk_size_1"
"CPU_Elastic","COMPUTE","Vcur-9","RESHAPE","",-1,4,-1,128,16,1,1,8192,0.000520,1,"chunk_size_1"
"CPU_Elastic","COMPUTE","Kcur-9 (view)","VIEW","",-1,5,-1,2048,1,1,1,8192,0.000469,1,"chunk_size_1"
"CPU_Elastic","COMPUTE","cache_k_l9 (view)","SET_ROWS","",-1,6,-1,2048,512,1,1,2097152,0.001875,1,"chunk_size_1"
"CPU_Elastic","COMPUTE","Vcur-9 (view)","VIEW","",-1,7,-1,2048,1,1,1,8192,0.000521,1,"chunk_size_1"
"CPU_Elastic","COMPUTE","cache_v_l9 (view)","SET_ROWS","",-1,8,-1,2048,512,1,1,2097152,0.001771,1,"chunk_size_1"
"CPU_Elastic","COMPUTE","cache_v_l9 (view)","VIEW","",-1,9,-1,128,16,256,1,1048576,0.000364,1,"chunk_size_1"
"CPU_Elastic","COMPUTE","cache_v_l9 (view) (permuted)","PERMUTE","",-1,10,-1,128,256,16,1,1048576,0.000468,1,"chunk_size_1"
"CPU_Elastic","COMPUTE","cache_v_l9 (view) (permuted) (transposed)","TRANSPOSE","",-1,11,-1,256,128,16,1,1048576,0.000469,1,"chunk_size_1"
"CPU_Elastic","COMPUTE","v_cont-9","CONT","",-1,12,-1,256,128,16,1,1048576,0.498386,1,"chunk_size_1"
"CPU_Elastic","COMPUTE","cache_k_l9 (view)","VIEW","",-1,13,-1,128,16,256,1,1048576,0.000521,1,"chunk_size_1"
"CPU_Elastic","COMPUTE","cache_k_l9 (view) (permuted)","PERMUTE","",-1,14,-1,128,256,16,1,1048576,0.000520,1,"chunk_size_1"
"CPU_Elastic","COMPUTE","Qcur-9 (view)","VIEW","",-1,15,-1,128,16,1,1,8192,0.000469,1,"chunk_size_1"
"CPU_Elastic","COMPUTE","Qcur-9 (view) (permuted)","PERMUTE","",-1,16,-1,128,1,16,1,8192,0.000573,1,"chunk_size_1"
"CPU_Elastic","COMPUTE","kq-9","MUL_MAT","",-1,17,-1,256,1,16,1,16384,0.057344,1,"chunk_size_1"
"CPU_Elastic","COMPUTE","kq_soft_max-9","SOFT_MAX","",-1,18,-1,256,1,16,1,16384,0.018750,1,"chunk_size_1"
"CPU_Elastic","COMPUTE","kqv-9","MUL_MAT","",-1,19,-1,128,1,16,1,8192,0.040781,1,"chunk_size_1"
"CPU_Elastic","COMPUTE","kqv-9 (permuted)","PERMUTE","",-1,20,-1,128,16,1,1,8192,0.000469,1,"chunk_size_1"
"CPU_Elastic","COMPUTE","kqv_out-9","CONT","",-1,21,-1,2048,1,1,1,8192,0.005416,1,"chunk_size_1"
"CPU_Elastic","COMPUTE","node_599","MUL_MAT","",-1,22,-1,2048,1,1,1,8192,0.116146,1,"chunk_size_1"
"CPU_Elastic","COMPUTE","ffn_inp-9","ADD","",-1,23,-1,2048,1,1,1,8192,0.004791,1,"chunk_size_1"
"CPU_Elastic","COMPUTE_GRAPH","ggml_cgraph","GRAPH","",-1,24,-1,0,0,0,0,0,0.865102,1,"delegate_cpu_graph"
"CPU_Elastic","COMPUTE","ffn_norm-9","MUL","",-1,0,-1,2048,1,1,1,8192,0.005417,1,"chunk_size_1"
"CPU_Elastic","COMPUTE","ffn_moe_logits-9","MUL_MAT","",-1,1,-1,64,1,1,1,256,0.013697,1,"chunk_size_1"
"CPU_Elastic","COMPUTE","ffn_moe_probs-9","SOFT_MAX","",-1,2,-1,64,1,1,1,256,0.000833,1,"chunk_size_1"
"CPU_Elastic","COMPUTE","ffn_moe_probs-9 (reshaped)","RESHAPE","",-1,3,-1,1,64,1,1,256,0.000468,1,"chunk_size_1"
"CPU_Elastic","COMPUTE","ffn_moe_argsort-9","ARGSORT","",-1,4,-1,64,1,1,1,256,0.010678,1,"chunk_size_1"
"CPU_Elastic","COMPUTE","ffn_moe_topk-9","VIEW","",-1,5,-1,8,1,1,1,32,0.000573,1,"chunk_size_1"
"CPU_Elastic","COMPUTE","ffn_moe_weights-9","GET_ROWS","",-1,6,-1,1,8,1,1,32,0.000521,1,"chunk_size_1"
"CPU_Elastic","COMPUTE","ffn_norm-9 (reshaped)","RESHAPE","",-1,7,-1,2048,1,1,1,8192,0.000416,1,"chunk_size_1"
"CPU_Elastic","COMPUTE","ffn_moe_gate-9","MUL_MAT_ID","",-1,8,-1,1024,8,1,1,32768,0.362292,1,"chunk_size_1"
"CPU_Elastic","COMPUTE","ffn_moe_up-9","MUL_MAT_ID","",-1,9,-1,1024,8,1,1,32768,0.377500,1,"chunk_size_1"
"CPU_Elastic","COMPUTE","ffn_moe_weighted-9","GLU","",-1,10,-1,1024,8,1,1,32768,0.026771,1,"chunk_size_1"
"CPU_Elastic","COMPUTE","ffn_moe_down-9","MUL_MAT_ID","",-1,11,-1,2048,8,1,1,65536,0.401354,1,"chunk_size_1"
"CPU_Elastic","COMPUTE","node_614","MUL","",-1,12,-1,2048,8,1,1,65536,0.031042,1,"chunk_size_1"
"CPU_Elastic","COMPUTE"," (view)","VIEW","",-1,13,-1,2048,1,1,1,8192,0.000573,1,"chunk_size_1"
"CPU_Elastic","COMPUTE","node_614 (view)","VIEW","",-1,14,-1,2048,1,1,1,8192,0.000417,1,"chunk_size_1"
"CPU_Elastic","COMPUTE","node_614 (view)","VIEW","",-1,15,-1,2048,1,1,1,8192,0.000469,1,"chunk_size_1"
"CPU_Elastic","COMPUTE","node_614 (view)","VIEW","",-1,16,-1,2048,1,1,1,8192,0.000417,1,"chunk_size_1"
"CPU_Elastic","COMPUTE","node_614 (view)","VIEW","",-1,17,-1,2048,1,1,1,8192,0.000416,1,"chunk_size_1"
"CPU_Elastic","COMPUTE","node_614 (view)","VIEW","",-1,18,-1,2048,1,1,1,8192,0.000417,1,"chunk_size_1"
"CPU_Elastic","COMPUTE","node_614 (view)","VIEW","",-1,19,-1,2048,1,1,1,8192,0.000417,1,"chunk_size_1"
"CPU_Elastic","COMPUTE","node_614 (view)","VIEW","",-1,20,-1,2048,1,1,1,8192,0.000521,1,"chunk_size_1"
"CPU_Elastic","COMPUTE","node_623","ADD","",-1,21,-1,2048,1,1,1,8192,0.005573,1,"chunk_size_1"
"CPU_Elastic","COMPUTE","node_624","ADD","",-1,22,-1,2048,1,1,1,8192,0.003646,1,"chunk_size_1"
"CPU_Elastic","COMPUTE","node_625","ADD","",-1,23,-1,2048,1,1,1,8192,0.003646,1,"chunk_size_1"
"CPU_Elastic","COMPUTE","node_626","ADD","",-1,24,-1,2048,1,1,1,8192,0.005261,1,"chunk_size_1"
"CPU_Elastic","COMPUTE","node_627","ADD","",-1,25,-1,2048,1,1,1,8192,0.004896,1,"chunk_size_1"
"CPU_Elastic","COMPUTE","node_628","ADD","",-1,26,-1,2048,1,1,1,8192,0.003802,1,"chunk_size_1"
"CPU_Elastic","COMPUTE","ffn_moe_out-9","ADD","",-1,27,-1,2048,1,1,1,8192,0.005156,1,"chunk_size_1"
"CPU_Elastic","COMPUTE","l_out-9","ADD","",-1,28,-1,2048,1,1,1,8192,0.005000,1,"chunk_size_1"
"CPU_Elastic","COMPUTE_GRAPH","ggml_cgraph","GRAPH","",-1,29,-1,0,0,0,0,0,1.272189,1,"delegate_cpu_graph"
"CPU_Elastic","COMPUTE","attn_norm-10","MUL","",-1,0,-1,2048,1,1,1,8192,0.006041,1,"chunk_size_1"
"CPU_Elastic","COMPUTE","Qcur-10","MUL_MAT","",-1,1,-1,2048,1,1,1,8192,0.102396,1,"chunk_size_1"
"CPU_Elastic","COMPUTE_GRAPH","ggml_cgraph","GRAPH","",-1,2,-1,0,0,0,0,0,0.108437,1,"delegate_cpu_graph"
"CPU_Elastic","COMPUTE","Qcur_normed-10","MUL","",-1,0,-1,2048,1,1,1,8192,0.005573,1,"chunk_size_1"
"CPU_Elastic","COMPUTE","Qcur_normed-10 (reshaped)","RESHAPE","",-1,1,-1,128,16,1,1,8192,0.000573,1,"chunk_size_1"
"CPU_Elastic","COMPUTE","Qcur-10","ROPE","",-1,2,-1,128,16,1,1,8192,0.005833,1,"chunk_size_1"
"CPU_Elastic","COMPUTE","Kcur-10","MUL_MAT","",-1,3,-1,2048,1,1,1,8192,0.105885,1,"chunk_size_1"
"CPU_Elastic","COMPUTE_GRAPH","ggml_cgraph","GRAPH","",-1,4,-1,0,0,0,0,0,0.117864,1,"delegate_cpu_graph"
"CPU_Elastic","COMPUTE","Kcur_normed-10","MUL","",-1,0,-1,2048,1,1,1,8192,0.004948,1,"chunk_size_1"
"CPU_Elastic","COMPUTE","Kcur_normed-10 (reshaped)","RESHAPE","",-1,1,-1,128,16,1,1,8192,0.000521,1,"chunk_size_1"
"CPU_Elastic","COMPUTE","Kcur-10","ROPE","",-1,2,-1,128,16,1,1,8192,0.004739,1,"chunk_size_1"
"CPU_Elastic","COMPUTE","Vcur-10","MUL_MAT","",-1,3,-1,2048,1,1,1,8192,0.131146,1,"chunk_size_1"
"CPU_Elastic","COMPUTE","Vcur-10","RESHAPE","",-1,4,-1,128,16,1,1,8192,0.000625,1,"chunk_size_1"
"CPU_Elastic","COMPUTE","Kcur-10 (view)","VIEW","",-1,5,-1,2048,1,1,1,8192,0.000417,1,"chunk_size_1"
"CPU_Elastic","COMPUTE","cache_k_l10 (view)","SET_ROWS","",-1,6,-1,2048,512,1,1,2097152,0.001823,1,"chunk_size_1"
"CPU_Elastic","COMPUTE","Vcur-10 (view)","VIEW","",-1,7,-1,2048,1,1,1,8192,0.000469,1,"chunk_size_1"
"CPU_Elastic","COMPUTE","cache_v_l10 (view)","SET_ROWS","",-1,8,-1,2048,512,1,1,2097152,0.001719,1,"chunk_size_1"
"CPU_Elastic","COMPUTE","cache_v_l10 (view)","VIEW","",-1,9,-1,128,16,256,1,1048576,0.000416,1,"chunk_size_1"
"CPU_Elastic","COMPUTE","cache_v_l10 (view) (permuted)","PERMUTE","",-1,10,-1,128,256,16,1,1048576,0.000469,1,"chunk_size_1"
"CPU_Elastic","COMPUTE","cache_v_l10 (view) (permuted) (transposed)","TRANSPOSE","",-1,11,-1,256,128,16,1,1048576,0.000469,1,"chunk_size_1"
"CPU_Elastic","COMPUTE","v_cont-10","CONT","",-1,12,-1,256,128,16,1,1048576,0.500938,1,"chunk_size_1"
"CPU_Elastic","COMPUTE","cache_k_l10 (view)","VIEW","",-1,13,-1,128,16,256,1,1048576,0.000469,1,"chunk_size_1"
"CPU_Elastic","COMPUTE","cache_k_l10 (view) (permuted)","PERMUTE","",-1,14,-1,128,256,16,1,1048576,0.000468,1,"chunk_size_1"
"CPU_Elastic","COMPUTE","Qcur-10 (view)","VIEW","",-1,15,-1,128,16,1,1,8192,0.000416,1,"chunk_size_1"
"CPU_Elastic","COMPUTE","Qcur-10 (view) (permuted)","PERMUTE","",-1,16,-1,128,1,16,1,8192,0.000521,1,"chunk_size_1"
"CPU_Elastic","COMPUTE","kq-10","MUL_MAT","",-1,17,-1,256,1,16,1,16384,0.039739,1,"chunk_size_1"
"CPU_Elastic","COMPUTE","kq_soft_max-10","SOFT_MAX","",-1,18,-1,256,1,16,1,16384,0.017761,1,"chunk_size_1"
"CPU_Elastic","COMPUTE","kqv-10","MUL_MAT","",-1,19,-1,128,1,16,1,8192,0.039740,1,"chunk_size_1"
"CPU_Elastic","COMPUTE","kqv-10 (permuted)","PERMUTE","",-1,20,-1,128,16,1,1,8192,0.000677,1,"chunk_size_1"
"CPU_Elastic","COMPUTE","kqv_out-10","CONT","",-1,21,-1,2048,1,1,1,8192,0.005104,1,"chunk_size_1"
"CPU_Elastic","COMPUTE","node_662","MUL_MAT","",-1,22,-1,2048,1,1,1,8192,0.114479,1,"chunk_size_1"
"CPU_Elastic","COMPUTE","ffn_inp-10","ADD","",-1,23,-1,2048,1,1,1,8192,0.004167,1,"chunk_size_1"
"CPU_Elastic","COMPUTE_GRAPH","ggml_cgraph","GRAPH","",-1,24,-1,0,0,0,0,0,0.872240,1,"delegate_cpu_graph"
"CPU_Elastic","COMPUTE","ffn_norm-10","MUL","",-1,0,-1,2048,1,1,1,8192,0.004844,1,"chunk_size_1"
"CPU_Elastic","COMPUTE","ffn_moe_logits-10","MUL_MAT","",-1,1,-1,64,1,1,1,256,0.013178,1,"chunk_size_1"
"CPU_Elastic","COMPUTE","ffn_moe_probs-10","SOFT_MAX","",-1,2,-1,64,1,1,1,256,0.001041,1,"chunk_size_1"
"CPU_Elastic","COMPUTE","ffn_moe_probs-10 (reshaped)","RESHAPE","",-1,3,-1,1,64,1,1,256,0.000469,1,"chunk_size_1"
"CPU_Elastic","COMPUTE","ffn_moe_argsort-10","ARGSORT","",-1,4,-1,64,1,1,1,256,0.011406,1,"chunk_size_1"
"CPU_Elastic","COMPUTE","ffn_moe_topk-10","VIEW","",-1,5,-1,8,1,1,1,32,0.000625,1,"chunk_size_1"
"CPU_Elastic","COMPUTE","ffn_moe_weights-10","GET_ROWS","",-1,6,-1,1,8,1,1,32,0.000521,1,"chunk_size_1"
"CPU_Elastic","COMPUTE","ffn_norm-10 (reshaped)","RESHAPE","",-1,7,-1,2048,1,1,1,8192,0.000417,1,"chunk_size_1"
"CPU_Elastic","COMPUTE","ffn_moe_gate-10","MUL_MAT_ID","",-1,8,-1,1024,8,1,1,32768,0.364166,1,"chunk_size_1"
"CPU_Elastic","COMPUTE","ffn_moe_up-10","MUL_MAT_ID","",-1,9,-1,1024,8,1,1,32768,0.376771,1,"chunk_size_1"
"CPU_Elastic","COMPUTE","ffn_moe_weighted-10","GLU","",-1,10,-1,1024,8,1,1,32768,0.026823,1,"chunk_size_1"
"CPU_Elastic","COMPUTE","ffn_moe_down-10","MUL_MAT_ID","",-1,11,-1,2048,8,1,1,65536,0.536303,1,"chunk_size_1"
"CPU_Elastic","COMPUTE","node_677","MUL","",-1,12,-1,2048,8,1,1,65536,0.032136,1,"chunk_size_1"
"CPU_Elastic","COMPUTE"," (view)","VIEW","",-1,13,-1,2048,1,1,1,8192,0.000625,1,"chunk_size_1"
"CPU_Elastic","COMPUTE","node_677 (view)","VIEW","",-1,14,-1,2048,1,1,1,8192,0.000468,1,"chunk_size_1"
"CPU_Elastic","COMPUTE","node_677 (view)","VIEW","",-1,15,-1,2048,1,1,1,8192,0.000416,1,"chunk_size_1"
"CPU_Elastic","COMPUTE","node_677 (view)","VIEW","",-1,16,-1,2048,1,1,1,8192,0.000469,1,"chunk_size_1"
"CPU_Elastic","COMPUTE","node_677 (view)","VIEW","",-1,17,-1,2048,1,1,1,8192,0.000468,1,"chunk_size_1"
"CPU_Elastic","COMPUTE","node_677 (view)","VIEW","",-1,18,-1,2048,1,1,1,8192,0.000417,1,"chunk_size_1"
"CPU_Elastic","COMPUTE","node_677 (view)","VIEW","",-1,19,-1,2048,1,1,1,8192,0.000469,1,"chunk_size_1"
"CPU_Elastic","COMPUTE","node_677 (view)","VIEW","",-1,20,-1,2048,1,1,1,8192,0.000469,1,"chunk_size_1"
"CPU_Elastic","COMPUTE","node_686","ADD","",-1,21,-1,2048,1,1,1,8192,0.004791,1,"chunk_size_1"
"CPU_Elastic","COMPUTE","node_687","ADD","",-1,22,-1,2048,1,1,1,8192,0.004792,1,"chunk_size_1"
"CPU_Elastic","COMPUTE","node_688","ADD","",-1,23,-1,2048,1,1,1,8192,0.004896,1,"chunk_size_1"
"CPU_Elastic","COMPUTE","node_689","ADD","",-1,24,-1,2048,1,1,1,8192,0.005260,1,"chunk_size_1"
"CPU_Elastic","COMPUTE","node_690","ADD","",-1,25,-1,2048,1,1,1,8192,0.003541,1,"chunk_size_1"
"CPU_Elastic","COMPUTE","node_691","ADD","",-1,26,-1,2048,1,1,1,8192,0.005261,1,"chunk_size_1"
"CPU_Elastic","COMPUTE","ffn_moe_out-10","ADD","",-1,27,-1,2048,1,1,1,8192,0.005105,1,"chunk_size_1"
"CPU_Elastic","COMPUTE","l_out-10","ADD","",-1,28,-1,2048,1,1,1,8192,0.004844,1,"chunk_size_1"
"CPU_Elastic","COMPUTE_GRAPH","ggml_cgraph","GRAPH","",-1,29,-1,0,0,0,0,0,1.410991,1,"delegate_cpu_graph"
"CPU_Elastic","COMPUTE","attn_norm-11","MUL","",-1,0,-1,2048,1,1,1,8192,0.005312,1,"chunk_size_1"
"CPU_Elastic","COMPUTE","Qcur-11","MUL_MAT","",-1,1,-1,2048,1,1,1,8192,0.104010,1,"chunk_size_1"
"CPU_Elastic","COMPUTE_GRAPH","ggml_cgraph","GRAPH","",-1,2,-1,0,0,0,0,0,0.109322,1,"delegate_cpu_graph"
"CPU_Elastic","COMPUTE","Qcur_normed-11","MUL","",-1,0,-1,2048,1,1,1,8192,0.006718,1,"chunk_size_1"
"CPU_Elastic","COMPUTE","Qcur_normed-11 (reshaped)","RESHAPE","",-1,1,-1,128,16,1,1,8192,0.000573,1,"chunk_size_1"
"CPU_Elastic","COMPUTE","Qcur-11","ROPE","",-1,2,-1,128,16,1,1,8192,0.004375,1,"chunk_size_1"
"CPU_Elastic","COMPUTE","Kcur-11","MUL_MAT","",-1,3,-1,2048,1,1,1,8192,0.102240,1,"chunk_size_1"
"CPU_Elastic","COMPUTE_GRAPH","ggml_cgraph","GRAPH","",-1,4,-1,0,0,0,0,0,0.113906,1,"delegate_cpu_graph"
"CPU_Elastic","COMPUTE","Kcur_normed-11","MUL","",-1,0,-1,2048,1,1,1,8192,0.005521,1,"chunk_size_1"
"CPU_Elastic","COMPUTE","Kcur_normed-11 (reshaped)","RESHAPE","",-1,1,-1,128,16,1,1,8192,0.000573,1,"chunk_size_1"
"CPU_Elastic","COMPUTE","Kcur-11","ROPE","",-1,2,-1,128,16,1,1,8192,0.006146,1,"chunk_size_1"
"CPU_Elastic","COMPUTE","Vcur-11","MUL_MAT","",-1,3,-1,2048,1,1,1,8192,0.112500,1,"chunk_size_1"
"CPU_Elastic","COMPUTE","Vcur-11","RESHAPE","",-1,4,-1,128,16,1,1,8192,0.000521,1,"chunk_size_1"
"CPU_Elastic","COMPUTE","Kcur-11 (view)","VIEW","",-1,5,-1,2048,1,1,1,8192,0.000573,1,"chunk_size_1"
"CPU_Elastic","COMPUTE","cache_k_l11 (view)","SET_ROWS","",-1,6,-1,2048,512,1,1,2097152,0.001875,1,"chunk_size_1"
"CPU_Elastic","COMPUTE","Vcur-11 (view)","VIEW","",-1,7,-1,2048,1,1,1,8192,0.000469,1,"chunk_size_1"
"CPU_Elastic","COMPUTE","cache_v_l11 (view)","SET_ROWS","",-1,8,-1,2048,512,1,1,2097152,0.001667,1,"chunk_size_1"
"CPU_Elastic","COMPUTE","cache_v_l11 (view)","VIEW","",-1,9,-1,128,16,256,1,1048576,0.000469,1,"chunk_size_1"
"CPU_Elastic","COMPUTE","cache_v_l11 (view) (permuted)","PERMUTE","",-1,10,-1,128,256,16,1,1048576,0.000469,1,"chunk_size_1"
"CPU_Elastic","COMPUTE","cache_v_l11 (view) (permuted) (transposed)","TRANSPOSE","",-1,11,-1,256,128,16,1,1048576,0.000469,1,"chunk_size_1"
"CPU_Elastic","COMPUTE","v_cont-11","CONT","",-1,12,-1,256,128,16,1,1048576,0.502969,1,"chunk_size_1"
"CPU_Elastic","COMPUTE","cache_k_l11 (view)","VIEW","",-1,13,-1,128,16,256,1,1048576,0.000729,1,"chunk_size_1"
"CPU_Elastic","COMPUTE","cache_k_l11 (view) (permuted)","PERMUTE","",-1,14,-1,128,256,16,1,1048576,0.000365,1,"chunk_size_1"
"CPU_Elastic","COMPUTE","Qcur-11 (view)","VIEW","",-1,15,-1,128,16,1,1,8192,0.000417,1,"chunk_size_1"
"CPU_Elastic","COMPUTE","Qcur-11 (view) (permuted)","PERMUTE","",-1,16,-1,128,1,16,1,8192,0.000416,1,"chunk_size_1"
"CPU_Elastic","COMPUTE","kq-11","MUL_MAT","",-1,17,-1,256,1,16,1,16384,0.038490,1,"chunk_size_1"
"CPU_Elastic","COMPUTE","kq_soft_max-11","SOFT_MAX","",-1,18,-1,256,1,16,1,16384,0.017968,1,"chunk_size_1"
"CPU_Elastic","COMPUTE","kqv-11","MUL_MAT","",-1,19,-1,128,1,16,1,8192,0.040677,1,"chunk_size_1"
"CPU_Elastic","COMPUTE","kqv-11 (permuted)","PERMUTE","",-1,20,-1,128,16,1,1,8192,0.000521,1,"chunk_size_1"
"CPU_Elastic","COMPUTE","kqv_out-11","CONT","",-1,21,-1,2048,1,1,1,8192,0.004843,1,"chunk_size_1"
"CPU_Elastic","COMPUTE","node_725","MUL_MAT","",-1,22,-1,2048,1,1,1,8192,0.105573,1,"chunk_size_1"
"CPU_Elastic","COMPUTE","ffn_inp-11","ADD","",-1,23,-1,2048,1,1,1,8192,0.004792,1,"chunk_size_1"
"CPU_Elastic","COMPUTE_GRAPH","ggml_cgraph","GRAPH","",-1,24,-1,0,0,0,0,0,0.849012,1,"delegate_cpu_graph"
"CPU_Elastic","COMPUTE","ffn_norm-11","MUL","",-1,0,-1,2048,1,1,1,8192,0.005156,1,"chunk_size_1"
"CPU_Elastic","COMPUTE","ffn_moe_logits-11","MUL_MAT","",-1,1,-1,64,1,1,1,256,0.014584,1,"chunk_size_1"
"CPU_Elastic","COMPUTE","ffn_moe_probs-11","SOFT_MAX","",-1,2,-1,64,1,1,1,256,0.000938,1,"chunk_size_1"
"CPU_Elastic","COMPUTE","ffn_moe_probs-11 (reshaped)","RESHAPE","",-1,3,-1,1,64,1,1,256,0.000521,1,"chunk_size_1"
"CPU_Elastic","COMPUTE","ffn_moe_argsort-11","ARGSORT","",-1,4,-1,64,1,1,1,256,0.010937,1,"chunk_size_1"
"CPU_Elastic","COMPUTE","ffn_moe_topk-11","VIEW","",-1,5,-1,8,1,1,1,32,0.000521,1,"chunk_size_1"
"CPU_Elastic","COMPUTE","ffn_moe_weights-11","GET_ROWS","",-1,6,-1,1,8,1,1,32,0.000625,1,"chunk_size_1"
"CPU_Elastic","COMPUTE","ffn_norm-11 (reshaped)","RESHAPE","",-1,7,-1,2048,1,1,1,8192,0.000417,1,"chunk_size_1"
"CPU_Elastic","COMPUTE","ffn_moe_gate-11","MUL_MAT_ID","",-1,8,-1,1024,8,1,1,32768,0.375834,1,"chunk_size_1"
"CPU_Elastic","COMPUTE","ffn_moe_up-11","MUL_MAT_ID","",-1,9,-1,1024,8,1,1,32768,0.379115,1,"chunk_size_1"
"CPU_Elastic","COMPUTE","ffn_moe_weighted-11","GLU","",-1,10,-1,1024,8,1,1,32768,0.027552,1,"chunk_size_1"
"CPU_Elastic","COMPUTE","ffn_moe_down-11","MUL_MAT_ID","",-1,11,-1,2048,8,1,1,65536,0.395000,1,"chunk_size_1"
"CPU_Elastic","COMPUTE","node_740","MUL","",-1,12,-1,2048,8,1,1,65536,0.029270,1,"chunk_size_1"
"CPU_Elastic","COMPUTE"," (view)","VIEW","",-1,13,-1,2048,1,1,1,8192,0.000573,1,"chunk_size_1"
"CPU_Elastic","COMPUTE","node_740 (view)","VIEW","",-1,14,-1,2048,1,1,1,8192,0.000573,1,"chunk_size_1"
"CPU_Elastic","COMPUTE","node_740 (view)","VIEW","",-1,15,-1,2048,1,1,1,8192,0.000417,1,"chunk_size_1"
"CPU_Elastic","COMPUTE","node_740 (view)","VIEW","",-1,16,-1,2048,1,1,1,8192,0.000365,1,"chunk_size_1"
"CPU_Elastic","COMPUTE","node_740 (view)","VIEW","",-1,17,-1,2048,1,1,1,8192,0.000364,1,"chunk_size_1"
"CPU_Elastic","COMPUTE","node_740 (view)","VIEW","",-1,18,-1,2048,1,1,1,8192,0.000469,1,"chunk_size_1"
"CPU_Elastic","COMPUTE","node_740 (view)","VIEW","",-1,19,-1,2048,1,1,1,8192,0.000417,1,"chunk_size_1"
"CPU_Elastic","COMPUTE","node_740 (view)","VIEW","",-1,20,-1,2048,1,1,1,8192,0.000417,1,"chunk_size_1"
"CPU_Elastic","COMPUTE","node_749","ADD","",-1,21,-1,2048,1,1,1,8192,0.005208,1,"chunk_size_1"
"CPU_Elastic","COMPUTE","node_750","ADD","",-1,22,-1,2048,1,1,1,8192,0.005261,1,"chunk_size_1"
"CPU_Elastic","COMPUTE","node_751","ADD","",-1,23,-1,2048,1,1,1,8192,0.003750,1,"chunk_size_1"
"CPU_Elastic","COMPUTE","node_752","ADD","",-1,24,-1,2048,1,1,1,8192,0.005312,1,"chunk_size_1"
"CPU_Elastic","COMPUTE","node_753","ADD","",-1,25,-1,2048,1,1,1,8192,0.003645,1,"chunk_size_1"
"CPU_Elastic","COMPUTE","node_754","ADD","",-1,26,-1,2048,1,1,1,8192,0.005313,1,"chunk_size_1"
"CPU_Elastic","COMPUTE","ffn_moe_out-11","ADD","",-1,27,-1,2048,1,1,1,8192,0.005209,1,"chunk_size_1"
"CPU_Elastic","COMPUTE","l_out-11","ADD","",-1,28,-1,2048,1,1,1,8192,0.004531,1,"chunk_size_1"
"CPU_Elastic","COMPUTE_GRAPH","ggml_cgraph","GRAPH","",-1,29,-1,0,0,0,0,0,1.282294,1,"delegate_cpu_graph"
"CPU_Elastic","COMPUTE","attn_norm-12","MUL","",-1,0,-1,2048,1,1,1,8192,0.004948,1,"chunk_size_1"
"CPU_Elastic","COMPUTE","Qcur-12","MUL_MAT","",-1,1,-1,2048,1,1,1,8192,0.103021,1,"chunk_size_1"
"CPU_Elastic","COMPUTE_GRAPH","ggml_cgraph","GRAPH","",-1,2,-1,0,0,0,0,0,0.107969,1,"delegate_cpu_graph"
"CPU_Elastic","COMPUTE","Qcur_normed-12","MUL","",-1,0,-1,2048,1,1,1,8192,0.005365,1,"chunk_size_1"
"CPU_Elastic","COMPUTE","Qcur_normed-12 (reshaped)","RESHAPE","",-1,1,-1,128,16,1,1,8192,0.000677,1,"chunk_size_1"
"CPU_Elastic","COMPUTE","Qcur-12","ROPE","",-1,2,-1,128,16,1,1,8192,0.006250,1,"chunk_size_1"
"CPU_Elastic","COMPUTE","Kcur-12","MUL_MAT","",-1,3,-1,2048,1,1,1,8192,0.181094,1,"chunk_size_1"
"CPU_Elastic","COMPUTE_GRAPH","ggml_cgraph","GRAPH","",-1,4,-1,0,0,0,0,0,0.193386,1,"delegate_cpu_graph"
"CPU_Elastic","COMPUTE","Kcur_normed-12","MUL","",-1,0,-1,2048,1,1,1,8192,0.005938,1,"chunk_size_1"
"CPU_Elastic","COMPUTE","Kcur_normed-12 (reshaped)","RESHAPE","",-1,1,-1,128,16,1,1,8192,0.000520,1,"chunk_size_1"
"CPU_Elastic","COMPUTE","Kcur-12","ROPE","",-1,2,-1,128,16,1,1,8192,0.005313,1,"chunk_size_1"
"CPU_Elastic","COMPUTE","Vcur-12","MUL_MAT","",-1,3,-1,2048,1,1,1,8192,0.099844,1,"chunk_size_1"
"CPU_Elastic","COMPUTE","Vcur-12","RESHAPE","",-1,4,-1,128,16,1,1,8192,0.000573,1,"chunk_size_1"
"CPU_Elastic","COMPUTE","Kcur-12 (view)","VIEW","",-1,5,-1,2048,1,1,1,8192,0.000468,1,"chunk_size_1"
"CPU_Elastic","COMPUTE","cache_k_l12 (view)","SET_ROWS","",-1,6,-1,2048,512,1,1,2097152,0.001771,1,"chunk_size_1"
"CPU_Elastic","COMPUTE","Vcur-12 (view)","VIEW","",-1,7,-1,2048,1,1,1,8192,0.000521,1,"chunk_size_1"
"CPU_Elastic","COMPUTE","cache_v_l12 (view)","SET_ROWS","",-1,8,-1,2048,512,1,1,2097152,0.001719,1,"chunk_size_1"
"CPU_Elastic","COMPUTE","cache_v_l12 (view)","VIEW","",-1,9,-1,128,16,256,1,1048576,0.000469,1,"chunk_size_1"
"CPU_Elastic","COMPUTE","cache_v_l12 (view) (permuted)","PERMUTE","",-1,10,-1,128,256,16,1,1048576,0.000625,1,"chunk_size_1"
"CPU_Elastic","COMPUTE","cache_v_l12 (view) (permuted) (transposed)","TRANSPOSE","",-1,11,-1,256,128,16,1,1048576,0.000469,1,"chunk_size_1"
"CPU_Elastic","COMPUTE","v_cont-12","CONT","",-1,12,-1,256,128,16,1,1048576,0.523385,1,"chunk_size_1"
"CPU_Elastic","COMPUTE","cache_k_l12 (view)","VIEW","",-1,13,-1,128,16,256,1,1048576,0.000521,1,"chunk_size_1"
"CPU_Elastic","COMPUTE","cache_k_l12 (view) (permuted)","PERMUTE","",-1,14,-1,128,256,16,1,1048576,0.000573,1,"chunk_size_1"
"CPU_Elastic","COMPUTE","Qcur-12 (view)","VIEW","",-1,15,-1,128,16,1,1,8192,0.000469,1,"chunk_size_1"
"CPU_Elastic","COMPUTE","Qcur-12 (view) (permuted)","PERMUTE","",-1,16,-1,128,1,16,1,8192,0.000416,1,"chunk_size_1"
"CPU_Elastic","COMPUTE","kq-12","MUL_MAT","",-1,17,-1,256,1,16,1,16384,0.058021,1,"chunk_size_1"
"CPU_Elastic","COMPUTE","kq_soft_max-12","SOFT_MAX","",-1,18,-1,256,1,16,1,16384,0.015885,1,"chunk_size_1"
"CPU_Elastic","COMPUTE","kqv-12","MUL_MAT","",-1,19,-1,128,1,16,1,8192,0.041302,1,"chunk_size_1"
"CPU_Elastic","COMPUTE","kqv-12 (permuted)","PERMUTE","",-1,20,-1,128,16,1,1,8192,0.000573,1,"chunk_size_1"
"CPU_Elastic","COMPUTE","kqv_out-12","CONT","",-1,21,-1,2048,1,1,1,8192,0.005000,1,"chunk_size_1"
"CPU_Elastic","COMPUTE","node_788","MUL_MAT","",-1,22,-1,2048,1,1,1,8192,0.113489,1,"chunk_size_1"
"CPU_Elastic","COMPUTE","ffn_inp-12","ADD","",-1,23,-1,2048,1,1,1,8192,0.036614,1,"chunk_size_1"
"CPU_Elastic","COMPUTE_GRAPH","ggml_cgraph","GRAPH","",-1,24,-1,0,0,0,0,0,0.914478,1,"delegate_cpu_graph"
"CPU_Elastic","COMPUTE","ffn_norm-12","MUL","",-1,0,-1,2048,1,1,1,8192,0.005886,1,"chunk_size_1"
"CPU_Elastic","COMPUTE","ffn_moe_logits-12","MUL_MAT","",-1,1,-1,64,1,1,1,256,0.030937,1,"chunk_size_1"
"CPU_Elastic","COMPUTE","ffn_moe_probs-12","SOFT_MAX","",-1,2,-1,64,1,1,1,256,0.000937,1,"chunk_size_1"
"CPU_Elastic","COMPUTE","ffn_moe_probs-12 (reshaped)","RESHAPE","",-1,3,-1,1,64,1,1,256,0.000521,1,"chunk_size_1"
"CPU_Elastic","COMPUTE","ffn_moe_argsort-12","ARGSORT","",-1,4,-1,64,1,1,1,256,0.010885,1,"chunk_size_1"
"CPU_Elastic","COMPUTE","ffn_moe_topk-12","VIEW","",-1,5,-1,8,1,1,1,32,0.000625,1,"chunk_size_1"
"CPU_Elastic","COMPUTE","ffn_moe_weights-12","GET_ROWS","",-1,6,-1,1,8,1,1,32,0.000521,1,"chunk_size_1"
"CPU_Elastic","COMPUTE","ffn_norm-12 (reshaped)","RESHAPE","",-1,7,-1,2048,1,1,1,8192,0.000521,1,"chunk_size_1"
"CPU_Elastic","COMPUTE","ffn_moe_gate-12","MUL_MAT_ID","",-1,8,-1,1024,8,1,1,32768,0.369114,1,"chunk_size_1"
"CPU_Elastic","COMPUTE","ffn_moe_up-12","MUL_MAT_ID","",-1,9,-1,1024,8,1,1,32768,0.380208,1,"chunk_size_1"
"CPU_Elastic","COMPUTE","ffn_moe_weighted-12","GLU","",-1,10,-1,1024,8,1,1,32768,0.008334,1,"chunk_size_1"
"CPU_Elastic","COMPUTE","ffn_moe_down-12","MUL_MAT_ID","",-1,11,-1,2048,8,1,1,65536,0.388802,1,"chunk_size_1"
"CPU_Elastic","COMPUTE","node_803","MUL","",-1,12,-1,2048,8,1,1,65536,0.029011,1,"chunk_size_1"
"CPU_Elastic","COMPUTE"," (view)","VIEW","",-1,13,-1,2048,1,1,1,8192,0.000521,1,"chunk_size_1"
"CPU_Elastic","COMPUTE","node_803 (view)","VIEW","",-1,14,-1,2048,1,1,1,8192,0.000417,1,"chunk_size_1"
"CPU_Elastic","COMPUTE","node_803 (view)","VIEW","",-1,15,-1,2048,1,1,1,8192,0.000521,1,"chunk_size_1"
"CPU_Elastic","COMPUTE","node_803 (view)","VIEW","",-1,16,-1,2048,1,1,1,8192,0.000417,1,"chunk_size_1"
"CPU_Elastic","COMPUTE","node_803 (view)","VIEW","",-1,17,-1,2048,1,1,1,8192,0.000417,1,"chunk_size_1"
"CPU_Elastic","COMPUTE","node_803 (view)","VIEW","",-1,18,-1,2048,1,1,1,8192,0.000416,1,"chunk_size_1"
"CPU_Elastic","COMPUTE","node_803 (view)","VIEW","",-1,19,-1,2048,1,1,1,8192,0.000469,1,"chunk_size_1"
"CPU_Elastic","COMPUTE","node_803 (view)","VIEW","",-1,20,-1,2048,1,1,1,8192,0.000417,1,"chunk_size_1"
"CPU_Elastic","COMPUTE","node_812","ADD","",-1,21,-1,2048,1,1,1,8192,0.004896,1,"chunk_size_1"
"CPU_Elastic","COMPUTE","node_813","ADD","",-1,22,-1,2048,1,1,1,8192,0.004115,1,"chunk_size_1"
"CPU_Elastic","COMPUTE","node_814","ADD","",-1,23,-1,2048,1,1,1,8192,0.004062,1,"chunk_size_1"
"CPU_Elastic","COMPUTE","node_815","ADD","",-1,24,-1,2048,1,1,1,8192,0.003802,1,"chunk_size_1"
"CPU_Elastic","COMPUTE","node_816","ADD","",-1,25,-1,2048,1,1,1,8192,0.005260,1,"chunk_size_1"
"CPU_Elastic","COMPUTE","node_817","ADD","",-1,26,-1,2048,1,1,1,8192,0.003803,1,"chunk_size_1"
"CPU_Elastic","COMPUTE","ffn_moe_out-12","ADD","",-1,27,-1,2048,1,1,1,8192,0.004375,1,"chunk_size_1"
"CPU_Elastic","COMPUTE","l_out-12","ADD","",-1,28,-1,2048,1,1,1,8192,0.004947,1,"chunk_size_1"
"CPU_Elastic","COMPUTE_GRAPH","ggml_cgraph","GRAPH","",-1,29,-1,0,0,0,0,0,1.265157,1,"delegate_cpu_graph"
"CPU_Elastic","COMPUTE","attn_norm-13","MUL","",-1,0,-1,2048,1,1,1,8192,0.005573,1,"chunk_size_1"
"CPU_Elastic","COMPUTE","Qcur-13","MUL_MAT","",-1,1,-1,2048,1,1,1,8192,0.108646,1,"chunk_size_1"
"CPU_Elastic","COMPUTE_GRAPH","ggml_cgraph","GRAPH","",-1,2,-1,0,0,0,0,0,0.114219,1,"delegate_cpu_graph"
"CPU_Elastic","COMPUTE","Qcur_normed-13","MUL","",-1,0,-1,2048,1,1,1,8192,0.005834,1,"chunk_size_1"
"CPU_Elastic","COMPUTE","Qcur_normed-13 (reshaped)","RESHAPE","",-1,1,-1,128,16,1,1,8192,0.000521,1,"chunk_size_1"
"CPU_Elastic","COMPUTE","Qcur-13","ROPE","",-1,2,-1,128,16,1,1,8192,0.004896,1,"chunk_size_1"
"CPU_Elastic","COMPUTE","Kcur-13","MUL_MAT","",-1,3,-1,2048,1,1,1,8192,0.107969,1,"chunk_size_1"
"CPU_Elastic","COMPUTE_GRAPH","ggml_cgraph","GRAPH","",-1,4,-1,0,0,0,0,0,0.119220,1,"delegate_cpu_graph"
"CPU_Elastic","COMPUTE","Kcur_normed-13","MUL","",-1,0,-1,2048,1,1,1,8192,0.006042,1,"chunk_size_1"
"CPU_Elastic","COMPUTE","Kcur_normed-13 (reshaped)","RESHAPE","",-1,1,-1,128,16,1,1,8192,0.000521,1,"chunk_size_1"
"CPU_Elastic","COMPUTE","Kcur-13","ROPE","",-1,2,-1,128,16,1,1,8192,0.005053,1,"chunk_size_1"
"CPU_Elastic","COMPUTE","Vcur-13","MUL_MAT","",-1,3,-1,2048,1,1,1,8192,0.135416,1,"chunk_size_1"
"CPU_Elastic","COMPUTE","Vcur-13","RESHAPE","",-1,4,-1,128,16,1,1,8192,0.000520,1,"chunk_size_1"
"CPU_Elastic","COMPUTE","Kcur-13 (view)","VIEW","",-1,5,-1,2048,1,1,1,8192,0.000417,1,"chunk_size_1"
"CPU_Elastic","COMPUTE","cache_k_l13 (view)","SET_ROWS","",-1,6,-1,2048,512,1,1,2097152,0.001719,1,"chunk_size_1"
"CPU_Elastic","COMPUTE","Vcur-13 (view)","VIEW","",-1,7,-1,2048,1,1,1,8192,0.000521,1,"chunk_size_1"
"CPU_Elastic","COMPUTE","cache_v_l13 (view)","SET_ROWS","",-1,8,-1,2048,512,1,1,2097152,0.001718,1,"chunk_size_1"
"CPU_Elastic","COMPUTE","cache_v_l13 (view)","VIEW","",-1,9,-1,128,16,256,1,1048576,0.000469,1,"chunk_size_1"
"CPU_Elastic","COMPUTE","cache_v_l13 (view) (permuted)","PERMUTE","",-1,10,-1,128,256,16,1,1048576,0.000469,1,"chunk_size_1"
"CPU_Elastic","COMPUTE","cache_v_l13 (view) (permuted) (transposed)","TRANSPOSE","",-1,11,-1,256,128,16,1,1048576,0.000521,1,"chunk_size_1"
"CPU_Elastic","COMPUTE","v_cont-13","CONT","",-1,12,-1,256,128,16,1,1048576,0.519844,1,"chunk_size_1"
"CPU_Elastic","COMPUTE","cache_k_l13 (view)","VIEW","",-1,13,-1,128,16,256,1,1048576,0.000521,1,"chunk_size_1"
"CPU_Elastic","COMPUTE","cache_k_l13 (view) (permuted)","PERMUTE","",-1,14,-1,128,256,16,1,1048576,0.000417,1,"chunk_size_1"
"CPU_Elastic","COMPUTE","Qcur-13 (view)","VIEW","",-1,15,-1,128,16,1,1,8192,0.000573,1,"chunk_size_1"
"CPU_Elastic","COMPUTE","Qcur-13 (view) (permuted)","PERMUTE","",-1,16,-1,128,1,16,1,8192,0.000417,1,"chunk_size_1"
"CPU_Elastic","COMPUTE","kq-13","MUL_MAT","",-1,17,-1,256,1,16,1,16384,1.047552,1,"chunk_size_1"
"CPU_Elastic","COMPUTE","kq_soft_max-13","SOFT_MAX","",-1,18,-1,256,1,16,1,16384,0.016666,1,"chunk_size_1"
"CPU_Elastic","COMPUTE","kqv-13","MUL_MAT","",-1,19,-1,128,1,16,1,8192,0.041927,1,"chunk_size_1"
"CPU_Elastic","COMPUTE","kqv-13 (permuted)","PERMUTE","",-1,20,-1,128,16,1,1,8192,0.000469,1,"chunk_size_1"
"CPU_Elastic","COMPUTE","kqv_out-13","CONT","",-1,21,-1,2048,1,1,1,8192,0.004740,1,"chunk_size_1"
"CPU_Elastic","COMPUTE","node_851","MUL_MAT","",-1,22,-1,2048,1,1,1,8192,0.098750,1,"chunk_size_1"
"CPU_Elastic","COMPUTE","ffn_inp-13","ADD","",-1,23,-1,2048,1,1,1,8192,0.005208,1,"chunk_size_1"
"CPU_Elastic","COMPUTE_GRAPH","ggml_cgraph","GRAPH","",-1,24,-1,0,0,0,0,0,1.890470,1,"delegate_cpu_graph"
"CPU_Elastic","COMPUTE","ffn_norm-13","MUL","",-1,0,-1,2048,1,1,1,8192,0.004532,1,"chunk_size_1"
"CPU_Elastic","COMPUTE","ffn_moe_logits-13","MUL_MAT","",-1,1,-1,64,1,1,1,256,0.015521,1,"chunk_size_1"
"CPU_Elastic","COMPUTE","ffn_moe_probs-13","SOFT_MAX","",-1,2,-1,64,1,1,1,256,0.000885,1,"chunk_size_1"
"CPU_Elastic","COMPUTE","ffn_moe_probs-13 (reshaped)","RESHAPE","",-1,3,-1,1,64,1,1,256,0.000469,1,"chunk_size_1"
"CPU_Elastic","COMPUTE","ffn_moe_argsort-13","ARGSORT","",-1,4,-1,64,1,1,1,256,0.010886,1,"chunk_size_1"
"CPU_Elastic","COMPUTE","ffn_moe_topk-13","VIEW","",-1,5,-1,8,1,1,1,32,0.000468,1,"chunk_size_1"
"CPU_Elastic","COMPUTE","ffn_moe_weights-13","GET_ROWS","",-1,6,-1,1,8,1,1,32,0.000521,1,"chunk_size_1"
"CPU_Elastic","COMPUTE","ffn_norm-13 (reshaped)","RESHAPE","",-1,7,-1,2048,1,1,1,8192,0.000468,1,"chunk_size_1"
"CPU_Elastic","COMPUTE","ffn_moe_gate-13","MUL_MAT_ID","",-1,8,-1,1024,8,1,1,32768,0.367240,1,"chunk_size_1"
"CPU_Elastic","COMPUTE","ffn_moe_up-13","MUL_MAT_ID","",-1,9,-1,1024,8,1,1,32768,0.985573,1,"chunk_size_1"
"CPU_Elastic","COMPUTE","ffn_moe_weighted-13","GLU","",-1,10,-1,1024,8,1,1,32768,0.008282,1,"chunk_size_1"
"CPU_Elastic","COMPUTE","ffn_moe_down-13","MUL_MAT_ID","",-1,11,-1,2048,8,1,1,65536,0.541198,1,"chunk_size_1"
"CPU_Elastic","COMPUTE","node_866","MUL","",-1,12,-1,2048,8,1,1,65536,0.030729,1,"chunk_size_1"
"CPU_Elastic","COMPUTE"," (view)","VIEW","",-1,13,-1,2048,1,1,1,8192,0.000573,1,"chunk_size_1"
"CPU_Elastic","COMPUTE","node_866 (view)","VIEW","",-1,14,-1,2048,1,1,1,8192,0.000469,1,"chunk_size_1"
"CPU_Elastic","COMPUTE","node_866 (view)","VIEW","",-1,15,-1,2048,1,1,1,8192,0.000417,1,"chunk_size_1"
"CPU_Elastic","COMPUTE","node_866 (view)","VIEW","",-1,16,-1,2048,1,1,1,8192,0.000521,1,"chunk_size_1"
"CPU_Elastic","COMPUTE","node_866 (view)","VIEW","",-1,17,-1,2048,1,1,1,8192,0.000416,1,"chunk_size_1"
"CPU_Elastic","COMPUTE","node_866 (view)","VIEW","",-1,18,-1,2048,1,1,1,8192,0.000417,1,"chunk_size_1"
"CPU_Elastic","COMPUTE","node_866 (view)","VIEW","",-1,19,-1,2048,1,1,1,8192,0.000417,1,"chunk_size_1"
"CPU_Elastic","COMPUTE","node_866 (view)","VIEW","",-1,20,-1,2048,1,1,1,8192,0.000468,1,"chunk_size_1"
"CPU_Elastic","COMPUTE","node_875","ADD","",-1,21,-1,2048,1,1,1,8192,0.005573,1,"chunk_size_1"
"CPU_Elastic","COMPUTE","node_876","ADD","",-1,22,-1,2048,1,1,1,8192,0.004063,1,"chunk_size_1"
"CPU_Elastic","COMPUTE","node_877","ADD","",-1,23,-1,2048,1,1,1,8192,0.004011,1,"chunk_size_1"
"CPU_Elastic","COMPUTE","node_878","ADD","",-1,24,-1,2048,1,1,1,8192,0.003698,1,"chunk_size_1"
"CPU_Elastic","COMPUTE","node_879","ADD","",-1,25,-1,2048,1,1,1,8192,0.005260,1,"chunk_size_1"
"CPU_Elastic","COMPUTE","node_880","ADD","",-1,26,-1,2048,1,1,1,8192,0.004479,1,"chunk_size_1"
"CPU_Elastic","COMPUTE","ffn_moe_out-13","ADD","",-1,27,-1,2048,1,1,1,8192,0.004010,1,"chunk_size_1"
"CPU_Elastic","COMPUTE","l_out-13","ADD","",-1,28,-1,2048,1,1,1,8192,0.005000,1,"chunk_size_1"
"CPU_Elastic","COMPUTE_GRAPH","ggml_cgraph","GRAPH","",-1,29,-1,0,0,0,0,0,2.006564,1,"delegate_cpu_graph"
"CPU_Elastic","COMPUTE","attn_norm-14","MUL","",-1,0,-1,2048,1,1,1,8192,0.005781,1,"chunk_size_1"
"CPU_Elastic","COMPUTE","Qcur-14","MUL_MAT","",-1,1,-1,2048,1,1,1,8192,0.108593,1,"chunk_size_1"
"CPU_Elastic","COMPUTE_GRAPH","ggml_cgraph","GRAPH","",-1,2,-1,0,0,0,0,0,0.114374,1,"delegate_cpu_graph"
"CPU_Elastic","COMPUTE","Qcur_normed-14","MUL","",-1,0,-1,2048,1,1,1,8192,0.005573,1,"chunk_size_1"
"CPU_Elastic","COMPUTE","Qcur_normed-14 (reshaped)","RESHAPE","",-1,1,-1,128,16,1,1,8192,0.000573,1,"chunk_size_1"
"CPU_Elastic","COMPUTE","Qcur-14","ROPE","",-1,2,-1,128,16,1,1,8192,0.006302,1,"chunk_size_1"
"CPU_Elastic","COMPUTE","Kcur-14","MUL_MAT","",-1,3,-1,2048,1,1,1,8192,0.099219,1,"chunk_size_1"
"CPU_Elastic","COMPUTE_GRAPH","ggml_cgraph","GRAPH","",-1,4,-1,0,0,0,0,0,0.111667,1,"delegate_cpu_graph"
"CPU_Elastic","COMPUTE","Kcur_normed-14","MUL","",-1,0,-1,2048,1,1,1,8192,0.005052,1,"chunk_size_1"
"CPU_Elastic","COMPUTE","Kcur_normed-14 (reshaped)","RESHAPE","",-1,1,-1,128,16,1,1,8192,0.000572,1,"chunk_size_1"
"CPU_Elastic","COMPUTE","Kcur-14","ROPE","",-1,2,-1,128,16,1,1,8192,0.006197,1,"chunk_size_1"
"CPU_Elastic","COMPUTE","Vcur-14","MUL_MAT","",-1,3,-1,2048,1,1,1,8192,0.142135,1,"chunk_size_1"
"CPU_Elastic","COMPUTE","Vcur-14","RESHAPE","",-1,4,-1,128,16,1,1,8192,0.000625,1,"chunk_size_1"
"CPU_Elastic","COMPUTE","Kcur-14 (view)","VIEW","",-1,5,-1,2048,1,1,1,8192,0.000469,1,"chunk_size_1"
"CPU_Elastic","COMPUTE","cache_k_l14 (view)","SET_ROWS","",-1,6,-1,2048,512,1,1,2097152,0.001875,1,"chunk_size_1"
"CPU_Elastic","COMPUTE","Vcur-14 (view)","VIEW","",-1,7,-1,2048,1,1,1,8192,0.000416,1,"chunk_size_1"
"CPU_Elastic","COMPUTE","cache_v_l14 (view)","SET_ROWS","",-1,8,-1,2048,512,1,1,2097152,0.001771,1,"chunk_size_1"
"CPU_Elastic","COMPUTE","cache_v_l14 (view)","VIEW","",-1,9,-1,128,16,256,1,1048576,0.000416,1,"chunk_size_1"
"CPU_Elastic","COMPUTE","cache_v_l14 (view) (permuted)","PERMUTE","",-1,10,-1,128,256,16,1,1048576,0.000417,1,"chunk_size_1"
"CPU_Elastic","COMPUTE","cache_v_l14 (view) (permuted) (transposed)","TRANSPOSE","",-1,11,-1,256,128,16,1,1048576,0.000416,1,"chunk_size_1"
"CPU_Elastic","COMPUTE","v_cont-14","CONT","",-1,12,-1,256,128,16,1,1048576,0.525938,1,"chunk_size_1"
"CPU_Elastic","COMPUTE","cache_k_l14 (view)","VIEW","",-1,13,-1,128,16,256,1,1048576,0.000469,1,"chunk_size_1"
"CPU_Elastic","COMPUTE","cache_k_l14 (view) (permuted)","PERMUTE","",-1,14,-1,128,256,16,1,1048576,0.000468,1,"chunk_size_1"
"CPU_Elastic","COMPUTE","Qcur-14 (view)","VIEW","",-1,15,-1,128,16,1,1,8192,0.000469,1,"chunk_size_1"
"CPU_Elastic","COMPUTE","Qcur-14 (view) (permuted)","PERMUTE","",-1,16,-1,128,1,16,1,8192,0.000468,1,"chunk_size_1"
"CPU_Elastic","COMPUTE","kq-14","MUL_MAT","",-1,17,-1,256,1,16,1,16384,0.057396,1,"chunk_size_1"
"CPU_Elastic","COMPUTE","kq_soft_max-14","SOFT_MAX","",-1,18,-1,256,1,16,1,16384,0.016979,1,"chunk_size_1"
"CPU_Elastic","COMPUTE","kqv-14","MUL_MAT","",-1,19,-1,128,1,16,1,8192,0.041979,1,"chunk_size_1"
"CPU_Elastic","COMPUTE","kqv-14 (permuted)","PERMUTE","",-1,20,-1,128,16,1,1,8192,0.000573,1,"chunk_size_1"
"CPU_Elastic","COMPUTE","kqv_out-14","CONT","",-1,21,-1,2048,1,1,1,8192,0.005313,1,"chunk_size_1"
"CPU_Elastic","COMPUTE","node_914","MUL_MAT","",-1,22,-1,2048,1,1,1,8192,0.100833,1,"chunk_size_1"
"CPU_Elastic","COMPUTE","ffn_inp-14","ADD","",-1,23,-1,2048,1,1,1,8192,0.005156,1,"chunk_size_1"
"CPU_Elastic","COMPUTE_GRAPH","ggml_cgraph","GRAPH","",-1,24,-1,0,0,0,0,0,0.916402,1,"delegate_cpu_graph"
"CPU_Elastic","COMPUTE","ffn_norm-14","MUL","",-1,0,-1,2048,1,1,1,8192,0.005208,1,"chunk_size_1"
"CPU_Elastic","COMPUTE","ffn_moe_logits-14","MUL_MAT","",-1,1,-1,64,1,1,1,256,0.015364,1,"chunk_size_1"
"CPU_Elastic","COMPUTE","ffn_moe_probs-14","SOFT_MAX","",-1,2,-1,64,1,1,1,256,0.001042,1,"chunk_size_1"
"CPU_Elastic","COMPUTE","ffn_moe_probs-14 (reshaped)","RESHAPE","",-1,3,-1,1,64,1,1,256,0.000468,1,"chunk_size_1"
"CPU_Elastic","COMPUTE","ffn_moe_argsort-14","ARGSORT","",-1,4,-1,64,1,1,1,256,0.011771,1,"chunk_size_1"
"CPU_Elastic","COMPUTE","ffn_moe_topk-14","VIEW","",-1,5,-1,8,1,1,1,32,0.000625,1,"chunk_size_1"
"CPU_Elastic","COMPUTE","ffn_moe_weights-14","GET_ROWS","",-1,6,-1,1,8,1,1,32,0.000521,1,"chunk_size_1"
"CPU_Elastic","COMPUTE","ffn_norm-14 (reshaped)","RESHAPE","",-1,7,-1,2048,1,1,1,8192,0.000469,1,"chunk_size_1"
"CPU_Elastic","COMPUTE","ffn_moe_gate-14","MUL_MAT_ID","",-1,8,-1,1024,8,1,1,32768,0.365521,1,"chunk_size_1"
"CPU_Elastic","COMPUTE","ffn_moe_up-14","MUL_MAT_ID","",-1,9,-1,1024,8,1,1,32768,0.402916,1,"chunk_size_1"
"CPU_Elastic","COMPUTE","ffn_moe_weighted-14","GLU","",-1,10,-1,1024,8,1,1,32768,0.027604,1,"chunk_size_1"
"CPU_Elastic","COMPUTE","ffn_moe_down-14","MUL_MAT_ID","",-1,11,-1,2048,8,1,1,65536,0.526511,1,"chunk_size_1"
"CPU_Elastic","COMPUTE","node_929","MUL","",-1,12,-1,2048,8,1,1,65536,0.031041,1,"chunk_size_1"
"CPU_Elastic","COMPUTE"," (view)","VIEW","",-1,13,-1,2048,1,1,1,8192,0.000625,1,"chunk_size_1"
"CPU_Elastic","COMPUTE","node_929 (view)","VIEW","",-1,14,-1,2048,1,1,1,8192,0.000469,1,"chunk_size_1"
"CPU_Elastic","COMPUTE","node_929 (view)","VIEW","",-1,15,-1,2048,1,1,1,8192,0.000469,1,"chunk_size_1"
"CPU_Elastic","COMPUTE","node_929 (view)","VIEW","",-1,16,-1,2048,1,1,1,8192,0.000469,1,"chunk_size_1"
"CPU_Elastic","COMPUTE","node_929 (view)","VIEW","",-1,17,-1,2048,1,1,1,8192,0.000521,1,"chunk_size_1"
"CPU_Elastic","COMPUTE","node_929 (view)","VIEW","",-1,18,-1,2048,1,1,1,8192,0.000416,1,"chunk_size_1"
"CPU_Elastic","COMPUTE","node_929 (view)","VIEW","",-1,19,-1,2048,1,1,1,8192,0.000417,1,"chunk_size_1"
"CPU_Elastic","COMPUTE","node_929 (view)","VIEW","",-1,20,-1,2048,1,1,1,8192,0.000416,1,"chunk_size_1"
"CPU_Elastic","COMPUTE","node_938","ADD","",-1,21,-1,2048,1,1,1,8192,0.005521,1,"chunk_size_1"
"CPU_Elastic","COMPUTE","node_939","ADD","",-1,22,-1,2048,1,1,1,8192,0.003802,1,"chunk_size_1"
"CPU_Elastic","COMPUTE","node_940","ADD","",-1,23,-1,2048,1,1,1,8192,0.003802,1,"chunk_size_1"
"CPU_Elastic","COMPUTE","node_941","ADD","",-1,24,-1,2048,1,1,1,8192,0.003750,1,"chunk_size_1"
"CPU_Elastic","COMPUTE","node_942","ADD","",-1,25,-1,2048,1,1,1,8192,0.004375,1,"chunk_size_1"
"CPU_Elastic","COMPUTE","node_943","ADD","",-1,26,-1,2048,1,1,1,8192,0.005260,1,"chunk_size_1"
"CPU_Elastic","COMPUTE","ffn_moe_out-14","ADD","",-1,27,-1,2048,1,1,1,8192,0.004739,1,"chunk_size_1"
"CPU_Elastic","COMPUTE","l_out-14","ADD","",-1,28,-1,2048,1,1,1,8192,0.004323,1,"chunk_size_1"
"CPU_Elastic","COMPUTE_GRAPH","ggml_cgraph","GRAPH","",-1,29,-1,0,0,0,0,0,1.428435,1,"delegate_cpu_graph"
"CPU_Elastic","COMPUTE","attn_norm-15","MUL","",-1,0,-1,2048,1,1,1,8192,0.004896,1,"chunk_size_1"
"CPU_Elastic","COMPUTE","Qcur-15","MUL_MAT","",-1,1,-1,2048,1,1,1,8192,0.110000,1,"chunk_size_1"
"CPU_Elastic","COMPUTE_GRAPH","ggml_cgraph","GRAPH","",-1,2,-1,0,0,0,0,0,0.114896,1,"delegate_cpu_graph"
"CPU_Elastic","COMPUTE","Qcur_normed-15","MUL","",-1,0,-1,2048,1,1,1,8192,0.004740,1,"chunk_size_1"
"CPU_Elastic","COMPUTE","Qcur_normed-15 (reshaped)","RESHAPE","",-1,1,-1,128,16,1,1,8192,0.000520,1,"chunk_size_1"
"CPU_Elastic","COMPUTE","Qcur-15","ROPE","",-1,2,-1,128,16,1,1,8192,0.006250,1,"chunk_size_1"
"CPU_Elastic","COMPUTE","Kcur-15","MUL_MAT","",-1,3,-1,2048,1,1,1,8192,0.107448,1,"chunk_size_1"
"CPU_Elastic","COMPUTE_GRAPH","ggml_cgraph","GRAPH","",-1,4,-1,0,0,0,0,0,0.118958,1,"delegate_cpu_graph"
"CPU_Elastic","COMPUTE","Kcur_normed-15","MUL","",-1,0,-1,2048,1,1,1,8192,0.004844,1,"chunk_size_1"
"CPU_Elastic","COMPUTE","Kcur_normed-15 (reshaped)","RESHAPE","",-1,1,-1,128,16,1,1,8192,0.000677,1,"chunk_size_1"
"CPU_Elastic","COMPUTE","Kcur-15","ROPE","",-1,2,-1,128,16,1,1,8192,0.006198,1,"chunk_size_1"
"CPU_Elastic","COMPUTE","Vcur-15","MUL_MAT","",-1,3,-1,2048,1,1,1,8192,0.134166,1,"chunk_size_1"
"CPU_Elastic","COMPUTE","Vcur-15","RESHAPE","",-1,4,-1,128,16,1,1,8192,0.000469,1,"chunk_size_1"
"CPU_Elastic","COMPUTE","Kcur-15 (view)","VIEW","",-1,5,-1,2048,1,1,1,8192,0.000521,1,"chunk_size_1"
"CPU_Elastic","COMPUTE","cache_k_l15 (view)","SET_ROWS","",-1,6,-1,2048,512,1,1,2097152,0.001823,1,"chunk_size_1"
"CPU_Elastic","COMPUTE","Vcur-15 (view)","VIEW","",-1,7,-1,2048,1,1,1,8192,0.000417,1,"chunk_size_1"
"CPU_Elastic","COMPUTE","cache_v_l15 (view)","SET_ROWS","",-1,8,-1,2048,512,1,1,2097152,0.001719,1,"chunk_size_1"
"CPU_Elastic","COMPUTE","cache_v_l15 (view)","VIEW","",-1,9,-1,128,16,256,1,1048576,0.000468,1,"chunk_size_1"
"CPU_Elastic","COMPUTE","cache_v_l15 (view) (permuted)","PERMUTE","",-1,10,-1,128,256,16,1,1048576,0.000468,1,"chunk_size_1"
"CPU_Elastic","COMPUTE","cache_v_l15 (view) (permuted) (transposed)","TRANSPOSE","",-1,11,-1,256,128,16,1,1048576,0.000416,1,"chunk_size_1"
"CPU_Elastic","COMPUTE","v_cont-15","CONT","",-1,12,-1,256,128,16,1,1048576,0.521146,1,"chunk_size_1"
"CPU_Elastic","COMPUTE","cache_k_l15 (view)","VIEW","",-1,13,-1,128,16,256,1,1048576,0.000625,1,"chunk_size_1"
"CPU_Elastic","COMPUTE","cache_k_l15 (view) (permuted)","PERMUTE","",-1,14,-1,128,256,16,1,1048576,0.000521,1,"chunk_size_1"
"CPU_Elastic","COMPUTE","Qcur-15 (view)","VIEW","",-1,15,-1,128,16,1,1,8192,0.000364,1,"chunk_size_1"
"CPU_Elastic","COMPUTE","Qcur-15 (view) (permuted)","PERMUTE","",-1,16,-1,128,1,16,1,8192,0.000469,1,"chunk_size_1"
"CPU_Elastic","COMPUTE","kq-15","MUL_MAT","",-1,17,-1,256,1,16,1,16384,0.038541,1,"chunk_size_1"
"CPU_Elastic","COMPUTE","kq_soft_max-15","SOFT_MAX","",-1,18,-1,256,1,16,1,16384,0.016875,1,"chunk_size_1"
"CPU_Elastic","COMPUTE","kqv-15","MUL_MAT","",-1,19,-1,128,1,16,1,8192,0.039427,1,"chunk_size_1"
"CPU_Elastic","COMPUTE","kqv-15 (permuted)","PERMUTE","",-1,20,-1,128,16,1,1,8192,0.000469,1,"chunk_size_1"
"CPU_Elastic","COMPUTE","kqv_out-15","CONT","",-1,21,-1,2048,1,1,1,8192,0.005157,1,"chunk_size_1"
"CPU_Elastic","COMPUTE","node_977","MUL_MAT","",-1,22,-1,2048,1,1,1,8192,0.114323,1,"chunk_size_1"
"CPU_Elastic","COMPUTE","node_978","GET_ROWS","",-1,23,-1,2048,1,1,1,8192,0.001094,1,"chunk_size_1"
"CPU_Elastic","COMPUTE","node_979","GET_ROWS","",-1,24,-1,2048,1,1,1,8192,0.000937,1,"chunk_size_1"
"CPU_Elastic","COMPUTE","ffn_inp-15","ADD","",-1,25,-1,2048,1,1,1,8192,0.004584,1,"chunk_size_1"
"CPU_Elastic","COMPUTE_GRAPH","ggml_cgraph","GRAPH","",-1,26,-1,0,0,0,0,0,0.896718,1,"delegate_cpu_graph"
"CPU_Elastic","COMPUTE","ffn_norm-15","MUL","",-1,0,-1,2048,1,1,1,8192,0.004791,1,"chunk_size_1"
"CPU_Elastic","COMPUTE","ffn_moe_logits-15","MUL_MAT","",-1,1,-1,64,1,1,1,256,0.014844,1,"chunk_size_1"
"CPU_Elastic","COMPUTE","ffn_moe_probs-15","SOFT_MAX","",-1,2,-1,64,1,1,1,256,0.000938,1,"chunk_size_1"
"CPU_Elastic","COMPUTE","ffn_moe_probs-15 (reshaped)","RESHAPE","",-1,3,-1,1,64,1,1,256,0.000469,1,"chunk_size_1"
"CPU_Elastic","COMPUTE","ffn_moe_argsort-15","ARGSORT","",-1,4,-1,64,1,1,1,256,0.010105,1,"chunk_size_1"
"CPU_Elastic","COMPUTE","ffn_moe_topk-15","VIEW","",-1,5,-1,8,1,1,1,32,0.000521,1,"chunk_size_1"
"CPU_Elastic","COMPUTE","ffn_moe_weights-15","GET_ROWS","",-1,6,-1,1,8,1,1,32,0.000469,1,"chunk_size_1"
"CPU_Elastic","COMPUTE","ffn_norm-15 (reshaped)","RESHAPE","",-1,7,-1,2048,1,1,1,8192,0.000416,1,"chunk_size_1"
"CPU_Elastic","COMPUTE","ffn_moe_gate-15","MUL_MAT_ID","",-1,8,-1,1024,8,1,1,32768,0.380989,1,"chunk_size_1"
"CPU_Elastic","COMPUTE","ffn_moe_up-15","MUL_MAT_ID","",-1,9,-1,1024,8,1,1,32768,0.381146,1,"chunk_size_1"
"CPU_Elastic","COMPUTE","ffn_moe_weighted-15","GLU","",-1,10,-1,1024,8,1,1,32768,0.007448,1,"chunk_size_1"
"CPU_Elastic","COMPUTE","ffn_moe_down-15","MUL_MAT_ID","",-1,11,-1,2048,8,1,1,65536,0.515000,1,"chunk_size_1"
"CPU_Elastic","COMPUTE","node_994","MUL","",-1,12,-1,2048,8,1,1,65536,0.030625,1,"chunk_size_1"
"CPU_Elastic","COMPUTE"," (view)","VIEW","",-1,13,-1,2048,1,1,1,8192,0.000573,1,"chunk_size_1"
"CPU_Elastic","COMPUTE","node_994 (view)","VIEW","",-1,14,-1,2048,1,1,1,8192,0.000364,1,"chunk_size_1"
"CPU_Elastic","COMPUTE","node_994 (view)","VIEW","",-1,15,-1,2048,1,1,1,8192,0.000417,1,"chunk_size_1"
"CPU_Elastic","COMPUTE","node_994 (view)","VIEW","",-1,16,-1,2048,1,1,1,8192,0.000521,1,"chunk_size_1"
"CPU_Elastic","COMPUTE","node_994 (view)","VIEW","",-1,17,-1,2048,1,1,1,8192,0.000365,1,"chunk_size_1"
"CPU_Elastic","COMPUTE","node_994 (view)","VIEW","",-1,18,-1,2048,1,1,1,8192,0.000416,1,"chunk_size_1"
"CPU_Elastic","COMPUTE","node_994 (view)","VIEW","",-1,19,-1,2048,1,1,1,8192,0.000365,1,"chunk_size_1"
"CPU_Elastic","COMPUTE","node_994 (view)","VIEW","",-1,20,-1,2048,1,1,1,8192,0.000468,1,"chunk_size_1"
"CPU_Elastic","COMPUTE","node_1003","ADD","",-1,21,-1,2048,1,1,1,8192,0.004635,1,"chunk_size_1"
"CPU_Elastic","COMPUTE","node_1004","ADD","",-1,22,-1,2048,1,1,1,8192,0.005105,1,"chunk_size_1"
"CPU_Elastic","COMPUTE","node_1005","ADD","",-1,23,-1,2048,1,1,1,8192,0.005052,1,"chunk_size_1"
"CPU_Elastic","COMPUTE","node_1006","ADD","",-1,24,-1,2048,1,1,1,8192,0.004428,1,"chunk_size_1"
"CPU_Elastic","COMPUTE","node_1007","ADD","",-1,25,-1,2048,1,1,1,8192,0.005208,1,"chunk_size_1"
"CPU_Elastic","COMPUTE","node_1008","ADD","",-1,26,-1,2048,1,1,1,8192,0.005261,1,"chunk_size_1"
"CPU_Elastic","COMPUTE","ffn_moe_out-15","ADD","",-1,27,-1,2048,1,1,1,8192,0.004479,1,"chunk_size_1"
"CPU_Elastic","COMPUTE","l_out-15","ADD","",-1,28,-1,2048,1,1,1,8192,0.005364,1,"chunk_size_1"
"CPU_Elastic","COMPUTE","norm","RMS_NORM","",-1,29,-1,2048,1,1,1,8192,0.006250,1,"chunk_size_1"
"CPU_Elastic","COMPUTE","result_norm","MUL","",-1,30,-1,2048,1,1,1,8192,0.005052,1,"chunk_size_1"
"CPU_Elastic","COMPUTE","result_output","MUL_MAT","",-1,31,-1,50304,1,1,1,201216,2.979687,1,"chunk_size_1"
"CPU_Elastic","COMPUTE_GRAPH","ggml_cgraph","GRAPH","",-1,32,-1,0,0,0,0,0,4.381771,1,"delegate_cpu_graph"
"CPU_Elastic","COMPUTE","inp_embd","GET_ROWS","",-1,0,-1,2048,1,1,1,8192,0.002604,1,"chunk_size_1"
"CPU_Elastic","COMPUTE_GRAPH","ggml_cgraph","GRAPH","",-1,1,-1,0,0,0,0,0,0.002604,1,"delegate_cpu_graph"
"CPU_Elastic","COMPUTE","attn_norm-0","MUL","",-1,0,-1,2048,1,1,1,8192,0.005573,1,"chunk_size_1"
"CPU_Elastic","COMPUTE","Qcur-0","MUL_MAT","",-1,1,-1,2048,1,1,1,8192,0.110729,1,"chunk_size_1"
"CPU_Elastic","COMPUTE_GRAPH","ggml_cgraph","GRAPH","",-1,2,-1,0,0,0,0,0,0.116302,1,"delegate_cpu_graph"
"CPU_Elastic","COMPUTE","Qcur_normed-0","MUL","",-1,0,-1,2048,1,1,1,8192,0.005000,1,"chunk_size_1"
"CPU_Elastic","COMPUTE","Qcur_normed-0 (reshaped)","RESHAPE","",-1,1,-1,128,16,1,1,8192,0.000677,1,"chunk_size_1"
"CPU_Elastic","COMPUTE","Qcur-0","ROPE","",-1,2,-1,128,16,1,1,8192,0.006042,1,"chunk_size_1"
"CPU_Elastic","COMPUTE","Kcur-0","MUL_MAT","",-1,3,-1,2048,1,1,1,8192,0.138489,1,"chunk_size_1"
"CPU_Elastic","COMPUTE_GRAPH","ggml_cgraph","GRAPH","",-1,4,-1,0,0,0,0,0,0.150208,1,"delegate_cpu_graph"
"CPU_Elastic","COMPUTE","Kcur_normed-0","MUL","",-1,0,-1,2048,1,1,1,8192,0.004636,1,"chunk_size_1"
"CPU_Elastic","COMPUTE","Kcur_normed-0 (reshaped)","RESHAPE","",-1,1,-1,128,16,1,1,8192,0.000625,1,"chunk_size_1"
"CPU_Elastic","COMPUTE","Kcur-0","ROPE","",-1,2,-1,128,16,1,1,8192,0.006459,1,"chunk_size_1"
"CPU_Elastic","COMPUTE","Vcur-0","MUL_MAT","",-1,3,-1,2048,1,1,1,8192,0.176980,1,"chunk_size_1"
"CPU_Elastic","COMPUTE","Vcur-0","RESHAPE","",-1,4,-1,128,16,1,1,8192,0.000677,1,"chunk_size_1"
"CPU_Elastic","COMPUTE","Kcur-0 (view)","VIEW","",-1,5,-1,2048,1,1,1,8192,0.000521,1,"chunk_size_1"
"CPU_Elastic","COMPUTE","cache_k_l0 (view)","SET_ROWS","",-1,6,-1,2048,512,1,1,2097152,0.001875,1,"chunk_size_1"
"CPU_Elastic","COMPUTE","Vcur-0 (view)","VIEW","",-1,7,-1,2048,1,1,1,8192,0.000469,1,"chunk_size_1"
"CPU_Elastic","COMPUTE","cache_v_l0 (view)","SET_ROWS","",-1,8,-1,2048,512,1,1,2097152,0.001771,1,"chunk_size_1"
"CPU_Elastic","COMPUTE","cache_v_l0 (view)","VIEW","",-1,9,-1,128,16,256,1,1048576,0.000469,1,"chunk_size_1"
"CPU_Elastic","COMPUTE","cache_v_l0 (view) (permuted)","PERMUTE","",-1,10,-1,128,256,16,1,1048576,0.000469,1,"chunk_size_1"
"CPU_Elastic","COMPUTE","cache_v_l0 (view) (permuted) (transposed)","TRANSPOSE","",-1,11,-1,256,128,16,1,1048576,0.000469,1,"chunk_size_1"
"CPU_Elastic","COMPUTE","v_cont-0","CONT","",-1,12,-1,256,128,16,1,1048576,0.556927,1,"chunk_size_1"
"CPU_Elastic","COMPUTE","cache_k_l0 (view)","VIEW","",-1,13,-1,128,16,256,1,1048576,0.000573,1,"chunk_size_1"
"CPU_Elastic","COMPUTE","cache_k_l0 (view) (permuted)","PERMUTE","",-1,14,-1,128,256,16,1,1048576,0.000521,1,"chunk_size_1"
"CPU_Elastic","COMPUTE","Qcur-0 (view)","VIEW","",-1,15,-1,128,16,1,1,8192,0.000469,1,"chunk_size_1"
"CPU_Elastic","COMPUTE","Qcur-0 (view) (permuted)","PERMUTE","",-1,16,-1,128,1,16,1,8192,0.000573,1,"chunk_size_1"
"CPU_Elastic","COMPUTE","kq-0","MUL_MAT","",-1,17,-1,256,1,16,1,16384,0.057552,1,"chunk_size_1"
"CPU_Elastic","COMPUTE","kq_soft_max-0","SOFT_MAX","",-1,18,-1,256,1,16,1,16384,0.016563,1,"chunk_size_1"
"CPU_Elastic","COMPUTE","kqv-0","MUL_MAT","",-1,19,-1,128,1,16,1,8192,0.040833,1,"chunk_size_1"
"CPU_Elastic","COMPUTE","kqv-0 (permuted)","PERMUTE","",-1,20,-1,128,16,1,1,8192,0.000573,1,"chunk_size_1"
"CPU_Elastic","COMPUTE","kqv_out-0","CONT","",-1,21,-1,2048,1,1,1,8192,0.005521,1,"chunk_size_1"
"CPU_Elastic","COMPUTE","node_32","MUL_MAT","",-1,22,-1,2048,1,1,1,8192,0.115469,1,"chunk_size_1"
"CPU_Elastic","COMPUTE","ffn_inp-0","ADD","",-1,23,-1,2048,1,1,1,8192,0.005052,1,"chunk_size_1"
"CPU_Elastic","COMPUTE_GRAPH","ggml_cgraph","GRAPH","",-1,24,-1,0,0,0,0,0,0.996046,1,"delegate_cpu_graph"
"CPU_Elastic","COMPUTE","ffn_norm-0","MUL","",-1,0,-1,2048,1,1,1,8192,0.004323,1,"chunk_size_1"
"CPU_Elastic","COMPUTE","ffn_moe_logits-0","MUL_MAT","",-1,1,-1,64,1,1,1,256,0.012969,1,"chunk_size_1"
"CPU_Elastic","COMPUTE","ffn_moe_probs-0","SOFT_MAX","",-1,2,-1,64,1,1,1,256,0.000886,1,"chunk_size_1"
"CPU_Elastic","COMPUTE","ffn_moe_probs-0 (reshaped)","RESHAPE","",-1,3,-1,1,64,1,1,256,0.000416,1,"chunk_size_1"
"CPU_Elastic","COMPUTE","ffn_moe_argsort-0","ARGSORT","",-1,4,-1,64,1,1,1,256,0.025000,1,"chunk_size_1"
"CPU_Elastic","COMPUTE","ffn_moe_topk-0","VIEW","",-1,5,-1,8,1,1,1,32,0.000625,1,"chunk_size_1"
"CPU_Elastic","COMPUTE","ffn_moe_weights-0","GET_ROWS","",-1,6,-1,1,8,1,1,32,0.000573,1,"chunk_size_1"
"CPU_Elastic","COMPUTE","ffn_norm-0 (reshaped)","RESHAPE","",-1,7,-1,2048,1,1,1,8192,0.000364,1,"chunk_size_1"
"CPU_Elastic","COMPUTE","ffn_moe_gate-0","MUL_MAT_ID","",-1,8,-1,1024,8,1,1,32768,0.365312,1,"chunk_size_1"
"CPU_Elastic","COMPUTE","ffn_moe_up-0","MUL_MAT_ID","",-1,9,-1,1024,8,1,1,32768,0.383386,1,"chunk_size_1"
"CPU_Elastic","COMPUTE","ffn_moe_weighted-0","GLU","",-1,10,-1,1024,8,1,1,32768,0.026927,1,"chunk_size_1"
"CPU_Elastic","COMPUTE","ffn_moe_down-0","MUL_MAT_ID","",-1,11,-1,2048,8,1,1,65536,0.534271,1,"chunk_size_1"
"CPU_Elastic","COMPUTE","node_47","MUL","",-1,12,-1,2048,8,1,1,65536,0.029844,1,"chunk_size_1"
"CPU_Elastic","COMPUTE"," (view)","VIEW","",-1,13,-1,2048,1,1,1,8192,0.000573,1,"chunk_size_1"
"CPU_Elastic","COMPUTE","node_47 (view)","VIEW","",-1,14,-1,2048,1,1,1,8192,0.000469,1,"chunk_size_1"
"CPU_Elastic","COMPUTE","node_47 (view)","VIEW","",-1,15,-1,2048,1,1,1,8192,0.000417,1,"chunk_size_1"
"CPU_Elastic","COMPUTE","node_47 (view)","VIEW","",-1,16,-1,2048,1,1,1,8192,0.000417,1,"chunk_size_1"
"CPU_Elastic","COMPUTE","node_47 (view)","VIEW","",-1,17,-1,2048,1,1,1,8192,0.000469,1,"chunk_size_1"
"CPU_Elastic","COMPUTE","node_47 (view)","VIEW","",-1,18,-1,2048,1,1,1,8192,0.000417,1,"chunk_size_1"
"CPU_Elastic","COMPUTE","node_47 (view)","VIEW","",-1,19,-1,2048,1,1,1,8192,0.000365,1,"chunk_size_1"
"CPU_Elastic","COMPUTE","node_47 (view)","VIEW","",-1,20,-1,2048,1,1,1,8192,0.000416,1,"chunk_size_1"
"CPU_Elastic","COMPUTE","node_56","ADD","",-1,21,-1,2048,1,1,1,8192,0.005104,1,"chunk_size_1"
"CPU_Elastic","COMPUTE","node_57","ADD","",-1,22,-1,2048,1,1,1,8192,0.005313,1,"chunk_size_1"
"CPU_Elastic","COMPUTE","node_58","ADD","",-1,23,-1,2048,1,1,1,8192,0.003541,1,"chunk_size_1"
"CPU_Elastic","COMPUTE","node_59","ADD","",-1,24,-1,2048,1,1,1,8192,0.005260,1,"chunk_size_1"
"CPU_Elastic","COMPUTE","node_60","ADD","",-1,25,-1,2048,1,1,1,8192,0.004219,1,"chunk_size_1"
"CPU_Elastic","COMPUTE","node_61","ADD","",-1,26,-1,2048,1,1,1,8192,0.005313,1,"chunk_size_1"
"CPU_Elastic","COMPUTE","ffn_moe_out-0","ADD","",-1,27,-1,2048,1,1,1,8192,0.005156,1,"chunk_size_1"
"CPU_Elastic","COMPUTE","l_out-0","ADD","",-1,28,-1,2048,1,1,1,8192,0.003698,1,"chunk_size_1"
"CPU_Elastic","COMPUTE_GRAPH","ggml_cgraph","GRAPH","",-1,29,-1,0,0,0,0,0,1.426043,1,"delegate_cpu_graph"
"CPU_Elastic","COMPUTE","attn_norm-1","MUL","",-1,0,-1,2048,1,1,1,8192,0.005938,1,"chunk_size_1"
"CPU_Elastic","COMPUTE","Qcur-1","MUL_MAT","",-1,1,-1,2048,1,1,1,8192,0.099635,1,"chunk_size_1"
"CPU_Elastic","COMPUTE_GRAPH","ggml_cgraph","GRAPH","",-1,2,-1,0,0,0,0,0,0.105573,1,"delegate_cpu_graph"
"CPU_Elastic","COMPUTE","Qcur_normed-1","MUL","",-1,0,-1,2048,1,1,1,8192,0.005261,1,"chunk_size_1"
"CPU_Elastic","COMPUTE","Qcur_normed-1 (reshaped)","RESHAPE","",-1,1,-1,128,16,1,1,8192,0.000521,1,"chunk_size_1"
"CPU_Elastic","COMPUTE","Qcur-1","ROPE","",-1,2,-1,128,16,1,1,8192,0.005781,1,"chunk_size_1"
"CPU_Elastic","COMPUTE","Kcur-1","MUL_MAT","",-1,3,-1,2048,1,1,1,8192,0.107031,1,"chunk_size_1"
"CPU_Elastic","COMPUTE_GRAPH","ggml_cgraph","GRAPH","",-1,4,-1,0,0,0,0,0,0.118594,1,"delegate_cpu_graph"
"CPU_Elastic","COMPUTE","Kcur_normed-1","MUL","",-1,0,-1,2048,1,1,1,8192,0.004740,1,"chunk_size_1"
"CPU_Elastic","COMPUTE","Kcur_normed-1 (reshaped)","RESHAPE","",-1,1,-1,128,16,1,1,8192,0.000678,1,"chunk_size_1"
"CPU_Elastic","COMPUTE","Kcur-1","ROPE","",-1,2,-1,128,16,1,1,8192,0.005782,1,"chunk_size_1"
"CPU_Elastic","COMPUTE","Vcur-1","MUL_MAT","",-1,3,-1,2048,1,1,1,8192,0.135781,1,"chunk_size_1"
"CPU_Elastic","COMPUTE","Vcur-1","RESHAPE","",-1,4,-1,128,16,1,1,8192,0.000521,1,"chunk_size_1"
"CPU_Elastic","COMPUTE","Kcur-1 (view)","VIEW","",-1,5,-1,2048,1,1,1,8192,0.000521,1,"chunk_size_1"
"CPU_Elastic","COMPUTE","cache_k_l1 (view)","SET_ROWS","",-1,6,-1,2048,512,1,1,2097152,0.001771,1,"chunk_size_1"
"CPU_Elastic","COMPUTE","Vcur-1 (view)","VIEW","",-1,7,-1,2048,1,1,1,8192,0.000364,1,"chunk_size_1"
"CPU_Elastic","COMPUTE","cache_v_l1 (view)","SET_ROWS","",-1,8,-1,2048,512,1,1,2097152,0.001563,1,"chunk_size_1"
"CPU_Elastic","COMPUTE","cache_v_l1 (view)","VIEW","",-1,9,-1,128,16,256,1,1048576,0.000468,1,"chunk_size_1"
"CPU_Elastic","COMPUTE","cache_v_l1 (view) (permuted)","PERMUTE","",-1,10,-1,128,256,16,1,1048576,0.000520,1,"chunk_size_1"
"CPU_Elastic","COMPUTE","cache_v_l1 (view) (permuted) (transposed)","TRANSPOSE","",-1,11,-1,256,128,16,1,1048576,0.000417,1,"chunk_size_1"
"CPU_Elastic","COMPUTE","v_cont-1","CONT","",-1,12,-1,256,128,16,1,1048576,0.516093,1,"chunk_size_1"
"CPU_Elastic","COMPUTE","cache_k_l1 (view)","VIEW","",-1,13,-1,128,16,256,1,1048576,0.000573,1,"chunk_size_1"
"CPU_Elastic","COMPUTE","cache_k_l1 (view) (permuted)","PERMUTE","",-1,14,-1,128,256,16,1,1048576,0.000469,1,"chunk_size_1"
"CPU_Elastic","COMPUTE","Qcur-1 (view)","VIEW","",-1,15,-1,128,16,1,1,8192,0.000417,1,"chunk_size_1"
"CPU_Elastic","COMPUTE","Qcur-1 (view) (permuted)","PERMUTE","",-1,16,-1,128,1,16,1,8192,0.000365,1,"chunk_size_1"
"CPU_Elastic","COMPUTE","kq-1","MUL_MAT","",-1,17,-1,256,1,16,1,16384,0.041198,1,"chunk_size_1"
"CPU_Elastic","COMPUTE","kq_soft_max-1","SOFT_MAX","",-1,18,-1,256,1,16,1,16384,0.017708,1,"chunk_size_1"
"CPU_Elastic","COMPUTE","kqv-1","MUL_MAT","",-1,19,-1,128,1,16,1,8192,0.042396,1,"chunk_size_1"
"CPU_Elastic","COMPUTE","kqv-1 (permuted)","PERMUTE","",-1,20,-1,128,16,1,1,8192,0.000573,1,"chunk_size_1"
"CPU_Elastic","COMPUTE","kqv_out-1","CONT","",-1,21,-1,2048,1,1,1,8192,0.005261,1,"chunk_size_1"
"CPU_Elastic","COMPUTE","node_95","MUL_MAT","",-1,22,-1,2048,1,1,1,8192,0.100157,1,"chunk_size_1"
"CPU_Elastic","COMPUTE","ffn_inp-1","ADD","",-1,23,-1,2048,1,1,1,8192,0.004896,1,"chunk_size_1"
"CPU_Elastic","COMPUTE_GRAPH","ggml_cgraph","GRAPH","",-1,24,-1,0,0,0,0,0,0.883232,1,"delegate_cpu_graph"
"CPU_Elastic","COMPUTE","ffn_norm-1","MUL","",-1,0,-1,2048,1,1,1,8192,0.004844,1,"chunk_size_1"
"CPU_Elastic","COMPUTE","ffn_moe_logits-1","MUL_MAT","",-1,1,-1,64,1,1,1,256,0.013072,1,"chunk_size_1"
"CPU_Elastic","COMPUTE","ffn_moe_probs-1","SOFT_MAX","",-1,2,-1,64,1,1,1,256,0.001042,1,"chunk_size_1"
"CPU_Elastic","COMPUTE","ffn_moe_probs-1 (reshaped)","RESHAPE","",-1,3,-1,1,64,1,1,256,0.000417,1,"chunk_size_1"
"CPU_Elastic","COMPUTE","ffn_moe_argsort-1","ARGSORT","",-1,4,-1,64,1,1,1,256,0.009740,1,"chunk_size_1"
"CPU_Elastic","COMPUTE","ffn_moe_topk-1","VIEW","",-1,5,-1,8,1,1,1,32,0.000416,1,"chunk_size_1"
"CPU_Elastic","COMPUTE","ffn_moe_weights-1","GET_ROWS","",-1,6,-1,1,8,1,1,32,0.000625,1,"chunk_size_1"
"CPU_Elastic","COMPUTE","ffn_norm-1 (reshaped)","RESHAPE","",-1,7,-1,2048,1,1,1,8192,0.000469,1,"chunk_size_1"
"CPU_Elastic","COMPUTE","ffn_moe_gate-1","MUL_MAT_ID","",-1,8,-1,1024,8,1,1,32768,0.365469,1,"chunk_size_1"
"CPU_Elastic","COMPUTE","ffn_moe_up-1","MUL_MAT_ID","",-1,9,-1,1024,8,1,1,32768,0.378802,1,"chunk_size_1"
"CPU_Elastic","COMPUTE","ffn_moe_weighted-1","GLU","",-1,10,-1,1024,8,1,1,32768,0.025000,1,"chunk_size_1"
"CPU_Elastic","COMPUTE","ffn_moe_down-1","MUL_MAT_ID","",-1,11,-1,2048,8,1,1,65536,0.537812,1,"chunk_size_1"
"CPU_Elastic","COMPUTE","node_110","MUL","",-1,12,-1,2048,8,1,1,65536,0.030521,1,"chunk_size_1"
"CPU_Elastic","COMPUTE"," (view)","VIEW","",-1,13,-1,2048,1,1,1,8192,0.000521,1,"chunk_size_1"
"CPU_Elastic","COMPUTE","node_110 (view)","VIEW","",-1,14,-1,2048,1,1,1,8192,0.000573,1,"chunk_size_1"
"CPU_Elastic","COMPUTE","node_110 (view)","VIEW","",-1,15,-1,2048,1,1,1,8192,0.000416,1,"chunk_size_1"
"CPU_Elastic","COMPUTE","node_110 (view)","VIEW","",-1,16,-1,2048,1,1,1,8192,0.000365,1,"chunk_size_1"
"CPU_Elastic","COMPUTE","node_110 (view)","VIEW","",-1,17,-1,2048,1,1,1,8192,0.000469,1,"chunk_size_1"
"CPU_Elastic","COMPUTE","node_110 (view)","VIEW","",-1,18,-1,2048,1,1,1,8192,0.000573,1,"chunk_size_1"
"CPU_Elastic","COMPUTE","node_110 (view)","VIEW","",-1,19,-1,2048,1,1,1,8192,0.000468,1,"chunk_size_1"
"CPU_Elastic","COMPUTE","node_110 (view)","VIEW","",-1,20,-1,2048,1,1,1,8192,0.000417,1,"chunk_size_1"
"CPU_Elastic","COMPUTE","node_119","ADD","",-1,21,-1,2048,1,1,1,8192,0.004584,1,"chunk_size_1"
"CPU_Elastic","COMPUTE","node_120","ADD","",-1,22,-1,2048,1,1,1,8192,0.003906,1,"chunk_size_1"
"CPU_Elastic","COMPUTE","node_121","ADD","",-1,23,-1,2048,1,1,1,8192,0.004427,1,"chunk_size_1"
"CPU_Elastic","COMPUTE","node_122","ADD","",-1,24,-1,2048,1,1,1,8192,0.005208,1,"chunk_size_1"
"CPU_Elastic","COMPUTE","node_123","ADD","",-1,25,-1,2048,1,1,1,8192,0.005208,1,"chunk_size_1"
"CPU_Elastic","COMPUTE","node_124","ADD","",-1,26,-1,2048,1,1,1,8192,0.005208,1,"chunk_size_1"
"CPU_Elastic","COMPUTE","ffn_moe_out-1","ADD","",-1,27,-1,2048,1,1,1,8192,0.005209,1,"chunk_size_1"
"CPU_Elastic","COMPUTE","l_out-1","ADD","",-1,28,-1,2048,1,1,1,8192,0.003855,1,"chunk_size_1"
"CPU_Elastic","COMPUTE_GRAPH","ggml_cgraph","GRAPH","",-1,29,-1,0,0,0,0,0,1.409636,1,"delegate_cpu_graph"
"CPU_Elastic","COMPUTE","attn_norm-2","MUL","",-1,0,-1,2048,1,1,1,8192,0.005260,1,"chunk_size_1"
"CPU_Elastic","COMPUTE","Qcur-2","MUL_MAT","",-1,1,-1,2048,1,1,1,8192,0.107760,1,"chunk_size_1"
"CPU_Elastic","COMPUTE_GRAPH","ggml_cgraph","GRAPH","",-1,2,-1,0,0,0,0,0,0.113020,1,"delegate_cpu_graph"
"CPU_Elastic","COMPUTE","Qcur_normed-2","MUL","",-1,0,-1,2048,1,1,1,8192,0.005469,1,"chunk_size_1"
"CPU_Elastic","COMPUTE","Qcur_normed-2 (reshaped)","RESHAPE","",-1,1,-1,128,16,1,1,8192,0.000677,1,"chunk_size_1"
"CPU_Elastic","COMPUTE","Qcur-2","ROPE","",-1,2,-1,128,16,1,1,8192,0.005000,1,"chunk_size_1"
"CPU_Elastic","COMPUTE","Kcur-2","MUL_MAT","",-1,3,-1,2048,1,1,1,8192,0.099323,1,"chunk_size_1"
"CPU_Elastic","COMPUTE_GRAPH","ggml_cgraph","GRAPH","",-1,4,-1,0,0,0,0,0,0.110469,1,"delegate_cpu_graph"
"CPU_Elastic","COMPUTE","Kcur_normed-2","MUL","",-1,0,-1,2048,1,1,1,8192,0.005000,1,"chunk_size_1"
"CPU_Elastic","COMPUTE","Kcur_normed-2 (reshaped)","RESHAPE","",-1,1,-1,128,16,1,1,8192,0.000521,1,"chunk_size_1"
"CPU_Elastic","COMPUTE","Kcur-2","ROPE","",-1,2,-1,128,16,1,1,8192,0.005052,1,"chunk_size_1"
"CPU_Elastic","COMPUTE","Vcur-2","MUL_MAT","",-1,3,-1,2048,1,1,1,8192,0.099948,1,"chunk_size_1"
"CPU_Elastic","COMPUTE","Vcur-2","RESHAPE","",-1,4,-1,128,16,1,1,8192,0.000573,1,"chunk_size_1"
"CPU_Elastic","COMPUTE","Kcur-2 (view)","VIEW","",-1,5,-1,2048,1,1,1,8192,0.000416,1,"chunk_size_1"
"CPU_Elastic","COMPUTE","cache_k_l2 (view)","SET_ROWS","",-1,6,-1,2048,512,1,1,2097152,0.001666,1,"chunk_size_1"
"CPU_Elastic","COMPUTE","Vcur-2 (view)","VIEW","",-1,7,-1,2048,1,1,1,8192,0.000469,1,"chunk_size_1"
"CPU_Elastic","COMPUTE","cache_v_l2 (view)","SET_ROWS","",-1,8,-1,2048,512,1,1,2097152,0.001667,1,"chunk_size_1"
"CPU_Elastic","COMPUTE","cache_v_l2 (view)","VIEW","",-1,9,-1,128,16,256,1,1048576,0.000468,1,"chunk_size_1"
"CPU_Elastic","COMPUTE","cache_v_l2 (view) (permuted)","PERMUTE","",-1,10,-1,128,256,16,1,1048576,0.000573,1,"chunk_size_1"
"CPU_Elastic","COMPUTE","cache_v_l2 (view) (permuted) (transposed)","TRANSPOSE","",-1,11,-1,256,128,16,1,1048576,0.000417,1,"chunk_size_1"
"CPU_Elastic","COMPUTE","v_cont-2","CONT","",-1,12,-1,256,128,16,1,1048576,0.547500,1,"chunk_size_1"
"CPU_Elastic","COMPUTE","cache_k_l2 (view)","VIEW","",-1,13,-1,128,16,256,1,1048576,0.000469,1,"chunk_size_1"
"CPU_Elastic","COMPUTE","cache_k_l2 (view) (permuted)","PERMUTE","",-1,14,-1,128,256,16,1,1048576,0.000521,1,"chunk_size_1"
"CPU_Elastic","COMPUTE","Qcur-2 (view)","VIEW","",-1,15,-1,128,16,1,1,8192,0.000417,1,"chunk_size_1"
"CPU_Elastic","COMPUTE","Qcur-2 (view) (permuted)","PERMUTE","",-1,16,-1,128,1,16,1,8192,0.000416,1,"chunk_size_1"
"CPU_Elastic","COMPUTE","kq-2","MUL_MAT","",-1,17,-1,256,1,16,1,16384,0.058229,1,"chunk_size_1"
"CPU_Elastic","COMPUTE","kq_soft_max-2","SOFT_MAX","",-1,18,-1,256,1,16,1,16384,0.016875,1,"chunk_size_1"
"CPU_Elastic","COMPUTE","kqv-2","MUL_MAT","",-1,19,-1,128,1,16,1,8192,0.041093,1,"chunk_size_1"
"CPU_Elastic","COMPUTE","kqv-2 (permuted)","PERMUTE","",-1,20,-1,128,16,1,1,8192,0.000468,1,"chunk_size_1"
"CPU_Elastic","COMPUTE","kqv_out-2","CONT","",-1,21,-1,2048,1,1,1,8192,0.004166,1,"chunk_size_1"
"CPU_Elastic","COMPUTE","node_158","MUL_MAT","",-1,22,-1,2048,1,1,1,8192,0.113698,1,"chunk_size_1"
"CPU_Elastic","COMPUTE","ffn_inp-2","ADD","",-1,23,-1,2048,1,1,1,8192,0.004375,1,"chunk_size_1"
"CPU_Elastic","COMPUTE_GRAPH","ggml_cgraph","GRAPH","",-1,24,-1,0,0,0,0,0,0.904997,1,"delegate_cpu_graph"
"CPU_Elastic","COMPUTE","ffn_norm-2","MUL","",-1,0,-1,2048,1,1,1,8192,0.005156,1,"chunk_size_1"
"CPU_Elastic","COMPUTE","ffn_moe_logits-2","MUL_MAT","",-1,1,-1,64,1,1,1,256,0.014688,1,"chunk_size_1"
"CPU_Elastic","COMPUTE","ffn_moe_probs-2","SOFT_MAX","",-1,2,-1,64,1,1,1,256,0.000990,1,"chunk_size_1"
"CPU_Elastic","COMPUTE","ffn_moe_probs-2 (reshaped)","RESHAPE","",-1,3,-1,1,64,1,1,256,0.000572,1,"chunk_size_1"
"CPU_Elastic","COMPUTE","ffn_moe_argsort-2","ARGSORT","",-1,4,-1,64,1,1,1,256,0.010989,1,"chunk_size_1"
"CPU_Elastic","COMPUTE","ffn_moe_topk-2","VIEW","",-1,5,-1,8,1,1,1,32,0.000521,1,"chunk_size_1"
"CPU_Elastic","COMPUTE","ffn_moe_weights-2","GET_ROWS","",-1,6,-1,1,8,1,1,32,0.000521,1,"chunk_size_1"
"CPU_Elastic","COMPUTE","ffn_norm-2 (reshaped)","RESHAPE","",-1,7,-1,2048,1,1,1,8192,0.000573,1,"chunk_size_1"
"CPU_Elastic","COMPUTE","ffn_moe_gate-2","MUL_MAT_ID","",-1,8,-1,1024,8,1,1,32768,0.366145,1,"chunk_size_1"
"CPU_Elastic","COMPUTE","ffn_moe_up-2","MUL_MAT_ID","",-1,9,-1,1024,8,1,1,32768,0.380729,1,"chunk_size_1"
"CPU_Elastic","COMPUTE","ffn_moe_weighted-2","GLU","",-1,10,-1,1024,8,1,1,32768,0.026719,1,"chunk_size_1"
"CPU_Elastic","COMPUTE","ffn_moe_down-2","MUL_MAT_ID","",-1,11,-1,2048,8,1,1,65536,0.404687,1,"chunk_size_1"
"CPU_Elastic","COMPUTE","node_173","MUL","",-1,12,-1,2048,8,1,1,65536,0.029895,1,"chunk_size_1"
"CPU_Elastic","COMPUTE"," (view)","VIEW","",-1,13,-1,2048,1,1,1,8192,0.000521,1,"chunk_size_1"
"CPU_Elastic","COMPUTE","node_173 (view)","VIEW","",-1,14,-1,2048,1,1,1,8192,0.000469,1,"chunk_size_1"
"CPU_Elastic","COMPUTE","node_173 (view)","VIEW","",-1,15,-1,2048,1,1,1,8192,0.000521,1,"chunk_size_1"
"CPU_Elastic","COMPUTE","node_173 (view)","VIEW","",-1,16,-1,2048,1,1,1,8192,0.000365,1,"chunk_size_1"
"CPU_Elastic","COMPUTE","node_173 (view)","VIEW","",-1,17,-1,2048,1,1,1,8192,0.000416,1,"chunk_size_1"
"CPU_Elastic","COMPUTE","node_173 (view)","VIEW","",-1,18,-1,2048,1,1,1,8192,0.000417,1,"chunk_size_1"
"CPU_Elastic","COMPUTE","node_173 (view)","VIEW","",-1,19,-1,2048,1,1,1,8192,0.000521,1,"chunk_size_1"
"CPU_Elastic","COMPUTE","node_173 (view)","VIEW","",-1,20,-1,2048,1,1,1,8192,0.000364,1,"chunk_size_1"
"CPU_Elastic","COMPUTE","node_182","ADD","",-1,21,-1,2048,1,1,1,8192,0.004271,1,"chunk_size_1"
"CPU_Elastic","COMPUTE","node_183","ADD","",-1,22,-1,2048,1,1,1,8192,0.004791,1,"chunk_size_1"
"CPU_Elastic","COMPUTE","node_184","ADD","",-1,23,-1,2048,1,1,1,8192,0.005157,1,"chunk_size_1"
"CPU_Elastic","COMPUTE","node_185","ADD","",-1,24,-1,2048,1,1,1,8192,0.005313,1,"chunk_size_1"
"CPU_Elastic","COMPUTE","node_186","ADD","",-1,25,-1,2048,1,1,1,8192,0.004271,1,"chunk_size_1"
"CPU_Elastic","COMPUTE","node_187","ADD","",-1,26,-1,2048,1,1,1,8192,0.005000,1,"chunk_size_1"
"CPU_Elastic","COMPUTE","ffn_moe_out-2","ADD","",-1,27,-1,2048,1,1,1,8192,0.003750,1,"chunk_size_1"
"CPU_Elastic","COMPUTE","l_out-2","ADD","",-1,28,-1,2048,1,1,1,8192,0.004688,1,"chunk_size_1"
"CPU_Elastic","COMPUTE_GRAPH","ggml_cgraph","GRAPH","",-1,29,-1,0,0,0,0,0,1.283020,1,"delegate_cpu_graph"
"CPU_Elastic","COMPUTE","attn_norm-3","MUL","",-1,0,-1,2048,1,1,1,8192,0.005156,1,"chunk_size_1"
"CPU_Elastic","COMPUTE","Qcur-3","MUL_MAT","",-1,1,-1,2048,1,1,1,8192,0.107448,1,"chunk_size_1"
"CPU_Elastic","COMPUTE_GRAPH","ggml_cgraph","GRAPH","",-1,2,-1,0,0,0,0,0,0.112604,1,"delegate_cpu_graph"
"CPU_Elastic","COMPUTE","Qcur_normed-3","MUL","",-1,0,-1,2048,1,1,1,8192,0.005156,1,"chunk_size_1"
"CPU_Elastic","COMPUTE","Qcur_normed-3 (reshaped)","RESHAPE","",-1,1,-1,128,16,1,1,8192,0.000573,1,"chunk_size_1"
"CPU_Elastic","COMPUTE","Qcur-3","ROPE","",-1,2,-1,128,16,1,1,8192,0.005521,1,"chunk_size_1"
"CPU_Elastic","COMPUTE","Kcur-3","MUL_MAT","",-1,3,-1,2048,1,1,1,8192,0.136667,1,"chunk_size_1"
"CPU_Elastic","COMPUTE_GRAPH","ggml_cgraph","GRAPH","",-1,4,-1,0,0,0,0,0,0.147917,1,"delegate_cpu_graph"
"CPU_Elastic","COMPUTE","Kcur_normed-3","MUL","",-1,0,-1,2048,1,1,1,8192,0.005886,1,"chunk_size_1"
"CPU_Elastic","COMPUTE","Kcur_normed-3 (reshaped)","RESHAPE","",-1,1,-1,128,16,1,1,8192,0.000520,1,"chunk_size_1"
"CPU_Elastic","COMPUTE","Kcur-3","ROPE","",-1,2,-1,128,16,1,1,8192,0.005260,1,"chunk_size_1"
"CPU_Elastic","COMPUTE","Vcur-3","MUL_MAT","",-1,3,-1,2048,1,1,1,8192,0.100573,1,"chunk_size_1"
"CPU_Elastic","COMPUTE","Vcur-3","RESHAPE","",-1,4,-1,128,16,1,1,8192,0.000469,1,"chunk_size_1"
"CPU_Elastic","COMPUTE","Kcur-3 (view)","VIEW","",-1,5,-1,2048,1,1,1,8192,0.000417,1,"chunk_size_1"
"CPU_Elastic","COMPUTE","cache_k_l3 (view)","SET_ROWS","",-1,6,-1,2048,512,1,1,2097152,0.001823,1,"chunk_size_1"
"CPU_Elastic","COMPUTE","Vcur-3 (view)","VIEW","",-1,7,-1,2048,1,1,1,8192,0.000572,1,"chunk_size_1"
"CPU_Elastic","COMPUTE","cache_v_l3 (view)","SET_ROWS","",-1,8,-1,2048,512,1,1,2097152,0.001667,1,"chunk_size_1"
"CPU_Elastic","COMPUTE","cache_v_l3 (view)","VIEW","",-1,9,-1,128,16,256,1,1048576,0.000417,1,"chunk_size_1"
"CPU_Elastic","COMPUTE","cache_v_l3 (view) (permuted)","PERMUTE","",-1,10,-1,128,256,16,1,1048576,0.000417,1,"chunk_size_1"
"CPU_Elastic","COMPUTE","cache_v_l3 (view) (permuted) (transposed)","TRANSPOSE","",-1,11,-1,256,128,16,1,1048576,0.000521,1,"chunk_size_1"
"CPU_Elastic","COMPUTE","v_cont-3","CONT","",-1,12,-1,256,128,16,1,1048576,0.520209,1,"chunk_size_1"
"CPU_Elastic","COMPUTE","cache_k_l3 (view)","VIEW","",-1,13,-1,128,16,256,1,1048576,0.000520,1,"chunk_size_1"
"CPU_Elastic","COMPUTE","cache_k_l3 (view) (permuted)","PERMUTE","",-1,14,-1,128,256,16,1,1048576,0.000469,1,"chunk_size_1"
"CPU_Elastic","COMPUTE","Qcur-3 (view)","VIEW","",-1,15,-1,128,16,1,1,8192,0.000521,1,"chunk_size_1"
"CPU_Elastic","COMPUTE","Qcur-3 (view) (permuted)","PERMUTE","",-1,16,-1,128,1,16,1,8192,0.000417,1,"chunk_size_1"
"CPU_Elastic","COMPUTE","kq-3","MUL_MAT","",-1,17,-1,256,1,16,1,16384,0.057292,1,"chunk_size_1"
"CPU_Elastic","COMPUTE","kq_soft_max-3","SOFT_MAX","",-1,18,-1,256,1,16,1,16384,0.017500,1,"chunk_size_1"
"CPU_Elastic","COMPUTE","kqv-3","MUL_MAT","",-1,19,-1,128,1,16,1,8192,0.039375,1,"chunk_size_1"
"CPU_Elastic","COMPUTE","kqv-3 (permuted)","PERMUTE","",-1,20,-1,128,16,1,1,8192,0.000417,1,"chunk_size_1"
"CPU_Elastic","COMPUTE","kqv_out-3","CONT","",-1,21,-1,2048,1,1,1,8192,0.004740,1,"chunk_size_1"
"CPU_Elastic","COMPUTE","node_221","MUL_MAT","",-1,22,-1,2048,1,1,1,8192,0.114479,1,"chunk_size_1"
"CPU_Elastic","COMPUTE","ffn_inp-3","ADD","",-1,23,-1,2048,1,1,1,8192,0.004791,1,"chunk_size_1"
"CPU_Elastic","COMPUTE_GRAPH","ggml_cgraph","GRAPH","",-1,24,-1,0,0,0,0,0,0.879272,1,"delegate_cpu_graph"
"CPU_Elastic","COMPUTE","ffn_norm-3","MUL","",-1,0,-1,2048,1,1,1,8192,0.004322,1,"chunk_size_1"
"CPU_Elastic","COMPUTE","ffn_moe_logits-3","MUL_MAT","",-1,1,-1,64,1,1,1,256,0.014322,1,"chunk_size_1"
"CPU_Elastic","COMPUTE","ffn_moe_probs-3","SOFT_MAX","",-1,2,-1,64,1,1,1,256,0.000885,1,"chunk_size_1"
"CPU_Elastic","COMPUTE","ffn_moe_probs-3 (reshaped)","RESHAPE","",-1,3,-1,1,64,1,1,256,0.000417,1,"chunk_size_1"
"CPU_Elastic","COMPUTE","ffn_moe_argsort-3","ARGSORT","",-1,4,-1,64,1,1,1,256,0.010730,1,"chunk_size_1"
"CPU_Elastic","COMPUTE","ffn_moe_topk-3","VIEW","",-1,5,-1,8,1,1,1,32,0.000521,1,"chunk_size_1"
"CPU_Elastic","COMPUTE","ffn_moe_weights-3","GET_ROWS","",-1,6,-1,1,8,1,1,32,0.000521,1,"chunk_size_1"
"CPU_Elastic","COMPUTE","ffn_norm-3 (reshaped)","RESHAPE","",-1,7,-1,2048,1,1,1,8192,0.000417,1,"chunk_size_1"
"CPU_Elastic","COMPUTE","ffn_moe_gate-3","MUL_MAT_ID","",-1,8,-1,1024,8,1,1,32768,0.366146,1,"chunk_size_1"
"CPU_Elastic","COMPUTE","ffn_moe_up-3","MUL_MAT_ID","",-1,9,-1,1024,8,1,1,32768,0.380625,1,"chunk_size_1"
"CPU_Elastic","COMPUTE","ffn_moe_weighted-3","GLU","",-1,10,-1,1024,8,1,1,32768,0.025885,1,"chunk_size_1"
"CPU_Elastic","COMPUTE","ffn_moe_down-3","MUL_MAT_ID","",-1,11,-1,2048,8,1,1,65536,0.402760,1,"chunk_size_1"
"CPU_Elastic","COMPUTE","node_236","MUL","",-1,12,-1,2048,8,1,1,65536,0.029531,1,"chunk_size_1"
"CPU_Elastic","COMPUTE"," (view)","VIEW","",-1,13,-1,2048,1,1,1,8192,0.000521,1,"chunk_size_1"
"CPU_Elastic","COMPUTE","node_236 (view)","VIEW","",-1,14,-1,2048,1,1,1,8192,0.000416,1,"chunk_size_1"
"CPU_Elastic","COMPUTE","node_236 (view)","VIEW","",-1,15,-1,2048,1,1,1,8192,0.000416,1,"chunk_size_1"
"CPU_Elastic","COMPUTE","node_236 (view)","VIEW","",-1,16,-1,2048,1,1,1,8192,0.000521,1,"chunk_size_1"
"CPU_Elastic","COMPUTE","node_236 (view)","VIEW","",-1,17,-1,2048,1,1,1,8192,0.000417,1,"chunk_size_1"
"CPU_Elastic","COMPUTE","node_236 (view)","VIEW","",-1,18,-1,2048,1,1,1,8192,0.000469,1,"chunk_size_1"
"CPU_Elastic","COMPUTE","node_236 (view)","VIEW","",-1,19,-1,2048,1,1,1,8192,0.000417,1,"chunk_size_1"
"CPU_Elastic","COMPUTE","node_236 (view)","VIEW","",-1,20,-1,2048,1,1,1,8192,0.000521,1,"chunk_size_1"
"CPU_Elastic","COMPUTE","node_245","ADD","",-1,21,-1,2048,1,1,1,8192,0.004479,1,"chunk_size_1"
"CPU_Elastic","COMPUTE","node_246","ADD","",-1,22,-1,2048,1,1,1,8192,0.005208,1,"chunk_size_1"
"CPU_Elastic","COMPUTE","node_247","ADD","",-1,23,-1,2048,1,1,1,8192,0.004791,1,"chunk_size_1"
"CPU_Elastic","COMPUTE","node_248","ADD","",-1,24,-1,2048,1,1,1,8192,0.005313,1,"chunk_size_1"
"CPU_Elastic","COMPUTE","node_249","ADD","",-1,25,-1,2048,1,1,1,8192,0.003802,1,"chunk_size_1"
"CPU_Elastic","COMPUTE","node_250","ADD","",-1,26,-1,2048,1,1,1,8192,0.023281,1,"chunk_size_1"
"CPU_Elastic","COMPUTE","ffn_moe_out-3","ADD","",-1,27,-1,2048,1,1,1,8192,0.003802,1,"chunk_size_1"
"CPU_Elastic","COMPUTE","l_out-3","ADD","",-1,28,-1,2048,1,1,1,8192,0.004166,1,"chunk_size_1"
"CPU_Elastic","COMPUTE_GRAPH","ggml_cgraph","GRAPH","",-1,29,-1,0,0,0,0,0,1.295622,1,"delegate_cpu_graph"
"CPU_Elastic","COMPUTE","attn_norm-4","MUL","",-1,0,-1,2048,1,1,1,8192,0.005104,1,"chunk_size_1"
"CPU_Elastic","COMPUTE","Qcur-4","MUL_MAT","",-1,1,-1,2048,1,1,1,8192,0.099010,1,"chunk_size_1"
"CPU_Elastic","COMPUTE_GRAPH","ggml_cgraph","GRAPH","",-1,2,-1,0,0,0,0,0,0.104114,1,"delegate_cpu_graph"
"CPU_Elastic","COMPUTE","Qcur_normed-4","MUL","",-1,0,-1,2048,1,1,1,8192,0.006459,1,"chunk_size_1"
"CPU_Elastic","COMPUTE","Qcur_normed-4 (reshaped)","RESHAPE","",-1,1,-1,128,16,1,1,8192,0.000521,1,"chunk_size_1"
"CPU_Elastic","COMPUTE","Qcur-4","ROPE","",-1,2,-1,128,16,1,1,8192,0.006510,1,"chunk_size_1"
"CPU_Elastic","COMPUTE","Kcur-4","MUL_MAT","",-1,3,-1,2048,1,1,1,8192,0.099219,1,"chunk_size_1"
"CPU_Elastic","COMPUTE_GRAPH","ggml_cgraph","GRAPH","",-1,4,-1,0,0,0,0,0,0.112709,1,"delegate_cpu_graph"
"CPU_Elastic","COMPUTE","Kcur_normed-4","MUL","",-1,0,-1,2048,1,1,1,8192,0.005156,1,"chunk_size_1"
"CPU_Elastic","COMPUTE","Kcur_normed-4 (reshaped)","RESHAPE","",-1,1,-1,128,16,1,1,8192,0.000521,1,"chunk_size_1"
"CPU_Elastic","COMPUTE","Kcur-4","ROPE","",-1,2,-1,128,16,1,1,8192,0.006354,1,"chunk_size_1"
"CPU_Elastic","COMPUTE","Vcur-4","MUL_MAT","",-1,3,-1,2048,1,1,1,8192,0.134792,1,"chunk_size_1"
"CPU_Elastic","COMPUTE","Vcur-4","RESHAPE","",-1,4,-1,128,16,1,1,8192,0.000625,1,"chunk_size_1"
"CPU_Elastic","COMPUTE","Kcur-4 (view)","VIEW","",-1,5,-1,2048,1,1,1,8192,0.000468,1,"chunk_size_1"
"CPU_Elastic","COMPUTE","cache_k_l4 (view)","SET_ROWS","",-1,6,-1,2048,512,1,1,2097152,0.001823,1,"chunk_size_1"
"CPU_Elastic","COMPUTE","Vcur-4 (view)","VIEW","",-1,7,-1,2048,1,1,1,8192,0.000468,1,"chunk_size_1"
"CPU_Elastic","COMPUTE","cache_v_l4 (view)","SET_ROWS","",-1,8,-1,2048,512,1,1,2097152,0.001719,1,"chunk_size_1"
"CPU_Elastic","COMPUTE","cache_v_l4 (view)","VIEW","",-1,9,-1,128,16,256,1,1048576,0.000468,1,"chunk_size_1"
"CPU_Elastic","COMPUTE","cache_v_l4 (view) (permuted)","PERMUTE","",-1,10,-1,128,256,16,1,1048576,0.000521,1,"chunk_size_1"
"CPU_Elastic","COMPUTE","cache_v_l4 (view) (permuted) (transposed)","TRANSPOSE","",-1,11,-1,256,128,16,1,1048576,0.000416,1,"chunk_size_1"
"CPU_Elastic","COMPUTE","v_cont-4","CONT","",-1,12,-1,256,128,16,1,1048576,0.522084,1,"chunk_size_1"
"CPU_Elastic","COMPUTE","cache_k_l4 (view)","VIEW","",-1,13,-1,128,16,256,1,1048576,0.000468,1,"chunk_size_1"
"CPU_Elastic","COMPUTE","cache_k_l4 (view) (permuted)","PERMUTE","",-1,14,-1,128,256,16,1,1048576,0.000416,1,"chunk_size_1"
"CPU_Elastic","COMPUTE","Qcur-4 (view)","VIEW","",-1,15,-1,128,16,1,1,8192,0.000469,1,"chunk_size_1"
"CPU_Elastic","COMPUTE","Qcur-4 (view) (permuted)","PERMUTE","",-1,16,-1,128,1,16,1,8192,0.000520,1,"chunk_size_1"
"CPU_Elastic","COMPUTE","kq-4","MUL_MAT","",-1,17,-1,256,1,16,1,16384,0.037969,1,"chunk_size_1"
"CPU_Elastic","COMPUTE","kq_soft_max-4","SOFT_MAX","",-1,18,-1,256,1,16,1,16384,0.018281,1,"chunk_size_1"
"CPU_Elastic","COMPUTE","kqv-4","MUL_MAT","",-1,19,-1,128,1,16,1,8192,0.039896,1,"chunk_size_1"
"CPU_Elastic","COMPUTE","kqv-4 (permuted)","PERMUTE","",-1,20,-1,128,16,1,1,8192,0.000573,1,"chunk_size_1"
"CPU_Elastic","COMPUTE","kqv_out-4","CONT","",-1,21,-1,2048,1,1,1,8192,0.005312,1,"chunk_size_1"
"CPU_Elastic","COMPUTE","node_284","MUL_MAT","",-1,22,-1,2048,1,1,1,8192,0.099219,1,"chunk_size_1"
"CPU_Elastic","COMPUTE","ffn_inp-4","ADD","",-1,23,-1,2048,1,1,1,8192,0.004739,1,"chunk_size_1"
"CPU_Elastic","COMPUTE_GRAPH","ggml_cgraph","GRAPH","",-1,24,-1,0,0,0,0,0,0.883277,1,"delegate_cpu_graph"
"CPU_Elastic","COMPUTE","ffn_norm-4","MUL","",-1,0,-1,2048,1,1,1,8192,0.005209,1,"chunk_size_1"
"CPU_Elastic","COMPUTE","ffn_moe_logits-4","MUL_MAT","",-1,1,-1,64,1,1,1,256,0.012969,1,"chunk_size_1"
"CPU_Elastic","COMPUTE","ffn_moe_probs-4","SOFT_MAX","",-1,2,-1,64,1,1,1,256,0.000938,1,"chunk_size_1"
"CPU_Elastic","COMPUTE","ffn_moe_probs-4 (reshaped)","RESHAPE","",-1,3,-1,1,64,1,1,256,0.000469,1,"chunk_size_1"
"CPU_Elastic","COMPUTE","ffn_moe_argsort-4","ARGSORT","",-1,4,-1,64,1,1,1,256,0.012240,1,"chunk_size_1"
"CPU_Elastic","COMPUTE","ffn_moe_topk-4","VIEW","",-1,5,-1,8,1,1,1,32,0.000677,1,"chunk_size_1"
"CPU_Elastic","COMPUTE","ffn_moe_weights-4","GET_ROWS","",-1,6,-1,1,8,1,1,32,0.000469,1,"chunk_size_1"
"CPU_Elastic","COMPUTE","ffn_norm-4 (reshaped)","RESHAPE","",-1,7,-1,2048,1,1,1,8192,0.000417,1,"chunk_size_1"
"CPU_Elastic","COMPUTE","ffn_moe_gate-4","MUL_MAT_ID","",-1,8,-1,1024,8,1,1,32768,0.363854,1,"chunk_size_1"
"CPU_Elastic","COMPUTE","ffn_moe_up-4","MUL_MAT_ID","",-1,9,-1,1024,8,1,1,32768,0.365520,1,"chunk_size_1"
"CPU_Elastic","COMPUTE","ffn_moe_weighted-4","GLU","",-1,10,-1,1024,8,1,1,32768,0.027032,1,"chunk_size_1"
"CPU_Elastic","COMPUTE","ffn_moe_down-4","MUL_MAT_ID","",-1,11,-1,2048,8,1,1,65536,0.553438,1,"chunk_size_1"
"CPU_Elastic","COMPUTE","node_299","MUL","",-1,12,-1,2048,8,1,1,65536,0.030417,1,"chunk_size_1"
"CPU_Elastic","COMPUTE"," (view)","VIEW","",-1,13,-1,2048,1,1,1,8192,0.000573,1,"chunk_size_1"
"CPU_Elastic","COMPUTE","node_299 (view)","VIEW","",-1,14,-1,2048,1,1,1,8192,0.000417,1,"chunk_size_1"
"CPU_Elastic","COMPUTE","node_299 (view)","VIEW","",-1,15,-1,2048,1,1,1,8192,0.000469,1,"chunk_size_1"
"CPU_Elastic","COMPUTE","node_299 (view)","VIEW","",-1,16,-1,2048,1,1,1,8192,0.000469,1,"chunk_size_1"
"CPU_Elastic","COMPUTE","node_299 (view)","VIEW","",-1,17,-1,2048,1,1,1,8192,0.000521,1,"chunk_size_1"
"CPU_Elastic","COMPUTE","node_299 (view)","VIEW","",-1,18,-1,2048,1,1,1,8192,0.000365,1,"chunk_size_1"
"CPU_Elastic","COMPUTE","node_299 (view)","VIEW","",-1,19,-1,2048,1,1,1,8192,0.000365,1,"chunk_size_1"
"CPU_Elastic","COMPUTE","node_299 (view)","VIEW","",-1,20,-1,2048,1,1,1,8192,0.000417,1,"chunk_size_1"
"CPU_Elastic","COMPUTE","node_308","ADD","",-1,21,-1,2048,1,1,1,8192,0.004480,1,"chunk_size_1"
"CPU_Elastic","COMPUTE","node_309","ADD","",-1,22,-1,2048,1,1,1,8192,0.005104,1,"chunk_size_1"
"CPU_Elastic","COMPUTE","node_310","ADD","",-1,23,-1,2048,1,1,1,8192,0.005052,1,"chunk_size_1"
"CPU_Elastic","COMPUTE","node_311","ADD","",-1,24,-1,2048,1,1,1,8192,0.004323,1,"chunk_size_1"
"CPU_Elastic","COMPUTE","node_312","ADD","",-1,25,-1,2048,1,1,1,8192,0.004844,1,"chunk_size_1"
"CPU_Elastic","COMPUTE","node_313","ADD","",-1,26,-1,2048,1,1,1,8192,0.004219,1,"chunk_size_1"
"CPU_Elastic","COMPUTE","ffn_moe_out-4","ADD","",-1,27,-1,2048,1,1,1,8192,0.005000,1,"chunk_size_1"
"CPU_Elastic","COMPUTE","l_out-4","ADD","",-1,28,-1,2048,1,1,1,8192,0.003438,1,"chunk_size_1"
"CPU_Elastic","COMPUTE_GRAPH","ggml_cgraph","GRAPH","",-1,29,-1,0,0,0,0,0,1.413705,1,"delegate_cpu_graph"
"CPU_Elastic","COMPUTE","attn_norm-5","MUL","",-1,0,-1,2048,1,1,1,8192,0.005469,1,"chunk_size_1"
"CPU_Elastic","COMPUTE","Qcur-5","MUL_MAT","",-1,1,-1,2048,1,1,1,8192,0.108073,1,"chunk_size_1"
"CPU_Elastic","COMPUTE_GRAPH","ggml_cgraph","GRAPH","",-1,2,-1,0,0,0,0,0,0.113542,1,"delegate_cpu_graph"
"CPU_Elastic","COMPUTE","Qcur_normed-5","MUL","",-1,0,-1,2048,1,1,1,8192,0.006667,1,"chunk_size_1"
"CPU_Elastic","COMPUTE","Qcur_normed-5 (reshaped)","RESHAPE","",-1,1,-1,128,16,1,1,8192,0.000573,1,"chunk_size_1"
"CPU_Elastic","COMPUTE","Qcur-5","ROPE","",-1,2,-1,128,16,1,1,8192,0.005104,1,"chunk_size_1"
"CPU_Elastic","COMPUTE","Kcur-5","MUL_MAT","",-1,3,-1,2048,1,1,1,8192,0.100209,1,"chunk_size_1"
"CPU_Elastic","COMPUTE_GRAPH","ggml_cgraph","GRAPH","",-1,4,-1,0,0,0,0,0,0.112553,1,"delegate_cpu_graph"
"CPU_Elastic","COMPUTE","Kcur_normed-5","MUL","",-1,0,-1,2048,1,1,1,8192,0.005573,1,"chunk_size_1"
"CPU_Elastic","COMPUTE","Kcur_normed-5 (reshaped)","RESHAPE","",-1,1,-1,128,16,1,1,8192,0.000573,1,"chunk_size_1"
"CPU_Elastic","COMPUTE","Kcur-5","ROPE","",-1,2,-1,128,16,1,1,8192,0.005938,1,"chunk_size_1"
"CPU_Elastic","COMPUTE","Vcur-5","MUL_MAT","",-1,3,-1,2048,1,1,1,8192,0.114583,1,"chunk_size_1"
"CPU_Elastic","COMPUTE","Vcur-5","RESHAPE","",-1,4,-1,128,16,1,1,8192,0.000521,1,"chunk_size_1"
"CPU_Elastic","COMPUTE","Kcur-5 (view)","VIEW","",-1,5,-1,2048,1,1,1,8192,0.000521,1,"chunk_size_1"
"CPU_Elastic","COMPUTE","cache_k_l5 (view)","SET_ROWS","",-1,6,-1,2048,512,1,1,2097152,0.001667,1,"chunk_size_1"
"CPU_Elastic","COMPUTE","Vcur-5 (view)","VIEW","",-1,7,-1,2048,1,1,1,8192,0.000469,1,"chunk_size_1"
"CPU_Elastic","COMPUTE","cache_v_l5 (view)","SET_ROWS","",-1,8,-1,2048,512,1,1,2097152,0.001562,1,"chunk_size_1"
"CPU_Elastic","COMPUTE","cache_v_l5 (view)","VIEW","",-1,9,-1,128,16,256,1,1048576,0.000521,1,"chunk_size_1"
"CPU_Elastic","COMPUTE","cache_v_l5 (view) (permuted)","PERMUTE","",-1,10,-1,128,256,16,1,1048576,0.000469,1,"chunk_size_1"
"CPU_Elastic","COMPUTE","cache_v_l5 (view) (permuted) (transposed)","TRANSPOSE","",-1,11,-1,256,128,16,1,1048576,0.000364,1,"chunk_size_1"
"CPU_Elastic","COMPUTE","v_cont-5","CONT","",-1,12,-1,256,128,16,1,1048576,0.522500,1,"chunk_size_1"
"CPU_Elastic","COMPUTE","cache_k_l5 (view)","VIEW","",-1,13,-1,128,16,256,1,1048576,0.000573,1,"chunk_size_1"
"CPU_Elastic","COMPUTE","cache_k_l5 (view) (permuted)","PERMUTE","",-1,14,-1,128,256,16,1,1048576,0.000417,1,"chunk_size_1"
"CPU_Elastic","COMPUTE","Qcur-5 (view)","VIEW","",-1,15,-1,128,16,1,1,8192,0.000468,1,"chunk_size_1"
"CPU_Elastic","COMPUTE","Qcur-5 (view) (permuted)","PERMUTE","",-1,16,-1,128,1,16,1,8192,0.000417,1,"chunk_size_1"
"CPU_Elastic","COMPUTE","kq-5","MUL_MAT","",-1,17,-1,256,1,16,1,16384,0.037344,1,"chunk_size_1"
"CPU_Elastic","COMPUTE","kq_soft_max-5","SOFT_MAX","",-1,18,-1,256,1,16,1,16384,0.016979,1,"chunk_size_1"
"CPU_Elastic","COMPUTE","kqv-5","MUL_MAT","",-1,19,-1,128,1,16,1,8192,0.041614,1,"chunk_size_1"
"CPU_Elastic","COMPUTE","kqv-5 (permuted)","PERMUTE","",-1,20,-1,128,16,1,1,8192,0.000468,1,"chunk_size_1"
"CPU_Elastic","COMPUTE","kqv_out-5","CONT","",-1,21,-1,2048,1,1,1,8192,0.005052,1,"chunk_size_1"
"CPU_Elastic","COMPUTE","node_347","MUL_MAT","",-1,22,-1,2048,1,1,1,8192,0.098906,1,"chunk_size_1"
"CPU_Elastic","COMPUTE","ffn_inp-5","ADD","",-1,23,-1,2048,1,1,1,8192,0.003490,1,"chunk_size_1"
"CPU_Elastic","COMPUTE_GRAPH","ggml_cgraph","GRAPH","",-1,24,-1,0,0,0,0,0,0.860989,1,"delegate_cpu_graph"
"CPU_Elastic","COMPUTE","ffn_norm-5","MUL","",-1,0,-1,2048,1,1,1,8192,0.005730,1,"chunk_size_1"
"CPU_Elastic","COMPUTE","ffn_moe_logits-5","MUL_MAT","",-1,1,-1,64,1,1,1,256,0.014271,1,"chunk_size_1"
"CPU_Elastic","COMPUTE","ffn_moe_probs-5","SOFT_MAX","",-1,2,-1,64,1,1,1,256,0.000937,1,"chunk_size_1"
"CPU_Elastic","COMPUTE","ffn_moe_probs-5 (reshaped)","RESHAPE","",-1,3,-1,1,64,1,1,256,0.000468,1,"chunk_size_1"
"CPU_Elastic","COMPUTE","ffn_moe_argsort-5","ARGSORT","",-1,4,-1,64,1,1,1,256,0.012135,1,"chunk_size_1"
"CPU_Elastic","COMPUTE","ffn_moe_topk-5","VIEW","",-1,5,-1,8,1,1,1,32,0.000521,1,"chunk_size_1"
"CPU_Elastic","COMPUTE","ffn_moe_weights-5","GET_ROWS","",-1,6,-1,1,8,1,1,32,0.000625,1,"chunk_size_1"
"CPU_Elastic","COMPUTE","ffn_norm-5 (reshaped)","RESHAPE","",-1,7,-1,2048,1,1,1,8192,0.000521,1,"chunk_size_1"
"CPU_Elastic","COMPUTE","ffn_moe_gate-5","MUL_MAT_ID","",-1,8,-1,1024,8,1,1,32768,0.365105,1,"chunk_size_1"
"CPU_Elastic","COMPUTE","ffn_moe_up-5","MUL_MAT_ID","",-1,9,-1,1024,8,1,1,32768,0.420417,1,"chunk_size_1"
"CPU_Elastic","COMPUTE","ffn_moe_weighted-5","GLU","",-1,10,-1,1024,8,1,1,32768,0.023593,1,"chunk_size_1"
"CPU_Elastic","COMPUTE","ffn_moe_down-5","MUL_MAT_ID","",-1,11,-1,2048,8,1,1,65536,0.389115,1,"chunk_size_1"
"CPU_Elastic","COMPUTE","node_362","MUL","",-1,12,-1,2048,8,1,1,65536,0.113854,1,"chunk_size_1"
"CPU_Elastic","COMPUTE"," (view)","VIEW","",-1,13,-1,2048,1,1,1,8192,0.000573,1,"chunk_size_1"
"CPU_Elastic","COMPUTE","node_362 (view)","VIEW","",-1,14,-1,2048,1,1,1,8192,0.000573,1,"chunk_size_1"
"CPU_Elastic","COMPUTE","node_362 (view)","VIEW","",-1,15,-1,2048,1,1,1,8192,0.000417,1,"chunk_size_1"
"CPU_Elastic","COMPUTE","node_362 (view)","VIEW","",-1,16,-1,2048,1,1,1,8192,0.000469,1,"chunk_size_1"
"CPU_Elastic","COMPUTE","node_362 (view)","VIEW","",-1,17,-1,2048,1,1,1,8192,0.000469,1,"chunk_size_1"
"CPU_Elastic","COMPUTE","node_362 (view)","VIEW","",-1,18,-1,2048,1,1,1,8192,0.000469,1,"chunk_size_1"
"CPU_Elastic","COMPUTE","node_362 (view)","VIEW","",-1,19,-1,2048,1,1,1,8192,0.000416,1,"chunk_size_1"
"CPU_Elastic","COMPUTE","node_362 (view)","VIEW","",-1,20,-1,2048,1,1,1,8192,0.000468,1,"chunk_size_1"
"CPU_Elastic","COMPUTE","node_371","ADD","",-1,21,-1,2048,1,1,1,8192,0.003698,1,"chunk_size_1"
"CPU_Elastic","COMPUTE","node_372","ADD","",-1,22,-1,2048,1,1,1,8192,0.005261,1,"chunk_size_1"
"CPU_Elastic","COMPUTE","node_373","ADD","",-1,23,-1,2048,1,1,1,8192,0.004323,1,"chunk_size_1"
"CPU_Elastic","COMPUTE","node_374","ADD","",-1,24,-1,2048,1,1,1,8192,0.003958,1,"chunk_size_1"
"CPU_Elastic","COMPUTE","node_375","ADD","",-1,25,-1,2048,1,1,1,8192,0.004375,1,"chunk_size_1"
"CPU_Elastic","COMPUTE","node_376","ADD","",-1,26,-1,2048,1,1,1,8192,0.004115,1,"chunk_size_1"
"CPU_Elastic","COMPUTE","ffn_moe_out-5","ADD","",-1,27,-1,2048,1,1,1,8192,0.003437,1,"chunk_size_1"
"CPU_Elastic","COMPUTE","l_out-5","ADD","",-1,28,-1,2048,1,1,1,8192,0.004740,1,"chunk_size_1"
"CPU_Elastic","COMPUTE_GRAPH","ggml_cgraph","GRAPH","",-1,29,-1,0,0,0,0,0,1.385053,1,"delegate_cpu_graph"
"CPU_Elastic","COMPUTE","attn_norm-6","MUL","",-1,0,-1,2048,1,1,1,8192,0.004792,1,"chunk_size_1"
"CPU_Elastic","COMPUTE","Qcur-6","MUL_MAT","",-1,1,-1,2048,1,1,1,8192,0.107396,1,"chunk_size_1"
"CPU_Elastic","COMPUTE_GRAPH","ggml_cgraph","GRAPH","",-1,2,-1,0,0,0,0,0,0.112188,1,"delegate_cpu_graph"
"CPU_Elastic","COMPUTE","Qcur_normed-6","MUL","",-1,0,-1,2048,1,1,1,8192,0.005417,1,"chunk_size_1"
"CPU_Elastic","COMPUTE","Qcur_normed-6 (reshaped)","RESHAPE","",-1,1,-1,128,16,1,1,8192,0.000677,1,"chunk_size_1"
"CPU_Elastic","COMPUTE","Qcur-6","ROPE","",-1,2,-1,128,16,1,1,8192,0.005260,1,"chunk_size_1"
"CPU_Elastic","COMPUTE","Kcur-6","MUL_MAT","",-1,3,-1,2048,1,1,1,8192,0.100416,1,"chunk_size_1"
"CPU_Elastic","COMPUTE_GRAPH","ggml_cgraph","GRAPH","",-1,4,-1,0,0,0,0,0,0.111770,1,"delegate_cpu_graph"
"CPU_Elastic","COMPUTE","Kcur_normed-6","MUL","",-1,0,-1,2048,1,1,1,8192,0.004531,1,"chunk_size_1"
"CPU_Elastic","COMPUTE","Kcur_normed-6 (reshaped)","RESHAPE","",-1,1,-1,128,16,1,1,8192,0.000573,1,"chunk_size_1"
"CPU_Elastic","COMPUTE","Kcur-6","ROPE","",-1,2,-1,128,16,1,1,8192,0.005886,1,"chunk_size_1"
"CPU_Elastic","COMPUTE","Vcur-6","MUL_MAT","",-1,3,-1,2048,1,1,1,8192,0.100781,1,"chunk_size_1"
"CPU_Elastic","COMPUTE","Vcur-6","RESHAPE","",-1,4,-1,128,16,1,1,8192,0.000521,1,"chunk_size_1"
"CPU_Elastic","COMPUTE","Kcur-6 (view)","VIEW","",-1,5,-1,2048,1,1,1,8192,0.000469,1,"chunk_size_1"
"CPU_Elastic","COMPUTE","cache_k_l6 (view)","SET_ROWS","",-1,6,-1,2048,512,1,1,2097152,0.002188,1,"chunk_size_1"
"CPU_Elastic","COMPUTE","Vcur-6 (view)","VIEW","",-1,7,-1,2048,1,1,1,8192,0.000469,1,"chunk_size_1"
"CPU_Elastic","COMPUTE","cache_v_l6 (view)","SET_ROWS","",-1,8,-1,2048,512,1,1,2097152,0.001563,1,"chunk_size_1"
"CPU_Elastic","COMPUTE","cache_v_l6 (view)","VIEW","",-1,9,-1,128,16,256,1,1048576,0.000417,1,"chunk_size_1"
"CPU_Elastic","COMPUTE","cache_v_l6 (view) (permuted)","PERMUTE","",-1,10,-1,128,256,16,1,1048576,0.000573,1,"chunk_size_1"
"CPU_Elastic","COMPUTE","cache_v_l6 (view) (permuted) (transposed)","TRANSPOSE","",-1,11,-1,256,128,16,1,1048576,0.000521,1,"chunk_size_1"
"CPU_Elastic","COMPUTE","v_cont-6","CONT","",-1,12,-1,256,128,16,1,1048576,0.544739,1,"chunk_size_1"
"CPU_Elastic","COMPUTE","cache_k_l6 (view)","VIEW","",-1,13,-1,128,16,256,1,1048576,0.000521,1,"chunk_size_1"
"CPU_Elastic","COMPUTE","cache_k_l6 (view) (permuted)","PERMUTE","",-1,14,-1,128,256,16,1,1048576,0.000573,1,"chunk_size_1"
"CPU_Elastic","COMPUTE","Qcur-6 (view)","VIEW","",-1,15,-1,128,16,1,1,8192,0.000417,1,"chunk_size_1"
"CPU_Elastic","COMPUTE","Qcur-6 (view) (permuted)","PERMUTE","",-1,16,-1,128,1,16,1,8192,0.000417,1,"chunk_size_1"
"CPU_Elastic","COMPUTE","kq-6","MUL_MAT","",-1,17,-1,256,1,16,1,16384,0.037500,1,"chunk_size_1"
"CPU_Elastic","COMPUTE","kq_soft_max-6","SOFT_MAX","",-1,18,-1,256,1,16,1,16384,0.016562,1,"chunk_size_1"
"CPU_Elastic","COMPUTE","kqv-6","MUL_MAT","",-1,19,-1,128,1,16,1,8192,0.039323,1,"chunk_size_1"
"CPU_Elastic","COMPUTE","kqv-6 (permuted)","PERMUTE","",-1,20,-1,128,16,1,1,8192,0.000521,1,"chunk_size_1"
"CPU_Elastic","COMPUTE","kqv_out-6","CONT","",-1,21,-1,2048,1,1,1,8192,0.004635,1,"chunk_size_1"
"CPU_Elastic","COMPUTE","node_410","MUL_MAT","",-1,22,-1,2048,1,1,1,8192,0.099896,1,"chunk_size_1"
"CPU_Elastic","COMPUTE","ffn_inp-6","ADD","",-1,23,-1,2048,1,1,1,8192,0.004271,1,"chunk_size_1"
"CPU_Elastic","COMPUTE_GRAPH","ggml_cgraph","GRAPH","",-1,24,-1,0,0,0,0,0,0.867867,1,"delegate_cpu_graph"
"CPU_Elastic","COMPUTE","ffn_norm-6","MUL","",-1,0,-1,2048,1,1,1,8192,0.004688,1,"chunk_size_1"
"CPU_Elastic","COMPUTE","ffn_moe_logits-6","MUL_MAT","",-1,1,-1,64,1,1,1,256,0.014323,1,"chunk_size_1"
"CPU_Elastic","COMPUTE","ffn_moe_probs-6","SOFT_MAX","",-1,2,-1,64,1,1,1,256,0.000938,1,"chunk_size_1"
"CPU_Elastic","COMPUTE","ffn_moe_probs-6 (reshaped)","RESHAPE","",-1,3,-1,1,64,1,1,256,0.000520,1,"chunk_size_1"
"CPU_Elastic","COMPUTE","ffn_moe_argsort-6","ARGSORT","",-1,4,-1,64,1,1,1,256,0.012864,1,"chunk_size_1"
"CPU_Elastic","COMPUTE","ffn_moe_topk-6","VIEW","",-1,5,-1,8,1,1,1,32,0.000573,1,"chunk_size_1"
"CPU_Elastic","COMPUTE","ffn_moe_weights-6","GET_ROWS","",-1,6,-1,1,8,1,1,32,0.000520,1,"chunk_size_1"
"CPU_Elastic","COMPUTE","ffn_norm-6 (reshaped)","RESHAPE","",-1,7,-1,2048,1,1,1,8192,0.000573,1,"chunk_size_1"
"CPU_Elastic","COMPUTE","ffn_moe_gate-6","MUL_MAT_ID","",-1,8,-1,1024,8,1,1,32768,0.773333,1,"chunk_size_1"
"CPU_Elastic","COMPUTE","ffn_moe_up-6","MUL_MAT_ID","",-1,9,-1,1024,8,1,1,32768,0.391979,1,"chunk_size_1"
"CPU_Elastic","COMPUTE","ffn_moe_weighted-6","GLU","",-1,10,-1,1024,8,1,1,32768,0.026042,1,"chunk_size_1"
"CPU_Elastic","COMPUTE","ffn_moe_down-6","MUL_MAT_ID","",-1,11,-1,2048,8,1,1,65536,0.414948,1,"chunk_size_1"
"CPU_Elastic","COMPUTE","node_425","MUL","",-1,12,-1,2048,8,1,1,65536,0.027656,1,"chunk_size_1"
"CPU_Elastic","COMPUTE"," (view)","VIEW","",-1,13,-1,2048,1,1,1,8192,0.000520,1,"chunk_size_1"
"CPU_Elastic","COMPUTE","node_425 (view)","VIEW","",-1,14,-1,2048,1,1,1,8192,0.000468,1,"chunk_size_1"
"CPU_Elastic","COMPUTE","node_425 (view)","VIEW","",-1,15,-1,2048,1,1,1,8192,0.000521,1,"chunk_size_1"
"CPU_Elastic","COMPUTE","node_425 (view)","VIEW","",-1,16,-1,2048,1,1,1,8192,0.000365,1,"chunk_size_1"
"CPU_Elastic","COMPUTE","node_425 (view)","VIEW","",-1,17,-1,2048,1,1,1,8192,0.000365,1,"chunk_size_1"
"CPU_Elastic","COMPUTE","node_425 (view)","VIEW","",-1,18,-1,2048,1,1,1,8192,0.000417,1,"chunk_size_1"
"CPU_Elastic","COMPUTE","node_425 (view)","VIEW","",-1,19,-1,2048,1,1,1,8192,0.000469,1,"chunk_size_1"
"CPU_Elastic","COMPUTE","node_425 (view)","VIEW","",-1,20,-1,2048,1,1,1,8192,0.000417,1,"chunk_size_1"
"CPU_Elastic","COMPUTE","node_434","ADD","",-1,21,-1,2048,1,1,1,8192,0.004531,1,"chunk_size_1"
"CPU_Elastic","COMPUTE","node_435","ADD","",-1,22,-1,2048,1,1,1,8192,0.005782,1,"chunk_size_1"
"CPU_Elastic","COMPUTE","node_436","ADD","",-1,23,-1,2048,1,1,1,8192,0.004948,1,"chunk_size_1"
"CPU_Elastic","COMPUTE","node_437","ADD","",-1,24,-1,2048,1,1,1,8192,0.005625,1,"chunk_size_1"
"CPU_Elastic","COMPUTE","node_438","ADD","",-1,25,-1,2048,1,1,1,8192,0.005573,1,"chunk_size_1"
"CPU_Elastic","COMPUTE","node_439","ADD","",-1,26,-1,2048,1,1,1,8192,0.004843,1,"chunk_size_1"
"CPU_Elastic","COMPUTE","ffn_moe_out-6","ADD","",-1,27,-1,2048,1,1,1,8192,0.003802,1,"chunk_size_1"
"CPU_Elastic","COMPUTE","l_out-6","ADD","",-1,28,-1,2048,1,1,1,8192,0.004583,1,"chunk_size_1"
"CPU_Elastic","COMPUTE_GRAPH","ggml_cgraph","GRAPH","",-1,29,-1,0,0,0,0,0,1.712186,1,"delegate_cpu_graph"
"CPU_Elastic","COMPUTE","attn_norm-7","MUL","",-1,0,-1,2048,1,1,1,8192,0.005781,1,"chunk_size_1"
"CPU_Elastic","COMPUTE","Qcur-7","MUL_MAT","",-1,1,-1,2048,1,1,1,8192,0.099948,1,"chunk_size_1"
"CPU_Elastic","COMPUTE_GRAPH","ggml_cgraph","GRAPH","",-1,2,-1,0,0,0,0,0,0.105729,1,"delegate_cpu_graph"
"CPU_Elastic","COMPUTE","Qcur_normed-7","MUL","",-1,0,-1,2048,1,1,1,8192,0.005000,1,"chunk_size_1"
"CPU_Elastic","COMPUTE","Qcur_normed-7 (reshaped)","RESHAPE","",-1,1,-1,128,16,1,1,8192,0.000520,1,"chunk_size_1"
"CPU_Elastic","COMPUTE","Qcur-7","ROPE","",-1,2,-1,128,16,1,1,8192,0.006771,1,"chunk_size_1"
"CPU_Elastic","COMPUTE","Kcur-7","MUL_MAT","",-1,3,-1,2048,1,1,1,8192,0.097812,1,"chunk_size_1"
"CPU_Elastic","COMPUTE_GRAPH","ggml_cgraph","GRAPH","",-1,4,-1,0,0,0,0,0,0.110103,1,"delegate_cpu_graph"
"CPU_Elastic","COMPUTE","Kcur_normed-7","MUL","",-1,0,-1,2048,1,1,1,8192,0.005157,1,"chunk_size_1"
"CPU_Elastic","COMPUTE","Kcur_normed-7 (reshaped)","RESHAPE","",-1,1,-1,128,16,1,1,8192,0.000573,1,"chunk_size_1"
"CPU_Elastic","COMPUTE","Kcur-7","ROPE","",-1,2,-1,128,16,1,1,8192,0.006354,1,"chunk_size_1"
"CPU_Elastic","COMPUTE","Vcur-7","MUL_MAT","",-1,3,-1,2048,1,1,1,8192,0.148125,1,"chunk_size_1"
"CPU_Elastic","COMPUTE","Vcur-7","RESHAPE","",-1,4,-1,128,16,1,1,8192,0.000678,1,"chunk_size_1"
"CPU_Elastic","COMPUTE","Kcur-7 (view)","VIEW","",-1,5,-1,2048,1,1,1,8192,0.000469,1,"chunk_size_1"
"CPU_Elastic","COMPUTE","cache_k_l7 (view)","SET_ROWS","",-1,6,-1,2048,512,1,1,2097152,0.001927,1,"chunk_size_1"
"CPU_Elastic","COMPUTE","Vcur-7 (view)","VIEW","",-1,7,-1,2048,1,1,1,8192,0.000520,1,"chunk_size_1"
"CPU_Elastic","COMPUTE","cache_v_l7 (view)","SET_ROWS","",-1,8,-1,2048,512,1,1,2097152,0.001719,1,"chunk_size_1"
"CPU_Elastic","COMPUTE","cache_v_l7 (view)","VIEW","",-1,9,-1,128,16,256,1,1048576,0.000417,1,"chunk_size_1"
"CPU_Elastic","COMPUTE","cache_v_l7 (view) (permuted)","PERMUTE","",-1,10,-1,128,256,16,1,1048576,0.000469,1,"chunk_size_1"
"CPU_Elastic","COMPUTE","cache_v_l7 (view) (permuted) (transposed)","TRANSPOSE","",-1,11,-1,256,128,16,1,1048576,0.000520,1,"chunk_size_1"
"CPU_Elastic","COMPUTE","v_cont-7","CONT","",-1,12,-1,256,128,16,1,1048576,0.565156,1,"chunk_size_1"
"CPU_Elastic","COMPUTE","cache_k_l7 (view)","VIEW","",-1,13,-1,128,16,256,1,1048576,0.000469,1,"chunk_size_1"
"CPU_Elastic","COMPUTE","cache_k_l7 (view) (permuted)","PERMUTE","",-1,14,-1,128,256,16,1,1048576,0.000521,1,"chunk_size_1"
"CPU_Elastic","COMPUTE","Qcur-7 (view)","VIEW","",-1,15,-1,128,16,1,1,8192,0.000521,1,"chunk_size_1"
"CPU_Elastic","COMPUTE","Qcur-7 (view) (permuted)","PERMUTE","",-1,16,-1,128,1,16,1,8192,0.000417,1,"chunk_size_1"
"CPU_Elastic","COMPUTE","kq-7","MUL_MAT","",-1,17,-1,256,1,16,1,16384,0.038906,1,"chunk_size_1"
"CPU_Elastic","COMPUTE","kq_soft_max-7","SOFT_MAX","",-1,18,-1,256,1,16,1,16384,0.017031,1,"chunk_size_1"
"CPU_Elastic","COMPUTE","kqv-7","MUL_MAT","",-1,19,-1,128,1,16,1,8192,0.037656,1,"chunk_size_1"
"CPU_Elastic","COMPUTE","kqv-7 (permuted)","PERMUTE","",-1,20,-1,128,16,1,1,8192,0.000573,1,"chunk_size_1"
"CPU_Elastic","COMPUTE","kqv_out-7","CONT","",-1,21,-1,2048,1,1,1,8192,0.005312,1,"chunk_size_1"
"CPU_Elastic","COMPUTE","node_473","MUL_MAT","",-1,22,-1,2048,1,1,1,8192,0.097448,1,"chunk_size_1"
"CPU_Elastic","COMPUTE","ffn_inp-7","ADD","",-1,23,-1,2048,1,1,1,8192,0.005156,1,"chunk_size_1"
"CPU_Elastic","COMPUTE_GRAPH","ggml_cgraph","GRAPH","",-1,24,-1,0,0,0,0,0,0.936094,1,"delegate_cpu_graph"
"CPU_Elastic","COMPUTE","ffn_norm-7","MUL","",-1,0,-1,2048,1,1,1,8192,0.005052,1,"chunk_size_1"
"CPU_Elastic","COMPUTE","ffn_moe_logits-7","MUL_MAT","",-1,1,-1,64,1,1,1,256,0.014062,1,"chunk_size_1"
"CPU_Elastic","COMPUTE","ffn_moe_probs-7","SOFT_MAX","",-1,2,-1,64,1,1,1,256,0.000886,1,"chunk_size_1"
"CPU_Elastic","COMPUTE","ffn_moe_probs-7 (reshaped)","RESHAPE","",-1,3,-1,1,64,1,1,256,0.000469,1,"chunk_size_1"
"CPU_Elastic","COMPUTE","ffn_moe_argsort-7","ARGSORT","",-1,4,-1,64,1,1,1,256,0.011927,1,"chunk_size_1"
"CPU_Elastic","COMPUTE","ffn_moe_topk-7","VIEW","",-1,5,-1,8,1,1,1,32,0.000573,1,"chunk_size_1"
"CPU_Elastic","COMPUTE","ffn_moe_weights-7","GET_ROWS","",-1,6,-1,1,8,1,1,32,0.000521,1,"chunk_size_1"
"CPU_Elastic","COMPUTE","ffn_norm-7 (reshaped)","RESHAPE","",-1,7,-1,2048,1,1,1,8192,0.000417,1,"chunk_size_1"
"CPU_Elastic","COMPUTE","ffn_moe_gate-7","MUL_MAT_ID","",-1,8,-1,1024,8,1,1,32768,0.383437,1,"chunk_size_1"
"CPU_Elastic","COMPUTE","ffn_moe_up-7","MUL_MAT_ID","",-1,9,-1,1024,8,1,1,32768,0.397864,1,"chunk_size_1"
"CPU_Elastic","COMPUTE","ffn_moe_weighted-7","GLU","",-1,10,-1,1024,8,1,1,32768,0.025573,1,"chunk_size_1"
"CPU_Elastic","COMPUTE","ffn_moe_down-7","MUL_MAT_ID","",-1,11,-1,2048,8,1,1,65536,0.533958,1,"chunk_size_1"
"CPU_Elastic","COMPUTE","node_488","MUL","",-1,12,-1,2048,8,1,1,65536,0.029895,1,"chunk_size_1"
"CPU_Elastic","COMPUTE"," (view)","VIEW","",-1,13,-1,2048,1,1,1,8192,0.000573,1,"chunk_size_1"
"CPU_Elastic","COMPUTE","node_488 (view)","VIEW","",-1,14,-1,2048,1,1,1,8192,0.000417,1,"chunk_size_1"
"CPU_Elastic","COMPUTE","node_488 (view)","VIEW","",-1,15,-1,2048,1,1,1,8192,0.000417,1,"chunk_size_1"
"CPU_Elastic","COMPUTE","node_488 (view)","VIEW","",-1,16,-1,2048,1,1,1,8192,0.000573,1,"chunk_size_1"
"CPU_Elastic","COMPUTE","node_488 (view)","VIEW","",-1,17,-1,2048,1,1,1,8192,0.000365,1,"chunk_size_1"
"CPU_Elastic","COMPUTE","node_488 (view)","VIEW","",-1,18,-1,2048,1,1,1,8192,0.000416,1,"chunk_size_1"
"CPU_Elastic","COMPUTE","node_488 (view)","VIEW","",-1,19,-1,2048,1,1,1,8192,0.000364,1,"chunk_size_1"
"CPU_Elastic","COMPUTE","node_488 (view)","VIEW","",-1,20,-1,2048,1,1,1,8192,0.000521,1,"chunk_size_1"
"CPU_Elastic","COMPUTE","node_497","ADD","",-1,21,-1,2048,1,1,1,8192,0.005208,1,"chunk_size_1"
"CPU_Elastic","COMPUTE","node_498","ADD","",-1,22,-1,2048,1,1,1,8192,0.005105,1,"chunk_size_1"
"CPU_Elastic","COMPUTE","node_499","ADD","",-1,23,-1,2048,1,1,1,8192,0.003906,1,"chunk_size_1"
"CPU_Elastic","COMPUTE","node_500","ADD","",-1,24,-1,2048,1,1,1,8192,0.005521,1,"chunk_size_1"
"CPU_Elastic","COMPUTE","node_501","ADD","",-1,25,-1,2048,1,1,1,8192,0.005261,1,"chunk_size_1"
"CPU_Elastic","COMPUTE","node_502","ADD","",-1,26,-1,2048,1,1,1,8192,0.005208,1,"chunk_size_1"
"CPU_Elastic","COMPUTE","ffn_moe_out-7","ADD","",-1,27,-1,2048,1,1,1,8192,0.004427,1,"chunk_size_1"
"CPU_Elastic","COMPUTE","l_out-7","ADD","",-1,28,-1,2048,1,1,1,8192,0.005209,1,"chunk_size_1"
"CPU_Elastic","COMPUTE_GRAPH","ggml_cgraph","GRAPH","",-1,29,-1,0,0,0,0,0,1.448125,1,"delegate_cpu_graph"
"CPU_Elastic","COMPUTE","attn_norm-8","MUL","",-1,0,-1,2048,1,1,1,8192,0.004948,1,"chunk_size_1"
"CPU_Elastic","COMPUTE","Qcur-8","MUL_MAT","",-1,1,-1,2048,1,1,1,8192,0.106094,1,"chunk_size_1"
"CPU_Elastic","COMPUTE_GRAPH","ggml_cgraph","GRAPH","",-1,2,-1,0,0,0,0,0,0.111042,1,"delegate_cpu_graph"
"CPU_Elastic","COMPUTE","Qcur_normed-8","MUL","",-1,0,-1,2048,1,1,1,8192,0.005625,1,"chunk_size_1"
"CPU_Elastic","COMPUTE","Qcur_normed-8 (reshaped)","RESHAPE","",-1,1,-1,128,16,1,1,8192,0.000573,1,"chunk_size_1"
"CPU_Elastic","COMPUTE","Qcur-8","ROPE","",-1,2,-1,128,16,1,1,8192,0.006198,1,"chunk_size_1"
"CPU_Elastic","COMPUTE","Kcur-8","MUL_MAT","",-1,3,-1,2048,1,1,1,8192,0.099896,1,"chunk_size_1"
"CPU_Elastic","COMPUTE_GRAPH","ggml_cgraph","GRAPH","",-1,4,-1,0,0,0,0,0,0.112292,1,"delegate_cpu_graph"
"CPU_Elastic","COMPUTE","Kcur_normed-8","MUL","",-1,0,-1,2048,1,1,1,8192,0.004688,1,"chunk_size_1"
"CPU_Elastic","COMPUTE","Kcur_normed-8 (reshaped)","RESHAPE","",-1,1,-1,128,16,1,1,8192,0.000469,1,"chunk_size_1"
"CPU_Elastic","COMPUTE","Kcur-8","ROPE","",-1,2,-1,128,16,1,1,8192,0.006250,1,"chunk_size_1"
"CPU_Elastic","COMPUTE","Vcur-8","MUL_MAT","",-1,3,-1,2048,1,1,1,8192,0.097292,1,"chunk_size_1"
"CPU_Elastic","COMPUTE","Vcur-8","RESHAPE","",-1,4,-1,128,16,1,1,8192,0.000625,1,"chunk_size_1"
"CPU_Elastic","COMPUTE","Kcur-8 (view)","VIEW","",-1,5,-1,2048,1,1,1,8192,0.000469,1,"chunk_size_1"
"CPU_Elastic","COMPUTE","cache_k_l8 (view)","SET_ROWS","",-1,6,-1,2048,512,1,1,2097152,0.001823,1,"chunk_size_1"
"CPU_Elastic","COMPUTE","Vcur-8 (view)","VIEW","",-1,7,-1,2048,1,1,1,8192,0.000469,1,"chunk_size_1"
"CPU_Elastic","COMPUTE","cache_v_l8 (view)","SET_ROWS","",-1,8,-1,2048,512,1,1,2097152,0.001823,1,"chunk_size_1"
"CPU_Elastic","COMPUTE","cache_v_l8 (view)","VIEW","",-1,9,-1,128,16,256,1,1048576,0.000417,1,"chunk_size_1"
"CPU_Elastic","COMPUTE","cache_v_l8 (view) (permuted)","PERMUTE","",-1,10,-1,128,256,16,1,1048576,0.000417,1,"chunk_size_1"
"CPU_Elastic","COMPUTE","cache_v_l8 (view) (permuted) (transposed)","TRANSPOSE","",-1,11,-1,256,128,16,1,1048576,0.000416,1,"chunk_size_1"
"CPU_Elastic","COMPUTE","v_cont-8","CONT","",-1,12,-1,256,128,16,1,1048576,2.176042,1,"chunk_size_1"
"CPU_Elastic","COMPUTE","cache_k_l8 (view)","VIEW","",-1,13,-1,128,16,256,1,1048576,0.000469,1,"chunk_size_1"
"CPU_Elastic","COMPUTE","cache_k_l8 (view) (permuted)","PERMUTE","",-1,14,-1,128,256,16,1,1048576,0.000416,1,"chunk_size_1"
"CPU_Elastic","COMPUTE","Qcur-8 (view)","VIEW","",-1,15,-1,128,16,1,1,8192,0.000417,1,"chunk_size_1"
"CPU_Elastic","COMPUTE","Qcur-8 (view) (permuted)","PERMUTE","",-1,16,-1,128,1,16,1,8192,0.000521,1,"chunk_size_1"
"CPU_Elastic","COMPUTE","kq-8","MUL_MAT","",-1,17,-1,256,1,16,1,16384,0.040416,1,"chunk_size_1"
"CPU_Elastic","COMPUTE","kq_soft_max-8","SOFT_MAX","",-1,18,-1,256,1,16,1,16384,0.016927,1,"chunk_size_1"
"CPU_Elastic","COMPUTE","kqv-8","MUL_MAT","",-1,19,-1,128,1,16,1,8192,0.044114,1,"chunk_size_1"
"CPU_Elastic","COMPUTE","kqv-8 (permuted)","PERMUTE","",-1,20,-1,128,16,1,1,8192,0.000573,1,"chunk_size_1"
"CPU_Elastic","COMPUTE","kqv_out-8","CONT","",-1,21,-1,2048,1,1,1,8192,0.005469,1,"chunk_size_1"
"CPU_Elastic","COMPUTE","node_536","MUL_MAT","",-1,22,-1,2048,1,1,1,8192,0.100261,1,"chunk_size_1"
"CPU_Elastic","COMPUTE","ffn_inp-8","ADD","",-1,23,-1,2048,1,1,1,8192,0.004428,1,"chunk_size_1"
"CPU_Elastic","COMPUTE_GRAPH","ggml_cgraph","GRAPH","",-1,24,-1,0,0,0,0,0,2.505211,1,"delegate_cpu_graph"
"CPU_Elastic","COMPUTE","ffn_norm-8","MUL","",-1,0,-1,2048,1,1,1,8192,0.004896,1,"chunk_size_1"
"CPU_Elastic","COMPUTE","ffn_moe_logits-8","MUL_MAT","",-1,1,-1,64,1,1,1,256,0.014010,1,"chunk_size_1"
"CPU_Elastic","COMPUTE","ffn_moe_probs-8","SOFT_MAX","",-1,2,-1,64,1,1,1,256,0.000938,1,"chunk_size_1"
"CPU_Elastic","COMPUTE","ffn_moe_probs-8 (reshaped)","RESHAPE","",-1,3,-1,1,64,1,1,256,0.000417,1,"chunk_size_1"
"CPU_Elastic","COMPUTE","ffn_moe_argsort-8","ARGSORT","",-1,4,-1,64,1,1,1,256,0.010313,1,"chunk_size_1"
"CPU_Elastic","COMPUTE","ffn_moe_topk-8","VIEW","",-1,5,-1,8,1,1,1,32,0.000677,1,"chunk_size_1"
"CPU_Elastic","COMPUTE","ffn_moe_weights-8","GET_ROWS","",-1,6,-1,1,8,1,1,32,0.000520,1,"chunk_size_1"
"CPU_Elastic","COMPUTE","ffn_norm-8 (reshaped)","RESHAPE","",-1,7,-1,2048,1,1,1,8192,0.000469,1,"chunk_size_1"
"CPU_Elastic","COMPUTE","ffn_moe_gate-8","MUL_MAT_ID","",-1,8,-1,1024,8,1,1,32768,0.385989,1,"chunk_size_1"
"CPU_Elastic","COMPUTE","ffn_moe_up-8","MUL_MAT_ID","",-1,9,-1,1024,8,1,1,32768,0.485313,1,"chunk_size_1"
"CPU_Elastic","COMPUTE","ffn_moe_weighted-8","GLU","",-1,10,-1,1024,8,1,1,32768,0.026875,1,"chunk_size_1"
"CPU_Elastic","COMPUTE","ffn_moe_down-8","MUL_MAT_ID","",-1,11,-1,2048,8,1,1,65536,0.418073,1,"chunk_size_1"
"CPU_Elastic","COMPUTE","node_551","MUL","",-1,12,-1,2048,8,1,1,65536,0.029948,1,"chunk_size_1"
"CPU_Elastic","COMPUTE"," (view)","VIEW","",-1,13,-1,2048,1,1,1,8192,0.000625,1,"chunk_size_1"
"CPU_Elastic","COMPUTE","node_551 (view)","VIEW","",-1,14,-1,2048,1,1,1,8192,0.000469,1,"chunk_size_1"
"CPU_Elastic","COMPUTE","node_551 (view)","VIEW","",-1,15,-1,2048,1,1,1,8192,0.000469,1,"chunk_size_1"
"CPU_Elastic","COMPUTE","node_551 (view)","VIEW","",-1,16,-1,2048,1,1,1,8192,0.000417,1,"chunk_size_1"
"CPU_Elastic","COMPUTE","node_551 (view)","VIEW","",-1,17,-1,2048,1,1,1,8192,0.000521,1,"chunk_size_1"
"CPU_Elastic","COMPUTE","node_551 (view)","VIEW","",-1,18,-1,2048,1,1,1,8192,0.000417,1,"chunk_size_1"
"CPU_Elastic","COMPUTE","node_551 (view)","VIEW","",-1,19,-1,2048,1,1,1,8192,0.000365,1,"chunk_size_1"
"CPU_Elastic","COMPUTE","node_551 (view)","VIEW","",-1,20,-1,2048,1,1,1,8192,0.000417,1,"chunk_size_1"
"CPU_Elastic","COMPUTE","node_560","ADD","",-1,21,-1,2048,1,1,1,8192,0.004584,1,"chunk_size_1"
"CPU_Elastic","COMPUTE","node_561","ADD","",-1,22,-1,2048,1,1,1,8192,0.004583,1,"chunk_size_1"
"CPU_Elastic","COMPUTE","node_562","ADD","",-1,23,-1,2048,1,1,1,8192,0.003854,1,"chunk_size_1"
"CPU_Elastic","COMPUTE","node_563","ADD","",-1,24,-1,2048,1,1,1,8192,0.005729,1,"chunk_size_1"
"CPU_Elastic","COMPUTE","node_564","ADD","",-1,25,-1,2048,1,1,1,8192,0.004479,1,"chunk_size_1"
"CPU_Elastic","COMPUTE","node_565","ADD","",-1,26,-1,2048,1,1,1,8192,0.005208,1,"chunk_size_1"
"CPU_Elastic","COMPUTE","ffn_moe_out-8","ADD","",-1,27,-1,2048,1,1,1,8192,0.003906,1,"chunk_size_1"
"CPU_Elastic","COMPUTE","l_out-8","ADD","",-1,28,-1,2048,1,1,1,8192,0.004843,1,"chunk_size_1"
"CPU_Elastic","COMPUTE_GRAPH","ggml_cgraph","GRAPH","",-1,29,-1,0,0,0,0,0,1.419324,1,"delegate_cpu_graph"
"CPU_Elastic","COMPUTE","attn_norm-9","MUL","",-1,0,-1,2048,1,1,1,8192,0.006875,1,"chunk_size_1"
"CPU_Elastic","COMPUTE","Qcur-9","MUL_MAT","",-1,1,-1,2048,1,1,1,8192,0.100573,1,"chunk_size_1"
"CPU_Elastic","COMPUTE_GRAPH","ggml_cgraph","GRAPH","",-1,2,-1,0,0,0,0,0,0.107448,1,"delegate_cpu_graph"
"CPU_Elastic","COMPUTE","Qcur_normed-9","MUL","",-1,0,-1,2048,1,1,1,8192,0.005469,1,"chunk_size_1"
"CPU_Elastic","COMPUTE","Qcur_normed-9 (reshaped)","RESHAPE","",-1,1,-1,128,16,1,1,8192,0.000625,1,"chunk_size_1"
"CPU_Elastic","COMPUTE","Qcur-9","ROPE","",-1,2,-1,128,16,1,1,8192,0.005625,1,"chunk_size_1"
"CPU_Elastic","COMPUTE","Kcur-9","MUL_MAT","",-1,3,-1,2048,1,1,1,8192,0.099480,1,"chunk_size_1"
"CPU_Elastic","COMPUTE_GRAPH","ggml_cgraph","GRAPH","",-1,4,-1,0,0,0,0,0,0.111199,1,"delegate_cpu_graph"
"CPU_Elastic","COMPUTE","Kcur_normed-9","MUL","",-1,0,-1,2048,1,1,1,8192,0.004792,1,"chunk_size_1"
"CPU_Elastic","COMPUTE","Kcur_normed-9 (reshaped)","RESHAPE","",-1,1,-1,128,16,1,1,8192,0.000625,1,"chunk_size_1"
"CPU_Elastic","COMPUTE","Kcur-9","ROPE","",-1,2,-1,128,16,1,1,8192,0.004948,1,"chunk_size_1"
"CPU_Elastic","COMPUTE","Vcur-9","MUL_MAT","",-1,3,-1,2048,1,1,1,8192,0.098698,1,"chunk_size_1"
"CPU_Elastic","COMPUTE","Vcur-9","RESHAPE","",-1,4,-1,128,16,1,1,8192,0.000678,1,"chunk_size_1"
"CPU_Elastic","COMPUTE","Kcur-9 (view)","VIEW","",-1,5,-1,2048,1,1,1,8192,0.000573,1,"chunk_size_1"
"CPU_Elastic","COMPUTE","cache_k_l9 (view)","SET_ROWS","",-1,6,-1,2048,512,1,1,2097152,0.001770,1,"chunk_size_1"
"CPU_Elastic","COMPUTE","Vcur-9 (view)","VIEW","",-1,7,-1,2048,1,1,1,8192,0.000416,1,"chunk_size_1"
"CPU_Elastic","COMPUTE","cache_v_l9 (view)","SET_ROWS","",-1,8,-1,2048,512,1,1,2097152,0.001771,1,"chunk_size_1"
"CPU_Elastic","COMPUTE","cache_v_l9 (view)","VIEW","",-1,9,-1,128,16,256,1,1048576,0.000520,1,"chunk_size_1"
"CPU_Elastic","COMPUTE","cache_v_l9 (view) (permuted)","PERMUTE","",-1,10,-1,128,256,16,1,1048576,0.000469,1,"chunk_size_1"
"CPU_Elastic","COMPUTE","cache_v_l9 (view) (permuted) (transposed)","TRANSPOSE","",-1,11,-1,256,128,16,1,1048576,0.000364,1,"chunk_size_1"
"CPU_Elastic","COMPUTE","v_cont-9","CONT","",-1,12,-1,256,128,16,1,1048576,0.546406,1,"chunk_size_1"
"CPU_Elastic","COMPUTE","cache_k_l9 (view)","VIEW","",-1,13,-1,128,16,256,1,1048576,0.000573,1,"chunk_size_1"
"CPU_Elastic","COMPUTE","cache_k_l9 (view) (permuted)","PERMUTE","",-1,14,-1,128,256,16,1,1048576,0.000417,1,"chunk_size_1"
"CPU_Elastic","COMPUTE","Qcur-9 (view)","VIEW","",-1,15,-1,128,16,1,1,8192,0.000364,1,"chunk_size_1"
"CPU_Elastic","COMPUTE","Qcur-9 (view) (permuted)","PERMUTE","",-1,16,-1,128,1,16,1,8192,0.000469,1,"chunk_size_1"
"CPU_Elastic","COMPUTE","kq-9","MUL_MAT","",-1,17,-1,256,1,16,1,16384,0.040938,1,"chunk_size_1"
"CPU_Elastic","COMPUTE","kq_soft_max-9","SOFT_MAX","",-1,18,-1,256,1,16,1,16384,0.016510,1,"chunk_size_1"
"CPU_Elastic","COMPUTE","kqv-9","MUL_MAT","",-1,19,-1,128,1,16,1,8192,0.039531,1,"chunk_size_1"
"CPU_Elastic","COMPUTE","kqv-9 (permuted)","PERMUTE","",-1,20,-1,128,16,1,1,8192,0.000469,1,"chunk_size_1"
"CPU_Elastic","COMPUTE","kqv_out-9","CONT","",-1,21,-1,2048,1,1,1,8192,0.004740,1,"chunk_size_1"
"CPU_Elastic","COMPUTE","node_599","MUL_MAT","",-1,22,-1,2048,1,1,1,8192,0.098802,1,"chunk_size_1"
"CPU_Elastic","COMPUTE","ffn_inp-9","ADD","",-1,23,-1,2048,1,1,1,8192,0.005365,1,"chunk_size_1"
"CPU_Elastic","COMPUTE_GRAPH","ggml_cgraph","GRAPH","",-1,24,-1,0,0,0,0,0,0.870208,1,"delegate_cpu_graph"
"CPU_Elastic","COMPUTE","ffn_norm-9","MUL","",-1,0,-1,2048,1,1,1,8192,0.004896,1,"chunk_size_1"
"CPU_Elastic","COMPUTE","ffn_moe_logits-9","MUL_MAT","",-1,1,-1,64,1,1,1,256,0.014635,1,"chunk_size_1"
"CPU_Elastic","COMPUTE","ffn_moe_probs-9","SOFT_MAX","",-1,2,-1,64,1,1,1,256,0.000989,1,"chunk_size_1"
"CPU_Elastic","COMPUTE","ffn_moe_probs-9 (reshaped)","RESHAPE","",-1,3,-1,1,64,1,1,256,0.000417,1,"chunk_size_1"
"CPU_Elastic","COMPUTE","ffn_moe_argsort-9","ARGSORT","",-1,4,-1,64,1,1,1,256,0.011667,1,"chunk_size_1"
"CPU_Elastic","COMPUTE","ffn_moe_topk-9","VIEW","",-1,5,-1,8,1,1,1,32,0.000521,1,"chunk_size_1"
"CPU_Elastic","COMPUTE","ffn_moe_weights-9","GET_ROWS","",-1,6,-1,1,8,1,1,32,0.000677,1,"chunk_size_1"
"CPU_Elastic","COMPUTE","ffn_norm-9 (reshaped)","RESHAPE","",-1,7,-1,2048,1,1,1,8192,0.000469,1,"chunk_size_1"
"CPU_Elastic","COMPUTE","ffn_moe_gate-9","MUL_MAT_ID","",-1,8,-1,1024,8,1,1,32768,0.393021,1,"chunk_size_1"
"CPU_Elastic","COMPUTE","ffn_moe_up-9","MUL_MAT_ID","",-1,9,-1,1024,8,1,1,32768,0.395104,1,"chunk_size_1"
"CPU_Elastic","COMPUTE","ffn_moe_weighted-9","GLU","",-1,10,-1,1024,8,1,1,32768,0.025677,1,"chunk_size_1"
"CPU_Elastic","COMPUTE","ffn_moe_down-9","MUL_MAT_ID","",-1,11,-1,2048,8,1,1,65536,0.420521,1,"chunk_size_1"
"CPU_Elastic","COMPUTE","node_614","MUL","",-1,12,-1,2048,8,1,1,65536,0.028333,1,"chunk_size_1"
"CPU_Elastic","COMPUTE"," (view)","VIEW","",-1,13,-1,2048,1,1,1,8192,0.000520,1,"chunk_size_1"
"CPU_Elastic","COMPUTE","node_614 (view)","VIEW","",-1,14,-1,2048,1,1,1,8192,0.000521,1,"chunk_size_1"
"CPU_Elastic","COMPUTE","node_614 (view)","VIEW","",-1,15,-1,2048,1,1,1,8192,0.000417,1,"chunk_size_1"
"CPU_Elastic","COMPUTE","node_614 (view)","VIEW","",-1,16,-1,2048,1,1,1,8192,0.000416,1,"chunk_size_1"
"CPU_Elastic","COMPUTE","node_614 (view)","VIEW","",-1,17,-1,2048,1,1,1,8192,0.000469,1,"chunk_size_1"
"CPU_Elastic","COMPUTE","node_614 (view)","VIEW","",-1,18,-1,2048,1,1,1,8192,0.000521,1,"chunk_size_1"
"CPU_Elastic","COMPUTE","node_614 (view)","VIEW","",-1,19,-1,2048,1,1,1,8192,0.000469,1,"chunk_size_1"
"CPU_Elastic","COMPUTE","node_614 (view)","VIEW","",-1,20,-1,2048,1,1,1,8192,0.000416,1,"chunk_size_1"
"CPU_Elastic","COMPUTE","node_623","ADD","",-1,21,-1,2048,1,1,1,8192,0.004375,1,"chunk_size_1"
"CPU_Elastic","COMPUTE","node_624","ADD","",-1,22,-1,2048,1,1,1,8192,0.004635,1,"chunk_size_1"
"CPU_Elastic","COMPUTE","node_625","ADD","",-1,23,-1,2048,1,1,1,8192,0.005000,1,"chunk_size_1"
"CPU_Elastic","COMPUTE","node_626","ADD","",-1,24,-1,2048,1,1,1,8192,0.004479,1,"chunk_size_1"
"CPU_Elastic","COMPUTE","node_627","ADD","",-1,25,-1,2048,1,1,1,8192,0.004062,1,"chunk_size_1"
"CPU_Elastic","COMPUTE","node_628","ADD","",-1,26,-1,2048,1,1,1,8192,0.005625,1,"chunk_size_1"
"CPU_Elastic","COMPUTE","ffn_moe_out-9","ADD","",-1,27,-1,2048,1,1,1,8192,0.003593,1,"chunk_size_1"
"CPU_Elastic","COMPUTE","l_out-9","ADD","",-1,28,-1,2048,1,1,1,8192,0.004166,1,"chunk_size_1"
"CPU_Elastic","COMPUTE_GRAPH","ggml_cgraph","GRAPH","",-1,29,-1,0,0,0,0,0,1.336611,1,"delegate_cpu_graph"
"CPU_Elastic","COMPUTE","attn_norm-10","MUL","",-1,0,-1,2048,1,1,1,8192,0.005365,1,"chunk_size_1"
"CPU_Elastic","COMPUTE","Qcur-10","MUL_MAT","",-1,1,-1,2048,1,1,1,8192,0.099896,1,"chunk_size_1"
"CPU_Elastic","COMPUTE_GRAPH","ggml_cgraph","GRAPH","",-1,2,-1,0,0,0,0,0,0.105261,1,"delegate_cpu_graph"
"CPU_Elastic","COMPUTE","Qcur_normed-10","MUL","",-1,0,-1,2048,1,1,1,8192,0.005729,1,"chunk_size_1"
"CPU_Elastic","COMPUTE","Qcur_normed-10 (reshaped)","RESHAPE","",-1,1,-1,128,16,1,1,8192,0.000625,1,"chunk_size_1"
"CPU_Elastic","COMPUTE","Qcur-10","ROPE","",-1,2,-1,128,16,1,1,8192,0.006354,1,"chunk_size_1"
"CPU_Elastic","COMPUTE","Kcur-10","MUL_MAT","",-1,3,-1,2048,1,1,1,8192,0.099635,1,"chunk_size_1"
"CPU_Elastic","COMPUTE_GRAPH","ggml_cgraph","GRAPH","",-1,4,-1,0,0,0,0,0,0.112343,1,"delegate_cpu_graph"
"CPU_Elastic","COMPUTE","Kcur_normed-10","MUL","",-1,0,-1,2048,1,1,1,8192,0.005573,1,"chunk_size_1"
"CPU_Elastic","COMPUTE","Kcur_normed-10 (reshaped)","RESHAPE","",-1,1,-1,128,16,1,1,8192,0.000521,1,"chunk_size_1"
"CPU_Elastic","COMPUTE","Kcur-10","ROPE","",-1,2,-1,128,16,1,1,8192,0.004844,1,"chunk_size_1"
"CPU_Elastic","COMPUTE","Vcur-10","MUL_MAT","",-1,3,-1,2048,1,1,1,8192,0.142656,1,"chunk_size_1"
"CPU_Elastic","COMPUTE","Vcur-10","RESHAPE","",-1,4,-1,128,16,1,1,8192,0.000469,1,"chunk_size_1"
"CPU_Elastic","COMPUTE","Kcur-10 (view)","VIEW","",-1,5,-1,2048,1,1,1,8192,0.000469,1,"chunk_size_1"
"CPU_Elastic","COMPUTE","cache_k_l10 (view)","SET_ROWS","",-1,6,-1,2048,512,1,1,2097152,0.001875,1,"chunk_size_1"
"CPU_Elastic","COMPUTE","Vcur-10 (view)","VIEW","",-1,7,-1,2048,1,1,1,8192,0.000416,1,"chunk_size_1"
"CPU_Elastic","COMPUTE","cache_v_l10 (view)","SET_ROWS","",-1,8,-1,2048,512,1,1,2097152,0.001719,1,"chunk_size_1"
"CPU_Elastic","COMPUTE","cache_v_l10 (view)","VIEW","",-1,9,-1,128,16,256,1,1048576,0.000417,1,"chunk_size_1"
"CPU_Elastic","COMPUTE","cache_v_l10 (view) (permuted)","PERMUTE","",-1,10,-1,128,256,16,1,1048576,0.000521,1,"chunk_size_1"
"CPU_Elastic","COMPUTE","cache_v_l10 (view) (permuted) (transposed)","TRANSPOSE","",-1,11,-1,256,128,16,1,1048576,0.000521,1,"chunk_size_1"
"CPU_Elastic","COMPUTE","v_cont-10","CONT","",-1,12,-1,256,128,16,1,1048576,0.551250,1,"chunk_size_1"
"CPU_Elastic","COMPUTE","cache_k_l10 (view)","VIEW","",-1,13,-1,128,16,256,1,1048576,0.000521,1,"chunk_size_1"
"CPU_Elastic","COMPUTE","cache_k_l10 (view) (permuted)","PERMUTE","",-1,14,-1,128,256,16,1,1048576,0.000573,1,"chunk_size_1"
"CPU_Elastic","COMPUTE","Qcur-10 (view)","VIEW","",-1,15,-1,128,16,1,1,8192,0.000365,1,"chunk_size_1"
"CPU_Elastic","COMPUTE","Qcur-10 (view) (permuted)","PERMUTE","",-1,16,-1,128,1,16,1,8192,0.000417,1,"chunk_size_1"
"CPU_Elastic","COMPUTE","kq-10","MUL_MAT","",-1,17,-1,256,1,16,1,16384,0.040052,1,"chunk_size_1"
"CPU_Elastic","COMPUTE","kq_soft_max-10","SOFT_MAX","",-1,18,-1,256,1,16,1,16384,0.017500,1,"chunk_size_1"
"CPU_Elastic","COMPUTE","kqv-10","MUL_MAT","",-1,19,-1,128,1,16,1,8192,0.051250,1,"chunk_size_1"
"CPU_Elastic","COMPUTE","kqv-10 (permuted)","PERMUTE","",-1,20,-1,128,16,1,1,8192,0.000521,1,"chunk_size_1"
"CPU_Elastic","COMPUTE","kqv_out-10","CONT","",-1,21,-1,2048,1,1,1,8192,0.014635,1,"chunk_size_1"
"CPU_Elastic","COMPUTE","node_662","MUL_MAT","",-1,22,-1,2048,1,1,1,8192,0.100052,1,"chunk_size_1"
"CPU_Elastic","COMPUTE","ffn_inp-10","ADD","",-1,23,-1,2048,1,1,1,8192,0.005052,1,"chunk_size_1"
"CPU_Elastic","COMPUTE_GRAPH","ggml_cgraph","GRAPH","",-1,24,-1,0,0,0,0,0,0.942189,1,"delegate_cpu_graph"
"CPU_Elastic","COMPUTE","ffn_norm-10","MUL","",-1,0,-1,2048,1,1,1,8192,0.005000,1,"chunk_size_1"
"CPU_Elastic","COMPUTE","ffn_moe_logits-10","MUL_MAT","",-1,1,-1,64,1,1,1,256,0.013073,1,"chunk_size_1"
"CPU_Elastic","COMPUTE","ffn_moe_probs-10","SOFT_MAX","",-1,2,-1,64,1,1,1,256,0.000990,1,"chunk_size_1"
"CPU_Elastic","COMPUTE","ffn_moe_probs-10 (reshaped)","RESHAPE","",-1,3,-1,1,64,1,1,256,0.000573,1,"chunk_size_1"
"CPU_Elastic","COMPUTE","ffn_moe_argsort-10","ARGSORT","",-1,4,-1,64,1,1,1,256,0.032552,1,"chunk_size_1"
"CPU_Elastic","COMPUTE","ffn_moe_topk-10","VIEW","",-1,5,-1,8,1,1,1,32,0.000521,1,"chunk_size_1"
"CPU_Elastic","COMPUTE","ffn_moe_weights-10","GET_ROWS","",-1,6,-1,1,8,1,1,32,0.000521,1,"chunk_size_1"
"CPU_Elastic","COMPUTE","ffn_norm-10 (reshaped)","RESHAPE","",-1,7,-1,2048,1,1,1,8192,0.000521,1,"chunk_size_1"
"CPU_Elastic","COMPUTE","ffn_moe_gate-10","MUL_MAT_ID","",-1,8,-1,1024,8,1,1,32768,0.387239,1,"chunk_size_1"
"CPU_Elastic","COMPUTE","ffn_moe_up-10","MUL_MAT_ID","",-1,9,-1,1024,8,1,1,32768,0.396458,1,"chunk_size_1"
"CPU_Elastic","COMPUTE","ffn_moe_weighted-10","GLU","",-1,10,-1,1024,8,1,1,32768,0.024583,1,"chunk_size_1"
"CPU_Elastic","COMPUTE","ffn_moe_down-10","MUL_MAT_ID","",-1,11,-1,2048,8,1,1,65536,0.543698,1,"chunk_size_1"
"CPU_Elastic","COMPUTE","node_677","MUL","",-1,12,-1,2048,8,1,1,65536,0.031458,1,"chunk_size_1"
"CPU_Elastic","COMPUTE"," (view)","VIEW","",-1,13,-1,2048,1,1,1,8192,0.000677,1,"chunk_size_1"
"CPU_Elastic","COMPUTE","node_677 (view)","VIEW","",-1,14,-1,2048,1,1,1,8192,0.000468,1,"chunk_size_1"
"CPU_Elastic","COMPUTE","node_677 (view)","VIEW","",-1,15,-1,2048,1,1,1,8192,0.001354,1,"chunk_size_1"
"CPU_Elastic","COMPUTE","node_677 (view)","VIEW","",-1,16,-1,2048,1,1,1,8192,0.000364,1,"chunk_size_1"
"CPU_Elastic","COMPUTE","node_677 (view)","VIEW","",-1,17,-1,2048,1,1,1,8192,0.000365,1,"chunk_size_1"
"CPU_Elastic","COMPUTE","node_677 (view)","VIEW","",-1,18,-1,2048,1,1,1,8192,0.000417,1,"chunk_size_1"
"CPU_Elastic","COMPUTE","node_677 (view)","VIEW","",-1,19,-1,2048,1,1,1,8192,0.000468,1,"chunk_size_1"
"CPU_Elastic","COMPUTE","node_677 (view)","VIEW","",-1,20,-1,2048,1,1,1,8192,0.000365,1,"chunk_size_1"
"CPU_Elastic","COMPUTE","node_686","ADD","",-1,21,-1,2048,1,1,1,8192,0.005468,1,"chunk_size_1"
"CPU_Elastic","COMPUTE","node_687","ADD","",-1,22,-1,2048,1,1,1,8192,0.005468,1,"chunk_size_1"
"CPU_Elastic","COMPUTE","node_688","ADD","",-1,23,-1,2048,1,1,1,8192,0.003906,1,"chunk_size_1"
"CPU_Elastic","COMPUTE","node_689","ADD","",-1,24,-1,2048,1,1,1,8192,0.005365,1,"chunk_size_1"
"CPU_Elastic","COMPUTE","node_690","ADD","",-1,25,-1,2048,1,1,1,8192,0.005000,1,"chunk_size_1"
"CPU_Elastic","COMPUTE","node_691","ADD","",-1,26,-1,2048,1,1,1,8192,0.004583,1,"chunk_size_1"
"CPU_Elastic","COMPUTE","ffn_moe_out-10","ADD","",-1,27,-1,2048,1,1,1,8192,0.005000,1,"chunk_size_1"
"CPU_Elastic","COMPUTE","l_out-10","ADD","",-1,28,-1,2048,1,1,1,8192,0.004844,1,"chunk_size_1"
"CPU_Elastic","COMPUTE_GRAPH","ggml_cgraph","GRAPH","",-1,29,-1,0,0,0,0,0,1.481299,1,"delegate_cpu_graph"
"CPU_Elastic","COMPUTE","attn_norm-11","MUL","",-1,0,-1,2048,1,1,1,8192,0.005469,1,"chunk_size_1"
"CPU_Elastic","COMPUTE","Qcur-11","MUL_MAT","",-1,1,-1,2048,1,1,1,8192,0.099219,1,"chunk_size_1"
"CPU_Elastic","COMPUTE_GRAPH","ggml_cgraph","GRAPH","",-1,2,-1,0,0,0,0,0,0.104688,1,"delegate_cpu_graph"
"CPU_Elastic","COMPUTE","Qcur_normed-11","MUL","",-1,0,-1,2048,1,1,1,8192,0.005937,1,"chunk_size_1"
"CPU_Elastic","COMPUTE","Qcur_normed-11 (reshaped)","RESHAPE","",-1,1,-1,128,16,1,1,8192,0.000573,1,"chunk_size_1"
"CPU_Elastic","COMPUTE","Qcur-11","ROPE","",-1,2,-1,128,16,1,1,8192,0.006406,1,"chunk_size_1"
"CPU_Elastic","COMPUTE","Kcur-11","MUL_MAT","",-1,3,-1,2048,1,1,1,8192,0.099687,1,"chunk_size_1"
"CPU_Elastic","COMPUTE_GRAPH","ggml_cgraph","GRAPH","",-1,4,-1,0,0,0,0,0,0.112603,1,"delegate_cpu_graph"
"CPU_Elastic","COMPUTE","Kcur_normed-11","MUL","",-1,0,-1,2048,1,1,1,8192,0.005000,1,"chunk_size_1"
"CPU_Elastic","COMPUTE","Kcur_normed-11 (reshaped)","RESHAPE","",-1,1,-1,128,16,1,1,8192,0.000521,1,"chunk_size_1"
"CPU_Elastic","COMPUTE","Kcur-11","ROPE","",-1,2,-1,128,16,1,1,8192,0.004636,1,"chunk_size_1"
"CPU_Elastic","COMPUTE","Vcur-11","MUL_MAT","",-1,3,-1,2048,1,1,1,8192,0.099270,1,"chunk_size_1"
"CPU_Elastic","COMPUTE","Vcur-11","RESHAPE","",-1,4,-1,128,16,1,1,8192,0.000625,1,"chunk_size_1"
"CPU_Elastic","COMPUTE","Kcur-11 (view)","VIEW","",-1,5,-1,2048,1,1,1,8192,0.000417,1,"chunk_size_1"
"CPU_Elastic","COMPUTE","cache_k_l11 (view)","SET_ROWS","",-1,6,-1,2048,512,1,1,2097152,0.001667,1,"chunk_size_1"
"CPU_Elastic","COMPUTE","Vcur-11 (view)","VIEW","",-1,7,-1,2048,1,1,1,8192,0.000573,1,"chunk_size_1"
"CPU_Elastic","COMPUTE","cache_v_l11 (view)","SET_ROWS","",-1,8,-1,2048,512,1,1,2097152,0.001666,1,"chunk_size_1"
"CPU_Elastic","COMPUTE","cache_v_l11 (view)","VIEW","",-1,9,-1,128,16,256,1,1048576,0.000416,1,"chunk_size_1"
"CPU_Elastic","COMPUTE","cache_v_l11 (view) (permuted)","PERMUTE","",-1,10,-1,128,256,16,1,1048576,0.000416,1,"chunk_size_1"
"CPU_Elastic","COMPUTE","cache_v_l11 (view) (permuted) (transposed)","TRANSPOSE","",-1,11,-1,256,128,16,1,1048576,0.000573,1,"chunk_size_1"
"CPU_Elastic","COMPUTE","v_cont-11","CONT","",-1,12,-1,256,128,16,1,1048576,0.566093,1,"chunk_size_1"
"CPU_Elastic","COMPUTE","cache_k_l11 (view)","VIEW","",-1,13,-1,128,16,256,1,1048576,0.000520,1,"chunk_size_1"
"CPU_Elastic","COMPUTE","cache_k_l11 (view) (permuted)","PERMUTE","",-1,14,-1,128,256,16,1,1048576,0.000416,1,"chunk_size_1"
"CPU_Elastic","COMPUTE","Qcur-11 (view)","VIEW","",-1,15,-1,128,16,1,1,8192,0.000521,1,"chunk_size_1"
"CPU_Elastic","COMPUTE","Qcur-11 (view) (permuted)","PERMUTE","",-1,16,-1,128,1,16,1,8192,0.000417,1,"chunk_size_1"
"CPU_Elastic","COMPUTE","kq-11","MUL_MAT","",-1,17,-1,256,1,16,1,16384,0.039062,1,"chunk_size_1"
"CPU_Elastic","COMPUTE","kq_soft_max-11","SOFT_MAX","",-1,18,-1,256,1,16,1,16384,0.016042,1,"chunk_size_1"
"CPU_Elastic","COMPUTE","kqv-11","MUL_MAT","",-1,19,-1,128,1,16,1,8192,0.053698,1,"chunk_size_1"
"CPU_Elastic","COMPUTE","kqv-11 (permuted)","PERMUTE","",-1,20,-1,128,16,1,1,8192,0.000521,1,"chunk_size_1"
"CPU_Elastic","COMPUTE","kqv_out-11","CONT","",-1,21,-1,2048,1,1,1,8192,0.004479,1,"chunk_size_1"
"CPU_Elastic","COMPUTE","node_725","MUL_MAT","",-1,22,-1,2048,1,1,1,8192,0.100469,1,"chunk_size_1"
"CPU_Elastic","COMPUTE","ffn_inp-11","ADD","",-1,23,-1,2048,1,1,1,8192,0.005677,1,"chunk_size_1"
"CPU_Elastic","COMPUTE_GRAPH","ggml_cgraph","GRAPH","",-1,24,-1,0,0,0,0,0,0.903695,1,"delegate_cpu_graph"
"CPU_Elastic","COMPUTE","ffn_norm-11","MUL","",-1,0,-1,2048,1,1,1,8192,0.005364,1,"chunk_size_1"
"CPU_Elastic","COMPUTE","ffn_moe_logits-11","MUL_MAT","",-1,1,-1,64,1,1,1,256,0.015157,1,"chunk_size_1"
"CPU_Elastic","COMPUTE","ffn_moe_probs-11","SOFT_MAX","",-1,2,-1,64,1,1,1,256,0.000885,1,"chunk_size_1"
"CPU_Elastic","COMPUTE","ffn_moe_probs-11 (reshaped)","RESHAPE","",-1,3,-1,1,64,1,1,256,0.000521,1,"chunk_size_1"
"CPU_Elastic","COMPUTE","ffn_moe_argsort-11","ARGSORT","",-1,4,-1,64,1,1,1,256,0.012760,1,"chunk_size_1"
"CPU_Elastic","COMPUTE","ffn_moe_topk-11","VIEW","",-1,5,-1,8,1,1,1,32,0.000521,1,"chunk_size_1"
"CPU_Elastic","COMPUTE","ffn_moe_weights-11","GET_ROWS","",-1,6,-1,1,8,1,1,32,0.000521,1,"chunk_size_1"
"CPU_Elastic","COMPUTE","ffn_norm-11 (reshaped)","RESHAPE","",-1,7,-1,2048,1,1,1,8192,0.000469,1,"chunk_size_1"
"CPU_Elastic","COMPUTE","ffn_moe_gate-11","MUL_MAT_ID","",-1,8,-1,1024,8,1,1,32768,0.386198,1,"chunk_size_1"
"CPU_Elastic","COMPUTE","ffn_moe_up-11","MUL_MAT_ID","",-1,9,-1,1024,8,1,1,32768,0.395156,1,"chunk_size_1"
"CPU_Elastic","COMPUTE","ffn_moe_weighted-11","GLU","",-1,10,-1,1024,8,1,1,32768,0.027916,1,"chunk_size_1"
"CPU_Elastic","COMPUTE","ffn_moe_down-11","MUL_MAT_ID","",-1,11,-1,2048,8,1,1,65536,0.418177,1,"chunk_size_1"
"CPU_Elastic","COMPUTE","node_740","MUL","",-1,12,-1,2048,8,1,1,65536,0.030677,1,"chunk_size_1"
"CPU_Elastic","COMPUTE"," (view)","VIEW","",-1,13,-1,2048,1,1,1,8192,0.000625,1,"chunk_size_1"
"CPU_Elastic","COMPUTE","node_740 (view)","VIEW","",-1,14,-1,2048,1,1,1,8192,0.000364,1,"chunk_size_1"
"CPU_Elastic","COMPUTE","node_740 (view)","VIEW","",-1,15,-1,2048,1,1,1,8192,0.000469,1,"chunk_size_1"
"CPU_Elastic","COMPUTE","node_740 (view)","VIEW","",-1,16,-1,2048,1,1,1,8192,0.000521,1,"chunk_size_1"
"CPU_Elastic","COMPUTE","node_740 (view)","VIEW","",-1,17,-1,2048,1,1,1,8192,0.000417,1,"chunk_size_1"
"CPU_Elastic","COMPUTE","node_740 (view)","VIEW","",-1,18,-1,2048,1,1,1,8192,0.000416,1,"chunk_size_1"
"CPU_Elastic","COMPUTE","node_740 (view)","VIEW","",-1,19,-1,2048,1,1,1,8192,0.000468,1,"chunk_size_1"
"CPU_Elastic","COMPUTE","node_740 (view)","VIEW","",-1,20,-1,2048,1,1,1,8192,0.000469,1,"chunk_size_1"
"CPU_Elastic","COMPUTE","node_749","ADD","",-1,21,-1,2048,1,1,1,8192,0.004480,1,"chunk_size_1"
"CPU_Elastic","COMPUTE","node_750","ADD","",-1,22,-1,2048,1,1,1,8192,0.005261,1,"chunk_size_1"
"CPU_Elastic","COMPUTE","node_751","ADD","",-1,23,-1,2048,1,1,1,8192,0.005209,1,"chunk_size_1"
"CPU_Elastic","COMPUTE","node_752","ADD","",-1,24,-1,2048,1,1,1,8192,0.005052,1,"chunk_size_1"
"CPU_Elastic","COMPUTE","node_753","ADD","",-1,25,-1,2048,1,1,1,8192,0.005573,1,"chunk_size_1"
"CPU_Elastic","COMPUTE","node_754","ADD","",-1,26,-1,2048,1,1,1,8192,0.003959,1,"chunk_size_1"
"CPU_Elastic","COMPUTE","ffn_moe_out-11","ADD","",-1,27,-1,2048,1,1,1,8192,0.005417,1,"chunk_size_1"
"CPU_Elastic","COMPUTE","l_out-11","ADD","",-1,28,-1,2048,1,1,1,8192,0.004271,1,"chunk_size_1"
"CPU_Elastic","COMPUTE_GRAPH","ggml_cgraph","GRAPH","",-1,29,-1,0,0,0,0,0,1.337293,1,"delegate_cpu_graph"
"CPU_Elastic","COMPUTE","attn_norm-12","MUL","",-1,0,-1,2048,1,1,1,8192,0.005313,1,"chunk_size_1"
"CPU_Elastic","COMPUTE","Qcur-12","MUL_MAT","",-1,1,-1,2048,1,1,1,8192,0.099687,1,"chunk_size_1"
"CPU_Elastic","COMPUTE_GRAPH","ggml_cgraph","GRAPH","",-1,2,-1,0,0,0,0,0,0.105000,1,"delegate_cpu_graph"
"CPU_Elastic","COMPUTE","Qcur_normed-12","MUL","",-1,0,-1,2048,1,1,1,8192,0.005469,1,"chunk_size_1"
"CPU_Elastic","COMPUTE","Qcur_normed-12 (reshaped)","RESHAPE","",-1,1,-1,128,16,1,1,8192,0.000572,1,"chunk_size_1"
"CPU_Elastic","COMPUTE","Qcur-12","ROPE","",-1,2,-1,128,16,1,1,8192,0.006042,1,"chunk_size_1"
"CPU_Elastic","COMPUTE","Kcur-12","MUL_MAT","",-1,3,-1,2048,1,1,1,8192,0.099323,1,"chunk_size_1"
"CPU_Elastic","COMPUTE_GRAPH","ggml_cgraph","GRAPH","",-1,4,-1,0,0,0,0,0,0.111406,1,"delegate_cpu_graph"
"CPU_Elastic","COMPUTE","Kcur_normed-12","MUL","",-1,0,-1,2048,1,1,1,8192,0.005573,1,"chunk_size_1"
"CPU_Elastic","COMPUTE","Kcur_normed-12 (reshaped)","RESHAPE","",-1,1,-1,128,16,1,1,8192,0.000573,1,"chunk_size_1"
"CPU_Elastic","COMPUTE","Kcur-12","ROPE","",-1,2,-1,128,16,1,1,8192,0.005573,1,"chunk_size_1"
"CPU_Elastic","COMPUTE","Vcur-12","MUL_MAT","",-1,3,-1,2048,1,1,1,8192,0.137968,1,"chunk_size_1"
"CPU_Elastic","COMPUTE","Vcur-12","RESHAPE","",-1,4,-1,128,16,1,1,8192,0.000572,1,"chunk_size_1"
"CPU_Elastic","COMPUTE","Kcur-12 (view)","VIEW","",-1,5,-1,2048,1,1,1,8192,0.000469,1,"chunk_size_1"
"CPU_Elastic","COMPUTE","cache_k_l12 (view)","SET_ROWS","",-1,6,-1,2048,512,1,1,2097152,0.001667,1,"chunk_size_1"
"CPU_Elastic","COMPUTE","Vcur-12 (view)","VIEW","",-1,7,-1,2048,1,1,1,8192,0.000365,1,"chunk_size_1"
"CPU_Elastic","COMPUTE","cache_v_l12 (view)","SET_ROWS","",-1,8,-1,2048,512,1,1,2097152,0.001823,1,"chunk_size_1"
"CPU_Elastic","COMPUTE","cache_v_l12 (view)","VIEW","",-1,9,-1,128,16,256,1,1048576,0.000417,1,"chunk_size_1"
"CPU_Elastic","COMPUTE","cache_v_l12 (view) (permuted)","PERMUTE","",-1,10,-1,128,256,16,1,1048576,0.000469,1,"chunk_size_1"
"CPU_Elastic","COMPUTE","cache_v_l12 (view) (permuted) (transposed)","TRANSPOSE","",-1,11,-1,256,128,16,1,1048576,0.000417,1,"chunk_size_1"
"CPU_Elastic","COMPUTE","v_cont-12","CONT","",-1,12,-1,256,128,16,1,1048576,0.549844,1,"chunk_size_1"
"CPU_Elastic","COMPUTE","cache_k_l12 (view)","VIEW","",-1,13,-1,128,16,256,1,1048576,0.000521,1,"chunk_size_1"
"CPU_Elastic","COMPUTE","cache_k_l12 (view) (permuted)","PERMUTE","",-1,14,-1,128,256,16,1,1048576,0.000469,1,"chunk_size_1"
"CPU_Elastic","COMPUTE","Qcur-12 (view)","VIEW","",-1,15,-1,128,16,1,1,8192,0.000416,1,"chunk_size_1"
"CPU_Elastic","COMPUTE","Qcur-12 (view) (permuted)","PERMUTE","",-1,16,-1,128,1,16,1,8192,0.000573,1,"chunk_size_1"
"CPU_Elastic","COMPUTE","kq-12","MUL_MAT","",-1,17,-1,256,1,16,1,16384,0.038490,1,"chunk_size_1"
"CPU_Elastic","COMPUTE","kq_soft_max-12","SOFT_MAX","",-1,18,-1,256,1,16,1,16384,0.016354,1,"chunk_size_1"
"CPU_Elastic","COMPUTE","kqv-12","MUL_MAT","",-1,19,-1,128,1,16,1,8192,0.041250,1,"chunk_size_1"
"CPU_Elastic","COMPUTE","kqv-12 (permuted)","PERMUTE","",-1,20,-1,128,16,1,1,8192,0.000625,1,"chunk_size_1"
"CPU_Elastic","COMPUTE","kqv_out-12","CONT","",-1,21,-1,2048,1,1,1,8192,0.004636,1,"chunk_size_1"
"CPU_Elastic","COMPUTE","node_788","MUL_MAT","",-1,22,-1,2048,1,1,1,8192,0.099792,1,"chunk_size_1"
"CPU_Elastic","COMPUTE","ffn_inp-12","ADD","",-1,23,-1,2048,1,1,1,8192,0.004322,1,"chunk_size_1"
"CPU_Elastic","COMPUTE_GRAPH","ggml_cgraph","GRAPH","",-1,24,-1,0,0,0,0,0,0.913178,1,"delegate_cpu_graph"
"CPU_Elastic","COMPUTE","ffn_norm-12","MUL","",-1,0,-1,2048,1,1,1,8192,0.005104,1,"chunk_size_1"
"CPU_Elastic","COMPUTE","ffn_moe_logits-12","MUL_MAT","",-1,1,-1,64,1,1,1,256,0.014896,1,"chunk_size_1"
"CPU_Elastic","COMPUTE","ffn_moe_probs-12","SOFT_MAX","",-1,2,-1,64,1,1,1,256,0.000885,1,"chunk_size_1"
"CPU_Elastic","COMPUTE","ffn_moe_probs-12 (reshaped)","RESHAPE","",-1,3,-1,1,64,1,1,256,0.000417,1,"chunk_size_1"
"CPU_Elastic","COMPUTE","ffn_moe_argsort-12","ARGSORT","",-1,4,-1,64,1,1,1,256,0.011303,1,"chunk_size_1"
"CPU_Elastic","COMPUTE","ffn_moe_topk-12","VIEW","",-1,5,-1,8,1,1,1,32,0.000625,1,"chunk_size_1"
"CPU_Elastic","COMPUTE","ffn_moe_weights-12","GET_ROWS","",-1,6,-1,1,8,1,1,32,0.000521,1,"chunk_size_1"
"CPU_Elastic","COMPUTE","ffn_norm-12 (reshaped)","RESHAPE","",-1,7,-1,2048,1,1,1,8192,0.000469,1,"chunk_size_1"
"CPU_Elastic","COMPUTE","ffn_moe_gate-12","MUL_MAT_ID","",-1,8,-1,1024,8,1,1,32768,0.386875,1,"chunk_size_1"
"CPU_Elastic","COMPUTE","ffn_moe_up-12","MUL_MAT_ID","",-1,9,-1,1024,8,1,1,32768,0.392031,1,"chunk_size_1"
"CPU_Elastic","COMPUTE","ffn_moe_weighted-12","GLU","",-1,10,-1,1024,8,1,1,32768,0.027396,1,"chunk_size_1"
"CPU_Elastic","COMPUTE","ffn_moe_down-12","MUL_MAT_ID","",-1,11,-1,2048,8,1,1,65536,0.600417,1,"chunk_size_1"
"CPU_Elastic","COMPUTE","node_803","MUL","",-1,12,-1,2048,8,1,1,65536,0.031562,1,"chunk_size_1"
"CPU_Elastic","COMPUTE"," (view)","VIEW","",-1,13,-1,2048,1,1,1,8192,0.000573,1,"chunk_size_1"
"CPU_Elastic","COMPUTE","node_803 (view)","VIEW","",-1,14,-1,2048,1,1,1,8192,0.000469,1,"chunk_size_1"
"CPU_Elastic","COMPUTE","node_803 (view)","VIEW","",-1,15,-1,2048,1,1,1,8192,0.000417,1,"chunk_size_1"
"CPU_Elastic","COMPUTE","node_803 (view)","VIEW","",-1,16,-1,2048,1,1,1,8192,0.000417,1,"chunk_size_1"
"CPU_Elastic","COMPUTE","node_803 (view)","VIEW","",-1,17,-1,2048,1,1,1,8192,0.000521,1,"chunk_size_1"
"CPU_Elastic","COMPUTE","node_803 (view)","VIEW","",-1,18,-1,2048,1,1,1,8192,0.000417,1,"chunk_size_1"
"CPU_Elastic","COMPUTE","node_803 (view)","VIEW","",-1,19,-1,2048,1,1,1,8192,0.000417,1,"chunk_size_1"
"CPU_Elastic","COMPUTE","node_803 (view)","VIEW","",-1,20,-1,2048,1,1,1,8192,0.000365,1,"chunk_size_1"
"CPU_Elastic","COMPUTE","node_812","ADD","",-1,21,-1,2048,1,1,1,8192,0.004063,1,"chunk_size_1"
"CPU_Elastic","COMPUTE","node_813","ADD","",-1,22,-1,2048,1,1,1,8192,0.004896,1,"chunk_size_1"
"CPU_Elastic","COMPUTE","node_814","ADD","",-1,23,-1,2048,1,1,1,8192,0.005052,1,"chunk_size_1"
"CPU_Elastic","COMPUTE","node_815","ADD","",-1,24,-1,2048,1,1,1,8192,0.004636,1,"chunk_size_1"
"CPU_Elastic","COMPUTE","node_816","ADD","",-1,25,-1,2048,1,1,1,8192,0.004375,1,"chunk_size_1"
"CPU_Elastic","COMPUTE","node_817","ADD","",-1,26,-1,2048,1,1,1,8192,0.003802,1,"chunk_size_1"
"CPU_Elastic","COMPUTE","ffn_moe_out-12","ADD","",-1,27,-1,2048,1,1,1,8192,0.004635,1,"chunk_size_1"
"CPU_Elastic","COMPUTE","l_out-12","ADD","",-1,28,-1,2048,1,1,1,8192,0.004271,1,"chunk_size_1"
"CPU_Elastic","COMPUTE_GRAPH","ggml_cgraph","GRAPH","",-1,29,-1,0,0,0,0,0,1.511827,1,"delegate_cpu_graph"
"CPU_Elastic","COMPUTE","attn_norm-13","MUL","",-1,0,-1,2048,1,1,1,8192,0.005261,1,"chunk_size_1"
"CPU_Elastic","COMPUTE","Qcur-13","MUL_MAT","",-1,1,-1,2048,1,1,1,8192,0.100573,1,"chunk_size_1"
"CPU_Elastic","COMPUTE_GRAPH","ggml_cgraph","GRAPH","",-1,2,-1,0,0,0,0,0,0.105834,1,"delegate_cpu_graph"
"CPU_Elastic","COMPUTE","Qcur_normed-13","MUL","",-1,0,-1,2048,1,1,1,8192,0.005469,1,"chunk_size_1"
"CPU_Elastic","COMPUTE","Qcur_normed-13 (reshaped)","RESHAPE","",-1,1,-1,128,16,1,1,8192,0.000573,1,"chunk_size_1"
"CPU_Elastic","COMPUTE","Qcur-13","ROPE","",-1,2,-1,128,16,1,1,8192,0.005989,1,"chunk_size_1"
"CPU_Elastic","COMPUTE","Kcur-13","MUL_MAT","",-1,3,-1,2048,1,1,1,8192,0.098594,1,"chunk_size_1"
"CPU_Elastic","COMPUTE_GRAPH","ggml_cgraph","GRAPH","",-1,4,-1,0,0,0,0,0,0.110625,1,"delegate_cpu_graph"
"CPU_Elastic","COMPUTE","Kcur_normed-13","MUL","",-1,0,-1,2048,1,1,1,8192,0.005053,1,"chunk_size_1"
"CPU_Elastic","COMPUTE","Kcur_normed-13 (reshaped)","RESHAPE","",-1,1,-1,128,16,1,1,8192,0.000521,1,"chunk_size_1"
"CPU_Elastic","COMPUTE","Kcur-13","ROPE","",-1,2,-1,128,16,1,1,8192,0.005209,1,"chunk_size_1"
"CPU_Elastic","COMPUTE","Vcur-13","MUL_MAT","",-1,3,-1,2048,1,1,1,8192,0.150937,1,"chunk_size_1"
"CPU_Elastic","COMPUTE","Vcur-13","RESHAPE","",-1,4,-1,128,16,1,1,8192,0.000573,1,"chunk_size_1"
"CPU_Elastic","COMPUTE","Kcur-13 (view)","VIEW","",-1,5,-1,2048,1,1,1,8192,0.000521,1,"chunk_size_1"
"CPU_Elastic","COMPUTE","cache_k_l13 (view)","SET_ROWS","",-1,6,-1,2048,512,1,1,2097152,0.001667,1,"chunk_size_1"
"CPU_Elastic","COMPUTE","Vcur-13 (view)","VIEW","",-1,7,-1,2048,1,1,1,8192,0.000417,1,"chunk_size_1"
"CPU_Elastic","COMPUTE","cache_v_l13 (view)","SET_ROWS","",-1,8,-1,2048,512,1,1,2097152,0.001719,1,"chunk_size_1"
"CPU_Elastic","COMPUTE","cache_v_l13 (view)","VIEW","",-1,9,-1,128,16,256,1,1048576,0.000469,1,"chunk_size_1"
"CPU_Elastic","COMPUTE","cache_v_l13 (view) (permuted)","PERMUTE","",-1,10,-1,128,256,16,1,1048576,0.000417,1,"chunk_size_1"
"CPU_Elastic","COMPUTE","cache_v_l13 (view) (permuted) (transposed)","TRANSPOSE","",-1,11,-1,256,128,16,1,1048576,0.000364,1,"chunk_size_1"
"CPU_Elastic","COMPUTE","v_cont-13","CONT","",-1,12,-1,256,128,16,1,1048576,0.550834,1,"chunk_size_1"
"CPU_Elastic","COMPUTE","cache_k_l13 (view)","VIEW","",-1,13,-1,128,16,256,1,1048576,0.000572,1,"chunk_size_1"
"CPU_Elastic","COMPUTE","cache_k_l13 (view) (permuted)","PERMUTE","",-1,14,-1,128,256,16,1,1048576,0.000416,1,"chunk_size_1"
"CPU_Elastic","COMPUTE","Qcur-13 (view)","VIEW","",-1,15,-1,128,16,1,1,8192,0.000417,1,"chunk_size_1"
"CPU_Elastic","COMPUTE","Qcur-13 (view) (permuted)","PERMUTE","",-1,16,-1,128,1,16,1,8192,0.000417,1,"chunk_size_1"
"CPU_Elastic","COMPUTE","kq-13","MUL_MAT","",-1,17,-1,256,1,16,1,16384,0.040105,1,"chunk_size_1"
"CPU_Elastic","COMPUTE","kq_soft_max-13","SOFT_MAX","",-1,18,-1,256,1,16,1,16384,0.016719,1,"chunk_size_1"
"CPU_Elastic","COMPUTE","kqv-13","MUL_MAT","",-1,19,-1,128,1,16,1,8192,0.054843,1,"chunk_size_1"
"CPU_Elastic","COMPUTE","kqv-13 (permuted)","PERMUTE","",-1,20,-1,128,16,1,1,8192,0.000469,1,"chunk_size_1"
"CPU_Elastic","COMPUTE","kqv_out-13","CONT","",-1,21,-1,2048,1,1,1,8192,0.005469,1,"chunk_size_1"
"CPU_Elastic","COMPUTE","node_851","MUL_MAT","",-1,22,-1,2048,1,1,1,8192,0.100156,1,"chunk_size_1"
"CPU_Elastic","COMPUTE","ffn_inp-13","ADD","",-1,23,-1,2048,1,1,1,8192,0.004011,1,"chunk_size_1"
"CPU_Elastic","COMPUTE_GRAPH","ggml_cgraph","GRAPH","",-1,24,-1,0,0,0,0,0,0.942295,1,"delegate_cpu_graph"
"CPU_Elastic","COMPUTE","ffn_norm-13","MUL","",-1,0,-1,2048,1,1,1,8192,0.005365,1,"chunk_size_1"
"CPU_Elastic","COMPUTE","ffn_moe_logits-13","MUL_MAT","",-1,1,-1,64,1,1,1,256,0.016042,1,"chunk_size_1"
"CPU_Elastic","COMPUTE","ffn_moe_probs-13","SOFT_MAX","",-1,2,-1,64,1,1,1,256,0.000990,1,"chunk_size_1"
"CPU_Elastic","COMPUTE","ffn_moe_probs-13 (reshaped)","RESHAPE","",-1,3,-1,1,64,1,1,256,0.000416,1,"chunk_size_1"
"CPU_Elastic","COMPUTE","ffn_moe_argsort-13","ARGSORT","",-1,4,-1,64,1,1,1,256,0.011510,1,"chunk_size_1"
"CPU_Elastic","COMPUTE","ffn_moe_topk-13","VIEW","",-1,5,-1,8,1,1,1,32,0.000573,1,"chunk_size_1"
"CPU_Elastic","COMPUTE","ffn_moe_weights-13","GET_ROWS","",-1,6,-1,1,8,1,1,32,0.000625,1,"chunk_size_1"
"CPU_Elastic","COMPUTE","ffn_norm-13 (reshaped)","RESHAPE","",-1,7,-1,2048,1,1,1,8192,0.000417,1,"chunk_size_1"
"CPU_Elastic","COMPUTE","ffn_moe_gate-13","MUL_MAT_ID","",-1,8,-1,1024,8,1,1,32768,0.385833,1,"chunk_size_1"
"CPU_Elastic","COMPUTE","ffn_moe_up-13","MUL_MAT_ID","",-1,9,-1,1024,8,1,1,32768,0.392760,1,"chunk_size_1"
"CPU_Elastic","COMPUTE","ffn_moe_weighted-13","GLU","",-1,10,-1,1024,8,1,1,32768,0.026250,1,"chunk_size_1"
"CPU_Elastic","COMPUTE","ffn_moe_down-13","MUL_MAT_ID","",-1,11,-1,2048,8,1,1,65536,0.554375,1,"chunk_size_1"
"CPU_Elastic","COMPUTE","node_866","MUL","",-1,12,-1,2048,8,1,1,65536,0.030313,1,"chunk_size_1"
"CPU_Elastic","COMPUTE"," (view)","VIEW","",-1,13,-1,2048,1,1,1,8192,0.000625,1,"chunk_size_1"
"CPU_Elastic","COMPUTE","node_866 (view)","VIEW","",-1,14,-1,2048,1,1,1,8192,0.000573,1,"chunk_size_1"
"CPU_Elastic","COMPUTE","node_866 (view)","VIEW","",-1,15,-1,2048,1,1,1,8192,0.000416,1,"chunk_size_1"
"CPU_Elastic","COMPUTE","node_866 (view)","VIEW","",-1,16,-1,2048,1,1,1,8192,0.000417,1,"chunk_size_1"
"CPU_Elastic","COMPUTE","node_866 (view)","VIEW","",-1,17,-1,2048,1,1,1,8192,0.000364,1,"chunk_size_1"
"CPU_Elastic","COMPUTE","node_866 (view)","VIEW","",-1,18,-1,2048,1,1,1,8192,0.000521,1,"chunk_size_1"
"CPU_Elastic","COMPUTE","node_866 (view)","VIEW","",-1,19,-1,2048,1,1,1,8192,0.000416,1,"chunk_size_1"
"CPU_Elastic","COMPUTE","node_866 (view)","VIEW","",-1,20,-1,2048,1,1,1,8192,0.000468,1,"chunk_size_1"
"CPU_Elastic","COMPUTE","node_875","ADD","",-1,21,-1,2048,1,1,1,8192,0.005729,1,"chunk_size_1"
"CPU_Elastic","COMPUTE","node_876","ADD","",-1,22,-1,2048,1,1,1,8192,0.004583,1,"chunk_size_1"
"CPU_Elastic","COMPUTE","node_877","ADD","",-1,23,-1,2048,1,1,1,8192,0.004687,1,"chunk_size_1"
"CPU_Elastic","COMPUTE","node_878","ADD","",-1,24,-1,2048,1,1,1,8192,0.005521,1,"chunk_size_1"
"CPU_Elastic","COMPUTE","node_879","ADD","",-1,25,-1,2048,1,1,1,8192,0.005052,1,"chunk_size_1"
"CPU_Elastic","COMPUTE","node_880","ADD","",-1,26,-1,2048,1,1,1,8192,0.004583,1,"chunk_size_1"
"CPU_Elastic","COMPUTE","ffn_moe_out-13","ADD","",-1,27,-1,2048,1,1,1,8192,0.003698,1,"chunk_size_1"
"CPU_Elastic","COMPUTE","l_out-13","ADD","",-1,28,-1,2048,1,1,1,8192,0.005000,1,"chunk_size_1"
"CPU_Elastic","COMPUTE_GRAPH","ggml_cgraph","GRAPH","",-1,29,-1,0,0,0,0,0,1.468122,1,"delegate_cpu_graph"
"CPU_Elastic","COMPUTE","attn_norm-14","MUL","",-1,0,-1,2048,1,1,1,8192,0.006094,1,"chunk_size_1"
"CPU_Elastic","COMPUTE","Qcur-14","MUL_MAT","",-1,1,-1,2048,1,1,1,8192,0.101979,1,"chunk_size_1"
"CPU_Elastic","COMPUTE_GRAPH","ggml_cgraph","GRAPH","",-1,2,-1,0,0,0,0,0,0.108073,1,"delegate_cpu_graph"
"CPU_Elastic","COMPUTE","Qcur_normed-14","MUL","",-1,0,-1,2048,1,1,1,8192,0.005625,1,"chunk_size_1"
"CPU_Elastic","COMPUTE","Qcur_normed-14 (reshaped)","RESHAPE","",-1,1,-1,128,16,1,1,8192,0.000625,1,"chunk_size_1"
"CPU_Elastic","COMPUTE","Qcur-14","ROPE","",-1,2,-1,128,16,1,1,8192,0.026250,1,"chunk_size_1"
"CPU_Elastic","COMPUTE","Kcur-14","MUL_MAT","",-1,3,-1,2048,1,1,1,8192,0.098229,1,"chunk_size_1"
"CPU_Elastic","COMPUTE_GRAPH","ggml_cgraph","GRAPH","",-1,4,-1,0,0,0,0,0,0.130729,1,"delegate_cpu_graph"
"CPU_Elastic","COMPUTE","Kcur_normed-14","MUL","",-1,0,-1,2048,1,1,1,8192,0.004896,1,"chunk_size_1"
"CPU_Elastic","COMPUTE","Kcur_normed-14 (reshaped)","RESHAPE","",-1,1,-1,128,16,1,1,8192,0.000521,1,"chunk_size_1"
"CPU_Elastic","COMPUTE","Kcur-14","ROPE","",-1,2,-1,128,16,1,1,8192,0.005521,1,"chunk_size_1"
"CPU_Elastic","COMPUTE","Vcur-14","MUL_MAT","",-1,3,-1,2048,1,1,1,8192,0.142813,1,"chunk_size_1"
"CPU_Elastic","COMPUTE","Vcur-14","RESHAPE","",-1,4,-1,128,16,1,1,8192,0.000520,1,"chunk_size_1"
"CPU_Elastic","COMPUTE","Kcur-14 (view)","VIEW","",-1,5,-1,2048,1,1,1,8192,0.000417,1,"chunk_size_1"
"CPU_Elastic","COMPUTE","cache_k_l14 (view)","SET_ROWS","",-1,6,-1,2048,512,1,1,2097152,0.001927,1,"chunk_size_1"
"CPU_Elastic","COMPUTE","Vcur-14 (view)","VIEW","",-1,7,-1,2048,1,1,1,8192,0.000469,1,"chunk_size_1"
"CPU_Elastic","COMPUTE","cache_v_l14 (view)","SET_ROWS","",-1,8,-1,2048,512,1,1,2097152,0.001771,1,"chunk_size_1"
"CPU_Elastic","COMPUTE","cache_v_l14 (view)","VIEW","",-1,9,-1,128,16,256,1,1048576,0.000417,1,"chunk_size_1"
"CPU_Elastic","COMPUTE","cache_v_l14 (view) (permuted)","PERMUTE","",-1,10,-1,128,256,16,1,1048576,0.000573,1,"chunk_size_1"
"CPU_Elastic","COMPUTE","cache_v_l14 (view) (permuted) (transposed)","TRANSPOSE","",-1,11,-1,256,128,16,1,1048576,0.000416,1,"chunk_size_1"
"CPU_Elastic","COMPUTE","v_cont-14","CONT","",-1,12,-1,256,128,16,1,1048576,0.550156,1,"chunk_size_1"
"CPU_Elastic","COMPUTE","cache_k_l14 (view)","VIEW","",-1,13,-1,128,16,256,1,1048576,0.000469,1,"chunk_size_1"
"CPU_Elastic","COMPUTE","cache_k_l14 (view) (permuted)","PERMUTE","",-1,14,-1,128,256,16,1,1048576,0.000521,1,"chunk_size_1"
"CPU_Elastic","COMPUTE","Qcur-14 (view)","VIEW","",-1,15,-1,128,16,1,1,8192,0.000416,1,"chunk_size_1"
"CPU_Elastic","COMPUTE","Qcur-14 (view) (permuted)","PERMUTE","",-1,16,-1,128,1,16,1,8192,0.000417,1,"chunk_size_1"
"CPU_Elastic","COMPUTE","kq-14","MUL_MAT","",-1,17,-1,256,1,16,1,16384,0.038698,1,"chunk_size_1"
"CPU_Elastic","COMPUTE","kq_soft_max-14","SOFT_MAX","",-1,18,-1,256,1,16,1,16384,0.017552,1,"chunk_size_1"
"CPU_Elastic","COMPUTE","kqv-14","MUL_MAT","",-1,19,-1,128,1,16,1,8192,0.054271,1,"chunk_size_1"
"CPU_Elastic","COMPUTE","kqv-14 (permuted)","PERMUTE","",-1,20,-1,128,16,1,1,8192,0.000521,1,"chunk_size_1"
"CPU_Elastic","COMPUTE","kqv_out-14","CONT","",-1,21,-1,2048,1,1,1,8192,0.004792,1,"chunk_size_1"
"CPU_Elastic","COMPUTE","node_914","MUL_MAT","",-1,22,-1,2048,1,1,1,8192,0.099584,1,"chunk_size_1"
"CPU_Elastic","COMPUTE","ffn_inp-14","ADD","",-1,23,-1,2048,1,1,1,8192,0.004167,1,"chunk_size_1"
"CPU_Elastic","COMPUTE_GRAPH","ggml_cgraph","GRAPH","",-1,24,-1,0,0,0,0,0,0.931825,1,"delegate_cpu_graph"
"CPU_Elastic","COMPUTE","ffn_norm-14","MUL","",-1,0,-1,2048,1,1,1,8192,0.005104,1,"chunk_size_1"
"CPU_Elastic","COMPUTE","ffn_moe_logits-14","MUL_MAT","",-1,1,-1,64,1,1,1,256,0.014896,1,"chunk_size_1"
"CPU_Elastic","COMPUTE","ffn_moe_probs-14","SOFT_MAX","",-1,2,-1,64,1,1,1,256,0.000885,1,"chunk_size_1"
"CPU_Elastic","COMPUTE","ffn_moe_probs-14 (reshaped)","RESHAPE","",-1,3,-1,1,64,1,1,256,0.000573,1,"chunk_size_1"
"CPU_Elastic","COMPUTE","ffn_moe_argsort-14","ARGSORT","",-1,4,-1,64,1,1,1,256,0.010885,1,"chunk_size_1"
"CPU_Elastic","COMPUTE","ffn_moe_topk-14","VIEW","",-1,5,-1,8,1,1,1,32,0.000573,1,"chunk_size_1"
"CPU_Elastic","COMPUTE","ffn_moe_weights-14","GET_ROWS","",-1,6,-1,1,8,1,1,32,0.000573,1,"chunk_size_1"
"CPU_Elastic","COMPUTE","ffn_norm-14 (reshaped)","RESHAPE","",-1,7,-1,2048,1,1,1,8192,0.000521,1,"chunk_size_1"
"CPU_Elastic","COMPUTE","ffn_moe_gate-14","MUL_MAT_ID","",-1,8,-1,1024,8,1,1,32768,0.385364,1,"chunk_size_1"
"CPU_Elastic","COMPUTE","ffn_moe_up-14","MUL_MAT_ID","",-1,9,-1,1024,8,1,1,32768,0.397240,1,"chunk_size_1"
"CPU_Elastic","COMPUTE","ffn_moe_weighted-14","GLU","",-1,10,-1,1024,8,1,1,32768,0.027760,1,"chunk_size_1"
"CPU_Elastic","COMPUTE","ffn_moe_down-14","MUL_MAT_ID","",-1,11,-1,2048,8,1,1,65536,0.553125,1,"chunk_size_1"
"CPU_Elastic","COMPUTE","node_929","MUL","",-1,12,-1,2048,8,1,1,65536,0.029271,1,"chunk_size_1"
"CPU_Elastic","COMPUTE"," (view)","VIEW","",-1,13,-1,2048,1,1,1,8192,0.000521,1,"chunk_size_1"
"CPU_Elastic","COMPUTE","node_929 (view)","VIEW","",-1,14,-1,2048,1,1,1,8192,0.000417,1,"chunk_size_1"
"CPU_Elastic","COMPUTE","node_929 (view)","VIEW","",-1,15,-1,2048,1,1,1,8192,0.000521,1,"chunk_size_1"
"CPU_Elastic","COMPUTE","node_929 (view)","VIEW","",-1,16,-1,2048,1,1,1,8192,0.000364,1,"chunk_size_1"
"CPU_Elastic","COMPUTE","node_929 (view)","VIEW","",-1,17,-1,2048,1,1,1,8192,0.000417,1,"chunk_size_1"
"CPU_Elastic","COMPUTE","node_929 (view)","VIEW","",-1,18,-1,2048,1,1,1,8192,0.000417,1,"chunk_size_1"
"CPU_Elastic","COMPUTE","node_929 (view)","VIEW","",-1,19,-1,2048,1,1,1,8192,0.000521,1,"chunk_size_1"
"CPU_Elastic","COMPUTE","node_929 (view)","VIEW","",-1,20,-1,2048,1,1,1,8192,0.000469,1,"chunk_size_1"
"CPU_Elastic","COMPUTE","node_938","ADD","",-1,21,-1,2048,1,1,1,8192,0.004584,1,"chunk_size_1"
"CPU_Elastic","COMPUTE","node_939","ADD","",-1,22,-1,2048,1,1,1,8192,0.005678,1,"chunk_size_1"
"CPU_Elastic","COMPUTE","node_940","ADD","",-1,23,-1,2048,1,1,1,8192,0.004740,1,"chunk_size_1"
"CPU_Elastic","COMPUTE","node_941","ADD","",-1,24,-1,2048,1,1,1,8192,0.004218,1,"chunk_size_1"
"CPU_Elastic","COMPUTE","node_942","ADD","",-1,25,-1,2048,1,1,1,8192,0.005313,1,"chunk_size_1"
"CPU_Elastic","COMPUTE","node_943","ADD","",-1,26,-1,2048,1,1,1,8192,0.005468,1,"chunk_size_1"
"CPU_Elastic","COMPUTE","ffn_moe_out-14","ADD","",-1,27,-1,2048,1,1,1,8192,0.003803,1,"chunk_size_1"
"CPU_Elastic","COMPUTE","l_out-14","ADD","",-1,28,-1,2048,1,1,1,8192,0.004479,1,"chunk_size_1"
"CPU_Elastic","COMPUTE_GRAPH","ggml_cgraph","GRAPH","",-1,29,-1,0,0,0,0,0,1.468700,1,"delegate_cpu_graph"
"CPU_Elastic","COMPUTE","attn_norm-15","MUL","",-1,0,-1,2048,1,1,1,8192,0.004843,1,"chunk_size_1"
"CPU_Elastic","COMPUTE","Qcur-15","MUL_MAT","",-1,1,-1,2048,1,1,1,8192,0.099375,1,"chunk_size_1"
"CPU_Elastic","COMPUTE_GRAPH","ggml_cgraph","GRAPH","",-1,2,-1,0,0,0,0,0,0.104218,1,"delegate_cpu_graph"
"CPU_Elastic","COMPUTE","Qcur_normed-15","MUL","",-1,0,-1,2048,1,1,1,8192,0.006094,1,"chunk_size_1"
"CPU_Elastic","COMPUTE","Qcur_normed-15 (reshaped)","RESHAPE","",-1,1,-1,128,16,1,1,8192,0.000520,1,"chunk_size_1"
"CPU_Elastic","COMPUTE","Qcur-15","ROPE","",-1,2,-1,128,16,1,1,8192,0.006459,1,"chunk_size_1"
"CPU_Elastic","COMPUTE","Kcur-15","MUL_MAT","",-1,3,-1,2048,1,1,1,8192,0.099271,1,"chunk_size_1"
"CPU_Elastic","COMPUTE_GRAPH","ggml_cgraph","GRAPH","",-1,4,-1,0,0,0,0,0,0.112344,1,"delegate_cpu_graph"
"CPU_Elastic","COMPUTE","Kcur_normed-15","MUL","",-1,0,-1,2048,1,1,1,8192,0.005625,1,"chunk_size_1"
"CPU_Elastic","COMPUTE","Kcur_normed-15 (reshaped)","RESHAPE","",-1,1,-1,128,16,1,1,8192,0.000573,1,"chunk_size_1"
"CPU_Elastic","COMPUTE","Kcur-15","ROPE","",-1,2,-1,128,16,1,1,8192,0.004896,1,"chunk_size_1"
"CPU_Elastic","COMPUTE","Vcur-15","MUL_MAT","",-1,3,-1,2048,1,1,1,8192,0.152812,1,"chunk_size_1"
"CPU_Elastic","COMPUTE","Vcur-15","RESHAPE","",-1,4,-1,128,16,1,1,8192,0.000521,1,"chunk_size_1"
"CPU_Elastic","COMPUTE","Kcur-15 (view)","VIEW","",-1,5,-1,2048,1,1,1,8192,0.000469,1,"chunk_size_1"
"CPU_Elastic","COMPUTE","cache_k_l15 (view)","SET_ROWS","",-1,6,-1,2048,512,1,1,2097152,0.002032,1,"chunk_size_1"
"CPU_Elastic","COMPUTE","Vcur-15 (view)","VIEW","",-1,7,-1,2048,1,1,1,8192,0.000573,1,"chunk_size_1"
"CPU_Elastic","COMPUTE","cache_v_l15 (view)","SET_ROWS","",-1,8,-1,2048,512,1,1,2097152,0.001719,1,"chunk_size_1"
"CPU_Elastic","COMPUTE","cache_v_l15 (view)","VIEW","",-1,9,-1,128,16,256,1,1048576,0.000416,1,"chunk_size_1"
"CPU_Elastic","COMPUTE","cache_v_l15 (view) (permuted)","PERMUTE","",-1,10,-1,128,256,16,1,1048576,0.000521,1,"chunk_size_1"
"CPU_Elastic","COMPUTE","cache_v_l15 (view) (permuted) (transposed)","TRANSPOSE","",-1,11,-1,256,128,16,1,1048576,0.000573,1,"chunk_size_1"
"CPU_Elastic","COMPUTE","v_cont-15","CONT","",-1,12,-1,256,128,16,1,1048576,0.549115,1,"chunk_size_1"
"CPU_Elastic","COMPUTE","cache_k_l15 (view)","VIEW","",-1,13,-1,128,16,256,1,1048576,0.000468,1,"chunk_size_1"
"CPU_Elastic","COMPUTE","cache_k_l15 (view) (permuted)","PERMUTE","",-1,14,-1,128,256,16,1,1048576,0.000469,1,"chunk_size_1"
"CPU_Elastic","COMPUTE","Qcur-15 (view)","VIEW","",-1,15,-1,128,16,1,1,8192,0.000573,1,"chunk_size_1"
"CPU_Elastic","COMPUTE","Qcur-15 (view) (permuted)","PERMUTE","",-1,16,-1,128,1,16,1,8192,0.000417,1,"chunk_size_1"
"CPU_Elastic","COMPUTE","kq-15","MUL_MAT","",-1,17,-1,256,1,16,1,16384,0.057864,1,"chunk_size_1"
"CPU_Elastic","COMPUTE","kq_soft_max-15","SOFT_MAX","",-1,18,-1,256,1,16,1,16384,0.017187,1,"chunk_size_1"
"CPU_Elastic","COMPUTE","kqv-15","MUL_MAT","",-1,19,-1,128,1,16,1,8192,0.053906,1,"chunk_size_1"
"CPU_Elastic","COMPUTE","kqv-15 (permuted)","PERMUTE","",-1,20,-1,128,16,1,1,8192,0.000520,1,"chunk_size_1"
"CPU_Elastic","COMPUTE","kqv_out-15","CONT","",-1,21,-1,2048,1,1,1,8192,0.005156,1,"chunk_size_1"
"CPU_Elastic","COMPUTE","node_977","MUL_MAT","",-1,22,-1,2048,1,1,1,8192,0.102031,1,"chunk_size_1"
"CPU_Elastic","COMPUTE","node_978","GET_ROWS","",-1,23,-1,2048,1,1,1,8192,0.001093,1,"chunk_size_1"
"CPU_Elastic","COMPUTE","node_979","GET_ROWS","",-1,24,-1,2048,1,1,1,8192,0.001094,1,"chunk_size_1"
"CPU_Elastic","COMPUTE","ffn_inp-15","ADD","",-1,25,-1,2048,1,1,1,8192,0.004375,1,"chunk_size_1"
"CPU_Elastic","COMPUTE_GRAPH","ggml_cgraph","GRAPH","",-1,26,-1,0,0,0,0,0,0.964998,1,"delegate_cpu_graph"
"CPU_Elastic","COMPUTE","ffn_norm-15","MUL","",-1,0,-1,2048,1,1,1,8192,0.006250,1,"chunk_size_1"
"CPU_Elastic","COMPUTE","ffn_moe_logits-15","MUL_MAT","",-1,1,-1,64,1,1,1,256,0.029687,1,"chunk_size_1"
"CPU_Elastic","COMPUTE","ffn_moe_probs-15","SOFT_MAX","",-1,2,-1,64,1,1,1,256,0.001042,1,"chunk_size_1"
"CPU_Elastic","COMPUTE","ffn_moe_probs-15 (reshaped)","RESHAPE","",-1,3,-1,1,64,1,1,256,0.000417,1,"chunk_size_1"
"CPU_Elastic","COMPUTE","ffn_moe_argsort-15","ARGSORT","",-1,4,-1,64,1,1,1,256,0.010782,1,"chunk_size_1"
"CPU_Elastic","COMPUTE","ffn_moe_topk-15","VIEW","",-1,5,-1,8,1,1,1,32,0.000573,1,"chunk_size_1"
"CPU_Elastic","COMPUTE","ffn_moe_weights-15","GET_ROWS","",-1,6,-1,1,8,1,1,32,0.000625,1,"chunk_size_1"
"CPU_Elastic","COMPUTE","ffn_norm-15 (reshaped)","RESHAPE","",-1,7,-1,2048,1,1,1,8192,0.000416,1,"chunk_size_1"
"CPU_Elastic","COMPUTE","ffn_moe_gate-15","MUL_MAT_ID","",-1,8,-1,1024,8,1,1,32768,0.385625,1,"chunk_size_1"
"CPU_Elastic","COMPUTE","ffn_moe_up-15","MUL_MAT_ID","",-1,9,-1,1024,8,1,1,32768,0.396146,1,"chunk_size_1"
"CPU_Elastic","COMPUTE","ffn_moe_weighted-15","GLU","",-1,10,-1,1024,8,1,1,32768,0.027813,1,"chunk_size_1"
"CPU_Elastic","COMPUTE","ffn_moe_down-15","MUL_MAT_ID","",-1,11,-1,2048,8,1,1,65536,0.551458,1,"chunk_size_1"
"CPU_Elastic","COMPUTE","node_994","MUL","",-1,12,-1,2048,8,1,1,65536,0.029740,1,"chunk_size_1"
"CPU_Elastic","COMPUTE"," (view)","VIEW","",-1,13,-1,2048,1,1,1,8192,0.000520,1,"chunk_size_1"
"CPU_Elastic","COMPUTE","node_994 (view)","VIEW","",-1,14,-1,2048,1,1,1,8192,0.000521,1,"chunk_size_1"
"CPU_Elastic","COMPUTE","node_994 (view)","VIEW","",-1,15,-1,2048,1,1,1,8192,0.000417,1,"chunk_size_1"
"CPU_Elastic","COMPUTE","node_994 (view)","VIEW","",-1,16,-1,2048,1,1,1,8192,0.000365,1,"chunk_size_1"
"CPU_Elastic","COMPUTE","node_994 (view)","VIEW","",-1,17,-1,2048,1,1,1,8192,0.000469,1,"chunk_size_1"
"CPU_Elastic","COMPUTE","node_994 (view)","VIEW","",-1,18,-1,2048,1,1,1,8192,0.000520,1,"chunk_size_1"
"CPU_Elastic","COMPUTE","node_994 (view)","VIEW","",-1,19,-1,2048,1,1,1,8192,0.000417,1,"chunk_size_1"
"CPU_Elastic","COMPUTE","node_994 (view)","VIEW","",-1,20,-1,2048,1,1,1,8192,0.000469,1,"chunk_size_1"
"CPU_Elastic","COMPUTE","node_1003","ADD","",-1,21,-1,2048,1,1,1,8192,0.004739,1,"chunk_size_1"
"CPU_Elastic","COMPUTE","node_1004","ADD","",-1,22,-1,2048,1,1,1,8192,0.005469,1,"chunk_size_1"
"CPU_Elastic","COMPUTE","node_1005","ADD","",-1,23,-1,2048,1,1,1,8192,0.003854,1,"chunk_size_1"
"CPU_Elastic","COMPUTE","node_1006","ADD","",-1,24,-1,2048,1,1,1,8192,0.004583,1,"chunk_size_1"
"CPU_Elastic","COMPUTE","node_1007","ADD","",-1,25,-1,2048,1,1,1,8192,0.004166,1,"chunk_size_1"
"CPU_Elastic","COMPUTE","node_1008","ADD","",-1,26,-1,2048,1,1,1,8192,0.004115,1,"chunk_size_1"
"CPU_Elastic","COMPUTE","ffn_moe_out-15","ADD","",-1,27,-1,2048,1,1,1,8192,0.004427,1,"chunk_size_1"
"CPU_Elastic","COMPUTE","l_out-15","ADD","",-1,28,-1,2048,1,1,1,8192,0.005572,1,"chunk_size_1"
"CPU_Elastic","COMPUTE","norm","RMS_NORM","",-1,29,-1,2048,1,1,1,8192,0.006771,1,"chunk_size_1"
"CPU_Elastic","COMPUTE","result_norm","MUL","",-1,30,-1,2048,1,1,1,8192,0.005886,1,"chunk_size_1"
"CPU_Elastic","COMPUTE","result_output","MUL_MAT","",-1,31,-1,50304,1,1,1,201216,3.093125,1,"chunk_size_1"
"CPU_Elastic","COMPUTE_GRAPH","ggml_cgraph","GRAPH","",-1,32,-1,0,0,0,0,0,4.586979,1,"delegate_cpu_graph"
"CPU_Elastic","COMPUTE","inp_embd","GET_ROWS","",-1,0,-1,2048,1,1,1,8192,0.002448,1,"chunk_size_1"
"CPU_Elastic","COMPUTE_GRAPH","ggml_cgraph","GRAPH","",-1,1,-1,0,0,0,0,0,0.002448,1,"delegate_cpu_graph"
"CPU_Elastic","COMPUTE","attn_norm-0","MUL","",-1,0,-1,2048,1,1,1,8192,0.086667,1,"chunk_size_1"
"CPU_Elastic","COMPUTE","Qcur-0","MUL_MAT","",-1,1,-1,2048,1,1,1,8192,0.100000,1,"chunk_size_1"
"CPU_Elastic","COMPUTE_GRAPH","ggml_cgraph","GRAPH","",-1,2,-1,0,0,0,0,0,0.186667,1,"delegate_cpu_graph"
"CPU_Elastic","COMPUTE","Qcur_normed-0","MUL","",-1,0,-1,2048,1,1,1,8192,0.005834,1,"chunk_size_1"
"CPU_Elastic","COMPUTE","Qcur_normed-0 (reshaped)","RESHAPE","",-1,1,-1,128,16,1,1,8192,0.000781,1,"chunk_size_1"
"CPU_Elastic","COMPUTE","Qcur-0","ROPE","",-1,2,-1,128,16,1,1,8192,0.006875,1,"chunk_size_1"
"CPU_Elastic","COMPUTE","Kcur-0","MUL_MAT","",-1,3,-1,2048,1,1,1,8192,0.113125,1,"chunk_size_1"
"CPU_Elastic","COMPUTE_GRAPH","ggml_cgraph","GRAPH","",-1,4,-1,0,0,0,0,0,0.126615,1,"delegate_cpu_graph"
"CPU_Elastic","COMPUTE","Kcur_normed-0","MUL","",-1,0,-1,2048,1,1,1,8192,0.005260,1,"chunk_size_1"
"CPU_Elastic","COMPUTE","Kcur_normed-0 (reshaped)","RESHAPE","",-1,1,-1,128,16,1,1,8192,0.000625,1,"chunk_size_1"
"CPU_Elastic","COMPUTE","Kcur-0","ROPE","",-1,2,-1,128,16,1,1,8192,0.005573,1,"chunk_size_1"
"CPU_Elastic","COMPUTE","Vcur-0","MUL_MAT","",-1,3,-1,2048,1,1,1,8192,0.165729,1,"chunk_size_1"
"CPU_Elastic","COMPUTE","Vcur-0","RESHAPE","",-1,4,-1,128,16,1,1,8192,0.000520,1,"chunk_size_1"
"CPU_Elastic","COMPUTE","Kcur-0 (view)","VIEW","",-1,5,-1,2048,1,1,1,8192,0.000469,1,"chunk_size_1"
"CPU_Elastic","COMPUTE","cache_k_l0 (view)","SET_ROWS","",-1,6,-1,2048,512,1,1,2097152,0.001980,1,"chunk_size_1"
"CPU_Elastic","COMPUTE","Vcur-0 (view)","VIEW","",-1,7,-1,2048,1,1,1,8192,0.000416,1,"chunk_size_1"
"CPU_Elastic","COMPUTE","cache_v_l0 (view)","SET_ROWS","",-1,8,-1,2048,512,1,1,2097152,0.001562,1,"chunk_size_1"
"CPU_Elastic","COMPUTE","cache_v_l0 (view)","VIEW","",-1,9,-1,128,16,256,1,1048576,0.000417,1,"chunk_size_1"
"CPU_Elastic","COMPUTE","cache_v_l0 (view) (permuted)","PERMUTE","",-1,10,-1,128,256,16,1,1048576,0.000573,1,"chunk_size_1"
"CPU_Elastic","COMPUTE","cache_v_l0 (view) (permuted) (transposed)","TRANSPOSE","",-1,11,-1,256,128,16,1,1048576,0.000469,1,"chunk_size_1"
"CPU_Elastic","COMPUTE","v_cont-0","CONT","",-1,12,-1,256,128,16,1,1048576,0.596146,1,"chunk_size_1"
"CPU_Elastic","COMPUTE","cache_k_l0 (view)","VIEW","",-1,13,-1,128,16,256,1,1048576,0.000520,1,"chunk_size_1"
"CPU_Elastic","COMPUTE","cache_k_l0 (view) (permuted)","PERMUTE","",-1,14,-1,128,256,16,1,1048576,0.000520,1,"chunk_size_1"
"CPU_Elastic","COMPUTE","Qcur-0 (view)","VIEW","",-1,15,-1,128,16,1,1,8192,0.000468,1,"chunk_size_1"
"CPU_Elastic","COMPUTE","Qcur-0 (view) (permuted)","PERMUTE","",-1,16,-1,128,1,16,1,8192,0.000521,1,"chunk_size_1"
"CPU_Elastic","COMPUTE","kq-0","MUL_MAT","",-1,17,-1,256,1,16,1,16384,0.040573,1,"chunk_size_1"
"CPU_Elastic","COMPUTE","kq_soft_max-0","SOFT_MAX","",-1,18,-1,256,1,16,1,16384,0.015469,1,"chunk_size_1"
"CPU_Elastic","COMPUTE","kqv-0","MUL_MAT","",-1,19,-1,128,1,16,1,8192,0.043698,1,"chunk_size_1"
"CPU_Elastic","COMPUTE","kqv-0 (permuted)","PERMUTE","",-1,20,-1,128,16,1,1,8192,0.000573,1,"chunk_size_1"
"CPU_Elastic","COMPUTE","kqv_out-0","CONT","",-1,21,-1,2048,1,1,1,8192,0.004531,1,"chunk_size_1"
"CPU_Elastic","COMPUTE","node_32","MUL_MAT","",-1,22,-1,2048,1,1,1,8192,0.098750,1,"chunk_size_1"
"CPU_Elastic","COMPUTE","ffn_inp-0","ADD","",-1,23,-1,2048,1,1,1,8192,0.004115,1,"chunk_size_1"
"CPU_Elastic","COMPUTE_GRAPH","ggml_cgraph","GRAPH","",-1,24,-1,0,0,0,0,0,0.989477,1,"delegate_cpu_graph"
"CPU_Elastic","COMPUTE","ffn_norm-0","MUL","",-1,0,-1,2048,1,1,1,8192,0.005052,1,"chunk_size_1"
"CPU_Elastic","COMPUTE","ffn_moe_logits-0","MUL_MAT","",-1,1,-1,64,1,1,1,256,0.013125,1,"chunk_size_1"
"CPU_Elastic","COMPUTE","ffn_moe_probs-0","SOFT_MAX","",-1,2,-1,64,1,1,1,256,0.000886,1,"chunk_size_1"
"CPU_Elastic","COMPUTE","ffn_moe_probs-0 (reshaped)","RESHAPE","",-1,3,-1,1,64,1,1,256,0.000573,1,"chunk_size_1"
"CPU_Elastic","COMPUTE","ffn_moe_argsort-0","ARGSORT","",-1,4,-1,64,1,1,1,256,0.029896,1,"chunk_size_1"
"CPU_Elastic","COMPUTE","ffn_moe_topk-0","VIEW","",-1,5,-1,8,1,1,1,32,0.000521,1,"chunk_size_1"
"CPU_Elastic","COMPUTE","ffn_moe_weights-0","GET_ROWS","",-1,6,-1,1,8,1,1,32,0.000520,1,"chunk_size_1"
"CPU_Elastic","COMPUTE","ffn_norm-0 (reshaped)","RESHAPE","",-1,7,-1,2048,1,1,1,8192,0.000625,1,"chunk_size_1"
"CPU_Elastic","COMPUTE","ffn_moe_gate-0","MUL_MAT_ID","",-1,8,-1,1024,8,1,1,32768,0.392604,1,"chunk_size_1"
"CPU_Elastic","COMPUTE","ffn_moe_up-0","MUL_MAT_ID","",-1,9,-1,1024,8,1,1,32768,0.422291,1,"chunk_size_1"
"CPU_Elastic","COMPUTE","ffn_moe_weighted-0","GLU","",-1,10,-1,1024,8,1,1,32768,0.028698,1,"chunk_size_1"
"CPU_Elastic","COMPUTE","ffn_moe_down-0","MUL_MAT_ID","",-1,11,-1,2048,8,1,1,65536,0.556197,1,"chunk_size_1"
"CPU_Elastic","COMPUTE","node_47","MUL","",-1,12,-1,2048,8,1,1,65536,0.031563,1,"chunk_size_1"
"CPU_Elastic","COMPUTE"," (view)","VIEW","",-1,13,-1,2048,1,1,1,8192,0.000521,1,"chunk_size_1"
"CPU_Elastic","COMPUTE","node_47 (view)","VIEW","",-1,14,-1,2048,1,1,1,8192,0.000468,1,"chunk_size_1"
"CPU_Elastic","COMPUTE","node_47 (view)","VIEW","",-1,15,-1,2048,1,1,1,8192,0.000521,1,"chunk_size_1"
"CPU_Elastic","COMPUTE","node_47 (view)","VIEW","",-1,16,-1,2048,1,1,1,8192,0.000416,1,"chunk_size_1"
"CPU_Elastic","COMPUTE","node_47 (view)","VIEW","",-1,17,-1,2048,1,1,1,8192,0.000416,1,"chunk_size_1"
"CPU_Elastic","COMPUTE","node_47 (view)","VIEW","",-1,18,-1,2048,1,1,1,8192,0.000469,1,"chunk_size_1"
"CPU_Elastic","COMPUTE","node_47 (view)","VIEW","",-1,19,-1,2048,1,1,1,8192,0.000469,1,"chunk_size_1"
"CPU_Elastic","COMPUTE","node_47 (view)","VIEW","",-1,20,-1,2048,1,1,1,8192,0.000417,1,"chunk_size_1"
"CPU_Elastic","COMPUTE","node_56","ADD","",-1,21,-1,2048,1,1,1,8192,0.005469,1,"chunk_size_1"
"CPU_Elastic","COMPUTE","node_57","ADD","",-1,22,-1,2048,1,1,1,8192,0.005416,1,"chunk_size_1"
"CPU_Elastic","COMPUTE","node_58","ADD","",-1,23,-1,2048,1,1,1,8192,0.005105,1,"chunk_size_1"
"CPU_Elastic","COMPUTE","node_59","ADD","",-1,24,-1,2048,1,1,1,8192,0.005625,1,"chunk_size_1"
"CPU_Elastic","COMPUTE","node_60","ADD","",-1,25,-1,2048,1,1,1,8192,0.005104,1,"chunk_size_1"
"CPU_Elastic","COMPUTE","node_61","ADD","",-1,26,-1,2048,1,1,1,8192,0.004896,1,"chunk_size_1"
"CPU_Elastic","COMPUTE","ffn_moe_out-0","ADD","",-1,27,-1,2048,1,1,1,8192,0.003646,1,"chunk_size_1"
"CPU_Elastic","COMPUTE","l_out-0","ADD","",-1,28,-1,2048,1,1,1,8192,0.004740,1,"chunk_size_1"
"CPU_Elastic","COMPUTE_GRAPH","ggml_cgraph","GRAPH","",-1,29,-1,0,0,0,0,0,1.526249,1,"delegate_cpu_graph"
"CPU_Elastic","COMPUTE","attn_norm-1","MUL","",-1,0,-1,2048,1,1,1,8192,0.006302,1,"chunk_size_1"
"CPU_Elastic","COMPUTE","Qcur-1","MUL_MAT","",-1,1,-1,2048,1,1,1,8192,0.098646,1,"chunk_size_1"
"CPU_Elastic","COMPUTE_GRAPH","ggml_cgraph","GRAPH","",-1,2,-1,0,0,0,0,0,0.104948,1,"delegate_cpu_graph"
"CPU_Elastic","COMPUTE","Qcur_normed-1","MUL","",-1,0,-1,2048,1,1,1,8192,0.005937,1,"chunk_size_1"
"CPU_Elastic","COMPUTE","Qcur_normed-1 (reshaped)","RESHAPE","",-1,1,-1,128,16,1,1,8192,0.000521,1,"chunk_size_1"
"CPU_Elastic","COMPUTE","Qcur-1","ROPE","",-1,2,-1,128,16,1,1,8192,0.005104,1,"chunk_size_1"
"CPU_Elastic","COMPUTE","Kcur-1","MUL_MAT","",-1,3,-1,2048,1,1,1,8192,0.099531,1,"chunk_size_1"
"CPU_Elastic","COMPUTE_GRAPH","ggml_cgraph","GRAPH","",-1,4,-1,0,0,0,0,0,0.111093,1,"delegate_cpu_graph"
"CPU_Elastic","COMPUTE","Kcur_normed-1","MUL","",-1,0,-1,2048,1,1,1,8192,0.005052,1,"chunk_size_1"
"CPU_Elastic","COMPUTE","Kcur_normed-1 (reshaped)","RESHAPE","",-1,1,-1,128,16,1,1,8192,0.000521,1,"chunk_size_1"
"CPU_Elastic","COMPUTE","Kcur-1","ROPE","",-1,2,-1,128,16,1,1,8192,0.004948,1,"chunk_size_1"
"CPU_Elastic","COMPUTE","Vcur-1","MUL_MAT","",-1,3,-1,2048,1,1,1,8192,0.157552,1,"chunk_size_1"
"CPU_Elastic","COMPUTE","Vcur-1","RESHAPE","",-1,4,-1,128,16,1,1,8192,0.000573,1,"chunk_size_1"
"CPU_Elastic","COMPUTE","Kcur-1 (view)","VIEW","",-1,5,-1,2048,1,1,1,8192,0.000469,1,"chunk_size_1"
"CPU_Elastic","COMPUTE","cache_k_l1 (view)","SET_ROWS","",-1,6,-1,2048,512,1,1,2097152,0.001770,1,"chunk_size_1"
"CPU_Elastic","COMPUTE","Vcur-1 (view)","VIEW","",-1,7,-1,2048,1,1,1,8192,0.000625,1,"chunk_size_1"
"CPU_Elastic","COMPUTE","cache_v_l1 (view)","SET_ROWS","",-1,8,-1,2048,512,1,1,2097152,0.001614,1,"chunk_size_1"
"CPU_Elastic","COMPUTE","cache_v_l1 (view)","VIEW","",-1,9,-1,128,16,256,1,1048576,0.000416,1,"chunk_size_1"
"CPU_Elastic","COMPUTE","cache_v_l1 (view) (permuted)","PERMUTE","",-1,10,-1,128,256,16,1,1048576,0.000469,1,"chunk_size_1"
"CPU_Elastic","COMPUTE","cache_v_l1 (view) (permuted) (transposed)","TRANSPOSE","",-1,11,-1,256,128,16,1,1048576,0.000573,1,"chunk_size_1"
"CPU_Elastic","COMPUTE","v_cont-1","CONT","",-1,12,-1,256,128,16,1,1048576,0.556875,1,"chunk_size_1"
"CPU_Elastic","COMPUTE","cache_k_l1 (view)","VIEW","",-1,13,-1,128,16,256,1,1048576,0.000520,1,"chunk_size_1"
"CPU_Elastic","COMPUTE","cache_k_l1 (view) (permuted)","PERMUTE","",-1,14,-1,128,256,16,1,1048576,0.000469,1,"chunk_size_1"
"CPU_Elastic","COMPUTE","Qcur-1 (view)","VIEW","",-1,15,-1,128,16,1,1,8192,0.000521,1,"chunk_size_1"
"CPU_Elastic","COMPUTE","Qcur-1 (view) (permuted)","PERMUTE","",-1,16,-1,128,1,16,1,8192,0.000417,1,"chunk_size_1"
"CPU_Elastic","COMPUTE","kq-1","MUL_MAT","",-1,17,-1,256,1,16,1,16384,0.040885,1,"chunk_size_1"
"CPU_Elastic","COMPUTE","kq_soft_max-1","SOFT_MAX","",-1,18,-1,256,1,16,1,16384,0.016823,1,"chunk_size_1"
"CPU_Elastic","COMPUTE","kqv-1","MUL_MAT","",-1,19,-1,128,1,16,1,8192,0.039583,1,"chunk_size_1"
"CPU_Elastic","COMPUTE","kqv-1 (permuted)","PERMUTE","",-1,20,-1,128,16,1,1,8192,0.000625,1,"chunk_size_1"
"CPU_Elastic","COMPUTE","kqv_out-1","CONT","",-1,21,-1,2048,1,1,1,8192,0.004427,1,"chunk_size_1"
"CPU_Elastic","COMPUTE","node_95","MUL_MAT","",-1,22,-1,2048,1,1,1,8192,0.099791,1,"chunk_size_1"
"CPU_Elastic","COMPUTE","ffn_inp-1","ADD","",-1,23,-1,2048,1,1,1,8192,0.003854,1,"chunk_size_1"
"CPU_Elastic","COMPUTE_GRAPH","ggml_cgraph","GRAPH","",-1,24,-1,0,0,0,0,0,0.939372,1,"delegate_cpu_graph"
"CPU_Elastic","COMPUTE","ffn_norm-1","MUL","",-1,0,-1,2048,1,1,1,8192,0.004948,1,"chunk_size_1"
"CPU_Elastic","COMPUTE","ffn_moe_logits-1","MUL_MAT","",-1,1,-1,64,1,1,1,256,0.014323,1,"chunk_size_1"
"CPU_Elastic","COMPUTE","ffn_moe_probs-1","SOFT_MAX","",-1,2,-1,64,1,1,1,256,0.001042,1,"chunk_size_1"
"CPU_Elastic","COMPUTE","ffn_moe_probs-1 (reshaped)","RESHAPE","",-1,3,-1,1,64,1,1,256,0.000469,1,"chunk_size_1"
"CPU_Elastic","COMPUTE","ffn_moe_argsort-1","ARGSORT","",-1,4,-1,64,1,1,1,256,0.011770,1,"chunk_size_1"
"CPU_Elastic","COMPUTE","ffn_moe_topk-1","VIEW","",-1,5,-1,8,1,1,1,32,0.000521,1,"chunk_size_1"
"CPU_Elastic","COMPUTE","ffn_moe_weights-1","GET_ROWS","",-1,6,-1,1,8,1,1,32,0.000521,1,"chunk_size_1"
"CPU_Elastic","COMPUTE","ffn_norm-1 (reshaped)","RESHAPE","",-1,7,-1,2048,1,1,1,8192,0.000417,1,"chunk_size_1"
"CPU_Elastic","COMPUTE","ffn_moe_gate-1","MUL_MAT_ID","",-1,8,-1,1024,8,1,1,32768,0.384896,1,"chunk_size_1"
"CPU_Elastic","COMPUTE","ffn_moe_up-1","MUL_MAT_ID","",-1,9,-1,1024,8,1,1,32768,0.390157,1,"chunk_size_1"
"CPU_Elastic","COMPUTE","ffn_moe_weighted-1","GLU","",-1,10,-1,1024,8,1,1,32768,0.025208,1,"chunk_size_1"
"CPU_Elastic","COMPUTE","ffn_moe_down-1","MUL_MAT_ID","",-1,11,-1,2048,8,1,1,65536,0.548697,1,"chunk_size_1"
"CPU_Elastic","COMPUTE","node_110","MUL","",-1,12,-1,2048,8,1,1,65536,0.029896,1,"chunk_size_1"
"CPU_Elastic","COMPUTE"," (view)","VIEW","",-1,13,-1,2048,1,1,1,8192,0.000521,1,"chunk_size_1"
"CPU_Elastic","COMPUTE","node_110 (view)","VIEW","",-1,14,-1,2048,1,1,1,8192,0.000469,1,"chunk_size_1"
"CPU_Elastic","COMPUTE","node_110 (view)","VIEW","",-1,15,-1,2048,1,1,1,8192,0.000416,1,"chunk_size_1"
"CPU_Elastic","COMPUTE","node_110 (view)","VIEW","",-1,16,-1,2048,1,1,1,8192,0.000521,1,"chunk_size_1"
"CPU_Elastic","COMPUTE","node_110 (view)","VIEW","",-1,17,-1,2048,1,1,1,8192,0.000469,1,"chunk_size_1"
"CPU_Elastic","COMPUTE","node_110 (view)","VIEW","",-1,18,-1,2048,1,1,1,8192,0.000469,1,"chunk_size_1"
"CPU_Elastic","COMPUTE","node_110 (view)","VIEW","",-1,19,-1,2048,1,1,1,8192,0.000364,1,"chunk_size_1"
"CPU_Elastic","COMPUTE","node_110 (view)","VIEW","",-1,20,-1,2048,1,1,1,8192,0.000520,1,"chunk_size_1"
"CPU_Elastic","COMPUTE","node_119","ADD","",-1,21,-1,2048,1,1,1,8192,0.003958,1,"chunk_size_1"
"CPU_Elastic","COMPUTE","node_120","ADD","",-1,22,-1,2048,1,1,1,8192,0.005209,1,"chunk_size_1"
"CPU_Elastic","COMPUTE","node_121","ADD","",-1,23,-1,2048,1,1,1,8192,0.005156,1,"chunk_size_1"
"CPU_Elastic","COMPUTE","node_122","ADD","",-1,24,-1,2048,1,1,1,8192,0.005312,1,"chunk_size_1"
"CPU_Elastic","COMPUTE","node_123","ADD","",-1,25,-1,2048,1,1,1,8192,0.004844,1,"chunk_size_1"
"CPU_Elastic","COMPUTE","node_124","ADD","",-1,26,-1,2048,1,1,1,8192,0.005000,1,"chunk_size_1"
"CPU_Elastic","COMPUTE","ffn_moe_out-1","ADD","",-1,27,-1,2048,1,1,1,8192,0.004792,1,"chunk_size_1"
"CPU_Elastic","COMPUTE","l_out-1","ADD","",-1,28,-1,2048,1,1,1,8192,0.004896,1,"chunk_size_1"
"CPU_Elastic","COMPUTE_GRAPH","ggml_cgraph","GRAPH","",-1,29,-1,0,0,0,0,0,1.455781,1,"delegate_cpu_graph"
"CPU_Elastic","COMPUTE","attn_norm-2","MUL","",-1,0,-1,2048,1,1,1,8192,0.005782,1,"chunk_size_1"
"CPU_Elastic","COMPUTE","Qcur-2","MUL_MAT","",-1,1,-1,2048,1,1,1,8192,0.101093,1,"chunk_size_1"
"CPU_Elastic","COMPUTE_GRAPH","ggml_cgraph","GRAPH","",-1,2,-1,0,0,0,0,0,0.106875,1,"delegate_cpu_graph"
"CPU_Elastic","COMPUTE","Qcur_normed-2","MUL","",-1,0,-1,2048,1,1,1,8192,0.006354,1,"chunk_size_1"
"CPU_Elastic","COMPUTE","Qcur_normed-2 (reshaped)","RESHAPE","",-1,1,-1,128,16,1,1,8192,0.000573,1,"chunk_size_1"
"CPU_Elastic","COMPUTE","Qcur-2","ROPE","",-1,2,-1,128,16,1,1,8192,0.006146,1,"chunk_size_1"
"CPU_Elastic","COMPUTE","Kcur-2","MUL_MAT","",-1,3,-1,2048,1,1,1,8192,0.099635,1,"chunk_size_1"
"CPU_Elastic","COMPUTE_GRAPH","ggml_cgraph","GRAPH","",-1,4,-1,0,0,0,0,0,0.112708,1,"delegate_cpu_graph"
"CPU_Elastic","COMPUTE","Kcur_normed-2","MUL","",-1,0,-1,2048,1,1,1,8192,0.005052,1,"chunk_size_1"
"CPU_Elastic","COMPUTE","Kcur_normed-2 (reshaped)","RESHAPE","",-1,1,-1,128,16,1,1,8192,0.000625,1,"chunk_size_1"
"CPU_Elastic","COMPUTE","Kcur-2","ROPE","",-1,2,-1,128,16,1,1,8192,0.006614,1,"chunk_size_1"
"CPU_Elastic","COMPUTE","Vcur-2","MUL_MAT","",-1,3,-1,2048,1,1,1,8192,0.101042,1,"chunk_size_1"
"CPU_Elastic","COMPUTE","Vcur-2","RESHAPE","",-1,4,-1,128,16,1,1,8192,0.000677,1,"chunk_size_1"
"CPU_Elastic","COMPUTE","Kcur-2 (view)","VIEW","",-1,5,-1,2048,1,1,1,8192,0.000468,1,"chunk_size_1"
"CPU_Elastic","COMPUTE","cache_k_l2 (view)","SET_ROWS","",-1,6,-1,2048,512,1,1,2097152,0.001875,1,"chunk_size_1"
"CPU_Elastic","COMPUTE","Vcur-2 (view)","VIEW","",-1,7,-1,2048,1,1,1,8192,0.000469,1,"chunk_size_1"
"CPU_Elastic","COMPUTE","cache_v_l2 (view)","SET_ROWS","",-1,8,-1,2048,512,1,1,2097152,0.001718,1,"chunk_size_1"
"CPU_Elastic","COMPUTE","cache_v_l2 (view)","VIEW","",-1,9,-1,128,16,256,1,1048576,0.000417,1,"chunk_size_1"
"CPU_Elastic","COMPUTE","cache_v_l2 (view) (permuted)","PERMUTE","",-1,10,-1,128,256,16,1,1048576,0.000416,1,"chunk_size_1"
"CPU_Elastic","COMPUTE","cache_v_l2 (view) (permuted) (transposed)","TRANSPOSE","",-1,11,-1,256,128,16,1,1048576,0.000520,1,"chunk_size_1"
"CPU_Elastic","COMPUTE","v_cont-2","CONT","",-1,12,-1,256,128,16,1,1048576,0.549896,1,"chunk_size_1"
"CPU_Elastic","COMPUTE","cache_k_l2 (view)","VIEW","",-1,13,-1,128,16,256,1,1048576,0.000521,1,"chunk_size_1"
"CPU_Elastic","COMPUTE","cache_k_l2 (view) (permuted)","PERMUTE","",-1,14,-1,128,256,16,1,1048576,0.000469,1,"chunk_size_1"
"CPU_Elastic","COMPUTE","Qcur-2 (view)","VIEW","",-1,15,-1,128,16,1,1,8192,0.000416,1,"chunk_size_1"
"CPU_Elastic","COMPUTE","Qcur-2 (view) (permuted)","PERMUTE","",-1,16,-1,128,1,16,1,8192,0.000521,1,"chunk_size_1"
"CPU_Elastic","COMPUTE","kq-2","MUL_MAT","",-1,17,-1,256,1,16,1,16384,0.038490,1,"chunk_size_1"
"CPU_Elastic","COMPUTE","kq_soft_max-2","SOFT_MAX","",-1,18,-1,256,1,16,1,16384,0.015990,1,"chunk_size_1"
"CPU_Elastic","COMPUTE","kqv-2","MUL_MAT","",-1,19,-1,128,1,16,1,8192,0.041875,1,"chunk_size_1"
"CPU_Elastic","COMPUTE","kqv-2 (permuted)","PERMUTE","",-1,20,-1,128,16,1,1,8192,0.000521,1,"chunk_size_1"
"CPU_Elastic","COMPUTE","kqv_out-2","CONT","",-1,21,-1,2048,1,1,1,8192,0.005208,1,"chunk_size_1"
"CPU_Elastic","COMPUTE","node_158","MUL_MAT","",-1,22,-1,2048,1,1,1,8192,0.100000,1,"chunk_size_1"
"CPU_Elastic","COMPUTE","ffn_inp-2","ADD","",-1,23,-1,2048,1,1,1,8192,0.004270,1,"chunk_size_1"
"CPU_Elastic","COMPUTE_GRAPH","ggml_cgraph","GRAPH","",-1,24,-1,0,0,0,0,0,0.878070,1,"delegate_cpu_graph"
"CPU_Elastic","COMPUTE","ffn_norm-2","MUL","",-1,0,-1,2048,1,1,1,8192,0.004531,1,"chunk_size_1"
"CPU_Elastic","COMPUTE","ffn_moe_logits-2","MUL_MAT","",-1,1,-1,64,1,1,1,256,0.014218,1,"chunk_size_1"
"CPU_Elastic","COMPUTE","ffn_moe_probs-2","SOFT_MAX","",-1,2,-1,64,1,1,1,256,0.000833,1,"chunk_size_1"
"CPU_Elastic","COMPUTE","ffn_moe_probs-2 (reshaped)","RESHAPE","",-1,3,-1,1,64,1,1,256,0.000417,1,"chunk_size_1"
"CPU_Elastic","COMPUTE","ffn_moe_argsort-2","ARGSORT","",-1,4,-1,64,1,1,1,256,0.010781,1,"chunk_size_1"
"CPU_Elastic","COMPUTE","ffn_moe_topk-2","VIEW","",-1,5,-1,8,1,1,1,32,0.000625,1,"chunk_size_1"
"CPU_Elastic","COMPUTE","ffn_moe_weights-2","GET_ROWS","",-1,6,-1,1,8,1,1,32,0.000521,1,"chunk_size_1"
"CPU_Elastic","COMPUTE","ffn_norm-2 (reshaped)","RESHAPE","",-1,7,-1,2048,1,1,1,8192,0.000469,1,"chunk_size_1"
"CPU_Elastic","COMPUTE","ffn_moe_gate-2","MUL_MAT_ID","",-1,8,-1,1024,8,1,1,32768,0.397760,1,"chunk_size_1"
"CPU_Elastic","COMPUTE","ffn_moe_up-2","MUL_MAT_ID","",-1,9,-1,1024,8,1,1,32768,0.395417,1,"chunk_size_1"
"CPU_Elastic","COMPUTE","ffn_moe_weighted-2","GLU","",-1,10,-1,1024,8,1,1,32768,0.027604,1,"chunk_size_1"
"CPU_Elastic","COMPUTE","ffn_moe_down-2","MUL_MAT_ID","",-1,11,-1,2048,8,1,1,65536,0.469688,1,"chunk_size_1"
"CPU_Elastic","COMPUTE","node_173","MUL","",-1,12,-1,2048,8,1,1,65536,0.029531,1,"chunk_size_1"
"CPU_Elastic","COMPUTE"," (view)","VIEW","",-1,13,-1,2048,1,1,1,8192,0.000573,1,"chunk_size_1"
"CPU_Elastic","COMPUTE","node_173 (view)","VIEW","",-1,14,-1,2048,1,1,1,8192,0.000469,1,"chunk_size_1"
"CPU_Elastic","COMPUTE","node_173 (view)","VIEW","",-1,15,-1,2048,1,1,1,8192,0.000469,1,"chunk_size_1"
"CPU_Elastic","COMPUTE","node_173 (view)","VIEW","",-1,16,-1,2048,1,1,1,8192,0.000469,1,"chunk_size_1"
"CPU_Elastic","COMPUTE","node_173 (view)","VIEW","",-1,17,-1,2048,1,1,1,8192,0.000520,1,"chunk_size_1"
"CPU_Elastic","COMPUTE","node_173 (view)","VIEW","",-1,18,-1,2048,1,1,1,8192,0.000469,1,"chunk_size_1"
"CPU_Elastic","COMPUTE","node_173 (view)","VIEW","",-1,19,-1,2048,1,1,1,8192,0.000417,1,"chunk_size_1"
"CPU_Elastic","COMPUTE","node_173 (view)","VIEW","",-1,20,-1,2048,1,1,1,8192,0.000417,1,"chunk_size_1"
"CPU_Elastic","COMPUTE","node_182","ADD","",-1,21,-1,2048,1,1,1,8192,0.004896,1,"chunk_size_1"
"CPU_Elastic","COMPUTE","node_183","ADD","",-1,22,-1,2048,1,1,1,8192,0.003802,1,"chunk_size_1"
"CPU_Elastic","COMPUTE","node_184","ADD","",-1,23,-1,2048,1,1,1,8192,0.003803,1,"chunk_size_1"
"CPU_Elastic","COMPUTE","node_185","ADD","",-1,24,-1,2048,1,1,1,8192,0.005521,1,"chunk_size_1"
"CPU_Elastic","COMPUTE","node_186","ADD","",-1,25,-1,2048,1,1,1,8192,0.005156,1,"chunk_size_1"
"CPU_Elastic","COMPUTE","node_187","ADD","",-1,26,-1,2048,1,1,1,8192,0.003698,1,"chunk_size_1"
"CPU_Elastic","COMPUTE","ffn_moe_out-2","ADD","",-1,27,-1,2048,1,1,1,8192,0.003646,1,"chunk_size_1"
"CPU_Elastic","COMPUTE","l_out-2","ADD","",-1,28,-1,2048,1,1,1,8192,0.005000,1,"chunk_size_1"
"CPU_Elastic","COMPUTE_GRAPH","ggml_cgraph","GRAPH","",-1,29,-1,0,0,0,0,0,1.391720,1,"delegate_cpu_graph"
"CPU_Elastic","COMPUTE","attn_norm-3","MUL","",-1,0,-1,2048,1,1,1,8192,0.005990,1,"chunk_size_1"
"CPU_Elastic","COMPUTE","Qcur-3","MUL_MAT","",-1,1,-1,2048,1,1,1,8192,0.099167,1,"chunk_size_1"
"CPU_Elastic","COMPUTE_GRAPH","ggml_cgraph","GRAPH","",-1,2,-1,0,0,0,0,0,0.105157,1,"delegate_cpu_graph"
"CPU_Elastic","COMPUTE","Qcur_normed-3","MUL","",-1,0,-1,2048,1,1,1,8192,0.004948,1,"chunk_size_1"
"CPU_Elastic","COMPUTE","Qcur_normed-3 (reshaped)","RESHAPE","",-1,1,-1,128,16,1,1,8192,0.000521,1,"chunk_size_1"
"CPU_Elastic","COMPUTE","Qcur-3","ROPE","",-1,2,-1,128,16,1,1,8192,0.005104,1,"chunk_size_1"
"CPU_Elastic","COMPUTE","Kcur-3","MUL_MAT","",-1,3,-1,2048,1,1,1,8192,0.098750,1,"chunk_size_1"
"CPU_Elastic","COMPUTE_GRAPH","ggml_cgraph","GRAPH","",-1,4,-1,0,0,0,0,0,0.109323,1,"delegate_cpu_graph"
"CPU_Elastic","COMPUTE","Kcur_normed-3","MUL","",-1,0,-1,2048,1,1,1,8192,0.005208,1,"chunk_size_1"
"CPU_Elastic","COMPUTE","Kcur_normed-3 (reshaped)","RESHAPE","",-1,1,-1,128,16,1,1,8192,0.000573,1,"chunk_size_1"
"CPU_Elastic","COMPUTE","Kcur-3","ROPE","",-1,2,-1,128,16,1,1,8192,0.006875,1,"chunk_size_1"
"CPU_Elastic","COMPUTE","Vcur-3","MUL_MAT","",-1,3,-1,2048,1,1,1,8192,0.097916,1,"chunk_size_1"
"CPU_Elastic","COMPUTE","Vcur-3","RESHAPE","",-1,4,-1,128,16,1,1,8192,0.000573,1,"chunk_size_1"
"CPU_Elastic","COMPUTE","Kcur-3 (view)","VIEW","",-1,5,-1,2048,1,1,1,8192,0.000572,1,"chunk_size_1"
"CPU_Elastic","COMPUTE","cache_k_l3 (view)","SET_ROWS","",-1,6,-1,2048,512,1,1,2097152,0.002240,1,"chunk_size_1"
"CPU_Elastic","COMPUTE","Vcur-3 (view)","VIEW","",-1,7,-1,2048,1,1,1,8192,0.000416,1,"chunk_size_1"
"CPU_Elastic","COMPUTE","cache_v_l3 (view)","SET_ROWS","",-1,8,-1,2048,512,1,1,2097152,0.001719,1,"chunk_size_1"
"CPU_Elastic","COMPUTE","cache_v_l3 (view)","VIEW","",-1,9,-1,128,16,256,1,1048576,0.000521,1,"chunk_size_1"
"CPU_Elastic","COMPUTE","cache_v_l3 (view) (permuted)","PERMUTE","",-1,10,-1,128,256,16,1,1048576,0.000417,1,"chunk_size_1"
"CPU_Elastic","COMPUTE","cache_v_l3 (view) (permuted) (transposed)","TRANSPOSE","",-1,11,-1,256,128,16,1,1048576,0.000417,1,"chunk_size_1"
"CPU_Elastic","COMPUTE","v_cont-3","CONT","",-1,12,-1,256,128,16,1,1048576,0.546042,1,"chunk_size_1"
"CPU_Elastic","COMPUTE","cache_k_l3 (view)","VIEW","",-1,13,-1,128,16,256,1,1048576,0.000625,1,"chunk_size_1"
"CPU_Elastic","COMPUTE","cache_k_l3 (view) (permuted)","PERMUTE","",-1,14,-1,128,256,16,1,1048576,0.000469,1,"chunk_size_1"
"CPU_Elastic","COMPUTE","Qcur-3 (view)","VIEW","",-1,15,-1,128,16,1,1,8192,0.000364,1,"chunk_size_1"
"CPU_Elastic","COMPUTE","Qcur-3 (view) (permuted)","PERMUTE","",-1,16,-1,128,1,16,1,8192,0.000417,1,"chunk_size_1"
"CPU_Elastic","COMPUTE","kq-3","MUL_MAT","",-1,17,-1,256,1,16,1,16384,0.040416,1,"chunk_size_1"
"CPU_Elastic","COMPUTE","kq_soft_max-3","SOFT_MAX","",-1,18,-1,256,1,16,1,16384,0.016666,1,"chunk_size_1"
"CPU_Elastic","COMPUTE","kqv-3","MUL_MAT","",-1,19,-1,128,1,16,1,8192,0.040729,1,"chunk_size_1"
"CPU_Elastic","COMPUTE","kqv-3 (permuted)","PERMUTE","",-1,20,-1,128,16,1,1,8192,0.000521,1,"chunk_size_1"
"CPU_Elastic","COMPUTE","kqv_out-3","CONT","",-1,21,-1,2048,1,1,1,8192,0.004636,1,"chunk_size_1"
"CPU_Elastic","COMPUTE","node_221","MUL_MAT","",-1,22,-1,2048,1,1,1,8192,0.127865,1,"chunk_size_1"
"CPU_Elastic","COMPUTE","ffn_inp-3","ADD","",-1,23,-1,2048,1,1,1,8192,0.004583,1,"chunk_size_1"
"CPU_Elastic","COMPUTE_GRAPH","ggml_cgraph","GRAPH","",-1,24,-1,0,0,0,0,0,0.900780,1,"delegate_cpu_graph"
"CPU_Elastic","COMPUTE","ffn_norm-3","MUL","",-1,0,-1,2048,1,1,1,8192,0.005208,1,"chunk_size_1"
"CPU_Elastic","COMPUTE","ffn_moe_logits-3","MUL_MAT","",-1,1,-1,64,1,1,1,256,0.030000,1,"chunk_size_1"
"CPU_Elastic","COMPUTE","ffn_moe_probs-3","SOFT_MAX","",-1,2,-1,64,1,1,1,256,0.001094,1,"chunk_size_1"
"CPU_Elastic","COMPUTE","ffn_moe_probs-3 (reshaped)","RESHAPE","",-1,3,-1,1,64,1,1,256,0.000521,1,"chunk_size_1"
"CPU_Elastic","COMPUTE","ffn_moe_argsort-3","ARGSORT","",-1,4,-1,64,1,1,1,256,0.012343,1,"chunk_size_1"
"CPU_Elastic","COMPUTE","ffn_moe_topk-3","VIEW","",-1,5,-1,8,1,1,1,32,0.000573,1,"chunk_size_1"
"CPU_Elastic","COMPUTE","ffn_moe_weights-3","GET_ROWS","",-1,6,-1,1,8,1,1,32,0.000625,1,"chunk_size_1"
"CPU_Elastic","COMPUTE","ffn_norm-3 (reshaped)","RESHAPE","",-1,7,-1,2048,1,1,1,8192,0.000417,1,"chunk_size_1"
"CPU_Elastic","COMPUTE","ffn_moe_gate-3","MUL_MAT_ID","",-1,8,-1,1024,8,1,1,32768,0.383854,1,"chunk_size_1"
"CPU_Elastic","COMPUTE","ffn_moe_up-3","MUL_MAT_ID","",-1,9,-1,1024,8,1,1,32768,0.391927,1,"chunk_size_1"
"CPU_Elastic","COMPUTE","ffn_moe_weighted-3","GLU","",-1,10,-1,1024,8,1,1,32768,0.025313,1,"chunk_size_1"
"CPU_Elastic","COMPUTE","ffn_moe_down-3","MUL_MAT_ID","",-1,11,-1,2048,8,1,1,65536,0.414219,1,"chunk_size_1"
"CPU_Elastic","COMPUTE","node_236","MUL","",-1,12,-1,2048,8,1,1,65536,0.029791,1,"chunk_size_1"
"CPU_Elastic","COMPUTE"," (view)","VIEW","",-1,13,-1,2048,1,1,1,8192,0.000469,1,"chunk_size_1"
"CPU_Elastic","COMPUTE","node_236 (view)","VIEW","",-1,14,-1,2048,1,1,1,8192,0.000625,1,"chunk_size_1"
"CPU_Elastic","COMPUTE","node_236 (view)","VIEW","",-1,15,-1,2048,1,1,1,8192,0.000417,1,"chunk_size_1"
"CPU_Elastic","COMPUTE","node_236 (view)","VIEW","",-1,16,-1,2048,1,1,1,8192,0.000417,1,"chunk_size_1"
"CPU_Elastic","COMPUTE","node_236 (view)","VIEW","",-1,17,-1,2048,1,1,1,8192,0.000416,1,"chunk_size_1"
"CPU_Elastic","COMPUTE","node_236 (view)","VIEW","",-1,18,-1,2048,1,1,1,8192,0.000521,1,"chunk_size_1"
"CPU_Elastic","COMPUTE","node_236 (view)","VIEW","",-1,19,-1,2048,1,1,1,8192,0.000312,1,"chunk_size_1"
"CPU_Elastic","COMPUTE","node_236 (view)","VIEW","",-1,20,-1,2048,1,1,1,8192,0.000365,1,"chunk_size_1"
"CPU_Elastic","COMPUTE","node_245","ADD","",-1,21,-1,2048,1,1,1,8192,0.004895,1,"chunk_size_1"
"CPU_Elastic","COMPUTE","node_246","ADD","",-1,22,-1,2048,1,1,1,8192,0.004583,1,"chunk_size_1"
"CPU_Elastic","COMPUTE","node_247","ADD","",-1,23,-1,2048,1,1,1,8192,0.003750,1,"chunk_size_1"
"CPU_Elastic","COMPUTE","node_248","ADD","",-1,24,-1,2048,1,1,1,8192,0.004531,1,"chunk_size_1"
"CPU_Elastic","COMPUTE","node_249","ADD","",-1,25,-1,2048,1,1,1,8192,0.003750,1,"chunk_size_1"
"CPU_Elastic","COMPUTE","node_250","ADD","",-1,26,-1,2048,1,1,1,8192,0.004584,1,"chunk_size_1"
"CPU_Elastic","COMPUTE","ffn_moe_out-3","ADD","",-1,27,-1,2048,1,1,1,8192,0.003646,1,"chunk_size_1"
"CPU_Elastic","COMPUTE","l_out-3","ADD","",-1,28,-1,2048,1,1,1,8192,0.004896,1,"chunk_size_1"
"CPU_Elastic","COMPUTE_GRAPH","ggml_cgraph","GRAPH","",-1,29,-1,0,0,0,0,0,1.334062,1,"delegate_cpu_graph"
"CPU_Elastic","COMPUTE","attn_norm-4","MUL","",-1,0,-1,2048,1,1,1,8192,0.006146,1,"chunk_size_1"
"CPU_Elastic","COMPUTE","Qcur-4","MUL_MAT","",-1,1,-1,2048,1,1,1,8192,0.098958,1,"chunk_size_1"
"CPU_Elastic","COMPUTE_GRAPH","ggml_cgraph","GRAPH","",-1,2,-1,0,0,0,0,0,0.105104,1,"delegate_cpu_graph"
"CPU_Elastic","COMPUTE","Qcur_normed-4","MUL","",-1,0,-1,2048,1,1,1,8192,0.005677,1,"chunk_size_1"
"CPU_Elastic","COMPUTE","Qcur_normed-4 (reshaped)","RESHAPE","",-1,1,-1,128,16,1,1,8192,0.000677,1,"chunk_size_1"
"CPU_Elastic","COMPUTE","Qcur-4","ROPE","",-1,2,-1,128,16,1,1,8192,0.006511,1,"chunk_size_1"
"CPU_Elastic","COMPUTE","Kcur-4","MUL_MAT","",-1,3,-1,2048,1,1,1,8192,0.099427,1,"chunk_size_1"
"CPU_Elastic","COMPUTE_GRAPH","ggml_cgraph","GRAPH","",-1,4,-1,0,0,0,0,0,0.112292,1,"delegate_cpu_graph"
"CPU_Elastic","COMPUTE","Kcur_normed-4","MUL","",-1,0,-1,2048,1,1,1,8192,0.005208,1,"chunk_size_1"
"CPU_Elastic","COMPUTE","Kcur_normed-4 (reshaped)","RESHAPE","",-1,1,-1,128,16,1,1,8192,0.000416,1,"chunk_size_1"
"CPU_Elastic","COMPUTE","Kcur-4","ROPE","",-1,2,-1,128,16,1,1,8192,0.005417,1,"chunk_size_1"
"CPU_Elastic","COMPUTE","Vcur-4","MUL_MAT","",-1,3,-1,2048,1,1,1,8192,0.148385,1,"chunk_size_1"
"CPU_Elastic","COMPUTE","Vcur-4","RESHAPE","",-1,4,-1,128,16,1,1,8192,0.000469,1,"chunk_size_1"
"CPU_Elastic","COMPUTE","Kcur-4 (view)","VIEW","",-1,5,-1,2048,1,1,1,8192,0.000417,1,"chunk_size_1"
"CPU_Elastic","COMPUTE","cache_k_l4 (view)","SET_ROWS","",-1,6,-1,2048,512,1,1,2097152,0.001927,1,"chunk_size_1"
"CPU_Elastic","COMPUTE","Vcur-4 (view)","VIEW","",-1,7,-1,2048,1,1,1,8192,0.000469,1,"chunk_size_1"
"CPU_Elastic","COMPUTE","cache_v_l4 (view)","SET_ROWS","",-1,8,-1,2048,512,1,1,2097152,0.001615,1,"chunk_size_1"
"CPU_Elastic","COMPUTE","cache_v_l4 (view)","VIEW","",-1,9,-1,128,16,256,1,1048576,0.000416,1,"chunk_size_1"
"CPU_Elastic","COMPUTE","cache_v_l4 (view) (permuted)","PERMUTE","",-1,10,-1,128,256,16,1,1048576,0.000573,1,"chunk_size_1"
"CPU_Elastic","COMPUTE","cache_v_l4 (view) (permuted) (transposed)","TRANSPOSE","",-1,11,-1,256,128,16,1,1048576,0.000417,1,"chunk_size_1"
"CPU_Elastic","COMPUTE","v_cont-4","CONT","",-1,12,-1,256,128,16,1,1048576,0.570834,1,"chunk_size_1"
"CPU_Elastic","COMPUTE","cache_k_l4 (view)","VIEW","",-1,13,-1,128,16,256,1,1048576,0.000468,1,"chunk_size_1"
"CPU_Elastic","COMPUTE","cache_k_l4 (view) (permuted)","PERMUTE","",-1,14,-1,128,256,16,1,1048576,0.000573,1,"chunk_size_1"
"CPU_Elastic","COMPUTE","Qcur-4 (view)","VIEW","",-1,15,-1,128,16,1,1,8192,0.000417,1,"chunk_size_1"
"CPU_Elastic","COMPUTE","Qcur-4 (view) (permuted)","PERMUTE","",-1,16,-1,128,1,16,1,8192,0.000416,1,"chunk_size_1"
"CPU_Elastic","COMPUTE","kq-4","MUL_MAT","",-1,17,-1,256,1,16,1,16384,0.038386,1,"chunk_size_1"
"CPU_Elastic","COMPUTE","kq_soft_max-4","SOFT_MAX","",-1,18,-1,256,1,16,1,16384,0.016198,1,"chunk_size_1"
"CPU_Elastic","COMPUTE","kqv-4","MUL_MAT","",-1,19,-1,128,1,16,1,8192,0.039323,1,"chunk_size_1"
"CPU_Elastic","COMPUTE","kqv-4 (permuted)","PERMUTE","",-1,20,-1,128,16,1,1,8192,0.000468,1,"chunk_size_1"
"CPU_Elastic","COMPUTE","kqv_out-4","CONT","",-1,21,-1,2048,1,1,1,8192,0.005417,1,"chunk_size_1"
"CPU_Elastic","COMPUTE","node_284","MUL_MAT","",-1,22,-1,2048,1,1,1,8192,0.098334,1,"chunk_size_1"
"CPU_Elastic","COMPUTE","ffn_inp-4","ADD","",-1,23,-1,2048,1,1,1,8192,0.004063,1,"chunk_size_1"
"CPU_Elastic","COMPUTE_GRAPH","ggml_cgraph","GRAPH","",-1,24,-1,0,0,0,0,0,0.940626,1,"delegate_cpu_graph"
"CPU_Elastic","COMPUTE","ffn_norm-4","MUL","",-1,0,-1,2048,1,1,1,8192,0.004427,1,"chunk_size_1"
"CPU_Elastic","COMPUTE","ffn_moe_logits-4","MUL_MAT","",-1,1,-1,64,1,1,1,256,0.014271,1,"chunk_size_1"
"CPU_Elastic","COMPUTE","ffn_moe_probs-4","SOFT_MAX","",-1,2,-1,64,1,1,1,256,0.000989,1,"chunk_size_1"
"CPU_Elastic","COMPUTE","ffn_moe_probs-4 (reshaped)","RESHAPE","",-1,3,-1,1,64,1,1,256,0.000573,1,"chunk_size_1"
"CPU_Elastic","COMPUTE","ffn_moe_argsort-4","ARGSORT","",-1,4,-1,64,1,1,1,256,0.011042,1,"chunk_size_1"
"CPU_Elastic","COMPUTE","ffn_moe_topk-4","VIEW","",-1,5,-1,8,1,1,1,32,0.000521,1,"chunk_size_1"
"CPU_Elastic","COMPUTE","ffn_moe_weights-4","GET_ROWS","",-1,6,-1,1,8,1,1,32,0.000469,1,"chunk_size_1"
"CPU_Elastic","COMPUTE","ffn_norm-4 (reshaped)","RESHAPE","",-1,7,-1,2048,1,1,1,8192,0.000521,1,"chunk_size_1"
"CPU_Elastic","COMPUTE","ffn_moe_gate-4","MUL_MAT_ID","",-1,8,-1,1024,8,1,1,32768,0.384375,1,"chunk_size_1"
"CPU_Elastic","COMPUTE","ffn_moe_up-4","MUL_MAT_ID","",-1,9,-1,1024,8,1,1,32768,0.395625,1,"chunk_size_1"
"CPU_Elastic","COMPUTE","ffn_moe_weighted-4","GLU","",-1,10,-1,1024,8,1,1,32768,0.025521,1,"chunk_size_1"
"CPU_Elastic","COMPUTE","ffn_moe_down-4","MUL_MAT_ID","",-1,11,-1,2048,8,1,1,65536,0.549062,1,"chunk_size_1"
"CPU_Elastic","COMPUTE","node_299","MUL","",-1,12,-1,2048,8,1,1,65536,0.029479,1,"chunk_size_1"
"CPU_Elastic","COMPUTE"," (view)","VIEW","",-1,13,-1,2048,1,1,1,8192,0.000573,1,"chunk_size_1"
"CPU_Elastic","COMPUTE","node_299 (view)","VIEW","",-1,14,-1,2048,1,1,1,8192,0.000417,1,"chunk_size_1"
"CPU_Elastic","COMPUTE","node_299 (view)","VIEW","",-1,15,-1,2048,1,1,1,8192,0.000521,1,"chunk_size_1"
"CPU_Elastic","COMPUTE","node_299 (view)","VIEW","",-1,16,-1,2048,1,1,1,8192,0.000365,1,"chunk_size_1"
"CPU_Elastic","COMPUTE","node_299 (view)","VIEW","",-1,17,-1,2048,1,1,1,8192,0.000417,1,"chunk_size_1"
"CPU_Elastic","COMPUTE","node_299 (view)","VIEW","",-1,18,-1,2048,1,1,1,8192,0.000416,1,"chunk_size_1"
"CPU_Elastic","COMPUTE","node_299 (view)","VIEW","",-1,19,-1,2048,1,1,1,8192,0.000521,1,"chunk_size_1"
"CPU_Elastic","COMPUTE","node_299 (view)","VIEW","",-1,20,-1,2048,1,1,1,8192,0.000416,1,"chunk_size_1"
"CPU_Elastic","COMPUTE","node_308","ADD","",-1,21,-1,2048,1,1,1,8192,0.023490,1,"chunk_size_1"
"CPU_Elastic","COMPUTE","node_309","ADD","",-1,22,-1,2048,1,1,1,8192,0.004427,1,"chunk_size_1"
"CPU_Elastic","COMPUTE","node_310","ADD","",-1,23,-1,2048,1,1,1,8192,0.005208,1,"chunk_size_1"
"CPU_Elastic","COMPUTE","node_311","ADD","",-1,24,-1,2048,1,1,1,8192,0.005000,1,"chunk_size_1"
"CPU_Elastic","COMPUTE","node_312","ADD","",-1,25,-1,2048,1,1,1,8192,0.004011,1,"chunk_size_1"
"CPU_Elastic","COMPUTE","node_313","ADD","",-1,26,-1,2048,1,1,1,8192,0.004375,1,"chunk_size_1"
"CPU_Elastic","COMPUTE","ffn_moe_out-4","ADD","",-1,27,-1,2048,1,1,1,8192,0.005052,1,"chunk_size_1"
"CPU_Elastic","COMPUTE","l_out-4","ADD","",-1,28,-1,2048,1,1,1,8192,0.005104,1,"chunk_size_1"
"CPU_Elastic","COMPUTE_GRAPH","ggml_cgraph","GRAPH","",-1,29,-1,0,0,0,0,0,1.477188,1,"delegate_cpu_graph"
"CPU_Elastic","COMPUTE","attn_norm-5","MUL","",-1,0,-1,2048,1,1,1,8192,0.004948,1,"chunk_size_1"
"CPU_Elastic","COMPUTE","Qcur-5","MUL_MAT","",-1,1,-1,2048,1,1,1,8192,0.098750,1,"chunk_size_1"
"CPU_Elastic","COMPUTE_GRAPH","ggml_cgraph","GRAPH","",-1,2,-1,0,0,0,0,0,0.103698,1,"delegate_cpu_graph"
"CPU_Elastic","COMPUTE","Qcur_normed-5","MUL","",-1,0,-1,2048,1,1,1,8192,0.005937,1,"chunk_size_1"
"CPU_Elastic","COMPUTE","Qcur_normed-5 (reshaped)","RESHAPE","",-1,1,-1,128,16,1,1,8192,0.000521,1,"chunk_size_1"
"CPU_Elastic","COMPUTE","Qcur-5","ROPE","",-1,2,-1,128,16,1,1,8192,0.004844,1,"chunk_size_1"
"CPU_Elastic","COMPUTE","Kcur-5","MUL_MAT","",-1,3,-1,2048,1,1,1,8192,0.099062,1,"chunk_size_1"
"CPU_Elastic","COMPUTE_GRAPH","ggml_cgraph","GRAPH","",-1,4,-1,0,0,0,0,0,0.110364,1,"delegate_cpu_graph"
"CPU_Elastic","COMPUTE","Kcur_normed-5","MUL","",-1,0,-1,2048,1,1,1,8192,0.005260,1,"chunk_size_1"
"CPU_Elastic","COMPUTE","Kcur_normed-5 (reshaped)","RESHAPE","",-1,1,-1,128,16,1,1,8192,0.000521,1,"chunk_size_1"
"CPU_Elastic","COMPUTE","Kcur-5","ROPE","",-1,2,-1,128,16,1,1,8192,0.005937,1,"chunk_size_1"
"CPU_Elastic","COMPUTE","Vcur-5","MUL_MAT","",-1,3,-1,2048,1,1,1,8192,0.116927,1,"chunk_size_1"
"CPU_Elastic","COMPUTE","Vcur-5","RESHAPE","",-1,4,-1,128,16,1,1,8192,0.000521,1,"chunk_size_1"
"CPU_Elastic","COMPUTE","Kcur-5 (view)","VIEW","",-1,5,-1,2048,1,1,1,8192,0.000469,1,"chunk_size_1"
"CPU_Elastic","COMPUTE","cache_k_l5 (view)","SET_ROWS","",-1,6,-1,2048,512,1,1,2097152,0.001823,1,"chunk_size_1"
"CPU_Elastic","COMPUTE","Vcur-5 (view)","VIEW","",-1,7,-1,2048,1,1,1,8192,0.000573,1,"chunk_size_1"
"CPU_Elastic","COMPUTE","cache_v_l5 (view)","SET_ROWS","",-1,8,-1,2048,512,1,1,2097152,0.001875,1,"chunk_size_1"
"CPU_Elastic","COMPUTE","cache_v_l5 (view)","VIEW","",-1,9,-1,128,16,256,1,1048576,0.000469,1,"chunk_size_1"
"CPU_Elastic","COMPUTE","cache_v_l5 (view) (permuted)","PERMUTE","",-1,10,-1,128,256,16,1,1048576,0.000468,1,"chunk_size_1"
"CPU_Elastic","COMPUTE","cache_v_l5 (view) (permuted) (transposed)","TRANSPOSE","",-1,11,-1,256,128,16,1,1048576,0.000521,1,"chunk_size_1"
"CPU_Elastic","COMPUTE","v_cont-5","CONT","",-1,12,-1,256,128,16,1,1048576,0.549792,1,"chunk_size_1"
"CPU_Elastic","COMPUTE","cache_k_l5 (view)","VIEW","",-1,13,-1,128,16,256,1,1048576,0.000469,1,"chunk_size_1"
"CPU_Elastic","COMPUTE","cache_k_l5 (view) (permuted)","PERMUTE","",-1,14,-1,128,256,16,1,1048576,0.000416,1,"chunk_size_1"
"CPU_Elastic","COMPUTE","Qcur-5 (view)","VIEW","",-1,15,-1,128,16,1,1,8192,0.000573,1,"chunk_size_1"
"CPU_Elastic","COMPUTE","Qcur-5 (view) (permuted)","PERMUTE","",-1,16,-1,128,1,16,1,8192,0.000416,1,"chunk_size_1"
"CPU_Elastic","COMPUTE","kq-5","MUL_MAT","",-1,17,-1,256,1,16,1,16384,0.038594,1,"chunk_size_1"
"CPU_Elastic","COMPUTE","kq_soft_max-5","SOFT_MAX","",-1,18,-1,256,1,16,1,16384,0.016459,1,"chunk_size_1"
"CPU_Elastic","COMPUTE","kqv-5","MUL_MAT","",-1,19,-1,128,1,16,1,8192,0.042656,1,"chunk_size_1"
"CPU_Elastic","COMPUTE","kqv-5 (permuted)","PERMUTE","",-1,20,-1,128,16,1,1,8192,0.000468,1,"chunk_size_1"
"CPU_Elastic","COMPUTE","kqv_out-5","CONT","",-1,21,-1,2048,1,1,1,8192,0.005520,1,"chunk_size_1"
"CPU_Elastic","COMPUTE","node_347","MUL_MAT","",-1,22,-1,2048,1,1,1,8192,0.098542,1,"chunk_size_1"
"CPU_Elastic","COMPUTE","ffn_inp-5","ADD","",-1,23,-1,2048,1,1,1,8192,0.005000,1,"chunk_size_1"
"CPU_Elastic","COMPUTE_GRAPH","ggml_cgraph","GRAPH","",-1,24,-1,0,0,0,0,0,0.894269,1,"delegate_cpu_graph"
"CPU_Elastic","COMPUTE","ffn_norm-5","MUL","",-1,0,-1,2048,1,1,1,8192,0.005886,1,"chunk_size_1"
"CPU_Elastic","COMPUTE","ffn_moe_logits-5","MUL_MAT","",-1,1,-1,64,1,1,1,256,0.013125,1,"chunk_size_1"
"CPU_Elastic","COMPUTE","ffn_moe_probs-5","SOFT_MAX","",-1,2,-1,64,1,1,1,256,0.000938,1,"chunk_size_1"
"CPU_Elastic","COMPUTE","ffn_moe_probs-5 (reshaped)","RESHAPE","",-1,3,-1,1,64,1,1,256,0.000468,1,"chunk_size_1"
"CPU_Elastic","COMPUTE","ffn_moe_argsort-5","ARGSORT","",-1,4,-1,64,1,1,1,256,0.011614,1,"chunk_size_1"
"CPU_Elastic","COMPUTE","ffn_moe_topk-5","VIEW","",-1,5,-1,8,1,1,1,32,0.000521,1,"chunk_size_1"
"CPU_Elastic","COMPUTE","ffn_moe_weights-5","GET_ROWS","",-1,6,-1,1,8,1,1,32,0.000573,1,"chunk_size_1"
"CPU_Elastic","COMPUTE","ffn_norm-5 (reshaped)","RESHAPE","",-1,7,-1,2048,1,1,1,8192,0.000416,1,"chunk_size_1"
"CPU_Elastic","COMPUTE","ffn_moe_gate-5","MUL_MAT_ID","",-1,8,-1,1024,8,1,1,32768,0.385572,1,"chunk_size_1"
"CPU_Elastic","COMPUTE","ffn_moe_up-5","MUL_MAT_ID","",-1,9,-1,1024,8,1,1,32768,0.378281,1,"chunk_size_1"
"CPU_Elastic","COMPUTE","ffn_moe_weighted-5","GLU","",-1,10,-1,1024,8,1,1,32768,0.008072,1,"chunk_size_1"
"CPU_Elastic","COMPUTE","ffn_moe_down-5","MUL_MAT_ID","",-1,11,-1,2048,8,1,1,65536,0.416823,1,"chunk_size_1"
"CPU_Elastic","COMPUTE","node_362","MUL","",-1,12,-1,2048,8,1,1,65536,0.029063,1,"chunk_size_1"
"CPU_Elastic","COMPUTE"," (view)","VIEW","",-1,13,-1,2048,1,1,1,8192,0.000469,1,"chunk_size_1"
"CPU_Elastic","COMPUTE","node_362 (view)","VIEW","",-1,14,-1,2048,1,1,1,8192,0.000417,1,"chunk_size_1"
"CPU_Elastic","COMPUTE","node_362 (view)","VIEW","",-1,15,-1,2048,1,1,1,8192,0.000469,1,"chunk_size_1"
"CPU_Elastic","COMPUTE","node_362 (view)","VIEW","",-1,16,-1,2048,1,1,1,8192,0.000520,1,"chunk_size_1"
"CPU_Elastic","COMPUTE","node_362 (view)","VIEW","",-1,17,-1,2048,1,1,1,8192,0.000365,1,"chunk_size_1"
"CPU_Elastic","COMPUTE","node_362 (view)","VIEW","",-1,18,-1,2048,1,1,1,8192,0.000469,1,"chunk_size_1"
"CPU_Elastic","COMPUTE","node_362 (view)","VIEW","",-1,19,-1,2048,1,1,1,8192,0.000469,1,"chunk_size_1"
"CPU_Elastic","COMPUTE","node_362 (view)","VIEW","",-1,20,-1,2048,1,1,1,8192,0.000469,1,"chunk_size_1"
"CPU_Elastic","COMPUTE","node_371","ADD","",-1,21,-1,2048,1,1,1,8192,0.005260,1,"chunk_size_1"
"CPU_Elastic","COMPUTE","node_372","ADD","",-1,22,-1,2048,1,1,1,8192,0.003802,1,"chunk_size_1"
"CPU_Elastic","COMPUTE","node_373","ADD","",-1,23,-1,2048,1,1,1,8192,0.003906,1,"chunk_size_1"
"CPU_Elastic","COMPUTE","node_374","ADD","",-1,24,-1,2048,1,1,1,8192,0.005365,1,"chunk_size_1"
"CPU_Elastic","COMPUTE","node_375","ADD","",-1,25,-1,2048,1,1,1,8192,0.004948,1,"chunk_size_1"
"CPU_Elastic","COMPUTE","node_376","ADD","",-1,26,-1,2048,1,1,1,8192,0.004427,1,"chunk_size_1"
"CPU_Elastic","COMPUTE","ffn_moe_out-5","ADD","",-1,27,-1,2048,1,1,1,8192,0.005156,1,"chunk_size_1"
"CPU_Elastic","COMPUTE","l_out-5","ADD","",-1,28,-1,2048,1,1,1,8192,0.004792,1,"chunk_size_1"
"CPU_Elastic","COMPUTE_GRAPH","ggml_cgraph","GRAPH","",-1,29,-1,0,0,0,0,0,1.292655,1,"delegate_cpu_graph"
"CPU_Elastic","COMPUTE","attn_norm-6","MUL","",-1,0,-1,2048,1,1,1,8192,0.005781,1,"chunk_size_1"
"CPU_Elastic","COMPUTE","Qcur-6","MUL_MAT","",-1,1,-1,2048,1,1,1,8192,0.099791,1,"chunk_size_1"
"CPU_Elastic","COMPUTE_GRAPH","ggml_cgraph","GRAPH","",-1,2,-1,0,0,0,0,0,0.105572,1,"delegate_cpu_graph"
"CPU_Elastic","COMPUTE","Qcur_normed-6","MUL","",-1,0,-1,2048,1,1,1,8192,0.005573,1,"chunk_size_1"
"CPU_Elastic","COMPUTE","Qcur_normed-6 (reshaped)","RESHAPE","",-1,1,-1,128,16,1,1,8192,0.000573,1,"chunk_size_1"
"CPU_Elastic","COMPUTE","Qcur-6","ROPE","",-1,2,-1,128,16,1,1,8192,0.006146,1,"chunk_size_1"
"CPU_Elastic","COMPUTE","Kcur-6","MUL_MAT","",-1,3,-1,2048,1,1,1,8192,0.098125,1,"chunk_size_1"
"CPU_Elastic","COMPUTE_GRAPH","ggml_cgraph","GRAPH","",-1,4,-1,0,0,0,0,0,0.110417,1,"delegate_cpu_graph"
"CPU_Elastic","COMPUTE","Kcur_normed-6","MUL","",-1,0,-1,2048,1,1,1,8192,0.005000,1,"chunk_size_1"
"CPU_Elastic","COMPUTE","Kcur_normed-6 (reshaped)","RESHAPE","",-1,1,-1,128,16,1,1,8192,0.000469,1,"chunk_size_1"
"CPU_Elastic","COMPUTE","Kcur-6","ROPE","",-1,2,-1,128,16,1,1,8192,0.005937,1,"chunk_size_1"
"CPU_Elastic","COMPUTE","Vcur-6","MUL_MAT","",-1,3,-1,2048,1,1,1,8192,0.098333,1,"chunk_size_1"
"CPU_Elastic","COMPUTE","Vcur-6","RESHAPE","",-1,4,-1,128,16,1,1,8192,0.000677,1,"chunk_size_1"
"CPU_Elastic","COMPUTE","Kcur-6 (view)","VIEW","",-1,5,-1,2048,1,1,1,8192,0.000520,1,"chunk_size_1"
"CPU_Elastic","COMPUTE","cache_k_l6 (view)","SET_ROWS","",-1,6,-1,2048,512,1,1,2097152,0.001667,1,"chunk_size_1"
"CPU_Elastic","COMPUTE","Vcur-6 (view)","VIEW","",-1,7,-1,2048,1,1,1,8192,0.000521,1,"chunk_size_1"
"CPU_Elastic","COMPUTE","cache_v_l6 (view)","SET_ROWS","",-1,8,-1,2048,512,1,1,2097152,0.001667,1,"chunk_size_1"
"CPU_Elastic","COMPUTE","cache_v_l6 (view)","VIEW","",-1,9,-1,128,16,256,1,1048576,0.000417,1,"chunk_size_1"
"CPU_Elastic","COMPUTE","cache_v_l6 (view) (permuted)","PERMUTE","",-1,10,-1,128,256,16,1,1048576,0.000417,1,"chunk_size_1"
"CPU_Elastic","COMPUTE","cache_v_l6 (view) (permuted) (transposed)","TRANSPOSE","",-1,11,-1,256,128,16,1,1048576,0.000364,1,"chunk_size_1"
"CPU_Elastic","COMPUTE","v_cont-6","CONT","",-1,12,-1,256,128,16,1,1048576,0.552396,1,"chunk_size_1"
"CPU_Elastic","COMPUTE","cache_k_l6 (view)","VIEW","",-1,13,-1,128,16,256,1,1048576,0.000573,1,"chunk_size_1"
"CPU_Elastic","COMPUTE","cache_k_l6 (view) (permuted)","PERMUTE","",-1,14,-1,128,256,16,1,1048576,0.000521,1,"chunk_size_1"
"CPU_Elastic","COMPUTE","Qcur-6 (view)","VIEW","",-1,15,-1,128,16,1,1,8192,0.000416,1,"chunk_size_1"
"CPU_Elastic","COMPUTE","Qcur-6 (view) (permuted)","PERMUTE","",-1,16,-1,128,1,16,1,8192,0.000521,1,"chunk_size_1"
"CPU_Elastic","COMPUTE","kq-6","MUL_MAT","",-1,17,-1,256,1,16,1,16384,0.038906,1,"chunk_size_1"
"CPU_Elastic","COMPUTE","kq_soft_max-6","SOFT_MAX","",-1,18,-1,256,1,16,1,16384,0.016198,1,"chunk_size_1"
"CPU_Elastic","COMPUTE","kqv-6","MUL_MAT","",-1,19,-1,128,1,16,1,8192,0.042136,1,"chunk_size_1"
"CPU_Elastic","COMPUTE","kqv-6 (permuted)","PERMUTE","",-1,20,-1,128,16,1,1,8192,0.000573,1,"chunk_size_1"
"CPU_Elastic","COMPUTE","kqv_out-6","CONT","",-1,21,-1,2048,1,1,1,8192,0.005104,1,"chunk_size_1"
"CPU_Elastic","COMPUTE","node_410","MUL_MAT","",-1,22,-1,2048,1,1,1,8192,0.100052,1,"chunk_size_1"
"CPU_Elastic","COMPUTE","ffn_inp-6","ADD","",-1,23,-1,2048,1,1,1,8192,0.005521,1,"chunk_size_1"
"CPU_Elastic","COMPUTE_GRAPH","ggml_cgraph","GRAPH","",-1,24,-1,0,0,0,0,0,0.878906,1,"delegate_cpu_graph"
"CPU_Elastic","COMPUTE","ffn_norm-6","MUL","",-1,0,-1,2048,1,1,1,8192,0.005157,1,"chunk_size_1"
"CPU_Elastic","COMPUTE","ffn_moe_logits-6","MUL_MAT","",-1,1,-1,64,1,1,1,256,0.014896,1,"chunk_size_1"
"CPU_Elastic","COMPUTE","ffn_moe_probs-6","SOFT_MAX","",-1,2,-1,64,1,1,1,256,0.000938,1,"chunk_size_1"
"CPU_Elastic","COMPUTE","ffn_moe_probs-6 (reshaped)","RESHAPE","",-1,3,-1,1,64,1,1,256,0.000417,1,"chunk_size_1"
"CPU_Elastic","COMPUTE","ffn_moe_argsort-6","ARGSORT","",-1,4,-1,64,1,1,1,256,0.010156,1,"chunk_size_1"
"CPU_Elastic","COMPUTE","ffn_moe_topk-6","VIEW","",-1,5,-1,8,1,1,1,32,0.000677,1,"chunk_size_1"
"CPU_Elastic","COMPUTE","ffn_moe_weights-6","GET_ROWS","",-1,6,-1,1,8,1,1,32,0.000469,1,"chunk_size_1"
"CPU_Elastic","COMPUTE","ffn_norm-6 (reshaped)","RESHAPE","",-1,7,-1,2048,1,1,1,8192,0.000416,1,"chunk_size_1"
"CPU_Elastic","COMPUTE","ffn_moe_gate-6","MUL_MAT_ID","",-1,8,-1,1024,8,1,1,32768,0.385261,1,"chunk_size_1"
"CPU_Elastic","COMPUTE","ffn_moe_up-6","MUL_MAT_ID","",-1,9,-1,1024,8,1,1,32768,0.377083,1,"chunk_size_1"
"CPU_Elastic","COMPUTE","ffn_moe_weighted-6","GLU","",-1,10,-1,1024,8,1,1,32768,0.025625,1,"chunk_size_1"
"CPU_Elastic","COMPUTE","ffn_moe_down-6","MUL_MAT_ID","",-1,11,-1,2048,8,1,1,65536,0.414844,1,"chunk_size_1"
"CPU_Elastic","COMPUTE","node_425","MUL","",-1,12,-1,2048,8,1,1,65536,0.029271,1,"chunk_size_1"
"CPU_Elastic","COMPUTE"," (view)","VIEW","",-1,13,-1,2048,1,1,1,8192,0.000781,1,"chunk_size_1"
"CPU_Elastic","COMPUTE","node_425 (view)","VIEW","",-1,14,-1,2048,1,1,1,8192,0.000417,1,"chunk_size_1"
"CPU_Elastic","COMPUTE","node_425 (view)","VIEW","",-1,15,-1,2048,1,1,1,8192,0.000416,1,"chunk_size_1"
"CPU_Elastic","COMPUTE","node_425 (view)","VIEW","",-1,16,-1,2048,1,1,1,8192,0.000573,1,"chunk_size_1"
"CPU_Elastic","COMPUTE","node_425 (view)","VIEW","",-1,17,-1,2048,1,1,1,8192,0.000521,1,"chunk_size_1"
"CPU_Elastic","COMPUTE","node_425 (view)","VIEW","",-1,18,-1,2048,1,1,1,8192,0.000469,1,"chunk_size_1"
"CPU_Elastic","COMPUTE","node_425 (view)","VIEW","",-1,19,-1,2048,1,1,1,8192,0.000417,1,"chunk_size_1"
"CPU_Elastic","COMPUTE","node_425 (view)","VIEW","",-1,20,-1,2048,1,1,1,8192,0.000521,1,"chunk_size_1"
"CPU_Elastic","COMPUTE","node_434","ADD","",-1,21,-1,2048,1,1,1,8192,0.005104,1,"chunk_size_1"
"CPU_Elastic","COMPUTE","node_435","ADD","",-1,22,-1,2048,1,1,1,8192,0.005312,1,"chunk_size_1"
"CPU_Elastic","COMPUTE","node_436","ADD","",-1,23,-1,2048,1,1,1,8192,0.005834,1,"chunk_size_1"
"CPU_Elastic","COMPUTE","node_437","ADD","",-1,24,-1,2048,1,1,1,8192,0.005625,1,"chunk_size_1"
"CPU_Elastic","COMPUTE","node_438","ADD","",-1,25,-1,2048,1,1,1,8192,0.004896,1,"chunk_size_1"
"CPU_Elastic","COMPUTE","node_439","ADD","",-1,26,-1,2048,1,1,1,8192,0.003594,1,"chunk_size_1"
"CPU_Elastic","COMPUTE","ffn_moe_out-6","ADD","",-1,27,-1,2048,1,1,1,8192,0.003750,1,"chunk_size_1"
"CPU_Elastic","COMPUTE","l_out-6","ADD","",-1,28,-1,2048,1,1,1,8192,0.004948,1,"chunk_size_1"
"CPU_Elastic","COMPUTE_GRAPH","ggml_cgraph","GRAPH","",-1,29,-1,0,0,0,0,0,1.308388,1,"delegate_cpu_graph"
"CPU_Elastic","COMPUTE","attn_norm-7","MUL","",-1,0,-1,2048,1,1,1,8192,0.005260,1,"chunk_size_1"
"CPU_Elastic","COMPUTE","Qcur-7","MUL_MAT","",-1,1,-1,2048,1,1,1,8192,0.098906,1,"chunk_size_1"
"CPU_Elastic","COMPUTE_GRAPH","ggml_cgraph","GRAPH","",-1,2,-1,0,0,0,0,0,0.104166,1,"delegate_cpu_graph"
"CPU_Elastic","COMPUTE","Qcur_normed-7","MUL","",-1,0,-1,2048,1,1,1,8192,0.005312,1,"chunk_size_1"
"CPU_Elastic","COMPUTE","Qcur_normed-7 (reshaped)","RESHAPE","",-1,1,-1,128,16,1,1,8192,0.000521,1,"chunk_size_1"
"CPU_Elastic","COMPUTE","Qcur-7","ROPE","",-1,2,-1,128,16,1,1,8192,0.006458,1,"chunk_size_1"
"CPU_Elastic","COMPUTE","Kcur-7","MUL_MAT","",-1,3,-1,2048,1,1,1,8192,0.099167,1,"chunk_size_1"
"CPU_Elastic","COMPUTE_GRAPH","ggml_cgraph","GRAPH","",-1,4,-1,0,0,0,0,0,0.111458,1,"delegate_cpu_graph"
"CPU_Elastic","COMPUTE","Kcur_normed-7","MUL","",-1,0,-1,2048,1,1,1,8192,0.005521,1,"chunk_size_1"
"CPU_Elastic","COMPUTE","Kcur_normed-7 (reshaped)","RESHAPE","",-1,1,-1,128,16,1,1,8192,0.000677,1,"chunk_size_1"
"CPU_Elastic","COMPUTE","Kcur-7","ROPE","",-1,2,-1,128,16,1,1,8192,0.004427,1,"chunk_size_1"
"CPU_Elastic","COMPUTE","Vcur-7","MUL_MAT","",-1,3,-1,2048,1,1,1,8192,0.148906,1,"chunk_size_1"
"CPU_Elastic","COMPUTE","Vcur-7","RESHAPE","",-1,4,-1,128,16,1,1,8192,0.000521,1,"chunk_size_1"
"CPU_Elastic","COMPUTE","Kcur-7 (view)","VIEW","",-1,5,-1,2048,1,1,1,8192,0.000521,1,"chunk_size_1"
"CPU_Elastic","COMPUTE","cache_k_l7 (view)","SET_ROWS","",-1,6,-1,2048,512,1,1,2097152,0.001719,1,"chunk_size_1"
"CPU_Elastic","COMPUTE","Vcur-7 (view)","VIEW","",-1,7,-1,2048,1,1,1,8192,0.000469,1,"chunk_size_1"
"CPU_Elastic","COMPUTE","cache_v_l7 (view)","SET_ROWS","",-1,8,-1,2048,512,1,1,2097152,0.001666,1,"chunk_size_1"
"CPU_Elastic","COMPUTE","cache_v_l7 (view)","VIEW","",-1,9,-1,128,16,256,1,1048576,0.000468,1,"chunk_size_1"
"CPU_Elastic","COMPUTE","cache_v_l7 (view) (permuted)","PERMUTE","",-1,10,-1,128,256,16,1,1048576,0.000417,1,"chunk_size_1"
"CPU_Elastic","COMPUTE","cache_v_l7 (view) (permuted) (transposed)","TRANSPOSE","",-1,11,-1,256,128,16,1,1048576,0.000521,1,"chunk_size_1"
"CPU_Elastic","COMPUTE","v_cont-7","CONT","",-1,12,-1,256,128,16,1,1048576,0.548906,1,"chunk_size_1"
"CPU_Elastic","COMPUTE","cache_k_l7 (view)","VIEW","",-1,13,-1,128,16,256,1,1048576,0.000573,1,"chunk_size_1"
"CPU_Elastic","COMPUTE","cache_k_l7 (view) (permuted)","PERMUTE","",-1,14,-1,128,256,16,1,1048576,0.000469,1,"chunk_size_1"
"CPU_Elastic","COMPUTE","Qcur-7 (view)","VIEW","",-1,15,-1,128,16,1,1,8192,0.000417,1,"chunk_size_1"
"CPU_Elastic","COMPUTE","Qcur-7 (view) (permuted)","PERMUTE","",-1,16,-1,128,1,16,1,8192,0.000468,1,"chunk_size_1"
"CPU_Elastic","COMPUTE","kq-7","MUL_MAT","",-1,17,-1,256,1,16,1,16384,0.039427,1,"chunk_size_1"
"CPU_Elastic","COMPUTE","kq_soft_max-7","SOFT_MAX","",-1,18,-1,256,1,16,1,16384,0.015729,1,"chunk_size_1"
"CPU_Elastic","COMPUTE","kqv-7","MUL_MAT","",-1,19,-1,128,1,16,1,8192,0.042604,1,"chunk_size_1"
"CPU_Elastic","COMPUTE","kqv-7 (permuted)","PERMUTE","",-1,20,-1,128,16,1,1,8192,0.000417,1,"chunk_size_1"
"CPU_Elastic","COMPUTE","kqv_out-7","CONT","",-1,21,-1,2048,1,1,1,8192,0.004479,1,"chunk_size_1"
"CPU_Elastic","COMPUTE","node_473","MUL_MAT","",-1,22,-1,2048,1,1,1,8192,0.099739,1,"chunk_size_1"
"CPU_Elastic","COMPUTE","ffn_inp-7","ADD","",-1,23,-1,2048,1,1,1,8192,0.005156,1,"chunk_size_1"
"CPU_Elastic","COMPUTE_GRAPH","ggml_cgraph","GRAPH","",-1,24,-1,0,0,0,0,0,0.924217,1,"delegate_cpu_graph"
"CPU_Elastic","COMPUTE","ffn_norm-7","MUL","",-1,0,-1,2048,1,1,1,8192,0.004844,1,"chunk_size_1"
"CPU_Elastic","COMPUTE","ffn_moe_logits-7","MUL_MAT","",-1,1,-1,64,1,1,1,256,0.014219,1,"chunk_size_1"
"CPU_Elastic","COMPUTE","ffn_moe_probs-7","SOFT_MAX","",-1,2,-1,64,1,1,1,256,0.000938,1,"chunk_size_1"
"CPU_Elastic","COMPUTE","ffn_moe_probs-7 (reshaped)","RESHAPE","",-1,3,-1,1,64,1,1,256,0.000469,1,"chunk_size_1"
"CPU_Elastic","COMPUTE","ffn_moe_argsort-7","ARGSORT","",-1,4,-1,64,1,1,1,256,0.011198,1,"chunk_size_1"
"CPU_Elastic","COMPUTE","ffn_moe_topk-7","VIEW","",-1,5,-1,8,1,1,1,32,0.000521,1,"chunk_size_1"
"CPU_Elastic","COMPUTE","ffn_moe_weights-7","GET_ROWS","",-1,6,-1,1,8,1,1,32,0.000729,1,"chunk_size_1"
"CPU_Elastic","COMPUTE","ffn_norm-7 (reshaped)","RESHAPE","",-1,7,-1,2048,1,1,1,8192,0.000469,1,"chunk_size_1"
"CPU_Elastic","COMPUTE","ffn_moe_gate-7","MUL_MAT_ID","",-1,8,-1,1024,8,1,1,32768,0.385052,1,"chunk_size_1"
"CPU_Elastic","COMPUTE","ffn_moe_up-7","MUL_MAT_ID","",-1,9,-1,1024,8,1,1,32768,0.400521,1,"chunk_size_1"
"CPU_Elastic","COMPUTE","ffn_moe_weighted-7","GLU","",-1,10,-1,1024,8,1,1,32768,0.026771,1,"chunk_size_1"
"CPU_Elastic","COMPUTE","ffn_moe_down-7","MUL_MAT_ID","",-1,11,-1,2048,8,1,1,65536,0.545104,1,"chunk_size_1"
"CPU_Elastic","COMPUTE","node_488","MUL","",-1,12,-1,2048,8,1,1,65536,0.031718,1,"chunk_size_1"
"CPU_Elastic","COMPUTE"," (view)","VIEW","",-1,13,-1,2048,1,1,1,8192,0.000521,1,"chunk_size_1"
"CPU_Elastic","COMPUTE","node_488 (view)","VIEW","",-1,14,-1,2048,1,1,1,8192,0.000573,1,"chunk_size_1"
"CPU_Elastic","COMPUTE","node_488 (view)","VIEW","",-1,15,-1,2048,1,1,1,8192,0.000469,1,"chunk_size_1"
"CPU_Elastic","COMPUTE","node_488 (view)","VIEW","",-1,16,-1,2048,1,1,1,8192,0.000417,1,"chunk_size_1"
"CPU_Elastic","COMPUTE","node_488 (view)","VIEW","",-1,17,-1,2048,1,1,1,8192,0.000469,1,"chunk_size_1"
"CPU_Elastic","COMPUTE","node_488 (view)","VIEW","",-1,18,-1,2048,1,1,1,8192,0.000469,1,"chunk_size_1"
"CPU_Elastic","COMPUTE","node_488 (view)","VIEW","",-1,19,-1,2048,1,1,1,8192,0.000417,1,"chunk_size_1"
"CPU_Elastic","COMPUTE","node_488 (view)","VIEW","",-1,20,-1,2048,1,1,1,8192,0.000469,1,"chunk_size_1"
"CPU_Elastic","COMPUTE","node_497","ADD","",-1,21,-1,2048,1,1,1,8192,0.004219,1,"chunk_size_1"
"CPU_Elastic","COMPUTE","node_498","ADD","",-1,22,-1,2048,1,1,1,8192,0.004584,1,"chunk_size_1"
"CPU_Elastic","COMPUTE","node_499","ADD","",-1,23,-1,2048,1,1,1,8192,0.003698,1,"chunk_size_1"
"CPU_Elastic","COMPUTE","node_500","ADD","",-1,24,-1,2048,1,1,1,8192,0.004323,1,"chunk_size_1"
"CPU_Elastic","COMPUTE","node_501","ADD","",-1,25,-1,2048,1,1,1,8192,0.004479,1,"chunk_size_1"
"CPU_Elastic","COMPUTE","node_502","ADD","",-1,26,-1,2048,1,1,1,8192,0.004531,1,"chunk_size_1"
"CPU_Elastic","COMPUTE","ffn_moe_out-7","ADD","",-1,27,-1,2048,1,1,1,8192,0.003750,1,"chunk_size_1"
"CPU_Elastic","COMPUTE","l_out-7","ADD","",-1,28,-1,2048,1,1,1,8192,0.004740,1,"chunk_size_1"
"CPU_Elastic","COMPUTE_GRAPH","ggml_cgraph","GRAPH","",-1,29,-1,0,0,0,0,0,1.460681,1,"delegate_cpu_graph"
"CPU_Elastic","COMPUTE","attn_norm-8","MUL","",-1,0,-1,2048,1,1,1,8192,0.004792,1,"chunk_size_1"
"CPU_Elastic","COMPUTE","Qcur-8","MUL_MAT","",-1,1,-1,2048,1,1,1,8192,0.097761,1,"chunk_size_1"
"CPU_Elastic","COMPUTE_GRAPH","ggml_cgraph","GRAPH","",-1,2,-1,0,0,0,0,0,0.102553,1,"delegate_cpu_graph"
"CPU_Elastic","COMPUTE","Qcur_normed-8","MUL","",-1,0,-1,2048,1,1,1,8192,0.005417,1,"chunk_size_1"
"CPU_Elastic","COMPUTE","Qcur_normed-8 (reshaped)","RESHAPE","",-1,1,-1,128,16,1,1,8192,0.000677,1,"chunk_size_1"
"CPU_Elastic","COMPUTE","Qcur-8","ROPE","",-1,2,-1,128,16,1,1,8192,0.005937,1,"chunk_size_1"
"CPU_Elastic","COMPUTE","Kcur-8","MUL_MAT","",-1,3,-1,2048,1,1,1,8192,0.099792,1,"chunk_size_1"
"CPU_Elastic","COMPUTE_GRAPH","ggml_cgraph","GRAPH","",-1,4,-1,0,0,0,0,0,0.111823,1,"delegate_cpu_graph"
"CPU_Elastic","COMPUTE","Kcur_normed-8","MUL","",-1,0,-1,2048,1,1,1,8192,0.004583,1,"chunk_size_1"
"CPU_Elastic","COMPUTE","Kcur_normed-8 (reshaped)","RESHAPE","",-1,1,-1,128,16,1,1,8192,0.000521,1,"chunk_size_1"
"CPU_Elastic","COMPUTE","Kcur-8","ROPE","",-1,2,-1,128,16,1,1,8192,0.004740,1,"chunk_size_1"
"CPU_Elastic","COMPUTE","Vcur-8","MUL_MAT","",-1,3,-1,2048,1,1,1,8192,0.099062,1,"chunk_size_1"
"CPU_Elastic","COMPUTE","Vcur-8","RESHAPE","",-1,4,-1,128,16,1,1,8192,0.000573,1,"chunk_size_1"
"CPU_Elastic","COMPUTE","Kcur-8 (view)","VIEW","",-1,5,-1,2048,1,1,1,8192,0.000417,1,"chunk_size_1"
"CPU_Elastic","COMPUTE","cache_k_l8 (view)","SET_ROWS","",-1,6,-1,2048,512,1,1,2097152,0.001875,1,"chunk_size_1"
"CPU_Elastic","COMPUTE","Vcur-8 (view)","VIEW","",-1,7,-1,2048,1,1,1,8192,0.000417,1,"chunk_size_1"
"CPU_Elastic","COMPUTE","cache_v_l8 (view)","SET_ROWS","",-1,8,-1,2048,512,1,1,2097152,0.001615,1,"chunk_size_1"
"CPU_Elastic","COMPUTE","cache_v_l8 (view)","VIEW","",-1,9,-1,128,16,256,1,1048576,0.000417,1,"chunk_size_1"
"CPU_Elastic","COMPUTE","cache_v_l8 (view) (permuted)","PERMUTE","",-1,10,-1,128,256,16,1,1048576,0.000573,1,"chunk_size_1"
"CPU_Elastic","COMPUTE","cache_v_l8 (view) (permuted) (transposed)","TRANSPOSE","",-1,11,-1,256,128,16,1,1048576,0.000416,1,"chunk_size_1"
"CPU_Elastic","COMPUTE","v_cont-8","CONT","",-1,12,-1,256,128,16,1,1048576,0.550365,1,"chunk_size_1"
"CPU_Elastic","COMPUTE","cache_k_l8 (view)","VIEW","",-1,13,-1,128,16,256,1,1048576,0.000521,1,"chunk_size_1"
"CPU_Elastic","COMPUTE","cache_k_l8 (view) (permuted)","PERMUTE","",-1,14,-1,128,256,16,1,1048576,0.000520,1,"chunk_size_1"
"CPU_Elastic","COMPUTE","Qcur-8 (view)","VIEW","",-1,15,-1,128,16,1,1,8192,0.000417,1,"chunk_size_1"
"CPU_Elastic","COMPUTE","Qcur-8 (view) (permuted)","PERMUTE","",-1,16,-1,128,1,16,1,8192,0.000364,1,"chunk_size_1"
"CPU_Elastic","COMPUTE","kq-8","MUL_MAT","",-1,17,-1,256,1,16,1,16384,0.040052,1,"chunk_size_1"
"CPU_Elastic","COMPUTE","kq_soft_max-8","SOFT_MAX","",-1,18,-1,256,1,16,1,16384,0.017291,1,"chunk_size_1"
"CPU_Elastic","COMPUTE","kqv-8","MUL_MAT","",-1,19,-1,128,1,16,1,8192,0.043854,1,"chunk_size_1"
"CPU_Elastic","COMPUTE","kqv-8 (permuted)","PERMUTE","",-1,20,-1,128,16,1,1,8192,0.000469,1,"chunk_size_1"
"CPU_Elastic","COMPUTE","kqv_out-8","CONT","",-1,21,-1,2048,1,1,1,8192,0.003906,1,"chunk_size_1"
"CPU_Elastic","COMPUTE","node_536","MUL_MAT","",-1,22,-1,2048,1,1,1,8192,0.099271,1,"chunk_size_1"
"CPU_Elastic","COMPUTE","ffn_inp-8","ADD","",-1,23,-1,2048,1,1,1,8192,0.005365,1,"chunk_size_1"
"CPU_Elastic","COMPUTE_GRAPH","ggml_cgraph","GRAPH","",-1,24,-1,0,0,0,0,0,0.877604,1,"delegate_cpu_graph"
"CPU_Elastic","COMPUTE","ffn_norm-8","MUL","",-1,0,-1,2048,1,1,1,8192,0.005156,1,"chunk_size_1"
"CPU_Elastic","COMPUTE","ffn_moe_logits-8","MUL_MAT","",-1,1,-1,64,1,1,1,256,0.013542,1,"chunk_size_1"
"CPU_Elastic","COMPUTE","ffn_moe_probs-8","SOFT_MAX","",-1,2,-1,64,1,1,1,256,0.000885,1,"chunk_size_1"
"CPU_Elastic","COMPUTE","ffn_moe_probs-8 (reshaped)","RESHAPE","",-1,3,-1,1,64,1,1,256,0.000573,1,"chunk_size_1"
"CPU_Elastic","COMPUTE","ffn_moe_argsort-8","ARGSORT","",-1,4,-1,64,1,1,1,256,0.012916,1,"chunk_size_1"
"CPU_Elastic","COMPUTE","ffn_moe_topk-8","VIEW","",-1,5,-1,8,1,1,1,32,0.000625,1,"chunk_size_1"
"CPU_Elastic","COMPUTE","ffn_moe_weights-8","GET_ROWS","",-1,6,-1,1,8,1,1,32,0.000468,1,"chunk_size_1"
"CPU_Elastic","COMPUTE","ffn_norm-8 (reshaped)","RESHAPE","",-1,7,-1,2048,1,1,1,8192,0.000521,1,"chunk_size_1"
"CPU_Elastic","COMPUTE","ffn_moe_gate-8","MUL_MAT_ID","",-1,8,-1,1024,8,1,1,32768,0.390833,1,"chunk_size_1"
"CPU_Elastic","COMPUTE","ffn_moe_up-8","MUL_MAT_ID","",-1,9,-1,1024,8,1,1,32768,0.568490,1,"chunk_size_1"
"CPU_Elastic","COMPUTE","ffn_moe_weighted-8","GLU","",-1,10,-1,1024,8,1,1,32768,0.026406,1,"chunk_size_1"
"CPU_Elastic","COMPUTE","ffn_moe_down-8","MUL_MAT_ID","",-1,11,-1,2048,8,1,1,65536,0.420520,1,"chunk_size_1"
"CPU_Elastic","COMPUTE","node_551","MUL","",-1,12,-1,2048,8,1,1,65536,0.031719,1,"chunk_size_1"
"CPU_Elastic","COMPUTE"," (view)","VIEW","",-1,13,-1,2048,1,1,1,8192,0.000573,1,"chunk_size_1"
"CPU_Elastic","COMPUTE","node_551 (view)","VIEW","",-1,14,-1,2048,1,1,1,8192,0.000416,1,"chunk_size_1"
"CPU_Elastic","COMPUTE","node_551 (view)","VIEW","",-1,15,-1,2048,1,1,1,8192,0.000573,1,"chunk_size_1"
"CPU_Elastic","COMPUTE","node_551 (view)","VIEW","",-1,16,-1,2048,1,1,1,8192,0.000417,1,"chunk_size_1"
"CPU_Elastic","COMPUTE","node_551 (view)","VIEW","",-1,17,-1,2048,1,1,1,8192,0.000417,1,"chunk_size_1"
"CPU_Elastic","COMPUTE","node_551 (view)","VIEW","",-1,18,-1,2048,1,1,1,8192,0.000417,1,"chunk_size_1"
"CPU_Elastic","COMPUTE","node_551 (view)","VIEW","",-1,19,-1,2048,1,1,1,8192,0.000469,1,"chunk_size_1"
"CPU_Elastic","COMPUTE","node_551 (view)","VIEW","",-1,20,-1,2048,1,1,1,8192,0.000417,1,"chunk_size_1"
"CPU_Elastic","COMPUTE","node_560","ADD","",-1,21,-1,2048,1,1,1,8192,0.005312,1,"chunk_size_1"
"CPU_Elastic","COMPUTE","node_561","ADD","",-1,22,-1,2048,1,1,1,8192,0.005677,1,"chunk_size_1"
"CPU_Elastic","COMPUTE","node_562","ADD","",-1,23,-1,2048,1,1,1,8192,0.004583,1,"chunk_size_1"
"CPU_Elastic","COMPUTE","node_563","ADD","",-1,24,-1,2048,1,1,1,8192,0.005365,1,"chunk_size_1"
"CPU_Elastic","COMPUTE","node_564","ADD","",-1,25,-1,2048,1,1,1,8192,0.004583,1,"chunk_size_1"
"CPU_Elastic","COMPUTE","node_565","ADD","",-1,26,-1,2048,1,1,1,8192,0.005364,1,"chunk_size_1"
"CPU_Elastic","COMPUTE","ffn_moe_out-8","ADD","",-1,27,-1,2048,1,1,1,8192,0.005104,1,"chunk_size_1"
"CPU_Elastic","COMPUTE","l_out-8","ADD","",-1,28,-1,2048,1,1,1,8192,0.003906,1,"chunk_size_1"
"CPU_Elastic","COMPUTE_GRAPH","ggml_cgraph","GRAPH","",-1,29,-1,0,0,0,0,0,1.516247,1,"delegate_cpu_graph"
"CPU_Elastic","COMPUTE","attn_norm-9","MUL","",-1,0,-1,2048,1,1,1,8192,0.005729,1,"chunk_size_1"
"CPU_Elastic","COMPUTE","Qcur-9","MUL_MAT","",-1,1,-1,2048,1,1,1,8192,0.100261,1,"chunk_size_1"
"CPU_Elastic","COMPUTE_GRAPH","ggml_cgraph","GRAPH","",-1,2,-1,0,0,0,0,0,0.105990,1,"delegate_cpu_graph"
"CPU_Elastic","COMPUTE","Qcur_normed-9","MUL","",-1,0,-1,2048,1,1,1,8192,0.005833,1,"chunk_size_1"
"CPU_Elastic","COMPUTE","Qcur_normed-9 (reshaped)","RESHAPE","",-1,1,-1,128,16,1,1,8192,0.000521,1,"chunk_size_1"
"CPU_Elastic","COMPUTE","Qcur-9","ROPE","",-1,2,-1,128,16,1,1,8192,0.006875,1,"chunk_size_1"
"CPU_Elastic","COMPUTE","Kcur-9","MUL_MAT","",-1,3,-1,2048,1,1,1,8192,0.098594,1,"chunk_size_1"
"CPU_Elastic","COMPUTE_GRAPH","ggml_cgraph","GRAPH","",-1,4,-1,0,0,0,0,0,0.111823,1,"delegate_cpu_graph"
"CPU_Elastic","COMPUTE","Kcur_normed-9","MUL","",-1,0,-1,2048,1,1,1,8192,0.004531,1,"chunk_size_1"
"CPU_Elastic","COMPUTE","Kcur_normed-9 (reshaped)","RESHAPE","",-1,1,-1,128,16,1,1,8192,0.000521,1,"chunk_size_1"
"CPU_Elastic","COMPUTE","Kcur-9","ROPE","",-1,2,-1,128,16,1,1,8192,0.004792,1,"chunk_size_1"
"CPU_Elastic","COMPUTE","Vcur-9","MUL_MAT","",-1,3,-1,2048,1,1,1,8192,0.101198,1,"chunk_size_1"
"CPU_Elastic","COMPUTE","Vcur-9","RESHAPE","",-1,4,-1,128,16,1,1,8192,0.000521,1,"chunk_size_1"
"CPU_Elastic","COMPUTE","Kcur-9 (view)","VIEW","",-1,5,-1,2048,1,1,1,8192,0.000416,1,"chunk_size_1"
"CPU_Elastic","COMPUTE","cache_k_l9 (view)","SET_ROWS","",-1,6,-1,2048,512,1,1,2097152,0.001927,1,"chunk_size_1"
"CPU_Elastic","COMPUTE","Vcur-9 (view)","VIEW","",-1,7,-1,2048,1,1,1,8192,0.000572,1,"chunk_size_1"
"CPU_Elastic","COMPUTE","cache_v_l9 (view)","SET_ROWS","",-1,8,-1,2048,512,1,1,2097152,0.001875,1,"chunk_size_1"
"CPU_Elastic","COMPUTE","cache_v_l9 (view)","VIEW","",-1,9,-1,128,16,256,1,1048576,0.000417,1,"chunk_size_1"
"CPU_Elastic","COMPUTE","cache_v_l9 (view) (permuted)","PERMUTE","",-1,10,-1,128,256,16,1,1048576,0.000469,1,"chunk_size_1"
"CPU_Elastic","COMPUTE","cache_v_l9 (view) (permuted) (transposed)","TRANSPOSE","",-1,11,-1,256,128,16,1,1048576,0.000521,1,"chunk_size_1"
"CPU_Elastic","COMPUTE","v_cont-9","CONT","",-1,12,-1,256,128,16,1,1048576,0.548593,1,"chunk_size_1"
"CPU_Elastic","COMPUTE","cache_k_l9 (view)","VIEW","",-1,13,-1,128,16,256,1,1048576,0.000469,1,"chunk_size_1"
"CPU_Elastic","COMPUTE","cache_k_l9 (view) (permuted)","PERMUTE","",-1,14,-1,128,256,16,1,1048576,0.000469,1,"chunk_size_1"
"CPU_Elastic","COMPUTE","Qcur-9 (view)","VIEW","",-1,15,-1,128,16,1,1,8192,0.000521,1,"chunk_size_1"
"CPU_Elastic","COMPUTE","Qcur-9 (view) (permuted)","PERMUTE","",-1,16,-1,128,1,16,1,8192,0.000364,1,"chunk_size_1"
"CPU_Elastic","COMPUTE","kq-9","MUL_MAT","",-1,17,-1,256,1,16,1,16384,0.050833,1,"chunk_size_1"
"CPU_Elastic","COMPUTE","kq_soft_max-9","SOFT_MAX","",-1,18,-1,256,1,16,1,16384,0.017188,1,"chunk_size_1"
"CPU_Elastic","COMPUTE","kqv-9","MUL_MAT","",-1,19,-1,128,1,16,1,8192,0.053750,1,"chunk_size_1"
"CPU_Elastic","COMPUTE","kqv-9 (permuted)","PERMUTE","",-1,20,-1,128,16,1,1,8192,0.000521,1,"chunk_size_1"
"CPU_Elastic","COMPUTE","kqv_out-9","CONT","",-1,21,-1,2048,1,1,1,8192,0.005209,1,"chunk_size_1"
"CPU_Elastic","COMPUTE","node_599","MUL_MAT","",-1,22,-1,2048,1,1,1,8192,0.101979,1,"chunk_size_1"
"CPU_Elastic","COMPUTE","ffn_inp-9","ADD","",-1,23,-1,2048,1,1,1,8192,0.005104,1,"chunk_size_1"
"CPU_Elastic","COMPUTE_GRAPH","ggml_cgraph","GRAPH","",-1,24,-1,0,0,0,0,0,0.902760,1,"delegate_cpu_graph"
"CPU_Elastic","COMPUTE","ffn_norm-9","MUL","",-1,0,-1,2048,1,1,1,8192,0.005104,1,"chunk_size_1"
"CPU_Elastic","COMPUTE","ffn_moe_logits-9","MUL_MAT","",-1,1,-1,64,1,1,1,256,0.017969,1,"chunk_size_1"
"CPU_Elastic","COMPUTE","ffn_moe_probs-9","SOFT_MAX","",-1,2,-1,64,1,1,1,256,0.000833,1,"chunk_size_1"
"CPU_Elastic","COMPUTE","ffn_moe_probs-9 (reshaped)","RESHAPE","",-1,3,-1,1,64,1,1,256,0.000469,1,"chunk_size_1"
"CPU_Elastic","COMPUTE","ffn_moe_argsort-9","ARGSORT","",-1,4,-1,64,1,1,1,256,0.012240,1,"chunk_size_1"
"CPU_Elastic","COMPUTE","ffn_moe_topk-9","VIEW","",-1,5,-1,8,1,1,1,32,0.000573,1,"chunk_size_1"
"CPU_Elastic","COMPUTE","ffn_moe_weights-9","GET_ROWS","",-1,6,-1,1,8,1,1,32,0.000521,1,"chunk_size_1"
"CPU_Elastic","COMPUTE","ffn_norm-9 (reshaped)","RESHAPE","",-1,7,-1,2048,1,1,1,8192,0.000417,1,"chunk_size_1"
"CPU_Elastic","COMPUTE","ffn_moe_gate-9","MUL_MAT_ID","",-1,8,-1,1024,8,1,1,32768,0.387969,1,"chunk_size_1"
"CPU_Elastic","COMPUTE","ffn_moe_up-9","MUL_MAT_ID","",-1,9,-1,1024,8,1,1,32768,0.397709,1,"chunk_size_1"
"CPU_Elastic","COMPUTE","ffn_moe_weighted-9","GLU","",-1,10,-1,1024,8,1,1,32768,0.026510,1,"chunk_size_1"
"CPU_Elastic","COMPUTE","ffn_moe_down-9","MUL_MAT_ID","",-1,11,-1,2048,8,1,1,65536,0.428593,1,"chunk_size_1"
"CPU_Elastic","COMPUTE","node_614","MUL","",-1,12,-1,2048,8,1,1,65536,0.027553,1,"chunk_size_1"
"CPU_Elastic","COMPUTE"," (view)","VIEW","",-1,13,-1,2048,1,1,1,8192,0.000520,1,"chunk_size_1"
"CPU_Elastic","COMPUTE","node_614 (view)","VIEW","",-1,14,-1,2048,1,1,1,8192,0.000416,1,"chunk_size_1"
"CPU_Elastic","COMPUTE","node_614 (view)","VIEW","",-1,15,-1,2048,1,1,1,8192,0.000416,1,"chunk_size_1"
"CPU_Elastic","COMPUTE","node_614 (view)","VIEW","",-1,16,-1,2048,1,1,1,8192,0.000573,1,"chunk_size_1"
"CPU_Elastic","COMPUTE","node_614 (view)","VIEW","",-1,17,-1,2048,1,1,1,8192,0.000364,1,"chunk_size_1"
"CPU_Elastic","COMPUTE","node_614 (view)","VIEW","",-1,18,-1,2048,1,1,1,8192,0.000469,1,"chunk_size_1"
"CPU_Elastic","COMPUTE","node_614 (view)","VIEW","",-1,19,-1,2048,1,1,1,8192,0.000417,1,"chunk_size_1"
"CPU_Elastic","COMPUTE","node_614 (view)","VIEW","",-1,20,-1,2048,1,1,1,8192,0.000521,1,"chunk_size_1"
"CPU_Elastic","COMPUTE","node_623","ADD","",-1,21,-1,2048,1,1,1,8192,0.005729,1,"chunk_size_1"
"CPU_Elastic","COMPUTE","node_624","ADD","",-1,22,-1,2048,1,1,1,8192,0.003854,1,"chunk_size_1"
"CPU_Elastic","COMPUTE","node_625","ADD","",-1,23,-1,2048,1,1,1,8192,0.005105,1,"chunk_size_1"
"CPU_Elastic","COMPUTE","node_626","ADD","",-1,24,-1,2048,1,1,1,8192,0.005625,1,"chunk_size_1"
"CPU_Elastic","COMPUTE","node_627","ADD","",-1,25,-1,2048,1,1,1,8192,0.004480,1,"chunk_size_1"
"CPU_Elastic","COMPUTE","node_628","ADD","",-1,26,-1,2048,1,1,1,8192,0.005313,1,"chunk_size_1"
"CPU_Elastic","COMPUTE","ffn_moe_out-9","ADD","",-1,27,-1,2048,1,1,1,8192,0.005365,1,"chunk_size_1"
"CPU_Elastic","COMPUTE","l_out-9","ADD","",-1,28,-1,2048,1,1,1,8192,0.004896,1,"chunk_size_1"
"CPU_Elastic","COMPUTE_GRAPH","ggml_cgraph","GRAPH","",-1,29,-1,0,0,0,0,0,1.350523,1,"delegate_cpu_graph"
"CPU_Elastic","COMPUTE","attn_norm-10","MUL","",-1,0,-1,2048,1,1,1,8192,0.005885,1,"chunk_size_1"
"CPU_Elastic","COMPUTE","Qcur-10","MUL_MAT","",-1,1,-1,2048,1,1,1,8192,0.101250,1,"chunk_size_1"
"CPU_Elastic","COMPUTE_GRAPH","ggml_cgraph","GRAPH","",-1,2,-1,0,0,0,0,0,0.107135,1,"delegate_cpu_graph"
"CPU_Elastic","COMPUTE","Qcur_normed-10","MUL","",-1,0,-1,2048,1,1,1,8192,0.005781,1,"chunk_size_1"
"CPU_Elastic","COMPUTE","Qcur_normed-10 (reshaped)","RESHAPE","",-1,1,-1,128,16,1,1,8192,0.000521,1,"chunk_size_1"
"CPU_Elastic","COMPUTE","Qcur-10","ROPE","",-1,2,-1,128,16,1,1,8192,0.005938,1,"chunk_size_1"
"CPU_Elastic","COMPUTE","Kcur-10","MUL_MAT","",-1,3,-1,2048,1,1,1,8192,0.099896,1,"chunk_size_1"
"CPU_Elastic","COMPUTE_GRAPH","ggml_cgraph","GRAPH","",-1,4,-1,0,0,0,0,0,0.112136,1,"delegate_cpu_graph"
"CPU_Elastic","COMPUTE","Kcur_normed-10","MUL","",-1,0,-1,2048,1,1,1,8192,0.005520,1,"chunk_size_1"
"CPU_Elastic","COMPUTE","Kcur_normed-10 (reshaped)","RESHAPE","",-1,1,-1,128,16,1,1,8192,0.000521,1,"chunk_size_1"
"CPU_Elastic","COMPUTE","Kcur-10","ROPE","",-1,2,-1,128,16,1,1,8192,0.006667,1,"chunk_size_1"
"CPU_Elastic","COMPUTE","Vcur-10","MUL_MAT","",-1,3,-1,2048,1,1,1,8192,0.152396,1,"chunk_size_1"
"CPU_Elastic","COMPUTE","Vcur-10","RESHAPE","",-1,4,-1,128,16,1,1,8192,0.000677,1,"chunk_size_1"
"CPU_Elastic","COMPUTE","Kcur-10 (view)","VIEW","",-1,5,-1,2048,1,1,1,8192,0.000417,1,"chunk_size_1"
"CPU_Elastic","COMPUTE","cache_k_l10 (view)","SET_ROWS","",-1,6,-1,2048,512,1,1,2097152,0.001875,1,"chunk_size_1"
"CPU_Elastic","COMPUTE","Vcur-10 (view)","VIEW","",-1,7,-1,2048,1,1,1,8192,0.000417,1,"chunk_size_1"
"CPU_Elastic","COMPUTE","cache_v_l10 (view)","SET_ROWS","",-1,8,-1,2048,512,1,1,2097152,0.001875,1,"chunk_size_1"
"CPU_Elastic","COMPUTE","cache_v_l10 (view)","VIEW","",-1,9,-1,128,16,256,1,1048576,0.000417,1,"chunk_size_1"
"CPU_Elastic","COMPUTE","cache_v_l10 (view) (permuted)","PERMUTE","",-1,10,-1,128,256,16,1,1048576,0.000468,1,"chunk_size_1"
"CPU_Elastic","COMPUTE","cache_v_l10 (view) (permuted) (transposed)","TRANSPOSE","",-1,11,-1,256,128,16,1,1048576,0.000469,1,"chunk_size_1"
"CPU_Elastic","COMPUTE","v_cont-10","CONT","",-1,12,-1,256,128,16,1,1048576,0.574948,1,"chunk_size_1"
"CPU_Elastic","COMPUTE","cache_k_l10 (view)","VIEW","",-1,13,-1,128,16,256,1,1048576,0.000521,1,"chunk_size_1"
"CPU_Elastic","COMPUTE","cache_k_l10 (view) (permuted)","PERMUTE","",-1,14,-1,128,256,16,1,1048576,0.000468,1,"chunk_size_1"
"CPU_Elastic","COMPUTE","Qcur-10 (view)","VIEW","",-1,15,-1,128,16,1,1,8192,0.000416,1,"chunk_size_1"
"CPU_Elastic","COMPUTE","Qcur-10 (view) (permuted)","PERMUTE","",-1,16,-1,128,1,16,1,8192,0.000521,1,"chunk_size_1"
"CPU_Elastic","COMPUTE","kq-10","MUL_MAT","",-1,17,-1,256,1,16,1,16384,0.062604,1,"chunk_size_1"
"CPU_Elastic","COMPUTE","kq_soft_max-10","SOFT_MAX","",-1,18,-1,256,1,16,1,16384,0.016875,1,"chunk_size_1"
"CPU_Elastic","COMPUTE","kqv-10","MUL_MAT","",-1,19,-1,128,1,16,1,8192,0.056198,1,"chunk_size_1"
"CPU_Elastic","COMPUTE","kqv-10 (permuted)","PERMUTE","",-1,20,-1,128,16,1,1,8192,0.000573,1,"chunk_size_1"
"CPU_Elastic","COMPUTE","kqv_out-10","CONT","",-1,21,-1,2048,1,1,1,8192,0.005104,1,"chunk_size_1"
"CPU_Elastic","COMPUTE","node_662","MUL_MAT","",-1,22,-1,2048,1,1,1,8192,0.099427,1,"chunk_size_1"
"CPU_Elastic","COMPUTE","ffn_inp-10","ADD","",-1,23,-1,2048,1,1,1,8192,0.005105,1,"chunk_size_1"
"CPU_Elastic","COMPUTE_GRAPH","ggml_cgraph","GRAPH","",-1,24,-1,0,0,0,0,0,0.994479,1,"delegate_cpu_graph"
"CPU_Elastic","COMPUTE","ffn_norm-10","MUL","",-1,0,-1,2048,1,1,1,8192,0.006250,1,"chunk_size_1"
"CPU_Elastic","COMPUTE","ffn_moe_logits-10","MUL_MAT","",-1,1,-1,64,1,1,1,256,0.017240,1,"chunk_size_1"
"CPU_Elastic","COMPUTE","ffn_moe_probs-10","SOFT_MAX","",-1,2,-1,64,1,1,1,256,0.001041,1,"chunk_size_1"
"CPU_Elastic","COMPUTE","ffn_moe_probs-10 (reshaped)","RESHAPE","",-1,3,-1,1,64,1,1,256,0.000468,1,"chunk_size_1"
"CPU_Elastic","COMPUTE","ffn_moe_argsort-10","ARGSORT","",-1,4,-1,64,1,1,1,256,0.011510,1,"chunk_size_1"
"CPU_Elastic","COMPUTE","ffn_moe_topk-10","VIEW","",-1,5,-1,8,1,1,1,32,0.000677,1,"chunk_size_1"
"CPU_Elastic","COMPUTE","ffn_moe_weights-10","GET_ROWS","",-1,6,-1,1,8,1,1,32,0.000573,1,"chunk_size_1"
"CPU_Elastic","COMPUTE","ffn_norm-10 (reshaped)","RESHAPE","",-1,7,-1,2048,1,1,1,8192,0.000417,1,"chunk_size_1"
"CPU_Elastic","COMPUTE","ffn_moe_gate-10","MUL_MAT_ID","",-1,8,-1,1024,8,1,1,32768,0.387032,1,"chunk_size_1"
"CPU_Elastic","COMPUTE","ffn_moe_up-10","MUL_MAT_ID","",-1,9,-1,1024,8,1,1,32768,0.398229,1,"chunk_size_1"
"CPU_Elastic","COMPUTE","ffn_moe_weighted-10","GLU","",-1,10,-1,1024,8,1,1,32768,0.024688,1,"chunk_size_1"
"CPU_Elastic","COMPUTE","ffn_moe_down-10","MUL_MAT_ID","",-1,11,-1,2048,8,1,1,65536,0.568438,1,"chunk_size_1"
"CPU_Elastic","COMPUTE","node_677","MUL","",-1,12,-1,2048,8,1,1,65536,0.031510,1,"chunk_size_1"
"CPU_Elastic","COMPUTE"," (view)","VIEW","",-1,13,-1,2048,1,1,1,8192,0.000677,1,"chunk_size_1"
"CPU_Elastic","COMPUTE","node_677 (view)","VIEW","",-1,14,-1,2048,1,1,1,8192,0.000416,1,"chunk_size_1"
"CPU_Elastic","COMPUTE","node_677 (view)","VIEW","",-1,15,-1,2048,1,1,1,8192,0.000416,1,"chunk_size_1"
"CPU_Elastic","COMPUTE","node_677 (view)","VIEW","",-1,16,-1,2048,1,1,1,8192,0.000469,1,"chunk_size_1"
"CPU_Elastic","COMPUTE","node_677 (view)","VIEW","",-1,17,-1,2048,1,1,1,8192,0.000521,1,"chunk_size_1"
"CPU_Elastic","COMPUTE","node_677 (view)","VIEW","",-1,18,-1,2048,1,1,1,8192,0.000364,1,"chunk_size_1"
"CPU_Elastic","COMPUTE","node_677 (view)","VIEW","",-1,19,-1,2048,1,1,1,8192,0.000417,1,"chunk_size_1"
"CPU_Elastic","COMPUTE","node_677 (view)","VIEW","",-1,20,-1,2048,1,1,1,8192,0.000417,1,"chunk_size_1"
"CPU_Elastic","COMPUTE","node_686","ADD","",-1,21,-1,2048,1,1,1,8192,0.004166,1,"chunk_size_1"
"CPU_Elastic","COMPUTE","node_687","ADD","",-1,22,-1,2048,1,1,1,8192,0.005469,1,"chunk_size_1"
"CPU_Elastic","COMPUTE","node_688","ADD","",-1,23,-1,2048,1,1,1,8192,0.005469,1,"chunk_size_1"
"CPU_Elastic","COMPUTE","node_689","ADD","",-1,24,-1,2048,1,1,1,8192,0.003958,1,"chunk_size_1"
"CPU_Elastic","COMPUTE","node_690","ADD","",-1,25,-1,2048,1,1,1,8192,0.005104,1,"chunk_size_1"
"CPU_Elastic","COMPUTE","node_691","ADD","",-1,26,-1,2048,1,1,1,8192,0.005209,1,"chunk_size_1"
"CPU_Elastic","COMPUTE","ffn_moe_out-10","ADD","",-1,27,-1,2048,1,1,1,8192,0.003854,1,"chunk_size_1"
"CPU_Elastic","COMPUTE","l_out-10","ADD","",-1,28,-1,2048,1,1,1,8192,0.004948,1,"chunk_size_1"
"CPU_Elastic","COMPUTE_GRAPH","ggml_cgraph","GRAPH","",-1,29,-1,0,0,0,0,0,1.489947,1,"delegate_cpu_graph"
"CPU_Elastic","COMPUTE","attn_norm-11","MUL","",-1,0,-1,2048,1,1,1,8192,0.006458,1,"chunk_size_1"
"CPU_Elastic","COMPUTE","Qcur-11","MUL_MAT","",-1,1,-1,2048,1,1,1,8192,0.100312,1,"chunk_size_1"
"CPU_Elastic","COMPUTE_GRAPH","ggml_cgraph","GRAPH","",-1,2,-1,0,0,0,0,0,0.106770,1,"delegate_cpu_graph"
"CPU_Elastic","COMPUTE","Qcur_normed-11","MUL","",-1,0,-1,2048,1,1,1,8192,0.006510,1,"chunk_size_1"
"CPU_Elastic","COMPUTE","Qcur_normed-11 (reshaped)","RESHAPE","",-1,1,-1,128,16,1,1,8192,0.000625,1,"chunk_size_1"
"CPU_Elastic","COMPUTE","Qcur-11","ROPE","",-1,2,-1,128,16,1,1,8192,0.006615,1,"chunk_size_1"
"CPU_Elastic","COMPUTE","Kcur-11","MUL_MAT","",-1,3,-1,2048,1,1,1,8192,0.130521,1,"chunk_size_1"
"CPU_Elastic","COMPUTE_GRAPH","ggml_cgraph","GRAPH","",-1,4,-1,0,0,0,0,0,0.144271,1,"delegate_cpu_graph"
"CPU_Elastic","COMPUTE","Kcur_normed-11","MUL","",-1,0,-1,2048,1,1,1,8192,0.005000,1,"chunk_size_1"
"CPU_Elastic","COMPUTE","Kcur_normed-11 (reshaped)","RESHAPE","",-1,1,-1,128,16,1,1,8192,0.000677,1,"chunk_size_1"
"CPU_Elastic","COMPUTE","Kcur-11","ROPE","",-1,2,-1,128,16,1,1,8192,0.006510,1,"chunk_size_1"
"CPU_Elastic","COMPUTE","Vcur-11","MUL_MAT","",-1,3,-1,2048,1,1,1,8192,0.101198,1,"chunk_size_1"
"CPU_Elastic","COMPUTE","Vcur-11","RESHAPE","",-1,4,-1,128,16,1,1,8192,0.000468,1,"chunk_size_1"
"CPU_Elastic","COMPUTE","Kcur-11 (view)","VIEW","",-1,5,-1,2048,1,1,1,8192,0.000573,1,"chunk_size_1"
"CPU_Elastic","COMPUTE","cache_k_l11 (view)","SET_ROWS","",-1,6,-1,2048,512,1,1,2097152,0.001875,1,"chunk_size_1"
"CPU_Elastic","COMPUTE","Vcur-11 (view)","VIEW","",-1,7,-1,2048,1,1,1,8192,0.000469,1,"chunk_size_1"
"CPU_Elastic","COMPUTE","cache_v_l11 (view)","SET_ROWS","",-1,8,-1,2048,512,1,1,2097152,0.001667,1,"chunk_size_1"
"CPU_Elastic","COMPUTE","cache_v_l11 (view)","VIEW","",-1,9,-1,128,16,256,1,1048576,0.000521,1,"chunk_size_1"
"CPU_Elastic","COMPUTE","cache_v_l11 (view) (permuted)","PERMUTE","",-1,10,-1,128,256,16,1,1048576,0.000417,1,"chunk_size_1"
"CPU_Elastic","COMPUTE","cache_v_l11 (view) (permuted) (transposed)","TRANSPOSE","",-1,11,-1,256,128,16,1,1048576,0.000521,1,"chunk_size_1"
"CPU_Elastic","COMPUTE","v_cont-11","CONT","",-1,12,-1,256,128,16,1,1048576,0.553385,1,"chunk_size_1"
"CPU_Elastic","COMPUTE","cache_k_l11 (view)","VIEW","",-1,13,-1,128,16,256,1,1048576,0.000677,1,"chunk_size_1"
"CPU_Elastic","COMPUTE","cache_k_l11 (view) (permuted)","PERMUTE","",-1,14,-1,128,256,16,1,1048576,0.000365,1,"chunk_size_1"
"CPU_Elastic","COMPUTE","Qcur-11 (view)","VIEW","",-1,15,-1,128,16,1,1,8192,0.000417,1,"chunk_size_1"
"CPU_Elastic","COMPUTE","Qcur-11 (view) (permuted)","PERMUTE","",-1,16,-1,128,1,16,1,8192,0.000417,1,"chunk_size_1"
"CPU_Elastic","COMPUTE","kq-11","MUL_MAT","",-1,17,-1,256,1,16,1,16384,0.058230,1,"chunk_size_1"
"CPU_Elastic","COMPUTE","kq_soft_max-11","SOFT_MAX","",-1,18,-1,256,1,16,1,16384,0.018177,1,"chunk_size_1"
"CPU_Elastic","COMPUTE","kqv-11","MUL_MAT","",-1,19,-1,128,1,16,1,8192,0.051615,1,"chunk_size_1"
"CPU_Elastic","COMPUTE","kqv-11 (permuted)","PERMUTE","",-1,20,-1,128,16,1,1,8192,0.000625,1,"chunk_size_1"
"CPU_Elastic","COMPUTE","kqv_out-11","CONT","",-1,21,-1,2048,1,1,1,8192,0.005260,1,"chunk_size_1"
"CPU_Elastic","COMPUTE","node_725","MUL_MAT","",-1,22,-1,2048,1,1,1,8192,0.101250,1,"chunk_size_1"
"CPU_Elastic","COMPUTE","ffn_inp-11","ADD","",-1,23,-1,2048,1,1,1,8192,0.005208,1,"chunk_size_1"
"CPU_Elastic","COMPUTE_GRAPH","ggml_cgraph","GRAPH","",-1,24,-1,0,0,0,0,0,0.915522,1,"delegate_cpu_graph"
"CPU_Elastic","COMPUTE","ffn_norm-11","MUL","",-1,0,-1,2048,1,1,1,8192,0.005209,1,"chunk_size_1"
"CPU_Elastic","COMPUTE","ffn_moe_logits-11","MUL_MAT","",-1,1,-1,64,1,1,1,256,0.017032,1,"chunk_size_1"
"CPU_Elastic","COMPUTE","ffn_moe_probs-11","SOFT_MAX","",-1,2,-1,64,1,1,1,256,0.001042,1,"chunk_size_1"
"CPU_Elastic","COMPUTE","ffn_moe_probs-11 (reshaped)","RESHAPE","",-1,3,-1,1,64,1,1,256,0.000468,1,"chunk_size_1"
"CPU_Elastic","COMPUTE","ffn_moe_argsort-11","ARGSORT","",-1,4,-1,64,1,1,1,256,0.011250,1,"chunk_size_1"
"CPU_Elastic","COMPUTE","ffn_moe_topk-11","VIEW","",-1,5,-1,8,1,1,1,32,0.000521,1,"chunk_size_1"
"CPU_Elastic","COMPUTE","ffn_moe_weights-11","GET_ROWS","",-1,6,-1,1,8,1,1,32,0.000677,1,"chunk_size_1"
"CPU_Elastic","COMPUTE","ffn_norm-11 (reshaped)","RESHAPE","",-1,7,-1,2048,1,1,1,8192,0.000416,1,"chunk_size_1"
"CPU_Elastic","COMPUTE","ffn_moe_gate-11","MUL_MAT_ID","",-1,8,-1,1024,8,1,1,32768,0.387968,1,"chunk_size_1"
"CPU_Elastic","COMPUTE","ffn_moe_up-11","MUL_MAT_ID","",-1,9,-1,1024,8,1,1,32768,0.400833,1,"chunk_size_1"
"CPU_Elastic","COMPUTE","ffn_moe_weighted-11","GLU","",-1,10,-1,1024,8,1,1,32768,0.023750,1,"chunk_size_1"
"CPU_Elastic","COMPUTE","ffn_moe_down-11","MUL_MAT_ID","",-1,11,-1,2048,8,1,1,65536,0.423490,1,"chunk_size_1"
"CPU_Elastic","COMPUTE","node_740","MUL","",-1,12,-1,2048,8,1,1,65536,0.030104,1,"chunk_size_1"
"CPU_Elastic","COMPUTE"," (view)","VIEW","",-1,13,-1,2048,1,1,1,8192,0.000521,1,"chunk_size_1"
"CPU_Elastic","COMPUTE","node_740 (view)","VIEW","",-1,14,-1,2048,1,1,1,8192,0.000573,1,"chunk_size_1"
"CPU_Elastic","COMPUTE","node_740 (view)","VIEW","",-1,15,-1,2048,1,1,1,8192,0.000416,1,"chunk_size_1"
"CPU_Elastic","COMPUTE","node_740 (view)","VIEW","",-1,16,-1,2048,1,1,1,8192,0.000417,1,"chunk_size_1"
"CPU_Elastic","COMPUTE","node_740 (view)","VIEW","",-1,17,-1,2048,1,1,1,8192,0.000469,1,"chunk_size_1"
"CPU_Elastic","COMPUTE","node_740 (view)","VIEW","",-1,18,-1,2048,1,1,1,8192,0.000573,1,"chunk_size_1"
"CPU_Elastic","COMPUTE","node_740 (view)","VIEW","",-1,19,-1,2048,1,1,1,8192,0.000417,1,"chunk_size_1"
"CPU_Elastic","COMPUTE","node_740 (view)","VIEW","",-1,20,-1,2048,1,1,1,8192,0.000416,1,"chunk_size_1"
"CPU_Elastic","COMPUTE","node_749","ADD","",-1,21,-1,2048,1,1,1,8192,0.114011,1,"chunk_size_1"
"CPU_Elastic","COMPUTE","node_750","ADD","",-1,22,-1,2048,1,1,1,8192,0.005729,1,"chunk_size_1"
"CPU_Elastic","COMPUTE","node_751","ADD","",-1,23,-1,2048,1,1,1,8192,0.005886,1,"chunk_size_1"
"CPU_Elastic","COMPUTE","node_752","ADD","",-1,24,-1,2048,1,1,1,8192,0.004635,1,"chunk_size_1"
"CPU_Elastic","COMPUTE","node_753","ADD","",-1,25,-1,2048,1,1,1,8192,0.005260,1,"chunk_size_1"
"CPU_Elastic","COMPUTE","node_754","ADD","",-1,26,-1,2048,1,1,1,8192,0.004010,1,"chunk_size_1"
"CPU_Elastic","COMPUTE","ffn_moe_out-11","ADD","",-1,27,-1,2048,1,1,1,8192,0.004427,1,"chunk_size_1"
"CPU_Elastic","COMPUTE","l_out-11","ADD","",-1,28,-1,2048,1,1,1,8192,0.004219,1,"chunk_size_1"
"CPU_Elastic","COMPUTE_GRAPH","ggml_cgraph","GRAPH","",-1,29,-1,0,0,0,0,0,1.454739,1,"delegate_cpu_graph"
"CPU_Elastic","COMPUTE","attn_norm-12","MUL","",-1,0,-1,2048,1,1,1,8192,0.005468,1,"chunk_size_1"
"CPU_Elastic","COMPUTE","Qcur-12","MUL_MAT","",-1,1,-1,2048,1,1,1,8192,0.099636,1,"chunk_size_1"
"CPU_Elastic","COMPUTE_GRAPH","ggml_cgraph","GRAPH","",-1,2,-1,0,0,0,0,0,0.105104,1,"delegate_cpu_graph"
"CPU_Elastic","COMPUTE","Qcur_normed-12","MUL","",-1,0,-1,2048,1,1,1,8192,0.007552,1,"chunk_size_1"
"CPU_Elastic","COMPUTE","Qcur_normed-12 (reshaped)","RESHAPE","",-1,1,-1,128,16,1,1,8192,0.000677,1,"chunk_size_1"
"CPU_Elastic","COMPUTE","Qcur-12","ROPE","",-1,2,-1,128,16,1,1,8192,0.039948,1,"chunk_size_1"
"CPU_Elastic","COMPUTE","Kcur-12","MUL_MAT","",-1,3,-1,2048,1,1,1,8192,0.174062,1,"chunk_size_1"
"CPU_Elastic","COMPUTE_GRAPH","ggml_cgraph","GRAPH","",-1,4,-1,0,0,0,0,0,0.222239,1,"delegate_cpu_graph"
"CPU_Elastic","COMPUTE","Kcur_normed-12","MUL","",-1,0,-1,2048,1,1,1,8192,0.004480,1,"chunk_size_1"
"CPU_Elastic","COMPUTE","Kcur_normed-12 (reshaped)","RESHAPE","",-1,1,-1,128,16,1,1,8192,0.000573,1,"chunk_size_1"
"CPU_Elastic","COMPUTE","Kcur-12","ROPE","",-1,2,-1,128,16,1,1,8192,0.005573,1,"chunk_size_1"
"CPU_Elastic","COMPUTE","Vcur-12","MUL_MAT","",-1,3,-1,2048,1,1,1,8192,0.100833,1,"chunk_size_1"
"CPU_Elastic","COMPUTE","Vcur-12","RESHAPE","",-1,4,-1,128,16,1,1,8192,0.000573,1,"chunk_size_1"
"CPU_Elastic","COMPUTE","Kcur-12 (view)","VIEW","",-1,5,-1,2048,1,1,1,8192,0.000469,1,"chunk_size_1"
"CPU_Elastic","COMPUTE","cache_k_l12 (view)","SET_ROWS","",-1,6,-1,2048,512,1,1,2097152,0.001927,1,"chunk_size_1"
"CPU_Elastic","COMPUTE","Vcur-12 (view)","VIEW","",-1,7,-1,2048,1,1,1,8192,0.000416,1,"chunk_size_1"
"CPU_Elastic","COMPUTE","cache_v_l12 (view)","SET_ROWS","",-1,8,-1,2048,512,1,1,2097152,0.001719,1,"chunk_size_1"
"CPU_Elastic","COMPUTE","cache_v_l12 (view)","VIEW","",-1,9,-1,128,16,256,1,1048576,0.000416,1,"chunk_size_1"
"CPU_Elastic","COMPUTE","cache_v_l12 (view) (permuted)","PERMUTE","",-1,10,-1,128,256,16,1,1048576,0.000573,1,"chunk_size_1"
"CPU_Elastic","COMPUTE","cache_v_l12 (view) (permuted) (transposed)","TRANSPOSE","",-1,11,-1,256,128,16,1,1048576,0.000417,1,"chunk_size_1"
"CPU_Elastic","COMPUTE","v_cont-12","CONT","",-1,12,-1,256,128,16,1,1048576,0.555781,1,"chunk_size_1"
"CPU_Elastic","COMPUTE","cache_k_l12 (view)","VIEW","",-1,13,-1,128,16,256,1,1048576,0.000520,1,"chunk_size_1"
"CPU_Elastic","COMPUTE","cache_k_l12 (view) (permuted)","PERMUTE","",-1,14,-1,128,256,16,1,1048576,0.000573,1,"chunk_size_1"
"CPU_Elastic","COMPUTE","Qcur-12 (view)","VIEW","",-1,15,-1,128,16,1,1,8192,0.000417,1,"chunk_size_1"
"CPU_Elastic","COMPUTE","Qcur-12 (view) (permuted)","PERMUTE","",-1,16,-1,128,1,16,1,8192,0.000416,1,"chunk_size_1"
"CPU_Elastic","COMPUTE","kq-12","MUL_MAT","",-1,17,-1,256,1,16,1,16384,0.042188,1,"chunk_size_1"
"CPU_Elastic","COMPUTE","kq_soft_max-12","SOFT_MAX","",-1,18,-1,256,1,16,1,16384,0.016823,1,"chunk_size_1"
"CPU_Elastic","COMPUTE","kqv-12","MUL_MAT","",-1,19,-1,128,1,16,1,8192,0.053073,1,"chunk_size_1"
"CPU_Elastic","COMPUTE","kqv-12 (permuted)","PERMUTE","",-1,20,-1,128,16,1,1,8192,0.000469,1,"chunk_size_1"
"CPU_Elastic","COMPUTE","kqv_out-12","CONT","",-1,21,-1,2048,1,1,1,8192,0.005625,1,"chunk_size_1"
"CPU_Elastic","COMPUTE","node_788","MUL_MAT","",-1,22,-1,2048,1,1,1,8192,0.099688,1,"chunk_size_1"
"CPU_Elastic","COMPUTE","ffn_inp-12","ADD","",-1,23,-1,2048,1,1,1,8192,0.004218,1,"chunk_size_1"
"CPU_Elastic","COMPUTE_GRAPH","ggml_cgraph","GRAPH","",-1,24,-1,0,0,0,0,0,0.897760,1,"delegate_cpu_graph"
"CPU_Elastic","COMPUTE","ffn_norm-12","MUL","",-1,0,-1,2048,1,1,1,8192,0.005052,1,"chunk_size_1"
"CPU_Elastic","COMPUTE","ffn_moe_logits-12","MUL_MAT","",-1,1,-1,64,1,1,1,256,0.016614,1,"chunk_size_1"
"CPU_Elastic","COMPUTE","ffn_moe_probs-12","SOFT_MAX","",-1,2,-1,64,1,1,1,256,0.000937,1,"chunk_size_1"
"CPU_Elastic","COMPUTE","ffn_moe_probs-12 (reshaped)","RESHAPE","",-1,3,-1,1,64,1,1,256,0.000573,1,"chunk_size_1"
"CPU_Elastic","COMPUTE","ffn_moe_argsort-12","ARGSORT","",-1,4,-1,64,1,1,1,256,0.011614,1,"chunk_size_1"
"CPU_Elastic","COMPUTE","ffn_moe_topk-12","VIEW","",-1,5,-1,8,1,1,1,32,0.000521,1,"chunk_size_1"
"CPU_Elastic","COMPUTE","ffn_moe_weights-12","GET_ROWS","",-1,6,-1,1,8,1,1,32,0.000521,1,"chunk_size_1"
"CPU_Elastic","COMPUTE","ffn_norm-12 (reshaped)","RESHAPE","",-1,7,-1,2048,1,1,1,8192,0.000573,1,"chunk_size_1"
"CPU_Elastic","COMPUTE","ffn_moe_gate-12","MUL_MAT_ID","",-1,8,-1,1024,8,1,1,32768,0.385937,1,"chunk_size_1"
"CPU_Elastic","COMPUTE","ffn_moe_up-12","MUL_MAT_ID","",-1,9,-1,1024,8,1,1,32768,0.395625,1,"chunk_size_1"
"CPU_Elastic","COMPUTE","ffn_moe_weighted-12","GLU","",-1,10,-1,1024,8,1,1,32768,0.028281,1,"chunk_size_1"
"CPU_Elastic","COMPUTE","ffn_moe_down-12","MUL_MAT_ID","",-1,11,-1,2048,8,1,1,65536,0.573020,1,"chunk_size_1"
"CPU_Elastic","COMPUTE","node_803","MUL","",-1,12,-1,2048,8,1,1,65536,0.031979,1,"chunk_size_1"
"CPU_Elastic","COMPUTE"," (view)","VIEW","",-1,13,-1,2048,1,1,1,8192,0.000521,1,"chunk_size_1"
"CPU_Elastic","COMPUTE","node_803 (view)","VIEW","",-1,14,-1,2048,1,1,1,8192,0.000417,1,"chunk_size_1"
"CPU_Elastic","COMPUTE","node_803 (view)","VIEW","",-1,15,-1,2048,1,1,1,8192,0.000625,1,"chunk_size_1"
"CPU_Elastic","COMPUTE","node_803 (view)","VIEW","",-1,16,-1,2048,1,1,1,8192,0.000417,1,"chunk_size_1"
"CPU_Elastic","COMPUTE","node_803 (view)","VIEW","",-1,17,-1,2048,1,1,1,8192,0.000417,1,"chunk_size_1"
"CPU_Elastic","COMPUTE","node_803 (view)","VIEW","",-1,18,-1,2048,1,1,1,8192,0.000417,1,"chunk_size_1"
"CPU_Elastic","COMPUTE","node_803 (view)","VIEW","",-1,19,-1,2048,1,1,1,8192,0.000521,1,"chunk_size_1"
"CPU_Elastic","COMPUTE","node_803 (view)","VIEW","",-1,20,-1,2048,1,1,1,8192,0.000417,1,"chunk_size_1"
"CPU_Elastic","COMPUTE","node_812","ADD","",-1,21,-1,2048,1,1,1,8192,0.003907,1,"chunk_size_1"
"CPU_Elastic","COMPUTE","node_813","ADD","",-1,22,-1,2048,1,1,1,8192,0.005000,1,"chunk_size_1"
"CPU_Elastic","COMPUTE","node_814","ADD","",-1,23,-1,2048,1,1,1,8192,0.005625,1,"chunk_size_1"
"CPU_Elastic","COMPUTE","node_815","ADD","",-1,24,-1,2048,1,1,1,8192,0.004948,1,"chunk_size_1"
"CPU_Elastic","COMPUTE","node_816","ADD","",-1,25,-1,2048,1,1,1,8192,0.004791,1,"chunk_size_1"
"CPU_Elastic","COMPUTE","node_817","ADD","",-1,26,-1,2048,1,1,1,8192,0.003750,1,"chunk_size_1"
"CPU_Elastic","COMPUTE","ffn_moe_out-12","ADD","",-1,27,-1,2048,1,1,1,8192,0.004167,1,"chunk_size_1"
"CPU_Elastic","COMPUTE","l_out-12","ADD","",-1,28,-1,2048,1,1,1,8192,0.005104,1,"chunk_size_1"
"CPU_Elastic","COMPUTE_GRAPH","ggml_cgraph","GRAPH","",-1,29,-1,0,0,0,0,0,1.492291,1,"delegate_cpu_graph"
"CPU_Elastic","COMPUTE","attn_norm-13","MUL","",-1,0,-1,2048,1,1,1,8192,0.006354,1,"chunk_size_1"
"CPU_Elastic","COMPUTE","Qcur-13","MUL_MAT","",-1,1,-1,2048,1,1,1,8192,0.102240,1,"chunk_size_1"
"CPU_Elastic","COMPUTE_GRAPH","ggml_cgraph","GRAPH","",-1,2,-1,0,0,0,0,0,0.108594,1,"delegate_cpu_graph"
"CPU_Elastic","COMPUTE","Qcur_normed-13","MUL","",-1,0,-1,2048,1,1,1,8192,0.006562,1,"chunk_size_1"
"CPU_Elastic","COMPUTE","Qcur_normed-13 (reshaped)","RESHAPE","",-1,1,-1,128,16,1,1,8192,0.000573,1,"chunk_size_1"
"CPU_Elastic","COMPUTE","Qcur-13","ROPE","",-1,2,-1,128,16,1,1,8192,0.005937,1,"chunk_size_1"
"CPU_Elastic","COMPUTE","Kcur-13","MUL_MAT","",-1,3,-1,2048,1,1,1,8192,0.100053,1,"chunk_size_1"
"CPU_Elastic","COMPUTE_GRAPH","ggml_cgraph","GRAPH","",-1,4,-1,0,0,0,0,0,0.113125,1,"delegate_cpu_graph"
"CPU_Elastic","COMPUTE","Kcur_normed-13","MUL","",-1,0,-1,2048,1,1,1,8192,0.006302,1,"chunk_size_1"
"CPU_Elastic","COMPUTE","Kcur_normed-13 (reshaped)","RESHAPE","",-1,1,-1,128,16,1,1,8192,0.000572,1,"chunk_size_1"
"CPU_Elastic","COMPUTE","Kcur-13","ROPE","",-1,2,-1,128,16,1,1,8192,0.006250,1,"chunk_size_1"
"CPU_Elastic","COMPUTE","Vcur-13","MUL_MAT","",-1,3,-1,2048,1,1,1,8192,0.150469,1,"chunk_size_1"
"CPU_Elastic","COMPUTE","Vcur-13","RESHAPE","",-1,4,-1,128,16,1,1,8192,0.000469,1,"chunk_size_1"
"CPU_Elastic","COMPUTE","Kcur-13 (view)","VIEW","",-1,5,-1,2048,1,1,1,8192,0.000469,1,"chunk_size_1"
"CPU_Elastic","COMPUTE","cache_k_l13 (view)","SET_ROWS","",-1,6,-1,2048,512,1,1,2097152,0.001823,1,"chunk_size_1"
"CPU_Elastic","COMPUTE","Vcur-13 (view)","VIEW","",-1,7,-1,2048,1,1,1,8192,0.000572,1,"chunk_size_1"
"CPU_Elastic","COMPUTE","cache_v_l13 (view)","SET_ROWS","",-1,8,-1,2048,512,1,1,2097152,0.001770,1,"chunk_size_1"
"CPU_Elastic","COMPUTE","cache_v_l13 (view)","VIEW","",-1,9,-1,128,16,256,1,1048576,0.000416,1,"chunk_size_1"
"CPU_Elastic","COMPUTE","cache_v_l13 (view) (permuted)","PERMUTE","",-1,10,-1,128,256,16,1,1048576,0.000469,1,"chunk_size_1"
"CPU_Elastic","COMPUTE","cache_v_l13 (view) (permuted) (transposed)","TRANSPOSE","",-1,11,-1,256,128,16,1,1048576,0.000625,1,"chunk_size_1"
"CPU_Elastic","COMPUTE","v_cont-13","CONT","",-1,12,-1,256,128,16,1,1048576,0.578646,1,"chunk_size_1"
"CPU_Elastic","COMPUTE","cache_k_l13 (view)","VIEW","",-1,13,-1,128,16,256,1,1048576,0.000521,1,"chunk_size_1"
"CPU_Elastic","COMPUTE","cache_k_l13 (view) (permuted)","PERMUTE","",-1,14,-1,128,256,16,1,1048576,0.000468,1,"chunk_size_1"
"CPU_Elastic","COMPUTE","Qcur-13 (view)","VIEW","",-1,15,-1,128,16,1,1,8192,0.000521,1,"chunk_size_1"
"CPU_Elastic","COMPUTE","Qcur-13 (view) (permuted)","PERMUTE","",-1,16,-1,128,1,16,1,8192,0.000417,1,"chunk_size_1"
"CPU_Elastic","COMPUTE","kq-13","MUL_MAT","",-1,17,-1,256,1,16,1,16384,0.060313,1,"chunk_size_1"
"CPU_Elastic","COMPUTE","kq_soft_max-13","SOFT_MAX","",-1,18,-1,256,1,16,1,16384,0.015417,1,"chunk_size_1"
"CPU_Elastic","COMPUTE","kqv-13","MUL_MAT","",-1,19,-1,128,1,16,1,8192,0.053489,1,"chunk_size_1"
"CPU_Elastic","COMPUTE","kqv-13 (permuted)","PERMUTE","",-1,20,-1,128,16,1,1,8192,0.000573,1,"chunk_size_1"
"CPU_Elastic","COMPUTE","kqv_out-13","CONT","",-1,21,-1,2048,1,1,1,8192,0.004166,1,"chunk_size_1"
"CPU_Elastic","COMPUTE","node_851","MUL_MAT","",-1,22,-1,2048,1,1,1,8192,0.104896,1,"chunk_size_1"
"CPU_Elastic","COMPUTE","ffn_inp-13","ADD","",-1,23,-1,2048,1,1,1,8192,0.004271,1,"chunk_size_1"
"CPU_Elastic","COMPUTE_GRAPH","ggml_cgraph","GRAPH","",-1,24,-1,0,0,0,0,0,0.993904,1,"delegate_cpu_graph"
"CPU_Elastic","COMPUTE","ffn_norm-13","MUL","",-1,0,-1,2048,1,1,1,8192,0.005521,1,"chunk_size_1"
"CPU_Elastic","COMPUTE","ffn_moe_logits-13","MUL_MAT","",-1,1,-1,64,1,1,1,256,0.017812,1,"chunk_size_1"
"CPU_Elastic","COMPUTE","ffn_moe_probs-13","SOFT_MAX","",-1,2,-1,64,1,1,1,256,0.000990,1,"chunk_size_1"
"CPU_Elastic","COMPUTE","ffn_moe_probs-13 (reshaped)","RESHAPE","",-1,3,-1,1,64,1,1,256,0.000416,1,"chunk_size_1"
"CPU_Elastic","COMPUTE","ffn_moe_argsort-13","ARGSORT","",-1,4,-1,64,1,1,1,256,0.012396,1,"chunk_size_1"
"CPU_Elastic","COMPUTE","ffn_moe_topk-13","VIEW","",-1,5,-1,8,1,1,1,32,0.000573,1,"chunk_size_1"
"CPU_Elastic","COMPUTE","ffn_moe_weights-13","GET_ROWS","",-1,6,-1,1,8,1,1,32,0.000521,1,"chunk_size_1"
"CPU_Elastic","COMPUTE","ffn_norm-13 (reshaped)","RESHAPE","",-1,7,-1,2048,1,1,1,8192,0.000417,1,"chunk_size_1"
"CPU_Elastic","COMPUTE","ffn_moe_gate-13","MUL_MAT_ID","",-1,8,-1,1024,8,1,1,32768,0.387761,1,"chunk_size_1"
"CPU_Elastic","COMPUTE","ffn_moe_up-13","MUL_MAT_ID","",-1,9,-1,1024,8,1,1,32768,0.422864,1,"chunk_size_1"
"CPU_Elastic","COMPUTE","ffn_moe_weighted-13","GLU","",-1,10,-1,1024,8,1,1,32768,0.027708,1,"chunk_size_1"
"CPU_Elastic","COMPUTE","ffn_moe_down-13","MUL_MAT_ID","",-1,11,-1,2048,8,1,1,65536,0.571927,1,"chunk_size_1"
"CPU_Elastic","COMPUTE","node_866","MUL","",-1,12,-1,2048,8,1,1,65536,0.031458,1,"chunk_size_1"
"CPU_Elastic","COMPUTE"," (view)","VIEW","",-1,13,-1,2048,1,1,1,8192,0.000625,1,"chunk_size_1"
"CPU_Elastic","COMPUTE","node_866 (view)","VIEW","",-1,14,-1,2048,1,1,1,8192,0.000521,1,"chunk_size_1"
"CPU_Elastic","COMPUTE","node_866 (view)","VIEW","",-1,15,-1,2048,1,1,1,8192,0.000417,1,"chunk_size_1"
"CPU_Elastic","COMPUTE","node_866 (view)","VIEW","",-1,16,-1,2048,1,1,1,8192,0.000573,1,"chunk_size_1"
"CPU_Elastic","COMPUTE","node_866 (view)","VIEW","",-1,17,-1,2048,1,1,1,8192,0.000365,1,"chunk_size_1"
"CPU_Elastic","COMPUTE","node_866 (view)","VIEW","",-1,18,-1,2048,1,1,1,8192,0.000417,1,"chunk_size_1"
"CPU_Elastic","COMPUTE","node_866 (view)","VIEW","",-1,19,-1,2048,1,1,1,8192,0.000365,1,"chunk_size_1"
"CPU_Elastic","COMPUTE","node_866 (view)","VIEW","",-1,20,-1,2048,1,1,1,8192,0.000521,1,"chunk_size_1"
"CPU_Elastic","COMPUTE","node_875","ADD","",-1,21,-1,2048,1,1,1,8192,0.005781,1,"chunk_size_1"
"CPU_Elastic","COMPUTE","node_876","ADD","",-1,22,-1,2048,1,1,1,8192,0.003906,1,"chunk_size_1"
"CPU_Elastic","COMPUTE","node_877","ADD","",-1,23,-1,2048,1,1,1,8192,0.004532,1,"chunk_size_1"
"CPU_Elastic","COMPUTE","node_878","ADD","",-1,24,-1,2048,1,1,1,8192,0.005573,1,"chunk_size_1"
"CPU_Elastic","COMPUTE","node_879","ADD","",-1,25,-1,2048,1,1,1,8192,0.004532,1,"chunk_size_1"
"CPU_Elastic","COMPUTE","node_880","ADD","",-1,26,-1,2048,1,1,1,8192,0.004584,1,"chunk_size_1"
"CPU_Elastic","COMPUTE","ffn_moe_out-13","ADD","",-1,27,-1,2048,1,1,1,8192,0.004687,1,"chunk_size_1"
"CPU_Elastic","COMPUTE","l_out-13","ADD","",-1,28,-1,2048,1,1,1,8192,0.005104,1,"chunk_size_1"
"CPU_Elastic","COMPUTE_GRAPH","ggml_cgraph","GRAPH","",-1,29,-1,0,0,0,0,0,1.522867,1,"delegate_cpu_graph"
"CPU_Elastic","COMPUTE","attn_norm-14","MUL","",-1,0,-1,2048,1,1,1,8192,0.005365,1,"chunk_size_1"
"CPU_Elastic","COMPUTE","Qcur-14","MUL_MAT","",-1,1,-1,2048,1,1,1,8192,0.100989,1,"chunk_size_1"
"CPU_Elastic","COMPUTE_GRAPH","ggml_cgraph","GRAPH","",-1,2,-1,0,0,0,0,0,0.106354,1,"delegate_cpu_graph"
"CPU_Elastic","COMPUTE","Qcur_normed-14","MUL","",-1,0,-1,2048,1,1,1,8192,0.005261,1,"chunk_size_1"
"CPU_Elastic","COMPUTE","Qcur_normed-14 (reshaped)","RESHAPE","",-1,1,-1,128,16,1,1,8192,0.000573,1,"chunk_size_1"
"CPU_Elastic","COMPUTE","Qcur-14","ROPE","",-1,2,-1,128,16,1,1,8192,0.006771,1,"chunk_size_1"
"CPU_Elastic","COMPUTE","Kcur-14","MUL_MAT","",-1,3,-1,2048,1,1,1,8192,0.101406,1,"chunk_size_1"
"CPU_Elastic","COMPUTE_GRAPH","ggml_cgraph","GRAPH","",-1,4,-1,0,0,0,0,0,0.114011,1,"delegate_cpu_graph"
"CPU_Elastic","COMPUTE","Kcur_normed-14","MUL","",-1,0,-1,2048,1,1,1,8192,0.005000,1,"chunk_size_1"
"CPU_Elastic","COMPUTE","Kcur_normed-14 (reshaped)","RESHAPE","",-1,1,-1,128,16,1,1,8192,0.000521,1,"chunk_size_1"
"CPU_Elastic","COMPUTE","Kcur-14","ROPE","",-1,2,-1,128,16,1,1,8192,0.006927,1,"chunk_size_1"
"CPU_Elastic","COMPUTE","Vcur-14","MUL_MAT","",-1,3,-1,2048,1,1,1,8192,0.163906,1,"chunk_size_1"
"CPU_Elastic","COMPUTE","Vcur-14","RESHAPE","",-1,4,-1,128,16,1,1,8192,0.000573,1,"chunk_size_1"
"CPU_Elastic","COMPUTE","Kcur-14 (view)","VIEW","",-1,5,-1,2048,1,1,1,8192,0.000468,1,"chunk_size_1"
"CPU_Elastic","COMPUTE","cache_k_l14 (view)","SET_ROWS","",-1,6,-1,2048,512,1,1,2097152,0.001875,1,"chunk_size_1"
"CPU_Elastic","COMPUTE","Vcur-14 (view)","VIEW","",-1,7,-1,2048,1,1,1,8192,0.000417,1,"chunk_size_1"
"CPU_Elastic","COMPUTE","cache_v_l14 (view)","SET_ROWS","",-1,8,-1,2048,512,1,1,2097152,0.001823,1,"chunk_size_1"
"CPU_Elastic","COMPUTE","cache_v_l14 (view)","VIEW","",-1,9,-1,128,16,256,1,1048576,0.000417,1,"chunk_size_1"
"CPU_Elastic","COMPUTE","cache_v_l14 (view) (permuted)","PERMUTE","",-1,10,-1,128,256,16,1,1048576,0.000469,1,"chunk_size_1"
"CPU_Elastic","COMPUTE","cache_v_l14 (view) (permuted) (transposed)","TRANSPOSE","",-1,11,-1,256,128,16,1,1048576,0.000417,1,"chunk_size_1"
"CPU_Elastic","COMPUTE","v_cont-14","CONT","",-1,12,-1,256,128,16,1,1048576,0.555469,1,"chunk_size_1"
"CPU_Elastic","COMPUTE","cache_k_l14 (view)","VIEW","",-1,13,-1,128,16,256,1,1048576,0.000469,1,"chunk_size_1"
"CPU_Elastic","COMPUTE","cache_k_l14 (view) (permuted)","PERMUTE","",-1,14,-1,128,256,16,1,1048576,0.000468,1,"chunk_size_1"
"CPU_Elastic","COMPUTE","Qcur-14 (view)","VIEW","",-1,15,-1,128,16,1,1,8192,0.000416,1,"chunk_size_1"
"CPU_Elastic","COMPUTE","Qcur-14 (view) (permuted)","PERMUTE","",-1,16,-1,128,1,16,1,8192,0.000521,1,"chunk_size_1"
"CPU_Elastic","COMPUTE","kq-14","MUL_MAT","",-1,17,-1,256,1,16,1,16384,0.041094,1,"chunk_size_1"
"CPU_Elastic","COMPUTE","kq_soft_max-14","SOFT_MAX","",-1,18,-1,256,1,16,1,16384,0.016354,1,"chunk_size_1"
"CPU_Elastic","COMPUTE","kqv-14","MUL_MAT","",-1,19,-1,128,1,16,1,8192,0.054011,1,"chunk_size_1"
"CPU_Elastic","COMPUTE","kqv-14 (permuted)","PERMUTE","",-1,20,-1,128,16,1,1,8192,0.000625,1,"chunk_size_1"
"CPU_Elastic","COMPUTE","kqv_out-14","CONT","",-1,21,-1,2048,1,1,1,8192,0.004688,1,"chunk_size_1"
"CPU_Elastic","COMPUTE","node_914","MUL_MAT","",-1,22,-1,2048,1,1,1,8192,0.099010,1,"chunk_size_1"
"CPU_Elastic","COMPUTE","ffn_inp-14","ADD","",-1,23,-1,2048,1,1,1,8192,0.004635,1,"chunk_size_1"
"CPU_Elastic","COMPUTE_GRAPH","ggml_cgraph","GRAPH","",-1,24,-1,0,0,0,0,0,0.960573,1,"delegate_cpu_graph"
"CPU_Elastic","COMPUTE","ffn_norm-14","MUL","",-1,0,-1,2048,1,1,1,8192,0.005313,1,"chunk_size_1"
"CPU_Elastic","COMPUTE","ffn_moe_logits-14","MUL_MAT","",-1,1,-1,64,1,1,1,256,0.015886,1,"chunk_size_1"
"CPU_Elastic","COMPUTE","ffn_moe_probs-14","SOFT_MAX","",-1,2,-1,64,1,1,1,256,0.000938,1,"chunk_size_1"
"CPU_Elastic","COMPUTE","ffn_moe_probs-14 (reshaped)","RESHAPE","",-1,3,-1,1,64,1,1,256,0.000468,1,"chunk_size_1"
"CPU_Elastic","COMPUTE","ffn_moe_argsort-14","ARGSORT","",-1,4,-1,64,1,1,1,256,0.011823,1,"chunk_size_1"
"CPU_Elastic","COMPUTE","ffn_moe_topk-14","VIEW","",-1,5,-1,8,1,1,1,32,0.000573,1,"chunk_size_1"
"CPU_Elastic","COMPUTE","ffn_moe_weights-14","GET_ROWS","",-1,6,-1,1,8,1,1,32,0.000469,1,"chunk_size_1"
"CPU_Elastic","COMPUTE","ffn_norm-14 (reshaped)","RESHAPE","",-1,7,-1,2048,1,1,1,8192,0.000417,1,"chunk_size_1"
"CPU_Elastic","COMPUTE","ffn_moe_gate-14","MUL_MAT_ID","",-1,8,-1,1024,8,1,1,32768,0.388021,1,"chunk_size_1"
"CPU_Elastic","COMPUTE","ffn_moe_up-14","MUL_MAT_ID","",-1,9,-1,1024,8,1,1,32768,0.396458,1,"chunk_size_1"
"CPU_Elastic","COMPUTE","ffn_moe_weighted-14","GLU","",-1,10,-1,1024,8,1,1,32768,0.007969,1,"chunk_size_1"
"CPU_Elastic","COMPUTE","ffn_moe_down-14","MUL_MAT_ID","",-1,11,-1,2048,8,1,1,65536,0.577292,1,"chunk_size_1"
"CPU_Elastic","COMPUTE","node_929","MUL","",-1,12,-1,2048,8,1,1,65536,0.028750,1,"chunk_size_1"
"CPU_Elastic","COMPUTE"," (view)","VIEW","",-1,13,-1,2048,1,1,1,8192,0.000677,1,"chunk_size_1"
"CPU_Elastic","COMPUTE","node_929 (view)","VIEW","",-1,14,-1,2048,1,1,1,8192,0.000416,1,"chunk_size_1"
"CPU_Elastic","COMPUTE","node_929 (view)","VIEW","",-1,15,-1,2048,1,1,1,8192,0.000520,1,"chunk_size_1"
"CPU_Elastic","COMPUTE","node_929 (view)","VIEW","",-1,16,-1,2048,1,1,1,8192,0.000417,1,"chunk_size_1"
"CPU_Elastic","COMPUTE","node_929 (view)","VIEW","",-1,17,-1,2048,1,1,1,8192,0.000469,1,"chunk_size_1"
"CPU_Elastic","COMPUTE","node_929 (view)","VIEW","",-1,18,-1,2048,1,1,1,8192,0.000417,1,"chunk_size_1"
"CPU_Elastic","COMPUTE","node_929 (view)","VIEW","",-1,19,-1,2048,1,1,1,8192,0.000364,1,"chunk_size_1"
"CPU_Elastic","COMPUTE","node_929 (view)","VIEW","",-1,20,-1,2048,1,1,1,8192,0.000416,1,"chunk_size_1"
"CPU_Elastic","COMPUTE","node_938","ADD","",-1,21,-1,2048,1,1,1,8192,0.003750,1,"chunk_size_1"
"CPU_Elastic","COMPUTE","node_939","ADD","",-1,22,-1,2048,1,1,1,8192,0.005052,1,"chunk_size_1"
"CPU_Elastic","COMPUTE","node_940","ADD","",-1,23,-1,2048,1,1,1,8192,0.004010,1,"chunk_size_1"
"CPU_Elastic","COMPUTE","node_941","ADD","",-1,24,-1,2048,1,1,1,8192,0.005157,1,"chunk_size_1"
"CPU_Elastic","COMPUTE","node_942","ADD","",-1,25,-1,2048,1,1,1,8192,0.024844,1,"chunk_size_1"
"CPU_Elastic","COMPUTE","node_943","ADD","",-1,26,-1,2048,1,1,1,8192,0.034687,1,"chunk_size_1"
"CPU_Elastic","COMPUTE","ffn_moe_out-14","ADD","",-1,27,-1,2048,1,1,1,8192,0.005416,1,"chunk_size_1"
"CPU_Elastic","COMPUTE","l_out-14","ADD","",-1,28,-1,2048,1,1,1,8192,0.004896,1,"chunk_size_1"
"CPU_Elastic","COMPUTE_GRAPH","ggml_cgraph","GRAPH","",-1,29,-1,0,0,0,0,0,1.525885,1,"delegate_cpu_graph"
"CPU_Elastic","COMPUTE","attn_norm-15","MUL","",-1,0,-1,2048,1,1,1,8192,0.005781,1,"chunk_size_1"
"CPU_Elastic","COMPUTE","Qcur-15","MUL_MAT","",-1,1,-1,2048,1,1,1,8192,0.101823,1,"chunk_size_1"
"CPU_Elastic","COMPUTE_GRAPH","ggml_cgraph","GRAPH","",-1,2,-1,0,0,0,0,0,0.107604,1,"delegate_cpu_graph"
"CPU_Elastic","COMPUTE","Qcur_normed-15","MUL","",-1,0,-1,2048,1,1,1,8192,0.005729,1,"chunk_size_1"
"CPU_Elastic","COMPUTE","Qcur_normed-15 (reshaped)","RESHAPE","",-1,1,-1,128,16,1,1,8192,0.000625,1,"chunk_size_1"
"CPU_Elastic","COMPUTE","Qcur-15","ROPE","",-1,2,-1,128,16,1,1,8192,0.004948,1,"chunk_size_1"
"CPU_Elastic","COMPUTE","Kcur-15","MUL_MAT","",-1,3,-1,2048,1,1,1,8192,0.098542,1,"chunk_size_1"
"CPU_Elastic","COMPUTE_GRAPH","ggml_cgraph","GRAPH","",-1,4,-1,0,0,0,0,0,0.109844,1,"delegate_cpu_graph"
"CPU_Elastic","COMPUTE","Kcur_normed-15","MUL","",-1,0,-1,2048,1,1,1,8192,0.006146,1,"chunk_size_1"
"CPU_Elastic","COMPUTE","Kcur_normed-15 (reshaped)","RESHAPE","",-1,1,-1,128,16,1,1,8192,0.000677,1,"chunk_size_1"
"CPU_Elastic","COMPUTE","Kcur-15","ROPE","",-1,2,-1,128,16,1,1,8192,0.005782,1,"chunk_size_1"
"CPU_Elastic","COMPUTE","Vcur-15","MUL_MAT","",-1,3,-1,2048,1,1,1,8192,0.150677,1,"chunk_size_1"
"CPU_Elastic","COMPUTE","Vcur-15","RESHAPE","",-1,4,-1,128,16,1,1,8192,0.000469,1,"chunk_size_1"
"CPU_Elastic","COMPUTE","Kcur-15 (view)","VIEW","",-1,5,-1,2048,1,1,1,8192,0.000625,1,"chunk_size_1"
"CPU_Elastic","COMPUTE","cache_k_l15 (view)","SET_ROWS","",-1,6,-1,2048,512,1,1,2097152,0.001927,1,"chunk_size_1"
"CPU_Elastic","COMPUTE","Vcur-15 (view)","VIEW","",-1,7,-1,2048,1,1,1,8192,0.000417,1,"chunk_size_1"
"CPU_Elastic","COMPUTE","cache_v_l15 (view)","SET_ROWS","",-1,8,-1,2048,512,1,1,2097152,0.001719,1,"chunk_size_1"
"CPU_Elastic","COMPUTE","cache_v_l15 (view)","VIEW","",-1,9,-1,128,16,256,1,1048576,0.000573,1,"chunk_size_1"
"CPU_Elastic","COMPUTE","cache_v_l15 (view) (permuted)","PERMUTE","",-1,10,-1,128,256,16,1,1048576,0.000469,1,"chunk_size_1"
"CPU_Elastic","COMPUTE","cache_v_l15 (view) (permuted) (transposed)","TRANSPOSE","",-1,11,-1,256,128,16,1,1048576,0.000417,1,"chunk_size_1"
"CPU_Elastic","COMPUTE","v_cont-15","CONT","",-1,12,-1,256,128,16,1,1048576,0.555625,1,"chunk_size_1"
"CPU_Elastic","COMPUTE","cache_k_l15 (view)","VIEW","",-1,13,-1,128,16,256,1,1048576,0.000521,1,"chunk_size_1"
"CPU_Elastic","COMPUTE","cache_k_l15 (view) (permuted)","PERMUTE","",-1,14,-1,128,256,16,1,1048576,0.000469,1,"chunk_size_1"
"CPU_Elastic","COMPUTE","Qcur-15 (view)","VIEW","",-1,15,-1,128,16,1,1,8192,0.000365,1,"chunk_size_1"
"CPU_Elastic","COMPUTE","Qcur-15 (view) (permuted)","PERMUTE","",-1,16,-1,128,1,16,1,8192,0.000417,1,"chunk_size_1"
"CPU_Elastic","COMPUTE","kq-15","MUL_MAT","",-1,17,-1,256,1,16,1,16384,0.040886,1,"chunk_size_1"
"CPU_Elastic","COMPUTE","kq_soft_max-15","SOFT_MAX","",-1,18,-1,256,1,16,1,16384,0.017605,1,"chunk_size_1"
"CPU_Elastic","COMPUTE","kqv-15","MUL_MAT","",-1,19,-1,128,1,16,1,8192,0.055208,1,"chunk_size_1"
"CPU_Elastic","COMPUTE","kqv-15 (permuted)","PERMUTE","",-1,20,-1,128,16,1,1,8192,0.000521,1,"chunk_size_1"
"CPU_Elastic","COMPUTE","kqv_out-15","CONT","",-1,21,-1,2048,1,1,1,8192,0.005573,1,"chunk_size_1"
"CPU_Elastic","COMPUTE","node_977","MUL_MAT","",-1,22,-1,2048,1,1,1,8192,0.101875,1,"chunk_size_1"
"CPU_Elastic","COMPUTE","node_978","GET_ROWS","",-1,23,-1,2048,1,1,1,8192,0.001042,1,"chunk_size_1"
"CPU_Elastic","COMPUTE","node_979","GET_ROWS","",-1,24,-1,2048,1,1,1,8192,0.000938,1,"chunk_size_1"
"CPU_Elastic","COMPUTE","ffn_inp-15","ADD","",-1,25,-1,2048,1,1,1,8192,0.004896,1,"chunk_size_1"
"CPU_Elastic","COMPUTE_GRAPH","ggml_cgraph","GRAPH","",-1,26,-1,0,0,0,0,0,0.955839,1,"delegate_cpu_graph"
"CPU_Elastic","COMPUTE","ffn_norm-15","MUL","",-1,0,-1,2048,1,1,1,8192,0.006406,1,"chunk_size_1"
"CPU_Elastic","COMPUTE","ffn_moe_logits-15","MUL_MAT","",-1,1,-1,64,1,1,1,256,0.017761,1,"chunk_size_1"
"CPU_Elastic","COMPUTE","ffn_moe_probs-15","SOFT_MAX","",-1,2,-1,64,1,1,1,256,0.000938,1,"chunk_size_1"
"CPU_Elastic","COMPUTE","ffn_moe_probs-15 (reshaped)","RESHAPE","",-1,3,-1,1,64,1,1,256,0.000416,1,"chunk_size_1"
"CPU_Elastic","COMPUTE","ffn_moe_argsort-15","ARGSORT","",-1,4,-1,64,1,1,1,256,0.011303,1,"chunk_size_1"
"CPU_Elastic","COMPUTE","ffn_moe_topk-15","VIEW","",-1,5,-1,8,1,1,1,32,0.000521,1,"chunk_size_1"
"CPU_Elastic","COMPUTE","ffn_moe_weights-15","GET_ROWS","",-1,6,-1,1,8,1,1,32,0.000469,1,"chunk_size_1"
"CPU_Elastic","COMPUTE","ffn_norm-15 (reshaped)","RESHAPE","",-1,7,-1,2048,1,1,1,8192,0.000416,1,"chunk_size_1"
"CPU_Elastic","COMPUTE","ffn_moe_gate-15","MUL_MAT_ID","",-1,8,-1,1024,8,1,1,32768,0.388958,1,"chunk_size_1"
"CPU_Elastic","COMPUTE","ffn_moe_up-15","MUL_MAT_ID","",-1,9,-1,1024,8,1,1,32768,0.399583,1,"chunk_size_1"
"CPU_Elastic","COMPUTE","ffn_moe_weighted-15","GLU","",-1,10,-1,1024,8,1,1,32768,0.027864,1,"chunk_size_1"
"CPU_Elastic","COMPUTE","ffn_moe_down-15","MUL_MAT_ID","",-1,11,-1,2048,8,1,1,65536,0.577708,1,"chunk_size_1"
"CPU_Elastic","COMPUTE","node_994","MUL","",-1,12,-1,2048,8,1,1,65536,0.032031,1,"chunk_size_1"
"CPU_Elastic","COMPUTE"," (view)","VIEW","",-1,13,-1,2048,1,1,1,8192,0.000520,1,"chunk_size_1"
"CPU_Elastic","COMPUTE","node_994 (view)","VIEW","",-1,14,-1,2048,1,1,1,8192,0.000469,1,"chunk_size_1"
"CPU_Elastic","COMPUTE","node_994 (view)","VIEW","",-1,15,-1,2048,1,1,1,8192,0.000417,1,"chunk_size_1"
"CPU_Elastic","COMPUTE","node_994 (view)","VIEW","",-1,16,-1,2048,1,1,1,8192,0.000573,1,"chunk_size_1"
"CPU_Elastic","COMPUTE","node_994 (view)","VIEW","",-1,17,-1,2048,1,1,1,8192,0.000365,1,"chunk_size_1"
"CPU_Elastic","COMPUTE","node_994 (view)","VIEW","",-1,18,-1,2048,1,1,1,8192,0.000365,1,"chunk_size_1"
"CPU_Elastic","COMPUTE","node_994 (view)","VIEW","",-1,19,-1,2048,1,1,1,8192,0.000469,1,"chunk_size_1"
"CPU_Elastic","COMPUTE","node_994 (view)","VIEW","",-1,20,-1,2048,1,1,1,8192,0.000520,1,"chunk_size_1"
"CPU_Elastic","COMPUTE","node_1003","ADD","",-1,21,-1,2048,1,1,1,8192,0.004740,1,"chunk_size_1"
"CPU_Elastic","COMPUTE","node_1004","ADD","",-1,22,-1,2048,1,1,1,8192,0.004948,1,"chunk_size_1"
"CPU_Elastic","COMPUTE","node_1005","ADD","",-1,23,-1,2048,1,1,1,8192,0.005312,1,"chunk_size_1"
"CPU_Elastic","COMPUTE","node_1006","ADD","",-1,24,-1,2048,1,1,1,8192,0.005365,1,"chunk_size_1"
"CPU_Elastic","COMPUTE","node_1007","ADD","",-1,25,-1,2048,1,1,1,8192,0.005468,1,"chunk_size_1"
"CPU_Elastic","COMPUTE","node_1008","ADD","",-1,26,-1,2048,1,1,1,8192,0.004427,1,"chunk_size_1"
"CPU_Elastic","COMPUTE","ffn_moe_out-15","ADD","",-1,27,-1,2048,1,1,1,8192,0.005469,1,"chunk_size_1"
"CPU_Elastic","COMPUTE","l_out-15","ADD","",-1,28,-1,2048,1,1,1,8192,0.005521,1,"chunk_size_1"
"CPU_Elastic","COMPUTE","norm","RMS_NORM","",-1,29,-1,2048,1,1,1,8192,0.006875,1,"chunk_size_1"
"CPU_Elastic","COMPUTE","result_norm","MUL","",-1,30,-1,2048,1,1,1,8192,0.006041,1,"chunk_size_1"
"CPU_Elastic","COMPUTE","result_output","MUL_MAT","",-1,31,-1,50304,1,1,1,201216,3.173438,1,"chunk_size_1"
"CPU_Elastic","COMPUTE_GRAPH","ggml_cgraph","GRAPH","",-1,32,-1,0,0,0,0,0,4.695676,1,"delegate_cpu_graph"
