backend,kind,name,op,quant,token,op_id,weight_id,ne0,ne1,ne2,ne3,bytes,ms,ok,extra
"CPU_Elastic","COMPUTE_GRAPH","ggml_cgraph","GRAPH","",-1,1,-1,0,0,0,0,0,0.519375,1,"delegate_cpu_graph"
"CPU_Elastic","COMPUTE_GRAPH","ggml_cgraph","GRAPH","",-1,1,-1,0,0,0,0,0,1.536407,1,"delegate_cpu_graph"
"OpenCL","RELOAD_ENSURE","blk.0.attn_q_norm.weight","","",-1,-1,4,0,0,0,0,8192,2.113854,1,"decode_ensure"
"OpenCL","COMPUTE","Qcur-0","ROPE","f32",-1,3,-1,128,16,10,1,81920,0.373698,1,"clFinish_profiled"
"CPU_Elastic","COMPUTE_GRAPH","ggml_cgraph","GRAPH","",-1,1,-1,0,0,0,0,0,1.073854,1,"delegate_cpu_graph"
"OpenCL","RELOAD_ENSURE","blk.0.attn_k_norm.weight","","",-1,-1,5,0,0,0,0,8192,0.311563,1,"decode_ensure"
"OpenCL","COMPUTE","Kcur-0","ROPE","f32",-1,3,-1,128,16,10,1,81920,0.360521,1,"clFinish_profiled"
"OpenCL","COMPUTE","Vcur-0","MUL_MAT","f32",-1,4,-1,2048,10,1,1,81920,1.486667,1,"clFinish_profiled"
"OpenCL","COMPUTE","cache_k_l0 (view)","SET_ROWS","f16",-1,7,-1,2048,512,1,1,2097152,0.127552,1,"clFinish_profiled"
"OpenCL","COMPUTE","cache_v_l0 (view)","SET_ROWS","f16",-1,9,-1,2048,512,1,1,2097152,0.122552,1,"clFinish_profiled"
"OpenCL","COMPUTE"," (copy)","CPY","f16",-1,16,-1,256,64,1,1,32768,0.117500,1,"clFinish_profiled"
"OpenCL","COMPUTE","__fattn__-0","FLASH_ATTN_EXT","f32",-1,17,-1,128,16,10,1,81920,1.133750,1,"clFinish_profiled"
"CPU_Elastic","COMPUTE_GRAPH","ggml_cgraph","GRAPH","",-1,2,-1,0,0,0,0,0,1.094896,1,"delegate_cpu_graph"
"OpenCL","RELOAD_ENSURE","blk.0.ffn_gate_inp.weight","","",-1,-1,7,0,0,0,0,524288,1.263802,1,"decode_ensure"
"OpenCL","COMPUTE","ffn_moe_logits-0","MUL_MAT","f32",-1,2,-1,64,10,1,1,2560,0.603490,1,"clFinish_profiled"
"OpenCL","COMPUTE","ffn_moe_probs-0","SOFT_MAX","f32",-1,3,-1,64,10,1,1,2560,0.133907,1,"clFinish_profiled"
"OpenCL","COMPUTE","ffn_moe_argsort-0","ARGSORT","i32",-1,5,-1,64,10,1,1,2560,0.130521,1,"clFinish_profiled"
"OpenCL","COMPUTE","ffn_moe_weights-0","GET_ROWS","f32",-1,7,-1,1,8,10,1,320,0.122031,1,"clFinish_profiled"
"CPU_Elastic","COMPUTE_GRAPH","ggml_cgraph","GRAPH","",-1,21,-1,0,0,0,0,0,13.192344,1,"delegate_cpu_graph"
"CPU_Elastic","COMPUTE_GRAPH","ggml_cgraph","GRAPH","",-1,1,-1,0,0,0,0,0,0.802292,1,"delegate_cpu_graph"
"OpenCL","RELOAD_ENSURE","blk.1.attn_q_norm.weight","","",-1,-1,10,0,0,0,0,8192,0.827552,1,"decode_ensure"
"OpenCL","COMPUTE","Qcur-1","ROPE","f32",-1,3,-1,128,16,10,1,81920,0.388125,1,"clFinish_profiled"
"CPU_Elastic","COMPUTE_GRAPH","ggml_cgraph","GRAPH","",-1,1,-1,0,0,0,0,0,0.660208,1,"delegate_cpu_graph"
"OpenCL","RELOAD_ENSURE","blk.1.attn_k_norm.weight","","",-1,-1,11,0,0,0,0,8192,0.286719,1,"decode_ensure"
"OpenCL","COMPUTE","Kcur-1","ROPE","f32",-1,3,-1,128,16,10,1,81920,0.363229,1,"clFinish_profiled"
"OpenCL","COMPUTE","Vcur-1","MUL_MAT","f32",-1,4,-1,2048,10,1,1,81920,1.464531,1,"clFinish_profiled"
"OpenCL","COMPUTE","cache_k_l1 (view)","SET_ROWS","f16",-1,7,-1,2048,512,1,1,2097152,0.132552,1,"clFinish_profiled"
"OpenCL","COMPUTE","cache_v_l1 (view)","SET_ROWS","f16",-1,9,-1,2048,512,1,1,2097152,0.130157,1,"clFinish_profiled"
"OpenCL","COMPUTE","__fattn__-1","FLASH_ATTN_EXT","f32",-1,16,-1,128,16,10,1,81920,1.158855,1,"clFinish_profiled"
"CPU_Elastic","COMPUTE_GRAPH","ggml_cgraph","GRAPH","",-1,2,-1,0,0,0,0,0,0.689635,1,"delegate_cpu_graph"
"OpenCL","RELOAD_ENSURE","blk.1.ffn_gate_inp.weight","","",-1,-1,13,0,0,0,0,524288,1.009323,1,"decode_ensure"
"OpenCL","COMPUTE","ffn_moe_logits-1","MUL_MAT","f32",-1,2,-1,64,10,1,1,2560,0.592240,1,"clFinish_profiled"
"OpenCL","COMPUTE","ffn_moe_probs-1","SOFT_MAX","f32",-1,3,-1,64,10,1,1,2560,0.127552,1,"clFinish_profiled"
"OpenCL","COMPUTE","ffn_moe_argsort-1","ARGSORT","i32",-1,5,-1,64,10,1,1,2560,0.127552,1,"clFinish_profiled"
"OpenCL","COMPUTE","ffn_moe_weights-1","GET_ROWS","f32",-1,7,-1,1,8,10,1,320,0.121823,1,"clFinish_profiled"
"CPU_Elastic","COMPUTE_GRAPH","ggml_cgraph","GRAPH","",-1,21,-1,0,0,0,0,0,11.419479,1,"delegate_cpu_graph"
"CPU_Elastic","COMPUTE_GRAPH","ggml_cgraph","GRAPH","",-1,1,-1,0,0,0,0,0,0.799323,1,"delegate_cpu_graph"
"OpenCL","RELOAD_ENSURE","blk.2.attn_q_norm.weight","","",-1,-1,15,0,0,0,0,8192,0.727240,1,"decode_ensure"
"OpenCL","COMPUTE","Qcur-2","ROPE","f32",-1,3,-1,128,16,10,1,81920,0.350781,1,"clFinish_profiled"
"CPU_Elastic","COMPUTE_GRAPH","ggml_cgraph","GRAPH","",-1,1,-1,0,0,0,0,0,0.796615,1,"delegate_cpu_graph"
"OpenCL","RELOAD_ENSURE","blk.2.attn_k_norm.weight","","",-1,-1,16,0,0,0,0,8192,0.280990,1,"decode_ensure"
"OpenCL","COMPUTE","Kcur-2","ROPE","f32",-1,3,-1,128,16,10,1,81920,0.346250,1,"clFinish_profiled"
"CPU_Elastic","COMPUTE_GRAPH","ggml_cgraph","GRAPH","",-1,3,-1,0,0,0,0,0,0.841510,1,"delegate_cpu_graph"
"OpenCL","COMPUTE","cache_k_l2 (view)","SET_ROWS","f16",-1,0,-1,2048,512,1,1,2097152,0.332708,1,"clFinish_profiled"
"OpenCL","COMPUTE","cache_v_l2 (view)","SET_ROWS","f16",-1,2,-1,2048,512,1,1,2097152,0.122291,1,"clFinish_profiled"
"OpenCL","COMPUTE","__fattn__-2","FLASH_ATTN_EXT","f32",-1,9,-1,128,16,10,1,81920,1.134792,1,"clFinish_profiled"
"CPU_Elastic","COMPUTE_GRAPH","ggml_cgraph","GRAPH","",-1,2,-1,0,0,0,0,0,0.819375,1,"delegate_cpu_graph"
"OpenCL","RELOAD_ENSURE","blk.2.ffn_gate_inp.weight","","",-1,-1,18,0,0,0,0,524288,1.014583,1,"decode_ensure"
"OpenCL","COMPUTE","ffn_moe_logits-2","MUL_MAT","f32",-1,2,-1,64,10,1,1,2560,0.581302,1,"clFinish_profiled"
"OpenCL","COMPUTE","ffn_moe_probs-2","SOFT_MAX","f32",-1,3,-1,64,10,1,1,2560,0.123125,1,"clFinish_profiled"
"OpenCL","COMPUTE","ffn_moe_argsort-2","ARGSORT","i32",-1,5,-1,64,10,1,1,2560,0.126146,1,"clFinish_profiled"
"OpenCL","COMPUTE","ffn_moe_weights-2","GET_ROWS","f32",-1,7,-1,1,8,10,1,320,0.117552,1,"clFinish_profiled"
"CPU_Elastic","COMPUTE_GRAPH","ggml_cgraph","GRAPH","",-1,21,-1,0,0,0,0,0,10.195729,1,"delegate_cpu_graph"
"CPU_Elastic","COMPUTE_GRAPH","ggml_cgraph","GRAPH","",-1,1,-1,0,0,0,0,0,0.837031,1,"delegate_cpu_graph"
"OpenCL","RELOAD_ENSURE","blk.3.attn_q_norm.weight","","",-1,-1,20,0,0,0,0,8192,0.712031,1,"decode_ensure"
"OpenCL","COMPUTE","Qcur-3","ROPE","f32",-1,3,-1,128,16,10,1,81920,0.348750,1,"clFinish_profiled"
"CPU_Elastic","COMPUTE_GRAPH","ggml_cgraph","GRAPH","",-1,1,-1,0,0,0,0,0,0.684740,1,"delegate_cpu_graph"
"OpenCL","RELOAD_ENSURE","blk.3.attn_k_norm.weight","","",-1,-1,21,0,0,0,0,8192,0.264323,1,"decode_ensure"
"OpenCL","COMPUTE","Kcur-3","ROPE","f32",-1,3,-1,128,16,10,1,81920,0.355833,1,"clFinish_profiled"
"CPU_Elastic","COMPUTE_GRAPH","ggml_cgraph","GRAPH","",-1,3,-1,0,0,0,0,0,0.683646,1,"delegate_cpu_graph"
"OpenCL","COMPUTE","cache_k_l3 (view)","SET_ROWS","f16",-1,0,-1,2048,512,1,1,2097152,0.319688,1,"clFinish_profiled"
"OpenCL","COMPUTE","cache_v_l3 (view)","SET_ROWS","f16",-1,2,-1,2048,512,1,1,2097152,0.126459,1,"clFinish_profiled"
"OpenCL","COMPUTE","__fattn__-3","FLASH_ATTN_EXT","f32",-1,9,-1,128,16,10,1,81920,1.154323,1,"clFinish_profiled"
"CPU_Elastic","COMPUTE_GRAPH","ggml_cgraph","GRAPH","",-1,2,-1,0,0,0,0,0,0.690521,1,"delegate_cpu_graph"
"OpenCL","RELOAD_ENSURE","blk.3.ffn_gate_inp.weight","","",-1,-1,23,0,0,0,0,524288,0.913958,1,"decode_ensure"
"OpenCL","COMPUTE","ffn_moe_logits-3","MUL_MAT","f32",-1,2,-1,64,10,1,1,2560,0.609167,1,"clFinish_profiled"
"OpenCL","COMPUTE","ffn_moe_probs-3","SOFT_MAX","f32",-1,3,-1,64,10,1,1,2560,0.129584,1,"clFinish_profiled"
"OpenCL","COMPUTE","ffn_moe_argsort-3","ARGSORT","i32",-1,5,-1,64,10,1,1,2560,0.131354,1,"clFinish_profiled"
"OpenCL","COMPUTE","ffn_moe_weights-3","GET_ROWS","f32",-1,7,-1,1,8,10,1,320,0.119896,1,"clFinish_profiled"
"CPU_Elastic","COMPUTE_GRAPH","ggml_cgraph","GRAPH","",-1,21,-1,0,0,0,0,0,10.158594,1,"delegate_cpu_graph"
"CPU_Elastic","COMPUTE_GRAPH","ggml_cgraph","GRAPH","",-1,1,-1,0,0,0,0,0,0.826250,1,"delegate_cpu_graph"
"OpenCL","RELOAD_ENSURE","blk.4.attn_q_norm.weight","","",-1,-1,26,0,0,0,0,8192,0.680104,1,"decode_ensure"
"OpenCL","COMPUTE","Qcur-4","ROPE","f32",-1,3,-1,128,16,10,1,81920,0.353386,1,"clFinish_profiled"
"CPU_Elastic","COMPUTE_GRAPH","ggml_cgraph","GRAPH","",-1,1,-1,0,0,0,0,0,0.686042,1,"delegate_cpu_graph"
"OpenCL","RELOAD_ENSURE","blk.4.attn_k_norm.weight","","",-1,-1,27,0,0,0,0,8192,0.279375,1,"decode_ensure"
"OpenCL","COMPUTE","Kcur-4","ROPE","f32",-1,3,-1,128,16,10,1,81920,0.363282,1,"clFinish_profiled"
"OpenCL","COMPUTE","Vcur-4","MUL_MAT","f32",-1,4,-1,2048,10,1,1,81920,1.471771,1,"clFinish_profiled"
"OpenCL","COMPUTE","cache_k_l4 (view)","SET_ROWS","f16",-1,7,-1,2048,512,1,1,2097152,0.130208,1,"clFinish_profiled"
"OpenCL","COMPUTE","cache_v_l4 (view)","SET_ROWS","f16",-1,9,-1,2048,512,1,1,2097152,0.119739,1,"clFinish_profiled"
"OpenCL","COMPUTE","__fattn__-4","FLASH_ATTN_EXT","f32",-1,16,-1,128,16,10,1,81920,1.164271,1,"clFinish_profiled"
"CPU_Elastic","COMPUTE_GRAPH","ggml_cgraph","GRAPH","",-1,2,-1,0,0,0,0,0,0.828489,1,"delegate_cpu_graph"
"OpenCL","RELOAD_ENSURE","blk.4.ffn_gate_inp.weight","","",-1,-1,29,0,0,0,0,524288,0.946302,1,"decode_ensure"
"OpenCL","COMPUTE","ffn_moe_logits-4","MUL_MAT","f32",-1,2,-1,64,10,1,1,2560,0.632760,1,"clFinish_profiled"
"OpenCL","COMPUTE","ffn_moe_probs-4","SOFT_MAX","f32",-1,3,-1,64,10,1,1,2560,0.114479,1,"clFinish_profiled"
"OpenCL","COMPUTE","ffn_moe_argsort-4","ARGSORT","i32",-1,5,-1,64,10,1,1,2560,0.121823,1,"clFinish_profiled"
"OpenCL","COMPUTE","ffn_moe_weights-4","GET_ROWS","f32",-1,7,-1,1,8,10,1,320,0.110937,1,"clFinish_profiled"
"CPU_Elastic","COMPUTE_GRAPH","ggml_cgraph","GRAPH","",-1,21,-1,0,0,0,0,0,11.423125,1,"delegate_cpu_graph"
"CPU_Elastic","COMPUTE_GRAPH","ggml_cgraph","GRAPH","",-1,1,-1,0,0,0,0,0,0.830000,1,"delegate_cpu_graph"
"OpenCL","RELOAD_ENSURE","blk.5.attn_q_norm.weight","","",-1,-1,31,0,0,0,0,8192,0.731250,1,"decode_ensure"
"OpenCL","COMPUTE","Qcur-5","ROPE","f32",-1,3,-1,128,16,10,1,81920,0.358490,1,"clFinish_profiled"
"CPU_Elastic","COMPUTE_GRAPH","ggml_cgraph","GRAPH","",-1,1,-1,0,0,0,0,0,0.683490,1,"delegate_cpu_graph"
"OpenCL","RELOAD_ENSURE","blk.5.attn_k_norm.weight","","",-1,-1,32,0,0,0,0,8192,0.284427,1,"decode_ensure"
"OpenCL","COMPUTE","Kcur-5","ROPE","f32",-1,3,-1,128,16,10,1,81920,0.342657,1,"clFinish_profiled"
"CPU_Elastic","COMPUTE_GRAPH","ggml_cgraph","GRAPH","",-1,3,-1,0,0,0,0,0,0.683334,1,"delegate_cpu_graph"
"OpenCL","COMPUTE","cache_k_l5 (view)","SET_ROWS","f16",-1,0,-1,2048,512,1,1,2097152,0.324427,1,"clFinish_profiled"
"OpenCL","COMPUTE","cache_v_l5 (view)","SET_ROWS","f16",-1,2,-1,2048,512,1,1,2097152,0.136198,1,"clFinish_profiled"
"OpenCL","COMPUTE","__fattn__-5","FLASH_ATTN_EXT","f32",-1,9,-1,128,16,10,1,81920,1.140729,1,"clFinish_profiled"
"CPU_Elastic","COMPUTE_GRAPH","ggml_cgraph","GRAPH","",-1,2,-1,0,0,0,0,0,0.688855,1,"delegate_cpu_graph"
"OpenCL","RELOAD_ENSURE","blk.5.ffn_gate_inp.weight","","",-1,-1,34,0,0,0,0,524288,0.990833,1,"decode_ensure"
"OpenCL","COMPUTE","ffn_moe_logits-5","MUL_MAT","f32",-1,2,-1,64,10,1,1,2560,0.591614,1,"clFinish_profiled"
"OpenCL","COMPUTE","ffn_moe_probs-5","SOFT_MAX","f32",-1,3,-1,64,10,1,1,2560,0.133542,1,"clFinish_profiled"
"OpenCL","COMPUTE","ffn_moe_argsort-5","ARGSORT","i32",-1,5,-1,64,10,1,1,2560,0.129531,1,"clFinish_profiled"
"OpenCL","COMPUTE","ffn_moe_weights-5","GET_ROWS","f32",-1,7,-1,1,8,10,1,320,0.145729,1,"clFinish_profiled"
"CPU_Elastic","COMPUTE_GRAPH","ggml_cgraph","GRAPH","",-1,21,-1,0,0,0,0,0,10.137917,1,"delegate_cpu_graph"
"CPU_Elastic","COMPUTE_GRAPH","ggml_cgraph","GRAPH","",-1,1,-1,0,0,0,0,0,0.832864,1,"delegate_cpu_graph"
"OpenCL","RELOAD_ENSURE","blk.6.attn_q_norm.weight","","",-1,-1,36,0,0,0,0,8192,0.706771,1,"decode_ensure"
"OpenCL","COMPUTE","Qcur-6","ROPE","f32",-1,3,-1,128,16,10,1,81920,0.371771,1,"clFinish_profiled"
"CPU_Elastic","COMPUTE_GRAPH","ggml_cgraph","GRAPH","",-1,1,-1,0,0,0,0,0,0.696927,1,"delegate_cpu_graph"
"OpenCL","RELOAD_ENSURE","blk.6.attn_k_norm.weight","","",-1,-1,37,0,0,0,0,8192,0.270781,1,"decode_ensure"
"OpenCL","COMPUTE","Kcur-6","ROPE","f32",-1,3,-1,128,16,10,1,81920,0.364739,1,"clFinish_profiled"
"CPU_Elastic","COMPUTE_GRAPH","ggml_cgraph","GRAPH","",-1,3,-1,0,0,0,0,0,0.684844,1,"delegate_cpu_graph"
"OpenCL","COMPUTE","cache_k_l6 (view)","SET_ROWS","f16",-1,0,-1,2048,512,1,1,2097152,0.349531,1,"clFinish_profiled"
"OpenCL","COMPUTE","cache_v_l6 (view)","SET_ROWS","f16",-1,2,-1,2048,512,1,1,2097152,0.138802,1,"clFinish_profiled"
"OpenCL","COMPUTE","__fattn__-6","FLASH_ATTN_EXT","f32",-1,9,-1,128,16,10,1,81920,1.164688,1,"clFinish_profiled"
"CPU_Elastic","COMPUTE_GRAPH","ggml_cgraph","GRAPH","",-1,2,-1,0,0,0,0,0,0.845000,1,"delegate_cpu_graph"
"OpenCL","RELOAD_ENSURE","blk.6.ffn_gate_inp.weight","","",-1,-1,39,0,0,0,0,524288,0.921771,1,"decode_ensure"
"OpenCL","COMPUTE","ffn_moe_logits-6","MUL_MAT","f32",-1,2,-1,64,10,1,1,2560,0.575104,1,"clFinish_profiled"
"OpenCL","COMPUTE","ffn_moe_probs-6","SOFT_MAX","f32",-1,3,-1,64,10,1,1,2560,0.116563,1,"clFinish_profiled"
"OpenCL","COMPUTE","ffn_moe_argsort-6","ARGSORT","i32",-1,5,-1,64,10,1,1,2560,0.121198,1,"clFinish_profiled"
"OpenCL","COMPUTE","ffn_moe_weights-6","GET_ROWS","f32",-1,7,-1,1,8,10,1,320,0.119948,1,"clFinish_profiled"
"CPU_Elastic","COMPUTE_GRAPH","ggml_cgraph","GRAPH","",-1,21,-1,0,0,0,0,0,10.039323,1,"delegate_cpu_graph"
"CPU_Elastic","COMPUTE_GRAPH","ggml_cgraph","GRAPH","",-1,1,-1,0,0,0,0,0,0.801302,1,"delegate_cpu_graph"
"OpenCL","RELOAD_ENSURE","blk.7.attn_q_norm.weight","","",-1,-1,42,0,0,0,0,8192,0.649948,1,"decode_ensure"
"OpenCL","COMPUTE","Qcur-7","ROPE","f32",-1,3,-1,128,16,10,1,81920,0.340417,1,"clFinish_profiled"
"CPU_Elastic","COMPUTE_GRAPH","ggml_cgraph","GRAPH","",-1,1,-1,0,0,0,0,0,0.799948,1,"delegate_cpu_graph"
"OpenCL","RELOAD_ENSURE","blk.7.attn_k_norm.weight","","",-1,-1,43,0,0,0,0,8192,0.266510,1,"decode_ensure"
"OpenCL","COMPUTE","Kcur-7","ROPE","f32",-1,3,-1,128,16,10,1,81920,0.351250,1,"clFinish_profiled"
"OpenCL","COMPUTE","Vcur-7","MUL_MAT","f32",-1,4,-1,2048,10,1,1,81920,1.486146,1,"clFinish_profiled"
"OpenCL","COMPUTE","cache_k_l7 (view)","SET_ROWS","f16",-1,7,-1,2048,512,1,1,2097152,0.123125,1,"clFinish_profiled"
"OpenCL","COMPUTE","cache_v_l7 (view)","SET_ROWS","f16",-1,9,-1,2048,512,1,1,2097152,0.112657,1,"clFinish_profiled"
"OpenCL","COMPUTE","__fattn__-7","FLASH_ATTN_EXT","f32",-1,16,-1,128,16,10,1,81920,1.147135,1,"clFinish_profiled"
"CPU_Elastic","COMPUTE_GRAPH","ggml_cgraph","GRAPH","",-1,2,-1,0,0,0,0,0,0.811041,1,"delegate_cpu_graph"
"OpenCL","RELOAD_ENSURE","blk.7.ffn_gate_inp.weight","","",-1,-1,45,0,0,0,0,524288,0.969844,1,"decode_ensure"
"OpenCL","COMPUTE","ffn_moe_logits-7","MUL_MAT","f32",-1,2,-1,64,10,1,1,2560,0.582813,1,"clFinish_profiled"
"OpenCL","COMPUTE","ffn_moe_probs-7","SOFT_MAX","f32",-1,3,-1,64,10,1,1,2560,0.123333,1,"clFinish_profiled"
"OpenCL","COMPUTE","ffn_moe_argsort-7","ARGSORT","i32",-1,5,-1,64,10,1,1,2560,0.127396,1,"clFinish_profiled"
"OpenCL","COMPUTE","ffn_moe_weights-7","GET_ROWS","f32",-1,7,-1,1,8,10,1,320,0.112656,1,"clFinish_profiled"
"CPU_Elastic","COMPUTE_GRAPH","ggml_cgraph","GRAPH","",-1,21,-1,0,0,0,0,0,11.309271,1,"delegate_cpu_graph"
"CPU_Elastic","COMPUTE_GRAPH","ggml_cgraph","GRAPH","",-1,1,-1,0,0,0,0,0,0.810417,1,"delegate_cpu_graph"
"OpenCL","RELOAD_ENSURE","blk.8.attn_q_norm.weight","","",-1,-1,47,0,0,0,0,8192,0.675990,1,"decode_ensure"
"OpenCL","COMPUTE","Qcur-8","ROPE","f32",-1,3,-1,128,16,10,1,81920,0.356042,1,"clFinish_profiled"
"CPU_Elastic","COMPUTE_GRAPH","ggml_cgraph","GRAPH","",-1,1,-1,0,0,0,0,0,0.683125,1,"delegate_cpu_graph"
"OpenCL","RELOAD_ENSURE","blk.8.attn_k_norm.weight","","",-1,-1,48,0,0,0,0,8192,0.228959,1,"decode_ensure"
"OpenCL","COMPUTE","Kcur-8","ROPE","f32",-1,3,-1,128,16,10,1,81920,0.373698,1,"clFinish_profiled"
"CPU_Elastic","COMPUTE_GRAPH","ggml_cgraph","GRAPH","",-1,3,-1,0,0,0,0,0,0.684115,1,"delegate_cpu_graph"
"OpenCL","COMPUTE","cache_k_l8 (view)","SET_ROWS","f16",-1,0,-1,2048,512,1,1,2097152,0.349062,1,"clFinish_profiled"
"OpenCL","COMPUTE","cache_v_l8 (view)","SET_ROWS","f16",-1,2,-1,2048,512,1,1,2097152,0.131510,1,"clFinish_profiled"
"OpenCL","COMPUTE","__fattn__-8","FLASH_ATTN_EXT","f32",-1,9,-1,128,16,10,1,81920,1.150677,1,"clFinish_profiled"
"CPU_Elastic","COMPUTE_GRAPH","ggml_cgraph","GRAPH","",-1,2,-1,0,0,0,0,0,0.701250,1,"delegate_cpu_graph"
"OpenCL","RELOAD_ENSURE","blk.8.ffn_gate_inp.weight","","",-1,-1,50,0,0,0,0,524288,0.992917,1,"decode_ensure"
"OpenCL","COMPUTE","ffn_moe_logits-8","MUL_MAT","f32",-1,2,-1,64,10,1,1,2560,0.572969,1,"clFinish_profiled"
"OpenCL","COMPUTE","ffn_moe_probs-8","SOFT_MAX","f32",-1,3,-1,64,10,1,1,2560,0.123802,1,"clFinish_profiled"
"OpenCL","COMPUTE","ffn_moe_argsort-8","ARGSORT","i32",-1,5,-1,64,10,1,1,2560,0.127969,1,"clFinish_profiled"
"OpenCL","COMPUTE","ffn_moe_weights-8","GET_ROWS","f32",-1,7,-1,1,8,10,1,320,0.110313,1,"clFinish_profiled"
"CPU_Elastic","COMPUTE_GRAPH","ggml_cgraph","GRAPH","",-1,21,-1,0,0,0,0,0,10.121145,1,"delegate_cpu_graph"
"CPU_Elastic","COMPUTE_GRAPH","ggml_cgraph","GRAPH","",-1,1,-1,0,0,0,0,0,0.865156,1,"delegate_cpu_graph"
"OpenCL","RELOAD_ENSURE","blk.9.attn_q_norm.weight","","",-1,-1,52,0,0,0,0,8192,0.648958,1,"decode_ensure"
"OpenCL","COMPUTE","Qcur-9","ROPE","f32",-1,3,-1,128,16,10,1,81920,0.354010,1,"clFinish_profiled"
"CPU_Elastic","COMPUTE_GRAPH","ggml_cgraph","GRAPH","",-1,1,-1,0,0,0,0,0,0.797709,1,"delegate_cpu_graph"
"OpenCL","RELOAD_ENSURE","blk.9.attn_k_norm.weight","","",-1,-1,53,0,0,0,0,8192,0.175834,1,"decode_ensure"
"OpenCL","COMPUTE","Kcur-9","ROPE","f32",-1,3,-1,128,16,10,1,81920,0.338281,1,"clFinish_profiled"
"CPU_Elastic","COMPUTE_GRAPH","ggml_cgraph","GRAPH","",-1,3,-1,0,0,0,0,0,0.810885,1,"delegate_cpu_graph"
"OpenCL","COMPUTE","cache_k_l9 (view)","SET_ROWS","f16",-1,0,-1,2048,512,1,1,2097152,0.349062,1,"clFinish_profiled"
"OpenCL","COMPUTE","cache_v_l9 (view)","SET_ROWS","f16",-1,2,-1,2048,512,1,1,2097152,0.120156,1,"clFinish_profiled"
"OpenCL","COMPUTE","__fattn__-9","FLASH_ATTN_EXT","f32",-1,9,-1,128,16,10,1,81920,1.145261,1,"clFinish_profiled"
"CPU_Elastic","COMPUTE_GRAPH","ggml_cgraph","GRAPH","",-1,2,-1,0,0,0,0,0,0.818438,1,"delegate_cpu_graph"
"OpenCL","RELOAD_ENSURE","blk.9.ffn_gate_inp.weight","","",-1,-1,55,0,0,0,0,524288,0.793542,1,"decode_ensure"
"OpenCL","COMPUTE","ffn_moe_logits-9","MUL_MAT","f32",-1,2,-1,64,10,1,1,2560,0.592084,1,"clFinish_profiled"
"OpenCL","COMPUTE","ffn_moe_probs-9","SOFT_MAX","f32",-1,3,-1,64,10,1,1,2560,0.112239,1,"clFinish_profiled"
"OpenCL","COMPUTE","ffn_moe_argsort-9","ARGSORT","i32",-1,5,-1,64,10,1,1,2560,0.120729,1,"clFinish_profiled"
"OpenCL","COMPUTE","ffn_moe_weights-9","GET_ROWS","f32",-1,7,-1,1,8,10,1,320,0.109740,1,"clFinish_profiled"
"CPU_Elastic","COMPUTE_GRAPH","ggml_cgraph","GRAPH","",-1,21,-1,0,0,0,0,0,10.148646,1,"delegate_cpu_graph"
"CPU_Elastic","COMPUTE_GRAPH","ggml_cgraph","GRAPH","",-1,1,-1,0,0,0,0,0,0.829323,1,"delegate_cpu_graph"
"OpenCL","RELOAD_ENSURE","blk.10.attn_q_norm.weight","","",-1,-1,58,0,0,0,0,8192,0.625364,1,"decode_ensure"
"OpenCL","COMPUTE","Qcur-10","ROPE","f32",-1,3,-1,128,16,10,1,81920,0.356718,1,"clFinish_profiled"
"CPU_Elastic","COMPUTE_GRAPH","ggml_cgraph","GRAPH","",-1,1,-1,0,0,0,0,0,0.683646,1,"delegate_cpu_graph"
"OpenCL","RELOAD_ENSURE","blk.10.attn_k_norm.weight","","",-1,-1,59,0,0,0,0,8192,0.183282,1,"decode_ensure"
"OpenCL","COMPUTE","Kcur-10","ROPE","f32",-1,3,-1,128,16,10,1,81920,0.361562,1,"clFinish_profiled"
"OpenCL","COMPUTE","Vcur-10","MUL_MAT","f32",-1,4,-1,2048,10,1,1,81920,1.468385,1,"clFinish_profiled"
"OpenCL","COMPUTE","cache_k_l10 (view)","SET_ROWS","f16",-1,7,-1,2048,512,1,1,2097152,0.119427,1,"clFinish_profiled"
"OpenCL","COMPUTE","cache_v_l10 (view)","SET_ROWS","f16",-1,9,-1,2048,512,1,1,2097152,0.126771,1,"clFinish_profiled"
"OpenCL","COMPUTE","__fattn__-10","FLASH_ATTN_EXT","f32",-1,16,-1,128,16,10,1,81920,1.141093,1,"clFinish_profiled"
"CPU_Elastic","COMPUTE_GRAPH","ggml_cgraph","GRAPH","",-1,2,-1,0,0,0,0,0,0.688542,1,"delegate_cpu_graph"
"OpenCL","RELOAD_ENSURE","blk.10.ffn_gate_inp.weight","","",-1,-1,61,0,0,0,0,524288,0.831771,1,"decode_ensure"
"OpenCL","COMPUTE","ffn_moe_logits-10","MUL_MAT","f32",-1,2,-1,64,10,1,1,2560,0.587760,1,"clFinish_profiled"
"OpenCL","COMPUTE","ffn_moe_probs-10","SOFT_MAX","f32",-1,3,-1,64,10,1,1,2560,0.119271,1,"clFinish_profiled"
"OpenCL","COMPUTE","ffn_moe_argsort-10","ARGSORT","i32",-1,5,-1,64,10,1,1,2560,0.138073,1,"clFinish_profiled"
"OpenCL","COMPUTE","ffn_moe_weights-10","GET_ROWS","f32",-1,7,-1,1,8,10,1,320,0.122292,1,"clFinish_profiled"
"CPU_Elastic","COMPUTE_GRAPH","ggml_cgraph","GRAPH","",-1,21,-1,0,0,0,0,0,11.414792,1,"delegate_cpu_graph"
"CPU_Elastic","COMPUTE_GRAPH","ggml_cgraph","GRAPH","",-1,1,-1,0,0,0,0,0,0.840990,1,"delegate_cpu_graph"
"OpenCL","RELOAD_ENSURE","blk.11.attn_q_norm.weight","","",-1,-1,63,0,0,0,0,8192,0.624219,1,"decode_ensure"
"OpenCL","COMPUTE","Qcur-11","ROPE","f32",-1,3,-1,128,16,10,1,81920,0.362136,1,"clFinish_profiled"
"CPU_Elastic","COMPUTE_GRAPH","ggml_cgraph","GRAPH","",-1,1,-1,0,0,0,0,0,0.683177,1,"delegate_cpu_graph"
"OpenCL","RELOAD_ENSURE","blk.11.attn_k_norm.weight","","",-1,-1,64,0,0,0,0,8192,0.181667,1,"decode_ensure"
"OpenCL","COMPUTE","Kcur-11","ROPE","f32",-1,3,-1,128,16,10,1,81920,0.342448,1,"clFinish_profiled"
"CPU_Elastic","COMPUTE_GRAPH","ggml_cgraph","GRAPH","",-1,3,-1,0,0,0,0,0,0.684167,1,"delegate_cpu_graph"
"OpenCL","COMPUTE","cache_k_l11 (view)","SET_ROWS","f16",-1,0,-1,2048,512,1,1,2097152,0.333281,1,"clFinish_profiled"
"OpenCL","COMPUTE","cache_v_l11 (view)","SET_ROWS","f16",-1,2,-1,2048,512,1,1,2097152,0.128802,1,"clFinish_profiled"
"OpenCL","COMPUTE","__fattn__-11","FLASH_ATTN_EXT","f32",-1,9,-1,128,16,10,1,81920,1.232448,1,"clFinish_profiled"
"CPU_Elastic","COMPUTE_GRAPH","ggml_cgraph","GRAPH","",-1,2,-1,0,0,0,0,0,0.839322,1,"delegate_cpu_graph"
"OpenCL","RELOAD_ENSURE","blk.11.ffn_gate_inp.weight","","",-1,-1,66,0,0,0,0,524288,0.843177,1,"decode_ensure"
"OpenCL","COMPUTE","ffn_moe_logits-11","MUL_MAT","f32",-1,2,-1,64,10,1,1,2560,0.594844,1,"clFinish_profiled"
"OpenCL","COMPUTE","ffn_moe_probs-11","SOFT_MAX","f32",-1,3,-1,64,10,1,1,2560,0.120000,1,"clFinish_profiled"
"OpenCL","COMPUTE","ffn_moe_argsort-11","ARGSORT","i32",-1,5,-1,64,10,1,1,2560,0.115989,1,"clFinish_profiled"
"OpenCL","COMPUTE","ffn_moe_weights-11","GET_ROWS","f32",-1,7,-1,1,8,10,1,320,0.108854,1,"clFinish_profiled"
"CPU_Elastic","COMPUTE_GRAPH","ggml_cgraph","GRAPH","",-1,21,-1,0,0,0,0,0,10.253854,1,"delegate_cpu_graph"
"CPU_Elastic","COMPUTE_GRAPH","ggml_cgraph","GRAPH","",-1,1,-1,0,0,0,0,0,0.799114,1,"delegate_cpu_graph"
"OpenCL","RELOAD_ENSURE","blk.12.attn_q_norm.weight","","",-1,-1,68,0,0,0,0,8192,0.605781,1,"decode_ensure"
"OpenCL","COMPUTE","Qcur-12","ROPE","f32",-1,3,-1,128,16,10,1,81920,0.347291,1,"clFinish_profiled"
"CPU_Elastic","COMPUTE_GRAPH","ggml_cgraph","GRAPH","",-1,1,-1,0,0,0,0,0,0.806875,1,"delegate_cpu_graph"
"OpenCL","RELOAD_ENSURE","blk.12.attn_k_norm.weight","","",-1,-1,69,0,0,0,0,8192,0.176823,1,"decode_ensure"
"OpenCL","COMPUTE","Kcur-12","ROPE","f32",-1,3,-1,128,16,10,1,81920,0.342968,1,"clFinish_profiled"
"CPU_Elastic","COMPUTE_GRAPH","ggml_cgraph","GRAPH","",-1,3,-1,0,0,0,0,0,0.798490,1,"delegate_cpu_graph"
"OpenCL","COMPUTE","cache_k_l12 (view)","SET_ROWS","f16",-1,0,-1,2048,512,1,1,2097152,0.346458,1,"clFinish_profiled"
"OpenCL","COMPUTE","cache_v_l12 (view)","SET_ROWS","f16",-1,2,-1,2048,512,1,1,2097152,0.125365,1,"clFinish_profiled"
"OpenCL","COMPUTE","__fattn__-12","FLASH_ATTN_EXT","f32",-1,9,-1,128,16,10,1,81920,1.129323,1,"clFinish_profiled"
"CPU_Elastic","COMPUTE_GRAPH","ggml_cgraph","GRAPH","",-1,2,-1,0,0,0,0,0,0.822187,1,"delegate_cpu_graph"
"OpenCL","RELOAD_ENSURE","blk.12.ffn_gate_inp.weight","","",-1,-1,71,0,0,0,0,524288,0.815990,1,"decode_ensure"
"OpenCL","COMPUTE","ffn_moe_logits-12","MUL_MAT","f32",-1,2,-1,64,10,1,1,2560,0.572760,1,"clFinish_profiled"
"OpenCL","COMPUTE","ffn_moe_probs-12","SOFT_MAX","f32",-1,3,-1,64,10,1,1,2560,0.111980,1,"clFinish_profiled"
"OpenCL","COMPUTE","ffn_moe_argsort-12","ARGSORT","i32",-1,5,-1,64,10,1,1,2560,0.116198,1,"clFinish_profiled"
"OpenCL","COMPUTE","ffn_moe_weights-12","GET_ROWS","f32",-1,7,-1,1,8,10,1,320,0.107604,1,"clFinish_profiled"
"CPU_Elastic","COMPUTE_GRAPH","ggml_cgraph","GRAPH","",-1,21,-1,0,0,0,0,0,10.122708,1,"delegate_cpu_graph"
"CPU_Elastic","COMPUTE_GRAPH","ggml_cgraph","GRAPH","",-1,1,-1,0,0,0,0,0,0.800365,1,"delegate_cpu_graph"
"OpenCL","RELOAD_ENSURE","blk.13.attn_q_norm.weight","","",-1,-1,74,0,0,0,0,8192,0.635781,1,"decode_ensure"
"OpenCL","COMPUTE","Qcur-13","ROPE","f32",-1,3,-1,128,16,10,1,81920,0.354584,1,"clFinish_profiled"
"CPU_Elastic","COMPUTE_GRAPH","ggml_cgraph","GRAPH","",-1,1,-1,0,0,0,0,0,0.683438,1,"delegate_cpu_graph"
"OpenCL","RELOAD_ENSURE","blk.13.attn_k_norm.weight","","",-1,-1,75,0,0,0,0,8192,0.187865,1,"decode_ensure"
"OpenCL","COMPUTE","Kcur-13","ROPE","f32",-1,3,-1,128,16,10,1,81920,0.371250,1,"clFinish_profiled"
"OpenCL","COMPUTE","Vcur-13","MUL_MAT","f32",-1,4,-1,2048,10,1,1,81920,1.476458,1,"clFinish_profiled"
"OpenCL","COMPUTE","cache_k_l13 (view)","SET_ROWS","f16",-1,7,-1,2048,512,1,1,2097152,0.119531,1,"clFinish_profiled"
"OpenCL","COMPUTE","cache_v_l13 (view)","SET_ROWS","f16",-1,9,-1,2048,512,1,1,2097152,0.118489,1,"clFinish_profiled"
"OpenCL","COMPUTE","__fattn__-13","FLASH_ATTN_EXT","f32",-1,16,-1,128,16,10,1,81920,1.137239,1,"clFinish_profiled"
"CPU_Elastic","COMPUTE_GRAPH","ggml_cgraph","GRAPH","",-1,2,-1,0,0,0,0,0,0.701458,1,"delegate_cpu_graph"
"OpenCL","RELOAD_ENSURE","blk.13.ffn_gate_inp.weight","","",-1,-1,77,0,0,0,0,524288,0.890000,1,"decode_ensure"
"OpenCL","COMPUTE","ffn_moe_logits-13","MUL_MAT","f32",-1,2,-1,64,10,1,1,2560,0.590521,1,"clFinish_profiled"
"OpenCL","COMPUTE","ffn_moe_probs-13","SOFT_MAX","f32",-1,3,-1,64,10,1,1,2560,0.115260,1,"clFinish_profiled"
"OpenCL","COMPUTE","ffn_moe_argsort-13","ARGSORT","i32",-1,5,-1,64,10,1,1,2560,0.125052,1,"clFinish_profiled"
"OpenCL","COMPUTE","ffn_moe_weights-13","GET_ROWS","f32",-1,7,-1,1,8,10,1,320,0.114844,1,"clFinish_profiled"
"CPU_Elastic","COMPUTE_GRAPH","ggml_cgraph","GRAPH","",-1,21,-1,0,0,0,0,0,11.350729,1,"delegate_cpu_graph"
"CPU_Elastic","COMPUTE_GRAPH","ggml_cgraph","GRAPH","",-1,1,-1,0,0,0,0,0,0.799896,1,"delegate_cpu_graph"
"OpenCL","RELOAD_ENSURE","blk.14.attn_q_norm.weight","","",-1,-1,80,0,0,0,0,8192,0.610417,1,"decode_ensure"
"OpenCL","COMPUTE","Qcur-14","ROPE","f32",-1,3,-1,128,16,10,1,81920,0.349063,1,"clFinish_profiled"
"CPU_Elastic","COMPUTE_GRAPH","ggml_cgraph","GRAPH","",-1,1,-1,0,0,0,0,0,0.824375,1,"delegate_cpu_graph"
"OpenCL","RELOAD_ENSURE","blk.14.attn_k_norm.weight","","",-1,-1,81,0,0,0,0,8192,0.179687,1,"decode_ensure"
"OpenCL","COMPUTE","Kcur-14","ROPE","f32",-1,3,-1,128,16,10,1,81920,0.344896,1,"clFinish_profiled"
"OpenCL","COMPUTE","Vcur-14","MUL_MAT","f32",-1,4,-1,2048,10,1,1,81920,1.459323,1,"clFinish_profiled"
"OpenCL","COMPUTE","cache_k_l14 (view)","SET_ROWS","f16",-1,7,-1,2048,512,1,1,2097152,0.117448,1,"clFinish_profiled"
"OpenCL","COMPUTE","cache_v_l14 (view)","SET_ROWS","f16",-1,9,-1,2048,512,1,1,2097152,0.108021,1,"clFinish_profiled"
"OpenCL","COMPUTE","__fattn__-14","FLASH_ATTN_EXT","f32",-1,16,-1,128,16,10,1,81920,1.135938,1,"clFinish_profiled"
"CPU_Elastic","COMPUTE_GRAPH","ggml_cgraph","GRAPH","",-1,2,-1,0,0,0,0,0,0.815938,1,"delegate_cpu_graph"
"OpenCL","RELOAD_ENSURE","blk.14.ffn_gate_inp.weight","","",-1,-1,83,0,0,0,0,524288,0.903541,1,"decode_ensure"
"OpenCL","COMPUTE","ffn_moe_logits-14","MUL_MAT","f32",-1,2,-1,64,10,1,1,2560,0.589948,1,"clFinish_profiled"
"OpenCL","COMPUTE","ffn_moe_probs-14","SOFT_MAX","f32",-1,3,-1,64,10,1,1,2560,0.127291,1,"clFinish_profiled"
"OpenCL","COMPUTE","ffn_moe_argsort-14","ARGSORT","i32",-1,5,-1,64,10,1,1,2560,0.188802,1,"clFinish_profiled"
"OpenCL","COMPUTE","ffn_moe_weights-14","GET_ROWS","f32",-1,7,-1,1,8,10,1,320,0.113958,1,"clFinish_profiled"
"CPU_Elastic","COMPUTE_GRAPH","ggml_cgraph","GRAPH","",-1,21,-1,0,0,0,0,0,11.378334,1,"delegate_cpu_graph"
"CPU_Elastic","COMPUTE_GRAPH","ggml_cgraph","GRAPH","",-1,1,-1,0,0,0,0,0,0.800104,1,"delegate_cpu_graph"
"OpenCL","RELOAD_ENSURE","blk.15.attn_q_norm.weight","","",-1,-1,86,0,0,0,0,8192,0.635417,1,"decode_ensure"
"OpenCL","COMPUTE","Qcur-15","ROPE","f32",-1,3,-1,128,16,10,1,81920,0.350781,1,"clFinish_profiled"
"CPU_Elastic","COMPUTE_GRAPH","ggml_cgraph","GRAPH","",-1,1,-1,0,0,0,0,0,0.701041,1,"delegate_cpu_graph"
"OpenCL","RELOAD_ENSURE","blk.15.attn_k_norm.weight","","",-1,-1,87,0,0,0,0,8192,0.183333,1,"decode_ensure"
"OpenCL","COMPUTE","Kcur-15","ROPE","f32",-1,3,-1,128,16,10,1,81920,0.345573,1,"clFinish_profiled"
"OpenCL","COMPUTE","Vcur-15","MUL_MAT","f32",-1,4,-1,2048,10,1,1,81920,1.477656,1,"clFinish_profiled"
"OpenCL","COMPUTE","cache_k_l15 (view)","SET_ROWS","f16",-1,7,-1,2048,512,1,1,2097152,0.121250,1,"clFinish_profiled"
"OpenCL","COMPUTE","cache_v_l15 (view)","SET_ROWS","f16",-1,9,-1,2048,512,1,1,2097152,0.117917,1,"clFinish_profiled"
"OpenCL","COMPUTE","__fattn__-15","FLASH_ATTN_EXT","f32",-1,16,-1,128,16,10,1,81920,1.152917,1,"clFinish_profiled"
"CPU_Elastic","COMPUTE_GRAPH","ggml_cgraph","GRAPH","",-1,4,-1,0,0,0,0,0,0.826823,1,"delegate_cpu_graph"
"OpenCL","RELOAD_ENSURE","blk.15.ffn_gate_inp.weight","","",-1,-1,89,0,0,0,0,524288,0.814375,1,"decode_ensure"
"OpenCL","COMPUTE","ffn_moe_logits-15","MUL_MAT","f32",-1,2,-1,64,1,1,1,256,0.134584,1,"clFinish_profiled"
"OpenCL","COMPUTE","ffn_moe_probs-15","SOFT_MAX","f32",-1,3,-1,64,1,1,1,256,0.113229,1,"clFinish_profiled"
"OpenCL","COMPUTE","ffn_moe_argsort-15","ARGSORT","i32",-1,5,-1,64,1,1,1,256,0.122031,1,"clFinish_profiled"
"OpenCL","COMPUTE","ffn_moe_weights-15","GET_ROWS","f32",-1,7,-1,1,8,1,1,32,0.115416,1,"clFinish_profiled"
"CPU_Elastic","COMPUTE_GRAPH","ggml_cgraph","GRAPH","",-1,22,-1,0,0,0,0,0,1.203125,1,"delegate_cpu_graph"
"OpenCL","COMPUTE","result_norm","MUL","f32",-1,0,-1,2048,1,1,1,8192,0.338229,1,"clFinish_profiled"
"OpenCL","COMPUTE","result_output","MUL_MAT","f32",-1,1,-1,50304,1,1,1,201216,3.835208,1,"clFinish_profiled"
"CPU_Elastic","COMPUTE_GRAPH","ggml_cgraph","GRAPH","",-1,1,-1,0,0,0,0,0,0.002916,1,"delegate_cpu_graph"
"CPU_Elastic","COMPUTE_GRAPH","ggml_cgraph","GRAPH","",-1,1,-1,0,0,0,0,0,0.090000,1,"delegate_cpu_graph"
"OpenCL","COMPUTE","Qcur-0","ROPE","f32",-1,3,-1,128,16,1,1,8192,0.149948,1,"clFinish_profiled"
"CPU_Elastic","COMPUTE_GRAPH","ggml_cgraph","GRAPH","",-1,1,-1,0,0,0,0,0,0.089219,1,"delegate_cpu_graph"
"OpenCL","COMPUTE","Kcur-0","ROPE","f32",-1,3,-1,128,16,1,1,8192,0.122604,1,"clFinish_profiled"
"OpenCL","COMPUTE","Vcur-0","MUL_MAT","f32",-1,4,-1,2048,1,1,1,8192,0.270000,1,"clFinish_profiled"
"OpenCL","COMPUTE","cache_k_l0 (view)","SET_ROWS","f16",-1,7,-1,2048,512,1,1,2097152,0.119843,1,"clFinish_profiled"
"OpenCL","COMPUTE","cache_v_l0 (view)","SET_ROWS","f16",-1,9,-1,2048,512,1,1,2097152,0.108073,1,"clFinish_profiled"
"OpenCL","COMPUTE"," (copy)","CPY","f16",-1,16,-1,256,64,1,1,32768,0.120313,1,"clFinish_profiled"
"OpenCL","COMPUTE","__fattn__-0","FLASH_ATTN_EXT","f32",-1,17,-1,128,16,1,1,8192,0.332187,1,"clFinish_profiled"
"CPU_Elastic","COMPUTE_GRAPH","ggml_cgraph","GRAPH","",-1,2,-1,0,0,0,0,0,0.090886,1,"delegate_cpu_graph"
"OpenCL","COMPUTE","ffn_moe_logits-0","MUL_MAT","f32",-1,2,-1,64,1,1,1,256,0.124844,1,"clFinish_profiled"
"OpenCL","COMPUTE","ffn_moe_probs-0","SOFT_MAX","f32",-1,3,-1,64,1,1,1,256,0.110886,1,"clFinish_profiled"
"OpenCL","COMPUTE","ffn_moe_argsort-0","ARGSORT","i32",-1,5,-1,64,1,1,1,256,0.116250,1,"clFinish_profiled"
"OpenCL","COMPUTE","ffn_moe_weights-0","GET_ROWS","f32",-1,7,-1,1,8,1,1,32,0.105989,1,"clFinish_profiled"
"CPU_Elastic","COMPUTE_GRAPH","ggml_cgraph","GRAPH","",-1,21,-1,0,0,0,0,0,1.190208,1,"delegate_cpu_graph"
"CPU_Elastic","COMPUTE_GRAPH","ggml_cgraph","GRAPH","",-1,1,-1,0,0,0,0,0,0.088281,1,"delegate_cpu_graph"
"OpenCL","COMPUTE","Qcur-1","ROPE","f32",-1,3,-1,128,16,1,1,8192,0.118437,1,"clFinish_profiled"
"CPU_Elastic","COMPUTE_GRAPH","ggml_cgraph","GRAPH","",-1,1,-1,0,0,0,0,0,0.088750,1,"delegate_cpu_graph"
"OpenCL","COMPUTE","Kcur-1","ROPE","f32",-1,3,-1,128,16,1,1,8192,0.148333,1,"clFinish_profiled"
"OpenCL","COMPUTE","Vcur-1","MUL_MAT","f32",-1,4,-1,2048,1,1,1,8192,0.270157,1,"clFinish_profiled"
"OpenCL","COMPUTE","cache_k_l1 (view)","SET_ROWS","f16",-1,7,-1,2048,512,1,1,2097152,0.106458,1,"clFinish_profiled"
"OpenCL","COMPUTE","cache_v_l1 (view)","SET_ROWS","f16",-1,9,-1,2048,512,1,1,2097152,0.103542,1,"clFinish_profiled"
"OpenCL","COMPUTE","__fattn__-1","FLASH_ATTN_EXT","f32",-1,16,-1,128,16,1,1,8192,0.321666,1,"clFinish_profiled"
"CPU_Elastic","COMPUTE_GRAPH","ggml_cgraph","GRAPH","",-1,2,-1,0,0,0,0,0,0.089843,1,"delegate_cpu_graph"
"OpenCL","COMPUTE","ffn_moe_logits-1","MUL_MAT","f32",-1,2,-1,64,1,1,1,256,0.118542,1,"clFinish_profiled"
"OpenCL","COMPUTE","ffn_moe_probs-1","SOFT_MAX","f32",-1,3,-1,64,1,1,1,256,0.108594,1,"clFinish_profiled"
"OpenCL","COMPUTE","ffn_moe_argsort-1","ARGSORT","i32",-1,5,-1,64,1,1,1,256,0.123073,1,"clFinish_profiled"
"OpenCL","COMPUTE","ffn_moe_weights-1","GET_ROWS","f32",-1,7,-1,1,8,1,1,32,0.103281,1,"clFinish_profiled"
"CPU_Elastic","COMPUTE_GRAPH","ggml_cgraph","GRAPH","",-1,21,-1,0,0,0,0,0,1.203073,1,"delegate_cpu_graph"
"CPU_Elastic","COMPUTE_GRAPH","ggml_cgraph","GRAPH","",-1,1,-1,0,0,0,0,0,0.101511,1,"delegate_cpu_graph"
"OpenCL","COMPUTE","Qcur-2","ROPE","f32",-1,3,-1,128,16,1,1,8192,0.125000,1,"clFinish_profiled"
"CPU_Elastic","COMPUTE_GRAPH","ggml_cgraph","GRAPH","",-1,1,-1,0,0,0,0,0,0.087761,1,"delegate_cpu_graph"
"OpenCL","COMPUTE","Kcur-2","ROPE","f32",-1,3,-1,128,16,1,1,8192,0.135312,1,"clFinish_profiled"
"CPU_Elastic","COMPUTE_GRAPH","ggml_cgraph","GRAPH","",-1,3,-1,0,0,0,0,0,0.088959,1,"delegate_cpu_graph"
"OpenCL","COMPUTE","cache_k_l2 (view)","SET_ROWS","f16",-1,0,-1,2048,512,1,1,2097152,0.110989,1,"clFinish_profiled"
"OpenCL","COMPUTE","cache_v_l2 (view)","SET_ROWS","f16",-1,2,-1,2048,512,1,1,2097152,0.116250,1,"clFinish_profiled"
"OpenCL","COMPUTE","__fattn__-2","FLASH_ATTN_EXT","f32",-1,9,-1,128,16,1,1,8192,0.326666,1,"clFinish_profiled"
"CPU_Elastic","COMPUTE_GRAPH","ggml_cgraph","GRAPH","",-1,2,-1,0,0,0,0,0,0.089219,1,"delegate_cpu_graph"
"OpenCL","COMPUTE","ffn_moe_logits-2","MUL_MAT","f32",-1,2,-1,64,1,1,1,256,0.128906,1,"clFinish_profiled"
"OpenCL","COMPUTE","ffn_moe_probs-2","SOFT_MAX","f32",-1,3,-1,64,1,1,1,256,0.119688,1,"clFinish_profiled"
"OpenCL","COMPUTE","ffn_moe_argsort-2","ARGSORT","i32",-1,5,-1,64,1,1,1,256,0.116875,1,"clFinish_profiled"
"OpenCL","COMPUTE","ffn_moe_weights-2","GET_ROWS","f32",-1,7,-1,1,8,1,1,32,0.106042,1,"clFinish_profiled"
"CPU_Elastic","COMPUTE_GRAPH","ggml_cgraph","GRAPH","",-1,21,-1,0,0,0,0,0,1.060156,1,"delegate_cpu_graph"
"CPU_Elastic","COMPUTE_GRAPH","ggml_cgraph","GRAPH","",-1,1,-1,0,0,0,0,0,0.087813,1,"delegate_cpu_graph"
"OpenCL","COMPUTE","Qcur-3","ROPE","f32",-1,3,-1,128,16,1,1,8192,0.129844,1,"clFinish_profiled"
"CPU_Elastic","COMPUTE_GRAPH","ggml_cgraph","GRAPH","",-1,1,-1,0,0,0,0,0,0.088698,1,"delegate_cpu_graph"
"OpenCL","COMPUTE","Kcur-3","ROPE","f32",-1,3,-1,128,16,1,1,8192,0.112761,1,"clFinish_profiled"
"CPU_Elastic","COMPUTE_GRAPH","ggml_cgraph","GRAPH","",-1,3,-1,0,0,0,0,0,0.089740,1,"delegate_cpu_graph"
"OpenCL","COMPUTE","cache_k_l3 (view)","SET_ROWS","f16",-1,0,-1,2048,512,1,1,2097152,0.110052,1,"clFinish_profiled"
"OpenCL","COMPUTE","cache_v_l3 (view)","SET_ROWS","f16",-1,2,-1,2048,512,1,1,2097152,0.107187,1,"clFinish_profiled"
"OpenCL","COMPUTE","__fattn__-3","FLASH_ATTN_EXT","f32",-1,9,-1,128,16,1,1,8192,0.329011,1,"clFinish_profiled"
"CPU_Elastic","COMPUTE_GRAPH","ggml_cgraph","GRAPH","",-1,2,-1,0,0,0,0,0,0.091250,1,"delegate_cpu_graph"
"OpenCL","COMPUTE","ffn_moe_logits-3","MUL_MAT","f32",-1,2,-1,64,1,1,1,256,0.123281,1,"clFinish_profiled"
"OpenCL","COMPUTE","ffn_moe_probs-3","SOFT_MAX","f32",-1,3,-1,64,1,1,1,256,0.117552,1,"clFinish_profiled"
"OpenCL","COMPUTE","ffn_moe_argsort-3","ARGSORT","i32",-1,5,-1,64,1,1,1,256,0.121927,1,"clFinish_profiled"
"OpenCL","COMPUTE","ffn_moe_weights-3","GET_ROWS","f32",-1,7,-1,1,8,1,1,32,0.103906,1,"clFinish_profiled"
"CPU_Elastic","COMPUTE_GRAPH","ggml_cgraph","GRAPH","",-1,21,-1,0,0,0,0,0,1.069427,1,"delegate_cpu_graph"
"CPU_Elastic","COMPUTE_GRAPH","ggml_cgraph","GRAPH","",-1,1,-1,0,0,0,0,0,0.087969,1,"delegate_cpu_graph"
"OpenCL","COMPUTE","Qcur-4","ROPE","f32",-1,3,-1,128,16,1,1,8192,0.118594,1,"clFinish_profiled"
"CPU_Elastic","COMPUTE_GRAPH","ggml_cgraph","GRAPH","",-1,1,-1,0,0,0,0,0,0.089011,1,"delegate_cpu_graph"
"OpenCL","COMPUTE","Kcur-4","ROPE","f32",-1,3,-1,128,16,1,1,8192,0.115364,1,"clFinish_profiled"
"OpenCL","COMPUTE","Vcur-4","MUL_MAT","f32",-1,4,-1,2048,1,1,1,8192,0.257969,1,"clFinish_profiled"
"OpenCL","COMPUTE","cache_k_l4 (view)","SET_ROWS","f16",-1,7,-1,2048,512,1,1,2097152,0.107656,1,"clFinish_profiled"
"OpenCL","COMPUTE","cache_v_l4 (view)","SET_ROWS","f16",-1,9,-1,2048,512,1,1,2097152,0.108021,1,"clFinish_profiled"
"OpenCL","COMPUTE","__fattn__-4","FLASH_ATTN_EXT","f32",-1,16,-1,128,16,1,1,8192,0.324167,1,"clFinish_profiled"
"CPU_Elastic","COMPUTE_GRAPH","ggml_cgraph","GRAPH","",-1,2,-1,0,0,0,0,0,0.089583,1,"delegate_cpu_graph"
"OpenCL","COMPUTE","ffn_moe_logits-4","MUL_MAT","f32",-1,2,-1,64,1,1,1,256,0.121459,1,"clFinish_profiled"
"OpenCL","COMPUTE","ffn_moe_probs-4","SOFT_MAX","f32",-1,3,-1,64,1,1,1,256,0.120834,1,"clFinish_profiled"
"OpenCL","COMPUTE","ffn_moe_argsort-4","ARGSORT","i32",-1,5,-1,64,1,1,1,256,0.123906,1,"clFinish_profiled"
"OpenCL","COMPUTE","ffn_moe_weights-4","GET_ROWS","f32",-1,7,-1,1,8,1,1,32,0.113281,1,"clFinish_profiled"
"CPU_Elastic","COMPUTE_GRAPH","ggml_cgraph","GRAPH","",-1,21,-1,0,0,0,0,0,1.197552,1,"delegate_cpu_graph"
"CPU_Elastic","COMPUTE_GRAPH","ggml_cgraph","GRAPH","",-1,1,-1,0,0,0,0,0,0.088229,1,"delegate_cpu_graph"
"OpenCL","COMPUTE","Qcur-5","ROPE","f32",-1,3,-1,128,16,1,1,8192,0.132761,1,"clFinish_profiled"
"CPU_Elastic","COMPUTE_GRAPH","ggml_cgraph","GRAPH","",-1,1,-1,0,0,0,0,0,0.088333,1,"delegate_cpu_graph"
"OpenCL","COMPUTE","Kcur-5","ROPE","f32",-1,3,-1,128,16,1,1,8192,0.116303,1,"clFinish_profiled"
"CPU_Elastic","COMPUTE_GRAPH","ggml_cgraph","GRAPH","",-1,3,-1,0,0,0,0,0,0.089583,1,"delegate_cpu_graph"
"OpenCL","COMPUTE","cache_k_l5 (view)","SET_ROWS","f16",-1,0,-1,2048,512,1,1,2097152,0.108021,1,"clFinish_profiled"
"OpenCL","COMPUTE","cache_v_l5 (view)","SET_ROWS","f16",-1,2,-1,2048,512,1,1,2097152,0.108698,1,"clFinish_profiled"
"OpenCL","COMPUTE","__fattn__-5","FLASH_ATTN_EXT","f32",-1,9,-1,128,16,1,1,8192,0.320677,1,"clFinish_profiled"
"CPU_Elastic","COMPUTE_GRAPH","ggml_cgraph","GRAPH","",-1,2,-1,0,0,0,0,0,0.090990,1,"delegate_cpu_graph"
"OpenCL","COMPUTE","ffn_moe_logits-5","MUL_MAT","f32",-1,2,-1,64,1,1,1,256,0.124948,1,"clFinish_profiled"
"OpenCL","COMPUTE","ffn_moe_probs-5","SOFT_MAX","f32",-1,3,-1,64,1,1,1,256,0.109323,1,"clFinish_profiled"
"OpenCL","COMPUTE","ffn_moe_argsort-5","ARGSORT","i32",-1,5,-1,64,1,1,1,256,0.121198,1,"clFinish_profiled"
"OpenCL","COMPUTE","ffn_moe_weights-5","GET_ROWS","f32",-1,7,-1,1,8,1,1,32,0.113125,1,"clFinish_profiled"
"CPU_Elastic","COMPUTE_GRAPH","ggml_cgraph","GRAPH","",-1,21,-1,0,0,0,0,0,1.065364,1,"delegate_cpu_graph"
"CPU_Elastic","COMPUTE_GRAPH","ggml_cgraph","GRAPH","",-1,1,-1,0,0,0,0,0,0.089167,1,"delegate_cpu_graph"
"OpenCL","COMPUTE","Qcur-6","ROPE","f32",-1,3,-1,128,16,1,1,8192,0.140937,1,"clFinish_profiled"
"CPU_Elastic","COMPUTE_GRAPH","ggml_cgraph","GRAPH","",-1,1,-1,0,0,0,0,0,0.087864,1,"delegate_cpu_graph"
"OpenCL","COMPUTE","Kcur-6","ROPE","f32",-1,3,-1,128,16,1,1,8192,0.119584,1,"clFinish_profiled"
"CPU_Elastic","COMPUTE_GRAPH","ggml_cgraph","GRAPH","",-1,3,-1,0,0,0,0,0,0.090312,1,"delegate_cpu_graph"
"OpenCL","COMPUTE","cache_k_l6 (view)","SET_ROWS","f16",-1,0,-1,2048,512,1,1,2097152,0.114948,1,"clFinish_profiled"
"OpenCL","COMPUTE","cache_v_l6 (view)","SET_ROWS","f16",-1,2,-1,2048,512,1,1,2097152,0.114636,1,"clFinish_profiled"
"OpenCL","COMPUTE","__fattn__-6","FLASH_ATTN_EXT","f32",-1,9,-1,128,16,1,1,8192,0.330052,1,"clFinish_profiled"
"CPU_Elastic","COMPUTE_GRAPH","ggml_cgraph","GRAPH","",-1,2,-1,0,0,0,0,0,0.089896,1,"delegate_cpu_graph"
"OpenCL","COMPUTE","ffn_moe_logits-6","MUL_MAT","f32",-1,2,-1,64,1,1,1,256,0.127083,1,"clFinish_profiled"
"OpenCL","COMPUTE","ffn_moe_probs-6","SOFT_MAX","f32",-1,3,-1,64,1,1,1,256,0.118333,1,"clFinish_profiled"
"OpenCL","COMPUTE","ffn_moe_argsort-6","ARGSORT","i32",-1,5,-1,64,1,1,1,256,0.123490,1,"clFinish_profiled"
"OpenCL","COMPUTE","ffn_moe_weights-6","GET_ROWS","f32",-1,7,-1,1,8,1,1,32,0.112187,1,"clFinish_profiled"
"CPU_Elastic","COMPUTE_GRAPH","ggml_cgraph","GRAPH","",-1,21,-1,0,0,0,0,0,1.067500,1,"delegate_cpu_graph"
"CPU_Elastic","COMPUTE_GRAPH","ggml_cgraph","GRAPH","",-1,1,-1,0,0,0,0,0,0.089062,1,"delegate_cpu_graph"
"OpenCL","COMPUTE","Qcur-7","ROPE","f32",-1,3,-1,128,16,1,1,8192,0.176927,1,"clFinish_profiled"
"CPU_Elastic","COMPUTE_GRAPH","ggml_cgraph","GRAPH","",-1,1,-1,0,0,0,0,0,0.088177,1,"delegate_cpu_graph"
"OpenCL","COMPUTE","Kcur-7","ROPE","f32",-1,3,-1,128,16,1,1,8192,0.134584,1,"clFinish_profiled"
"OpenCL","COMPUTE","Vcur-7","MUL_MAT","f32",-1,4,-1,2048,1,1,1,8192,0.267032,1,"clFinish_profiled"
"OpenCL","COMPUTE","cache_k_l7 (view)","SET_ROWS","f16",-1,7,-1,2048,512,1,1,2097152,0.113230,1,"clFinish_profiled"
"OpenCL","COMPUTE","cache_v_l7 (view)","SET_ROWS","f16",-1,9,-1,2048,512,1,1,2097152,0.149479,1,"clFinish_profiled"
"OpenCL","COMPUTE","__fattn__-7","FLASH_ATTN_EXT","f32",-1,16,-1,128,16,1,1,8192,0.334062,1,"clFinish_profiled"
"CPU_Elastic","COMPUTE_GRAPH","ggml_cgraph","GRAPH","",-1,2,-1,0,0,0,0,0,0.091094,1,"delegate_cpu_graph"
"OpenCL","COMPUTE","ffn_moe_logits-7","MUL_MAT","f32",-1,2,-1,64,1,1,1,256,0.123750,1,"clFinish_profiled"
"OpenCL","COMPUTE","ffn_moe_probs-7","SOFT_MAX","f32",-1,3,-1,64,1,1,1,256,0.110833,1,"clFinish_profiled"
"OpenCL","COMPUTE","ffn_moe_argsort-7","ARGSORT","i32",-1,5,-1,64,1,1,1,256,0.161562,1,"clFinish_profiled"
"OpenCL","COMPUTE","ffn_moe_weights-7","GET_ROWS","f32",-1,7,-1,1,8,1,1,32,0.115521,1,"clFinish_profiled"
"CPU_Elastic","COMPUTE_GRAPH","ggml_cgraph","GRAPH","",-1,21,-1,0,0,0,0,0,1.185573,1,"delegate_cpu_graph"
"CPU_Elastic","COMPUTE_GRAPH","ggml_cgraph","GRAPH","",-1,1,-1,0,0,0,0,0,0.089219,1,"delegate_cpu_graph"
"OpenCL","COMPUTE","Qcur-8","ROPE","f32",-1,3,-1,128,16,1,1,8192,0.120416,1,"clFinish_profiled"
"CPU_Elastic","COMPUTE_GRAPH","ggml_cgraph","GRAPH","",-1,1,-1,0,0,0,0,0,0.088073,1,"delegate_cpu_graph"
"OpenCL","COMPUTE","Kcur-8","ROPE","f32",-1,3,-1,128,16,1,1,8192,0.114792,1,"clFinish_profiled"
"CPU_Elastic","COMPUTE_GRAPH","ggml_cgraph","GRAPH","",-1,3,-1,0,0,0,0,0,0.089635,1,"delegate_cpu_graph"
"OpenCL","COMPUTE","cache_k_l8 (view)","SET_ROWS","f16",-1,0,-1,2048,512,1,1,2097152,0.106094,1,"clFinish_profiled"
"OpenCL","COMPUTE","cache_v_l8 (view)","SET_ROWS","f16",-1,2,-1,2048,512,1,1,2097152,0.105938,1,"clFinish_profiled"
"OpenCL","COMPUTE","__fattn__-8","FLASH_ATTN_EXT","f32",-1,9,-1,128,16,1,1,8192,0.325937,1,"clFinish_profiled"
"CPU_Elastic","COMPUTE_GRAPH","ggml_cgraph","GRAPH","",-1,2,-1,0,0,0,0,0,0.089791,1,"delegate_cpu_graph"
"OpenCL","COMPUTE","ffn_moe_logits-8","MUL_MAT","f32",-1,2,-1,64,1,1,1,256,0.124166,1,"clFinish_profiled"
"OpenCL","COMPUTE","ffn_moe_probs-8","SOFT_MAX","f32",-1,3,-1,64,1,1,1,256,0.118125,1,"clFinish_profiled"
"OpenCL","COMPUTE","ffn_moe_argsort-8","ARGSORT","i32",-1,5,-1,64,1,1,1,256,0.118021,1,"clFinish_profiled"
"OpenCL","COMPUTE","ffn_moe_weights-8","GET_ROWS","f32",-1,7,-1,1,8,1,1,32,0.105625,1,"clFinish_profiled"
"CPU_Elastic","COMPUTE_GRAPH","ggml_cgraph","GRAPH","",-1,21,-1,0,0,0,0,0,1.067657,1,"delegate_cpu_graph"
"CPU_Elastic","COMPUTE_GRAPH","ggml_cgraph","GRAPH","",-1,1,-1,0,0,0,0,0,0.088281,1,"delegate_cpu_graph"
"OpenCL","COMPUTE","Qcur-9","ROPE","f32",-1,3,-1,128,16,1,1,8192,0.117291,1,"clFinish_profiled"
"CPU_Elastic","COMPUTE_GRAPH","ggml_cgraph","GRAPH","",-1,1,-1,0,0,0,0,0,0.089115,1,"delegate_cpu_graph"
"OpenCL","COMPUTE","Kcur-9","ROPE","f32",-1,3,-1,128,16,1,1,8192,0.112448,1,"clFinish_profiled"
"CPU_Elastic","COMPUTE_GRAPH","ggml_cgraph","GRAPH","",-1,3,-1,0,0,0,0,0,0.089792,1,"delegate_cpu_graph"
"OpenCL","COMPUTE","cache_k_l9 (view)","SET_ROWS","f16",-1,0,-1,2048,512,1,1,2097152,0.106250,1,"clFinish_profiled"
"OpenCL","COMPUTE","cache_v_l9 (view)","SET_ROWS","f16",-1,2,-1,2048,512,1,1,2097152,0.105209,1,"clFinish_profiled"
"OpenCL","COMPUTE","__fattn__-9","FLASH_ATTN_EXT","f32",-1,9,-1,128,16,1,1,8192,0.324843,1,"clFinish_profiled"
"CPU_Elastic","COMPUTE_GRAPH","ggml_cgraph","GRAPH","",-1,2,-1,0,0,0,0,0,0.089531,1,"delegate_cpu_graph"
"OpenCL","COMPUTE","ffn_moe_logits-9","MUL_MAT","f32",-1,2,-1,64,1,1,1,256,0.120521,1,"clFinish_profiled"
"OpenCL","COMPUTE","ffn_moe_probs-9","SOFT_MAX","f32",-1,3,-1,64,1,1,1,256,0.110104,1,"clFinish_profiled"
"OpenCL","COMPUTE","ffn_moe_argsort-9","ARGSORT","i32",-1,5,-1,64,1,1,1,256,0.115312,1,"clFinish_profiled"
"OpenCL","COMPUTE","ffn_moe_weights-9","GET_ROWS","f32",-1,7,-1,1,8,1,1,32,0.101614,1,"clFinish_profiled"
"CPU_Elastic","COMPUTE_GRAPH","ggml_cgraph","GRAPH","",-1,21,-1,0,0,0,0,0,1.072656,1,"delegate_cpu_graph"
"CPU_Elastic","COMPUTE_GRAPH","ggml_cgraph","GRAPH","",-1,1,-1,0,0,0,0,0,0.088489,1,"delegate_cpu_graph"
"OpenCL","COMPUTE","Qcur-10","ROPE","f32",-1,3,-1,128,16,1,1,8192,0.136198,1,"clFinish_profiled"
"CPU_Elastic","COMPUTE_GRAPH","ggml_cgraph","GRAPH","",-1,1,-1,0,0,0,0,0,0.090573,1,"delegate_cpu_graph"
"OpenCL","COMPUTE","Kcur-10","ROPE","f32",-1,3,-1,128,16,1,1,8192,0.119844,1,"clFinish_profiled"
"OpenCL","COMPUTE","Vcur-10","MUL_MAT","f32",-1,4,-1,2048,1,1,1,8192,0.260938,1,"clFinish_profiled"
"OpenCL","COMPUTE","cache_k_l10 (view)","SET_ROWS","f16",-1,7,-1,2048,512,1,1,2097152,0.108750,1,"clFinish_profiled"
"OpenCL","COMPUTE","cache_v_l10 (view)","SET_ROWS","f16",-1,9,-1,2048,512,1,1,2097152,0.109896,1,"clFinish_profiled"
"OpenCL","COMPUTE","__fattn__-10","FLASH_ATTN_EXT","f32",-1,16,-1,128,16,1,1,8192,0.324375,1,"clFinish_profiled"
"CPU_Elastic","COMPUTE_GRAPH","ggml_cgraph","GRAPH","",-1,2,-1,0,0,0,0,0,0.091042,1,"delegate_cpu_graph"
"OpenCL","COMPUTE","ffn_moe_logits-10","MUL_MAT","f32",-1,2,-1,64,1,1,1,256,0.122187,1,"clFinish_profiled"
"OpenCL","COMPUTE","ffn_moe_probs-10","SOFT_MAX","f32",-1,3,-1,64,1,1,1,256,0.117188,1,"clFinish_profiled"
"OpenCL","COMPUTE","ffn_moe_argsort-10","ARGSORT","i32",-1,5,-1,64,1,1,1,256,0.117239,1,"clFinish_profiled"
"OpenCL","COMPUTE","ffn_moe_weights-10","GET_ROWS","f32",-1,7,-1,1,8,1,1,32,0.108907,1,"clFinish_profiled"
"CPU_Elastic","COMPUTE_GRAPH","ggml_cgraph","GRAPH","",-1,21,-1,0,0,0,0,0,1.185052,1,"delegate_cpu_graph"
"CPU_Elastic","COMPUTE_GRAPH","ggml_cgraph","GRAPH","",-1,1,-1,0,0,0,0,0,0.088490,1,"delegate_cpu_graph"
"OpenCL","COMPUTE","Qcur-11","ROPE","f32",-1,3,-1,128,16,1,1,8192,0.120000,1,"clFinish_profiled"
"CPU_Elastic","COMPUTE_GRAPH","ggml_cgraph","GRAPH","",-1,1,-1,0,0,0,0,0,0.088698,1,"delegate_cpu_graph"
"OpenCL","COMPUTE","Kcur-11","ROPE","f32",-1,3,-1,128,16,1,1,8192,0.113594,1,"clFinish_profiled"
"CPU_Elastic","COMPUTE_GRAPH","ggml_cgraph","GRAPH","",-1,3,-1,0,0,0,0,0,0.089115,1,"delegate_cpu_graph"
"OpenCL","COMPUTE","cache_k_l11 (view)","SET_ROWS","f16",-1,0,-1,2048,512,1,1,2097152,0.105469,1,"clFinish_profiled"
"OpenCL","COMPUTE","cache_v_l11 (view)","SET_ROWS","f16",-1,2,-1,2048,512,1,1,2097152,0.108646,1,"clFinish_profiled"
"OpenCL","COMPUTE","__fattn__-11","FLASH_ATTN_EXT","f32",-1,9,-1,128,16,1,1,8192,0.322709,1,"clFinish_profiled"
"CPU_Elastic","COMPUTE_GRAPH","ggml_cgraph","GRAPH","",-1,2,-1,0,0,0,0,0,0.089636,1,"delegate_cpu_graph"
"OpenCL","COMPUTE","ffn_moe_logits-11","MUL_MAT","f32",-1,2,-1,64,1,1,1,256,0.121250,1,"clFinish_profiled"
"OpenCL","COMPUTE","ffn_moe_probs-11","SOFT_MAX","f32",-1,3,-1,64,1,1,1,256,0.107240,1,"clFinish_profiled"
"OpenCL","COMPUTE","ffn_moe_argsort-11","ARGSORT","i32",-1,5,-1,64,1,1,1,256,0.114531,1,"clFinish_profiled"
"OpenCL","COMPUTE","ffn_moe_weights-11","GET_ROWS","f32",-1,7,-1,1,8,1,1,32,0.105833,1,"clFinish_profiled"
"CPU_Elastic","COMPUTE_GRAPH","ggml_cgraph","GRAPH","",-1,21,-1,0,0,0,0,0,1.069323,1,"delegate_cpu_graph"
"CPU_Elastic","COMPUTE_GRAPH","ggml_cgraph","GRAPH","",-1,1,-1,0,0,0,0,0,0.091563,1,"delegate_cpu_graph"
"OpenCL","COMPUTE","Qcur-12","ROPE","f32",-1,3,-1,128,16,1,1,8192,0.126197,1,"clFinish_profiled"
"CPU_Elastic","COMPUTE_GRAPH","ggml_cgraph","GRAPH","",-1,1,-1,0,0,0,0,0,0.092344,1,"delegate_cpu_graph"
"OpenCL","COMPUTE","Kcur-12","ROPE","f32",-1,3,-1,128,16,1,1,8192,0.123073,1,"clFinish_profiled"
"CPU_Elastic","COMPUTE_GRAPH","ggml_cgraph","GRAPH","",-1,3,-1,0,0,0,0,0,0.093229,1,"delegate_cpu_graph"
"OpenCL","COMPUTE","cache_k_l12 (view)","SET_ROWS","f16",-1,0,-1,2048,512,1,1,2097152,0.165209,1,"clFinish_profiled"
"OpenCL","COMPUTE","cache_v_l12 (view)","SET_ROWS","f16",-1,2,-1,2048,512,1,1,2097152,0.114635,1,"clFinish_profiled"
"OpenCL","COMPUTE","__fattn__-12","FLASH_ATTN_EXT","f32",-1,9,-1,128,16,1,1,8192,0.323229,1,"clFinish_profiled"
"CPU_Elastic","COMPUTE_GRAPH","ggml_cgraph","GRAPH","",-1,2,-1,0,0,0,0,0,0.094844,1,"delegate_cpu_graph"
"OpenCL","COMPUTE","ffn_moe_logits-12","MUL_MAT","f32",-1,2,-1,64,1,1,1,256,0.121094,1,"clFinish_profiled"
"OpenCL","COMPUTE","ffn_moe_probs-12","SOFT_MAX","f32",-1,3,-1,64,1,1,1,256,0.112344,1,"clFinish_profiled"
"OpenCL","COMPUTE","ffn_moe_argsort-12","ARGSORT","i32",-1,5,-1,64,1,1,1,256,0.116041,1,"clFinish_profiled"
"OpenCL","COMPUTE","ffn_moe_weights-12","GET_ROWS","f32",-1,7,-1,1,8,1,1,32,0.108021,1,"clFinish_profiled"
"CPU_Elastic","COMPUTE_GRAPH","ggml_cgraph","GRAPH","",-1,21,-1,0,0,0,0,0,1.099896,1,"delegate_cpu_graph"
"CPU_Elastic","COMPUTE_GRAPH","ggml_cgraph","GRAPH","",-1,1,-1,0,0,0,0,0,0.092031,1,"delegate_cpu_graph"
"OpenCL","COMPUTE","Qcur-13","ROPE","f32",-1,3,-1,128,16,1,1,8192,0.120730,1,"clFinish_profiled"
"CPU_Elastic","COMPUTE_GRAPH","ggml_cgraph","GRAPH","",-1,1,-1,0,0,0,0,0,0.092240,1,"delegate_cpu_graph"
"OpenCL","COMPUTE","Kcur-13","ROPE","f32",-1,3,-1,128,16,1,1,8192,0.111042,1,"clFinish_profiled"
"OpenCL","COMPUTE","Vcur-13","MUL_MAT","f32",-1,4,-1,2048,1,1,1,8192,0.262760,1,"clFinish_profiled"
"OpenCL","COMPUTE","cache_k_l13 (view)","SET_ROWS","f16",-1,7,-1,2048,512,1,1,2097152,0.110313,1,"clFinish_profiled"
"OpenCL","COMPUTE","cache_v_l13 (view)","SET_ROWS","f16",-1,9,-1,2048,512,1,1,2097152,0.110104,1,"clFinish_profiled"
"OpenCL","COMPUTE","__fattn__-13","FLASH_ATTN_EXT","f32",-1,16,-1,128,16,1,1,8192,0.321875,1,"clFinish_profiled"
"CPU_Elastic","COMPUTE_GRAPH","ggml_cgraph","GRAPH","",-1,2,-1,0,0,0,0,0,0.094323,1,"delegate_cpu_graph"
"OpenCL","COMPUTE","ffn_moe_logits-13","MUL_MAT","f32",-1,2,-1,64,1,1,1,256,0.134740,1,"clFinish_profiled"
"OpenCL","COMPUTE","ffn_moe_probs-13","SOFT_MAX","f32",-1,3,-1,64,1,1,1,256,0.119323,1,"clFinish_profiled"
"OpenCL","COMPUTE","ffn_moe_argsort-13","ARGSORT","i32",-1,5,-1,64,1,1,1,256,0.117031,1,"clFinish_profiled"
"OpenCL","COMPUTE","ffn_moe_weights-13","GET_ROWS","f32",-1,7,-1,1,8,1,1,32,0.115365,1,"clFinish_profiled"
"CPU_Elastic","COMPUTE_GRAPH","ggml_cgraph","GRAPH","",-1,21,-1,0,0,0,0,0,1.223646,1,"delegate_cpu_graph"
"CPU_Elastic","COMPUTE_GRAPH","ggml_cgraph","GRAPH","",-1,1,-1,0,0,0,0,0,0.091875,1,"delegate_cpu_graph"
"OpenCL","COMPUTE","Qcur-14","ROPE","f32",-1,3,-1,128,16,1,1,8192,0.120052,1,"clFinish_profiled"
"CPU_Elastic","COMPUTE_GRAPH","ggml_cgraph","GRAPH","",-1,1,-1,0,0,0,0,0,0.091770,1,"delegate_cpu_graph"
"OpenCL","COMPUTE","Kcur-14","ROPE","f32",-1,3,-1,128,16,1,1,8192,0.114948,1,"clFinish_profiled"
"OpenCL","COMPUTE","Vcur-14","MUL_MAT","f32",-1,4,-1,2048,1,1,1,8192,0.259427,1,"clFinish_profiled"
"OpenCL","COMPUTE","cache_k_l14 (view)","SET_ROWS","f16",-1,7,-1,2048,512,1,1,2097152,0.109166,1,"clFinish_profiled"
"OpenCL","COMPUTE","cache_v_l14 (view)","SET_ROWS","f16",-1,9,-1,2048,512,1,1,2097152,0.107760,1,"clFinish_profiled"
"OpenCL","COMPUTE","__fattn__-14","FLASH_ATTN_EXT","f32",-1,16,-1,128,16,1,1,8192,0.332969,1,"clFinish_profiled"
"CPU_Elastic","COMPUTE_GRAPH","ggml_cgraph","GRAPH","",-1,2,-1,0,0,0,0,0,0.093073,1,"delegate_cpu_graph"
"OpenCL","COMPUTE","ffn_moe_logits-14","MUL_MAT","f32",-1,2,-1,64,1,1,1,256,0.132188,1,"clFinish_profiled"
"OpenCL","COMPUTE","ffn_moe_probs-14","SOFT_MAX","f32",-1,3,-1,64,1,1,1,256,0.108541,1,"clFinish_profiled"
"OpenCL","COMPUTE","ffn_moe_argsort-14","ARGSORT","i32",-1,5,-1,64,1,1,1,256,0.117500,1,"clFinish_profiled"
"OpenCL","COMPUTE","ffn_moe_weights-14","GET_ROWS","f32",-1,7,-1,1,8,1,1,32,0.115365,1,"clFinish_profiled"
"CPU_Elastic","COMPUTE_GRAPH","ggml_cgraph","GRAPH","",-1,21,-1,0,0,0,0,0,1.235053,1,"delegate_cpu_graph"
"CPU_Elastic","COMPUTE_GRAPH","ggml_cgraph","GRAPH","",-1,1,-1,0,0,0,0,0,0.092500,1,"delegate_cpu_graph"
"OpenCL","COMPUTE","Qcur-15","ROPE","f32",-1,3,-1,128,16,1,1,8192,0.129166,1,"clFinish_profiled"
"CPU_Elastic","COMPUTE_GRAPH","ggml_cgraph","GRAPH","",-1,1,-1,0,0,0,0,0,0.092083,1,"delegate_cpu_graph"
"OpenCL","COMPUTE","Kcur-15","ROPE","f32",-1,3,-1,128,16,1,1,8192,0.123958,1,"clFinish_profiled"
"OpenCL","COMPUTE","Vcur-15","MUL_MAT","f32",-1,4,-1,2048,1,1,1,8192,0.267864,1,"clFinish_profiled"
"OpenCL","COMPUTE","cache_k_l15 (view)","SET_ROWS","f16",-1,7,-1,2048,512,1,1,2097152,0.109219,1,"clFinish_profiled"
"OpenCL","COMPUTE","cache_v_l15 (view)","SET_ROWS","f16",-1,9,-1,2048,512,1,1,2097152,0.109948,1,"clFinish_profiled"
"OpenCL","COMPUTE","__fattn__-15","FLASH_ATTN_EXT","f32",-1,16,-1,128,16,1,1,8192,0.324323,1,"clFinish_profiled"
"CPU_Elastic","COMPUTE_GRAPH","ggml_cgraph","GRAPH","",-1,4,-1,0,0,0,0,0,0.095000,1,"delegate_cpu_graph"
"OpenCL","COMPUTE","ffn_moe_logits-15","MUL_MAT","f32",-1,2,-1,64,1,1,1,256,0.122813,1,"clFinish_profiled"
"OpenCL","COMPUTE","ffn_moe_probs-15","SOFT_MAX","f32",-1,3,-1,64,1,1,1,256,0.117084,1,"clFinish_profiled"
"OpenCL","COMPUTE","ffn_moe_argsort-15","ARGSORT","i32",-1,5,-1,64,1,1,1,256,0.117187,1,"clFinish_profiled"
"OpenCL","COMPUTE","ffn_moe_weights-15","GET_ROWS","f32",-1,7,-1,1,8,1,1,32,0.105886,1,"clFinish_profiled"
"CPU_Elastic","COMPUTE_GRAPH","ggml_cgraph","GRAPH","",-1,22,-1,0,0,0,0,0,1.239219,1,"delegate_cpu_graph"
"OpenCL","COMPUTE","result_norm","MUL","f32",-1,0,-1,2048,1,1,1,8192,0.332916,1,"clFinish_profiled"
"OpenCL","COMPUTE","result_output","MUL_MAT","f32",-1,1,-1,50304,1,1,1,201216,3.829375,1,"clFinish_profiled"
"CPU_Elastic","COMPUTE_GRAPH","ggml_cgraph","GRAPH","",-1,1,-1,0,0,0,0,0,0.003282,1,"delegate_cpu_graph"
"CPU_Elastic","COMPUTE_GRAPH","ggml_cgraph","GRAPH","",-1,1,-1,0,0,0,0,0,0.092865,1,"delegate_cpu_graph"
"OpenCL","COMPUTE","Qcur-0","ROPE","f32",-1,3,-1,128,16,1,1,8192,0.114687,1,"clFinish_profiled"
"CPU_Elastic","COMPUTE_GRAPH","ggml_cgraph","GRAPH","",-1,1,-1,0,0,0,0,0,0.091823,1,"delegate_cpu_graph"
"OpenCL","COMPUTE","Kcur-0","ROPE","f32",-1,3,-1,128,16,1,1,8192,0.114115,1,"clFinish_profiled"
"OpenCL","COMPUTE","Vcur-0","MUL_MAT","f32",-1,4,-1,2048,1,1,1,8192,0.284427,1,"clFinish_profiled"
"OpenCL","COMPUTE","cache_k_l0 (view)","SET_ROWS","f16",-1,7,-1,2048,512,1,1,2097152,0.115105,1,"clFinish_profiled"
"OpenCL","COMPUTE","cache_v_l0 (view)","SET_ROWS","f16",-1,9,-1,2048,512,1,1,2097152,0.120209,1,"clFinish_profiled"
"OpenCL","COMPUTE"," (copy)","CPY","f16",-1,16,-1,256,64,1,1,32768,0.113646,1,"clFinish_profiled"
"OpenCL","COMPUTE","__fattn__-0","FLASH_ATTN_EXT","f32",-1,17,-1,128,16,1,1,8192,0.322031,1,"clFinish_profiled"
"CPU_Elastic","COMPUTE_GRAPH","ggml_cgraph","GRAPH","",-1,2,-1,0,0,0,0,0,0.094323,1,"delegate_cpu_graph"
"OpenCL","COMPUTE","ffn_moe_logits-0","MUL_MAT","f32",-1,2,-1,64,1,1,1,256,0.126041,1,"clFinish_profiled"
"OpenCL","COMPUTE","ffn_moe_probs-0","SOFT_MAX","f32",-1,3,-1,64,1,1,1,256,0.110573,1,"clFinish_profiled"
"OpenCL","COMPUTE","ffn_moe_argsort-0","ARGSORT","i32",-1,5,-1,64,1,1,1,256,0.117552,1,"clFinish_profiled"
"OpenCL","COMPUTE","ffn_moe_weights-0","GET_ROWS","f32",-1,7,-1,1,8,1,1,32,0.107917,1,"clFinish_profiled"
"CPU_Elastic","COMPUTE_GRAPH","ggml_cgraph","GRAPH","",-1,21,-1,0,0,0,0,0,1.248437,1,"delegate_cpu_graph"
"CPU_Elastic","COMPUTE_GRAPH","ggml_cgraph","GRAPH","",-1,1,-1,0,0,0,0,0,0.091614,1,"delegate_cpu_graph"
"OpenCL","COMPUTE","Qcur-1","ROPE","f32",-1,3,-1,128,16,1,1,8192,0.124323,1,"clFinish_profiled"
"CPU_Elastic","COMPUTE_GRAPH","ggml_cgraph","GRAPH","",-1,1,-1,0,0,0,0,0,0.092083,1,"delegate_cpu_graph"
"OpenCL","COMPUTE","Kcur-1","ROPE","f32",-1,3,-1,128,16,1,1,8192,0.130208,1,"clFinish_profiled"
"OpenCL","COMPUTE","Vcur-1","MUL_MAT","f32",-1,4,-1,2048,1,1,1,8192,0.261511,1,"clFinish_profiled"
"OpenCL","COMPUTE","cache_k_l1 (view)","SET_ROWS","f16",-1,7,-1,2048,512,1,1,2097152,0.108854,1,"clFinish_profiled"
"OpenCL","COMPUTE","cache_v_l1 (view)","SET_ROWS","f16",-1,9,-1,2048,512,1,1,2097152,0.110833,1,"clFinish_profiled"
"OpenCL","COMPUTE","__fattn__-1","FLASH_ATTN_EXT","f32",-1,16,-1,128,16,1,1,8192,0.321198,1,"clFinish_profiled"
"CPU_Elastic","COMPUTE_GRAPH","ggml_cgraph","GRAPH","",-1,2,-1,0,0,0,0,0,0.092812,1,"delegate_cpu_graph"
"OpenCL","COMPUTE","ffn_moe_logits-1","MUL_MAT","f32",-1,2,-1,64,1,1,1,256,0.122031,1,"clFinish_profiled"
"OpenCL","COMPUTE","ffn_moe_probs-1","SOFT_MAX","f32",-1,3,-1,64,1,1,1,256,0.112448,1,"clFinish_profiled"
"OpenCL","COMPUTE","ffn_moe_argsort-1","ARGSORT","i32",-1,5,-1,64,1,1,1,256,0.116042,1,"clFinish_profiled"
"OpenCL","COMPUTE","ffn_moe_weights-1","GET_ROWS","f32",-1,7,-1,1,8,1,1,32,0.106562,1,"clFinish_profiled"
"CPU_Elastic","COMPUTE_GRAPH","ggml_cgraph","GRAPH","",-1,21,-1,0,0,0,0,0,1.243385,1,"delegate_cpu_graph"
"CPU_Elastic","COMPUTE_GRAPH","ggml_cgraph","GRAPH","",-1,1,-1,0,0,0,0,0,0.091354,1,"delegate_cpu_graph"
"OpenCL","COMPUTE","Qcur-2","ROPE","f32",-1,3,-1,128,16,1,1,8192,0.120625,1,"clFinish_profiled"
"CPU_Elastic","COMPUTE_GRAPH","ggml_cgraph","GRAPH","",-1,1,-1,0,0,0,0,0,0.091771,1,"delegate_cpu_graph"
"OpenCL","COMPUTE","Kcur-2","ROPE","f32",-1,3,-1,128,16,1,1,8192,0.113958,1,"clFinish_profiled"
"CPU_Elastic","COMPUTE_GRAPH","ggml_cgraph","GRAPH","",-1,3,-1,0,0,0,0,0,0.093177,1,"delegate_cpu_graph"
"OpenCL","COMPUTE","cache_k_l2 (view)","SET_ROWS","f16",-1,0,-1,2048,512,1,1,2097152,0.108802,1,"clFinish_profiled"
"OpenCL","COMPUTE","cache_v_l2 (view)","SET_ROWS","f16",-1,2,-1,2048,512,1,1,2097152,0.110261,1,"clFinish_profiled"
"OpenCL","COMPUTE","__fattn__-2","FLASH_ATTN_EXT","f32",-1,9,-1,128,16,1,1,8192,0.330208,1,"clFinish_profiled"
"CPU_Elastic","COMPUTE_GRAPH","ggml_cgraph","GRAPH","",-1,2,-1,0,0,0,0,0,0.092760,1,"delegate_cpu_graph"
"OpenCL","COMPUTE","ffn_moe_logits-2","MUL_MAT","f32",-1,2,-1,64,1,1,1,256,0.125573,1,"clFinish_profiled"
"OpenCL","COMPUTE","ffn_moe_probs-2","SOFT_MAX","f32",-1,3,-1,64,1,1,1,256,0.110990,1,"clFinish_profiled"
"OpenCL","COMPUTE","ffn_moe_argsort-2","ARGSORT","i32",-1,5,-1,64,1,1,1,256,0.115000,1,"clFinish_profiled"
"OpenCL","COMPUTE","ffn_moe_weights-2","GET_ROWS","f32",-1,7,-1,1,8,1,1,32,0.105573,1,"clFinish_profiled"
"CPU_Elastic","COMPUTE_GRAPH","ggml_cgraph","GRAPH","",-1,21,-1,0,0,0,0,0,1.096875,1,"delegate_cpu_graph"
"CPU_Elastic","COMPUTE_GRAPH","ggml_cgraph","GRAPH","",-1,1,-1,0,0,0,0,0,0.091459,1,"delegate_cpu_graph"
"OpenCL","COMPUTE","Qcur-3","ROPE","f32",-1,3,-1,128,16,1,1,8192,0.118906,1,"clFinish_profiled"
"CPU_Elastic","COMPUTE_GRAPH","ggml_cgraph","GRAPH","",-1,1,-1,0,0,0,0,0,0.091822,1,"delegate_cpu_graph"
"OpenCL","COMPUTE","Kcur-3","ROPE","f32",-1,3,-1,128,16,1,1,8192,0.118646,1,"clFinish_profiled"
"CPU_Elastic","COMPUTE_GRAPH","ggml_cgraph","GRAPH","",-1,3,-1,0,0,0,0,0,0.093021,1,"delegate_cpu_graph"
"OpenCL","COMPUTE","cache_k_l3 (view)","SET_ROWS","f16",-1,0,-1,2048,512,1,1,2097152,0.109010,1,"clFinish_profiled"
"OpenCL","COMPUTE","cache_v_l3 (view)","SET_ROWS","f16",-1,2,-1,2048,512,1,1,2097152,0.109011,1,"clFinish_profiled"
"OpenCL","COMPUTE","__fattn__-3","FLASH_ATTN_EXT","f32",-1,9,-1,128,16,1,1,8192,0.332500,1,"clFinish_profiled"
"CPU_Elastic","COMPUTE_GRAPH","ggml_cgraph","GRAPH","",-1,2,-1,0,0,0,0,0,0.092865,1,"delegate_cpu_graph"
"OpenCL","COMPUTE","ffn_moe_logits-3","MUL_MAT","f32",-1,2,-1,64,1,1,1,256,0.120052,1,"clFinish_profiled"
"OpenCL","COMPUTE","ffn_moe_probs-3","SOFT_MAX","f32",-1,3,-1,64,1,1,1,256,0.110989,1,"clFinish_profiled"
"OpenCL","COMPUTE","ffn_moe_argsort-3","ARGSORT","i32",-1,5,-1,64,1,1,1,256,0.114584,1,"clFinish_profiled"
"OpenCL","COMPUTE","ffn_moe_weights-3","GET_ROWS","f32",-1,7,-1,1,8,1,1,32,0.106250,1,"clFinish_profiled"
"CPU_Elastic","COMPUTE_GRAPH","ggml_cgraph","GRAPH","",-1,21,-1,0,0,0,0,0,1.100885,1,"delegate_cpu_graph"
"CPU_Elastic","COMPUTE_GRAPH","ggml_cgraph","GRAPH","",-1,1,-1,0,0,0,0,0,0.091146,1,"delegate_cpu_graph"
"OpenCL","COMPUTE","Qcur-4","ROPE","f32",-1,3,-1,128,16,1,1,8192,0.122448,1,"clFinish_profiled"
"CPU_Elastic","COMPUTE_GRAPH","ggml_cgraph","GRAPH","",-1,1,-1,0,0,0,0,0,0.091615,1,"delegate_cpu_graph"
"OpenCL","COMPUTE","Kcur-4","ROPE","f32",-1,3,-1,128,16,1,1,8192,0.114427,1,"clFinish_profiled"
"OpenCL","COMPUTE","Vcur-4","MUL_MAT","f32",-1,4,-1,2048,1,1,1,8192,0.257813,1,"clFinish_profiled"
"OpenCL","COMPUTE","cache_k_l4 (view)","SET_ROWS","f16",-1,7,-1,2048,512,1,1,2097152,0.109062,1,"clFinish_profiled"
"OpenCL","COMPUTE","cache_v_l4 (view)","SET_ROWS","f16",-1,9,-1,2048,512,1,1,2097152,0.108542,1,"clFinish_profiled"
"OpenCL","COMPUTE","__fattn__-4","FLASH_ATTN_EXT","f32",-1,16,-1,128,16,1,1,8192,0.320781,1,"clFinish_profiled"
"CPU_Elastic","COMPUTE_GRAPH","ggml_cgraph","GRAPH","",-1,2,-1,0,0,0,0,0,0.093958,1,"delegate_cpu_graph"
"OpenCL","COMPUTE","ffn_moe_logits-4","MUL_MAT","f32",-1,2,-1,64,1,1,1,256,0.120834,1,"clFinish_profiled"
"OpenCL","COMPUTE","ffn_moe_probs-4","SOFT_MAX","f32",-1,3,-1,64,1,1,1,256,0.109010,1,"clFinish_profiled"
"OpenCL","COMPUTE","ffn_moe_argsort-4","ARGSORT","i32",-1,5,-1,64,1,1,1,256,0.124948,1,"clFinish_profiled"
"OpenCL","COMPUTE","ffn_moe_weights-4","GET_ROWS","f32",-1,7,-1,1,8,1,1,32,0.108021,1,"clFinish_profiled"
"CPU_Elastic","COMPUTE_GRAPH","ggml_cgraph","GRAPH","",-1,21,-1,0,0,0,0,0,1.217240,1,"delegate_cpu_graph"
"CPU_Elastic","COMPUTE_GRAPH","ggml_cgraph","GRAPH","",-1,1,-1,0,0,0,0,0,0.092031,1,"delegate_cpu_graph"
"OpenCL","COMPUTE","Qcur-5","ROPE","f32",-1,3,-1,128,16,1,1,8192,0.120208,1,"clFinish_profiled"
"CPU_Elastic","COMPUTE_GRAPH","ggml_cgraph","GRAPH","",-1,1,-1,0,0,0,0,0,0.091614,1,"delegate_cpu_graph"
"OpenCL","COMPUTE","Kcur-5","ROPE","f32",-1,3,-1,128,16,1,1,8192,0.115260,1,"clFinish_profiled"
"CPU_Elastic","COMPUTE_GRAPH","ggml_cgraph","GRAPH","",-1,3,-1,0,0,0,0,0,0.093125,1,"delegate_cpu_graph"
"OpenCL","COMPUTE","cache_k_l5 (view)","SET_ROWS","f16",-1,0,-1,2048,512,1,1,2097152,0.107448,1,"clFinish_profiled"
"OpenCL","COMPUTE","cache_v_l5 (view)","SET_ROWS","f16",-1,2,-1,2048,512,1,1,2097152,0.104739,1,"clFinish_profiled"
"OpenCL","COMPUTE","__fattn__-5","FLASH_ATTN_EXT","f32",-1,9,-1,128,16,1,1,8192,0.317812,1,"clFinish_profiled"
"CPU_Elastic","COMPUTE_GRAPH","ggml_cgraph","GRAPH","",-1,2,-1,0,0,0,0,0,0.092812,1,"delegate_cpu_graph"
"OpenCL","COMPUTE","ffn_moe_logits-5","MUL_MAT","f32",-1,2,-1,64,1,1,1,256,0.118802,1,"clFinish_profiled"
"OpenCL","COMPUTE","ffn_moe_probs-5","SOFT_MAX","f32",-1,3,-1,64,1,1,1,256,0.107448,1,"clFinish_profiled"
"OpenCL","COMPUTE","ffn_moe_argsort-5","ARGSORT","i32",-1,5,-1,64,1,1,1,256,0.114479,1,"clFinish_profiled"
"OpenCL","COMPUTE","ffn_moe_weights-5","GET_ROWS","f32",-1,7,-1,1,8,1,1,32,0.104688,1,"clFinish_profiled"
"CPU_Elastic","COMPUTE_GRAPH","ggml_cgraph","GRAPH","",-1,21,-1,0,0,0,0,0,1.113906,1,"delegate_cpu_graph"
"CPU_Elastic","COMPUTE_GRAPH","ggml_cgraph","GRAPH","",-1,1,-1,0,0,0,0,0,0.091771,1,"delegate_cpu_graph"
"OpenCL","COMPUTE","Qcur-6","ROPE","f32",-1,3,-1,128,16,1,1,8192,0.128698,1,"clFinish_profiled"
"CPU_Elastic","COMPUTE_GRAPH","ggml_cgraph","GRAPH","",-1,1,-1,0,0,0,0,0,0.091250,1,"delegate_cpu_graph"
"OpenCL","COMPUTE","Kcur-6","ROPE","f32",-1,3,-1,128,16,1,1,8192,0.112604,1,"clFinish_profiled"
"CPU_Elastic","COMPUTE_GRAPH","ggml_cgraph","GRAPH","",-1,3,-1,0,0,0,0,0,0.147188,1,"delegate_cpu_graph"
"OpenCL","COMPUTE","cache_k_l6 (view)","SET_ROWS","f16",-1,0,-1,2048,512,1,1,2097152,0.116145,1,"clFinish_profiled"
"OpenCL","COMPUTE","cache_v_l6 (view)","SET_ROWS","f16",-1,2,-1,2048,512,1,1,2097152,0.106875,1,"clFinish_profiled"
"OpenCL","COMPUTE","__fattn__-6","FLASH_ATTN_EXT","f32",-1,9,-1,128,16,1,1,8192,0.333698,1,"clFinish_profiled"
"CPU_Elastic","COMPUTE_GRAPH","ggml_cgraph","GRAPH","",-1,2,-1,0,0,0,0,0,0.092968,1,"delegate_cpu_graph"
"OpenCL","COMPUTE","ffn_moe_logits-6","MUL_MAT","f32",-1,2,-1,64,1,1,1,256,0.120989,1,"clFinish_profiled"
"OpenCL","COMPUTE","ffn_moe_probs-6","SOFT_MAX","f32",-1,3,-1,64,1,1,1,256,0.107969,1,"clFinish_profiled"
"OpenCL","COMPUTE","ffn_moe_argsort-6","ARGSORT","i32",-1,5,-1,64,1,1,1,256,0.117136,1,"clFinish_profiled"
"OpenCL","COMPUTE","ffn_moe_weights-6","GET_ROWS","f32",-1,7,-1,1,8,1,1,32,0.105416,1,"clFinish_profiled"
"CPU_Elastic","COMPUTE_GRAPH","ggml_cgraph","GRAPH","",-1,21,-1,0,0,0,0,0,1.114531,1,"delegate_cpu_graph"
"CPU_Elastic","COMPUTE_GRAPH","ggml_cgraph","GRAPH","",-1,1,-1,0,0,0,0,0,0.092135,1,"delegate_cpu_graph"
"OpenCL","COMPUTE","Qcur-7","ROPE","f32",-1,3,-1,128,16,1,1,8192,0.123177,1,"clFinish_profiled"
"CPU_Elastic","COMPUTE_GRAPH","ggml_cgraph","GRAPH","",-1,1,-1,0,0,0,0,0,0.091666,1,"delegate_cpu_graph"
"OpenCL","COMPUTE","Kcur-7","ROPE","f32",-1,3,-1,128,16,1,1,8192,0.113125,1,"clFinish_profiled"
"OpenCL","COMPUTE","Vcur-7","MUL_MAT","f32",-1,4,-1,2048,1,1,1,8192,0.260312,1,"clFinish_profiled"
"OpenCL","COMPUTE","cache_k_l7 (view)","SET_ROWS","f16",-1,7,-1,2048,512,1,1,2097152,0.105625,1,"clFinish_profiled"
"OpenCL","COMPUTE","cache_v_l7 (view)","SET_ROWS","f16",-1,9,-1,2048,512,1,1,2097152,0.105938,1,"clFinish_profiled"
"OpenCL","COMPUTE","__fattn__-7","FLASH_ATTN_EXT","f32",-1,16,-1,128,16,1,1,8192,0.318438,1,"clFinish_profiled"
"CPU_Elastic","COMPUTE_GRAPH","ggml_cgraph","GRAPH","",-1,2,-1,0,0,0,0,0,0.093490,1,"delegate_cpu_graph"
"OpenCL","COMPUTE","ffn_moe_logits-7","MUL_MAT","f32",-1,2,-1,64,1,1,1,256,0.121041,1,"clFinish_profiled"
"OpenCL","COMPUTE","ffn_moe_probs-7","SOFT_MAX","f32",-1,3,-1,64,1,1,1,256,0.133021,1,"clFinish_profiled"
"OpenCL","COMPUTE","ffn_moe_argsort-7","ARGSORT","i32",-1,5,-1,64,1,1,1,256,0.117917,1,"clFinish_profiled"
"OpenCL","COMPUTE","ffn_moe_weights-7","GET_ROWS","f32",-1,7,-1,1,8,1,1,32,0.107500,1,"clFinish_profiled"
"CPU_Elastic","COMPUTE_GRAPH","ggml_cgraph","GRAPH","",-1,21,-1,0,0,0,0,0,1.229480,1,"delegate_cpu_graph"
"CPU_Elastic","COMPUTE_GRAPH","ggml_cgraph","GRAPH","",-1,1,-1,0,0,0,0,0,0.091511,1,"delegate_cpu_graph"
"OpenCL","COMPUTE","Qcur-8","ROPE","f32",-1,3,-1,128,16,1,1,8192,0.119948,1,"clFinish_profiled"
"CPU_Elastic","COMPUTE_GRAPH","ggml_cgraph","GRAPH","",-1,1,-1,0,0,0,0,0,0.091927,1,"delegate_cpu_graph"
"OpenCL","COMPUTE","Kcur-8","ROPE","f32",-1,3,-1,128,16,1,1,8192,0.130625,1,"clFinish_profiled"
"CPU_Elastic","COMPUTE_GRAPH","ggml_cgraph","GRAPH","",-1,3,-1,0,0,0,0,0,0.093177,1,"delegate_cpu_graph"
"OpenCL","COMPUTE","cache_k_l8 (view)","SET_ROWS","f16",-1,0,-1,2048,512,1,1,2097152,0.108906,1,"clFinish_profiled"
"OpenCL","COMPUTE","cache_v_l8 (view)","SET_ROWS","f16",-1,2,-1,2048,512,1,1,2097152,0.115781,1,"clFinish_profiled"
"OpenCL","COMPUTE","__fattn__-8","FLASH_ATTN_EXT","f32",-1,9,-1,128,16,1,1,8192,0.328490,1,"clFinish_profiled"
"CPU_Elastic","COMPUTE_GRAPH","ggml_cgraph","GRAPH","",-1,2,-1,0,0,0,0,0,0.092864,1,"delegate_cpu_graph"
"OpenCL","COMPUTE","ffn_moe_logits-8","MUL_MAT","f32",-1,2,-1,64,1,1,1,256,0.126667,1,"clFinish_profiled"
"OpenCL","COMPUTE","ffn_moe_probs-8","SOFT_MAX","f32",-1,3,-1,64,1,1,1,256,0.108750,1,"clFinish_profiled"
"OpenCL","COMPUTE","ffn_moe_argsort-8","ARGSORT","i32",-1,5,-1,64,1,1,1,256,0.122812,1,"clFinish_profiled"
"OpenCL","COMPUTE","ffn_moe_weights-8","GET_ROWS","f32",-1,7,-1,1,8,1,1,32,0.114219,1,"clFinish_profiled"
"CPU_Elastic","COMPUTE_GRAPH","ggml_cgraph","GRAPH","",-1,21,-1,0,0,0,0,0,1.095886,1,"delegate_cpu_graph"
"CPU_Elastic","COMPUTE_GRAPH","ggml_cgraph","GRAPH","",-1,1,-1,0,0,0,0,0,0.092032,1,"delegate_cpu_graph"
"OpenCL","COMPUTE","Qcur-9","ROPE","f32",-1,3,-1,128,16,1,1,8192,0.130052,1,"clFinish_profiled"
"CPU_Elastic","COMPUTE_GRAPH","ggml_cgraph","GRAPH","",-1,1,-1,0,0,0,0,0,0.091928,1,"delegate_cpu_graph"
"OpenCL","COMPUTE","Kcur-9","ROPE","f32",-1,3,-1,128,16,1,1,8192,0.135208,1,"clFinish_profiled"
"CPU_Elastic","COMPUTE_GRAPH","ggml_cgraph","GRAPH","",-1,3,-1,0,0,0,0,0,0.092656,1,"delegate_cpu_graph"
"OpenCL","COMPUTE","cache_k_l9 (view)","SET_ROWS","f16",-1,0,-1,2048,512,1,1,2097152,0.109271,1,"clFinish_profiled"
"OpenCL","COMPUTE","cache_v_l9 (view)","SET_ROWS","f16",-1,2,-1,2048,512,1,1,2097152,0.115677,1,"clFinish_profiled"
"OpenCL","COMPUTE","__fattn__-9","FLASH_ATTN_EXT","f32",-1,9,-1,128,16,1,1,8192,0.320052,1,"clFinish_profiled"
"CPU_Elastic","COMPUTE_GRAPH","ggml_cgraph","GRAPH","",-1,2,-1,0,0,0,0,0,0.108958,1,"delegate_cpu_graph"
"OpenCL","COMPUTE","ffn_moe_logits-9","MUL_MAT","f32",-1,2,-1,64,1,1,1,256,0.130469,1,"clFinish_profiled"
"OpenCL","COMPUTE","ffn_moe_probs-9","SOFT_MAX","f32",-1,3,-1,64,1,1,1,256,0.114271,1,"clFinish_profiled"
"OpenCL","COMPUTE","ffn_moe_argsort-9","ARGSORT","i32",-1,5,-1,64,1,1,1,256,0.116302,1,"clFinish_profiled"
"OpenCL","COMPUTE","ffn_moe_weights-9","GET_ROWS","f32",-1,7,-1,1,8,1,1,32,0.115729,1,"clFinish_profiled"
"CPU_Elastic","COMPUTE_GRAPH","ggml_cgraph","GRAPH","",-1,21,-1,0,0,0,0,0,1.097187,1,"delegate_cpu_graph"
"CPU_Elastic","COMPUTE_GRAPH","ggml_cgraph","GRAPH","",-1,1,-1,0,0,0,0,0,0.092344,1,"delegate_cpu_graph"
"OpenCL","COMPUTE","Qcur-10","ROPE","f32",-1,3,-1,128,16,1,1,8192,0.132605,1,"clFinish_profiled"
"CPU_Elastic","COMPUTE_GRAPH","ggml_cgraph","GRAPH","",-1,1,-1,0,0,0,0,0,0.091510,1,"delegate_cpu_graph"
"OpenCL","COMPUTE","Kcur-10","ROPE","f32",-1,3,-1,128,16,1,1,8192,0.122031,1,"clFinish_profiled"
"OpenCL","COMPUTE","Vcur-10","MUL_MAT","f32",-1,4,-1,2048,1,1,1,8192,0.261459,1,"clFinish_profiled"
"OpenCL","COMPUTE","cache_k_l10 (view)","SET_ROWS","f16",-1,7,-1,2048,512,1,1,2097152,0.108334,1,"clFinish_profiled"
"OpenCL","COMPUTE","cache_v_l10 (view)","SET_ROWS","f16",-1,9,-1,2048,512,1,1,2097152,0.109427,1,"clFinish_profiled"
"OpenCL","COMPUTE","__fattn__-10","FLASH_ATTN_EXT","f32",-1,16,-1,128,16,1,1,8192,0.328958,1,"clFinish_profiled"
"CPU_Elastic","COMPUTE_GRAPH","ggml_cgraph","GRAPH","",-1,2,-1,0,0,0,0,0,0.092917,1,"delegate_cpu_graph"
"OpenCL","COMPUTE","ffn_moe_logits-10","MUL_MAT","f32",-1,2,-1,64,1,1,1,256,0.129948,1,"clFinish_profiled"
"OpenCL","COMPUTE","ffn_moe_probs-10","SOFT_MAX","f32",-1,3,-1,64,1,1,1,256,0.117969,1,"clFinish_profiled"
"OpenCL","COMPUTE","ffn_moe_argsort-10","ARGSORT","i32",-1,5,-1,64,1,1,1,256,0.126042,1,"clFinish_profiled"
"OpenCL","COMPUTE","ffn_moe_weights-10","GET_ROWS","f32",-1,7,-1,1,8,1,1,32,0.114844,1,"clFinish_profiled"
"CPU_Elastic","COMPUTE_GRAPH","ggml_cgraph","GRAPH","",-1,21,-1,0,0,0,0,0,1.240729,1,"delegate_cpu_graph"
"CPU_Elastic","COMPUTE_GRAPH","ggml_cgraph","GRAPH","",-1,1,-1,0,0,0,0,0,0.092083,1,"delegate_cpu_graph"
"OpenCL","COMPUTE","Qcur-11","ROPE","f32",-1,3,-1,128,16,1,1,8192,0.131354,1,"clFinish_profiled"
"CPU_Elastic","COMPUTE_GRAPH","ggml_cgraph","GRAPH","",-1,1,-1,0,0,0,0,0,0.091198,1,"delegate_cpu_graph"
"OpenCL","COMPUTE","Kcur-11","ROPE","f32",-1,3,-1,128,16,1,1,8192,0.122656,1,"clFinish_profiled"
"CPU_Elastic","COMPUTE_GRAPH","ggml_cgraph","GRAPH","",-1,3,-1,0,0,0,0,0,0.092708,1,"delegate_cpu_graph"
"OpenCL","COMPUTE","cache_k_l11 (view)","SET_ROWS","f16",-1,0,-1,2048,512,1,1,2097152,0.116979,1,"clFinish_profiled"
"OpenCL","COMPUTE","cache_v_l11 (view)","SET_ROWS","f16",-1,2,-1,2048,512,1,1,2097152,0.115000,1,"clFinish_profiled"
"OpenCL","COMPUTE","__fattn__-11","FLASH_ATTN_EXT","f32",-1,9,-1,128,16,1,1,8192,0.327500,1,"clFinish_profiled"
"CPU_Elastic","COMPUTE_GRAPH","ggml_cgraph","GRAPH","",-1,2,-1,0,0,0,0,0,0.093021,1,"delegate_cpu_graph"
"OpenCL","COMPUTE","ffn_moe_logits-11","MUL_MAT","f32",-1,2,-1,64,1,1,1,256,0.130052,1,"clFinish_profiled"
"OpenCL","COMPUTE","ffn_moe_probs-11","SOFT_MAX","f32",-1,3,-1,64,1,1,1,256,0.117604,1,"clFinish_profiled"
"OpenCL","COMPUTE","ffn_moe_argsort-11","ARGSORT","i32",-1,5,-1,64,1,1,1,256,0.126094,1,"clFinish_profiled"
"OpenCL","COMPUTE","ffn_moe_weights-11","GET_ROWS","f32",-1,7,-1,1,8,1,1,32,0.125625,1,"clFinish_profiled"
"CPU_Elastic","COMPUTE_GRAPH","ggml_cgraph","GRAPH","",-1,21,-1,0,0,0,0,0,1.143542,1,"delegate_cpu_graph"
"CPU_Elastic","COMPUTE_GRAPH","ggml_cgraph","GRAPH","",-1,1,-1,0,0,0,0,0,0.096614,1,"delegate_cpu_graph"
"OpenCL","COMPUTE","Qcur-12","ROPE","f32",-1,3,-1,128,16,1,1,8192,0.130104,1,"clFinish_profiled"
"CPU_Elastic","COMPUTE_GRAPH","ggml_cgraph","GRAPH","",-1,1,-1,0,0,0,0,0,0.097343,1,"delegate_cpu_graph"
"OpenCL","COMPUTE","Kcur-12","ROPE","f32",-1,3,-1,128,16,1,1,8192,0.114479,1,"clFinish_profiled"
"CPU_Elastic","COMPUTE_GRAPH","ggml_cgraph","GRAPH","",-1,3,-1,0,0,0,0,0,0.098125,1,"delegate_cpu_graph"
"OpenCL","COMPUTE","cache_k_l12 (view)","SET_ROWS","f16",-1,0,-1,2048,512,1,1,2097152,0.107969,1,"clFinish_profiled"
"OpenCL","COMPUTE","cache_v_l12 (view)","SET_ROWS","f16",-1,2,-1,2048,512,1,1,2097152,0.115417,1,"clFinish_profiled"
"OpenCL","COMPUTE","__fattn__-12","FLASH_ATTN_EXT","f32",-1,9,-1,128,16,1,1,8192,0.328489,1,"clFinish_profiled"
"CPU_Elastic","COMPUTE_GRAPH","ggml_cgraph","GRAPH","",-1,2,-1,0,0,0,0,0,0.099115,1,"delegate_cpu_graph"
"OpenCL","COMPUTE","ffn_moe_logits-12","MUL_MAT","f32",-1,2,-1,64,1,1,1,256,0.120157,1,"clFinish_profiled"
"OpenCL","COMPUTE","ffn_moe_probs-12","SOFT_MAX","f32",-1,3,-1,64,1,1,1,256,0.118854,1,"clFinish_profiled"
"OpenCL","COMPUTE","ffn_moe_argsort-12","ARGSORT","i32",-1,5,-1,64,1,1,1,256,0.116146,1,"clFinish_profiled"
"OpenCL","COMPUTE","ffn_moe_weights-12","GET_ROWS","f32",-1,7,-1,1,8,1,1,32,0.135105,1,"clFinish_profiled"
"CPU_Elastic","COMPUTE_GRAPH","ggml_cgraph","GRAPH","",-1,21,-1,0,0,0,0,0,1.120156,1,"delegate_cpu_graph"
"CPU_Elastic","COMPUTE_GRAPH","ggml_cgraph","GRAPH","",-1,1,-1,0,0,0,0,0,0.106719,1,"delegate_cpu_graph"
"OpenCL","COMPUTE","Qcur-13","ROPE","f32",-1,3,-1,128,16,1,1,8192,0.128854,1,"clFinish_profiled"
"CPU_Elastic","COMPUTE_GRAPH","ggml_cgraph","GRAPH","",-1,1,-1,0,0,0,0,0,0.096615,1,"delegate_cpu_graph"
"OpenCL","COMPUTE","Kcur-13","ROPE","f32",-1,3,-1,128,16,1,1,8192,0.116614,1,"clFinish_profiled"
"OpenCL","COMPUTE","Vcur-13","MUL_MAT","f32",-1,4,-1,2048,1,1,1,8192,0.269687,1,"clFinish_profiled"
"OpenCL","COMPUTE","cache_k_l13 (view)","SET_ROWS","f16",-1,7,-1,2048,512,1,1,2097152,0.111459,1,"clFinish_profiled"
"OpenCL","COMPUTE","cache_v_l13 (view)","SET_ROWS","f16",-1,9,-1,2048,512,1,1,2097152,0.110208,1,"clFinish_profiled"
"OpenCL","COMPUTE","__fattn__-13","FLASH_ATTN_EXT","f32",-1,16,-1,128,16,1,1,8192,0.332448,1,"clFinish_profiled"
"CPU_Elastic","COMPUTE_GRAPH","ggml_cgraph","GRAPH","",-1,2,-1,0,0,0,0,0,0.098646,1,"delegate_cpu_graph"
"OpenCL","COMPUTE","ffn_moe_logits-13","MUL_MAT","f32",-1,2,-1,64,1,1,1,256,0.122187,1,"clFinish_profiled"
"OpenCL","COMPUTE","ffn_moe_probs-13","SOFT_MAX","f32",-1,3,-1,64,1,1,1,256,0.119843,1,"clFinish_profiled"
"OpenCL","COMPUTE","ffn_moe_argsort-13","ARGSORT","i32",-1,5,-1,64,1,1,1,256,0.116770,1,"clFinish_profiled"
"OpenCL","COMPUTE","ffn_moe_weights-13","GET_ROWS","f32",-1,7,-1,1,8,1,1,32,0.106823,1,"clFinish_profiled"
"CPU_Elastic","COMPUTE_GRAPH","ggml_cgraph","GRAPH","",-1,21,-1,0,0,0,0,0,1.245885,1,"delegate_cpu_graph"
"CPU_Elastic","COMPUTE_GRAPH","ggml_cgraph","GRAPH","",-1,1,-1,0,0,0,0,0,0.095729,1,"delegate_cpu_graph"
"OpenCL","COMPUTE","Qcur-14","ROPE","f32",-1,3,-1,128,16,1,1,8192,0.309844,1,"clFinish_profiled"
"CPU_Elastic","COMPUTE_GRAPH","ggml_cgraph","GRAPH","",-1,1,-1,0,0,0,0,0,0.097344,1,"delegate_cpu_graph"
"OpenCL","COMPUTE","Kcur-14","ROPE","f32",-1,3,-1,128,16,1,1,8192,0.342865,1,"clFinish_profiled"
"OpenCL","COMPUTE","Vcur-14","MUL_MAT","f32",-1,4,-1,2048,1,1,1,8192,0.276562,1,"clFinish_profiled"
"OpenCL","COMPUTE","cache_k_l14 (view)","SET_ROWS","f16",-1,7,-1,2048,512,1,1,2097152,0.113854,1,"clFinish_profiled"
"OpenCL","COMPUTE","cache_v_l14 (view)","SET_ROWS","f16",-1,9,-1,2048,512,1,1,2097152,0.116250,1,"clFinish_profiled"
"OpenCL","COMPUTE","__fattn__-14","FLASH_ATTN_EXT","f32",-1,16,-1,128,16,1,1,8192,0.321198,1,"clFinish_profiled"
"CPU_Elastic","COMPUTE_GRAPH","ggml_cgraph","GRAPH","",-1,2,-1,0,0,0,0,0,0.098906,1,"delegate_cpu_graph"
"OpenCL","COMPUTE","ffn_moe_logits-14","MUL_MAT","f32",-1,2,-1,64,1,1,1,256,0.119166,1,"clFinish_profiled"
"OpenCL","COMPUTE","ffn_moe_probs-14","SOFT_MAX","f32",-1,3,-1,64,1,1,1,256,0.119166,1,"clFinish_profiled"
"OpenCL","COMPUTE","ffn_moe_argsort-14","ARGSORT","i32",-1,5,-1,64,1,1,1,256,0.124583,1,"clFinish_profiled"
"OpenCL","COMPUTE","ffn_moe_weights-14","GET_ROWS","f32",-1,7,-1,1,8,1,1,32,0.113438,1,"clFinish_profiled"
"CPU_Elastic","COMPUTE_GRAPH","ggml_cgraph","GRAPH","",-1,21,-1,0,0,0,0,0,1.267187,1,"delegate_cpu_graph"
"CPU_Elastic","COMPUTE_GRAPH","ggml_cgraph","GRAPH","",-1,1,-1,0,0,0,0,0,0.096354,1,"delegate_cpu_graph"
"OpenCL","COMPUTE","Qcur-15","ROPE","f32",-1,3,-1,128,16,1,1,8192,0.128802,1,"clFinish_profiled"
"CPU_Elastic","COMPUTE_GRAPH","ggml_cgraph","GRAPH","",-1,1,-1,0,0,0,0,0,0.096510,1,"delegate_cpu_graph"
"OpenCL","COMPUTE","Kcur-15","ROPE","f32",-1,3,-1,128,16,1,1,8192,0.123229,1,"clFinish_profiled"
"OpenCL","COMPUTE","Vcur-15","MUL_MAT","f32",-1,4,-1,2048,1,1,1,8192,0.269792,1,"clFinish_profiled"
"OpenCL","COMPUTE","cache_k_l15 (view)","SET_ROWS","f16",-1,7,-1,2048,512,1,1,2097152,0.116563,1,"clFinish_profiled"
"OpenCL","COMPUTE","cache_v_l15 (view)","SET_ROWS","f16",-1,9,-1,2048,512,1,1,2097152,0.115990,1,"clFinish_profiled"
"OpenCL","COMPUTE","__fattn__-15","FLASH_ATTN_EXT","f32",-1,16,-1,128,16,1,1,8192,0.325677,1,"clFinish_profiled"
"CPU_Elastic","COMPUTE_GRAPH","ggml_cgraph","GRAPH","",-1,4,-1,0,0,0,0,0,0.101406,1,"delegate_cpu_graph"
"OpenCL","COMPUTE","ffn_moe_logits-15","MUL_MAT","f32",-1,2,-1,64,1,1,1,256,0.129635,1,"clFinish_profiled"
"OpenCL","COMPUTE","ffn_moe_probs-15","SOFT_MAX","f32",-1,3,-1,64,1,1,1,256,0.121563,1,"clFinish_profiled"
"OpenCL","COMPUTE","ffn_moe_argsort-15","ARGSORT","i32",-1,5,-1,64,1,1,1,256,0.126406,1,"clFinish_profiled"
"OpenCL","COMPUTE","ffn_moe_weights-15","GET_ROWS","f32",-1,7,-1,1,8,1,1,32,0.115729,1,"clFinish_profiled"
"CPU_Elastic","COMPUTE_GRAPH","ggml_cgraph","GRAPH","",-1,22,-1,0,0,0,0,0,1.265677,1,"delegate_cpu_graph"
"OpenCL","COMPUTE","result_norm","MUL","f32",-1,0,-1,2048,1,1,1,8192,0.334323,1,"clFinish_profiled"
"OpenCL","COMPUTE","result_output","MUL_MAT","f32",-1,1,-1,50304,1,1,1,201216,3.826459,1,"clFinish_profiled"
"CPU_Elastic","COMPUTE_GRAPH","ggml_cgraph","GRAPH","",-1,1,-1,0,0,0,0,0,0.003541,1,"delegate_cpu_graph"
"CPU_Elastic","COMPUTE_GRAPH","ggml_cgraph","GRAPH","",-1,1,-1,0,0,0,0,0,0.097500,1,"delegate_cpu_graph"
"OpenCL","COMPUTE","Qcur-0","ROPE","f32",-1,3,-1,128,16,1,1,8192,0.133802,1,"clFinish_profiled"
"CPU_Elastic","COMPUTE_GRAPH","ggml_cgraph","GRAPH","",-1,1,-1,0,0,0,0,0,0.109479,1,"delegate_cpu_graph"
"OpenCL","COMPUTE","Kcur-0","ROPE","f32",-1,3,-1,128,16,1,1,8192,0.116093,1,"clFinish_profiled"
"OpenCL","COMPUTE","Vcur-0","MUL_MAT","f32",-1,4,-1,2048,1,1,1,8192,0.272448,1,"clFinish_profiled"
"OpenCL","COMPUTE","cache_k_l0 (view)","SET_ROWS","f16",-1,7,-1,2048,512,1,1,2097152,0.123697,1,"clFinish_profiled"
"OpenCL","COMPUTE","cache_v_l0 (view)","SET_ROWS","f16",-1,9,-1,2048,512,1,1,2097152,0.110000,1,"clFinish_profiled"
"OpenCL","COMPUTE"," (copy)","CPY","f16",-1,16,-1,256,64,1,1,32768,0.115156,1,"clFinish_profiled"
"OpenCL","COMPUTE","__fattn__-0","FLASH_ATTN_EXT","f32",-1,17,-1,128,16,1,1,8192,0.324427,1,"clFinish_profiled"
"CPU_Elastic","COMPUTE_GRAPH","ggml_cgraph","GRAPH","",-1,2,-1,0,0,0,0,0,0.099010,1,"delegate_cpu_graph"
"OpenCL","COMPUTE","ffn_moe_logits-0","MUL_MAT","f32",-1,2,-1,64,1,1,1,256,0.123542,1,"clFinish_profiled"
"OpenCL","COMPUTE","ffn_moe_probs-0","SOFT_MAX","f32",-1,3,-1,64,1,1,1,256,0.112708,1,"clFinish_profiled"
"OpenCL","COMPUTE","ffn_moe_argsort-0","ARGSORT","i32",-1,5,-1,64,1,1,1,256,0.118489,1,"clFinish_profiled"
"OpenCL","COMPUTE","ffn_moe_weights-0","GET_ROWS","f32",-1,7,-1,1,8,1,1,32,0.109843,1,"clFinish_profiled"
"CPU_Elastic","COMPUTE_GRAPH","ggml_cgraph","GRAPH","",-1,21,-1,0,0,0,0,0,1.256458,1,"delegate_cpu_graph"
"CPU_Elastic","COMPUTE_GRAPH","ggml_cgraph","GRAPH","",-1,1,-1,0,0,0,0,0,0.096302,1,"delegate_cpu_graph"
"OpenCL","COMPUTE","Qcur-1","ROPE","f32",-1,3,-1,128,16,1,1,8192,0.128750,1,"clFinish_profiled"
"CPU_Elastic","COMPUTE_GRAPH","ggml_cgraph","GRAPH","",-1,1,-1,0,0,0,0,0,0.096615,1,"delegate_cpu_graph"
"OpenCL","COMPUTE","Kcur-1","ROPE","f32",-1,3,-1,128,16,1,1,8192,0.119792,1,"clFinish_profiled"
"OpenCL","COMPUTE","Vcur-1","MUL_MAT","f32",-1,4,-1,2048,1,1,1,8192,0.265052,1,"clFinish_profiled"
"OpenCL","COMPUTE","cache_k_l1 (view)","SET_ROWS","f16",-1,7,-1,2048,512,1,1,2097152,0.109323,1,"clFinish_profiled"
"OpenCL","COMPUTE","cache_v_l1 (view)","SET_ROWS","f16",-1,9,-1,2048,512,1,1,2097152,0.109479,1,"clFinish_profiled"
"OpenCL","COMPUTE","__fattn__-1","FLASH_ATTN_EXT","f32",-1,16,-1,128,16,1,1,8192,0.321094,1,"clFinish_profiled"
"CPU_Elastic","COMPUTE_GRAPH","ggml_cgraph","GRAPH","",-1,2,-1,0,0,0,0,0,0.097917,1,"delegate_cpu_graph"
"OpenCL","COMPUTE","ffn_moe_logits-1","MUL_MAT","f32",-1,2,-1,64,1,1,1,256,0.121042,1,"clFinish_profiled"
"OpenCL","COMPUTE","ffn_moe_probs-1","SOFT_MAX","f32",-1,3,-1,64,1,1,1,256,0.111979,1,"clFinish_profiled"
"OpenCL","COMPUTE","ffn_moe_argsort-1","ARGSORT","i32",-1,5,-1,64,1,1,1,256,0.117500,1,"clFinish_profiled"
"OpenCL","COMPUTE","ffn_moe_weights-1","GET_ROWS","f32",-1,7,-1,1,8,1,1,32,0.108698,1,"clFinish_profiled"
"CPU_Elastic","COMPUTE_GRAPH","ggml_cgraph","GRAPH","",-1,21,-1,0,0,0,0,0,1.253959,1,"delegate_cpu_graph"
"CPU_Elastic","COMPUTE_GRAPH","ggml_cgraph","GRAPH","",-1,1,-1,0,0,0,0,0,0.095677,1,"delegate_cpu_graph"
"OpenCL","COMPUTE","Qcur-2","ROPE","f32",-1,3,-1,128,16,1,1,8192,0.121146,1,"clFinish_profiled"
"CPU_Elastic","COMPUTE_GRAPH","ggml_cgraph","GRAPH","",-1,1,-1,0,0,0,0,0,0.096927,1,"delegate_cpu_graph"
"OpenCL","COMPUTE","Kcur-2","ROPE","f32",-1,3,-1,128,16,1,1,8192,0.116406,1,"clFinish_profiled"
"CPU_Elastic","COMPUTE_GRAPH","ggml_cgraph","GRAPH","",-1,3,-1,0,0,0,0,0,0.097656,1,"delegate_cpu_graph"
"OpenCL","COMPUTE","cache_k_l2 (view)","SET_ROWS","f16",-1,0,-1,2048,512,1,1,2097152,0.109115,1,"clFinish_profiled"
"OpenCL","COMPUTE","cache_v_l2 (view)","SET_ROWS","f16",-1,2,-1,2048,512,1,1,2097152,0.107813,1,"clFinish_profiled"
"OpenCL","COMPUTE","__fattn__-2","FLASH_ATTN_EXT","f32",-1,9,-1,128,16,1,1,8192,0.322500,1,"clFinish_profiled"
"CPU_Elastic","COMPUTE_GRAPH","ggml_cgraph","GRAPH","",-1,2,-1,0,0,0,0,0,0.098698,1,"delegate_cpu_graph"
"OpenCL","COMPUTE","ffn_moe_logits-2","MUL_MAT","f32",-1,2,-1,64,1,1,1,256,0.143438,1,"clFinish_profiled"
"OpenCL","COMPUTE","ffn_moe_probs-2","SOFT_MAX","f32",-1,3,-1,64,1,1,1,256,0.111875,1,"clFinish_profiled"
"OpenCL","COMPUTE","ffn_moe_argsort-2","ARGSORT","i32",-1,5,-1,64,1,1,1,256,0.114427,1,"clFinish_profiled"
"OpenCL","COMPUTE","ffn_moe_weights-2","GET_ROWS","f32",-1,7,-1,1,8,1,1,32,0.107552,1,"clFinish_profiled"
"CPU_Elastic","COMPUTE_GRAPH","ggml_cgraph","GRAPH","",-1,21,-1,0,0,0,0,0,1.134636,1,"delegate_cpu_graph"
"CPU_Elastic","COMPUTE_GRAPH","ggml_cgraph","GRAPH","",-1,1,-1,0,0,0,0,0,0.096302,1,"delegate_cpu_graph"
"OpenCL","COMPUTE","Qcur-3","ROPE","f32",-1,3,-1,128,16,1,1,8192,0.130469,1,"clFinish_profiled"
"CPU_Elastic","COMPUTE_GRAPH","ggml_cgraph","GRAPH","",-1,1,-1,0,0,0,0,0,0.097604,1,"delegate_cpu_graph"
"OpenCL","COMPUTE","Kcur-3","ROPE","f32",-1,3,-1,128,16,1,1,8192,0.116719,1,"clFinish_profiled"
"CPU_Elastic","COMPUTE_GRAPH","ggml_cgraph","GRAPH","",-1,3,-1,0,0,0,0,0,0.098230,1,"delegate_cpu_graph"
"OpenCL","COMPUTE","cache_k_l3 (view)","SET_ROWS","f16",-1,0,-1,2048,512,1,1,2097152,0.111146,1,"clFinish_profiled"
"OpenCL","COMPUTE","cache_v_l3 (view)","SET_ROWS","f16",-1,2,-1,2048,512,1,1,2097152,0.111250,1,"clFinish_profiled"
"OpenCL","COMPUTE","__fattn__-3","FLASH_ATTN_EXT","f32",-1,9,-1,128,16,1,1,8192,0.320677,1,"clFinish_profiled"
"CPU_Elastic","COMPUTE_GRAPH","ggml_cgraph","GRAPH","",-1,2,-1,0,0,0,0,0,0.098802,1,"delegate_cpu_graph"
"OpenCL","COMPUTE","ffn_moe_logits-3","MUL_MAT","f32",-1,2,-1,64,1,1,1,256,0.121302,1,"clFinish_profiled"
"OpenCL","COMPUTE","ffn_moe_probs-3","SOFT_MAX","f32",-1,3,-1,64,1,1,1,256,0.112031,1,"clFinish_profiled"
"OpenCL","COMPUTE","ffn_moe_argsort-3","ARGSORT","i32",-1,5,-1,64,1,1,1,256,0.118698,1,"clFinish_profiled"
"OpenCL","COMPUTE","ffn_moe_weights-3","GET_ROWS","f32",-1,7,-1,1,8,1,1,32,0.126823,1,"clFinish_profiled"
"CPU_Elastic","COMPUTE_GRAPH","ggml_cgraph","GRAPH","",-1,21,-1,0,0,0,0,0,1.139948,1,"delegate_cpu_graph"
"CPU_Elastic","COMPUTE_GRAPH","ggml_cgraph","GRAPH","",-1,1,-1,0,0,0,0,0,0.096875,1,"delegate_cpu_graph"
"OpenCL","COMPUTE","Qcur-4","ROPE","f32",-1,3,-1,128,16,1,1,8192,0.139167,1,"clFinish_profiled"
"CPU_Elastic","COMPUTE_GRAPH","ggml_cgraph","GRAPH","",-1,1,-1,0,0,0,0,0,0.096563,1,"delegate_cpu_graph"
"OpenCL","COMPUTE","Kcur-4","ROPE","f32",-1,3,-1,128,16,1,1,8192,0.124583,1,"clFinish_profiled"
"OpenCL","COMPUTE","Vcur-4","MUL_MAT","f32",-1,4,-1,2048,1,1,1,8192,0.345625,1,"clFinish_profiled"
"OpenCL","COMPUTE","cache_k_l4 (view)","SET_ROWS","f16",-1,7,-1,2048,512,1,1,2097152,0.118750,1,"clFinish_profiled"
"OpenCL","COMPUTE","cache_v_l4 (view)","SET_ROWS","f16",-1,9,-1,2048,512,1,1,2097152,0.114323,1,"clFinish_profiled"
"OpenCL","COMPUTE","__fattn__-4","FLASH_ATTN_EXT","f32",-1,16,-1,128,16,1,1,8192,0.345209,1,"clFinish_profiled"
"CPU_Elastic","COMPUTE_GRAPH","ggml_cgraph","GRAPH","",-1,2,-1,0,0,0,0,0,0.098646,1,"delegate_cpu_graph"
"OpenCL","COMPUTE","ffn_moe_logits-4","MUL_MAT","f32",-1,2,-1,64,1,1,1,256,0.129010,1,"clFinish_profiled"
"OpenCL","COMPUTE","ffn_moe_probs-4","SOFT_MAX","f32",-1,3,-1,64,1,1,1,256,0.109635,1,"clFinish_profiled"
"OpenCL","COMPUTE","ffn_moe_argsort-4","ARGSORT","i32",-1,5,-1,64,1,1,1,256,0.124219,1,"clFinish_profiled"
"OpenCL","COMPUTE","ffn_moe_weights-4","GET_ROWS","f32",-1,7,-1,1,8,1,1,32,0.114011,1,"clFinish_profiled"
"CPU_Elastic","COMPUTE_GRAPH","ggml_cgraph","GRAPH","",-1,21,-1,0,0,0,0,0,1.275990,1,"delegate_cpu_graph"
"CPU_Elastic","COMPUTE_GRAPH","ggml_cgraph","GRAPH","",-1,1,-1,0,0,0,0,0,0.097344,1,"delegate_cpu_graph"
"OpenCL","COMPUTE","Qcur-5","ROPE","f32",-1,3,-1,128,16,1,1,8192,0.132448,1,"clFinish_profiled"
"CPU_Elastic","COMPUTE_GRAPH","ggml_cgraph","GRAPH","",-1,1,-1,0,0,0,0,0,0.096771,1,"delegate_cpu_graph"
"OpenCL","COMPUTE","Kcur-5","ROPE","f32",-1,3,-1,128,16,1,1,8192,0.124375,1,"clFinish_profiled"
"CPU_Elastic","COMPUTE_GRAPH","ggml_cgraph","GRAPH","",-1,3,-1,0,0,0,0,0,0.096771,1,"delegate_cpu_graph"
"OpenCL","COMPUTE","cache_k_l5 (view)","SET_ROWS","f16",-1,0,-1,2048,512,1,1,2097152,0.116041,1,"clFinish_profiled"
"OpenCL","COMPUTE","cache_v_l5 (view)","SET_ROWS","f16",-1,2,-1,2048,512,1,1,2097152,0.108698,1,"clFinish_profiled"
"OpenCL","COMPUTE","__fattn__-5","FLASH_ATTN_EXT","f32",-1,9,-1,128,16,1,1,8192,0.326823,1,"clFinish_profiled"
"CPU_Elastic","COMPUTE_GRAPH","ggml_cgraph","GRAPH","",-1,2,-1,0,0,0,0,0,0.098854,1,"delegate_cpu_graph"
"OpenCL","COMPUTE","ffn_moe_logits-5","MUL_MAT","f32",-1,2,-1,64,1,1,1,256,0.129792,1,"clFinish_profiled"
"OpenCL","COMPUTE","ffn_moe_probs-5","SOFT_MAX","f32",-1,3,-1,64,1,1,1,256,0.117969,1,"clFinish_profiled"
"OpenCL","COMPUTE","ffn_moe_argsort-5","ARGSORT","i32",-1,5,-1,64,1,1,1,256,0.124479,1,"clFinish_profiled"
"OpenCL","COMPUTE","ffn_moe_weights-5","GET_ROWS","f32",-1,7,-1,1,8,1,1,32,0.114636,1,"clFinish_profiled"
"CPU_Elastic","COMPUTE_GRAPH","ggml_cgraph","GRAPH","",-1,21,-1,0,0,0,0,0,1.146145,1,"delegate_cpu_graph"
"CPU_Elastic","COMPUTE_GRAPH","ggml_cgraph","GRAPH","",-1,1,-1,0,0,0,0,0,0.096302,1,"delegate_cpu_graph"
"OpenCL","COMPUTE","Qcur-6","ROPE","f32",-1,3,-1,128,16,1,1,8192,0.128959,1,"clFinish_profiled"
"CPU_Elastic","COMPUTE_GRAPH","ggml_cgraph","GRAPH","",-1,1,-1,0,0,0,0,0,0.114167,1,"delegate_cpu_graph"
"OpenCL","COMPUTE","Kcur-6","ROPE","f32",-1,3,-1,128,16,1,1,8192,0.124323,1,"clFinish_profiled"
"CPU_Elastic","COMPUTE_GRAPH","ggml_cgraph","GRAPH","",-1,3,-1,0,0,0,0,0,0.098229,1,"delegate_cpu_graph"
"OpenCL","COMPUTE","cache_k_l6 (view)","SET_ROWS","f16",-1,0,-1,2048,512,1,1,2097152,0.117343,1,"clFinish_profiled"
"OpenCL","COMPUTE","cache_v_l6 (view)","SET_ROWS","f16",-1,2,-1,2048,512,1,1,2097152,0.116041,1,"clFinish_profiled"
"OpenCL","COMPUTE","__fattn__-6","FLASH_ATTN_EXT","f32",-1,9,-1,128,16,1,1,8192,0.326615,1,"clFinish_profiled"
"CPU_Elastic","COMPUTE_GRAPH","ggml_cgraph","GRAPH","",-1,2,-1,0,0,0,0,0,0.097917,1,"delegate_cpu_graph"
"OpenCL","COMPUTE","ffn_moe_logits-6","MUL_MAT","f32",-1,2,-1,64,1,1,1,256,0.129688,1,"clFinish_profiled"
"OpenCL","COMPUTE","ffn_moe_probs-6","SOFT_MAX","f32",-1,3,-1,64,1,1,1,256,0.115885,1,"clFinish_profiled"
"OpenCL","COMPUTE","ffn_moe_argsort-6","ARGSORT","i32",-1,5,-1,64,1,1,1,256,0.126614,1,"clFinish_profiled"
"OpenCL","COMPUTE","ffn_moe_weights-6","GET_ROWS","f32",-1,7,-1,1,8,1,1,32,0.113907,1,"clFinish_profiled"
"CPU_Elastic","COMPUTE_GRAPH","ggml_cgraph","GRAPH","",-1,21,-1,0,0,0,0,0,1.123698,1,"delegate_cpu_graph"
"CPU_Elastic","COMPUTE_GRAPH","ggml_cgraph","GRAPH","",-1,1,-1,0,0,0,0,0,0.096563,1,"delegate_cpu_graph"
"OpenCL","COMPUTE","Qcur-7","ROPE","f32",-1,3,-1,128,16,1,1,8192,0.128906,1,"clFinish_profiled"
"CPU_Elastic","COMPUTE_GRAPH","ggml_cgraph","GRAPH","",-1,1,-1,0,0,0,0,0,0.096355,1,"delegate_cpu_graph"
"OpenCL","COMPUTE","Kcur-7","ROPE","f32",-1,3,-1,128,16,1,1,8192,0.124636,1,"clFinish_profiled"
"OpenCL","COMPUTE","Vcur-7","MUL_MAT","f32",-1,4,-1,2048,1,1,1,8192,0.266041,1,"clFinish_profiled"
"OpenCL","COMPUTE","cache_k_l7 (view)","SET_ROWS","f16",-1,7,-1,2048,512,1,1,2097152,0.114895,1,"clFinish_profiled"
"OpenCL","COMPUTE","cache_v_l7 (view)","SET_ROWS","f16",-1,9,-1,2048,512,1,1,2097152,0.116406,1,"clFinish_profiled"
"OpenCL","COMPUTE","__fattn__-7","FLASH_ATTN_EXT","f32",-1,16,-1,128,16,1,1,8192,0.330365,1,"clFinish_profiled"
"CPU_Elastic","COMPUTE_GRAPH","ggml_cgraph","GRAPH","",-1,2,-1,0,0,0,0,0,0.099323,1,"delegate_cpu_graph"
"OpenCL","COMPUTE","ffn_moe_logits-7","MUL_MAT","f32",-1,2,-1,64,1,1,1,256,0.134114,1,"clFinish_profiled"
"OpenCL","COMPUTE","ffn_moe_probs-7","SOFT_MAX","f32",-1,3,-1,64,1,1,1,256,0.111198,1,"clFinish_profiled"
"OpenCL","COMPUTE","ffn_moe_argsort-7","ARGSORT","i32",-1,5,-1,64,1,1,1,256,0.122864,1,"clFinish_profiled"
"OpenCL","COMPUTE","ffn_moe_weights-7","GET_ROWS","f32",-1,7,-1,1,8,1,1,32,0.112864,1,"clFinish_profiled"
"CPU_Elastic","COMPUTE_GRAPH","ggml_cgraph","GRAPH","",-1,21,-1,0,0,0,0,0,1.244375,1,"delegate_cpu_graph"
"CPU_Elastic","COMPUTE_GRAPH","ggml_cgraph","GRAPH","",-1,1,-1,0,0,0,0,0,0.095989,1,"delegate_cpu_graph"
"OpenCL","COMPUTE","Qcur-8","ROPE","f32",-1,3,-1,128,16,1,1,8192,0.130156,1,"clFinish_profiled"
"CPU_Elastic","COMPUTE_GRAPH","ggml_cgraph","GRAPH","",-1,1,-1,0,0,0,0,0,0.096145,1,"delegate_cpu_graph"
"OpenCL","COMPUTE","Kcur-8","ROPE","f32",-1,3,-1,128,16,1,1,8192,0.125052,1,"clFinish_profiled"
"CPU_Elastic","COMPUTE_GRAPH","ggml_cgraph","GRAPH","",-1,3,-1,0,0,0,0,0,0.097968,1,"delegate_cpu_graph"
"OpenCL","COMPUTE","cache_k_l8 (view)","SET_ROWS","f16",-1,0,-1,2048,512,1,1,2097152,0.117031,1,"clFinish_profiled"
"OpenCL","COMPUTE","cache_v_l8 (view)","SET_ROWS","f16",-1,2,-1,2048,512,1,1,2097152,0.115885,1,"clFinish_profiled"
"OpenCL","COMPUTE","__fattn__-8","FLASH_ATTN_EXT","f32",-1,9,-1,128,16,1,1,8192,0.328854,1,"clFinish_profiled"
"CPU_Elastic","COMPUTE_GRAPH","ggml_cgraph","GRAPH","",-1,2,-1,0,0,0,0,0,0.098802,1,"delegate_cpu_graph"
"OpenCL","COMPUTE","ffn_moe_logits-8","MUL_MAT","f32",-1,2,-1,64,1,1,1,256,0.129271,1,"clFinish_profiled"
"OpenCL","COMPUTE","ffn_moe_probs-8","SOFT_MAX","f32",-1,3,-1,64,1,1,1,256,0.120573,1,"clFinish_profiled"
"OpenCL","COMPUTE","ffn_moe_argsort-8","ARGSORT","i32",-1,5,-1,64,1,1,1,256,0.115573,1,"clFinish_profiled"
"OpenCL","COMPUTE","ffn_moe_weights-8","GET_ROWS","f32",-1,7,-1,1,8,1,1,32,0.105625,1,"clFinish_profiled"
"CPU_Elastic","COMPUTE_GRAPH","ggml_cgraph","GRAPH","",-1,21,-1,0,0,0,0,0,1.128177,1,"delegate_cpu_graph"
"CPU_Elastic","COMPUTE_GRAPH","ggml_cgraph","GRAPH","",-1,1,-1,0,0,0,0,0,0.096615,1,"delegate_cpu_graph"
"OpenCL","COMPUTE","Qcur-9","ROPE","f32",-1,3,-1,128,16,1,1,8192,0.126511,1,"clFinish_profiled"
"CPU_Elastic","COMPUTE_GRAPH","ggml_cgraph","GRAPH","",-1,1,-1,0,0,0,0,0,0.097344,1,"delegate_cpu_graph"
"OpenCL","COMPUTE","Kcur-9","ROPE","f32",-1,3,-1,128,16,1,1,8192,0.119427,1,"clFinish_profiled"
"CPU_Elastic","COMPUTE_GRAPH","ggml_cgraph","GRAPH","",-1,3,-1,0,0,0,0,0,0.097604,1,"delegate_cpu_graph"
"OpenCL","COMPUTE","cache_k_l9 (view)","SET_ROWS","f16",-1,0,-1,2048,512,1,1,2097152,0.116094,1,"clFinish_profiled"
"OpenCL","COMPUTE","cache_v_l9 (view)","SET_ROWS","f16",-1,2,-1,2048,512,1,1,2097152,0.115468,1,"clFinish_profiled"
"OpenCL","COMPUTE","__fattn__-9","FLASH_ATTN_EXT","f32",-1,9,-1,128,16,1,1,8192,0.331719,1,"clFinish_profiled"
"CPU_Elastic","COMPUTE_GRAPH","ggml_cgraph","GRAPH","",-1,2,-1,0,0,0,0,0,0.099792,1,"delegate_cpu_graph"
"OpenCL","COMPUTE","ffn_moe_logits-9","MUL_MAT","f32",-1,2,-1,64,1,1,1,256,0.129062,1,"clFinish_profiled"
"OpenCL","COMPUTE","ffn_moe_probs-9","SOFT_MAX","f32",-1,3,-1,64,1,1,1,256,0.116823,1,"clFinish_profiled"
"OpenCL","COMPUTE","ffn_moe_argsort-9","ARGSORT","i32",-1,5,-1,64,1,1,1,256,0.122916,1,"clFinish_profiled"
"OpenCL","COMPUTE","ffn_moe_weights-9","GET_ROWS","f32",-1,7,-1,1,8,1,1,32,0.104739,1,"clFinish_profiled"
"CPU_Elastic","COMPUTE_GRAPH","ggml_cgraph","GRAPH","",-1,21,-1,0,0,0,0,0,1.135833,1,"delegate_cpu_graph"
"CPU_Elastic","COMPUTE_GRAPH","ggml_cgraph","GRAPH","",-1,1,-1,0,0,0,0,0,0.096667,1,"delegate_cpu_graph"
"OpenCL","COMPUTE","Qcur-10","ROPE","f32",-1,3,-1,128,16,1,1,8192,0.121354,1,"clFinish_profiled"
"CPU_Elastic","COMPUTE_GRAPH","ggml_cgraph","GRAPH","",-1,1,-1,0,0,0,0,0,0.097396,1,"delegate_cpu_graph"
"OpenCL","COMPUTE","Kcur-10","ROPE","f32",-1,3,-1,128,16,1,1,8192,0.122656,1,"clFinish_profiled"
"OpenCL","COMPUTE","Vcur-10","MUL_MAT","f32",-1,4,-1,2048,1,1,1,8192,0.266615,1,"clFinish_profiled"
"OpenCL","COMPUTE","cache_k_l10 (view)","SET_ROWS","f16",-1,7,-1,2048,512,1,1,2097152,0.115833,1,"clFinish_profiled"
"OpenCL","COMPUTE","cache_v_l10 (view)","SET_ROWS","f16",-1,9,-1,2048,512,1,1,2097152,0.115938,1,"clFinish_profiled"
"OpenCL","COMPUTE","__fattn__-10","FLASH_ATTN_EXT","f32",-1,16,-1,128,16,1,1,8192,0.328386,1,"clFinish_profiled"
"CPU_Elastic","COMPUTE_GRAPH","ggml_cgraph","GRAPH","",-1,2,-1,0,0,0,0,0,0.098333,1,"delegate_cpu_graph"
"OpenCL","COMPUTE","ffn_moe_logits-10","MUL_MAT","f32",-1,2,-1,64,1,1,1,256,0.121354,1,"clFinish_profiled"
"OpenCL","COMPUTE","ffn_moe_probs-10","SOFT_MAX","f32",-1,3,-1,64,1,1,1,256,0.119844,1,"clFinish_profiled"
"OpenCL","COMPUTE","ffn_moe_argsort-10","ARGSORT","i32",-1,5,-1,64,1,1,1,256,0.125312,1,"clFinish_profiled"
"OpenCL","COMPUTE","ffn_moe_weights-10","GET_ROWS","f32",-1,7,-1,1,8,1,1,32,0.105260,1,"clFinish_profiled"
"CPU_Elastic","COMPUTE_GRAPH","ggml_cgraph","GRAPH","",-1,21,-1,0,0,0,0,0,1.332604,1,"delegate_cpu_graph"
"CPU_Elastic","COMPUTE_GRAPH","ggml_cgraph","GRAPH","",-1,1,-1,0,0,0,0,0,0.101719,1,"delegate_cpu_graph"
"OpenCL","COMPUTE","Qcur-11","ROPE","f32",-1,3,-1,128,16,1,1,8192,0.130625,1,"clFinish_profiled"
"CPU_Elastic","COMPUTE_GRAPH","ggml_cgraph","GRAPH","",-1,1,-1,0,0,0,0,0,0.101979,1,"delegate_cpu_graph"
"OpenCL","COMPUTE","Kcur-11","ROPE","f32",-1,3,-1,128,16,1,1,8192,0.121823,1,"clFinish_profiled"
"CPU_Elastic","COMPUTE_GRAPH","ggml_cgraph","GRAPH","",-1,3,-1,0,0,0,0,0,0.102968,1,"delegate_cpu_graph"
"OpenCL","COMPUTE","cache_k_l11 (view)","SET_ROWS","f16",-1,0,-1,2048,512,1,1,2097152,0.116875,1,"clFinish_profiled"
"OpenCL","COMPUTE","cache_v_l11 (view)","SET_ROWS","f16",-1,2,-1,2048,512,1,1,2097152,0.117239,1,"clFinish_profiled"
"OpenCL","COMPUTE","__fattn__-11","FLASH_ATTN_EXT","f32",-1,9,-1,128,16,1,1,8192,0.329739,1,"clFinish_profiled"
"CPU_Elastic","COMPUTE_GRAPH","ggml_cgraph","GRAPH","",-1,2,-1,0,0,0,0,0,0.103385,1,"delegate_cpu_graph"
"OpenCL","COMPUTE","ffn_moe_logits-11","MUL_MAT","f32",-1,2,-1,64,1,1,1,256,0.131302,1,"clFinish_profiled"
"OpenCL","COMPUTE","ffn_moe_probs-11","SOFT_MAX","f32",-1,3,-1,64,1,1,1,256,0.117812,1,"clFinish_profiled"
"OpenCL","COMPUTE","ffn_moe_argsort-11","ARGSORT","i32",-1,5,-1,64,1,1,1,256,0.116250,1,"clFinish_profiled"
"OpenCL","COMPUTE","ffn_moe_weights-11","GET_ROWS","f32",-1,7,-1,1,8,1,1,32,0.116093,1,"clFinish_profiled"
"CPU_Elastic","COMPUTE_GRAPH","ggml_cgraph","GRAPH","",-1,21,-1,0,0,0,0,0,1.166771,1,"delegate_cpu_graph"
"CPU_Elastic","COMPUTE_GRAPH","ggml_cgraph","GRAPH","",-1,1,-1,0,0,0,0,0,0.110938,1,"delegate_cpu_graph"
"OpenCL","COMPUTE","Qcur-12","ROPE","f32",-1,3,-1,128,16,1,1,8192,0.128750,1,"clFinish_profiled"
"CPU_Elastic","COMPUTE_GRAPH","ggml_cgraph","GRAPH","",-1,1,-1,0,0,0,0,0,0.101042,1,"delegate_cpu_graph"
"OpenCL","COMPUTE","Kcur-12","ROPE","f32",-1,3,-1,128,16,1,1,8192,0.124583,1,"clFinish_profiled"
"CPU_Elastic","COMPUTE_GRAPH","ggml_cgraph","GRAPH","",-1,3,-1,0,0,0,0,0,0.109584,1,"delegate_cpu_graph"
"OpenCL","COMPUTE","cache_k_l12 (view)","SET_ROWS","f16",-1,0,-1,2048,512,1,1,2097152,0.117552,1,"clFinish_profiled"
"OpenCL","COMPUTE","cache_v_l12 (view)","SET_ROWS","f16",-1,2,-1,2048,512,1,1,2097152,0.110208,1,"clFinish_profiled"
"OpenCL","COMPUTE","__fattn__-12","FLASH_ATTN_EXT","f32",-1,9,-1,128,16,1,1,8192,0.349427,1,"clFinish_profiled"
"CPU_Elastic","COMPUTE_GRAPH","ggml_cgraph","GRAPH","",-1,2,-1,0,0,0,0,0,0.103698,1,"delegate_cpu_graph"
"OpenCL","COMPUTE","ffn_moe_logits-12","MUL_MAT","f32",-1,2,-1,64,1,1,1,256,0.130833,1,"clFinish_profiled"
"OpenCL","COMPUTE","ffn_moe_probs-12","SOFT_MAX","f32",-1,3,-1,64,1,1,1,256,0.120000,1,"clFinish_profiled"
"OpenCL","COMPUTE","ffn_moe_argsort-12","ARGSORT","i32",-1,5,-1,64,1,1,1,256,0.124948,1,"clFinish_profiled"
"OpenCL","COMPUTE","ffn_moe_weights-12","GET_ROWS","f32",-1,7,-1,1,8,1,1,32,0.115625,1,"clFinish_profiled"
"CPU_Elastic","COMPUTE_GRAPH","ggml_cgraph","GRAPH","",-1,21,-1,0,0,0,0,0,1.166406,1,"delegate_cpu_graph"
"CPU_Elastic","COMPUTE_GRAPH","ggml_cgraph","GRAPH","",-1,1,-1,0,0,0,0,0,0.101771,1,"delegate_cpu_graph"
"OpenCL","COMPUTE","Qcur-13","ROPE","f32",-1,3,-1,128,16,1,1,8192,0.121980,1,"clFinish_profiled"
"CPU_Elastic","COMPUTE_GRAPH","ggml_cgraph","GRAPH","",-1,1,-1,0,0,0,0,0,0.100573,1,"delegate_cpu_graph"
"OpenCL","COMPUTE","Kcur-13","ROPE","f32",-1,3,-1,128,16,1,1,8192,0.124323,1,"clFinish_profiled"
"OpenCL","COMPUTE","Vcur-13","MUL_MAT","f32",-1,4,-1,2048,1,1,1,8192,0.271667,1,"clFinish_profiled"
"OpenCL","COMPUTE","cache_k_l13 (view)","SET_ROWS","f16",-1,7,-1,2048,512,1,1,2097152,0.110105,1,"clFinish_profiled"
"OpenCL","COMPUTE","cache_v_l13 (view)","SET_ROWS","f16",-1,9,-1,2048,512,1,1,2097152,0.116667,1,"clFinish_profiled"
"OpenCL","COMPUTE","__fattn__-13","FLASH_ATTN_EXT","f32",-1,16,-1,128,16,1,1,8192,0.320208,1,"clFinish_profiled"
"CPU_Elastic","COMPUTE_GRAPH","ggml_cgraph","GRAPH","",-1,2,-1,0,0,0,0,0,0.103645,1,"delegate_cpu_graph"
"OpenCL","COMPUTE","ffn_moe_logits-13","MUL_MAT","f32",-1,2,-1,64,1,1,1,256,0.123230,1,"clFinish_profiled"
"OpenCL","COMPUTE","ffn_moe_probs-13","SOFT_MAX","f32",-1,3,-1,64,1,1,1,256,0.120313,1,"clFinish_profiled"
"OpenCL","COMPUTE","ffn_moe_argsort-13","ARGSORT","i32",-1,5,-1,64,1,1,1,256,0.117344,1,"clFinish_profiled"
"OpenCL","COMPUTE","ffn_moe_weights-13","GET_ROWS","f32",-1,7,-1,1,8,1,1,32,0.106771,1,"clFinish_profiled"
"CPU_Elastic","COMPUTE_GRAPH","ggml_cgraph","GRAPH","",-1,21,-1,0,0,0,0,0,1.304896,1,"delegate_cpu_graph"
"CPU_Elastic","COMPUTE_GRAPH","ggml_cgraph","GRAPH","",-1,1,-1,0,0,0,0,0,0.101146,1,"delegate_cpu_graph"
"OpenCL","COMPUTE","Qcur-14","ROPE","f32",-1,3,-1,128,16,1,1,8192,0.129063,1,"clFinish_profiled"
"CPU_Elastic","COMPUTE_GRAPH","ggml_cgraph","GRAPH","",-1,1,-1,0,0,0,0,0,0.101875,1,"delegate_cpu_graph"
"OpenCL","COMPUTE","Kcur-14","ROPE","f32",-1,3,-1,128,16,1,1,8192,0.123542,1,"clFinish_profiled"
"OpenCL","COMPUTE","Vcur-14","MUL_MAT","f32",-1,4,-1,2048,1,1,1,8192,0.268229,1,"clFinish_profiled"
"OpenCL","COMPUTE","cache_k_l14 (view)","SET_ROWS","f16",-1,7,-1,2048,512,1,1,2097152,0.117083,1,"clFinish_profiled"
"OpenCL","COMPUTE","cache_v_l14 (view)","SET_ROWS","f16",-1,9,-1,2048,512,1,1,2097152,0.119687,1,"clFinish_profiled"
"OpenCL","COMPUTE","__fattn__-14","FLASH_ATTN_EXT","f32",-1,16,-1,128,16,1,1,8192,0.330313,1,"clFinish_profiled"
"CPU_Elastic","COMPUTE_GRAPH","ggml_cgraph","GRAPH","",-1,2,-1,0,0,0,0,0,0.103750,1,"delegate_cpu_graph"
"OpenCL","COMPUTE","ffn_moe_logits-14","MUL_MAT","f32",-1,2,-1,64,1,1,1,256,0.124844,1,"clFinish_profiled"
"OpenCL","COMPUTE","ffn_moe_probs-14","SOFT_MAX","f32",-1,3,-1,64,1,1,1,256,0.116458,1,"clFinish_profiled"
"OpenCL","COMPUTE","ffn_moe_argsort-14","ARGSORT","i32",-1,5,-1,64,1,1,1,256,0.123438,1,"clFinish_profiled"
"OpenCL","COMPUTE","ffn_moe_weights-14","GET_ROWS","f32",-1,7,-1,1,8,1,1,32,0.114323,1,"clFinish_profiled"
"CPU_Elastic","COMPUTE_GRAPH","ggml_cgraph","GRAPH","",-1,21,-1,0,0,0,0,0,1.304219,1,"delegate_cpu_graph"
"CPU_Elastic","COMPUTE_GRAPH","ggml_cgraph","GRAPH","",-1,1,-1,0,0,0,0,0,0.100677,1,"delegate_cpu_graph"
"OpenCL","COMPUTE","Qcur-15","ROPE","f32",-1,3,-1,128,16,1,1,8192,0.124583,1,"clFinish_profiled"
"CPU_Elastic","COMPUTE_GRAPH","ggml_cgraph","GRAPH","",-1,1,-1,0,0,0,0,0,0.100208,1,"delegate_cpu_graph"
"OpenCL","COMPUTE","Kcur-15","ROPE","f32",-1,3,-1,128,16,1,1,8192,0.152083,1,"clFinish_profiled"
"OpenCL","COMPUTE","Vcur-15","MUL_MAT","f32",-1,4,-1,2048,1,1,1,8192,0.273125,1,"clFinish_profiled"
"OpenCL","COMPUTE","cache_k_l15 (view)","SET_ROWS","f16",-1,7,-1,2048,512,1,1,2097152,0.114271,1,"clFinish_profiled"
"OpenCL","COMPUTE","cache_v_l15 (view)","SET_ROWS","f16",-1,9,-1,2048,512,1,1,2097152,0.109948,1,"clFinish_profiled"
"OpenCL","COMPUTE","__fattn__-15","FLASH_ATTN_EXT","f32",-1,16,-1,128,16,1,1,8192,0.320625,1,"clFinish_profiled"
"CPU_Elastic","COMPUTE_GRAPH","ggml_cgraph","GRAPH","",-1,4,-1,0,0,0,0,0,0.105365,1,"delegate_cpu_graph"
"OpenCL","COMPUTE","ffn_moe_logits-15","MUL_MAT","f32",-1,2,-1,64,1,1,1,256,0.148073,1,"clFinish_profiled"
"OpenCL","COMPUTE","ffn_moe_probs-15","SOFT_MAX","f32",-1,3,-1,64,1,1,1,256,0.114896,1,"clFinish_profiled"
"OpenCL","COMPUTE","ffn_moe_argsort-15","ARGSORT","i32",-1,5,-1,64,1,1,1,256,0.120573,1,"clFinish_profiled"
"OpenCL","COMPUTE","ffn_moe_weights-15","GET_ROWS","f32",-1,7,-1,1,8,1,1,32,0.108177,1,"clFinish_profiled"
"CPU_Elastic","COMPUTE_GRAPH","ggml_cgraph","GRAPH","",-1,22,-1,0,0,0,0,0,1.309219,1,"delegate_cpu_graph"
"OpenCL","COMPUTE","result_norm","MUL","f32",-1,0,-1,2048,1,1,1,8192,0.332864,1,"clFinish_profiled"
"OpenCL","COMPUTE","result_output","MUL_MAT","f32",-1,1,-1,50304,1,1,1,201216,3.834011,1,"clFinish_profiled"
"CPU_Elastic","COMPUTE_GRAPH","ggml_cgraph","GRAPH","",-1,1,-1,0,0,0,0,0,0.003333,1,"delegate_cpu_graph"
"CPU_Elastic","COMPUTE_GRAPH","ggml_cgraph","GRAPH","",-1,1,-1,0,0,0,0,0,0.102761,1,"delegate_cpu_graph"
"OpenCL","COMPUTE","Qcur-0","ROPE","f32",-1,3,-1,128,16,1,1,8192,0.128229,1,"clFinish_profiled"
"CPU_Elastic","COMPUTE_GRAPH","ggml_cgraph","GRAPH","",-1,1,-1,0,0,0,0,0,0.101979,1,"delegate_cpu_graph"
"OpenCL","COMPUTE","Kcur-0","ROPE","f32",-1,3,-1,128,16,1,1,8192,0.111562,1,"clFinish_profiled"
"OpenCL","COMPUTE","Vcur-0","MUL_MAT","f32",-1,4,-1,2048,1,1,1,8192,0.263958,1,"clFinish_profiled"
"OpenCL","COMPUTE","cache_k_l0 (view)","SET_ROWS","f16",-1,7,-1,2048,512,1,1,2097152,0.112968,1,"clFinish_profiled"
"OpenCL","COMPUTE","cache_v_l0 (view)","SET_ROWS","f16",-1,9,-1,2048,512,1,1,2097152,0.235834,1,"clFinish_profiled"
"OpenCL","COMPUTE"," (copy)","CPY","f16",-1,16,-1,256,64,1,1,32768,0.143021,1,"clFinish_profiled"
"OpenCL","COMPUTE","__fattn__-0","FLASH_ATTN_EXT","f32",-1,17,-1,128,16,1,1,8192,0.383021,1,"clFinish_profiled"
"CPU_Elastic","COMPUTE_GRAPH","ggml_cgraph","GRAPH","",-1,2,-1,0,0,0,0,0,0.109219,1,"delegate_cpu_graph"
"OpenCL","COMPUTE","ffn_moe_logits-0","MUL_MAT","f32",-1,2,-1,64,1,1,1,256,0.181823,1,"clFinish_profiled"
"OpenCL","COMPUTE","ffn_moe_probs-0","SOFT_MAX","f32",-1,3,-1,64,1,1,1,256,0.157865,1,"clFinish_profiled"
"OpenCL","COMPUTE","ffn_moe_argsort-0","ARGSORT","i32",-1,5,-1,64,1,1,1,256,0.180781,1,"clFinish_profiled"
"OpenCL","COMPUTE","ffn_moe_weights-0","GET_ROWS","f32",-1,7,-1,1,8,1,1,32,0.115989,1,"clFinish_profiled"
"CPU_Elastic","COMPUTE_GRAPH","ggml_cgraph","GRAPH","",-1,21,-1,0,0,0,0,0,1.304687,1,"delegate_cpu_graph"
"CPU_Elastic","COMPUTE_GRAPH","ggml_cgraph","GRAPH","",-1,1,-1,0,0,0,0,0,0.100937,1,"delegate_cpu_graph"
"OpenCL","COMPUTE","Qcur-1","ROPE","f32",-1,3,-1,128,16,1,1,8192,0.131563,1,"clFinish_profiled"
"CPU_Elastic","COMPUTE_GRAPH","ggml_cgraph","GRAPH","",-1,1,-1,0,0,0,0,0,0.101198,1,"delegate_cpu_graph"
"OpenCL","COMPUTE","Kcur-1","ROPE","f32",-1,3,-1,128,16,1,1,8192,0.127552,1,"clFinish_profiled"
"OpenCL","COMPUTE","Vcur-1","MUL_MAT","f32",-1,4,-1,2048,1,1,1,8192,0.278958,1,"clFinish_profiled"
"OpenCL","COMPUTE","cache_k_l1 (view)","SET_ROWS","f16",-1,7,-1,2048,512,1,1,2097152,0.122864,1,"clFinish_profiled"
"OpenCL","COMPUTE","cache_v_l1 (view)","SET_ROWS","f16",-1,9,-1,2048,512,1,1,2097152,0.122292,1,"clFinish_profiled"
"OpenCL","COMPUTE","__fattn__-1","FLASH_ATTN_EXT","f32",-1,16,-1,128,16,1,1,8192,0.339322,1,"clFinish_profiled"
"CPU_Elastic","COMPUTE_GRAPH","ggml_cgraph","GRAPH","",-1,2,-1,0,0,0,0,0,0.103333,1,"delegate_cpu_graph"
"OpenCL","COMPUTE","ffn_moe_logits-1","MUL_MAT","f32",-1,2,-1,64,1,1,1,256,0.151302,1,"clFinish_profiled"
"OpenCL","COMPUTE","ffn_moe_probs-1","SOFT_MAX","f32",-1,3,-1,64,1,1,1,256,0.190989,1,"clFinish_profiled"
"OpenCL","COMPUTE","ffn_moe_argsort-1","ARGSORT","i32",-1,5,-1,64,1,1,1,256,0.122083,1,"clFinish_profiled"
"OpenCL","COMPUTE","ffn_moe_weights-1","GET_ROWS","f32",-1,7,-1,1,8,1,1,32,0.119427,1,"clFinish_profiled"
"CPU_Elastic","COMPUTE_GRAPH","ggml_cgraph","GRAPH","",-1,21,-1,0,0,0,0,0,1.323907,1,"delegate_cpu_graph"
"CPU_Elastic","COMPUTE_GRAPH","ggml_cgraph","GRAPH","",-1,1,-1,0,0,0,0,0,0.100677,1,"delegate_cpu_graph"
"OpenCL","COMPUTE","Qcur-2","ROPE","f32",-1,3,-1,128,16,1,1,8192,0.147396,1,"clFinish_profiled"
"CPU_Elastic","COMPUTE_GRAPH","ggml_cgraph","GRAPH","",-1,1,-1,0,0,0,0,0,0.101145,1,"delegate_cpu_graph"
"OpenCL","COMPUTE","Kcur-2","ROPE","f32",-1,3,-1,128,16,1,1,8192,0.121822,1,"clFinish_profiled"
"CPU_Elastic","COMPUTE_GRAPH","ggml_cgraph","GRAPH","",-1,3,-1,0,0,0,0,0,0.101042,1,"delegate_cpu_graph"
"OpenCL","COMPUTE","cache_k_l2 (view)","SET_ROWS","f16",-1,0,-1,2048,512,1,1,2097152,0.125000,1,"clFinish_profiled"
"OpenCL","COMPUTE","cache_v_l2 (view)","SET_ROWS","f16",-1,2,-1,2048,512,1,1,2097152,0.125781,1,"clFinish_profiled"
"OpenCL","COMPUTE","__fattn__-2","FLASH_ATTN_EXT","f32",-1,9,-1,128,16,1,1,8192,0.342813,1,"clFinish_profiled"
"CPU_Elastic","COMPUTE_GRAPH","ggml_cgraph","GRAPH","",-1,2,-1,0,0,0,0,0,0.102136,1,"delegate_cpu_graph"
"OpenCL","COMPUTE","ffn_moe_logits-2","MUL_MAT","f32",-1,2,-1,64,1,1,1,256,0.129062,1,"clFinish_profiled"
"OpenCL","COMPUTE","ffn_moe_probs-2","SOFT_MAX","f32",-1,3,-1,64,1,1,1,256,0.137500,1,"clFinish_profiled"
"OpenCL","COMPUTE","ffn_moe_argsort-2","ARGSORT","i32",-1,5,-1,64,1,1,1,256,0.124063,1,"clFinish_profiled"
"OpenCL","COMPUTE","ffn_moe_weights-2","GET_ROWS","f32",-1,7,-1,1,8,1,1,32,0.134167,1,"clFinish_profiled"
"CPU_Elastic","COMPUTE_GRAPH","ggml_cgraph","GRAPH","",-1,21,-1,0,0,0,0,0,1.200052,1,"delegate_cpu_graph"
"CPU_Elastic","COMPUTE_GRAPH","ggml_cgraph","GRAPH","",-1,1,-1,0,0,0,0,0,0.102083,1,"delegate_cpu_graph"
"OpenCL","COMPUTE","Qcur-3","ROPE","f32",-1,3,-1,128,16,1,1,8192,0.126146,1,"clFinish_profiled"
"CPU_Elastic","COMPUTE_GRAPH","ggml_cgraph","GRAPH","",-1,1,-1,0,0,0,0,0,0.100885,1,"delegate_cpu_graph"
"OpenCL","COMPUTE","Kcur-3","ROPE","f32",-1,3,-1,128,16,1,1,8192,0.129896,1,"clFinish_profiled"
"CPU_Elastic","COMPUTE_GRAPH","ggml_cgraph","GRAPH","",-1,3,-1,0,0,0,0,0,0.101614,1,"delegate_cpu_graph"
"OpenCL","COMPUTE","cache_k_l3 (view)","SET_ROWS","f16",-1,0,-1,2048,512,1,1,2097152,0.112395,1,"clFinish_profiled"
"OpenCL","COMPUTE","cache_v_l3 (view)","SET_ROWS","f16",-1,2,-1,2048,512,1,1,2097152,0.112500,1,"clFinish_profiled"
"OpenCL","COMPUTE","__fattn__-3","FLASH_ATTN_EXT","f32",-1,9,-1,128,16,1,1,8192,0.328906,1,"clFinish_profiled"
"CPU_Elastic","COMPUTE_GRAPH","ggml_cgraph","GRAPH","",-1,2,-1,0,0,0,0,0,0.103177,1,"delegate_cpu_graph"
"OpenCL","COMPUTE","ffn_moe_logits-3","MUL_MAT","f32",-1,2,-1,64,1,1,1,256,0.137708,1,"clFinish_profiled"
"OpenCL","COMPUTE","ffn_moe_probs-3","SOFT_MAX","f32",-1,3,-1,64,1,1,1,256,0.115520,1,"clFinish_profiled"
"OpenCL","COMPUTE","ffn_moe_argsort-3","ARGSORT","i32",-1,5,-1,64,1,1,1,256,0.130469,1,"clFinish_profiled"
"OpenCL","COMPUTE","ffn_moe_weights-3","GET_ROWS","f32",-1,7,-1,1,8,1,1,32,0.119895,1,"clFinish_profiled"
"CPU_Elastic","COMPUTE_GRAPH","ggml_cgraph","GRAPH","",-1,21,-1,0,0,0,0,0,1.182604,1,"delegate_cpu_graph"
"CPU_Elastic","COMPUTE_GRAPH","ggml_cgraph","GRAPH","",-1,1,-1,0,0,0,0,0,0.100677,1,"delegate_cpu_graph"
"OpenCL","COMPUTE","Qcur-4","ROPE","f32",-1,3,-1,128,16,1,1,8192,0.126771,1,"clFinish_profiled"
"CPU_Elastic","COMPUTE_GRAPH","ggml_cgraph","GRAPH","",-1,1,-1,0,0,0,0,0,0.101667,1,"delegate_cpu_graph"
"OpenCL","COMPUTE","Kcur-4","ROPE","f32",-1,3,-1,128,16,1,1,8192,0.119739,1,"clFinish_profiled"
"OpenCL","COMPUTE","Vcur-4","MUL_MAT","f32",-1,4,-1,2048,1,1,1,8192,0.261615,1,"clFinish_profiled"
"OpenCL","COMPUTE","cache_k_l4 (view)","SET_ROWS","f16",-1,7,-1,2048,512,1,1,2097152,0.123490,1,"clFinish_profiled"
"OpenCL","COMPUTE","cache_v_l4 (view)","SET_ROWS","f16",-1,9,-1,2048,512,1,1,2097152,0.112656,1,"clFinish_profiled"
"OpenCL","COMPUTE","__fattn__-4","FLASH_ATTN_EXT","f32",-1,16,-1,128,16,1,1,8192,0.356718,1,"clFinish_profiled"
"CPU_Elastic","COMPUTE_GRAPH","ggml_cgraph","GRAPH","",-1,2,-1,0,0,0,0,0,0.103437,1,"delegate_cpu_graph"
"OpenCL","COMPUTE","ffn_moe_logits-4","MUL_MAT","f32",-1,2,-1,64,1,1,1,256,0.128958,1,"clFinish_profiled"
"OpenCL","COMPUTE","ffn_moe_probs-4","SOFT_MAX","f32",-1,3,-1,64,1,1,1,256,0.117396,1,"clFinish_profiled"
"OpenCL","COMPUTE","ffn_moe_argsort-4","ARGSORT","i32",-1,5,-1,64,1,1,1,256,0.121667,1,"clFinish_profiled"
"OpenCL","COMPUTE","ffn_moe_weights-4","GET_ROWS","f32",-1,7,-1,1,8,1,1,32,0.121302,1,"clFinish_profiled"
"CPU_Elastic","COMPUTE_GRAPH","ggml_cgraph","GRAPH","",-1,21,-1,0,0,0,0,0,1.311250,1,"delegate_cpu_graph"
"CPU_Elastic","COMPUTE_GRAPH","ggml_cgraph","GRAPH","",-1,1,-1,0,0,0,0,0,0.101354,1,"delegate_cpu_graph"
"OpenCL","COMPUTE","Qcur-5","ROPE","f32",-1,3,-1,128,16,1,1,8192,0.137396,1,"clFinish_profiled"
"CPU_Elastic","COMPUTE_GRAPH","ggml_cgraph","GRAPH","",-1,1,-1,0,0,0,0,0,0.101250,1,"delegate_cpu_graph"
"OpenCL","COMPUTE","Kcur-5","ROPE","f32",-1,3,-1,128,16,1,1,8192,0.130052,1,"clFinish_profiled"
"CPU_Elastic","COMPUTE_GRAPH","ggml_cgraph","GRAPH","",-1,3,-1,0,0,0,0,0,0.101875,1,"delegate_cpu_graph"
"OpenCL","COMPUTE","cache_k_l5 (view)","SET_ROWS","f16",-1,0,-1,2048,512,1,1,2097152,0.112760,1,"clFinish_profiled"
"OpenCL","COMPUTE","cache_v_l5 (view)","SET_ROWS","f16",-1,2,-1,2048,512,1,1,2097152,0.115000,1,"clFinish_profiled"
"OpenCL","COMPUTE","__fattn__-5","FLASH_ATTN_EXT","f32",-1,9,-1,128,16,1,1,8192,0.335312,1,"clFinish_profiled"
"CPU_Elastic","COMPUTE_GRAPH","ggml_cgraph","GRAPH","",-1,2,-1,0,0,0,0,0,0.103125,1,"delegate_cpu_graph"
"OpenCL","COMPUTE","ffn_moe_logits-5","MUL_MAT","f32",-1,2,-1,64,1,1,1,256,0.126041,1,"clFinish_profiled"
"OpenCL","COMPUTE","ffn_moe_probs-5","SOFT_MAX","f32",-1,3,-1,64,1,1,1,256,0.124635,1,"clFinish_profiled"
"OpenCL","COMPUTE","ffn_moe_argsort-5","ARGSORT","i32",-1,5,-1,64,1,1,1,256,0.129010,1,"clFinish_profiled"
"OpenCL","COMPUTE","ffn_moe_weights-5","GET_ROWS","f32",-1,7,-1,1,8,1,1,32,0.120729,1,"clFinish_profiled"
"CPU_Elastic","COMPUTE_GRAPH","ggml_cgraph","GRAPH","",-1,21,-1,0,0,0,0,0,1.172916,1,"delegate_cpu_graph"
"CPU_Elastic","COMPUTE_GRAPH","ggml_cgraph","GRAPH","",-1,1,-1,0,0,0,0,0,0.101979,1,"delegate_cpu_graph"
"OpenCL","COMPUTE","Qcur-6","ROPE","f32",-1,3,-1,128,16,1,1,8192,0.184583,1,"clFinish_profiled"
"CPU_Elastic","COMPUTE_GRAPH","ggml_cgraph","GRAPH","",-1,1,-1,0,0,0,0,0,0.100208,1,"delegate_cpu_graph"
"OpenCL","COMPUTE","Kcur-6","ROPE","f32",-1,3,-1,128,16,1,1,8192,0.120834,1,"clFinish_profiled"
"CPU_Elastic","COMPUTE_GRAPH","ggml_cgraph","GRAPH","",-1,3,-1,0,0,0,0,0,0.102135,1,"delegate_cpu_graph"
"OpenCL","COMPUTE","cache_k_l6 (view)","SET_ROWS","f16",-1,0,-1,2048,512,1,1,2097152,0.122552,1,"clFinish_profiled"
"OpenCL","COMPUTE","cache_v_l6 (view)","SET_ROWS","f16",-1,2,-1,2048,512,1,1,2097152,0.113385,1,"clFinish_profiled"
"OpenCL","COMPUTE","__fattn__-6","FLASH_ATTN_EXT","f32",-1,9,-1,128,16,1,1,8192,0.374375,1,"clFinish_profiled"
"CPU_Elastic","COMPUTE_GRAPH","ggml_cgraph","GRAPH","",-1,2,-1,0,0,0,0,0,0.104115,1,"delegate_cpu_graph"
"OpenCL","COMPUTE","ffn_moe_logits-6","MUL_MAT","f32",-1,2,-1,64,1,1,1,256,0.126562,1,"clFinish_profiled"
"OpenCL","COMPUTE","ffn_moe_probs-6","SOFT_MAX","f32",-1,3,-1,64,1,1,1,256,0.113958,1,"clFinish_profiled"
"OpenCL","COMPUTE","ffn_moe_argsort-6","ARGSORT","i32",-1,5,-1,64,1,1,1,256,0.119896,1,"clFinish_profiled"
"OpenCL","COMPUTE","ffn_moe_weights-6","GET_ROWS","f32",-1,7,-1,1,8,1,1,32,0.120156,1,"clFinish_profiled"
"CPU_Elastic","COMPUTE_GRAPH","ggml_cgraph","GRAPH","",-1,21,-1,0,0,0,0,0,1.189010,1,"delegate_cpu_graph"
"CPU_Elastic","COMPUTE_GRAPH","ggml_cgraph","GRAPH","",-1,1,-1,0,0,0,0,0,0.101823,1,"delegate_cpu_graph"
"OpenCL","COMPUTE","Qcur-7","ROPE","f32",-1,3,-1,128,16,1,1,8192,0.134635,1,"clFinish_profiled"
"CPU_Elastic","COMPUTE_GRAPH","ggml_cgraph","GRAPH","",-1,1,-1,0,0,0,0,0,0.111458,1,"delegate_cpu_graph"
"OpenCL","COMPUTE","Kcur-7","ROPE","f32",-1,3,-1,128,16,1,1,8192,0.129739,1,"clFinish_profiled"
"OpenCL","COMPUTE","Vcur-7","MUL_MAT","f32",-1,4,-1,2048,1,1,1,8192,0.265157,1,"clFinish_profiled"
"OpenCL","COMPUTE","cache_k_l7 (view)","SET_ROWS","f16",-1,7,-1,2048,512,1,1,2097152,0.120573,1,"clFinish_profiled"
"OpenCL","COMPUTE","cache_v_l7 (view)","SET_ROWS","f16",-1,9,-1,2048,512,1,1,2097152,0.112760,1,"clFinish_profiled"
"OpenCL","COMPUTE","__fattn__-7","FLASH_ATTN_EXT","f32",-1,16,-1,128,16,1,1,8192,0.350937,1,"clFinish_profiled"
"CPU_Elastic","COMPUTE_GRAPH","ggml_cgraph","GRAPH","",-1,2,-1,0,0,0,0,0,0.103072,1,"delegate_cpu_graph"
"OpenCL","COMPUTE","ffn_moe_logits-7","MUL_MAT","f32",-1,2,-1,64,1,1,1,256,0.126667,1,"clFinish_profiled"
"OpenCL","COMPUTE","ffn_moe_probs-7","SOFT_MAX","f32",-1,3,-1,64,1,1,1,256,0.123020,1,"clFinish_profiled"
"OpenCL","COMPUTE","ffn_moe_argsort-7","ARGSORT","i32",-1,5,-1,64,1,1,1,256,0.129375,1,"clFinish_profiled"
"OpenCL","COMPUTE","ffn_moe_weights-7","GET_ROWS","f32",-1,7,-1,1,8,1,1,32,0.108594,1,"clFinish_profiled"
"CPU_Elastic","COMPUTE_GRAPH","ggml_cgraph","GRAPH","",-1,21,-1,0,0,0,0,0,1.290417,1,"delegate_cpu_graph"
"CPU_Elastic","COMPUTE_GRAPH","ggml_cgraph","GRAPH","",-1,1,-1,0,0,0,0,0,0.101667,1,"delegate_cpu_graph"
"OpenCL","COMPUTE","Qcur-8","ROPE","f32",-1,3,-1,128,16,1,1,8192,0.123959,1,"clFinish_profiled"
"CPU_Elastic","COMPUTE_GRAPH","ggml_cgraph","GRAPH","",-1,1,-1,0,0,0,0,0,0.102031,1,"delegate_cpu_graph"
"OpenCL","COMPUTE","Kcur-8","ROPE","f32",-1,3,-1,128,16,1,1,8192,0.128125,1,"clFinish_profiled"
"CPU_Elastic","COMPUTE_GRAPH","ggml_cgraph","GRAPH","",-1,3,-1,0,0,0,0,0,0.101927,1,"delegate_cpu_graph"
"OpenCL","COMPUTE","cache_k_l8 (view)","SET_ROWS","f16",-1,0,-1,2048,512,1,1,2097152,0.178958,1,"clFinish_profiled"
"OpenCL","COMPUTE","cache_v_l8 (view)","SET_ROWS","f16",-1,2,-1,2048,512,1,1,2097152,0.135313,1,"clFinish_profiled"
"OpenCL","COMPUTE","__fattn__-8","FLASH_ATTN_EXT","f32",-1,9,-1,128,16,1,1,8192,0.334062,1,"clFinish_profiled"
"CPU_Elastic","COMPUTE_GRAPH","ggml_cgraph","GRAPH","",-1,2,-1,0,0,0,0,0,0.087500,1,"delegate_cpu_graph"
"OpenCL","COMPUTE","ffn_moe_logits-8","MUL_MAT","f32",-1,2,-1,64,1,1,1,256,0.134271,1,"clFinish_profiled"
"OpenCL","COMPUTE","ffn_moe_probs-8","SOFT_MAX","f32",-1,3,-1,64,1,1,1,256,0.123489,1,"clFinish_profiled"
"OpenCL","COMPUTE","ffn_moe_argsort-8","ARGSORT","i32",-1,5,-1,64,1,1,1,256,0.129844,1,"clFinish_profiled"
"OpenCL","COMPUTE","ffn_moe_weights-8","GET_ROWS","f32",-1,7,-1,1,8,1,1,32,0.119114,1,"clFinish_profiled"
"CPU_Elastic","COMPUTE_GRAPH","ggml_cgraph","GRAPH","",-1,21,-1,0,0,0,0,0,1.006510,1,"delegate_cpu_graph"
"CPU_Elastic","COMPUTE_GRAPH","ggml_cgraph","GRAPH","",-1,1,-1,0,0,0,0,0,0.080157,1,"delegate_cpu_graph"
"OpenCL","COMPUTE","Qcur-9","ROPE","f32",-1,3,-1,128,16,1,1,8192,0.134688,1,"clFinish_profiled"
"CPU_Elastic","COMPUTE_GRAPH","ggml_cgraph","GRAPH","",-1,1,-1,0,0,0,0,0,0.079375,1,"delegate_cpu_graph"
"OpenCL","COMPUTE","Kcur-9","ROPE","f32",-1,3,-1,128,16,1,1,8192,0.148178,1,"clFinish_profiled"
"CPU_Elastic","COMPUTE_GRAPH","ggml_cgraph","GRAPH","",-1,3,-1,0,0,0,0,0,0.081718,1,"delegate_cpu_graph"
"OpenCL","COMPUTE","cache_k_l9 (view)","SET_ROWS","f16",-1,0,-1,2048,512,1,1,2097152,0.129062,1,"clFinish_profiled"
"OpenCL","COMPUTE","cache_v_l9 (view)","SET_ROWS","f16",-1,2,-1,2048,512,1,1,2097152,0.120261,1,"clFinish_profiled"
"OpenCL","COMPUTE","__fattn__-9","FLASH_ATTN_EXT","f32",-1,9,-1,128,16,1,1,8192,0.331979,1,"clFinish_profiled"
"CPU_Elastic","COMPUTE_GRAPH","ggml_cgraph","GRAPH","",-1,2,-1,0,0,0,0,0,0.084167,1,"delegate_cpu_graph"
"OpenCL","COMPUTE","ffn_moe_logits-9","MUL_MAT","f32",-1,2,-1,64,1,1,1,256,0.148230,1,"clFinish_profiled"
"OpenCL","COMPUTE","ffn_moe_probs-9","SOFT_MAX","f32",-1,3,-1,64,1,1,1,256,0.132500,1,"clFinish_profiled"
"OpenCL","COMPUTE","ffn_moe_argsort-9","ARGSORT","i32",-1,5,-1,64,1,1,1,256,0.125520,1,"clFinish_profiled"
"OpenCL","COMPUTE","ffn_moe_weights-9","GET_ROWS","f32",-1,7,-1,1,8,1,1,32,0.108594,1,"clFinish_profiled"
"CPU_Elastic","COMPUTE_GRAPH","ggml_cgraph","GRAPH","",-1,21,-1,0,0,0,0,0,1.006146,1,"delegate_cpu_graph"
"CPU_Elastic","COMPUTE_GRAPH","ggml_cgraph","GRAPH","",-1,1,-1,0,0,0,0,0,0.080781,1,"delegate_cpu_graph"
"OpenCL","COMPUTE","Qcur-10","ROPE","f32",-1,3,-1,128,16,1,1,8192,0.132865,1,"clFinish_profiled"
"CPU_Elastic","COMPUTE_GRAPH","ggml_cgraph","GRAPH","",-1,1,-1,0,0,0,0,0,0.080208,1,"delegate_cpu_graph"
"OpenCL","COMPUTE","Kcur-10","ROPE","f32",-1,3,-1,128,16,1,1,8192,0.126511,1,"clFinish_profiled"
"OpenCL","COMPUTE","Vcur-10","MUL_MAT","f32",-1,4,-1,2048,1,1,1,8192,0.270521,1,"clFinish_profiled"
"OpenCL","COMPUTE","cache_k_l10 (view)","SET_ROWS","f16",-1,7,-1,2048,512,1,1,2097152,0.119010,1,"clFinish_profiled"
"OpenCL","COMPUTE","cache_v_l10 (view)","SET_ROWS","f16",-1,9,-1,2048,512,1,1,2097152,0.121198,1,"clFinish_profiled"
"OpenCL","COMPUTE","__fattn__-10","FLASH_ATTN_EXT","f32",-1,16,-1,128,16,1,1,8192,0.331875,1,"clFinish_profiled"
"CPU_Elastic","COMPUTE_GRAPH","ggml_cgraph","GRAPH","",-1,2,-1,0,0,0,0,0,0.081875,1,"delegate_cpu_graph"
"OpenCL","COMPUTE","ffn_moe_logits-10","MUL_MAT","f32",-1,2,-1,64,1,1,1,256,0.136823,1,"clFinish_profiled"
"OpenCL","COMPUTE","ffn_moe_probs-10","SOFT_MAX","f32",-1,3,-1,64,1,1,1,256,0.124218,1,"clFinish_profiled"
"OpenCL","COMPUTE","ffn_moe_argsort-10","ARGSORT","i32",-1,5,-1,64,1,1,1,256,0.128958,1,"clFinish_profiled"
"OpenCL","COMPUTE","ffn_moe_weights-10","GET_ROWS","f32",-1,7,-1,1,8,1,1,32,0.118177,1,"clFinish_profiled"
"CPU_Elastic","COMPUTE_GRAPH","ggml_cgraph","GRAPH","",-1,21,-1,0,0,0,0,0,1.165573,1,"delegate_cpu_graph"
"CPU_Elastic","COMPUTE_GRAPH","ggml_cgraph","GRAPH","",-1,1,-1,0,0,0,0,0,0.080573,1,"delegate_cpu_graph"
"OpenCL","COMPUTE","Qcur-11","ROPE","f32",-1,3,-1,128,16,1,1,8192,0.132917,1,"clFinish_profiled"
"CPU_Elastic","COMPUTE_GRAPH","ggml_cgraph","GRAPH","",-1,1,-1,0,0,0,0,0,0.079844,1,"delegate_cpu_graph"
"OpenCL","COMPUTE","Kcur-11","ROPE","f32",-1,3,-1,128,16,1,1,8192,0.125521,1,"clFinish_profiled"
"CPU_Elastic","COMPUTE_GRAPH","ggml_cgraph","GRAPH","",-1,3,-1,0,0,0,0,0,0.081354,1,"delegate_cpu_graph"
"OpenCL","COMPUTE","cache_k_l11 (view)","SET_ROWS","f16",-1,0,-1,2048,512,1,1,2097152,0.120313,1,"clFinish_profiled"
"OpenCL","COMPUTE","cache_v_l11 (view)","SET_ROWS","f16",-1,2,-1,2048,512,1,1,2097152,0.122396,1,"clFinish_profiled"
"OpenCL","COMPUTE","__fattn__-11","FLASH_ATTN_EXT","f32",-1,9,-1,128,16,1,1,8192,0.331458,1,"clFinish_profiled"
"CPU_Elastic","COMPUTE_GRAPH","ggml_cgraph","GRAPH","",-1,2,-1,0,0,0,0,0,0.082448,1,"delegate_cpu_graph"
"OpenCL","COMPUTE","ffn_moe_logits-11","MUL_MAT","f32",-1,2,-1,64,1,1,1,256,0.135781,1,"clFinish_profiled"
"OpenCL","COMPUTE","ffn_moe_probs-11","SOFT_MAX","f32",-1,3,-1,64,1,1,1,256,0.122031,1,"clFinish_profiled"
"OpenCL","COMPUTE","ffn_moe_argsort-11","ARGSORT","i32",-1,5,-1,64,1,1,1,256,0.127865,1,"clFinish_profiled"
"OpenCL","COMPUTE","ffn_moe_weights-11","GET_ROWS","f32",-1,7,-1,1,8,1,1,32,0.119635,1,"clFinish_profiled"
"CPU_Elastic","COMPUTE_GRAPH","ggml_cgraph","GRAPH","",-1,21,-1,0,0,0,0,0,1.022760,1,"delegate_cpu_graph"
"CPU_Elastic","COMPUTE_GRAPH","ggml_cgraph","GRAPH","",-1,1,-1,0,0,0,0,0,0.080312,1,"delegate_cpu_graph"
"OpenCL","COMPUTE","Qcur-12","ROPE","f32",-1,3,-1,128,16,1,1,8192,0.135886,1,"clFinish_profiled"
"CPU_Elastic","COMPUTE_GRAPH","ggml_cgraph","GRAPH","",-1,1,-1,0,0,0,0,0,0.080052,1,"delegate_cpu_graph"
"OpenCL","COMPUTE","Kcur-12","ROPE","f32",-1,3,-1,128,16,1,1,8192,0.116614,1,"clFinish_profiled"
"CPU_Elastic","COMPUTE_GRAPH","ggml_cgraph","GRAPH","",-1,3,-1,0,0,0,0,0,0.080938,1,"delegate_cpu_graph"
"OpenCL","COMPUTE","cache_k_l12 (view)","SET_ROWS","f16",-1,0,-1,2048,512,1,1,2097152,0.120886,1,"clFinish_profiled"
"OpenCL","COMPUTE","cache_v_l12 (view)","SET_ROWS","f16",-1,2,-1,2048,512,1,1,2097152,0.120677,1,"clFinish_profiled"
"OpenCL","COMPUTE","__fattn__-12","FLASH_ATTN_EXT","f32",-1,9,-1,128,16,1,1,8192,0.330833,1,"clFinish_profiled"
"CPU_Elastic","COMPUTE_GRAPH","ggml_cgraph","GRAPH","",-1,2,-1,0,0,0,0,0,0.083125,1,"delegate_cpu_graph"
"OpenCL","COMPUTE","ffn_moe_logits-12","MUL_MAT","f32",-1,2,-1,64,1,1,1,256,0.133073,1,"clFinish_profiled"
"OpenCL","COMPUTE","ffn_moe_probs-12","SOFT_MAX","f32",-1,3,-1,64,1,1,1,256,0.123073,1,"clFinish_profiled"
"OpenCL","COMPUTE","ffn_moe_argsort-12","ARGSORT","i32",-1,5,-1,64,1,1,1,256,0.117604,1,"clFinish_profiled"
"OpenCL","COMPUTE","ffn_moe_weights-12","GET_ROWS","f32",-1,7,-1,1,8,1,1,32,0.112240,1,"clFinish_profiled"
"CPU_Elastic","COMPUTE_GRAPH","ggml_cgraph","GRAPH","",-1,21,-1,0,0,0,0,0,1.023594,1,"delegate_cpu_graph"
"CPU_Elastic","COMPUTE_GRAPH","ggml_cgraph","GRAPH","",-1,1,-1,0,0,0,0,0,0.079583,1,"delegate_cpu_graph"
"OpenCL","COMPUTE","Qcur-13","ROPE","f32",-1,3,-1,128,16,1,1,8192,0.134948,1,"clFinish_profiled"
"CPU_Elastic","COMPUTE_GRAPH","ggml_cgraph","GRAPH","",-1,1,-1,0,0,0,0,0,0.080417,1,"delegate_cpu_graph"
"OpenCL","COMPUTE","Kcur-13","ROPE","f32",-1,3,-1,128,16,1,1,8192,0.127864,1,"clFinish_profiled"
"OpenCL","COMPUTE","Vcur-13","MUL_MAT","f32",-1,4,-1,2048,1,1,1,8192,0.281198,1,"clFinish_profiled"
"OpenCL","COMPUTE","cache_k_l13 (view)","SET_ROWS","f16",-1,7,-1,2048,512,1,1,2097152,0.121250,1,"clFinish_profiled"
"OpenCL","COMPUTE","cache_v_l13 (view)","SET_ROWS","f16",-1,9,-1,2048,512,1,1,2097152,0.122083,1,"clFinish_profiled"
"OpenCL","COMPUTE","__fattn__-13","FLASH_ATTN_EXT","f32",-1,16,-1,128,16,1,1,8192,0.333281,1,"clFinish_profiled"
"CPU_Elastic","COMPUTE_GRAPH","ggml_cgraph","GRAPH","",-1,2,-1,0,0,0,0,0,0.082969,1,"delegate_cpu_graph"
"OpenCL","COMPUTE","ffn_moe_logits-13","MUL_MAT","f32",-1,2,-1,64,1,1,1,256,0.135886,1,"clFinish_profiled"
"OpenCL","COMPUTE","ffn_moe_probs-13","SOFT_MAX","f32",-1,3,-1,64,1,1,1,256,0.122083,1,"clFinish_profiled"
"OpenCL","COMPUTE","ffn_moe_argsort-13","ARGSORT","i32",-1,5,-1,64,1,1,1,256,0.127395,1,"clFinish_profiled"
"OpenCL","COMPUTE","ffn_moe_weights-13","GET_ROWS","f32",-1,7,-1,1,8,1,1,32,0.116511,1,"clFinish_profiled"
"CPU_Elastic","COMPUTE_GRAPH","ggml_cgraph","GRAPH","",-1,21,-1,0,0,0,0,0,1.219792,1,"delegate_cpu_graph"
"CPU_Elastic","COMPUTE_GRAPH","ggml_cgraph","GRAPH","",-1,1,-1,0,0,0,0,0,0.082344,1,"delegate_cpu_graph"
"OpenCL","COMPUTE","Qcur-14","ROPE","f32",-1,3,-1,128,16,1,1,8192,0.145260,1,"clFinish_profiled"
"CPU_Elastic","COMPUTE_GRAPH","ggml_cgraph","GRAPH","",-1,1,-1,0,0,0,0,0,0.080468,1,"delegate_cpu_graph"
"OpenCL","COMPUTE","Kcur-14","ROPE","f32",-1,3,-1,128,16,1,1,8192,0.127708,1,"clFinish_profiled"
"OpenCL","COMPUTE","Vcur-14","MUL_MAT","f32",-1,4,-1,2048,1,1,1,8192,0.287031,1,"clFinish_profiled"
"OpenCL","COMPUTE","cache_k_l14 (view)","SET_ROWS","f16",-1,7,-1,2048,512,1,1,2097152,0.129948,1,"clFinish_profiled"
"OpenCL","COMPUTE","cache_v_l14 (view)","SET_ROWS","f16",-1,9,-1,2048,512,1,1,2097152,0.122917,1,"clFinish_profiled"
"OpenCL","COMPUTE","__fattn__-14","FLASH_ATTN_EXT","f32",-1,16,-1,128,16,1,1,8192,0.336615,1,"clFinish_profiled"
"CPU_Elastic","COMPUTE_GRAPH","ggml_cgraph","GRAPH","",-1,2,-1,0,0,0,0,0,0.083334,1,"delegate_cpu_graph"
"OpenCL","COMPUTE","ffn_moe_logits-14","MUL_MAT","f32",-1,2,-1,64,1,1,1,256,0.135469,1,"clFinish_profiled"
"OpenCL","COMPUTE","ffn_moe_probs-14","SOFT_MAX","f32",-1,3,-1,64,1,1,1,256,0.125209,1,"clFinish_profiled"
"OpenCL","COMPUTE","ffn_moe_argsort-14","ARGSORT","i32",-1,5,-1,64,1,1,1,256,0.127864,1,"clFinish_profiled"
"OpenCL","COMPUTE","ffn_moe_weights-14","GET_ROWS","f32",-1,7,-1,1,8,1,1,32,0.117448,1,"clFinish_profiled"
"CPU_Elastic","COMPUTE_GRAPH","ggml_cgraph","GRAPH","",-1,21,-1,0,0,0,0,0,1.109635,1,"delegate_cpu_graph"
"CPU_Elastic","COMPUTE_GRAPH","ggml_cgraph","GRAPH","",-1,1,-1,0,0,0,0,0,0.080000,1,"delegate_cpu_graph"
"OpenCL","COMPUTE","Qcur-15","ROPE","f32",-1,3,-1,128,16,1,1,8192,0.136354,1,"clFinish_profiled"
"CPU_Elastic","COMPUTE_GRAPH","ggml_cgraph","GRAPH","",-1,1,-1,0,0,0,0,0,0.079271,1,"delegate_cpu_graph"
"OpenCL","COMPUTE","Kcur-15","ROPE","f32",-1,3,-1,128,16,1,1,8192,0.125573,1,"clFinish_profiled"
"OpenCL","COMPUTE","Vcur-15","MUL_MAT","f32",-1,4,-1,2048,1,1,1,8192,0.273750,1,"clFinish_profiled"
"OpenCL","COMPUTE","cache_k_l15 (view)","SET_ROWS","f16",-1,7,-1,2048,512,1,1,2097152,0.120989,1,"clFinish_profiled"
"OpenCL","COMPUTE","cache_v_l15 (view)","SET_ROWS","f16",-1,9,-1,2048,512,1,1,2097152,0.122032,1,"clFinish_profiled"
"OpenCL","COMPUTE","__fattn__-15","FLASH_ATTN_EXT","f32",-1,16,-1,128,16,1,1,8192,0.332083,1,"clFinish_profiled"
"CPU_Elastic","COMPUTE_GRAPH","ggml_cgraph","GRAPH","",-1,4,-1,0,0,0,0,0,0.085052,1,"delegate_cpu_graph"
"OpenCL","COMPUTE","ffn_moe_logits-15","MUL_MAT","f32",-1,2,-1,64,1,1,1,256,0.135000,1,"clFinish_profiled"
"OpenCL","COMPUTE","ffn_moe_probs-15","SOFT_MAX","f32",-1,3,-1,64,1,1,1,256,0.124688,1,"clFinish_profiled"
"OpenCL","COMPUTE","ffn_moe_argsort-15","ARGSORT","i32",-1,5,-1,64,1,1,1,256,0.118698,1,"clFinish_profiled"
"OpenCL","COMPUTE","ffn_moe_weights-15","GET_ROWS","f32",-1,7,-1,1,8,1,1,32,0.118698,1,"clFinish_profiled"
"CPU_Elastic","COMPUTE_GRAPH","ggml_cgraph","GRAPH","",-1,22,-1,0,0,0,0,0,1.122813,1,"delegate_cpu_graph"
"OpenCL","COMPUTE","result_norm","MUL","f32",-1,0,-1,2048,1,1,1,8192,0.342083,1,"clFinish_profiled"
"OpenCL","COMPUTE","result_output","MUL_MAT","f32",-1,1,-1,50304,1,1,1,201216,3.841094,1,"clFinish_profiled"
"CPU_Elastic","COMPUTE_GRAPH","ggml_cgraph","GRAPH","",-1,1,-1,0,0,0,0,0,0.003907,1,"delegate_cpu_graph"
"CPU_Elastic","COMPUTE_GRAPH","ggml_cgraph","GRAPH","",-1,1,-1,0,0,0,0,0,0.080521,1,"delegate_cpu_graph"
"OpenCL","COMPUTE","Qcur-0","ROPE","f32",-1,3,-1,128,16,1,1,8192,0.127708,1,"clFinish_profiled"
"CPU_Elastic","COMPUTE_GRAPH","ggml_cgraph","GRAPH","",-1,1,-1,0,0,0,0,0,0.080417,1,"delegate_cpu_graph"
"OpenCL","COMPUTE","Kcur-0","ROPE","f32",-1,3,-1,128,16,1,1,8192,0.131928,1,"clFinish_profiled"
"OpenCL","COMPUTE","Vcur-0","MUL_MAT","f32",-1,4,-1,2048,1,1,1,8192,0.267813,1,"clFinish_profiled"
"OpenCL","COMPUTE","cache_k_l0 (view)","SET_ROWS","f16",-1,7,-1,2048,512,1,1,2097152,0.111094,1,"clFinish_profiled"
"OpenCL","COMPUTE","cache_v_l0 (view)","SET_ROWS","f16",-1,9,-1,2048,512,1,1,2097152,0.109843,1,"clFinish_profiled"
"OpenCL","COMPUTE"," (copy)","CPY","f16",-1,16,-1,256,64,1,1,32768,0.117500,1,"clFinish_profiled"
"OpenCL","COMPUTE","__fattn__-0","FLASH_ATTN_EXT","f32",-1,17,-1,128,16,1,1,8192,0.323750,1,"clFinish_profiled"
"CPU_Elastic","COMPUTE_GRAPH","ggml_cgraph","GRAPH","",-1,2,-1,0,0,0,0,0,0.082969,1,"delegate_cpu_graph"
"OpenCL","COMPUTE","ffn_moe_logits-0","MUL_MAT","f32",-1,2,-1,64,1,1,1,256,0.124896,1,"clFinish_profiled"
"OpenCL","COMPUTE","ffn_moe_probs-0","SOFT_MAX","f32",-1,3,-1,64,1,1,1,256,0.125468,1,"clFinish_profiled"
"OpenCL","COMPUTE","ffn_moe_argsort-0","ARGSORT","i32",-1,5,-1,64,1,1,1,256,0.134167,1,"clFinish_profiled"
"OpenCL","COMPUTE","ffn_moe_weights-0","GET_ROWS","f32",-1,7,-1,1,8,1,1,32,0.120208,1,"clFinish_profiled"
"CPU_Elastic","COMPUTE_GRAPH","ggml_cgraph","GRAPH","",-1,21,-1,0,0,0,0,0,1.132657,1,"delegate_cpu_graph"
"CPU_Elastic","COMPUTE_GRAPH","ggml_cgraph","GRAPH","",-1,1,-1,0,0,0,0,0,0.080105,1,"delegate_cpu_graph"
"OpenCL","COMPUTE","Qcur-1","ROPE","f32",-1,3,-1,128,16,1,1,8192,0.136146,1,"clFinish_profiled"
"CPU_Elastic","COMPUTE_GRAPH","ggml_cgraph","GRAPH","",-1,1,-1,0,0,0,0,0,0.079375,1,"delegate_cpu_graph"
"OpenCL","COMPUTE","Kcur-1","ROPE","f32",-1,3,-1,128,16,1,1,8192,0.117864,1,"clFinish_profiled"
"OpenCL","COMPUTE","Vcur-1","MUL_MAT","f32",-1,4,-1,2048,1,1,1,8192,0.268958,1,"clFinish_profiled"
"OpenCL","COMPUTE","cache_k_l1 (view)","SET_ROWS","f16",-1,7,-1,2048,512,1,1,2097152,0.111823,1,"clFinish_profiled"
"OpenCL","COMPUTE","cache_v_l1 (view)","SET_ROWS","f16",-1,9,-1,2048,512,1,1,2097152,0.109531,1,"clFinish_profiled"
"OpenCL","COMPUTE","__fattn__-1","FLASH_ATTN_EXT","f32",-1,16,-1,128,16,1,1,8192,0.321146,1,"clFinish_profiled"
"CPU_Elastic","COMPUTE_GRAPH","ggml_cgraph","GRAPH","",-1,2,-1,0,0,0,0,0,0.083177,1,"delegate_cpu_graph"
"OpenCL","COMPUTE","ffn_moe_logits-1","MUL_MAT","f32",-1,2,-1,64,1,1,1,256,0.123750,1,"clFinish_profiled"
"OpenCL","COMPUTE","ffn_moe_probs-1","SOFT_MAX","f32",-1,3,-1,64,1,1,1,256,0.117656,1,"clFinish_profiled"
"OpenCL","COMPUTE","ffn_moe_argsort-1","ARGSORT","i32",-1,5,-1,64,1,1,1,256,0.118438,1,"clFinish_profiled"
"OpenCL","COMPUTE","ffn_moe_weights-1","GET_ROWS","f32",-1,7,-1,1,8,1,1,32,0.111563,1,"clFinish_profiled"
"CPU_Elastic","COMPUTE_GRAPH","ggml_cgraph","GRAPH","",-1,21,-1,0,0,0,0,0,1.145156,1,"delegate_cpu_graph"
"CPU_Elastic","COMPUTE_GRAPH","ggml_cgraph","GRAPH","",-1,1,-1,0,0,0,0,0,0.079375,1,"delegate_cpu_graph"
"OpenCL","COMPUTE","Qcur-2","ROPE","f32",-1,3,-1,128,16,1,1,8192,0.126250,1,"clFinish_profiled"
"CPU_Elastic","COMPUTE_GRAPH","ggml_cgraph","GRAPH","",-1,1,-1,0,0,0,0,0,0.079218,1,"delegate_cpu_graph"
"OpenCL","COMPUTE","Kcur-2","ROPE","f32",-1,3,-1,128,16,1,1,8192,0.116979,1,"clFinish_profiled"
"CPU_Elastic","COMPUTE_GRAPH","ggml_cgraph","GRAPH","",-1,3,-1,0,0,0,0,0,0.080677,1,"delegate_cpu_graph"
"OpenCL","COMPUTE","cache_k_l2 (view)","SET_ROWS","f16",-1,0,-1,2048,512,1,1,2097152,0.110677,1,"clFinish_profiled"
"OpenCL","COMPUTE","cache_v_l2 (view)","SET_ROWS","f16",-1,2,-1,2048,512,1,1,2097152,0.112969,1,"clFinish_profiled"
"OpenCL","COMPUTE","__fattn__-2","FLASH_ATTN_EXT","f32",-1,9,-1,128,16,1,1,8192,0.324479,1,"clFinish_profiled"
"CPU_Elastic","COMPUTE_GRAPH","ggml_cgraph","GRAPH","",-1,2,-1,0,0,0,0,0,0.082083,1,"delegate_cpu_graph"
"OpenCL","COMPUTE","ffn_moe_logits-2","MUL_MAT","f32",-1,2,-1,64,1,1,1,256,0.124166,1,"clFinish_profiled"
"OpenCL","COMPUTE","ffn_moe_probs-2","SOFT_MAX","f32",-1,3,-1,64,1,1,1,256,0.113438,1,"clFinish_profiled"
"OpenCL","COMPUTE","ffn_moe_argsort-2","ARGSORT","i32",-1,5,-1,64,1,1,1,256,0.119218,1,"clFinish_profiled"
"OpenCL","COMPUTE","ffn_moe_weights-2","GET_ROWS","f32",-1,7,-1,1,8,1,1,32,0.109115,1,"clFinish_profiled"
"CPU_Elastic","COMPUTE_GRAPH","ggml_cgraph","GRAPH","",-1,21,-1,0,0,0,0,0,1.001146,1,"delegate_cpu_graph"
"CPU_Elastic","COMPUTE_GRAPH","ggml_cgraph","GRAPH","",-1,1,-1,0,0,0,0,0,0.085468,1,"delegate_cpu_graph"
"OpenCL","COMPUTE","Qcur-3","ROPE","f32",-1,3,-1,128,16,1,1,8192,0.128229,1,"clFinish_profiled"
"CPU_Elastic","COMPUTE_GRAPH","ggml_cgraph","GRAPH","",-1,1,-1,0,0,0,0,0,0.080156,1,"delegate_cpu_graph"
"OpenCL","COMPUTE","Kcur-3","ROPE","f32",-1,3,-1,128,16,1,1,8192,0.117031,1,"clFinish_profiled"
"CPU_Elastic","COMPUTE_GRAPH","ggml_cgraph","GRAPH","",-1,3,-1,0,0,0,0,0,0.081875,1,"delegate_cpu_graph"
"OpenCL","COMPUTE","cache_k_l3 (view)","SET_ROWS","f16",-1,0,-1,2048,512,1,1,2097152,0.111875,1,"clFinish_profiled"
"OpenCL","COMPUTE","cache_v_l3 (view)","SET_ROWS","f16",-1,2,-1,2048,512,1,1,2097152,0.111041,1,"clFinish_profiled"
"OpenCL","COMPUTE","__fattn__-3","FLASH_ATTN_EXT","f32",-1,9,-1,128,16,1,1,8192,0.328490,1,"clFinish_profiled"
"CPU_Elastic","COMPUTE_GRAPH","ggml_cgraph","GRAPH","",-1,2,-1,0,0,0,0,0,0.082343,1,"delegate_cpu_graph"
"OpenCL","COMPUTE","ffn_moe_logits-3","MUL_MAT","f32",-1,2,-1,64,1,1,1,256,0.125886,1,"clFinish_profiled"
"OpenCL","COMPUTE","ffn_moe_probs-3","SOFT_MAX","f32",-1,3,-1,64,1,1,1,256,0.113750,1,"clFinish_profiled"
"OpenCL","COMPUTE","ffn_moe_argsort-3","ARGSORT","i32",-1,5,-1,64,1,1,1,256,0.117709,1,"clFinish_profiled"
"OpenCL","COMPUTE","ffn_moe_weights-3","GET_ROWS","f32",-1,7,-1,1,8,1,1,32,0.110000,1,"clFinish_profiled"
"CPU_Elastic","COMPUTE_GRAPH","ggml_cgraph","GRAPH","",-1,21,-1,0,0,0,0,0,1.045000,1,"delegate_cpu_graph"
"CPU_Elastic","COMPUTE_GRAPH","ggml_cgraph","GRAPH","",-1,1,-1,0,0,0,0,0,0.079687,1,"delegate_cpu_graph"
"OpenCL","COMPUTE","Qcur-4","ROPE","f32",-1,3,-1,128,16,1,1,8192,0.127500,1,"clFinish_profiled"
"CPU_Elastic","COMPUTE_GRAPH","ggml_cgraph","GRAPH","",-1,1,-1,0,0,0,0,0,0.080886,1,"delegate_cpu_graph"
"OpenCL","COMPUTE","Kcur-4","ROPE","f32",-1,3,-1,128,16,1,1,8192,0.116250,1,"clFinish_profiled"
"OpenCL","COMPUTE","Vcur-4","MUL_MAT","f32",-1,4,-1,2048,1,1,1,8192,0.260938,1,"clFinish_profiled"
"OpenCL","COMPUTE","cache_k_l4 (view)","SET_ROWS","f16",-1,7,-1,2048,512,1,1,2097152,0.111562,1,"clFinish_profiled"
"OpenCL","COMPUTE","cache_v_l4 (view)","SET_ROWS","f16",-1,9,-1,2048,512,1,1,2097152,0.110781,1,"clFinish_profiled"
"OpenCL","COMPUTE","__fattn__-4","FLASH_ATTN_EXT","f32",-1,16,-1,128,16,1,1,8192,0.322031,1,"clFinish_profiled"
"CPU_Elastic","COMPUTE_GRAPH","ggml_cgraph","GRAPH","",-1,2,-1,0,0,0,0,0,0.083229,1,"delegate_cpu_graph"
"OpenCL","COMPUTE","ffn_moe_logits-4","MUL_MAT","f32",-1,2,-1,64,1,1,1,256,0.126250,1,"clFinish_profiled"
"OpenCL","COMPUTE","ffn_moe_probs-4","SOFT_MAX","f32",-1,3,-1,64,1,1,1,256,0.114427,1,"clFinish_profiled"
"OpenCL","COMPUTE","ffn_moe_argsort-4","ARGSORT","i32",-1,5,-1,64,1,1,1,256,0.151615,1,"clFinish_profiled"
"OpenCL","COMPUTE","ffn_moe_weights-4","GET_ROWS","f32",-1,7,-1,1,8,1,1,32,0.110156,1,"clFinish_profiled"
"CPU_Elastic","COMPUTE_GRAPH","ggml_cgraph","GRAPH","",-1,21,-1,0,0,0,0,0,1.122344,1,"delegate_cpu_graph"
"CPU_Elastic","COMPUTE_GRAPH","ggml_cgraph","GRAPH","",-1,1,-1,0,0,0,0,0,0.080781,1,"delegate_cpu_graph"
"OpenCL","COMPUTE","Qcur-5","ROPE","f32",-1,3,-1,128,16,1,1,8192,0.123854,1,"clFinish_profiled"
"CPU_Elastic","COMPUTE_GRAPH","ggml_cgraph","GRAPH","",-1,1,-1,0,0,0,0,0,0.080261,1,"delegate_cpu_graph"
"OpenCL","COMPUTE","Kcur-5","ROPE","f32",-1,3,-1,128,16,1,1,8192,0.119063,1,"clFinish_profiled"
"CPU_Elastic","COMPUTE_GRAPH","ggml_cgraph","GRAPH","",-1,3,-1,0,0,0,0,0,0.080781,1,"delegate_cpu_graph"
"OpenCL","COMPUTE","cache_k_l5 (view)","SET_ROWS","f16",-1,0,-1,2048,512,1,1,2097152,0.110833,1,"clFinish_profiled"
"OpenCL","COMPUTE","cache_v_l5 (view)","SET_ROWS","f16",-1,2,-1,2048,512,1,1,2097152,0.112396,1,"clFinish_profiled"
"OpenCL","COMPUTE","__fattn__-5","FLASH_ATTN_EXT","f32",-1,9,-1,128,16,1,1,8192,0.325261,1,"clFinish_profiled"
"CPU_Elastic","COMPUTE_GRAPH","ggml_cgraph","GRAPH","",-1,2,-1,0,0,0,0,0,0.082084,1,"delegate_cpu_graph"
"OpenCL","COMPUTE","ffn_moe_logits-5","MUL_MAT","f32",-1,2,-1,64,1,1,1,256,0.125209,1,"clFinish_profiled"
"OpenCL","COMPUTE","ffn_moe_probs-5","SOFT_MAX","f32",-1,3,-1,64,1,1,1,256,0.114271,1,"clFinish_profiled"
"OpenCL","COMPUTE","ffn_moe_argsort-5","ARGSORT","i32",-1,5,-1,64,1,1,1,256,0.121406,1,"clFinish_profiled"
"OpenCL","COMPUTE","ffn_moe_weights-5","GET_ROWS","f32",-1,7,-1,1,8,1,1,32,0.109167,1,"clFinish_profiled"
"CPU_Elastic","COMPUTE_GRAPH","ggml_cgraph","GRAPH","",-1,21,-1,0,0,0,0,0,0.994480,1,"delegate_cpu_graph"
"CPU_Elastic","COMPUTE_GRAPH","ggml_cgraph","GRAPH","",-1,1,-1,0,0,0,0,0,0.080052,1,"delegate_cpu_graph"
"OpenCL","COMPUTE","Qcur-6","ROPE","f32",-1,3,-1,128,16,1,1,8192,0.124219,1,"clFinish_profiled"
"CPU_Elastic","COMPUTE_GRAPH","ggml_cgraph","GRAPH","",-1,1,-1,0,0,0,0,0,0.080313,1,"delegate_cpu_graph"
"OpenCL","COMPUTE","Kcur-6","ROPE","f32",-1,3,-1,128,16,1,1,8192,0.118229,1,"clFinish_profiled"
"CPU_Elastic","COMPUTE_GRAPH","ggml_cgraph","GRAPH","",-1,3,-1,0,0,0,0,0,0.081042,1,"delegate_cpu_graph"
"OpenCL","COMPUTE","cache_k_l6 (view)","SET_ROWS","f16",-1,0,-1,2048,512,1,1,2097152,0.113593,1,"clFinish_profiled"
"OpenCL","COMPUTE","cache_v_l6 (view)","SET_ROWS","f16",-1,2,-1,2048,512,1,1,2097152,0.109896,1,"clFinish_profiled"
"OpenCL","COMPUTE","__fattn__-6","FLASH_ATTN_EXT","f32",-1,9,-1,128,16,1,1,8192,0.321302,1,"clFinish_profiled"
"CPU_Elastic","COMPUTE_GRAPH","ggml_cgraph","GRAPH","",-1,2,-1,0,0,0,0,0,0.081615,1,"delegate_cpu_graph"
"OpenCL","COMPUTE","ffn_moe_logits-6","MUL_MAT","f32",-1,2,-1,64,1,1,1,256,0.124115,1,"clFinish_profiled"
"OpenCL","COMPUTE","ffn_moe_probs-6","SOFT_MAX","f32",-1,3,-1,64,1,1,1,256,0.112291,1,"clFinish_profiled"
"OpenCL","COMPUTE","ffn_moe_argsort-6","ARGSORT","i32",-1,5,-1,64,1,1,1,256,0.118386,1,"clFinish_profiled"
"OpenCL","COMPUTE","ffn_moe_weights-6","GET_ROWS","f32",-1,7,-1,1,8,1,1,32,0.108906,1,"clFinish_profiled"
"CPU_Elastic","COMPUTE_GRAPH","ggml_cgraph","GRAPH","",-1,21,-1,0,0,0,0,0,1.068750,1,"delegate_cpu_graph"
"CPU_Elastic","COMPUTE_GRAPH","ggml_cgraph","GRAPH","",-1,1,-1,0,0,0,0,0,0.084114,1,"delegate_cpu_graph"
"OpenCL","COMPUTE","Qcur-7","ROPE","f32",-1,3,-1,128,16,1,1,8192,0.127396,1,"clFinish_profiled"
"CPU_Elastic","COMPUTE_GRAPH","ggml_cgraph","GRAPH","",-1,1,-1,0,0,0,0,0,0.081302,1,"delegate_cpu_graph"
"OpenCL","COMPUTE","Kcur-7","ROPE","f32",-1,3,-1,128,16,1,1,8192,0.124740,1,"clFinish_profiled"
"OpenCL","COMPUTE","Vcur-7","MUL_MAT","f32",-1,4,-1,2048,1,1,1,8192,0.265156,1,"clFinish_profiled"
"OpenCL","COMPUTE","cache_k_l7 (view)","SET_ROWS","f16",-1,7,-1,2048,512,1,1,2097152,0.116771,1,"clFinish_profiled"
"OpenCL","COMPUTE","cache_v_l7 (view)","SET_ROWS","f16",-1,9,-1,2048,512,1,1,2097152,0.111094,1,"clFinish_profiled"
"OpenCL","COMPUTE","__fattn__-7","FLASH_ATTN_EXT","f32",-1,16,-1,128,16,1,1,8192,0.326302,1,"clFinish_profiled"
"CPU_Elastic","COMPUTE_GRAPH","ggml_cgraph","GRAPH","",-1,2,-1,0,0,0,0,0,0.084896,1,"delegate_cpu_graph"
"OpenCL","COMPUTE","ffn_moe_logits-7","MUL_MAT","f32",-1,2,-1,64,1,1,1,256,0.126719,1,"clFinish_profiled"
"OpenCL","COMPUTE","ffn_moe_probs-7","SOFT_MAX","f32",-1,3,-1,64,1,1,1,256,0.114792,1,"clFinish_profiled"
"OpenCL","COMPUTE","ffn_moe_argsort-7","ARGSORT","i32",-1,5,-1,64,1,1,1,256,0.119948,1,"clFinish_profiled"
"OpenCL","COMPUTE","ffn_moe_weights-7","GET_ROWS","f32",-1,7,-1,1,8,1,1,32,0.114479,1,"clFinish_profiled"
"CPU_Elastic","COMPUTE_GRAPH","ggml_cgraph","GRAPH","",-1,21,-1,0,0,0,0,0,1.128646,1,"delegate_cpu_graph"
"CPU_Elastic","COMPUTE_GRAPH","ggml_cgraph","GRAPH","",-1,1,-1,0,0,0,0,0,0.093125,1,"delegate_cpu_graph"
"OpenCL","COMPUTE","Qcur-8","ROPE","f32",-1,3,-1,128,16,1,1,8192,0.127031,1,"clFinish_profiled"
"CPU_Elastic","COMPUTE_GRAPH","ggml_cgraph","GRAPH","",-1,1,-1,0,0,0,0,0,0.083646,1,"delegate_cpu_graph"
"OpenCL","COMPUTE","Kcur-8","ROPE","f32",-1,3,-1,128,16,1,1,8192,0.121354,1,"clFinish_profiled"
"CPU_Elastic","COMPUTE_GRAPH","ggml_cgraph","GRAPH","",-1,3,-1,0,0,0,0,0,0.084739,1,"delegate_cpu_graph"
"OpenCL","COMPUTE","cache_k_l8 (view)","SET_ROWS","f16",-1,0,-1,2048,512,1,1,2097152,0.116719,1,"clFinish_profiled"
"OpenCL","COMPUTE","cache_v_l8 (view)","SET_ROWS","f16",-1,2,-1,2048,512,1,1,2097152,0.113230,1,"clFinish_profiled"
"OpenCL","COMPUTE","__fattn__-8","FLASH_ATTN_EXT","f32",-1,9,-1,128,16,1,1,8192,0.327240,1,"clFinish_profiled"
"CPU_Elastic","COMPUTE_GRAPH","ggml_cgraph","GRAPH","",-1,2,-1,0,0,0,0,0,0.084219,1,"delegate_cpu_graph"
"OpenCL","COMPUTE","ffn_moe_logits-8","MUL_MAT","f32",-1,2,-1,64,1,1,1,256,0.128125,1,"clFinish_profiled"
"OpenCL","COMPUTE","ffn_moe_probs-8","SOFT_MAX","f32",-1,3,-1,64,1,1,1,256,0.116771,1,"clFinish_profiled"
"OpenCL","COMPUTE","ffn_moe_argsort-8","ARGSORT","i32",-1,5,-1,64,1,1,1,256,0.118802,1,"clFinish_profiled"
"OpenCL","COMPUTE","ffn_moe_weights-8","GET_ROWS","f32",-1,7,-1,1,8,1,1,32,0.115105,1,"clFinish_profiled"
"CPU_Elastic","COMPUTE_GRAPH","ggml_cgraph","GRAPH","",-1,21,-1,0,0,0,0,0,1.014323,1,"delegate_cpu_graph"
"CPU_Elastic","COMPUTE_GRAPH","ggml_cgraph","GRAPH","",-1,1,-1,0,0,0,0,0,0.084167,1,"delegate_cpu_graph"
"OpenCL","COMPUTE","Qcur-9","ROPE","f32",-1,3,-1,128,16,1,1,8192,0.126511,1,"clFinish_profiled"
"CPU_Elastic","COMPUTE_GRAPH","ggml_cgraph","GRAPH","",-1,1,-1,0,0,0,0,0,0.083802,1,"delegate_cpu_graph"
"OpenCL","COMPUTE","Kcur-9","ROPE","f32",-1,3,-1,128,16,1,1,8192,0.118021,1,"clFinish_profiled"
"CPU_Elastic","COMPUTE_GRAPH","ggml_cgraph","GRAPH","",-1,3,-1,0,0,0,0,0,0.082969,1,"delegate_cpu_graph"
"OpenCL","COMPUTE","cache_k_l9 (view)","SET_ROWS","f16",-1,0,-1,2048,512,1,1,2097152,0.113334,1,"clFinish_profiled"
"OpenCL","COMPUTE","cache_v_l9 (view)","SET_ROWS","f16",-1,2,-1,2048,512,1,1,2097152,0.111771,1,"clFinish_profiled"
"OpenCL","COMPUTE","__fattn__-9","FLASH_ATTN_EXT","f32",-1,9,-1,128,16,1,1,8192,0.330052,1,"clFinish_profiled"
"CPU_Elastic","COMPUTE_GRAPH","ggml_cgraph","GRAPH","",-1,2,-1,0,0,0,0,0,0.084479,1,"delegate_cpu_graph"
"OpenCL","COMPUTE","ffn_moe_logits-9","MUL_MAT","f32",-1,2,-1,64,1,1,1,256,0.126459,1,"clFinish_profiled"
"OpenCL","COMPUTE","ffn_moe_probs-9","SOFT_MAX","f32",-1,3,-1,64,1,1,1,256,0.114218,1,"clFinish_profiled"
"OpenCL","COMPUTE","ffn_moe_argsort-9","ARGSORT","i32",-1,5,-1,64,1,1,1,256,0.119166,1,"clFinish_profiled"
"OpenCL","COMPUTE","ffn_moe_weights-9","GET_ROWS","f32",-1,7,-1,1,8,1,1,32,0.108438,1,"clFinish_profiled"
"CPU_Elastic","COMPUTE_GRAPH","ggml_cgraph","GRAPH","",-1,21,-1,0,0,0,0,0,1.015834,1,"delegate_cpu_graph"
"CPU_Elastic","COMPUTE_GRAPH","ggml_cgraph","GRAPH","",-1,1,-1,0,0,0,0,0,0.081042,1,"delegate_cpu_graph"
"OpenCL","COMPUTE","Qcur-10","ROPE","f32",-1,3,-1,128,16,1,1,8192,0.125052,1,"clFinish_profiled"
"CPU_Elastic","COMPUTE_GRAPH","ggml_cgraph","GRAPH","",-1,1,-1,0,0,0,0,0,0.083854,1,"delegate_cpu_graph"
"OpenCL","COMPUTE","Kcur-10","ROPE","f32",-1,3,-1,128,16,1,1,8192,0.118958,1,"clFinish_profiled"
"OpenCL","COMPUTE","Vcur-10","MUL_MAT","f32",-1,4,-1,2048,1,1,1,8192,0.262813,1,"clFinish_profiled"
"OpenCL","COMPUTE","cache_k_l10 (view)","SET_ROWS","f16",-1,7,-1,2048,512,1,1,2097152,0.111927,1,"clFinish_profiled"
"OpenCL","COMPUTE","cache_v_l10 (view)","SET_ROWS","f16",-1,9,-1,2048,512,1,1,2097152,0.111615,1,"clFinish_profiled"
"OpenCL","COMPUTE","__fattn__-10","FLASH_ATTN_EXT","f32",-1,16,-1,128,16,1,1,8192,0.321823,1,"clFinish_profiled"
"CPU_Elastic","COMPUTE_GRAPH","ggml_cgraph","GRAPH","",-1,2,-1,0,0,0,0,0,0.084427,1,"delegate_cpu_graph"
"OpenCL","COMPUTE","ffn_moe_logits-10","MUL_MAT","f32",-1,2,-1,64,1,1,1,256,0.125313,1,"clFinish_profiled"
"OpenCL","COMPUTE","ffn_moe_probs-10","SOFT_MAX","f32",-1,3,-1,64,1,1,1,256,0.114583,1,"clFinish_profiled"
"OpenCL","COMPUTE","ffn_moe_argsort-10","ARGSORT","i32",-1,5,-1,64,1,1,1,256,0.118698,1,"clFinish_profiled"
"OpenCL","COMPUTE","ffn_moe_weights-10","GET_ROWS","f32",-1,7,-1,1,8,1,1,32,0.111458,1,"clFinish_profiled"
"CPU_Elastic","COMPUTE_GRAPH","ggml_cgraph","GRAPH","",-1,21,-1,0,0,0,0,0,1.144062,1,"delegate_cpu_graph"
"CPU_Elastic","COMPUTE_GRAPH","ggml_cgraph","GRAPH","",-1,1,-1,0,0,0,0,0,0.081667,1,"delegate_cpu_graph"
"OpenCL","COMPUTE","Qcur-11","ROPE","f32",-1,3,-1,128,16,1,1,8192,0.125937,1,"clFinish_profiled"
"CPU_Elastic","COMPUTE_GRAPH","ggml_cgraph","GRAPH","",-1,1,-1,0,0,0,0,0,0.083958,1,"delegate_cpu_graph"
"OpenCL","COMPUTE","Kcur-11","ROPE","f32",-1,3,-1,128,16,1,1,8192,0.120521,1,"clFinish_profiled"
"CPU_Elastic","COMPUTE_GRAPH","ggml_cgraph","GRAPH","",-1,3,-1,0,0,0,0,0,0.082604,1,"delegate_cpu_graph"
"OpenCL","COMPUTE","cache_k_l11 (view)","SET_ROWS","f16",-1,0,-1,2048,512,1,1,2097152,0.112865,1,"clFinish_profiled"
"OpenCL","COMPUTE","cache_v_l11 (view)","SET_ROWS","f16",-1,2,-1,2048,512,1,1,2097152,0.112552,1,"clFinish_profiled"
"OpenCL","COMPUTE","__fattn__-11","FLASH_ATTN_EXT","f32",-1,9,-1,128,16,1,1,8192,0.325885,1,"clFinish_profiled"
"CPU_Elastic","COMPUTE_GRAPH","ggml_cgraph","GRAPH","",-1,2,-1,0,0,0,0,0,0.084062,1,"delegate_cpu_graph"
"OpenCL","COMPUTE","ffn_moe_logits-11","MUL_MAT","f32",-1,2,-1,64,1,1,1,256,0.126354,1,"clFinish_profiled"
"OpenCL","COMPUTE","ffn_moe_probs-11","SOFT_MAX","f32",-1,3,-1,64,1,1,1,256,0.114896,1,"clFinish_profiled"
"OpenCL","COMPUTE","ffn_moe_argsort-11","ARGSORT","i32",-1,5,-1,64,1,1,1,256,0.119271,1,"clFinish_profiled"
"OpenCL","COMPUTE","ffn_moe_weights-11","GET_ROWS","f32",-1,7,-1,1,8,1,1,32,0.122552,1,"clFinish_profiled"
"CPU_Elastic","COMPUTE_GRAPH","ggml_cgraph","GRAPH","",-1,21,-1,0,0,0,0,0,1.020625,1,"delegate_cpu_graph"
"CPU_Elastic","COMPUTE_GRAPH","ggml_cgraph","GRAPH","",-1,1,-1,0,0,0,0,0,0.081406,1,"delegate_cpu_graph"
"OpenCL","COMPUTE","Qcur-12","ROPE","f32",-1,3,-1,128,16,1,1,8192,0.126197,1,"clFinish_profiled"
"CPU_Elastic","COMPUTE_GRAPH","ggml_cgraph","GRAPH","",-1,1,-1,0,0,0,0,0,0.084010,1,"delegate_cpu_graph"
"OpenCL","COMPUTE","Kcur-12","ROPE","f32",-1,3,-1,128,16,1,1,8192,0.116667,1,"clFinish_profiled"
"CPU_Elastic","COMPUTE_GRAPH","ggml_cgraph","GRAPH","",-1,3,-1,0,0,0,0,0,0.085156,1,"delegate_cpu_graph"
"OpenCL","COMPUTE","cache_k_l12 (view)","SET_ROWS","f16",-1,0,-1,2048,512,1,1,2097152,0.113855,1,"clFinish_profiled"
"OpenCL","COMPUTE","cache_v_l12 (view)","SET_ROWS","f16",-1,2,-1,2048,512,1,1,2097152,0.110937,1,"clFinish_profiled"
"OpenCL","COMPUTE","__fattn__-12","FLASH_ATTN_EXT","f32",-1,9,-1,128,16,1,1,8192,0.323646,1,"clFinish_profiled"
"CPU_Elastic","COMPUTE_GRAPH","ggml_cgraph","GRAPH","",-1,2,-1,0,0,0,0,0,0.083802,1,"delegate_cpu_graph"
"OpenCL","COMPUTE","ffn_moe_logits-12","MUL_MAT","f32",-1,2,-1,64,1,1,1,256,0.197813,1,"clFinish_profiled"
"OpenCL","COMPUTE","ffn_moe_probs-12","SOFT_MAX","f32",-1,3,-1,64,1,1,1,256,0.119687,1,"clFinish_profiled"
"OpenCL","COMPUTE","ffn_moe_argsort-12","ARGSORT","i32",-1,5,-1,64,1,1,1,256,0.120052,1,"clFinish_profiled"
"OpenCL","COMPUTE","ffn_moe_weights-12","GET_ROWS","f32",-1,7,-1,1,8,1,1,32,0.111406,1,"clFinish_profiled"
"CPU_Elastic","COMPUTE_GRAPH","ggml_cgraph","GRAPH","",-1,21,-1,0,0,0,0,0,1.015260,1,"delegate_cpu_graph"
"CPU_Elastic","COMPUTE_GRAPH","ggml_cgraph","GRAPH","",-1,1,-1,0,0,0,0,0,0.084062,1,"delegate_cpu_graph"
"OpenCL","COMPUTE","Qcur-13","ROPE","f32",-1,3,-1,128,16,1,1,8192,0.127708,1,"clFinish_profiled"
"CPU_Elastic","COMPUTE_GRAPH","ggml_cgraph","GRAPH","",-1,1,-1,0,0,0,0,0,0.095052,1,"delegate_cpu_graph"
"OpenCL","COMPUTE","Kcur-13","ROPE","f32",-1,3,-1,128,16,1,1,8192,0.119375,1,"clFinish_profiled"
"OpenCL","COMPUTE","Vcur-13","MUL_MAT","f32",-1,4,-1,2048,1,1,1,8192,0.265312,1,"clFinish_profiled"
"OpenCL","COMPUTE","cache_k_l13 (view)","SET_ROWS","f16",-1,7,-1,2048,512,1,1,2097152,0.113333,1,"clFinish_profiled"
"OpenCL","COMPUTE","cache_v_l13 (view)","SET_ROWS","f16",-1,9,-1,2048,512,1,1,2097152,0.112187,1,"clFinish_profiled"
"OpenCL","COMPUTE","__fattn__-13","FLASH_ATTN_EXT","f32",-1,16,-1,128,16,1,1,8192,0.324063,1,"clFinish_profiled"
"CPU_Elastic","COMPUTE_GRAPH","ggml_cgraph","GRAPH","",-1,2,-1,0,0,0,0,0,0.083334,1,"delegate_cpu_graph"
"OpenCL","COMPUTE","ffn_moe_logits-13","MUL_MAT","f32",-1,2,-1,64,1,1,1,256,0.126041,1,"clFinish_profiled"
"OpenCL","COMPUTE","ffn_moe_probs-13","SOFT_MAX","f32",-1,3,-1,64,1,1,1,256,0.115104,1,"clFinish_profiled"
"OpenCL","COMPUTE","ffn_moe_argsort-13","ARGSORT","i32",-1,5,-1,64,1,1,1,256,0.118646,1,"clFinish_profiled"
"OpenCL","COMPUTE","ffn_moe_weights-13","GET_ROWS","f32",-1,7,-1,1,8,1,1,32,0.108542,1,"clFinish_profiled"
"CPU_Elastic","COMPUTE_GRAPH","ggml_cgraph","GRAPH","",-1,21,-1,0,0,0,0,0,1.120938,1,"delegate_cpu_graph"
"CPU_Elastic","COMPUTE_GRAPH","ggml_cgraph","GRAPH","",-1,1,-1,0,0,0,0,0,0.081511,1,"delegate_cpu_graph"
"OpenCL","COMPUTE","Qcur-14","ROPE","f32",-1,3,-1,128,16,1,1,8192,0.140521,1,"clFinish_profiled"
"CPU_Elastic","COMPUTE_GRAPH","ggml_cgraph","GRAPH","",-1,1,-1,0,0,0,0,0,0.081563,1,"delegate_cpu_graph"
"OpenCL","COMPUTE","Kcur-14","ROPE","f32",-1,3,-1,128,16,1,1,8192,0.118021,1,"clFinish_profiled"
"OpenCL","COMPUTE","Vcur-14","MUL_MAT","f32",-1,4,-1,2048,1,1,1,8192,0.263073,1,"clFinish_profiled"
"OpenCL","COMPUTE","cache_k_l14 (view)","SET_ROWS","f16",-1,7,-1,2048,512,1,1,2097152,0.112760,1,"clFinish_profiled"
"OpenCL","COMPUTE","cache_v_l14 (view)","SET_ROWS","f16",-1,9,-1,2048,512,1,1,2097152,0.113594,1,"clFinish_profiled"
"OpenCL","COMPUTE","__fattn__-14","FLASH_ATTN_EXT","f32",-1,16,-1,128,16,1,1,8192,0.322396,1,"clFinish_profiled"
"CPU_Elastic","COMPUTE_GRAPH","ggml_cgraph","GRAPH","",-1,2,-1,0,0,0,0,0,0.083385,1,"delegate_cpu_graph"
"OpenCL","COMPUTE","ffn_moe_logits-14","MUL_MAT","f32",-1,2,-1,64,1,1,1,256,0.125365,1,"clFinish_profiled"
"OpenCL","COMPUTE","ffn_moe_probs-14","SOFT_MAX","f32",-1,3,-1,64,1,1,1,256,0.115156,1,"clFinish_profiled"
"OpenCL","COMPUTE","ffn_moe_argsort-14","ARGSORT","i32",-1,5,-1,64,1,1,1,256,0.119114,1,"clFinish_profiled"
"OpenCL","COMPUTE","ffn_moe_weights-14","GET_ROWS","f32",-1,7,-1,1,8,1,1,32,0.107812,1,"clFinish_profiled"
"CPU_Elastic","COMPUTE_GRAPH","ggml_cgraph","GRAPH","",-1,21,-1,0,0,0,0,0,1.135833,1,"delegate_cpu_graph"
"CPU_Elastic","COMPUTE_GRAPH","ggml_cgraph","GRAPH","",-1,1,-1,0,0,0,0,0,0.082969,1,"delegate_cpu_graph"
"OpenCL","COMPUTE","Qcur-15","ROPE","f32",-1,3,-1,128,16,1,1,8192,0.123593,1,"clFinish_profiled"
"CPU_Elastic","COMPUTE_GRAPH","ggml_cgraph","GRAPH","",-1,1,-1,0,0,0,0,0,0.083802,1,"delegate_cpu_graph"
"OpenCL","COMPUTE","Kcur-15","ROPE","f32",-1,3,-1,128,16,1,1,8192,0.120052,1,"clFinish_profiled"
"OpenCL","COMPUTE","Vcur-15","MUL_MAT","f32",-1,4,-1,2048,1,1,1,8192,0.263907,1,"clFinish_profiled"
"OpenCL","COMPUTE","cache_k_l15 (view)","SET_ROWS","f16",-1,7,-1,2048,512,1,1,2097152,0.112448,1,"clFinish_profiled"
"OpenCL","COMPUTE","cache_v_l15 (view)","SET_ROWS","f16",-1,9,-1,2048,512,1,1,2097152,0.114166,1,"clFinish_profiled"
"OpenCL","COMPUTE","__fattn__-15","FLASH_ATTN_EXT","f32",-1,16,-1,128,16,1,1,8192,0.322552,1,"clFinish_profiled"
"CPU_Elastic","COMPUTE_GRAPH","ggml_cgraph","GRAPH","",-1,4,-1,0,0,0,0,0,0.086979,1,"delegate_cpu_graph"
"OpenCL","COMPUTE","ffn_moe_logits-15","MUL_MAT","f32",-1,2,-1,64,1,1,1,256,0.125104,1,"clFinish_profiled"
"OpenCL","COMPUTE","ffn_moe_probs-15","SOFT_MAX","f32",-1,3,-1,64,1,1,1,256,0.152448,1,"clFinish_profiled"
"OpenCL","COMPUTE","ffn_moe_argsort-15","ARGSORT","i32",-1,5,-1,64,1,1,1,256,0.134531,1,"clFinish_profiled"
"OpenCL","COMPUTE","ffn_moe_weights-15","GET_ROWS","f32",-1,7,-1,1,8,1,1,32,0.121718,1,"clFinish_profiled"
"CPU_Elastic","COMPUTE_GRAPH","ggml_cgraph","GRAPH","",-1,22,-1,0,0,0,0,0,1.142135,1,"delegate_cpu_graph"
"OpenCL","COMPUTE","result_norm","MUL","f32",-1,0,-1,2048,1,1,1,8192,0.347187,1,"clFinish_profiled"
"OpenCL","COMPUTE","result_output","MUL_MAT","f32",-1,1,-1,50304,1,1,1,201216,3.831771,1,"clFinish_profiled"
"CPU_Elastic","COMPUTE_GRAPH","ggml_cgraph","GRAPH","",-1,1,-1,0,0,0,0,0,0.003281,1,"delegate_cpu_graph"
"CPU_Elastic","COMPUTE_GRAPH","ggml_cgraph","GRAPH","",-1,1,-1,0,0,0,0,0,0.084948,1,"delegate_cpu_graph"
"OpenCL","COMPUTE","Qcur-0","ROPE","f32",-1,3,-1,128,16,1,1,8192,0.146719,1,"clFinish_profiled"
"CPU_Elastic","COMPUTE_GRAPH","ggml_cgraph","GRAPH","",-1,1,-1,0,0,0,0,0,0.081042,1,"delegate_cpu_graph"
"OpenCL","COMPUTE","Kcur-0","ROPE","f32",-1,3,-1,128,16,1,1,8192,0.130729,1,"clFinish_profiled"
"OpenCL","COMPUTE","Vcur-0","MUL_MAT","f32",-1,4,-1,2048,1,1,1,8192,0.276875,1,"clFinish_profiled"
"OpenCL","COMPUTE","cache_k_l0 (view)","SET_ROWS","f16",-1,7,-1,2048,512,1,1,2097152,0.126198,1,"clFinish_profiled"
"OpenCL","COMPUTE","cache_v_l0 (view)","SET_ROWS","f16",-1,9,-1,2048,512,1,1,2097152,0.130104,1,"clFinish_profiled"
"OpenCL","COMPUTE"," (copy)","CPY","f16",-1,16,-1,256,64,1,1,32768,0.129323,1,"clFinish_profiled"
"OpenCL","COMPUTE","__fattn__-0","FLASH_ATTN_EXT","f32",-1,17,-1,128,16,1,1,8192,0.337761,1,"clFinish_profiled"
"CPU_Elastic","COMPUTE_GRAPH","ggml_cgraph","GRAPH","",-1,2,-1,0,0,0,0,0,0.089843,1,"delegate_cpu_graph"
"OpenCL","COMPUTE","ffn_moe_logits-0","MUL_MAT","f32",-1,2,-1,64,1,1,1,256,0.138698,1,"clFinish_profiled"
"OpenCL","COMPUTE","ffn_moe_probs-0","SOFT_MAX","f32",-1,3,-1,64,1,1,1,256,0.124844,1,"clFinish_profiled"
"OpenCL","COMPUTE","ffn_moe_argsort-0","ARGSORT","i32",-1,5,-1,64,1,1,1,256,0.145052,1,"clFinish_profiled"
"OpenCL","COMPUTE","ffn_moe_weights-0","GET_ROWS","f32",-1,7,-1,1,8,1,1,32,0.121615,1,"clFinish_profiled"
"CPU_Elastic","COMPUTE_GRAPH","ggml_cgraph","GRAPH","",-1,21,-1,0,0,0,0,0,1.125313,1,"delegate_cpu_graph"
"CPU_Elastic","COMPUTE_GRAPH","ggml_cgraph","GRAPH","",-1,1,-1,0,0,0,0,0,0.081041,1,"delegate_cpu_graph"
"OpenCL","COMPUTE","Qcur-1","ROPE","f32",-1,3,-1,128,16,1,1,8192,0.135937,1,"clFinish_profiled"
"CPU_Elastic","COMPUTE_GRAPH","ggml_cgraph","GRAPH","",-1,1,-1,0,0,0,0,0,0.083750,1,"delegate_cpu_graph"
"OpenCL","COMPUTE","Kcur-1","ROPE","f32",-1,3,-1,128,16,1,1,8192,0.126510,1,"clFinish_profiled"
"OpenCL","COMPUTE","Vcur-1","MUL_MAT","f32",-1,4,-1,2048,1,1,1,8192,0.278073,1,"clFinish_profiled"
"OpenCL","COMPUTE","cache_k_l1 (view)","SET_ROWS","f16",-1,7,-1,2048,512,1,1,2097152,0.122500,1,"clFinish_profiled"
"OpenCL","COMPUTE","cache_v_l1 (view)","SET_ROWS","f16",-1,9,-1,2048,512,1,1,2097152,0.140157,1,"clFinish_profiled"
"OpenCL","COMPUTE","__fattn__-1","FLASH_ATTN_EXT","f32",-1,16,-1,128,16,1,1,8192,0.384635,1,"clFinish_profiled"
"CPU_Elastic","COMPUTE_GRAPH","ggml_cgraph","GRAPH","",-1,2,-1,0,0,0,0,0,0.084791,1,"delegate_cpu_graph"
"OpenCL","COMPUTE","ffn_moe_logits-1","MUL_MAT","f32",-1,2,-1,64,1,1,1,256,0.158594,1,"clFinish_profiled"
"OpenCL","COMPUTE","ffn_moe_probs-1","SOFT_MAX","f32",-1,3,-1,64,1,1,1,256,0.127917,1,"clFinish_profiled"
"OpenCL","COMPUTE","ffn_moe_argsort-1","ARGSORT","i32",-1,5,-1,64,1,1,1,256,0.121093,1,"clFinish_profiled"
"OpenCL","COMPUTE","ffn_moe_weights-1","GET_ROWS","f32",-1,7,-1,1,8,1,1,32,0.112968,1,"clFinish_profiled"
"CPU_Elastic","COMPUTE_GRAPH","ggml_cgraph","GRAPH","",-1,21,-1,0,0,0,0,0,1.142136,1,"delegate_cpu_graph"
"CPU_Elastic","COMPUTE_GRAPH","ggml_cgraph","GRAPH","",-1,1,-1,0,0,0,0,0,0.081146,1,"delegate_cpu_graph"
"OpenCL","COMPUTE","Qcur-2","ROPE","f32",-1,3,-1,128,16,1,1,8192,0.141198,1,"clFinish_profiled"
"CPU_Elastic","COMPUTE_GRAPH","ggml_cgraph","GRAPH","",-1,1,-1,0,0,0,0,0,0.083855,1,"delegate_cpu_graph"
"OpenCL","COMPUTE","Kcur-2","ROPE","f32",-1,3,-1,128,16,1,1,8192,0.118281,1,"clFinish_profiled"
"CPU_Elastic","COMPUTE_GRAPH","ggml_cgraph","GRAPH","",-1,3,-1,0,0,0,0,0,0.082395,1,"delegate_cpu_graph"
"OpenCL","COMPUTE","cache_k_l2 (view)","SET_ROWS","f16",-1,0,-1,2048,512,1,1,2097152,0.113020,1,"clFinish_profiled"
"OpenCL","COMPUTE","cache_v_l2 (view)","SET_ROWS","f16",-1,2,-1,2048,512,1,1,2097152,0.112239,1,"clFinish_profiled"
"OpenCL","COMPUTE","__fattn__-2","FLASH_ATTN_EXT","f32",-1,9,-1,128,16,1,1,8192,0.328906,1,"clFinish_profiled"
"CPU_Elastic","COMPUTE_GRAPH","ggml_cgraph","GRAPH","",-1,2,-1,0,0,0,0,0,0.083542,1,"delegate_cpu_graph"
"OpenCL","COMPUTE","ffn_moe_logits-2","MUL_MAT","f32",-1,2,-1,64,1,1,1,256,0.130000,1,"clFinish_profiled"
"OpenCL","COMPUTE","ffn_moe_probs-2","SOFT_MAX","f32",-1,3,-1,64,1,1,1,256,0.127032,1,"clFinish_profiled"
"OpenCL","COMPUTE","ffn_moe_argsort-2","ARGSORT","i32",-1,5,-1,64,1,1,1,256,0.125885,1,"clFinish_profiled"
"OpenCL","COMPUTE","ffn_moe_weights-2","GET_ROWS","f32",-1,7,-1,1,8,1,1,32,0.108229,1,"clFinish_profiled"
"CPU_Elastic","COMPUTE_GRAPH","ggml_cgraph","GRAPH","",-1,21,-1,0,0,0,0,0,1.018333,1,"delegate_cpu_graph"
"CPU_Elastic","COMPUTE_GRAPH","ggml_cgraph","GRAPH","",-1,1,-1,0,0,0,0,0,0.081042,1,"delegate_cpu_graph"
"OpenCL","COMPUTE","Qcur-3","ROPE","f32",-1,3,-1,128,16,1,1,8192,0.126927,1,"clFinish_profiled"
"CPU_Elastic","COMPUTE_GRAPH","ggml_cgraph","GRAPH","",-1,1,-1,0,0,0,0,0,0.081979,1,"delegate_cpu_graph"
"OpenCL","COMPUTE","Kcur-3","ROPE","f32",-1,3,-1,128,16,1,1,8192,0.141718,1,"clFinish_profiled"
"CPU_Elastic","COMPUTE_GRAPH","ggml_cgraph","GRAPH","",-1,3,-1,0,0,0,0,0,0.083802,1,"delegate_cpu_graph"
"OpenCL","COMPUTE","cache_k_l3 (view)","SET_ROWS","f16",-1,0,-1,2048,512,1,1,2097152,0.129010,1,"clFinish_profiled"
"OpenCL","COMPUTE","cache_v_l3 (view)","SET_ROWS","f16",-1,2,-1,2048,512,1,1,2097152,0.134948,1,"clFinish_profiled"
"OpenCL","COMPUTE","__fattn__-3","FLASH_ATTN_EXT","f32",-1,9,-1,128,16,1,1,8192,0.350729,1,"clFinish_profiled"
"CPU_Elastic","COMPUTE_GRAPH","ggml_cgraph","GRAPH","",-1,2,-1,0,0,0,0,0,0.092813,1,"delegate_cpu_graph"
"OpenCL","COMPUTE","ffn_moe_logits-3","MUL_MAT","f32",-1,2,-1,64,1,1,1,256,0.143125,1,"clFinish_profiled"
"OpenCL","COMPUTE","ffn_moe_probs-3","SOFT_MAX","f32",-1,3,-1,64,1,1,1,256,0.126042,1,"clFinish_profiled"
"OpenCL","COMPUTE","ffn_moe_argsort-3","ARGSORT","i32",-1,5,-1,64,1,1,1,256,0.123489,1,"clFinish_profiled"
"OpenCL","COMPUTE","ffn_moe_weights-3","GET_ROWS","f32",-1,7,-1,1,8,1,1,32,0.110782,1,"clFinish_profiled"
"CPU_Elastic","COMPUTE_GRAPH","ggml_cgraph","GRAPH","",-1,21,-1,0,0,0,0,0,1.011562,1,"delegate_cpu_graph"
"CPU_Elastic","COMPUTE_GRAPH","ggml_cgraph","GRAPH","",-1,1,-1,0,0,0,0,0,0.083854,1,"delegate_cpu_graph"
"OpenCL","COMPUTE","Qcur-4","ROPE","f32",-1,3,-1,128,16,1,1,8192,0.126615,1,"clFinish_profiled"
"CPU_Elastic","COMPUTE_GRAPH","ggml_cgraph","GRAPH","",-1,1,-1,0,0,0,0,0,0.080833,1,"delegate_cpu_graph"
"OpenCL","COMPUTE","Kcur-4","ROPE","f32",-1,3,-1,128,16,1,1,8192,0.129011,1,"clFinish_profiled"
"OpenCL","COMPUTE","Vcur-4","MUL_MAT","f32",-1,4,-1,2048,1,1,1,8192,0.264323,1,"clFinish_profiled"
"OpenCL","COMPUTE","cache_k_l4 (view)","SET_ROWS","f16",-1,7,-1,2048,512,1,1,2097152,0.112709,1,"clFinish_profiled"
"OpenCL","COMPUTE","cache_v_l4 (view)","SET_ROWS","f16",-1,9,-1,2048,512,1,1,2097152,0.111146,1,"clFinish_profiled"
"OpenCL","COMPUTE","__fattn__-4","FLASH_ATTN_EXT","f32",-1,16,-1,128,16,1,1,8192,0.326927,1,"clFinish_profiled"
"CPU_Elastic","COMPUTE_GRAPH","ggml_cgraph","GRAPH","",-1,2,-1,0,0,0,0,0,0.083802,1,"delegate_cpu_graph"
"OpenCL","COMPUTE","ffn_moe_logits-4","MUL_MAT","f32",-1,2,-1,64,1,1,1,256,0.125834,1,"clFinish_profiled"
"OpenCL","COMPUTE","ffn_moe_probs-4","SOFT_MAX","f32",-1,3,-1,64,1,1,1,256,0.114114,1,"clFinish_profiled"
"OpenCL","COMPUTE","ffn_moe_argsort-4","ARGSORT","i32",-1,5,-1,64,1,1,1,256,0.118907,1,"clFinish_profiled"
"OpenCL","COMPUTE","ffn_moe_weights-4","GET_ROWS","f32",-1,7,-1,1,8,1,1,32,0.109375,1,"clFinish_profiled"
"CPU_Elastic","COMPUTE_GRAPH","ggml_cgraph","GRAPH","",-1,21,-1,0,0,0,0,0,1.142083,1,"delegate_cpu_graph"
"CPU_Elastic","COMPUTE_GRAPH","ggml_cgraph","GRAPH","",-1,1,-1,0,0,0,0,0,0.081146,1,"delegate_cpu_graph"
"OpenCL","COMPUTE","Qcur-5","ROPE","f32",-1,3,-1,128,16,1,1,8192,0.135052,1,"clFinish_profiled"
"CPU_Elastic","COMPUTE_GRAPH","ggml_cgraph","GRAPH","",-1,1,-1,0,0,0,0,0,0.082292,1,"delegate_cpu_graph"
"OpenCL","COMPUTE","Kcur-5","ROPE","f32",-1,3,-1,128,16,1,1,8192,0.124687,1,"clFinish_profiled"
"CPU_Elastic","COMPUTE_GRAPH","ggml_cgraph","GRAPH","",-1,3,-1,0,0,0,0,0,0.082708,1,"delegate_cpu_graph"
"OpenCL","COMPUTE","cache_k_l5 (view)","SET_ROWS","f16",-1,0,-1,2048,512,1,1,2097152,0.112240,1,"clFinish_profiled"
"OpenCL","COMPUTE","cache_v_l5 (view)","SET_ROWS","f16",-1,2,-1,2048,512,1,1,2097152,0.112447,1,"clFinish_profiled"
"OpenCL","COMPUTE","__fattn__-5","FLASH_ATTN_EXT","f32",-1,9,-1,128,16,1,1,8192,0.348594,1,"clFinish_profiled"
"CPU_Elastic","COMPUTE_GRAPH","ggml_cgraph","GRAPH","",-1,2,-1,0,0,0,0,0,0.090260,1,"delegate_cpu_graph"
"OpenCL","COMPUTE","ffn_moe_logits-5","MUL_MAT","f32",-1,2,-1,64,1,1,1,256,0.127813,1,"clFinish_profiled"
"OpenCL","COMPUTE","ffn_moe_probs-5","SOFT_MAX","f32",-1,3,-1,64,1,1,1,256,0.113854,1,"clFinish_profiled"
"OpenCL","COMPUTE","ffn_moe_argsort-5","ARGSORT","i32",-1,5,-1,64,1,1,1,256,0.121614,1,"clFinish_profiled"
"OpenCL","COMPUTE","ffn_moe_weights-5","GET_ROWS","f32",-1,7,-1,1,8,1,1,32,0.110417,1,"clFinish_profiled"
"CPU_Elastic","COMPUTE_GRAPH","ggml_cgraph","GRAPH","",-1,21,-1,0,0,0,0,0,1.010469,1,"delegate_cpu_graph"
"CPU_Elastic","COMPUTE_GRAPH","ggml_cgraph","GRAPH","",-1,1,-1,0,0,0,0,0,0.082865,1,"delegate_cpu_graph"
"OpenCL","COMPUTE","Qcur-6","ROPE","f32",-1,3,-1,128,16,1,1,8192,0.126354,1,"clFinish_profiled"
"CPU_Elastic","COMPUTE_GRAPH","ggml_cgraph","GRAPH","",-1,1,-1,0,0,0,0,0,0.083490,1,"delegate_cpu_graph"
"OpenCL","COMPUTE","Kcur-6","ROPE","f32",-1,3,-1,128,16,1,1,8192,0.118645,1,"clFinish_profiled"
"CPU_Elastic","COMPUTE_GRAPH","ggml_cgraph","GRAPH","",-1,3,-1,0,0,0,0,0,0.082656,1,"delegate_cpu_graph"
"OpenCL","COMPUTE","cache_k_l6 (view)","SET_ROWS","f16",-1,0,-1,2048,512,1,1,2097152,0.113177,1,"clFinish_profiled"
"OpenCL","COMPUTE","cache_v_l6 (view)","SET_ROWS","f16",-1,2,-1,2048,512,1,1,2097152,0.112083,1,"clFinish_profiled"
"OpenCL","COMPUTE","__fattn__-6","FLASH_ATTN_EXT","f32",-1,9,-1,128,16,1,1,8192,0.326719,1,"clFinish_profiled"
"CPU_Elastic","COMPUTE_GRAPH","ggml_cgraph","GRAPH","",-1,2,-1,0,0,0,0,0,0.083385,1,"delegate_cpu_graph"
"OpenCL","COMPUTE","ffn_moe_logits-6","MUL_MAT","f32",-1,2,-1,64,1,1,1,256,0.128282,1,"clFinish_profiled"
"OpenCL","COMPUTE","ffn_moe_probs-6","SOFT_MAX","f32",-1,3,-1,64,1,1,1,256,0.114531,1,"clFinish_profiled"
"OpenCL","COMPUTE","ffn_moe_argsort-6","ARGSORT","i32",-1,5,-1,64,1,1,1,256,0.120104,1,"clFinish_profiled"
"OpenCL","COMPUTE","ffn_moe_weights-6","GET_ROWS","f32",-1,7,-1,1,8,1,1,32,0.110312,1,"clFinish_profiled"
"CPU_Elastic","COMPUTE_GRAPH","ggml_cgraph","GRAPH","",-1,21,-1,0,0,0,0,0,1.025052,1,"delegate_cpu_graph"
"CPU_Elastic","COMPUTE_GRAPH","ggml_cgraph","GRAPH","",-1,1,-1,0,0,0,0,0,0.081093,1,"delegate_cpu_graph"
"OpenCL","COMPUTE","Qcur-7","ROPE","f32",-1,3,-1,128,16,1,1,8192,0.125312,1,"clFinish_profiled"
"CPU_Elastic","COMPUTE_GRAPH","ggml_cgraph","GRAPH","",-1,1,-1,0,0,0,0,0,0.081562,1,"delegate_cpu_graph"
"OpenCL","COMPUTE","Kcur-7","ROPE","f32",-1,3,-1,128,16,1,1,8192,0.118490,1,"clFinish_profiled"
"OpenCL","COMPUTE","Vcur-7","MUL_MAT","f32",-1,4,-1,2048,1,1,1,8192,0.265781,1,"clFinish_profiled"
"OpenCL","COMPUTE","cache_k_l7 (view)","SET_ROWS","f16",-1,7,-1,2048,512,1,1,2097152,0.111042,1,"clFinish_profiled"
"OpenCL","COMPUTE","cache_v_l7 (view)","SET_ROWS","f16",-1,9,-1,2048,512,1,1,2097152,0.111406,1,"clFinish_profiled"
"OpenCL","COMPUTE","__fattn__-7","FLASH_ATTN_EXT","f32",-1,16,-1,128,16,1,1,8192,0.325677,1,"clFinish_profiled"
"CPU_Elastic","COMPUTE_GRAPH","ggml_cgraph","GRAPH","",-1,2,-1,0,0,0,0,0,0.084375,1,"delegate_cpu_graph"
"OpenCL","COMPUTE","ffn_moe_logits-7","MUL_MAT","f32",-1,2,-1,64,1,1,1,256,0.125886,1,"clFinish_profiled"
"OpenCL","COMPUTE","ffn_moe_probs-7","SOFT_MAX","f32",-1,3,-1,64,1,1,1,256,0.112864,1,"clFinish_profiled"
"OpenCL","COMPUTE","ffn_moe_argsort-7","ARGSORT","i32",-1,5,-1,64,1,1,1,256,0.119323,1,"clFinish_profiled"
"OpenCL","COMPUTE","ffn_moe_weights-7","GET_ROWS","f32",-1,7,-1,1,8,1,1,32,0.110989,1,"clFinish_profiled"
"CPU_Elastic","COMPUTE_GRAPH","ggml_cgraph","GRAPH","",-1,21,-1,0,0,0,0,0,1.150990,1,"delegate_cpu_graph"
"CPU_Elastic","COMPUTE_GRAPH","ggml_cgraph","GRAPH","",-1,1,-1,0,0,0,0,0,0.081406,1,"delegate_cpu_graph"
"OpenCL","COMPUTE","Qcur-8","ROPE","f32",-1,3,-1,128,16,1,1,8192,0.126563,1,"clFinish_profiled"
"CPU_Elastic","COMPUTE_GRAPH","ggml_cgraph","GRAPH","",-1,1,-1,0,0,0,0,0,0.081302,1,"delegate_cpu_graph"
"OpenCL","COMPUTE","Kcur-8","ROPE","f32",-1,3,-1,128,16,1,1,8192,0.117969,1,"clFinish_profiled"
"CPU_Elastic","COMPUTE_GRAPH","ggml_cgraph","GRAPH","",-1,3,-1,0,0,0,0,0,0.085365,1,"delegate_cpu_graph"
"OpenCL","COMPUTE","cache_k_l8 (view)","SET_ROWS","f16",-1,0,-1,2048,512,1,1,2097152,0.113020,1,"clFinish_profiled"
"OpenCL","COMPUTE","cache_v_l8 (view)","SET_ROWS","f16",-1,2,-1,2048,512,1,1,2097152,0.113177,1,"clFinish_profiled"
"OpenCL","COMPUTE","__fattn__-8","FLASH_ATTN_EXT","f32",-1,9,-1,128,16,1,1,8192,0.327239,1,"clFinish_profiled"
"CPU_Elastic","COMPUTE_GRAPH","ggml_cgraph","GRAPH","",-1,2,-1,0,0,0,0,0,0.084428,1,"delegate_cpu_graph"
"OpenCL","COMPUTE","ffn_moe_logits-8","MUL_MAT","f32",-1,2,-1,64,1,1,1,256,0.125781,1,"clFinish_profiled"
"OpenCL","COMPUTE","ffn_moe_probs-8","SOFT_MAX","f32",-1,3,-1,64,1,1,1,256,0.117083,1,"clFinish_profiled"
"OpenCL","COMPUTE","ffn_moe_argsort-8","ARGSORT","i32",-1,5,-1,64,1,1,1,256,0.119740,1,"clFinish_profiled"
"OpenCL","COMPUTE","ffn_moe_weights-8","GET_ROWS","f32",-1,7,-1,1,8,1,1,32,0.111354,1,"clFinish_profiled"
"CPU_Elastic","COMPUTE_GRAPH","ggml_cgraph","GRAPH","",-1,21,-1,0,0,0,0,0,1.009792,1,"delegate_cpu_graph"
"CPU_Elastic","COMPUTE_GRAPH","ggml_cgraph","GRAPH","",-1,1,-1,0,0,0,0,0,0.082031,1,"delegate_cpu_graph"
"OpenCL","COMPUTE","Qcur-9","ROPE","f32",-1,3,-1,128,16,1,1,8192,0.124531,1,"clFinish_profiled"
"CPU_Elastic","COMPUTE_GRAPH","ggml_cgraph","GRAPH","",-1,1,-1,0,0,0,0,0,0.081615,1,"delegate_cpu_graph"
"OpenCL","COMPUTE","Kcur-9","ROPE","f32",-1,3,-1,128,16,1,1,8192,0.138281,1,"clFinish_profiled"
"CPU_Elastic","COMPUTE_GRAPH","ggml_cgraph","GRAPH","",-1,3,-1,0,0,0,0,0,0.084167,1,"delegate_cpu_graph"
"OpenCL","COMPUTE","cache_k_l9 (view)","SET_ROWS","f16",-1,0,-1,2048,512,1,1,2097152,0.112656,1,"clFinish_profiled"
"OpenCL","COMPUTE","cache_v_l9 (view)","SET_ROWS","f16",-1,2,-1,2048,512,1,1,2097152,0.111614,1,"clFinish_profiled"
"OpenCL","COMPUTE","__fattn__-9","FLASH_ATTN_EXT","f32",-1,9,-1,128,16,1,1,8192,0.325000,1,"clFinish_profiled"
"CPU_Elastic","COMPUTE_GRAPH","ggml_cgraph","GRAPH","",-1,2,-1,0,0,0,0,0,0.083333,1,"delegate_cpu_graph"
"OpenCL","COMPUTE","ffn_moe_logits-9","MUL_MAT","f32",-1,2,-1,64,1,1,1,256,0.125469,1,"clFinish_profiled"
"OpenCL","COMPUTE","ffn_moe_probs-9","SOFT_MAX","f32",-1,3,-1,64,1,1,1,256,0.112969,1,"clFinish_profiled"
"OpenCL","COMPUTE","ffn_moe_argsort-9","ARGSORT","i32",-1,5,-1,64,1,1,1,256,0.118646,1,"clFinish_profiled"
"OpenCL","COMPUTE","ffn_moe_weights-9","GET_ROWS","f32",-1,7,-1,1,8,1,1,32,0.110834,1,"clFinish_profiled"
"CPU_Elastic","COMPUTE_GRAPH","ggml_cgraph","GRAPH","",-1,21,-1,0,0,0,0,0,1.008802,1,"delegate_cpu_graph"
"CPU_Elastic","COMPUTE_GRAPH","ggml_cgraph","GRAPH","",-1,1,-1,0,0,0,0,0,0.082396,1,"delegate_cpu_graph"
"OpenCL","COMPUTE","Qcur-10","ROPE","f32",-1,3,-1,128,16,1,1,8192,0.137917,1,"clFinish_profiled"
"CPU_Elastic","COMPUTE_GRAPH","ggml_cgraph","GRAPH","",-1,1,-1,0,0,0,0,0,0.083698,1,"delegate_cpu_graph"
"OpenCL","COMPUTE","Kcur-10","ROPE","f32",-1,3,-1,128,16,1,1,8192,0.118333,1,"clFinish_profiled"
"OpenCL","COMPUTE","Vcur-10","MUL_MAT","f32",-1,4,-1,2048,1,1,1,8192,0.262709,1,"clFinish_profiled"
"OpenCL","COMPUTE","cache_k_l10 (view)","SET_ROWS","f16",-1,7,-1,2048,512,1,1,2097152,0.126979,1,"clFinish_profiled"
"OpenCL","COMPUTE","cache_v_l10 (view)","SET_ROWS","f16",-1,9,-1,2048,512,1,1,2097152,0.112812,1,"clFinish_profiled"
"OpenCL","COMPUTE","__fattn__-10","FLASH_ATTN_EXT","f32",-1,16,-1,128,16,1,1,8192,0.322136,1,"clFinish_profiled"
"CPU_Elastic","COMPUTE_GRAPH","ggml_cgraph","GRAPH","",-1,2,-1,0,0,0,0,0,0.096094,1,"delegate_cpu_graph"
"OpenCL","COMPUTE","ffn_moe_logits-10","MUL_MAT","f32",-1,2,-1,64,1,1,1,256,0.148803,1,"clFinish_profiled"
"OpenCL","COMPUTE","ffn_moe_probs-10","SOFT_MAX","f32",-1,3,-1,64,1,1,1,256,0.116927,1,"clFinish_profiled"
"OpenCL","COMPUTE","ffn_moe_argsort-10","ARGSORT","i32",-1,5,-1,64,1,1,1,256,0.120104,1,"clFinish_profiled"
"OpenCL","COMPUTE","ffn_moe_weights-10","GET_ROWS","f32",-1,7,-1,1,8,1,1,32,0.109271,1,"clFinish_profiled"
"CPU_Elastic","COMPUTE_GRAPH","ggml_cgraph","GRAPH","",-1,21,-1,0,0,0,0,0,1.134636,1,"delegate_cpu_graph"
"CPU_Elastic","COMPUTE_GRAPH","ggml_cgraph","GRAPH","",-1,1,-1,0,0,0,0,0,0.080833,1,"delegate_cpu_graph"
"OpenCL","COMPUTE","Qcur-11","ROPE","f32",-1,3,-1,128,16,1,1,8192,0.124271,1,"clFinish_profiled"
"CPU_Elastic","COMPUTE_GRAPH","ggml_cgraph","GRAPH","",-1,1,-1,0,0,0,0,0,0.083646,1,"delegate_cpu_graph"
"OpenCL","COMPUTE","Kcur-11","ROPE","f32",-1,3,-1,128,16,1,1,8192,0.118333,1,"clFinish_profiled"
"CPU_Elastic","COMPUTE_GRAPH","ggml_cgraph","GRAPH","",-1,3,-1,0,0,0,0,0,0.082656,1,"delegate_cpu_graph"
"OpenCL","COMPUTE","cache_k_l11 (view)","SET_ROWS","f16",-1,0,-1,2048,512,1,1,2097152,0.110834,1,"clFinish_profiled"
"OpenCL","COMPUTE","cache_v_l11 (view)","SET_ROWS","f16",-1,2,-1,2048,512,1,1,2097152,0.111979,1,"clFinish_profiled"
"OpenCL","COMPUTE","__fattn__-11","FLASH_ATTN_EXT","f32",-1,9,-1,128,16,1,1,8192,0.326198,1,"clFinish_profiled"
"CPU_Elastic","COMPUTE_GRAPH","ggml_cgraph","GRAPH","",-1,2,-1,0,0,0,0,0,0.105469,1,"delegate_cpu_graph"
"OpenCL","COMPUTE","ffn_moe_logits-11","MUL_MAT","f32",-1,2,-1,64,1,1,1,256,0.126354,1,"clFinish_profiled"
"OpenCL","COMPUTE","ffn_moe_probs-11","SOFT_MAX","f32",-1,3,-1,64,1,1,1,256,0.113177,1,"clFinish_profiled"
"OpenCL","COMPUTE","ffn_moe_argsort-11","ARGSORT","i32",-1,5,-1,64,1,1,1,256,0.120312,1,"clFinish_profiled"
"OpenCL","COMPUTE","ffn_moe_weights-11","GET_ROWS","f32",-1,7,-1,1,8,1,1,32,0.108437,1,"clFinish_profiled"
"CPU_Elastic","COMPUTE_GRAPH","ggml_cgraph","GRAPH","",-1,21,-1,0,0,0,0,0,1.022239,1,"delegate_cpu_graph"
"CPU_Elastic","COMPUTE_GRAPH","ggml_cgraph","GRAPH","",-1,1,-1,0,0,0,0,0,0.081719,1,"delegate_cpu_graph"
"OpenCL","COMPUTE","Qcur-12","ROPE","f32",-1,3,-1,128,16,1,1,8192,0.126042,1,"clFinish_profiled"
"CPU_Elastic","COMPUTE_GRAPH","ggml_cgraph","GRAPH","",-1,1,-1,0,0,0,0,0,0.082032,1,"delegate_cpu_graph"
"OpenCL","COMPUTE","Kcur-12","ROPE","f32",-1,3,-1,128,16,1,1,8192,0.117396,1,"clFinish_profiled"
"CPU_Elastic","COMPUTE_GRAPH","ggml_cgraph","GRAPH","",-1,3,-1,0,0,0,0,0,0.083073,1,"delegate_cpu_graph"
"OpenCL","COMPUTE","cache_k_l12 (view)","SET_ROWS","f16",-1,0,-1,2048,512,1,1,2097152,0.111822,1,"clFinish_profiled"
"OpenCL","COMPUTE","cache_v_l12 (view)","SET_ROWS","f16",-1,2,-1,2048,512,1,1,2097152,0.112968,1,"clFinish_profiled"
"OpenCL","COMPUTE","__fattn__-12","FLASH_ATTN_EXT","f32",-1,9,-1,128,16,1,1,8192,0.328594,1,"clFinish_profiled"
"CPU_Elastic","COMPUTE_GRAPH","ggml_cgraph","GRAPH","",-1,2,-1,0,0,0,0,0,0.085156,1,"delegate_cpu_graph"
"OpenCL","COMPUTE","ffn_moe_logits-12","MUL_MAT","f32",-1,2,-1,64,1,1,1,256,0.135209,1,"clFinish_profiled"
"OpenCL","COMPUTE","ffn_moe_probs-12","SOFT_MAX","f32",-1,3,-1,64,1,1,1,256,0.123021,1,"clFinish_profiled"
"OpenCL","COMPUTE","ffn_moe_argsort-12","ARGSORT","i32",-1,5,-1,64,1,1,1,256,0.120052,1,"clFinish_profiled"
"OpenCL","COMPUTE","ffn_moe_weights-12","GET_ROWS","f32",-1,7,-1,1,8,1,1,32,0.114115,1,"clFinish_profiled"
"CPU_Elastic","COMPUTE_GRAPH","ggml_cgraph","GRAPH","",-1,21,-1,0,0,0,0,0,1.014323,1,"delegate_cpu_graph"
"CPU_Elastic","COMPUTE_GRAPH","ggml_cgraph","GRAPH","",-1,1,-1,0,0,0,0,0,0.084791,1,"delegate_cpu_graph"
"OpenCL","COMPUTE","Qcur-13","ROPE","f32",-1,3,-1,128,16,1,1,8192,0.145365,1,"clFinish_profiled"
"CPU_Elastic","COMPUTE_GRAPH","ggml_cgraph","GRAPH","",-1,1,-1,0,0,0,0,0,0.081302,1,"delegate_cpu_graph"
"OpenCL","COMPUTE","Kcur-13","ROPE","f32",-1,3,-1,128,16,1,1,8192,0.118593,1,"clFinish_profiled"
"OpenCL","COMPUTE","Vcur-13","MUL_MAT","f32",-1,4,-1,2048,1,1,1,8192,0.266302,1,"clFinish_profiled"
"OpenCL","COMPUTE","cache_k_l13 (view)","SET_ROWS","f16",-1,7,-1,2048,512,1,1,2097152,0.111875,1,"clFinish_profiled"
"OpenCL","COMPUTE","cache_v_l13 (view)","SET_ROWS","f16",-1,9,-1,2048,512,1,1,2097152,0.111823,1,"clFinish_profiled"
"OpenCL","COMPUTE","__fattn__-13","FLASH_ATTN_EXT","f32",-1,16,-1,128,16,1,1,8192,0.322135,1,"clFinish_profiled"
"CPU_Elastic","COMPUTE_GRAPH","ggml_cgraph","GRAPH","",-1,2,-1,0,0,0,0,0,0.085365,1,"delegate_cpu_graph"
"OpenCL","COMPUTE","ffn_moe_logits-13","MUL_MAT","f32",-1,2,-1,64,1,1,1,256,0.127187,1,"clFinish_profiled"
"OpenCL","COMPUTE","ffn_moe_probs-13","SOFT_MAX","f32",-1,3,-1,64,1,1,1,256,0.115000,1,"clFinish_profiled"
"OpenCL","COMPUTE","ffn_moe_argsort-13","ARGSORT","i32",-1,5,-1,64,1,1,1,256,0.119271,1,"clFinish_profiled"
"OpenCL","COMPUTE","ffn_moe_weights-13","GET_ROWS","f32",-1,7,-1,1,8,1,1,32,0.109271,1,"clFinish_profiled"
"CPU_Elastic","COMPUTE_GRAPH","ggml_cgraph","GRAPH","",-1,21,-1,0,0,0,0,0,1.162760,1,"delegate_cpu_graph"
"CPU_Elastic","COMPUTE_GRAPH","ggml_cgraph","GRAPH","",-1,1,-1,0,0,0,0,0,0.082916,1,"delegate_cpu_graph"
"OpenCL","COMPUTE","Qcur-14","ROPE","f32",-1,3,-1,128,16,1,1,8192,0.124792,1,"clFinish_profiled"
"CPU_Elastic","COMPUTE_GRAPH","ggml_cgraph","GRAPH","",-1,1,-1,0,0,0,0,0,0.083958,1,"delegate_cpu_graph"
"OpenCL","COMPUTE","Kcur-14","ROPE","f32",-1,3,-1,128,16,1,1,8192,0.122240,1,"clFinish_profiled"
"OpenCL","COMPUTE","Vcur-14","MUL_MAT","f32",-1,4,-1,2048,1,1,1,8192,0.262917,1,"clFinish_profiled"
"OpenCL","COMPUTE","cache_k_l14 (view)","SET_ROWS","f16",-1,7,-1,2048,512,1,1,2097152,0.113021,1,"clFinish_profiled"
"OpenCL","COMPUTE","cache_v_l14 (view)","SET_ROWS","f16",-1,9,-1,2048,512,1,1,2097152,0.111042,1,"clFinish_profiled"
"OpenCL","COMPUTE","__fattn__-14","FLASH_ATTN_EXT","f32",-1,16,-1,128,16,1,1,8192,0.325052,1,"clFinish_profiled"
"CPU_Elastic","COMPUTE_GRAPH","ggml_cgraph","GRAPH","",-1,2,-1,0,0,0,0,0,0.083907,1,"delegate_cpu_graph"
"OpenCL","COMPUTE","ffn_moe_logits-14","MUL_MAT","f32",-1,2,-1,64,1,1,1,256,0.125989,1,"clFinish_profiled"
"OpenCL","COMPUTE","ffn_moe_probs-14","SOFT_MAX","f32",-1,3,-1,64,1,1,1,256,0.114011,1,"clFinish_profiled"
"OpenCL","COMPUTE","ffn_moe_argsort-14","ARGSORT","i32",-1,5,-1,64,1,1,1,256,0.117812,1,"clFinish_profiled"
"OpenCL","COMPUTE","ffn_moe_weights-14","GET_ROWS","f32",-1,7,-1,1,8,1,1,32,0.108645,1,"clFinish_profiled"
"CPU_Elastic","COMPUTE_GRAPH","ggml_cgraph","GRAPH","",-1,21,-1,0,0,0,0,0,1.132083,1,"delegate_cpu_graph"
"CPU_Elastic","COMPUTE_GRAPH","ggml_cgraph","GRAPH","",-1,1,-1,0,0,0,0,0,0.081875,1,"delegate_cpu_graph"
"OpenCL","COMPUTE","Qcur-15","ROPE","f32",-1,3,-1,128,16,1,1,8192,0.123854,1,"clFinish_profiled"
"CPU_Elastic","COMPUTE_GRAPH","ggml_cgraph","GRAPH","",-1,1,-1,0,0,0,0,0,0.083802,1,"delegate_cpu_graph"
"OpenCL","COMPUTE","Kcur-15","ROPE","f32",-1,3,-1,128,16,1,1,8192,0.117761,1,"clFinish_profiled"
"OpenCL","COMPUTE","Vcur-15","MUL_MAT","f32",-1,4,-1,2048,1,1,1,8192,0.264010,1,"clFinish_profiled"
"OpenCL","COMPUTE","cache_k_l15 (view)","SET_ROWS","f16",-1,7,-1,2048,512,1,1,2097152,0.110781,1,"clFinish_profiled"
"OpenCL","COMPUTE","cache_v_l15 (view)","SET_ROWS","f16",-1,9,-1,2048,512,1,1,2097152,0.110937,1,"clFinish_profiled"
"OpenCL","COMPUTE","__fattn__-15","FLASH_ATTN_EXT","f32",-1,16,-1,128,16,1,1,8192,0.323593,1,"clFinish_profiled"
"CPU_Elastic","COMPUTE_GRAPH","ggml_cgraph","GRAPH","",-1,4,-1,0,0,0,0,0,0.088073,1,"delegate_cpu_graph"
"OpenCL","COMPUTE","ffn_moe_logits-15","MUL_MAT","f32",-1,2,-1,64,1,1,1,256,0.132084,1,"clFinish_profiled"
"OpenCL","COMPUTE","ffn_moe_probs-15","SOFT_MAX","f32",-1,3,-1,64,1,1,1,256,0.203125,1,"clFinish_profiled"
"OpenCL","COMPUTE","ffn_moe_argsort-15","ARGSORT","i32",-1,5,-1,64,1,1,1,256,0.134896,1,"clFinish_profiled"
"OpenCL","COMPUTE","ffn_moe_weights-15","GET_ROWS","f32",-1,7,-1,1,8,1,1,32,0.116667,1,"clFinish_profiled"
"CPU_Elastic","COMPUTE_GRAPH","ggml_cgraph","GRAPH","",-1,22,-1,0,0,0,0,0,1.168438,1,"delegate_cpu_graph"
"OpenCL","COMPUTE","result_norm","MUL","f32",-1,0,-1,2048,1,1,1,8192,0.334583,1,"clFinish_profiled"
"OpenCL","COMPUTE","result_output","MUL_MAT","f32",-1,1,-1,50304,1,1,1,201216,3.833334,1,"clFinish_profiled"
"CPU_Elastic","COMPUTE_GRAPH","ggml_cgraph","GRAPH","",-1,1,-1,0,0,0,0,0,0.003490,1,"delegate_cpu_graph"
"CPU_Elastic","COMPUTE_GRAPH","ggml_cgraph","GRAPH","",-1,1,-1,0,0,0,0,0,0.082448,1,"delegate_cpu_graph"
"OpenCL","COMPUTE","Qcur-0","ROPE","f32",-1,3,-1,128,16,1,1,8192,0.130104,1,"clFinish_profiled"
"CPU_Elastic","COMPUTE_GRAPH","ggml_cgraph","GRAPH","",-1,1,-1,0,0,0,0,0,0.081562,1,"delegate_cpu_graph"
"OpenCL","COMPUTE","Kcur-0","ROPE","f32",-1,3,-1,128,16,1,1,8192,0.138854,1,"clFinish_profiled"
"OpenCL","COMPUTE","Vcur-0","MUL_MAT","f32",-1,4,-1,2048,1,1,1,8192,0.278750,1,"clFinish_profiled"
"OpenCL","COMPUTE","cache_k_l0 (view)","SET_ROWS","f16",-1,7,-1,2048,512,1,1,2097152,0.129791,1,"clFinish_profiled"
"OpenCL","COMPUTE","cache_v_l0 (view)","SET_ROWS","f16",-1,9,-1,2048,512,1,1,2097152,0.124167,1,"clFinish_profiled"
"OpenCL","COMPUTE"," (copy)","CPY","f16",-1,16,-1,256,64,1,1,32768,0.126354,1,"clFinish_profiled"
"OpenCL","COMPUTE","__fattn__-0","FLASH_ATTN_EXT","f32",-1,17,-1,128,16,1,1,8192,0.324428,1,"clFinish_profiled"
"CPU_Elastic","COMPUTE_GRAPH","ggml_cgraph","GRAPH","",-1,2,-1,0,0,0,0,0,0.090781,1,"delegate_cpu_graph"
"OpenCL","COMPUTE","ffn_moe_logits-0","MUL_MAT","f32",-1,2,-1,64,1,1,1,256,0.136927,1,"clFinish_profiled"
"OpenCL","COMPUTE","ffn_moe_probs-0","SOFT_MAX","f32",-1,3,-1,64,1,1,1,256,0.125625,1,"clFinish_profiled"
"OpenCL","COMPUTE","ffn_moe_argsort-0","ARGSORT","i32",-1,5,-1,64,1,1,1,256,0.129688,1,"clFinish_profiled"
"OpenCL","COMPUTE","ffn_moe_weights-0","GET_ROWS","f32",-1,7,-1,1,8,1,1,32,0.118438,1,"clFinish_profiled"
"CPU_Elastic","COMPUTE_GRAPH","ggml_cgraph","GRAPH","",-1,21,-1,0,0,0,0,0,1.131980,1,"delegate_cpu_graph"
"CPU_Elastic","COMPUTE_GRAPH","ggml_cgraph","GRAPH","",-1,1,-1,0,0,0,0,0,0.080885,1,"delegate_cpu_graph"
"OpenCL","COMPUTE","Qcur-1","ROPE","f32",-1,3,-1,128,16,1,1,8192,0.137761,1,"clFinish_profiled"
"CPU_Elastic","COMPUTE_GRAPH","ggml_cgraph","GRAPH","",-1,1,-1,0,0,0,0,0,0.084792,1,"delegate_cpu_graph"
"OpenCL","COMPUTE","Kcur-1","ROPE","f32",-1,3,-1,128,16,1,1,8192,0.128906,1,"clFinish_profiled"
"OpenCL","COMPUTE","Vcur-1","MUL_MAT","f32",-1,4,-1,2048,1,1,1,8192,0.277500,1,"clFinish_profiled"
"OpenCL","COMPUTE","cache_k_l1 (view)","SET_ROWS","f16",-1,7,-1,2048,512,1,1,2097152,0.123802,1,"clFinish_profiled"
"OpenCL","COMPUTE","cache_v_l1 (view)","SET_ROWS","f16",-1,9,-1,2048,512,1,1,2097152,0.126979,1,"clFinish_profiled"
"OpenCL","COMPUTE","__fattn__-1","FLASH_ATTN_EXT","f32",-1,16,-1,128,16,1,1,8192,0.333854,1,"clFinish_profiled"
"CPU_Elastic","COMPUTE_GRAPH","ggml_cgraph","GRAPH","",-1,2,-1,0,0,0,0,0,0.083698,1,"delegate_cpu_graph"
"OpenCL","COMPUTE","ffn_moe_logits-1","MUL_MAT","f32",-1,2,-1,64,1,1,1,256,0.137031,1,"clFinish_profiled"
"OpenCL","COMPUTE","ffn_moe_probs-1","SOFT_MAX","f32",-1,3,-1,64,1,1,1,256,0.123125,1,"clFinish_profiled"
"OpenCL","COMPUTE","ffn_moe_argsort-1","ARGSORT","i32",-1,5,-1,64,1,1,1,256,0.131823,1,"clFinish_profiled"
"OpenCL","COMPUTE","ffn_moe_weights-1","GET_ROWS","f32",-1,7,-1,1,8,1,1,32,0.118854,1,"clFinish_profiled"
"CPU_Elastic","COMPUTE_GRAPH","ggml_cgraph","GRAPH","",-1,21,-1,0,0,0,0,0,1.138854,1,"delegate_cpu_graph"
"CPU_Elastic","COMPUTE_GRAPH","ggml_cgraph","GRAPH","",-1,1,-1,0,0,0,0,0,0.081042,1,"delegate_cpu_graph"
"OpenCL","COMPUTE","Qcur-2","ROPE","f32",-1,3,-1,128,16,1,1,8192,0.132969,1,"clFinish_profiled"
"CPU_Elastic","COMPUTE_GRAPH","ggml_cgraph","GRAPH","",-1,1,-1,0,0,0,0,0,0.081094,1,"delegate_cpu_graph"
"OpenCL","COMPUTE","Kcur-2","ROPE","f32",-1,3,-1,128,16,1,1,8192,0.125834,1,"clFinish_profiled"
"CPU_Elastic","COMPUTE_GRAPH","ggml_cgraph","GRAPH","",-1,3,-1,0,0,0,0,0,0.082344,1,"delegate_cpu_graph"
"OpenCL","COMPUTE","cache_k_l2 (view)","SET_ROWS","f16",-1,0,-1,2048,512,1,1,2097152,0.122708,1,"clFinish_profiled"
"OpenCL","COMPUTE","cache_v_l2 (view)","SET_ROWS","f16",-1,2,-1,2048,512,1,1,2097152,0.122032,1,"clFinish_profiled"
"OpenCL","COMPUTE","__fattn__-2","FLASH_ATTN_EXT","f32",-1,9,-1,128,16,1,1,8192,0.331042,1,"clFinish_profiled"
"CPU_Elastic","COMPUTE_GRAPH","ggml_cgraph","GRAPH","",-1,2,-1,0,0,0,0,0,0.083282,1,"delegate_cpu_graph"
"OpenCL","COMPUTE","ffn_moe_logits-2","MUL_MAT","f32",-1,2,-1,64,1,1,1,256,0.135260,1,"clFinish_profiled"
"OpenCL","COMPUTE","ffn_moe_probs-2","SOFT_MAX","f32",-1,3,-1,64,1,1,1,256,0.119948,1,"clFinish_profiled"
"OpenCL","COMPUTE","ffn_moe_argsort-2","ARGSORT","i32",-1,5,-1,64,1,1,1,256,0.130261,1,"clFinish_profiled"
"OpenCL","COMPUTE","ffn_moe_weights-2","GET_ROWS","f32",-1,7,-1,1,8,1,1,32,0.120782,1,"clFinish_profiled"
"CPU_Elastic","COMPUTE_GRAPH","ggml_cgraph","GRAPH","",-1,21,-1,0,0,0,0,0,1.030781,1,"delegate_cpu_graph"
"CPU_Elastic","COMPUTE_GRAPH","ggml_cgraph","GRAPH","",-1,1,-1,0,0,0,0,0,0.083542,1,"delegate_cpu_graph"
"OpenCL","COMPUTE","Qcur-3","ROPE","f32",-1,3,-1,128,16,1,1,8192,0.132969,1,"clFinish_profiled"
"CPU_Elastic","COMPUTE_GRAPH","ggml_cgraph","GRAPH","",-1,1,-1,0,0,0,0,0,0.081563,1,"delegate_cpu_graph"
"OpenCL","COMPUTE","Kcur-3","ROPE","f32",-1,3,-1,128,16,1,1,8192,0.130937,1,"clFinish_profiled"
"CPU_Elastic","COMPUTE_GRAPH","ggml_cgraph","GRAPH","",-1,3,-1,0,0,0,0,0,0.086979,1,"delegate_cpu_graph"
"OpenCL","COMPUTE","cache_k_l3 (view)","SET_ROWS","f16",-1,0,-1,2048,512,1,1,2097152,0.129167,1,"clFinish_profiled"
"OpenCL","COMPUTE","cache_v_l3 (view)","SET_ROWS","f16",-1,2,-1,2048,512,1,1,2097152,0.124792,1,"clFinish_profiled"
"OpenCL","COMPUTE","__fattn__-3","FLASH_ATTN_EXT","f32",-1,9,-1,128,16,1,1,8192,0.339166,1,"clFinish_profiled"
"CPU_Elastic","COMPUTE_GRAPH","ggml_cgraph","GRAPH","",-1,2,-1,0,0,0,0,0,0.083437,1,"delegate_cpu_graph"
"OpenCL","COMPUTE","ffn_moe_logits-3","MUL_MAT","f32",-1,2,-1,64,1,1,1,256,0.136406,1,"clFinish_profiled"
"OpenCL","COMPUTE","ffn_moe_probs-3","SOFT_MAX","f32",-1,3,-1,64,1,1,1,256,0.123021,1,"clFinish_profiled"
"OpenCL","COMPUTE","ffn_moe_argsort-3","ARGSORT","i32",-1,5,-1,64,1,1,1,256,0.129532,1,"clFinish_profiled"
"OpenCL","COMPUTE","ffn_moe_weights-3","GET_ROWS","f32",-1,7,-1,1,8,1,1,32,0.119948,1,"clFinish_profiled"
"CPU_Elastic","COMPUTE_GRAPH","ggml_cgraph","GRAPH","",-1,21,-1,0,0,0,0,0,1.024323,1,"delegate_cpu_graph"
"CPU_Elastic","COMPUTE_GRAPH","ggml_cgraph","GRAPH","",-1,1,-1,0,0,0,0,0,0.083177,1,"delegate_cpu_graph"
"OpenCL","COMPUTE","Qcur-4","ROPE","f32",-1,3,-1,128,16,1,1,8192,0.130729,1,"clFinish_profiled"
"CPU_Elastic","COMPUTE_GRAPH","ggml_cgraph","GRAPH","",-1,1,-1,0,0,0,0,0,0.083385,1,"delegate_cpu_graph"
"OpenCL","COMPUTE","Kcur-4","ROPE","f32",-1,3,-1,128,16,1,1,8192,0.128021,1,"clFinish_profiled"
"OpenCL","COMPUTE","Vcur-4","MUL_MAT","f32",-1,4,-1,2048,1,1,1,8192,0.271979,1,"clFinish_profiled"
"OpenCL","COMPUTE","cache_k_l4 (view)","SET_ROWS","f16",-1,7,-1,2048,512,1,1,2097152,0.118802,1,"clFinish_profiled"
"OpenCL","COMPUTE","cache_v_l4 (view)","SET_ROWS","f16",-1,9,-1,2048,512,1,1,2097152,0.122865,1,"clFinish_profiled"
"OpenCL","COMPUTE","__fattn__-4","FLASH_ATTN_EXT","f32",-1,16,-1,128,16,1,1,8192,0.336354,1,"clFinish_profiled"
"CPU_Elastic","COMPUTE_GRAPH","ggml_cgraph","GRAPH","",-1,2,-1,0,0,0,0,0,0.084115,1,"delegate_cpu_graph"
"OpenCL","COMPUTE","ffn_moe_logits-4","MUL_MAT","f32",-1,2,-1,64,1,1,1,256,0.136146,1,"clFinish_profiled"
"OpenCL","COMPUTE","ffn_moe_probs-4","SOFT_MAX","f32",-1,3,-1,64,1,1,1,256,0.120886,1,"clFinish_profiled"
"OpenCL","COMPUTE","ffn_moe_argsort-4","ARGSORT","i32",-1,5,-1,64,1,1,1,256,0.123698,1,"clFinish_profiled"
"OpenCL","COMPUTE","ffn_moe_weights-4","GET_ROWS","f32",-1,7,-1,1,8,1,1,32,0.118958,1,"clFinish_profiled"
"CPU_Elastic","COMPUTE_GRAPH","ggml_cgraph","GRAPH","",-1,21,-1,0,0,0,0,0,1.128385,1,"delegate_cpu_graph"
"CPU_Elastic","COMPUTE_GRAPH","ggml_cgraph","GRAPH","",-1,1,-1,0,0,0,0,0,0.080885,1,"delegate_cpu_graph"
"OpenCL","COMPUTE","Qcur-5","ROPE","f32",-1,3,-1,128,16,1,1,8192,0.142865,1,"clFinish_profiled"
"CPU_Elastic","COMPUTE_GRAPH","ggml_cgraph","GRAPH","",-1,1,-1,0,0,0,0,0,0.093125,1,"delegate_cpu_graph"
"OpenCL","COMPUTE","Kcur-5","ROPE","f32",-1,3,-1,128,16,1,1,8192,0.139115,1,"clFinish_profiled"
"CPU_Elastic","COMPUTE_GRAPH","ggml_cgraph","GRAPH","",-1,3,-1,0,0,0,0,0,0.098958,1,"delegate_cpu_graph"
"OpenCL","COMPUTE","cache_k_l5 (view)","SET_ROWS","f16",-1,0,-1,2048,512,1,1,2097152,0.113594,1,"clFinish_profiled"
"OpenCL","COMPUTE","cache_v_l5 (view)","SET_ROWS","f16",-1,2,-1,2048,512,1,1,2097152,0.134948,1,"clFinish_profiled"
"OpenCL","COMPUTE","__fattn__-5","FLASH_ATTN_EXT","f32",-1,9,-1,128,16,1,1,8192,0.346302,1,"clFinish_profiled"
"CPU_Elastic","COMPUTE_GRAPH","ggml_cgraph","GRAPH","",-1,2,-1,0,0,0,0,0,0.083854,1,"delegate_cpu_graph"
"OpenCL","COMPUTE","ffn_moe_logits-5","MUL_MAT","f32",-1,2,-1,64,1,1,1,256,0.126927,1,"clFinish_profiled"
"OpenCL","COMPUTE","ffn_moe_probs-5","SOFT_MAX","f32",-1,3,-1,64,1,1,1,256,0.116458,1,"clFinish_profiled"
"OpenCL","COMPUTE","ffn_moe_argsort-5","ARGSORT","i32",-1,5,-1,64,1,1,1,256,0.121303,1,"clFinish_profiled"
"OpenCL","COMPUTE","ffn_moe_weights-5","GET_ROWS","f32",-1,7,-1,1,8,1,1,32,0.117500,1,"clFinish_profiled"
"CPU_Elastic","COMPUTE_GRAPH","ggml_cgraph","GRAPH","",-1,21,-1,0,0,0,0,0,1.016719,1,"delegate_cpu_graph"
"CPU_Elastic","COMPUTE_GRAPH","ggml_cgraph","GRAPH","",-1,1,-1,0,0,0,0,0,0.081459,1,"delegate_cpu_graph"
"OpenCL","COMPUTE","Qcur-6","ROPE","f32",-1,3,-1,128,16,1,1,8192,0.125885,1,"clFinish_profiled"
"CPU_Elastic","COMPUTE_GRAPH","ggml_cgraph","GRAPH","",-1,1,-1,0,0,0,0,0,0.084010,1,"delegate_cpu_graph"
"OpenCL","COMPUTE","Kcur-6","ROPE","f32",-1,3,-1,128,16,1,1,8192,0.118333,1,"clFinish_profiled"
"CPU_Elastic","COMPUTE_GRAPH","ggml_cgraph","GRAPH","",-1,3,-1,0,0,0,0,0,0.108125,1,"delegate_cpu_graph"
"OpenCL","COMPUTE","cache_k_l6 (view)","SET_ROWS","f16",-1,0,-1,2048,512,1,1,2097152,0.114427,1,"clFinish_profiled"
"OpenCL","COMPUTE","cache_v_l6 (view)","SET_ROWS","f16",-1,2,-1,2048,512,1,1,2097152,0.115365,1,"clFinish_profiled"
"OpenCL","COMPUTE","__fattn__-6","FLASH_ATTN_EXT","f32",-1,9,-1,128,16,1,1,8192,0.327448,1,"clFinish_profiled"
"CPU_Elastic","COMPUTE_GRAPH","ggml_cgraph","GRAPH","",-1,2,-1,0,0,0,0,0,0.084218,1,"delegate_cpu_graph"
"OpenCL","COMPUTE","ffn_moe_logits-6","MUL_MAT","f32",-1,2,-1,64,1,1,1,256,0.144479,1,"clFinish_profiled"
"OpenCL","COMPUTE","ffn_moe_probs-6","SOFT_MAX","f32",-1,3,-1,64,1,1,1,256,0.119375,1,"clFinish_profiled"
"OpenCL","COMPUTE","ffn_moe_argsort-6","ARGSORT","i32",-1,5,-1,64,1,1,1,256,0.132187,1,"clFinish_profiled"
"OpenCL","COMPUTE","ffn_moe_weights-6","GET_ROWS","f32",-1,7,-1,1,8,1,1,32,0.121094,1,"clFinish_profiled"
"CPU_Elastic","COMPUTE_GRAPH","ggml_cgraph","GRAPH","",-1,21,-1,0,0,0,0,0,1.008802,1,"delegate_cpu_graph"
"CPU_Elastic","COMPUTE_GRAPH","ggml_cgraph","GRAPH","",-1,1,-1,0,0,0,0,0,0.080782,1,"delegate_cpu_graph"
"OpenCL","COMPUTE","Qcur-7","ROPE","f32",-1,3,-1,128,16,1,1,8192,0.138178,1,"clFinish_profiled"
"CPU_Elastic","COMPUTE_GRAPH","ggml_cgraph","GRAPH","",-1,1,-1,0,0,0,0,0,0.081198,1,"delegate_cpu_graph"
"OpenCL","COMPUTE","Kcur-7","ROPE","f32",-1,3,-1,128,16,1,1,8192,0.126823,1,"clFinish_profiled"
"OpenCL","COMPUTE","Vcur-7","MUL_MAT","f32",-1,4,-1,2048,1,1,1,8192,0.273386,1,"clFinish_profiled"
"OpenCL","COMPUTE","cache_k_l7 (view)","SET_ROWS","f16",-1,7,-1,2048,512,1,1,2097152,0.120990,1,"clFinish_profiled"
"OpenCL","COMPUTE","cache_v_l7 (view)","SET_ROWS","f16",-1,9,-1,2048,512,1,1,2097152,0.121406,1,"clFinish_profiled"
"OpenCL","COMPUTE","__fattn__-7","FLASH_ATTN_EXT","f32",-1,16,-1,128,16,1,1,8192,0.333333,1,"clFinish_profiled"
"CPU_Elastic","COMPUTE_GRAPH","ggml_cgraph","GRAPH","",-1,2,-1,0,0,0,0,0,0.085625,1,"delegate_cpu_graph"
"OpenCL","COMPUTE","ffn_moe_logits-7","MUL_MAT","f32",-1,2,-1,64,1,1,1,256,0.136563,1,"clFinish_profiled"
"OpenCL","COMPUTE","ffn_moe_probs-7","SOFT_MAX","f32",-1,3,-1,64,1,1,1,256,0.124271,1,"clFinish_profiled"
"OpenCL","COMPUTE","ffn_moe_argsort-7","ARGSORT","i32",-1,5,-1,64,1,1,1,256,0.129010,1,"clFinish_profiled"
"OpenCL","COMPUTE","ffn_moe_weights-7","GET_ROWS","f32",-1,7,-1,1,8,1,1,32,0.119635,1,"clFinish_profiled"
"CPU_Elastic","COMPUTE_GRAPH","ggml_cgraph","GRAPH","",-1,21,-1,0,0,0,0,0,1.146770,1,"delegate_cpu_graph"
"CPU_Elastic","COMPUTE_GRAPH","ggml_cgraph","GRAPH","",-1,1,-1,0,0,0,0,0,0.083282,1,"delegate_cpu_graph"
"OpenCL","COMPUTE","Qcur-8","ROPE","f32",-1,3,-1,128,16,1,1,8192,0.134896,1,"clFinish_profiled"
"CPU_Elastic","COMPUTE_GRAPH","ggml_cgraph","GRAPH","",-1,1,-1,0,0,0,0,0,0.080834,1,"delegate_cpu_graph"
"OpenCL","COMPUTE","Kcur-8","ROPE","f32",-1,3,-1,128,16,1,1,8192,0.129948,1,"clFinish_profiled"
"CPU_Elastic","COMPUTE_GRAPH","ggml_cgraph","GRAPH","",-1,3,-1,0,0,0,0,0,0.082865,1,"delegate_cpu_graph"
"OpenCL","COMPUTE","cache_k_l8 (view)","SET_ROWS","f16",-1,0,-1,2048,512,1,1,2097152,0.123021,1,"clFinish_profiled"
"OpenCL","COMPUTE","cache_v_l8 (view)","SET_ROWS","f16",-1,2,-1,2048,512,1,1,2097152,0.121563,1,"clFinish_profiled"
"OpenCL","COMPUTE","__fattn__-8","FLASH_ATTN_EXT","f32",-1,9,-1,128,16,1,1,8192,0.374531,1,"clFinish_profiled"
"CPU_Elastic","COMPUTE_GRAPH","ggml_cgraph","GRAPH","",-1,2,-1,0,0,0,0,0,0.083489,1,"delegate_cpu_graph"
"OpenCL","COMPUTE","ffn_moe_logits-8","MUL_MAT","f32",-1,2,-1,64,1,1,1,256,0.141667,1,"clFinish_profiled"
"OpenCL","COMPUTE","ffn_moe_probs-8","SOFT_MAX","f32",-1,3,-1,64,1,1,1,256,0.122604,1,"clFinish_profiled"
"OpenCL","COMPUTE","ffn_moe_argsort-8","ARGSORT","i32",-1,5,-1,64,1,1,1,256,0.131875,1,"clFinish_profiled"
"OpenCL","COMPUTE","ffn_moe_weights-8","GET_ROWS","f32",-1,7,-1,1,8,1,1,32,0.119375,1,"clFinish_profiled"
"CPU_Elastic","COMPUTE_GRAPH","ggml_cgraph","GRAPH","",-1,21,-1,0,0,0,0,0,1.031406,1,"delegate_cpu_graph"
"CPU_Elastic","COMPUTE_GRAPH","ggml_cgraph","GRAPH","",-1,1,-1,0,0,0,0,0,0.081771,1,"delegate_cpu_graph"
"OpenCL","COMPUTE","Qcur-9","ROPE","f32",-1,3,-1,128,16,1,1,8192,0.138750,1,"clFinish_profiled"
"CPU_Elastic","COMPUTE_GRAPH","ggml_cgraph","GRAPH","",-1,1,-1,0,0,0,0,0,0.083906,1,"delegate_cpu_graph"
"OpenCL","COMPUTE","Kcur-9","ROPE","f32",-1,3,-1,128,16,1,1,8192,0.125521,1,"clFinish_profiled"
"CPU_Elastic","COMPUTE_GRAPH","ggml_cgraph","GRAPH","",-1,3,-1,0,0,0,0,0,0.086823,1,"delegate_cpu_graph"
"OpenCL","COMPUTE","cache_k_l9 (view)","SET_ROWS","f16",-1,0,-1,2048,512,1,1,2097152,0.113438,1,"clFinish_profiled"
"OpenCL","COMPUTE","cache_v_l9 (view)","SET_ROWS","f16",-1,2,-1,2048,512,1,1,2097152,0.110417,1,"clFinish_profiled"
"OpenCL","COMPUTE","__fattn__-9","FLASH_ATTN_EXT","f32",-1,9,-1,128,16,1,1,8192,0.332135,1,"clFinish_profiled"
"CPU_Elastic","COMPUTE_GRAPH","ggml_cgraph","GRAPH","",-1,2,-1,0,0,0,0,0,0.086094,1,"delegate_cpu_graph"
"OpenCL","COMPUTE","ffn_moe_logits-9","MUL_MAT","f32",-1,2,-1,64,1,1,1,256,0.126667,1,"clFinish_profiled"
"OpenCL","COMPUTE","ffn_moe_probs-9","SOFT_MAX","f32",-1,3,-1,64,1,1,1,256,0.115313,1,"clFinish_profiled"
"OpenCL","COMPUTE","ffn_moe_argsort-9","ARGSORT","i32",-1,5,-1,64,1,1,1,256,0.118802,1,"clFinish_profiled"
"OpenCL","COMPUTE","ffn_moe_weights-9","GET_ROWS","f32",-1,7,-1,1,8,1,1,32,0.108698,1,"clFinish_profiled"
"CPU_Elastic","COMPUTE_GRAPH","ggml_cgraph","GRAPH","",-1,21,-1,0,0,0,0,0,1.016145,1,"delegate_cpu_graph"
"CPU_Elastic","COMPUTE_GRAPH","ggml_cgraph","GRAPH","",-1,1,-1,0,0,0,0,0,0.080833,1,"delegate_cpu_graph"
"OpenCL","COMPUTE","Qcur-10","ROPE","f32",-1,3,-1,128,16,1,1,8192,0.123542,1,"clFinish_profiled"
"CPU_Elastic","COMPUTE_GRAPH","ggml_cgraph","GRAPH","",-1,1,-1,0,0,0,0,0,0.082344,1,"delegate_cpu_graph"
"OpenCL","COMPUTE","Kcur-10","ROPE","f32",-1,3,-1,128,16,1,1,8192,0.157760,1,"clFinish_profiled"
"OpenCL","COMPUTE","Vcur-10","MUL_MAT","f32",-1,4,-1,2048,1,1,1,8192,0.270104,1,"clFinish_profiled"
"OpenCL","COMPUTE","cache_k_l10 (view)","SET_ROWS","f16",-1,7,-1,2048,512,1,1,2097152,0.121042,1,"clFinish_profiled"
"OpenCL","COMPUTE","cache_v_l10 (view)","SET_ROWS","f16",-1,9,-1,2048,512,1,1,2097152,0.120885,1,"clFinish_profiled"
"OpenCL","COMPUTE","__fattn__-10","FLASH_ATTN_EXT","f32",-1,16,-1,128,16,1,1,8192,0.334323,1,"clFinish_profiled"
"CPU_Elastic","COMPUTE_GRAPH","ggml_cgraph","GRAPH","",-1,2,-1,0,0,0,0,0,0.084792,1,"delegate_cpu_graph"
"OpenCL","COMPUTE","ffn_moe_logits-10","MUL_MAT","f32",-1,2,-1,64,1,1,1,256,0.135105,1,"clFinish_profiled"
"OpenCL","COMPUTE","ffn_moe_probs-10","SOFT_MAX","f32",-1,3,-1,64,1,1,1,256,0.125260,1,"clFinish_profiled"
"OpenCL","COMPUTE","ffn_moe_argsort-10","ARGSORT","i32",-1,5,-1,64,1,1,1,256,0.130000,1,"clFinish_profiled"
"OpenCL","COMPUTE","ffn_moe_weights-10","GET_ROWS","f32",-1,7,-1,1,8,1,1,32,0.120260,1,"clFinish_profiled"
"CPU_Elastic","COMPUTE_GRAPH","ggml_cgraph","GRAPH","",-1,21,-1,0,0,0,0,0,1.142136,1,"delegate_cpu_graph"
"CPU_Elastic","COMPUTE_GRAPH","ggml_cgraph","GRAPH","",-1,1,-1,0,0,0,0,0,0.081510,1,"delegate_cpu_graph"
"OpenCL","COMPUTE","Qcur-11","ROPE","f32",-1,3,-1,128,16,1,1,8192,0.137812,1,"clFinish_profiled"
"CPU_Elastic","COMPUTE_GRAPH","ggml_cgraph","GRAPH","",-1,1,-1,0,0,0,0,0,0.081302,1,"delegate_cpu_graph"
"OpenCL","COMPUTE","Kcur-11","ROPE","f32",-1,3,-1,128,16,1,1,8192,0.128125,1,"clFinish_profiled"
"CPU_Elastic","COMPUTE_GRAPH","ggml_cgraph","GRAPH","",-1,3,-1,0,0,0,0,0,0.085520,1,"delegate_cpu_graph"
"OpenCL","COMPUTE","cache_k_l11 (view)","SET_ROWS","f16",-1,0,-1,2048,512,1,1,2097152,0.122292,1,"clFinish_profiled"
"OpenCL","COMPUTE","cache_v_l11 (view)","SET_ROWS","f16",-1,2,-1,2048,512,1,1,2097152,0.123229,1,"clFinish_profiled"
"OpenCL","COMPUTE","__fattn__-11","FLASH_ATTN_EXT","f32",-1,9,-1,128,16,1,1,8192,0.334636,1,"clFinish_profiled"
"CPU_Elastic","COMPUTE_GRAPH","ggml_cgraph","GRAPH","",-1,2,-1,0,0,0,0,0,0.085052,1,"delegate_cpu_graph"
"OpenCL","COMPUTE","ffn_moe_logits-11","MUL_MAT","f32",-1,2,-1,64,1,1,1,256,0.135468,1,"clFinish_profiled"
"OpenCL","COMPUTE","ffn_moe_probs-11","SOFT_MAX","f32",-1,3,-1,64,1,1,1,256,0.124791,1,"clFinish_profiled"
"OpenCL","COMPUTE","ffn_moe_argsort-11","ARGSORT","i32",-1,5,-1,64,1,1,1,256,0.128907,1,"clFinish_profiled"
"OpenCL","COMPUTE","ffn_moe_weights-11","GET_ROWS","f32",-1,7,-1,1,8,1,1,32,0.121302,1,"clFinish_profiled"
"CPU_Elastic","COMPUTE_GRAPH","ggml_cgraph","GRAPH","",-1,21,-1,0,0,0,0,0,1.010416,1,"delegate_cpu_graph"
"CPU_Elastic","COMPUTE_GRAPH","ggml_cgraph","GRAPH","",-1,1,-1,0,0,0,0,0,0.081094,1,"delegate_cpu_graph"
"OpenCL","COMPUTE","Qcur-12","ROPE","f32",-1,3,-1,128,16,1,1,8192,0.135416,1,"clFinish_profiled"
"CPU_Elastic","COMPUTE_GRAPH","ggml_cgraph","GRAPH","",-1,1,-1,0,0,0,0,0,0.081562,1,"delegate_cpu_graph"
"OpenCL","COMPUTE","Kcur-12","ROPE","f32",-1,3,-1,128,16,1,1,8192,0.127709,1,"clFinish_profiled"
"CPU_Elastic","COMPUTE_GRAPH","ggml_cgraph","GRAPH","",-1,3,-1,0,0,0,0,0,0.084792,1,"delegate_cpu_graph"
"OpenCL","COMPUTE","cache_k_l12 (view)","SET_ROWS","f16",-1,0,-1,2048,512,1,1,2097152,0.122292,1,"clFinish_profiled"
"OpenCL","COMPUTE","cache_v_l12 (view)","SET_ROWS","f16",-1,2,-1,2048,512,1,1,2097152,0.125053,1,"clFinish_profiled"
"OpenCL","COMPUTE","__fattn__-12","FLASH_ATTN_EXT","f32",-1,9,-1,128,16,1,1,8192,0.335573,1,"clFinish_profiled"
"CPU_Elastic","COMPUTE_GRAPH","ggml_cgraph","GRAPH","",-1,2,-1,0,0,0,0,0,0.084792,1,"delegate_cpu_graph"
"OpenCL","COMPUTE","ffn_moe_logits-12","MUL_MAT","f32",-1,2,-1,64,1,1,1,256,0.134687,1,"clFinish_profiled"
"OpenCL","COMPUTE","ffn_moe_probs-12","SOFT_MAX","f32",-1,3,-1,64,1,1,1,256,0.123802,1,"clFinish_profiled"
"OpenCL","COMPUTE","ffn_moe_argsort-12","ARGSORT","i32",-1,5,-1,64,1,1,1,256,0.130729,1,"clFinish_profiled"
"OpenCL","COMPUTE","ffn_moe_weights-12","GET_ROWS","f32",-1,7,-1,1,8,1,1,32,0.122552,1,"clFinish_profiled"
"CPU_Elastic","COMPUTE_GRAPH","ggml_cgraph","GRAPH","",-1,21,-1,0,0,0,0,0,1.011041,1,"delegate_cpu_graph"
"CPU_Elastic","COMPUTE_GRAPH","ggml_cgraph","GRAPH","",-1,1,-1,0,0,0,0,0,0.081510,1,"delegate_cpu_graph"
"OpenCL","COMPUTE","Qcur-13","ROPE","f32",-1,3,-1,128,16,1,1,8192,0.137292,1,"clFinish_profiled"
"CPU_Elastic","COMPUTE_GRAPH","ggml_cgraph","GRAPH","",-1,1,-1,0,0,0,0,0,0.083906,1,"delegate_cpu_graph"
"OpenCL","COMPUTE","Kcur-13","ROPE","f32",-1,3,-1,128,16,1,1,8192,0.125156,1,"clFinish_profiled"
"OpenCL","COMPUTE","Vcur-13","MUL_MAT","f32",-1,4,-1,2048,1,1,1,8192,0.273698,1,"clFinish_profiled"
"OpenCL","COMPUTE","cache_k_l13 (view)","SET_ROWS","f16",-1,7,-1,2048,512,1,1,2097152,0.120520,1,"clFinish_profiled"
"OpenCL","COMPUTE","cache_v_l13 (view)","SET_ROWS","f16",-1,9,-1,2048,512,1,1,2097152,0.120625,1,"clFinish_profiled"
"OpenCL","COMPUTE","__fattn__-13","FLASH_ATTN_EXT","f32",-1,16,-1,128,16,1,1,8192,0.333229,1,"clFinish_profiled"
"CPU_Elastic","COMPUTE_GRAPH","ggml_cgraph","GRAPH","",-1,2,-1,0,0,0,0,0,0.084114,1,"delegate_cpu_graph"
"OpenCL","COMPUTE","ffn_moe_logits-13","MUL_MAT","f32",-1,2,-1,64,1,1,1,256,0.134687,1,"clFinish_profiled"
"OpenCL","COMPUTE","ffn_moe_probs-13","SOFT_MAX","f32",-1,3,-1,64,1,1,1,256,0.127656,1,"clFinish_profiled"
"OpenCL","COMPUTE","ffn_moe_argsort-13","ARGSORT","i32",-1,5,-1,64,1,1,1,256,0.133958,1,"clFinish_profiled"
"OpenCL","COMPUTE","ffn_moe_weights-13","GET_ROWS","f32",-1,7,-1,1,8,1,1,32,0.113855,1,"clFinish_profiled"
"CPU_Elastic","COMPUTE_GRAPH","ggml_cgraph","GRAPH","",-1,21,-1,0,0,0,0,0,1.152032,1,"delegate_cpu_graph"
"CPU_Elastic","COMPUTE_GRAPH","ggml_cgraph","GRAPH","",-1,1,-1,0,0,0,0,0,0.094427,1,"delegate_cpu_graph"
"OpenCL","COMPUTE","Qcur-14","ROPE","f32",-1,3,-1,128,16,1,1,8192,0.152239,1,"clFinish_profiled"
"CPU_Elastic","COMPUTE_GRAPH","ggml_cgraph","GRAPH","",-1,1,-1,0,0,0,0,0,0.081146,1,"delegate_cpu_graph"
"OpenCL","COMPUTE","Kcur-14","ROPE","f32",-1,3,-1,128,16,1,1,8192,0.127708,1,"clFinish_profiled"
"OpenCL","COMPUTE","Vcur-14","MUL_MAT","f32",-1,4,-1,2048,1,1,1,8192,0.284739,1,"clFinish_profiled"
"OpenCL","COMPUTE","cache_k_l14 (view)","SET_ROWS","f16",-1,7,-1,2048,512,1,1,2097152,0.124583,1,"clFinish_profiled"
"OpenCL","COMPUTE","cache_v_l14 (view)","SET_ROWS","f16",-1,9,-1,2048,512,1,1,2097152,0.130000,1,"clFinish_profiled"
"OpenCL","COMPUTE","__fattn__-14","FLASH_ATTN_EXT","f32",-1,16,-1,128,16,1,1,8192,0.336823,1,"clFinish_profiled"
"CPU_Elastic","COMPUTE_GRAPH","ggml_cgraph","GRAPH","",-1,2,-1,0,0,0,0,0,0.084480,1,"delegate_cpu_graph"
"OpenCL","COMPUTE","ffn_moe_logits-14","MUL_MAT","f32",-1,2,-1,64,1,1,1,256,0.130260,1,"clFinish_profiled"
"OpenCL","COMPUTE","ffn_moe_probs-14","SOFT_MAX","f32",-1,3,-1,64,1,1,1,256,0.114375,1,"clFinish_profiled"
"OpenCL","COMPUTE","ffn_moe_argsort-14","ARGSORT","i32",-1,5,-1,64,1,1,1,256,0.124115,1,"clFinish_profiled"
"OpenCL","COMPUTE","ffn_moe_weights-14","GET_ROWS","f32",-1,7,-1,1,8,1,1,32,0.122344,1,"clFinish_profiled"
"CPU_Elastic","COMPUTE_GRAPH","ggml_cgraph","GRAPH","",-1,21,-1,0,0,0,0,0,1.153177,1,"delegate_cpu_graph"
"CPU_Elastic","COMPUTE_GRAPH","ggml_cgraph","GRAPH","",-1,1,-1,0,0,0,0,0,0.081406,1,"delegate_cpu_graph"
"OpenCL","COMPUTE","Qcur-15","ROPE","f32",-1,3,-1,128,16,1,1,8192,0.123125,1,"clFinish_profiled"
"CPU_Elastic","COMPUTE_GRAPH","ggml_cgraph","GRAPH","",-1,1,-1,0,0,0,0,0,0.081250,1,"delegate_cpu_graph"
"OpenCL","COMPUTE","Kcur-15","ROPE","f32",-1,3,-1,128,16,1,1,8192,0.118697,1,"clFinish_profiled"
"OpenCL","COMPUTE","Vcur-15","MUL_MAT","f32",-1,4,-1,2048,1,1,1,8192,0.262291,1,"clFinish_profiled"
"OpenCL","COMPUTE","cache_k_l15 (view)","SET_ROWS","f16",-1,7,-1,2048,512,1,1,2097152,0.113958,1,"clFinish_profiled"
"OpenCL","COMPUTE","cache_v_l15 (view)","SET_ROWS","f16",-1,9,-1,2048,512,1,1,2097152,0.118907,1,"clFinish_profiled"
"OpenCL","COMPUTE","__fattn__-15","FLASH_ATTN_EXT","f32",-1,16,-1,128,16,1,1,8192,0.327084,1,"clFinish_profiled"
"CPU_Elastic","COMPUTE_GRAPH","ggml_cgraph","GRAPH","",-1,4,-1,0,0,0,0,0,0.087136,1,"delegate_cpu_graph"
"OpenCL","COMPUTE","ffn_moe_logits-15","MUL_MAT","f32",-1,2,-1,64,1,1,1,256,0.127083,1,"clFinish_profiled"
"OpenCL","COMPUTE","ffn_moe_probs-15","SOFT_MAX","f32",-1,3,-1,64,1,1,1,256,0.113907,1,"clFinish_profiled"
"OpenCL","COMPUTE","ffn_moe_argsort-15","ARGSORT","i32",-1,5,-1,64,1,1,1,256,0.119896,1,"clFinish_profiled"
"OpenCL","COMPUTE","ffn_moe_weights-15","GET_ROWS","f32",-1,7,-1,1,8,1,1,32,0.110677,1,"clFinish_profiled"
"CPU_Elastic","COMPUTE_GRAPH","ggml_cgraph","GRAPH","",-1,22,-1,0,0,0,0,0,1.149843,1,"delegate_cpu_graph"
"OpenCL","COMPUTE","result_norm","MUL","f32",-1,0,-1,2048,1,1,1,8192,0.352396,1,"clFinish_profiled"
"OpenCL","COMPUTE","result_output","MUL_MAT","f32",-1,1,-1,50304,1,1,1,201216,3.845365,1,"clFinish_profiled"
"CPU_Elastic","COMPUTE_GRAPH","ggml_cgraph","GRAPH","",-1,1,-1,0,0,0,0,0,0.003489,1,"delegate_cpu_graph"
"CPU_Elastic","COMPUTE_GRAPH","ggml_cgraph","GRAPH","",-1,1,-1,0,0,0,0,0,0.094896,1,"delegate_cpu_graph"
"OpenCL","COMPUTE","Qcur-0","ROPE","f32",-1,3,-1,128,16,1,1,8192,0.125416,1,"clFinish_profiled"
"CPU_Elastic","COMPUTE_GRAPH","ggml_cgraph","GRAPH","",-1,1,-1,0,0,0,0,0,0.081719,1,"delegate_cpu_graph"
"OpenCL","COMPUTE","Kcur-0","ROPE","f32",-1,3,-1,128,16,1,1,8192,0.136407,1,"clFinish_profiled"
"OpenCL","COMPUTE","Vcur-0","MUL_MAT","f32",-1,4,-1,2048,1,1,1,8192,0.291823,1,"clFinish_profiled"
"OpenCL","COMPUTE","cache_k_l0 (view)","SET_ROWS","f16",-1,7,-1,2048,512,1,1,2097152,0.121823,1,"clFinish_profiled"
"OpenCL","COMPUTE","cache_v_l0 (view)","SET_ROWS","f16",-1,9,-1,2048,512,1,1,2097152,0.116875,1,"clFinish_profiled"
"OpenCL","COMPUTE"," (copy)","CPY","f16",-1,16,-1,256,64,1,1,32768,0.116563,1,"clFinish_profiled"
"OpenCL","COMPUTE","__fattn__-0","FLASH_ATTN_EXT","f32",-1,17,-1,128,16,1,1,8192,0.336146,1,"clFinish_profiled"
"CPU_Elastic","COMPUTE_GRAPH","ggml_cgraph","GRAPH","",-1,2,-1,0,0,0,0,0,0.084948,1,"delegate_cpu_graph"
"OpenCL","COMPUTE","ffn_moe_logits-0","MUL_MAT","f32",-1,2,-1,64,1,1,1,256,0.126042,1,"clFinish_profiled"
"OpenCL","COMPUTE","ffn_moe_probs-0","SOFT_MAX","f32",-1,3,-1,64,1,1,1,256,0.115781,1,"clFinish_profiled"
"OpenCL","COMPUTE","ffn_moe_argsort-0","ARGSORT","i32",-1,5,-1,64,1,1,1,256,0.119583,1,"clFinish_profiled"
"OpenCL","COMPUTE","ffn_moe_weights-0","GET_ROWS","f32",-1,7,-1,1,8,1,1,32,0.113177,1,"clFinish_profiled"
"CPU_Elastic","COMPUTE_GRAPH","ggml_cgraph","GRAPH","",-1,21,-1,0,0,0,0,0,1.136302,1,"delegate_cpu_graph"
"CPU_Elastic","COMPUTE_GRAPH","ggml_cgraph","GRAPH","",-1,1,-1,0,0,0,0,0,0.081511,1,"delegate_cpu_graph"
"OpenCL","COMPUTE","Qcur-1","ROPE","f32",-1,3,-1,128,16,1,1,8192,0.132031,1,"clFinish_profiled"
"CPU_Elastic","COMPUTE_GRAPH","ggml_cgraph","GRAPH","",-1,1,-1,0,0,0,0,0,0.081771,1,"delegate_cpu_graph"
"OpenCL","COMPUTE","Kcur-1","ROPE","f32",-1,3,-1,128,16,1,1,8192,0.123177,1,"clFinish_profiled"
"OpenCL","COMPUTE","Vcur-1","MUL_MAT","f32",-1,4,-1,2048,1,1,1,8192,0.280052,1,"clFinish_profiled"
"OpenCL","COMPUTE","cache_k_l1 (view)","SET_ROWS","f16",-1,7,-1,2048,512,1,1,2097152,0.112552,1,"clFinish_profiled"
"OpenCL","COMPUTE","cache_v_l1 (view)","SET_ROWS","f16",-1,9,-1,2048,512,1,1,2097152,0.112760,1,"clFinish_profiled"
"OpenCL","COMPUTE","__fattn__-1","FLASH_ATTN_EXT","f32",-1,16,-1,128,16,1,1,8192,0.325156,1,"clFinish_profiled"
"CPU_Elastic","COMPUTE_GRAPH","ggml_cgraph","GRAPH","",-1,2,-1,0,0,0,0,0,0.083594,1,"delegate_cpu_graph"
"OpenCL","COMPUTE","ffn_moe_logits-1","MUL_MAT","f32",-1,2,-1,64,1,1,1,256,0.128073,1,"clFinish_profiled"
"OpenCL","COMPUTE","ffn_moe_probs-1","SOFT_MAX","f32",-1,3,-1,64,1,1,1,256,0.115833,1,"clFinish_profiled"
"OpenCL","COMPUTE","ffn_moe_argsort-1","ARGSORT","i32",-1,5,-1,64,1,1,1,256,0.124427,1,"clFinish_profiled"
"OpenCL","COMPUTE","ffn_moe_weights-1","GET_ROWS","f32",-1,7,-1,1,8,1,1,32,0.110209,1,"clFinish_profiled"
"CPU_Elastic","COMPUTE_GRAPH","ggml_cgraph","GRAPH","",-1,21,-1,0,0,0,0,0,1.141614,1,"delegate_cpu_graph"
"CPU_Elastic","COMPUTE_GRAPH","ggml_cgraph","GRAPH","",-1,1,-1,0,0,0,0,0,0.080625,1,"delegate_cpu_graph"
"OpenCL","COMPUTE","Qcur-2","ROPE","f32",-1,3,-1,128,16,1,1,8192,0.126250,1,"clFinish_profiled"
"CPU_Elastic","COMPUTE_GRAPH","ggml_cgraph","GRAPH","",-1,1,-1,0,0,0,0,0,0.084115,1,"delegate_cpu_graph"
"OpenCL","COMPUTE","Kcur-2","ROPE","f32",-1,3,-1,128,16,1,1,8192,0.125417,1,"clFinish_profiled"
"CPU_Elastic","COMPUTE_GRAPH","ggml_cgraph","GRAPH","",-1,3,-1,0,0,0,0,0,0.084427,1,"delegate_cpu_graph"
"OpenCL","COMPUTE","cache_k_l2 (view)","SET_ROWS","f16",-1,0,-1,2048,512,1,1,2097152,0.113750,1,"clFinish_profiled"
"OpenCL","COMPUTE","cache_v_l2 (view)","SET_ROWS","f16",-1,2,-1,2048,512,1,1,2097152,0.112656,1,"clFinish_profiled"
"OpenCL","COMPUTE","__fattn__-2","FLASH_ATTN_EXT","f32",-1,9,-1,128,16,1,1,8192,0.332500,1,"clFinish_profiled"
"CPU_Elastic","COMPUTE_GRAPH","ggml_cgraph","GRAPH","",-1,2,-1,0,0,0,0,0,0.090313,1,"delegate_cpu_graph"
"OpenCL","COMPUTE","ffn_moe_logits-2","MUL_MAT","f32",-1,2,-1,64,1,1,1,256,0.126875,1,"clFinish_profiled"
"OpenCL","COMPUTE","ffn_moe_probs-2","SOFT_MAX","f32",-1,3,-1,64,1,1,1,256,0.115260,1,"clFinish_profiled"
"OpenCL","COMPUTE","ffn_moe_argsort-2","ARGSORT","i32",-1,5,-1,64,1,1,1,256,0.118541,1,"clFinish_profiled"
"OpenCL","COMPUTE","ffn_moe_weights-2","GET_ROWS","f32",-1,7,-1,1,8,1,1,32,0.108750,1,"clFinish_profiled"
"CPU_Elastic","COMPUTE_GRAPH","ggml_cgraph","GRAPH","",-1,21,-1,0,0,0,0,0,1.012604,1,"delegate_cpu_graph"
"CPU_Elastic","COMPUTE_GRAPH","ggml_cgraph","GRAPH","",-1,1,-1,0,0,0,0,0,0.081771,1,"delegate_cpu_graph"
"OpenCL","COMPUTE","Qcur-3","ROPE","f32",-1,3,-1,128,16,1,1,8192,0.136041,1,"clFinish_profiled"
"CPU_Elastic","COMPUTE_GRAPH","ggml_cgraph","GRAPH","",-1,1,-1,0,0,0,0,0,0.081458,1,"delegate_cpu_graph"
"OpenCL","COMPUTE","Kcur-3","ROPE","f32",-1,3,-1,128,16,1,1,8192,0.122604,1,"clFinish_profiled"
"CPU_Elastic","COMPUTE_GRAPH","ggml_cgraph","GRAPH","",-1,3,-1,0,0,0,0,0,0.085938,1,"delegate_cpu_graph"
"OpenCL","COMPUTE","cache_k_l3 (view)","SET_ROWS","f16",-1,0,-1,2048,512,1,1,2097152,0.113177,1,"clFinish_profiled"
"OpenCL","COMPUTE","cache_v_l3 (view)","SET_ROWS","f16",-1,2,-1,2048,512,1,1,2097152,0.113646,1,"clFinish_profiled"
"OpenCL","COMPUTE","__fattn__-3","FLASH_ATTN_EXT","f32",-1,9,-1,128,16,1,1,8192,0.324584,1,"clFinish_profiled"
"CPU_Elastic","COMPUTE_GRAPH","ggml_cgraph","GRAPH","",-1,2,-1,0,0,0,0,0,0.108542,1,"delegate_cpu_graph"
"OpenCL","COMPUTE","ffn_moe_logits-3","MUL_MAT","f32",-1,2,-1,64,1,1,1,256,0.126927,1,"clFinish_profiled"
"OpenCL","COMPUTE","ffn_moe_probs-3","SOFT_MAX","f32",-1,3,-1,64,1,1,1,256,0.113646,1,"clFinish_profiled"
"OpenCL","COMPUTE","ffn_moe_argsort-3","ARGSORT","i32",-1,5,-1,64,1,1,1,256,0.120886,1,"clFinish_profiled"
"OpenCL","COMPUTE","ffn_moe_weights-3","GET_ROWS","f32",-1,7,-1,1,8,1,1,32,0.110052,1,"clFinish_profiled"
"CPU_Elastic","COMPUTE_GRAPH","ggml_cgraph","GRAPH","",-1,21,-1,0,0,0,0,0,1.023750,1,"delegate_cpu_graph"
"CPU_Elastic","COMPUTE_GRAPH","ggml_cgraph","GRAPH","",-1,1,-1,0,0,0,0,0,0.084010,1,"delegate_cpu_graph"
"OpenCL","COMPUTE","Qcur-4","ROPE","f32",-1,3,-1,128,16,1,1,8192,0.126042,1,"clFinish_profiled"
"CPU_Elastic","COMPUTE_GRAPH","ggml_cgraph","GRAPH","",-1,1,-1,0,0,0,0,0,0.082448,1,"delegate_cpu_graph"
"OpenCL","COMPUTE","Kcur-4","ROPE","f32",-1,3,-1,128,16,1,1,8192,0.118906,1,"clFinish_profiled"
"OpenCL","COMPUTE","Vcur-4","MUL_MAT","f32",-1,4,-1,2048,1,1,1,8192,0.262552,1,"clFinish_profiled"
"OpenCL","COMPUTE","cache_k_l4 (view)","SET_ROWS","f16",-1,7,-1,2048,512,1,1,2097152,0.111302,1,"clFinish_profiled"
"OpenCL","COMPUTE","cache_v_l4 (view)","SET_ROWS","f16",-1,9,-1,2048,512,1,1,2097152,0.111718,1,"clFinish_profiled"
"OpenCL","COMPUTE","__fattn__-4","FLASH_ATTN_EXT","f32",-1,16,-1,128,16,1,1,8192,0.323542,1,"clFinish_profiled"
"CPU_Elastic","COMPUTE_GRAPH","ggml_cgraph","GRAPH","",-1,2,-1,0,0,0,0,0,0.083594,1,"delegate_cpu_graph"
"OpenCL","COMPUTE","ffn_moe_logits-4","MUL_MAT","f32",-1,2,-1,64,1,1,1,256,0.128334,1,"clFinish_profiled"
"OpenCL","COMPUTE","ffn_moe_probs-4","SOFT_MAX","f32",-1,3,-1,64,1,1,1,256,0.119687,1,"clFinish_profiled"
"OpenCL","COMPUTE","ffn_moe_argsort-4","ARGSORT","i32",-1,5,-1,64,1,1,1,256,0.120000,1,"clFinish_profiled"
"OpenCL","COMPUTE","ffn_moe_weights-4","GET_ROWS","f32",-1,7,-1,1,8,1,1,32,0.109948,1,"clFinish_profiled"
"CPU_Elastic","COMPUTE_GRAPH","ggml_cgraph","GRAPH","",-1,21,-1,0,0,0,0,0,1.160364,1,"delegate_cpu_graph"
"CPU_Elastic","COMPUTE_GRAPH","ggml_cgraph","GRAPH","",-1,1,-1,0,0,0,0,0,0.081458,1,"delegate_cpu_graph"
"OpenCL","COMPUTE","Qcur-5","ROPE","f32",-1,3,-1,128,16,1,1,8192,0.127448,1,"clFinish_profiled"
"CPU_Elastic","COMPUTE_GRAPH","ggml_cgraph","GRAPH","",-1,1,-1,0,0,0,0,0,0.081875,1,"delegate_cpu_graph"
"OpenCL","COMPUTE","Kcur-5","ROPE","f32",-1,3,-1,128,16,1,1,8192,0.119219,1,"clFinish_profiled"
"CPU_Elastic","COMPUTE_GRAPH","ggml_cgraph","GRAPH","",-1,3,-1,0,0,0,0,0,0.084219,1,"delegate_cpu_graph"
"OpenCL","COMPUTE","cache_k_l5 (view)","SET_ROWS","f16",-1,0,-1,2048,512,1,1,2097152,0.112343,1,"clFinish_profiled"
"OpenCL","COMPUTE","cache_v_l5 (view)","SET_ROWS","f16",-1,2,-1,2048,512,1,1,2097152,0.113437,1,"clFinish_profiled"
"OpenCL","COMPUTE","__fattn__-5","FLASH_ATTN_EXT","f32",-1,9,-1,128,16,1,1,8192,0.325937,1,"clFinish_profiled"
"CPU_Elastic","COMPUTE_GRAPH","ggml_cgraph","GRAPH","",-1,2,-1,0,0,0,0,0,0.083229,1,"delegate_cpu_graph"
"OpenCL","COMPUTE","ffn_moe_logits-5","MUL_MAT","f32",-1,2,-1,64,1,1,1,256,0.130729,1,"clFinish_profiled"
"OpenCL","COMPUTE","ffn_moe_probs-5","SOFT_MAX","f32",-1,3,-1,64,1,1,1,256,0.113854,1,"clFinish_profiled"
"OpenCL","COMPUTE","ffn_moe_argsort-5","ARGSORT","i32",-1,5,-1,64,1,1,1,256,0.120886,1,"clFinish_profiled"
"OpenCL","COMPUTE","ffn_moe_weights-5","GET_ROWS","f32",-1,7,-1,1,8,1,1,32,0.109323,1,"clFinish_profiled"
"CPU_Elastic","COMPUTE_GRAPH","ggml_cgraph","GRAPH","",-1,21,-1,0,0,0,0,0,1.022812,1,"delegate_cpu_graph"
"CPU_Elastic","COMPUTE_GRAPH","ggml_cgraph","GRAPH","",-1,1,-1,0,0,0,0,0,0.080989,1,"delegate_cpu_graph"
"OpenCL","COMPUTE","Qcur-6","ROPE","f32",-1,3,-1,128,16,1,1,8192,0.125364,1,"clFinish_profiled"
"CPU_Elastic","COMPUTE_GRAPH","ggml_cgraph","GRAPH","",-1,1,-1,0,0,0,0,0,0.084479,1,"delegate_cpu_graph"
"OpenCL","COMPUTE","Kcur-6","ROPE","f32",-1,3,-1,128,16,1,1,8192,0.122969,1,"clFinish_profiled"
"CPU_Elastic","COMPUTE_GRAPH","ggml_cgraph","GRAPH","",-1,3,-1,0,0,0,0,0,0.085209,1,"delegate_cpu_graph"
"OpenCL","COMPUTE","cache_k_l6 (view)","SET_ROWS","f16",-1,0,-1,2048,512,1,1,2097152,0.127708,1,"clFinish_profiled"
"OpenCL","COMPUTE","cache_v_l6 (view)","SET_ROWS","f16",-1,2,-1,2048,512,1,1,2097152,0.133958,1,"clFinish_profiled"
"OpenCL","COMPUTE","__fattn__-6","FLASH_ATTN_EXT","f32",-1,9,-1,128,16,1,1,8192,0.328906,1,"clFinish_profiled"
"CPU_Elastic","COMPUTE_GRAPH","ggml_cgraph","GRAPH","",-1,2,-1,0,0,0,0,0,0.084428,1,"delegate_cpu_graph"
"OpenCL","COMPUTE","ffn_moe_logits-6","MUL_MAT","f32",-1,2,-1,64,1,1,1,256,0.125937,1,"clFinish_profiled"
"OpenCL","COMPUTE","ffn_moe_probs-6","SOFT_MAX","f32",-1,3,-1,64,1,1,1,256,0.114323,1,"clFinish_profiled"
"OpenCL","COMPUTE","ffn_moe_argsort-6","ARGSORT","i32",-1,5,-1,64,1,1,1,256,0.120104,1,"clFinish_profiled"
"OpenCL","COMPUTE","ffn_moe_weights-6","GET_ROWS","f32",-1,7,-1,1,8,1,1,32,0.110677,1,"clFinish_profiled"
"CPU_Elastic","COMPUTE_GRAPH","ggml_cgraph","GRAPH","",-1,21,-1,0,0,0,0,0,1.016719,1,"delegate_cpu_graph"
"CPU_Elastic","COMPUTE_GRAPH","ggml_cgraph","GRAPH","",-1,1,-1,0,0,0,0,0,0.081302,1,"delegate_cpu_graph"
"OpenCL","COMPUTE","Qcur-7","ROPE","f32",-1,3,-1,128,16,1,1,8192,0.124635,1,"clFinish_profiled"
"CPU_Elastic","COMPUTE_GRAPH","ggml_cgraph","GRAPH","",-1,1,-1,0,0,0,0,0,0.081875,1,"delegate_cpu_graph"
"OpenCL","COMPUTE","Kcur-7","ROPE","f32",-1,3,-1,128,16,1,1,8192,0.124167,1,"clFinish_profiled"
"OpenCL","COMPUTE","Vcur-7","MUL_MAT","f32",-1,4,-1,2048,1,1,1,8192,0.264062,1,"clFinish_profiled"
"OpenCL","COMPUTE","cache_k_l7 (view)","SET_ROWS","f16",-1,7,-1,2048,512,1,1,2097152,0.112604,1,"clFinish_profiled"
"OpenCL","COMPUTE","cache_v_l7 (view)","SET_ROWS","f16",-1,9,-1,2048,512,1,1,2097152,0.112083,1,"clFinish_profiled"
"OpenCL","COMPUTE","__fattn__-7","FLASH_ATTN_EXT","f32",-1,16,-1,128,16,1,1,8192,0.336823,1,"clFinish_profiled"
"CPU_Elastic","COMPUTE_GRAPH","ggml_cgraph","GRAPH","",-1,2,-1,0,0,0,0,0,0.090677,1,"delegate_cpu_graph"
"OpenCL","COMPUTE","ffn_moe_logits-7","MUL_MAT","f32",-1,2,-1,64,1,1,1,256,0.125417,1,"clFinish_profiled"
"OpenCL","COMPUTE","ffn_moe_probs-7","SOFT_MAX","f32",-1,3,-1,64,1,1,1,256,0.115208,1,"clFinish_profiled"
"OpenCL","COMPUTE","ffn_moe_argsort-7","ARGSORT","i32",-1,5,-1,64,1,1,1,256,0.119219,1,"clFinish_profiled"
"OpenCL","COMPUTE","ffn_moe_weights-7","GET_ROWS","f32",-1,7,-1,1,8,1,1,32,0.110990,1,"clFinish_profiled"
"CPU_Elastic","COMPUTE_GRAPH","ggml_cgraph","GRAPH","",-1,21,-1,0,0,0,0,0,1.132083,1,"delegate_cpu_graph"
"CPU_Elastic","COMPUTE_GRAPH","ggml_cgraph","GRAPH","",-1,1,-1,0,0,0,0,0,0.081354,1,"delegate_cpu_graph"
"OpenCL","COMPUTE","Qcur-8","ROPE","f32",-1,3,-1,128,16,1,1,8192,0.140312,1,"clFinish_profiled"
"CPU_Elastic","COMPUTE_GRAPH","ggml_cgraph","GRAPH","",-1,1,-1,0,0,0,0,0,0.081562,1,"delegate_cpu_graph"
"OpenCL","COMPUTE","Kcur-8","ROPE","f32",-1,3,-1,128,16,1,1,8192,0.119531,1,"clFinish_profiled"
"CPU_Elastic","COMPUTE_GRAPH","ggml_cgraph","GRAPH","",-1,3,-1,0,0,0,0,0,0.082708,1,"delegate_cpu_graph"
"OpenCL","COMPUTE","cache_k_l8 (view)","SET_ROWS","f16",-1,0,-1,2048,512,1,1,2097152,0.113073,1,"clFinish_profiled"
"OpenCL","COMPUTE","cache_v_l8 (view)","SET_ROWS","f16",-1,2,-1,2048,512,1,1,2097152,0.113385,1,"clFinish_profiled"
"OpenCL","COMPUTE","__fattn__-8","FLASH_ATTN_EXT","f32",-1,9,-1,128,16,1,1,8192,0.340781,1,"clFinish_profiled"
"CPU_Elastic","COMPUTE_GRAPH","ggml_cgraph","GRAPH","",-1,2,-1,0,0,0,0,0,0.084010,1,"delegate_cpu_graph"
"OpenCL","COMPUTE","ffn_moe_logits-8","MUL_MAT","f32",-1,2,-1,64,1,1,1,256,0.126354,1,"clFinish_profiled"
"OpenCL","COMPUTE","ffn_moe_probs-8","SOFT_MAX","f32",-1,3,-1,64,1,1,1,256,0.115000,1,"clFinish_profiled"
"OpenCL","COMPUTE","ffn_moe_argsort-8","ARGSORT","i32",-1,5,-1,64,1,1,1,256,0.120469,1,"clFinish_profiled"
"OpenCL","COMPUTE","ffn_moe_weights-8","GET_ROWS","f32",-1,7,-1,1,8,1,1,32,0.110261,1,"clFinish_profiled"
"CPU_Elastic","COMPUTE_GRAPH","ggml_cgraph","GRAPH","",-1,21,-1,0,0,0,0,0,1.024427,1,"delegate_cpu_graph"
"CPU_Elastic","COMPUTE_GRAPH","ggml_cgraph","GRAPH","",-1,1,-1,0,0,0,0,0,0.081615,1,"delegate_cpu_graph"
"OpenCL","COMPUTE","Qcur-9","ROPE","f32",-1,3,-1,128,16,1,1,8192,0.123958,1,"clFinish_profiled"
"CPU_Elastic","COMPUTE_GRAPH","ggml_cgraph","GRAPH","",-1,1,-1,0,0,0,0,0,0.081719,1,"delegate_cpu_graph"
"OpenCL","COMPUTE","Kcur-9","ROPE","f32",-1,3,-1,128,16,1,1,8192,0.118854,1,"clFinish_profiled"
"CPU_Elastic","COMPUTE_GRAPH","ggml_cgraph","GRAPH","",-1,3,-1,0,0,0,0,0,0.082708,1,"delegate_cpu_graph"
"OpenCL","COMPUTE","cache_k_l9 (view)","SET_ROWS","f16",-1,0,-1,2048,512,1,1,2097152,0.113177,1,"clFinish_profiled"
"OpenCL","COMPUTE","cache_v_l9 (view)","SET_ROWS","f16",-1,2,-1,2048,512,1,1,2097152,0.112605,1,"clFinish_profiled"
"OpenCL","COMPUTE","__fattn__-9","FLASH_ATTN_EXT","f32",-1,9,-1,128,16,1,1,8192,0.326354,1,"clFinish_profiled"
"CPU_Elastic","COMPUTE_GRAPH","ggml_cgraph","GRAPH","",-1,2,-1,0,0,0,0,0,0.086146,1,"delegate_cpu_graph"
"OpenCL","COMPUTE","ffn_moe_logits-9","MUL_MAT","f32",-1,2,-1,64,1,1,1,256,0.126198,1,"clFinish_profiled"
"OpenCL","COMPUTE","ffn_moe_probs-9","SOFT_MAX","f32",-1,3,-1,64,1,1,1,256,0.119271,1,"clFinish_profiled"
"OpenCL","COMPUTE","ffn_moe_argsort-9","ARGSORT","i32",-1,5,-1,64,1,1,1,256,0.122031,1,"clFinish_profiled"
"OpenCL","COMPUTE","ffn_moe_weights-9","GET_ROWS","f32",-1,7,-1,1,8,1,1,32,0.111927,1,"clFinish_profiled"
"CPU_Elastic","COMPUTE_GRAPH","ggml_cgraph","GRAPH","",-1,21,-1,0,0,0,0,0,1.014271,1,"delegate_cpu_graph"
"CPU_Elastic","COMPUTE_GRAPH","ggml_cgraph","GRAPH","",-1,1,-1,0,0,0,0,0,0.083541,1,"delegate_cpu_graph"
"OpenCL","COMPUTE","Qcur-10","ROPE","f32",-1,3,-1,128,16,1,1,8192,0.126094,1,"clFinish_profiled"
"CPU_Elastic","COMPUTE_GRAPH","ggml_cgraph","GRAPH","",-1,1,-1,0,0,0,0,0,0.083750,1,"delegate_cpu_graph"
"OpenCL","COMPUTE","Kcur-10","ROPE","f32",-1,3,-1,128,16,1,1,8192,0.121250,1,"clFinish_profiled"
"OpenCL","COMPUTE","Vcur-10","MUL_MAT","f32",-1,4,-1,2048,1,1,1,8192,0.263125,1,"clFinish_profiled"
"OpenCL","COMPUTE","cache_k_l10 (view)","SET_ROWS","f16",-1,7,-1,2048,512,1,1,2097152,0.114583,1,"clFinish_profiled"
"OpenCL","COMPUTE","cache_v_l10 (view)","SET_ROWS","f16",-1,9,-1,2048,512,1,1,2097152,0.112396,1,"clFinish_profiled"
"OpenCL","COMPUTE","__fattn__-10","FLASH_ATTN_EXT","f32",-1,16,-1,128,16,1,1,8192,0.326667,1,"clFinish_profiled"
"CPU_Elastic","COMPUTE_GRAPH","ggml_cgraph","GRAPH","",-1,2,-1,0,0,0,0,0,0.083594,1,"delegate_cpu_graph"
"OpenCL","COMPUTE","ffn_moe_logits-10","MUL_MAT","f32",-1,2,-1,64,1,1,1,256,0.139948,1,"clFinish_profiled"
"OpenCL","COMPUTE","ffn_moe_probs-10","SOFT_MAX","f32",-1,3,-1,64,1,1,1,256,0.113541,1,"clFinish_profiled"
"OpenCL","COMPUTE","ffn_moe_argsort-10","ARGSORT","i32",-1,5,-1,64,1,1,1,256,0.120572,1,"clFinish_profiled"
"OpenCL","COMPUTE","ffn_moe_weights-10","GET_ROWS","f32",-1,7,-1,1,8,1,1,32,0.115730,1,"clFinish_profiled"
"CPU_Elastic","COMPUTE_GRAPH","ggml_cgraph","GRAPH","",-1,21,-1,0,0,0,0,0,1.132084,1,"delegate_cpu_graph"
"CPU_Elastic","COMPUTE_GRAPH","ggml_cgraph","GRAPH","",-1,1,-1,0,0,0,0,0,0.081407,1,"delegate_cpu_graph"
"OpenCL","COMPUTE","Qcur-11","ROPE","f32",-1,3,-1,128,16,1,1,8192,0.139792,1,"clFinish_profiled"
"CPU_Elastic","COMPUTE_GRAPH","ggml_cgraph","GRAPH","",-1,1,-1,0,0,0,0,0,0.083386,1,"delegate_cpu_graph"
"OpenCL","COMPUTE","Kcur-11","ROPE","f32",-1,3,-1,128,16,1,1,8192,0.119219,1,"clFinish_profiled"
"CPU_Elastic","COMPUTE_GRAPH","ggml_cgraph","GRAPH","",-1,3,-1,0,0,0,0,0,0.082447,1,"delegate_cpu_graph"
"OpenCL","COMPUTE","cache_k_l11 (view)","SET_ROWS","f16",-1,0,-1,2048,512,1,1,2097152,0.113385,1,"clFinish_profiled"
"OpenCL","COMPUTE","cache_v_l11 (view)","SET_ROWS","f16",-1,2,-1,2048,512,1,1,2097152,0.111042,1,"clFinish_profiled"
"OpenCL","COMPUTE","__fattn__-11","FLASH_ATTN_EXT","f32",-1,9,-1,128,16,1,1,8192,0.323958,1,"clFinish_profiled"
"CPU_Elastic","COMPUTE_GRAPH","ggml_cgraph","GRAPH","",-1,2,-1,0,0,0,0,0,0.084636,1,"delegate_cpu_graph"
"OpenCL","COMPUTE","ffn_moe_logits-11","MUL_MAT","f32",-1,2,-1,64,1,1,1,256,0.137969,1,"clFinish_profiled"
"OpenCL","COMPUTE","ffn_moe_probs-11","SOFT_MAX","f32",-1,3,-1,64,1,1,1,256,0.117292,1,"clFinish_profiled"
"OpenCL","COMPUTE","ffn_moe_argsort-11","ARGSORT","i32",-1,5,-1,64,1,1,1,256,0.119114,1,"clFinish_profiled"
"OpenCL","COMPUTE","ffn_moe_weights-11","GET_ROWS","f32",-1,7,-1,1,8,1,1,32,0.109531,1,"clFinish_profiled"
"CPU_Elastic","COMPUTE_GRAPH","ggml_cgraph","GRAPH","",-1,21,-1,0,0,0,0,0,1.012396,1,"delegate_cpu_graph"
"CPU_Elastic","COMPUTE_GRAPH","ggml_cgraph","GRAPH","",-1,1,-1,0,0,0,0,0,0.080938,1,"delegate_cpu_graph"
"OpenCL","COMPUTE","Qcur-12","ROPE","f32",-1,3,-1,128,16,1,1,8192,0.126875,1,"clFinish_profiled"
"CPU_Elastic","COMPUTE_GRAPH","ggml_cgraph","GRAPH","",-1,1,-1,0,0,0,0,0,0.084635,1,"delegate_cpu_graph"
"OpenCL","COMPUTE","Kcur-12","ROPE","f32",-1,3,-1,128,16,1,1,8192,0.119635,1,"clFinish_profiled"
"CPU_Elastic","COMPUTE_GRAPH","ggml_cgraph","GRAPH","",-1,3,-1,0,0,0,0,0,0.086302,1,"delegate_cpu_graph"
"OpenCL","COMPUTE","cache_k_l12 (view)","SET_ROWS","f16",-1,0,-1,2048,512,1,1,2097152,0.112812,1,"clFinish_profiled"
"OpenCL","COMPUTE","cache_v_l12 (view)","SET_ROWS","f16",-1,2,-1,2048,512,1,1,2097152,0.112448,1,"clFinish_profiled"
"OpenCL","COMPUTE","__fattn__-12","FLASH_ATTN_EXT","f32",-1,9,-1,128,16,1,1,8192,0.325104,1,"clFinish_profiled"
"CPU_Elastic","COMPUTE_GRAPH","ggml_cgraph","GRAPH","",-1,2,-1,0,0,0,0,0,0.085000,1,"delegate_cpu_graph"
"OpenCL","COMPUTE","ffn_moe_logits-12","MUL_MAT","f32",-1,2,-1,64,1,1,1,256,0.142813,1,"clFinish_profiled"
"OpenCL","COMPUTE","ffn_moe_probs-12","SOFT_MAX","f32",-1,3,-1,64,1,1,1,256,0.118282,1,"clFinish_profiled"
"OpenCL","COMPUTE","ffn_moe_argsort-12","ARGSORT","i32",-1,5,-1,64,1,1,1,256,0.120052,1,"clFinish_profiled"
"OpenCL","COMPUTE","ffn_moe_weights-12","GET_ROWS","f32",-1,7,-1,1,8,1,1,32,0.109740,1,"clFinish_profiled"
"CPU_Elastic","COMPUTE_GRAPH","ggml_cgraph","GRAPH","",-1,21,-1,0,0,0,0,0,1.017239,1,"delegate_cpu_graph"
"CPU_Elastic","COMPUTE_GRAPH","ggml_cgraph","GRAPH","",-1,1,-1,0,0,0,0,0,0.082135,1,"delegate_cpu_graph"
"OpenCL","COMPUTE","Qcur-13","ROPE","f32",-1,3,-1,128,16,1,1,8192,0.124740,1,"clFinish_profiled"
"CPU_Elastic","COMPUTE_GRAPH","ggml_cgraph","GRAPH","",-1,1,-1,0,0,0,0,0,0.083802,1,"delegate_cpu_graph"
"OpenCL","COMPUTE","Kcur-13","ROPE","f32",-1,3,-1,128,16,1,1,8192,0.119063,1,"clFinish_profiled"
"OpenCL","COMPUTE","Vcur-13","MUL_MAT","f32",-1,4,-1,2048,1,1,1,8192,0.266250,1,"clFinish_profiled"
"OpenCL","COMPUTE","cache_k_l13 (view)","SET_ROWS","f16",-1,7,-1,2048,512,1,1,2097152,0.113229,1,"clFinish_profiled"
"OpenCL","COMPUTE","cache_v_l13 (view)","SET_ROWS","f16",-1,9,-1,2048,512,1,1,2097152,0.110156,1,"clFinish_profiled"
"OpenCL","COMPUTE","__fattn__-13","FLASH_ATTN_EXT","f32",-1,16,-1,128,16,1,1,8192,0.327136,1,"clFinish_profiled"
"CPU_Elastic","COMPUTE_GRAPH","ggml_cgraph","GRAPH","",-1,2,-1,0,0,0,0,0,0.106771,1,"delegate_cpu_graph"
"OpenCL","COMPUTE","ffn_moe_logits-13","MUL_MAT","f32",-1,2,-1,64,1,1,1,256,0.126562,1,"clFinish_profiled"
"OpenCL","COMPUTE","ffn_moe_probs-13","SOFT_MAX","f32",-1,3,-1,64,1,1,1,256,0.114584,1,"clFinish_profiled"
"OpenCL","COMPUTE","ffn_moe_argsort-13","ARGSORT","i32",-1,5,-1,64,1,1,1,256,0.119427,1,"clFinish_profiled"
"OpenCL","COMPUTE","ffn_moe_weights-13","GET_ROWS","f32",-1,7,-1,1,8,1,1,32,0.133437,1,"clFinish_profiled"
"CPU_Elastic","COMPUTE_GRAPH","ggml_cgraph","GRAPH","",-1,21,-1,0,0,0,0,0,1.146354,1,"delegate_cpu_graph"
"CPU_Elastic","COMPUTE_GRAPH","ggml_cgraph","GRAPH","",-1,1,-1,0,0,0,0,0,0.081719,1,"delegate_cpu_graph"
"OpenCL","COMPUTE","Qcur-14","ROPE","f32",-1,3,-1,128,16,1,1,8192,0.128698,1,"clFinish_profiled"
"CPU_Elastic","COMPUTE_GRAPH","ggml_cgraph","GRAPH","",-1,1,-1,0,0,0,0,0,0.084896,1,"delegate_cpu_graph"
"OpenCL","COMPUTE","Kcur-14","ROPE","f32",-1,3,-1,128,16,1,1,8192,0.118802,1,"clFinish_profiled"
"OpenCL","COMPUTE","Vcur-14","MUL_MAT","f32",-1,4,-1,2048,1,1,1,8192,0.263542,1,"clFinish_profiled"
"OpenCL","COMPUTE","cache_k_l14 (view)","SET_ROWS","f16",-1,7,-1,2048,512,1,1,2097152,0.116823,1,"clFinish_profiled"
"OpenCL","COMPUTE","cache_v_l14 (view)","SET_ROWS","f16",-1,9,-1,2048,512,1,1,2097152,0.112083,1,"clFinish_profiled"
"OpenCL","COMPUTE","__fattn__-14","FLASH_ATTN_EXT","f32",-1,16,-1,128,16,1,1,8192,0.323593,1,"clFinish_profiled"
"CPU_Elastic","COMPUTE_GRAPH","ggml_cgraph","GRAPH","",-1,2,-1,0,0,0,0,0,0.084583,1,"delegate_cpu_graph"
"OpenCL","COMPUTE","ffn_moe_logits-14","MUL_MAT","f32",-1,2,-1,64,1,1,1,256,0.124375,1,"clFinish_profiled"
"OpenCL","COMPUTE","ffn_moe_probs-14","SOFT_MAX","f32",-1,3,-1,64,1,1,1,256,0.119375,1,"clFinish_profiled"
"OpenCL","COMPUTE","ffn_moe_argsort-14","ARGSORT","i32",-1,5,-1,64,1,1,1,256,0.119479,1,"clFinish_profiled"
"OpenCL","COMPUTE","ffn_moe_weights-14","GET_ROWS","f32",-1,7,-1,1,8,1,1,32,0.109687,1,"clFinish_profiled"
"CPU_Elastic","COMPUTE_GRAPH","ggml_cgraph","GRAPH","",-1,21,-1,0,0,0,0,0,1.145625,1,"delegate_cpu_graph"
"CPU_Elastic","COMPUTE_GRAPH","ggml_cgraph","GRAPH","",-1,1,-1,0,0,0,0,0,0.081927,1,"delegate_cpu_graph"
"OpenCL","COMPUTE","Qcur-15","ROPE","f32",-1,3,-1,128,16,1,1,8192,0.126667,1,"clFinish_profiled"
"CPU_Elastic","COMPUTE_GRAPH","ggml_cgraph","GRAPH","",-1,1,-1,0,0,0,0,0,0.084167,1,"delegate_cpu_graph"
"OpenCL","COMPUTE","Kcur-15","ROPE","f32",-1,3,-1,128,16,1,1,8192,0.118646,1,"clFinish_profiled"
"OpenCL","COMPUTE","Vcur-15","MUL_MAT","f32",-1,4,-1,2048,1,1,1,8192,0.263750,1,"clFinish_profiled"
"OpenCL","COMPUTE","cache_k_l15 (view)","SET_ROWS","f16",-1,7,-1,2048,512,1,1,2097152,0.113125,1,"clFinish_profiled"
"OpenCL","COMPUTE","cache_v_l15 (view)","SET_ROWS","f16",-1,9,-1,2048,512,1,1,2097152,0.111511,1,"clFinish_profiled"
"OpenCL","COMPUTE","__fattn__-15","FLASH_ATTN_EXT","f32",-1,16,-1,128,16,1,1,8192,0.324844,1,"clFinish_profiled"
"CPU_Elastic","COMPUTE_GRAPH","ggml_cgraph","GRAPH","",-1,4,-1,0,0,0,0,0,0.085885,1,"delegate_cpu_graph"
"OpenCL","COMPUTE","ffn_moe_logits-15","MUL_MAT","f32",-1,2,-1,64,1,1,1,256,0.126719,1,"clFinish_profiled"
"OpenCL","COMPUTE","ffn_moe_probs-15","SOFT_MAX","f32",-1,3,-1,64,1,1,1,256,0.115469,1,"clFinish_profiled"
"OpenCL","COMPUTE","ffn_moe_argsort-15","ARGSORT","i32",-1,5,-1,64,1,1,1,256,0.122239,1,"clFinish_profiled"
"OpenCL","COMPUTE","ffn_moe_weights-15","GET_ROWS","f32",-1,7,-1,1,8,1,1,32,0.109166,1,"clFinish_profiled"
"CPU_Elastic","COMPUTE_GRAPH","ggml_cgraph","GRAPH","",-1,22,-1,0,0,0,0,0,1.143230,1,"delegate_cpu_graph"
"OpenCL","COMPUTE","result_norm","MUL","f32",-1,0,-1,2048,1,1,1,8192,0.342500,1,"clFinish_profiled"
"OpenCL","COMPUTE","result_output","MUL_MAT","f32",-1,1,-1,50304,1,1,1,201216,3.830625,1,"clFinish_profiled"
"CPU_Elastic","COMPUTE_GRAPH","ggml_cgraph","GRAPH","",-1,1,-1,0,0,0,0,0,0.003490,1,"delegate_cpu_graph"
"CPU_Elastic","COMPUTE_GRAPH","ggml_cgraph","GRAPH","",-1,1,-1,0,0,0,0,0,0.085209,1,"delegate_cpu_graph"
"OpenCL","COMPUTE","Qcur-0","ROPE","f32",-1,3,-1,128,16,1,1,8192,0.134011,1,"clFinish_profiled"
"CPU_Elastic","COMPUTE_GRAPH","ggml_cgraph","GRAPH","",-1,1,-1,0,0,0,0,0,0.083750,1,"delegate_cpu_graph"
"OpenCL","COMPUTE","Kcur-0","ROPE","f32",-1,3,-1,128,16,1,1,8192,0.120104,1,"clFinish_profiled"
"OpenCL","COMPUTE","Vcur-0","MUL_MAT","f32",-1,4,-1,2048,1,1,1,8192,0.287240,1,"clFinish_profiled"
"OpenCL","COMPUTE","cache_k_l0 (view)","SET_ROWS","f16",-1,7,-1,2048,512,1,1,2097152,0.124584,1,"clFinish_profiled"
"OpenCL","COMPUTE","cache_v_l0 (view)","SET_ROWS","f16",-1,9,-1,2048,512,1,1,2097152,0.128594,1,"clFinish_profiled"
"OpenCL","COMPUTE"," (copy)","CPY","f16",-1,16,-1,256,64,1,1,32768,0.138906,1,"clFinish_profiled"
"OpenCL","COMPUTE","__fattn__-0","FLASH_ATTN_EXT","f32",-1,17,-1,128,16,1,1,8192,0.326875,1,"clFinish_profiled"
"CPU_Elastic","COMPUTE_GRAPH","ggml_cgraph","GRAPH","",-1,2,-1,0,0,0,0,0,0.083593,1,"delegate_cpu_graph"
"OpenCL","COMPUTE","ffn_moe_logits-0","MUL_MAT","f32",-1,2,-1,64,1,1,1,256,0.127969,1,"clFinish_profiled"
"OpenCL","COMPUTE","ffn_moe_probs-0","SOFT_MAX","f32",-1,3,-1,64,1,1,1,256,0.124948,1,"clFinish_profiled"
"OpenCL","COMPUTE","ffn_moe_argsort-0","ARGSORT","i32",-1,5,-1,64,1,1,1,256,0.122917,1,"clFinish_profiled"
"OpenCL","COMPUTE","ffn_moe_weights-0","GET_ROWS","f32",-1,7,-1,1,8,1,1,32,0.109843,1,"clFinish_profiled"
"CPU_Elastic","COMPUTE_GRAPH","ggml_cgraph","GRAPH","",-1,21,-1,0,0,0,0,0,1.154323,1,"delegate_cpu_graph"
"CPU_Elastic","COMPUTE_GRAPH","ggml_cgraph","GRAPH","",-1,1,-1,0,0,0,0,0,0.083334,1,"delegate_cpu_graph"
"OpenCL","COMPUTE","Qcur-1","ROPE","f32",-1,3,-1,128,16,1,1,8192,0.123802,1,"clFinish_profiled"
"CPU_Elastic","COMPUTE_GRAPH","ggml_cgraph","GRAPH","",-1,1,-1,0,0,0,0,0,0.094375,1,"delegate_cpu_graph"
"OpenCL","COMPUTE","Kcur-1","ROPE","f32",-1,3,-1,128,16,1,1,8192,0.120677,1,"clFinish_profiled"
"OpenCL","COMPUTE","Vcur-1","MUL_MAT","f32",-1,4,-1,2048,1,1,1,8192,0.266875,1,"clFinish_profiled"
"OpenCL","COMPUTE","cache_k_l1 (view)","SET_ROWS","f16",-1,7,-1,2048,512,1,1,2097152,0.112396,1,"clFinish_profiled"
"OpenCL","COMPUTE","cache_v_l1 (view)","SET_ROWS","f16",-1,9,-1,2048,512,1,1,2097152,0.111927,1,"clFinish_profiled"
"OpenCL","COMPUTE","__fattn__-1","FLASH_ATTN_EXT","f32",-1,16,-1,128,16,1,1,8192,0.324584,1,"clFinish_profiled"
"CPU_Elastic","COMPUTE_GRAPH","ggml_cgraph","GRAPH","",-1,2,-1,0,0,0,0,0,0.083802,1,"delegate_cpu_graph"
"OpenCL","COMPUTE","ffn_moe_logits-1","MUL_MAT","f32",-1,2,-1,64,1,1,1,256,0.130468,1,"clFinish_profiled"
"OpenCL","COMPUTE","ffn_moe_probs-1","SOFT_MAX","f32",-1,3,-1,64,1,1,1,256,0.114115,1,"clFinish_profiled"
"OpenCL","COMPUTE","ffn_moe_argsort-1","ARGSORT","i32",-1,5,-1,64,1,1,1,256,0.118229,1,"clFinish_profiled"
"OpenCL","COMPUTE","ffn_moe_weights-1","GET_ROWS","f32",-1,7,-1,1,8,1,1,32,0.110782,1,"clFinish_profiled"
"CPU_Elastic","COMPUTE_GRAPH","ggml_cgraph","GRAPH","",-1,21,-1,0,0,0,0,0,1.148541,1,"delegate_cpu_graph"
"CPU_Elastic","COMPUTE_GRAPH","ggml_cgraph","GRAPH","",-1,1,-1,0,0,0,0,0,0.081666,1,"delegate_cpu_graph"
"OpenCL","COMPUTE","Qcur-2","ROPE","f32",-1,3,-1,128,16,1,1,8192,0.137657,1,"clFinish_profiled"
"CPU_Elastic","COMPUTE_GRAPH","ggml_cgraph","GRAPH","",-1,1,-1,0,0,0,0,0,0.083802,1,"delegate_cpu_graph"
"OpenCL","COMPUTE","Kcur-2","ROPE","f32",-1,3,-1,128,16,1,1,8192,0.119114,1,"clFinish_profiled"
"CPU_Elastic","COMPUTE_GRAPH","ggml_cgraph","GRAPH","",-1,3,-1,0,0,0,0,0,0.084792,1,"delegate_cpu_graph"
"OpenCL","COMPUTE","cache_k_l2 (view)","SET_ROWS","f16",-1,0,-1,2048,512,1,1,2097152,0.113959,1,"clFinish_profiled"
"OpenCL","COMPUTE","cache_v_l2 (view)","SET_ROWS","f16",-1,2,-1,2048,512,1,1,2097152,0.113333,1,"clFinish_profiled"
"OpenCL","COMPUTE","__fattn__-2","FLASH_ATTN_EXT","f32",-1,9,-1,128,16,1,1,8192,0.326562,1,"clFinish_profiled"
"CPU_Elastic","COMPUTE_GRAPH","ggml_cgraph","GRAPH","",-1,2,-1,0,0,0,0,0,0.083958,1,"delegate_cpu_graph"
"OpenCL","COMPUTE","ffn_moe_logits-2","MUL_MAT","f32",-1,2,-1,64,1,1,1,256,0.131198,1,"clFinish_profiled"
"OpenCL","COMPUTE","ffn_moe_probs-2","SOFT_MAX","f32",-1,3,-1,64,1,1,1,256,0.115833,1,"clFinish_profiled"
"OpenCL","COMPUTE","ffn_moe_argsort-2","ARGSORT","i32",-1,5,-1,64,1,1,1,256,0.120052,1,"clFinish_profiled"
"OpenCL","COMPUTE","ffn_moe_weights-2","GET_ROWS","f32",-1,7,-1,1,8,1,1,32,0.111459,1,"clFinish_profiled"
"CPU_Elastic","COMPUTE_GRAPH","ggml_cgraph","GRAPH","",-1,21,-1,0,0,0,0,0,1.011355,1,"delegate_cpu_graph"
"CPU_Elastic","COMPUTE_GRAPH","ggml_cgraph","GRAPH","",-1,1,-1,0,0,0,0,0,0.081354,1,"delegate_cpu_graph"
"OpenCL","COMPUTE","Qcur-3","ROPE","f32",-1,3,-1,128,16,1,1,8192,0.126875,1,"clFinish_profiled"
"CPU_Elastic","COMPUTE_GRAPH","ggml_cgraph","GRAPH","",-1,1,-1,0,0,0,0,0,0.081771,1,"delegate_cpu_graph"
"OpenCL","COMPUTE","Kcur-3","ROPE","f32",-1,3,-1,128,16,1,1,8192,0.117761,1,"clFinish_profiled"
"CPU_Elastic","COMPUTE_GRAPH","ggml_cgraph","GRAPH","",-1,3,-1,0,0,0,0,0,0.084011,1,"delegate_cpu_graph"
"OpenCL","COMPUTE","cache_k_l3 (view)","SET_ROWS","f16",-1,0,-1,2048,512,1,1,2097152,0.116250,1,"clFinish_profiled"
"OpenCL","COMPUTE","cache_v_l3 (view)","SET_ROWS","f16",-1,2,-1,2048,512,1,1,2097152,0.112292,1,"clFinish_profiled"
"OpenCL","COMPUTE","__fattn__-3","FLASH_ATTN_EXT","f32",-1,9,-1,128,16,1,1,8192,0.332448,1,"clFinish_profiled"
"CPU_Elastic","COMPUTE_GRAPH","ggml_cgraph","GRAPH","",-1,2,-1,0,0,0,0,0,0.083907,1,"delegate_cpu_graph"
"OpenCL","COMPUTE","ffn_moe_logits-3","MUL_MAT","f32",-1,2,-1,64,1,1,1,256,0.126667,1,"clFinish_profiled"
"OpenCL","COMPUTE","ffn_moe_probs-3","SOFT_MAX","f32",-1,3,-1,64,1,1,1,256,0.114635,1,"clFinish_profiled"
"OpenCL","COMPUTE","ffn_moe_argsort-3","ARGSORT","i32",-1,5,-1,64,1,1,1,256,0.120677,1,"clFinish_profiled"
"OpenCL","COMPUTE","ffn_moe_weights-3","GET_ROWS","f32",-1,7,-1,1,8,1,1,32,0.111354,1,"clFinish_profiled"
"CPU_Elastic","COMPUTE_GRAPH","ggml_cgraph","GRAPH","",-1,21,-1,0,0,0,0,0,1.028073,1,"delegate_cpu_graph"
"CPU_Elastic","COMPUTE_GRAPH","ggml_cgraph","GRAPH","",-1,1,-1,0,0,0,0,0,0.083282,1,"delegate_cpu_graph"
"OpenCL","COMPUTE","Qcur-4","ROPE","f32",-1,3,-1,128,16,1,1,8192,0.128333,1,"clFinish_profiled"
"CPU_Elastic","COMPUTE_GRAPH","ggml_cgraph","GRAPH","",-1,1,-1,0,0,0,0,0,0.081615,1,"delegate_cpu_graph"
"OpenCL","COMPUTE","Kcur-4","ROPE","f32",-1,3,-1,128,16,1,1,8192,0.118385,1,"clFinish_profiled"
"OpenCL","COMPUTE","Vcur-4","MUL_MAT","f32",-1,4,-1,2048,1,1,1,8192,0.263125,1,"clFinish_profiled"
"OpenCL","COMPUTE","cache_k_l4 (view)","SET_ROWS","f16",-1,7,-1,2048,512,1,1,2097152,0.112396,1,"clFinish_profiled"
"OpenCL","COMPUTE","cache_v_l4 (view)","SET_ROWS","f16",-1,9,-1,2048,512,1,1,2097152,0.112812,1,"clFinish_profiled"
"OpenCL","COMPUTE","__fattn__-4","FLASH_ATTN_EXT","f32",-1,16,-1,128,16,1,1,8192,0.337239,1,"clFinish_profiled"
"CPU_Elastic","COMPUTE_GRAPH","ggml_cgraph","GRAPH","",-1,2,-1,0,0,0,0,0,0.083489,1,"delegate_cpu_graph"
"OpenCL","COMPUTE","ffn_moe_logits-4","MUL_MAT","f32",-1,2,-1,64,1,1,1,256,0.136042,1,"clFinish_profiled"
"OpenCL","COMPUTE","ffn_moe_probs-4","SOFT_MAX","f32",-1,3,-1,64,1,1,1,256,0.114792,1,"clFinish_profiled"
"OpenCL","COMPUTE","ffn_moe_argsort-4","ARGSORT","i32",-1,5,-1,64,1,1,1,256,0.120677,1,"clFinish_profiled"
"OpenCL","COMPUTE","ffn_moe_weights-4","GET_ROWS","f32",-1,7,-1,1,8,1,1,32,0.115157,1,"clFinish_profiled"
"CPU_Elastic","COMPUTE_GRAPH","ggml_cgraph","GRAPH","",-1,21,-1,0,0,0,0,0,1.151875,1,"delegate_cpu_graph"
"CPU_Elastic","COMPUTE_GRAPH","ggml_cgraph","GRAPH","",-1,1,-1,0,0,0,0,0,0.081510,1,"delegate_cpu_graph"
"OpenCL","COMPUTE","Qcur-5","ROPE","f32",-1,3,-1,128,16,1,1,8192,0.129011,1,"clFinish_profiled"
"CPU_Elastic","COMPUTE_GRAPH","ggml_cgraph","GRAPH","",-1,1,-1,0,0,0,0,0,0.081666,1,"delegate_cpu_graph"
"OpenCL","COMPUTE","Kcur-5","ROPE","f32",-1,3,-1,128,16,1,1,8192,0.118542,1,"clFinish_profiled"
"CPU_Elastic","COMPUTE_GRAPH","ggml_cgraph","GRAPH","",-1,3,-1,0,0,0,0,0,0.085573,1,"delegate_cpu_graph"
"OpenCL","COMPUTE","cache_k_l5 (view)","SET_ROWS","f16",-1,0,-1,2048,512,1,1,2097152,0.113385,1,"clFinish_profiled"
"OpenCL","COMPUTE","cache_v_l5 (view)","SET_ROWS","f16",-1,2,-1,2048,512,1,1,2097152,0.111719,1,"clFinish_profiled"
"OpenCL","COMPUTE","__fattn__-5","FLASH_ATTN_EXT","f32",-1,9,-1,128,16,1,1,8192,0.325052,1,"clFinish_profiled"
"CPU_Elastic","COMPUTE_GRAPH","ggml_cgraph","GRAPH","",-1,2,-1,0,0,0,0,0,0.085469,1,"delegate_cpu_graph"
"OpenCL","COMPUTE","ffn_moe_logits-5","MUL_MAT","f32",-1,2,-1,64,1,1,1,256,0.127083,1,"clFinish_profiled"
"OpenCL","COMPUTE","ffn_moe_probs-5","SOFT_MAX","f32",-1,3,-1,64,1,1,1,256,0.114739,1,"clFinish_profiled"
"OpenCL","COMPUTE","ffn_moe_argsort-5","ARGSORT","i32",-1,5,-1,64,1,1,1,256,0.123177,1,"clFinish_profiled"
"OpenCL","COMPUTE","ffn_moe_weights-5","GET_ROWS","f32",-1,7,-1,1,8,1,1,32,0.110729,1,"clFinish_profiled"
"CPU_Elastic","COMPUTE_GRAPH","ggml_cgraph","GRAPH","",-1,21,-1,0,0,0,0,0,1.023385,1,"delegate_cpu_graph"
"CPU_Elastic","COMPUTE_GRAPH","ggml_cgraph","GRAPH","",-1,1,-1,0,0,0,0,0,0.083906,1,"delegate_cpu_graph"
"OpenCL","COMPUTE","Qcur-6","ROPE","f32",-1,3,-1,128,16,1,1,8192,0.128073,1,"clFinish_profiled"
"CPU_Elastic","COMPUTE_GRAPH","ggml_cgraph","GRAPH","",-1,1,-1,0,0,0,0,0,0.081666,1,"delegate_cpu_graph"
"OpenCL","COMPUTE","Kcur-6","ROPE","f32",-1,3,-1,128,16,1,1,8192,0.120416,1,"clFinish_profiled"
"CPU_Elastic","COMPUTE_GRAPH","ggml_cgraph","GRAPH","",-1,3,-1,0,0,0,0,0,0.084843,1,"delegate_cpu_graph"
"OpenCL","COMPUTE","cache_k_l6 (view)","SET_ROWS","f16",-1,0,-1,2048,512,1,1,2097152,0.113282,1,"clFinish_profiled"
"OpenCL","COMPUTE","cache_v_l6 (view)","SET_ROWS","f16",-1,2,-1,2048,512,1,1,2097152,0.112812,1,"clFinish_profiled"
"OpenCL","COMPUTE","__fattn__-6","FLASH_ATTN_EXT","f32",-1,9,-1,128,16,1,1,8192,0.324687,1,"clFinish_profiled"
"CPU_Elastic","COMPUTE_GRAPH","ggml_cgraph","GRAPH","",-1,2,-1,0,0,0,0,0,0.084011,1,"delegate_cpu_graph"
"OpenCL","COMPUTE","ffn_moe_logits-6","MUL_MAT","f32",-1,2,-1,64,1,1,1,256,0.124792,1,"clFinish_profiled"
"OpenCL","COMPUTE","ffn_moe_probs-6","SOFT_MAX","f32",-1,3,-1,64,1,1,1,256,0.114583,1,"clFinish_profiled"
"OpenCL","COMPUTE","ffn_moe_argsort-6","ARGSORT","i32",-1,5,-1,64,1,1,1,256,0.121459,1,"clFinish_profiled"
"OpenCL","COMPUTE","ffn_moe_weights-6","GET_ROWS","f32",-1,7,-1,1,8,1,1,32,0.109166,1,"clFinish_profiled"
"CPU_Elastic","COMPUTE_GRAPH","ggml_cgraph","GRAPH","",-1,21,-1,0,0,0,0,0,1.015156,1,"delegate_cpu_graph"
"CPU_Elastic","COMPUTE_GRAPH","ggml_cgraph","GRAPH","",-1,1,-1,0,0,0,0,0,0.083750,1,"delegate_cpu_graph"
"OpenCL","COMPUTE","Qcur-7","ROPE","f32",-1,3,-1,128,16,1,1,8192,0.132396,1,"clFinish_profiled"
"CPU_Elastic","COMPUTE_GRAPH","ggml_cgraph","GRAPH","",-1,1,-1,0,0,0,0,0,0.082969,1,"delegate_cpu_graph"
"OpenCL","COMPUTE","Kcur-7","ROPE","f32",-1,3,-1,128,16,1,1,8192,0.125313,1,"clFinish_profiled"
"OpenCL","COMPUTE","Vcur-7","MUL_MAT","f32",-1,4,-1,2048,1,1,1,8192,0.263959,1,"clFinish_profiled"
"OpenCL","COMPUTE","cache_k_l7 (view)","SET_ROWS","f16",-1,7,-1,2048,512,1,1,2097152,0.113541,1,"clFinish_profiled"
"OpenCL","COMPUTE","cache_v_l7 (view)","SET_ROWS","f16",-1,9,-1,2048,512,1,1,2097152,0.112657,1,"clFinish_profiled"
"OpenCL","COMPUTE","__fattn__-7","FLASH_ATTN_EXT","f32",-1,16,-1,128,16,1,1,8192,0.322396,1,"clFinish_profiled"
"CPU_Elastic","COMPUTE_GRAPH","ggml_cgraph","GRAPH","",-1,2,-1,0,0,0,0,0,0.084115,1,"delegate_cpu_graph"
"OpenCL","COMPUTE","ffn_moe_logits-7","MUL_MAT","f32",-1,2,-1,64,1,1,1,256,0.127969,1,"clFinish_profiled"
"OpenCL","COMPUTE","ffn_moe_probs-7","SOFT_MAX","f32",-1,3,-1,64,1,1,1,256,0.115208,1,"clFinish_profiled"
"OpenCL","COMPUTE","ffn_moe_argsort-7","ARGSORT","i32",-1,5,-1,64,1,1,1,256,0.120730,1,"clFinish_profiled"
"OpenCL","COMPUTE","ffn_moe_weights-7","GET_ROWS","f32",-1,7,-1,1,8,1,1,32,0.111198,1,"clFinish_profiled"
"CPU_Elastic","COMPUTE_GRAPH","ggml_cgraph","GRAPH","",-1,21,-1,0,0,0,0,0,1.145469,1,"delegate_cpu_graph"
"CPU_Elastic","COMPUTE_GRAPH","ggml_cgraph","GRAPH","",-1,1,-1,0,0,0,0,0,0.083177,1,"delegate_cpu_graph"
"OpenCL","COMPUTE","Qcur-8","ROPE","f32",-1,3,-1,128,16,1,1,8192,0.129531,1,"clFinish_profiled"
"CPU_Elastic","COMPUTE_GRAPH","ggml_cgraph","GRAPH","",-1,1,-1,0,0,0,0,0,0.083333,1,"delegate_cpu_graph"
"OpenCL","COMPUTE","Kcur-8","ROPE","f32",-1,3,-1,128,16,1,1,8192,0.117448,1,"clFinish_profiled"
"CPU_Elastic","COMPUTE_GRAPH","ggml_cgraph","GRAPH","",-1,3,-1,0,0,0,0,0,0.083177,1,"delegate_cpu_graph"
"OpenCL","COMPUTE","cache_k_l8 (view)","SET_ROWS","f16",-1,0,-1,2048,512,1,1,2097152,0.112865,1,"clFinish_profiled"
"OpenCL","COMPUTE","cache_v_l8 (view)","SET_ROWS","f16",-1,2,-1,2048,512,1,1,2097152,0.112240,1,"clFinish_profiled"
"OpenCL","COMPUTE","__fattn__-8","FLASH_ATTN_EXT","f32",-1,9,-1,128,16,1,1,8192,0.324167,1,"clFinish_profiled"
"CPU_Elastic","COMPUTE_GRAPH","ggml_cgraph","GRAPH","",-1,2,-1,0,0,0,0,0,0.084011,1,"delegate_cpu_graph"
"OpenCL","COMPUTE","ffn_moe_logits-8","MUL_MAT","f32",-1,2,-1,64,1,1,1,256,0.127708,1,"clFinish_profiled"
"OpenCL","COMPUTE","ffn_moe_probs-8","SOFT_MAX","f32",-1,3,-1,64,1,1,1,256,0.113803,1,"clFinish_profiled"
"OpenCL","COMPUTE","ffn_moe_argsort-8","ARGSORT","i32",-1,5,-1,64,1,1,1,256,0.122187,1,"clFinish_profiled"
"OpenCL","COMPUTE","ffn_moe_weights-8","GET_ROWS","f32",-1,7,-1,1,8,1,1,32,0.108750,1,"clFinish_profiled"
"CPU_Elastic","COMPUTE_GRAPH","ggml_cgraph","GRAPH","",-1,21,-1,0,0,0,0,0,1.022291,1,"delegate_cpu_graph"
"CPU_Elastic","COMPUTE_GRAPH","ggml_cgraph","GRAPH","",-1,1,-1,0,0,0,0,0,0.082188,1,"delegate_cpu_graph"
"OpenCL","COMPUTE","Qcur-9","ROPE","f32",-1,3,-1,128,16,1,1,8192,0.127864,1,"clFinish_profiled"
"CPU_Elastic","COMPUTE_GRAPH","ggml_cgraph","GRAPH","",-1,1,-1,0,0,0,0,0,0.082187,1,"delegate_cpu_graph"
"OpenCL","COMPUTE","Kcur-9","ROPE","f32",-1,3,-1,128,16,1,1,8192,0.117709,1,"clFinish_profiled"
"CPU_Elastic","COMPUTE_GRAPH","ggml_cgraph","GRAPH","",-1,3,-1,0,0,0,0,0,0.082448,1,"delegate_cpu_graph"
"OpenCL","COMPUTE","cache_k_l9 (view)","SET_ROWS","f16",-1,0,-1,2048,512,1,1,2097152,0.111667,1,"clFinish_profiled"
"OpenCL","COMPUTE","cache_v_l9 (view)","SET_ROWS","f16",-1,2,-1,2048,512,1,1,2097152,0.111927,1,"clFinish_profiled"
"OpenCL","COMPUTE","__fattn__-9","FLASH_ATTN_EXT","f32",-1,9,-1,128,16,1,1,8192,0.340365,1,"clFinish_profiled"
"CPU_Elastic","COMPUTE_GRAPH","ggml_cgraph","GRAPH","",-1,2,-1,0,0,0,0,0,0.084635,1,"delegate_cpu_graph"
"OpenCL","COMPUTE","ffn_moe_logits-9","MUL_MAT","f32",-1,2,-1,64,1,1,1,256,0.128907,1,"clFinish_profiled"
"OpenCL","COMPUTE","ffn_moe_probs-9","SOFT_MAX","f32",-1,3,-1,64,1,1,1,256,0.115729,1,"clFinish_profiled"
"OpenCL","COMPUTE","ffn_moe_argsort-9","ARGSORT","i32",-1,5,-1,64,1,1,1,256,0.118594,1,"clFinish_profiled"
"OpenCL","COMPUTE","ffn_moe_weights-9","GET_ROWS","f32",-1,7,-1,1,8,1,1,32,0.122239,1,"clFinish_profiled"
"CPU_Elastic","COMPUTE_GRAPH","ggml_cgraph","GRAPH","",-1,21,-1,0,0,0,0,0,1.028750,1,"delegate_cpu_graph"
"CPU_Elastic","COMPUTE_GRAPH","ggml_cgraph","GRAPH","",-1,1,-1,0,0,0,0,0,0.081354,1,"delegate_cpu_graph"
"OpenCL","COMPUTE","Qcur-10","ROPE","f32",-1,3,-1,128,16,1,1,8192,0.126510,1,"clFinish_profiled"
"CPU_Elastic","COMPUTE_GRAPH","ggml_cgraph","GRAPH","",-1,1,-1,0,0,0,0,0,0.081771,1,"delegate_cpu_graph"
"OpenCL","COMPUTE","Kcur-10","ROPE","f32",-1,3,-1,128,16,1,1,8192,0.118750,1,"clFinish_profiled"
"OpenCL","COMPUTE","Vcur-10","MUL_MAT","f32",-1,4,-1,2048,1,1,1,8192,0.261979,1,"clFinish_profiled"
"OpenCL","COMPUTE","cache_k_l10 (view)","SET_ROWS","f16",-1,7,-1,2048,512,1,1,2097152,0.112656,1,"clFinish_profiled"
"OpenCL","COMPUTE","cache_v_l10 (view)","SET_ROWS","f16",-1,9,-1,2048,512,1,1,2097152,0.112448,1,"clFinish_profiled"
"OpenCL","COMPUTE","__fattn__-10","FLASH_ATTN_EXT","f32",-1,16,-1,128,16,1,1,8192,0.318541,1,"clFinish_profiled"
"CPU_Elastic","COMPUTE_GRAPH","ggml_cgraph","GRAPH","",-1,2,-1,0,0,0,0,0,0.083594,1,"delegate_cpu_graph"
"OpenCL","COMPUTE","ffn_moe_logits-10","MUL_MAT","f32",-1,2,-1,64,1,1,1,256,0.125364,1,"clFinish_profiled"
"OpenCL","COMPUTE","ffn_moe_probs-10","SOFT_MAX","f32",-1,3,-1,64,1,1,1,256,0.115105,1,"clFinish_profiled"
"OpenCL","COMPUTE","ffn_moe_argsort-10","ARGSORT","i32",-1,5,-1,64,1,1,1,256,0.118750,1,"clFinish_profiled"
"OpenCL","COMPUTE","ffn_moe_weights-10","GET_ROWS","f32",-1,7,-1,1,8,1,1,32,0.109479,1,"clFinish_profiled"
"CPU_Elastic","COMPUTE_GRAPH","ggml_cgraph","GRAPH","",-1,21,-1,0,0,0,0,0,1.165990,1,"delegate_cpu_graph"
"CPU_Elastic","COMPUTE_GRAPH","ggml_cgraph","GRAPH","",-1,1,-1,0,0,0,0,0,0.082239,1,"delegate_cpu_graph"
"OpenCL","COMPUTE","Qcur-11","ROPE","f32",-1,3,-1,128,16,1,1,8192,0.140781,1,"clFinish_profiled"
"CPU_Elastic","COMPUTE_GRAPH","ggml_cgraph","GRAPH","",-1,1,-1,0,0,0,0,0,0.084583,1,"delegate_cpu_graph"
"OpenCL","COMPUTE","Kcur-11","ROPE","f32",-1,3,-1,128,16,1,1,8192,0.123072,1,"clFinish_profiled"
"CPU_Elastic","COMPUTE_GRAPH","ggml_cgraph","GRAPH","",-1,3,-1,0,0,0,0,0,0.083802,1,"delegate_cpu_graph"
"OpenCL","COMPUTE","cache_k_l11 (view)","SET_ROWS","f16",-1,0,-1,2048,512,1,1,2097152,0.111615,1,"clFinish_profiled"
"OpenCL","COMPUTE","cache_v_l11 (view)","SET_ROWS","f16",-1,2,-1,2048,512,1,1,2097152,0.196146,1,"clFinish_profiled"
"OpenCL","COMPUTE","__fattn__-11","FLASH_ATTN_EXT","f32",-1,9,-1,128,16,1,1,8192,0.337657,1,"clFinish_profiled"
"CPU_Elastic","COMPUTE_GRAPH","ggml_cgraph","GRAPH","",-1,2,-1,0,0,0,0,0,0.084063,1,"delegate_cpu_graph"
"OpenCL","COMPUTE","ffn_moe_logits-11","MUL_MAT","f32",-1,2,-1,64,1,1,1,256,0.125678,1,"clFinish_profiled"
"OpenCL","COMPUTE","ffn_moe_probs-11","SOFT_MAX","f32",-1,3,-1,64,1,1,1,256,0.113177,1,"clFinish_profiled"
"OpenCL","COMPUTE","ffn_moe_argsort-11","ARGSORT","i32",-1,5,-1,64,1,1,1,256,0.144479,1,"clFinish_profiled"
"OpenCL","COMPUTE","ffn_moe_weights-11","GET_ROWS","f32",-1,7,-1,1,8,1,1,32,0.115885,1,"clFinish_profiled"
"CPU_Elastic","COMPUTE_GRAPH","ggml_cgraph","GRAPH","",-1,21,-1,0,0,0,0,0,1.021875,1,"delegate_cpu_graph"
"CPU_Elastic","COMPUTE_GRAPH","ggml_cgraph","GRAPH","",-1,1,-1,0,0,0,0,0,0.081875,1,"delegate_cpu_graph"
"OpenCL","COMPUTE","Qcur-12","ROPE","f32",-1,3,-1,128,16,1,1,8192,0.135938,1,"clFinish_profiled"
"CPU_Elastic","COMPUTE_GRAPH","ggml_cgraph","GRAPH","",-1,1,-1,0,0,0,0,0,0.084218,1,"delegate_cpu_graph"
"OpenCL","COMPUTE","Kcur-12","ROPE","f32",-1,3,-1,128,16,1,1,8192,0.150573,1,"clFinish_profiled"
"CPU_Elastic","COMPUTE_GRAPH","ggml_cgraph","GRAPH","",-1,3,-1,0,0,0,0,0,0.082708,1,"delegate_cpu_graph"
"OpenCL","COMPUTE","cache_k_l12 (view)","SET_ROWS","f16",-1,0,-1,2048,512,1,1,2097152,0.131771,1,"clFinish_profiled"
"OpenCL","COMPUTE","cache_v_l12 (view)","SET_ROWS","f16",-1,2,-1,2048,512,1,1,2097152,0.126511,1,"clFinish_profiled"
"OpenCL","COMPUTE","__fattn__-12","FLASH_ATTN_EXT","f32",-1,9,-1,128,16,1,1,8192,0.339271,1,"clFinish_profiled"
"CPU_Elastic","COMPUTE_GRAPH","ggml_cgraph","GRAPH","",-1,2,-1,0,0,0,0,0,0.084323,1,"delegate_cpu_graph"
"OpenCL","COMPUTE","ffn_moe_logits-12","MUL_MAT","f32",-1,2,-1,64,1,1,1,256,0.127656,1,"clFinish_profiled"
"OpenCL","COMPUTE","ffn_moe_probs-12","SOFT_MAX","f32",-1,3,-1,64,1,1,1,256,0.116562,1,"clFinish_profiled"
"OpenCL","COMPUTE","ffn_moe_argsort-12","ARGSORT","i32",-1,5,-1,64,1,1,1,256,0.117917,1,"clFinish_profiled"
"OpenCL","COMPUTE","ffn_moe_weights-12","GET_ROWS","f32",-1,7,-1,1,8,1,1,32,0.109480,1,"clFinish_profiled"
"CPU_Elastic","COMPUTE_GRAPH","ggml_cgraph","GRAPH","",-1,21,-1,0,0,0,0,0,1.004271,1,"delegate_cpu_graph"
"CPU_Elastic","COMPUTE_GRAPH","ggml_cgraph","GRAPH","",-1,1,-1,0,0,0,0,0,0.082135,1,"delegate_cpu_graph"
"OpenCL","COMPUTE","Qcur-13","ROPE","f32",-1,3,-1,128,16,1,1,8192,0.127084,1,"clFinish_profiled"
"CPU_Elastic","COMPUTE_GRAPH","ggml_cgraph","GRAPH","",-1,1,-1,0,0,0,0,0,0.084427,1,"delegate_cpu_graph"
"OpenCL","COMPUTE","Kcur-13","ROPE","f32",-1,3,-1,128,16,1,1,8192,0.117761,1,"clFinish_profiled"
"OpenCL","COMPUTE","Vcur-13","MUL_MAT","f32",-1,4,-1,2048,1,1,1,8192,0.269531,1,"clFinish_profiled"
"OpenCL","COMPUTE","cache_k_l13 (view)","SET_ROWS","f16",-1,7,-1,2048,512,1,1,2097152,0.124062,1,"clFinish_profiled"
"OpenCL","COMPUTE","cache_v_l13 (view)","SET_ROWS","f16",-1,9,-1,2048,512,1,1,2097152,0.141718,1,"clFinish_profiled"
"OpenCL","COMPUTE","__fattn__-13","FLASH_ATTN_EXT","f32",-1,16,-1,128,16,1,1,8192,0.325365,1,"clFinish_profiled"
"CPU_Elastic","COMPUTE_GRAPH","ggml_cgraph","GRAPH","",-1,2,-1,0,0,0,0,0,0.085260,1,"delegate_cpu_graph"
"OpenCL","COMPUTE","ffn_moe_logits-13","MUL_MAT","f32",-1,2,-1,64,1,1,1,256,0.138594,1,"clFinish_profiled"
"OpenCL","COMPUTE","ffn_moe_probs-13","SOFT_MAX","f32",-1,3,-1,64,1,1,1,256,0.119323,1,"clFinish_profiled"
"OpenCL","COMPUTE","ffn_moe_argsort-13","ARGSORT","i32",-1,5,-1,64,1,1,1,256,0.123386,1,"clFinish_profiled"
"OpenCL","COMPUTE","ffn_moe_weights-13","GET_ROWS","f32",-1,7,-1,1,8,1,1,32,0.123959,1,"clFinish_profiled"
"CPU_Elastic","COMPUTE_GRAPH","ggml_cgraph","GRAPH","",-1,21,-1,0,0,0,0,0,1.132031,1,"delegate_cpu_graph"
"CPU_Elastic","COMPUTE_GRAPH","ggml_cgraph","GRAPH","",-1,1,-1,0,0,0,0,0,0.080937,1,"delegate_cpu_graph"
"OpenCL","COMPUTE","Qcur-14","ROPE","f32",-1,3,-1,128,16,1,1,8192,0.125677,1,"clFinish_profiled"
"CPU_Elastic","COMPUTE_GRAPH","ggml_cgraph","GRAPH","",-1,1,-1,0,0,0,0,0,0.083594,1,"delegate_cpu_graph"
"OpenCL","COMPUTE","Kcur-14","ROPE","f32",-1,3,-1,128,16,1,1,8192,0.121979,1,"clFinish_profiled"
"OpenCL","COMPUTE","Vcur-14","MUL_MAT","f32",-1,4,-1,2048,1,1,1,8192,0.262968,1,"clFinish_profiled"
"OpenCL","COMPUTE","cache_k_l14 (view)","SET_ROWS","f16",-1,7,-1,2048,512,1,1,2097152,0.117709,1,"clFinish_profiled"
"OpenCL","COMPUTE","cache_v_l14 (view)","SET_ROWS","f16",-1,9,-1,2048,512,1,1,2097152,0.114792,1,"clFinish_profiled"
"OpenCL","COMPUTE","__fattn__-14","FLASH_ATTN_EXT","f32",-1,16,-1,128,16,1,1,8192,0.325834,1,"clFinish_profiled"
"CPU_Elastic","COMPUTE_GRAPH","ggml_cgraph","GRAPH","",-1,2,-1,0,0,0,0,0,0.085260,1,"delegate_cpu_graph"
"OpenCL","COMPUTE","ffn_moe_logits-14","MUL_MAT","f32",-1,2,-1,64,1,1,1,256,0.127605,1,"clFinish_profiled"
"OpenCL","COMPUTE","ffn_moe_probs-14","SOFT_MAX","f32",-1,3,-1,64,1,1,1,256,0.116510,1,"clFinish_profiled"
"OpenCL","COMPUTE","ffn_moe_argsort-14","ARGSORT","i32",-1,5,-1,64,1,1,1,256,0.120313,1,"clFinish_profiled"
"OpenCL","COMPUTE","ffn_moe_weights-14","GET_ROWS","f32",-1,7,-1,1,8,1,1,32,0.113438,1,"clFinish_profiled"
"CPU_Elastic","COMPUTE_GRAPH","ggml_cgraph","GRAPH","",-1,21,-1,0,0,0,0,0,1.156614,1,"delegate_cpu_graph"
"CPU_Elastic","COMPUTE_GRAPH","ggml_cgraph","GRAPH","",-1,1,-1,0,0,0,0,0,0.083646,1,"delegate_cpu_graph"
"OpenCL","COMPUTE","Qcur-15","ROPE","f32",-1,3,-1,128,16,1,1,8192,0.129792,1,"clFinish_profiled"
"CPU_Elastic","COMPUTE_GRAPH","ggml_cgraph","GRAPH","",-1,1,-1,0,0,0,0,0,0.083802,1,"delegate_cpu_graph"
"OpenCL","COMPUTE","Kcur-15","ROPE","f32",-1,3,-1,128,16,1,1,8192,0.119427,1,"clFinish_profiled"
"OpenCL","COMPUTE","Vcur-15","MUL_MAT","f32",-1,4,-1,2048,1,1,1,8192,0.262708,1,"clFinish_profiled"
"OpenCL","COMPUTE","cache_k_l15 (view)","SET_ROWS","f16",-1,7,-1,2048,512,1,1,2097152,0.125573,1,"clFinish_profiled"
"OpenCL","COMPUTE","cache_v_l15 (view)","SET_ROWS","f16",-1,9,-1,2048,512,1,1,2097152,0.125208,1,"clFinish_profiled"
"OpenCL","COMPUTE","__fattn__-15","FLASH_ATTN_EXT","f32",-1,16,-1,128,16,1,1,8192,0.329062,1,"clFinish_profiled"
"CPU_Elastic","COMPUTE_GRAPH","ggml_cgraph","GRAPH","",-1,4,-1,0,0,0,0,0,0.087604,1,"delegate_cpu_graph"
"OpenCL","COMPUTE","ffn_moe_logits-15","MUL_MAT","f32",-1,2,-1,64,1,1,1,256,0.128958,1,"clFinish_profiled"
"OpenCL","COMPUTE","ffn_moe_probs-15","SOFT_MAX","f32",-1,3,-1,64,1,1,1,256,0.116198,1,"clFinish_profiled"
"OpenCL","COMPUTE","ffn_moe_argsort-15","ARGSORT","i32",-1,5,-1,64,1,1,1,256,0.121927,1,"clFinish_profiled"
"OpenCL","COMPUTE","ffn_moe_weights-15","GET_ROWS","f32",-1,7,-1,1,8,1,1,32,0.113490,1,"clFinish_profiled"
"CPU_Elastic","COMPUTE_GRAPH","ggml_cgraph","GRAPH","",-1,22,-1,0,0,0,0,0,1.158021,1,"delegate_cpu_graph"
"OpenCL","COMPUTE","result_norm","MUL","f32",-1,0,-1,2048,1,1,1,8192,0.335261,1,"clFinish_profiled"
"OpenCL","COMPUTE","result_output","MUL_MAT","f32",-1,1,-1,50304,1,1,1,201216,3.839323,1,"clFinish_profiled"
"CPU_Elastic","COMPUTE_GRAPH","ggml_cgraph","GRAPH","",-1,1,-1,0,0,0,0,0,0.003750,1,"delegate_cpu_graph"
"CPU_Elastic","COMPUTE_GRAPH","ggml_cgraph","GRAPH","",-1,1,-1,0,0,0,0,0,0.081979,1,"delegate_cpu_graph"
"OpenCL","COMPUTE","Qcur-0","ROPE","f32",-1,3,-1,128,16,1,1,8192,0.129271,1,"clFinish_profiled"
"CPU_Elastic","COMPUTE_GRAPH","ggml_cgraph","GRAPH","",-1,1,-1,0,0,0,0,0,0.084063,1,"delegate_cpu_graph"
"OpenCL","COMPUTE","Kcur-0","ROPE","f32",-1,3,-1,128,16,1,1,8192,0.128854,1,"clFinish_profiled"
"OpenCL","COMPUTE","Vcur-0","MUL_MAT","f32",-1,4,-1,2048,1,1,1,8192,0.274271,1,"clFinish_profiled"
"OpenCL","COMPUTE","cache_k_l0 (view)","SET_ROWS","f16",-1,7,-1,2048,512,1,1,2097152,0.126042,1,"clFinish_profiled"
"OpenCL","COMPUTE","cache_v_l0 (view)","SET_ROWS","f16",-1,9,-1,2048,512,1,1,2097152,0.116146,1,"clFinish_profiled"
"OpenCL","COMPUTE"," (copy)","CPY","f16",-1,16,-1,256,64,1,1,32768,0.117188,1,"clFinish_profiled"
"OpenCL","COMPUTE","__fattn__-0","FLASH_ATTN_EXT","f32",-1,17,-1,128,16,1,1,8192,0.324792,1,"clFinish_profiled"
"CPU_Elastic","COMPUTE_GRAPH","ggml_cgraph","GRAPH","",-1,2,-1,0,0,0,0,0,0.084792,1,"delegate_cpu_graph"
"OpenCL","COMPUTE","ffn_moe_logits-0","MUL_MAT","f32",-1,2,-1,64,1,1,1,256,0.126979,1,"clFinish_profiled"
"OpenCL","COMPUTE","ffn_moe_probs-0","SOFT_MAX","f32",-1,3,-1,64,1,1,1,256,0.114843,1,"clFinish_profiled"
"OpenCL","COMPUTE","ffn_moe_argsort-0","ARGSORT","i32",-1,5,-1,64,1,1,1,256,0.119896,1,"clFinish_profiled"
"OpenCL","COMPUTE","ffn_moe_weights-0","GET_ROWS","f32",-1,7,-1,1,8,1,1,32,0.110833,1,"clFinish_profiled"
"CPU_Elastic","COMPUTE_GRAPH","ggml_cgraph","GRAPH","",-1,21,-1,0,0,0,0,0,1.150104,1,"delegate_cpu_graph"
"CPU_Elastic","COMPUTE_GRAPH","ggml_cgraph","GRAPH","",-1,1,-1,0,0,0,0,0,0.080677,1,"delegate_cpu_graph"
"OpenCL","COMPUTE","Qcur-1","ROPE","f32",-1,3,-1,128,16,1,1,8192,0.125208,1,"clFinish_profiled"
"CPU_Elastic","COMPUTE_GRAPH","ggml_cgraph","GRAPH","",-1,1,-1,0,0,0,0,0,0.083333,1,"delegate_cpu_graph"
"OpenCL","COMPUTE","Kcur-1","ROPE","f32",-1,3,-1,128,16,1,1,8192,0.119219,1,"clFinish_profiled"
"OpenCL","COMPUTE","Vcur-1","MUL_MAT","f32",-1,4,-1,2048,1,1,1,8192,0.268803,1,"clFinish_profiled"
"OpenCL","COMPUTE","cache_k_l1 (view)","SET_ROWS","f16",-1,7,-1,2048,512,1,1,2097152,0.112187,1,"clFinish_profiled"
"OpenCL","COMPUTE","cache_v_l1 (view)","SET_ROWS","f16",-1,9,-1,2048,512,1,1,2097152,0.113750,1,"clFinish_profiled"
"OpenCL","COMPUTE","__fattn__-1","FLASH_ATTN_EXT","f32",-1,16,-1,128,16,1,1,8192,0.326718,1,"clFinish_profiled"
"CPU_Elastic","COMPUTE_GRAPH","ggml_cgraph","GRAPH","",-1,2,-1,0,0,0,0,0,0.085573,1,"delegate_cpu_graph"
"OpenCL","COMPUTE","ffn_moe_logits-1","MUL_MAT","f32",-1,2,-1,64,1,1,1,256,0.126718,1,"clFinish_profiled"
"OpenCL","COMPUTE","ffn_moe_probs-1","SOFT_MAX","f32",-1,3,-1,64,1,1,1,256,0.114114,1,"clFinish_profiled"
"OpenCL","COMPUTE","ffn_moe_argsort-1","ARGSORT","i32",-1,5,-1,64,1,1,1,256,0.119844,1,"clFinish_profiled"
"OpenCL","COMPUTE","ffn_moe_weights-1","GET_ROWS","f32",-1,7,-1,1,8,1,1,32,0.111146,1,"clFinish_profiled"
"CPU_Elastic","COMPUTE_GRAPH","ggml_cgraph","GRAPH","",-1,21,-1,0,0,0,0,0,1.147656,1,"delegate_cpu_graph"
"CPU_Elastic","COMPUTE_GRAPH","ggml_cgraph","GRAPH","",-1,1,-1,0,0,0,0,0,0.080990,1,"delegate_cpu_graph"
"OpenCL","COMPUTE","Qcur-2","ROPE","f32",-1,3,-1,128,16,1,1,8192,0.128907,1,"clFinish_profiled"
"CPU_Elastic","COMPUTE_GRAPH","ggml_cgraph","GRAPH","",-1,1,-1,0,0,0,0,0,0.081146,1,"delegate_cpu_graph"
"OpenCL","COMPUTE","Kcur-2","ROPE","f32",-1,3,-1,128,16,1,1,8192,0.122605,1,"clFinish_profiled"
"CPU_Elastic","COMPUTE_GRAPH","ggml_cgraph","GRAPH","",-1,3,-1,0,0,0,0,0,0.089635,1,"delegate_cpu_graph"
"OpenCL","COMPUTE","cache_k_l2 (view)","SET_ROWS","f16",-1,0,-1,2048,512,1,1,2097152,0.112605,1,"clFinish_profiled"
"OpenCL","COMPUTE","cache_v_l2 (view)","SET_ROWS","f16",-1,2,-1,2048,512,1,1,2097152,0.111927,1,"clFinish_profiled"
"OpenCL","COMPUTE","__fattn__-2","FLASH_ATTN_EXT","f32",-1,9,-1,128,16,1,1,8192,0.328541,1,"clFinish_profiled"
"CPU_Elastic","COMPUTE_GRAPH","ggml_cgraph","GRAPH","",-1,2,-1,0,0,0,0,0,0.083125,1,"delegate_cpu_graph"
"OpenCL","COMPUTE","ffn_moe_logits-2","MUL_MAT","f32",-1,2,-1,64,1,1,1,256,0.131927,1,"clFinish_profiled"
"OpenCL","COMPUTE","ffn_moe_probs-2","SOFT_MAX","f32",-1,3,-1,64,1,1,1,256,0.114948,1,"clFinish_profiled"
"OpenCL","COMPUTE","ffn_moe_argsort-2","ARGSORT","i32",-1,5,-1,64,1,1,1,256,0.119427,1,"clFinish_profiled"
"OpenCL","COMPUTE","ffn_moe_weights-2","GET_ROWS","f32",-1,7,-1,1,8,1,1,32,0.109636,1,"clFinish_profiled"
"CPU_Elastic","COMPUTE_GRAPH","ggml_cgraph","GRAPH","",-1,21,-1,0,0,0,0,0,1.010105,1,"delegate_cpu_graph"
"CPU_Elastic","COMPUTE_GRAPH","ggml_cgraph","GRAPH","",-1,1,-1,0,0,0,0,0,0.080677,1,"delegate_cpu_graph"
"OpenCL","COMPUTE","Qcur-3","ROPE","f32",-1,3,-1,128,16,1,1,8192,0.129375,1,"clFinish_profiled"
"CPU_Elastic","COMPUTE_GRAPH","ggml_cgraph","GRAPH","",-1,1,-1,0,0,0,0,0,0.081406,1,"delegate_cpu_graph"
"OpenCL","COMPUTE","Kcur-3","ROPE","f32",-1,3,-1,128,16,1,1,8192,0.119479,1,"clFinish_profiled"
"CPU_Elastic","COMPUTE_GRAPH","ggml_cgraph","GRAPH","",-1,3,-1,0,0,0,0,0,0.106562,1,"delegate_cpu_graph"
"OpenCL","COMPUTE","cache_k_l3 (view)","SET_ROWS","f16",-1,0,-1,2048,512,1,1,2097152,0.114792,1,"clFinish_profiled"
"OpenCL","COMPUTE","cache_v_l3 (view)","SET_ROWS","f16",-1,2,-1,2048,512,1,1,2097152,0.115313,1,"clFinish_profiled"
"OpenCL","COMPUTE","__fattn__-3","FLASH_ATTN_EXT","f32",-1,9,-1,128,16,1,1,8192,0.325938,1,"clFinish_profiled"
"CPU_Elastic","COMPUTE_GRAPH","ggml_cgraph","GRAPH","",-1,2,-1,0,0,0,0,0,0.082813,1,"delegate_cpu_graph"
"OpenCL","COMPUTE","ffn_moe_logits-3","MUL_MAT","f32",-1,2,-1,64,1,1,1,256,0.158229,1,"clFinish_profiled"
"OpenCL","COMPUTE","ffn_moe_probs-3","SOFT_MAX","f32",-1,3,-1,64,1,1,1,256,0.114583,1,"clFinish_profiled"
"OpenCL","COMPUTE","ffn_moe_argsort-3","ARGSORT","i32",-1,5,-1,64,1,1,1,256,0.119375,1,"clFinish_profiled"
"OpenCL","COMPUTE","ffn_moe_weights-3","GET_ROWS","f32",-1,7,-1,1,8,1,1,32,0.110625,1,"clFinish_profiled"
"CPU_Elastic","COMPUTE_GRAPH","ggml_cgraph","GRAPH","",-1,21,-1,0,0,0,0,0,1.010260,1,"delegate_cpu_graph"
"CPU_Elastic","COMPUTE_GRAPH","ggml_cgraph","GRAPH","",-1,1,-1,0,0,0,0,0,0.081615,1,"delegate_cpu_graph"
"OpenCL","COMPUTE","Qcur-4","ROPE","f32",-1,3,-1,128,16,1,1,8192,0.126250,1,"clFinish_profiled"
"CPU_Elastic","COMPUTE_GRAPH","ggml_cgraph","GRAPH","",-1,1,-1,0,0,0,0,0,0.083333,1,"delegate_cpu_graph"
"OpenCL","COMPUTE","Kcur-4","ROPE","f32",-1,3,-1,128,16,1,1,8192,0.119948,1,"clFinish_profiled"
"OpenCL","COMPUTE","Vcur-4","MUL_MAT","f32",-1,4,-1,2048,1,1,1,8192,0.262500,1,"clFinish_profiled"
"OpenCL","COMPUTE","cache_k_l4 (view)","SET_ROWS","f16",-1,7,-1,2048,512,1,1,2097152,0.112604,1,"clFinish_profiled"
"OpenCL","COMPUTE","cache_v_l4 (view)","SET_ROWS","f16",-1,9,-1,2048,512,1,1,2097152,0.112135,1,"clFinish_profiled"
"OpenCL","COMPUTE","__fattn__-4","FLASH_ATTN_EXT","f32",-1,16,-1,128,16,1,1,8192,0.325677,1,"clFinish_profiled"
"CPU_Elastic","COMPUTE_GRAPH","ggml_cgraph","GRAPH","",-1,2,-1,0,0,0,0,0,0.084375,1,"delegate_cpu_graph"
"OpenCL","COMPUTE","ffn_moe_logits-4","MUL_MAT","f32",-1,2,-1,64,1,1,1,256,0.124844,1,"clFinish_profiled"
"OpenCL","COMPUTE","ffn_moe_probs-4","SOFT_MAX","f32",-1,3,-1,64,1,1,1,256,0.114687,1,"clFinish_profiled"
"OpenCL","COMPUTE","ffn_moe_argsort-4","ARGSORT","i32",-1,5,-1,64,1,1,1,256,0.120312,1,"clFinish_profiled"
"OpenCL","COMPUTE","ffn_moe_weights-4","GET_ROWS","f32",-1,7,-1,1,8,1,1,32,0.109792,1,"clFinish_profiled"
"CPU_Elastic","COMPUTE_GRAPH","ggml_cgraph","GRAPH","",-1,21,-1,0,0,0,0,0,1.147500,1,"delegate_cpu_graph"
"CPU_Elastic","COMPUTE_GRAPH","ggml_cgraph","GRAPH","",-1,1,-1,0,0,0,0,0,0.080677,1,"delegate_cpu_graph"
"OpenCL","COMPUTE","Qcur-5","ROPE","f32",-1,3,-1,128,16,1,1,8192,0.128021,1,"clFinish_profiled"
"CPU_Elastic","COMPUTE_GRAPH","ggml_cgraph","GRAPH","",-1,1,-1,0,0,0,0,0,0.083542,1,"delegate_cpu_graph"
"OpenCL","COMPUTE","Kcur-5","ROPE","f32",-1,3,-1,128,16,1,1,8192,0.122500,1,"clFinish_profiled"
"CPU_Elastic","COMPUTE_GRAPH","ggml_cgraph","GRAPH","",-1,3,-1,0,0,0,0,0,0.083958,1,"delegate_cpu_graph"
"OpenCL","COMPUTE","cache_k_l5 (view)","SET_ROWS","f16",-1,0,-1,2048,512,1,1,2097152,0.113646,1,"clFinish_profiled"
"OpenCL","COMPUTE","cache_v_l5 (view)","SET_ROWS","f16",-1,2,-1,2048,512,1,1,2097152,0.112864,1,"clFinish_profiled"
"OpenCL","COMPUTE","__fattn__-5","FLASH_ATTN_EXT","f32",-1,9,-1,128,16,1,1,8192,0.330521,1,"clFinish_profiled"
"CPU_Elastic","COMPUTE_GRAPH","ggml_cgraph","GRAPH","",-1,2,-1,0,0,0,0,0,0.083073,1,"delegate_cpu_graph"
"OpenCL","COMPUTE","ffn_moe_logits-5","MUL_MAT","f32",-1,2,-1,64,1,1,1,256,0.127500,1,"clFinish_profiled"
"OpenCL","COMPUTE","ffn_moe_probs-5","SOFT_MAX","f32",-1,3,-1,64,1,1,1,256,0.115261,1,"clFinish_profiled"
"OpenCL","COMPUTE","ffn_moe_argsort-5","ARGSORT","i32",-1,5,-1,64,1,1,1,256,0.121719,1,"clFinish_profiled"
"OpenCL","COMPUTE","ffn_moe_weights-5","GET_ROWS","f32",-1,7,-1,1,8,1,1,32,0.110625,1,"clFinish_profiled"
"CPU_Elastic","COMPUTE_GRAPH","ggml_cgraph","GRAPH","",-1,21,-1,0,0,0,0,0,1.020834,1,"delegate_cpu_graph"
"CPU_Elastic","COMPUTE_GRAPH","ggml_cgraph","GRAPH","",-1,1,-1,0,0,0,0,0,0.081094,1,"delegate_cpu_graph"
"OpenCL","COMPUTE","Qcur-6","ROPE","f32",-1,3,-1,128,16,1,1,8192,0.125678,1,"clFinish_profiled"
"CPU_Elastic","COMPUTE_GRAPH","ggml_cgraph","GRAPH","",-1,1,-1,0,0,0,0,0,0.083854,1,"delegate_cpu_graph"
"OpenCL","COMPUTE","Kcur-6","ROPE","f32",-1,3,-1,128,16,1,1,8192,0.119114,1,"clFinish_profiled"
"CPU_Elastic","COMPUTE_GRAPH","ggml_cgraph","GRAPH","",-1,3,-1,0,0,0,0,0,0.082968,1,"delegate_cpu_graph"
"OpenCL","COMPUTE","cache_k_l6 (view)","SET_ROWS","f16",-1,0,-1,2048,512,1,1,2097152,0.113698,1,"clFinish_profiled"
"OpenCL","COMPUTE","cache_v_l6 (view)","SET_ROWS","f16",-1,2,-1,2048,512,1,1,2097152,0.113333,1,"clFinish_profiled"
"OpenCL","COMPUTE","__fattn__-6","FLASH_ATTN_EXT","f32",-1,9,-1,128,16,1,1,8192,0.324687,1,"clFinish_profiled"
"CPU_Elastic","COMPUTE_GRAPH","ggml_cgraph","GRAPH","",-1,2,-1,0,0,0,0,0,0.083282,1,"delegate_cpu_graph"
"OpenCL","COMPUTE","ffn_moe_logits-6","MUL_MAT","f32",-1,2,-1,64,1,1,1,256,0.126875,1,"clFinish_profiled"
"OpenCL","COMPUTE","ffn_moe_probs-6","SOFT_MAX","f32",-1,3,-1,64,1,1,1,256,0.115000,1,"clFinish_profiled"
"OpenCL","COMPUTE","ffn_moe_argsort-6","ARGSORT","i32",-1,5,-1,64,1,1,1,256,0.118802,1,"clFinish_profiled"
"OpenCL","COMPUTE","ffn_moe_weights-6","GET_ROWS","f32",-1,7,-1,1,8,1,1,32,0.109375,1,"clFinish_profiled"
"CPU_Elastic","COMPUTE_GRAPH","ggml_cgraph","GRAPH","",-1,21,-1,0,0,0,0,0,1.009167,1,"delegate_cpu_graph"
"CPU_Elastic","COMPUTE_GRAPH","ggml_cgraph","GRAPH","",-1,1,-1,0,0,0,0,0,0.080781,1,"delegate_cpu_graph"
"OpenCL","COMPUTE","Qcur-7","ROPE","f32",-1,3,-1,128,16,1,1,8192,0.129531,1,"clFinish_profiled"
"CPU_Elastic","COMPUTE_GRAPH","ggml_cgraph","GRAPH","",-1,1,-1,0,0,0,0,0,0.082812,1,"delegate_cpu_graph"
"OpenCL","COMPUTE","Kcur-7","ROPE","f32",-1,3,-1,128,16,1,1,8192,0.118333,1,"clFinish_profiled"
"OpenCL","COMPUTE","Vcur-7","MUL_MAT","f32",-1,4,-1,2048,1,1,1,8192,0.271927,1,"clFinish_profiled"
"OpenCL","COMPUTE","cache_k_l7 (view)","SET_ROWS","f16",-1,7,-1,2048,512,1,1,2097152,0.118125,1,"clFinish_profiled"
"OpenCL","COMPUTE","cache_v_l7 (view)","SET_ROWS","f16",-1,9,-1,2048,512,1,1,2097152,0.112864,1,"clFinish_profiled"
"OpenCL","COMPUTE","__fattn__-7","FLASH_ATTN_EXT","f32",-1,16,-1,128,16,1,1,8192,0.326562,1,"clFinish_profiled"
"CPU_Elastic","COMPUTE_GRAPH","ggml_cgraph","GRAPH","",-1,2,-1,0,0,0,0,0,0.083750,1,"delegate_cpu_graph"
"OpenCL","COMPUTE","ffn_moe_logits-7","MUL_MAT","f32",-1,2,-1,64,1,1,1,256,0.125677,1,"clFinish_profiled"
"OpenCL","COMPUTE","ffn_moe_probs-7","SOFT_MAX","f32",-1,3,-1,64,1,1,1,256,0.114167,1,"clFinish_profiled"
"OpenCL","COMPUTE","ffn_moe_argsort-7","ARGSORT","i32",-1,5,-1,64,1,1,1,256,0.121041,1,"clFinish_profiled"
"OpenCL","COMPUTE","ffn_moe_weights-7","GET_ROWS","f32",-1,7,-1,1,8,1,1,32,0.111458,1,"clFinish_profiled"
"CPU_Elastic","COMPUTE_GRAPH","ggml_cgraph","GRAPH","",-1,21,-1,0,0,0,0,0,1.135937,1,"delegate_cpu_graph"
"CPU_Elastic","COMPUTE_GRAPH","ggml_cgraph","GRAPH","",-1,1,-1,0,0,0,0,0,0.083594,1,"delegate_cpu_graph"
"OpenCL","COMPUTE","Qcur-8","ROPE","f32",-1,3,-1,128,16,1,1,8192,0.126979,1,"clFinish_profiled"
"CPU_Elastic","COMPUTE_GRAPH","ggml_cgraph","GRAPH","",-1,1,-1,0,0,0,0,0,0.081979,1,"delegate_cpu_graph"
"OpenCL","COMPUTE","Kcur-8","ROPE","f32",-1,3,-1,128,16,1,1,8192,0.120677,1,"clFinish_profiled"
"CPU_Elastic","COMPUTE_GRAPH","ggml_cgraph","GRAPH","",-1,3,-1,0,0,0,0,0,0.108177,1,"delegate_cpu_graph"
"OpenCL","COMPUTE","cache_k_l8 (view)","SET_ROWS","f16",-1,0,-1,2048,512,1,1,2097152,0.117969,1,"clFinish_profiled"
"OpenCL","COMPUTE","cache_v_l8 (view)","SET_ROWS","f16",-1,2,-1,2048,512,1,1,2097152,0.112500,1,"clFinish_profiled"
"OpenCL","COMPUTE","__fattn__-8","FLASH_ATTN_EXT","f32",-1,9,-1,128,16,1,1,8192,0.324427,1,"clFinish_profiled"
"CPU_Elastic","COMPUTE_GRAPH","ggml_cgraph","GRAPH","",-1,2,-1,0,0,0,0,0,0.086042,1,"delegate_cpu_graph"
"OpenCL","COMPUTE","ffn_moe_logits-8","MUL_MAT","f32",-1,2,-1,64,1,1,1,256,0.131407,1,"clFinish_profiled"
"OpenCL","COMPUTE","ffn_moe_probs-8","SOFT_MAX","f32",-1,3,-1,64,1,1,1,256,0.116094,1,"clFinish_profiled"
"OpenCL","COMPUTE","ffn_moe_argsort-8","ARGSORT","i32",-1,5,-1,64,1,1,1,256,0.119480,1,"clFinish_profiled"
"OpenCL","COMPUTE","ffn_moe_weights-8","GET_ROWS","f32",-1,7,-1,1,8,1,1,32,0.109062,1,"clFinish_profiled"
"CPU_Elastic","COMPUTE_GRAPH","ggml_cgraph","GRAPH","",-1,21,-1,0,0,0,0,0,1.016302,1,"delegate_cpu_graph"
"CPU_Elastic","COMPUTE_GRAPH","ggml_cgraph","GRAPH","",-1,1,-1,0,0,0,0,0,0.083437,1,"delegate_cpu_graph"
"OpenCL","COMPUTE","Qcur-9","ROPE","f32",-1,3,-1,128,16,1,1,8192,0.127917,1,"clFinish_profiled"
"CPU_Elastic","COMPUTE_GRAPH","ggml_cgraph","GRAPH","",-1,1,-1,0,0,0,0,0,0.084167,1,"delegate_cpu_graph"
"OpenCL","COMPUTE","Kcur-9","ROPE","f32",-1,3,-1,128,16,1,1,8192,0.118750,1,"clFinish_profiled"
"CPU_Elastic","COMPUTE_GRAPH","ggml_cgraph","GRAPH","",-1,3,-1,0,0,0,0,0,0.086614,1,"delegate_cpu_graph"
"OpenCL","COMPUTE","cache_k_l9 (view)","SET_ROWS","f16",-1,0,-1,2048,512,1,1,2097152,0.114479,1,"clFinish_profiled"
"OpenCL","COMPUTE","cache_v_l9 (view)","SET_ROWS","f16",-1,2,-1,2048,512,1,1,2097152,0.111875,1,"clFinish_profiled"
"OpenCL","COMPUTE","__fattn__-9","FLASH_ATTN_EXT","f32",-1,9,-1,128,16,1,1,8192,0.329791,1,"clFinish_profiled"
"CPU_Elastic","COMPUTE_GRAPH","ggml_cgraph","GRAPH","",-1,2,-1,0,0,0,0,0,0.085052,1,"delegate_cpu_graph"
"OpenCL","COMPUTE","ffn_moe_logits-9","MUL_MAT","f32",-1,2,-1,64,1,1,1,256,0.126407,1,"clFinish_profiled"
"OpenCL","COMPUTE","ffn_moe_probs-9","SOFT_MAX","f32",-1,3,-1,64,1,1,1,256,0.114635,1,"clFinish_profiled"
"OpenCL","COMPUTE","ffn_moe_argsort-9","ARGSORT","i32",-1,5,-1,64,1,1,1,256,0.120521,1,"clFinish_profiled"
"OpenCL","COMPUTE","ffn_moe_weights-9","GET_ROWS","f32",-1,7,-1,1,8,1,1,32,0.110104,1,"clFinish_profiled"
"CPU_Elastic","COMPUTE_GRAPH","ggml_cgraph","GRAPH","",-1,21,-1,0,0,0,0,0,1.027500,1,"delegate_cpu_graph"
"CPU_Elastic","COMPUTE_GRAPH","ggml_cgraph","GRAPH","",-1,1,-1,0,0,0,0,0,0.081771,1,"delegate_cpu_graph"
"OpenCL","COMPUTE","Qcur-10","ROPE","f32",-1,3,-1,128,16,1,1,8192,0.125573,1,"clFinish_profiled"
"CPU_Elastic","COMPUTE_GRAPH","ggml_cgraph","GRAPH","",-1,1,-1,0,0,0,0,0,0.083646,1,"delegate_cpu_graph"
"OpenCL","COMPUTE","Kcur-10","ROPE","f32",-1,3,-1,128,16,1,1,8192,0.209791,1,"clFinish_profiled"
"OpenCL","COMPUTE","Vcur-10","MUL_MAT","f32",-1,4,-1,2048,1,1,1,8192,0.278333,1,"clFinish_profiled"
"OpenCL","COMPUTE","cache_k_l10 (view)","SET_ROWS","f16",-1,7,-1,2048,512,1,1,2097152,0.133594,1,"clFinish_profiled"
"OpenCL","COMPUTE","cache_v_l10 (view)","SET_ROWS","f16",-1,9,-1,2048,512,1,1,2097152,0.115157,1,"clFinish_profiled"
"OpenCL","COMPUTE","__fattn__-10","FLASH_ATTN_EXT","f32",-1,16,-1,128,16,1,1,8192,0.326094,1,"clFinish_profiled"
"CPU_Elastic","COMPUTE_GRAPH","ggml_cgraph","GRAPH","",-1,2,-1,0,0,0,0,0,0.085156,1,"delegate_cpu_graph"
"OpenCL","COMPUTE","ffn_moe_logits-10","MUL_MAT","f32",-1,2,-1,64,1,1,1,256,0.129688,1,"clFinish_profiled"
"OpenCL","COMPUTE","ffn_moe_probs-10","SOFT_MAX","f32",-1,3,-1,64,1,1,1,256,0.114948,1,"clFinish_profiled"
"OpenCL","COMPUTE","ffn_moe_argsort-10","ARGSORT","i32",-1,5,-1,64,1,1,1,256,0.121302,1,"clFinish_profiled"
"OpenCL","COMPUTE","ffn_moe_weights-10","GET_ROWS","f32",-1,7,-1,1,8,1,1,32,0.110885,1,"clFinish_profiled"
"CPU_Elastic","COMPUTE_GRAPH","ggml_cgraph","GRAPH","",-1,21,-1,0,0,0,0,0,1.178177,1,"delegate_cpu_graph"
"CPU_Elastic","COMPUTE_GRAPH","ggml_cgraph","GRAPH","",-1,1,-1,0,0,0,0,0,0.081510,1,"delegate_cpu_graph"
"OpenCL","COMPUTE","Qcur-11","ROPE","f32",-1,3,-1,128,16,1,1,8192,0.125469,1,"clFinish_profiled"
"CPU_Elastic","COMPUTE_GRAPH","ggml_cgraph","GRAPH","",-1,1,-1,0,0,0,0,0,0.082032,1,"delegate_cpu_graph"
"OpenCL","COMPUTE","Kcur-11","ROPE","f32",-1,3,-1,128,16,1,1,8192,0.123021,1,"clFinish_profiled"
"CPU_Elastic","COMPUTE_GRAPH","ggml_cgraph","GRAPH","",-1,3,-1,0,0,0,0,0,0.084114,1,"delegate_cpu_graph"
"OpenCL","COMPUTE","cache_k_l11 (view)","SET_ROWS","f16",-1,0,-1,2048,512,1,1,2097152,0.112552,1,"clFinish_profiled"
"OpenCL","COMPUTE","cache_v_l11 (view)","SET_ROWS","f16",-1,2,-1,2048,512,1,1,2097152,0.111615,1,"clFinish_profiled"
"OpenCL","COMPUTE","__fattn__-11","FLASH_ATTN_EXT","f32",-1,9,-1,128,16,1,1,8192,0.323333,1,"clFinish_profiled"
"CPU_Elastic","COMPUTE_GRAPH","ggml_cgraph","GRAPH","",-1,2,-1,0,0,0,0,0,0.083438,1,"delegate_cpu_graph"
"OpenCL","COMPUTE","ffn_moe_logits-11","MUL_MAT","f32",-1,2,-1,64,1,1,1,256,0.126927,1,"clFinish_profiled"
"OpenCL","COMPUTE","ffn_moe_probs-11","SOFT_MAX","f32",-1,3,-1,64,1,1,1,256,0.115521,1,"clFinish_profiled"
"OpenCL","COMPUTE","ffn_moe_argsort-11","ARGSORT","i32",-1,5,-1,64,1,1,1,256,0.120886,1,"clFinish_profiled"
"OpenCL","COMPUTE","ffn_moe_weights-11","GET_ROWS","f32",-1,7,-1,1,8,1,1,32,0.110104,1,"clFinish_profiled"
"CPU_Elastic","COMPUTE_GRAPH","ggml_cgraph","GRAPH","",-1,21,-1,0,0,0,0,0,1.007240,1,"delegate_cpu_graph"
"CPU_Elastic","COMPUTE_GRAPH","ggml_cgraph","GRAPH","",-1,1,-1,0,0,0,0,0,0.080625,1,"delegate_cpu_graph"
"OpenCL","COMPUTE","Qcur-12","ROPE","f32",-1,3,-1,128,16,1,1,8192,0.124270,1,"clFinish_profiled"
"CPU_Elastic","COMPUTE_GRAPH","ggml_cgraph","GRAPH","",-1,1,-1,0,0,0,0,0,0.081927,1,"delegate_cpu_graph"
"OpenCL","COMPUTE","Kcur-12","ROPE","f32",-1,3,-1,128,16,1,1,8192,0.118386,1,"clFinish_profiled"
"CPU_Elastic","COMPUTE_GRAPH","ggml_cgraph","GRAPH","",-1,3,-1,0,0,0,0,0,0.096459,1,"delegate_cpu_graph"
"OpenCL","COMPUTE","cache_k_l12 (view)","SET_ROWS","f16",-1,0,-1,2048,512,1,1,2097152,0.114427,1,"clFinish_profiled"
"OpenCL","COMPUTE","cache_v_l12 (view)","SET_ROWS","f16",-1,2,-1,2048,512,1,1,2097152,0.111770,1,"clFinish_profiled"
"OpenCL","COMPUTE","__fattn__-12","FLASH_ATTN_EXT","f32",-1,9,-1,128,16,1,1,8192,0.327344,1,"clFinish_profiled"
"CPU_Elastic","COMPUTE_GRAPH","ggml_cgraph","GRAPH","",-1,2,-1,0,0,0,0,0,0.083177,1,"delegate_cpu_graph"
"OpenCL","COMPUTE","ffn_moe_logits-12","MUL_MAT","f32",-1,2,-1,64,1,1,1,256,0.127083,1,"clFinish_profiled"
"OpenCL","COMPUTE","ffn_moe_probs-12","SOFT_MAX","f32",-1,3,-1,64,1,1,1,256,0.114114,1,"clFinish_profiled"
"OpenCL","COMPUTE","ffn_moe_argsort-12","ARGSORT","i32",-1,5,-1,64,1,1,1,256,0.120209,1,"clFinish_profiled"
"OpenCL","COMPUTE","ffn_moe_weights-12","GET_ROWS","f32",-1,7,-1,1,8,1,1,32,0.110833,1,"clFinish_profiled"
"CPU_Elastic","COMPUTE_GRAPH","ggml_cgraph","GRAPH","",-1,21,-1,0,0,0,0,0,1.012188,1,"delegate_cpu_graph"
"CPU_Elastic","COMPUTE_GRAPH","ggml_cgraph","GRAPH","",-1,1,-1,0,0,0,0,0,0.080468,1,"delegate_cpu_graph"
"OpenCL","COMPUTE","Qcur-13","ROPE","f32",-1,3,-1,128,16,1,1,8192,0.128542,1,"clFinish_profiled"
"CPU_Elastic","COMPUTE_GRAPH","ggml_cgraph","GRAPH","",-1,1,-1,0,0,0,0,0,0.084063,1,"delegate_cpu_graph"
"OpenCL","COMPUTE","Kcur-13","ROPE","f32",-1,3,-1,128,16,1,1,8192,0.118959,1,"clFinish_profiled"
"OpenCL","COMPUTE","Vcur-13","MUL_MAT","f32",-1,4,-1,2048,1,1,1,8192,0.268646,1,"clFinish_profiled"
"OpenCL","COMPUTE","cache_k_l13 (view)","SET_ROWS","f16",-1,7,-1,2048,512,1,1,2097152,0.112395,1,"clFinish_profiled"
"OpenCL","COMPUTE","cache_v_l13 (view)","SET_ROWS","f16",-1,9,-1,2048,512,1,1,2097152,0.112031,1,"clFinish_profiled"
"OpenCL","COMPUTE","__fattn__-13","FLASH_ATTN_EXT","f32",-1,16,-1,128,16,1,1,8192,0.326719,1,"clFinish_profiled"
"CPU_Elastic","COMPUTE_GRAPH","ggml_cgraph","GRAPH","",-1,2,-1,0,0,0,0,0,0.083177,1,"delegate_cpu_graph"
"OpenCL","COMPUTE","ffn_moe_logits-13","MUL_MAT","f32",-1,2,-1,64,1,1,1,256,0.127291,1,"clFinish_profiled"
"OpenCL","COMPUTE","ffn_moe_probs-13","SOFT_MAX","f32",-1,3,-1,64,1,1,1,256,0.114323,1,"clFinish_profiled"
"OpenCL","COMPUTE","ffn_moe_argsort-13","ARGSORT","i32",-1,5,-1,64,1,1,1,256,0.119687,1,"clFinish_profiled"
"OpenCL","COMPUTE","ffn_moe_weights-13","GET_ROWS","f32",-1,7,-1,1,8,1,1,32,0.109479,1,"clFinish_profiled"
"CPU_Elastic","COMPUTE_GRAPH","ggml_cgraph","GRAPH","",-1,21,-1,0,0,0,0,0,1.136406,1,"delegate_cpu_graph"
"CPU_Elastic","COMPUTE_GRAPH","ggml_cgraph","GRAPH","",-1,1,-1,0,0,0,0,0,0.081145,1,"delegate_cpu_graph"
"OpenCL","COMPUTE","Qcur-14","ROPE","f32",-1,3,-1,128,16,1,1,8192,0.127344,1,"clFinish_profiled"
"CPU_Elastic","COMPUTE_GRAPH","ggml_cgraph","GRAPH","",-1,1,-1,0,0,0,0,0,0.081198,1,"delegate_cpu_graph"
"OpenCL","COMPUTE","Kcur-14","ROPE","f32",-1,3,-1,128,16,1,1,8192,0.116667,1,"clFinish_profiled"
"OpenCL","COMPUTE","Vcur-14","MUL_MAT","f32",-1,4,-1,2048,1,1,1,8192,0.263437,1,"clFinish_profiled"
"OpenCL","COMPUTE","cache_k_l14 (view)","SET_ROWS","f16",-1,7,-1,2048,512,1,1,2097152,0.113437,1,"clFinish_profiled"
"OpenCL","COMPUTE","cache_v_l14 (view)","SET_ROWS","f16",-1,9,-1,2048,512,1,1,2097152,0.111927,1,"clFinish_profiled"
"OpenCL","COMPUTE","__fattn__-14","FLASH_ATTN_EXT","f32",-1,16,-1,128,16,1,1,8192,0.321614,1,"clFinish_profiled"
"CPU_Elastic","COMPUTE_GRAPH","ggml_cgraph","GRAPH","",-1,2,-1,0,0,0,0,0,0.083438,1,"delegate_cpu_graph"
"OpenCL","COMPUTE","ffn_moe_logits-14","MUL_MAT","f32",-1,2,-1,64,1,1,1,256,0.125990,1,"clFinish_profiled"
"OpenCL","COMPUTE","ffn_moe_probs-14","SOFT_MAX","f32",-1,3,-1,64,1,1,1,256,0.112552,1,"clFinish_profiled"
"OpenCL","COMPUTE","ffn_moe_argsort-14","ARGSORT","i32",-1,5,-1,64,1,1,1,256,0.118229,1,"clFinish_profiled"
"OpenCL","COMPUTE","ffn_moe_weights-14","GET_ROWS","f32",-1,7,-1,1,8,1,1,32,0.109584,1,"clFinish_profiled"
"CPU_Elastic","COMPUTE_GRAPH","ggml_cgraph","GRAPH","",-1,21,-1,0,0,0,0,0,1.156562,1,"delegate_cpu_graph"
"CPU_Elastic","COMPUTE_GRAPH","ggml_cgraph","GRAPH","",-1,1,-1,0,0,0,0,0,0.081250,1,"delegate_cpu_graph"
"OpenCL","COMPUTE","Qcur-15","ROPE","f32",-1,3,-1,128,16,1,1,8192,0.123594,1,"clFinish_profiled"
"CPU_Elastic","COMPUTE_GRAPH","ggml_cgraph","GRAPH","",-1,1,-1,0,0,0,0,0,0.080937,1,"delegate_cpu_graph"
"OpenCL","COMPUTE","Kcur-15","ROPE","f32",-1,3,-1,128,16,1,1,8192,0.120729,1,"clFinish_profiled"
"OpenCL","COMPUTE","Vcur-15","MUL_MAT","f32",-1,4,-1,2048,1,1,1,8192,0.266042,1,"clFinish_profiled"
"OpenCL","COMPUTE","cache_k_l15 (view)","SET_ROWS","f16",-1,7,-1,2048,512,1,1,2097152,0.111667,1,"clFinish_profiled"
"OpenCL","COMPUTE","cache_v_l15 (view)","SET_ROWS","f16",-1,9,-1,2048,512,1,1,2097152,0.109948,1,"clFinish_profiled"
"OpenCL","COMPUTE","__fattn__-15","FLASH_ATTN_EXT","f32",-1,16,-1,128,16,1,1,8192,0.326198,1,"clFinish_profiled"
"CPU_Elastic","COMPUTE_GRAPH","ggml_cgraph","GRAPH","",-1,4,-1,0,0,0,0,0,0.085677,1,"delegate_cpu_graph"
"OpenCL","COMPUTE","ffn_moe_logits-15","MUL_MAT","f32",-1,2,-1,64,1,1,1,256,0.129010,1,"clFinish_profiled"
"OpenCL","COMPUTE","ffn_moe_probs-15","SOFT_MAX","f32",-1,3,-1,64,1,1,1,256,0.115313,1,"clFinish_profiled"
"OpenCL","COMPUTE","ffn_moe_argsort-15","ARGSORT","i32",-1,5,-1,64,1,1,1,256,0.120000,1,"clFinish_profiled"
"OpenCL","COMPUTE","ffn_moe_weights-15","GET_ROWS","f32",-1,7,-1,1,8,1,1,32,0.111146,1,"clFinish_profiled"
"CPU_Elastic","COMPUTE_GRAPH","ggml_cgraph","GRAPH","",-1,22,-1,0,0,0,0,0,1.167136,1,"delegate_cpu_graph"
"OpenCL","COMPUTE","result_norm","MUL","f32",-1,0,-1,2048,1,1,1,8192,0.342292,1,"clFinish_profiled"
"OpenCL","COMPUTE","result_output","MUL_MAT","f32",-1,1,-1,50304,1,1,1,201216,3.827084,1,"clFinish_profiled"
"CPU_Elastic","COMPUTE_GRAPH","ggml_cgraph","GRAPH","",-1,1,-1,0,0,0,0,0,0.003177,1,"delegate_cpu_graph"
"CPU_Elastic","COMPUTE_GRAPH","ggml_cgraph","GRAPH","",-1,1,-1,0,0,0,0,0,0.083282,1,"delegate_cpu_graph"
"OpenCL","COMPUTE","Qcur-0","ROPE","f32",-1,3,-1,128,16,1,1,8192,0.139740,1,"clFinish_profiled"
"CPU_Elastic","COMPUTE_GRAPH","ggml_cgraph","GRAPH","",-1,1,-1,0,0,0,0,0,0.083437,1,"delegate_cpu_graph"
"OpenCL","COMPUTE","Kcur-0","ROPE","f32",-1,3,-1,128,16,1,1,8192,0.134480,1,"clFinish_profiled"
"OpenCL","COMPUTE","Vcur-0","MUL_MAT","f32",-1,4,-1,2048,1,1,1,8192,0.267552,1,"clFinish_profiled"
"OpenCL","COMPUTE","cache_k_l0 (view)","SET_ROWS","f16",-1,7,-1,2048,512,1,1,2097152,0.113385,1,"clFinish_profiled"
"OpenCL","COMPUTE","cache_v_l0 (view)","SET_ROWS","f16",-1,9,-1,2048,512,1,1,2097152,0.112916,1,"clFinish_profiled"
"OpenCL","COMPUTE"," (copy)","CPY","f16",-1,16,-1,256,64,1,1,32768,0.115104,1,"clFinish_profiled"
"OpenCL","COMPUTE","__fattn__-0","FLASH_ATTN_EXT","f32",-1,17,-1,128,16,1,1,8192,0.324427,1,"clFinish_profiled"
"CPU_Elastic","COMPUTE_GRAPH","ggml_cgraph","GRAPH","",-1,2,-1,0,0,0,0,0,0.084010,1,"delegate_cpu_graph"
"OpenCL","COMPUTE","ffn_moe_logits-0","MUL_MAT","f32",-1,2,-1,64,1,1,1,256,0.126979,1,"clFinish_profiled"
"OpenCL","COMPUTE","ffn_moe_probs-0","SOFT_MAX","f32",-1,3,-1,64,1,1,1,256,0.115834,1,"clFinish_profiled"
"OpenCL","COMPUTE","ffn_moe_argsort-0","ARGSORT","i32",-1,5,-1,64,1,1,1,256,0.120364,1,"clFinish_profiled"
"OpenCL","COMPUTE","ffn_moe_weights-0","GET_ROWS","f32",-1,7,-1,1,8,1,1,32,0.111510,1,"clFinish_profiled"
"CPU_Elastic","COMPUTE_GRAPH","ggml_cgraph","GRAPH","",-1,21,-1,0,0,0,0,0,1.179271,1,"delegate_cpu_graph"
"CPU_Elastic","COMPUTE_GRAPH","ggml_cgraph","GRAPH","",-1,1,-1,0,0,0,0,0,0.084114,1,"delegate_cpu_graph"
"OpenCL","COMPUTE","Qcur-1","ROPE","f32",-1,3,-1,128,16,1,1,8192,0.125937,1,"clFinish_profiled"
"CPU_Elastic","COMPUTE_GRAPH","ggml_cgraph","GRAPH","",-1,1,-1,0,0,0,0,0,0.082396,1,"delegate_cpu_graph"
"OpenCL","COMPUTE","Kcur-1","ROPE","f32",-1,3,-1,128,16,1,1,8192,0.118125,1,"clFinish_profiled"
"OpenCL","COMPUTE","Vcur-1","MUL_MAT","f32",-1,4,-1,2048,1,1,1,8192,0.268542,1,"clFinish_profiled"
"OpenCL","COMPUTE","cache_k_l1 (view)","SET_ROWS","f16",-1,7,-1,2048,512,1,1,2097152,0.112656,1,"clFinish_profiled"
"OpenCL","COMPUTE","cache_v_l1 (view)","SET_ROWS","f16",-1,9,-1,2048,512,1,1,2097152,0.111771,1,"clFinish_profiled"
"OpenCL","COMPUTE","__fattn__-1","FLASH_ATTN_EXT","f32",-1,16,-1,128,16,1,1,8192,0.330000,1,"clFinish_profiled"
"CPU_Elastic","COMPUTE_GRAPH","ggml_cgraph","GRAPH","",-1,2,-1,0,0,0,0,0,0.083854,1,"delegate_cpu_graph"
"OpenCL","COMPUTE","ffn_moe_logits-1","MUL_MAT","f32",-1,2,-1,64,1,1,1,256,0.126927,1,"clFinish_profiled"
"OpenCL","COMPUTE","ffn_moe_probs-1","SOFT_MAX","f32",-1,3,-1,64,1,1,1,256,0.116406,1,"clFinish_profiled"
"OpenCL","COMPUTE","ffn_moe_argsort-1","ARGSORT","i32",-1,5,-1,64,1,1,1,256,0.119896,1,"clFinish_profiled"
"OpenCL","COMPUTE","ffn_moe_weights-1","GET_ROWS","f32",-1,7,-1,1,8,1,1,32,0.111198,1,"clFinish_profiled"
"CPU_Elastic","COMPUTE_GRAPH","ggml_cgraph","GRAPH","",-1,21,-1,0,0,0,0,0,1.143125,1,"delegate_cpu_graph"
"CPU_Elastic","COMPUTE_GRAPH","ggml_cgraph","GRAPH","",-1,1,-1,0,0,0,0,0,0.083125,1,"delegate_cpu_graph"
"OpenCL","COMPUTE","Qcur-2","ROPE","f32",-1,3,-1,128,16,1,1,8192,0.127395,1,"clFinish_profiled"
"CPU_Elastic","COMPUTE_GRAPH","ggml_cgraph","GRAPH","",-1,1,-1,0,0,0,0,0,0.104010,1,"delegate_cpu_graph"
"OpenCL","COMPUTE","Kcur-2","ROPE","f32",-1,3,-1,128,16,1,1,8192,0.120781,1,"clFinish_profiled"
"CPU_Elastic","COMPUTE_GRAPH","ggml_cgraph","GRAPH","",-1,3,-1,0,0,0,0,0,0.084427,1,"delegate_cpu_graph"
"OpenCL","COMPUTE","cache_k_l2 (view)","SET_ROWS","f16",-1,0,-1,2048,512,1,1,2097152,0.112865,1,"clFinish_profiled"
"OpenCL","COMPUTE","cache_v_l2 (view)","SET_ROWS","f16",-1,2,-1,2048,512,1,1,2097152,0.113542,1,"clFinish_profiled"
"OpenCL","COMPUTE","__fattn__-2","FLASH_ATTN_EXT","f32",-1,9,-1,128,16,1,1,8192,0.326094,1,"clFinish_profiled"
"CPU_Elastic","COMPUTE_GRAPH","ggml_cgraph","GRAPH","",-1,2,-1,0,0,0,0,0,0.084218,1,"delegate_cpu_graph"
"OpenCL","COMPUTE","ffn_moe_logits-2","MUL_MAT","f32",-1,2,-1,64,1,1,1,256,0.125416,1,"clFinish_profiled"
"OpenCL","COMPUTE","ffn_moe_probs-2","SOFT_MAX","f32",-1,3,-1,64,1,1,1,256,0.114791,1,"clFinish_profiled"
"OpenCL","COMPUTE","ffn_moe_argsort-2","ARGSORT","i32",-1,5,-1,64,1,1,1,256,0.120625,1,"clFinish_profiled"
"OpenCL","COMPUTE","ffn_moe_weights-2","GET_ROWS","f32",-1,7,-1,1,8,1,1,32,0.111041,1,"clFinish_profiled"
"CPU_Elastic","COMPUTE_GRAPH","ggml_cgraph","GRAPH","",-1,21,-1,0,0,0,0,0,1.010573,1,"delegate_cpu_graph"
"CPU_Elastic","COMPUTE_GRAPH","ggml_cgraph","GRAPH","",-1,1,-1,0,0,0,0,0,0.081406,1,"delegate_cpu_graph"
"OpenCL","COMPUTE","Qcur-3","ROPE","f32",-1,3,-1,128,16,1,1,8192,0.126979,1,"clFinish_profiled"
"CPU_Elastic","COMPUTE_GRAPH","ggml_cgraph","GRAPH","",-1,1,-1,0,0,0,0,0,0.083802,1,"delegate_cpu_graph"
"OpenCL","COMPUTE","Kcur-3","ROPE","f32",-1,3,-1,128,16,1,1,8192,0.132760,1,"clFinish_profiled"
"CPU_Elastic","COMPUTE_GRAPH","ggml_cgraph","GRAPH","",-1,3,-1,0,0,0,0,0,0.082500,1,"delegate_cpu_graph"
"OpenCL","COMPUTE","cache_k_l3 (view)","SET_ROWS","f16",-1,0,-1,2048,512,1,1,2097152,0.112291,1,"clFinish_profiled"
"OpenCL","COMPUTE","cache_v_l3 (view)","SET_ROWS","f16",-1,2,-1,2048,512,1,1,2097152,0.111771,1,"clFinish_profiled"
"OpenCL","COMPUTE","__fattn__-3","FLASH_ATTN_EXT","f32",-1,9,-1,128,16,1,1,8192,0.325104,1,"clFinish_profiled"
"CPU_Elastic","COMPUTE_GRAPH","ggml_cgraph","GRAPH","",-1,2,-1,0,0,0,0,0,0.097916,1,"delegate_cpu_graph"
"OpenCL","COMPUTE","ffn_moe_logits-3","MUL_MAT","f32",-1,2,-1,64,1,1,1,256,0.125937,1,"clFinish_profiled"
"OpenCL","COMPUTE","ffn_moe_probs-3","SOFT_MAX","f32",-1,3,-1,64,1,1,1,256,0.115313,1,"clFinish_profiled"
"OpenCL","COMPUTE","ffn_moe_argsort-3","ARGSORT","i32",-1,5,-1,64,1,1,1,256,0.120833,1,"clFinish_profiled"
"OpenCL","COMPUTE","ffn_moe_weights-3","GET_ROWS","f32",-1,7,-1,1,8,1,1,32,0.112083,1,"clFinish_profiled"
"CPU_Elastic","COMPUTE_GRAPH","ggml_cgraph","GRAPH","",-1,21,-1,0,0,0,0,0,1.013177,1,"delegate_cpu_graph"
"CPU_Elastic","COMPUTE_GRAPH","ggml_cgraph","GRAPH","",-1,1,-1,0,0,0,0,0,0.083645,1,"delegate_cpu_graph"
"OpenCL","COMPUTE","Qcur-4","ROPE","f32",-1,3,-1,128,16,1,1,8192,0.126146,1,"clFinish_profiled"
"CPU_Elastic","COMPUTE_GRAPH","ggml_cgraph","GRAPH","",-1,1,-1,0,0,0,0,0,0.083802,1,"delegate_cpu_graph"
"OpenCL","COMPUTE","Kcur-4","ROPE","f32",-1,3,-1,128,16,1,1,8192,0.120157,1,"clFinish_profiled"
"OpenCL","COMPUTE","Vcur-4","MUL_MAT","f32",-1,4,-1,2048,1,1,1,8192,0.265521,1,"clFinish_profiled"
"OpenCL","COMPUTE","cache_k_l4 (view)","SET_ROWS","f16",-1,7,-1,2048,512,1,1,2097152,0.112656,1,"clFinish_profiled"
"OpenCL","COMPUTE","cache_v_l4 (view)","SET_ROWS","f16",-1,9,-1,2048,512,1,1,2097152,0.112760,1,"clFinish_profiled"
"OpenCL","COMPUTE","__fattn__-4","FLASH_ATTN_EXT","f32",-1,16,-1,128,16,1,1,8192,0.325416,1,"clFinish_profiled"
"CPU_Elastic","COMPUTE_GRAPH","ggml_cgraph","GRAPH","",-1,2,-1,0,0,0,0,0,0.083906,1,"delegate_cpu_graph"
"OpenCL","COMPUTE","ffn_moe_logits-4","MUL_MAT","f32",-1,2,-1,64,1,1,1,256,0.127031,1,"clFinish_profiled"
"OpenCL","COMPUTE","ffn_moe_probs-4","SOFT_MAX","f32",-1,3,-1,64,1,1,1,256,0.114167,1,"clFinish_profiled"
"OpenCL","COMPUTE","ffn_moe_argsort-4","ARGSORT","i32",-1,5,-1,64,1,1,1,256,0.120469,1,"clFinish_profiled"
"OpenCL","COMPUTE","ffn_moe_weights-4","GET_ROWS","f32",-1,7,-1,1,8,1,1,32,0.111927,1,"clFinish_profiled"
"CPU_Elastic","COMPUTE_GRAPH","ggml_cgraph","GRAPH","",-1,21,-1,0,0,0,0,0,1.149583,1,"delegate_cpu_graph"
"CPU_Elastic","COMPUTE_GRAPH","ggml_cgraph","GRAPH","",-1,1,-1,0,0,0,0,0,0.081458,1,"delegate_cpu_graph"
"OpenCL","COMPUTE","Qcur-5","ROPE","f32",-1,3,-1,128,16,1,1,8192,0.125833,1,"clFinish_profiled"
"CPU_Elastic","COMPUTE_GRAPH","ggml_cgraph","GRAPH","",-1,1,-1,0,0,0,0,0,0.084375,1,"delegate_cpu_graph"
"OpenCL","COMPUTE","Kcur-5","ROPE","f32",-1,3,-1,128,16,1,1,8192,0.120000,1,"clFinish_profiled"
"CPU_Elastic","COMPUTE_GRAPH","ggml_cgraph","GRAPH","",-1,3,-1,0,0,0,0,0,0.084688,1,"delegate_cpu_graph"
"OpenCL","COMPUTE","cache_k_l5 (view)","SET_ROWS","f16",-1,0,-1,2048,512,1,1,2097152,0.112865,1,"clFinish_profiled"
"OpenCL","COMPUTE","cache_v_l5 (view)","SET_ROWS","f16",-1,2,-1,2048,512,1,1,2097152,0.113021,1,"clFinish_profiled"
"OpenCL","COMPUTE","__fattn__-5","FLASH_ATTN_EXT","f32",-1,9,-1,128,16,1,1,8192,0.324947,1,"clFinish_profiled"
"CPU_Elastic","COMPUTE_GRAPH","ggml_cgraph","GRAPH","",-1,2,-1,0,0,0,0,0,0.084427,1,"delegate_cpu_graph"
"OpenCL","COMPUTE","ffn_moe_logits-5","MUL_MAT","f32",-1,2,-1,64,1,1,1,256,0.129635,1,"clFinish_profiled"
"OpenCL","COMPUTE","ffn_moe_probs-5","SOFT_MAX","f32",-1,3,-1,64,1,1,1,256,0.114323,1,"clFinish_profiled"
"OpenCL","COMPUTE","ffn_moe_argsort-5","ARGSORT","i32",-1,5,-1,64,1,1,1,256,0.120937,1,"clFinish_profiled"
"OpenCL","COMPUTE","ffn_moe_weights-5","GET_ROWS","f32",-1,7,-1,1,8,1,1,32,0.110573,1,"clFinish_profiled"
"CPU_Elastic","COMPUTE_GRAPH","ggml_cgraph","GRAPH","",-1,21,-1,0,0,0,0,0,1.034947,1,"delegate_cpu_graph"
"CPU_Elastic","COMPUTE_GRAPH","ggml_cgraph","GRAPH","",-1,1,-1,0,0,0,0,0,0.081823,1,"delegate_cpu_graph"
"OpenCL","COMPUTE","Qcur-6","ROPE","f32",-1,3,-1,128,16,1,1,8192,0.125677,1,"clFinish_profiled"
"CPU_Elastic","COMPUTE_GRAPH","ggml_cgraph","GRAPH","",-1,1,-1,0,0,0,0,0,0.081771,1,"delegate_cpu_graph"
"OpenCL","COMPUTE","Kcur-6","ROPE","f32",-1,3,-1,128,16,1,1,8192,0.123490,1,"clFinish_profiled"
"CPU_Elastic","COMPUTE_GRAPH","ggml_cgraph","GRAPH","",-1,3,-1,0,0,0,0,0,0.085625,1,"delegate_cpu_graph"
"OpenCL","COMPUTE","cache_k_l6 (view)","SET_ROWS","f16",-1,0,-1,2048,512,1,1,2097152,0.112969,1,"clFinish_profiled"
"OpenCL","COMPUTE","cache_v_l6 (view)","SET_ROWS","f16",-1,2,-1,2048,512,1,1,2097152,0.113490,1,"clFinish_profiled"
"OpenCL","COMPUTE","__fattn__-6","FLASH_ATTN_EXT","f32",-1,9,-1,128,16,1,1,8192,0.324583,1,"clFinish_profiled"
"CPU_Elastic","COMPUTE_GRAPH","ggml_cgraph","GRAPH","",-1,2,-1,0,0,0,0,0,0.084167,1,"delegate_cpu_graph"
"OpenCL","COMPUTE","ffn_moe_logits-6","MUL_MAT","f32",-1,2,-1,64,1,1,1,256,0.130365,1,"clFinish_profiled"
"OpenCL","COMPUTE","ffn_moe_probs-6","SOFT_MAX","f32",-1,3,-1,64,1,1,1,256,0.116615,1,"clFinish_profiled"
"OpenCL","COMPUTE","ffn_moe_argsort-6","ARGSORT","i32",-1,5,-1,64,1,1,1,256,0.119010,1,"clFinish_profiled"
"OpenCL","COMPUTE","ffn_moe_weights-6","GET_ROWS","f32",-1,7,-1,1,8,1,1,32,0.109271,1,"clFinish_profiled"
"CPU_Elastic","COMPUTE_GRAPH","ggml_cgraph","GRAPH","",-1,21,-1,0,0,0,0,0,1.013230,1,"delegate_cpu_graph"
"CPU_Elastic","COMPUTE_GRAPH","ggml_cgraph","GRAPH","",-1,1,-1,0,0,0,0,0,0.081615,1,"delegate_cpu_graph"
"OpenCL","COMPUTE","Qcur-7","ROPE","f32",-1,3,-1,128,16,1,1,8192,0.125781,1,"clFinish_profiled"
"CPU_Elastic","COMPUTE_GRAPH","ggml_cgraph","GRAPH","",-1,1,-1,0,0,0,0,0,0.084636,1,"delegate_cpu_graph"
"OpenCL","COMPUTE","Kcur-7","ROPE","f32",-1,3,-1,128,16,1,1,8192,0.117865,1,"clFinish_profiled"
"OpenCL","COMPUTE","Vcur-7","MUL_MAT","f32",-1,4,-1,2048,1,1,1,8192,0.265573,1,"clFinish_profiled"
"OpenCL","COMPUTE","cache_k_l7 (view)","SET_ROWS","f16",-1,7,-1,2048,512,1,1,2097152,0.112240,1,"clFinish_profiled"
"OpenCL","COMPUTE","cache_v_l7 (view)","SET_ROWS","f16",-1,9,-1,2048,512,1,1,2097152,0.111146,1,"clFinish_profiled"
"OpenCL","COMPUTE","__fattn__-7","FLASH_ATTN_EXT","f32",-1,16,-1,128,16,1,1,8192,0.329791,1,"clFinish_profiled"
"CPU_Elastic","COMPUTE_GRAPH","ggml_cgraph","GRAPH","",-1,2,-1,0,0,0,0,0,0.084219,1,"delegate_cpu_graph"
"OpenCL","COMPUTE","ffn_moe_logits-7","MUL_MAT","f32",-1,2,-1,64,1,1,1,256,0.125834,1,"clFinish_profiled"
"OpenCL","COMPUTE","ffn_moe_probs-7","SOFT_MAX","f32",-1,3,-1,64,1,1,1,256,0.116458,1,"clFinish_profiled"
"OpenCL","COMPUTE","ffn_moe_argsort-7","ARGSORT","i32",-1,5,-1,64,1,1,1,256,0.118021,1,"clFinish_profiled"
"OpenCL","COMPUTE","ffn_moe_weights-7","GET_ROWS","f32",-1,7,-1,1,8,1,1,32,0.109427,1,"clFinish_profiled"
"CPU_Elastic","COMPUTE_GRAPH","ggml_cgraph","GRAPH","",-1,21,-1,0,0,0,0,0,1.147396,1,"delegate_cpu_graph"
"CPU_Elastic","COMPUTE_GRAPH","ggml_cgraph","GRAPH","",-1,1,-1,0,0,0,0,0,0.081302,1,"delegate_cpu_graph"
"OpenCL","COMPUTE","Qcur-8","ROPE","f32",-1,3,-1,128,16,1,1,8192,0.126250,1,"clFinish_profiled"
"CPU_Elastic","COMPUTE_GRAPH","ggml_cgraph","GRAPH","",-1,1,-1,0,0,0,0,0,0.081927,1,"delegate_cpu_graph"
"OpenCL","COMPUTE","Kcur-8","ROPE","f32",-1,3,-1,128,16,1,1,8192,0.134792,1,"clFinish_profiled"
"CPU_Elastic","COMPUTE_GRAPH","ggml_cgraph","GRAPH","",-1,3,-1,0,0,0,0,0,0.086563,1,"delegate_cpu_graph"
"OpenCL","COMPUTE","cache_k_l8 (view)","SET_ROWS","f16",-1,0,-1,2048,512,1,1,2097152,0.110312,1,"clFinish_profiled"
"OpenCL","COMPUTE","cache_v_l8 (view)","SET_ROWS","f16",-1,2,-1,2048,512,1,1,2097152,0.112031,1,"clFinish_profiled"
"OpenCL","COMPUTE","__fattn__-8","FLASH_ATTN_EXT","f32",-1,9,-1,128,16,1,1,8192,0.324323,1,"clFinish_profiled"
"CPU_Elastic","COMPUTE_GRAPH","ggml_cgraph","GRAPH","",-1,2,-1,0,0,0,0,0,0.099427,1,"delegate_cpu_graph"
"OpenCL","COMPUTE","ffn_moe_logits-8","MUL_MAT","f32",-1,2,-1,64,1,1,1,256,0.128802,1,"clFinish_profiled"
"OpenCL","COMPUTE","ffn_moe_probs-8","SOFT_MAX","f32",-1,3,-1,64,1,1,1,256,0.115417,1,"clFinish_profiled"
"OpenCL","COMPUTE","ffn_moe_argsort-8","ARGSORT","i32",-1,5,-1,64,1,1,1,256,0.120312,1,"clFinish_profiled"
"OpenCL","COMPUTE","ffn_moe_weights-8","GET_ROWS","f32",-1,7,-1,1,8,1,1,32,0.109843,1,"clFinish_profiled"
"CPU_Elastic","COMPUTE_GRAPH","ggml_cgraph","GRAPH","",-1,21,-1,0,0,0,0,0,1.015834,1,"delegate_cpu_graph"
"CPU_Elastic","COMPUTE_GRAPH","ggml_cgraph","GRAPH","",-1,1,-1,0,0,0,0,0,0.081563,1,"delegate_cpu_graph"
"OpenCL","COMPUTE","Qcur-9","ROPE","f32",-1,3,-1,128,16,1,1,8192,0.125677,1,"clFinish_profiled"
"CPU_Elastic","COMPUTE_GRAPH","ggml_cgraph","GRAPH","",-1,1,-1,0,0,0,0,0,0.083750,1,"delegate_cpu_graph"
"OpenCL","COMPUTE","Kcur-9","ROPE","f32",-1,3,-1,128,16,1,1,8192,0.120938,1,"clFinish_profiled"
"CPU_Elastic","COMPUTE_GRAPH","ggml_cgraph","GRAPH","",-1,3,-1,0,0,0,0,0,0.086615,1,"delegate_cpu_graph"
"OpenCL","COMPUTE","cache_k_l9 (view)","SET_ROWS","f16",-1,0,-1,2048,512,1,1,2097152,0.112292,1,"clFinish_profiled"
"OpenCL","COMPUTE","cache_v_l9 (view)","SET_ROWS","f16",-1,2,-1,2048,512,1,1,2097152,0.112344,1,"clFinish_profiled"
"OpenCL","COMPUTE","__fattn__-9","FLASH_ATTN_EXT","f32",-1,9,-1,128,16,1,1,8192,0.325469,1,"clFinish_profiled"
"CPU_Elastic","COMPUTE_GRAPH","ggml_cgraph","GRAPH","",-1,2,-1,0,0,0,0,0,0.085573,1,"delegate_cpu_graph"
"OpenCL","COMPUTE","ffn_moe_logits-9","MUL_MAT","f32",-1,2,-1,64,1,1,1,256,0.127187,1,"clFinish_profiled"
"OpenCL","COMPUTE","ffn_moe_probs-9","SOFT_MAX","f32",-1,3,-1,64,1,1,1,256,0.115521,1,"clFinish_profiled"
"OpenCL","COMPUTE","ffn_moe_argsort-9","ARGSORT","i32",-1,5,-1,64,1,1,1,256,0.120104,1,"clFinish_profiled"
"OpenCL","COMPUTE","ffn_moe_weights-9","GET_ROWS","f32",-1,7,-1,1,8,1,1,32,0.111822,1,"clFinish_profiled"
"CPU_Elastic","COMPUTE_GRAPH","ggml_cgraph","GRAPH","",-1,21,-1,0,0,0,0,0,1.025782,1,"delegate_cpu_graph"
"CPU_Elastic","COMPUTE_GRAPH","ggml_cgraph","GRAPH","",-1,1,-1,0,0,0,0,0,0.081666,1,"delegate_cpu_graph"
"OpenCL","COMPUTE","Qcur-10","ROPE","f32",-1,3,-1,128,16,1,1,8192,0.125573,1,"clFinish_profiled"
"CPU_Elastic","COMPUTE_GRAPH","ggml_cgraph","GRAPH","",-1,1,-1,0,0,0,0,0,0.084063,1,"delegate_cpu_graph"
"OpenCL","COMPUTE","Kcur-10","ROPE","f32",-1,3,-1,128,16,1,1,8192,0.119479,1,"clFinish_profiled"
"OpenCL","COMPUTE","Vcur-10","MUL_MAT","f32",-1,4,-1,2048,1,1,1,8192,0.267031,1,"clFinish_profiled"
"OpenCL","COMPUTE","cache_k_l10 (view)","SET_ROWS","f16",-1,7,-1,2048,512,1,1,2097152,0.113073,1,"clFinish_profiled"
"OpenCL","COMPUTE","cache_v_l10 (view)","SET_ROWS","f16",-1,9,-1,2048,512,1,1,2097152,0.112188,1,"clFinish_profiled"
"OpenCL","COMPUTE","__fattn__-10","FLASH_ATTN_EXT","f32",-1,16,-1,128,16,1,1,8192,0.323438,1,"clFinish_profiled"
"CPU_Elastic","COMPUTE_GRAPH","ggml_cgraph","GRAPH","",-1,2,-1,0,0,0,0,0,0.083437,1,"delegate_cpu_graph"
"OpenCL","COMPUTE","ffn_moe_logits-10","MUL_MAT","f32",-1,2,-1,64,1,1,1,256,0.124844,1,"clFinish_profiled"
"OpenCL","COMPUTE","ffn_moe_probs-10","SOFT_MAX","f32",-1,3,-1,64,1,1,1,256,0.114948,1,"clFinish_profiled"
"OpenCL","COMPUTE","ffn_moe_argsort-10","ARGSORT","i32",-1,5,-1,64,1,1,1,256,0.119740,1,"clFinish_profiled"
"OpenCL","COMPUTE","ffn_moe_weights-10","GET_ROWS","f32",-1,7,-1,1,8,1,1,32,0.114063,1,"clFinish_profiled"
"CPU_Elastic","COMPUTE_GRAPH","ggml_cgraph","GRAPH","",-1,21,-1,0,0,0,0,0,1.166302,1,"delegate_cpu_graph"
"CPU_Elastic","COMPUTE_GRAPH","ggml_cgraph","GRAPH","",-1,1,-1,0,0,0,0,0,0.081146,1,"delegate_cpu_graph"
"OpenCL","COMPUTE","Qcur-11","ROPE","f32",-1,3,-1,128,16,1,1,8192,0.126302,1,"clFinish_profiled"
"CPU_Elastic","COMPUTE_GRAPH","ggml_cgraph","GRAPH","",-1,1,-1,0,0,0,0,0,0.083698,1,"delegate_cpu_graph"
"OpenCL","COMPUTE","Kcur-11","ROPE","f32",-1,3,-1,128,16,1,1,8192,0.123802,1,"clFinish_profiled"
"CPU_Elastic","COMPUTE_GRAPH","ggml_cgraph","GRAPH","",-1,3,-1,0,0,0,0,0,0.086563,1,"delegate_cpu_graph"
"OpenCL","COMPUTE","cache_k_l11 (view)","SET_ROWS","f16",-1,0,-1,2048,512,1,1,2097152,0.113021,1,"clFinish_profiled"
"OpenCL","COMPUTE","cache_v_l11 (view)","SET_ROWS","f16",-1,2,-1,2048,512,1,1,2097152,0.112761,1,"clFinish_profiled"
"OpenCL","COMPUTE","__fattn__-11","FLASH_ATTN_EXT","f32",-1,9,-1,128,16,1,1,8192,0.326459,1,"clFinish_profiled"
"CPU_Elastic","COMPUTE_GRAPH","ggml_cgraph","GRAPH","",-1,2,-1,0,0,0,0,0,0.083437,1,"delegate_cpu_graph"
"OpenCL","COMPUTE","ffn_moe_logits-11","MUL_MAT","f32",-1,2,-1,64,1,1,1,256,0.126979,1,"clFinish_profiled"
"OpenCL","COMPUTE","ffn_moe_probs-11","SOFT_MAX","f32",-1,3,-1,64,1,1,1,256,0.115365,1,"clFinish_profiled"
"OpenCL","COMPUTE","ffn_moe_argsort-11","ARGSORT","i32",-1,5,-1,64,1,1,1,256,0.120938,1,"clFinish_profiled"
"OpenCL","COMPUTE","ffn_moe_weights-11","GET_ROWS","f32",-1,7,-1,1,8,1,1,32,0.110885,1,"clFinish_profiled"
"CPU_Elastic","COMPUTE_GRAPH","ggml_cgraph","GRAPH","",-1,21,-1,0,0,0,0,0,1.011459,1,"delegate_cpu_graph"
"CPU_Elastic","COMPUTE_GRAPH","ggml_cgraph","GRAPH","",-1,1,-1,0,0,0,0,0,0.081407,1,"delegate_cpu_graph"
"OpenCL","COMPUTE","Qcur-12","ROPE","f32",-1,3,-1,128,16,1,1,8192,0.131563,1,"clFinish_profiled"
"CPU_Elastic","COMPUTE_GRAPH","ggml_cgraph","GRAPH","",-1,1,-1,0,0,0,0,0,0.083959,1,"delegate_cpu_graph"
"OpenCL","COMPUTE","Kcur-12","ROPE","f32",-1,3,-1,128,16,1,1,8192,0.117604,1,"clFinish_profiled"
"CPU_Elastic","COMPUTE_GRAPH","ggml_cgraph","GRAPH","",-1,3,-1,0,0,0,0,0,0.095312,1,"delegate_cpu_graph"
"OpenCL","COMPUTE","cache_k_l12 (view)","SET_ROWS","f16",-1,0,-1,2048,512,1,1,2097152,0.113750,1,"clFinish_profiled"
"OpenCL","COMPUTE","cache_v_l12 (view)","SET_ROWS","f16",-1,2,-1,2048,512,1,1,2097152,0.113073,1,"clFinish_profiled"
"OpenCL","COMPUTE","__fattn__-12","FLASH_ATTN_EXT","f32",-1,9,-1,128,16,1,1,8192,0.324583,1,"clFinish_profiled"
"CPU_Elastic","COMPUTE_GRAPH","ggml_cgraph","GRAPH","",-1,2,-1,0,0,0,0,0,0.083698,1,"delegate_cpu_graph"
"OpenCL","COMPUTE","ffn_moe_logits-12","MUL_MAT","f32",-1,2,-1,64,1,1,1,256,0.125312,1,"clFinish_profiled"
"OpenCL","COMPUTE","ffn_moe_probs-12","SOFT_MAX","f32",-1,3,-1,64,1,1,1,256,0.115104,1,"clFinish_profiled"
"OpenCL","COMPUTE","ffn_moe_argsort-12","ARGSORT","i32",-1,5,-1,64,1,1,1,256,0.119896,1,"clFinish_profiled"
"OpenCL","COMPUTE","ffn_moe_weights-12","GET_ROWS","f32",-1,7,-1,1,8,1,1,32,0.109271,1,"clFinish_profiled"
"CPU_Elastic","COMPUTE_GRAPH","ggml_cgraph","GRAPH","",-1,21,-1,0,0,0,0,0,1.014532,1,"delegate_cpu_graph"
"CPU_Elastic","COMPUTE_GRAPH","ggml_cgraph","GRAPH","",-1,1,-1,0,0,0,0,0,0.081719,1,"delegate_cpu_graph"
"OpenCL","COMPUTE","Qcur-13","ROPE","f32",-1,3,-1,128,16,1,1,8192,0.125000,1,"clFinish_profiled"
"CPU_Elastic","COMPUTE_GRAPH","ggml_cgraph","GRAPH","",-1,1,-1,0,0,0,0,0,0.083802,1,"delegate_cpu_graph"
"OpenCL","COMPUTE","Kcur-13","ROPE","f32",-1,3,-1,128,16,1,1,8192,0.119480,1,"clFinish_profiled"
"OpenCL","COMPUTE","Vcur-13","MUL_MAT","f32",-1,4,-1,2048,1,1,1,8192,0.270625,1,"clFinish_profiled"
"OpenCL","COMPUTE","cache_k_l13 (view)","SET_ROWS","f16",-1,7,-1,2048,512,1,1,2097152,0.112760,1,"clFinish_profiled"
"OpenCL","COMPUTE","cache_v_l13 (view)","SET_ROWS","f16",-1,9,-1,2048,512,1,1,2097152,0.111250,1,"clFinish_profiled"
"OpenCL","COMPUTE","__fattn__-13","FLASH_ATTN_EXT","f32",-1,16,-1,128,16,1,1,8192,0.322083,1,"clFinish_profiled"
"CPU_Elastic","COMPUTE_GRAPH","ggml_cgraph","GRAPH","",-1,2,-1,0,0,0,0,0,0.083750,1,"delegate_cpu_graph"
"OpenCL","COMPUTE","ffn_moe_logits-13","MUL_MAT","f32",-1,2,-1,64,1,1,1,256,0.126354,1,"clFinish_profiled"
"OpenCL","COMPUTE","ffn_moe_probs-13","SOFT_MAX","f32",-1,3,-1,64,1,1,1,256,0.114740,1,"clFinish_profiled"
"OpenCL","COMPUTE","ffn_moe_argsort-13","ARGSORT","i32",-1,5,-1,64,1,1,1,256,0.118698,1,"clFinish_profiled"
"OpenCL","COMPUTE","ffn_moe_weights-13","GET_ROWS","f32",-1,7,-1,1,8,1,1,32,0.109947,1,"clFinish_profiled"
"CPU_Elastic","COMPUTE_GRAPH","ggml_cgraph","GRAPH","",-1,21,-1,0,0,0,0,0,1.152604,1,"delegate_cpu_graph"
"CPU_Elastic","COMPUTE_GRAPH","ggml_cgraph","GRAPH","",-1,1,-1,0,0,0,0,0,0.081250,1,"delegate_cpu_graph"
"OpenCL","COMPUTE","Qcur-14","ROPE","f32",-1,3,-1,128,16,1,1,8192,0.129792,1,"clFinish_profiled"
"CPU_Elastic","COMPUTE_GRAPH","ggml_cgraph","GRAPH","",-1,1,-1,0,0,0,0,0,0.083386,1,"delegate_cpu_graph"
"OpenCL","COMPUTE","Kcur-14","ROPE","f32",-1,3,-1,128,16,1,1,8192,0.124896,1,"clFinish_profiled"
"OpenCL","COMPUTE","Vcur-14","MUL_MAT","f32",-1,4,-1,2048,1,1,1,8192,0.266511,1,"clFinish_profiled"
"OpenCL","COMPUTE","cache_k_l14 (view)","SET_ROWS","f16",-1,7,-1,2048,512,1,1,2097152,0.112448,1,"clFinish_profiled"
"OpenCL","COMPUTE","cache_v_l14 (view)","SET_ROWS","f16",-1,9,-1,2048,512,1,1,2097152,0.111979,1,"clFinish_profiled"
"OpenCL","COMPUTE","__fattn__-14","FLASH_ATTN_EXT","f32",-1,16,-1,128,16,1,1,8192,0.327396,1,"clFinish_profiled"
"CPU_Elastic","COMPUTE_GRAPH","ggml_cgraph","GRAPH","",-1,2,-1,0,0,0,0,0,0.085469,1,"delegate_cpu_graph"
"OpenCL","COMPUTE","ffn_moe_logits-14","MUL_MAT","f32",-1,2,-1,64,1,1,1,256,0.129010,1,"clFinish_profiled"
"OpenCL","COMPUTE","ffn_moe_probs-14","SOFT_MAX","f32",-1,3,-1,64,1,1,1,256,0.115781,1,"clFinish_profiled"
"OpenCL","COMPUTE","ffn_moe_argsort-14","ARGSORT","i32",-1,5,-1,64,1,1,1,256,0.120156,1,"clFinish_profiled"
"OpenCL","COMPUTE","ffn_moe_weights-14","GET_ROWS","f32",-1,7,-1,1,8,1,1,32,0.112448,1,"clFinish_profiled"
"CPU_Elastic","COMPUTE_GRAPH","ggml_cgraph","GRAPH","",-1,21,-1,0,0,0,0,0,1.155104,1,"delegate_cpu_graph"
"CPU_Elastic","COMPUTE_GRAPH","ggml_cgraph","GRAPH","",-1,1,-1,0,0,0,0,0,0.081771,1,"delegate_cpu_graph"
"OpenCL","COMPUTE","Qcur-15","ROPE","f32",-1,3,-1,128,16,1,1,8192,0.126354,1,"clFinish_profiled"
"CPU_Elastic","COMPUTE_GRAPH","ggml_cgraph","GRAPH","",-1,1,-1,0,0,0,0,0,0.084271,1,"delegate_cpu_graph"
"OpenCL","COMPUTE","Kcur-15","ROPE","f32",-1,3,-1,128,16,1,1,8192,0.120364,1,"clFinish_profiled"
"OpenCL","COMPUTE","Vcur-15","MUL_MAT","f32",-1,4,-1,2048,1,1,1,8192,0.268386,1,"clFinish_profiled"
"OpenCL","COMPUTE","cache_k_l15 (view)","SET_ROWS","f16",-1,7,-1,2048,512,1,1,2097152,0.116562,1,"clFinish_profiled"
"OpenCL","COMPUTE","cache_v_l15 (view)","SET_ROWS","f16",-1,9,-1,2048,512,1,1,2097152,0.110782,1,"clFinish_profiled"
"OpenCL","COMPUTE","__fattn__-15","FLASH_ATTN_EXT","f32",-1,16,-1,128,16,1,1,8192,0.319948,1,"clFinish_profiled"
"CPU_Elastic","COMPUTE_GRAPH","ggml_cgraph","GRAPH","",-1,4,-1,0,0,0,0,0,0.087083,1,"delegate_cpu_graph"
"OpenCL","COMPUTE","ffn_moe_logits-15","MUL_MAT","f32",-1,2,-1,64,1,1,1,256,0.127343,1,"clFinish_profiled"
"OpenCL","COMPUTE","ffn_moe_probs-15","SOFT_MAX","f32",-1,3,-1,64,1,1,1,256,0.119428,1,"clFinish_profiled"
"OpenCL","COMPUTE","ffn_moe_argsort-15","ARGSORT","i32",-1,5,-1,64,1,1,1,256,0.118958,1,"clFinish_profiled"
"OpenCL","COMPUTE","ffn_moe_weights-15","GET_ROWS","f32",-1,7,-1,1,8,1,1,32,0.123021,1,"clFinish_profiled"
"CPU_Elastic","COMPUTE_GRAPH","ggml_cgraph","GRAPH","",-1,22,-1,0,0,0,0,0,1.154844,1,"delegate_cpu_graph"
"OpenCL","COMPUTE","result_norm","MUL","f32",-1,0,-1,2048,1,1,1,8192,0.334896,1,"clFinish_profiled"
"OpenCL","COMPUTE","result_output","MUL_MAT","f32",-1,1,-1,50304,1,1,1,201216,3.845104,1,"clFinish_profiled"
"CPU_Elastic","COMPUTE_GRAPH","ggml_cgraph","GRAPH","",-1,1,-1,0,0,0,0,0,0.003490,1,"delegate_cpu_graph"
"CPU_Elastic","COMPUTE_GRAPH","ggml_cgraph","GRAPH","",-1,1,-1,0,0,0,0,0,0.082136,1,"delegate_cpu_graph"
"OpenCL","COMPUTE","Qcur-0","ROPE","f32",-1,3,-1,128,16,1,1,8192,0.126615,1,"clFinish_profiled"
"CPU_Elastic","COMPUTE_GRAPH","ggml_cgraph","GRAPH","",-1,1,-1,0,0,0,0,0,0.092553,1,"delegate_cpu_graph"
"OpenCL","COMPUTE","Kcur-0","ROPE","f32",-1,3,-1,128,16,1,1,8192,0.120989,1,"clFinish_profiled"
"OpenCL","COMPUTE","Vcur-0","MUL_MAT","f32",-1,4,-1,2048,1,1,1,8192,0.276458,1,"clFinish_profiled"
"OpenCL","COMPUTE","cache_k_l0 (view)","SET_ROWS","f16",-1,7,-1,2048,512,1,1,2097152,0.116145,1,"clFinish_profiled"
"OpenCL","COMPUTE","cache_v_l0 (view)","SET_ROWS","f16",-1,9,-1,2048,512,1,1,2097152,0.112864,1,"clFinish_profiled"
"OpenCL","COMPUTE"," (copy)","CPY","f16",-1,16,-1,256,64,1,1,32768,0.117916,1,"clFinish_profiled"
"OpenCL","COMPUTE","__fattn__-0","FLASH_ATTN_EXT","f32",-1,17,-1,128,16,1,1,8192,0.323229,1,"clFinish_profiled"
"CPU_Elastic","COMPUTE_GRAPH","ggml_cgraph","GRAPH","",-1,2,-1,0,0,0,0,0,0.084010,1,"delegate_cpu_graph"
"OpenCL","COMPUTE","ffn_moe_logits-0","MUL_MAT","f32",-1,2,-1,64,1,1,1,256,0.130572,1,"clFinish_profiled"
"OpenCL","COMPUTE","ffn_moe_probs-0","SOFT_MAX","f32",-1,3,-1,64,1,1,1,256,0.113437,1,"clFinish_profiled"
"OpenCL","COMPUTE","ffn_moe_argsort-0","ARGSORT","i32",-1,5,-1,64,1,1,1,256,0.119584,1,"clFinish_profiled"
"OpenCL","COMPUTE","ffn_moe_weights-0","GET_ROWS","f32",-1,7,-1,1,8,1,1,32,0.110520,1,"clFinish_profiled"
"CPU_Elastic","COMPUTE_GRAPH","ggml_cgraph","GRAPH","",-1,21,-1,0,0,0,0,0,1.168438,1,"delegate_cpu_graph"
"CPU_Elastic","COMPUTE_GRAPH","ggml_cgraph","GRAPH","",-1,1,-1,0,0,0,0,0,0.082969,1,"delegate_cpu_graph"
"OpenCL","COMPUTE","Qcur-1","ROPE","f32",-1,3,-1,128,16,1,1,8192,0.129948,1,"clFinish_profiled"
"CPU_Elastic","COMPUTE_GRAPH","ggml_cgraph","GRAPH","",-1,1,-1,0,0,0,0,0,0.081927,1,"delegate_cpu_graph"
"OpenCL","COMPUTE","Kcur-1","ROPE","f32",-1,3,-1,128,16,1,1,8192,0.133334,1,"clFinish_profiled"
"OpenCL","COMPUTE","Vcur-1","MUL_MAT","f32",-1,4,-1,2048,1,1,1,8192,0.266979,1,"clFinish_profiled"
"OpenCL","COMPUTE","cache_k_l1 (view)","SET_ROWS","f16",-1,7,-1,2048,512,1,1,2097152,0.114062,1,"clFinish_profiled"
"OpenCL","COMPUTE","cache_v_l1 (view)","SET_ROWS","f16",-1,9,-1,2048,512,1,1,2097152,0.117344,1,"clFinish_profiled"
"OpenCL","COMPUTE","__fattn__-1","FLASH_ATTN_EXT","f32",-1,16,-1,128,16,1,1,8192,0.326406,1,"clFinish_profiled"
"CPU_Elastic","COMPUTE_GRAPH","ggml_cgraph","GRAPH","",-1,2,-1,0,0,0,0,0,0.083854,1,"delegate_cpu_graph"
"OpenCL","COMPUTE","ffn_moe_logits-1","MUL_MAT","f32",-1,2,-1,64,1,1,1,256,0.127760,1,"clFinish_profiled"
"OpenCL","COMPUTE","ffn_moe_probs-1","SOFT_MAX","f32",-1,3,-1,64,1,1,1,256,0.114166,1,"clFinish_profiled"
"OpenCL","COMPUTE","ffn_moe_argsort-1","ARGSORT","i32",-1,5,-1,64,1,1,1,256,0.119375,1,"clFinish_profiled"
"OpenCL","COMPUTE","ffn_moe_weights-1","GET_ROWS","f32",-1,7,-1,1,8,1,1,32,0.110729,1,"clFinish_profiled"
"CPU_Elastic","COMPUTE_GRAPH","ggml_cgraph","GRAPH","",-1,21,-1,0,0,0,0,0,1.136302,1,"delegate_cpu_graph"
"CPU_Elastic","COMPUTE_GRAPH","ggml_cgraph","GRAPH","",-1,1,-1,0,0,0,0,0,0.083021,1,"delegate_cpu_graph"
"OpenCL","COMPUTE","Qcur-2","ROPE","f32",-1,3,-1,128,16,1,1,8192,0.128646,1,"clFinish_profiled"
"CPU_Elastic","COMPUTE_GRAPH","ggml_cgraph","GRAPH","",-1,1,-1,0,0,0,0,0,0.088594,1,"delegate_cpu_graph"
"OpenCL","COMPUTE","Kcur-2","ROPE","f32",-1,3,-1,128,16,1,1,8192,0.119271,1,"clFinish_profiled"
"CPU_Elastic","COMPUTE_GRAPH","ggml_cgraph","GRAPH","",-1,3,-1,0,0,0,0,0,0.085156,1,"delegate_cpu_graph"
"OpenCL","COMPUTE","cache_k_l2 (view)","SET_ROWS","f16",-1,0,-1,2048,512,1,1,2097152,0.113386,1,"clFinish_profiled"
"OpenCL","COMPUTE","cache_v_l2 (view)","SET_ROWS","f16",-1,2,-1,2048,512,1,1,2097152,0.112708,1,"clFinish_profiled"
"OpenCL","COMPUTE","__fattn__-2","FLASH_ATTN_EXT","f32",-1,9,-1,128,16,1,1,8192,0.328073,1,"clFinish_profiled"
"CPU_Elastic","COMPUTE_GRAPH","ggml_cgraph","GRAPH","",-1,2,-1,0,0,0,0,0,0.083594,1,"delegate_cpu_graph"
"OpenCL","COMPUTE","ffn_moe_logits-2","MUL_MAT","f32",-1,2,-1,64,1,1,1,256,0.127917,1,"clFinish_profiled"
"OpenCL","COMPUTE","ffn_moe_probs-2","SOFT_MAX","f32",-1,3,-1,64,1,1,1,256,0.114688,1,"clFinish_profiled"
"OpenCL","COMPUTE","ffn_moe_argsort-2","ARGSORT","i32",-1,5,-1,64,1,1,1,256,0.120052,1,"clFinish_profiled"
"OpenCL","COMPUTE","ffn_moe_weights-2","GET_ROWS","f32",-1,7,-1,1,8,1,1,32,0.109011,1,"clFinish_profiled"
"CPU_Elastic","COMPUTE_GRAPH","ggml_cgraph","GRAPH","",-1,21,-1,0,0,0,0,0,1.007135,1,"delegate_cpu_graph"
"CPU_Elastic","COMPUTE_GRAPH","ggml_cgraph","GRAPH","",-1,1,-1,0,0,0,0,0,0.081302,1,"delegate_cpu_graph"
"OpenCL","COMPUTE","Qcur-3","ROPE","f32",-1,3,-1,128,16,1,1,8192,0.125052,1,"clFinish_profiled"
"CPU_Elastic","COMPUTE_GRAPH","ggml_cgraph","GRAPH","",-1,1,-1,0,0,0,0,0,0.081614,1,"delegate_cpu_graph"
"OpenCL","COMPUTE","Kcur-3","ROPE","f32",-1,3,-1,128,16,1,1,8192,0.120989,1,"clFinish_profiled"
"CPU_Elastic","COMPUTE_GRAPH","ggml_cgraph","GRAPH","",-1,3,-1,0,0,0,0,0,0.084114,1,"delegate_cpu_graph"
"OpenCL","COMPUTE","cache_k_l3 (view)","SET_ROWS","f16",-1,0,-1,2048,512,1,1,2097152,0.112917,1,"clFinish_profiled"
"OpenCL","COMPUTE","cache_v_l3 (view)","SET_ROWS","f16",-1,2,-1,2048,512,1,1,2097152,0.111615,1,"clFinish_profiled"
"OpenCL","COMPUTE","__fattn__-3","FLASH_ATTN_EXT","f32",-1,9,-1,128,16,1,1,8192,0.326979,1,"clFinish_profiled"
"CPU_Elastic","COMPUTE_GRAPH","ggml_cgraph","GRAPH","",-1,2,-1,0,0,0,0,0,0.084531,1,"delegate_cpu_graph"
"OpenCL","COMPUTE","ffn_moe_logits-3","MUL_MAT","f32",-1,2,-1,64,1,1,1,256,0.125312,1,"clFinish_profiled"
"OpenCL","COMPUTE","ffn_moe_probs-3","SOFT_MAX","f32",-1,3,-1,64,1,1,1,256,0.115364,1,"clFinish_profiled"
"OpenCL","COMPUTE","ffn_moe_argsort-3","ARGSORT","i32",-1,5,-1,64,1,1,1,256,0.119270,1,"clFinish_profiled"
"OpenCL","COMPUTE","ffn_moe_weights-3","GET_ROWS","f32",-1,7,-1,1,8,1,1,32,0.108177,1,"clFinish_profiled"
"CPU_Elastic","COMPUTE_GRAPH","ggml_cgraph","GRAPH","",-1,21,-1,0,0,0,0,0,1.011146,1,"delegate_cpu_graph"
"CPU_Elastic","COMPUTE_GRAPH","ggml_cgraph","GRAPH","",-1,1,-1,0,0,0,0,0,0.081562,1,"delegate_cpu_graph"
"OpenCL","COMPUTE","Qcur-4","ROPE","f32",-1,3,-1,128,16,1,1,8192,0.141458,1,"clFinish_profiled"
"CPU_Elastic","COMPUTE_GRAPH","ggml_cgraph","GRAPH","",-1,1,-1,0,0,0,0,0,0.081615,1,"delegate_cpu_graph"
"OpenCL","COMPUTE","Kcur-4","ROPE","f32",-1,3,-1,128,16,1,1,8192,0.118802,1,"clFinish_profiled"
"OpenCL","COMPUTE","Vcur-4","MUL_MAT","f32",-1,4,-1,2048,1,1,1,8192,0.262604,1,"clFinish_profiled"
"OpenCL","COMPUTE","cache_k_l4 (view)","SET_ROWS","f16",-1,7,-1,2048,512,1,1,2097152,0.113073,1,"clFinish_profiled"
"OpenCL","COMPUTE","cache_v_l4 (view)","SET_ROWS","f16",-1,9,-1,2048,512,1,1,2097152,0.113125,1,"clFinish_profiled"
"OpenCL","COMPUTE","__fattn__-4","FLASH_ATTN_EXT","f32",-1,16,-1,128,16,1,1,8192,0.324323,1,"clFinish_profiled"
"CPU_Elastic","COMPUTE_GRAPH","ggml_cgraph","GRAPH","",-1,2,-1,0,0,0,0,0,0.083698,1,"delegate_cpu_graph"
"OpenCL","COMPUTE","ffn_moe_logits-4","MUL_MAT","f32",-1,2,-1,64,1,1,1,256,0.126458,1,"clFinish_profiled"
"OpenCL","COMPUTE","ffn_moe_probs-4","SOFT_MAX","f32",-1,3,-1,64,1,1,1,256,0.115625,1,"clFinish_profiled"
"OpenCL","COMPUTE","ffn_moe_argsort-4","ARGSORT","i32",-1,5,-1,64,1,1,1,256,0.118490,1,"clFinish_profiled"
"OpenCL","COMPUTE","ffn_moe_weights-4","GET_ROWS","f32",-1,7,-1,1,8,1,1,32,0.109740,1,"clFinish_profiled"
"CPU_Elastic","COMPUTE_GRAPH","ggml_cgraph","GRAPH","",-1,21,-1,0,0,0,0,0,1.133907,1,"delegate_cpu_graph"
"CPU_Elastic","COMPUTE_GRAPH","ggml_cgraph","GRAPH","",-1,1,-1,0,0,0,0,0,0.081563,1,"delegate_cpu_graph"
"OpenCL","COMPUTE","Qcur-5","ROPE","f32",-1,3,-1,128,16,1,1,8192,0.137292,1,"clFinish_profiled"
"CPU_Elastic","COMPUTE_GRAPH","ggml_cgraph","GRAPH","",-1,1,-1,0,0,0,0,0,0.081510,1,"delegate_cpu_graph"
"OpenCL","COMPUTE","Kcur-5","ROPE","f32",-1,3,-1,128,16,1,1,8192,0.119948,1,"clFinish_profiled"
"CPU_Elastic","COMPUTE_GRAPH","ggml_cgraph","GRAPH","",-1,3,-1,0,0,0,0,0,0.084792,1,"delegate_cpu_graph"
"OpenCL","COMPUTE","cache_k_l5 (view)","SET_ROWS","f16",-1,0,-1,2048,512,1,1,2097152,0.112969,1,"clFinish_profiled"
"OpenCL","COMPUTE","cache_v_l5 (view)","SET_ROWS","f16",-1,2,-1,2048,512,1,1,2097152,0.113281,1,"clFinish_profiled"
"OpenCL","COMPUTE","__fattn__-5","FLASH_ATTN_EXT","f32",-1,9,-1,128,16,1,1,8192,0.327396,1,"clFinish_profiled"
"CPU_Elastic","COMPUTE_GRAPH","ggml_cgraph","GRAPH","",-1,2,-1,0,0,0,0,0,0.083802,1,"delegate_cpu_graph"
"OpenCL","COMPUTE","ffn_moe_logits-5","MUL_MAT","f32",-1,2,-1,64,1,1,1,256,0.126302,1,"clFinish_profiled"
"OpenCL","COMPUTE","ffn_moe_probs-5","SOFT_MAX","f32",-1,3,-1,64,1,1,1,256,0.114063,1,"clFinish_profiled"
"OpenCL","COMPUTE","ffn_moe_argsort-5","ARGSORT","i32",-1,5,-1,64,1,1,1,256,0.120104,1,"clFinish_profiled"
"OpenCL","COMPUTE","ffn_moe_weights-5","GET_ROWS","f32",-1,7,-1,1,8,1,1,32,0.110261,1,"clFinish_profiled"
"CPU_Elastic","COMPUTE_GRAPH","ggml_cgraph","GRAPH","",-1,21,-1,0,0,0,0,0,1.034063,1,"delegate_cpu_graph"
"CPU_Elastic","COMPUTE_GRAPH","ggml_cgraph","GRAPH","",-1,1,-1,0,0,0,0,0,0.082865,1,"delegate_cpu_graph"
"OpenCL","COMPUTE","Qcur-6","ROPE","f32",-1,3,-1,128,16,1,1,8192,0.128958,1,"clFinish_profiled"
"CPU_Elastic","COMPUTE_GRAPH","ggml_cgraph","GRAPH","",-1,1,-1,0,0,0,0,0,0.081615,1,"delegate_cpu_graph"
"OpenCL","COMPUTE","Kcur-6","ROPE","f32",-1,3,-1,128,16,1,1,8192,0.117917,1,"clFinish_profiled"
"CPU_Elastic","COMPUTE_GRAPH","ggml_cgraph","GRAPH","",-1,3,-1,0,0,0,0,0,0.082812,1,"delegate_cpu_graph"
"OpenCL","COMPUTE","cache_k_l6 (view)","SET_ROWS","f16",-1,0,-1,2048,512,1,1,2097152,0.113437,1,"clFinish_profiled"
"OpenCL","COMPUTE","cache_v_l6 (view)","SET_ROWS","f16",-1,2,-1,2048,512,1,1,2097152,0.111198,1,"clFinish_profiled"
"OpenCL","COMPUTE","__fattn__-6","FLASH_ATTN_EXT","f32",-1,9,-1,128,16,1,1,8192,0.326719,1,"clFinish_profiled"
"CPU_Elastic","COMPUTE_GRAPH","ggml_cgraph","GRAPH","",-1,2,-1,0,0,0,0,0,0.086302,1,"delegate_cpu_graph"
"OpenCL","COMPUTE","ffn_moe_logits-6","MUL_MAT","f32",-1,2,-1,64,1,1,1,256,0.124948,1,"clFinish_profiled"
"OpenCL","COMPUTE","ffn_moe_probs-6","SOFT_MAX","f32",-1,3,-1,64,1,1,1,256,0.118490,1,"clFinish_profiled"
"OpenCL","COMPUTE","ffn_moe_argsort-6","ARGSORT","i32",-1,5,-1,64,1,1,1,256,0.139271,1,"clFinish_profiled"
"OpenCL","COMPUTE","ffn_moe_weights-6","GET_ROWS","f32",-1,7,-1,1,8,1,1,32,0.114427,1,"clFinish_profiled"
"CPU_Elastic","COMPUTE_GRAPH","ggml_cgraph","GRAPH","",-1,21,-1,0,0,0,0,0,1.011094,1,"delegate_cpu_graph"
"CPU_Elastic","COMPUTE_GRAPH","ggml_cgraph","GRAPH","",-1,1,-1,0,0,0,0,0,0.081041,1,"delegate_cpu_graph"
"OpenCL","COMPUTE","Qcur-7","ROPE","f32",-1,3,-1,128,16,1,1,8192,0.124948,1,"clFinish_profiled"
"CPU_Elastic","COMPUTE_GRAPH","ggml_cgraph","GRAPH","",-1,1,-1,0,0,0,0,0,0.083020,1,"delegate_cpu_graph"
"OpenCL","COMPUTE","Kcur-7","ROPE","f32",-1,3,-1,128,16,1,1,8192,0.116875,1,"clFinish_profiled"
"OpenCL","COMPUTE","Vcur-7","MUL_MAT","f32",-1,4,-1,2048,1,1,1,8192,0.276614,1,"clFinish_profiled"
"OpenCL","COMPUTE","cache_k_l7 (view)","SET_ROWS","f16",-1,7,-1,2048,512,1,1,2097152,0.113229,1,"clFinish_profiled"
"OpenCL","COMPUTE","cache_v_l7 (view)","SET_ROWS","f16",-1,9,-1,2048,512,1,1,2097152,0.113021,1,"clFinish_profiled"
"OpenCL","COMPUTE","__fattn__-7","FLASH_ATTN_EXT","f32",-1,16,-1,128,16,1,1,8192,0.411094,1,"clFinish_profiled"
"CPU_Elastic","COMPUTE_GRAPH","ggml_cgraph","GRAPH","",-1,2,-1,0,0,0,0,0,0.085521,1,"delegate_cpu_graph"
"OpenCL","COMPUTE","ffn_moe_logits-7","MUL_MAT","f32",-1,2,-1,64,1,1,1,256,0.129427,1,"clFinish_profiled"
"OpenCL","COMPUTE","ffn_moe_probs-7","SOFT_MAX","f32",-1,3,-1,64,1,1,1,256,0.113906,1,"clFinish_profiled"
"OpenCL","COMPUTE","ffn_moe_argsort-7","ARGSORT","i32",-1,5,-1,64,1,1,1,256,0.119844,1,"clFinish_profiled"
"OpenCL","COMPUTE","ffn_moe_weights-7","GET_ROWS","f32",-1,7,-1,1,8,1,1,32,0.115105,1,"clFinish_profiled"
"CPU_Elastic","COMPUTE_GRAPH","ggml_cgraph","GRAPH","",-1,21,-1,0,0,0,0,0,1.151979,1,"delegate_cpu_graph"
"CPU_Elastic","COMPUTE_GRAPH","ggml_cgraph","GRAPH","",-1,1,-1,0,0,0,0,0,0.081355,1,"delegate_cpu_graph"
"OpenCL","COMPUTE","Qcur-8","ROPE","f32",-1,3,-1,128,16,1,1,8192,0.136458,1,"clFinish_profiled"
"CPU_Elastic","COMPUTE_GRAPH","ggml_cgraph","GRAPH","",-1,1,-1,0,0,0,0,0,0.081198,1,"delegate_cpu_graph"
"OpenCL","COMPUTE","Kcur-8","ROPE","f32",-1,3,-1,128,16,1,1,8192,0.119323,1,"clFinish_profiled"
"CPU_Elastic","COMPUTE_GRAPH","ggml_cgraph","GRAPH","",-1,3,-1,0,0,0,0,0,0.086562,1,"delegate_cpu_graph"
"OpenCL","COMPUTE","cache_k_l8 (view)","SET_ROWS","f16",-1,0,-1,2048,512,1,1,2097152,0.113229,1,"clFinish_profiled"
"OpenCL","COMPUTE","cache_v_l8 (view)","SET_ROWS","f16",-1,2,-1,2048,512,1,1,2097152,0.115157,1,"clFinish_profiled"
"OpenCL","COMPUTE","__fattn__-8","FLASH_ATTN_EXT","f32",-1,9,-1,128,16,1,1,8192,0.328386,1,"clFinish_profiled"
"CPU_Elastic","COMPUTE_GRAPH","ggml_cgraph","GRAPH","",-1,2,-1,0,0,0,0,0,0.083490,1,"delegate_cpu_graph"
"OpenCL","COMPUTE","ffn_moe_logits-8","MUL_MAT","f32",-1,2,-1,64,1,1,1,256,0.125312,1,"clFinish_profiled"
"OpenCL","COMPUTE","ffn_moe_probs-8","SOFT_MAX","f32",-1,3,-1,64,1,1,1,256,0.113698,1,"clFinish_profiled"
"OpenCL","COMPUTE","ffn_moe_argsort-8","ARGSORT","i32",-1,5,-1,64,1,1,1,256,0.118072,1,"clFinish_profiled"
"OpenCL","COMPUTE","ffn_moe_weights-8","GET_ROWS","f32",-1,7,-1,1,8,1,1,32,0.108750,1,"clFinish_profiled"
"CPU_Elastic","COMPUTE_GRAPH","ggml_cgraph","GRAPH","",-1,21,-1,0,0,0,0,0,1.013229,1,"delegate_cpu_graph"
"CPU_Elastic","COMPUTE_GRAPH","ggml_cgraph","GRAPH","",-1,1,-1,0,0,0,0,0,0.083541,1,"delegate_cpu_graph"
"OpenCL","COMPUTE","Qcur-9","ROPE","f32",-1,3,-1,128,16,1,1,8192,0.125260,1,"clFinish_profiled"
"CPU_Elastic","COMPUTE_GRAPH","ggml_cgraph","GRAPH","",-1,1,-1,0,0,0,0,0,0.081979,1,"delegate_cpu_graph"
"OpenCL","COMPUTE","Kcur-9","ROPE","f32",-1,3,-1,128,16,1,1,8192,0.138021,1,"clFinish_profiled"
"CPU_Elastic","COMPUTE_GRAPH","ggml_cgraph","GRAPH","",-1,3,-1,0,0,0,0,0,0.083125,1,"delegate_cpu_graph"
"OpenCL","COMPUTE","cache_k_l9 (view)","SET_ROWS","f16",-1,0,-1,2048,512,1,1,2097152,0.126041,1,"clFinish_profiled"
"OpenCL","COMPUTE","cache_v_l9 (view)","SET_ROWS","f16",-1,2,-1,2048,512,1,1,2097152,0.113125,1,"clFinish_profiled"
"OpenCL","COMPUTE","__fattn__-9","FLASH_ATTN_EXT","f32",-1,9,-1,128,16,1,1,8192,0.326510,1,"clFinish_profiled"
"CPU_Elastic","COMPUTE_GRAPH","ggml_cgraph","GRAPH","",-1,2,-1,0,0,0,0,0,0.083385,1,"delegate_cpu_graph"
"OpenCL","COMPUTE","ffn_moe_logits-9","MUL_MAT","f32",-1,2,-1,64,1,1,1,256,0.127812,1,"clFinish_profiled"
"OpenCL","COMPUTE","ffn_moe_probs-9","SOFT_MAX","f32",-1,3,-1,64,1,1,1,256,0.114740,1,"clFinish_profiled"
"OpenCL","COMPUTE","ffn_moe_argsort-9","ARGSORT","i32",-1,5,-1,64,1,1,1,256,0.120729,1,"clFinish_profiled"
"OpenCL","COMPUTE","ffn_moe_weights-9","GET_ROWS","f32",-1,7,-1,1,8,1,1,32,0.111979,1,"clFinish_profiled"
"CPU_Elastic","COMPUTE_GRAPH","ggml_cgraph","GRAPH","",-1,21,-1,0,0,0,0,0,1.022552,1,"delegate_cpu_graph"
"CPU_Elastic","COMPUTE_GRAPH","ggml_cgraph","GRAPH","",-1,1,-1,0,0,0,0,0,0.081250,1,"delegate_cpu_graph"
"OpenCL","COMPUTE","Qcur-10","ROPE","f32",-1,3,-1,128,16,1,1,8192,0.125781,1,"clFinish_profiled"
"CPU_Elastic","COMPUTE_GRAPH","ggml_cgraph","GRAPH","",-1,1,-1,0,0,0,0,0,0.081615,1,"delegate_cpu_graph"
"OpenCL","COMPUTE","Kcur-10","ROPE","f32",-1,3,-1,128,16,1,1,8192,0.118177,1,"clFinish_profiled"
"OpenCL","COMPUTE","Vcur-10","MUL_MAT","f32",-1,4,-1,2048,1,1,1,8192,0.263489,1,"clFinish_profiled"
"OpenCL","COMPUTE","cache_k_l10 (view)","SET_ROWS","f16",-1,7,-1,2048,512,1,1,2097152,0.111927,1,"clFinish_profiled"
"OpenCL","COMPUTE","cache_v_l10 (view)","SET_ROWS","f16",-1,9,-1,2048,512,1,1,2097152,0.112396,1,"clFinish_profiled"
"OpenCL","COMPUTE","__fattn__-10","FLASH_ATTN_EXT","f32",-1,16,-1,128,16,1,1,8192,0.326146,1,"clFinish_profiled"
"CPU_Elastic","COMPUTE_GRAPH","ggml_cgraph","GRAPH","",-1,2,-1,0,0,0,0,0,0.085000,1,"delegate_cpu_graph"
"OpenCL","COMPUTE","ffn_moe_logits-10","MUL_MAT","f32",-1,2,-1,64,1,1,1,256,0.126823,1,"clFinish_profiled"
"OpenCL","COMPUTE","ffn_moe_probs-10","SOFT_MAX","f32",-1,3,-1,64,1,1,1,256,0.113333,1,"clFinish_profiled"
"OpenCL","COMPUTE","ffn_moe_argsort-10","ARGSORT","i32",-1,5,-1,64,1,1,1,256,0.120364,1,"clFinish_profiled"
"OpenCL","COMPUTE","ffn_moe_weights-10","GET_ROWS","f32",-1,7,-1,1,8,1,1,32,0.109479,1,"clFinish_profiled"
"CPU_Elastic","COMPUTE_GRAPH","ggml_cgraph","GRAPH","",-1,21,-1,0,0,0,0,0,1.165573,1,"delegate_cpu_graph"
"CPU_Elastic","COMPUTE_GRAPH","ggml_cgraph","GRAPH","",-1,1,-1,0,0,0,0,0,0.083125,1,"delegate_cpu_graph"
"OpenCL","COMPUTE","Qcur-11","ROPE","f32",-1,3,-1,128,16,1,1,8192,0.127605,1,"clFinish_profiled"
"CPU_Elastic","COMPUTE_GRAPH","ggml_cgraph","GRAPH","",-1,1,-1,0,0,0,0,0,0.081406,1,"delegate_cpu_graph"
"OpenCL","COMPUTE","Kcur-11","ROPE","f32",-1,3,-1,128,16,1,1,8192,0.119427,1,"clFinish_profiled"
"CPU_Elastic","COMPUTE_GRAPH","ggml_cgraph","GRAPH","",-1,3,-1,0,0,0,0,0,0.082135,1,"delegate_cpu_graph"
"OpenCL","COMPUTE","cache_k_l11 (view)","SET_ROWS","f16",-1,0,-1,2048,512,1,1,2097152,0.112396,1,"clFinish_profiled"
"OpenCL","COMPUTE","cache_v_l11 (view)","SET_ROWS","f16",-1,2,-1,2048,512,1,1,2097152,0.111510,1,"clFinish_profiled"
"OpenCL","COMPUTE","__fattn__-11","FLASH_ATTN_EXT","f32",-1,9,-1,128,16,1,1,8192,0.325521,1,"clFinish_profiled"
"CPU_Elastic","COMPUTE_GRAPH","ggml_cgraph","GRAPH","",-1,2,-1,0,0,0,0,0,0.085364,1,"delegate_cpu_graph"
"OpenCL","COMPUTE","ffn_moe_logits-11","MUL_MAT","f32",-1,2,-1,64,1,1,1,256,0.125573,1,"clFinish_profiled"
"OpenCL","COMPUTE","ffn_moe_probs-11","SOFT_MAX","f32",-1,3,-1,64,1,1,1,256,0.115052,1,"clFinish_profiled"
"OpenCL","COMPUTE","ffn_moe_argsort-11","ARGSORT","i32",-1,5,-1,64,1,1,1,256,0.119739,1,"clFinish_profiled"
"OpenCL","COMPUTE","ffn_moe_weights-11","GET_ROWS","f32",-1,7,-1,1,8,1,1,32,0.111093,1,"clFinish_profiled"
"CPU_Elastic","COMPUTE_GRAPH","ggml_cgraph","GRAPH","",-1,21,-1,0,0,0,0,0,1.008073,1,"delegate_cpu_graph"
"CPU_Elastic","COMPUTE_GRAPH","ggml_cgraph","GRAPH","",-1,1,-1,0,0,0,0,0,0.081198,1,"delegate_cpu_graph"
"OpenCL","COMPUTE","Qcur-12","ROPE","f32",-1,3,-1,128,16,1,1,8192,0.127813,1,"clFinish_profiled"
"CPU_Elastic","COMPUTE_GRAPH","ggml_cgraph","GRAPH","",-1,1,-1,0,0,0,0,0,0.083698,1,"delegate_cpu_graph"
"OpenCL","COMPUTE","Kcur-12","ROPE","f32",-1,3,-1,128,16,1,1,8192,0.120729,1,"clFinish_profiled"
"CPU_Elastic","COMPUTE_GRAPH","ggml_cgraph","GRAPH","",-1,3,-1,0,0,0,0,0,0.087917,1,"delegate_cpu_graph"
"OpenCL","COMPUTE","cache_k_l12 (view)","SET_ROWS","f16",-1,0,-1,2048,512,1,1,2097152,0.113437,1,"clFinish_profiled"
"OpenCL","COMPUTE","cache_v_l12 (view)","SET_ROWS","f16",-1,2,-1,2048,512,1,1,2097152,0.112239,1,"clFinish_profiled"
"OpenCL","COMPUTE","__fattn__-12","FLASH_ATTN_EXT","f32",-1,9,-1,128,16,1,1,8192,0.325677,1,"clFinish_profiled"
"CPU_Elastic","COMPUTE_GRAPH","ggml_cgraph","GRAPH","",-1,2,-1,0,0,0,0,0,0.084114,1,"delegate_cpu_graph"
"OpenCL","COMPUTE","ffn_moe_logits-12","MUL_MAT","f32",-1,2,-1,64,1,1,1,256,0.126979,1,"clFinish_profiled"
"OpenCL","COMPUTE","ffn_moe_probs-12","SOFT_MAX","f32",-1,3,-1,64,1,1,1,256,0.115000,1,"clFinish_profiled"
"OpenCL","COMPUTE","ffn_moe_argsort-12","ARGSORT","i32",-1,5,-1,64,1,1,1,256,0.119948,1,"clFinish_profiled"
"OpenCL","COMPUTE","ffn_moe_weights-12","GET_ROWS","f32",-1,7,-1,1,8,1,1,32,0.113490,1,"clFinish_profiled"
"CPU_Elastic","COMPUTE_GRAPH","ggml_cgraph","GRAPH","",-1,21,-1,0,0,0,0,0,1.009791,1,"delegate_cpu_graph"
"CPU_Elastic","COMPUTE_GRAPH","ggml_cgraph","GRAPH","",-1,1,-1,0,0,0,0,0,0.081563,1,"delegate_cpu_graph"
"OpenCL","COMPUTE","Qcur-13","ROPE","f32",-1,3,-1,128,16,1,1,8192,0.124479,1,"clFinish_profiled"
"CPU_Elastic","COMPUTE_GRAPH","ggml_cgraph","GRAPH","",-1,1,-1,0,0,0,0,0,0.080989,1,"delegate_cpu_graph"
"OpenCL","COMPUTE","Kcur-13","ROPE","f32",-1,3,-1,128,16,1,1,8192,0.122083,1,"clFinish_profiled"
"OpenCL","COMPUTE","Vcur-13","MUL_MAT","f32",-1,4,-1,2048,1,1,1,8192,0.265625,1,"clFinish_profiled"
"OpenCL","COMPUTE","cache_k_l13 (view)","SET_ROWS","f16",-1,7,-1,2048,512,1,1,2097152,0.113542,1,"clFinish_profiled"
"OpenCL","COMPUTE","cache_v_l13 (view)","SET_ROWS","f16",-1,9,-1,2048,512,1,1,2097152,0.113490,1,"clFinish_profiled"
"OpenCL","COMPUTE","__fattn__-13","FLASH_ATTN_EXT","f32",-1,16,-1,128,16,1,1,8192,0.343697,1,"clFinish_profiled"
"CPU_Elastic","COMPUTE_GRAPH","ggml_cgraph","GRAPH","",-1,2,-1,0,0,0,0,0,0.084584,1,"delegate_cpu_graph"
"OpenCL","COMPUTE","ffn_moe_logits-13","MUL_MAT","f32",-1,2,-1,64,1,1,1,256,0.127760,1,"clFinish_profiled"
"OpenCL","COMPUTE","ffn_moe_probs-13","SOFT_MAX","f32",-1,3,-1,64,1,1,1,256,0.115104,1,"clFinish_profiled"
"OpenCL","COMPUTE","ffn_moe_argsort-13","ARGSORT","i32",-1,5,-1,64,1,1,1,256,0.119167,1,"clFinish_profiled"
"OpenCL","COMPUTE","ffn_moe_weights-13","GET_ROWS","f32",-1,7,-1,1,8,1,1,32,0.113698,1,"clFinish_profiled"
"CPU_Elastic","COMPUTE_GRAPH","ggml_cgraph","GRAPH","",-1,21,-1,0,0,0,0,0,1.138437,1,"delegate_cpu_graph"
"CPU_Elastic","COMPUTE_GRAPH","ggml_cgraph","GRAPH","",-1,1,-1,0,0,0,0,0,0.080625,1,"delegate_cpu_graph"
"OpenCL","COMPUTE","Qcur-14","ROPE","f32",-1,3,-1,128,16,1,1,8192,0.125781,1,"clFinish_profiled"
"CPU_Elastic","COMPUTE_GRAPH","ggml_cgraph","GRAPH","",-1,1,-1,0,0,0,0,0,0.081406,1,"delegate_cpu_graph"
"OpenCL","COMPUTE","Kcur-14","ROPE","f32",-1,3,-1,128,16,1,1,8192,0.119792,1,"clFinish_profiled"
"OpenCL","COMPUTE","Vcur-14","MUL_MAT","f32",-1,4,-1,2048,1,1,1,8192,0.265573,1,"clFinish_profiled"
"OpenCL","COMPUTE","cache_k_l14 (view)","SET_ROWS","f16",-1,7,-1,2048,512,1,1,2097152,0.114114,1,"clFinish_profiled"
"OpenCL","COMPUTE","cache_v_l14 (view)","SET_ROWS","f16",-1,9,-1,2048,512,1,1,2097152,0.111875,1,"clFinish_profiled"
"OpenCL","COMPUTE","__fattn__-14","FLASH_ATTN_EXT","f32",-1,16,-1,128,16,1,1,8192,0.351250,1,"clFinish_profiled"
"CPU_Elastic","COMPUTE_GRAPH","ggml_cgraph","GRAPH","",-1,2,-1,0,0,0,0,0,0.083802,1,"delegate_cpu_graph"
"OpenCL","COMPUTE","ffn_moe_logits-14","MUL_MAT","f32",-1,2,-1,64,1,1,1,256,0.127969,1,"clFinish_profiled"
"OpenCL","COMPUTE","ffn_moe_probs-14","SOFT_MAX","f32",-1,3,-1,64,1,1,1,256,0.114896,1,"clFinish_profiled"
"OpenCL","COMPUTE","ffn_moe_argsort-14","ARGSORT","i32",-1,5,-1,64,1,1,1,256,0.121407,1,"clFinish_profiled"
"OpenCL","COMPUTE","ffn_moe_weights-14","GET_ROWS","f32",-1,7,-1,1,8,1,1,32,0.110885,1,"clFinish_profiled"
"CPU_Elastic","COMPUTE_GRAPH","ggml_cgraph","GRAPH","",-1,21,-1,0,0,0,0,0,1.156875,1,"delegate_cpu_graph"
"CPU_Elastic","COMPUTE_GRAPH","ggml_cgraph","GRAPH","",-1,1,-1,0,0,0,0,0,0.080521,1,"delegate_cpu_graph"
"OpenCL","COMPUTE","Qcur-15","ROPE","f32",-1,3,-1,128,16,1,1,8192,0.124687,1,"clFinish_profiled"
"CPU_Elastic","COMPUTE_GRAPH","ggml_cgraph","GRAPH","",-1,1,-1,0,0,0,0,0,0.082708,1,"delegate_cpu_graph"
"OpenCL","COMPUTE","Kcur-15","ROPE","f32",-1,3,-1,128,16,1,1,8192,0.132656,1,"clFinish_profiled"
"OpenCL","COMPUTE","Vcur-15","MUL_MAT","f32",-1,4,-1,2048,1,1,1,8192,0.265573,1,"clFinish_profiled"
"OpenCL","COMPUTE","cache_k_l15 (view)","SET_ROWS","f16",-1,7,-1,2048,512,1,1,2097152,0.112448,1,"clFinish_profiled"
"OpenCL","COMPUTE","cache_v_l15 (view)","SET_ROWS","f16",-1,9,-1,2048,512,1,1,2097152,0.112656,1,"clFinish_profiled"
"OpenCL","COMPUTE","__fattn__-15","FLASH_ATTN_EXT","f32",-1,16,-1,128,16,1,1,8192,0.321198,1,"clFinish_profiled"
"CPU_Elastic","COMPUTE_GRAPH","ggml_cgraph","GRAPH","",-1,4,-1,0,0,0,0,0,0.086562,1,"delegate_cpu_graph"
"OpenCL","COMPUTE","ffn_moe_logits-15","MUL_MAT","f32",-1,2,-1,64,1,1,1,256,0.126406,1,"clFinish_profiled"
"OpenCL","COMPUTE","ffn_moe_probs-15","SOFT_MAX","f32",-1,3,-1,64,1,1,1,256,0.113541,1,"clFinish_profiled"
"OpenCL","COMPUTE","ffn_moe_argsort-15","ARGSORT","i32",-1,5,-1,64,1,1,1,256,0.120521,1,"clFinish_profiled"
"OpenCL","COMPUTE","ffn_moe_weights-15","GET_ROWS","f32",-1,7,-1,1,8,1,1,32,0.109114,1,"clFinish_profiled"
"CPU_Elastic","COMPUTE_GRAPH","ggml_cgraph","GRAPH","",-1,22,-1,0,0,0,0,0,1.160469,1,"delegate_cpu_graph"
"OpenCL","COMPUTE","result_norm","MUL","f32",-1,0,-1,2048,1,1,1,8192,0.334688,1,"clFinish_profiled"
"OpenCL","COMPUTE","result_output","MUL_MAT","f32",-1,1,-1,50304,1,1,1,201216,3.837188,1,"clFinish_profiled"
"CPU_Elastic","COMPUTE_GRAPH","ggml_cgraph","GRAPH","",-1,1,-1,0,0,0,0,0,0.003646,1,"delegate_cpu_graph"
"CPU_Elastic","COMPUTE_GRAPH","ggml_cgraph","GRAPH","",-1,1,-1,0,0,0,0,0,0.082552,1,"delegate_cpu_graph"
"OpenCL","COMPUTE","Qcur-0","ROPE","f32",-1,3,-1,128,16,1,1,8192,0.139687,1,"clFinish_profiled"
"CPU_Elastic","COMPUTE_GRAPH","ggml_cgraph","GRAPH","",-1,1,-1,0,0,0,0,0,0.082187,1,"delegate_cpu_graph"
"OpenCL","COMPUTE","Kcur-0","ROPE","f32",-1,3,-1,128,16,1,1,8192,0.132657,1,"clFinish_profiled"
"OpenCL","COMPUTE","Vcur-0","MUL_MAT","f32",-1,4,-1,2048,1,1,1,8192,0.279271,1,"clFinish_profiled"
"OpenCL","COMPUTE","cache_k_l0 (view)","SET_ROWS","f16",-1,7,-1,2048,512,1,1,2097152,0.113906,1,"clFinish_profiled"
"OpenCL","COMPUTE","cache_v_l0 (view)","SET_ROWS","f16",-1,9,-1,2048,512,1,1,2097152,0.148906,1,"clFinish_profiled"
"OpenCL","COMPUTE"," (copy)","CPY","f16",-1,16,-1,256,64,1,1,32768,0.121041,1,"clFinish_profiled"
"OpenCL","COMPUTE","__fattn__-0","FLASH_ATTN_EXT","f32",-1,17,-1,128,16,1,1,8192,0.326980,1,"clFinish_profiled"
"CPU_Elastic","COMPUTE_GRAPH","ggml_cgraph","GRAPH","",-1,2,-1,0,0,0,0,0,0.085312,1,"delegate_cpu_graph"
"OpenCL","COMPUTE","ffn_moe_logits-0","MUL_MAT","f32",-1,2,-1,64,1,1,1,256,0.128020,1,"clFinish_profiled"
"OpenCL","COMPUTE","ffn_moe_probs-0","SOFT_MAX","f32",-1,3,-1,64,1,1,1,256,0.115364,1,"clFinish_profiled"
"OpenCL","COMPUTE","ffn_moe_argsort-0","ARGSORT","i32",-1,5,-1,64,1,1,1,256,0.119739,1,"clFinish_profiled"
"OpenCL","COMPUTE","ffn_moe_weights-0","GET_ROWS","f32",-1,7,-1,1,8,1,1,32,0.110469,1,"clFinish_profiled"
"CPU_Elastic","COMPUTE_GRAPH","ggml_cgraph","GRAPH","",-1,21,-1,0,0,0,0,0,1.160364,1,"delegate_cpu_graph"
"CPU_Elastic","COMPUTE_GRAPH","ggml_cgraph","GRAPH","",-1,1,-1,0,0,0,0,0,0.081197,1,"delegate_cpu_graph"
"OpenCL","COMPUTE","Qcur-1","ROPE","f32",-1,3,-1,128,16,1,1,8192,0.128438,1,"clFinish_profiled"
"CPU_Elastic","COMPUTE_GRAPH","ggml_cgraph","GRAPH","",-1,1,-1,0,0,0,0,0,0.080885,1,"delegate_cpu_graph"
"OpenCL","COMPUTE","Kcur-1","ROPE","f32",-1,3,-1,128,16,1,1,8192,0.117917,1,"clFinish_profiled"
"OpenCL","COMPUTE","Vcur-1","MUL_MAT","f32",-1,4,-1,2048,1,1,1,8192,0.266822,1,"clFinish_profiled"
"OpenCL","COMPUTE","cache_k_l1 (view)","SET_ROWS","f16",-1,7,-1,2048,512,1,1,2097152,0.112135,1,"clFinish_profiled"
"OpenCL","COMPUTE","cache_v_l1 (view)","SET_ROWS","f16",-1,9,-1,2048,512,1,1,2097152,0.113802,1,"clFinish_profiled"
"OpenCL","COMPUTE","__fattn__-1","FLASH_ATTN_EXT","f32",-1,16,-1,128,16,1,1,8192,0.324219,1,"clFinish_profiled"
"CPU_Elastic","COMPUTE_GRAPH","ggml_cgraph","GRAPH","",-1,2,-1,0,0,0,0,0,0.084167,1,"delegate_cpu_graph"
"OpenCL","COMPUTE","ffn_moe_logits-1","MUL_MAT","f32",-1,2,-1,64,1,1,1,256,0.139583,1,"clFinish_profiled"
"OpenCL","COMPUTE","ffn_moe_probs-1","SOFT_MAX","f32",-1,3,-1,64,1,1,1,256,0.114844,1,"clFinish_profiled"
"OpenCL","COMPUTE","ffn_moe_argsort-1","ARGSORT","i32",-1,5,-1,64,1,1,1,256,0.131042,1,"clFinish_profiled"
"OpenCL","COMPUTE","ffn_moe_weights-1","GET_ROWS","f32",-1,7,-1,1,8,1,1,32,0.125625,1,"clFinish_profiled"
"CPU_Elastic","COMPUTE_GRAPH","ggml_cgraph","GRAPH","",-1,21,-1,0,0,0,0,0,1.131875,1,"delegate_cpu_graph"
"CPU_Elastic","COMPUTE_GRAPH","ggml_cgraph","GRAPH","",-1,1,-1,0,0,0,0,0,0.088437,1,"delegate_cpu_graph"
"OpenCL","COMPUTE","Qcur-2","ROPE","f32",-1,3,-1,128,16,1,1,8192,0.124531,1,"clFinish_profiled"
"CPU_Elastic","COMPUTE_GRAPH","ggml_cgraph","GRAPH","",-1,1,-1,0,0,0,0,0,0.081354,1,"delegate_cpu_graph"
"OpenCL","COMPUTE","Kcur-2","ROPE","f32",-1,3,-1,128,16,1,1,8192,0.119427,1,"clFinish_profiled"
"CPU_Elastic","COMPUTE_GRAPH","ggml_cgraph","GRAPH","",-1,3,-1,0,0,0,0,0,0.082084,1,"delegate_cpu_graph"
"OpenCL","COMPUTE","cache_k_l2 (view)","SET_ROWS","f16",-1,0,-1,2048,512,1,1,2097152,0.113230,1,"clFinish_profiled"
"OpenCL","COMPUTE","cache_v_l2 (view)","SET_ROWS","f16",-1,2,-1,2048,512,1,1,2097152,0.112552,1,"clFinish_profiled"
"OpenCL","COMPUTE","__fattn__-2","FLASH_ATTN_EXT","f32",-1,9,-1,128,16,1,1,8192,0.327500,1,"clFinish_profiled"
"CPU_Elastic","COMPUTE_GRAPH","ggml_cgraph","GRAPH","",-1,2,-1,0,0,0,0,0,0.083958,1,"delegate_cpu_graph"
"OpenCL","COMPUTE","ffn_moe_logits-2","MUL_MAT","f32",-1,2,-1,64,1,1,1,256,0.127083,1,"clFinish_profiled"
"OpenCL","COMPUTE","ffn_moe_probs-2","SOFT_MAX","f32",-1,3,-1,64,1,1,1,256,0.116042,1,"clFinish_profiled"
"OpenCL","COMPUTE","ffn_moe_argsort-2","ARGSORT","i32",-1,5,-1,64,1,1,1,256,0.120000,1,"clFinish_profiled"
"OpenCL","COMPUTE","ffn_moe_weights-2","GET_ROWS","f32",-1,7,-1,1,8,1,1,32,0.109948,1,"clFinish_profiled"
"CPU_Elastic","COMPUTE_GRAPH","ggml_cgraph","GRAPH","",-1,21,-1,0,0,0,0,0,1.007916,1,"delegate_cpu_graph"
"CPU_Elastic","COMPUTE_GRAPH","ggml_cgraph","GRAPH","",-1,1,-1,0,0,0,0,0,0.081302,1,"delegate_cpu_graph"
"OpenCL","COMPUTE","Qcur-3","ROPE","f32",-1,3,-1,128,16,1,1,8192,0.136459,1,"clFinish_profiled"
"CPU_Elastic","COMPUTE_GRAPH","ggml_cgraph","GRAPH","",-1,1,-1,0,0,0,0,0,0.082188,1,"delegate_cpu_graph"
"OpenCL","COMPUTE","Kcur-3","ROPE","f32",-1,3,-1,128,16,1,1,8192,0.118958,1,"clFinish_profiled"
"CPU_Elastic","COMPUTE_GRAPH","ggml_cgraph","GRAPH","",-1,3,-1,0,0,0,0,0,0.084844,1,"delegate_cpu_graph"
"OpenCL","COMPUTE","cache_k_l3 (view)","SET_ROWS","f16",-1,0,-1,2048,512,1,1,2097152,0.112448,1,"clFinish_profiled"
"OpenCL","COMPUTE","cache_v_l3 (view)","SET_ROWS","f16",-1,2,-1,2048,512,1,1,2097152,0.122917,1,"clFinish_profiled"
"OpenCL","COMPUTE","__fattn__-3","FLASH_ATTN_EXT","f32",-1,9,-1,128,16,1,1,8192,0.325521,1,"clFinish_profiled"
"CPU_Elastic","COMPUTE_GRAPH","ggml_cgraph","GRAPH","",-1,2,-1,0,0,0,0,0,0.083333,1,"delegate_cpu_graph"
"OpenCL","COMPUTE","ffn_moe_logits-3","MUL_MAT","f32",-1,2,-1,64,1,1,1,256,0.126406,1,"clFinish_profiled"
"OpenCL","COMPUTE","ffn_moe_probs-3","SOFT_MAX","f32",-1,3,-1,64,1,1,1,256,0.114323,1,"clFinish_profiled"
"OpenCL","COMPUTE","ffn_moe_argsort-3","ARGSORT","i32",-1,5,-1,64,1,1,1,256,0.119532,1,"clFinish_profiled"
"OpenCL","COMPUTE","ffn_moe_weights-3","GET_ROWS","f32",-1,7,-1,1,8,1,1,32,0.111354,1,"clFinish_profiled"
"CPU_Elastic","COMPUTE_GRAPH","ggml_cgraph","GRAPH","",-1,21,-1,0,0,0,0,0,1.012188,1,"delegate_cpu_graph"
"CPU_Elastic","COMPUTE_GRAPH","ggml_cgraph","GRAPH","",-1,1,-1,0,0,0,0,0,0.082657,1,"delegate_cpu_graph"
"OpenCL","COMPUTE","Qcur-4","ROPE","f32",-1,3,-1,128,16,1,1,8192,0.125261,1,"clFinish_profiled"
"CPU_Elastic","COMPUTE_GRAPH","ggml_cgraph","GRAPH","",-1,1,-1,0,0,0,0,0,0.081145,1,"delegate_cpu_graph"
"OpenCL","COMPUTE","Kcur-4","ROPE","f32",-1,3,-1,128,16,1,1,8192,0.117500,1,"clFinish_profiled"
"OpenCL","COMPUTE","Vcur-4","MUL_MAT","f32",-1,4,-1,2048,1,1,1,8192,0.262291,1,"clFinish_profiled"
"OpenCL","COMPUTE","cache_k_l4 (view)","SET_ROWS","f16",-1,7,-1,2048,512,1,1,2097152,0.112656,1,"clFinish_profiled"
"OpenCL","COMPUTE","cache_v_l4 (view)","SET_ROWS","f16",-1,9,-1,2048,512,1,1,2097152,0.112396,1,"clFinish_profiled"
"OpenCL","COMPUTE","__fattn__-4","FLASH_ATTN_EXT","f32",-1,16,-1,128,16,1,1,8192,0.323855,1,"clFinish_profiled"
"CPU_Elastic","COMPUTE_GRAPH","ggml_cgraph","GRAPH","",-1,2,-1,0,0,0,0,0,0.083334,1,"delegate_cpu_graph"
"OpenCL","COMPUTE","ffn_moe_logits-4","MUL_MAT","f32",-1,2,-1,64,1,1,1,256,0.125781,1,"clFinish_profiled"
"OpenCL","COMPUTE","ffn_moe_probs-4","SOFT_MAX","f32",-1,3,-1,64,1,1,1,256,0.116042,1,"clFinish_profiled"
"OpenCL","COMPUTE","ffn_moe_argsort-4","ARGSORT","i32",-1,5,-1,64,1,1,1,256,0.120000,1,"clFinish_profiled"
"OpenCL","COMPUTE","ffn_moe_weights-4","GET_ROWS","f32",-1,7,-1,1,8,1,1,32,0.058750,1,"clFinish_profiled"
"CPU_Elastic","COMPUTE_GRAPH","ggml_cgraph","GRAPH","",-1,21,-1,0,0,0,0,0,1.148333,1,"delegate_cpu_graph"
"CPU_Elastic","COMPUTE_GRAPH","ggml_cgraph","GRAPH","",-1,1,-1,0,0,0,0,0,0.081354,1,"delegate_cpu_graph"
"OpenCL","COMPUTE","Qcur-5","ROPE","f32",-1,3,-1,128,16,1,1,8192,0.133802,1,"clFinish_profiled"
"CPU_Elastic","COMPUTE_GRAPH","ggml_cgraph","GRAPH","",-1,1,-1,0,0,0,0,0,0.083438,1,"delegate_cpu_graph"
"OpenCL","COMPUTE","Kcur-5","ROPE","f32",-1,3,-1,128,16,1,1,8192,0.116875,1,"clFinish_profiled"
"CPU_Elastic","COMPUTE_GRAPH","ggml_cgraph","GRAPH","",-1,3,-1,0,0,0,0,0,0.086250,1,"delegate_cpu_graph"
"OpenCL","COMPUTE","cache_k_l5 (view)","SET_ROWS","f16",-1,0,-1,2048,512,1,1,2097152,0.125365,1,"clFinish_profiled"
"OpenCL","COMPUTE","cache_v_l5 (view)","SET_ROWS","f16",-1,2,-1,2048,512,1,1,2097152,0.116042,1,"clFinish_profiled"
"OpenCL","COMPUTE","__fattn__-5","FLASH_ATTN_EXT","f32",-1,9,-1,128,16,1,1,8192,0.325833,1,"clFinish_profiled"
"CPU_Elastic","COMPUTE_GRAPH","ggml_cgraph","GRAPH","",-1,2,-1,0,0,0,0,0,0.083646,1,"delegate_cpu_graph"
"OpenCL","COMPUTE","ffn_moe_logits-5","MUL_MAT","f32",-1,2,-1,64,1,1,1,256,0.124270,1,"clFinish_profiled"
"OpenCL","COMPUTE","ffn_moe_probs-5","SOFT_MAX","f32",-1,3,-1,64,1,1,1,256,0.118646,1,"clFinish_profiled"
"OpenCL","COMPUTE","ffn_moe_argsort-5","ARGSORT","i32",-1,5,-1,64,1,1,1,256,0.121041,1,"clFinish_profiled"
"OpenCL","COMPUTE","ffn_moe_weights-5","GET_ROWS","f32",-1,7,-1,1,8,1,1,32,0.108698,1,"clFinish_profiled"
"CPU_Elastic","COMPUTE_GRAPH","ggml_cgraph","GRAPH","",-1,21,-1,0,0,0,0,0,1.024895,1,"delegate_cpu_graph"
"CPU_Elastic","COMPUTE_GRAPH","ggml_cgraph","GRAPH","",-1,1,-1,0,0,0,0,0,0.080625,1,"delegate_cpu_graph"
"OpenCL","COMPUTE","Qcur-6","ROPE","f32",-1,3,-1,128,16,1,1,8192,0.151927,1,"clFinish_profiled"
"CPU_Elastic","COMPUTE_GRAPH","ggml_cgraph","GRAPH","",-1,1,-1,0,0,0,0,0,0.084167,1,"delegate_cpu_graph"
"OpenCL","COMPUTE","Kcur-6","ROPE","f32",-1,3,-1,128,16,1,1,8192,0.132656,1,"clFinish_profiled"
"CPU_Elastic","COMPUTE_GRAPH","ggml_cgraph","GRAPH","",-1,3,-1,0,0,0,0,0,0.083021,1,"delegate_cpu_graph"
"OpenCL","COMPUTE","cache_k_l6 (view)","SET_ROWS","f16",-1,0,-1,2048,512,1,1,2097152,0.122500,1,"clFinish_profiled"
"OpenCL","COMPUTE","cache_v_l6 (view)","SET_ROWS","f16",-1,2,-1,2048,512,1,1,2097152,0.121406,1,"clFinish_profiled"
"OpenCL","COMPUTE","__fattn__-6","FLASH_ATTN_EXT","f32",-1,9,-1,128,16,1,1,8192,0.333178,1,"clFinish_profiled"
"CPU_Elastic","COMPUTE_GRAPH","ggml_cgraph","GRAPH","",-1,2,-1,0,0,0,0,0,0.096198,1,"delegate_cpu_graph"
"OpenCL","COMPUTE","ffn_moe_logits-6","MUL_MAT","f32",-1,2,-1,64,1,1,1,256,0.126303,1,"clFinish_profiled"
"OpenCL","COMPUTE","ffn_moe_probs-6","SOFT_MAX","f32",-1,3,-1,64,1,1,1,256,0.122916,1,"clFinish_profiled"
"OpenCL","COMPUTE","ffn_moe_argsort-6","ARGSORT","i32",-1,5,-1,64,1,1,1,256,0.128906,1,"clFinish_profiled"
"OpenCL","COMPUTE","ffn_moe_weights-6","GET_ROWS","f32",-1,7,-1,1,8,1,1,32,0.120104,1,"clFinish_profiled"
"CPU_Elastic","COMPUTE_GRAPH","ggml_cgraph","GRAPH","",-1,21,-1,0,0,0,0,0,1.012032,1,"delegate_cpu_graph"
"CPU_Elastic","COMPUTE_GRAPH","ggml_cgraph","GRAPH","",-1,1,-1,0,0,0,0,0,0.097083,1,"delegate_cpu_graph"
"OpenCL","COMPUTE","Qcur-7","ROPE","f32",-1,3,-1,128,16,1,1,8192,0.137135,1,"clFinish_profiled"
"CPU_Elastic","COMPUTE_GRAPH","ggml_cgraph","GRAPH","",-1,1,-1,0,0,0,0,0,0.083542,1,"delegate_cpu_graph"
"OpenCL","COMPUTE","Kcur-7","ROPE","f32",-1,3,-1,128,16,1,1,8192,0.128803,1,"clFinish_profiled"
"OpenCL","COMPUTE","Vcur-7","MUL_MAT","f32",-1,4,-1,2048,1,1,1,8192,0.278802,1,"clFinish_profiled"
"OpenCL","COMPUTE","cache_k_l7 (view)","SET_ROWS","f16",-1,7,-1,2048,512,1,1,2097152,0.122917,1,"clFinish_profiled"
"OpenCL","COMPUTE","cache_v_l7 (view)","SET_ROWS","f16",-1,9,-1,2048,512,1,1,2097152,0.120469,1,"clFinish_profiled"
"OpenCL","COMPUTE","__fattn__-7","FLASH_ATTN_EXT","f32",-1,16,-1,128,16,1,1,8192,0.336250,1,"clFinish_profiled"
"CPU_Elastic","COMPUTE_GRAPH","ggml_cgraph","GRAPH","",-1,2,-1,0,0,0,0,0,0.083750,1,"delegate_cpu_graph"
"OpenCL","COMPUTE","ffn_moe_logits-7","MUL_MAT","f32",-1,2,-1,64,1,1,1,256,0.134895,1,"clFinish_profiled"
"OpenCL","COMPUTE","ffn_moe_probs-7","SOFT_MAX","f32",-1,3,-1,64,1,1,1,256,0.126875,1,"clFinish_profiled"
"OpenCL","COMPUTE","ffn_moe_argsort-7","ARGSORT","i32",-1,5,-1,64,1,1,1,256,0.131771,1,"clFinish_profiled"
"OpenCL","COMPUTE","ffn_moe_weights-7","GET_ROWS","f32",-1,7,-1,1,8,1,1,32,0.118282,1,"clFinish_profiled"
"CPU_Elastic","COMPUTE_GRAPH","ggml_cgraph","GRAPH","",-1,21,-1,0,0,0,0,0,1.132812,1,"delegate_cpu_graph"
"CPU_Elastic","COMPUTE_GRAPH","ggml_cgraph","GRAPH","",-1,1,-1,0,0,0,0,0,0.080677,1,"delegate_cpu_graph"
"OpenCL","COMPUTE","Qcur-8","ROPE","f32",-1,3,-1,128,16,1,1,8192,0.135990,1,"clFinish_profiled"
"CPU_Elastic","COMPUTE_GRAPH","ggml_cgraph","GRAPH","",-1,1,-1,0,0,0,0,0,0.083438,1,"delegate_cpu_graph"
"OpenCL","COMPUTE","Kcur-8","ROPE","f32",-1,3,-1,128,16,1,1,8192,0.127761,1,"clFinish_profiled"
"CPU_Elastic","COMPUTE_GRAPH","ggml_cgraph","GRAPH","",-1,3,-1,0,0,0,0,0,0.084323,1,"delegate_cpu_graph"
"OpenCL","COMPUTE","cache_k_l8 (view)","SET_ROWS","f16",-1,0,-1,2048,512,1,1,2097152,0.130520,1,"clFinish_profiled"
"OpenCL","COMPUTE","cache_v_l8 (view)","SET_ROWS","f16",-1,2,-1,2048,512,1,1,2097152,0.123177,1,"clFinish_profiled"
"OpenCL","COMPUTE","__fattn__-8","FLASH_ATTN_EXT","f32",-1,9,-1,128,16,1,1,8192,0.335052,1,"clFinish_profiled"
"CPU_Elastic","COMPUTE_GRAPH","ggml_cgraph","GRAPH","",-1,2,-1,0,0,0,0,0,0.082761,1,"delegate_cpu_graph"
"OpenCL","COMPUTE","ffn_moe_logits-8","MUL_MAT","f32",-1,2,-1,64,1,1,1,256,0.137916,1,"clFinish_profiled"
"OpenCL","COMPUTE","ffn_moe_probs-8","SOFT_MAX","f32",-1,3,-1,64,1,1,1,256,0.123489,1,"clFinish_profiled"
"OpenCL","COMPUTE","ffn_moe_argsort-8","ARGSORT","i32",-1,5,-1,64,1,1,1,256,0.129792,1,"clFinish_profiled"
"OpenCL","COMPUTE","ffn_moe_weights-8","GET_ROWS","f32",-1,7,-1,1,8,1,1,32,0.119948,1,"clFinish_profiled"
"CPU_Elastic","COMPUTE_GRAPH","ggml_cgraph","GRAPH","",-1,21,-1,0,0,0,0,0,1.010833,1,"delegate_cpu_graph"
"CPU_Elastic","COMPUTE_GRAPH","ggml_cgraph","GRAPH","",-1,1,-1,0,0,0,0,0,0.083230,1,"delegate_cpu_graph"
"OpenCL","COMPUTE","Qcur-9","ROPE","f32",-1,3,-1,128,16,1,1,8192,0.134063,1,"clFinish_profiled"
"CPU_Elastic","COMPUTE_GRAPH","ggml_cgraph","GRAPH","",-1,1,-1,0,0,0,0,0,0.081145,1,"delegate_cpu_graph"
"OpenCL","COMPUTE","Kcur-9","ROPE","f32",-1,3,-1,128,16,1,1,8192,0.129688,1,"clFinish_profiled"
"CPU_Elastic","COMPUTE_GRAPH","ggml_cgraph","GRAPH","",-1,3,-1,0,0,0,0,0,0.082396,1,"delegate_cpu_graph"
"OpenCL","COMPUTE","cache_k_l9 (view)","SET_ROWS","f16",-1,0,-1,2048,512,1,1,2097152,0.121094,1,"clFinish_profiled"
"OpenCL","COMPUTE","cache_v_l9 (view)","SET_ROWS","f16",-1,2,-1,2048,512,1,1,2097152,0.120625,1,"clFinish_profiled"
"OpenCL","COMPUTE","__fattn__-9","FLASH_ATTN_EXT","f32",-1,9,-1,128,16,1,1,8192,0.335625,1,"clFinish_profiled"
"CPU_Elastic","COMPUTE_GRAPH","ggml_cgraph","GRAPH","",-1,2,-1,0,0,0,0,0,0.083854,1,"delegate_cpu_graph"
"OpenCL","COMPUTE","ffn_moe_logits-9","MUL_MAT","f32",-1,2,-1,64,1,1,1,256,0.152240,1,"clFinish_profiled"
"OpenCL","COMPUTE","ffn_moe_probs-9","SOFT_MAX","f32",-1,3,-1,64,1,1,1,256,0.114531,1,"clFinish_profiled"
"OpenCL","COMPUTE","ffn_moe_argsort-9","ARGSORT","i32",-1,5,-1,64,1,1,1,256,0.120989,1,"clFinish_profiled"
"OpenCL","COMPUTE","ffn_moe_weights-9","GET_ROWS","f32",-1,7,-1,1,8,1,1,32,0.120052,1,"clFinish_profiled"
"CPU_Elastic","COMPUTE_GRAPH","ggml_cgraph","GRAPH","",-1,21,-1,0,0,0,0,0,1.014167,1,"delegate_cpu_graph"
"CPU_Elastic","COMPUTE_GRAPH","ggml_cgraph","GRAPH","",-1,1,-1,0,0,0,0,0,0.081355,1,"delegate_cpu_graph"
"OpenCL","COMPUTE","Qcur-10","ROPE","f32",-1,3,-1,128,16,1,1,8192,0.139427,1,"clFinish_profiled"
"CPU_Elastic","COMPUTE_GRAPH","ggml_cgraph","GRAPH","",-1,1,-1,0,0,0,0,0,0.084011,1,"delegate_cpu_graph"
"OpenCL","COMPUTE","Kcur-10","ROPE","f32",-1,3,-1,128,16,1,1,8192,0.130000,1,"clFinish_profiled"
"OpenCL","COMPUTE","Vcur-10","MUL_MAT","f32",-1,4,-1,2048,1,1,1,8192,0.272448,1,"clFinish_profiled"
"OpenCL","COMPUTE","cache_k_l10 (view)","SET_ROWS","f16",-1,7,-1,2048,512,1,1,2097152,0.125052,1,"clFinish_profiled"
"OpenCL","COMPUTE","cache_v_l10 (view)","SET_ROWS","f16",-1,9,-1,2048,512,1,1,2097152,0.122865,1,"clFinish_profiled"
"OpenCL","COMPUTE","__fattn__-10","FLASH_ATTN_EXT","f32",-1,16,-1,128,16,1,1,8192,0.335989,1,"clFinish_profiled"
"CPU_Elastic","COMPUTE_GRAPH","ggml_cgraph","GRAPH","",-1,2,-1,0,0,0,0,0,0.083646,1,"delegate_cpu_graph"
"OpenCL","COMPUTE","ffn_moe_logits-10","MUL_MAT","f32",-1,2,-1,64,1,1,1,256,0.135469,1,"clFinish_profiled"
"OpenCL","COMPUTE","ffn_moe_probs-10","SOFT_MAX","f32",-1,3,-1,64,1,1,1,256,0.126927,1,"clFinish_profiled"
"OpenCL","COMPUTE","ffn_moe_argsort-10","ARGSORT","i32",-1,5,-1,64,1,1,1,256,0.128698,1,"clFinish_profiled"
"OpenCL","COMPUTE","ffn_moe_weights-10","GET_ROWS","f32",-1,7,-1,1,8,1,1,32,0.118802,1,"clFinish_profiled"
"CPU_Elastic","COMPUTE_GRAPH","ggml_cgraph","GRAPH","",-1,21,-1,0,0,0,0,0,1.148073,1,"delegate_cpu_graph"
"CPU_Elastic","COMPUTE_GRAPH","ggml_cgraph","GRAPH","",-1,1,-1,0,0,0,0,0,0.082865,1,"delegate_cpu_graph"
"OpenCL","COMPUTE","Qcur-11","ROPE","f32",-1,3,-1,128,16,1,1,8192,0.137291,1,"clFinish_profiled"
"CPU_Elastic","COMPUTE_GRAPH","ggml_cgraph","GRAPH","",-1,1,-1,0,0,0,0,0,0.084115,1,"delegate_cpu_graph"
"OpenCL","COMPUTE","Kcur-11","ROPE","f32",-1,3,-1,128,16,1,1,8192,0.128490,1,"clFinish_profiled"
"CPU_Elastic","COMPUTE_GRAPH","ggml_cgraph","GRAPH","",-1,3,-1,0,0,0,0,0,0.085573,1,"delegate_cpu_graph"
"OpenCL","COMPUTE","cache_k_l11 (view)","SET_ROWS","f16",-1,0,-1,2048,512,1,1,2097152,0.121354,1,"clFinish_profiled"
"OpenCL","COMPUTE","cache_v_l11 (view)","SET_ROWS","f16",-1,2,-1,2048,512,1,1,2097152,0.120990,1,"clFinish_profiled"
"OpenCL","COMPUTE","__fattn__-11","FLASH_ATTN_EXT","f32",-1,9,-1,128,16,1,1,8192,0.335313,1,"clFinish_profiled"
"CPU_Elastic","COMPUTE_GRAPH","ggml_cgraph","GRAPH","",-1,2,-1,0,0,0,0,0,0.083906,1,"delegate_cpu_graph"
"OpenCL","COMPUTE","ffn_moe_logits-11","MUL_MAT","f32",-1,2,-1,64,1,1,1,256,0.136875,1,"clFinish_profiled"
"OpenCL","COMPUTE","ffn_moe_probs-11","SOFT_MAX","f32",-1,3,-1,64,1,1,1,256,0.124948,1,"clFinish_profiled"
"OpenCL","COMPUTE","ffn_moe_argsort-11","ARGSORT","i32",-1,5,-1,64,1,1,1,256,0.123020,1,"clFinish_profiled"
"OpenCL","COMPUTE","ffn_moe_weights-11","GET_ROWS","f32",-1,7,-1,1,8,1,1,32,0.113489,1,"clFinish_profiled"
"CPU_Elastic","COMPUTE_GRAPH","ggml_cgraph","GRAPH","",-1,21,-1,0,0,0,0,0,1.019791,1,"delegate_cpu_graph"
"CPU_Elastic","COMPUTE_GRAPH","ggml_cgraph","GRAPH","",-1,1,-1,0,0,0,0,0,0.080990,1,"delegate_cpu_graph"
"OpenCL","COMPUTE","Qcur-12","ROPE","f32",-1,3,-1,128,16,1,1,8192,0.135729,1,"clFinish_profiled"
"CPU_Elastic","COMPUTE_GRAPH","ggml_cgraph","GRAPH","",-1,1,-1,0,0,0,0,0,0.084271,1,"delegate_cpu_graph"
"OpenCL","COMPUTE","Kcur-12","ROPE","f32",-1,3,-1,128,16,1,1,8192,0.131979,1,"clFinish_profiled"
"CPU_Elastic","COMPUTE_GRAPH","ggml_cgraph","GRAPH","",-1,3,-1,0,0,0,0,0,0.085469,1,"delegate_cpu_graph"
"OpenCL","COMPUTE","cache_k_l12 (view)","SET_ROWS","f16",-1,0,-1,2048,512,1,1,2097152,0.119948,1,"clFinish_profiled"
"OpenCL","COMPUTE","cache_v_l12 (view)","SET_ROWS","f16",-1,2,-1,2048,512,1,1,2097152,0.157448,1,"clFinish_profiled"
"OpenCL","COMPUTE","__fattn__-12","FLASH_ATTN_EXT","f32",-1,9,-1,128,16,1,1,8192,0.333750,1,"clFinish_profiled"
"CPU_Elastic","COMPUTE_GRAPH","ggml_cgraph","GRAPH","",-1,2,-1,0,0,0,0,0,0.083593,1,"delegate_cpu_graph"
"OpenCL","COMPUTE","ffn_moe_logits-12","MUL_MAT","f32",-1,2,-1,64,1,1,1,256,0.131042,1,"clFinish_profiled"
"OpenCL","COMPUTE","ffn_moe_probs-12","SOFT_MAX","f32",-1,3,-1,64,1,1,1,256,0.123385,1,"clFinish_profiled"
"OpenCL","COMPUTE","ffn_moe_argsort-12","ARGSORT","i32",-1,5,-1,64,1,1,1,256,0.133593,1,"clFinish_profiled"
"OpenCL","COMPUTE","ffn_moe_weights-12","GET_ROWS","f32",-1,7,-1,1,8,1,1,32,0.121250,1,"clFinish_profiled"
"CPU_Elastic","COMPUTE_GRAPH","ggml_cgraph","GRAPH","",-1,21,-1,0,0,0,0,0,1.022969,1,"delegate_cpu_graph"
"CPU_Elastic","COMPUTE_GRAPH","ggml_cgraph","GRAPH","",-1,1,-1,0,0,0,0,0,0.083385,1,"delegate_cpu_graph"
"OpenCL","COMPUTE","Qcur-13","ROPE","f32",-1,3,-1,128,16,1,1,8192,0.135313,1,"clFinish_profiled"
"CPU_Elastic","COMPUTE_GRAPH","ggml_cgraph","GRAPH","",-1,1,-1,0,0,0,0,0,0.083750,1,"delegate_cpu_graph"
"OpenCL","COMPUTE","Kcur-13","ROPE","f32",-1,3,-1,128,16,1,1,8192,0.144844,1,"clFinish_profiled"
"OpenCL","COMPUTE","Vcur-13","MUL_MAT","f32",-1,4,-1,2048,1,1,1,8192,0.276094,1,"clFinish_profiled"
"OpenCL","COMPUTE","cache_k_l13 (view)","SET_ROWS","f16",-1,7,-1,2048,512,1,1,2097152,0.124688,1,"clFinish_profiled"
"OpenCL","COMPUTE","cache_v_l13 (view)","SET_ROWS","f16",-1,9,-1,2048,512,1,1,2097152,0.121667,1,"clFinish_profiled"
"OpenCL","COMPUTE","__fattn__-13","FLASH_ATTN_EXT","f32",-1,16,-1,128,16,1,1,8192,0.330625,1,"clFinish_profiled"
"CPU_Elastic","COMPUTE_GRAPH","ggml_cgraph","GRAPH","",-1,2,-1,0,0,0,0,0,0.085521,1,"delegate_cpu_graph"
"OpenCL","COMPUTE","ffn_moe_logits-13","MUL_MAT","f32",-1,2,-1,64,1,1,1,256,0.137656,1,"clFinish_profiled"
"OpenCL","COMPUTE","ffn_moe_probs-13","SOFT_MAX","f32",-1,3,-1,64,1,1,1,256,0.126771,1,"clFinish_profiled"
"OpenCL","COMPUTE","ffn_moe_argsort-13","ARGSORT","i32",-1,5,-1,64,1,1,1,256,0.128698,1,"clFinish_profiled"
"OpenCL","COMPUTE","ffn_moe_weights-13","GET_ROWS","f32",-1,7,-1,1,8,1,1,32,0.119271,1,"clFinish_profiled"
"CPU_Elastic","COMPUTE_GRAPH","ggml_cgraph","GRAPH","",-1,21,-1,0,0,0,0,0,1.130834,1,"delegate_cpu_graph"
"CPU_Elastic","COMPUTE_GRAPH","ggml_cgraph","GRAPH","",-1,1,-1,0,0,0,0,0,0.081562,1,"delegate_cpu_graph"
"OpenCL","COMPUTE","Qcur-14","ROPE","f32",-1,3,-1,128,16,1,1,8192,0.135625,1,"clFinish_profiled"
"CPU_Elastic","COMPUTE_GRAPH","ggml_cgraph","GRAPH","",-1,1,-1,0,0,0,0,0,0.083907,1,"delegate_cpu_graph"
"OpenCL","COMPUTE","Kcur-14","ROPE","f32",-1,3,-1,128,16,1,1,8192,0.128386,1,"clFinish_profiled"
"OpenCL","COMPUTE","Vcur-14","MUL_MAT","f32",-1,4,-1,2048,1,1,1,8192,0.273958,1,"clFinish_profiled"
"OpenCL","COMPUTE","cache_k_l14 (view)","SET_ROWS","f16",-1,7,-1,2048,512,1,1,2097152,0.122187,1,"clFinish_profiled"
"OpenCL","COMPUTE","cache_v_l14 (view)","SET_ROWS","f16",-1,9,-1,2048,512,1,1,2097152,0.142916,1,"clFinish_profiled"
"OpenCL","COMPUTE","__fattn__-14","FLASH_ATTN_EXT","f32",-1,16,-1,128,16,1,1,8192,0.332291,1,"clFinish_profiled"
"CPU_Elastic","COMPUTE_GRAPH","ggml_cgraph","GRAPH","",-1,2,-1,0,0,0,0,0,0.083490,1,"delegate_cpu_graph"
"OpenCL","COMPUTE","ffn_moe_logits-14","MUL_MAT","f32",-1,2,-1,64,1,1,1,256,0.137657,1,"clFinish_profiled"
"OpenCL","COMPUTE","ffn_moe_probs-14","SOFT_MAX","f32",-1,3,-1,64,1,1,1,256,0.125260,1,"clFinish_profiled"
"OpenCL","COMPUTE","ffn_moe_argsort-14","ARGSORT","i32",-1,5,-1,64,1,1,1,256,0.128334,1,"clFinish_profiled"
"OpenCL","COMPUTE","ffn_moe_weights-14","GET_ROWS","f32",-1,7,-1,1,8,1,1,32,0.119219,1,"clFinish_profiled"
"CPU_Elastic","COMPUTE_GRAPH","ggml_cgraph","GRAPH","",-1,21,-1,0,0,0,0,0,1.134375,1,"delegate_cpu_graph"
"CPU_Elastic","COMPUTE_GRAPH","ggml_cgraph","GRAPH","",-1,1,-1,0,0,0,0,0,0.084115,1,"delegate_cpu_graph"
"OpenCL","COMPUTE","Qcur-15","ROPE","f32",-1,3,-1,128,16,1,1,8192,0.135364,1,"clFinish_profiled"
"CPU_Elastic","COMPUTE_GRAPH","ggml_cgraph","GRAPH","",-1,1,-1,0,0,0,0,0,0.084010,1,"delegate_cpu_graph"
"OpenCL","COMPUTE","Kcur-15","ROPE","f32",-1,3,-1,128,16,1,1,8192,0.129375,1,"clFinish_profiled"
"OpenCL","COMPUTE","Vcur-15","MUL_MAT","f32",-1,4,-1,2048,1,1,1,8192,0.274844,1,"clFinish_profiled"
"OpenCL","COMPUTE","cache_k_l15 (view)","SET_ROWS","f16",-1,7,-1,2048,512,1,1,2097152,0.122761,1,"clFinish_profiled"
"OpenCL","COMPUTE","cache_v_l15 (view)","SET_ROWS","f16",-1,9,-1,2048,512,1,1,2097152,0.122552,1,"clFinish_profiled"
"OpenCL","COMPUTE","__fattn__-15","FLASH_ATTN_EXT","f32",-1,16,-1,128,16,1,1,8192,0.335937,1,"clFinish_profiled"
"CPU_Elastic","COMPUTE_GRAPH","ggml_cgraph","GRAPH","",-1,4,-1,0,0,0,0,0,0.097864,1,"delegate_cpu_graph"
"OpenCL","COMPUTE","ffn_moe_logits-15","MUL_MAT","f32",-1,2,-1,64,1,1,1,256,0.135260,1,"clFinish_profiled"
"OpenCL","COMPUTE","ffn_moe_probs-15","SOFT_MAX","f32",-1,3,-1,64,1,1,1,256,0.122916,1,"clFinish_profiled"
"OpenCL","COMPUTE","ffn_moe_argsort-15","ARGSORT","i32",-1,5,-1,64,1,1,1,256,0.128438,1,"clFinish_profiled"
"OpenCL","COMPUTE","ffn_moe_weights-15","GET_ROWS","f32",-1,7,-1,1,8,1,1,32,0.120677,1,"clFinish_profiled"
"CPU_Elastic","COMPUTE_GRAPH","ggml_cgraph","GRAPH","",-1,22,-1,0,0,0,0,0,1.151563,1,"delegate_cpu_graph"
"OpenCL","COMPUTE","result_norm","MUL","f32",-1,0,-1,2048,1,1,1,8192,0.344844,1,"clFinish_profiled"
"OpenCL","COMPUTE","result_output","MUL_MAT","f32",-1,1,-1,50304,1,1,1,201216,3.840208,1,"clFinish_profiled"
"CPU_Elastic","COMPUTE_GRAPH","ggml_cgraph","GRAPH","",-1,1,-1,0,0,0,0,0,0.003594,1,"delegate_cpu_graph"
"CPU_Elastic","COMPUTE_GRAPH","ggml_cgraph","GRAPH","",-1,1,-1,0,0,0,0,0,0.084843,1,"delegate_cpu_graph"
"OpenCL","COMPUTE","Qcur-0","ROPE","f32",-1,3,-1,128,16,1,1,8192,0.124063,1,"clFinish_profiled"
"CPU_Elastic","COMPUTE_GRAPH","ggml_cgraph","GRAPH","",-1,1,-1,0,0,0,0,0,0.084375,1,"delegate_cpu_graph"
"OpenCL","COMPUTE","Kcur-0","ROPE","f32",-1,3,-1,128,16,1,1,8192,0.123177,1,"clFinish_profiled"
"OpenCL","COMPUTE","Vcur-0","MUL_MAT","f32",-1,4,-1,2048,1,1,1,8192,0.273385,1,"clFinish_profiled"
"OpenCL","COMPUTE","cache_k_l0 (view)","SET_ROWS","f16",-1,7,-1,2048,512,1,1,2097152,0.140521,1,"clFinish_profiled"
"OpenCL","COMPUTE","cache_v_l0 (view)","SET_ROWS","f16",-1,9,-1,2048,512,1,1,2097152,0.136250,1,"clFinish_profiled"
"OpenCL","COMPUTE"," (copy)","CPY","f16",-1,16,-1,256,64,1,1,32768,0.119010,1,"clFinish_profiled"
"OpenCL","COMPUTE","__fattn__-0","FLASH_ATTN_EXT","f32",-1,17,-1,128,16,1,1,8192,0.332709,1,"clFinish_profiled"
"CPU_Elastic","COMPUTE_GRAPH","ggml_cgraph","GRAPH","",-1,2,-1,0,0,0,0,0,0.083958,1,"delegate_cpu_graph"
"OpenCL","COMPUTE","ffn_moe_logits-0","MUL_MAT","f32",-1,2,-1,64,1,1,1,256,0.136146,1,"clFinish_profiled"
"OpenCL","COMPUTE","ffn_moe_probs-0","SOFT_MAX","f32",-1,3,-1,64,1,1,1,256,0.128802,1,"clFinish_profiled"
"OpenCL","COMPUTE","ffn_moe_argsort-0","ARGSORT","i32",-1,5,-1,64,1,1,1,256,0.131145,1,"clFinish_profiled"
"OpenCL","COMPUTE","ffn_moe_weights-0","GET_ROWS","f32",-1,7,-1,1,8,1,1,32,0.121511,1,"clFinish_profiled"
"CPU_Elastic","COMPUTE_GRAPH","ggml_cgraph","GRAPH","",-1,21,-1,0,0,0,0,0,1.153802,1,"delegate_cpu_graph"
"CPU_Elastic","COMPUTE_GRAPH","ggml_cgraph","GRAPH","",-1,1,-1,0,0,0,0,0,0.080937,1,"delegate_cpu_graph"
"OpenCL","COMPUTE","Qcur-1","ROPE","f32",-1,3,-1,128,16,1,1,8192,0.136302,1,"clFinish_profiled"
"CPU_Elastic","COMPUTE_GRAPH","ggml_cgraph","GRAPH","",-1,1,-1,0,0,0,0,0,0.081354,1,"delegate_cpu_graph"
"OpenCL","COMPUTE","Kcur-1","ROPE","f32",-1,3,-1,128,16,1,1,8192,0.131927,1,"clFinish_profiled"
"OpenCL","COMPUTE","Vcur-1","MUL_MAT","f32",-1,4,-1,2048,1,1,1,8192,0.278021,1,"clFinish_profiled"
"OpenCL","COMPUTE","cache_k_l1 (view)","SET_ROWS","f16",-1,7,-1,2048,512,1,1,2097152,0.121354,1,"clFinish_profiled"
"OpenCL","COMPUTE","cache_v_l1 (view)","SET_ROWS","f16",-1,9,-1,2048,512,1,1,2097152,0.120052,1,"clFinish_profiled"
"OpenCL","COMPUTE","__fattn__-1","FLASH_ATTN_EXT","f32",-1,16,-1,128,16,1,1,8192,0.333125,1,"clFinish_profiled"
"CPU_Elastic","COMPUTE_GRAPH","ggml_cgraph","GRAPH","",-1,2,-1,0,0,0,0,0,0.083281,1,"delegate_cpu_graph"
"OpenCL","COMPUTE","ffn_moe_logits-1","MUL_MAT","f32",-1,2,-1,64,1,1,1,256,0.137448,1,"clFinish_profiled"
"OpenCL","COMPUTE","ffn_moe_probs-1","SOFT_MAX","f32",-1,3,-1,64,1,1,1,256,0.123490,1,"clFinish_profiled"
"OpenCL","COMPUTE","ffn_moe_argsort-1","ARGSORT","i32",-1,5,-1,64,1,1,1,256,0.130729,1,"clFinish_profiled"
"OpenCL","COMPUTE","ffn_moe_weights-1","GET_ROWS","f32",-1,7,-1,1,8,1,1,32,0.122239,1,"clFinish_profiled"
"CPU_Elastic","COMPUTE_GRAPH","ggml_cgraph","GRAPH","",-1,21,-1,0,0,0,0,0,1.144063,1,"delegate_cpu_graph"
"CPU_Elastic","COMPUTE_GRAPH","ggml_cgraph","GRAPH","",-1,1,-1,0,0,0,0,0,0.081459,1,"delegate_cpu_graph"
"OpenCL","COMPUTE","Qcur-2","ROPE","f32",-1,3,-1,128,16,1,1,8192,0.134479,1,"clFinish_profiled"
"CPU_Elastic","COMPUTE_GRAPH","ggml_cgraph","GRAPH","",-1,1,-1,0,0,0,0,0,0.083593,1,"delegate_cpu_graph"
"OpenCL","COMPUTE","Kcur-2","ROPE","f32",-1,3,-1,128,16,1,1,8192,0.128958,1,"clFinish_profiled"
"CPU_Elastic","COMPUTE_GRAPH","ggml_cgraph","GRAPH","",-1,3,-1,0,0,0,0,0,0.084791,1,"delegate_cpu_graph"
"OpenCL","COMPUTE","cache_k_l2 (view)","SET_ROWS","f16",-1,0,-1,2048,512,1,1,2097152,0.122865,1,"clFinish_profiled"
"OpenCL","COMPUTE","cache_v_l2 (view)","SET_ROWS","f16",-1,2,-1,2048,512,1,1,2097152,0.121458,1,"clFinish_profiled"
"OpenCL","COMPUTE","__fattn__-2","FLASH_ATTN_EXT","f32",-1,9,-1,128,16,1,1,8192,0.355833,1,"clFinish_profiled"
"CPU_Elastic","COMPUTE_GRAPH","ggml_cgraph","GRAPH","",-1,2,-1,0,0,0,0,0,0.084375,1,"delegate_cpu_graph"
"OpenCL","COMPUTE","ffn_moe_logits-2","MUL_MAT","f32",-1,2,-1,64,1,1,1,256,0.137969,1,"clFinish_profiled"
"OpenCL","COMPUTE","ffn_moe_probs-2","SOFT_MAX","f32",-1,3,-1,64,1,1,1,256,0.124688,1,"clFinish_profiled"
"OpenCL","COMPUTE","ffn_moe_argsort-2","ARGSORT","i32",-1,5,-1,64,1,1,1,256,0.128333,1,"clFinish_profiled"
"OpenCL","COMPUTE","ffn_moe_weights-2","GET_ROWS","f32",-1,7,-1,1,8,1,1,32,0.119427,1,"clFinish_profiled"
"CPU_Elastic","COMPUTE_GRAPH","ggml_cgraph","GRAPH","",-1,21,-1,0,0,0,0,0,1.031458,1,"delegate_cpu_graph"
"CPU_Elastic","COMPUTE_GRAPH","ggml_cgraph","GRAPH","",-1,1,-1,0,0,0,0,0,0.083125,1,"delegate_cpu_graph"
"OpenCL","COMPUTE","Qcur-3","ROPE","f32",-1,3,-1,128,16,1,1,8192,0.134844,1,"clFinish_profiled"
"CPU_Elastic","COMPUTE_GRAPH","ggml_cgraph","GRAPH","",-1,1,-1,0,0,0,0,0,0.083229,1,"delegate_cpu_graph"
"OpenCL","COMPUTE","Kcur-3","ROPE","f32",-1,3,-1,128,16,1,1,8192,0.124218,1,"clFinish_profiled"
"CPU_Elastic","COMPUTE_GRAPH","ggml_cgraph","GRAPH","",-1,3,-1,0,0,0,0,0,0.083385,1,"delegate_cpu_graph"
"OpenCL","COMPUTE","cache_k_l3 (view)","SET_ROWS","f16",-1,0,-1,2048,512,1,1,2097152,0.119115,1,"clFinish_profiled"
"OpenCL","COMPUTE","cache_v_l3 (view)","SET_ROWS","f16",-1,2,-1,2048,512,1,1,2097152,0.117604,1,"clFinish_profiled"
"OpenCL","COMPUTE","__fattn__-3","FLASH_ATTN_EXT","f32",-1,9,-1,128,16,1,1,8192,0.331614,1,"clFinish_profiled"
"CPU_Elastic","COMPUTE_GRAPH","ggml_cgraph","GRAPH","",-1,2,-1,0,0,0,0,0,0.083334,1,"delegate_cpu_graph"
"OpenCL","COMPUTE","ffn_moe_logits-3","MUL_MAT","f32",-1,2,-1,64,1,1,1,256,0.135521,1,"clFinish_profiled"
"OpenCL","COMPUTE","ffn_moe_probs-3","SOFT_MAX","f32",-1,3,-1,64,1,1,1,256,0.123177,1,"clFinish_profiled"
"OpenCL","COMPUTE","ffn_moe_argsort-3","ARGSORT","i32",-1,5,-1,64,1,1,1,256,0.128125,1,"clFinish_profiled"
"OpenCL","COMPUTE","ffn_moe_weights-3","GET_ROWS","f32",-1,7,-1,1,8,1,1,32,0.114583,1,"clFinish_profiled"
"CPU_Elastic","COMPUTE_GRAPH","ggml_cgraph","GRAPH","",-1,21,-1,0,0,0,0,0,1.012656,1,"delegate_cpu_graph"
"CPU_Elastic","COMPUTE_GRAPH","ggml_cgraph","GRAPH","",-1,1,-1,0,0,0,0,0,0.081667,1,"delegate_cpu_graph"
"OpenCL","COMPUTE","Qcur-4","ROPE","f32",-1,3,-1,128,16,1,1,8192,0.128281,1,"clFinish_profiled"
"CPU_Elastic","COMPUTE_GRAPH","ggml_cgraph","GRAPH","",-1,1,-1,0,0,0,0,0,0.081093,1,"delegate_cpu_graph"
"OpenCL","COMPUTE","Kcur-4","ROPE","f32",-1,3,-1,128,16,1,1,8192,0.138282,1,"clFinish_profiled"
"OpenCL","COMPUTE","Vcur-4","MUL_MAT","f32",-1,4,-1,2048,1,1,1,8192,0.273333,1,"clFinish_profiled"
"OpenCL","COMPUTE","cache_k_l4 (view)","SET_ROWS","f16",-1,7,-1,2048,512,1,1,2097152,0.120469,1,"clFinish_profiled"
"OpenCL","COMPUTE","cache_v_l4 (view)","SET_ROWS","f16",-1,9,-1,2048,512,1,1,2097152,0.154792,1,"clFinish_profiled"
"OpenCL","COMPUTE","__fattn__-4","FLASH_ATTN_EXT","f32",-1,16,-1,128,16,1,1,8192,0.334479,1,"clFinish_profiled"
"CPU_Elastic","COMPUTE_GRAPH","ggml_cgraph","GRAPH","",-1,2,-1,0,0,0,0,0,0.083229,1,"delegate_cpu_graph"
"OpenCL","COMPUTE","ffn_moe_logits-4","MUL_MAT","f32",-1,2,-1,64,1,1,1,256,0.125730,1,"clFinish_profiled"
"OpenCL","COMPUTE","ffn_moe_probs-4","SOFT_MAX","f32",-1,3,-1,64,1,1,1,256,0.113333,1,"clFinish_profiled"
"OpenCL","COMPUTE","ffn_moe_argsort-4","ARGSORT","i32",-1,5,-1,64,1,1,1,256,0.140938,1,"clFinish_profiled"
"OpenCL","COMPUTE","ffn_moe_weights-4","GET_ROWS","f32",-1,7,-1,1,8,1,1,32,0.114583,1,"clFinish_profiled"
"CPU_Elastic","COMPUTE_GRAPH","ggml_cgraph","GRAPH","",-1,21,-1,0,0,0,0,0,1.148750,1,"delegate_cpu_graph"
"CPU_Elastic","COMPUTE_GRAPH","ggml_cgraph","GRAPH","",-1,1,-1,0,0,0,0,0,0.094218,1,"delegate_cpu_graph"
"OpenCL","COMPUTE","Qcur-5","ROPE","f32",-1,3,-1,128,16,1,1,8192,0.128750,1,"clFinish_profiled"
"CPU_Elastic","COMPUTE_GRAPH","ggml_cgraph","GRAPH","",-1,1,-1,0,0,0,0,0,0.082917,1,"delegate_cpu_graph"
"OpenCL","COMPUTE","Kcur-5","ROPE","f32",-1,3,-1,128,16,1,1,8192,0.120521,1,"clFinish_profiled"
"CPU_Elastic","COMPUTE_GRAPH","ggml_cgraph","GRAPH","",-1,3,-1,0,0,0,0,0,0.083177,1,"delegate_cpu_graph"
"OpenCL","COMPUTE","cache_k_l5 (view)","SET_ROWS","f16",-1,0,-1,2048,512,1,1,2097152,0.113959,1,"clFinish_profiled"
"OpenCL","COMPUTE","cache_v_l5 (view)","SET_ROWS","f16",-1,2,-1,2048,512,1,1,2097152,0.111562,1,"clFinish_profiled"
"OpenCL","COMPUTE","__fattn__-5","FLASH_ATTN_EXT","f32",-1,9,-1,128,16,1,1,8192,0.336458,1,"clFinish_profiled"
"CPU_Elastic","COMPUTE_GRAPH","ggml_cgraph","GRAPH","",-1,2,-1,0,0,0,0,0,0.084219,1,"delegate_cpu_graph"
"OpenCL","COMPUTE","ffn_moe_logits-5","MUL_MAT","f32",-1,2,-1,64,1,1,1,256,0.125885,1,"clFinish_profiled"
"OpenCL","COMPUTE","ffn_moe_probs-5","SOFT_MAX","f32",-1,3,-1,64,1,1,1,256,0.115573,1,"clFinish_profiled"
"OpenCL","COMPUTE","ffn_moe_argsort-5","ARGSORT","i32",-1,5,-1,64,1,1,1,256,0.119896,1,"clFinish_profiled"
"OpenCL","COMPUTE","ffn_moe_weights-5","GET_ROWS","f32",-1,7,-1,1,8,1,1,32,0.114010,1,"clFinish_profiled"
"CPU_Elastic","COMPUTE_GRAPH","ggml_cgraph","GRAPH","",-1,21,-1,0,0,0,0,0,1.013281,1,"delegate_cpu_graph"
"CPU_Elastic","COMPUTE_GRAPH","ggml_cgraph","GRAPH","",-1,1,-1,0,0,0,0,0,0.083333,1,"delegate_cpu_graph"
"OpenCL","COMPUTE","Qcur-6","ROPE","f32",-1,3,-1,128,16,1,1,8192,0.124167,1,"clFinish_profiled"
"CPU_Elastic","COMPUTE_GRAPH","ggml_cgraph","GRAPH","",-1,1,-1,0,0,0,0,0,0.084531,1,"delegate_cpu_graph"
"OpenCL","COMPUTE","Kcur-6","ROPE","f32",-1,3,-1,128,16,1,1,8192,0.118334,1,"clFinish_profiled"
"CPU_Elastic","COMPUTE_GRAPH","ggml_cgraph","GRAPH","",-1,3,-1,0,0,0,0,0,0.085677,1,"delegate_cpu_graph"
"OpenCL","COMPUTE","cache_k_l6 (view)","SET_ROWS","f16",-1,0,-1,2048,512,1,1,2097152,0.114635,1,"clFinish_profiled"
"OpenCL","COMPUTE","cache_v_l6 (view)","SET_ROWS","f16",-1,2,-1,2048,512,1,1,2097152,0.112760,1,"clFinish_profiled"
"OpenCL","COMPUTE","__fattn__-6","FLASH_ATTN_EXT","f32",-1,9,-1,128,16,1,1,8192,0.322031,1,"clFinish_profiled"
"CPU_Elastic","COMPUTE_GRAPH","ggml_cgraph","GRAPH","",-1,2,-1,0,0,0,0,0,0.084844,1,"delegate_cpu_graph"
"OpenCL","COMPUTE","ffn_moe_logits-6","MUL_MAT","f32",-1,2,-1,64,1,1,1,256,0.129896,1,"clFinish_profiled"
"OpenCL","COMPUTE","ffn_moe_probs-6","SOFT_MAX","f32",-1,3,-1,64,1,1,1,256,0.114583,1,"clFinish_profiled"
"OpenCL","COMPUTE","ffn_moe_argsort-6","ARGSORT","i32",-1,5,-1,64,1,1,1,256,0.118386,1,"clFinish_profiled"
"OpenCL","COMPUTE","ffn_moe_weights-6","GET_ROWS","f32",-1,7,-1,1,8,1,1,32,0.112760,1,"clFinish_profiled"
"CPU_Elastic","COMPUTE_GRAPH","ggml_cgraph","GRAPH","",-1,21,-1,0,0,0,0,0,1.019427,1,"delegate_cpu_graph"
"CPU_Elastic","COMPUTE_GRAPH","ggml_cgraph","GRAPH","",-1,1,-1,0,0,0,0,0,0.083438,1,"delegate_cpu_graph"
"OpenCL","COMPUTE","Qcur-7","ROPE","f32",-1,3,-1,128,16,1,1,8192,0.127343,1,"clFinish_profiled"
"CPU_Elastic","COMPUTE_GRAPH","ggml_cgraph","GRAPH","",-1,1,-1,0,0,0,0,0,0.081667,1,"delegate_cpu_graph"
"OpenCL","COMPUTE","Kcur-7","ROPE","f32",-1,3,-1,128,16,1,1,8192,0.119062,1,"clFinish_profiled"
"OpenCL","COMPUTE","Vcur-7","MUL_MAT","f32",-1,4,-1,2048,1,1,1,8192,0.264427,1,"clFinish_profiled"
"OpenCL","COMPUTE","cache_k_l7 (view)","SET_ROWS","f16",-1,7,-1,2048,512,1,1,2097152,0.116042,1,"clFinish_profiled"
"OpenCL","COMPUTE","cache_v_l7 (view)","SET_ROWS","f16",-1,9,-1,2048,512,1,1,2097152,0.111615,1,"clFinish_profiled"
"OpenCL","COMPUTE","__fattn__-7","FLASH_ATTN_EXT","f32",-1,16,-1,128,16,1,1,8192,0.324635,1,"clFinish_profiled"
"CPU_Elastic","COMPUTE_GRAPH","ggml_cgraph","GRAPH","",-1,2,-1,0,0,0,0,0,0.083750,1,"delegate_cpu_graph"
"OpenCL","COMPUTE","ffn_moe_logits-7","MUL_MAT","f32",-1,2,-1,64,1,1,1,256,0.126250,1,"clFinish_profiled"
"OpenCL","COMPUTE","ffn_moe_probs-7","SOFT_MAX","f32",-1,3,-1,64,1,1,1,256,0.120625,1,"clFinish_profiled"
"OpenCL","COMPUTE","ffn_moe_argsort-7","ARGSORT","i32",-1,5,-1,64,1,1,1,256,0.123802,1,"clFinish_profiled"
"OpenCL","COMPUTE","ffn_moe_weights-7","GET_ROWS","f32",-1,7,-1,1,8,1,1,32,0.112812,1,"clFinish_profiled"
"CPU_Elastic","COMPUTE_GRAPH","ggml_cgraph","GRAPH","",-1,21,-1,0,0,0,0,0,1.145261,1,"delegate_cpu_graph"
"CPU_Elastic","COMPUTE_GRAPH","ggml_cgraph","GRAPH","",-1,1,-1,0,0,0,0,0,0.083750,1,"delegate_cpu_graph"
"OpenCL","COMPUTE","Qcur-8","ROPE","f32",-1,3,-1,128,16,1,1,8192,0.124479,1,"clFinish_profiled"
"CPU_Elastic","COMPUTE_GRAPH","ggml_cgraph","GRAPH","",-1,1,-1,0,0,0,0,0,0.081666,1,"delegate_cpu_graph"
"OpenCL","COMPUTE","Kcur-8","ROPE","f32",-1,3,-1,128,16,1,1,8192,0.118906,1,"clFinish_profiled"
"CPU_Elastic","COMPUTE_GRAPH","ggml_cgraph","GRAPH","",-1,3,-1,0,0,0,0,0,0.086094,1,"delegate_cpu_graph"
"OpenCL","COMPUTE","cache_k_l8 (view)","SET_ROWS","f16",-1,0,-1,2048,512,1,1,2097152,0.112292,1,"clFinish_profiled"
"OpenCL","COMPUTE","cache_v_l8 (view)","SET_ROWS","f16",-1,2,-1,2048,512,1,1,2097152,0.112240,1,"clFinish_profiled"
"OpenCL","COMPUTE","__fattn__-8","FLASH_ATTN_EXT","f32",-1,9,-1,128,16,1,1,8192,0.324896,1,"clFinish_profiled"
"CPU_Elastic","COMPUTE_GRAPH","ggml_cgraph","GRAPH","",-1,2,-1,0,0,0,0,0,0.083907,1,"delegate_cpu_graph"
"OpenCL","COMPUTE","ffn_moe_logits-8","MUL_MAT","f32",-1,2,-1,64,1,1,1,256,0.142812,1,"clFinish_profiled"
"OpenCL","COMPUTE","ffn_moe_probs-8","SOFT_MAX","f32",-1,3,-1,64,1,1,1,256,0.115365,1,"clFinish_profiled"
"OpenCL","COMPUTE","ffn_moe_argsort-8","ARGSORT","i32",-1,5,-1,64,1,1,1,256,0.119531,1,"clFinish_profiled"
"OpenCL","COMPUTE","ffn_moe_weights-8","GET_ROWS","f32",-1,7,-1,1,8,1,1,32,0.110625,1,"clFinish_profiled"
"CPU_Elastic","COMPUTE_GRAPH","ggml_cgraph","GRAPH","",-1,21,-1,0,0,0,0,0,1.014271,1,"delegate_cpu_graph"
"CPU_Elastic","COMPUTE_GRAPH","ggml_cgraph","GRAPH","",-1,1,-1,0,0,0,0,0,0.084583,1,"delegate_cpu_graph"
"OpenCL","COMPUTE","Qcur-9","ROPE","f32",-1,3,-1,128,16,1,1,8192,0.128802,1,"clFinish_profiled"
"CPU_Elastic","COMPUTE_GRAPH","ggml_cgraph","GRAPH","",-1,1,-1,0,0,0,0,0,0.089218,1,"delegate_cpu_graph"
"OpenCL","COMPUTE","Kcur-9","ROPE","f32",-1,3,-1,128,16,1,1,8192,0.120104,1,"clFinish_profiled"
"CPU_Elastic","COMPUTE_GRAPH","ggml_cgraph","GRAPH","",-1,3,-1,0,0,0,0,0,0.086355,1,"delegate_cpu_graph"
"OpenCL","COMPUTE","cache_k_l9 (view)","SET_ROWS","f16",-1,0,-1,2048,512,1,1,2097152,0.113438,1,"clFinish_profiled"
"OpenCL","COMPUTE","cache_v_l9 (view)","SET_ROWS","f16",-1,2,-1,2048,512,1,1,2097152,0.112031,1,"clFinish_profiled"
"OpenCL","COMPUTE","__fattn__-9","FLASH_ATTN_EXT","f32",-1,9,-1,128,16,1,1,8192,0.325729,1,"clFinish_profiled"
"CPU_Elastic","COMPUTE_GRAPH","ggml_cgraph","GRAPH","",-1,2,-1,0,0,0,0,0,0.084636,1,"delegate_cpu_graph"
"OpenCL","COMPUTE","ffn_moe_logits-9","MUL_MAT","f32",-1,2,-1,64,1,1,1,256,0.125729,1,"clFinish_profiled"
"OpenCL","COMPUTE","ffn_moe_probs-9","SOFT_MAX","f32",-1,3,-1,64,1,1,1,256,0.114219,1,"clFinish_profiled"
"OpenCL","COMPUTE","ffn_moe_argsort-9","ARGSORT","i32",-1,5,-1,64,1,1,1,256,0.122187,1,"clFinish_profiled"
"OpenCL","COMPUTE","ffn_moe_weights-9","GET_ROWS","f32",-1,7,-1,1,8,1,1,32,0.110052,1,"clFinish_profiled"
"CPU_Elastic","COMPUTE_GRAPH","ggml_cgraph","GRAPH","",-1,21,-1,0,0,0,0,0,1.009948,1,"delegate_cpu_graph"
"CPU_Elastic","COMPUTE_GRAPH","ggml_cgraph","GRAPH","",-1,1,-1,0,0,0,0,0,0.084166,1,"delegate_cpu_graph"
"OpenCL","COMPUTE","Qcur-10","ROPE","f32",-1,3,-1,128,16,1,1,8192,0.126979,1,"clFinish_profiled"
"CPU_Elastic","COMPUTE_GRAPH","ggml_cgraph","GRAPH","",-1,1,-1,0,0,0,0,0,0.101198,1,"delegate_cpu_graph"
"OpenCL","COMPUTE","Kcur-10","ROPE","f32",-1,3,-1,128,16,1,1,8192,0.151354,1,"clFinish_profiled"
"OpenCL","COMPUTE","Vcur-10","MUL_MAT","f32",-1,4,-1,2048,1,1,1,8192,0.264219,1,"clFinish_profiled"
"OpenCL","COMPUTE","cache_k_l10 (view)","SET_ROWS","f16",-1,7,-1,2048,512,1,1,2097152,0.115104,1,"clFinish_profiled"
"OpenCL","COMPUTE","cache_v_l10 (view)","SET_ROWS","f16",-1,9,-1,2048,512,1,1,2097152,0.111094,1,"clFinish_profiled"
"OpenCL","COMPUTE","__fattn__-10","FLASH_ATTN_EXT","f32",-1,16,-1,128,16,1,1,8192,0.327708,1,"clFinish_profiled"
"CPU_Elastic","COMPUTE_GRAPH","ggml_cgraph","GRAPH","",-1,2,-1,0,0,0,0,0,0.084062,1,"delegate_cpu_graph"
"OpenCL","COMPUTE","ffn_moe_logits-10","MUL_MAT","f32",-1,2,-1,64,1,1,1,256,0.126302,1,"clFinish_profiled"
"OpenCL","COMPUTE","ffn_moe_probs-10","SOFT_MAX","f32",-1,3,-1,64,1,1,1,256,0.114167,1,"clFinish_profiled"
"OpenCL","COMPUTE","ffn_moe_argsort-10","ARGSORT","i32",-1,5,-1,64,1,1,1,256,0.119896,1,"clFinish_profiled"
"OpenCL","COMPUTE","ffn_moe_weights-10","GET_ROWS","f32",-1,7,-1,1,8,1,1,32,0.111198,1,"clFinish_profiled"
"CPU_Elastic","COMPUTE_GRAPH","ggml_cgraph","GRAPH","",-1,21,-1,0,0,0,0,0,1.134792,1,"delegate_cpu_graph"
"CPU_Elastic","COMPUTE_GRAPH","ggml_cgraph","GRAPH","",-1,1,-1,0,0,0,0,0,0.081354,1,"delegate_cpu_graph"
"OpenCL","COMPUTE","Qcur-11","ROPE","f32",-1,3,-1,128,16,1,1,8192,0.124531,1,"clFinish_profiled"
"CPU_Elastic","COMPUTE_GRAPH","ggml_cgraph","GRAPH","",-1,1,-1,0,0,0,0,0,0.082239,1,"delegate_cpu_graph"
"OpenCL","COMPUTE","Kcur-11","ROPE","f32",-1,3,-1,128,16,1,1,8192,0.120833,1,"clFinish_profiled"
"CPU_Elastic","COMPUTE_GRAPH","ggml_cgraph","GRAPH","",-1,3,-1,0,0,0,0,0,0.083177,1,"delegate_cpu_graph"
"OpenCL","COMPUTE","cache_k_l11 (view)","SET_ROWS","f16",-1,0,-1,2048,512,1,1,2097152,0.115781,1,"clFinish_profiled"
"OpenCL","COMPUTE","cache_v_l11 (view)","SET_ROWS","f16",-1,2,-1,2048,512,1,1,2097152,0.112604,1,"clFinish_profiled"
"OpenCL","COMPUTE","__fattn__-11","FLASH_ATTN_EXT","f32",-1,9,-1,128,16,1,1,8192,0.325052,1,"clFinish_profiled"
"CPU_Elastic","COMPUTE_GRAPH","ggml_cgraph","GRAPH","",-1,2,-1,0,0,0,0,0,0.083490,1,"delegate_cpu_graph"
"OpenCL","COMPUTE","ffn_moe_logits-11","MUL_MAT","f32",-1,2,-1,64,1,1,1,256,0.129739,1,"clFinish_profiled"
"OpenCL","COMPUTE","ffn_moe_probs-11","SOFT_MAX","f32",-1,3,-1,64,1,1,1,256,0.114687,1,"clFinish_profiled"
"OpenCL","COMPUTE","ffn_moe_argsort-11","ARGSORT","i32",-1,5,-1,64,1,1,1,256,0.119479,1,"clFinish_profiled"
"OpenCL","COMPUTE","ffn_moe_weights-11","GET_ROWS","f32",-1,7,-1,1,8,1,1,32,0.117083,1,"clFinish_profiled"
"CPU_Elastic","COMPUTE_GRAPH","ggml_cgraph","GRAPH","",-1,21,-1,0,0,0,0,0,1.007448,1,"delegate_cpu_graph"
"CPU_Elastic","COMPUTE_GRAPH","ggml_cgraph","GRAPH","",-1,1,-1,0,0,0,0,0,0.081302,1,"delegate_cpu_graph"
"OpenCL","COMPUTE","Qcur-12","ROPE","f32",-1,3,-1,128,16,1,1,8192,0.126615,1,"clFinish_profiled"
"CPU_Elastic","COMPUTE_GRAPH","ggml_cgraph","GRAPH","",-1,1,-1,0,0,0,0,0,0.083698,1,"delegate_cpu_graph"
"OpenCL","COMPUTE","Kcur-12","ROPE","f32",-1,3,-1,128,16,1,1,8192,0.120417,1,"clFinish_profiled"
"CPU_Elastic","COMPUTE_GRAPH","ggml_cgraph","GRAPH","",-1,3,-1,0,0,0,0,0,0.084375,1,"delegate_cpu_graph"
"OpenCL","COMPUTE","cache_k_l12 (view)","SET_ROWS","f16",-1,0,-1,2048,512,1,1,2097152,0.113854,1,"clFinish_profiled"
"OpenCL","COMPUTE","cache_v_l12 (view)","SET_ROWS","f16",-1,2,-1,2048,512,1,1,2097152,0.112917,1,"clFinish_profiled"
"OpenCL","COMPUTE","__fattn__-12","FLASH_ATTN_EXT","f32",-1,9,-1,128,16,1,1,8192,0.327760,1,"clFinish_profiled"
"CPU_Elastic","COMPUTE_GRAPH","ggml_cgraph","GRAPH","",-1,2,-1,0,0,0,0,0,0.082969,1,"delegate_cpu_graph"
"OpenCL","COMPUTE","ffn_moe_logits-12","MUL_MAT","f32",-1,2,-1,64,1,1,1,256,0.125260,1,"clFinish_profiled"
"OpenCL","COMPUTE","ffn_moe_probs-12","SOFT_MAX","f32",-1,3,-1,64,1,1,1,256,0.114427,1,"clFinish_profiled"
"OpenCL","COMPUTE","ffn_moe_argsort-12","ARGSORT","i32",-1,5,-1,64,1,1,1,256,0.120312,1,"clFinish_profiled"
"OpenCL","COMPUTE","ffn_moe_weights-12","GET_ROWS","f32",-1,7,-1,1,8,1,1,32,0.114948,1,"clFinish_profiled"
"CPU_Elastic","COMPUTE_GRAPH","ggml_cgraph","GRAPH","",-1,21,-1,0,0,0,0,0,1.032709,1,"delegate_cpu_graph"
"CPU_Elastic","COMPUTE_GRAPH","ggml_cgraph","GRAPH","",-1,1,-1,0,0,0,0,0,0.080886,1,"delegate_cpu_graph"
"OpenCL","COMPUTE","Qcur-13","ROPE","f32",-1,3,-1,128,16,1,1,8192,0.125625,1,"clFinish_profiled"
"CPU_Elastic","COMPUTE_GRAPH","ggml_cgraph","GRAPH","",-1,1,-1,0,0,0,0,0,0.081354,1,"delegate_cpu_graph"
"OpenCL","COMPUTE","Kcur-13","ROPE","f32",-1,3,-1,128,16,1,1,8192,0.119375,1,"clFinish_profiled"
"OpenCL","COMPUTE","Vcur-13","MUL_MAT","f32",-1,4,-1,2048,1,1,1,8192,0.265208,1,"clFinish_profiled"
"OpenCL","COMPUTE","cache_k_l13 (view)","SET_ROWS","f16",-1,7,-1,2048,512,1,1,2097152,0.114844,1,"clFinish_profiled"
"OpenCL","COMPUTE","cache_v_l13 (view)","SET_ROWS","f16",-1,9,-1,2048,512,1,1,2097152,0.112292,1,"clFinish_profiled"
"OpenCL","COMPUTE","__fattn__-13","FLASH_ATTN_EXT","f32",-1,16,-1,128,16,1,1,8192,0.324219,1,"clFinish_profiled"
"CPU_Elastic","COMPUTE_GRAPH","ggml_cgraph","GRAPH","",-1,2,-1,0,0,0,0,0,0.084271,1,"delegate_cpu_graph"
"OpenCL","COMPUTE","ffn_moe_logits-13","MUL_MAT","f32",-1,2,-1,64,1,1,1,256,0.126875,1,"clFinish_profiled"
"OpenCL","COMPUTE","ffn_moe_probs-13","SOFT_MAX","f32",-1,3,-1,64,1,1,1,256,0.114948,1,"clFinish_profiled"
"OpenCL","COMPUTE","ffn_moe_argsort-13","ARGSORT","i32",-1,5,-1,64,1,1,1,256,0.119063,1,"clFinish_profiled"
"OpenCL","COMPUTE","ffn_moe_weights-13","GET_ROWS","f32",-1,7,-1,1,8,1,1,32,0.109219,1,"clFinish_profiled"
"CPU_Elastic","COMPUTE_GRAPH","ggml_cgraph","GRAPH","",-1,21,-1,0,0,0,0,0,1.130521,1,"delegate_cpu_graph"
"CPU_Elastic","COMPUTE_GRAPH","ggml_cgraph","GRAPH","",-1,1,-1,0,0,0,0,0,0.080833,1,"delegate_cpu_graph"
"OpenCL","COMPUTE","Qcur-14","ROPE","f32",-1,3,-1,128,16,1,1,8192,0.127812,1,"clFinish_profiled"
"CPU_Elastic","COMPUTE_GRAPH","ggml_cgraph","GRAPH","",-1,1,-1,0,0,0,0,0,0.087292,1,"delegate_cpu_graph"
"OpenCL","COMPUTE","Kcur-14","ROPE","f32",-1,3,-1,128,16,1,1,8192,0.119427,1,"clFinish_profiled"
"OpenCL","COMPUTE","Vcur-14","MUL_MAT","f32",-1,4,-1,2048,1,1,1,8192,0.277292,1,"clFinish_profiled"
"OpenCL","COMPUTE","cache_k_l14 (view)","SET_ROWS","f16",-1,7,-1,2048,512,1,1,2097152,0.113333,1,"clFinish_profiled"
"OpenCL","COMPUTE","cache_v_l14 (view)","SET_ROWS","f16",-1,9,-1,2048,512,1,1,2097152,0.112135,1,"clFinish_profiled"
"OpenCL","COMPUTE","__fattn__-14","FLASH_ATTN_EXT","f32",-1,16,-1,128,16,1,1,8192,0.322447,1,"clFinish_profiled"
"CPU_Elastic","COMPUTE_GRAPH","ggml_cgraph","GRAPH","",-1,2,-1,0,0,0,0,0,0.083177,1,"delegate_cpu_graph"
"OpenCL","COMPUTE","ffn_moe_logits-14","MUL_MAT","f32",-1,2,-1,64,1,1,1,256,0.127969,1,"clFinish_profiled"
"OpenCL","COMPUTE","ffn_moe_probs-14","SOFT_MAX","f32",-1,3,-1,64,1,1,1,256,0.112916,1,"clFinish_profiled"
"OpenCL","COMPUTE","ffn_moe_argsort-14","ARGSORT","i32",-1,5,-1,64,1,1,1,256,0.120989,1,"clFinish_profiled"
"OpenCL","COMPUTE","ffn_moe_weights-14","GET_ROWS","f32",-1,7,-1,1,8,1,1,32,0.110261,1,"clFinish_profiled"
"CPU_Elastic","COMPUTE_GRAPH","ggml_cgraph","GRAPH","",-1,21,-1,0,0,0,0,0,1.124896,1,"delegate_cpu_graph"
"CPU_Elastic","COMPUTE_GRAPH","ggml_cgraph","GRAPH","",-1,1,-1,0,0,0,0,0,0.081094,1,"delegate_cpu_graph"
"OpenCL","COMPUTE","Qcur-15","ROPE","f32",-1,3,-1,128,16,1,1,8192,0.126667,1,"clFinish_profiled"
"CPU_Elastic","COMPUTE_GRAPH","ggml_cgraph","GRAPH","",-1,1,-1,0,0,0,0,0,0.081511,1,"delegate_cpu_graph"
"OpenCL","COMPUTE","Kcur-15","ROPE","f32",-1,3,-1,128,16,1,1,8192,0.117865,1,"clFinish_profiled"
"OpenCL","COMPUTE","Vcur-15","MUL_MAT","f32",-1,4,-1,2048,1,1,1,8192,0.263073,1,"clFinish_profiled"
"OpenCL","COMPUTE","cache_k_l15 (view)","SET_ROWS","f16",-1,7,-1,2048,512,1,1,2097152,0.126875,1,"clFinish_profiled"
"OpenCL","COMPUTE","cache_v_l15 (view)","SET_ROWS","f16",-1,9,-1,2048,512,1,1,2097152,0.118230,1,"clFinish_profiled"
"OpenCL","COMPUTE","__fattn__-15","FLASH_ATTN_EXT","f32",-1,16,-1,128,16,1,1,8192,0.334479,1,"clFinish_profiled"
"CPU_Elastic","COMPUTE_GRAPH","ggml_cgraph","GRAPH","",-1,4,-1,0,0,0,0,0,0.086094,1,"delegate_cpu_graph"
"OpenCL","COMPUTE","ffn_moe_logits-15","MUL_MAT","f32",-1,2,-1,64,1,1,1,256,0.137344,1,"clFinish_profiled"
"OpenCL","COMPUTE","ffn_moe_probs-15","SOFT_MAX","f32",-1,3,-1,64,1,1,1,256,0.122917,1,"clFinish_profiled"
"OpenCL","COMPUTE","ffn_moe_argsort-15","ARGSORT","i32",-1,5,-1,64,1,1,1,256,0.129792,1,"clFinish_profiled"
"OpenCL","COMPUTE","ffn_moe_weights-15","GET_ROWS","f32",-1,7,-1,1,8,1,1,32,0.120573,1,"clFinish_profiled"
"CPU_Elastic","COMPUTE_GRAPH","ggml_cgraph","GRAPH","",-1,22,-1,0,0,0,0,0,1.139532,1,"delegate_cpu_graph"
"OpenCL","COMPUTE","result_norm","MUL","f32",-1,0,-1,2048,1,1,1,8192,0.343906,1,"clFinish_profiled"
"OpenCL","COMPUTE","result_output","MUL_MAT","f32",-1,1,-1,50304,1,1,1,201216,3.841458,1,"clFinish_profiled"
"CPU_Elastic","COMPUTE_GRAPH","ggml_cgraph","GRAPH","",-1,1,-1,0,0,0,0,0,0.003490,1,"delegate_cpu_graph"
"CPU_Elastic","COMPUTE_GRAPH","ggml_cgraph","GRAPH","",-1,1,-1,0,0,0,0,0,0.084011,1,"delegate_cpu_graph"
"OpenCL","COMPUTE","Qcur-0","ROPE","f32",-1,3,-1,128,16,1,1,8192,0.118386,1,"clFinish_profiled"
"CPU_Elastic","COMPUTE_GRAPH","ggml_cgraph","GRAPH","",-1,1,-1,0,0,0,0,0,0.083125,1,"delegate_cpu_graph"
"OpenCL","COMPUTE","Kcur-0","ROPE","f32",-1,3,-1,128,16,1,1,8192,0.137917,1,"clFinish_profiled"
"OpenCL","COMPUTE","Vcur-0","MUL_MAT","f32",-1,4,-1,2048,1,1,1,8192,0.270885,1,"clFinish_profiled"
"OpenCL","COMPUTE","cache_k_l0 (view)","SET_ROWS","f16",-1,7,-1,2048,512,1,1,2097152,0.123125,1,"clFinish_profiled"
"OpenCL","COMPUTE","cache_v_l0 (view)","SET_ROWS","f16",-1,9,-1,2048,512,1,1,2097152,0.120937,1,"clFinish_profiled"
"OpenCL","COMPUTE"," (copy)","CPY","f16",-1,16,-1,256,64,1,1,32768,0.126250,1,"clFinish_profiled"
"OpenCL","COMPUTE","__fattn__-0","FLASH_ATTN_EXT","f32",-1,17,-1,128,16,1,1,8192,0.325677,1,"clFinish_profiled"
"CPU_Elastic","COMPUTE_GRAPH","ggml_cgraph","GRAPH","",-1,2,-1,0,0,0,0,0,0.084896,1,"delegate_cpu_graph"
"OpenCL","COMPUTE","ffn_moe_logits-0","MUL_MAT","f32",-1,2,-1,64,1,1,1,256,0.140000,1,"clFinish_profiled"
"OpenCL","COMPUTE","ffn_moe_probs-0","SOFT_MAX","f32",-1,3,-1,64,1,1,1,256,0.124688,1,"clFinish_profiled"
"OpenCL","COMPUTE","ffn_moe_argsort-0","ARGSORT","i32",-1,5,-1,64,1,1,1,256,0.131354,1,"clFinish_profiled"
"OpenCL","COMPUTE","ffn_moe_weights-0","GET_ROWS","f32",-1,7,-1,1,8,1,1,32,0.118854,1,"clFinish_profiled"
"CPU_Elastic","COMPUTE_GRAPH","ggml_cgraph","GRAPH","",-1,21,-1,0,0,0,0,0,1.139115,1,"delegate_cpu_graph"
"CPU_Elastic","COMPUTE_GRAPH","ggml_cgraph","GRAPH","",-1,1,-1,0,0,0,0,0,0.083698,1,"delegate_cpu_graph"
"OpenCL","COMPUTE","Qcur-1","ROPE","f32",-1,3,-1,128,16,1,1,8192,0.134792,1,"clFinish_profiled"
"CPU_Elastic","COMPUTE_GRAPH","ggml_cgraph","GRAPH","",-1,1,-1,0,0,0,0,0,0.083021,1,"delegate_cpu_graph"
"OpenCL","COMPUTE","Kcur-1","ROPE","f32",-1,3,-1,128,16,1,1,8192,0.128958,1,"clFinish_profiled"
"OpenCL","COMPUTE","Vcur-1","MUL_MAT","f32",-1,4,-1,2048,1,1,1,8192,0.275261,1,"clFinish_profiled"
"OpenCL","COMPUTE","cache_k_l1 (view)","SET_ROWS","f16",-1,7,-1,2048,512,1,1,2097152,0.121718,1,"clFinish_profiled"
"OpenCL","COMPUTE","cache_v_l1 (view)","SET_ROWS","f16",-1,9,-1,2048,512,1,1,2097152,0.120260,1,"clFinish_profiled"
"OpenCL","COMPUTE","__fattn__-1","FLASH_ATTN_EXT","f32",-1,16,-1,128,16,1,1,8192,0.337812,1,"clFinish_profiled"
"CPU_Elastic","COMPUTE_GRAPH","ggml_cgraph","GRAPH","",-1,2,-1,0,0,0,0,0,0.083593,1,"delegate_cpu_graph"
"OpenCL","COMPUTE","ffn_moe_logits-1","MUL_MAT","f32",-1,2,-1,64,1,1,1,256,0.136094,1,"clFinish_profiled"
"OpenCL","COMPUTE","ffn_moe_probs-1","SOFT_MAX","f32",-1,3,-1,64,1,1,1,256,0.124583,1,"clFinish_profiled"
"OpenCL","COMPUTE","ffn_moe_argsort-1","ARGSORT","i32",-1,5,-1,64,1,1,1,256,0.138906,1,"clFinish_profiled"
"OpenCL","COMPUTE","ffn_moe_weights-1","GET_ROWS","f32",-1,7,-1,1,8,1,1,32,0.118854,1,"clFinish_profiled"
"CPU_Elastic","COMPUTE_GRAPH","ggml_cgraph","GRAPH","",-1,21,-1,0,0,0,0,0,1.134636,1,"delegate_cpu_graph"
"CPU_Elastic","COMPUTE_GRAPH","ggml_cgraph","GRAPH","",-1,1,-1,0,0,0,0,0,0.080990,1,"delegate_cpu_graph"
"OpenCL","COMPUTE","Qcur-2","ROPE","f32",-1,3,-1,128,16,1,1,8192,0.133489,1,"clFinish_profiled"
"CPU_Elastic","COMPUTE_GRAPH","ggml_cgraph","GRAPH","",-1,1,-1,0,0,0,0,0,0.083698,1,"delegate_cpu_graph"
"OpenCL","COMPUTE","Kcur-2","ROPE","f32",-1,3,-1,128,16,1,1,8192,0.129271,1,"clFinish_profiled"
"CPU_Elastic","COMPUTE_GRAPH","ggml_cgraph","GRAPH","",-1,3,-1,0,0,0,0,0,0.086042,1,"delegate_cpu_graph"
"OpenCL","COMPUTE","cache_k_l2 (view)","SET_ROWS","f16",-1,0,-1,2048,512,1,1,2097152,0.120729,1,"clFinish_profiled"
"OpenCL","COMPUTE","cache_v_l2 (view)","SET_ROWS","f16",-1,2,-1,2048,512,1,1,2097152,0.120521,1,"clFinish_profiled"
"OpenCL","COMPUTE","__fattn__-2","FLASH_ATTN_EXT","f32",-1,9,-1,128,16,1,1,8192,0.333385,1,"clFinish_profiled"
"CPU_Elastic","COMPUTE_GRAPH","ggml_cgraph","GRAPH","",-1,2,-1,0,0,0,0,0,0.083750,1,"delegate_cpu_graph"
"OpenCL","COMPUTE","ffn_moe_logits-2","MUL_MAT","f32",-1,2,-1,64,1,1,1,256,0.140312,1,"clFinish_profiled"
"OpenCL","COMPUTE","ffn_moe_probs-2","SOFT_MAX","f32",-1,3,-1,64,1,1,1,256,0.123802,1,"clFinish_profiled"
"OpenCL","COMPUTE","ffn_moe_argsort-2","ARGSORT","i32",-1,5,-1,64,1,1,1,256,0.127709,1,"clFinish_profiled"
"OpenCL","COMPUTE","ffn_moe_weights-2","GET_ROWS","f32",-1,7,-1,1,8,1,1,32,0.117917,1,"clFinish_profiled"
"CPU_Elastic","COMPUTE_GRAPH","ggml_cgraph","GRAPH","",-1,21,-1,0,0,0,0,0,1.082239,1,"delegate_cpu_graph"
"CPU_Elastic","COMPUTE_GRAPH","ggml_cgraph","GRAPH","",-1,1,-1,0,0,0,0,0,0.081094,1,"delegate_cpu_graph"
"OpenCL","COMPUTE","Qcur-3","ROPE","f32",-1,3,-1,128,16,1,1,8192,0.134791,1,"clFinish_profiled"
"CPU_Elastic","COMPUTE_GRAPH","ggml_cgraph","GRAPH","",-1,1,-1,0,0,0,0,0,0.080990,1,"delegate_cpu_graph"
"OpenCL","COMPUTE","Kcur-3","ROPE","f32",-1,3,-1,128,16,1,1,8192,0.208072,1,"clFinish_profiled"
"CPU_Elastic","COMPUTE_GRAPH","ggml_cgraph","GRAPH","",-1,3,-1,0,0,0,0,0,0.082708,1,"delegate_cpu_graph"
"OpenCL","COMPUTE","cache_k_l3 (view)","SET_ROWS","f16",-1,0,-1,2048,512,1,1,2097152,0.122448,1,"clFinish_profiled"
"OpenCL","COMPUTE","cache_v_l3 (view)","SET_ROWS","f16",-1,2,-1,2048,512,1,1,2097152,0.126355,1,"clFinish_profiled"
"OpenCL","COMPUTE","__fattn__-3","FLASH_ATTN_EXT","f32",-1,9,-1,128,16,1,1,8192,0.334792,1,"clFinish_profiled"
"CPU_Elastic","COMPUTE_GRAPH","ggml_cgraph","GRAPH","",-1,2,-1,0,0,0,0,0,0.083282,1,"delegate_cpu_graph"
"OpenCL","COMPUTE","ffn_moe_logits-3","MUL_MAT","f32",-1,2,-1,64,1,1,1,256,0.137500,1,"clFinish_profiled"
"OpenCL","COMPUTE","ffn_moe_probs-3","SOFT_MAX","f32",-1,3,-1,64,1,1,1,256,0.123958,1,"clFinish_profiled"
"OpenCL","COMPUTE","ffn_moe_argsort-3","ARGSORT","i32",-1,5,-1,64,1,1,1,256,0.131875,1,"clFinish_profiled"
"OpenCL","COMPUTE","ffn_moe_weights-3","GET_ROWS","f32",-1,7,-1,1,8,1,1,32,0.119687,1,"clFinish_profiled"
"CPU_Elastic","COMPUTE_GRAPH","ggml_cgraph","GRAPH","",-1,21,-1,0,0,0,0,0,1.013020,1,"delegate_cpu_graph"
"CPU_Elastic","COMPUTE_GRAPH","ggml_cgraph","GRAPH","",-1,1,-1,0,0,0,0,0,0.080729,1,"delegate_cpu_graph"
"OpenCL","COMPUTE","Qcur-4","ROPE","f32",-1,3,-1,128,16,1,1,8192,0.138021,1,"clFinish_profiled"
"CPU_Elastic","COMPUTE_GRAPH","ggml_cgraph","GRAPH","",-1,1,-1,0,0,0,0,0,0.081093,1,"delegate_cpu_graph"
"OpenCL","COMPUTE","Kcur-4","ROPE","f32",-1,3,-1,128,16,1,1,8192,0.129843,1,"clFinish_profiled"
"OpenCL","COMPUTE","Vcur-4","MUL_MAT","f32",-1,4,-1,2048,1,1,1,8192,0.274063,1,"clFinish_profiled"
"OpenCL","COMPUTE","cache_k_l4 (view)","SET_ROWS","f16",-1,7,-1,2048,512,1,1,2097152,0.123646,1,"clFinish_profiled"
"OpenCL","COMPUTE","cache_v_l4 (view)","SET_ROWS","f16",-1,9,-1,2048,512,1,1,2097152,0.122917,1,"clFinish_profiled"
"OpenCL","COMPUTE","__fattn__-4","FLASH_ATTN_EXT","f32",-1,16,-1,128,16,1,1,8192,0.335104,1,"clFinish_profiled"
"CPU_Elastic","COMPUTE_GRAPH","ggml_cgraph","GRAPH","",-1,2,-1,0,0,0,0,0,0.083229,1,"delegate_cpu_graph"
"OpenCL","COMPUTE","ffn_moe_logits-4","MUL_MAT","f32",-1,2,-1,64,1,1,1,256,0.133854,1,"clFinish_profiled"
"OpenCL","COMPUTE","ffn_moe_probs-4","SOFT_MAX","f32",-1,3,-1,64,1,1,1,256,0.122656,1,"clFinish_profiled"
"OpenCL","COMPUTE","ffn_moe_argsort-4","ARGSORT","i32",-1,5,-1,64,1,1,1,256,0.127708,1,"clFinish_profiled"
"OpenCL","COMPUTE","ffn_moe_weights-4","GET_ROWS","f32",-1,7,-1,1,8,1,1,32,0.119948,1,"clFinish_profiled"
"CPU_Elastic","COMPUTE_GRAPH","ggml_cgraph","GRAPH","",-1,21,-1,0,0,0,0,0,1.146459,1,"delegate_cpu_graph"
"CPU_Elastic","COMPUTE_GRAPH","ggml_cgraph","GRAPH","",-1,1,-1,0,0,0,0,0,0.080521,1,"delegate_cpu_graph"
"OpenCL","COMPUTE","Qcur-5","ROPE","f32",-1,3,-1,128,16,1,1,8192,0.130781,1,"clFinish_profiled"
"CPU_Elastic","COMPUTE_GRAPH","ggml_cgraph","GRAPH","",-1,1,-1,0,0,0,0,0,0.083489,1,"delegate_cpu_graph"
"OpenCL","COMPUTE","Kcur-5","ROPE","f32",-1,3,-1,128,16,1,1,8192,0.130417,1,"clFinish_profiled"
"CPU_Elastic","COMPUTE_GRAPH","ggml_cgraph","GRAPH","",-1,3,-1,0,0,0,0,0,0.082812,1,"delegate_cpu_graph"
"OpenCL","COMPUTE","cache_k_l5 (view)","SET_ROWS","f16",-1,0,-1,2048,512,1,1,2097152,0.121198,1,"clFinish_profiled"
"OpenCL","COMPUTE","cache_v_l5 (view)","SET_ROWS","f16",-1,2,-1,2048,512,1,1,2097152,0.121927,1,"clFinish_profiled"
"OpenCL","COMPUTE","__fattn__-5","FLASH_ATTN_EXT","f32",-1,9,-1,128,16,1,1,8192,0.334896,1,"clFinish_profiled"
"CPU_Elastic","COMPUTE_GRAPH","ggml_cgraph","GRAPH","",-1,2,-1,0,0,0,0,0,0.084166,1,"delegate_cpu_graph"
"OpenCL","COMPUTE","ffn_moe_logits-5","MUL_MAT","f32",-1,2,-1,64,1,1,1,256,0.141771,1,"clFinish_profiled"
"OpenCL","COMPUTE","ffn_moe_probs-5","SOFT_MAX","f32",-1,3,-1,64,1,1,1,256,0.124635,1,"clFinish_profiled"
"OpenCL","COMPUTE","ffn_moe_argsort-5","ARGSORT","i32",-1,5,-1,64,1,1,1,256,0.128021,1,"clFinish_profiled"
"OpenCL","COMPUTE","ffn_moe_weights-5","GET_ROWS","f32",-1,7,-1,1,8,1,1,32,0.118854,1,"clFinish_profiled"
"CPU_Elastic","COMPUTE_GRAPH","ggml_cgraph","GRAPH","",-1,21,-1,0,0,0,0,0,1.016406,1,"delegate_cpu_graph"
"CPU_Elastic","COMPUTE_GRAPH","ggml_cgraph","GRAPH","",-1,1,-1,0,0,0,0,0,0.081718,1,"delegate_cpu_graph"
"OpenCL","COMPUTE","Qcur-6","ROPE","f32",-1,3,-1,128,16,1,1,8192,0.134896,1,"clFinish_profiled"
"CPU_Elastic","COMPUTE_GRAPH","ggml_cgraph","GRAPH","",-1,1,-1,0,0,0,0,0,0.083542,1,"delegate_cpu_graph"
"OpenCL","COMPUTE","Kcur-6","ROPE","f32",-1,3,-1,128,16,1,1,8192,0.126615,1,"clFinish_profiled"
"CPU_Elastic","COMPUTE_GRAPH","ggml_cgraph","GRAPH","",-1,3,-1,0,0,0,0,0,0.083229,1,"delegate_cpu_graph"
"OpenCL","COMPUTE","cache_k_l6 (view)","SET_ROWS","f16",-1,0,-1,2048,512,1,1,2097152,0.123698,1,"clFinish_profiled"
"OpenCL","COMPUTE","cache_v_l6 (view)","SET_ROWS","f16",-1,2,-1,2048,512,1,1,2097152,0.123021,1,"clFinish_profiled"
"OpenCL","COMPUTE","__fattn__-6","FLASH_ATTN_EXT","f32",-1,9,-1,128,16,1,1,8192,0.361927,1,"clFinish_profiled"
"CPU_Elastic","COMPUTE_GRAPH","ggml_cgraph","GRAPH","",-1,2,-1,0,0,0,0,0,0.085365,1,"delegate_cpu_graph"
"OpenCL","COMPUTE","ffn_moe_logits-6","MUL_MAT","f32",-1,2,-1,64,1,1,1,256,0.140573,1,"clFinish_profiled"
"OpenCL","COMPUTE","ffn_moe_probs-6","SOFT_MAX","f32",-1,3,-1,64,1,1,1,256,0.124895,1,"clFinish_profiled"
"OpenCL","COMPUTE","ffn_moe_argsort-6","ARGSORT","i32",-1,5,-1,64,1,1,1,256,0.130521,1,"clFinish_profiled"
"OpenCL","COMPUTE","ffn_moe_weights-6","GET_ROWS","f32",-1,7,-1,1,8,1,1,32,0.120313,1,"clFinish_profiled"
"CPU_Elastic","COMPUTE_GRAPH","ggml_cgraph","GRAPH","",-1,21,-1,0,0,0,0,0,1.017292,1,"delegate_cpu_graph"
"CPU_Elastic","COMPUTE_GRAPH","ggml_cgraph","GRAPH","",-1,1,-1,0,0,0,0,0,0.081615,1,"delegate_cpu_graph"
"OpenCL","COMPUTE","Qcur-7","ROPE","f32",-1,3,-1,128,16,1,1,8192,0.132552,1,"clFinish_profiled"
"CPU_Elastic","COMPUTE_GRAPH","ggml_cgraph","GRAPH","",-1,1,-1,0,0,0,0,0,0.084219,1,"delegate_cpu_graph"
"OpenCL","COMPUTE","Kcur-7","ROPE","f32",-1,3,-1,128,16,1,1,8192,0.130625,1,"clFinish_profiled"
"OpenCL","COMPUTE","Vcur-7","MUL_MAT","f32",-1,4,-1,2048,1,1,1,8192,0.275209,1,"clFinish_profiled"
"OpenCL","COMPUTE","cache_k_l7 (view)","SET_ROWS","f16",-1,7,-1,2048,512,1,1,2097152,0.121146,1,"clFinish_profiled"
"OpenCL","COMPUTE","cache_v_l7 (view)","SET_ROWS","f16",-1,9,-1,2048,512,1,1,2097152,0.122031,1,"clFinish_profiled"
"OpenCL","COMPUTE","__fattn__-7","FLASH_ATTN_EXT","f32",-1,16,-1,128,16,1,1,8192,0.342344,1,"clFinish_profiled"
"CPU_Elastic","COMPUTE_GRAPH","ggml_cgraph","GRAPH","",-1,2,-1,0,0,0,0,0,0.084427,1,"delegate_cpu_graph"
"OpenCL","COMPUTE","ffn_moe_logits-7","MUL_MAT","f32",-1,2,-1,64,1,1,1,256,0.136407,1,"clFinish_profiled"
"OpenCL","COMPUTE","ffn_moe_probs-7","SOFT_MAX","f32",-1,3,-1,64,1,1,1,256,0.125312,1,"clFinish_profiled"
"OpenCL","COMPUTE","ffn_moe_argsort-7","ARGSORT","i32",-1,5,-1,64,1,1,1,256,0.149218,1,"clFinish_profiled"
"OpenCL","COMPUTE","ffn_moe_weights-7","GET_ROWS","f32",-1,7,-1,1,8,1,1,32,0.124844,1,"clFinish_profiled"
"CPU_Elastic","COMPUTE_GRAPH","ggml_cgraph","GRAPH","",-1,21,-1,0,0,0,0,0,1.149844,1,"delegate_cpu_graph"
"CPU_Elastic","COMPUTE_GRAPH","ggml_cgraph","GRAPH","",-1,1,-1,0,0,0,0,0,0.083593,1,"delegate_cpu_graph"
"OpenCL","COMPUTE","Qcur-8","ROPE","f32",-1,3,-1,128,16,1,1,8192,0.135677,1,"clFinish_profiled"
"CPU_Elastic","COMPUTE_GRAPH","ggml_cgraph","GRAPH","",-1,1,-1,0,0,0,0,0,0.081771,1,"delegate_cpu_graph"
"OpenCL","COMPUTE","Kcur-8","ROPE","f32",-1,3,-1,128,16,1,1,8192,0.129375,1,"clFinish_profiled"
"CPU_Elastic","COMPUTE_GRAPH","ggml_cgraph","GRAPH","",-1,3,-1,0,0,0,0,0,0.082239,1,"delegate_cpu_graph"
"OpenCL","COMPUTE","cache_k_l8 (view)","SET_ROWS","f16",-1,0,-1,2048,512,1,1,2097152,0.122240,1,"clFinish_profiled"
"OpenCL","COMPUTE","cache_v_l8 (view)","SET_ROWS","f16",-1,2,-1,2048,512,1,1,2097152,0.122448,1,"clFinish_profiled"
"OpenCL","COMPUTE","__fattn__-8","FLASH_ATTN_EXT","f32",-1,9,-1,128,16,1,1,8192,0.335104,1,"clFinish_profiled"
"CPU_Elastic","COMPUTE_GRAPH","ggml_cgraph","GRAPH","",-1,2,-1,0,0,0,0,0,0.083854,1,"delegate_cpu_graph"
"OpenCL","COMPUTE","ffn_moe_logits-8","MUL_MAT","f32",-1,2,-1,64,1,1,1,256,0.136979,1,"clFinish_profiled"
"OpenCL","COMPUTE","ffn_moe_probs-8","SOFT_MAX","f32",-1,3,-1,64,1,1,1,256,0.125730,1,"clFinish_profiled"
"OpenCL","COMPUTE","ffn_moe_argsort-8","ARGSORT","i32",-1,5,-1,64,1,1,1,256,0.130469,1,"clFinish_profiled"
"OpenCL","COMPUTE","ffn_moe_weights-8","GET_ROWS","f32",-1,7,-1,1,8,1,1,32,0.120052,1,"clFinish_profiled"
"CPU_Elastic","COMPUTE_GRAPH","ggml_cgraph","GRAPH","",-1,21,-1,0,0,0,0,0,1.029219,1,"delegate_cpu_graph"
"CPU_Elastic","COMPUTE_GRAPH","ggml_cgraph","GRAPH","",-1,1,-1,0,0,0,0,0,0.081718,1,"delegate_cpu_graph"
"OpenCL","COMPUTE","Qcur-9","ROPE","f32",-1,3,-1,128,16,1,1,8192,0.137552,1,"clFinish_profiled"
"CPU_Elastic","COMPUTE_GRAPH","ggml_cgraph","GRAPH","",-1,1,-1,0,0,0,0,0,0.084532,1,"delegate_cpu_graph"
"OpenCL","COMPUTE","Kcur-9","ROPE","f32",-1,3,-1,128,16,1,1,8192,0.127343,1,"clFinish_profiled"
"CPU_Elastic","COMPUTE_GRAPH","ggml_cgraph","GRAPH","",-1,3,-1,0,0,0,0,0,0.084687,1,"delegate_cpu_graph"
"OpenCL","COMPUTE","cache_k_l9 (view)","SET_ROWS","f16",-1,0,-1,2048,512,1,1,2097152,0.123646,1,"clFinish_profiled"
"OpenCL","COMPUTE","cache_v_l9 (view)","SET_ROWS","f16",-1,2,-1,2048,512,1,1,2097152,0.121406,1,"clFinish_profiled"
"OpenCL","COMPUTE","__fattn__-9","FLASH_ATTN_EXT","f32",-1,9,-1,128,16,1,1,8192,0.336823,1,"clFinish_profiled"
"CPU_Elastic","COMPUTE_GRAPH","ggml_cgraph","GRAPH","",-1,2,-1,0,0,0,0,0,0.084114,1,"delegate_cpu_graph"
"OpenCL","COMPUTE","ffn_moe_logits-9","MUL_MAT","f32",-1,2,-1,64,1,1,1,256,0.135885,1,"clFinish_profiled"
"OpenCL","COMPUTE","ffn_moe_probs-9","SOFT_MAX","f32",-1,3,-1,64,1,1,1,256,0.125573,1,"clFinish_profiled"
"OpenCL","COMPUTE","ffn_moe_argsort-9","ARGSORT","i32",-1,5,-1,64,1,1,1,256,0.131146,1,"clFinish_profiled"
"OpenCL","COMPUTE","ffn_moe_weights-9","GET_ROWS","f32",-1,7,-1,1,8,1,1,32,0.120104,1,"clFinish_profiled"
"CPU_Elastic","COMPUTE_GRAPH","ggml_cgraph","GRAPH","",-1,21,-1,0,0,0,0,0,1.023646,1,"delegate_cpu_graph"
"CPU_Elastic","COMPUTE_GRAPH","ggml_cgraph","GRAPH","",-1,1,-1,0,0,0,0,0,0.081875,1,"delegate_cpu_graph"
"OpenCL","COMPUTE","Qcur-10","ROPE","f32",-1,3,-1,128,16,1,1,8192,0.137500,1,"clFinish_profiled"
"CPU_Elastic","COMPUTE_GRAPH","ggml_cgraph","GRAPH","",-1,1,-1,0,0,0,0,0,0.084375,1,"delegate_cpu_graph"
"OpenCL","COMPUTE","Kcur-10","ROPE","f32",-1,3,-1,128,16,1,1,8192,0.123281,1,"clFinish_profiled"
"OpenCL","COMPUTE","Vcur-10","MUL_MAT","f32",-1,4,-1,2048,1,1,1,8192,0.263021,1,"clFinish_profiled"
"OpenCL","COMPUTE","cache_k_l10 (view)","SET_ROWS","f16",-1,7,-1,2048,512,1,1,2097152,0.112240,1,"clFinish_profiled"
"OpenCL","COMPUTE","cache_v_l10 (view)","SET_ROWS","f16",-1,9,-1,2048,512,1,1,2097152,0.122031,1,"clFinish_profiled"
"OpenCL","COMPUTE","__fattn__-10","FLASH_ATTN_EXT","f32",-1,16,-1,128,16,1,1,8192,0.334948,1,"clFinish_profiled"
"CPU_Elastic","COMPUTE_GRAPH","ggml_cgraph","GRAPH","",-1,2,-1,0,0,0,0,0,0.083489,1,"delegate_cpu_graph"
"OpenCL","COMPUTE","ffn_moe_logits-10","MUL_MAT","f32",-1,2,-1,64,1,1,1,256,0.124323,1,"clFinish_profiled"
"OpenCL","COMPUTE","ffn_moe_probs-10","SOFT_MAX","f32",-1,3,-1,64,1,1,1,256,0.113906,1,"clFinish_profiled"
"OpenCL","COMPUTE","ffn_moe_argsort-10","ARGSORT","i32",-1,5,-1,64,1,1,1,256,0.146458,1,"clFinish_profiled"
"OpenCL","COMPUTE","ffn_moe_weights-10","GET_ROWS","f32",-1,7,-1,1,8,1,1,32,0.116146,1,"clFinish_profiled"
"CPU_Elastic","COMPUTE_GRAPH","ggml_cgraph","GRAPH","",-1,21,-1,0,0,0,0,0,1.134948,1,"delegate_cpu_graph"
"CPU_Elastic","COMPUTE_GRAPH","ggml_cgraph","GRAPH","",-1,1,-1,0,0,0,0,0,0.081302,1,"delegate_cpu_graph"
"OpenCL","COMPUTE","Qcur-11","ROPE","f32",-1,3,-1,128,16,1,1,8192,0.139740,1,"clFinish_profiled"
"CPU_Elastic","COMPUTE_GRAPH","ggml_cgraph","GRAPH","",-1,1,-1,0,0,0,0,0,0.081510,1,"delegate_cpu_graph"
"OpenCL","COMPUTE","Kcur-11","ROPE","f32",-1,3,-1,128,16,1,1,8192,0.122448,1,"clFinish_profiled"
"CPU_Elastic","COMPUTE_GRAPH","ggml_cgraph","GRAPH","",-1,3,-1,0,0,0,0,0,0.105156,1,"delegate_cpu_graph"
"OpenCL","COMPUTE","cache_k_l11 (view)","SET_ROWS","f16",-1,0,-1,2048,512,1,1,2097152,0.112812,1,"clFinish_profiled"
"OpenCL","COMPUTE","cache_v_l11 (view)","SET_ROWS","f16",-1,2,-1,2048,512,1,1,2097152,0.124584,1,"clFinish_profiled"
"OpenCL","COMPUTE","__fattn__-11","FLASH_ATTN_EXT","f32",-1,9,-1,128,16,1,1,8192,0.328907,1,"clFinish_profiled"
"CPU_Elastic","COMPUTE_GRAPH","ggml_cgraph","GRAPH","",-1,2,-1,0,0,0,0,0,0.084115,1,"delegate_cpu_graph"
"OpenCL","COMPUTE","ffn_moe_logits-11","MUL_MAT","f32",-1,2,-1,64,1,1,1,256,0.128750,1,"clFinish_profiled"
"OpenCL","COMPUTE","ffn_moe_probs-11","SOFT_MAX","f32",-1,3,-1,64,1,1,1,256,0.117969,1,"clFinish_profiled"
"OpenCL","COMPUTE","ffn_moe_argsort-11","ARGSORT","i32",-1,5,-1,64,1,1,1,256,0.120052,1,"clFinish_profiled"
"OpenCL","COMPUTE","ffn_moe_weights-11","GET_ROWS","f32",-1,7,-1,1,8,1,1,32,0.109844,1,"clFinish_profiled"
"CPU_Elastic","COMPUTE_GRAPH","ggml_cgraph","GRAPH","",-1,21,-1,0,0,0,0,0,1.012708,1,"delegate_cpu_graph"
"CPU_Elastic","COMPUTE_GRAPH","ggml_cgraph","GRAPH","",-1,1,-1,0,0,0,0,0,0.083750,1,"delegate_cpu_graph"
"OpenCL","COMPUTE","Qcur-12","ROPE","f32",-1,3,-1,128,16,1,1,8192,0.124531,1,"clFinish_profiled"
"CPU_Elastic","COMPUTE_GRAPH","ggml_cgraph","GRAPH","",-1,1,-1,0,0,0,0,0,0.083229,1,"delegate_cpu_graph"
"OpenCL","COMPUTE","Kcur-12","ROPE","f32",-1,3,-1,128,16,1,1,8192,0.130625,1,"clFinish_profiled"
"CPU_Elastic","COMPUTE_GRAPH","ggml_cgraph","GRAPH","",-1,3,-1,0,0,0,0,0,0.084740,1,"delegate_cpu_graph"
"OpenCL","COMPUTE","cache_k_l12 (view)","SET_ROWS","f16",-1,0,-1,2048,512,1,1,2097152,0.127604,1,"clFinish_profiled"
"OpenCL","COMPUTE","cache_v_l12 (view)","SET_ROWS","f16",-1,2,-1,2048,512,1,1,2097152,0.112709,1,"clFinish_profiled"
"OpenCL","COMPUTE","__fattn__-12","FLASH_ATTN_EXT","f32",-1,9,-1,128,16,1,1,8192,0.329792,1,"clFinish_profiled"
"CPU_Elastic","COMPUTE_GRAPH","ggml_cgraph","GRAPH","",-1,2,-1,0,0,0,0,0,0.083386,1,"delegate_cpu_graph"
"OpenCL","COMPUTE","ffn_moe_logits-12","MUL_MAT","f32",-1,2,-1,64,1,1,1,256,0.128333,1,"clFinish_profiled"
"OpenCL","COMPUTE","ffn_moe_probs-12","SOFT_MAX","f32",-1,3,-1,64,1,1,1,256,0.118386,1,"clFinish_profiled"
"OpenCL","COMPUTE","ffn_moe_argsort-12","ARGSORT","i32",-1,5,-1,64,1,1,1,256,0.119375,1,"clFinish_profiled"
"OpenCL","COMPUTE","ffn_moe_weights-12","GET_ROWS","f32",-1,7,-1,1,8,1,1,32,0.113386,1,"clFinish_profiled"
"CPU_Elastic","COMPUTE_GRAPH","ggml_cgraph","GRAPH","",-1,21,-1,0,0,0,0,0,1.011458,1,"delegate_cpu_graph"
"CPU_Elastic","COMPUTE_GRAPH","ggml_cgraph","GRAPH","",-1,1,-1,0,0,0,0,0,0.083333,1,"delegate_cpu_graph"
"OpenCL","COMPUTE","Qcur-13","ROPE","f32",-1,3,-1,128,16,1,1,8192,0.127239,1,"clFinish_profiled"
"CPU_Elastic","COMPUTE_GRAPH","ggml_cgraph","GRAPH","",-1,1,-1,0,0,0,0,0,0.083906,1,"delegate_cpu_graph"
"OpenCL","COMPUTE","Kcur-13","ROPE","f32",-1,3,-1,128,16,1,1,8192,0.119739,1,"clFinish_profiled"
"OpenCL","COMPUTE","Vcur-13","MUL_MAT","f32",-1,4,-1,2048,1,1,1,8192,0.281459,1,"clFinish_profiled"
"OpenCL","COMPUTE","cache_k_l13 (view)","SET_ROWS","f16",-1,7,-1,2048,512,1,1,2097152,0.113750,1,"clFinish_profiled"
"OpenCL","COMPUTE","cache_v_l13 (view)","SET_ROWS","f16",-1,9,-1,2048,512,1,1,2097152,0.111302,1,"clFinish_profiled"
"OpenCL","COMPUTE","__fattn__-13","FLASH_ATTN_EXT","f32",-1,16,-1,128,16,1,1,8192,0.328073,1,"clFinish_profiled"
"CPU_Elastic","COMPUTE_GRAPH","ggml_cgraph","GRAPH","",-1,2,-1,0,0,0,0,0,0.084479,1,"delegate_cpu_graph"
"OpenCL","COMPUTE","ffn_moe_logits-13","MUL_MAT","f32",-1,2,-1,64,1,1,1,256,0.131458,1,"clFinish_profiled"
"OpenCL","COMPUTE","ffn_moe_probs-13","SOFT_MAX","f32",-1,3,-1,64,1,1,1,256,0.114271,1,"clFinish_profiled"
"OpenCL","COMPUTE","ffn_moe_argsort-13","ARGSORT","i32",-1,5,-1,64,1,1,1,256,0.135625,1,"clFinish_profiled"
"OpenCL","COMPUTE","ffn_moe_weights-13","GET_ROWS","f32",-1,7,-1,1,8,1,1,32,0.109843,1,"clFinish_profiled"
"CPU_Elastic","COMPUTE_GRAPH","ggml_cgraph","GRAPH","",-1,21,-1,0,0,0,0,0,1.162605,1,"delegate_cpu_graph"
"CPU_Elastic","COMPUTE_GRAPH","ggml_cgraph","GRAPH","",-1,1,-1,0,0,0,0,0,0.081562,1,"delegate_cpu_graph"
"OpenCL","COMPUTE","Qcur-14","ROPE","f32",-1,3,-1,128,16,1,1,8192,0.134531,1,"clFinish_profiled"
"CPU_Elastic","COMPUTE_GRAPH","ggml_cgraph","GRAPH","",-1,1,-1,0,0,0,0,0,0.084531,1,"delegate_cpu_graph"
"OpenCL","COMPUTE","Kcur-14","ROPE","f32",-1,3,-1,128,16,1,1,8192,0.118333,1,"clFinish_profiled"
"OpenCL","COMPUTE","Vcur-14","MUL_MAT","f32",-1,4,-1,2048,1,1,1,8192,0.265156,1,"clFinish_profiled"
"OpenCL","COMPUTE","cache_k_l14 (view)","SET_ROWS","f16",-1,7,-1,2048,512,1,1,2097152,0.126771,1,"clFinish_profiled"
"OpenCL","COMPUTE","cache_v_l14 (view)","SET_ROWS","f16",-1,9,-1,2048,512,1,1,2097152,0.122969,1,"clFinish_profiled"
"OpenCL","COMPUTE","__fattn__-14","FLASH_ATTN_EXT","f32",-1,16,-1,128,16,1,1,8192,0.323073,1,"clFinish_profiled"
"CPU_Elastic","COMPUTE_GRAPH","ggml_cgraph","GRAPH","",-1,2,-1,0,0,0,0,0,0.085729,1,"delegate_cpu_graph"
"OpenCL","COMPUTE","ffn_moe_logits-14","MUL_MAT","f32",-1,2,-1,64,1,1,1,256,0.130782,1,"clFinish_profiled"
"OpenCL","COMPUTE","ffn_moe_probs-14","SOFT_MAX","f32",-1,3,-1,64,1,1,1,256,0.118594,1,"clFinish_profiled"
"OpenCL","COMPUTE","ffn_moe_argsort-14","ARGSORT","i32",-1,5,-1,64,1,1,1,256,0.121094,1,"clFinish_profiled"
"OpenCL","COMPUTE","ffn_moe_weights-14","GET_ROWS","f32",-1,7,-1,1,8,1,1,32,0.113021,1,"clFinish_profiled"
"CPU_Elastic","COMPUTE_GRAPH","ggml_cgraph","GRAPH","",-1,21,-1,0,0,0,0,0,1.171406,1,"delegate_cpu_graph"
"CPU_Elastic","COMPUTE_GRAPH","ggml_cgraph","GRAPH","",-1,1,-1,0,0,0,0,0,0.081927,1,"delegate_cpu_graph"
"OpenCL","COMPUTE","Qcur-15","ROPE","f32",-1,3,-1,128,16,1,1,8192,0.123906,1,"clFinish_profiled"
"CPU_Elastic","COMPUTE_GRAPH","ggml_cgraph","GRAPH","",-1,1,-1,0,0,0,0,0,0.084219,1,"delegate_cpu_graph"
"OpenCL","COMPUTE","Kcur-15","ROPE","f32",-1,3,-1,128,16,1,1,8192,0.123177,1,"clFinish_profiled"
"OpenCL","COMPUTE","Vcur-15","MUL_MAT","f32",-1,4,-1,2048,1,1,1,8192,0.264271,1,"clFinish_profiled"
"OpenCL","COMPUTE","cache_k_l15 (view)","SET_ROWS","f16",-1,7,-1,2048,512,1,1,2097152,0.116354,1,"clFinish_profiled"
"OpenCL","COMPUTE","cache_v_l15 (view)","SET_ROWS","f16",-1,9,-1,2048,512,1,1,2097152,0.115834,1,"clFinish_profiled"
"OpenCL","COMPUTE","__fattn__-15","FLASH_ATTN_EXT","f32",-1,16,-1,128,16,1,1,8192,0.326980,1,"clFinish_profiled"
"CPU_Elastic","COMPUTE_GRAPH","ggml_cgraph","GRAPH","",-1,4,-1,0,0,0,0,0,0.087240,1,"delegate_cpu_graph"
"OpenCL","COMPUTE","ffn_moe_logits-15","MUL_MAT","f32",-1,2,-1,64,1,1,1,256,0.126354,1,"clFinish_profiled"
"OpenCL","COMPUTE","ffn_moe_probs-15","SOFT_MAX","f32",-1,3,-1,64,1,1,1,256,0.117968,1,"clFinish_profiled"
"OpenCL","COMPUTE","ffn_moe_argsort-15","ARGSORT","i32",-1,5,-1,64,1,1,1,256,0.123489,1,"clFinish_profiled"
"OpenCL","COMPUTE","ffn_moe_weights-15","GET_ROWS","f32",-1,7,-1,1,8,1,1,32,0.113750,1,"clFinish_profiled"
"CPU_Elastic","COMPUTE_GRAPH","ggml_cgraph","GRAPH","",-1,22,-1,0,0,0,0,0,1.145312,1,"delegate_cpu_graph"
"OpenCL","COMPUTE","result_norm","MUL","f32",-1,0,-1,2048,1,1,1,8192,0.349427,1,"clFinish_profiled"
"OpenCL","COMPUTE","result_output","MUL_MAT","f32",-1,1,-1,50304,1,1,1,201216,3.831094,1,"clFinish_profiled"
